반복번호,window_size,1등,2등,3등,4등,5등,2개맞음,1개맞음,0개맞음,총시행수,1등확률,2등확률,3등확률,4등확률,5등확률,2개맞은 확률,1개맞은 확률,0개 맞은 확률
1,1,0,0,0,7,129,855,2502,2342,5835,0.0,0.0,0.0,0.001199657240788,0.022107969151671,0.146529562982005,0.42879177377892,0.401371036846615
1,2,0,0,0,8,137,896,2454,2335,5830,0.0,0.0,0.0,0.001372212692967,0.023499142367067,0.15368782161235,0.420926243567753,0.400514579759863
1,3,0,0,0,7,132,877,2422,2387,5825,0.0,0.0,0.0,0.001201716738197,0.022660944206009,0.150557939914163,0.415793991416309,0.409785407725322
1,4,0,0,0,10,123,868,2427,2392,5820,0.0,0.0,0.0,0.001718213058419,0.021134020618557,0.14914089347079,0.417010309278351,0.410996563573883
1,5,0,0,0,10,111,892,2477,2325,5815,0.0,0.0,0.0,0.001719690455718,0.019088564058469,0.153396388650043,0.425967325881341,0.399828030954428
1,6,0,0,0,7,131,905,2431,2336,5810,0.0,0.0,0.0,0.001204819277108,0.022547332185886,0.155765920826162,0.4184165232358,0.402065404475043
1,7,0,0,0,5,99,880,2487,2334,5805,0.0,0.0,0.0,0.000861326442722,0.017054263565891,0.151593453919035,0.428423772609819,0.402067183462532
1,8,0,0,0,9,137,895,2413,2346,5800,0.0,0.0,0.0,0.001551724137931,0.023620689655172,0.154310344827586,0.416034482758621,0.40448275862069
1,9,0,0,0,2,123,851,2444,2375,5795,0.0,0.0,0.0,0.000345125107852,0.021225194132873,0.146850733390854,0.421742881794651,0.409836065573771
1,10,0,0,0,9,108,868,2472,2333,5790,0.0,0.0,0.0,0.001554404145078,0.018652849740933,0.149913644214162,0.426943005181347,0.40293609671848
1,11,0,0,0,6,138,880,2417,2344,5785,0.0,0.0,0.0,0.001037165082109,0.023854796888505,0.152117545375972,0.417804667242869,0.405185825410544
1,12,0,0,0,7,121,874,2418,2360,5780,0.0,0.0,0.0,0.00121107266436,0.020934256055363,0.15121107266436,0.418339100346021,0.408304498269896
1,13,0,0,1,7,129,890,2455,2293,5775,0.0,0.0,0.00017316017316,0.001212121212121,0.022337662337662,0.154112554112554,0.425108225108225,0.397056277056277
1,14,0,0,1,7,131,828,2466,2337,5770,0.0,0.0,0.000173310225303,0.001213171577123,0.022703639514731,0.143500866551127,0.42738301559792,0.405025996533796
1,15,0,0,0,10,123,877,2411,2344,5765,0.0,0.0,0.0,0.001734605377277,0.021335646140503,0.152124891587164,0.418213356461405,0.406591500433651
1,16,0,0,0,4,136,841,2411,2368,5760,0.0,0.0,0.0,0.000694444444444,0.023611111111111,0.146006944444444,0.418576388888889,0.411111111111111
1,17,0,0,0,5,112,847,2495,2296,5755,0.0,0.0,0.0,0.000868809730669,0.019461337966985,0.147176368375326,0.433536055603823,0.398957428323197
1,18,0,0,0,6,139,864,2425,2316,5750,0.0,0.0,0.0,0.00104347826087,0.024173913043478,0.150260869565217,0.421739130434783,0.402782608695652
1,19,0,0,0,3,114,882,2425,2321,5745,0.0,0.0,0.0,0.000522193211488,0.019843342036554,0.153524804177546,0.422106179286336,0.404003481288077
1,20,0,0,0,11,137,832,2423,2337,5740,0.0,0.0,0.0,0.00191637630662,0.023867595818815,0.144947735191638,0.42212543554007,0.407142857142857
1,21,0,0,0,6,128,864,2421,2316,5735,0.0,0.0,0.0,0.00104620749782,0.022319093286835,0.150653879686138,0.422144725370532,0.403836094158675
1,22,0,0,0,11,140,813,2450,2316,5730,0.0,0.0,0.0,0.001919720767888,0.024432809773124,0.141884816753927,0.427574171029668,0.404188481675393
1,23,0,0,1,9,115,811,2519,2270,5725,0.0,0.0,0.000174672489083,0.001572052401747,0.020087336244541,0.141659388646288,0.44,0.396506550218341
1,24,0,0,0,4,111,853,2444,2308,5720,0.0,0.0,0.0,0.000699300699301,0.019405594405594,0.149125874125874,0.427272727272727,0.403496503496504
1,25,0,0,1,5,131,880,2380,2318,5715,0.0,0.0,0.000174978127734,0.00087489063867,0.022922134733158,0.153980752405949,0.416447944006999,0.405599300087489
1,26,0,0,0,4,128,833,2441,2304,5710,0.0,0.0,0.0,0.000700525394046,0.022416812609457,0.145884413309982,0.427495621716287,0.403502626970228
1,27,0,0,0,8,123,828,2462,2284,5705,0.0,0.0,0.0,0.001402278702892,0.021560035056968,0.145135845749343,0.431551270815074,0.400350569675723
1,28,0,0,0,7,119,877,2400,2297,5700,0.0,0.0,0.0,0.001228070175439,0.020877192982456,0.153859649122807,0.421052631578947,0.402982456140351
1,29,0,0,0,7,119,880,2384,2305,5695,0.0,0.0,0.0,0.001229148375768,0.02089552238806,0.154521510096576,0.418612818261633,0.404741000877963
1,30,0,1,0,9,124,899,2368,2289,5690,0.0,0.000175746924429,0.0,0.001581722319859,0.021792618629174,0.157996485061511,0.416168717047452,0.402284710017575
1,31,0,0,0,10,114,874,2411,2276,5685,0.0,0.0,0.0,0.001759014951627,0.020052770448549,0.153737906772208,0.424098504837291,0.400351802990325
1,32,0,0,0,7,118,870,2409,2276,5680,0.0,0.0,0.0,0.001232394366197,0.020774647887324,0.153169014084507,0.424119718309859,0.400704225352113
1,33,0,0,0,15,137,825,2366,2332,5675,0.0,0.0,0.0,0.002643171806167,0.024140969162996,0.145374449339207,0.416916299559471,0.410925110132159
1,34,0,0,1,7,129,841,2376,2316,5670,0.0,0.0,0.000176366843034,0.001234567901235,0.022751322751323,0.148324514991182,0.419047619047619,0.408465608465608
1,35,0,0,0,15,118,867,2430,2235,5665,0.0,0.0,0.0,0.002647837599294,0.020829655781112,0.153045013239188,0.428949691085613,0.394527802294793
1,36,0,0,0,4,110,798,2447,2301,5660,0.0,0.0,0.0,0.000706713780919,0.019434628975265,0.140989399293286,0.432332155477032,0.406537102473498
1,37,0,0,0,4,139,832,2414,2266,5655,0.0,0.0,0.0,0.000707338638373,0.024580017683466,0.147126436781609,0.426878868258179,0.400707338638373
1,38,0,0,0,7,143,900,2305,2295,5650,0.0,0.0,0.0,0.001238938053097,0.025309734513274,0.15929203539823,0.407964601769912,0.406194690265487
1,39,0,0,0,7,113,828,2428,2269,5645,0.0,0.0,0.0,0.001240035429584,0.020017714791851,0.146678476527901,0.430115146147033,0.401948627103632
1,40,0,0,1,5,107,893,2296,2338,5640,0.0,0.0,0.000177304964539,0.000886524822695,0.018971631205674,0.158333333333333,0.40709219858156,0.414539007092199
1,41,0,0,1,6,109,855,2381,2283,5635,0.0,0.0,0.000177462289264,0.001064773735581,0.019343389529725,0.151730257320319,0.422537710736469,0.405146406388642
1,42,0,0,1,9,119,844,2360,2297,5630,0.0,0.0,0.000177619893428,0.001598579040853,0.02113676731794,0.149911190053286,0.419182948490231,0.407992895204263
1,43,0,0,1,4,134,810,2388,2288,5625,0.0,0.0,0.000177777777778,0.000711111111111,0.023822222222222,0.144,0.424533333333333,0.406755555555556
1,44,0,0,0,9,126,840,2365,2280,5620,0.0,0.0,0.0,0.001601423487544,0.022419928825623,0.149466192170818,0.420818505338078,0.405693950177936
1,45,0,0,0,4,131,854,2379,2247,5615,0.0,0.0,0.0,0.000712377560107,0.0233303650935,0.152092609082814,0.423686553873553,0.400178094390027
1,46,0,0,0,2,137,831,2426,2214,5610,0.0,0.0,0.0,0.000356506238859,0.024420677361854,0.148128342245989,0.432442067736185,0.394652406417112
1,47,0,0,0,7,116,869,2349,2264,5605,0.0,0.0,0.0,0.001248884924175,0.020695807314897,0.155040142729706,0.419090098126673,0.403925066904549
1,48,0,0,1,8,122,858,2344,2267,5600,0.0,0.0,0.000178571428571,0.001428571428571,0.021785714285714,0.153214285714286,0.418571428571429,0.404821428571429
1,49,0,0,1,11,117,837,2326,2303,5595,0.0,0.0,0.00017873100983,0.001966041108132,0.020911528150134,0.149597855227882,0.415728328865058,0.411617515638963
1,50,0,0,0,5,126,822,2373,2264,5590,0.0,0.0,0.0,0.000894454382826,0.022540250447227,0.147048300536673,0.424508050089445,0.405008944543828
1,51,0,0,0,7,113,900,2372,2193,5585,0.0,0.0,0.0,0.001253357206804,0.020232766338406,0.161145926589078,0.424709042076992,0.39265890778872
1,52,0,0,0,8,125,810,2337,2300,5580,0.0,0.0,0.0,0.001433691756272,0.022401433691756,0.145161290322581,0.418817204301075,0.412186379928315
1,53,0,0,0,7,124,817,2354,2273,5575,0.0,0.0,0.0,0.001255605381166,0.022242152466368,0.146547085201794,0.422242152466368,0.407713004484305
1,54,0,0,0,9,109,816,2384,2252,5570,0.0,0.0,0.0,0.001615798922801,0.019569120287253,0.146499102333932,0.428007181328546,0.404308797127469
1,55,0,0,0,9,121,864,2355,2216,5565,0.0,0.0,0.0,0.001617250673854,0.021743036837376,0.155256064690027,0.423180592991914,0.398203054806828
1,56,0,0,1,7,121,856,2321,2254,5560,0.0,0.0,0.000179856115108,0.001258992805755,0.021762589928058,0.153956834532374,0.417446043165468,0.405395683453237
1,57,0,0,0,11,112,854,2354,2224,5555,0.0,0.0,0.0,0.001980198019802,0.02016201620162,0.153735373537354,0.423762376237624,0.4003600360036
1,58,0,0,0,8,132,820,2346,2244,5550,0.0,0.0,0.0,0.001441441441441,0.023783783783784,0.147747747747748,0.422702702702703,0.404324324324324
1,59,0,0,0,10,127,808,2353,2247,5545,0.0,0.0,0.0,0.00180342651037,0.022903516681695,0.145716862037872,0.424346257889991,0.405229936880072
1,60,0,0,0,11,118,800,2368,2243,5540,0.0,0.0,0.0,0.001985559566787,0.02129963898917,0.144404332129964,0.427436823104693,0.404873646209386
1,61,0,0,0,7,120,812,2318,2278,5535,0.0,0.0,0.0,0.00126467931346,0.021680216802168,0.146702800361337,0.418789521228546,0.41156278229449
1,62,0,0,0,6,124,797,2394,2209,5530,0.0,0.0,0.0,0.001084990958409,0.022423146473779,0.144122965641953,0.432911392405063,0.399457504520796
1,63,0,0,0,7,135,859,2309,2215,5525,0.0,0.0,0.0,0.001266968325792,0.024434389140271,0.155475113122172,0.417918552036199,0.400904977375566
1,64,0,0,1,5,139,813,2356,2206,5520,0.0,0.0,0.00018115942029,0.000905797101449,0.02518115942029,0.147282608695652,0.426811594202899,0.39963768115942
1,65,0,0,0,9,106,803,2341,2256,5515,0.0,0.0,0.0,0.001631912964642,0.019220308250227,0.145602901178604,0.424478694469628,0.409066183136899
1,66,0,0,0,15,153,792,2314,2236,5510,0.0,0.0,0.0,0.002722323049002,0.027767695099819,0.143738656987296,0.419963702359347,0.405807622504537
1,67,0,0,1,6,125,828,2283,2262,5505,0.0,0.0,0.000181653042688,0.001089918256131,0.022706630336058,0.150408719346049,0.414713896457766,0.410899182561308
1,68,0,0,0,8,121,802,2301,2268,5500,0.0,0.0,0.0,0.001454545454545,0.022,0.145818181818182,0.418363636363636,0.412363636363636
1,69,0,0,0,4,131,788,2331,2241,5495,0.0,0.0,0.0,0.000727934485896,0.023839854413103,0.143403093721565,0.424203821656051,0.407825295723385
1,70,0,0,0,6,129,794,2282,2279,5490,0.0,0.0,0.0,0.001092896174863,0.023497267759563,0.144626593806922,0.415664845173042,0.41511839708561
1,71,0,0,0,6,121,818,2331,2209,5485,0.0,0.0,0.0,0.001093892433911,0.022060164083865,0.149134001823154,0.424977210574294,0.402734731084777
1,72,0,0,0,7,143,789,2296,2245,5480,0.0,0.0,0.0,0.001277372262774,0.026094890510949,0.143978102189781,0.418978102189781,0.409671532846715
1,73,0,0,0,6,109,771,2290,2299,5475,0.0,0.0,0.0,0.001095890410959,0.019908675799087,0.140821917808219,0.418264840182648,0.419908675799087
1,74,0,0,0,5,139,777,2322,2227,5470,0.0,0.0,0.0,0.00091407678245,0.025411334552102,0.142047531992687,0.424497257769653,0.407129798903108
1,75,0,0,1,6,112,825,2333,2188,5465,0.0,0.0,0.000182982616651,0.001097895699909,0.020494053064959,0.15096065873742,0.426898444647758,0.400365965233303
1,76,0,0,0,11,121,771,2381,2176,5460,0.0,0.0,0.0,0.002014652014652,0.022161172161172,0.141208791208791,0.436080586080586,0.398534798534799
1,77,0,0,0,9,137,841,2333,2135,5455,0.0,0.0,0.0,0.001649862511457,0.025114573785518,0.154170485792851,0.427681026581118,0.391384051329056
1,78,0,0,0,8,104,851,2270,2217,5450,0.0,0.0,0.0,0.001467889908257,0.019082568807339,0.156146788990826,0.41651376146789,0.406788990825688
1,79,0,0,0,14,125,804,2300,2202,5445,0.0,0.0,0.0,0.00257116620753,0.022956841138659,0.147658402203857,0.422405876951331,0.404407713498623
1,80,0,0,0,7,115,817,2319,2182,5440,0.0,0.0,0.0,0.001286764705882,0.021139705882353,0.150183823529412,0.426286764705882,0.401102941176471
1,81,0,0,0,5,126,794,2340,2170,5435,0.0,0.0,0.0,0.000919963201472,0.023183072677093,0.146090156393744,0.430542778288868,0.399264029438822
1,82,0,0,0,4,130,829,2306,2161,5430,0.0,0.0,0.0,0.00073664825046,0.023941068139963,0.152670349907919,0.424677716390424,0.397974217311234
1,83,0,0,0,8,119,787,2321,2190,5425,0.0,0.0,0.0,0.00147465437788,0.021935483870968,0.145069124423963,0.427834101382488,0.4036866359447
1,84,0,0,0,9,120,818,2335,2138,5420,0.0,0.0,0.0,0.001660516605166,0.022140221402214,0.150922509225092,0.430811808118081,0.394464944649446
1,85,0,0,0,8,131,755,2310,2211,5415,0.0,0.0,0.0,0.001477377654663,0.024192059095106,0.139427516158818,0.426592797783933,0.408310249307479
1,86,0,0,0,6,112,833,2309,2150,5410,0.0,0.0,0.0,0.001109057301294,0.020702402957486,0.153974121996303,0.426802218114603,0.397412199630314
1,87,0,0,0,7,122,780,2246,2250,5405,0.0,0.0,0.0,0.001295097132285,0.022571692876966,0.144310823311748,0.415541165587419,0.416281221091582
1,88,0,0,0,8,113,815,2324,2140,5400,0.0,0.0,0.0,0.001481481481481,0.020925925925926,0.150925925925926,0.43037037037037,0.396296296296296
1,89,0,0,1,10,109,814,2304,2157,5395,0.0,0.0,0.000185356811863,0.001853568118628,0.020203892493049,0.150880444856348,0.427062094531974,0.399814643188137
1,90,0,0,0,14,122,765,2310,2179,5390,0.0,0.0,0.0,0.002597402597403,0.022634508348794,0.141929499072356,0.428571428571429,0.404267161410019
1,91,0,0,0,6,124,843,2276,2136,5385,0.0,0.0,0.0,0.001114206128134,0.023026926648097,0.156545961002786,0.422655524605385,0.396657381615599
1,92,0,0,0,5,110,812,2207,2246,5380,0.0,0.0,0.0,0.00092936802974,0.020446096654275,0.15092936802974,0.410223048327138,0.417472118959108
1,93,0,0,1,9,151,837,2245,2132,5375,0.0,0.0,0.000186046511628,0.001674418604651,0.028093023255814,0.155720930232558,0.417674418604651,0.396651162790698
1,94,0,0,0,5,118,810,2279,2158,5370,0.0,0.0,0.0,0.000931098696462,0.021973929236499,0.150837988826816,0.4243947858473,0.401862197392924
1,95,0,0,0,6,110,826,2299,2124,5365,0.0,0.0,0.0,0.001118359739049,0.020503261882572,0.153960857409133,0.42851817334576,0.395899347623486
1,96,0,0,0,8,114,811,2263,2164,5360,0.0,0.0,0.0,0.001492537313433,0.021268656716418,0.151305970149254,0.422201492537313,0.403731343283582
1,97,0,0,0,8,117,841,2265,2124,5355,0.0,0.0,0.0,0.001493930905696,0.021848739495798,0.157049486461251,0.42296918767507,0.396638655462185
1,98,0,0,0,2,119,783,2250,2196,5350,0.0,0.0,0.0,0.000373831775701,0.022242990654206,0.146355140186916,0.420560747663551,0.410467289719626
1,99,0,0,1,9,128,776,2355,2076,5345,0.0,0.0,0.000187090739008,0.001683816651076,0.023947614593078,0.145182413470533,0.440598690364827,0.388400374181478
1,100,0,0,0,2,114,748,2272,2204,5340,0.0,0.0,0.0,0.000374531835206,0.021348314606742,0.140074906367041,0.425468164794008,0.412734082397004
1,101,0,0,0,7,115,807,2247,2159,5335,0.0,0.0,0.0,0.001312089971884,0.021555763823805,0.151265229615745,0.421180880974695,0.404686035613871
1,102,0,0,0,4,115,805,2245,2161,5330,0.0,0.0,0.0,0.000750469043152,0.021575984990619,0.151031894934334,0.421200750469043,0.405440900562852
1,103,0,0,1,6,113,789,2264,2152,5325,0.0,0.0,0.00018779342723,0.00112676056338,0.021220657276995,0.148169014084507,0.425164319248826,0.404131455399061
1,104,0,0,0,5,119,757,2304,2135,5320,0.0,0.0,0.0,0.00093984962406,0.022368421052632,0.142293233082707,0.433082706766917,0.401315789473684
1,105,0,0,0,10,97,797,2270,2141,5315,0.0,0.0,0.0,0.001881467544685,0.018250235183443,0.149952963311383,0.427093132643462,0.402822201317027
1,106,0,0,1,4,112,779,2254,2160,5310,0.0,0.0,0.000188323917137,0.00075329566855,0.021092278719397,0.146704331450094,0.424482109227872,0.406779661016949
1,107,0,0,0,11,124,818,2228,2124,5305,0.0,0.0,0.0,0.002073515551367,0.023374175306315,0.154194156456173,0.419981149858624,0.400377002827521
1,108,0,0,0,8,109,778,2291,2114,5300,0.0,0.0,0.0,0.001509433962264,0.020566037735849,0.146792452830189,0.432264150943396,0.398867924528302
1,109,0,0,0,7,113,798,2230,2147,5295,0.0,0.0,0.0,0.001322001888574,0.021340887629839,0.15070821529745,0.421152030217186,0.40547686496695
1,110,0,0,0,10,126,786,2281,2087,5290,0.0,0.0,0.0,0.001890359168242,0.023818525519849,0.148582230623819,0.431190926275992,0.394517958412098
1,111,0,0,0,7,119,815,2216,2128,5285,0.0,0.0,0.0,0.001324503311258,0.022516556291391,0.154210028382214,0.419299905392621,0.402649006622517
1,112,0,0,1,6,119,779,2308,2067,5280,0.0,0.0,0.000189393939394,0.001136363636364,0.022537878787879,0.147537878787879,0.437121212121212,0.391477272727273
1,113,0,0,0,4,111,751,2276,2133,5275,0.0,0.0,0.0,0.000758293838863,0.021042654028436,0.142369668246446,0.431469194312796,0.40436018957346
1,114,0,0,0,3,123,752,2264,2128,5270,0.0,0.0,0.0,0.000569259962049,0.023339658444023,0.1426944971537,0.429601518026565,0.403795066413662
1,115,0,0,0,7,105,789,2215,2149,5265,0.0,0.0,0.0,0.001329534662868,0.01994301994302,0.14985754985755,0.420702754036087,0.408167141500475
1,116,0,0,0,7,117,788,2195,2153,5260,0.0,0.0,0.0,0.001330798479087,0.022243346007605,0.149809885931559,0.417300380228137,0.409315589353612
1,117,0,0,0,2,115,821,2168,2149,5255,0.0,0.0,0.0,0.000380589914367,0.021883920076118,0.156232159847764,0.41255946717412,0.408943862987631
1,118,0,0,0,4,97,738,2276,2135,5250,0.0,0.0,0.0,0.000761904761905,0.01847619047619,0.140571428571429,0.43352380952381,0.406666666666667
1,119,0,0,0,8,111,751,2264,2111,5245,0.0,0.0,0.0,0.001525262154433,0.021163012392755,0.143183984747378,0.43164918970448,0.402478551000953
1,120,0,0,0,5,117,751,2217,2150,5240,0.0,0.0,0.0,0.000954198473282,0.022328244274809,0.143320610687023,0.423091603053435,0.41030534351145
1,121,0,0,0,6,115,804,2292,2018,5235,0.0,0.0,0.0,0.001146131805158,0.021967526265521,0.153581661891117,0.437822349570201,0.385482330468004
1,122,0,0,0,10,109,782,2205,2124,5230,0.0,0.0,0.0,0.001912045889101,0.020841300191205,0.149521988527725,0.421606118546845,0.406118546845124
1,123,0,0,0,10,123,765,2206,2121,5225,0.0,0.0,0.0,0.001913875598086,0.023540669856459,0.146411483253589,0.422200956937799,0.405933014354067
1,124,0,0,0,6,119,797,2196,2102,5220,0.0,0.0,0.0,0.001149425287356,0.0227969348659,0.152681992337165,0.420689655172414,0.402681992337165
1,125,0,0,0,10,121,800,2194,2090,5215,0.0,0.0,0.0,0.001917545541707,0.02320230105465,0.153403643336529,0.420709491850431,0.400767018216683
1,126,0,0,0,5,116,816,2174,2099,5210,0.0,0.0,0.0,0.000959692898273,0.022264875239923,0.156621880998081,0.417274472168906,0.402879078694818
1,127,0,0,0,12,115,777,2294,2007,5205,0.0,0.0,0.0,0.002305475504323,0.02209414024976,0.149279538904899,0.440730067243036,0.385590778097983
1,128,0,0,1,9,118,762,2278,2032,5200,0.0,0.0,0.000192307692308,0.001730769230769,0.022692307692308,0.146538461538462,0.438076923076923,0.390769230769231
1,129,0,0,1,8,120,794,2236,2036,5195,0.0,0.0,0.000192492781521,0.001539942252166,0.023099133782483,0.15283926852743,0.43041385948027,0.391915303176131
1,130,0,0,0,10,107,779,2185,2109,5190,0.0,0.0,0.0,0.001926782273603,0.020616570327553,0.15009633911368,0.421001926782274,0.40635838150289
1,131,0,0,0,8,122,759,2238,2058,5185,0.0,0.0,0.0,0.001542912246866,0.023529411764706,0.146383799421408,0.431629701060752,0.396914175506268
1,132,0,0,0,7,107,782,2210,2074,5180,0.0,0.0,0.0,0.001351351351351,0.020656370656371,0.150965250965251,0.426640926640927,0.4003861003861
1,133,0,0,0,2,118,785,2186,2084,5175,0.0,0.0,0.0,0.000386473429952,0.02280193236715,0.151690821256039,0.422415458937198,0.402705314009662
1,134,0,0,0,4,106,747,2165,2148,5170,0.0,0.0,0.0,0.000773694390716,0.020502901353965,0.144487427466151,0.418762088974855,0.415473887814313
1,135,0,0,1,4,108,774,2222,2056,5165,0.0,0.0,0.000193610842207,0.000774443368829,0.020909970958374,0.149854791868345,0.430203291384318,0.398063891577928
1,136,0,0,0,6,113,761,2285,1995,5160,0.0,0.0,0.0,0.001162790697674,0.021899224806202,0.147480620155039,0.442829457364341,0.386627906976744
1,137,0,0,0,5,104,813,2120,2113,5155,0.0,0.0,0.0,0.000969932104753,0.020174587778855,0.157710960232784,0.411251212415131,0.409893307468477
1,138,0,0,0,6,105,848,2152,2039,5150,0.0,0.0,0.0,0.001165048543689,0.020388349514563,0.164660194174757,0.417864077669903,0.395922330097087
1,139,0,0,0,6,105,747,2169,2118,5145,0.0,0.0,0.0,0.001166180758017,0.020408163265306,0.145189504373178,0.421574344023324,0.411661807580175
1,140,0,0,0,4,119,773,2180,2064,5140,0.0,0.0,0.0,0.000778210116732,0.023151750972763,0.150389105058366,0.424124513618677,0.401556420233463
1,141,0,0,0,7,101,796,2130,2101,5135,0.0,0.0,0.0,0.001363193768257,0.01966893865628,0.155014605647517,0.414800389483934,0.409152872444012
1,142,0,0,0,8,113,764,2149,2096,5130,0.0,0.0,0.0,0.001559454191033,0.022027290448343,0.148927875243665,0.418908382066277,0.408576998050682
1,143,0,0,0,4,113,773,2199,2036,5125,0.0,0.0,0.0,0.000780487804878,0.022048780487805,0.150829268292683,0.429073170731707,0.397268292682927
1,144,0,0,1,9,121,735,2179,2075,5120,0.0,0.0,0.0001953125,0.0017578125,0.0236328125,0.1435546875,0.4255859375,0.4052734375
1,145,0,0,0,5,112,736,2170,2092,5115,0.0,0.0,0.0,0.000977517106549,0.021896383186706,0.143890518084066,0.424242424242424,0.408993157380254
1,146,0,0,0,9,114,766,2152,2069,5110,0.0,0.0,0.0,0.001761252446184,0.022309197651663,0.149902152641879,0.421135029354207,0.404892367906067
1,147,0,0,0,8,108,729,2179,2081,5105,0.0,0.0,0.0,0.001567091087169,0.021155729676787,0.142801175318315,0.426836434867777,0.407639569049951
1,148,0,0,0,12,112,751,2159,2066,5100,0.0,0.0,0.0,0.002352941176471,0.021960784313725,0.147254901960784,0.423333333333333,0.405098039215686
1,149,0,0,0,7,115,759,2126,2088,5095,0.0,0.0,0.0,0.001373895976447,0.022571148184495,0.148969578017664,0.417271835132483,0.409813542688911
1,150,0,0,0,6,113,709,2183,2079,5090,0.0,0.0,0.0,0.001178781925344,0.022200392927308,0.139292730844794,0.428880157170923,0.408447937131631
1,151,0,0,0,5,125,772,2148,2035,5085,0.0,0.0,0.0,0.000983284169125,0.024582104228122,0.151819075712881,0.422418879056047,0.400196656833825
1,152,0,0,1,5,106,772,2189,2007,5080,0.0,0.0,0.000196850393701,0.000984251968504,0.020866141732283,0.151968503937008,0.430905511811024,0.39507874015748
1,153,0,0,0,4,133,706,2145,2087,5075,0.0,0.0,0.0,0.000788177339901,0.026206896551724,0.139113300492611,0.422660098522167,0.411231527093596
1,154,0,0,0,8,129,716,2142,2075,5070,0.0,0.0,0.0,0.001577909270217,0.025443786982249,0.141222879684418,0.422485207100592,0.409270216962525
1,155,0,0,0,8,100,759,2136,2062,5065,0.0,0.0,0.0,0.001579466929911,0.019743336623889,0.149851924975321,0.421717670286278,0.4071076011846
1,156,0,0,1,6,89,771,2129,2064,5060,0.0,0.0,0.000197628458498,0.001185770750988,0.017588932806324,0.152371541501976,0.420750988142293,0.407905138339921
1,157,0,0,0,6,117,752,2136,2044,5055,0.0,0.0,0.0,0.001186943620178,0.023145400593472,0.148763600395648,0.422551928783383,0.40435212660732
1,158,0,0,0,8,91,769,2150,2032,5050,0.0,0.0,0.0,0.001584158415842,0.018019801980198,0.152277227722772,0.425742574257426,0.402376237623762
1,159,0,0,1,6,111,778,2178,1971,5045,0.0,0.0,0.0001982160555,0.001189296333003,0.022001982160555,0.154212091179386,0.431714568880079,0.390683845391477
1,160,0,0,0,13,118,744,2132,2033,5040,0.0,0.0,0.0,0.002579365079365,0.023412698412698,0.147619047619048,0.423015873015873,0.403373015873016
1,161,0,0,0,9,104,735,2132,2055,5035,0.0,0.0,0.0,0.001787487586892,0.020655412115194,0.145978152929494,0.42343594836147,0.408142999006951
1,162,0,0,0,6,93,762,2141,2028,5030,0.0,0.0,0.0,0.001192842942346,0.018489065606362,0.151491053677932,0.425646123260437,0.403180914512922
1,163,0,1,1,10,113,767,2131,2002,5025,0.0,0.000199004975124,0.000199004975124,0.001990049751244,0.022487562189055,0.152636815920398,0.42407960199005,0.398407960199005
1,164,0,0,0,6,104,720,2143,2047,5020,0.0,0.0,0.0,0.001195219123506,0.020717131474104,0.143426294820717,0.426892430278884,0.407768924302789
1,165,0,0,1,9,120,770,2113,2002,5015,0.0,0.0,0.000199401794616,0.001794616151545,0.023928215353938,0.153539381854437,0.421335992023928,0.399202392821535
1,166,0,0,0,4,116,756,2115,2019,5010,0.0,0.0,0.0,0.000798403193613,0.02315369261477,0.150898203592814,0.422155688622754,0.402994011976048
1,167,0,0,0,4,109,754,2056,2082,5005,0.0,0.0,0.0,0.000799200799201,0.021778221778222,0.150649350649351,0.410789210789211,0.415984015984016
1,168,0,0,1,6,96,759,2063,2075,5000,0.0,0.0,0.0002,0.0012,0.0192,0.1518,0.4126,0.415
1,169,0,0,0,8,90,727,2130,2040,4995,0.0,0.0,0.0,0.001601601601602,0.018018018018018,0.145545545545546,0.426426426426426,0.408408408408408
1,170,0,0,0,12,105,781,2127,1965,4990,0.0,0.0,0.0,0.002404809619238,0.021042084168337,0.156513026052104,0.42625250501002,0.393787575150301
1,171,0,0,0,7,111,727,2201,1939,4985,0.0,0.0,0.0,0.001404212637914,0.022266800401204,0.145837512537613,0.441524573721163,0.388966900702106
1,172,0,0,0,5,128,739,2140,1968,4980,0.0,0.0,0.0,0.001004016064257,0.02570281124498,0.148393574297189,0.429718875502008,0.395180722891566
1,173,0,0,0,8,127,785,2057,1998,4975,0.0,0.0,0.0,0.001608040201005,0.025527638190955,0.157788944723618,0.413467336683417,0.401608040201005
1,174,0,0,0,4,114,802,2097,1953,4970,0.0,0.0,0.0,0.000804828973843,0.022937625754527,0.161368209255533,0.421931589537223,0.392957746478873
1,175,0,0,0,4,126,712,2148,1975,4965,0.0,0.0,0.0,0.000805639476334,0.025377643504532,0.143403826787513,0.432628398791541,0.397784491440081
1,176,0,0,1,6,112,766,2094,1981,4960,0.0,0.0,0.000201612903226,0.001209677419355,0.02258064516129,0.154435483870968,0.422177419354839,0.399395161290323
1,177,0,0,0,8,109,707,2131,2000,4955,0.0,0.0,0.0,0.001614530776993,0.021997981836529,0.142684157416751,0.430070635721493,0.403632694248234
1,178,0,0,0,7,110,766,2063,2004,4950,0.0,0.0,0.0,0.001414141414141,0.022222222222222,0.154747474747475,0.416767676767677,0.404848484848485
1,179,0,0,0,6,92,724,2109,2014,4945,0.0,0.0,0.0,0.001213346814965,0.018604651162791,0.146410515672396,0.426491405460061,0.407280080889788
1,180,0,0,0,0,125,738,2059,2018,4940,0.0,0.0,0.0,0.0,0.025303643724696,0.149392712550607,0.416801619433198,0.408502024291498
1,181,0,0,0,7,104,761,2047,2016,4935,0.0,0.0,0.0,0.001418439716312,0.021073961499493,0.154204660587639,0.414792299898683,0.408510638297872
1,182,0,0,0,4,115,740,2088,1983,4930,0.0,0.0,0.0,0.000811359026369,0.023326572008114,0.150101419878296,0.423529411764706,0.402231237322515
1,183,0,0,0,6,136,732,2046,2005,4925,0.0,0.0,0.0,0.001218274111675,0.02761421319797,0.148629441624365,0.415431472081218,0.407106598984772
1,184,0,0,0,5,93,713,2109,2000,4920,0.0,0.0,0.0,0.001016260162602,0.01890243902439,0.144918699186992,0.428658536585366,0.40650406504065
1,185,0,0,0,7,121,735,2044,2008,4915,0.0,0.0,0.0,0.001424211597152,0.024618514750763,0.149542217700916,0.41586978636826,0.408545269582909
1,186,0,0,0,6,96,786,2053,1969,4910,0.0,0.0,0.0,0.00122199592668,0.019551934826884,0.160081466395112,0.418126272912424,0.4010183299389
1,187,0,0,0,8,114,709,2126,1948,4905,0.0,0.0,0.0,0.001630988786952,0.023241590214067,0.144546381243629,0.433435270132518,0.397145769622834
1,188,0,0,0,11,109,711,2047,2022,4900,0.0,0.0,0.0,0.002244897959184,0.022244897959184,0.145102040816327,0.417755102040816,0.41265306122449
1,189,0,0,0,4,112,740,2097,1942,4895,0.0,0.0,0.0,0.000817160367722,0.022880490296221,0.151174668028601,0.428396322778345,0.396731358529111
1,190,0,0,0,7,101,778,2072,1932,4890,0.0,0.0,0.0,0.001431492842536,0.020654396728016,0.159100204498977,0.423721881390593,0.395092024539877
1,191,0,0,0,6,94,765,2079,1941,4885,0.0,0.0,0.0,0.001228249744115,0.019242579324463,0.156601842374616,0.425588536335722,0.397338792221085
1,192,0,0,0,5,108,686,2095,1986,4880,0.0,0.0,0.0,0.001024590163934,0.022131147540984,0.140573770491803,0.429303278688525,0.406967213114754
1,193,0,0,0,10,104,729,1999,2033,4875,0.0,0.0,0.0,0.002051282051282,0.021333333333333,0.149538461538462,0.410051282051282,0.417025641025641
1,194,0,0,0,6,109,727,2121,1907,4870,0.0,0.0,0.0,0.001232032854209,0.022381930184805,0.149281314168378,0.435523613963039,0.391581108829569
1,195,0,0,0,8,93,788,2006,1970,4865,0.0,0.0,0.0,0.001644398766701,0.019116135662898,0.161973278520041,0.412332990750257,0.404933196300103
1,196,0,0,0,6,117,679,2099,1959,4860,0.0,0.0,0.0,0.001234567901235,0.024074074074074,0.139711934156379,0.431893004115226,0.403086419753086
1,197,0,0,0,6,113,741,2078,1917,4855,0.0,0.0,0.0,0.001235839340886,0.023274974253347,0.152626158599382,0.428012358393409,0.394850669412976
1,198,0,0,0,7,106,744,2024,1969,4850,0.0,0.0,0.0,0.001443298969072,0.021855670103093,0.15340206185567,0.417319587628866,0.405979381443299
1,199,0,0,0,7,108,720,2065,1945,4845,0.0,0.0,0.0,0.001444788441692,0.022291021671827,0.148606811145511,0.426212590299278,0.401444788441692
1,200,0,0,0,7,108,741,2025,1959,4840,0.0,0.0,0.0,0.001446280991736,0.022314049586777,0.153099173553719,0.418388429752066,0.404752066115702
1,201,0,0,0,8,107,711,2090,1919,4835,0.0,0.0,0.0,0.001654601861427,0.022130299896587,0.147052740434333,0.432264736297828,0.396897621509824
1,202,0,0,0,10,106,756,1987,1971,4830,0.0,0.0,0.0,0.002070393374741,0.021946169772257,0.156521739130435,0.411387163561077,0.408074534161491
1,203,0,0,0,9,101,782,1986,1947,4825,0.0,0.0,0.0,0.001865284974093,0.020932642487047,0.162072538860104,0.41160621761658,0.403523316062176
1,204,0,0,0,7,138,669,2036,1970,4820,0.0,0.0,0.0,0.001452282157676,0.028630705394191,0.138796680497925,0.422406639004149,0.408713692946058
1,205,0,0,0,2,111,706,2070,1926,4815,0.0,0.0,0.0,0.000415368639668,0.023052959501558,0.1466251298027,0.429906542056075,0.4
1,206,0,0,0,4,122,710,2072,1902,4810,0.0,0.0,0.0,0.000831600831601,0.025363825363825,0.147609147609148,0.430769230769231,0.395426195426195
1,207,0,0,0,6,104,719,2038,1938,4805,0.0,0.0,0.0,0.001248699271592,0.021644120707596,0.149635796045786,0.42414151925078,0.403329864724246
1,208,0,0,1,5,102,712,2022,1958,4800,0.0,0.0,0.000208333333333,0.001041666666667,0.02125,0.148333333333333,0.42125,0.407916666666667
1,209,0,0,0,2,113,749,2026,1905,4795,0.0,0.0,0.0,0.000417101147028,0.023566214807091,0.156204379562044,0.42252346193952,0.397288842544317
1,210,0,0,0,2,98,714,2060,1916,4790,0.0,0.0,0.0,0.000417536534447,0.020459290187891,0.149060542797495,0.430062630480167,0.4
1,211,0,0,0,7,110,726,2050,1892,4785,0.0,0.0,0.0,0.001462904911181,0.022988505747126,0.151724137931034,0.428422152560084,0.395402298850575
1,212,0,0,1,10,109,723,2063,1874,4780,0.0,0.0,0.000209205020921,0.002092050209205,0.022803347280335,0.151255230125523,0.431589958158996,0.392050209205021
1,213,0,0,1,6,123,720,2034,1891,4775,0.0,0.0,0.00020942408377,0.001256544502618,0.025759162303665,0.150785340314136,0.425968586387435,0.396020942408377
1,214,0,0,1,4,100,738,2015,1912,4770,0.0,0.0,0.00020964360587,0.00083857442348,0.020964360587002,0.154716981132075,0.422431865828092,0.40083857442348
1,215,0,0,0,4,123,766,1967,1905,4765,0.0,0.0,0.0,0.000839454354669,0.025813221406086,0.160755508919203,0.412801678908709,0.399790136411333
1,216,0,0,0,9,104,724,2042,1881,4760,0.0,0.0,0.0,0.001890756302521,0.021848739495798,0.152100840336134,0.428991596638655,0.395168067226891
1,217,0,0,0,4,96,693,2012,1950,4755,0.0,0.0,0.0,0.000841219768665,0.02018927444795,0.145741324921136,0.423133543638275,0.410094637223975
1,218,0,0,0,4,103,716,2056,1871,4750,0.0,0.0,0.0,0.000842105263158,0.021684210526316,0.150736842105263,0.432842105263158,0.393894736842105
1,219,0,0,0,8,100,702,2021,1914,4745,0.0,0.0,0.0,0.001685985247629,0.021074815595364,0.147945205479452,0.425922023182297,0.403371970495258
1,220,0,0,0,2,105,710,2003,1920,4740,0.0,0.0,0.0,0.00042194092827,0.022151898734177,0.149789029535865,0.422573839662447,0.405063291139241
1,221,0,0,1,4,107,697,1980,1946,4735,0.0,0.0,0.000211193241816,0.000844772967265,0.02259767687434,0.147201689545935,0.418162618796199,0.410982048574446
1,222,0,0,0,4,111,731,1977,1907,4730,0.0,0.0,0.0,0.000845665961945,0.023467230443975,0.154545454545455,0.417970401691332,0.403171247357294
1,223,0,0,1,0,94,737,2033,1860,4725,0.0,0.0,0.00021164021164,0.0,0.01989417989418,0.155978835978836,0.43026455026455,0.393650793650794
1,224,0,0,0,8,106,695,2007,1904,4720,0.0,0.0,0.0,0.001694915254237,0.022457627118644,0.147245762711864,0.42521186440678,0.403389830508475
1,225,0,0,0,6,101,693,1991,1924,4715,0.0,0.0,0.0,0.001272534464475,0.021420996818664,0.146977730646872,0.422269353128314,0.408059384941675
1,226,0,0,0,5,93,712,1962,1938,4710,0.0,0.0,0.0,0.001061571125265,0.019745222929936,0.151167728237792,0.41656050955414,0.411464968152866
1,227,0,0,0,4,88,693,2001,1919,4705,0.0,0.0,0.0,0.000850159404888,0.018703506907545,0.147290116896918,0.42529224229543,0.407863974495218
1,228,0,0,0,5,108,701,2017,1869,4700,0.0,0.0,0.0,0.001063829787234,0.022978723404255,0.149148936170213,0.429148936170213,0.397659574468085
1,229,0,0,0,6,110,684,1970,1925,4695,0.0,0.0,0.0,0.001277955271565,0.023429179978701,0.145686900958466,0.419595314164004,0.410010649627263
1,230,0,0,0,7,99,673,2017,1894,4690,0.0,0.0,0.0,0.001492537313433,0.021108742004264,0.143496801705757,0.430063965884861,0.403837953091684
1,231,0,0,0,6,99,694,1968,1918,4685,0.0,0.0,0.0,0.00128068303095,0.021131270010672,0.148132337246531,0.420064034151547,0.409391675560299
1,232,0,0,0,4,92,745,1993,1846,4680,0.0,0.0,0.0,0.000854700854701,0.01965811965812,0.159188034188034,0.425854700854701,0.394444444444444
1,233,0,0,1,3,104,686,1981,1900,4675,0.0,0.0,0.000213903743316,0.000641711229947,0.022245989304813,0.146737967914438,0.423743315508021,0.406417112299465
1,234,0,0,0,12,96,657,1984,1921,4670,0.0,0.0,0.0,0.002569593147752,0.020556745182013,0.1406852248394,0.424839400428266,0.41134903640257
1,235,0,0,0,8,104,702,1929,1922,4665,0.0,0.0,0.0,0.001714898177921,0.022293676312969,0.15048231511254,0.413504823151125,0.412004287245445
1,236,0,0,0,4,107,714,1915,1920,4660,0.0,0.0,0.0,0.000858369098712,0.022961373390558,0.153218884120172,0.410944206008584,0.412017167381974
1,237,0,0,0,2,105,708,1970,1870,4655,0.0,0.0,0.0,0.000429645542427,0.022556390977444,0.152094522019334,0.423200859291085,0.40171858216971
1,238,0,0,1,12,96,688,1985,1868,4650,0.0,0.0,0.000215053763441,0.00258064516129,0.020645161290323,0.147956989247312,0.426881720430108,0.401720430107527
1,239,0,0,0,10,109,681,1996,1849,4645,0.0,0.0,0.0,0.002152852529602,0.023466092572659,0.146609257265877,0.429709364908504,0.398062432723358
1,240,0,0,0,6,97,659,1985,1893,4640,0.0,0.0,0.0,0.001293103448276,0.020905172413793,0.142025862068966,0.427801724137931,0.407974137931034
1,241,0,0,0,9,108,691,1912,1915,4635,0.0,0.0,0.0,0.001941747572816,0.023300970873786,0.14908306364617,0.412513484358145,0.413160733549083
1,242,0,0,0,6,83,695,1976,1870,4630,0.0,0.0,0.0,0.001295896328294,0.01792656587473,0.150107991360691,0.426781857451404,0.403887688984881
1,243,0,0,0,7,97,653,1961,1907,4625,0.0,0.0,0.0,0.001513513513514,0.020972972972973,0.141189189189189,0.424,0.412324324324324
1,244,0,1,0,4,95,692,1989,1839,4620,0.0,0.00021645021645,0.0,0.000865800865801,0.020562770562771,0.14978354978355,0.430519480519481,0.398051948051948
1,245,0,0,0,5,102,703,1941,1864,4615,0.0,0.0,0.0,0.001083423618635,0.022101841820152,0.152329360780065,0.420585048754063,0.403900325027086
1,246,0,0,0,4,107,702,1949,1848,4610,0.0,0.0,0.0,0.000867678958785,0.023210412147505,0.152277657266811,0.422776572668113,0.400867678958785
1,247,0,0,0,6,100,686,1937,1876,4605,0.0,0.0,0.0,0.001302931596091,0.02171552660152,0.148968512486428,0.420629750271444,0.407383279044517
1,248,0,0,1,11,91,718,1905,1874,4600,0.0,0.0,0.000217391304348,0.002391304347826,0.019782608695652,0.156086956521739,0.414130434782609,0.407391304347826
1,249,0,0,0,6,113,665,1961,1850,4595,0.0,0.0,0.0,0.001305767138194,0.024591947769314,0.144722524483134,0.426768226332971,0.402611534276387
1,250,0,0,0,5,96,700,1906,1883,4590,0.0,0.0,0.0,0.001089324618736,0.020915032679739,0.152505446623094,0.415250544662309,0.410239651416122
1,251,0,0,0,6,122,697,1889,1871,4585,0.0,0.0,0.0,0.001308615049073,0.026608505997819,0.152017448200654,0.411995637949836,0.408069792802617
1,252,0,0,0,6,111,666,1932,1865,4580,0.0,0.0,0.0,0.001310043668122,0.024235807860262,0.145414847161572,0.421834061135371,0.407205240174672
1,253,0,0,0,5,85,676,1908,1901,4575,0.0,0.0,0.0,0.001092896174863,0.018579234972678,0.14775956284153,0.417049180327869,0.41551912568306
1,254,0,0,0,6,93,697,1891,1883,4570,0.0,0.0,0.0,0.001312910284464,0.02035010940919,0.152516411378556,0.413785557986871,0.412035010940919
1,255,0,0,0,6,83,636,1998,1842,4565,0.0,0.0,0.0,0.0013143483023,0.018181818181818,0.139320920043812,0.437677984665936,0.403504928806134
1,256,0,0,0,6,91,726,1943,1794,4560,0.0,0.0,0.0,0.001315789473684,0.019956140350877,0.159210526315789,0.42609649122807,0.393421052631579
1,257,0,0,0,4,106,711,1919,1815,4555,0.0,0.0,0.0,0.000878155872667,0.023271130625686,0.15609220636663,0.421295279912184,0.398463227222832
1,258,0,0,0,6,111,666,1888,1879,4550,0.0,0.0,0.0,0.001318681318681,0.024395604395604,0.146373626373626,0.414945054945055,0.412967032967033
1,259,0,0,0,4,87,638,1933,1883,4545,0.0,0.0,0.0,0.000880088008801,0.019141914191419,0.14037403740374,0.425302530253025,0.414301430143014
1,260,0,0,1,6,122,680,1941,1790,4540,0.0,0.0,0.000220264317181,0.001321585903084,0.026872246696035,0.149779735682819,0.427533039647577,0.394273127753304
1,261,0,0,0,9,104,643,1937,1842,4535,0.0,0.0,0.0,0.001984564498346,0.022932745314223,0.141786108048512,0.427122381477398,0.406174200661521
1,262,0,0,0,4,97,687,1915,1827,4530,0.0,0.0,0.0,0.000883002207506,0.021412803532009,0.151655629139073,0.422737306843267,0.403311258278146
1,263,0,0,1,7,106,659,1882,1870,4525,0.0,0.0,0.000220994475138,0.001546961325967,0.023425414364641,0.145635359116022,0.415911602209945,0.413259668508287
1,264,0,0,0,6,100,677,1983,1754,4520,0.0,0.0,0.0,0.001327433628319,0.02212389380531,0.149778761061947,0.438716814159292,0.388053097345133
1,265,0,0,0,8,84,666,1956,1801,4515,0.0,0.0,0.0,0.001771871539313,0.018604651162791,0.147508305647841,0.433222591362126,0.398892580287929
1,266,0,0,0,8,112,675,1889,1826,4510,0.0,0.0,0.0,0.001773835920177,0.024833702882483,0.149667405764967,0.418847006651885,0.404878048780488
1,267,0,0,0,9,105,641,1934,1816,4505,0.0,0.0,0.0,0.001997780244173,0.02330743618202,0.142286348501665,0.429300776914539,0.403107658157603
1,268,0,0,0,5,105,688,1943,1759,4500,0.0,0.0,0.0,0.001111111111111,0.023333333333333,0.152888888888889,0.431777777777778,0.390888888888889
1,269,0,0,0,8,102,702,1876,1807,4495,0.0,0.0,0.0,0.001779755283648,0.022691879866518,0.156173526140156,0.417352614015573,0.402002224694105
1,270,0,0,0,7,88,646,1910,1839,4490,0.0,0.0,0.0,0.001559020044543,0.019599109131403,0.143875278396437,0.425389755011136,0.409576837416481
1,271,0,0,0,3,84,670,1925,1803,4485,0.0,0.0,0.0,0.00066889632107,0.018729096989967,0.149386845039019,0.429208472686734,0.402006688963211
1,272,0,0,0,3,89,670,1974,1744,4480,0.0,0.0,0.0,0.000669642857143,0.019866071428571,0.149553571428571,0.440625,0.389285714285714
1,273,0,0,0,5,105,687,1852,1826,4475,0.0,0.0,0.0,0.001117318435754,0.023463687150838,0.153519553072626,0.413854748603352,0.40804469273743
1,274,0,0,0,4,86,702,1866,1812,4470,0.0,0.0,0.0,0.00089485458613,0.01923937360179,0.157046979865772,0.41744966442953,0.405369127516779
1,275,0,0,0,6,97,683,1870,1809,4465,0.0,0.0,0.0,0.001343784994401,0.021724524076148,0.152967525195969,0.418812989921613,0.40515117581187
1,276,0,0,0,9,103,644,1900,1804,4460,0.0,0.0,0.0,0.002017937219731,0.023094170403587,0.144394618834081,0.426008968609865,0.404484304932735
1,277,0,0,0,2,104,638,1946,1765,4455,0.0,0.0,0.0,0.000448933782267,0.02334455667789,0.14320987654321,0.436812570145903,0.396184062850729
1,278,0,0,0,6,93,652,1883,1816,4450,0.0,0.0,0.0,0.001348314606742,0.020898876404494,0.146516853932584,0.42314606741573,0.408089887640449
1,279,0,0,0,5,98,675,1876,1791,4445,0.0,0.0,0.0,0.001124859392576,0.022047244094488,0.15185601799775,0.422047244094488,0.402924634420697
1,280,0,0,1,6,118,665,1859,1791,4440,0.0,0.0,0.000225225225225,0.001351351351351,0.026576576576577,0.149774774774775,0.418693693693694,0.403378378378378
1,281,0,0,0,7,99,684,1853,1792,4435,0.0,0.0,0.0,0.001578354002255,0.022322435174746,0.154227733934611,0.417812852311161,0.404058624577227
1,282,0,0,0,10,95,621,1923,1781,4430,0.0,0.0,0.0,0.002257336343115,0.021444695259594,0.140180586907449,0.434085778781038,0.402031602708804
1,283,0,0,0,5,104,716,1837,1763,4425,0.0,0.0,0.0,0.001129943502825,0.023502824858757,0.16180790960452,0.415141242937853,0.398418079096045
1,284,0,0,1,4,113,663,1884,1755,4420,0.0,0.0,0.000226244343891,0.000904977375566,0.025565610859729,0.15,0.426244343891403,0.397058823529412
1,285,0,0,0,3,90,675,1872,1775,4415,0.0,0.0,0.0,0.000679501698754,0.020385050962627,0.152887882219706,0.42400906002265,0.402038505096263
1,286,0,0,0,5,95,709,1830,1771,4410,0.0,0.0,0.0,0.001133786848073,0.021541950113379,0.160770975056689,0.414965986394558,0.401587301587302
1,287,0,0,0,6,102,684,1822,1791,4405,0.0,0.0,0.0,0.001362088535755,0.023155505107832,0.15527809307605,0.413620885357548,0.406583427922815
1,288,0,0,1,12,127,611,1860,1789,4400,0.0,0.0,0.000227272727273,0.002727272727273,0.028863636363636,0.138863636363636,0.422727272727273,0.406590909090909
1,289,0,0,0,6,96,683,1865,1745,4395,0.0,0.0,0.0,0.001365187713311,0.021843003412969,0.155403868031854,0.424345847554039,0.397042093287827
1,290,0,0,0,4,106,642,1879,1759,4390,0.0,0.0,0.0,0.000911161731207,0.024145785876993,0.14624145785877,0.428018223234624,0.400683371298405
1,291,0,0,0,9,94,682,1787,1813,4385,0.0,0.0,0.0,0.002052451539339,0.021436716077537,0.155530216647662,0.407525655644242,0.41345496009122
1,292,0,0,0,6,99,647,1877,1751,4380,0.0,0.0,0.0,0.001369863013699,0.022602739726027,0.147716894977169,0.428538812785388,0.399771689497717
1,293,0,0,0,4,98,662,1850,1761,4375,0.0,0.0,0.0,0.000914285714286,0.0224,0.151314285714286,0.422857142857143,0.402514285714286
1,294,0,0,0,9,96,661,1825,1779,4370,0.0,0.0,0.0,0.002059496567506,0.021967963386728,0.151258581235698,0.417620137299771,0.407093821510297
1,295,0,0,0,4,104,633,1872,1752,4365,0.0,0.0,0.0,0.000916380297824,0.023825887743414,0.145017182130584,0.428865979381443,0.401374570446735
1,296,0,0,0,10,89,642,1871,1748,4360,0.0,0.0,0.0,0.002293577981651,0.020412844036697,0.147247706422018,0.429128440366972,0.400917431192661
1,297,0,0,1,6,88,628,1854,1778,4355,0.0,0.0,0.000229621125144,0.001377726750861,0.020206659012629,0.144202066590126,0.425717566016073,0.408266360505166
1,298,0,0,0,5,105,663,1848,1729,4350,0.0,0.0,0.0,0.001149425287356,0.024137931034483,0.152413793103448,0.424827586206897,0.397471264367816
1,299,0,0,0,7,89,636,1846,1767,4345,0.0,0.0,0.0,0.001611047180667,0.0204833141542,0.146375143843498,0.424856156501726,0.406674338319908
1,300,0,0,0,9,104,656,1861,1710,4340,0.0,0.0,0.0,0.002073732718894,0.023963133640553,0.151152073732719,0.428801843317972,0.394009216589862
1,301,0,0,0,3,85,663,1826,1758,4335,0.0,0.0,0.0,0.000692041522491,0.019607843137255,0.152941176470588,0.421222606689735,0.405536332179931
1,302,0,0,0,3,96,700,1851,1680,4330,0.0,0.0,0.0,0.000692840646651,0.022170900692841,0.161662817551963,0.427482678983834,0.387990762124711
1,303,0,0,0,9,103,627,1858,1728,4325,0.0,0.0,0.0,0.002080924855491,0.023815028901734,0.144971098265896,0.429595375722543,0.399537572254335
1,304,0,0,0,6,113,617,1814,1770,4320,0.0,0.0,0.0,0.001388888888889,0.026157407407407,0.142824074074074,0.419907407407407,0.409722222222222
1,305,0,0,0,9,97,642,1863,1704,4315,0.0,0.0,0.0,0.002085747392816,0.022479721900348,0.148783314020857,0.431749710312862,0.394901506373117
1,306,0,0,0,10,93,652,1809,1746,4310,0.0,0.0,0.0,0.002320185614849,0.021577726218097,0.151276102088167,0.419721577726218,0.405104408352668
1,307,0,0,0,10,106,637,1832,1720,4305,0.0,0.0,0.0,0.002322880371661,0.024622531939605,0.147967479674797,0.425551684088269,0.399535423925668
1,308,0,0,0,7,88,653,1865,1687,4300,0.0,0.0,0.0,0.001627906976744,0.02046511627907,0.151860465116279,0.433720930232558,0.392325581395349
1,309,0,0,0,5,85,633,1840,1732,4295,0.0,0.0,0.0,0.0011641443539,0.019790454016298,0.147380675203725,0.428405122235157,0.40325960419092
1,310,0,0,0,4,108,650,1829,1699,4290,0.0,0.0,0.0,0.000932400932401,0.025174825174825,0.151515151515152,0.426340326340326,0.396037296037296
1,311,0,0,0,6,105,632,1817,1725,4285,0.0,0.0,0.0,0.001400233372229,0.024504084014002,0.147491248541424,0.424037339556593,0.402567094515753
1,312,0,0,0,4,120,649,1775,1732,4280,0.0,0.0,0.0,0.000934579439252,0.02803738317757,0.151635514018692,0.414719626168224,0.404672897196262
1,313,0,0,0,8,99,621,1868,1679,4275,0.0,0.0,0.0,0.00187134502924,0.023157894736842,0.145263157894737,0.436959064327485,0.392748538011696
1,314,0,0,0,5,94,659,1788,1724,4270,0.0,0.0,0.0,0.001170960187354,0.022014051522248,0.154332552693208,0.418735362997658,0.403747072599532
1,315,0,0,1,6,92,654,1780,1732,4265,0.0,0.0,0.000234466588511,0.001406799531067,0.021570926143025,0.153341148886284,0.417350527549824,0.40609613130129
1,316,0,0,0,7,89,621,1795,1748,4260,0.0,0.0,0.0,0.001643192488263,0.020892018779343,0.145774647887324,0.421361502347418,0.410328638497653
1,317,0,0,0,4,107,684,1727,1733,4255,0.0,0.0,0.0,0.000940070505288,0.025146886016451,0.16075205640423,0.405875440658049,0.407285546415981
1,318,0,0,0,9,95,643,1765,1738,4250,0.0,0.0,0.0,0.002117647058824,0.022352941176471,0.151294117647059,0.415294117647059,0.408941176470588
1,319,0,0,0,6,84,644,1781,1730,4245,0.0,0.0,0.0,0.001413427561837,0.019787985865724,0.15170789163722,0.419552414605418,0.4075382803298
1,320,0,0,0,7,84,642,1797,1710,4240,0.0,0.0,0.0,0.001650943396226,0.019811320754717,0.151415094339623,0.423820754716981,0.403301886792453
1,321,0,0,0,4,111,650,1765,1705,4235,0.0,0.0,0.0,0.000944510035419,0.026210153482881,0.153482880755608,0.416765053128689,0.402597402597403
1,322,0,0,1,3,92,634,1800,1700,4230,0.0,0.0,0.000236406619385,0.000709219858156,0.021749408983452,0.149881796690307,0.425531914893617,0.401891252955083
1,323,0,0,1,4,97,625,1821,1677,4225,0.0,0.0,0.000236686390533,0.00094674556213,0.022958579881657,0.14792899408284,0.431005917159763,0.396923076923077
1,324,0,0,0,4,95,630,1732,1759,4220,0.0,0.0,0.0,0.000947867298578,0.022511848341232,0.149289099526066,0.41042654028436,0.416824644549763
1,325,0,0,0,3,95,625,1790,1702,4215,0.0,0.0,0.0,0.000711743772242,0.022538552787663,0.148279952550415,0.424673784104389,0.403795966785291
1,326,0,0,0,6,93,646,1806,1659,4210,0.0,0.0,0.0,0.001425178147268,0.02209026128266,0.153444180522565,0.428978622327791,0.394061757719715
1,327,0,0,0,7,93,603,1752,1750,4205,0.0,0.0,0.0,0.00166468489893,0.022116527942925,0.143400713436385,0.416646848989298,0.416171224732461
1,328,0,0,0,6,113,641,1741,1699,4200,0.0,0.0,0.0,0.001428571428571,0.026904761904762,0.152619047619048,0.41452380952381,0.40452380952381
1,329,0,0,1,5,101,664,1760,1664,4195,0.0,0.0,0.000238379022646,0.00119189511323,0.024076281287247,0.158283671036949,0.419547079856973,0.396662693682956
1,330,0,0,0,5,103,639,1752,1691,4190,0.0,0.0,0.0,0.001193317422434,0.024582338902148,0.152505966587112,0.418138424821002,0.403579952267303
1,331,0,0,0,1,91,594,1750,1749,4185,0.0,0.0,0.0,0.000238948626045,0.021744324970131,0.141935483870968,0.41816009557945,0.417921146953405
1,332,0,0,0,5,105,643,1762,1665,4180,0.0,0.0,0.0,0.001196172248804,0.02511961722488,0.153827751196172,0.421531100478469,0.398325358851675
1,333,0,0,1,6,102,606,1749,1711,4175,0.0,0.0,0.000239520958084,0.001437125748503,0.024431137724551,0.145149700598802,0.418922155688623,0.409820359281437
1,334,0,0,1,6,82,667,1706,1708,4170,0.0,0.0,0.000239808153477,0.001438848920863,0.019664268585132,0.159952038369305,0.409112709832134,0.409592326139089
1,335,0,0,0,4,105,619,1772,1665,4165,0.0,0.0,0.0,0.000960384153661,0.025210084033613,0.148619447779112,0.425450180072029,0.399759903961585
1,336,0,0,0,5,90,602,1774,1689,4160,0.0,0.0,0.0,0.001201923076923,0.021634615384615,0.144711538461538,0.426442307692308,0.406009615384615
1,337,0,0,0,8,89,618,1770,1670,4155,0.0,0.0,0.0,0.001925391095066,0.021419975932611,0.148736462093863,0.425992779783394,0.401925391095066
1,338,0,0,0,3,82,630,1809,1626,4150,0.0,0.0,0.0,0.000722891566265,0.019759036144578,0.151807228915663,0.435903614457831,0.391807228915663
1,339,0,0,0,5,87,625,1772,1656,4145,0.0,0.0,0.0,0.001206272617612,0.020989143546441,0.150784077201448,0.427503015681544,0.399517490952955
1,340,0,0,0,9,85,622,1813,1611,4140,0.0,0.0,0.0,0.002173913043478,0.020531400966184,0.15024154589372,0.43792270531401,0.389130434782609
1,341,0,0,1,4,91,610,1712,1717,4135,0.0,0.0,0.000241837968561,0.000967351874244,0.022007255139057,0.147521160822249,0.414026602176542,0.415235792019347
1,342,0,0,0,7,100,633,1730,1660,4130,0.0,0.0,0.0,0.001694915254237,0.024213075060533,0.153268765133172,0.418886198547215,0.401937046004843
1,343,0,0,0,7,93,602,1792,1631,4125,0.0,0.0,0.0,0.00169696969697,0.022545454545455,0.145939393939394,0.434424242424242,0.395393939393939
1,344,0,0,0,9,86,618,1700,1707,4120,0.0,0.0,0.0,0.002184466019417,0.020873786407767,0.15,0.412621359223301,0.414320388349515
1,345,0,0,0,5,81,659,1763,1607,4115,0.0,0.0,0.0,0.001215066828676,0.019684082624544,0.160145808019441,0.428432563791009,0.390522478736331
1,346,0,0,1,7,87,591,1813,1611,4110,0.0,0.0,0.000243309002433,0.001703163017032,0.021167883211679,0.143795620437956,0.441119221411192,0.391970802919708
1,347,0,0,0,6,81,630,1784,1604,4105,0.0,0.0,0.0,0.001461632155907,0.01973203410475,0.15347137637028,0.434591961023143,0.39074299634592
1,348,0,0,0,5,103,631,1728,1633,4100,0.0,0.0,0.0,0.001219512195122,0.025121951219512,0.15390243902439,0.421463414634146,0.398292682926829
1,349,0,0,0,4,95,637,1712,1647,4095,0.0,0.0,0.0,0.000976800976801,0.023199023199023,0.155555555555556,0.418070818070818,0.402197802197802
1,350,0,0,1,5,96,596,1750,1642,4090,0.0,0.0,0.000244498777506,0.001222493887531,0.023471882640587,0.145721271393643,0.427872860635697,0.401466992665037
1,351,0,0,0,6,87,604,1725,1663,4085,0.0,0.0,0.0,0.001468788249694,0.021297429620563,0.147858017135863,0.422276621787026,0.407099143206854
1,352,0,0,0,3,88,581,1694,1714,4080,0.0,0.0,0.0,0.000735294117647,0.02156862745098,0.142401960784314,0.415196078431373,0.420098039215686
1,353,0,0,0,4,83,620,1728,1640,4075,0.0,0.0,0.0,0.000981595092025,0.020368098159509,0.152147239263804,0.424049079754601,0.402453987730061
1,354,0,0,0,4,81,619,1723,1643,4070,0.0,0.0,0.0,0.000982800982801,0.01990171990172,0.152088452088452,0.423341523341523,0.403685503685504
1,355,0,0,1,8,95,574,1750,1637,4065,0.0,0.0,0.000246002460025,0.001968019680197,0.023370233702337,0.141205412054121,0.43050430504305,0.402706027060271
1,356,0,0,0,5,92,617,1772,1574,4060,0.0,0.0,0.0,0.001231527093596,0.022660098522167,0.151970443349754,0.436453201970443,0.387684729064039
1,357,0,0,0,4,104,592,1727,1628,4055,0.0,0.0,0.0,0.00098643649815,0.025647348951911,0.145992601726264,0.425893958076449,0.401479654747226
1,358,0,0,0,4,82,591,1718,1655,4050,0.0,0.0,0.0,0.000987654320988,0.020246913580247,0.145925925925926,0.424197530864198,0.408641975308642
1,359,0,0,0,1,95,621,1733,1595,4045,0.0,0.0,0.0,0.000247218788628,0.023485784919654,0.153522867737948,0.428430160692213,0.394313967861557
1,360,0,0,0,4,84,612,1715,1625,4040,0.0,0.0,0.0,0.000990099009901,0.020792079207921,0.151485148514851,0.424504950495049,0.402227722772277
1,361,0,0,1,5,102,576,1776,1575,4035,0.0,0.0,0.000247831474597,0.001239157372986,0.025278810408922,0.14275092936803,0.440148698884758,0.390334572490706
1,362,0,0,0,2,78,598,1707,1645,4030,0.0,0.0,0.0,0.000496277915633,0.019354838709677,0.148387096774194,0.423573200992556,0.40818858560794
1,363,0,0,0,4,89,597,1692,1643,4025,0.0,0.0,0.0,0.000993788819876,0.022111801242236,0.14832298136646,0.420372670807453,0.408198757763975
1,364,0,0,0,4,94,610,1670,1642,4020,0.0,0.0,0.0,0.000995024875622,0.023383084577114,0.151741293532338,0.415422885572139,0.408457711442786
1,365,0,0,0,9,85,565,1706,1650,4015,0.0,0.0,0.0,0.002241594022416,0.021170610211706,0.140722291407223,0.424906600249066,0.410958904109589
1,366,0,0,0,6,91,607,1742,1564,4010,0.0,0.0,0.0,0.001496259351621,0.022693266832918,0.151371571072319,0.434413965087282,0.39002493765586
1,367,0,0,0,4,115,597,1676,1613,4005,0.0,0.0,0.0,0.000998751560549,0.028714107365793,0.149063670411985,0.418476903870162,0.402746566791511
1,368,0,0,0,3,81,606,1735,1575,4000,0.0,0.0,0.0,0.00075,0.02025,0.1515,0.43375,0.39375
1,369,0,0,1,5,73,581,1727,1608,3995,0.0,0.0,0.000250312891114,0.001251564455569,0.018272841051314,0.145431789737171,0.432290362953692,0.402503128911139
1,370,0,0,0,7,90,623,1685,1585,3990,0.0,0.0,0.0,0.001754385964912,0.022556390977444,0.156140350877193,0.422305764411028,0.397243107769424
1,371,0,0,0,12,77,604,1656,1636,3985,0.0,0.0,0.0,0.003011292346299,0.019322459222083,0.151568381430364,0.41555834378921,0.410539523212045
1,372,0,0,0,9,82,621,1632,1636,3980,0.0,0.0,0.0,0.002261306532663,0.020603015075377,0.156030150753769,0.410050251256281,0.41105527638191
1,373,0,0,0,3,102,593,1684,1593,3975,0.0,0.0,0.0,0.000754716981132,0.025660377358491,0.149182389937107,0.423647798742138,0.400754716981132
1,374,0,0,0,8,85,583,1645,1649,3970,0.0,0.0,0.0,0.002015113350126,0.021410579345088,0.146851385390428,0.414357682619647,0.41536523929471
1,375,0,0,0,5,80,588,1645,1647,3965,0.0,0.0,0.0,0.001261034047919,0.020176544766709,0.148297604035309,0.414880201765448,0.415384615384615
1,376,0,0,0,4,84,612,1630,1630,3960,0.0,0.0,0.0,0.001010101010101,0.021212121212121,0.154545454545455,0.411616161616162,0.411616161616162
1,377,0,0,0,6,76,598,1735,1540,3955,0.0,0.0,0.0,0.001517067003793,0.01921618204804,0.151201011378003,0.438685208596713,0.389380530973451
1,378,0,0,0,6,92,576,1670,1606,3950,0.0,0.0,0.0,0.001518987341772,0.023291139240506,0.145822784810127,0.422784810126582,0.406582278481013
1,379,0,0,0,8,76,591,1647,1623,3945,0.0,0.0,0.0,0.002027883396705,0.019264892268695,0.149809885931559,0.417490494296578,0.411406844106464
1,380,0,0,0,4,88,577,1660,1611,3940,0.0,0.0,0.0,0.001015228426396,0.022335025380711,0.146446700507614,0.421319796954315,0.408883248730964
1,381,0,0,0,8,93,621,1623,1590,3935,0.0,0.0,0.0,0.002033036848793,0.023634053367217,0.157814485387548,0.412452350698856,0.404066073697586
1,382,0,0,0,3,86,562,1691,1588,3930,0.0,0.0,0.0,0.000763358778626,0.021882951653944,0.143002544529262,0.43027989821883,0.404071246819338
1,383,0,0,0,5,88,574,1636,1622,3925,0.0,0.0,0.0,0.001273885350318,0.022420382165605,0.146242038216561,0.416815286624204,0.413248407643312
1,384,0,0,0,6,71,562,1696,1585,3920,0.0,0.0,0.0,0.001530612244898,0.018112244897959,0.143367346938776,0.43265306122449,0.404336734693878
1,385,0,0,0,5,96,578,1620,1616,3915,0.0,0.0,0.0,0.001277139208174,0.024521072796935,0.147637292464879,0.413793103448276,0.412771392081737
1,386,0,0,0,3,90,594,1615,1608,3910,0.0,0.0,0.0,0.00076726342711,0.023017902813299,0.151918158567775,0.41304347826087,0.411253196930946
1,387,0,0,0,5,90,588,1626,1596,3905,0.0,0.0,0.0,0.001280409731114,0.023047375160051,0.150576184379001,0.416389244558259,0.408706786171575
1,388,0,0,0,4,85,599,1623,1589,3900,0.0,0.0,0.0,0.001025641025641,0.021794871794872,0.153589743589744,0.416153846153846,0.407435897435897
1,389,0,0,0,6,101,584,1602,1602,3895,0.0,0.0,0.0,0.001540436456996,0.025930680359435,0.149935815147625,0.411296534017972,0.411296534017972
1,390,0,0,0,6,81,582,1692,1529,3890,0.0,0.0,0.0,0.001542416452442,0.020822622107969,0.149614395886889,0.434961439588689,0.39305912596401
1,391,0,0,2,8,81,561,1711,1522,3885,0.0,0.0,0.000514800514801,0.002059202059202,0.020849420849421,0.144401544401544,0.44041184041184,0.391763191763192
1,392,0,0,0,7,101,571,1590,1611,3880,0.0,0.0,0.0,0.00180412371134,0.026030927835052,0.147164948453608,0.40979381443299,0.41520618556701
1,393,0,0,0,9,83,570,1657,1556,3875,0.0,0.0,0.0,0.002322580645161,0.02141935483871,0.147096774193548,0.427612903225806,0.401548387096774
1,394,0,0,0,4,83,585,1708,1490,3870,0.0,0.0,0.0,0.001033591731266,0.021447028423773,0.151162790697674,0.441343669250646,0.385012919896641
1,395,0,0,1,5,83,606,1636,1534,3865,0.0,0.0,0.00025873221216,0.001293661060802,0.021474773609314,0.156791720569211,0.423285899094437,0.396895213454075
1,396,0,0,0,5,109,559,1631,1556,3860,0.0,0.0,0.0,0.001295336787565,0.028238341968912,0.144818652849741,0.422538860103627,0.403108808290155
1,397,0,0,1,6,79,577,1635,1557,3855,0.0,0.0,0.000259403372244,0.001556420233463,0.020492866407263,0.149675745784695,0.424124513618677,0.403891050583658
1,398,0,0,0,7,89,594,1559,1601,3850,0.0,0.0,0.0,0.001818181818182,0.023116883116883,0.154285714285714,0.404935064935065,0.415844155844156
1,399,0,0,0,4,97,563,1617,1564,3845,0.0,0.0,0.0,0.001040312093628,0.025227568270481,0.146423927178153,0.420546163849155,0.406762028608583
1,400,0,0,0,6,79,558,1626,1571,3840,0.0,0.0,0.0,0.0015625,0.020572916666667,0.1453125,0.4234375,0.409114583333333
1,401,0,0,0,4,79,567,1604,1581,3835,0.0,0.0,0.0,0.001043024771838,0.020599739243807,0.147848761408083,0.418252933507171,0.4122555410691
1,402,0,0,0,1,88,576,1610,1555,3830,0.0,0.0,0.0,0.000261096605744,0.022976501305483,0.150391644908616,0.420365535248042,0.406005221932115
1,403,0,0,0,5,83,562,1643,1532,3825,0.0,0.0,0.0,0.001307189542484,0.021699346405229,0.146928104575163,0.429542483660131,0.400522875816993
1,404,0,0,0,4,81,579,1639,1517,3820,0.0,0.0,0.0,0.001047120418848,0.021204188481675,0.151570680628272,0.429057591623037,0.397120418848168
1,405,0,0,0,4,95,561,1577,1578,3815,0.0,0.0,0.0,0.001048492791612,0.024901703800786,0.147051114023591,0.413368283093054,0.413630406290957
1,406,0,0,0,5,73,566,1648,1518,3810,0.0,0.0,0.0,0.001312335958005,0.019160104986877,0.148556430446194,0.43254593175853,0.398425196850394
1,407,0,0,1,3,98,578,1624,1501,3805,0.0,0.0,0.000262812089356,0.000788436268068,0.025755584756899,0.151905387647832,0.426806833114323,0.394480946123522
1,408,0,0,0,2,70,529,1636,1563,3800,0.0,0.0,0.0,0.000526315789474,0.018421052631579,0.139210526315789,0.430526315789474,0.411315789473684
1,409,0,0,0,9,76,575,1587,1548,3795,0.0,0.0,0.0,0.002371541501976,0.020026350461133,0.151515151515152,0.418181818181818,0.407905138339921
1,410,0,0,0,5,86,574,1614,1511,3790,0.0,0.0,0.0,0.00131926121372,0.022691292875989,0.151451187335092,0.425857519788918,0.39868073878628
1,411,0,0,1,4,82,570,1596,1532,3785,0.0,0.0,0.000264200792602,0.00105680317041,0.021664464993395,0.150594451783355,0.421664464993395,0.404755614266843
1,412,0,0,0,4,86,554,1641,1495,3780,0.0,0.0,0.0,0.001058201058201,0.022751322751323,0.146560846560847,0.434126984126984,0.395502645502646
1,413,0,0,0,3,80,546,1614,1532,3775,0.0,0.0,0.0,0.000794701986755,0.021192052980132,0.144635761589404,0.427549668874172,0.405827814569536
1,414,0,0,0,9,82,551,1601,1527,3770,0.0,0.0,0.0,0.002387267904509,0.021750663129973,0.146153846153846,0.424668435013263,0.405039787798408
1,415,0,0,0,5,85,577,1597,1501,3765,0.0,0.0,0.0,0.00132802124834,0.02257636122178,0.153253652058433,0.424169986719788,0.39867197875166
1,416,0,0,0,2,99,554,1595,1510,3760,0.0,0.0,0.0,0.000531914893617,0.026329787234043,0.147340425531915,0.424202127659574,0.401595744680851
1,417,0,0,0,12,87,562,1623,1471,3755,0.0,0.0,0.0,0.003195739014647,0.023169107856192,0.149667110519308,0.432223701731025,0.391744340878828
1,418,0,0,0,5,76,528,1610,1531,3750,0.0,0.0,0.0,0.001333333333333,0.020266666666667,0.1408,0.429333333333333,0.408266666666667
1,419,0,0,0,5,64,525,1627,1524,3745,0.0,0.0,0.0,0.001335113484646,0.017089452603471,0.14018691588785,0.434445927903872,0.40694259012016
1,420,0,0,0,2,83,575,1572,1508,3740,0.0,0.0,0.0,0.000534759358289,0.022192513368984,0.153743315508021,0.420320855614973,0.403208556149733
1,421,0,0,1,5,96,597,1526,1510,3735,0.0,0.0,0.000267737617135,0.001338688085676,0.02570281124498,0.159839357429719,0.408567603748327,0.404283801874163
1,422,0,0,0,6,89,569,1571,1495,3730,0.0,0.0,0.0,0.001608579088472,0.023860589812332,0.15254691689008,0.421179624664879,0.400804289544236
1,423,0,0,0,1,80,555,1534,1555,3725,0.0,0.0,0.0,0.000268456375839,0.021476510067114,0.148993288590604,0.411812080536913,0.41744966442953
1,424,0,0,0,8,85,557,1595,1475,3720,0.0,0.0,0.0,0.002150537634409,0.022849462365591,0.149731182795699,0.428763440860215,0.396505376344086
1,425,0,0,0,6,85,578,1599,1447,3715,0.0,0.0,0.0,0.001615074024226,0.022880215343203,0.155585464333782,0.430417227456258,0.38950201884253
1,426,0,0,0,5,64,528,1617,1496,3710,0.0,0.0,0.0,0.001347708894879,0.017250673854447,0.142318059299191,0.435849056603774,0.403234501347709
1,427,0,0,0,7,78,548,1592,1480,3705,0.0,0.0,0.0,0.001889338731444,0.021052631578947,0.147908232118758,0.429689608636977,0.399460188933873
1,428,0,0,0,3,82,552,1571,1492,3700,0.0,0.0,0.0,0.000810810810811,0.022162162162162,0.149189189189189,0.424594594594595,0.403243243243243
1,429,0,0,0,4,71,563,1524,1533,3695,0.0,0.0,0.0,0.001082543978349,0.019215155615697,0.152368064952639,0.412449255751015,0.4148849797023
1,430,0,0,0,4,79,569,1568,1470,3690,0.0,0.0,0.0,0.001084010840108,0.021409214092141,0.15420054200542,0.424932249322493,0.398373983739837
1,431,0,0,0,4,92,534,1523,1532,3685,0.0,0.0,0.0,0.001085481682497,0.024966078697422,0.144911804613297,0.413297150610583,0.415739484396201
1,432,0,0,0,2,92,553,1568,1465,3680,0.0,0.0,0.0,0.00054347826087,0.025,0.150271739130435,0.426086956521739,0.398097826086957
1,433,0,0,0,8,76,546,1610,1435,3675,0.0,0.0,0.0,0.002176870748299,0.020680272108844,0.148571428571429,0.438095238095238,0.39047619047619
1,434,0,0,0,9,84,574,1558,1445,3670,0.0,0.0,0.0,0.002452316076294,0.022888283378747,0.156403269754768,0.424523160762943,0.393732970027248
1,435,0,0,0,4,91,581,1507,1482,3665,0.0,0.0,0.0,0.001091405184175,0.024829467939973,0.158526603001364,0.41118690313779,0.404365620736699
1,436,0,0,0,6,86,549,1502,1517,3660,0.0,0.0,0.0,0.001639344262295,0.023497267759563,0.15,0.410382513661202,0.41448087431694
1,437,0,0,0,3,81,563,1545,1463,3655,0.0,0.0,0.0,0.000820793433653,0.022161422708618,0.154035567715458,0.422708618331053,0.400273597811218
1,438,0,0,0,6,94,566,1497,1487,3650,0.0,0.0,0.0,0.001643835616438,0.025753424657534,0.155068493150685,0.41013698630137,0.407397260273973
1,439,0,0,0,4,86,558,1516,1481,3645,0.0,0.0,0.0,0.001097393689986,0.023593964334705,0.153086419753086,0.415912208504801,0.406310013717421
1,440,0,0,0,2,76,538,1518,1506,3640,0.0,0.0,0.0,0.000549450549451,0.020879120879121,0.147802197802198,0.417032967032967,0.413736263736264
1,441,0,0,0,5,79,550,1548,1453,3635,0.0,0.0,0.0,0.001375515818432,0.021733149931224,0.15130674002751,0.42585969738652,0.399724896836314
1,442,0,0,0,5,79,512,1552,1482,3630,0.0,0.0,0.0,0.00137741046832,0.021763085399449,0.141046831955923,0.427548209366391,0.408264462809917
1,443,0,0,0,3,77,518,1559,1468,3625,0.0,0.0,0.0,0.000827586206897,0.021241379310345,0.142896551724138,0.430068965517241,0.404965517241379
1,444,0,0,0,3,70,562,1554,1431,3620,0.0,0.0,0.0,0.000828729281768,0.019337016574586,0.15524861878453,0.429281767955801,0.395303867403315
1,445,0,0,0,5,77,561,1522,1450,3615,0.0,0.0,0.0,0.001383125864454,0.021300138312586,0.155186721991701,0.421023513139696,0.401106500691563
1,446,0,0,0,7,62,546,1528,1467,3610,0.0,0.0,0.0,0.001939058171745,0.017174515235457,0.151246537396122,0.423268698060942,0.406371191135734
1,447,0,0,0,6,82,559,1511,1447,3605,0.0,0.0,0.0,0.001664355062413,0.022746185852982,0.15506241331484,0.419140083217753,0.401386962552011
1,448,0,0,0,4,67,567,1516,1446,3600,0.0,0.0,0.0,0.001111111111111,0.018611111111111,0.1575,0.421111111111111,0.401666666666667
1,449,0,0,0,6,81,550,1472,1486,3595,0.0,0.0,0.0,0.001668984700974,0.022531293463143,0.152990264255911,0.409457579972184,0.413351877607789
1,450,0,0,1,3,73,509,1564,1440,3590,0.0,0.0,0.000278551532033,0.0008356545961,0.02033426183844,0.141782729805014,0.435654596100279,0.401114206128134
1,451,0,0,0,9,87,530,1515,1444,3585,0.0,0.0,0.0,0.002510460251046,0.024267782426778,0.147838214783821,0.422594142259414,0.40278940027894
1,452,0,0,0,4,69,543,1485,1479,3580,0.0,0.0,0.0,0.001117318435754,0.01927374301676,0.151675977653631,0.414804469273743,0.413128491620112
1,453,0,0,0,1,80,539,1521,1434,3575,0.0,0.0,0.0,0.00027972027972,0.022377622377622,0.150769230769231,0.425454545454545,0.401118881118881
1,454,0,0,0,2,75,543,1510,1440,3570,0.0,0.0,0.0,0.000560224089636,0.021008403361345,0.152100840336134,0.42296918767507,0.403361344537815
1,455,0,0,0,5,85,550,1538,1387,3565,0.0,0.0,0.0,0.00140252454418,0.023842917251052,0.154277699859748,0.431416549789621,0.3890603085554
1,456,0,0,0,5,58,516,1516,1465,3560,0.0,0.0,0.0,0.001404494382022,0.016292134831461,0.144943820224719,0.425842696629213,0.411516853932584
1,457,0,0,0,4,84,530,1514,1423,3555,0.0,0.0,0.0,0.00112517580872,0.023628691983122,0.149085794655415,0.425879043600563,0.40028129395218
1,458,0,0,0,5,91,524,1490,1440,3550,0.0,0.0,0.0,0.001408450704225,0.025633802816901,0.147605633802817,0.419718309859155,0.405633802816901
1,459,0,0,1,4,70,555,1528,1387,3545,0.0,0.0,0.000282087447109,0.001128349788434,0.019746121297602,0.156558533145275,0.431029619181946,0.391255289139633
1,460,0,0,0,4,87,552,1473,1424,3540,0.0,0.0,0.0,0.001129943502825,0.024576271186441,0.155932203389831,0.416101694915254,0.40225988700565
1,461,0,0,0,8,82,515,1494,1436,3535,0.0,0.0,0.0,0.002263083451202,0.023196605374823,0.145685997171146,0.422630834512023,0.406223479490806
1,462,0,0,0,2,80,513,1503,1432,3530,0.0,0.0,0.0,0.00056657223796,0.022662889518414,0.145325779036827,0.425779036827195,0.405665722379603
1,463,0,0,0,4,76,536,1508,1401,3525,0.0,0.0,0.0,0.00113475177305,0.021560283687943,0.152056737588652,0.427801418439716,0.397446808510638
1,464,0,0,0,6,61,567,1494,1392,3520,0.0,0.0,0.0,0.001704545454545,0.017329545454545,0.161079545454545,0.424431818181818,0.395454545454545
1,465,0,0,0,5,84,525,1521,1380,3515,0.0,0.0,0.0,0.001422475106686,0.023897581792319,0.149359886201991,0.43271692745377,0.392603129445235
1,466,0,0,0,4,74,502,1486,1444,3510,0.0,0.0,0.0,0.001139601139601,0.021082621082621,0.143019943019943,0.423361823361823,0.411396011396011
1,467,0,0,0,6,81,510,1513,1395,3505,0.0,0.0,0.0,0.001711840228245,0.023109843081312,0.145506419400856,0.431669044222539,0.398002853067047
1,468,0,0,0,3,78,507,1484,1428,3500,0.0,0.0,0.0,0.000857142857143,0.022285714285714,0.144857142857143,0.424,0.408
1,469,0,0,0,6,67,541,1447,1434,3495,0.0,0.0,0.0,0.001716738197425,0.019170243204578,0.154792560801144,0.414020028612303,0.410300429184549
1,470,0,0,0,7,81,545,1461,1396,3490,0.0,0.0,0.0,0.002005730659026,0.023209169054441,0.156160458452722,0.418624641833811,0.4
1,471,0,0,0,3,65,514,1459,1444,3485,0.0,0.0,0.0,0.000860832137733,0.018651362984218,0.147489239598278,0.418651362984218,0.414347202295552
1,472,0,0,0,6,73,525,1449,1427,3480,0.0,0.0,0.0,0.001724137931034,0.020977011494253,0.150862068965517,0.416379310344828,0.410057471264368
1,473,0,0,1,5,66,495,1466,1442,3475,0.0,0.0,0.000287769784173,0.001438848920863,0.018992805755396,0.142446043165468,0.421870503597122,0.414964028776978
1,474,0,0,0,2,82,554,1457,1375,3470,0.0,0.0,0.0,0.000576368876081,0.023631123919308,0.159654178674352,0.419884726224784,0.396253602305476
1,475,0,0,0,8,97,521,1456,1383,3465,0.0,0.0,0.0,0.002308802308802,0.027994227994228,0.15036075036075,0.42020202020202,0.399134199134199
1,476,0,0,0,4,81,489,1504,1382,3460,0.0,0.0,0.0,0.001156069364162,0.023410404624277,0.141329479768786,0.434682080924855,0.399421965317919
1,477,0,0,0,4,82,533,1499,1337,3455,0.0,0.0,0.0,0.001157742402315,0.023733719247467,0.154269175108538,0.433863965267728,0.386975397973951
1,478,0,0,0,7,75,555,1427,1386,3450,0.0,0.0,0.0,0.002028985507246,0.021739130434783,0.160869565217391,0.413623188405797,0.401739130434783
1,479,0,0,0,5,77,535,1430,1398,3445,0.0,0.0,0.0,0.001451378809869,0.022351233671988,0.155297532656023,0.415094339622642,0.405805515239477
1,480,0,0,0,1,74,542,1427,1396,3440,0.0,0.0,0.0,0.000290697674419,0.021511627906977,0.157558139534884,0.414825581395349,0.405813953488372
1,481,0,0,0,2,81,541,1416,1395,3435,0.0,0.0,0.0,0.000582241630277,0.023580786026201,0.157496360989811,0.412227074235808,0.406113537117904
1,482,0,0,1,3,71,538,1458,1359,3430,0.0,0.0,0.000291545189504,0.000874635568513,0.02069970845481,0.156851311953353,0.425072886297376,0.396209912536443
1,483,0,0,0,2,94,540,1420,1369,3425,0.0,0.0,0.0,0.000583941605839,0.027445255474453,0.157664233576642,0.414598540145985,0.39970802919708
1,484,0,0,0,4,78,495,1451,1392,3420,0.0,0.0,0.0,0.001169590643275,0.02280701754386,0.144736842105263,0.424269005847953,0.407017543859649
1,485,0,0,0,4,77,470,1462,1402,3415,0.0,0.0,0.0,0.001171303074671,0.022547584187408,0.137628111273792,0.428111273792094,0.410541727672035
1,486,0,0,0,2,67,502,1471,1368,3410,0.0,0.0,0.0,0.00058651026393,0.019648093841642,0.147214076246334,0.431378299120235,0.401173020527859
1,487,0,0,0,3,70,496,1471,1365,3405,0.0,0.0,0.0,0.000881057268722,0.020558002936858,0.145668135095448,0.43201174743025,0.400881057268722
1,488,0,0,0,2,78,496,1436,1388,3400,0.0,0.0,0.0,0.000588235294118,0.022941176470588,0.145882352941176,0.422352941176471,0.408235294117647
1,489,0,0,0,6,79,512,1453,1345,3395,0.0,0.0,0.0,0.001767304860088,0.023269513991163,0.15081001472754,0.427982326951399,0.396170839469809
1,490,0,0,0,5,54,518,1398,1415,3390,0.0,0.0,0.0,0.001474926253687,0.015929203539823,0.152802359882006,0.412389380530973,0.41740412979351
1,491,0,0,0,3,71,506,1439,1366,3385,0.0,0.0,0.0,0.000886262924668,0.020974889217134,0.149483013293944,0.425110782865583,0.403545051698671
1,492,0,0,0,5,63,482,1477,1353,3380,0.0,0.0,0.0,0.001479289940828,0.018639053254438,0.142603550295858,0.43698224852071,0.400295857988166
1,493,0,0,0,2,75,493,1419,1386,3375,0.0,0.0,0.0,0.000592592592593,0.022222222222222,0.146074074074074,0.420444444444444,0.410666666666667
1,494,0,0,1,5,67,513,1477,1307,3370,0.0,0.0,0.000296735905045,0.001483679525223,0.019881305637982,0.152225519287834,0.438278931750742,0.387833827893175
1,495,0,0,0,5,68,475,1466,1351,3365,0.0,0.0,0.0,0.00148588410104,0.020208023774146,0.141158989598811,0.435661218424963,0.40148588410104
1,496,0,0,0,5,60,507,1461,1327,3360,0.0,0.0,0.0,0.001488095238095,0.017857142857143,0.150892857142857,0.434821428571429,0.394940476190476
1,497,0,0,0,2,79,489,1460,1325,3355,0.0,0.0,0.0,0.000596125186289,0.02354694485842,0.14575260804769,0.435171385991058,0.394932935916542
1,498,0,0,0,4,65,525,1386,1370,3350,0.0,0.0,0.0,0.001194029850746,0.019402985074627,0.156716417910448,0.413731343283582,0.408955223880597
1,499,0,0,0,2,89,501,1385,1368,3345,0.0,0.0,0.0,0.000597907324365,0.02660687593423,0.149775784753363,0.414050822122571,0.408968609865471
1,500,0,0,0,9,76,490,1445,1320,3340,0.0,0.0,0.0,0.002694610778443,0.022754491017964,0.146706586826347,0.432634730538922,0.395209580838323
1,501,0,0,0,6,59,514,1441,1315,3335,0.0,0.0,0.0,0.001799100449775,0.017691154422789,0.154122938530735,0.432083958020989,0.394302848575712
1,502,0,0,0,3,67,491,1426,1343,3330,0.0,0.0,0.0,0.000900900900901,0.02012012012012,0.147447447447447,0.428228228228228,0.403303303303303
1,503,0,0,0,6,79,488,1413,1339,3325,0.0,0.0,0.0,0.001804511278195,0.023759398496241,0.146766917293233,0.424962406015038,0.402706766917293
1,504,0,0,0,1,70,493,1414,1342,3320,0.0,0.0,0.0,0.000301204819277,0.021084337349398,0.148493975903614,0.425903614457831,0.40421686746988
1,505,0,0,0,3,63,499,1404,1346,3315,0.0,0.0,0.0,0.000904977375566,0.019004524886878,0.15052790346908,0.423529411764706,0.406033182503771
1,506,0,0,0,5,58,488,1396,1363,3310,0.0,0.0,0.0,0.001510574018127,0.017522658610272,0.147432024169184,0.421752265861027,0.41178247734139
1,507,0,0,1,6,74,490,1413,1321,3305,0.0,0.0,0.000302571860817,0.001815431164902,0.022390317700454,0.148260211800303,0.427534039334342,0.399697428139183
1,508,0,0,0,2,71,508,1409,1310,3300,0.0,0.0,0.0,0.000606060606061,0.021515151515152,0.153939393939394,0.426969696969697,0.396969696969697
1,509,0,0,0,2,67,503,1393,1330,3295,0.0,0.0,0.0,0.000606980273141,0.020333839150228,0.152655538694992,0.422761760242792,0.403641881638847
1,510,0,0,0,6,77,485,1415,1307,3290,0.0,0.0,0.0,0.001823708206687,0.023404255319149,0.14741641337386,0.430091185410334,0.39726443768997
1,511,0,0,0,5,67,473,1381,1359,3285,0.0,0.0,0.0,0.001522070015221,0.020395738203957,0.143987823439878,0.420395738203957,0.413698630136986
1,512,0,0,0,2,71,493,1394,1320,3280,0.0,0.0,0.0,0.000609756097561,0.021646341463415,0.15030487804878,0.425,0.402439024390244
1,513,0,0,0,6,81,480,1338,1370,3275,0.0,0.0,0.0,0.001832061068702,0.024732824427481,0.146564885496183,0.408549618320611,0.418320610687023
1,514,0,0,0,7,81,476,1348,1358,3270,0.0,0.0,0.0,0.002140672782875,0.024770642201835,0.145565749235474,0.412232415902141,0.415290519877676
1,515,0,0,0,5,82,462,1402,1314,3265,0.0,0.0,0.0,0.001531393568147,0.025114854517611,0.141500765696784,0.429402756508423,0.402450229709035
1,516,0,0,0,7,77,486,1400,1290,3260,0.0,0.0,0.0,0.002147239263804,0.02361963190184,0.149079754601227,0.429447852760736,0.395705521472393
1,517,0,0,0,5,79,498,1415,1258,3255,0.0,0.0,0.0,0.001536098310292,0.024270353302611,0.152995391705069,0.434715821812596,0.386482334869432
1,518,0,0,0,2,77,464,1378,1329,3250,0.0,0.0,0.0,0.000615384615385,0.023692307692308,0.142769230769231,0.424,0.408923076923077
1,519,0,0,1,4,61,465,1410,1304,3245,0.0,0.0,0.000308166409861,0.001232665639445,0.018798151001541,0.143297380585516,0.434514637904468,0.401848998459168
1,520,0,0,0,10,68,484,1363,1315,3240,0.0,0.0,0.0,0.003086419753086,0.020987654320988,0.149382716049383,0.420679012345679,0.405864197530864
1,521,0,0,0,5,71,455,1346,1358,3235,0.0,0.0,0.0,0.001545595054096,0.021947449768161,0.14064914992272,0.416074188562597,0.419783616692427
1,522,0,0,0,3,66,482,1333,1346,3230,0.0,0.0,0.0,0.000928792569659,0.020433436532508,0.14922600619195,0.412693498452012,0.41671826625387
1,523,0,0,0,6,73,491,1345,1310,3225,0.0,0.0,0.0,0.001860465116279,0.022635658914729,0.152248062015504,0.417054263565891,0.406201550387597
1,524,0,0,0,4,70,502,1383,1261,3220,0.0,0.0,0.0,0.001242236024845,0.021739130434783,0.155900621118012,0.429503105590062,0.391614906832298
1,525,0,0,1,4,68,454,1388,1300,3215,0.0,0.0,0.000311041990669,0.001244167962675,0.021150855365474,0.141213063763608,0.431726283048212,0.404354587869362
1,526,0,0,0,5,59,509,1366,1271,3210,0.0,0.0,0.0,0.001557632398754,0.018380062305296,0.158566978193146,0.425545171339564,0.39595015576324
1,527,0,0,0,1,62,457,1335,1350,3205,0.0,0.0,0.0,0.000312012480499,0.019344773790952,0.142589703588144,0.416536661466459,0.421216848673947
1,528,0,0,0,4,74,480,1387,1255,3200,0.0,0.0,0.0,0.00125,0.023125,0.15,0.4334375,0.3921875
1,529,0,0,2,6,69,485,1376,1257,3195,0.0,0.0,0.000625978090767,0.0018779342723,0.021596244131455,0.151799687010955,0.430672926447574,0.393427230046948
1,530,0,0,0,3,75,459,1361,1292,3190,0.0,0.0,0.0,0.000940438871473,0.023510971786834,0.143887147335423,0.426645768025078,0.405015673981191
1,531,0,0,0,6,53,506,1331,1289,3185,0.0,0.0,0.0,0.001883830455259,0.016640502354788,0.158869701726845,0.417896389324961,0.404709576138148
1,532,0,0,0,6,76,476,1352,1270,3180,0.0,0.0,0.0,0.00188679245283,0.023899371069182,0.149685534591195,0.425157232704403,0.39937106918239
1,533,0,0,1,3,75,464,1359,1273,3175,0.0,0.0,0.000314960629921,0.000944881889764,0.023622047244094,0.146141732283465,0.428031496062992,0.400944881889764
1,534,0,0,0,5,74,473,1325,1293,3170,0.0,0.0,0.0,0.001577287066246,0.023343848580442,0.149211356466877,0.417981072555205,0.40788643533123
1,535,0,0,0,7,65,460,1362,1271,3165,0.0,0.0,0.0,0.002211690363349,0.020537124802528,0.145339652448657,0.430331753554502,0.401579778830964
1,536,0,0,0,2,73,451,1331,1303,3160,0.0,0.0,0.0,0.000632911392405,0.023101265822785,0.142721518987342,0.42120253164557,0.412341772151899
1,537,0,0,0,2,69,467,1353,1264,3155,0.0,0.0,0.0,0.000633914421553,0.021870047543582,0.148019017432647,0.428843106180666,0.400633914421553
1,538,0,0,1,3,71,459,1323,1293,3150,0.0,0.0,0.00031746031746,0.000952380952381,0.022539682539683,0.145714285714286,0.42,0.41047619047619
1,539,0,0,1,5,72,487,1310,1270,3145,0.0,0.0,0.000317965023847,0.001589825119237,0.022893481717011,0.154848966613673,0.416534181240064,0.403815580286169
1,540,0,0,0,8,74,474,1285,1299,3140,0.0,0.0,0.0,0.002547770700637,0.023566878980892,0.150955414012739,0.409235668789809,0.413694267515924
1,541,0,0,0,6,76,513,1287,1253,3135,0.0,0.0,0.0,0.001913875598086,0.024242424242424,0.163636363636364,0.410526315789474,0.399681020733652
1,542,0,0,0,2,71,455,1295,1307,3130,0.0,0.0,0.0,0.000638977635783,0.022683706070288,0.145367412140575,0.413738019169329,0.417571884984026
1,543,0,0,0,4,75,493,1296,1257,3125,0.0,0.0,0.0,0.00128,0.024,0.15776,0.41472,0.40224
1,544,0,0,0,2,73,441,1341,1263,3120,0.0,0.0,0.0,0.000641025641026,0.023397435897436,0.141346153846154,0.429807692307692,0.404807692307692
1,545,0,0,1,5,89,432,1294,1294,3115,0.0,0.0,0.000321027287319,0.001605136436597,0.028571428571429,0.13868378812199,0.415409309791332,0.415409309791332
1,546,0,0,0,6,52,454,1345,1253,3110,0.0,0.0,0.0,0.001929260450161,0.016720257234727,0.145980707395498,0.432475884244373,0.402893890675241
1,547,0,0,0,6,74,472,1288,1265,3105,0.0,0.0,0.0,0.001932367149758,0.023832528180354,0.152012882447665,0.414814814814815,0.407407407407407
1,548,0,0,0,4,65,478,1280,1273,3100,0.0,0.0,0.0,0.001290322580645,0.020967741935484,0.154193548387097,0.412903225806452,0.410645161290323
1,549,0,0,0,5,67,476,1306,1241,3095,0.0,0.0,0.0,0.001615508885299,0.021647819063005,0.153796445880452,0.421970920840065,0.400969305331179
1,550,0,0,0,4,55,467,1301,1263,3090,0.0,0.0,0.0,0.001294498381877,0.017799352750809,0.151132686084142,0.421035598705502,0.40873786407767
1,551,0,0,0,3,62,467,1318,1235,3085,0.0,0.0,0.0,0.00097244732577,0.020097244732577,0.151377633711507,0.427228525121556,0.40032414910859
1,552,0,0,0,4,72,490,1302,1212,3080,0.0,0.0,0.0,0.001298701298701,0.023376623376623,0.159090909090909,0.422727272727273,0.393506493506494
1,553,0,0,0,2,65,470,1305,1233,3075,0.0,0.0,0.0,0.000650406504065,0.021138211382114,0.152845528455285,0.424390243902439,0.400975609756098
1,554,0,0,0,3,76,474,1278,1239,3070,0.0,0.0,0.0,0.000977198697068,0.024755700325733,0.154397394136808,0.41628664495114,0.403583061889251
1,555,0,0,0,4,77,454,1312,1218,3065,0.0,0.0,0.0,0.001305057096248,0.025122349102773,0.148123980424144,0.428058727569331,0.397389885807504
1,556,0,0,0,2,70,451,1258,1279,3060,0.0,0.0,0.0,0.000653594771242,0.022875816993464,0.147385620915033,0.411111111111111,0.41797385620915
1,557,0,0,1,2,66,468,1322,1196,3055,0.0,0.0,0.000327332242226,0.000654664484452,0.021603927986907,0.153191489361702,0.432733224222586,0.391489361702128
1,558,0,0,1,5,83,420,1287,1254,3050,0.0,0.0,0.000327868852459,0.001639344262295,0.027213114754098,0.137704918032787,0.421967213114754,0.411147540983607
1,559,0,0,0,3,71,446,1248,1277,3045,0.0,0.0,0.0,0.000985221674877,0.023316912972085,0.146469622331691,0.409852216748768,0.419376026272578
1,560,0,0,0,3,74,458,1281,1224,3040,0.0,0.0,0.0,0.000986842105263,0.024342105263158,0.150657894736842,0.421381578947368,0.402631578947368
1,561,0,0,0,4,80,441,1303,1207,3035,0.0,0.0,0.0,0.001317957166392,0.026359143327842,0.145304777594728,0.429324546952224,0.397693574958814
1,562,0,0,0,3,75,437,1301,1214,3030,0.0,0.0,0.0,0.000990099009901,0.024752475247525,0.144224422442244,0.429372937293729,0.400660066006601
1,563,0,0,0,4,67,451,1289,1214,3025,0.0,0.0,0.0,0.001322314049587,0.022148760330579,0.149090909090909,0.426115702479339,0.401322314049587
1,564,0,0,0,6,60,417,1308,1229,3020,0.0,0.0,0.0,0.001986754966887,0.019867549668874,0.138079470198676,0.433112582781457,0.406953642384106
1,565,0,0,0,2,54,463,1270,1226,3015,0.0,0.0,0.0,0.000663349917081,0.017910447761194,0.153565505804312,0.4212271973466,0.406633499170813
1,566,0,0,0,4,65,466,1303,1172,3010,0.0,0.0,0.0,0.001328903654485,0.021594684385382,0.154817275747508,0.432890365448505,0.38936877076412
1,567,0,0,1,4,68,449,1271,1212,3005,0.0,0.0,0.000332778702163,0.001331114808652,0.022628951747088,0.149417637271215,0.422961730449251,0.403327787021631
1,568,0,0,1,5,72,400,1235,1287,3000,0.0,0.0,0.000333333333333,0.001666666666667,0.024,0.133333333333333,0.411666666666667,0.429
1,569,0,0,0,2,64,419,1289,1221,2995,0.0,0.0,0.0,0.000667779632721,0.021368948247078,0.139899833055092,0.430383973288815,0.407679465776294
1,570,0,0,0,4,50,455,1266,1215,2990,0.0,0.0,0.0,0.00133779264214,0.016722408026756,0.152173913043478,0.423411371237458,0.406354515050167
1,571,0,0,0,1,80,441,1247,1216,2985,0.0,0.0,0.0,0.000335008375209,0.02680067001675,0.147738693467337,0.417755443886097,0.407370184254606
1,572,0,0,0,2,78,444,1262,1194,2980,0.0,0.0,0.0,0.000671140939597,0.026174496644295,0.148993288590604,0.423489932885906,0.400671140939597
1,573,0,0,0,4,55,423,1293,1200,2975,0.0,0.0,0.0,0.001344537815126,0.018487394957983,0.14218487394958,0.434621848739496,0.403361344537815
1,574,0,0,0,4,60,460,1195,1251,2970,0.0,0.0,0.0,0.001346801346801,0.02020202020202,0.154882154882155,0.402356902356902,0.421212121212121
1,575,0,0,0,4,61,431,1241,1228,2965,0.0,0.0,0.0,0.001349072512648,0.020573355817875,0.145362563237774,0.418549747048904,0.414165261382799
1,576,0,0,0,2,64,415,1267,1212,2960,0.0,0.0,0.0,0.000675675675676,0.021621621621622,0.140202702702703,0.428040540540541,0.409459459459459
1,577,0,0,0,4,70,432,1260,1189,2955,0.0,0.0,0.0,0.001353637901861,0.023688663282572,0.146192893401015,0.426395939086294,0.402368866328257
1,578,0,0,0,3,57,431,1244,1215,2950,0.0,0.0,0.0,0.001016949152542,0.019322033898305,0.146101694915254,0.421694915254237,0.411864406779661
1,579,0,0,0,5,56,405,1244,1235,2945,0.0,0.0,0.0,0.00169779286927,0.019015280135823,0.137521222410866,0.422410865874363,0.419354838709677
1,580,0,0,0,2,52,449,1195,1242,2940,0.0,0.0,0.0,0.000680272108844,0.017687074829932,0.152721088435374,0.406462585034014,0.422448979591837
1,581,0,0,0,2,62,432,1250,1189,2935,0.0,0.0,0.0,0.000681431005111,0.021124361158433,0.147189097103918,0.425894378194208,0.405110732538331
1,582,0,0,0,5,57,431,1245,1192,2930,0.0,0.0,0.0,0.001706484641638,0.019453924914676,0.147098976109215,0.424914675767918,0.406825938566553
1,583,0,0,0,7,65,420,1224,1209,2925,0.0,0.0,0.0,0.002393162393162,0.022222222222222,0.143589743589744,0.418461538461538,0.413333333333333
1,584,0,0,0,3,66,435,1224,1192,2920,0.0,0.0,0.0,0.001027397260274,0.022602739726027,0.148972602739726,0.419178082191781,0.408219178082192
1,585,0,0,0,6,58,456,1202,1193,2915,0.0,0.0,0.0,0.002058319039451,0.019897084048027,0.156432246998285,0.412349914236707,0.40926243567753
1,586,0,0,1,1,65,444,1197,1202,2910,0.0,0.0,0.000343642611684,0.000343642611684,0.02233676975945,0.152577319587629,0.411340206185567,0.413058419243986
1,587,0,0,1,5,52,437,1213,1197,2905,0.0,0.0,0.000344234079174,0.001721170395869,0.01790017211704,0.150430292598967,0.417555938037866,0.412048192771084
1,588,0,0,0,2,79,411,1226,1182,2900,0.0,0.0,0.0,0.000689655172414,0.027241379310345,0.141724137931034,0.422758620689655,0.407586206896552
1,589,0,0,0,4,80,426,1181,1204,2895,0.0,0.0,0.0,0.001381692573402,0.027633851468048,0.147150259067358,0.407944732297064,0.415889464594128
1,590,0,0,0,3,76,418,1253,1140,2890,0.0,0.0,0.0,0.001038062283737,0.026297577854671,0.144636678200692,0.43356401384083,0.394463667820069
1,591,0,0,0,4,65,425,1203,1188,2885,0.0,0.0,0.0,0.001386481802426,0.022530329289428,0.147313691507799,0.416984402079723,0.411785095320624
1,592,0,0,1,2,58,427,1229,1163,2880,0.0,0.0,0.000347222222222,0.000694444444444,0.020138888888889,0.148263888888889,0.426736111111111,0.403819444444444
1,593,0,0,0,2,51,450,1197,1175,2875,0.0,0.0,0.0,0.000695652173913,0.017739130434783,0.156521739130435,0.416347826086957,0.408695652173913
1,594,0,0,0,3,69,400,1233,1165,2870,0.0,0.0,0.0,0.001045296167247,0.02404181184669,0.139372822299652,0.429616724738676,0.405923344947735
1,595,0,0,0,9,63,421,1205,1167,2865,0.0,0.0,0.0,0.003141361256545,0.021989528795812,0.14694589877836,0.420593368237347,0.407329842931937
1,596,0,0,0,4,62,442,1209,1143,2860,0.0,0.0,0.0,0.001398601398601,0.021678321678322,0.154545454545455,0.422727272727273,0.39965034965035
1,597,0,0,0,3,59,411,1223,1159,2855,0.0,0.0,0.0,0.001050788091068,0.020665499124343,0.143957968476357,0.428371278458844,0.405954465849387
1,598,0,0,0,3,60,415,1179,1193,2850,0.0,0.0,0.0,0.001052631578947,0.021052631578947,0.145614035087719,0.413684210526316,0.41859649122807
1,599,0,0,0,3,62,421,1202,1157,2845,0.0,0.0,0.0,0.001054481546573,0.021792618629174,0.147978910369069,0.422495606326889,0.406678383128295
1,600,0,0,0,5,58,424,1200,1153,2840,0.0,0.0,0.0,0.001760563380282,0.020422535211268,0.149295774647887,0.422535211267606,0.405985915492958
1,601,0,0,0,2,74,445,1217,1097,2835,0.0,0.0,0.0,0.000705467372134,0.026102292768959,0.156966490299824,0.429276895943563,0.38694885361552
1,602,0,0,0,8,52,431,1194,1145,2830,0.0,0.0,0.0,0.002826855123675,0.018374558303887,0.152296819787986,0.421908127208481,0.404593639575972
1,603,0,0,0,3,47,446,1129,1200,2825,0.0,0.0,0.0,0.001061946902655,0.016637168141593,0.15787610619469,0.399646017699115,0.424778761061947
1,604,0,0,0,2,84,420,1234,1080,2820,0.0,0.0,0.0,0.000709219858156,0.029787234042553,0.148936170212766,0.43758865248227,0.382978723404255
1,605,0,0,0,7,58,454,1176,1120,2815,0.0,0.0,0.0,0.002486678507993,0.020603907637655,0.161278863232682,0.417761989342806,0.397868561278863
1,606,0,0,0,2,72,429,1167,1140,2810,0.0,0.0,0.0,0.000711743772242,0.025622775800712,0.152669039145907,0.415302491103203,0.405693950177936
1,607,0,0,0,3,58,412,1180,1152,2805,0.0,0.0,0.0,0.001069518716578,0.020677361853832,0.146880570409982,0.420677361853832,0.410695187165775
1,608,0,0,0,4,70,397,1247,1082,2800,0.0,0.0,0.0,0.001428571428571,0.025,0.141785714285714,0.445357142857143,0.386428571428571
1,609,0,0,0,4,63,437,1154,1137,2795,0.0,0.0,0.0,0.001431127012522,0.022540250447227,0.156350626118068,0.412880143112701,0.406797853309481
1,610,0,0,0,3,54,387,1160,1186,2790,0.0,0.0,0.0,0.001075268817204,0.019354838709677,0.138709677419355,0.415770609318996,0.425089605734767
1,611,0,0,0,2,60,392,1190,1141,2785,0.0,0.0,0.0,0.000718132854578,0.021543985637343,0.140754039497307,0.427289048473968,0.409694793536804
1,612,0,0,0,2,56,413,1189,1120,2780,0.0,0.0,0.0,0.000719424460432,0.020143884892086,0.148561151079137,0.427697841726619,0.402877697841727
1,613,0,0,0,8,57,396,1161,1153,2775,0.0,0.0,0.0,0.002882882882883,0.020540540540541,0.142702702702703,0.418378378378378,0.415495495495495
1,614,0,0,0,3,58,397,1200,1112,2770,0.0,0.0,0.0,0.001083032490975,0.020938628158845,0.143321299638989,0.433212996389892,0.4014440433213
1,615,0,0,0,2,68,402,1188,1105,2765,0.0,0.0,0.0,0.000723327305606,0.024593128390597,0.145388788426763,0.429656419529837,0.399638336347197
1,616,0,0,0,1,67,391,1150,1151,2760,0.0,0.0,0.0,0.00036231884058,0.024275362318841,0.141666666666667,0.416666666666667,0.417028985507246
1,617,0,0,0,5,72,395,1139,1144,2755,0.0,0.0,0.0,0.001814882032668,0.026134301270417,0.143375680580762,0.413430127041742,0.41524500907441
1,618,0,0,0,4,50,389,1158,1149,2750,0.0,0.0,0.0,0.001454545454545,0.018181818181818,0.141454545454545,0.421090909090909,0.417818181818182
1,619,0,0,0,5,57,412,1139,1132,2745,0.0,0.0,0.0,0.001821493624772,0.020765027322404,0.150091074681239,0.414936247723133,0.412386156648452
1,620,0,0,0,2,71,418,1187,1062,2740,0.0,0.0,0.0,0.000729927007299,0.025912408759124,0.152554744525547,0.433211678832117,0.387591240875912
1,621,0,0,1,4,56,396,1182,1096,2735,0.0,0.0,0.00036563071298,0.00146252285192,0.020475319926874,0.144789762340037,0.43217550274223,0.40073126142596
1,622,0,0,0,5,38,371,1163,1153,2730,0.0,0.0,0.0,0.001831501831502,0.013919413919414,0.135897435897436,0.426007326007326,0.422344322344322
1,623,0,0,0,5,53,420,1159,1088,2725,0.0,0.0,0.0,0.001834862385321,0.019449541284404,0.154128440366972,0.425321100917431,0.399266055045872
1,624,0,0,0,5,76,374,1129,1136,2720,0.0,0.0,0.0,0.001838235294118,0.027941176470588,0.1375,0.415073529411765,0.417647058823529
1,625,0,0,0,6,76,411,1132,1090,2715,0.0,0.0,0.0,0.002209944751381,0.027992633517495,0.151381215469613,0.416942909760589,0.401473296500921
1,626,0,0,0,5,53,388,1169,1095,2710,0.0,0.0,0.0,0.001845018450185,0.019557195571956,0.143173431734317,0.431365313653137,0.404059040590406
1,627,0,0,0,3,65,393,1168,1076,2705,0.0,0.0,0.0,0.001109057301294,0.024029574861368,0.145286506469501,0.431792975970425,0.397781885397412
1,628,0,0,0,3,60,407,1111,1119,2700,0.0,0.0,0.0,0.001111111111111,0.022222222222222,0.150740740740741,0.411481481481482,0.414444444444444
1,629,0,0,0,1,62,430,1115,1087,2695,0.0,0.0,0.0,0.000371057513915,0.023005565862709,0.159554730983302,0.413729128014842,0.403339517625232
1,630,0,0,0,3,57,360,1157,1113,2690,0.0,0.0,0.0,0.001115241635688,0.021189591078067,0.133828996282528,0.430111524163569,0.413754646840149
1,631,0,0,0,5,50,399,1147,1084,2685,0.0,0.0,0.0,0.001862197392924,0.018621973929237,0.148603351955307,0.427188081936685,0.403724394785847
1,632,0,0,0,4,59,393,1131,1093,2680,0.0,0.0,0.0,0.001492537313433,0.022014925373134,0.146641791044776,0.422014925373134,0.407835820895522
1,633,0,0,0,5,46,383,1166,1075,2675,0.0,0.0,0.0,0.001869158878505,0.017196261682243,0.143177570093458,0.43588785046729,0.401869158878505
1,634,0,0,0,3,54,396,1139,1078,2670,0.0,0.0,0.0,0.001123595505618,0.020224719101124,0.148314606741573,0.426591760299625,0.40374531835206
1,635,0,0,0,4,62,373,1167,1059,2665,0.0,0.0,0.0,0.001500938086304,0.023264540337711,0.139962476547842,0.437898686679174,0.397373358348968
1,636,0,0,0,4,59,408,1101,1088,2660,0.0,0.0,0.0,0.001503759398496,0.02218045112782,0.153383458646617,0.41390977443609,0.409022556390977
1,637,0,0,0,1,46,397,1162,1049,2655,0.0,0.0,0.0,0.000376647834275,0.017325800376648,0.149529190207156,0.437664783427495,0.395103578154426
1,638,0,0,0,3,62,385,1139,1061,2650,0.0,0.0,0.0,0.001132075471698,0.023396226415094,0.145283018867925,0.429811320754717,0.400377358490566
1,639,0,0,0,0,52,385,1195,1013,2645,0.0,0.0,0.0,0.0,0.019659735349716,0.145557655954631,0.45179584120983,0.382986767485822
1,640,0,0,0,4,58,406,1063,1109,2640,0.0,0.0,0.0,0.001515151515152,0.021969696969697,0.153787878787879,0.402651515151515,0.420075757575758
1,641,0,0,0,4,67,384,1157,1023,2635,0.0,0.0,0.0,0.001518026565465,0.025426944971537,0.14573055028463,0.439089184060721,0.388235294117647
1,642,0,0,0,2,55,379,1137,1057,2630,0.0,0.0,0.0,0.000760456273764,0.020912547528517,0.144106463878327,0.432319391634981,0.401901140684411
1,643,0,0,0,3,54,391,1102,1075,2625,0.0,0.0,0.0,0.001142857142857,0.020571428571429,0.148952380952381,0.419809523809524,0.40952380952381
1,644,0,0,0,0,53,394,1158,1015,2620,0.0,0.0,0.0,0.0,0.020229007633588,0.150381679389313,0.441984732824427,0.387404580152672
1,645,0,0,0,2,73,395,1127,1018,2615,0.0,0.0,0.0,0.000764818355641,0.02791586998088,0.151051625239006,0.430975143403442,0.389292543021032
1,646,0,0,0,3,49,397,1104,1057,2610,0.0,0.0,0.0,0.001149425287356,0.018773946360153,0.152107279693487,0.422988505747126,0.404980842911877
1,647,0,0,0,5,57,348,1120,1075,2605,0.0,0.0,0.0,0.001919385796545,0.021880998080614,0.133589251439539,0.429942418426104,0.412667946257198
1,648,0,0,0,1,52,374,1128,1045,2600,0.0,0.0,0.0,0.000384615384615,0.02,0.143846153846154,0.433846153846154,0.401923076923077
1,649,0,0,0,2,46,397,1081,1069,2595,0.0,0.0,0.0,0.000770712909441,0.017726396917148,0.152986512524085,0.416570327552987,0.411946050096339
1,650,0,0,0,2,53,392,1124,1019,2590,0.0,0.0,0.0,0.000772200772201,0.02046332046332,0.151351351351351,0.433976833976834,0.393436293436293
1,651,0,0,0,2,56,377,1097,1053,2585,0.0,0.0,0.0,0.000773694390716,0.021663442940039,0.145841392649903,0.424371373307544,0.407350096711799
1,652,0,0,0,3,41,372,1123,1041,2580,0.0,0.0,0.0,0.001162790697674,0.015891472868217,0.144186046511628,0.435271317829457,0.403488372093023
1,653,0,0,0,3,58,369,1093,1052,2575,0.0,0.0,0.0,0.001165048543689,0.02252427184466,0.143300970873786,0.424466019417476,0.408543689320388
1,654,0,0,0,1,47,352,1122,1048,2570,0.0,0.0,0.0,0.000389105058366,0.018287937743191,0.136964980544747,0.436575875486381,0.407782101167315
1,655,0,0,0,1,50,386,1077,1051,2565,0.0,0.0,0.0,0.000389863547758,0.019493177387914,0.150487329434698,0.419883040935673,0.409746588693957
1,656,0,0,0,3,53,364,1130,1010,2560,0.0,0.0,0.0,0.001171875,0.020703125,0.1421875,0.44140625,0.39453125
1,657,0,0,0,3,59,390,1058,1045,2555,0.0,0.0,0.0,0.001174168297456,0.023091976516634,0.152641878669276,0.414090019569472,0.409001956947162
1,658,0,0,0,3,42,379,1113,1013,2550,0.0,0.0,0.0,0.001176470588235,0.016470588235294,0.148627450980392,0.436470588235294,0.397254901960784
1,659,0,0,0,5,58,357,1124,1001,2545,0.0,0.0,0.0,0.00196463654224,0.02278978388998,0.140275049115914,0.441650294695481,0.393320235756385
1,660,0,0,1,9,44,387,1057,1042,2540,0.0,0.0,0.000393700787402,0.003543307086614,0.017322834645669,0.152362204724409,0.416141732283465,0.410236220472441
1,661,0,0,0,1,61,395,1003,1075,2535,0.0,0.0,0.0,0.000394477317554,0.024063116370809,0.155818540433925,0.395660749506903,0.424063116370809
1,662,0,0,0,4,46,374,1065,1041,2530,0.0,0.0,0.0,0.001581027667984,0.018181818181818,0.147826086956522,0.420948616600791,0.411462450592885
1,663,0,0,1,2,51,384,1063,1024,2525,0.0,0.0,0.00039603960396,0.000792079207921,0.02019801980198,0.152079207920792,0.420990099009901,0.405544554455446
1,664,0,0,0,3,68,351,1105,993,2520,0.0,0.0,0.0,0.001190476190476,0.026984126984127,0.139285714285714,0.438492063492063,0.394047619047619
1,665,0,0,0,2,46,381,1078,1008,2515,0.0,0.0,0.0,0.000795228628231,0.018290258449304,0.151491053677932,0.428628230616302,0.400795228628231
1,666,0,0,0,2,55,402,1051,1000,2510,0.0,0.0,0.0,0.000796812749004,0.02191235059761,0.160159362549801,0.418725099601594,0.398406374501992
1,667,0,0,0,6,47,379,1053,1020,2505,0.0,0.0,0.0,0.002395209580838,0.0187624750499,0.151297405189621,0.420359281437126,0.407185628742515
1,668,0,0,0,6,58,411,1044,981,2500,0.0,0.0,0.0,0.0024,0.0232,0.1644,0.4176,0.3924
1,669,0,0,0,0,60,354,1086,995,2495,0.0,0.0,0.0,0.0,0.024048096192385,0.14188376753507,0.435270541082164,0.398797595190381
1,670,0,0,0,4,46,364,1100,976,2490,0.0,0.0,0.0,0.001606425702811,0.018473895582329,0.146184738955823,0.441767068273092,0.391967871485944
1,671,0,0,0,3,56,365,1052,1009,2485,0.0,0.0,0.0,0.001207243460765,0.022535211267606,0.146881287726358,0.423340040241449,0.406036217303823
1,672,0,0,0,3,52,379,1040,1006,2480,0.0,0.0,0.0,0.001209677419355,0.020967741935484,0.152822580645161,0.419354838709677,0.405645161290323
1,673,0,0,0,5,58,353,1059,1000,2475,0.0,0.0,0.0,0.002020202020202,0.023434343434343,0.142626262626263,0.427878787878788,0.404040404040404
1,674,0,0,0,2,61,363,1067,977,2470,0.0,0.0,0.0,0.00080971659919,0.024696356275304,0.146963562753036,0.431983805668016,0.395546558704453
1,675,0,0,0,3,50,346,1006,1060,2465,0.0,0.0,0.0,0.001217038539554,0.020283975659229,0.140365111561866,0.408113590263692,0.430020283975659
1,676,0,0,0,2,44,349,1055,1010,2460,0.0,0.0,0.0,0.000813008130081,0.017886178861789,0.141869918699187,0.428861788617886,0.410569105691057
1,677,0,0,0,4,43,365,1051,992,2455,0.0,0.0,0.0,0.00162932790224,0.017515274949084,0.14867617107943,0.428105906313646,0.404073319755601
1,678,0,0,0,6,58,369,1043,974,2450,0.0,0.0,0.0,0.002448979591837,0.023673469387755,0.150612244897959,0.425714285714286,0.397551020408163
1,679,0,0,0,4,51,391,1054,945,2445,0.0,0.0,0.0,0.001635991820041,0.020858895705521,0.159918200408998,0.431083844580777,0.386503067484663
1,680,0,0,0,5,45,370,1051,969,2440,0.0,0.0,0.0,0.002049180327869,0.01844262295082,0.151639344262295,0.430737704918033,0.397131147540984
1,681,0,0,0,2,41,351,1019,1022,2435,0.0,0.0,0.0,0.00082135523614,0.016837782340862,0.144147843942505,0.418480492813142,0.419712525667351
1,682,0,0,0,3,63,359,1075,930,2430,0.0,0.0,0.0,0.001234567901235,0.025925925925926,0.147736625514403,0.44238683127572,0.382716049382716
1,683,0,0,0,5,50,360,1017,993,2425,0.0,0.0,0.0,0.002061855670103,0.020618556701031,0.148453608247423,0.419381443298969,0.409484536082474
1,684,0,0,0,5,55,340,1019,1001,2420,0.0,0.0,0.0,0.002066115702479,0.022727272727273,0.140495867768595,0.421074380165289,0.413636363636364
1,685,0,0,0,3,45,360,1005,1002,2415,0.0,0.0,0.0,0.001242236024845,0.018633540372671,0.149068322981366,0.416149068322981,0.414906832298137
1,686,0,0,0,0,56,337,1034,983,2410,0.0,0.0,0.0,0.0,0.023236514522822,0.139834024896266,0.429045643153527,0.407883817427386
1,687,0,0,0,2,46,395,997,965,2405,0.0,0.0,0.0,0.000831600831601,0.019126819126819,0.164241164241164,0.414553014553015,0.401247401247401
1,688,0,0,0,1,52,336,1054,957,2400,0.0,0.0,0.0,0.000416666666667,0.021666666666667,0.14,0.439166666666667,0.39875
1,689,0,0,0,3,44,380,1010,958,2395,0.0,0.0,0.0,0.00125260960334,0.018371607515658,0.15866388308977,0.421711899791232,0.4
1,690,0,0,0,3,46,359,996,986,2390,0.0,0.0,0.0,0.001255230125523,0.019246861924686,0.15020920502092,0.41673640167364,0.41255230125523
1,691,0,0,0,0,55,353,977,1000,2385,0.0,0.0,0.0,0.0,0.023060796645702,0.148008385744235,0.409643605870021,0.419287211740042
1,692,0,0,0,2,57,347,1031,943,2380,0.0,0.0,0.0,0.000840336134454,0.023949579831933,0.145798319327731,0.433193277310924,0.396218487394958
1,693,0,0,0,6,63,324,1010,972,2375,0.0,0.0,0.0,0.002526315789474,0.026526315789474,0.136421052631579,0.425263157894737,0.409263157894737
1,694,0,0,0,3,52,363,1016,936,2370,0.0,0.0,0.0,0.00126582278481,0.021940928270042,0.153164556962025,0.428691983122363,0.394936708860759
1,695,0,0,0,4,50,350,995,966,2365,0.0,0.0,0.0,0.00169133192389,0.021141649048626,0.147991543340381,0.420718816067653,0.40845665961945
1,696,0,0,0,1,55,329,1015,960,2360,0.0,0.0,0.0,0.000423728813559,0.023305084745763,0.139406779661017,0.430084745762712,0.406779661016949
1,697,0,0,0,4,51,335,999,966,2355,0.0,0.0,0.0,0.001698513800425,0.021656050955414,0.142250530785563,0.424203821656051,0.410191082802548
1,698,0,0,0,3,43,350,1003,951,2350,0.0,0.0,0.0,0.001276595744681,0.018297872340426,0.148936170212766,0.426808510638298,0.40468085106383
1,699,0,0,0,6,37,319,997,986,2345,0.0,0.0,0.0,0.002558635394456,0.015778251599147,0.136034115138593,0.425159914712154,0.42046908315565
1,700,0,0,0,3,36,353,980,968,2340,0.0,0.0,0.0,0.001282051282051,0.015384615384615,0.150854700854701,0.418803418803419,0.413675213675214
1,701,0,0,0,4,58,332,982,959,2335,0.0,0.0,0.0,0.001713062098501,0.024839400428266,0.142184154175589,0.420556745182013,0.410706638115632
1,702,0,0,0,4,50,331,1009,936,2330,0.0,0.0,0.0,0.001716738197425,0.021459227467811,0.14206008583691,0.433047210300429,0.401716738197425
1,703,0,0,0,6,49,316,956,998,2325,0.0,0.0,0.0,0.00258064516129,0.021075268817204,0.135913978494624,0.411182795698925,0.429247311827957
1,704,0,0,0,2,59,348,970,941,2320,0.0,0.0,0.0,0.000862068965517,0.025431034482759,0.15,0.418103448275862,0.405603448275862
1,705,0,0,0,3,58,329,994,931,2315,0.0,0.0,0.0,0.001295896328294,0.025053995680346,0.142116630669546,0.429373650107991,0.402159827213823
1,706,0,0,0,1,56,336,1004,913,2310,0.0,0.0,0.0,0.0004329004329,0.024242424242424,0.145454545454545,0.434632034632035,0.395238095238095
1,707,0,0,0,4,51,373,979,898,2305,0.0,0.0,0.0,0.00173535791757,0.022125813449024,0.161822125813449,0.42472885032538,0.389587852494577
1,708,0,0,0,0,53,322,973,952,2300,0.0,0.0,0.0,0.0,0.02304347826087,0.14,0.42304347826087,0.413913043478261
1,709,0,0,0,1,53,337,1010,894,2295,0.0,0.0,0.0,0.000435729847495,0.023093681917211,0.146840958605664,0.440087145969499,0.389542483660131
1,710,0,0,0,3,40,316,980,951,2290,0.0,0.0,0.0,0.001310043668122,0.017467248908297,0.137991266375546,0.427947598253275,0.41528384279476
1,711,0,0,0,2,44,330,980,929,2285,0.0,0.0,0.0,0.000875273522976,0.01925601750547,0.144420131291028,0.428884026258206,0.406564551422319
1,712,0,0,0,3,53,364,956,904,2280,0.0,0.0,0.0,0.001315789473684,0.023245614035088,0.159649122807018,0.419298245614035,0.396491228070175
1,713,0,0,0,4,54,360,967,890,2275,0.0,0.0,0.0,0.001758241758242,0.023736263736264,0.158241758241758,0.425054945054945,0.391208791208791
1,714,0,0,0,4,42,330,964,930,2270,0.0,0.0,0.0,0.001762114537445,0.018502202643172,0.145374449339207,0.424669603524229,0.409691629955947
1,715,0,0,0,5,47,343,966,904,2265,0.0,0.0,0.0,0.002207505518764,0.02075055187638,0.151434878587196,0.426490066225166,0.399116997792494
1,716,0,0,0,7,49,339,938,927,2260,0.0,0.0,0.0,0.003097345132743,0.021681415929204,0.15,0.415044247787611,0.410176991150442
1,717,0,0,0,3,47,334,941,930,2255,0.0,0.0,0.0,0.001330376940133,0.020842572062084,0.148115299334812,0.417294900221729,0.412416851441242
1,718,0,0,0,2,55,344,948,901,2250,0.0,0.0,0.0,0.000888888888889,0.024444444444444,0.152888888888889,0.421333333333333,0.400444444444444
1,719,0,0,0,1,51,339,929,925,2245,0.0,0.0,0.0,0.000445434298441,0.02271714922049,0.151002227171492,0.41380846325167,0.412026726057906
1,720,0,0,0,2,42,313,985,898,2240,0.0,0.0,0.0,0.000892857142857,0.01875,0.139732142857143,0.439732142857143,0.400892857142857
1,721,0,0,0,2,58,314,938,923,2235,0.0,0.0,0.0,0.00089485458613,0.025950782997763,0.140492170022371,0.419686800894855,0.412975391498881
1,722,0,0,0,3,57,340,905,925,2230,0.0,0.0,0.0,0.001345291479821,0.025560538116592,0.152466367713004,0.405829596412556,0.414798206278027
1,723,0,0,0,3,51,303,963,905,2225,0.0,0.0,0.0,0.001348314606742,0.022921348314607,0.136179775280899,0.432808988764045,0.406741573033708
1,724,0,0,0,0,53,330,951,886,2220,0.0,0.0,0.0,0.0,0.023873873873874,0.148648648648649,0.428378378378378,0.399099099099099
1,725,0,0,0,1,54,326,921,913,2215,0.0,0.0,0.0,0.000451467268623,0.024379232505643,0.147178329571106,0.415801354401806,0.412189616252822
1,726,0,0,0,4,51,349,943,863,2210,0.0,0.0,0.0,0.001809954751131,0.023076923076923,0.157918552036199,0.426696832579186,0.390497737556561
1,727,0,0,0,2,38,325,962,878,2205,0.0,0.0,0.0,0.000907029478458,0.017233560090703,0.147392290249433,0.436281179138322,0.398185941043084
1,728,0,0,0,0,41,314,965,880,2200,0.0,0.0,0.0,0.0,0.018636363636364,0.142727272727273,0.438636363636364,0.4
1,729,0,0,0,2,41,334,969,849,2195,0.0,0.0,0.0,0.000911161731207,0.018678815489749,0.152164009111617,0.441457858769932,0.386788154897494
1,730,0,0,0,1,57,317,956,859,2190,0.0,0.0,0.0,0.000456621004566,0.026027397260274,0.144748858447489,0.436529680365297,0.392237442922374
1,731,0,0,0,3,66,332,919,865,2185,0.0,0.0,0.0,0.00137299771167,0.030205949656751,0.151945080091533,0.420594965675057,0.395881006864989
1,732,0,0,0,2,39,337,937,865,2180,0.0,0.0,0.0,0.000917431192661,0.017889908256881,0.154587155963303,0.429816513761468,0.396788990825688
1,733,0,0,0,3,51,316,929,876,2175,0.0,0.0,0.0,0.001379310344828,0.023448275862069,0.145287356321839,0.427126436781609,0.402758620689655
1,734,0,0,1,4,45,290,928,902,2170,0.0,0.0,0.000460829493088,0.00184331797235,0.02073732718894,0.133640552995392,0.427649769585253,0.415668202764977
1,735,0,0,0,2,48,313,885,917,2165,0.0,0.0,0.0,0.000923787528868,0.022170900692841,0.144572748267898,0.408775981524249,0.423556581986143
1,736,0,0,0,2,41,338,895,884,2160,0.0,0.0,0.0,0.000925925925926,0.018981481481481,0.156481481481481,0.414351851851852,0.409259259259259
1,737,0,0,0,3,31,294,929,898,2155,0.0,0.0,0.0,0.00139211136891,0.014385150812065,0.136426914153132,0.431090487238979,0.416705336426914
1,738,0,0,0,4,36,310,873,927,2150,0.0,0.0,0.0,0.001860465116279,0.016744186046512,0.144186046511628,0.406046511627907,0.431162790697674
1,739,0,0,1,0,33,316,912,883,2145,0.0,0.0,0.0004662004662,0.0,0.015384615384615,0.147319347319347,0.425174825174825,0.411655011655012
1,740,0,0,0,3,41,308,910,878,2140,0.0,0.0,0.0,0.001401869158879,0.019158878504673,0.14392523364486,0.425233644859813,0.410280373831776
1,741,0,0,1,2,46,327,901,858,2135,0.0,0.0,0.000468384074941,0.000936768149883,0.021545667447307,0.153161592505855,0.422014051522248,0.401873536299766
1,742,0,0,0,7,34,318,892,879,2130,0.0,0.0,0.0,0.003286384976526,0.015962441314554,0.149295774647887,0.418779342723005,0.412676056338028
1,743,0,0,0,7,42,327,881,868,2125,0.0,0.0,0.0,0.003294117647059,0.019764705882353,0.153882352941176,0.414588235294118,0.408470588235294
1,744,0,0,0,2,40,315,876,887,2120,0.0,0.0,0.0,0.000943396226415,0.018867924528302,0.148584905660377,0.413207547169811,0.418396226415094
1,745,0,0,0,2,47,318,914,834,2115,0.0,0.0,0.0,0.000945626477541,0.022222222222222,0.150354609929078,0.432151300236407,0.394326241134752
1,746,0,0,0,2,41,289,915,863,2110,0.0,0.0,0.0,0.000947867298578,0.019431279620853,0.13696682464455,0.433649289099526,0.409004739336493
1,747,0,0,0,3,36,323,850,893,2105,0.0,0.0,0.0,0.001425178147268,0.017102137767221,0.153444180522565,0.403800475059382,0.424228028503563
1,748,0,0,0,3,46,308,946,797,2100,0.0,0.0,0.0,0.001428571428571,0.021904761904762,0.146666666666667,0.45047619047619,0.37952380952381
1,749,0,0,0,4,50,294,838,909,2095,0.0,0.0,0.0,0.001909307875895,0.023866348448687,0.140334128878282,0.4,0.433890214797136
1,750,0,0,0,3,43,296,894,854,2090,0.0,0.0,0.0,0.001435406698565,0.020574162679426,0.141626794258373,0.427751196172249,0.408612440191388
1,751,0,0,0,5,48,322,879,831,2085,0.0,0.0,0.0,0.002398081534772,0.023021582733813,0.154436450839329,0.42158273381295,0.398561151079137
1,752,0,0,0,5,41,337,850,847,2080,0.0,0.0,0.0,0.002403846153846,0.019711538461538,0.162019230769231,0.408653846153846,0.407211538461538
1,753,0,0,0,6,48,310,925,786,2075,0.0,0.0,0.0,0.00289156626506,0.023132530120482,0.149397590361446,0.44578313253012,0.378795180722892
1,754,0,0,0,0,39,299,915,817,2070,0.0,0.0,0.0,0.0,0.018840579710145,0.144444444444444,0.442028985507246,0.394685990338164
1,755,0,0,0,2,40,286,843,894,2065,0.0,0.0,0.0,0.000968523002421,0.019370460048426,0.138498789346247,0.408232445520581,0.432929782082324
1,756,0,0,0,2,39,323,852,844,2060,0.0,0.0,0.0,0.000970873786408,0.018932038834951,0.156796116504854,0.413592233009709,0.409708737864078
1,757,0,0,0,5,33,313,860,844,2055,0.0,0.0,0.0,0.002433090024331,0.016058394160584,0.152311435523114,0.418491484184915,0.410705596107056
1,758,0,0,0,7,42,304,879,818,2050,0.0,0.0,0.0,0.003414634146341,0.020487804878049,0.148292682926829,0.428780487804878,0.399024390243902
1,759,0,0,0,3,46,296,887,813,2045,0.0,0.0,0.0,0.001466992665037,0.022493887530562,0.144743276283619,0.433740831295844,0.397555012224939
1,760,0,0,0,4,40,291,905,800,2040,0.0,0.0,0.0,0.001960784313725,0.019607843137255,0.142647058823529,0.443627450980392,0.392156862745098
1,761,0,0,0,3,44,321,858,809,2035,0.0,0.0,0.0,0.001474201474201,0.021621621621622,0.157739557739558,0.421621621621622,0.397542997542998
1,762,0,0,0,1,36,319,842,832,2030,0.0,0.0,0.0,0.000492610837438,0.017733990147783,0.157142857142857,0.414778325123153,0.409852216748768
1,763,0,0,0,1,45,297,874,808,2025,0.0,0.0,0.0,0.000493827160494,0.022222222222222,0.146666666666667,0.431604938271605,0.399012345679012
1,764,0,0,0,2,44,315,850,809,2020,0.0,0.0,0.0,0.000990099009901,0.021782178217822,0.155940594059406,0.420792079207921,0.400495049504951
1,765,0,0,0,1,45,279,864,826,2015,0.0,0.0,0.0,0.000496277915633,0.022332506203474,0.138461538461538,0.4287841191067,0.409925558312655
1,766,0,0,0,3,53,281,800,873,2010,0.0,0.0,0.0,0.001492537313433,0.02636815920398,0.139800995024876,0.398009950248756,0.434328358208955
1,767,0,0,0,3,48,306,849,799,2005,0.0,0.0,0.0,0.001496259351621,0.023940149625935,0.152618453865337,0.423441396508728,0.398503740648379
1,768,0,0,0,4,39,277,834,846,2000,0.0,0.0,0.0,0.002,0.0195,0.1385,0.417,0.423
1,769,0,0,0,3,41,277,840,834,1995,0.0,0.0,0.0,0.001503759398496,0.020551378446115,0.138847117794486,0.421052631578947,0.418045112781955
1,770,0,0,0,2,43,299,873,773,1990,0.0,0.0,0.0,0.001005025125628,0.021608040201005,0.150251256281407,0.438693467336683,0.388442211055276
1,771,0,0,0,2,40,331,855,757,1985,0.0,0.0,0.0,0.001007556675063,0.020151133501259,0.166750629722922,0.430730478589421,0.381360201511335
1,772,0,0,0,4,27,280,834,835,1980,0.0,0.0,0.0,0.002020202020202,0.013636363636364,0.141414141414141,0.421212121212121,0.421717171717172
1,773,0,0,0,1,31,321,848,774,1975,0.0,0.0,0.0,0.000506329113924,0.015696202531646,0.16253164556962,0.429367088607595,0.391898734177215
1,774,0,0,0,2,42,302,840,784,1970,0.0,0.0,0.0,0.001015228426396,0.021319796954315,0.153299492385787,0.426395939086294,0.397969543147208
1,775,0,0,0,0,38,294,812,821,1965,0.0,0.0,0.0,0.0,0.019338422391858,0.149618320610687,0.41323155216285,0.417811704834606
1,776,0,0,0,3,35,284,843,795,1960,0.0,0.0,0.0,0.001530612244898,0.017857142857143,0.144897959183673,0.430102040816327,0.405612244897959
1,777,0,0,0,3,47,274,821,810,1955,0.0,0.0,0.0,0.00153452685422,0.024040920716113,0.140153452685422,0.419948849104859,0.414322250639386
1,778,0,0,0,0,40,287,835,788,1950,0.0,0.0,0.0,0.0,0.020512820512821,0.147179487179487,0.428205128205128,0.404102564102564
1,779,0,0,0,3,41,303,798,800,1945,0.0,0.0,0.0,0.001542416452442,0.02107969151671,0.155784061696658,0.410282776349614,0.411311053984576
1,780,0,0,1,2,36,302,820,779,1940,0.0,0.0,0.000515463917526,0.001030927835052,0.018556701030928,0.155670103092784,0.422680412371134,0.401546391752577
1,781,0,0,0,3,47,287,806,792,1935,0.0,0.0,0.0,0.001550387596899,0.024289405684755,0.148320413436692,0.416537467700258,0.409302325581395
1,782,0,0,0,1,48,293,819,769,1930,0.0,0.0,0.0,0.000518134715026,0.024870466321244,0.151813471502591,0.424352331606218,0.398445595854922
1,783,0,0,0,1,42,282,790,810,1925,0.0,0.0,0.0,0.000519480519481,0.021818181818182,0.146493506493506,0.41038961038961,0.420779220779221
1,784,0,0,0,4,49,256,848,763,1920,0.0,0.0,0.0,0.002083333333333,0.025520833333333,0.133333333333333,0.441666666666667,0.397395833333333
1,785,0,0,0,1,36,276,818,784,1915,0.0,0.0,0.0,0.000522193211488,0.018798955613577,0.144125326370757,0.427154046997389,0.409399477806789
1,786,0,0,0,4,29,291,800,786,1910,0.0,0.0,0.0,0.002094240837696,0.015183246073298,0.152356020942408,0.418848167539267,0.41151832460733
1,787,0,0,0,1,47,265,813,779,1905,0.0,0.0,0.0,0.000524934383202,0.024671916010499,0.139107611548556,0.426771653543307,0.408923884514436
1,788,0,0,0,0,38,301,791,770,1900,0.0,0.0,0.0,0.0,0.02,0.158421052631579,0.416315789473684,0.405263157894737
1,789,0,0,0,5,39,302,770,779,1895,0.0,0.0,0.0,0.002638522427441,0.020580474934037,0.159366754617414,0.406332453825858,0.411081794195251
1,790,0,0,0,3,32,285,822,748,1890,0.0,0.0,0.0,0.001587301587302,0.016931216931217,0.150793650793651,0.434920634920635,0.395767195767196
1,791,0,0,0,0,41,277,786,781,1885,0.0,0.0,0.0,0.0,0.021750663129973,0.146949602122016,0.416976127320955,0.414323607427056
1,792,0,0,0,5,36,312,786,741,1880,0.0,0.0,0.0,0.002659574468085,0.019148936170213,0.165957446808511,0.418085106382979,0.394148936170213
1,793,0,0,0,0,47,283,777,768,1875,0.0,0.0,0.0,0.0,0.025066666666667,0.150933333333333,0.4144,0.4096
1,794,0,0,0,3,45,245,816,761,1870,0.0,0.0,0.0,0.001604278074866,0.024064171122995,0.131016042780749,0.436363636363636,0.406951871657754
1,795,0,0,0,5,38,248,817,757,1865,0.0,0.0,0.0,0.002680965147453,0.020375335120643,0.132975871313673,0.438069705093834,0.405898123324397
1,796,0,0,0,4,47,286,790,733,1860,0.0,0.0,0.0,0.002150537634409,0.025268817204301,0.153763440860215,0.424731182795699,0.394086021505376
1,797,0,0,0,2,43,282,759,769,1855,0.0,0.0,0.0,0.001078167115903,0.023180592991914,0.152021563342318,0.409164420485175,0.41455525606469
1,798,0,0,0,0,33,264,789,764,1850,0.0,0.0,0.0,0.0,0.017837837837838,0.142702702702703,0.426486486486486,0.412972972972973
1,799,0,0,0,4,38,279,783,741,1845,0.0,0.0,0.0,0.002168021680217,0.02059620596206,0.151219512195122,0.424390243902439,0.401626016260163
1,800,0,0,0,4,40,299,765,732,1840,0.0,0.0,0.0,0.002173913043478,0.021739130434783,0.1625,0.415760869565217,0.397826086956522
1,801,0,0,0,2,34,258,800,741,1835,0.0,0.0,0.0,0.001089918256131,0.018528610354223,0.140599455040872,0.435967302452316,0.403814713896458
1,802,0,0,0,0,31,269,775,755,1830,0.0,0.0,0.0,0.0,0.016939890710383,0.146994535519126,0.423497267759563,0.412568306010929
1,803,0,0,0,3,38,251,801,732,1825,0.0,0.0,0.0,0.001643835616438,0.020821917808219,0.137534246575342,0.438904109589041,0.401095890410959
1,804,0,0,0,2,46,278,764,730,1820,0.0,0.0,0.0,0.001098901098901,0.025274725274725,0.152747252747253,0.41978021978022,0.401098901098901
1,805,0,0,0,5,37,238,803,732,1815,0.0,0.0,0.0,0.002754820936639,0.020385674931129,0.131129476584022,0.442424242424242,0.403305785123967
1,806,0,0,0,4,44,278,763,721,1810,0.0,0.0,0.0,0.002209944751381,0.024309392265193,0.153591160220994,0.421546961325967,0.398342541436464
1,807,0,0,0,4,40,274,731,756,1805,0.0,0.0,0.0,0.002216066481994,0.022160664819945,0.15180055401662,0.404986149584488,0.418836565096953
1,808,0,0,0,0,38,255,771,736,1800,0.0,0.0,0.0,0.0,0.021111111111111,0.141666666666667,0.428333333333333,0.408888888888889
1,809,0,0,0,1,32,281,735,746,1795,0.0,0.0,0.0,0.000557103064067,0.017827298050139,0.156545961002786,0.409470752089136,0.415598885793872
1,810,0,0,0,2,50,292,710,736,1790,0.0,0.0,0.0,0.001117318435754,0.027932960893855,0.163128491620112,0.396648044692737,0.411173184357542
1,811,0,0,0,0,42,247,771,725,1785,0.0,0.0,0.0,0.0,0.023529411764706,0.138375350140056,0.431932773109244,0.406162464985994
1,812,0,0,0,2,21,288,775,694,1780,0.0,0.0,0.0,0.001123595505618,0.011797752808989,0.161797752808989,0.435393258426966,0.389887640449438
1,813,0,0,0,3,27,260,763,722,1775,0.0,0.0,0.0,0.00169014084507,0.015211267605634,0.146478873239437,0.429859154929577,0.406760563380282
1,814,0,0,0,3,42,272,769,684,1770,0.0,0.0,0.0,0.001694915254237,0.023728813559322,0.153672316384181,0.434463276836158,0.386440677966102
1,815,0,0,0,2,30,249,761,723,1765,0.0,0.0,0.0,0.001133144475921,0.01699716713881,0.141076487252125,0.431161473087819,0.409631728045326
1,816,0,0,0,2,35,277,767,679,1760,0.0,0.0,0.0,0.001136363636364,0.019886363636364,0.157386363636364,0.435795454545455,0.385795454545455
1,817,0,0,0,2,32,271,742,708,1755,0.0,0.0,0.0,0.001139601139601,0.018233618233618,0.154415954415954,0.422792022792023,0.403418803418803
1,818,0,0,0,3,45,252,747,703,1750,0.0,0.0,0.0,0.001714285714286,0.025714285714286,0.144,0.426857142857143,0.401714285714286
1,819,0,0,0,3,34,265,735,708,1745,0.0,0.0,0.0,0.001719197707736,0.019484240687679,0.151862464183381,0.421203438395415,0.405730659025788
1,820,0,0,0,2,41,268,706,723,1740,0.0,0.0,0.0,0.001149425287356,0.023563218390805,0.154022988505747,0.405747126436782,0.41551724137931
1,821,0,0,0,1,34,239,754,707,1735,0.0,0.0,0.0,0.000576368876081,0.019596541786744,0.137752161383285,0.434582132564842,0.407492795389049
1,822,0,0,0,2,35,252,722,719,1730,0.0,0.0,0.0,0.001156069364162,0.020231213872832,0.145664739884393,0.417341040462428,0.415606936416185
1,823,0,0,1,4,35,220,782,683,1725,0.0,0.0,0.000579710144928,0.00231884057971,0.020289855072464,0.127536231884058,0.453333333333333,0.395942028985507
1,824,0,0,0,1,28,242,719,730,1720,0.0,0.0,0.0,0.000581395348837,0.016279069767442,0.140697674418605,0.418023255813953,0.424418604651163
1,825,0,0,1,1,36,265,706,706,1715,0.0,0.0,0.000583090379009,0.000583090379009,0.020991253644315,0.154518950437318,0.411661807580175,0.411661807580175
1,826,0,0,0,5,34,262,716,693,1710,0.0,0.0,0.0,0.002923976608187,0.019883040935673,0.153216374269006,0.418713450292398,0.405263157894737
1,827,0,0,0,6,26,235,722,716,1705,0.0,0.0,0.0,0.003519061583578,0.01524926686217,0.13782991202346,0.423460410557185,0.419941348973607
1,828,0,0,0,1,32,263,724,680,1700,0.0,0.0,0.0,0.000588235294118,0.018823529411765,0.154705882352941,0.425882352941176,0.4
1,829,0,0,0,3,36,244,710,702,1695,0.0,0.0,0.0,0.001769911504425,0.021238938053097,0.143952802359882,0.418879056047198,0.414159292035398
1,830,0,0,0,1,39,253,733,664,1690,0.0,0.0,0.0,0.000591715976331,0.023076923076923,0.149704142011834,0.433727810650888,0.392899408284024
1,831,0,0,0,4,28,252,720,681,1685,0.0,0.0,0.0,0.002373887240356,0.016617210682493,0.149554896142433,0.427299703264095,0.404154302670623
1,832,0,0,0,3,33,268,729,647,1680,0.0,0.0,0.0,0.001785714285714,0.019642857142857,0.15952380952381,0.433928571428571,0.385119047619048
1,833,0,0,0,2,30,230,731,682,1675,0.0,0.0,0.0,0.001194029850746,0.017910447761194,0.137313432835821,0.436417910447761,0.407164179104478
1,834,0,0,0,1,39,263,690,677,1670,0.0,0.0,0.0,0.00059880239521,0.023353293413174,0.15748502994012,0.413173652694611,0.405389221556886
1,835,0,0,0,2,43,251,706,663,1665,0.0,0.0,0.0,0.001201201201201,0.025825825825826,0.150750750750751,0.424024024024024,0.398198198198198
1,836,0,0,0,0,30,247,719,664,1660,0.0,0.0,0.0,0.0,0.018072289156627,0.148795180722892,0.433132530120482,0.4
1,837,0,0,0,1,39,252,716,647,1655,0.0,0.0,0.0,0.000604229607251,0.023564954682779,0.15226586102719,0.432628398791541,0.390936555891239
1,838,0,0,0,0,38,234,735,643,1650,0.0,0.0,0.0,0.0,0.023030303030303,0.141818181818182,0.445454545454545,0.38969696969697
1,839,0,0,0,6,49,265,703,622,1645,0.0,0.0,0.0,0.003647416413374,0.029787234042553,0.161094224924012,0.427355623100304,0.378115501519757
1,840,0,0,1,1,33,228,709,668,1640,0.0,0.0,0.000609756097561,0.000609756097561,0.020121951219512,0.139024390243902,0.432317073170732,0.407317073170732
1,841,0,0,0,3,33,239,692,668,1635,0.0,0.0,0.0,0.001834862385321,0.020183486238532,0.146177370030581,0.423241590214067,0.408562691131498
1,842,0,0,0,2,33,260,679,656,1630,0.0,0.0,0.0,0.001226993865031,0.020245398773006,0.159509202453988,0.416564417177914,0.402453987730061
1,843,0,0,0,1,30,240,711,643,1625,0.0,0.0,0.0,0.000615384615385,0.018461538461538,0.147692307692308,0.437538461538462,0.395692307692308
1,844,0,0,0,5,41,235,697,642,1620,0.0,0.0,0.0,0.003086419753086,0.025308641975309,0.145061728395062,0.430246913580247,0.396296296296296
1,845,0,0,0,4,22,239,683,667,1615,0.0,0.0,0.0,0.002476780185759,0.013622291021672,0.147987616099071,0.422910216718266,0.413003095975232
1,846,0,0,0,3,36,255,653,663,1610,0.0,0.0,0.0,0.001863354037267,0.022360248447205,0.158385093167702,0.405590062111801,0.411801242236025
1,847,0,0,0,1,24,232,704,644,1605,0.0,0.0,0.0,0.000623052959502,0.014953271028037,0.144548286604361,0.438629283489097,0.401246105919003
1,848,0,0,0,2,31,212,708,647,1600,0.0,0.0,0.0,0.00125,0.019375,0.1325,0.4425,0.404375
1,849,0,0,0,4,47,257,637,650,1595,0.0,0.0,0.0,0.002507836990596,0.029467084639498,0.161128526645768,0.399373040752351,0.407523510971787
1,850,0,0,0,0,33,198,697,662,1590,0.0,0.0,0.0,0.0,0.020754716981132,0.124528301886792,0.438364779874214,0.416352201257862
1,851,0,0,0,3,32,230,721,599,1585,0.0,0.0,0.0,0.001892744479495,0.02018927444795,0.145110410094637,0.454889589905363,0.377917981072555
1,852,0,0,0,1,33,221,688,637,1580,0.0,0.0,0.0,0.000632911392405,0.020886075949367,0.139873417721519,0.435443037974684,0.403164556962025
1,853,0,0,0,1,37,253,661,623,1575,0.0,0.0,0.0,0.000634920634921,0.023492063492063,0.160634920634921,0.41968253968254,0.395555555555556
1,854,0,0,0,3,35,244,685,603,1570,0.0,0.0,0.0,0.001910828025478,0.022292993630573,0.155414012738853,0.436305732484076,0.384076433121019
1,855,0,0,0,0,28,225,651,661,1565,0.0,0.0,0.0,0.0,0.017891373801917,0.143769968051118,0.415974440894569,0.422364217252396
1,856,0,0,0,3,31,229,653,644,1560,0.0,0.0,0.0,0.001923076923077,0.019871794871795,0.146794871794872,0.418589743589744,0.412820512820513
1,857,0,0,0,5,28,235,657,630,1555,0.0,0.0,0.0,0.003215434083601,0.018006430868167,0.15112540192926,0.422508038585209,0.405144694533762
1,858,0,0,0,4,29,244,644,629,1550,0.0,0.0,0.0,0.00258064516129,0.018709677419355,0.15741935483871,0.415483870967742,0.405806451612903
1,859,0,0,0,1,35,245,647,617,1545,0.0,0.0,0.0,0.000647249190939,0.022653721682848,0.158576051779935,0.418770226537217,0.399352750809061
1,860,0,0,0,2,33,238,629,638,1540,0.0,0.0,0.0,0.001298701298701,0.021428571428571,0.154545454545455,0.408441558441558,0.414285714285714
1,861,0,0,0,1,41,216,655,622,1535,0.0,0.0,0.0,0.000651465798046,0.02671009771987,0.14071661237785,0.42671009771987,0.405211726384365
1,862,0,0,0,1,21,257,625,626,1530,0.0,0.0,0.0,0.000653594771242,0.013725490196078,0.16797385620915,0.408496732026144,0.409150326797386
1,863,0,0,0,1,37,248,660,579,1525,0.0,0.0,0.0,0.000655737704918,0.024262295081967,0.162622950819672,0.432786885245902,0.379672131147541
1,864,0,0,0,2,30,221,653,614,1520,0.0,0.0,0.0,0.001315789473684,0.019736842105263,0.145394736842105,0.429605263157895,0.403947368421053
1,865,0,0,0,2,22,234,632,625,1515,0.0,0.0,0.0,0.001320132013201,0.014521452145215,0.154455445544554,0.417161716171617,0.412541254125413
1,866,0,0,0,2,33,194,655,626,1510,0.0,0.0,0.0,0.001324503311258,0.021854304635762,0.128476821192053,0.433774834437086,0.414569536423841
1,867,0,0,0,3,28,237,622,615,1505,0.0,0.0,0.0,0.001993355481728,0.018604651162791,0.157475083056478,0.41328903654485,0.408637873754153
1,868,0,0,0,1,24,223,633,619,1500,0.0,0.0,0.0,0.000666666666667,0.016,0.148666666666667,0.422,0.412666666666667
1,869,0,0,0,4,34,232,601,624,1495,0.0,0.0,0.0,0.002675585284281,0.022742474916388,0.155183946488294,0.402006688963211,0.417391304347826
1,870,0,0,0,1,26,208,654,601,1490,0.0,0.0,0.0,0.000671140939597,0.01744966442953,0.139597315436242,0.438926174496644,0.403355704697987
1,871,0,0,0,1,27,220,600,637,1485,0.0,0.0,0.0,0.000673400673401,0.018181818181818,0.148148148148148,0.404040404040404,0.428956228956229
1,872,0,0,0,2,31,224,623,600,1480,0.0,0.0,0.0,0.001351351351351,0.020945945945946,0.151351351351351,0.420945945945946,0.405405405405405
1,873,0,0,0,3,34,221,620,597,1475,0.0,0.0,0.0,0.002033898305085,0.023050847457627,0.149830508474576,0.420338983050847,0.404745762711864
1,874,0,0,0,0,28,222,628,592,1470,0.0,0.0,0.0,0.0,0.019047619047619,0.151020408163265,0.427210884353741,0.402721088435374
1,875,0,0,0,2,36,208,623,596,1465,0.0,0.0,0.0,0.001365187713311,0.02457337883959,0.1419795221843,0.425255972696246,0.406825938566553
1,876,0,0,0,1,27,212,626,594,1460,0.0,0.0,0.0,0.000684931506849,0.018493150684932,0.145205479452055,0.428767123287671,0.406849315068493
1,877,0,0,0,1,36,238,630,550,1455,0.0,0.0,0.0,0.000687285223368,0.024742268041237,0.163573883161512,0.43298969072165,0.378006872852234
1,878,0,0,0,1,25,214,618,592,1450,0.0,0.0,0.0,0.000689655172414,0.017241379310345,0.147586206896552,0.426206896551724,0.408275862068966
1,879,0,0,0,0,33,213,613,586,1445,0.0,0.0,0.0,0.0,0.022837370242215,0.147404844290657,0.424221453287197,0.405536332179931
1,880,0,0,0,1,29,183,645,582,1440,0.0,0.0,0.0,0.000694444444444,0.020138888888889,0.127083333333333,0.447916666666667,0.404166666666667
1,881,0,0,0,0,30,216,594,595,1435,0.0,0.0,0.0,0.0,0.020905923344948,0.150522648083624,0.413937282229965,0.414634146341463
1,882,0,0,0,1,33,198,590,608,1430,0.0,0.0,0.0,0.000699300699301,0.023076923076923,0.138461538461538,0.412587412587413,0.425174825174825
1,883,0,0,0,3,26,217,620,559,1425,0.0,0.0,0.0,0.002105263157895,0.018245614035088,0.152280701754386,0.435087719298246,0.392280701754386
1,884,0,0,0,1,31,214,600,574,1420,0.0,0.0,0.0,0.000704225352113,0.021830985915493,0.150704225352113,0.422535211267606,0.404225352112676
1,885,0,0,0,3,24,210,564,614,1415,0.0,0.0,0.0,0.002120141342756,0.016961130742049,0.148409893992933,0.398586572438163,0.433922261484099
1,886,0,0,0,3,34,198,570,605,1410,0.0,0.0,0.0,0.002127659574468,0.024113475177305,0.140425531914894,0.404255319148936,0.429078014184397
1,887,0,0,0,2,27,207,600,569,1405,0.0,0.0,0.0,0.001423487544484,0.019217081850534,0.147330960854093,0.427046263345196,0.404982206405694
1,888,0,0,0,0,26,205,610,559,1400,0.0,0.0,0.0,0.0,0.018571428571429,0.146428571428571,0.435714285714286,0.399285714285714
1,889,0,0,0,0,29,238,551,577,1395,0.0,0.0,0.0,0.0,0.02078853046595,0.170609318996416,0.394982078853047,0.413620071684588
1,890,0,0,0,1,36,196,598,559,1390,0.0,0.0,0.0,0.000719424460432,0.02589928057554,0.141007194244604,0.43021582733813,0.402158273381295
1,891,0,0,0,2,28,207,597,551,1385,0.0,0.0,0.0,0.0014440433213,0.020216606498195,0.149458483754513,0.431046931407942,0.397833935018051
1,892,0,0,0,1,32,193,564,590,1380,0.0,0.0,0.0,0.000724637681159,0.023188405797101,0.139855072463768,0.408695652173913,0.427536231884058
1,893,0,0,0,4,23,206,581,561,1375,0.0,0.0,0.0,0.002909090909091,0.016727272727273,0.149818181818182,0.422545454545455,0.408
1,894,0,0,0,2,34,187,594,553,1370,0.0,0.0,0.0,0.001459854014599,0.024817518248175,0.136496350364963,0.433576642335766,0.403649635036496
1,895,0,0,0,1,33,205,571,555,1365,0.0,0.0,0.0,0.000732600732601,0.024175824175824,0.15018315018315,0.418315018315018,0.406593406593407
1,896,0,0,0,2,44,210,556,548,1360,0.0,0.0,0.0,0.001470588235294,0.032352941176471,0.154411764705882,0.408823529411765,0.402941176470588
1,897,0,0,0,1,33,182,610,529,1355,0.0,0.0,0.0,0.000738007380074,0.024354243542435,0.134317343173432,0.450184501845018,0.390405904059041
1,898,0,0,0,0,36,186,542,586,1350,0.0,0.0,0.0,0.0,0.026666666666667,0.137777777777778,0.401481481481481,0.434074074074074
1,899,0,0,0,4,32,177,572,560,1345,0.0,0.0,0.0,0.002973977695167,0.023791821561338,0.131598513011152,0.425278810408922,0.41635687732342
1,900,0,0,0,2,22,203,577,536,1340,0.0,0.0,0.0,0.001492537313433,0.016417910447761,0.151492537313433,0.430597014925373,0.4
1,901,0,0,0,1,37,185,572,540,1335,0.0,0.0,0.0,0.000749063670412,0.027715355805243,0.138576779026217,0.428464419475655,0.404494382022472
1,902,0,0,0,2,30,204,574,520,1330,0.0,0.0,0.0,0.001503759398496,0.022556390977444,0.153383458646617,0.431578947368421,0.390977443609023
1,903,0,0,0,0,45,195,586,499,1325,0.0,0.0,0.0,0.0,0.033962264150943,0.147169811320755,0.442264150943396,0.376603773584906
1,904,0,0,0,3,27,223,538,529,1320,0.0,0.0,0.0,0.002272727272727,0.020454545454545,0.168939393939394,0.407575757575758,0.400757575757576
1,905,0,0,0,0,27,176,566,546,1315,0.0,0.0,0.0,0.0,0.020532319391635,0.13384030418251,0.43041825095057,0.415209125475285
1,906,0,0,0,4,30,179,554,543,1310,0.0,0.0,0.0,0.003053435114504,0.022900763358779,0.136641221374046,0.422900763358779,0.414503816793893
1,907,0,0,0,2,22,211,538,532,1305,0.0,0.0,0.0,0.001532567049808,0.016858237547893,0.161685823754789,0.412260536398467,0.407662835249042
1,908,0,0,0,3,24,196,591,486,1300,0.0,0.0,0.0,0.002307692307692,0.018461538461538,0.150769230769231,0.454615384615385,0.373846153846154
1,909,0,0,0,5,27,195,548,520,1295,0.0,0.0,0.0,0.003861003861004,0.020849420849421,0.150579150579151,0.423166023166023,0.401544401544402
1,910,0,0,0,1,31,208,542,508,1290,0.0,0.0,0.0,0.00077519379845,0.024031007751938,0.161240310077519,0.42015503875969,0.393798449612403
1,911,0,0,0,1,27,189,532,536,1285,0.0,0.0,0.0,0.000778210116732,0.021011673151751,0.147081712062257,0.414007782101167,0.417120622568093
1,912,0,0,0,5,24,205,540,506,1280,0.0,0.0,0.0,0.00390625,0.01875,0.16015625,0.421875,0.3953125
1,913,0,0,0,3,32,169,563,508,1275,0.0,0.0,0.0,0.002352941176471,0.025098039215686,0.132549019607843,0.44156862745098,0.39843137254902
1,914,0,0,0,1,28,191,527,523,1270,0.0,0.0,0.0,0.000787401574803,0.022047244094488,0.150393700787402,0.41496062992126,0.411811023622047
1,915,0,0,0,2,27,182,546,508,1265,0.0,0.0,0.0,0.001581027667984,0.021343873517787,0.143873517786561,0.431620553359684,0.401581027667984
1,916,0,0,0,2,31,179,530,518,1260,0.0,0.0,0.0,0.001587301587302,0.024603174603175,0.142063492063492,0.420634920634921,0.411111111111111
1,917,0,0,0,2,23,178,547,505,1255,0.0,0.0,0.0,0.001593625498008,0.018326693227092,0.141832669322709,0.435856573705179,0.402390438247012
1,918,0,0,0,0,26,204,517,503,1250,0.0,0.0,0.0,0.0,0.0208,0.1632,0.4136,0.4024
1,919,0,0,0,0,35,191,528,491,1245,0.0,0.0,0.0,0.0,0.028112449799197,0.153413654618474,0.424096385542169,0.394377510040161
1,920,0,0,0,0,34,198,526,482,1240,0.0,0.0,0.0,0.0,0.02741935483871,0.159677419354839,0.424193548387097,0.388709677419355
1,921,0,0,1,1,30,208,504,491,1235,0.0,0.0,0.00080971659919,0.00080971659919,0.024291497975709,0.168421052631579,0.408097165991903,0.397570850202429
1,922,0,0,0,1,33,176,512,508,1230,0.0,0.0,0.0,0.000813008130081,0.026829268292683,0.143089430894309,0.416260162601626,0.413008130081301
1,923,0,0,0,0,20,168,533,504,1225,0.0,0.0,0.0,0.0,0.016326530612245,0.137142857142857,0.435102040816327,0.411428571428571
1,924,0,0,0,0,24,179,530,487,1220,0.0,0.0,0.0,0.0,0.019672131147541,0.14672131147541,0.434426229508197,0.399180327868852
1,925,0,0,0,1,22,181,519,492,1215,0.0,0.0,0.0,0.00082304526749,0.018106995884774,0.148971193415638,0.42716049382716,0.404938271604938
1,926,0,0,0,0,29,171,505,505,1210,0.0,0.0,0.0,0.0,0.02396694214876,0.141322314049587,0.417355371900826,0.417355371900826
1,927,0,0,0,2,23,184,490,506,1205,0.0,0.0,0.0,0.001659751037344,0.019087136929461,0.152697095435685,0.406639004149378,0.419917012448133
1,928,0,0,0,0,29,178,510,483,1200,0.0,0.0,0.0,0.0,0.024166666666667,0.148333333333333,0.425,0.4025
1,929,0,0,0,1,28,167,490,509,1195,0.0,0.0,0.0,0.000836820083682,0.023430962343096,0.139748953974895,0.410041841004184,0.425941422594142
1,930,0,0,0,0,26,169,534,461,1190,0.0,0.0,0.0,0.0,0.021848739495798,0.142016806722689,0.448739495798319,0.387394957983193
1,931,0,0,0,4,30,175,483,493,1185,0.0,0.0,0.0,0.00337552742616,0.025316455696203,0.147679324894515,0.407594936708861,0.416033755274262
1,932,0,0,0,2,34,190,482,472,1180,0.0,0.0,0.0,0.001694915254237,0.028813559322034,0.161016949152542,0.408474576271186,0.4
1,933,0,0,0,1,24,176,475,499,1175,0.0,0.0,0.0,0.000851063829787,0.020425531914894,0.149787234042553,0.404255319148936,0.42468085106383
1,934,0,0,0,2,22,177,494,475,1170,0.0,0.0,0.0,0.001709401709402,0.018803418803419,0.151282051282051,0.422222222222222,0.405982905982906
1,935,0,0,0,1,20,187,480,477,1165,0.0,0.0,0.0,0.000858369098712,0.017167381974249,0.160515021459227,0.412017167381974,0.409442060085837
1,936,0,0,0,0,37,167,492,464,1160,0.0,0.0,0.0,0.0,0.031896551724138,0.143965517241379,0.424137931034483,0.4
1,937,0,0,0,1,18,171,505,460,1155,0.0,0.0,0.0,0.000865800865801,0.015584415584416,0.148051948051948,0.437229437229437,0.398268398268398
1,938,0,0,1,0,26,176,463,484,1150,0.0,0.0,0.000869565217391,0.0,0.022608695652174,0.15304347826087,0.402608695652174,0.420869565217391
1,939,0,0,0,2,19,178,460,486,1145,0.0,0.0,0.0,0.00174672489083,0.016593886462882,0.155458515283843,0.40174672489083,0.424454148471616
1,940,0,0,0,3,26,165,501,445,1140,0.0,0.0,0.0,0.002631578947368,0.02280701754386,0.144736842105263,0.439473684210526,0.390350877192982
1,941,0,0,0,2,29,175,463,466,1135,0.0,0.0,0.0,0.001762114537445,0.025550660792952,0.154185022026432,0.407929515418502,0.41057268722467
1,942,0,0,0,0,23,191,466,450,1130,0.0,0.0,0.0,0.0,0.020353982300885,0.169026548672566,0.412389380530973,0.398230088495575
1,943,0,0,0,1,18,152,473,481,1125,0.0,0.0,0.0,0.000888888888889,0.016,0.135111111111111,0.420444444444444,0.427555555555556
1,944,0,0,0,0,31,168,478,443,1120,0.0,0.0,0.0,0.0,0.027678571428571,0.15,0.426785714285714,0.395535714285714
1,945,0,0,0,3,21,158,472,461,1115,0.0,0.0,0.0,0.002690582959641,0.018834080717489,0.141704035874439,0.423318385650224,0.413452914798206
1,946,0,0,0,0,28,158,484,440,1110,0.0,0.0,0.0,0.0,0.025225225225225,0.142342342342342,0.436036036036036,0.396396396396396
1,947,0,0,0,3,27,179,461,435,1105,0.0,0.0,0.0,0.002714932126697,0.024434389140271,0.161990950226244,0.417194570135747,0.393665158371041
1,948,0,0,0,0,17,145,452,486,1100,0.0,0.0,0.0,0.0,0.015454545454545,0.131818181818182,0.410909090909091,0.441818181818182
1,949,0,0,0,2,28,157,474,434,1095,0.0,0.0,0.0,0.001826484018265,0.025570776255708,0.14337899543379,0.432876712328767,0.39634703196347
1,950,0,0,0,1,21,160,462,446,1090,0.0,0.0,0.0,0.000917431192661,0.019266055045872,0.146788990825688,0.423853211009174,0.409174311926606
1,951,0,0,0,1,23,149,432,480,1085,0.0,0.0,0.0,0.000921658986175,0.021198156682028,0.137327188940092,0.39815668202765,0.442396313364055
1,952,0,0,0,1,27,178,440,434,1080,0.0,0.0,0.0,0.000925925925926,0.025,0.164814814814815,0.407407407407407,0.401851851851852
1,953,0,0,0,0,26,165,491,393,1075,0.0,0.0,0.0,0.0,0.024186046511628,0.153488372093023,0.456744186046512,0.365581395348837
1,954,0,0,0,1,20,155,456,438,1070,0.0,0.0,0.0,0.000934579439252,0.018691588785047,0.144859813084112,0.426168224299065,0.409345794392523
1,955,0,0,0,1,17,152,450,445,1065,0.0,0.0,0.0,0.00093896713615,0.015962441314554,0.142723004694836,0.422535211267606,0.417840375586854
1,956,0,0,0,1,28,157,464,410,1060,0.0,0.0,0.0,0.000943396226415,0.026415094339623,0.14811320754717,0.437735849056604,0.386792452830189
1,957,0,0,0,1,25,155,447,427,1055,0.0,0.0,0.0,0.000947867298578,0.023696682464455,0.146919431279621,0.423696682464455,0.404739336492891
1,958,0,0,0,2,28,154,446,420,1050,0.0,0.0,0.0,0.001904761904762,0.026666666666667,0.146666666666667,0.424761904761905,0.4
1,959,0,0,0,0,16,147,460,422,1045,0.0,0.0,0.0,0.0,0.015311004784689,0.14066985645933,0.440191387559809,0.403827751196172
1,960,0,0,0,1,25,164,432,418,1040,0.0,0.0,0.0,0.000961538461538,0.024038461538462,0.157692307692308,0.415384615384615,0.401923076923077
1,961,0,0,0,3,20,152,461,399,1035,0.0,0.0,0.0,0.002898550724638,0.019323671497585,0.146859903381643,0.445410628019324,0.385507246376812
1,962,0,0,0,2,13,161,448,406,1030,0.0,0.0,0.0,0.001941747572816,0.012621359223301,0.15631067961165,0.43495145631068,0.394174757281553
1,963,0,0,0,1,26,132,442,424,1025,0.0,0.0,0.0,0.000975609756098,0.025365853658537,0.128780487804878,0.431219512195122,0.413658536585366
1,964,0,0,0,1,17,146,439,417,1020,0.0,0.0,0.0,0.000980392156863,0.016666666666667,0.143137254901961,0.430392156862745,0.408823529411765
1,965,0,0,0,1,22,162,443,387,1015,0.0,0.0,0.0,0.000985221674877,0.021674876847291,0.159605911330049,0.436453201970443,0.38128078817734
1,966,0,0,0,0,23,147,434,406,1010,0.0,0.0,0.0,0.0,0.022772277227723,0.145544554455446,0.42970297029703,0.401980198019802
1,967,0,0,0,2,27,141,434,401,1005,0.0,0.0,0.0,0.001990049751244,0.026865671641791,0.140298507462687,0.4318407960199,0.399004975124378
1,968,0,0,0,1,12,157,454,376,1000,0.0,0.0,0.0,0.001,0.012,0.157,0.454,0.376
1,969,0,0,0,2,25,162,430,376,995,0.0,0.0,0.0,0.002010050251256,0.025125628140704,0.162814070351759,0.4321608040201,0.377889447236181
1,970,0,0,0,0,20,139,429,402,990,0.0,0.0,0.0,0.0,0.02020202020202,0.14040404040404,0.433333333333333,0.406060606060606
1,971,0,0,0,3,27,142,424,389,985,0.0,0.0,0.0,0.003045685279188,0.02741116751269,0.144162436548223,0.430456852791878,0.39492385786802
1,972,0,0,0,2,13,142,399,424,980,0.0,0.0,0.0,0.002040816326531,0.013265306122449,0.144897959183673,0.407142857142857,0.43265306122449
1,973,0,0,0,1,24,136,435,379,975,0.0,0.0,0.0,0.001025641025641,0.024615384615385,0.139487179487179,0.446153846153846,0.388717948717949
1,974,0,0,0,2,18,137,417,396,970,0.0,0.0,0.0,0.002061855670103,0.018556701030928,0.141237113402062,0.429896907216495,0.408247422680412
1,975,0,0,0,0,23,143,419,380,965,0.0,0.0,0.0,0.0,0.023834196891192,0.148186528497409,0.43419689119171,0.393782383419689
1,976,0,0,0,1,17,128,406,408,960,0.0,0.0,0.0,0.001041666666667,0.017708333333333,0.133333333333333,0.422916666666667,0.425
1,977,0,0,0,1,26,142,384,402,955,0.0,0.0,0.0,0.001047120418848,0.027225130890052,0.14869109947644,0.402094240837696,0.420942408376963
1,978,0,0,0,0,15,139,392,404,950,0.0,0.0,0.0,0.0,0.015789473684211,0.146315789473684,0.412631578947368,0.425263157894737
1,979,0,0,0,1,12,142,414,376,945,0.0,0.0,0.0,0.001058201058201,0.012698412698413,0.15026455026455,0.438095238095238,0.397883597883598
1,980,0,0,0,2,15,136,390,397,940,0.0,0.0,0.0,0.002127659574468,0.015957446808511,0.14468085106383,0.414893617021277,0.422340425531915
1,981,0,0,0,0,23,147,388,377,935,0.0,0.0,0.0,0.0,0.024598930481283,0.157219251336898,0.414973262032086,0.403208556149733
1,982,0,0,0,0,17,139,434,340,930,0.0,0.0,0.0,0.0,0.018279569892473,0.149462365591398,0.466666666666667,0.365591397849462
1,983,0,0,0,2,20,148,377,378,925,0.0,0.0,0.0,0.002162162162162,0.021621621621622,0.16,0.407567567567568,0.408648648648649
1,984,0,0,0,4,22,123,404,367,920,0.0,0.0,0.0,0.004347826086957,0.023913043478261,0.133695652173913,0.439130434782609,0.398913043478261
1,985,0,0,0,0,23,130,399,363,915,0.0,0.0,0.0,0.0,0.025136612021858,0.14207650273224,0.436065573770492,0.39672131147541
1,986,0,0,0,1,20,122,381,386,910,0.0,0.0,0.0,0.001098901098901,0.021978021978022,0.134065934065934,0.418681318681319,0.424175824175824
1,987,0,0,0,1,25,123,377,379,905,0.0,0.0,0.0,0.001104972375691,0.027624309392265,0.135911602209945,0.416574585635359,0.41878453038674
1,988,0,0,0,1,13,136,384,366,900,0.0,0.0,0.0,0.001111111111111,0.014444444444444,0.151111111111111,0.426666666666667,0.406666666666667
1,989,0,0,0,2,17,131,368,377,895,0.0,0.0,0.0,0.002234636871508,0.018994413407821,0.146368715083799,0.411173184357542,0.42122905027933
1,990,0,0,0,0,28,138,360,364,890,0.0,0.0,0.0,0.0,0.031460674157303,0.155056179775281,0.404494382022472,0.408988764044944
1,991,0,0,0,0,25,112,363,385,885,0.0,0.0,0.0,0.0,0.028248587570621,0.126553672316384,0.410169491525424,0.435028248587571
1,992,0,0,1,0,16,150,371,342,880,0.0,0.0,0.001136363636364,0.0,0.018181818181818,0.170454545454545,0.421590909090909,0.388636363636364
1,993,0,0,0,1,20,136,367,351,875,0.0,0.0,0.0,0.001142857142857,0.022857142857143,0.155428571428571,0.419428571428571,0.401142857142857
1,994,0,0,0,0,18,132,374,346,870,0.0,0.0,0.0,0.0,0.020689655172414,0.151724137931034,0.429885057471264,0.397701149425287
1,995,0,0,0,0,16,143,364,342,865,0.0,0.0,0.0,0.0,0.01849710982659,0.165317919075145,0.420809248554913,0.395375722543353
1,996,0,0,0,2,18,148,344,348,860,0.0,0.0,0.0,0.002325581395349,0.02093023255814,0.172093023255814,0.4,0.404651162790698
1,997,0,0,0,1,19,120,368,347,855,0.0,0.0,0.0,0.001169590643275,0.022222222222222,0.140350877192982,0.430409356725146,0.405847953216374
1,998,0,0,0,3,20,149,361,317,850,0.0,0.0,0.0,0.003529411764706,0.023529411764706,0.175294117647059,0.424705882352941,0.372941176470588
1,999,0,0,0,0,23,114,351,357,845,0.0,0.0,0.0,0.0,0.027218934911243,0.13491124260355,0.415384615384615,0.422485207100592
1,1000,0,0,0,0,12,127,362,339,840,0.0,0.0,0.0,0.0,0.014285714285714,0.151190476190476,0.430952380952381,0.403571428571429
1,1001,0,0,0,3,17,112,385,318,835,0.0,0.0,0.0,0.003592814371257,0.020359281437126,0.134131736526946,0.461077844311377,0.380838323353293
1,1002,0,0,0,1,25,123,345,336,830,0.0,0.0,0.0,0.001204819277108,0.030120481927711,0.148192771084337,0.41566265060241,0.404819277108434
1,1003,0,0,0,2,17,130,336,340,825,0.0,0.0,0.0,0.002424242424242,0.020606060606061,0.157575757575758,0.407272727272727,0.412121212121212
1,1004,0,0,0,0,13,126,345,336,820,0.0,0.0,0.0,0.0,0.015853658536585,0.153658536585366,0.420731707317073,0.409756097560976
1,1005,0,0,0,1,21,131,316,346,815,0.0,0.0,0.0,0.001226993865031,0.025766871165644,0.160736196319018,0.387730061349693,0.424539877300613
1,1006,0,0,0,1,25,126,326,332,810,0.0,0.0,0.0,0.001234567901235,0.030864197530864,0.155555555555556,0.402469135802469,0.409876543209877
1,1007,0,0,0,2,22,148,318,315,805,0.0,0.0,0.0,0.002484472049689,0.027329192546584,0.183850931677019,0.395031055900621,0.391304347826087
1,1008,0,0,0,0,17,119,350,314,800,0.0,0.0,0.0,0.0,0.02125,0.14875,0.4375,0.3925
1,1009,0,0,0,1,18,115,341,320,795,0.0,0.0,0.0,0.00125786163522,0.022641509433962,0.144654088050314,0.428930817610063,0.40251572327044
1,1010,0,0,0,2,13,115,357,303,790,0.0,0.0,0.0,0.00253164556962,0.016455696202532,0.145569620253165,0.451898734177215,0.383544303797468
1,1011,0,0,0,0,21,122,355,287,785,0.0,0.0,0.0,0.0,0.026751592356688,0.155414012738853,0.452229299363057,0.365605095541401
1,1012,0,0,0,1,14,121,337,307,780,0.0,0.0,0.0,0.001282051282051,0.017948717948718,0.155128205128205,0.432051282051282,0.393589743589744
1,1013,0,0,0,0,22,122,321,310,775,0.0,0.0,0.0,0.0,0.028387096774194,0.15741935483871,0.414193548387097,0.4
1,1014,0,0,0,0,23,110,351,286,770,0.0,0.0,0.0,0.0,0.02987012987013,0.142857142857143,0.455844155844156,0.371428571428571
1,1015,0,0,0,1,20,115,322,307,765,0.0,0.0,0.0,0.001307189542484,0.026143790849673,0.150326797385621,0.420915032679739,0.401307189542484
1,1016,0,0,0,0,16,111,336,297,760,0.0,0.0,0.0,0.0,0.021052631578947,0.146052631578947,0.442105263157895,0.390789473684211
1,1017,0,0,0,0,12,110,327,306,755,0.0,0.0,0.0,0.0,0.015894039735099,0.145695364238411,0.433112582781457,0.405298013245033
1,1018,0,0,0,1,12,109,337,291,750,0.0,0.0,0.0,0.001333333333333,0.016,0.145333333333333,0.449333333333333,0.388
1,1019,0,0,0,1,18,123,325,278,745,0.0,0.0,0.0,0.001342281879195,0.024161073825503,0.16510067114094,0.436241610738255,0.373154362416107
1,1020,0,0,0,1,18,113,318,290,740,0.0,0.0,0.0,0.001351351351351,0.024324324324324,0.152702702702703,0.42972972972973,0.391891891891892
1,1021,0,0,0,2,20,103,298,312,735,0.0,0.0,0.0,0.002721088435374,0.027210884353741,0.140136054421769,0.405442176870748,0.424489795918367
1,1022,0,0,0,2,15,108,290,315,730,0.0,0.0,0.0,0.002739726027397,0.020547945205479,0.147945205479452,0.397260273972603,0.431506849315068
1,1023,0,0,0,2,24,120,297,282,725,0.0,0.0,0.0,0.002758620689655,0.033103448275862,0.16551724137931,0.409655172413793,0.388965517241379
1,1024,0,0,0,1,13,92,320,294,720,0.0,0.0,0.0,0.001388888888889,0.018055555555556,0.127777777777778,0.444444444444444,0.408333333333333
1,1025,0,0,0,0,15,109,315,276,715,0.0,0.0,0.0,0.0,0.020979020979021,0.152447552447552,0.440559440559441,0.386013986013986
1,1026,0,0,0,1,17,98,302,292,710,0.0,0.0,0.0,0.001408450704225,0.023943661971831,0.138028169014085,0.425352112676056,0.411267605633803
1,1027,0,0,0,0,16,100,283,306,705,0.0,0.0,0.0,0.0,0.022695035460993,0.141843971631206,0.401418439716312,0.434042553191489
1,1028,0,0,0,2,17,104,304,273,700,0.0,0.0,0.0,0.002857142857143,0.024285714285714,0.148571428571429,0.434285714285714,0.39
1,1029,0,0,0,1,11,98,301,284,695,0.0,0.0,0.0,0.001438848920863,0.015827338129496,0.141007194244604,0.433093525179856,0.40863309352518
1,1030,0,0,0,1,14,122,293,260,690,0.0,0.0,0.0,0.001449275362319,0.020289855072464,0.176811594202899,0.42463768115942,0.376811594202899
1,1031,0,0,0,0,9,104,314,258,685,0.0,0.0,0.0,0.0,0.013138686131387,0.151824817518248,0.458394160583942,0.376642335766423
1,1032,0,0,0,1,18,105,283,273,680,0.0,0.0,0.0,0.001470588235294,0.026470588235294,0.154411764705882,0.416176470588235,0.401470588235294
1,1033,0,0,0,1,7,109,276,282,675,0.0,0.0,0.0,0.001481481481481,0.01037037037037,0.161481481481481,0.408888888888889,0.417777777777778
1,1034,0,0,0,0,16,103,269,282,670,0.0,0.0,0.0,0.0,0.023880597014925,0.153731343283582,0.401492537313433,0.42089552238806
1,1035,0,0,0,1,17,94,285,268,665,0.0,0.0,0.0,0.001503759398496,0.025563909774436,0.141353383458647,0.428571428571429,0.403007518796992
1,1036,0,0,0,0,19,101,280,260,660,0.0,0.0,0.0,0.0,0.028787878787879,0.153030303030303,0.424242424242424,0.393939393939394
1,1037,0,0,0,0,16,97,270,272,655,0.0,0.0,0.0,0.0,0.024427480916031,0.148091603053435,0.412213740458015,0.415267175572519
1,1038,0,0,0,2,10,103,274,261,650,0.0,0.0,0.0,0.003076923076923,0.015384615384615,0.158461538461538,0.421538461538462,0.401538461538462
1,1039,0,0,0,2,15,100,275,253,645,0.0,0.0,0.0,0.003100775193798,0.023255813953488,0.155038759689922,0.426356589147287,0.392248062015504
1,1040,0,0,0,1,13,84,267,275,640,0.0,0.0,0.0,0.0015625,0.0203125,0.13125,0.4171875,0.4296875
1,1041,0,0,0,0,10,87,294,244,635,0.0,0.0,0.0,0.0,0.015748031496063,0.137007874015748,0.462992125984252,0.384251968503937
1,1042,0,0,0,1,14,100,289,226,630,0.0,0.0,0.0,0.001587301587302,0.022222222222222,0.158730158730159,0.458730158730159,0.358730158730159
1,1043,0,0,0,0,20,93,283,229,625,0.0,0.0,0.0,0.0,0.032,0.1488,0.4528,0.3664
1,1044,0,0,0,2,16,99,258,245,620,0.0,0.0,0.0,0.003225806451613,0.025806451612903,0.159677419354839,0.416129032258065,0.395161290322581
1,1045,0,0,0,0,14,101,264,236,615,0.0,0.0,0.0,0.0,0.022764227642276,0.164227642276423,0.429268292682927,0.383739837398374
1,1046,0,0,0,3,11,102,263,231,610,0.0,0.0,0.0,0.004918032786885,0.018032786885246,0.167213114754098,0.431147540983607,0.378688524590164
1,1047,0,0,0,0,16,85,235,269,605,0.0,0.0,0.0,0.0,0.026446280991736,0.140495867768595,0.388429752066116,0.444628099173554
1,1048,0,0,0,2,13,111,245,229,600,0.0,0.0,0.0,0.003333333333333,0.021666666666667,0.185,0.408333333333333,0.381666666666667
1,1049,0,0,0,1,11,104,242,237,595,0.0,0.0,0.0,0.001680672268908,0.018487394957983,0.174789915966387,0.40672268907563,0.398319327731092
1,1050,0,0,0,1,18,89,240,242,590,0.0,0.0,0.0,0.001694915254237,0.030508474576271,0.150847457627119,0.406779661016949,0.410169491525424
1,1051,0,0,0,2,17,75,255,236,585,0.0,0.0,0.0,0.003418803418803,0.029059829059829,0.128205128205128,0.435897435897436,0.403418803418803
1,1052,0,0,0,0,12,95,238,235,580,0.0,0.0,0.0,0.0,0.020689655172414,0.163793103448276,0.410344827586207,0.405172413793103
1,1053,0,0,0,2,15,74,241,243,575,0.0,0.0,0.0,0.003478260869565,0.026086956521739,0.128695652173913,0.419130434782609,0.422608695652174
1,1054,0,0,0,0,10,78,251,231,570,0.0,0.0,0.0,0.0,0.017543859649123,0.136842105263158,0.440350877192982,0.405263157894737
1,1055,0,0,0,2,13,94,236,220,565,0.0,0.0,0.0,0.00353982300885,0.023008849557522,0.166371681415929,0.417699115044248,0.389380530973451
1,1056,0,0,0,0,13,89,235,223,560,0.0,0.0,0.0,0.0,0.023214285714286,0.158928571428571,0.419642857142857,0.398214285714286
1,1057,0,0,0,1,12,97,238,207,555,0.0,0.0,0.0,0.001801801801802,0.021621621621622,0.174774774774775,0.428828828828829,0.372972972972973
1,1058,0,0,0,1,15,84,217,233,550,0.0,0.0,0.0,0.001818181818182,0.027272727272727,0.152727272727273,0.394545454545455,0.423636363636364
1,1059,0,0,0,0,11,87,218,229,545,0.0,0.0,0.0,0.0,0.020183486238532,0.159633027522936,0.4,0.420183486238532
1,1060,0,0,0,1,7,91,245,196,540,0.0,0.0,0.0,0.001851851851852,0.012962962962963,0.168518518518519,0.453703703703704,0.362962962962963
1,1061,0,0,0,0,18,94,190,233,535,0.0,0.0,0.0,0.0,0.033644859813084,0.175700934579439,0.355140186915888,0.435514018691589
1,1062,0,0,0,0,8,78,240,204,530,0.0,0.0,0.0,0.0,0.015094339622642,0.147169811320755,0.452830188679245,0.384905660377359
1,1063,0,0,0,1,13,57,238,216,525,0.0,0.0,0.0,0.001904761904762,0.024761904761905,0.108571428571429,0.453333333333333,0.411428571428571
1,1064,0,0,0,1,15,93,219,192,520,0.0,0.0,0.0,0.001923076923077,0.028846153846154,0.178846153846154,0.421153846153846,0.369230769230769
1,1065,0,0,0,0,14,76,212,213,515,0.0,0.0,0.0,0.0,0.027184466019417,0.147572815533981,0.411650485436893,0.413592233009709
1,1066,0,0,0,0,9,74,219,208,510,0.0,0.0,0.0,0.0,0.017647058823529,0.145098039215686,0.429411764705882,0.407843137254902
1,1067,0,0,0,0,12,58,210,225,505,0.0,0.0,0.0,0.0,0.023762376237624,0.114851485148515,0.415841584158416,0.445544554455446
1,1068,0,0,0,1,12,64,238,185,500,0.0,0.0,0.0,0.002,0.024,0.128,0.476,0.37
1,1069,0,0,0,0,10,89,206,190,495,0.0,0.0,0.0,0.0,0.02020202020202,0.17979797979798,0.416161616161616,0.383838383838384
1,1070,0,0,0,1,10,82,198,199,490,0.0,0.0,0.0,0.002040816326531,0.020408163265306,0.16734693877551,0.404081632653061,0.406122448979592
1,1071,0,0,0,1,15,85,217,167,485,0.0,0.0,0.0,0.002061855670103,0.030927835051546,0.175257731958763,0.447422680412371,0.344329896907216
1,1072,0,0,0,0,6,80,216,178,480,0.0,0.0,0.0,0.0,0.0125,0.166666666666667,0.45,0.370833333333333
1,1073,0,0,0,1,11,74,204,185,475,0.0,0.0,0.0,0.002105263157895,0.023157894736842,0.155789473684211,0.429473684210526,0.389473684210526
1,1074,0,0,0,4,7,77,189,193,470,0.0,0.0,0.0,0.008510638297872,0.014893617021277,0.163829787234043,0.402127659574468,0.41063829787234
1,1075,0,0,0,0,10,69,186,200,465,0.0,0.0,0.0,0.0,0.021505376344086,0.148387096774194,0.4,0.43010752688172
1,1076,0,0,0,0,13,72,185,190,460,0.0,0.0,0.0,0.0,0.028260869565217,0.156521739130435,0.402173913043478,0.41304347826087
1,1077,0,0,0,1,10,63,200,181,455,0.0,0.0,0.0,0.002197802197802,0.021978021978022,0.138461538461538,0.43956043956044,0.397802197802198
1,1078,0,0,0,1,11,62,193,183,450,0.0,0.0,0.0,0.002222222222222,0.024444444444444,0.137777777777778,0.428888888888889,0.406666666666667
1,1079,0,0,0,0,3,78,194,170,445,0.0,0.0,0.0,0.0,0.006741573033708,0.175280898876404,0.435955056179775,0.382022471910112
1,1080,0,0,0,1,11,70,171,187,440,0.0,0.0,0.0,0.002272727272727,0.025,0.159090909090909,0.388636363636364,0.425
1,1081,0,0,0,0,10,74,160,191,435,0.0,0.0,0.0,0.0,0.022988505747126,0.170114942528736,0.367816091954023,0.439080459770115
1,1082,0,0,0,0,8,65,197,160,430,0.0,0.0,0.0,0.0,0.018604651162791,0.151162790697674,0.458139534883721,0.372093023255814
1,1083,0,0,0,0,8,77,188,152,425,0.0,0.0,0.0,0.0,0.018823529411765,0.181176470588235,0.442352941176471,0.357647058823529
1,1084,0,0,0,0,11,69,169,171,420,0.0,0.0,0.0,0.0,0.026190476190476,0.164285714285714,0.402380952380952,0.407142857142857
1,1085,0,0,0,0,11,53,178,173,415,0.0,0.0,0.0,0.0,0.026506024096386,0.127710843373494,0.428915662650602,0.416867469879518
1,1086,0,0,0,0,10,69,167,164,410,0.0,0.0,0.0,0.0,0.024390243902439,0.168292682926829,0.407317073170732,0.4
1,1087,0,0,0,1,7,68,180,149,405,0.0,0.0,0.0,0.002469135802469,0.017283950617284,0.167901234567901,0.444444444444444,0.367901234567901
1,1088,0,0,0,1,4,73,157,165,400,0.0,0.0,0.0,0.0025,0.01,0.1825,0.3925,0.4125
1,1089,0,0,0,1,5,67,176,146,395,0.0,0.0,0.0,0.00253164556962,0.012658227848101,0.169620253164557,0.445569620253165,0.369620253164557
1,1090,0,0,0,0,6,62,168,154,390,0.0,0.0,0.0,0.0,0.015384615384615,0.158974358974359,0.430769230769231,0.394871794871795
1,1091,0,0,0,0,7,61,169,148,385,0.0,0.0,0.0,0.0,0.018181818181818,0.158441558441558,0.438961038961039,0.384415584415584
1,1092,0,0,0,1,11,58,162,148,380,0.0,0.0,0.0,0.002631578947368,0.028947368421053,0.152631578947368,0.426315789473684,0.389473684210526
1,1093,0,0,0,0,4,70,155,146,375,0.0,0.0,0.0,0.0,0.010666666666667,0.186666666666667,0.413333333333333,0.389333333333333
1,1094,0,0,0,0,8,64,142,156,370,0.0,0.0,0.0,0.0,0.021621621621622,0.172972972972973,0.383783783783784,0.421621621621622
1,1095,0,0,0,0,10,60,156,139,365,0.0,0.0,0.0,0.0,0.027397260273973,0.164383561643836,0.427397260273973,0.380821917808219
1,1096,0,0,0,1,9,62,158,130,360,0.0,0.0,0.0,0.002777777777778,0.025,0.172222222222222,0.438888888888889,0.361111111111111
1,1097,0,0,0,0,11,52,149,143,355,0.0,0.0,0.0,0.0,0.030985915492958,0.146478873239437,0.419718309859155,0.402816901408451
1,1098,0,0,0,0,3,56,159,132,350,0.0,0.0,0.0,0.0,0.008571428571429,0.16,0.454285714285714,0.377142857142857
1,1099,0,0,0,2,9,51,147,136,345,0.0,0.0,0.0,0.005797101449275,0.026086956521739,0.147826086956522,0.426086956521739,0.394202898550725
1,1100,0,0,0,1,7,63,140,129,340,0.0,0.0,0.0,0.002941176470588,0.020588235294118,0.185294117647059,0.411764705882353,0.379411764705882
1,1101,0,0,0,0,8,52,147,128,335,0.0,0.0,0.0,0.0,0.023880597014925,0.155223880597015,0.438805970149254,0.382089552238806
1,1102,0,0,0,0,3,51,145,131,330,0.0,0.0,0.0,0.0,0.009090909090909,0.154545454545455,0.439393939393939,0.396969696969697
1,1103,0,0,0,1,11,51,127,135,325,0.0,0.0,0.0,0.003076923076923,0.033846153846154,0.156923076923077,0.390769230769231,0.415384615384615
1,1104,0,0,0,0,6,49,142,123,320,0.0,0.0,0.0,0.0,0.01875,0.153125,0.44375,0.384375
1,1105,0,0,0,0,8,60,126,121,315,0.0,0.0,0.0,0.0,0.025396825396825,0.19047619047619,0.4,0.384126984126984
1,1106,0,0,0,1,10,46,134,119,310,0.0,0.0,0.0,0.003225806451613,0.032258064516129,0.148387096774194,0.432258064516129,0.383870967741935
1,1107,0,0,0,0,7,39,123,136,305,0.0,0.0,0.0,0.0,0.022950819672131,0.127868852459016,0.40327868852459,0.445901639344262
1,1108,0,0,0,0,5,44,133,118,300,0.0,0.0,0.0,0.0,0.016666666666667,0.146666666666667,0.443333333333333,0.393333333333333
1,1109,0,0,0,0,5,51,116,123,295,0.0,0.0,0.0,0.0,0.016949152542373,0.172881355932203,0.393220338983051,0.416949152542373
1,1110,0,0,0,0,7,47,130,106,290,0.0,0.0,0.0,0.0,0.024137931034483,0.162068965517241,0.448275862068966,0.36551724137931
1,1111,0,0,0,0,3,38,121,123,285,0.0,0.0,0.0,0.0,0.010526315789474,0.133333333333333,0.424561403508772,0.431578947368421
1,1112,0,0,0,1,5,40,125,109,280,0.0,0.0,0.0,0.003571428571429,0.017857142857143,0.142857142857143,0.446428571428571,0.389285714285714
1,1113,0,0,0,0,9,43,114,109,275,0.0,0.0,0.0,0.0,0.032727272727273,0.156363636363636,0.414545454545455,0.396363636363636
1,1114,0,0,0,1,8,38,122,101,270,0.0,0.0,0.0,0.003703703703704,0.02962962962963,0.140740740740741,0.451851851851852,0.374074074074074
1,1115,0,0,0,1,3,35,103,123,265,0.0,0.0,0.0,0.00377358490566,0.011320754716981,0.132075471698113,0.388679245283019,0.464150943396226
1,1116,0,0,0,0,8,37,104,111,260,0.0,0.0,0.0,0.0,0.030769230769231,0.142307692307692,0.4,0.426923076923077
1,1117,0,0,0,0,5,44,96,110,255,0.0,0.0,0.0,0.0,0.019607843137255,0.172549019607843,0.376470588235294,0.431372549019608
1,1118,0,0,0,1,7,34,103,105,250,0.0,0.0,0.0,0.004,0.028,0.136,0.412,0.42
1,1119,0,0,0,0,6,31,114,94,245,0.0,0.0,0.0,0.0,0.024489795918367,0.126530612244898,0.46530612244898,0.383673469387755
1,1120,0,0,0,1,6,39,104,90,240,0.0,0.0,0.0,0.004166666666667,0.025,0.1625,0.433333333333333,0.375
1,1121,0,0,0,0,9,33,107,86,235,0.0,0.0,0.0,0.0,0.038297872340426,0.140425531914894,0.45531914893617,0.365957446808511
1,1122,0,0,0,0,3,28,105,94,230,0.0,0.0,0.0,0.0,0.01304347826087,0.121739130434783,0.456521739130435,0.408695652173913
1,1123,0,0,0,0,2,30,92,101,225,0.0,0.0,0.0,0.0,0.008888888888889,0.133333333333333,0.408888888888889,0.448888888888889
1,1124,0,0,0,0,4,34,87,95,220,0.0,0.0,0.0,0.0,0.018181818181818,0.154545454545455,0.395454545454545,0.431818181818182
1,1125,0,0,0,0,7,38,84,86,215,0.0,0.0,0.0,0.0,0.032558139534884,0.176744186046512,0.390697674418605,0.4
1,1126,0,0,0,0,6,24,95,85,210,0.0,0.0,0.0,0.0,0.028571428571429,0.114285714285714,0.452380952380952,0.404761904761905
1,1127,0,0,0,1,7,36,77,84,205,0.0,0.0,0.0,0.004878048780488,0.034146341463415,0.175609756097561,0.375609756097561,0.409756097560976
1,1128,0,0,0,0,4,30,89,77,200,0.0,0.0,0.0,0.0,0.02,0.15,0.445,0.385
1,1129,0,0,0,0,2,31,89,73,195,0.0,0.0,0.0,0.0,0.01025641025641,0.158974358974359,0.456410256410256,0.374358974358974
1,1130,0,0,0,1,4,34,72,79,190,0.0,0.0,0.0,0.005263157894737,0.021052631578947,0.178947368421053,0.378947368421053,0.415789473684211
1,1131,0,0,0,0,3,25,94,63,185,0.0,0.0,0.0,0.0,0.016216216216216,0.135135135135135,0.508108108108108,0.340540540540541
1,1132,0,0,0,0,4,31,76,69,180,0.0,0.0,0.0,0.0,0.022222222222222,0.172222222222222,0.422222222222222,0.383333333333333
1,1133,0,0,0,0,3,22,84,66,175,0.0,0.0,0.0,0.0,0.017142857142857,0.125714285714286,0.48,0.377142857142857
1,1134,0,0,0,0,4,25,73,68,170,0.0,0.0,0.0,0.0,0.023529411764706,0.147058823529412,0.429411764705882,0.4
1,1135,0,0,0,1,5,23,74,62,165,0.0,0.0,0.0,0.006060606060606,0.03030303030303,0.139393939393939,0.448484848484848,0.375757575757576
1,1136,0,0,0,0,6,24,70,60,160,0.0,0.0,0.0,0.0,0.0375,0.15,0.4375,0.375
1,1137,0,0,0,1,2,15,89,48,155,0.0,0.0,0.0,0.006451612903226,0.012903225806452,0.096774193548387,0.574193548387097,0.309677419354839
1,1138,0,0,0,0,3,22,61,64,150,0.0,0.0,0.0,0.0,0.02,0.146666666666667,0.406666666666667,0.426666666666667
1,1139,0,0,0,0,3,24,59,59,145,0.0,0.0,0.0,0.0,0.020689655172414,0.16551724137931,0.406896551724138,0.406896551724138
1,1140,0,0,0,1,2,15,60,62,140,0.0,0.0,0.0,0.007142857142857,0.014285714285714,0.107142857142857,0.428571428571429,0.442857142857143
1,1141,0,0,0,0,1,13,55,66,135,0.0,0.0,0.0,0.0,0.007407407407407,0.096296296296296,0.407407407407407,0.488888888888889
1,1142,0,0,0,0,2,25,55,48,130,0.0,0.0,0.0,0.0,0.015384615384615,0.192307692307692,0.423076923076923,0.369230769230769
1,1143,0,0,0,0,1,17,56,51,125,0.0,0.0,0.0,0.0,0.008,0.136,0.448,0.408
1,1144,0,0,0,0,3,23,45,49,120,0.0,0.0,0.0,0.0,0.025,0.191666666666667,0.375,0.408333333333333
1,1145,0,0,0,0,4,14,53,44,115,0.0,0.0,0.0,0.0,0.034782608695652,0.121739130434783,0.460869565217391,0.382608695652174
1,1146,0,0,0,0,1,14,41,54,110,0.0,0.0,0.0,0.0,0.009090909090909,0.127272727272727,0.372727272727273,0.490909090909091
1,1147,0,0,0,0,2,22,38,43,105,0.0,0.0,0.0,0.0,0.019047619047619,0.20952380952381,0.361904761904762,0.40952380952381
1,1148,0,0,0,0,3,11,47,39,100,0.0,0.0,0.0,0.0,0.03,0.11,0.47,0.39
1,1149,0,0,0,0,1,16,41,37,95,0.0,0.0,0.0,0.0,0.010526315789474,0.168421052631579,0.431578947368421,0.389473684210526
1,1150,0,0,0,0,2,13,32,43,90,0.0,0.0,0.0,0.0,0.022222222222222,0.144444444444444,0.355555555555556,0.477777777777778
1,1151,0,0,0,0,3,6,37,39,85,0.0,0.0,0.0,0.0,0.035294117647059,0.070588235294118,0.435294117647059,0.458823529411765
1,1152,0,0,0,0,1,12,28,39,80,0.0,0.0,0.0,0.0,0.0125,0.15,0.35,0.4875
1,1153,0,0,0,0,3,8,40,24,75,0.0,0.0,0.0,0.0,0.04,0.106666666666667,0.533333333333333,0.32
1,1154,0,0,0,0,3,7,41,19,70,0.0,0.0,0.0,0.0,0.042857142857143,0.1,0.585714285714286,0.271428571428571
1,1155,0,0,0,0,0,6,35,24,65,0.0,0.0,0.0,0.0,0.0,0.092307692307692,0.538461538461538,0.369230769230769
1,1156,0,0,0,0,1,8,18,33,60,0.0,0.0,0.0,0.0,0.016666666666667,0.133333333333333,0.3,0.55
1,1157,0,0,0,0,1,9,26,19,55,0.0,0.0,0.0,0.0,0.018181818181818,0.163636363636364,0.472727272727273,0.345454545454545
1,1158,0,0,0,0,0,7,31,12,50,0.0,0.0,0.0,0.0,0.0,0.14,0.62,0.24
1,1159,0,0,0,0,1,6,20,18,45,0.0,0.0,0.0,0.0,0.022222222222222,0.133333333333333,0.444444444444444,0.4
1,1160,0,0,0,0,0,7,18,15,40,0.0,0.0,0.0,0.0,0.0,0.175,0.45,0.375
1,1161,0,0,0,0,0,6,13,16,35,0.0,0.0,0.0,0.0,0.0,0.171428571428571,0.371428571428571,0.457142857142857
1,1162,0,0,0,0,0,8,11,11,30,0.0,0.0,0.0,0.0,0.0,0.266666666666667,0.366666666666667,0.366666666666667
1,1163,0,0,0,0,0,2,15,8,25,0.0,0.0,0.0,0.0,0.0,0.08,0.6,0.32
1,1164,0,0,0,0,0,4,7,9,20,0.0,0.0,0.0,0.0,0.0,0.2,0.35,0.45
1,1165,0,0,0,0,0,2,8,5,15,0.0,0.0,0.0,0.0,0.0,0.133333333333333,0.533333333333333,0.333333333333333
1,1166,0,0,0,0,0,0,3,7,10,0.0,0.0,0.0,0.0,0.0,0.0,0.3,0.7
1,1167,0,0,0,0,0,1,3,1,5,0.0,0.0,0.0,0.0,0.0,0.2,0.6,0.2
2,1,0,0,0,5,131,884,2495,2320,5835,0.0,0.0,0.0,0.000856898029135,0.022450728363325,0.151499571550985,0.427592116538132,0.397600685518423
2,2,0,0,0,5,132,909,2472,2312,5830,0.0,0.0,0.0,0.000857632933105,0.022641509433962,0.155917667238422,0.42401372212693,0.396569468267581
2,3,0,0,0,15,126,907,2414,2363,5825,0.0,0.0,0.0,0.002575107296137,0.021630901287554,0.155708154506438,0.414420600858369,0.405665236051502
2,4,0,0,1,5,132,847,2505,2330,5820,0.0,0.0,0.000171821305842,0.00085910652921,0.022680412371134,0.14553264604811,0.430412371134021,0.400343642611684
2,5,0,0,1,6,133,852,2491,2332,5815,0.0,0.0,0.000171969045572,0.001031814273431,0.022871883061049,0.146517626827171,0.428374892519347,0.401031814273431
2,6,0,0,1,13,116,918,2445,2317,5810,0.0,0.0,0.000172117039587,0.00223752151463,0.019965576592083,0.158003442340792,0.420826161790017,0.398795180722892
2,7,0,0,1,6,114,871,2490,2323,5805,0.0,0.0,0.000172265288544,0.001033591731266,0.019638242894057,0.150043066322136,0.428940568475452,0.400172265288544
2,8,0,0,0,7,129,820,2450,2394,5800,0.0,0.0,0.0,0.001206896551724,0.022241379310345,0.141379310344828,0.422413793103448,0.412758620689655
2,9,0,0,0,9,145,807,2455,2379,5795,0.0,0.0,0.0,0.001553062985332,0.025021570319241,0.139257981018119,0.423641069887834,0.410526315789474
2,10,0,0,0,4,124,844,2517,2301,5790,0.0,0.0,0.0,0.000690846286701,0.021416234887737,0.145768566493955,0.434715025906736,0.39740932642487
2,11,0,0,0,4,117,854,2515,2295,5785,0.0,0.0,0.0,0.000691443388073,0.020224719101124,0.1476231633535,0.434745030250648,0.396715643906655
2,12,0,0,0,9,111,801,2441,2418,5780,0.0,0.0,0.0,0.001557093425606,0.019204152249135,0.138581314878893,0.422318339100346,0.418339100346021
2,13,0,0,0,7,125,823,2458,2362,5775,0.0,0.0,0.0,0.001212121212121,0.021645021645022,0.142510822510823,0.425627705627706,0.409004329004329
2,14,0,0,0,6,144,827,2438,2355,5770,0.0,0.0,0.0,0.00103986135182,0.024956672443674,0.143327556325823,0.422530329289428,0.408145580589255
2,15,0,0,0,8,142,946,2406,2263,5765,0.0,0.0,0.0,0.001387684301821,0.024631396357329,0.164093668690373,0.417346053772767,0.39254119687771
2,16,0,0,0,8,139,853,2431,2329,5760,0.0,0.0,0.0,0.001388888888889,0.024131944444444,0.148090277777778,0.422048611111111,0.404340277777778
2,17,0,0,1,11,137,859,2370,2377,5755,0.0,0.0,0.000173761946134,0.001911381407472,0.02380538662033,0.149261511728931,0.411815812337098,0.413032145960035
2,18,0,0,1,10,135,887,2387,2330,5750,0.0,0.0,0.000173913043478,0.001739130434783,0.023478260869565,0.154260869565217,0.415130434782609,0.405217391304348
2,19,0,0,0,6,145,865,2450,2279,5745,0.0,0.0,0.0,0.001044386422977,0.025239338555265,0.150565709312446,0.426457789382071,0.396692776327241
2,20,0,0,0,10,156,898,2363,2313,5740,0.0,0.0,0.0,0.001742160278746,0.027177700348432,0.156445993031359,0.411672473867596,0.402961672473868
2,21,0,0,0,10,141,790,2484,2310,5735,0.0,0.0,0.0,0.001743679163034,0.024585876198779,0.137750653879686,0.433129904097646,0.402789886660854
2,22,0,0,0,5,132,871,2396,2326,5730,0.0,0.0,0.0,0.00087260034904,0.02303664921466,0.152006980802792,0.418150087260035,0.405933682373473
2,23,0,0,0,6,140,816,2505,2258,5725,0.0,0.0,0.0,0.001048034934498,0.024454148471616,0.142532751091703,0.437554585152838,0.394410480349345
2,24,0,0,0,10,137,832,2415,2326,5720,0.0,0.0,0.0,0.001748251748252,0.023951048951049,0.145454545454545,0.422202797202797,0.406643356643357
2,25,0,0,0,7,117,825,2411,2355,5715,0.0,0.0,0.0,0.001224846894138,0.020472440944882,0.144356955380577,0.421872265966754,0.412073490813648
2,26,0,0,0,6,139,858,2384,2323,5710,0.0,0.0,0.0,0.001050788091068,0.024343257443082,0.150262697022767,0.417513134851138,0.406830122591944
2,27,0,0,0,12,123,864,2438,2268,5705,0.0,0.0,0.0,0.002103418054338,0.021560035056968,0.151446099912358,0.427344434706398,0.397546012269939
2,28,0,0,0,7,130,873,2392,2298,5700,0.0,0.0,0.0,0.001228070175439,0.02280701754386,0.153157894736842,0.419649122807018,0.403157894736842
2,29,0,0,0,6,120,851,2443,2275,5695,0.0,0.0,0.0,0.001053555750658,0.021071115013169,0.149429323968393,0.428972783143108,0.399473222124671
2,30,0,0,1,5,101,872,2375,2336,5690,0.0,0.0,0.000175746924429,0.000878734622144,0.017750439367311,0.153251318101933,0.417398945518453,0.410544815465729
2,31,0,0,0,5,132,853,2398,2297,5685,0.0,0.0,0.0,0.000879507475814,0.023218997361478,0.150043975373791,0.421811785400176,0.404045734388742
2,32,0,0,0,2,139,862,2408,2269,5680,0.0,0.0,0.0,0.000352112676056,0.024471830985915,0.151760563380282,0.423943661971831,0.399471830985915
2,33,0,0,0,11,127,841,2438,2258,5675,0.0,0.0,0.0,0.001938325991189,0.022378854625551,0.148193832599119,0.429603524229075,0.397885462555066
2,34,0,0,0,9,109,864,2401,2287,5670,0.0,0.0,0.0,0.001587301587302,0.019223985890653,0.152380952380952,0.423456790123457,0.403350970017637
2,35,0,0,0,12,122,817,2381,2333,5665,0.0,0.0,0.0,0.002118270079435,0.02153574580759,0.144218887908208,0.420300088261253,0.411827007943513
2,36,0,0,0,7,127,822,2414,2290,5660,0.0,0.0,0.0,0.001236749116608,0.02243816254417,0.145229681978799,0.426501766784452,0.404593639575972
2,37,0,0,0,14,112,846,2426,2257,5655,0.0,0.0,0.0,0.002475685234306,0.019805481874447,0.149602122015915,0.429000884173298,0.399115826702034
2,38,0,0,0,7,139,836,2378,2290,5650,0.0,0.0,0.0,0.001238938053097,0.024601769911504,0.147964601769911,0.420884955752212,0.405309734513274
2,39,0,0,1,3,116,854,2362,2309,5645,0.0,0.0,0.000177147918512,0.000531443755536,0.020549158547387,0.151284322409212,0.418423383525244,0.40903454384411
2,40,0,0,0,6,101,874,2416,2243,5640,0.0,0.0,0.0,0.001063829787234,0.01790780141844,0.154964539007092,0.428368794326241,0.397695035460993
2,41,0,0,0,4,123,874,2419,2215,5635,0.0,0.0,0.0,0.000709849157054,0.021827861579414,0.155102040816327,0.429281277728483,0.393078970718722
2,42,0,0,0,11,97,858,2361,2303,5630,0.0,0.0,0.0,0.001953818827709,0.017229129662522,0.152397868561279,0.419360568383659,0.409058614564831
2,43,0,0,0,6,125,771,2415,2308,5625,0.0,0.0,0.0,0.001066666666667,0.022222222222222,0.137066666666667,0.429333333333333,0.410311111111111
2,44,0,0,0,9,106,852,2387,2266,5620,0.0,0.0,0.0,0.001601423487544,0.018861209964413,0.151601423487544,0.424733096085409,0.403202846975089
2,45,0,0,0,6,124,865,2430,2190,5615,0.0,0.0,0.0,0.00106856634016,0.022083704363313,0.154051647373108,0.432769367764915,0.390026714158504
2,46,0,0,0,6,131,849,2357,2267,5610,0.0,0.0,0.0,0.001069518716578,0.023351158645276,0.151336898395722,0.420142602495544,0.404099821746881
2,47,0,0,0,6,132,853,2390,2224,5605,0.0,0.0,0.0,0.00107047279215,0.023550401427297,0.152185548617306,0.426404995539697,0.39678858162355
2,48,0,0,1,6,132,807,2359,2295,5600,0.0,0.0,0.000178571428571,0.001071428571429,0.023571428571429,0.144107142857143,0.42125,0.409821428571429
2,49,0,0,0,7,140,842,2362,2244,5595,0.0,0.0,0.0,0.001251117068811,0.025022341376229,0.150491510277033,0.422162645218945,0.401072386058981
2,50,0,0,0,6,120,850,2351,2263,5590,0.0,0.0,0.0,0.001073345259392,0.021466905187835,0.152057245080501,0.420572450805009,0.404830053667263
2,51,0,0,0,6,120,882,2339,2238,5585,0.0,0.0,0.0,0.001074306177261,0.02148612354521,0.157923008057296,0.418800358102059,0.400716204118174
2,52,0,0,0,6,118,851,2376,2229,5580,0.0,0.0,0.0,0.001075268817204,0.021146953405018,0.152508960573477,0.425806451612903,0.399462365591398
2,53,0,0,0,9,131,813,2378,2244,5575,0.0,0.0,0.0,0.001614349775785,0.023497757847534,0.145829596412556,0.426547085201794,0.402511210762332
2,54,0,0,0,5,115,809,2354,2287,5570,0.0,0.0,0.0,0.000897666068223,0.02064631956912,0.14524236983842,0.42262118491921,0.410592459605027
2,55,0,0,0,8,115,839,2357,2246,5565,0.0,0.0,0.0,0.001437556154537,0.020664869721473,0.150763701707098,0.423539982030548,0.403593890386343
2,56,0,0,0,8,148,816,2351,2237,5560,0.0,0.0,0.0,0.001438848920863,0.026618705035971,0.146762589928058,0.422841726618705,0.402338129496403
2,57,0,0,0,9,128,830,2365,2223,5555,0.0,0.0,0.0,0.001620162016202,0.023042304230423,0.149414941494149,0.425742574257426,0.4001800180018
2,58,0,0,0,9,118,835,2346,2242,5550,0.0,0.0,0.0,0.001621621621622,0.021261261261261,0.15045045045045,0.422702702702703,0.403963963963964
2,59,0,0,0,4,117,847,2362,2215,5545,0.0,0.0,0.0,0.000721370604148,0.021100090171326,0.152750225428314,0.425969341749324,0.399458972046889
2,60,0,0,0,11,114,850,2296,2269,5540,0.0,0.0,0.0,0.001985559566787,0.02057761732852,0.153429602888087,0.414440433212996,0.40956678700361
2,61,0,0,0,6,139,863,2276,2251,5535,0.0,0.0,0.0,0.001084010840108,0.025112917795845,0.155916892502258,0.411201445347787,0.406684733514002
2,62,0,0,0,11,108,790,2371,2250,5530,0.0,0.0,0.0,0.001989150090416,0.019529837251356,0.142857142857143,0.42875226039783,0.406871609403255
2,63,0,0,0,10,110,844,2351,2210,5525,0.0,0.0,0.0,0.001809954751131,0.019909502262443,0.152760180995475,0.42552036199095,0.4
2,64,0,0,0,12,137,837,2320,2214,5520,0.0,0.0,0.0,0.002173913043478,0.02481884057971,0.151630434782609,0.420289855072464,0.401086956521739
2,65,0,0,0,5,119,829,2384,2178,5515,0.0,0.0,0.0,0.00090661831369,0.02157751586582,0.150317316409791,0.432275611967362,0.394922937443336
2,66,0,0,0,10,104,829,2271,2296,5510,0.0,0.0,0.0,0.001814882032668,0.018874773139746,0.150453720508167,0.412159709618875,0.416696914700544
2,67,0,0,0,7,112,802,2311,2273,5505,0.0,0.0,0.0,0.001271571298819,0.020345140781108,0.145685740236149,0.419800181653043,0.412897366030881
2,68,0,0,0,8,105,789,2359,2239,5500,0.0,0.0,0.0,0.001454545454545,0.019090909090909,0.143454545454545,0.428909090909091,0.407090909090909
2,69,0,0,1,5,131,854,2299,2205,5495,0.0,0.0,0.000181983621474,0.00090991810737,0.023839854413103,0.155414012738853,0.418380345768881,0.401273885350318
2,70,0,0,0,14,112,844,2316,2204,5490,0.0,0.0,0.0,0.002550091074681,0.02040072859745,0.153734061930783,0.421857923497268,0.401457194899818
2,71,0,0,0,6,123,804,2229,2323,5485,0.0,0.0,0.0,0.001093892433911,0.022424794895169,0.146581586144029,0.406381039197812,0.423518687329079
2,72,0,0,1,10,131,776,2355,2207,5480,0.0,0.0,0.000182481751825,0.001824817518248,0.023905109489051,0.141605839416058,0.429744525547445,0.402737226277372
2,73,0,0,0,4,118,795,2354,2204,5475,0.0,0.0,0.0,0.000730593607306,0.021552511415525,0.145205479452055,0.429954337899543,0.402557077625571
2,74,0,0,0,10,117,827,2316,2200,5470,0.0,0.0,0.0,0.001828153564899,0.021389396709324,0.151188299817185,0.423400365630713,0.402193784277879
2,75,0,0,1,5,130,820,2291,2218,5465,0.0,0.0,0.000182982616651,0.000914913083257,0.023787740164684,0.150045745654163,0.419213174748399,0.405855443732845
2,76,0,0,0,3,108,815,2208,2326,5460,0.0,0.0,0.0,0.000549450549451,0.01978021978022,0.149267399267399,0.404395604395604,0.426007326007326
2,77,0,0,0,7,117,788,2304,2239,5455,0.0,0.0,0.0,0.0012832263978,0.021448212648946,0.144454628780935,0.422364802933089,0.41044912923923
2,78,0,0,0,3,127,851,2316,2153,5450,0.0,0.0,0.0,0.000550458715596,0.023302752293578,0.156146788990826,0.424954128440367,0.395045871559633
2,79,0,0,0,9,120,885,2314,2117,5445,0.0,0.0,0.0,0.001652892561983,0.022038567493113,0.162534435261708,0.424977043158861,0.388797061524334
2,80,0,0,0,6,138,788,2308,2200,5440,0.0,0.0,0.0,0.001102941176471,0.025367647058824,0.144852941176471,0.424264705882353,0.404411764705882
2,81,0,0,0,6,132,786,2277,2234,5435,0.0,0.0,0.0,0.001103955841766,0.024287028518859,0.144618215271389,0.418951241950322,0.411039558417663
2,82,0,0,0,9,131,816,2329,2145,5430,0.0,0.0,0.0,0.001657458563536,0.024125230202578,0.150276243093923,0.428913443830571,0.395027624309392
2,83,0,0,0,6,106,779,2308,2226,5425,0.0,0.0,0.0,0.00110599078341,0.019539170506912,0.143594470046083,0.425437788018433,0.410322580645161
2,84,0,0,0,7,113,845,2267,2188,5420,0.0,0.0,0.0,0.001291512915129,0.020848708487085,0.15590405904059,0.418265682656827,0.403690036900369
2,85,0,0,0,5,125,807,2371,2107,5415,0.0,0.0,0.0,0.000923361034164,0.023084025854109,0.149030470914127,0.437857802400739,0.389104339796861
2,86,0,0,0,7,113,803,2252,2235,5410,0.0,0.0,0.0,0.001293900184843,0.020887245841035,0.148428835489834,0.416266173752311,0.413123844731978
2,87,0,0,0,11,122,790,2330,2152,5405,0.0,0.0,0.0,0.002035152636448,0.022571692876966,0.146160962072155,0.431082331174838,0.398149861239593
2,88,0,0,0,8,123,831,2289,2149,5400,0.0,0.0,0.0,0.001481481481481,0.022777777777778,0.153888888888889,0.423888888888889,0.397962962962963
2,89,0,0,0,4,110,824,2304,2153,5395,0.0,0.0,0.0,0.000741427247451,0.020389249304912,0.152734012974977,0.427062094531974,0.399073215940686
2,90,0,0,0,13,124,796,2296,2161,5390,0.0,0.0,0.0,0.002411873840445,0.023005565862709,0.147680890538033,0.425974025974026,0.400927643784787
2,91,0,0,0,8,125,797,2279,2176,5385,0.0,0.0,0.0,0.001485608170845,0.023212627669452,0.148003714020427,0.423212627669452,0.404085422469824
2,92,0,0,0,7,109,840,2262,2162,5380,0.0,0.0,0.0,0.001301115241636,0.020260223048327,0.156133828996283,0.420446096654275,0.40185873605948
2,93,0,0,0,6,92,806,2214,2257,5375,0.0,0.0,0.0,0.001116279069767,0.017116279069767,0.149953488372093,0.411906976744186,0.419906976744186
2,94,0,0,0,8,120,798,2338,2106,5370,0.0,0.0,0.0,0.001489757914339,0.022346368715084,0.148603351955307,0.435381750465549,0.392178770949721
2,95,0,0,0,10,122,778,2253,2202,5365,0.0,0.0,0.0,0.001863932898416,0.022739981360671,0.145013979496738,0.419944082013048,0.410438024231128
2,96,0,0,0,10,103,828,2317,2102,5360,0.0,0.0,0.0,0.001865671641791,0.019216417910448,0.154477611940299,0.432276119402985,0.392164179104478
2,97,0,0,1,4,118,847,2225,2160,5355,0.0,0.0,0.000186741363212,0.000746965452848,0.02203548085901,0.158169934640523,0.415499533146592,0.403361344537815
2,98,0,0,0,7,129,789,2264,2161,5350,0.0,0.0,0.0,0.001308411214953,0.02411214953271,0.147476635514019,0.423177570093458,0.40392523364486
2,99,0,0,0,7,144,786,2280,2128,5345,0.0,0.0,0.0,0.001309635173059,0.026941066417212,0.147053320860617,0.426566884939196,0.398129092609916
2,100,0,0,0,4,118,767,2310,2141,5340,0.0,0.0,0.0,0.000749063670412,0.022097378277154,0.143632958801498,0.432584269662921,0.400936329588015
2,101,0,0,0,4,107,778,2246,2200,5335,0.0,0.0,0.0,0.000749765698219,0.020056232427366,0.145829428303655,0.420993439550141,0.412371134020619
2,102,0,0,0,5,122,792,2245,2166,5330,0.0,0.0,0.0,0.00093808630394,0.022889305816135,0.14859287054409,0.421200750469043,0.406378986866792
2,103,0,0,0,10,97,760,2306,2152,5325,0.0,0.0,0.0,0.0018779342723,0.018215962441315,0.142723004694836,0.433051643192488,0.404131455399061
2,104,0,0,0,6,120,813,2264,2117,5320,0.0,0.0,0.0,0.001127819548872,0.022556390977444,0.15281954887218,0.425563909774436,0.397932330827068
2,105,0,0,0,6,122,789,2244,2154,5315,0.0,0.0,0.0,0.001128880526811,0.022953904045155,0.148447789275635,0.422201317027281,0.405268109125118
2,106,0,0,0,10,111,793,2311,2085,5310,0.0,0.0,0.0,0.001883239171375,0.02090395480226,0.149340866290019,0.435216572504708,0.392655367231638
2,107,0,0,0,4,112,796,2275,2118,5305,0.0,0.0,0.0,0.000754005655042,0.021112158341188,0.15004712535344,0.428840716305372,0.399245994344958
2,108,0,0,0,7,113,800,2262,2118,5300,0.0,0.0,0.0,0.001320754716981,0.021320754716981,0.150943396226415,0.426792452830189,0.399622641509434
2,109,0,0,0,11,131,832,2214,2107,5295,0.0,0.0,0.0,0.002077431539188,0.024740321057602,0.157129367327668,0.418130311614731,0.397922568460812
2,110,0,0,0,8,124,826,2228,2104,5290,0.0,0.0,0.0,0.001512287334594,0.0234404536862,0.156143667296786,0.42117202268431,0.39773156899811
2,111,0,0,0,5,103,825,2267,2085,5285,0.0,0.0,0.0,0.000946073793756,0.019489120151372,0.156102175969726,0.428949858088931,0.394512771996216
2,112,0,0,0,3,108,752,2249,2168,5280,0.0,0.0,0.0,0.000568181818182,0.020454545454545,0.142424242424242,0.42594696969697,0.410606060606061
2,113,0,0,0,12,106,863,2187,2107,5275,0.0,0.0,0.0,0.002274881516588,0.020094786729858,0.163601895734597,0.414597156398104,0.399431279620853
2,114,0,0,0,13,105,768,2247,2137,5270,0.0,0.0,0.0,0.00246679316888,0.019924098671727,0.14573055028463,0.426375711574953,0.40550284629981
2,115,0,0,0,11,128,751,2277,2098,5265,0.0,0.0,0.0,0.002089268755935,0.024311490978158,0.142640075973409,0.432478632478632,0.398480531813865
2,116,0,0,0,11,114,786,2259,2090,5260,0.0,0.0,0.0,0.002091254752852,0.021673003802281,0.149429657794677,0.429467680608365,0.397338403041825
2,117,0,0,0,4,109,770,2257,2115,5255,0.0,0.0,0.0,0.000761179828735,0.020742150333016,0.146527117031399,0.429495718363463,0.402473834443387
2,118,0,0,0,10,102,816,2207,2115,5250,0.0,0.0,0.0,0.001904761904762,0.019428571428571,0.155428571428571,0.420380952380952,0.402857142857143
2,119,0,0,0,8,118,874,2139,2106,5245,0.0,0.0,0.0,0.001525262154433,0.022497616777884,0.166634890371783,0.407816968541468,0.401525262154433
2,120,0,0,0,9,94,769,2269,2099,5240,0.0,0.0,0.0,0.001717557251908,0.01793893129771,0.14675572519084,0.433015267175573,0.400572519083969
2,121,0,0,0,5,122,777,2230,2101,5235,0.0,0.0,0.0,0.000955109837631,0.023304680038204,0.148424068767908,0.425978987583572,0.401337153772684
2,122,0,0,0,12,113,797,2234,2074,5230,0.0,0.0,0.0,0.002294455066922,0.021606118546845,0.152390057361377,0.427151051625239,0.396558317399618
2,123,0,0,0,4,119,787,2179,2136,5225,0.0,0.0,0.0,0.000765550239234,0.022775119617225,0.150622009569378,0.417033492822967,0.408803827751196
2,124,0,0,0,5,111,764,2196,2144,5220,0.0,0.0,0.0,0.00095785440613,0.021264367816092,0.146360153256705,0.420689655172414,0.410727969348659
2,125,0,0,0,6,99,776,2197,2137,5215,0.0,0.0,0.0,0.001150527325024,0.018983700862895,0.148801534036433,0.421284755512943,0.409779482262704
2,126,0,0,0,7,92,798,2221,2092,5210,0.0,0.0,0.0,0.001343570057582,0.017658349328215,0.153166986564299,0.426295585412668,0.401535508637236
2,127,0,0,0,4,111,755,2234,2101,5205,0.0,0.0,0.0,0.000768491834774,0.021325648414986,0.145052833813641,0.429202689721422,0.403650336215178
2,128,0,0,0,4,116,793,2159,2128,5200,0.0,0.0,0.0,0.000769230769231,0.022307692307692,0.1525,0.415192307692308,0.409230769230769
2,129,0,0,0,9,105,767,2199,2115,5195,0.0,0.0,0.0,0.001732435033686,0.020211742059673,0.147641963426372,0.423291626564004,0.407122232916266
2,130,0,0,0,6,99,774,2202,2109,5190,0.0,0.0,0.0,0.001156069364162,0.019075144508671,0.149132947976879,0.424277456647399,0.40635838150289
2,131,0,0,0,9,114,775,2198,2089,5185,0.0,0.0,0.0,0.001735776277724,0.02198649951784,0.14946962391514,0.423915139826422,0.402892960462874
2,132,0,0,0,7,110,744,2208,2111,5180,0.0,0.0,0.0,0.001351351351351,0.021235521235521,0.143629343629344,0.426254826254826,0.407528957528958
2,133,0,0,0,9,114,774,2220,2058,5175,0.0,0.0,0.0,0.001739130434783,0.022028985507246,0.149565217391304,0.428985507246377,0.39768115942029
2,134,0,0,0,7,102,756,2181,2124,5170,0.0,0.0,0.0,0.001353965183752,0.01972920696325,0.146228239845261,0.421856866537718,0.410831721470019
2,135,0,0,0,8,124,739,2197,2097,5165,0.0,0.0,0.0,0.001548886737657,0.024007744433688,0.143078412391094,0.425363020329138,0.406001936108422
2,136,0,0,1,7,126,760,2188,2078,5160,0.0,0.0,0.000193798449612,0.001356589147287,0.024418604651163,0.147286821705426,0.424031007751938,0.402713178294574
2,137,0,0,0,8,132,744,2180,2091,5155,0.0,0.0,0.0,0.001551891367604,0.02560620756547,0.144325897187197,0.422890397672163,0.405625606207565
2,138,0,0,0,7,120,778,2192,2053,5150,0.0,0.0,0.0,0.001359223300971,0.023300970873786,0.151067961165049,0.425631067961165,0.398640776699029
2,139,0,0,0,3,125,756,2134,2127,5145,0.0,0.0,0.0,0.000583090379009,0.024295432458698,0.146938775510204,0.414771622934888,0.413411078717201
2,140,0,0,0,8,95,785,2149,2103,5140,0.0,0.0,0.0,0.001556420233463,0.018482490272374,0.15272373540856,0.418093385214008,0.409143968871595
2,141,0,0,0,6,100,792,2182,2055,5135,0.0,0.0,0.0,0.001168451801363,0.019474196689387,0.154235637779942,0.424926971762415,0.400194741966894
2,142,0,0,0,8,116,789,2170,2047,5130,0.0,0.0,0.0,0.001559454191033,0.022612085769981,0.153801169590643,0.423001949317739,0.399025341130604
2,143,0,0,0,7,113,769,2146,2090,5125,0.0,0.0,0.0,0.001365853658537,0.022048780487805,0.150048780487805,0.418731707317073,0.40780487804878
2,144,0,0,1,10,114,745,2241,2009,5120,0.0,0.0,0.0001953125,0.001953125,0.022265625,0.1455078125,0.4376953125,0.3923828125
2,145,0,0,0,10,106,774,2164,2061,5115,0.0,0.0,0.0,0.001955034213099,0.020723362658847,0.151319648093842,0.423069403714565,0.402932551319648
2,146,0,0,0,8,127,745,2194,2036,5110,0.0,0.0,0.0,0.001565557729941,0.024853228962818,0.145792563600783,0.429354207436399,0.398434442270059
2,147,0,0,0,6,119,757,2231,1992,5105,0.0,0.0,0.0,0.001175318315377,0.023310479921645,0.148285994123408,0.437022526934378,0.390205680705191
2,148,0,0,0,10,105,797,2099,2089,5100,0.0,0.0,0.0,0.001960784313725,0.020588235294118,0.156274509803922,0.41156862745098,0.409607843137255
2,149,0,0,0,6,122,752,2177,2038,5095,0.0,0.0,0.0,0.001177625122669,0.023945044160942,0.147595682041217,0.427281648675172,0.4
2,150,0,0,0,6,110,780,2141,2053,5090,0.0,0.0,0.0,0.001178781925344,0.021611001964637,0.153241650294695,0.420628683693517,0.403339882121807
2,151,0,0,0,7,94,731,2214,2039,5085,0.0,0.0,0.0,0.001376597836775,0.018485742379548,0.143756145526057,0.435398230088496,0.400983284169125
2,152,0,0,0,7,106,778,2205,1984,5080,0.0,0.0,0.0,0.001377952755906,0.020866141732283,0.153149606299213,0.434055118110236,0.390551181102362
2,153,0,0,0,4,109,695,2200,2067,5075,0.0,0.0,0.0,0.000788177339901,0.021477832512315,0.136945812807882,0.433497536945813,0.407290640394089
2,154,0,0,0,10,111,808,2100,2041,5070,0.0,0.0,0.0,0.001972386587771,0.02189349112426,0.159368836291913,0.414201183431953,0.402564102564103
2,155,0,0,0,6,132,746,2158,2023,5065,0.0,0.0,0.0,0.001184600197433,0.026061204343534,0.147285291214215,0.426061204343534,0.399407699901283
2,156,0,0,0,10,122,734,2163,2031,5060,0.0,0.0,0.0,0.00197628458498,0.024110671936759,0.145059288537549,0.427470355731225,0.401383399209486
2,157,0,0,0,6,102,722,2170,2055,5055,0.0,0.0,0.0,0.001186943620178,0.020178041543027,0.142828882294758,0.429277942631058,0.406528189910979
2,158,0,0,0,9,112,774,2115,2040,5050,0.0,0.0,0.0,0.001782178217822,0.022178217821782,0.153267326732673,0.418811881188119,0.403960396039604
2,159,0,0,0,8,106,721,2128,2082,5045,0.0,0.0,0.0,0.001585728444004,0.021010901883053,0.142913776015857,0.421803766105054,0.412685827552032
2,160,0,0,0,7,98,753,2083,2099,5040,0.0,0.0,0.0,0.001388888888889,0.019444444444444,0.149404761904762,0.413293650793651,0.416468253968254
2,161,0,0,0,14,107,759,2109,2046,5035,0.0,0.0,0.0,0.002780536246276,0.021251241310824,0.150744786494538,0.418867924528302,0.40635551142006
2,162,0,0,0,4,97,776,2142,2011,5030,0.0,0.0,0.0,0.000795228628231,0.019284294234592,0.15427435387674,0.425844930417495,0.399801192842942
2,163,0,0,1,7,128,788,2087,2014,5025,0.0,0.0,0.000199004975124,0.001393034825871,0.02547263681592,0.15681592039801,0.415323383084577,0.400796019900498
2,164,0,0,0,3,104,744,2132,2037,5020,0.0,0.0,0.0,0.000597609561753,0.020717131474104,0.148207171314741,0.424701195219124,0.405776892430279
2,165,0,0,0,4,109,752,2144,2006,5015,0.0,0.0,0.0,0.000797607178465,0.021734795613161,0.149950149551346,0.427517447657029,0.4
2,166,0,0,0,6,109,733,2121,2041,5010,0.0,0.0,0.0,0.001197604790419,0.021756487025948,0.146307385229541,0.423353293413174,0.407385229540918
2,167,0,0,0,5,105,738,2170,1987,5005,0.0,0.0,0.0,0.000999000999001,0.020979020979021,0.147452547452547,0.433566433566434,0.397002997002997
2,168,0,0,0,6,104,828,2076,1986,5000,0.0,0.0,0.0,0.0012,0.0208,0.1656,0.4152,0.3972
2,169,0,0,0,8,100,761,2100,2026,4995,0.0,0.0,0.0,0.001601601601602,0.02002002002002,0.152352352352352,0.42042042042042,0.405605605605606
2,170,0,0,1,4,108,749,2119,2009,4990,0.0,0.0,0.000200400801603,0.000801603206413,0.021643286573146,0.150100200400802,0.424649298597194,0.402605210420842
2,171,0,0,0,4,114,718,2184,1965,4985,0.0,0.0,0.0,0.000802407221665,0.022868605817452,0.144032096288867,0.438114343029087,0.394182547642929
2,172,0,0,0,11,101,757,2064,2047,4980,0.0,0.0,0.0,0.002208835341365,0.020281124497992,0.152008032128514,0.414457831325301,0.411044176706827
2,173,0,0,1,7,100,714,2152,2001,4975,0.0,0.0,0.000201005025126,0.001407035175879,0.020100502512563,0.143517587939698,0.432562814070352,0.402211055276382
2,174,0,0,1,3,108,764,2048,2046,4970,0.0,0.0,0.000201207243461,0.000603621730382,0.021730382293763,0.153722334004024,0.412072434607646,0.411670020120724
2,175,0,0,0,5,106,762,2113,1979,4965,0.0,0.0,0.0,0.001007049345418,0.02134944612286,0.153474320241692,0.425579053373615,0.398590130916415
2,176,0,0,0,6,119,781,2054,2000,4960,0.0,0.0,0.0,0.001209677419355,0.023991935483871,0.157459677419355,0.414112903225806,0.403225806451613
2,177,0,0,1,7,105,790,2074,1978,4955,0.0,0.0,0.000201816347124,0.001412714429869,0.021190716448032,0.159434914228052,0.418567103935419,0.399192734611504
2,178,0,0,0,10,118,761,2075,1986,4950,0.0,0.0,0.0,0.002020202020202,0.023838383838384,0.153737373737374,0.419191919191919,0.401212121212121
2,179,0,0,0,8,122,757,2100,1958,4945,0.0,0.0,0.0,0.001617795753286,0.024671385237614,0.153083923154702,0.424671385237614,0.395955510616785
2,180,0,0,0,9,99,707,2150,1975,4940,0.0,0.0,0.0,0.001821862348178,0.02004048582996,0.143117408906883,0.435222672064777,0.399797570850202
2,181,0,0,1,4,108,741,2094,1987,4935,0.0,0.0,0.000202634245187,0.00081053698075,0.021884498480243,0.150151975683891,0.424316109422492,0.402634245187437
2,182,0,0,0,8,96,740,2043,2043,4930,0.0,0.0,0.0,0.001622718052738,0.01947261663286,0.150101419878296,0.414401622718053,0.414401622718053
2,183,0,0,0,5,117,696,2140,1967,4925,0.0,0.0,0.0,0.001015228426396,0.023756345177665,0.141319796954315,0.434517766497462,0.399390862944162
2,184,0,0,0,8,102,712,2106,1992,4920,0.0,0.0,0.0,0.001626016260163,0.020731707317073,0.144715447154472,0.428048780487805,0.404878048780488
2,185,0,0,0,4,96,744,2095,1976,4915,0.0,0.0,0.0,0.000813835198372,0.019532044760936,0.151373346897253,0.426246185147508,0.402034587995931
2,186,0,0,0,6,103,703,2077,2021,4910,0.0,0.0,0.0,0.00122199592668,0.020977596741344,0.143177189409369,0.423014256619145,0.411608961303462
2,187,0,0,0,5,108,710,2063,2019,4905,0.0,0.0,0.0,0.001019367991845,0.022018348623853,0.144750254841998,0.42059123343527,0.411620795107034
2,188,0,0,0,4,125,743,2101,1927,4900,0.0,0.0,0.0,0.000816326530612,0.025510204081633,0.151632653061224,0.428775510204082,0.393265306122449
2,189,0,0,0,7,118,720,2057,1993,4895,0.0,0.0,0.0,0.001430030643514,0.024106230847804,0.14708886618999,0.420224719101124,0.407150153217569
2,190,0,0,1,8,99,708,2103,1971,4890,0.0,0.0,0.000204498977505,0.001635991820041,0.020245398773006,0.14478527607362,0.430061349693252,0.403067484662577
2,191,0,0,0,6,82,772,2059,1966,4885,0.0,0.0,0.0,0.001228249744115,0.016786079836233,0.158034800409417,0.421494370522006,0.402456499488229
2,192,0,0,0,6,98,711,2106,1959,4880,0.0,0.0,0.0,0.001229508196721,0.020081967213115,0.145696721311475,0.43155737704918,0.401434426229508
2,193,0,0,0,5,116,748,2037,1969,4875,0.0,0.0,0.0,0.001025641025641,0.023794871794872,0.153435897435897,0.417846153846154,0.403897435897436
2,194,0,0,0,4,96,732,2085,1953,4870,0.0,0.0,0.0,0.00082135523614,0.019712525667351,0.150308008213552,0.428131416837782,0.401026694045175
2,195,0,0,0,9,104,732,2028,1992,4865,0.0,0.0,0.0,0.001849948612539,0.021377183967112,0.150462487153135,0.416855087358684,0.40945529290853
2,196,0,0,2,6,111,724,2085,1932,4860,0.0,0.0,0.000411522633745,0.001234567901235,0.02283950617284,0.148971193415638,0.429012345679012,0.397530864197531
2,197,0,0,0,9,121,747,2020,1958,4855,0.0,0.0,0.0,0.001853759011329,0.024922760041195,0.153861997940268,0.416065911431514,0.403295571575695
2,198,0,0,0,9,111,737,2080,1913,4850,0.0,0.0,0.0,0.001855670103093,0.022886597938144,0.151958762886598,0.428865979381443,0.394432989690722
2,199,0,0,0,6,107,736,2044,1952,4845,0.0,0.0,0.0,0.001238390092879,0.022084623323013,0.151909184726522,0.4218782249742,0.402889576883385
2,200,0,0,0,8,107,732,2045,1948,4840,0.0,0.0,0.0,0.001652892561983,0.022107438016529,0.151239669421488,0.422520661157025,0.402479338842975
2,201,0,0,0,1,118,731,2042,1943,4835,0.0,0.0,0.0,0.000206825232678,0.02440537745605,0.151189245087901,0.422337125129266,0.401861427094105
2,202,0,0,0,9,108,705,2055,1953,4830,0.0,0.0,0.0,0.001863354037267,0.022360248447205,0.145962732919255,0.425465838509317,0.404347826086957
2,203,0,0,0,6,106,725,2062,1926,4825,0.0,0.0,0.0,0.001243523316062,0.021968911917098,0.150259067357513,0.427357512953368,0.399170984455959
2,204,0,0,0,10,116,710,2045,1939,4820,0.0,0.0,0.0,0.00207468879668,0.024066390041494,0.147302904564315,0.424273858921162,0.402282157676349
2,205,0,0,0,7,104,752,1974,1978,4815,0.0,0.0,0.0,0.001453790238837,0.021599169262721,0.156178608515057,0.409968847352025,0.41079958463136
2,206,0,0,0,6,112,711,2053,1928,4810,0.0,0.0,0.0,0.001247401247401,0.023284823284823,0.147817047817048,0.426819126819127,0.400831600831601
2,207,0,0,0,9,97,716,2007,1976,4805,0.0,0.0,0.0,0.001873048907388,0.020187304890739,0.14901144640999,0.417689906347555,0.411238293444329
2,208,0,0,0,8,105,746,2060,1881,4800,0.0,0.0,0.0,0.001666666666667,0.021875,0.155416666666667,0.429166666666667,0.391875
2,209,0,0,0,8,101,693,2024,1969,4795,0.0,0.0,0.0,0.001668404588113,0.021063607924922,0.144525547445255,0.422106360792492,0.410636079249218
2,210,0,0,1,8,108,685,2042,1946,4790,0.0,0.0,0.000208768267223,0.001670146137787,0.022546972860125,0.143006263048017,0.426304801670146,0.406263048016701
2,211,0,0,1,6,101,738,2021,1918,4785,0.0,0.0,0.000208986415883,0.001253918495298,0.02110762800418,0.15423197492163,0.422361546499478,0.400835945663532
2,212,0,0,0,8,94,746,1957,1975,4780,0.0,0.0,0.0,0.001673640167364,0.019665271966527,0.156066945606695,0.409414225941423,0.413179916317992
2,213,0,0,0,6,95,734,2022,1918,4775,0.0,0.0,0.0,0.001256544502618,0.019895287958115,0.153717277486911,0.423455497382199,0.401675392670157
2,214,0,0,1,6,90,691,2027,1955,4770,0.0,0.0,0.00020964360587,0.00125786163522,0.018867924528302,0.144863731656184,0.424947589098532,0.409853249475891
2,215,0,0,0,8,102,732,2014,1909,4765,0.0,0.0,0.0,0.001678908709339,0.021406086044071,0.153620146904512,0.422665267576076,0.400629590766002
2,216,0,0,0,7,110,699,1985,1959,4760,0.0,0.0,0.0,0.001470588235294,0.023109243697479,0.146848739495798,0.417016806722689,0.411554621848739
2,217,0,0,0,5,117,683,2036,1914,4755,0.0,0.0,0.0,0.001051524710831,0.024605678233438,0.143638275499474,0.428180862250263,0.402523659305994
2,218,0,0,0,5,135,682,2026,1902,4750,0.0,0.0,0.0,0.001052631578947,0.028421052631579,0.143578947368421,0.426526315789474,0.400421052631579
2,219,0,0,0,10,109,665,2034,1927,4745,0.0,0.0,0.0,0.002107481559536,0.022971548998946,0.140147523709168,0.428661749209694,0.406111696522655
2,220,0,0,0,5,103,714,2005,1913,4740,0.0,0.0,0.0,0.001054852320675,0.021729957805907,0.150632911392405,0.422995780590717,0.403586497890295
2,221,0,0,0,5,113,713,2043,1861,4735,0.0,0.0,0.0,0.001055966209081,0.023864836325238,0.150580781414995,0.431467793030623,0.393030623020063
2,222,0,0,0,11,91,691,2007,1930,4730,0.0,0.0,0.0,0.002325581395349,0.019238900634249,0.146088794926004,0.42431289640592,0.408033826638478
2,223,0,0,0,9,100,694,2002,1920,4725,0.0,0.0,0.0,0.001904761904762,0.021164021164021,0.146878306878307,0.423703703703704,0.406349206349206
2,224,0,0,0,11,106,678,1988,1937,4720,0.0,0.0,0.0,0.002330508474576,0.022457627118644,0.14364406779661,0.421186440677966,0.410381355932203
2,225,0,0,0,3,109,692,2069,1842,4715,0.0,0.0,0.0,0.000636267232238,0.023117709437964,0.146765641569459,0.43881230116649,0.390668080593849
2,226,0,0,0,6,88,664,2054,1898,4710,0.0,0.0,0.0,0.001273885350318,0.018683651804671,0.140976645435244,0.436093418259023,0.402972399150743
2,227,0,0,0,13,114,691,2013,1874,4705,0.0,0.0,0.0,0.002763018065887,0.02422954303932,0.146865037194474,0.427842720510096,0.398299681190223
2,228,0,0,0,5,92,710,1969,1924,4700,0.0,0.0,0.0,0.001063829787234,0.019574468085106,0.151063829787234,0.418936170212766,0.40936170212766
2,229,0,0,0,9,101,729,1953,1903,4695,0.0,0.0,0.0,0.001916932907348,0.021512247071353,0.155271565495208,0.415974440894569,0.405324813631523
2,230,0,0,0,5,115,720,2030,1820,4690,0.0,0.0,0.0,0.001066098081023,0.024520255863539,0.153518123667377,0.432835820895522,0.388059701492537
2,231,0,0,0,6,114,692,1985,1888,4685,0.0,0.0,0.0,0.00128068303095,0.024332977588047,0.147705442902882,0.423692636072572,0.40298826040555
2,232,0,0,0,6,113,673,1984,1904,4680,0.0,0.0,0.0,0.001282051282051,0.024145299145299,0.143803418803419,0.423931623931624,0.406837606837607
2,233,0,0,0,6,94,671,2011,1893,4675,0.0,0.0,0.0,0.001283422459893,0.020106951871658,0.143529411764706,0.430160427807487,0.404919786096257
2,234,0,0,0,9,129,678,2004,1850,4670,0.0,0.0,0.0,0.001927194860814,0.02762312633833,0.145182012847966,0.429122055674518,0.396145610278373
2,235,0,0,0,6,102,698,2012,1847,4665,0.0,0.0,0.0,0.001286173633441,0.021864951768489,0.14962486602358,0.431296891747053,0.395927116827438
2,236,0,0,0,3,93,703,1996,1865,4660,0.0,0.0,0.0,0.000643776824034,0.019957081545064,0.150858369098712,0.428326180257511,0.400214592274678
2,237,0,0,0,3,109,716,1966,1861,4655,0.0,0.0,0.0,0.000644468313641,0.023415682062299,0.153813104189044,0.42234156820623,0.399785177228786
2,238,0,0,1,8,99,692,1873,1977,4650,0.0,0.0,0.000215053763441,0.001720430107527,0.021290322580645,0.148817204301075,0.402795698924731,0.425161290322581
2,239,0,0,0,3,103,667,1997,1875,4645,0.0,0.0,0.0,0.000645855758881,0.022174381054898,0.143595263724435,0.429924650161464,0.403659849300323
2,240,0,0,0,5,113,646,1936,1940,4640,0.0,0.0,0.0,0.001077586206897,0.024353448275862,0.139224137931034,0.417241379310345,0.418103448275862
2,241,0,0,0,5,108,703,1923,1896,4635,0.0,0.0,0.0,0.001078748651564,0.023300970873786,0.151672060409924,0.414886731391586,0.409061488673139
2,242,0,0,0,8,108,679,2024,1811,4630,0.0,0.0,0.0,0.001727861771058,0.023326133909287,0.146652267818575,0.437149028077754,0.391144708423326
2,243,0,0,0,5,110,688,1972,1850,4625,0.0,0.0,0.0,0.001081081081081,0.023783783783784,0.148756756756757,0.426378378378378,0.4
2,244,0,0,0,6,104,716,1966,1828,4620,0.0,0.0,0.0,0.001298701298701,0.022510822510823,0.154978354978355,0.425541125541126,0.395670995670996
2,245,0,0,0,3,112,670,1966,1864,4615,0.0,0.0,0.0,0.000650054171181,0.024268689057421,0.145178764897075,0.426002166847237,0.403900325027086
2,246,0,0,0,9,100,704,1940,1857,4610,0.0,0.0,0.0,0.001952277657267,0.021691973969631,0.152711496746204,0.420824295010846,0.402819956616052
2,247,0,0,0,7,108,719,1913,1858,4605,0.0,0.0,0.0,0.001520086862106,0.023452768729642,0.156134636264929,0.415418023887079,0.403474484256243
2,248,0,0,1,3,109,690,2031,1766,4600,0.0,0.0,0.000217391304348,0.000652173913043,0.023695652173913,0.15,0.441521739130435,0.383913043478261
2,249,0,0,0,7,90,726,1975,1797,4595,0.0,0.0,0.0,0.001523394994559,0.019586507072905,0.157997823721436,0.429815016322089,0.39107725788901
2,250,0,0,0,3,93,683,2030,1781,4590,0.0,0.0,0.0,0.000653594771242,0.020261437908497,0.14880174291939,0.442265795206972,0.3880174291939
2,251,0,0,0,3,88,715,1927,1852,4585,0.0,0.0,0.0,0.000654307524537,0.019193020719738,0.155943293347873,0.420283533260633,0.403925845147219
2,252,0,0,0,11,90,676,1922,1881,4580,0.0,0.0,0.0,0.002401746724891,0.019650655021834,0.147598253275109,0.419650655021834,0.410698689956332
2,253,0,0,0,4,99,655,1971,1846,4575,0.0,0.0,0.0,0.000874316939891,0.021639344262295,0.143169398907104,0.430819672131148,0.403497267759563
2,254,0,0,0,12,105,706,1914,1833,4570,0.0,0.0,0.0,0.002625820568928,0.022975929978118,0.154485776805252,0.418818380743982,0.40109409190372
2,255,0,0,0,6,94,729,1938,1798,4565,0.0,0.0,0.0,0.0013143483023,0.020591456736035,0.159693318729463,0.424534501642935,0.393866374589266
2,256,0,0,0,5,94,683,1947,1831,4560,0.0,0.0,0.0,0.00109649122807,0.020614035087719,0.149780701754386,0.426973684210526,0.401535087719298
2,257,0,0,0,4,103,655,1997,1796,4555,0.0,0.0,0.0,0.000878155872667,0.022612513721186,0.143798024149286,0.438419319429199,0.394291986827662
2,258,0,0,0,8,91,660,1958,1833,4550,0.0,0.0,0.0,0.001758241758242,0.02,0.145054945054945,0.43032967032967,0.402857142857143
2,259,0,0,0,8,99,667,1984,1787,4545,0.0,0.0,0.0,0.001760176017602,0.021782178217822,0.146754675467547,0.436523652365237,0.393179317931793
2,260,0,0,0,6,95,689,1932,1818,4540,0.0,0.0,0.0,0.001321585903084,0.020925110132159,0.151762114537445,0.425550660792952,0.400440528634361
2,261,0,0,0,1,91,697,1903,1843,4535,0.0,0.0,0.0,0.000220507166483,0.020066152149945,0.153693495038589,0.419625137816979,0.406394707828004
2,262,0,0,0,6,102,706,1911,1805,4530,0.0,0.0,0.0,0.001324503311258,0.022516556291391,0.155849889624724,0.421854304635762,0.398454746136865
2,263,0,0,0,7,102,709,1871,1836,4525,0.0,0.0,0.0,0.001546961325967,0.022541436464088,0.156685082872928,0.413480662983425,0.405745856353591
2,264,0,0,0,7,95,679,1897,1842,4520,0.0,0.0,0.0,0.001548672566372,0.021017699115044,0.150221238938053,0.419690265486726,0.407522123893805
2,265,0,0,0,6,88,717,1944,1760,4515,0.0,0.0,0.0,0.001328903654485,0.019490586932447,0.158803986710963,0.430564784053156,0.389811738648948
2,266,0,0,2,11,87,662,1912,1836,4510,0.0,0.0,0.000443458980044,0.002439024390244,0.019290465631929,0.146784922394678,0.423946784922395,0.40709534368071
2,267,0,0,0,5,96,703,1916,1785,4505,0.0,0.0,0.0,0.00110987791343,0.021309655937847,0.156048834628191,0.425305216426193,0.39622641509434
2,268,0,0,0,14,87,656,1891,1852,4500,0.0,0.0,0.0,0.003111111111111,0.019333333333333,0.145777777777778,0.420222222222222,0.411555555555556
2,269,0,0,0,5,93,661,1976,1760,4495,0.0,0.0,0.0,0.00111234705228,0.020689655172414,0.147052280311457,0.439599555061179,0.39154616240267
2,270,0,0,0,4,95,657,1940,1794,4490,0.0,0.0,0.0,0.000890868596882,0.021158129175947,0.146325167037862,0.432071269487751,0.399554565701559
2,271,0,0,1,3,97,649,1935,1800,4485,0.0,0.0,0.000222965440357,0.00066889632107,0.021627647714604,0.144704570791527,0.431438127090301,0.40133779264214
2,272,0,0,0,9,101,629,1950,1791,4480,0.0,0.0,0.0,0.002008928571429,0.022544642857143,0.140401785714286,0.435267857142857,0.399776785714286
2,273,0,0,0,5,118,724,1822,1806,4475,0.0,0.0,0.0,0.001117318435754,0.026368715083799,0.161787709497207,0.407150837988827,0.403575418994413
2,274,0,0,1,7,103,639,1907,1813,4470,0.0,0.0,0.000223713646532,0.001565995525727,0.023042505592841,0.142953020134228,0.42662192393736,0.405592841163311
2,275,0,0,0,8,104,655,1871,1827,4465,0.0,0.0,0.0,0.001791713325868,0.023292273236282,0.146696528555431,0.419036954087346,0.409182530795073
2,276,0,0,0,2,102,664,1907,1785,4460,0.0,0.0,0.0,0.000448430493274,0.022869955156951,0.148878923766816,0.427578475336323,0.400224215246637
2,277,0,0,0,6,101,658,1875,1815,4455,0.0,0.0,0.0,0.001346801346801,0.022671156004489,0.147699214365881,0.420875420875421,0.407407407407407
2,278,0,0,0,8,79,714,1866,1783,4450,0.0,0.0,0.0,0.001797752808989,0.017752808988764,0.160449438202247,0.419325842696629,0.400674157303371
2,279,0,0,0,7,96,623,1946,1773,4445,0.0,0.0,0.0,0.001574803149606,0.021597300337458,0.140157480314961,0.437795275590551,0.398875140607424
2,280,0,0,0,4,104,683,1852,1797,4440,0.0,0.0,0.0,0.000900900900901,0.023423423423423,0.153828828828829,0.417117117117117,0.40472972972973
2,281,0,0,0,2,97,631,1859,1846,4435,0.0,0.0,0.0,0.000450958286359,0.021871476888388,0.14227733934611,0.419165727170237,0.416234498308906
2,282,0,0,0,9,90,637,1903,1791,4430,0.0,0.0,0.0,0.002031602708804,0.020316027088036,0.143792325056433,0.429571106094808,0.404288939051919
2,283,0,0,0,7,103,686,1834,1795,4425,0.0,0.0,0.0,0.001581920903955,0.023276836158192,0.155028248587571,0.414463276836158,0.405649717514124
2,284,0,0,0,5,110,702,1853,1750,4420,0.0,0.0,0.0,0.001131221719457,0.024886877828054,0.158823529411765,0.419230769230769,0.395927601809955
2,285,0,0,0,2,114,627,1934,1738,4415,0.0,0.0,0.0,0.000453001132503,0.025821064552661,0.142015855039638,0.438052095130238,0.39365798414496
2,286,0,0,0,6,93,691,1855,1765,4410,0.0,0.0,0.0,0.001360544217687,0.02108843537415,0.156689342403628,0.420634920634921,0.400226757369614
2,287,0,0,0,6,86,677,1831,1805,4405,0.0,0.0,0.0,0.001362088535755,0.019523269012486,0.153688989784336,0.41566401816118,0.409761634506243
2,288,0,0,0,0,95,665,1896,1744,4400,0.0,0.0,0.0,0.0,0.021590909090909,0.151136363636364,0.430909090909091,0.396363636363636
2,289,0,0,0,7,118,632,1809,1829,4395,0.0,0.0,0.0,0.001592718998862,0.026848691695108,0.143799772468714,0.41160409556314,0.416154721274175
2,290,0,0,0,10,118,674,1832,1756,4390,0.0,0.0,0.0,0.002277904328018,0.026879271070615,0.153530751708428,0.417312072892938,0.4
2,291,0,0,0,4,91,645,1862,1783,4385,0.0,0.0,0.0,0.000912200684151,0.020752565564424,0.14709236031927,0.424629418472064,0.406613454960091
2,292,0,0,0,6,121,679,1805,1769,4380,0.0,0.0,0.0,0.001369863013699,0.027625570776256,0.155022831050228,0.412100456621005,0.403881278538813
2,293,0,0,1,3,101,675,1846,1749,4375,0.0,0.0,0.000228571428571,0.000685714285714,0.023085714285714,0.154285714285714,0.421942857142857,0.399771428571429
2,294,0,0,0,5,97,643,1826,1799,4370,0.0,0.0,0.0,0.001144164759725,0.022196796338673,0.147139588100687,0.417848970251716,0.411670480549199
2,295,0,0,0,6,85,661,1816,1797,4365,0.0,0.0,0.0,0.001374570446735,0.019473081328751,0.151431844215349,0.416036655211913,0.411683848797251
2,296,0,0,0,3,100,642,1870,1745,4360,0.0,0.0,0.0,0.000688073394495,0.022935779816514,0.147247706422018,0.428899082568807,0.400229357798165
2,297,0,0,1,5,99,674,1809,1767,4355,0.0,0.0,0.000229621125144,0.001148105625718,0.022732491389208,0.154764638346728,0.415384615384615,0.405740528128588
2,298,0,0,0,4,105,642,1830,1769,4350,0.0,0.0,0.0,0.000919540229885,0.024137931034483,0.147586206896552,0.420689655172414,0.406666666666667
2,299,0,0,0,7,93,635,1849,1761,4345,0.0,0.0,0.0,0.001611047180667,0.021403912543153,0.14614499424626,0.425546605293441,0.405293440736479
2,300,0,0,0,7,79,657,1842,1755,4340,0.0,0.0,0.0,0.001612903225806,0.018202764976959,0.151382488479263,0.424423963133641,0.404377880184332
2,301,0,0,0,8,103,690,1831,1703,4335,0.0,0.0,0.0,0.001845444059977,0.023760092272203,0.15916955017301,0.42237600922722,0.392848904267589
2,302,0,0,0,3,88,636,1828,1775,4330,0.0,0.0,0.0,0.000692840646651,0.020323325635104,0.146882217090069,0.422170900692841,0.409930715935335
2,303,0,0,1,7,83,649,1896,1689,4325,0.0,0.0,0.000231213872832,0.001618497109827,0.019190751445087,0.150057803468208,0.438381502890173,0.390520231213873
2,304,0,0,0,11,96,696,1813,1704,4320,0.0,0.0,0.0,0.002546296296296,0.022222222222222,0.161111111111111,0.419675925925926,0.394444444444444
2,305,0,0,0,4,93,644,1784,1790,4315,0.0,0.0,0.0,0.000926998841251,0.021552723059096,0.149246813441483,0.413441483198146,0.414831981460023
2,306,0,0,0,3,85,625,1807,1790,4310,0.0,0.0,0.0,0.000696055684455,0.019721577726218,0.145011600928074,0.419257540603248,0.415313225058005
2,307,0,0,0,3,96,628,1845,1733,4305,0.0,0.0,0.0,0.000696864111498,0.022299651567944,0.145876887340302,0.428571428571429,0.402555168408827
2,308,0,0,0,8,102,635,1817,1738,4300,0.0,0.0,0.0,0.001860465116279,0.023720930232558,0.147674418604651,0.422558139534884,0.404186046511628
2,309,0,0,0,6,100,659,1866,1664,4295,0.0,0.0,0.0,0.00139697322468,0.023282887077998,0.153434225844005,0.434458672875437,0.387427240977881
2,310,0,0,0,6,99,630,1866,1689,4290,0.0,0.0,0.0,0.001398601398601,0.023076923076923,0.146853146853147,0.434965034965035,0.393706293706294
2,311,0,0,0,4,98,609,1827,1747,4285,0.0,0.0,0.0,0.000933488914819,0.022870478413069,0.142123687281214,0.426371061843641,0.407701283547258
2,312,0,0,0,6,79,651,1795,1749,4280,0.0,0.0,0.0,0.001401869158879,0.018457943925234,0.152102803738318,0.419392523364486,0.408644859813084
2,313,0,0,0,2,83,697,1740,1753,4275,0.0,0.0,0.0,0.00046783625731,0.019415204678363,0.163040935672515,0.407017543859649,0.410058479532164
2,314,0,0,0,8,87,675,1777,1723,4270,0.0,0.0,0.0,0.001873536299766,0.020374707259953,0.15807962529274,0.41615925058548,0.403512880562061
2,315,0,0,0,3,105,623,1867,1667,4265,0.0,0.0,0.0,0.000703399765533,0.024618991793669,0.146072684642438,0.437749120750293,0.390855803048066
2,316,0,0,0,5,79,616,1868,1692,4260,0.0,0.0,0.0,0.001173708920188,0.018544600938967,0.144600938967136,0.43849765258216,0.397183098591549
2,317,0,0,0,5,101,653,1820,1676,4255,0.0,0.0,0.0,0.00117508813161,0.023736780258519,0.153466509988249,0.427732079905993,0.393889541715629
2,318,0,0,0,6,87,654,1802,1701,4250,0.0,0.0,0.0,0.001411764705882,0.020470588235294,0.153882352941176,0.424,0.400235294117647
2,319,0,0,0,4,100,629,1746,1766,4245,0.0,0.0,0.0,0.000942285041225,0.023557126030624,0.148174322732627,0.4113074204947,0.416018845700824
2,320,0,0,0,11,79,625,1814,1711,4240,0.0,0.0,0.0,0.002594339622642,0.018632075471698,0.147405660377358,0.427830188679245,0.403537735849057
2,321,0,0,0,5,111,622,1758,1739,4235,0.0,0.0,0.0,0.001180637544274,0.026210153482881,0.146871310507674,0.415112160566706,0.410625737898465
2,322,0,0,0,5,83,660,1816,1666,4230,0.0,0.0,0.0,0.001182033096927,0.019621749408983,0.156028368794326,0.429314420803783,0.393853427895981
2,323,0,0,1,6,102,643,1759,1714,4225,0.0,0.0,0.000236686390533,0.001420118343195,0.02414201183432,0.152189349112426,0.416331360946746,0.405680473372781
2,324,0,0,0,1,97,631,1766,1725,4220,0.0,0.0,0.0,0.000236966824645,0.022985781990521,0.149526066350711,0.418483412322275,0.408767772511848
2,325,0,0,0,4,87,673,1786,1665,4215,0.0,0.0,0.0,0.000948991696323,0.020640569395018,0.159667852906287,0.423724792408066,0.395017793594306
2,326,0,0,1,2,107,630,1848,1622,4210,0.0,0.0,0.000237529691211,0.000475059382423,0.02541567695962,0.149643705463183,0.43895486935867,0.385273159144893
2,327,0,0,0,5,74,622,1797,1707,4205,0.0,0.0,0.0,0.001189060642093,0.017598097502973,0.147919143876338,0.427348394768133,0.405945303210464
2,328,0,0,0,7,80,628,1824,1661,4200,0.0,0.0,0.0,0.001666666666667,0.019047619047619,0.14952380952381,0.434285714285714,0.39547619047619
2,329,0,0,0,1,101,650,1739,1704,4195,0.0,0.0,0.0,0.000238379022646,0.024076281287247,0.154946364719905,0.414541120381406,0.406197854588796
2,330,0,0,0,5,93,607,1796,1689,4190,0.0,0.0,0.0,0.001193317422434,0.022195704057279,0.144868735083532,0.428639618138425,0.403102625298329
2,331,0,0,0,5,92,612,1779,1697,4185,0.0,0.0,0.0,0.001194743130227,0.021983273596177,0.146236559139785,0.425089605734767,0.405495818399044
2,332,0,0,0,5,85,606,1802,1682,4180,0.0,0.0,0.0,0.001196172248804,0.020334928229665,0.144976076555024,0.4311004784689,0.402392344497608
2,333,0,0,1,5,79,607,1722,1761,4175,0.0,0.0,0.000239520958084,0.001197604790419,0.018922155688623,0.145389221556886,0.412455089820359,0.421796407185629
2,334,0,0,0,9,87,618,1779,1677,4170,0.0,0.0,0.0,0.002158273381295,0.020863309352518,0.148201438848921,0.426618705035971,0.402158273381295
2,335,0,0,0,7,94,641,1776,1647,4165,0.0,0.0,0.0,0.001680672268908,0.022569027611044,0.15390156062425,0.42641056422569,0.395438175270108
2,336,0,0,0,2,90,576,1774,1718,4160,0.0,0.0,0.0,0.000480769230769,0.021634615384615,0.138461538461538,0.426442307692308,0.412980769230769
2,337,0,0,0,6,97,648,1756,1648,4155,0.0,0.0,0.0,0.0014440433213,0.023345367027677,0.155956678700361,0.422623345367028,0.396630565583634
2,338,0,0,0,1,104,618,1726,1701,4150,0.0,0.0,0.0,0.000240963855422,0.025060240963855,0.148915662650602,0.415903614457831,0.409879518072289
2,339,0,0,0,7,87,632,1761,1658,4145,0.0,0.0,0.0,0.001688781664656,0.020989143546441,0.152472858866104,0.424849215922799,0.4
2,340,0,0,0,10,88,652,1719,1671,4140,0.0,0.0,0.0,0.002415458937198,0.021256038647343,0.157487922705314,0.415217391304348,0.403623188405797
2,341,0,0,0,7,102,589,1742,1695,4135,0.0,0.0,0.0,0.001692865779927,0.024667472793229,0.142442563482467,0.421281741233374,0.409915356711004
2,342,0,0,0,8,97,625,1751,1649,4130,0.0,0.0,0.0,0.001937046004843,0.023486682808717,0.151331719128329,0.423970944309927,0.399273607748184
2,343,0,0,0,4,86,618,1777,1640,4125,0.0,0.0,0.0,0.000969696969697,0.020848484848485,0.149818181818182,0.430787878787879,0.397575757575758
2,344,0,0,0,9,89,596,1758,1668,4120,0.0,0.0,0.0,0.002184466019417,0.021601941747573,0.144660194174757,0.426699029126214,0.404854368932039
2,345,0,0,0,4,96,627,1759,1629,4115,0.0,0.0,0.0,0.00097205346294,0.023329283110571,0.152369380315917,0.427460510328068,0.395868772782503
2,346,0,0,0,4,72,581,1775,1678,4110,0.0,0.0,0.0,0.000973236009732,0.017518248175182,0.141362530413625,0.431873479318735,0.408272506082725
2,347,0,0,1,6,68,599,1723,1708,4105,0.0,0.0,0.000243605359318,0.001461632155907,0.016565164433618,0.145919610231425,0.41973203410475,0.416077953714982
2,348,0,0,0,4,91,638,1716,1651,4100,0.0,0.0,0.0,0.000975609756098,0.02219512195122,0.155609756097561,0.418536585365854,0.402682926829268
2,349,0,0,0,10,90,612,1706,1677,4095,0.0,0.0,0.0,0.002442002442002,0.021978021978022,0.149450549450549,0.416605616605617,0.40952380952381
2,350,0,0,0,5,87,622,1744,1632,4090,0.0,0.0,0.0,0.001222493887531,0.021271393643032,0.152078239608802,0.42640586797066,0.399022004889976
2,351,0,0,0,8,82,580,1738,1677,4085,0.0,0.0,0.0,0.001958384332925,0.020073439412485,0.141982864137087,0.425458996328029,0.410526315789474
2,352,0,0,0,6,86,617,1672,1699,4080,0.0,0.0,0.0,0.001470588235294,0.021078431372549,0.151225490196078,0.409803921568627,0.416421568627451
2,353,0,0,0,4,76,610,1735,1650,4075,0.0,0.0,0.0,0.000981595092025,0.018650306748466,0.149693251533742,0.425766871165644,0.404907975460123
2,354,0,0,0,6,101,611,1690,1662,4070,0.0,0.0,0.0,0.001474201474201,0.024815724815725,0.15012285012285,0.415233415233415,0.408353808353808
2,355,0,0,1,7,89,622,1690,1656,4065,0.0,0.0,0.000246002460025,0.001722017220172,0.021894218942189,0.153013530135301,0.415744157441574,0.407380073800738
2,356,0,0,0,4,89,626,1689,1652,4060,0.0,0.0,0.0,0.000985221674877,0.02192118226601,0.154187192118227,0.416009852216749,0.406896551724138
2,357,0,0,0,2,89,582,1757,1625,4055,0.0,0.0,0.0,0.000493218249075,0.021948212083847,0.143526510480888,0.433292231812577,0.400739827373613
2,358,0,0,0,8,83,572,1718,1669,4050,0.0,0.0,0.0,0.001975308641975,0.020493827160494,0.141234567901235,0.424197530864198,0.412098765432099
2,359,0,0,0,10,87,599,1703,1646,4045,0.0,0.0,0.0,0.002472187886279,0.02150803461063,0.148084054388133,0.421013597033375,0.406922126081582
2,360,0,0,0,8,118,574,1726,1614,4040,0.0,0.0,0.0,0.001980198019802,0.029207920792079,0.142079207920792,0.427227722772277,0.39950495049505
2,361,0,0,0,5,82,579,1779,1590,4035,0.0,0.0,0.0,0.001239157372986,0.020322180916976,0.143494423791822,0.44089219330855,0.394052044609665
2,362,0,0,0,1,97,600,1707,1625,4030,0.0,0.0,0.0,0.000248138957816,0.024069478908189,0.148883374689826,0.423573200992556,0.403225806451613
2,363,0,0,1,5,93,589,1705,1632,4025,0.0,0.0,0.000248447204969,0.001242236024845,0.023105590062112,0.146335403726708,0.42360248447205,0.405465838509317
2,364,0,0,0,7,92,596,1657,1668,4020,0.0,0.0,0.0,0.001741293532338,0.022885572139303,0.148258706467662,0.412189054726368,0.414925373134328
2,365,0,0,0,6,96,595,1692,1626,4015,0.0,0.0,0.0,0.001494396014944,0.023910336239103,0.148194271481943,0.421419676214197,0.404981320049813
2,366,0,0,0,7,93,608,1725,1577,4010,0.0,0.0,0.0,0.001745635910224,0.023192019950125,0.151620947630923,0.430174563591022,0.393266832917706
2,367,0,0,0,3,89,630,1675,1608,4005,0.0,0.0,0.0,0.000749063670412,0.022222222222222,0.157303370786517,0.418227215980025,0.401498127340824
2,368,0,0,0,8,103,595,1712,1582,4000,0.0,0.0,0.0,0.002,0.02575,0.14875,0.428,0.3955
2,369,0,0,0,7,72,605,1713,1598,3995,0.0,0.0,0.0,0.001752190237797,0.0180225281602,0.151439299123905,0.428785982478098,0.4
2,370,0,0,0,5,81,606,1699,1599,3990,0.0,0.0,0.0,0.00125313283208,0.020300751879699,0.15187969924812,0.425814536340852,0.400751879699248
2,371,0,0,0,4,79,592,1746,1564,3985,0.0,0.0,0.0,0.001003764115433,0.019824341279799,0.148557089084065,0.438143036386449,0.392471769134253
2,372,0,0,0,7,93,629,1648,1603,3980,0.0,0.0,0.0,0.001758793969849,0.023366834170854,0.158040201005025,0.414070351758794,0.402763819095477
2,373,0,0,0,5,89,629,1665,1587,3975,0.0,0.0,0.0,0.00125786163522,0.022389937106918,0.158238993710692,0.418867924528302,0.399245283018868
2,374,0,0,0,2,89,566,1685,1628,3970,0.0,0.0,0.0,0.000503778337531,0.022418136020151,0.142569269521411,0.424433249370277,0.41007556675063
2,375,0,0,0,6,85,611,1656,1607,3965,0.0,0.0,0.0,0.001513240857503,0.021437578814628,0.154098360655738,0.41765447667087,0.405296343001261
2,376,0,0,0,6,88,598,1688,1580,3960,0.0,0.0,0.0,0.001515151515152,0.022222222222222,0.151010101010101,0.426262626262626,0.398989898989899
2,377,0,0,1,6,86,599,1672,1591,3955,0.0,0.0,0.000252844500632,0.001517067003793,0.021744627054362,0.151453855878635,0.42275600505689,0.402275600505689
2,378,0,0,0,3,77,608,1695,1567,3950,0.0,0.0,0.0,0.000759493670886,0.019493670886076,0.153924050632911,0.429113924050633,0.396708860759494
2,379,0,0,0,8,86,577,1667,1607,3945,0.0,0.0,0.0,0.002027883396705,0.021799746514575,0.146261089987326,0.42256020278834,0.407351077313054
2,380,0,0,0,8,88,557,1637,1650,3940,0.0,0.0,0.0,0.002030456852792,0.022335025380711,0.141370558375635,0.415482233502538,0.418781725888325
2,381,0,0,0,7,86,548,1656,1638,3935,0.0,0.0,0.0,0.001778907242694,0.021855146124524,0.139263024142313,0.420838627700127,0.416264294790343
2,382,0,0,0,12,92,556,1661,1609,3930,0.0,0.0,0.0,0.003053435114504,0.023409669211196,0.14147582697201,0.42264631043257,0.40941475826972
2,383,0,0,0,1,79,630,1598,1617,3925,0.0,0.0,0.0,0.000254777070064,0.020127388535032,0.160509554140127,0.407133757961783,0.411974522292994
2,384,0,0,0,4,92,583,1683,1558,3920,0.0,0.0,0.0,0.001020408163265,0.023469387755102,0.148724489795918,0.429336734693878,0.397448979591837
2,385,0,0,1,5,86,527,1659,1637,3915,0.0,0.0,0.000255427841635,0.001277139208174,0.021966794380587,0.134610472541507,0.423754789272031,0.418135376756066
2,386,0,0,0,4,86,608,1663,1549,3910,0.0,0.0,0.0,0.001023017902813,0.021994884910486,0.155498721227621,0.425319693094629,0.39616368286445
2,387,0,0,0,13,99,574,1666,1553,3905,0.0,0.0,0.0,0.003329065300896,0.025352112676056,0.146991037131882,0.42663252240717,0.397695262483995
2,388,0,0,0,5,78,613,1625,1579,3900,0.0,0.0,0.0,0.001282051282051,0.02,0.157179487179487,0.416666666666667,0.404871794871795
2,389,0,0,0,2,81,599,1657,1556,3895,0.0,0.0,0.0,0.000513478818999,0.020795892169448,0.153786906290116,0.425417201540436,0.399486521181001
2,390,0,0,0,6,92,625,1633,1534,3890,0.0,0.0,0.0,0.001542416452442,0.023650385604113,0.160668380462725,0.419794344473008,0.394344473007712
2,391,0,0,1,5,93,546,1636,1604,3885,0.0,0.0,0.0002574002574,0.001287001287001,0.023938223938224,0.140540540540541,0.421106821106821,0.412870012870013
2,392,0,0,0,5,84,579,1629,1583,3880,0.0,0.0,0.0,0.001288659793814,0.021649484536082,0.149226804123711,0.419845360824742,0.407989690721649
2,393,0,0,0,4,97,559,1633,1582,3875,0.0,0.0,0.0,0.001032258064516,0.025032258064516,0.144258064516129,0.42141935483871,0.408258064516129
2,394,0,0,0,2,81,588,1649,1550,3870,0.0,0.0,0.0,0.000516795865633,0.02093023255814,0.151937984496124,0.42609819121447,0.400516795865633
2,395,0,0,0,8,70,575,1640,1572,3865,0.0,0.0,0.0,0.002069857697283,0.018111254851229,0.148771021992238,0.424320827943079,0.406727037516171
2,396,0,0,0,5,83,570,1635,1567,3860,0.0,0.0,0.0,0.001295336787565,0.021502590673575,0.147668393782383,0.423575129533679,0.405958549222798
2,397,0,0,0,6,76,576,1616,1581,3855,0.0,0.0,0.0,0.001556420233463,0.019714656290532,0.149416342412451,0.419195849546044,0.41011673151751
2,398,0,0,0,8,78,584,1685,1495,3850,0.0,0.0,0.0,0.002077922077922,0.02025974025974,0.151688311688312,0.437662337662338,0.388311688311688
2,399,0,0,0,6,95,591,1601,1552,3845,0.0,0.0,0.0,0.001560468140442,0.024707412223667,0.15370611183355,0.416384915474642,0.403641092327698
2,400,0,0,0,5,65,592,1588,1590,3840,0.0,0.0,0.0,0.001302083333333,0.016927083333333,0.154166666666667,0.413541666666667,0.4140625
2,401,0,0,0,6,77,582,1587,1583,3835,0.0,0.0,0.0,0.001564537157757,0.020078226857888,0.151760104302477,0.413820078226858,0.41277705345502
2,402,0,0,2,8,77,534,1608,1601,3830,0.0,0.0,0.000522193211488,0.002088772845953,0.020104438642298,0.139425587467363,0.419843342036554,0.418015665796345
2,403,0,0,1,8,95,570,1613,1538,3825,0.0,0.0,0.000261437908497,0.002091503267974,0.02483660130719,0.149019607843137,0.421699346405229,0.402091503267974
2,404,0,0,0,9,78,567,1650,1516,3820,0.0,0.0,0.0,0.002356020942408,0.020418848167539,0.148429319371728,0.431937172774869,0.396858638743456
2,405,0,0,0,5,82,608,1585,1535,3815,0.0,0.0,0.0,0.001310615989515,0.021494102228047,0.159370904325033,0.415465268676278,0.402359108781127
2,406,0,0,0,2,61,588,1637,1522,3810,0.0,0.0,0.0,0.000524934383202,0.016010498687664,0.154330708661417,0.429658792650919,0.399475065616798
2,407,0,0,0,4,71,571,1624,1535,3805,0.0,0.0,0.0,0.001051248357424,0.018659658344284,0.150065703022339,0.426806833114323,0.403416557161629
2,408,0,0,0,5,95,561,1543,1596,3800,0.0,0.0,0.0,0.001315789473684,0.025,0.147631578947368,0.406052631578947,0.42
2,409,0,0,0,9,74,591,1622,1499,3795,0.0,0.0,0.0,0.002371541501976,0.019499341238472,0.155731225296443,0.427404479578393,0.394993412384717
2,410,0,0,0,9,89,551,1620,1521,3790,0.0,0.0,0.0,0.002374670184697,0.023482849604222,0.145382585751979,0.427440633245383,0.40131926121372
2,411,0,0,1,1,97,539,1597,1550,3785,0.0,0.0,0.000264200792602,0.000264200792602,0.025627476882431,0.142404227212682,0.421928665785997,0.409511228533686
2,412,0,0,0,14,71,568,1627,1500,3780,0.0,0.0,0.0,0.003703703703704,0.018783068783069,0.15026455026455,0.43042328042328,0.396825396825397
2,413,0,0,0,6,76,578,1552,1563,3775,0.0,0.0,0.0,0.00158940397351,0.020132450331126,0.153112582781457,0.41112582781457,0.414039735099338
2,414,0,0,0,5,79,569,1548,1569,3770,0.0,0.0,0.0,0.00132625994695,0.020954907161804,0.150928381962865,0.410610079575597,0.416180371352785
2,415,0,0,0,5,86,528,1591,1555,3765,0.0,0.0,0.0,0.00132802124834,0.022841965471448,0.140239043824701,0.42257636122178,0.413014608233732
2,416,0,0,0,7,82,537,1644,1490,3760,0.0,0.0,0.0,0.00186170212766,0.021808510638298,0.14281914893617,0.437234042553191,0.396276595744681
2,417,0,0,0,2,87,579,1645,1442,3755,0.0,0.0,0.0,0.000532623169108,0.023169107856192,0.154194407456724,0.438082556591212,0.384021304926764
2,418,0,0,0,5,83,564,1608,1490,3750,0.0,0.0,0.0,0.001333333333333,0.022133333333333,0.1504,0.4288,0.397333333333333
2,419,0,0,0,3,73,596,1581,1492,3745,0.0,0.0,0.0,0.000801068090788,0.019492656875834,0.159145527369826,0.422162883845127,0.398397863818425
2,420,0,0,0,6,65,566,1632,1471,3740,0.0,0.0,0.0,0.001604278074866,0.017379679144385,0.151336898395722,0.436363636363636,0.39331550802139
2,421,0,1,0,6,75,561,1579,1513,3735,0.0,0.000267737617135,0.0,0.001606425702811,0.020080321285141,0.150200803212851,0.422757697456493,0.405087014725569
2,422,0,0,0,11,85,585,1513,1536,3730,0.0,0.0,0.0,0.002949061662198,0.022788203753351,0.156836461126005,0.405630026809651,0.411796246648794
2,423,0,0,1,6,97,583,1590,1448,3725,0.0,0.0,0.000268456375839,0.001610738255034,0.026040268456376,0.156510067114094,0.426845637583893,0.388724832214765
2,424,0,0,0,4,84,588,1579,1465,3720,0.0,0.0,0.0,0.001075268817204,0.02258064516129,0.158064516129032,0.424462365591398,0.393817204301075
2,425,0,0,0,3,78,557,1589,1488,3715,0.0,0.0,0.0,0.000807537012113,0.020995962314939,0.149932705248991,0.427725437415882,0.400538358008075
2,426,0,0,0,1,98,558,1574,1479,3710,0.0,0.0,0.0,0.000269541778976,0.026415094339623,0.150404312668464,0.424258760107817,0.398652291105121
2,427,0,0,0,4,81,544,1538,1538,3705,0.0,0.0,0.0,0.001079622132254,0.021862348178138,0.146828609986505,0.415114709851552,0.415114709851552
2,428,0,0,0,6,94,544,1529,1527,3700,0.0,0.0,0.0,0.001621621621622,0.025405405405405,0.147027027027027,0.413243243243243,0.412702702702703
2,429,0,0,0,8,84,581,1544,1478,3695,0.0,0.0,0.0,0.002165087956698,0.022733423545332,0.15723951285521,0.417861975642761,0.4
2,430,0,0,0,0,73,517,1586,1514,3690,0.0,0.0,0.0,0.0,0.019783197831978,0.140108401084011,0.429810298102981,0.41029810298103
2,431,0,0,0,2,76,565,1553,1489,3685,0.0,0.0,0.0,0.000542740841248,0.020624151967436,0.153324287652646,0.421438263229308,0.404070556309362
2,432,0,0,0,8,78,564,1544,1486,3680,0.0,0.0,0.0,0.002173913043478,0.021195652173913,0.153260869565217,0.419565217391304,0.403804347826087
2,433,0,0,0,7,84,548,1581,1455,3675,0.0,0.0,0.0,0.001904761904762,0.022857142857143,0.149115646258503,0.430204081632653,0.395918367346939
2,434,0,0,0,4,75,560,1566,1465,3670,0.0,0.0,0.0,0.001089918256131,0.020435967302452,0.152588555858311,0.426702997275204,0.399182561307902
2,435,0,0,0,5,69,604,1521,1466,3665,0.0,0.0,0.0,0.001364256480218,0.018826739427012,0.164802182810368,0.415006821282401,0.4
2,436,0,0,0,8,81,582,1538,1451,3660,0.0,0.0,0.0,0.002185792349727,0.022131147540984,0.159016393442623,0.420218579234973,0.396448087431694
2,437,0,0,0,7,66,581,1503,1498,3655,0.0,0.0,0.0,0.001915184678523,0.018057455540356,0.158960328317373,0.411217510259918,0.40984952120383
2,438,0,0,0,9,75,562,1507,1497,3650,0.0,0.0,0.0,0.002465753424658,0.020547945205479,0.153972602739726,0.412876712328767,0.41013698630137
2,439,0,0,1,5,88,569,1528,1454,3645,0.0,0.0,0.000274348422497,0.001371742112483,0.024142661179698,0.156104252400549,0.41920438957476,0.398902606310014
2,440,0,0,0,4,85,514,1494,1543,3640,0.0,0.0,0.0,0.001098901098901,0.023351648351648,0.141208791208791,0.41043956043956,0.423901098901099
2,441,0,0,0,3,62,536,1539,1495,3635,0.0,0.0,0.0,0.000825309491059,0.017056396148556,0.147455295735901,0.423383768913343,0.411279229711142
2,442,0,0,0,3,80,540,1535,1472,3630,0.0,0.0,0.0,0.000826446280992,0.022038567493113,0.148760330578512,0.422865013774105,0.405509641873278
2,443,0,0,0,5,73,499,1568,1480,3625,0.0,0.0,0.0,0.001379310344828,0.020137931034483,0.137655172413793,0.432551724137931,0.408275862068966
2,444,0,0,0,4,80,507,1606,1423,3620,0.0,0.0,0.0,0.001104972375691,0.022099447513812,0.140055248618785,0.443646408839779,0.393093922651934
2,445,0,0,0,6,88,513,1595,1413,3615,0.0,0.0,0.0,0.001659751037344,0.024343015214385,0.141908713692946,0.441217150760719,0.390871369294606
2,446,0,0,0,5,72,552,1564,1417,3610,0.0,0.0,0.0,0.001385041551247,0.01994459833795,0.152908587257618,0.433240997229917,0.392520775623269
2,447,0,0,0,2,92,510,1504,1497,3605,0.0,0.0,0.0,0.000554785020804,0.025520110957004,0.141470180305132,0.417198335644938,0.415256588072122
2,448,0,0,0,3,100,541,1511,1445,3600,0.0,0.0,0.0,0.000833333333333,0.027777777777778,0.150277777777778,0.419722222222222,0.401388888888889
2,449,0,0,0,4,85,538,1460,1508,3595,0.0,0.0,0.0,0.001112656467316,0.023643949930459,0.149652294853964,0.406119610570236,0.419471488178025
2,450,0,0,0,7,69,554,1489,1471,3590,0.0,0.0,0.0,0.001949860724234,0.019220055710306,0.154317548746518,0.414763231197772,0.40974930362117
2,451,0,0,0,3,83,523,1505,1471,3585,0.0,0.0,0.0,0.000836820083682,0.023152022315202,0.145885634588563,0.419804741980474,0.410320781032078
2,452,0,0,0,7,75,553,1513,1432,3580,0.0,0.0,0.0,0.00195530726257,0.020949720670391,0.154469273743017,0.422625698324022,0.4
2,453,0,0,1,4,90,524,1584,1372,3575,0.0,0.0,0.00027972027972,0.001118881118881,0.025174825174825,0.146573426573427,0.443076923076923,0.383776223776224
2,454,0,0,0,6,90,530,1463,1481,3570,0.0,0.0,0.0,0.001680672268908,0.025210084033613,0.148459383753501,0.409803921568627,0.41484593837535
2,455,0,0,0,5,74,525,1524,1437,3565,0.0,0.0,0.0,0.00140252454418,0.020757363253857,0.14726507713885,0.427489481065919,0.403085553997195
2,456,0,0,0,2,78,508,1524,1448,3560,0.0,0.0,0.0,0.000561797752809,0.021910112359551,0.142696629213483,0.428089887640449,0.406741573033708
2,457,0,0,0,11,76,528,1534,1406,3555,0.0,0.0,0.0,0.00309423347398,0.021378340365682,0.148523206751055,0.431504922644163,0.39549929676512
2,458,0,0,0,6,85,500,1496,1463,3550,0.0,0.0,0.0,0.00169014084507,0.023943661971831,0.140845070422535,0.421408450704225,0.412112676056338
2,459,0,0,0,5,91,499,1504,1446,3545,0.0,0.0,0.0,0.001410437235543,0.025669957686883,0.140761636107193,0.42425952045134,0.407898448519041
2,460,0,0,0,5,73,522,1465,1475,3540,0.0,0.0,0.0,0.001412429378531,0.020621468926554,0.147457627118644,0.413841807909605,0.416666666666667
2,461,0,0,0,2,72,561,1527,1373,3535,0.0,0.0,0.0,0.000565770862801,0.02036775106082,0.158698727015559,0.431966053748232,0.388401697312588
2,462,0,0,0,6,67,547,1519,1391,3530,0.0,0.0,0.0,0.001699716713881,0.018980169971671,0.154957507082153,0.430311614730878,0.394050991501416
2,463,0,0,1,4,86,533,1486,1415,3525,0.0,0.0,0.000283687943262,0.00113475177305,0.024397163120567,0.151205673758865,0.421560283687943,0.401418439716312
2,464,0,0,0,2,86,481,1577,1374,3520,0.0,0.0,0.0,0.000568181818182,0.024431818181818,0.136647727272727,0.448011363636364,0.390340909090909
2,465,0,0,0,2,76,557,1460,1420,3515,0.0,0.0,0.0,0.000568990042674,0.021621621621622,0.15846372688478,0.415362731152205,0.40398293029872
2,466,0,0,0,4,72,531,1491,1412,3510,0.0,0.0,0.0,0.001139601139601,0.020512820512821,0.151282051282051,0.424786324786325,0.402279202279202
2,467,0,0,0,3,74,533,1484,1411,3505,0.0,0.0,0.0,0.000855920114123,0.021112696148359,0.15206847360913,0.42339514978602,0.402567760342368
2,468,0,0,0,5,85,521,1461,1428,3500,0.0,0.0,0.0,0.001428571428571,0.024285714285714,0.148857142857143,0.417428571428571,0.408
2,469,0,0,0,6,83,545,1435,1426,3495,0.0,0.0,0.0,0.001716738197425,0.023748211731044,0.155937052932761,0.410586552217453,0.408011444921316
2,470,0,0,0,5,72,532,1470,1411,3490,0.0,0.0,0.0,0.001432664756447,0.020630372492837,0.15243553008596,0.421203438395415,0.404297994269341
2,471,0,0,0,6,67,524,1488,1400,3485,0.0,0.0,0.0,0.001721664275466,0.01922525107604,0.150358680057389,0.426972740315638,0.401721664275466
2,472,0,0,0,5,74,506,1517,1378,3480,0.0,0.0,0.0,0.001436781609195,0.021264367816092,0.145402298850575,0.435919540229885,0.395977011494253
2,473,0,0,0,1,73,495,1466,1440,3475,0.0,0.0,0.0,0.000287769784173,0.021007194244604,0.142446043165468,0.421870503597122,0.414388489208633
2,474,0,0,0,2,71,498,1517,1382,3470,0.0,0.0,0.0,0.000576368876081,0.020461095100865,0.143515850144092,0.437175792507205,0.398270893371758
2,475,0,0,0,7,72,536,1419,1431,3465,0.0,0.0,0.0,0.002020202020202,0.020779220779221,0.154689754689755,0.40952380952381,0.412987012987013
2,476,0,0,0,7,76,540,1465,1372,3460,0.0,0.0,0.0,0.002023121387283,0.021965317919075,0.15606936416185,0.423410404624277,0.396531791907514
2,477,0,0,0,3,78,516,1438,1420,3455,0.0,0.0,0.0,0.000868306801737,0.022575976845152,0.149348769898698,0.416208393632417,0.410998552821997
2,478,0,0,0,3,81,524,1432,1410,3450,0.0,0.0,0.0,0.000869565217391,0.023478260869565,0.151884057971014,0.415072463768116,0.408695652173913
2,479,0,0,0,2,72,512,1435,1424,3445,0.0,0.0,0.0,0.000580551523948,0.020899854862119,0.148621190130624,0.416545718432511,0.413352685050798
2,480,0,0,0,6,77,553,1467,1337,3440,0.0,0.0,0.0,0.001744186046512,0.022383720930233,0.160755813953488,0.426453488372093,0.388662790697674
2,481,0,0,0,1,86,546,1450,1352,3435,0.0,0.0,0.0,0.000291120815138,0.025036390101892,0.158951965065502,0.422125181950509,0.393595342066958
2,482,0,0,0,8,73,543,1473,1333,3430,0.0,0.0,0.0,0.002332361516035,0.021282798833819,0.158309037900875,0.429446064139942,0.388629737609329
2,483,0,0,0,6,77,483,1419,1440,3425,0.0,0.0,0.0,0.001751824817518,0.022481751824818,0.141021897810219,0.414306569343066,0.42043795620438
2,484,0,0,0,5,83,499,1430,1403,3420,0.0,0.0,0.0,0.001461988304094,0.024269005847953,0.145906432748538,0.41812865497076,0.410233918128655
2,485,0,0,0,4,72,506,1501,1332,3415,0.0,0.0,0.0,0.001171303074671,0.02108345534407,0.148169838945827,0.439531478770132,0.3900439238653
2,486,0,0,0,3,69,506,1444,1388,3410,0.0,0.0,0.0,0.000879765395894,0.020234604105572,0.148387096774194,0.423460410557185,0.407038123167155
2,487,0,0,1,7,74,509,1420,1394,3405,0.0,0.0,0.000293685756241,0.002055800293686,0.021732745961821,0.149486049926579,0.417033773861968,0.409397944199706
2,488,0,0,0,6,84,492,1436,1382,3400,0.0,0.0,0.0,0.001764705882353,0.024705882352941,0.144705882352941,0.422352941176471,0.406470588235294
2,489,0,0,1,2,67,509,1439,1377,3395,0.0,0.0,0.000294550810015,0.000589101620029,0.019734904270987,0.149926362297496,0.423858615611193,0.40559646539028
2,490,0,0,0,6,68,506,1455,1355,3390,0.0,0.0,0.0,0.001769911504425,0.020058997050147,0.149262536873156,0.429203539823009,0.399705014749263
2,491,0,0,0,0,67,521,1430,1367,3385,0.0,0.0,0.0,0.0,0.019793205317578,0.153914327917282,0.422451994091581,0.40384047267356
2,492,0,0,0,4,85,480,1447,1364,3380,0.0,0.0,0.0,0.001183431952663,0.025147928994083,0.142011834319527,0.42810650887574,0.403550295857988
2,493,0,0,0,4,70,477,1447,1377,3375,0.0,0.0,0.0,0.001185185185185,0.020740740740741,0.141333333333333,0.428740740740741,0.408
2,494,0,0,0,7,82,496,1424,1361,3370,0.0,0.0,0.0,0.002077151335312,0.02433234421365,0.147181008902077,0.422551928783383,0.403857566765579
2,495,0,0,0,3,69,523,1398,1372,3365,0.0,0.0,0.0,0.000891530460624,0.020505200594354,0.155423476968796,0.415453194650817,0.407726597325409
2,496,0,0,1,1,98,529,1333,1398,3360,0.0,0.0,0.000297619047619,0.000297619047619,0.029166666666667,0.157440476190476,0.39672619047619,0.416071428571429
2,497,0,0,0,2,83,499,1419,1352,3355,0.0,0.0,0.0,0.000596125186289,0.024739195230999,0.148733233979136,0.422950819672131,0.402980625931446
2,498,0,0,0,2,66,472,1390,1420,3350,0.0,0.0,0.0,0.000597014925373,0.019701492537313,0.14089552238806,0.414925373134328,0.423880597014925
2,499,0,0,0,0,75,474,1423,1373,3345,0.0,0.0,0.0,0.0,0.022421524663677,0.141704035874439,0.425411061285501,0.410463378176383
2,500,0,0,1,8,76,465,1434,1356,3340,0.0,0.0,0.000299401197605,0.002395209580838,0.022754491017964,0.139221556886228,0.429341317365269,0.405988023952096
2,501,0,0,0,4,57,495,1443,1336,3335,0.0,0.0,0.0,0.00119940029985,0.017091454272864,0.148425787106447,0.432683658170915,0.400599700149925
2,502,0,0,0,4,78,497,1418,1333,3330,0.0,0.0,0.0,0.001201201201201,0.023423423423423,0.149249249249249,0.425825825825826,0.4003003003003
2,503,0,0,0,5,78,494,1377,1371,3325,0.0,0.0,0.0,0.001503759398496,0.023458646616541,0.148571428571429,0.414135338345865,0.412330827067669
2,504,1,0,0,3,77,486,1438,1315,3320,0.000301204819277,0.0,0.0,0.000903614457831,0.023192771084337,0.146385542168675,0.433132530120482,0.396084337349398
2,505,0,0,0,6,69,502,1425,1313,3315,0.0,0.0,0.0,0.001809954751131,0.020814479638009,0.151432880844646,0.429864253393665,0.396078431372549
2,506,0,0,0,6,67,508,1412,1317,3310,0.0,0.0,0.0,0.001812688821752,0.0202416918429,0.153474320241692,0.426586102719033,0.397885196374622
2,507,0,0,0,2,76,526,1442,1259,3305,0.0,0.0,0.0,0.000605143721634,0.022995461422088,0.159152798789713,0.436308623298033,0.380937972768533
2,508,0,0,0,9,59,484,1414,1334,3300,0.0,0.0,0.0,0.002727272727273,0.017878787878788,0.146666666666667,0.428484848484848,0.404242424242424
2,509,0,0,0,5,65,496,1404,1325,3295,0.0,0.0,0.0,0.001517450682853,0.019726858877086,0.150531107738998,0.426100151745068,0.402124430955994
2,510,0,0,0,5,66,492,1414,1313,3290,0.0,0.0,0.0,0.001519756838906,0.020060790273556,0.149544072948328,0.429787234042553,0.399088145896657
2,511,0,0,0,5,63,485,1365,1367,3285,0.0,0.0,0.0,0.001522070015221,0.019178082191781,0.147640791476408,0.415525114155251,0.416133942161339
2,512,0,0,0,3,78,468,1371,1360,3280,0.0,0.0,0.0,0.000914634146341,0.023780487804878,0.142682926829268,0.417987804878049,0.414634146341463
2,513,0,0,0,2,76,512,1417,1268,3275,0.0,0.0,0.0,0.000610687022901,0.023206106870229,0.156335877862595,0.432671755725191,0.387175572519084
2,514,0,0,0,2,67,482,1408,1311,3270,0.0,0.0,0.0,0.000611620795107,0.020489296636086,0.147400611620795,0.430581039755352,0.400917431192661
2,515,0,0,0,2,74,493,1365,1331,3265,0.0,0.0,0.0,0.000612557427259,0.022664624808576,0.150995405819296,0.418070444104135,0.407656967840735
2,516,0,0,0,2,78,489,1391,1300,3260,0.0,0.0,0.0,0.000613496932515,0.023926380368098,0.15,0.426687116564417,0.398773006134969
2,517,0,0,0,2,68,476,1371,1338,3255,0.0,0.0,0.0,0.000614439324117,0.020890937019969,0.146236559139785,0.421198156682028,0.411059907834101
2,518,0,0,0,3,79,519,1340,1309,3250,0.0,0.0,0.0,0.000923076923077,0.024307692307692,0.159692307692308,0.412307692307692,0.402769230769231
2,519,0,0,1,3,74,478,1429,1260,3245,0.0,0.0,0.000308166409861,0.000924499229584,0.022804314329738,0.147303543913713,0.440369799691834,0.38828967642527
2,520,0,0,0,5,61,509,1378,1287,3240,0.0,0.0,0.0,0.001543209876543,0.018827160493827,0.157098765432099,0.425308641975309,0.397222222222222
2,521,0,0,0,4,78,496,1337,1320,3235,0.0,0.0,0.0,0.001236476043277,0.024111282843895,0.153323029366306,0.413292117465224,0.408037094281298
2,522,0,0,0,8,69,473,1431,1249,3230,0.0,0.0,0.0,0.002476780185759,0.021362229102167,0.146439628482972,0.443034055727554,0.386687306501548
2,523,0,0,0,3,66,484,1367,1305,3225,0.0,0.0,0.0,0.00093023255814,0.02046511627907,0.150077519379845,0.423875968992248,0.404651162790698
2,524,0,0,0,2,78,465,1394,1281,3220,0.0,0.0,0.0,0.000621118012422,0.024223602484472,0.144409937888199,0.432919254658385,0.397826086956522
2,525,0,0,0,6,76,477,1327,1329,3215,0.0,0.0,0.0,0.001866251944012,0.023639191290824,0.148367029548989,0.412752721617418,0.413374805598756
2,526,0,0,0,7,65,459,1370,1309,3210,0.0,0.0,0.0,0.002180685358255,0.020249221183801,0.142990654205607,0.426791277258567,0.407788161993769
2,527,0,0,0,8,68,456,1351,1322,3205,0.0,0.0,0.0,0.002496099843994,0.021216848673947,0.142277691107644,0.421528861154446,0.412480499219969
2,528,0,0,0,5,67,458,1391,1279,3200,0.0,0.0,0.0,0.0015625,0.0209375,0.143125,0.4346875,0.3996875
2,529,0,0,0,4,55,498,1337,1301,3195,0.0,0.0,0.0,0.001251956181534,0.017214397496088,0.155868544600939,0.418466353677621,0.407198748043818
2,530,0,0,0,6,62,476,1355,1291,3190,0.0,0.0,0.0,0.001880877742947,0.019435736677116,0.149216300940439,0.424764890282132,0.404702194357367
2,531,0,0,0,5,66,452,1340,1322,3185,0.0,0.0,0.0,0.001569858712716,0.020722135007849,0.141915227629513,0.420722135007849,0.415070643642072
2,532,0,0,0,3,59,475,1354,1289,3180,0.0,0.0,0.0,0.000943396226415,0.018553459119497,0.14937106918239,0.425786163522013,0.405345911949686
2,533,0,0,0,9,71,473,1355,1267,3175,0.0,0.0,0.0,0.002834645669291,0.022362204724409,0.148976377952756,0.426771653543307,0.399055118110236
2,534,0,0,0,2,62,489,1357,1260,3170,0.0,0.0,0.0,0.000630914826498,0.019558359621451,0.154258675078864,0.42807570977918,0.397476340694006
2,535,0,0,0,3,88,463,1332,1279,3165,0.0,0.0,0.0,0.000947867298578,0.027804107424961,0.146287519747235,0.42085308056872,0.404107424960506
2,536,0,0,0,3,64,493,1289,1311,3160,0.0,0.0,0.0,0.000949367088608,0.020253164556962,0.156012658227848,0.407911392405063,0.414873417721519
2,537,0,0,0,3,49,484,1327,1292,3155,0.0,0.0,0.0,0.00095087163233,0.015530903328051,0.153407290015848,0.420602218700475,0.409508716323296
2,538,0,0,0,4,73,455,1320,1298,3150,0.0,0.0,0.0,0.001269841269841,0.023174603174603,0.144444444444444,0.419047619047619,0.412063492063492
2,539,0,0,0,4,89,480,1328,1244,3145,0.0,0.0,0.0,0.00127186009539,0.028298887122417,0.152623211446741,0.422257551669316,0.395548489666137
2,540,0,0,1,5,69,474,1312,1279,3140,0.0,0.0,0.00031847133758,0.001592356687898,0.021974522292994,0.150955414012739,0.417834394904459,0.407324840764331
2,541,0,0,0,4,61,482,1345,1243,3135,0.0,0.0,0.0,0.001275917065391,0.019457735247209,0.153748006379585,0.42902711323764,0.396491228070175
2,542,0,0,0,4,70,485,1351,1220,3130,0.0,0.0,0.0,0.001277955271565,0.022364217252396,0.154952076677316,0.431629392971246,0.389776357827476
2,543,0,0,0,3,69,421,1388,1244,3125,0.0,0.0,0.0,0.00096,0.02208,0.13472,0.44416,0.39808
2,544,0,0,0,5,67,402,1355,1291,3120,0.0,0.0,0.0,0.001602564102564,0.021474358974359,0.128846153846154,0.434294871794872,0.413782051282051
2,545,0,0,1,3,63,483,1318,1247,3115,0.0,0.0,0.000321027287319,0.000963081861958,0.020224719101124,0.155056179775281,0.423113964686998,0.400321027287319
2,546,0,0,0,1,65,467,1325,1252,3110,0.0,0.0,0.0,0.00032154340836,0.020900321543408,0.15016077170418,0.42604501607717,0.402572347266881
2,547,0,0,1,7,48,465,1328,1256,3105,0.0,0.0,0.000322061191626,0.002254428341385,0.015458937198068,0.14975845410628,0.427697262479871,0.40450885668277
2,548,0,0,0,5,55,450,1337,1253,3100,0.0,0.0,0.0,0.001612903225806,0.017741935483871,0.145161290322581,0.431290322580645,0.404193548387097
2,549,0,0,0,5,71,427,1303,1289,3095,0.0,0.0,0.0,0.001615508885299,0.022940226171244,0.137964458804523,0.421001615508885,0.416478190630048
2,550,0,0,0,5,73,452,1281,1279,3090,0.0,0.0,0.0,0.001618122977346,0.023624595469256,0.146278317152104,0.414563106796117,0.413915857605178
2,551,0,0,0,3,39,478,1289,1276,3085,0.0,0.0,0.0,0.00097244732577,0.012641815235008,0.154943273905997,0.417828200972447,0.413614262560778
2,552,0,0,0,3,61,474,1302,1240,3080,0.0,0.0,0.0,0.000974025974026,0.019805194805195,0.153896103896104,0.422727272727273,0.402597402597403
2,553,0,0,0,6,50,483,1282,1254,3075,0.0,0.0,0.0,0.001951219512195,0.016260162601626,0.157073170731707,0.416910569105691,0.40780487804878
2,554,0,0,0,2,70,440,1290,1268,3070,0.0,0.0,0.0,0.000651465798046,0.022801302931596,0.143322475570033,0.420195439739414,0.413029315960912
2,555,0,0,0,5,53,480,1315,1212,3065,0.0,0.0,0.0,0.00163132137031,0.017292006525285,0.156606851549755,0.429037520391517,0.395432300163132
2,556,0,0,0,5,62,420,1314,1259,3060,0.0,0.0,0.0,0.001633986928105,0.020261437908497,0.137254901960784,0.429411764705882,0.411437908496732
2,557,0,0,0,3,65,430,1333,1224,3055,0.0,0.0,0.0,0.000981996726678,0.021276595744681,0.140752864157119,0.43633387888707,0.400654664484452
2,558,0,0,0,5,60,450,1269,1266,3050,0.0,0.0,0.0,0.001639344262295,0.019672131147541,0.147540983606557,0.416065573770492,0.415081967213115
2,559,0,0,0,3,79,464,1227,1272,3045,0.0,0.0,0.0,0.000985221674877,0.025944170771757,0.152380952380952,0.402955665024631,0.417733990147783
2,560,0,0,0,3,64,454,1315,1204,3040,0.0,0.0,0.0,0.000986842105263,0.021052631578947,0.149342105263158,0.432565789473684,0.396052631578947
2,561,0,0,0,2,64,475,1305,1189,3035,0.0,0.0,0.0,0.000658978583196,0.021087314662273,0.156507413509061,0.42998352553542,0.391762767710049
2,562,0,0,0,2,55,440,1293,1240,3030,0.0,0.0,0.0,0.000660066006601,0.018151815181518,0.145214521452145,0.426732673267327,0.409240924092409
2,563,0,0,0,4,67,456,1296,1202,3025,0.0,0.0,0.0,0.001322314049587,0.022148760330579,0.150743801652893,0.428429752066116,0.397355371900826
2,564,0,0,0,3,69,460,1328,1160,3020,0.0,0.0,0.0,0.000993377483444,0.022847682119205,0.152317880794702,0.439735099337748,0.384105960264901
2,565,0,0,0,0,74,429,1263,1249,3015,0.0,0.0,0.0,0.0,0.024543946932007,0.14228855721393,0.418905472636816,0.414262023217247
2,566,0,0,0,2,74,449,1261,1224,3010,0.0,0.0,0.0,0.000664451827243,0.024584717607973,0.149169435215947,0.418936877076412,0.406644518272425
2,567,0,0,0,1,52,420,1293,1239,3005,0.0,0.0,0.0,0.000332778702163,0.017304492512479,0.139767054908486,0.430282861896839,0.412312811980033
2,568,0,0,1,5,62,442,1260,1230,3000,0.0,0.0,0.000333333333333,0.001666666666667,0.020666666666667,0.147333333333333,0.42,0.41
2,569,0,0,0,2,64,443,1252,1234,2995,0.0,0.0,0.0,0.000667779632721,0.021368948247078,0.147913188647746,0.418030050083472,0.412020033388982
2,570,0,0,0,3,72,479,1262,1174,2990,0.0,0.0,0.0,0.001003344481605,0.024080267558528,0.160200668896321,0.422073578595318,0.392642140468227
2,571,0,0,0,4,65,421,1334,1161,2985,0.0,0.0,0.0,0.001340033500838,0.02177554438861,0.141038525963149,0.446901172529313,0.38894472361809
2,572,0,0,0,1,63,453,1273,1190,2980,0.0,0.0,0.0,0.000335570469799,0.021140939597315,0.152013422818792,0.427181208053691,0.399328859060403
2,573,0,0,0,3,69,413,1264,1226,2975,0.0,0.0,0.0,0.001008403361345,0.023193277310924,0.138823529411765,0.424873949579832,0.412100840336134
2,574,0,0,0,5,52,435,1256,1222,2970,0.0,0.0,0.0,0.001683501683502,0.017508417508418,0.146464646464646,0.422895622895623,0.411447811447811
2,575,0,0,0,4,61,428,1314,1158,2965,0.0,0.0,0.0,0.001349072512648,0.020573355817875,0.144350758853288,0.443170320404722,0.390556492411467
2,576,0,0,1,4,55,447,1289,1164,2960,0.0,0.0,0.000337837837838,0.001351351351351,0.018581081081081,0.151013513513514,0.435472972972973,0.393243243243243
2,577,0,0,0,4,57,391,1279,1224,2955,0.0,0.0,0.0,0.001353637901861,0.019289340101523,0.132318104906937,0.432825719120135,0.414213197969543
2,578,0,0,0,4,60,473,1200,1213,2950,0.0,0.0,0.0,0.00135593220339,0.020338983050847,0.160338983050847,0.406779661016949,0.411186440677966
2,579,0,0,0,5,65,448,1228,1199,2945,0.0,0.0,0.0,0.00169779286927,0.022071307300509,0.152122241086587,0.4169779286927,0.407130730050934
2,580,0,0,0,8,66,413,1211,1242,2940,0.0,0.0,0.0,0.002721088435374,0.022448979591837,0.14047619047619,0.411904761904762,0.422448979591837
2,581,0,0,0,3,73,414,1271,1174,2935,0.0,0.0,0.0,0.001022146507666,0.024872231686542,0.141056218057922,0.433049403747871,0.4
2,582,0,0,0,7,48,454,1228,1193,2930,0.0,0.0,0.0,0.002389078498294,0.016382252559727,0.154948805460751,0.419112627986348,0.407167235494881
2,583,0,0,0,7,71,409,1211,1227,2925,0.0,0.0,0.0,0.002393162393162,0.024273504273504,0.13982905982906,0.414017094017094,0.41948717948718
2,584,0,0,0,6,59,439,1256,1160,2920,0.0,0.0,0.0,0.002054794520548,0.020205479452055,0.150342465753425,0.43013698630137,0.397260273972603
2,585,0,0,0,0,56,484,1244,1131,2915,0.0,0.0,0.0,0.0,0.019210977701544,0.166037735849057,0.426758147512865,0.387993138936535
2,586,0,0,0,3,54,438,1213,1202,2910,0.0,0.0,0.0,0.001030927835052,0.018556701030928,0.150515463917526,0.416838487972509,0.413058419243986
2,587,0,0,0,4,58,426,1245,1172,2905,0.0,0.0,0.0,0.001376936316695,0.019965576592083,0.146643717728055,0.428571428571429,0.403442340791738
2,588,0,0,0,6,70,461,1204,1159,2900,0.0,0.0,0.0,0.002068965517241,0.024137931034483,0.158965517241379,0.415172413793103,0.399655172413793
2,589,0,0,0,6,60,438,1199,1192,2895,0.0,0.0,0.0,0.002072538860104,0.020725388601036,0.151295336787565,0.414162348877375,0.411744386873921
2,590,0,0,0,3,64,419,1267,1137,2890,0.0,0.0,0.0,0.001038062283737,0.022145328719723,0.144982698961938,0.43840830449827,0.393425605536332
2,591,0,0,0,4,75,410,1227,1169,2885,0.0,0.0,0.0,0.001386481802426,0.025996533795494,0.1421143847487,0.425303292894281,0.405199306759099
2,592,0,0,0,1,68,453,1207,1151,2880,0.0,0.0,0.0,0.000347222222222,0.023611111111111,0.157291666666667,0.419097222222222,0.399652777777778
2,593,0,0,0,2,66,390,1265,1152,2875,0.0,0.0,0.0,0.000695652173913,0.02295652173913,0.135652173913043,0.44,0.400695652173913
2,594,0,0,0,2,63,446,1203,1156,2870,0.0,0.0,0.0,0.000696864111498,0.021951219512195,0.155400696864112,0.419163763066202,0.402787456445993
2,595,0,0,0,1,69,443,1228,1124,2865,0.0,0.0,0.0,0.000349040139616,0.024083769633508,0.154624781849913,0.428621291448517,0.392321116928447
2,596,0,0,0,5,57,453,1210,1135,2860,0.0,0.0,0.0,0.001748251748252,0.01993006993007,0.158391608391608,0.423076923076923,0.396853146853147
2,597,0,0,0,4,60,395,1249,1147,2855,0.0,0.0,0.0,0.001401050788091,0.021015761821366,0.138353765323993,0.437478108581436,0.401751313485114
2,598,0,0,0,3,64,411,1220,1152,2850,0.0,0.0,0.0,0.001052631578947,0.022456140350877,0.144210526315789,0.428070175438596,0.404210526315789
2,599,0,0,0,6,50,432,1217,1140,2845,0.0,0.0,0.0,0.002108963093146,0.017574692442882,0.151845342706503,0.427768014059754,0.400702987697715
2,600,0,0,0,3,62,421,1185,1169,2840,0.0,0.0,0.0,0.001056338028169,0.021830985915493,0.148239436619718,0.417253521126761,0.411619718309859
2,601,0,0,0,4,69,398,1222,1142,2835,0.0,0.0,0.0,0.001410934744268,0.024338624338624,0.140388007054674,0.431040564373898,0.402821869488536
2,602,0,0,0,4,61,409,1177,1179,2830,0.0,0.0,0.0,0.001413427561837,0.021554770318021,0.14452296819788,0.415901060070671,0.41660777385159
2,603,0,0,0,3,55,415,1196,1156,2825,0.0,0.0,0.0,0.001061946902655,0.019469026548673,0.146902654867257,0.423362831858407,0.409203539823009
2,604,0,0,0,5,60,415,1190,1150,2820,0.0,0.0,0.0,0.00177304964539,0.021276595744681,0.147163120567376,0.421985815602837,0.407801418439716
2,605,0,0,0,5,50,426,1139,1195,2815,0.0,0.0,0.0,0.001776198934281,0.017761989342806,0.15133214920071,0.40461811722913,0.424511545293073
2,606,0,0,0,4,57,401,1223,1125,2810,0.0,0.0,0.0,0.001423487544484,0.020284697508897,0.14270462633452,0.435231316725979,0.400355871886121
2,607,0,0,0,3,73,391,1222,1116,2805,0.0,0.0,0.0,0.001069518716578,0.02602495543672,0.139393939393939,0.435650623885918,0.397860962566845
2,608,0,0,0,3,51,435,1181,1130,2800,0.0,0.0,0.0,0.001071428571429,0.018214285714286,0.155357142857143,0.421785714285714,0.403571428571429
2,609,0,0,0,5,49,405,1246,1090,2795,0.0,0.0,0.0,0.001788908765653,0.017531305903399,0.144901610017889,0.445796064400716,0.389982110912343
2,610,0,0,0,5,62,396,1207,1120,2790,0.0,0.0,0.0,0.001792114695341,0.022222222222222,0.141935483870968,0.432616487455197,0.401433691756272
2,611,0,0,0,3,72,381,1177,1152,2785,0.0,0.0,0.0,0.001077199281867,0.025852782764811,0.136804308797127,0.42262118491921,0.413644524236984
2,612,0,0,0,2,54,431,1175,1118,2780,0.0,0.0,0.0,0.000719424460432,0.019424460431655,0.155035971223022,0.422661870503597,0.402158273381295
2,613,0,0,0,1,50,399,1141,1184,2775,0.0,0.0,0.0,0.00036036036036,0.018018018018018,0.143783783783784,0.411171171171171,0.426666666666667
2,614,0,0,0,3,54,408,1161,1144,2770,0.0,0.0,0.0,0.001083032490975,0.019494584837545,0.147292418772563,0.41913357400722,0.412996389891697
2,615,0,0,1,5,66,419,1109,1165,2765,0.0,0.0,0.000361663652803,0.001808318264014,0.023869801084991,0.151537070524412,0.401084990958409,0.421338155515371
2,616,0,0,0,3,61,411,1143,1142,2760,0.0,0.0,0.0,0.001086956521739,0.022101449275362,0.148913043478261,0.414130434782609,0.413768115942029
2,617,0,0,0,5,54,393,1146,1157,2755,0.0,0.0,0.0,0.001814882032668,0.019600725952813,0.142649727767695,0.415970961887477,0.419963702359347
2,618,0,0,0,1,69,427,1167,1086,2750,0.0,0.0,0.0,0.000363636363636,0.025090909090909,0.155272727272727,0.424363636363636,0.394909090909091
2,619,0,0,0,5,59,394,1150,1137,2745,0.0,0.0,0.0,0.001821493624772,0.021493624772313,0.143533697632058,0.418943533697632,0.414207650273224
2,620,0,0,0,7,52,393,1190,1098,2740,0.0,0.0,0.0,0.002554744525547,0.018978102189781,0.143430656934307,0.434306569343066,0.400729927007299
2,621,0,0,0,2,48,399,1199,1087,2735,0.0,0.0,0.0,0.00073126142596,0.017550274223035,0.145886654478976,0.438391224862889,0.397440585009141
2,622,0,0,0,5,49,413,1162,1101,2730,0.0,0.0,0.0,0.001831501831502,0.017948717948718,0.151282051282051,0.425641025641026,0.403296703296703
2,623,0,0,0,3,51,423,1166,1082,2725,0.0,0.0,0.0,0.001100917431193,0.018715596330275,0.155229357798165,0.427889908256881,0.397064220183486
2,624,0,0,0,2,41,423,1151,1103,2720,0.0,0.0,0.0,0.000735294117647,0.015073529411765,0.155514705882353,0.423161764705882,0.405514705882353
2,625,0,0,0,4,63,407,1173,1068,2715,0.0,0.0,0.0,0.001473296500921,0.023204419889503,0.149907918968692,0.432044198895028,0.393370165745856
2,626,0,0,0,2,50,389,1160,1109,2710,0.0,0.0,0.0,0.000738007380074,0.018450184501845,0.143542435424354,0.428044280442804,0.409225092250923
2,627,0,0,1,2,53,404,1160,1085,2705,0.0,0.0,0.000369685767098,0.000739371534196,0.019593345656192,0.149353049907579,0.428835489833641,0.401109057301294
2,628,0,0,0,1,56,399,1152,1092,2700,0.0,0.0,0.0,0.00037037037037,0.020740740740741,0.147777777777778,0.426666666666667,0.404444444444444
2,629,0,0,0,7,49,368,1151,1120,2695,0.0,0.0,0.0,0.002597402597403,0.018181818181818,0.136549165120594,0.42708719851577,0.415584415584416
2,630,0,0,0,3,60,383,1161,1083,2690,0.0,0.0,0.0,0.001115241635688,0.022304832713755,0.142379182156134,0.431598513011152,0.402602230483271
2,631,0,0,0,3,65,394,1122,1101,2685,0.0,0.0,0.0,0.001117318435754,0.024208566108007,0.146741154562384,0.417877094972067,0.410055865921788
2,632,0,0,0,4,74,425,1104,1073,2680,0.0,0.0,0.0,0.001492537313433,0.027611940298507,0.158582089552239,0.411940298507463,0.400373134328358
2,633,0,0,0,6,59,375,1126,1109,2675,0.0,0.0,0.0,0.002242990654206,0.022056074766355,0.14018691588785,0.420934579439252,0.414579439252336
2,634,0,0,0,0,58,384,1190,1038,2670,0.0,0.0,0.0,0.0,0.021722846441948,0.143820224719101,0.445692883895131,0.38876404494382
2,635,0,0,0,3,49,405,1167,1041,2665,0.0,0.0,0.0,0.001125703564728,0.018386491557223,0.151969981238274,0.437898686679174,0.3906191369606
2,636,0,0,0,4,55,388,1127,1086,2660,0.0,0.0,0.0,0.001503759398496,0.020676691729323,0.145864661654135,0.423684210526316,0.408270676691729
2,637,0,0,0,4,49,376,1133,1093,2655,0.0,0.0,0.0,0.0015065913371,0.018455743879473,0.141619585687382,0.426741996233522,0.411676082862524
2,638,0,0,0,5,50,387,1154,1054,2650,0.0,0.0,0.0,0.00188679245283,0.018867924528302,0.146037735849057,0.435471698113208,0.397735849056604
2,639,0,0,0,3,53,397,1150,1042,2645,0.0,0.0,0.0,0.001134215500945,0.020037807183365,0.150094517958412,0.434782608695652,0.393950850661626
2,640,0,0,0,5,61,406,1111,1057,2640,0.0,0.0,0.0,0.001893939393939,0.023106060606061,0.153787878787879,0.420833333333333,0.400378787878788
2,641,0,0,0,6,48,378,1119,1084,2635,0.0,0.0,0.0,0.002277039848197,0.018216318785579,0.143453510436433,0.424667931688805,0.411385199240987
2,642,0,0,0,1,48,396,1093,1092,2630,0.0,0.0,0.0,0.000380228136882,0.018250950570342,0.150570342205323,0.415589353612167,0.415209125475285
2,643,0,0,0,5,59,371,1154,1036,2625,0.0,0.0,0.0,0.001904761904762,0.02247619047619,0.141333333333333,0.439619047619048,0.394666666666667
2,644,0,0,0,5,55,388,1114,1058,2620,0.0,0.0,0.0,0.001908396946565,0.020992366412214,0.148091603053435,0.425190839694656,0.40381679389313
2,645,0,0,0,1,52,393,1120,1049,2615,0.0,0.0,0.0,0.00038240917782,0.019885277246654,0.150286806883365,0.4282982791587,0.401147227533461
2,646,0,0,0,5,48,350,1114,1093,2610,0.0,0.0,0.0,0.001915708812261,0.018390804597701,0.134099616858238,0.426819923371648,0.418773946360153
2,647,0,0,0,1,60,409,1091,1044,2605,0.0,0.0,0.0,0.000383877159309,0.023032629558541,0.15700575815739,0.418809980806142,0.400767754318618
2,648,0,0,0,4,57,352,1139,1048,2600,0.0,0.0,0.0,0.001538461538462,0.021923076923077,0.135384615384615,0.438076923076923,0.403076923076923
2,649,0,0,0,4,54,370,1094,1073,2595,0.0,0.0,0.0,0.001541425818882,0.020809248554913,0.142581888246628,0.421579961464355,0.413487475915222
2,650,0,0,0,5,60,400,1075,1050,2590,0.0,0.0,0.0,0.001930501930502,0.023166023166023,0.154440154440154,0.415057915057915,0.405405405405405
2,651,0,0,0,7,67,366,1145,1000,2585,0.0,0.0,0.0,0.002707930367505,0.025918762088975,0.141586073500967,0.44294003868472,0.386847195357834
2,652,0,0,0,2,50,384,1070,1074,2580,0.0,0.0,0.0,0.00077519379845,0.01937984496124,0.148837209302326,0.414728682170543,0.416279069767442
2,653,0,0,0,3,55,384,1097,1036,2575,0.0,0.0,0.0,0.001165048543689,0.021359223300971,0.149126213592233,0.426019417475728,0.402330097087379
2,654,0,0,0,3,54,346,1102,1065,2570,0.0,0.0,0.0,0.001167315175097,0.021011673151751,0.134630350194553,0.428793774319066,0.414396887159533
2,655,0,0,0,7,53,387,1090,1028,2565,0.0,0.0,0.0,0.002729044834308,0.020662768031189,0.150877192982456,0.42495126705653,0.400779727095517
2,656,0,0,0,5,40,405,1084,1026,2560,0.0,0.0,0.0,0.001953125,0.015625,0.158203125,0.4234375,0.40078125
2,657,0,0,0,0,71,402,1088,994,2555,0.0,0.0,0.0,0.0,0.027788649706458,0.1573385518591,0.425831702544031,0.389041095890411
2,658,0,0,0,5,60,386,1046,1053,2550,0.0,0.0,0.0,0.001960784313725,0.023529411764706,0.151372549019608,0.410196078431373,0.412941176470588
2,659,0,0,0,3,52,355,1077,1058,2545,0.0,0.0,0.0,0.001178781925344,0.020432220039293,0.139489194499018,0.423182711198428,0.415717092337917
2,660,0,0,0,3,53,358,1137,989,2540,0.0,0.0,0.0,0.001181102362205,0.020866141732283,0.140944881889764,0.447637795275591,0.389370078740157
2,661,0,0,0,1,49,369,1088,1028,2535,0.0,0.0,0.0,0.000394477317554,0.019329388560158,0.145562130177515,0.429191321499014,0.405522682445759
2,662,0,0,2,2,60,367,1063,1036,2530,0.0,0.0,0.000790513833992,0.000790513833992,0.023715415019763,0.145059288537549,0.420158102766798,0.409486166007905
2,663,0,0,0,5,57,354,1052,1057,2525,0.0,0.0,0.0,0.001980198019802,0.022574257425743,0.14019801980198,0.416633663366337,0.418613861386139
2,664,0,0,0,9,49,348,1096,1018,2520,0.0,0.0,0.0,0.003571428571429,0.019444444444444,0.138095238095238,0.434920634920635,0.403968253968254
2,665,0,0,0,2,52,377,1100,984,2515,0.0,0.0,0.0,0.000795228628231,0.020675944333996,0.149900596421471,0.437375745526839,0.391252485089463
2,666,0,0,0,3,53,379,1017,1058,2510,0.0,0.0,0.0,0.001195219123506,0.021115537848606,0.150996015936255,0.405179282868526,0.421513944223108
2,667,0,0,1,2,46,363,1086,1007,2505,0.0,0.0,0.000399201596806,0.000798403193613,0.018363273453094,0.144910179640719,0.433532934131737,0.401996007984032
2,668,0,0,1,4,53,349,1036,1057,2500,0.0,0.0,0.0004,0.0016,0.0212,0.1396,0.4144,0.4228
2,669,0,0,0,3,58,357,1068,1009,2495,0.0,0.0,0.0,0.001202404809619,0.023246492985972,0.143086172344689,0.428056112224449,0.404408817635271
2,670,0,0,0,2,54,381,1052,1001,2490,0.0,0.0,0.0,0.000803212851406,0.021686746987952,0.153012048192771,0.422489959839357,0.402008032128514
2,671,0,0,0,9,52,363,1044,1017,2485,0.0,0.0,0.0,0.003621730382294,0.02092555331992,0.146076458752515,0.420120724346076,0.409255533199195
2,672,0,0,0,0,49,364,1053,1014,2480,0.0,0.0,0.0,0.0,0.019758064516129,0.146774193548387,0.424596774193548,0.408870967741935
2,673,0,0,0,2,46,372,1060,995,2475,0.0,0.0,0.0,0.000808080808081,0.018585858585859,0.15030303030303,0.428282828282828,0.402020202020202
2,674,0,0,0,3,48,377,1058,984,2470,0.0,0.0,0.0,0.001214574898785,0.019433198380567,0.152631578947368,0.42834008097166,0.398380566801619
2,675,0,0,0,1,52,367,1008,1037,2465,0.0,0.0,0.0,0.000405679513185,0.021095334685598,0.148884381338742,0.408924949290061,0.420689655172414
2,676,0,0,0,6,42,398,1033,981,2460,0.0,0.0,0.0,0.002439024390244,0.017073170731707,0.161788617886179,0.419918699186992,0.398780487804878
2,677,0,0,0,3,55,378,1001,1018,2455,0.0,0.0,0.0,0.00122199592668,0.022403258655804,0.153971486761711,0.407739307535642,0.414663951120163
2,678,0,0,0,2,58,357,1029,1004,2450,0.0,0.0,0.0,0.000816326530612,0.023673469387755,0.145714285714286,0.42,0.409795918367347
2,679,0,0,0,4,57,390,1027,967,2445,0.0,0.0,0.0,0.001635991820041,0.023312883435583,0.159509202453988,0.420040899795501,0.395501022494887
2,680,0,0,0,2,44,365,1041,988,2440,0.0,0.0,0.0,0.000819672131148,0.018032786885246,0.149590163934426,0.426639344262295,0.404918032786885
2,681,0,0,0,4,44,366,1030,991,2435,0.0,0.0,0.0,0.001642710472279,0.018069815195072,0.150308008213552,0.42299794661191,0.406981519507187
2,682,0,0,0,2,53,330,1071,974,2430,0.0,0.0,0.0,0.00082304526749,0.021810699588477,0.135802469135802,0.440740740740741,0.40082304526749
2,683,0,0,0,1,53,372,1017,982,2425,0.0,0.0,0.0,0.000412371134021,0.021855670103093,0.15340206185567,0.419381443298969,0.404948453608247
2,684,0,0,0,4,48,326,1034,1008,2420,0.0,0.0,0.0,0.001652892561983,0.019834710743802,0.134710743801653,0.427272727272727,0.416528925619835
2,685,0,0,0,2,55,364,1009,985,2415,0.0,0.0,0.0,0.000828157349896,0.022774327122153,0.150724637681159,0.417805383022774,0.407867494824017
2,686,0,0,0,3,48,334,1046,979,2410,0.0,0.0,0.0,0.001244813278008,0.019917012448133,0.138589211618257,0.43402489626556,0.406224066390041
2,687,0,0,0,2,43,388,964,1008,2405,0.0,0.0,0.0,0.000831600831601,0.017879417879418,0.161330561330561,0.400831600831601,0.419126819126819
2,688,0,0,0,3,49,340,1001,1007,2400,0.0,0.0,0.0,0.00125,0.020416666666667,0.141666666666667,0.417083333333333,0.419583333333333
2,689,0,0,0,5,58,378,1010,944,2395,0.0,0.0,0.0,0.002087682672234,0.024217118997912,0.157828810020877,0.421711899791232,0.394154488517745
2,690,0,0,0,4,56,355,999,976,2390,0.0,0.0,0.0,0.001673640167364,0.023430962343096,0.148535564853556,0.417991631799163,0.40836820083682
2,691,0,0,0,3,48,341,1024,969,2385,0.0,0.0,0.0,0.00125786163522,0.020125786163522,0.142976939203354,0.429350104821803,0.406289308176101
2,692,0,0,0,3,57,365,1019,936,2380,0.0,0.0,0.0,0.001260504201681,0.023949579831933,0.153361344537815,0.428151260504202,0.39327731092437
2,693,0,0,0,2,61,304,989,1019,2375,0.0,0.0,0.0,0.000842105263158,0.025684210526316,0.128,0.416421052631579,0.429052631578947
2,694,0,0,0,4,39,374,1011,942,2370,0.0,0.0,0.0,0.00168776371308,0.016455696202532,0.157805907172996,0.426582278481013,0.39746835443038
2,695,0,0,0,5,52,339,999,970,2365,0.0,0.0,0.0,0.002114164904863,0.021987315010571,0.143340380549683,0.422410147991543,0.41014799154334
2,696,0,0,0,5,48,346,1015,946,2360,0.0,0.0,0.0,0.002118644067797,0.020338983050847,0.146610169491525,0.430084745762712,0.400847457627119
2,697,0,0,0,4,42,349,981,979,2355,0.0,0.0,0.0,0.001698513800425,0.017834394904459,0.148195329087049,0.41656050955414,0.415711252653928
2,698,0,0,0,5,43,348,1010,944,2350,0.0,0.0,0.0,0.002127659574468,0.018297872340426,0.148085106382979,0.429787234042553,0.401702127659574
2,699,0,0,0,0,58,354,986,947,2345,0.0,0.0,0.0,0.0,0.024733475479744,0.150959488272921,0.42046908315565,0.403837953091684
2,700,0,0,0,5,52,355,977,951,2340,0.0,0.0,0.0,0.002136752136752,0.022222222222222,0.151709401709402,0.417521367521368,0.406410256410256
2,701,0,0,0,0,36,335,944,1020,2335,0.0,0.0,0.0,0.0,0.01541755888651,0.143468950749465,0.404282655246253,0.436830835117773
2,702,0,0,0,3,54,343,990,940,2330,0.0,0.0,0.0,0.001287553648069,0.023175965665236,0.147210300429185,0.424892703862661,0.40343347639485
2,703,0,0,0,4,55,329,1009,928,2325,0.0,0.0,0.0,0.001720430107527,0.023655913978495,0.141505376344086,0.433978494623656,0.399139784946237
2,704,0,0,0,3,45,359,974,939,2320,0.0,0.0,0.0,0.001293103448276,0.019396551724138,0.154741379310345,0.419827586206897,0.404741379310345
2,705,0,0,0,7,44,327,982,955,2315,0.0,0.0,0.0,0.003023758099352,0.019006479481641,0.141252699784017,0.424190064794816,0.412526997840173
2,706,0,0,0,0,66,322,961,961,2310,0.0,0.0,0.0,0.0,0.028571428571429,0.139393939393939,0.416017316017316,0.416017316017316
2,707,0,0,0,3,54,326,974,948,2305,0.0,0.0,0.0,0.001301518438178,0.023427331887202,0.141431670281996,0.422559652928416,0.411279826464208
2,708,0,0,0,5,49,342,970,934,2300,0.0,0.0,0.0,0.002173913043478,0.021304347826087,0.148695652173913,0.421739130434783,0.406086956521739
2,709,0,0,0,2,41,357,941,954,2295,0.0,0.0,0.0,0.000871459694989,0.017864923747277,0.155555555555556,0.410021786492375,0.415686274509804
2,710,0,0,1,1,50,301,1005,932,2290,0.0,0.0,0.000436681222707,0.000436681222707,0.021834061135371,0.131441048034935,0.438864628820961,0.406986899563319
2,711,0,0,0,1,45,366,963,910,2285,0.0,0.0,0.0,0.000437636761488,0.019693654266958,0.160175054704595,0.42144420131291,0.398249452954048
2,712,0,0,0,4,52,345,969,910,2280,0.0,0.0,0.0,0.001754385964912,0.02280701754386,0.151315789473684,0.425,0.399122807017544
2,713,0,0,0,2,50,327,963,933,2275,0.0,0.0,0.0,0.000879120879121,0.021978021978022,0.143736263736264,0.423296703296703,0.41010989010989
2,714,0,0,0,5,42,358,981,884,2270,0.0,0.0,0.0,0.002202643171806,0.018502202643172,0.157709251101322,0.43215859030837,0.38942731277533
2,715,0,0,0,2,49,344,947,923,2265,0.0,0.0,0.0,0.000883002207506,0.021633554083885,0.151876379690949,0.418101545253863,0.407505518763797
2,716,0,0,0,1,43,349,942,925,2260,0.0,0.0,0.0,0.000442477876106,0.019026548672566,0.154424778761062,0.416814159292035,0.40929203539823
2,717,0,0,0,1,53,371,942,888,2255,0.0,0.0,0.0,0.000443458980044,0.02350332594235,0.164523281596452,0.417738359201774,0.393791574279379
2,718,0,0,0,1,50,322,936,941,2250,0.0,0.0,0.0,0.000444444444444,0.022222222222222,0.143111111111111,0.416,0.418222222222222
2,719,0,0,0,2,54,351,924,914,2245,0.0,0.0,0.0,0.000890868596882,0.024053452115813,0.156347438752784,0.411581291759466,0.407126948775056
2,720,0,0,0,4,51,327,919,939,2240,0.0,0.0,0.0,0.001785714285714,0.022767857142857,0.145982142857143,0.410267857142857,0.419196428571429
2,721,0,0,0,2,57,306,971,899,2235,0.0,0.0,0.0,0.00089485458613,0.025503355704698,0.136912751677852,0.434451901565996,0.402237136465324
2,722,0,0,0,5,36,323,949,917,2230,0.0,0.0,0.0,0.002242152466368,0.016143497757848,0.144843049327354,0.425560538116592,0.411210762331839
2,723,0,0,0,4,39,342,952,888,2225,0.0,0.0,0.0,0.001797752808989,0.01752808988764,0.153707865168539,0.427865168539326,0.399101123595506
2,724,0,0,0,5,48,332,927,908,2220,0.0,0.0,0.0,0.002252252252252,0.021621621621622,0.14954954954955,0.417567567567568,0.409009009009009
2,725,0,0,0,2,53,330,944,886,2215,0.0,0.0,0.0,0.000902934537246,0.02392776523702,0.148984198645598,0.426185101580135,0.4
2,726,0,0,0,1,59,334,934,882,2210,0.0,0.0,0.0,0.000452488687783,0.026696832579186,0.151131221719457,0.42262443438914,0.399095022624434
2,727,0,0,0,4,52,324,910,915,2205,0.0,0.0,0.0,0.001814058956916,0.023582766439909,0.146938775510204,0.412698412698413,0.414965986394558
2,728,0,0,0,3,35,341,921,900,2200,0.0,0.0,0.0,0.001363636363636,0.015909090909091,0.155,0.418636363636364,0.409090909090909
2,729,0,0,0,5,42,325,913,910,2195,0.0,0.0,0.0,0.002277904328018,0.019134396355353,0.148063781321185,0.415945330296128,0.414578587699317
2,730,0,0,0,0,44,328,921,897,2190,0.0,0.0,0.0,0.0,0.020091324200913,0.149771689497717,0.420547945205479,0.40958904109589
2,731,0,0,0,3,39,322,914,907,2185,0.0,0.0,0.0,0.00137299771167,0.017848970251716,0.147368421052632,0.418306636155606,0.415102974828375
2,732,0,0,0,1,36,346,940,857,2180,0.0,0.0,0.0,0.00045871559633,0.01651376146789,0.158715596330275,0.431192660550459,0.393119266055046
2,733,0,0,2,3,43,310,930,887,2175,0.0,0.0,0.000919540229885,0.001379310344828,0.019770114942529,0.142528735632184,0.427586206896552,0.407816091954023
2,734,0,0,0,3,46,334,900,887,2170,0.0,0.0,0.0,0.001382488479263,0.021198156682028,0.153917050691244,0.414746543778802,0.408755760368664
2,735,0,0,0,3,38,299,973,852,2165,0.0,0.0,0.0,0.001385681293303,0.017551963048499,0.13810623556582,0.449422632794457,0.393533487297921
2,736,0,0,0,3,47,318,942,850,2160,0.0,0.0,0.0,0.001388888888889,0.021759259259259,0.147222222222222,0.436111111111111,0.393518518518519
2,737,0,0,0,2,42,307,903,901,2155,0.0,0.0,0.0,0.00092807424594,0.019489559164733,0.14245939675174,0.419025522041763,0.418097447795824
2,738,0,0,1,1,36,353,896,863,2150,0.0,0.0,0.00046511627907,0.00046511627907,0.016744186046512,0.164186046511628,0.416744186046512,0.401395348837209
2,739,0,0,0,3,46,330,874,892,2145,0.0,0.0,0.0,0.001398601398601,0.021445221445221,0.153846153846154,0.407459207459207,0.415850815850816
2,740,0,0,0,2,50,342,886,860,2140,0.0,0.0,0.0,0.000934579439252,0.023364485981308,0.15981308411215,0.414018691588785,0.401869158878505
2,741,0,0,0,2,37,322,923,851,2135,0.0,0.0,0.0,0.000936768149883,0.017330210772834,0.150819672131148,0.43231850117096,0.398594847775176
2,742,0,0,0,2,48,305,884,891,2130,0.0,0.0,0.0,0.00093896713615,0.022535211267606,0.143192488262911,0.415023474178404,0.41830985915493
2,743,0,0,1,1,42,308,883,890,2125,0.0,0.0,0.000470588235294,0.000470588235294,0.019764705882353,0.144941176470588,0.415529411764706,0.418823529411765
2,744,0,0,0,3,35,337,915,830,2120,0.0,0.0,0.0,0.001415094339623,0.016509433962264,0.158962264150943,0.431603773584906,0.391509433962264
2,745,0,0,0,3,42,305,887,878,2115,0.0,0.0,0.0,0.001418439716312,0.019858156028369,0.144208037825059,0.419385342789598,0.415130023640662
2,746,0,0,0,3,52,304,839,912,2110,0.0,0.0,0.0,0.001421800947867,0.024644549763033,0.144075829383886,0.397630331753555,0.432227488151659
2,747,0,0,0,2,39,290,940,834,2105,0.0,0.0,0.0,0.000950118764846,0.018527315914489,0.137767220902613,0.446555819477435,0.396199524940618
2,748,0,0,0,5,40,303,883,869,2100,0.0,0.0,0.0,0.002380952380952,0.019047619047619,0.144285714285714,0.420476190476191,0.413809523809524
2,749,0,0,0,4,38,305,913,835,2095,0.0,0.0,0.0,0.001909307875895,0.018138424821002,0.145584725536993,0.435799522673031,0.398568019093079
2,750,0,0,0,4,36,297,883,870,2090,0.0,0.0,0.0,0.001913875598086,0.017224880382775,0.142105263157895,0.422488038277512,0.416267942583732
2,751,0,0,0,0,31,304,874,876,2085,0.0,0.0,0.0,0.0,0.014868105515588,0.145803357314149,0.419184652278177,0.420143884892086
2,752,0,0,1,0,39,304,916,820,2080,0.0,0.0,0.000480769230769,0.0,0.01875,0.146153846153846,0.440384615384615,0.394230769230769
2,753,0,0,0,3,51,330,881,810,2075,0.0,0.0,0.0,0.00144578313253,0.024578313253012,0.159036144578313,0.424578313253012,0.390361445783133
2,754,0,0,0,0,40,301,927,802,2070,0.0,0.0,0.0,0.0,0.019323671497585,0.145410628019324,0.447826086956522,0.38743961352657
2,755,0,0,0,1,35,288,893,848,2065,0.0,0.0,0.0,0.000484261501211,0.016949152542373,0.139467312348668,0.432445520581114,0.410653753026634
2,756,0,0,0,4,50,304,854,848,2060,0.0,0.0,0.0,0.001941747572816,0.024271844660194,0.147572815533981,0.414563106796117,0.411650485436893
2,757,0,0,0,4,35,282,866,868,2055,0.0,0.0,0.0,0.001946472019465,0.017031630170316,0.137226277372263,0.421411192214112,0.422384428223844
2,758,0,0,0,6,51,303,868,822,2050,0.0,0.0,0.0,0.002926829268293,0.024878048780488,0.14780487804878,0.423414634146341,0.400975609756098
2,759,0,0,0,2,45,296,864,838,2045,0.0,0.0,0.0,0.000977995110024,0.02200488997555,0.144743276283619,0.422493887530562,0.409779951100245
2,760,0,0,0,2,34,284,890,830,2040,0.0,0.0,0.0,0.000980392156863,0.016666666666667,0.13921568627451,0.436274509803922,0.406862745098039
2,761,0,0,0,3,45,316,861,810,2035,0.0,0.0,0.0,0.001474201474201,0.022113022113022,0.155282555282555,0.423095823095823,0.398034398034398
2,762,0,0,0,4,43,282,882,819,2030,0.0,0.0,0.0,0.001970443349754,0.021182266009852,0.138916256157635,0.43448275862069,0.403448275862069
2,763,0,0,0,4,49,292,885,795,2025,0.0,0.0,0.0,0.001975308641975,0.024197530864198,0.144197530864198,0.437037037037037,0.392592592592593
2,764,0,0,0,2,60,296,874,788,2020,0.0,0.0,0.0,0.000990099009901,0.02970297029703,0.146534653465347,0.432673267326733,0.39009900990099
2,765,0,0,0,4,44,295,858,814,2015,0.0,0.0,0.0,0.001985111662531,0.021836228287841,0.146401985111663,0.425806451612903,0.403970223325062
2,766,0,0,0,1,38,318,832,821,2010,0.0,0.0,0.0,0.000497512437811,0.018905472636816,0.158208955223881,0.413930348258706,0.408457711442786
2,767,0,0,0,4,35,306,844,816,2005,0.0,0.0,0.0,0.001995012468828,0.017456359102244,0.152618453865337,0.420947630922693,0.406982543640898
2,768,0,0,0,3,41,293,843,820,2000,0.0,0.0,0.0,0.0015,0.0205,0.1465,0.4215,0.41
2,769,0,0,0,3,42,296,858,796,1995,0.0,0.0,0.0,0.001503759398496,0.021052631578947,0.148370927318296,0.430075187969925,0.398997493734336
2,770,0,0,0,0,42,277,855,816,1990,0.0,0.0,0.0,0.0,0.021105527638191,0.139195979899497,0.42964824120603,0.410050251256281
2,771,0,0,0,3,49,296,866,771,1985,0.0,0.0,0.0,0.001511335012594,0.024685138539043,0.14911838790932,0.436272040302267,0.388413098236776
2,772,0,0,0,0,47,284,835,814,1980,0.0,0.0,0.0,0.0,0.023737373737374,0.143434343434343,0.421717171717172,0.411111111111111
2,773,0,0,0,6,51,305,800,813,1975,0.0,0.0,0.0,0.003037974683544,0.025822784810127,0.154430379746835,0.405063291139241,0.411645569620253
2,774,0,0,0,1,44,295,830,800,1970,0.0,0.0,0.0,0.000507614213198,0.022335025380711,0.149746192893401,0.421319796954315,0.406091370558376
2,775,0,0,0,1,34,307,837,786,1965,0.0,0.0,0.0,0.000508905852417,0.017302798982188,0.156234096692112,0.425954198473282,0.4
2,776,0,0,0,4,42,301,836,777,1960,0.0,0.0,0.0,0.002040816326531,0.021428571428571,0.153571428571429,0.426530612244898,0.396428571428571
2,777,0,0,0,1,43,276,820,815,1955,0.0,0.0,0.0,0.000511508951407,0.021994884910486,0.141176470588235,0.419437340153453,0.416879795396419
2,778,0,0,0,4,33,274,861,778,1950,0.0,0.0,0.0,0.002051282051282,0.016923076923077,0.140512820512821,0.441538461538462,0.398974358974359
2,779,0,0,0,4,45,286,832,778,1945,0.0,0.0,0.0,0.002056555269923,0.023136246786632,0.147043701799486,0.427763496143959,0.4
2,780,0,0,0,1,45,266,815,813,1940,0.0,0.0,0.0,0.000515463917526,0.02319587628866,0.137113402061856,0.420103092783505,0.419072164948454
2,781,0,0,0,2,34,302,807,790,1935,0.0,0.0,0.0,0.001033591731266,0.017571059431525,0.156072351421189,0.417054263565891,0.408268733850129
2,782,0,0,0,1,41,292,866,730,1930,0.0,0.0,0.0,0.000518134715026,0.021243523316062,0.151295336787565,0.448704663212435,0.378238341968912
2,783,0,0,0,4,49,275,810,787,1925,0.0,0.0,0.0,0.002077922077922,0.025454545454545,0.142857142857143,0.420779220779221,0.408831168831169
2,784,0,0,0,4,41,286,823,766,1920,0.0,0.0,0.0,0.002083333333333,0.021354166666667,0.148958333333333,0.428645833333333,0.398958333333333
2,785,0,0,0,2,39,278,813,783,1915,0.0,0.0,0.0,0.001044386422977,0.020365535248042,0.145169712793734,0.424543080939948,0.4088772845953
2,786,0,0,0,0,31,267,805,807,1910,0.0,0.0,0.0,0.0,0.016230366492147,0.13979057591623,0.421465968586387,0.422513089005236
2,787,0,0,1,4,52,299,781,768,1905,0.0,0.0,0.000524934383202,0.002099737532808,0.027296587926509,0.156955380577428,0.40997375328084,0.403149606299213
2,788,0,0,0,6,41,265,807,781,1900,0.0,0.0,0.0,0.003157894736842,0.021578947368421,0.139473684210526,0.424736842105263,0.411052631578947
2,789,0,0,0,2,43,275,789,786,1895,0.0,0.0,0.0,0.001055408970976,0.022691292875989,0.145118733509235,0.416358839050132,0.414775725593668
2,790,0,0,0,1,41,277,786,785,1890,0.0,0.0,0.0,0.000529100529101,0.021693121693122,0.146560846560847,0.415873015873016,0.415343915343915
2,791,0,0,0,1,38,289,783,774,1885,0.0,0.0,0.0,0.00053050397878,0.020159151193634,0.153315649867374,0.415384615384615,0.410610079575597
2,792,0,0,0,4,36,279,803,758,1880,0.0,0.0,0.0,0.002127659574468,0.019148936170213,0.148404255319149,0.427127659574468,0.403191489361702
2,793,0,0,0,1,39,298,760,777,1875,0.0,0.0,0.0,0.000533333333333,0.0208,0.158933333333333,0.405333333333333,0.4144
2,794,0,0,0,3,33,296,799,739,1870,0.0,0.0,0.0,0.001604278074866,0.017647058823529,0.158288770053476,0.427272727272727,0.395187165775401
2,795,0,0,0,0,38,271,801,755,1865,0.0,0.0,0.0,0.0,0.020375335120643,0.145308310991957,0.429490616621984,0.404825737265416
2,796,0,0,0,3,50,265,804,738,1860,0.0,0.0,0.0,0.001612903225806,0.026881720430108,0.14247311827957,0.432258064516129,0.396774193548387
2,797,0,0,0,0,45,287,806,717,1855,0.0,0.0,0.0,0.0,0.024258760107817,0.154716981132075,0.434501347708895,0.386522911051213
2,798,0,0,0,2,49,266,767,766,1850,0.0,0.0,0.0,0.001081081081081,0.026486486486486,0.143783783783784,0.414594594594595,0.414054054054054
2,799,0,0,0,2,40,273,775,755,1845,0.0,0.0,0.0,0.001084010840108,0.021680216802168,0.147967479674797,0.420054200542005,0.409214092140921
2,800,0,0,0,1,43,270,782,744,1840,0.0,0.0,0.0,0.00054347826087,0.023369565217391,0.146739130434783,0.425,0.404347826086957
2,801,0,0,0,2,37,268,793,735,1835,0.0,0.0,0.0,0.001089918256131,0.02016348773842,0.146049046321526,0.432152588555858,0.400544959128065
2,802,0,0,0,1,42,278,778,731,1830,0.0,0.0,0.0,0.000546448087432,0.022950819672131,0.151912568306011,0.425136612021858,0.399453551912568
2,803,0,0,0,1,38,285,771,730,1825,0.0,0.0,0.0,0.000547945205479,0.020821917808219,0.156164383561644,0.422465753424658,0.4
2,804,0,0,0,3,33,245,792,747,1820,0.0,0.0,0.0,0.001648351648352,0.018131868131868,0.134615384615385,0.435164835164835,0.41043956043956
2,805,0,0,0,1,39,281,773,721,1815,0.0,0.0,0.0,0.000550964187328,0.021487603305785,0.154820936639118,0.425895316804408,0.397245179063361
2,806,0,0,0,2,38,250,778,742,1810,0.0,0.0,0.0,0.001104972375691,0.020994475138122,0.138121546961326,0.429834254143646,0.409944751381215
2,807,0,0,0,2,26,267,791,719,1805,0.0,0.0,0.0,0.001108033240997,0.014404432132964,0.14792243767313,0.438227146814404,0.398337950138504
2,808,0,0,0,0,32,260,788,720,1800,0.0,0.0,0.0,0.0,0.017777777777778,0.144444444444444,0.437777777777778,0.4
2,809,0,0,0,2,41,264,776,712,1795,0.0,0.0,0.0,0.001114206128134,0.022841225626741,0.147075208913649,0.432311977715877,0.396657381615599
2,810,0,0,0,6,38,260,712,774,1790,0.0,0.0,0.0,0.003351955307263,0.02122905027933,0.145251396648045,0.397765363128492,0.432402234636871
2,811,0,0,0,0,33,256,754,742,1785,0.0,0.0,0.0,0.0,0.018487394957983,0.143417366946779,0.422408963585434,0.415686274509804
2,812,0,0,0,4,31,257,723,765,1780,0.0,0.0,0.0,0.002247191011236,0.017415730337079,0.14438202247191,0.406179775280899,0.429775280898876
2,813,0,0,0,2,30,284,765,694,1775,0.0,0.0,0.0,0.00112676056338,0.016901408450704,0.16,0.430985915492958,0.390985915492958
2,814,0,0,0,4,43,272,764,687,1770,0.0,0.0,0.0,0.00225988700565,0.024293785310734,0.153672316384181,0.431638418079096,0.388135593220339
2,815,0,0,0,2,35,251,722,755,1765,0.0,0.0,0.0,0.001133144475921,0.019830028328612,0.142209631728045,0.409065155807365,0.427762039660057
2,816,0,0,0,3,26,255,737,739,1760,0.0,0.0,0.0,0.001704545454545,0.014772727272727,0.144886363636364,0.41875,0.419886363636364
2,817,0,0,0,0,38,288,739,690,1755,0.0,0.0,0.0,0.0,0.021652421652422,0.164102564102564,0.421082621082621,0.393162393162393
2,818,0,0,0,2,37,277,716,718,1750,0.0,0.0,0.0,0.001142857142857,0.021142857142857,0.158285714285714,0.409142857142857,0.410285714285714
2,819,0,0,0,1,49,231,747,717,1745,0.0,0.0,0.0,0.000573065902579,0.028080229226361,0.132378223495702,0.428080229226361,0.410888252148997
2,820,0,0,0,1,36,267,712,724,1740,0.0,0.0,0.0,0.000574712643678,0.020689655172414,0.153448275862069,0.409195402298851,0.416091954022988
2,821,0,0,0,1,44,241,700,749,1735,0.0,0.0,0.0,0.000576368876081,0.02536023054755,0.138904899135447,0.403458213256484,0.431700288184438
2,822,0,0,0,1,39,250,752,688,1730,0.0,0.0,0.0,0.000578034682081,0.022543352601156,0.144508670520231,0.434682080924855,0.397687861271676
2,823,0,0,0,4,36,252,736,697,1725,0.0,0.0,0.0,0.00231884057971,0.020869565217391,0.146086956521739,0.426666666666667,0.404057971014493
2,824,0,0,1,2,30,241,781,665,1720,0.0,0.0,0.000581395348837,0.001162790697674,0.017441860465116,0.140116279069767,0.45406976744186,0.386627906976744
2,825,0,0,0,2,28,238,705,742,1715,0.0,0.0,0.0,0.001166180758017,0.016326530612245,0.138775510204082,0.411078717201166,0.43265306122449
2,826,0,0,0,1,36,253,727,693,1710,0.0,0.0,0.0,0.000584795321637,0.021052631578947,0.147953216374269,0.425146198830409,0.405263157894737
2,827,0,0,0,2,37,243,744,679,1705,0.0,0.0,0.0,0.001173020527859,0.021700879765396,0.142521994134897,0.436363636363636,0.398240469208211
2,828,0,0,0,3,23,277,713,684,1700,0.0,0.0,0.0,0.001764705882353,0.013529411764706,0.162941176470588,0.419411764705882,0.402352941176471
2,829,0,0,0,1,28,262,691,713,1695,0.0,0.0,0.0,0.000589970501475,0.016519174041298,0.154572271386431,0.407669616519174,0.420648967551622
2,830,0,0,0,2,34,237,742,675,1690,0.0,0.0,0.0,0.001183431952663,0.020118343195266,0.140236686390533,0.43905325443787,0.399408284023669
2,831,0,0,0,1,37,243,737,667,1685,0.0,0.0,0.0,0.000593471810089,0.021958456973294,0.144213649851632,0.437388724035608,0.395845697329377
2,832,0,0,0,1,29,250,716,684,1680,0.0,0.0,0.0,0.000595238095238,0.017261904761905,0.148809523809524,0.426190476190476,0.407142857142857
2,833,0,0,0,2,31,226,728,688,1675,0.0,0.0,0.0,0.001194029850746,0.018507462686567,0.134925373134328,0.434626865671642,0.410746268656716
2,834,0,0,0,1,44,231,681,713,1670,0.0,0.0,0.0,0.00059880239521,0.026347305389222,0.138323353293413,0.407784431137725,0.426946107784431
2,835,0,0,0,2,46,248,712,657,1665,0.0,0.0,0.0,0.001201201201201,0.027627627627628,0.148948948948949,0.427627627627628,0.394594594594595
2,836,0,0,0,1,39,273,678,669,1660,0.0,0.0,0.0,0.000602409638554,0.023493975903614,0.164457831325301,0.408433734939759,0.403012048192771
2,837,0,0,0,1,35,237,690,692,1655,0.0,0.0,0.0,0.000604229607251,0.021148036253776,0.143202416918429,0.416918429003021,0.418126888217523
2,838,0,0,0,3,35,257,689,666,1650,0.0,0.0,0.0,0.001818181818182,0.021212121212121,0.155757575757576,0.417575757575758,0.403636363636364
2,839,0,0,0,3,40,247,688,667,1645,0.0,0.0,0.0,0.001823708206687,0.024316109422492,0.150151975683891,0.418237082066869,0.405471124620061
2,840,0,0,1,3,42,261,710,623,1640,0.0,0.0,0.000609756097561,0.001829268292683,0.025609756097561,0.159146341463415,0.432926829268293,0.379878048780488
2,841,0,0,0,2,28,249,706,650,1635,0.0,0.0,0.0,0.001223241590214,0.017125382262997,0.152293577981651,0.431804281345566,0.397553516819572
2,842,0,0,0,0,35,240,693,662,1630,0.0,0.0,0.0,0.0,0.021472392638037,0.147239263803681,0.425153374233129,0.406134969325153
2,843,0,0,0,2,38,239,683,663,1625,0.0,0.0,0.0,0.001230769230769,0.023384615384615,0.147076923076923,0.420307692307692,0.408
2,844,0,0,0,2,43,209,727,639,1620,0.0,0.0,0.0,0.001234567901235,0.026543209876543,0.129012345679012,0.448765432098765,0.394444444444444
2,845,0,0,0,4,40,217,703,651,1615,0.0,0.0,0.0,0.002476780185759,0.024767801857585,0.134365325077399,0.435294117647059,0.403095975232198
2,846,0,0,0,1,26,222,660,701,1610,0.0,0.0,0.0,0.000621118012422,0.016149068322981,0.137888198757764,0.409937888198758,0.435403726708075
2,847,0,0,0,1,31,238,705,630,1605,0.0,0.0,0.0,0.000623052959502,0.019314641744548,0.148286604361371,0.439252336448598,0.392523364485981
2,848,0,0,0,1,33,244,677,645,1600,0.0,0.0,0.0,0.000625,0.020625,0.1525,0.423125,0.403125
2,849,0,0,0,2,33,254,681,625,1595,0.0,0.0,0.0,0.001253918495298,0.020689655172414,0.159247648902821,0.426959247648903,0.391849529780564
2,850,0,0,0,4,36,239,671,640,1590,0.0,0.0,0.0,0.00251572327044,0.022641509433962,0.150314465408805,0.422012578616352,0.40251572327044
2,851,0,0,0,1,38,227,665,654,1585,0.0,0.0,0.0,0.000630914826498,0.02397476340694,0.143217665615142,0.419558359621451,0.412618296529968
2,852,0,0,0,1,24,232,715,608,1580,0.0,0.0,0.0,0.000632911392405,0.015189873417722,0.146835443037975,0.45253164556962,0.384810126582278
2,853,0,0,0,0,39,224,690,622,1575,0.0,0.0,0.0,0.0,0.024761904761905,0.142222222222222,0.438095238095238,0.394920634920635
2,854,0,0,0,1,33,262,647,627,1570,0.0,0.0,0.0,0.000636942675159,0.021019108280255,0.16687898089172,0.412101910828025,0.399363057324841
2,855,0,0,0,4,31,229,654,647,1565,0.0,0.0,0.0,0.002555910543131,0.019808306709265,0.146325878594249,0.417891373801917,0.413418530351438
2,856,0,0,0,2,37,222,648,651,1560,0.0,0.0,0.0,0.001282051282051,0.023717948717949,0.142307692307692,0.415384615384615,0.417307692307692
2,857,0,0,0,3,30,230,690,602,1555,0.0,0.0,0.0,0.001929260450161,0.019292604501608,0.147909967845659,0.443729903536977,0.387138263665595
2,858,0,0,0,2,31,202,661,654,1550,0.0,0.0,0.0,0.001290322580645,0.02,0.130322580645161,0.426451612903226,0.421935483870968
2,859,0,0,0,2,30,228,624,661,1545,0.0,0.0,0.0,0.001294498381877,0.019417475728155,0.147572815533981,0.403883495145631,0.427831715210356
2,860,0,0,0,2,33,231,677,597,1540,0.0,0.0,0.0,0.001298701298701,0.021428571428571,0.15,0.43961038961039,0.387662337662338
2,861,0,0,0,1,31,245,613,645,1535,0.0,0.0,0.0,0.000651465798046,0.020195439739414,0.159609120521173,0.399348534201954,0.420195439739414
2,862,0,0,0,1,28,246,661,594,1530,0.0,0.0,0.0,0.000653594771242,0.018300653594771,0.16078431372549,0.43202614379085,0.388235294117647
2,863,0,0,0,3,30,232,638,622,1525,0.0,0.0,0.0,0.001967213114754,0.019672131147541,0.152131147540984,0.418360655737705,0.407868852459016
2,864,0,0,0,0,26,248,629,617,1520,0.0,0.0,0.0,0.0,0.017105263157895,0.163157894736842,0.413815789473684,0.405921052631579
2,865,0,0,0,0,34,211,653,617,1515,0.0,0.0,0.0,0.0,0.022442244224422,0.139273927392739,0.431023102310231,0.407260726072607
2,866,0,0,0,2,36,220,659,593,1510,0.0,0.0,0.0,0.001324503311258,0.023841059602649,0.145695364238411,0.436423841059603,0.392715231788079
2,867,0,0,0,0,34,201,640,630,1505,0.0,0.0,0.0,0.0,0.022591362126246,0.133554817275748,0.425249169435216,0.418604651162791
2,868,0,0,1,3,41,219,614,622,1500,0.0,0.0,0.000666666666667,0.002,0.027333333333333,0.146,0.409333333333333,0.414666666666667
2,869,0,0,0,2,33,230,622,608,1495,0.0,0.0,0.0,0.00133779264214,0.022073578595318,0.153846153846154,0.416053511705686,0.406688963210702
2,870,0,0,0,3,30,221,627,609,1490,0.0,0.0,0.0,0.002013422818792,0.020134228187919,0.148322147651007,0.420805369127517,0.408724832214765
2,871,0,0,0,1,40,231,630,583,1485,0.0,0.0,0.0,0.000673400673401,0.026936026936027,0.155555555555556,0.424242424242424,0.392592592592593
2,872,0,1,0,2,28,219,648,582,1480,0.0,0.000675675675676,0.0,0.001351351351351,0.018918918918919,0.147972972972973,0.437837837837838,0.393243243243243
2,873,0,0,0,1,37,222,650,565,1475,0.0,0.0,0.0,0.000677966101695,0.025084745762712,0.150508474576271,0.440677966101695,0.383050847457627
2,874,0,0,0,2,33,213,629,593,1470,0.0,0.0,0.0,0.001360544217687,0.022448979591837,0.144897959183673,0.427891156462585,0.403401360544218
2,875,0,0,0,1,27,230,606,601,1465,0.0,0.0,0.0,0.000682593856655,0.018430034129693,0.156996587030717,0.413651877133106,0.410238907849829
2,876,0,0,0,2,44,223,595,596,1460,0.0,0.0,0.0,0.001369863013699,0.03013698630137,0.152739726027397,0.407534246575342,0.408219178082192
2,877,0,0,0,1,30,240,603,581,1455,0.0,0.0,0.0,0.000687285223368,0.020618556701031,0.164948453608247,0.414432989690722,0.399312714776632
2,878,0,0,0,2,29,203,616,600,1450,0.0,0.0,0.0,0.001379310344828,0.02,0.14,0.424827586206897,0.413793103448276
2,879,0,0,0,1,27,218,629,570,1445,0.0,0.0,0.0,0.000692041522491,0.018685121107266,0.150865051903114,0.435294117647059,0.394463667820069
2,880,0,0,0,3,22,211,601,603,1440,0.0,0.0,0.0,0.002083333333333,0.015277777777778,0.146527777777778,0.417361111111111,0.41875
2,881,0,0,0,1,41,219,615,559,1435,0.0,0.0,0.0,0.000696864111498,0.028571428571429,0.152613240418118,0.428571428571429,0.389547038327526
2,882,0,0,0,1,39,207,581,602,1430,0.0,0.0,0.0,0.000699300699301,0.027272727272727,0.144755244755245,0.406293706293706,0.420979020979021
2,883,0,0,0,1,28,210,566,620,1425,0.0,0.0,0.0,0.000701754385965,0.019649122807018,0.147368421052632,0.39719298245614,0.435087719298246
2,884,0,0,0,2,39,200,596,583,1420,0.0,0.0,0.0,0.001408450704225,0.027464788732394,0.140845070422535,0.419718309859155,0.41056338028169
2,885,0,0,0,1,31,192,589,602,1415,0.0,0.0,0.0,0.000706713780919,0.021908127208481,0.135689045936396,0.416254416961131,0.425441696113074
2,886,0,0,0,0,28,183,591,608,1410,0.0,0.0,0.0,0.0,0.019858156028369,0.129787234042553,0.419148936170213,0.431205673758865
2,887,0,0,0,3,25,197,599,581,1405,0.0,0.0,0.0,0.002135231316726,0.01779359430605,0.140213523131673,0.426334519572954,0.413523131672598
2,888,0,0,0,2,36,191,574,597,1400,0.0,0.0,0.0,0.001428571428571,0.025714285714286,0.136428571428571,0.41,0.426428571428571
2,889,0,0,0,3,26,222,591,553,1395,0.0,0.0,0.0,0.002150537634409,0.018637992831541,0.159139784946237,0.423655913978495,0.396415770609319
2,890,0,0,0,2,34,204,589,561,1390,0.0,0.0,0.0,0.001438848920863,0.024460431654676,0.146762589928058,0.423741007194245,0.403597122302158
2,891,0,0,0,3,22,200,584,576,1385,0.0,0.0,0.0,0.002166064981949,0.015884476534296,0.144404332129964,0.421660649819495,0.415884476534296
2,892,0,0,0,3,28,198,578,573,1380,0.0,0.0,0.0,0.002173913043478,0.020289855072464,0.143478260869565,0.418840579710145,0.415217391304348
2,893,0,0,0,3,26,226,595,525,1375,0.0,0.0,0.0,0.002181818181818,0.018909090909091,0.164363636363636,0.432727272727273,0.381818181818182
2,894,0,0,0,0,28,213,579,550,1370,0.0,0.0,0.0,0.0,0.02043795620438,0.155474452554745,0.422627737226277,0.401459854014599
2,895,0,0,0,4,27,200,582,552,1365,0.0,0.0,0.0,0.002930402930403,0.01978021978022,0.146520146520147,0.426373626373626,0.404395604395604
2,896,0,0,0,2,27,222,557,552,1360,0.0,0.0,0.0,0.001470588235294,0.019852941176471,0.163235294117647,0.409558823529412,0.405882352941176
2,897,0,0,1,3,27,211,587,526,1355,0.0,0.0,0.000738007380074,0.002214022140221,0.019926199261993,0.155719557195572,0.433210332103321,0.388191881918819
2,898,0,0,0,4,28,211,574,533,1350,0.0,0.0,0.0,0.002962962962963,0.020740740740741,0.156296296296296,0.425185185185185,0.394814814814815
2,899,0,0,0,6,24,201,577,537,1345,0.0,0.0,0.0,0.004460966542751,0.017843866171004,0.149442379182156,0.428996282527881,0.399256505576208
2,900,0,0,0,6,22,217,568,527,1340,0.0,0.0,0.0,0.004477611940299,0.016417910447761,0.161940298507463,0.423880597014925,0.393283582089552
2,901,0,0,0,2,26,193,571,543,1335,0.0,0.0,0.0,0.001498127340824,0.019475655430712,0.144569288389513,0.427715355805243,0.406741573033708
2,902,0,0,0,0,26,193,574,537,1330,0.0,0.0,0.0,0.0,0.019548872180451,0.145112781954887,0.431578947368421,0.403759398496241
2,903,0,0,0,2,24,167,582,550,1325,0.0,0.0,0.0,0.001509433962264,0.01811320754717,0.126037735849057,0.439245283018868,0.415094339622642
2,904,0,0,0,2,37,218,548,515,1320,0.0,0.0,0.0,0.001515151515152,0.028030303030303,0.165151515151515,0.415151515151515,0.390151515151515
2,905,0,0,0,2,28,190,550,545,1315,0.0,0.0,0.0,0.001520912547529,0.021292775665399,0.144486692015209,0.418250950570342,0.414448669201521
2,906,0,0,0,1,31,222,557,499,1310,0.0,0.0,0.0,0.000763358778626,0.023664122137405,0.169465648854962,0.425190839694656,0.380916030534351
2,907,0,0,0,4,29,194,574,504,1305,0.0,0.0,0.0,0.003065134099617,0.022222222222222,0.148659003831418,0.439846743295019,0.386206896551724
2,908,0,0,0,2,28,183,556,531,1300,0.0,0.0,0.0,0.001538461538462,0.021538461538462,0.140769230769231,0.427692307692308,0.408461538461538
2,909,0,0,0,3,27,189,561,515,1295,0.0,0.0,0.0,0.002316602316602,0.020849420849421,0.145945945945946,0.433204633204633,0.397683397683398
2,910,0,0,0,3,19,176,564,528,1290,0.0,0.0,0.0,0.002325581395349,0.014728682170543,0.136434108527132,0.437209302325581,0.409302325581395
2,911,0,0,1,1,31,206,522,524,1285,0.0,0.0,0.000778210116732,0.000778210116732,0.024124513618677,0.160311284046693,0.406225680933852,0.407782101167315
2,912,0,0,1,1,30,169,543,536,1280,0.0,0.0,0.00078125,0.00078125,0.0234375,0.13203125,0.42421875,0.41875
2,913,0,0,0,3,28,178,557,509,1275,0.0,0.0,0.0,0.002352941176471,0.021960784313725,0.139607843137255,0.436862745098039,0.39921568627451
2,914,0,0,0,0,30,174,528,538,1270,0.0,0.0,0.0,0.0,0.023622047244094,0.137007874015748,0.415748031496063,0.423622047244094
2,915,0,0,0,2,26,164,529,544,1265,0.0,0.0,0.0,0.001581027667984,0.020553359683794,0.129644268774704,0.418181818181818,0.4300395256917
2,916,0,0,0,0,27,179,570,484,1260,0.0,0.0,0.0,0.0,0.021428571428571,0.142063492063492,0.452380952380952,0.384126984126984
2,917,0,0,0,2,29,175,550,499,1255,0.0,0.0,0.0,0.001593625498008,0.023107569721116,0.139442231075697,0.438247011952191,0.397609561752988
2,918,0,0,0,1,23,181,533,512,1250,0.0,0.0,0.0,0.0008,0.0184,0.1448,0.4264,0.4096
2,919,0,0,0,5,18,187,567,468,1245,0.0,0.0,0.0,0.004016064257028,0.014457831325301,0.150200803212851,0.455421686746988,0.375903614457831
2,920,0,0,0,2,24,188,517,509,1240,0.0,0.0,0.0,0.001612903225806,0.019354838709677,0.151612903225806,0.416935483870968,0.410483870967742
2,921,0,0,0,3,26,186,533,487,1235,0.0,0.0,0.0,0.002429149797571,0.021052631578947,0.150607287449393,0.431578947368421,0.394331983805668
2,922,0,0,0,0,25,175,509,521,1230,0.0,0.0,0.0,0.0,0.020325203252033,0.142276422764228,0.413821138211382,0.423577235772358
2,923,0,0,0,1,29,178,521,496,1225,0.0,0.0,0.0,0.000816326530612,0.023673469387755,0.14530612244898,0.42530612244898,0.404897959183673
2,924,0,0,0,1,29,195,503,492,1220,0.0,0.0,0.0,0.000819672131148,0.023770491803279,0.159836065573771,0.412295081967213,0.40327868852459
2,925,0,0,0,0,31,176,538,470,1215,0.0,0.0,0.0,0.0,0.025514403292181,0.144855967078189,0.442798353909465,0.386831275720165
2,926,0,0,0,3,22,165,528,492,1210,0.0,0.0,0.0,0.002479338842975,0.018181818181818,0.136363636363636,0.436363636363636,0.406611570247934
2,927,0,0,0,2,20,163,530,490,1205,0.0,0.0,0.0,0.001659751037344,0.016597510373444,0.135269709543568,0.439834024896266,0.406639004149378
2,928,0,0,0,1,27,172,515,485,1200,0.0,0.0,0.0,0.000833333333333,0.0225,0.143333333333333,0.429166666666667,0.404166666666667
2,929,0,0,0,1,29,175,515,475,1195,0.0,0.0,0.0,0.000836820083682,0.024267782426778,0.146443514644351,0.430962343096234,0.397489539748954
2,930,0,0,0,2,27,166,521,474,1190,0.0,0.0,0.0,0.001680672268908,0.022689075630252,0.139495798319328,0.43781512605042,0.398319327731092
2,931,0,0,0,4,20,161,495,505,1185,0.0,0.0,0.0,0.00337552742616,0.016877637130802,0.135864978902954,0.417721518987342,0.426160337552743
2,932,0,0,0,2,24,175,473,506,1180,0.0,0.0,0.0,0.001694915254237,0.020338983050847,0.148305084745763,0.400847457627119,0.428813559322034
2,933,0,0,0,0,34,175,467,499,1175,0.0,0.0,0.0,0.0,0.028936170212766,0.148936170212766,0.397446808510638,0.42468085106383
2,934,0,0,0,1,26,168,503,472,1170,0.0,0.0,0.0,0.000854700854701,0.022222222222222,0.143589743589744,0.42991452991453,0.403418803418803
2,935,0,0,0,1,37,170,507,450,1165,0.0,0.0,0.0,0.000858369098712,0.031759656652361,0.145922746781116,0.43519313304721,0.386266094420601
2,936,0,0,0,2,15,179,476,488,1160,0.0,0.0,0.0,0.001724137931034,0.012931034482759,0.154310344827586,0.410344827586207,0.420689655172414
2,937,0,0,0,2,21,179,470,483,1155,0.0,0.0,0.0,0.001731601731602,0.018181818181818,0.154978354978355,0.406926406926407,0.418181818181818
2,938,0,0,0,1,30,179,475,465,1150,0.0,0.0,0.0,0.000869565217391,0.026086956521739,0.155652173913043,0.41304347826087,0.404347826086957
2,939,0,0,0,2,22,189,458,474,1145,0.0,0.0,0.0,0.00174672489083,0.019213973799127,0.165065502183406,0.4,0.413973799126638
2,940,0,0,0,1,24,184,492,439,1140,0.0,0.0,0.0,0.000877192982456,0.021052631578947,0.16140350877193,0.431578947368421,0.385087719298246
2,941,0,0,0,0,31,170,452,482,1135,0.0,0.0,0.0,0.0,0.027312775330396,0.149779735682819,0.398237885462555,0.424669603524229
2,942,0,0,0,5,25,166,446,488,1130,0.0,0.0,0.0,0.004424778761062,0.02212389380531,0.146902654867257,0.394690265486726,0.431858407079646
2,943,0,0,0,3,23,156,478,465,1125,0.0,0.0,0.0,0.002666666666667,0.020444444444444,0.138666666666667,0.424888888888889,0.413333333333333
2,944,0,0,0,0,17,168,471,464,1120,0.0,0.0,0.0,0.0,0.015178571428571,0.15,0.420535714285714,0.414285714285714
2,945,0,0,0,2,26,153,480,454,1115,0.0,0.0,0.0,0.001793721973094,0.023318385650224,0.137219730941704,0.430493273542601,0.407174887892377
2,946,0,0,0,3,22,172,491,422,1110,0.0,0.0,0.0,0.002702702702703,0.01981981981982,0.154954954954955,0.442342342342342,0.38018018018018
2,947,0,0,0,1,23,154,471,456,1105,0.0,0.0,0.0,0.000904977375566,0.020814479638009,0.139366515837104,0.426244343891403,0.412669683257919
2,948,0,0,0,2,26,149,456,467,1100,0.0,0.0,0.0,0.001818181818182,0.023636363636364,0.135454545454545,0.414545454545455,0.424545454545455
2,949,0,0,0,1,23,171,454,446,1095,0.0,0.0,0.0,0.000913242009132,0.021004566210046,0.156164383561644,0.414611872146119,0.407305936073059
2,950,0,0,0,2,22,175,438,453,1090,0.0,0.0,0.0,0.001834862385321,0.020183486238532,0.160550458715596,0.401834862385321,0.415596330275229
2,951,0,0,0,1,26,163,451,444,1085,0.0,0.0,0.0,0.000921658986175,0.023963133640553,0.150230414746544,0.415668202764977,0.409216589861751
2,952,0,0,0,2,27,173,446,432,1080,0.0,0.0,0.0,0.001851851851852,0.025,0.160185185185185,0.412962962962963,0.4
2,953,0,0,0,2,28,175,419,451,1075,0.0,0.0,0.0,0.001860465116279,0.026046511627907,0.162790697674419,0.389767441860465,0.41953488372093
2,954,0,0,0,3,28,169,424,446,1070,0.0,0.0,0.0,0.002803738317757,0.026168224299065,0.157943925233645,0.396261682242991,0.416822429906542
2,955,0,0,0,1,15,156,439,454,1065,0.0,0.0,0.0,0.00093896713615,0.014084507042254,0.146478873239437,0.412206572769953,0.426291079812207
2,956,0,0,0,2,27,181,443,407,1060,0.0,0.0,0.0,0.00188679245283,0.025471698113208,0.170754716981132,0.417924528301887,0.383962264150943
2,957,0,0,0,2,28,162,414,449,1055,0.0,0.0,0.0,0.001895734597156,0.02654028436019,0.153554502369668,0.392417061611374,0.425592417061611
2,958,0,0,0,0,21,152,459,418,1050,0.0,0.0,0.0,0.0,0.02,0.144761904761905,0.437142857142857,0.398095238095238
2,959,0,0,0,1,28,156,449,411,1045,0.0,0.0,0.0,0.000956937799043,0.026794258373206,0.149282296650718,0.429665071770335,0.393301435406699
2,960,0,0,0,2,27,163,441,407,1040,0.0,0.0,0.0,0.001923076923077,0.025961538461538,0.156730769230769,0.424038461538462,0.391346153846154
2,961,0,0,0,0,27,153,464,391,1035,0.0,0.0,0.0,0.0,0.026086956521739,0.147826086956522,0.448309178743961,0.377777777777778
2,962,0,0,0,0,25,152,423,430,1030,0.0,0.0,0.0,0.0,0.024271844660194,0.147572815533981,0.410679611650485,0.41747572815534
2,963,0,0,0,1,26,142,451,405,1025,0.0,0.0,0.0,0.000975609756098,0.025365853658537,0.138536585365854,0.44,0.395121951219512
2,964,0,0,0,2,27,137,442,412,1020,0.0,0.0,0.0,0.001960784313725,0.026470588235294,0.134313725490196,0.433333333333333,0.403921568627451
2,965,0,0,0,2,25,155,416,417,1015,0.0,0.0,0.0,0.001970443349754,0.024630541871921,0.152709359605911,0.409852216748768,0.410837438423645
2,966,0,0,0,3,20,152,451,384,1010,0.0,0.0,0.0,0.002970297029703,0.01980198019802,0.15049504950495,0.446534653465347,0.38019801980198
2,967,0,0,0,1,25,160,424,395,1005,0.0,0.0,0.0,0.000995024875622,0.024875621890547,0.159203980099502,0.421890547263682,0.393034825870647
2,968,0,0,0,4,20,149,416,411,1000,0.0,0.0,0.0,0.004,0.02,0.149,0.416,0.411
2,969,0,0,0,1,20,160,410,404,995,0.0,0.0,0.0,0.001005025125628,0.020100502512563,0.160804020100503,0.412060301507538,0.406030150753769
2,970,0,0,0,2,23,130,446,389,990,0.0,0.0,0.0,0.002020202020202,0.023232323232323,0.131313131313131,0.450505050505051,0.392929292929293
2,971,0,0,0,0,24,153,398,410,985,0.0,0.0,0.0,0.0,0.024365482233503,0.155329949238579,0.404060913705584,0.416243654822335
2,972,0,0,0,0,23,162,405,390,980,0.0,0.0,0.0,0.0,0.023469387755102,0.16530612244898,0.413265306122449,0.397959183673469
2,973,0,0,0,2,27,151,377,418,975,0.0,0.0,0.0,0.002051282051282,0.027692307692308,0.154871794871795,0.386666666666667,0.428717948717949
2,974,0,0,0,0,17,140,412,401,970,0.0,0.0,0.0,0.0,0.017525773195876,0.144329896907216,0.424742268041237,0.41340206185567
2,975,0,0,0,0,22,125,407,411,965,0.0,0.0,0.0,0.0,0.02279792746114,0.129533678756477,0.421761658031088,0.425906735751295
2,976,0,0,0,3,20,144,425,368,960,0.0,0.0,0.0,0.003125,0.020833333333333,0.15,0.442708333333333,0.383333333333333
2,977,0,0,0,1,21,124,406,403,955,0.0,0.0,0.0,0.001047120418848,0.021989528795812,0.129842931937173,0.425130890052356,0.421989528795812
2,978,0,0,0,3,11,150,384,402,950,0.0,0.0,0.0,0.003157894736842,0.011578947368421,0.157894736842105,0.404210526315789,0.423157894736842
2,979,0,0,0,3,16,141,394,391,945,0.0,0.0,0.0,0.003174603174603,0.016931216931217,0.149206349206349,0.416931216931217,0.413756613756614
2,980,0,0,0,0,17,167,418,338,940,0.0,0.0,0.0,0.0,0.018085106382979,0.177659574468085,0.44468085106383,0.359574468085106
2,981,0,0,0,0,21,150,401,363,935,0.0,0.0,0.0,0.0,0.022459893048128,0.160427807486631,0.428877005347594,0.388235294117647
2,982,0,0,0,1,21,136,390,382,930,0.0,0.0,0.0,0.001075268817204,0.02258064516129,0.146236559139785,0.419354838709677,0.410752688172043
2,983,0,0,0,1,14,145,398,367,925,0.0,0.0,0.0,0.001081081081081,0.015135135135135,0.156756756756757,0.43027027027027,0.396756756756757
2,984,0,0,1,2,16,147,395,359,920,0.0,0.0,0.001086956521739,0.002173913043478,0.017391304347826,0.159782608695652,0.429347826086957,0.390217391304348
2,985,0,0,0,0,17,142,395,361,915,0.0,0.0,0.0,0.0,0.018579234972678,0.155191256830601,0.431693989071038,0.394535519125683
2,986,0,0,0,0,16,123,398,373,910,0.0,0.0,0.0,0.0,0.017582417582418,0.135164835164835,0.437362637362637,0.40989010989011
2,987,0,0,0,3,20,141,397,344,905,0.0,0.0,0.0,0.003314917127072,0.022099447513812,0.155801104972376,0.438674033149171,0.380110497237569
2,988,0,0,0,1,16,164,379,340,900,0.0,0.0,0.0,0.001111111111111,0.017777777777778,0.182222222222222,0.421111111111111,0.377777777777778
2,989,0,0,0,1,28,153,383,330,895,0.0,0.0,0.0,0.001117318435754,0.031284916201117,0.170949720670391,0.427932960893855,0.368715083798883
2,990,0,0,0,1,17,124,377,371,890,0.0,0.0,0.0,0.001123595505618,0.019101123595506,0.139325842696629,0.423595505617978,0.41685393258427
2,991,0,0,0,2,29,134,390,330,885,0.0,0.0,0.0,0.00225988700565,0.032768361581921,0.151412429378531,0.440677966101695,0.372881355932203
2,992,0,0,0,1,20,126,374,359,880,0.0,0.0,0.0,0.001136363636364,0.022727272727273,0.143181818181818,0.425,0.407954545454545
2,993,0,0,0,0,22,124,382,347,875,0.0,0.0,0.0,0.0,0.025142857142857,0.141714285714286,0.436571428571429,0.396571428571429
2,994,0,0,1,1,17,127,365,359,870,0.0,0.0,0.001149425287356,0.001149425287356,0.019540229885057,0.145977011494253,0.419540229885057,0.41264367816092
2,995,0,0,0,3,18,114,381,349,865,0.0,0.0,0.0,0.003468208092486,0.020809248554913,0.131791907514451,0.440462427745665,0.403468208092486
2,996,0,0,0,0,12,117,373,358,860,0.0,0.0,0.0,0.0,0.013953488372093,0.136046511627907,0.433720930232558,0.416279069767442
2,997,0,0,0,2,23,129,353,348,855,0.0,0.0,0.0,0.00233918128655,0.026900584795322,0.150877192982456,0.412865497076023,0.407017543859649
2,998,0,0,0,1,17,133,362,337,850,0.0,0.0,0.0,0.001176470588235,0.02,0.156470588235294,0.425882352941176,0.396470588235294
2,999,0,0,0,0,22,127,353,343,845,0.0,0.0,0.0,0.0,0.02603550295858,0.150295857988166,0.417751479289941,0.405917159763314
2,1000,0,0,0,1,15,123,352,349,840,0.0,0.0,0.0,0.001190476190476,0.017857142857143,0.146428571428571,0.419047619047619,0.41547619047619
2,1001,0,0,0,1,15,120,347,352,835,0.0,0.0,0.0,0.001197604790419,0.017964071856287,0.143712574850299,0.415568862275449,0.421556886227545
2,1002,0,0,0,1,11,114,367,337,830,0.0,0.0,0.0,0.001204819277108,0.013253012048193,0.137349397590361,0.442168674698795,0.406024096385542
2,1003,0,0,0,3,13,125,348,336,825,0.0,0.0,0.0,0.003636363636364,0.015757575757576,0.151515151515152,0.421818181818182,0.407272727272727
2,1004,0,0,0,0,16,134,334,336,820,0.0,0.0,0.0,0.0,0.019512195121951,0.163414634146341,0.407317073170732,0.409756097560976
2,1005,0,0,0,3,17,118,354,323,815,0.0,0.0,0.0,0.003680981595092,0.020858895705521,0.14478527607362,0.434355828220859,0.396319018404908
2,1006,0,0,0,1,14,133,338,324,810,0.0,0.0,0.0,0.001234567901235,0.017283950617284,0.164197530864198,0.417283950617284,0.4
2,1007,0,0,1,0,16,131,351,306,805,0.0,0.0,0.001242236024845,0.0,0.019875776397516,0.162732919254658,0.436024844720497,0.380124223602484
2,1008,0,0,0,2,14,123,362,299,800,0.0,0.0,0.0,0.0025,0.0175,0.15375,0.4525,0.37375
2,1009,0,0,0,1,12,127,339,316,795,0.0,0.0,0.0,0.00125786163522,0.015094339622642,0.159748427672956,0.426415094339623,0.39748427672956
2,1010,0,0,0,1,19,113,342,315,790,0.0,0.0,0.0,0.00126582278481,0.024050632911392,0.143037974683544,0.432911392405063,0.39873417721519
2,1011,0,0,0,2,25,109,321,328,785,0.0,0.0,0.0,0.002547770700637,0.031847133757962,0.138853503184713,0.408917197452229,0.417834394904459
2,1012,0,0,0,2,17,117,335,309,780,0.0,0.0,0.0,0.002564102564103,0.021794871794872,0.15,0.429487179487179,0.396153846153846
2,1013,0,0,0,0,21,105,349,300,775,0.0,0.0,0.0,0.0,0.027096774193548,0.135483870967742,0.450322580645161,0.387096774193548
2,1014,0,0,0,1,15,118,324,312,770,0.0,0.0,0.0,0.001298701298701,0.019480519480519,0.153246753246753,0.420779220779221,0.405194805194805
2,1015,0,0,0,2,19,132,319,293,765,0.0,0.0,0.0,0.002614379084967,0.02483660130719,0.172549019607843,0.416993464052288,0.383006535947712
2,1016,0,0,0,0,21,107,323,309,760,0.0,0.0,0.0,0.0,0.027631578947368,0.140789473684211,0.425,0.406578947368421
2,1017,0,0,0,2,14,126,312,301,755,0.0,0.0,0.0,0.002649006622517,0.018543046357616,0.166887417218543,0.413245033112583,0.398675496688742
2,1018,0,0,0,1,19,97,314,319,750,0.0,0.0,0.0,0.001333333333333,0.025333333333333,0.129333333333333,0.418666666666667,0.425333333333333
2,1019,0,0,0,0,16,112,322,295,745,0.0,0.0,0.0,0.0,0.021476510067114,0.150335570469799,0.432214765100671,0.395973154362416
2,1020,0,0,0,1,19,108,309,303,740,0.0,0.0,0.0,0.001351351351351,0.025675675675676,0.145945945945946,0.417567567567568,0.409459459459459
2,1021,0,0,0,0,19,119,313,284,735,0.0,0.0,0.0,0.0,0.025850340136054,0.161904761904762,0.425850340136054,0.386394557823129
2,1022,0,0,0,0,18,127,296,289,730,0.0,0.0,0.0,0.0,0.024657534246575,0.173972602739726,0.405479452054795,0.395890410958904
2,1023,0,0,0,2,10,106,310,297,725,0.0,0.0,0.0,0.002758620689655,0.013793103448276,0.146206896551724,0.427586206896552,0.409655172413793
2,1024,0,0,0,4,11,111,299,295,720,0.0,0.0,0.0,0.005555555555556,0.015277777777778,0.154166666666667,0.415277777777778,0.409722222222222
2,1025,0,0,0,0,16,104,301,294,715,0.0,0.0,0.0,0.0,0.022377622377622,0.145454545454545,0.420979020979021,0.411188811188811
2,1026,0,0,0,0,18,97,290,305,710,0.0,0.0,0.0,0.0,0.025352112676056,0.136619718309859,0.408450704225352,0.429577464788732
2,1027,0,0,0,0,13,99,301,292,705,0.0,0.0,0.0,0.0,0.018439716312057,0.140425531914894,0.426950354609929,0.414184397163121
2,1028,0,0,0,1,17,99,301,282,700,0.0,0.0,0.0,0.001428571428571,0.024285714285714,0.141428571428571,0.43,0.402857142857143
2,1029,0,0,0,0,10,96,290,299,695,0.0,0.0,0.0,0.0,0.014388489208633,0.138129496402878,0.41726618705036,0.43021582733813
2,1030,0,0,0,1,14,101,314,260,690,0.0,0.0,0.0,0.001449275362319,0.020289855072464,0.146376811594203,0.455072463768116,0.376811594202899
2,1031,0,0,0,1,17,91,300,276,685,0.0,0.0,0.0,0.001459854014599,0.024817518248175,0.132846715328467,0.437956204379562,0.402919708029197
2,1032,0,0,0,2,9,102,299,268,680,0.0,0.0,0.0,0.002941176470588,0.013235294117647,0.15,0.439705882352941,0.394117647058824
2,1033,0,0,0,2,15,85,276,297,675,0.0,0.0,0.0,0.002962962962963,0.022222222222222,0.125925925925926,0.408888888888889,0.44
2,1034,0,0,0,0,13,98,289,270,670,0.0,0.0,0.0,0.0,0.019402985074627,0.146268656716418,0.43134328358209,0.402985074626866
2,1035,0,0,0,0,21,96,298,250,665,0.0,0.0,0.0,0.0,0.031578947368421,0.144360902255639,0.44812030075188,0.37593984962406
2,1036,0,0,0,1,16,102,272,269,660,0.0,0.0,0.0,0.001515151515152,0.024242424242424,0.154545454545455,0.412121212121212,0.407575757575758
2,1037,0,0,0,2,12,100,273,268,655,0.0,0.0,0.0,0.003053435114504,0.018320610687023,0.152671755725191,0.416793893129771,0.409160305343511
2,1038,0,0,0,1,12,79,287,271,650,0.0,0.0,0.0,0.001538461538462,0.018461538461538,0.121538461538462,0.441538461538462,0.416923076923077
2,1039,0,0,0,1,9,99,284,252,645,0.0,0.0,0.0,0.001550387596899,0.013953488372093,0.153488372093023,0.44031007751938,0.390697674418605
2,1040,0,0,0,0,18,102,265,255,640,0.0,0.0,0.0,0.0,0.028125,0.159375,0.4140625,0.3984375
2,1041,0,0,0,2,14,100,265,254,635,0.0,0.0,0.0,0.003149606299213,0.022047244094488,0.15748031496063,0.417322834645669,0.4
2,1042,0,0,0,1,18,79,281,251,630,0.0,0.0,0.0,0.001587301587302,0.028571428571429,0.125396825396825,0.446031746031746,0.398412698412698
2,1043,0,0,0,0,14,98,278,235,625,0.0,0.0,0.0,0.0,0.0224,0.1568,0.4448,0.376
2,1044,0,0,0,2,16,102,256,244,620,0.0,0.0,0.0,0.003225806451613,0.025806451612903,0.164516129032258,0.412903225806452,0.393548387096774
2,1045,0,0,0,0,9,105,259,242,615,0.0,0.0,0.0,0.0,0.014634146341463,0.170731707317073,0.421138211382114,0.39349593495935
2,1046,0,0,0,0,15,99,247,249,610,0.0,0.0,0.0,0.0,0.024590163934426,0.162295081967213,0.404918032786885,0.408196721311475
2,1047,0,0,0,1,11,85,263,245,605,0.0,0.0,0.0,0.001652892561983,0.018181818181818,0.140495867768595,0.434710743801653,0.40495867768595
2,1048,0,0,0,0,11,82,243,264,600,0.0,0.0,0.0,0.0,0.018333333333333,0.136666666666667,0.405,0.44
2,1049,0,0,0,1,12,82,257,243,595,0.0,0.0,0.0,0.001680672268908,0.020168067226891,0.13781512605042,0.431932773109244,0.408403361344538
2,1050,0,0,0,1,9,92,243,245,590,0.0,0.0,0.0,0.001694915254237,0.015254237288136,0.155932203389831,0.411864406779661,0.415254237288136
2,1051,0,0,0,1,12,74,277,221,585,0.0,0.0,0.0,0.001709401709402,0.020512820512821,0.126495726495726,0.473504273504273,0.377777777777778
2,1052,0,0,0,2,11,76,253,238,580,0.0,0.0,0.0,0.003448275862069,0.018965517241379,0.131034482758621,0.436206896551724,0.410344827586207
2,1053,0,0,0,0,15,99,236,225,575,0.0,0.0,0.0,0.0,0.026086956521739,0.172173913043478,0.410434782608696,0.391304347826087
2,1054,0,0,0,1,13,83,236,237,570,0.0,0.0,0.0,0.001754385964912,0.02280701754386,0.145614035087719,0.414035087719298,0.415789473684211
2,1055,0,0,0,0,8,91,228,238,565,0.0,0.0,0.0,0.0,0.014159292035398,0.161061946902655,0.40353982300885,0.421238938053097
2,1056,0,0,0,3,10,78,260,209,560,0.0,0.0,0.0,0.005357142857143,0.017857142857143,0.139285714285714,0.464285714285714,0.373214285714286
2,1057,0,0,0,1,15,97,224,218,555,0.0,0.0,0.0,0.001801801801802,0.027027027027027,0.174774774774775,0.403603603603604,0.392792792792793
2,1058,0,0,0,0,6,92,222,230,550,0.0,0.0,0.0,0.0,0.010909090909091,0.167272727272727,0.403636363636364,0.418181818181818
2,1059,0,0,0,1,12,98,213,221,545,0.0,0.0,0.0,0.001834862385321,0.022018348623853,0.179816513761468,0.390825688073395,0.405504587155963
2,1060,0,0,0,1,16,78,223,222,540,0.0,0.0,0.0,0.001851851851852,0.02962962962963,0.144444444444444,0.412962962962963,0.411111111111111
2,1061,0,0,0,0,9,80,215,231,535,0.0,0.0,0.0,0.0,0.016822429906542,0.149532710280374,0.401869158878505,0.431775700934579
2,1062,0,0,0,2,16,83,221,208,530,0.0,0.0,0.0,0.00377358490566,0.030188679245283,0.156603773584906,0.416981132075472,0.392452830188679
2,1063,0,0,0,1,12,78,217,217,525,0.0,0.0,0.0,0.001904761904762,0.022857142857143,0.148571428571429,0.413333333333333,0.413333333333333
2,1064,0,0,0,3,11,69,225,212,520,0.0,0.0,0.0,0.005769230769231,0.021153846153846,0.132692307692308,0.432692307692308,0.407692307692308
2,1065,0,0,0,0,9,71,221,214,515,0.0,0.0,0.0,0.0,0.01747572815534,0.137864077669903,0.429126213592233,0.415533980582524
2,1066,0,0,0,2,8,83,214,203,510,0.0,0.0,0.0,0.003921568627451,0.015686274509804,0.162745098039216,0.419607843137255,0.398039215686274
2,1067,0,0,0,1,10,74,233,187,505,0.0,0.0,0.0,0.001980198019802,0.01980198019802,0.146534653465347,0.461386138613861,0.37029702970297
2,1068,0,0,0,2,9,72,232,185,500,0.0,0.0,0.0,0.004,0.018,0.144,0.464,0.37
2,1069,0,0,0,1,13,84,198,199,495,0.0,0.0,0.0,0.002020202020202,0.026262626262626,0.16969696969697,0.4,0.402020202020202
2,1070,0,0,0,3,12,84,186,205,490,0.0,0.0,0.0,0.006122448979592,0.024489795918367,0.171428571428571,0.379591836734694,0.418367346938776
2,1071,0,0,0,0,9,85,198,193,485,0.0,0.0,0.0,0.0,0.018556701030928,0.175257731958763,0.408247422680412,0.397938144329897
2,1072,0,0,0,0,12,84,203,181,480,0.0,0.0,0.0,0.0,0.025,0.175,0.422916666666667,0.377083333333333
2,1073,0,0,0,3,8,68,208,188,475,0.0,0.0,0.0,0.006315789473684,0.016842105263158,0.143157894736842,0.437894736842105,0.395789473684211
2,1074,0,0,0,0,9,85,197,179,470,0.0,0.0,0.0,0.0,0.019148936170213,0.180851063829787,0.419148936170213,0.380851063829787
2,1075,0,0,0,1,18,64,199,183,465,0.0,0.0,0.0,0.002150537634409,0.038709677419355,0.137634408602151,0.427956989247312,0.393548387096774
2,1076,0,0,0,3,7,79,188,183,460,0.0,0.0,0.0,0.006521739130435,0.015217391304348,0.171739130434783,0.408695652173913,0.397826086956522
2,1077,0,0,0,0,12,80,165,198,455,0.0,0.0,0.0,0.0,0.026373626373626,0.175824175824176,0.362637362637363,0.435164835164835
2,1078,0,0,0,0,9,61,205,175,450,0.0,0.0,0.0,0.0,0.02,0.135555555555556,0.455555555555556,0.388888888888889
2,1079,0,0,0,0,9,72,187,177,445,0.0,0.0,0.0,0.0,0.020224719101124,0.161797752808989,0.420224719101124,0.397752808988764
2,1080,0,0,0,0,6,68,187,179,440,0.0,0.0,0.0,0.0,0.013636363636364,0.154545454545455,0.425,0.406818181818182
2,1081,0,0,0,0,14,60,188,173,435,0.0,0.0,0.0,0.0,0.032183908045977,0.137931034482759,0.432183908045977,0.397701149425287
2,1082,0,0,0,0,7,55,176,192,430,0.0,0.0,0.0,0.0,0.016279069767442,0.127906976744186,0.409302325581395,0.446511627906977
2,1083,0,0,0,1,13,59,168,184,425,0.0,0.0,0.0,0.002352941176471,0.030588235294118,0.138823529411765,0.395294117647059,0.432941176470588
2,1084,0,0,0,1,12,58,178,171,420,0.0,0.0,0.0,0.002380952380952,0.028571428571429,0.138095238095238,0.423809523809524,0.407142857142857
2,1085,0,0,0,2,6,57,180,170,415,0.0,0.0,0.0,0.004819277108434,0.014457831325301,0.137349397590361,0.433734939759036,0.409638554216867
2,1086,0,0,0,0,10,62,173,165,410,0.0,0.0,0.0,0.0,0.024390243902439,0.151219512195122,0.421951219512195,0.402439024390244
2,1087,0,0,0,0,8,67,176,154,405,0.0,0.0,0.0,0.0,0.019753086419753,0.165432098765432,0.434567901234568,0.380246913580247
2,1088,0,0,0,0,9,61,182,148,400,0.0,0.0,0.0,0.0,0.0225,0.1525,0.455,0.37
2,1089,0,0,0,2,10,64,162,157,395,0.0,0.0,0.0,0.005063291139241,0.025316455696203,0.162025316455696,0.410126582278481,0.39746835443038
2,1090,0,0,0,0,6,62,166,156,390,0.0,0.0,0.0,0.0,0.015384615384615,0.158974358974359,0.425641025641026,0.4
2,1091,0,0,0,0,14,49,170,152,385,0.0,0.0,0.0,0.0,0.036363636363636,0.127272727272727,0.441558441558442,0.394805194805195
2,1092,0,0,0,0,7,55,176,142,380,0.0,0.0,0.0,0.0,0.018421052631579,0.144736842105263,0.463157894736842,0.373684210526316
2,1093,0,0,0,0,4,47,153,171,375,0.0,0.0,0.0,0.0,0.010666666666667,0.125333333333333,0.408,0.456
2,1094,0,0,0,0,10,60,152,148,370,0.0,0.0,0.0,0.0,0.027027027027027,0.162162162162162,0.410810810810811,0.4
2,1095,0,0,0,0,8,69,148,140,365,0.0,0.0,0.0,0.0,0.021917808219178,0.189041095890411,0.405479452054795,0.383561643835616
2,1096,0,0,0,1,8,65,155,131,360,0.0,0.0,0.0,0.002777777777778,0.022222222222222,0.180555555555556,0.430555555555556,0.363888888888889
2,1097,0,0,0,0,5,45,161,144,355,0.0,0.0,0.0,0.0,0.014084507042254,0.126760563380282,0.453521126760563,0.405633802816901
2,1098,0,0,0,0,6,71,149,124,350,0.0,0.0,0.0,0.0,0.017142857142857,0.202857142857143,0.425714285714286,0.354285714285714
2,1099,0,0,0,0,10,41,143,151,345,0.0,0.0,0.0,0.0,0.028985507246377,0.118840579710145,0.414492753623188,0.43768115942029
2,1100,0,0,0,0,5,56,148,131,340,0.0,0.0,0.0,0.0,0.014705882352941,0.164705882352941,0.435294117647059,0.385294117647059
2,1101,0,0,0,0,7,53,136,139,335,0.0,0.0,0.0,0.0,0.02089552238806,0.158208955223881,0.405970149253731,0.414925373134328
2,1102,0,0,0,1,7,60,129,133,330,0.0,0.0,0.0,0.003030303030303,0.021212121212121,0.181818181818182,0.390909090909091,0.403030303030303
2,1103,0,0,0,0,8,55,130,132,325,0.0,0.0,0.0,0.0,0.024615384615385,0.169230769230769,0.4,0.406153846153846
2,1104,0,0,0,0,6,45,150,119,320,0.0,0.0,0.0,0.0,0.01875,0.140625,0.46875,0.371875
2,1105,0,0,0,0,8,43,131,133,315,0.0,0.0,0.0,0.0,0.025396825396825,0.136507936507936,0.415873015873016,0.422222222222222
2,1106,0,0,0,1,11,50,133,115,310,0.0,0.0,0.0,0.003225806451613,0.035483870967742,0.161290322580645,0.429032258064516,0.370967741935484
2,1107,0,0,0,0,7,59,127,112,305,0.0,0.0,0.0,0.0,0.022950819672131,0.19344262295082,0.416393442622951,0.367213114754098
2,1108,0,0,0,2,10,35,135,118,300,0.0,0.0,0.0,0.006666666666667,0.033333333333333,0.116666666666667,0.45,0.393333333333333
2,1109,0,0,0,0,5,33,137,120,295,0.0,0.0,0.0,0.0,0.016949152542373,0.111864406779661,0.464406779661017,0.406779661016949
2,1110,0,0,0,0,5,46,119,120,290,0.0,0.0,0.0,0.0,0.017241379310345,0.158620689655172,0.410344827586207,0.413793103448276
2,1111,0,0,0,0,8,36,122,119,285,0.0,0.0,0.0,0.0,0.028070175438596,0.126315789473684,0.428070175438596,0.417543859649123
2,1112,0,0,0,1,3,37,117,122,280,0.0,0.0,0.0,0.003571428571429,0.010714285714286,0.132142857142857,0.417857142857143,0.435714285714286
2,1113,0,0,0,0,6,43,112,114,275,0.0,0.0,0.0,0.0,0.021818181818182,0.156363636363636,0.407272727272727,0.414545454545455
2,1114,0,0,0,1,3,47,114,105,270,0.0,0.0,0.0,0.003703703703704,0.011111111111111,0.174074074074074,0.422222222222222,0.388888888888889
2,1115,0,0,0,0,5,49,112,99,265,0.0,0.0,0.0,0.0,0.018867924528302,0.184905660377358,0.422641509433962,0.373584905660377
2,1116,0,0,0,1,3,39,109,108,260,0.0,0.0,0.0,0.003846153846154,0.011538461538462,0.15,0.419230769230769,0.415384615384615
2,1117,0,0,0,0,9,39,115,92,255,0.0,0.0,0.0,0.0,0.035294117647059,0.152941176470588,0.450980392156863,0.36078431372549
2,1118,0,0,0,0,5,47,100,98,250,0.0,0.0,0.0,0.0,0.02,0.188,0.4,0.392
2,1119,0,0,0,0,5,50,100,90,245,0.0,0.0,0.0,0.0,0.020408163265306,0.204081632653061,0.408163265306122,0.36734693877551
2,1120,0,0,0,1,7,36,93,103,240,0.0,0.0,0.0,0.004166666666667,0.029166666666667,0.15,0.3875,0.429166666666667
2,1121,0,0,0,0,6,44,89,96,235,0.0,0.0,0.0,0.0,0.025531914893617,0.187234042553191,0.378723404255319,0.408510638297872
2,1122,0,0,0,0,5,36,93,96,230,0.0,0.0,0.0,0.0,0.021739130434783,0.156521739130435,0.404347826086957,0.417391304347826
2,1123,0,0,0,0,3,36,103,83,225,0.0,0.0,0.0,0.0,0.013333333333333,0.16,0.457777777777778,0.368888888888889
2,1124,0,0,0,0,5,36,85,94,220,0.0,0.0,0.0,0.0,0.022727272727273,0.163636363636364,0.386363636363636,0.427272727272727
2,1125,0,0,0,0,6,37,88,84,215,0.0,0.0,0.0,0.0,0.027906976744186,0.172093023255814,0.409302325581395,0.390697674418605
2,1126,0,0,0,0,4,29,83,94,210,0.0,0.0,0.0,0.0,0.019047619047619,0.138095238095238,0.395238095238095,0.447619047619048
2,1127,0,0,0,1,4,34,88,78,205,0.0,0.0,0.0,0.004878048780488,0.019512195121951,0.165853658536585,0.429268292682927,0.380487804878049
2,1128,0,0,0,0,5,17,85,93,200,0.0,0.0,0.0,0.0,0.025,0.085,0.425,0.465
2,1129,0,0,0,0,3,28,90,74,195,0.0,0.0,0.0,0.0,0.015384615384615,0.143589743589744,0.461538461538462,0.379487179487179
2,1130,0,0,0,0,6,35,74,75,190,0.0,0.0,0.0,0.0,0.031578947368421,0.184210526315789,0.389473684210526,0.394736842105263
2,1131,0,0,0,0,1,37,81,66,185,0.0,0.0,0.0,0.0,0.005405405405405,0.2,0.437837837837838,0.356756756756757
2,1132,0,0,0,0,7,24,82,67,180,0.0,0.0,0.0,0.0,0.038888888888889,0.133333333333333,0.455555555555556,0.372222222222222
2,1133,0,0,0,0,6,30,81,58,175,0.0,0.0,0.0,0.0,0.034285714285714,0.171428571428571,0.462857142857143,0.331428571428571
2,1134,0,0,0,0,7,24,76,63,170,0.0,0.0,0.0,0.0,0.041176470588235,0.141176470588235,0.447058823529412,0.370588235294118
2,1135,0,0,0,0,2,22,79,62,165,0.0,0.0,0.0,0.0,0.012121212121212,0.133333333333333,0.478787878787879,0.375757575757576
2,1136,0,0,0,0,5,27,65,63,160,0.0,0.0,0.0,0.0,0.03125,0.16875,0.40625,0.39375
2,1137,0,0,0,0,4,18,66,67,155,0.0,0.0,0.0,0.0,0.025806451612903,0.116129032258065,0.425806451612903,0.432258064516129
2,1138,0,0,0,0,1,25,61,63,150,0.0,0.0,0.0,0.0,0.006666666666667,0.166666666666667,0.406666666666667,0.42
2,1139,0,0,0,0,2,16,71,56,145,0.0,0.0,0.0,0.0,0.013793103448276,0.110344827586207,0.489655172413793,0.386206896551724
2,1140,0,0,0,0,8,20,63,49,140,0.0,0.0,0.0,0.0,0.057142857142857,0.142857142857143,0.45,0.35
2,1141,0,0,0,0,1,16,62,56,135,0.0,0.0,0.0,0.0,0.007407407407407,0.118518518518519,0.459259259259259,0.414814814814815
2,1142,0,0,0,0,0,18,54,58,130,0.0,0.0,0.0,0.0,0.0,0.138461538461538,0.415384615384615,0.446153846153846
2,1143,0,0,0,0,4,27,46,48,125,0.0,0.0,0.0,0.0,0.032,0.216,0.368,0.384
2,1144,0,0,0,0,2,12,57,49,120,0.0,0.0,0.0,0.0,0.016666666666667,0.1,0.475,0.408333333333333
2,1145,0,0,0,0,5,14,49,47,115,0.0,0.0,0.0,0.0,0.043478260869565,0.121739130434783,0.426086956521739,0.408695652173913
2,1146,0,0,0,0,1,14,46,49,110,0.0,0.0,0.0,0.0,0.009090909090909,0.127272727272727,0.418181818181818,0.445454545454545
2,1147,0,0,0,0,1,17,45,42,105,0.0,0.0,0.0,0.0,0.00952380952381,0.161904761904762,0.428571428571429,0.4
2,1148,0,0,0,0,0,12,49,39,100,0.0,0.0,0.0,0.0,0.0,0.12,0.49,0.39
2,1149,0,0,0,0,3,13,44,35,95,0.0,0.0,0.0,0.0,0.031578947368421,0.136842105263158,0.463157894736842,0.368421052631579
2,1150,0,0,0,0,2,12,37,39,90,0.0,0.0,0.0,0.0,0.022222222222222,0.133333333333333,0.411111111111111,0.433333333333333
2,1151,0,0,0,0,1,10,38,36,85,0.0,0.0,0.0,0.0,0.011764705882353,0.117647058823529,0.447058823529412,0.423529411764706
2,1152,0,0,0,0,1,17,26,36,80,0.0,0.0,0.0,0.0,0.0125,0.2125,0.325,0.45
2,1153,0,0,0,0,0,14,27,34,75,0.0,0.0,0.0,0.0,0.0,0.186666666666667,0.36,0.453333333333333
2,1154,0,0,0,0,1,11,35,23,70,0.0,0.0,0.0,0.0,0.014285714285714,0.157142857142857,0.5,0.328571428571429
2,1155,0,0,0,0,2,14,16,33,65,0.0,0.0,0.0,0.0,0.030769230769231,0.215384615384615,0.246153846153846,0.507692307692308
2,1156,0,0,0,0,1,6,31,22,60,0.0,0.0,0.0,0.0,0.016666666666667,0.1,0.516666666666667,0.366666666666667
2,1157,0,0,0,0,2,11,25,17,55,0.0,0.0,0.0,0.0,0.036363636363636,0.2,0.454545454545455,0.309090909090909
2,1158,0,0,0,0,4,4,19,23,50,0.0,0.0,0.0,0.0,0.08,0.08,0.38,0.46
2,1159,0,0,0,0,1,7,22,15,45,0.0,0.0,0.0,0.0,0.022222222222222,0.155555555555556,0.488888888888889,0.333333333333333
2,1160,0,0,0,0,0,5,17,18,40,0.0,0.0,0.0,0.0,0.0,0.125,0.425,0.45
2,1161,0,0,0,0,1,2,15,17,35,0.0,0.0,0.0,0.0,0.028571428571429,0.057142857142857,0.428571428571429,0.485714285714286
2,1162,0,0,0,0,0,2,13,15,30,0.0,0.0,0.0,0.0,0.0,0.066666666666667,0.433333333333333,0.5
2,1163,0,0,0,0,1,3,8,13,25,0.0,0.0,0.0,0.0,0.04,0.12,0.32,0.52
2,1164,0,0,0,0,1,2,12,5,20,0.0,0.0,0.0,0.0,0.05,0.1,0.6,0.25
2,1165,0,0,0,0,0,1,6,8,15,0.0,0.0,0.0,0.0,0.0,0.066666666666667,0.4,0.533333333333333
2,1166,0,0,0,0,0,0,7,3,10,0.0,0.0,0.0,0.0,0.0,0.0,0.7,0.3
2,1167,0,0,0,0,0,1,2,2,5,0.0,0.0,0.0,0.0,0.0,0.2,0.4,0.4
3,1,0,0,0,7,129,817,2528,2354,5835,0.0,0.0,0.0,0.001199657240788,0.022107969151671,0.140017137960583,0.43324764353042,0.403427592116538
3,2,0,0,0,10,114,892,2473,2341,5830,0.0,0.0,0.0,0.001715265866209,0.019554030874786,0.153001715265866,0.424185248713551,0.401543739279588
3,3,0,0,1,10,137,839,2463,2375,5825,0.0,0.0,0.000171673819742,0.001716738197425,0.023519313304721,0.144034334763949,0.422832618025751,0.407725321888412
3,4,0,0,0,7,140,880,2448,2345,5820,0.0,0.0,0.0,0.001202749140893,0.024054982817869,0.151202749140893,0.420618556701031,0.402920962199313
3,5,0,0,0,10,151,873,2460,2321,5815,0.0,0.0,0.0,0.001719690455718,0.025967325881341,0.150128976784179,0.423043852106621,0.399140154772141
3,6,0,0,0,8,118,868,2471,2345,5810,0.0,0.0,0.0,0.001376936316695,0.020309810671256,0.149397590361446,0.425301204819277,0.403614457831325
3,7,0,0,1,6,139,910,2420,2329,5805,0.0,0.0,0.000172265288544,0.001033591731266,0.023944875107666,0.156761412575366,0.416881998277347,0.40120585701981
3,8,0,0,1,5,151,844,2443,2356,5800,0.0,0.0,0.000172413793103,0.000862068965517,0.026034482758621,0.14551724137931,0.421206896551724,0.406206896551724
3,9,0,0,1,5,115,875,2468,2331,5795,0.0,0.0,0.000172562553926,0.000862812769629,0.019844693701467,0.150992234685073,0.42588438308887,0.402243313201035
3,10,0,0,0,4,128,828,2454,2376,5790,0.0,0.0,0.0,0.000690846286701,0.022107081174439,0.14300518134715,0.423834196891192,0.410362694300518
3,11,0,0,0,8,134,877,2471,2295,5785,0.0,0.0,0.0,0.001382886776145,0.023163353500432,0.151598962834918,0.42713915298185,0.396715643906655
3,12,0,0,0,8,131,886,2418,2337,5780,0.0,0.0,0.0,0.001384083044983,0.022664359861592,0.153287197231834,0.418339100346021,0.404325259515571
3,13,0,0,1,7,119,886,2356,2406,5775,0.0,0.0,0.00017316017316,0.001212121212121,0.020606060606061,0.153419913419913,0.407965367965368,0.416623376623377
3,14,0,0,0,11,134,893,2442,2290,5770,0.0,0.0,0.0,0.001906412478336,0.023223570190641,0.154766031195841,0.423223570190641,0.396880415944541
3,15,0,0,0,5,131,814,2534,2281,5765,0.0,0.0,0.0,0.000867302688638,0.022723330442324,0.141196877710321,0.439549002601908,0.395663486556808
3,16,0,0,0,5,135,870,2400,2350,5760,0.0,0.0,0.0,0.000868055555556,0.0234375,0.151041666666667,0.416666666666667,0.407986111111111
3,17,0,0,1,7,117,856,2492,2282,5755,0.0,0.0,0.000173761946134,0.001216333622937,0.020330147697654,0.14874022589053,0.433014769765421,0.396524761077324
3,18,0,0,0,4,120,822,2464,2340,5750,0.0,0.0,0.0,0.000695652173913,0.020869565217391,0.14295652173913,0.428521739130435,0.40695652173913
3,19,0,0,0,6,136,862,2384,2357,5745,0.0,0.0,0.0,0.001044386422977,0.023672758920801,0.150043516100957,0.41496953872933,0.410269799825936
3,20,0,0,0,8,124,871,2421,2316,5740,0.0,0.0,0.0,0.001393728222997,0.021602787456446,0.151742160278746,0.421777003484321,0.403484320557491
3,21,0,0,0,5,106,824,2460,2340,5735,0.0,0.0,0.0,0.000871839581517,0.01848299912816,0.143679163034002,0.428945074106364,0.408020924149956
3,22,0,0,0,9,124,885,2451,2261,5730,0.0,0.0,0.0,0.001570680628272,0.021640488656195,0.154450261780105,0.427748691099476,0.394589877835951
3,23,0,0,0,6,112,867,2388,2352,5725,0.0,0.0,0.0,0.001048034934498,0.019563318777293,0.151441048034934,0.417117903930131,0.410829694323144
3,24,0,0,0,11,139,781,2470,2319,5720,0.0,0.0,0.0,0.001923076923077,0.024300699300699,0.136538461538462,0.431818181818182,0.40541958041958
3,25,0,0,0,3,132,871,2343,2366,5715,0.0,0.0,0.0,0.000524934383202,0.023097112860892,0.152405949256343,0.40997375328084,0.413998250218723
3,26,0,0,0,8,112,833,2456,2301,5710,0.0,0.0,0.0,0.001401050788091,0.019614711033275,0.145884413309982,0.430122591943958,0.402977232924694
3,27,0,0,0,4,115,859,2461,2266,5705,0.0,0.0,0.0,0.000701139351446,0.020157756354075,0.15056967572305,0.431375985977213,0.397195442594216
3,28,0,0,0,13,130,848,2388,2321,5700,0.0,0.0,0.0,0.002280701754386,0.02280701754386,0.148771929824561,0.418947368421053,0.40719298245614
3,29,0,0,0,4,119,820,2476,2276,5695,0.0,0.0,0.0,0.000702370500439,0.02089552238806,0.143985952589991,0.43476733977173,0.399648814749781
3,30,0,0,0,4,122,856,2418,2290,5690,0.0,0.0,0.0,0.000702987697715,0.021441124780316,0.150439367311072,0.424956063268893,0.402460456942003
3,31,0,0,0,7,131,871,2357,2319,5685,0.0,0.0,0.0,0.001231310466139,0.023043095866315,0.153210202286719,0.414599824098505,0.407915567282322
3,32,0,0,0,9,125,859,2401,2286,5680,0.0,0.0,0.0,0.001584507042254,0.022007042253521,0.151232394366197,0.422711267605634,0.402464788732394
3,33,0,0,0,5,114,881,2432,2243,5675,0.0,0.0,0.0,0.000881057268722,0.020088105726872,0.155242290748899,0.428546255506608,0.395242290748899
3,34,0,0,0,9,146,873,2375,2267,5670,0.0,0.0,0.0,0.001587301587302,0.025749559082892,0.153968253968254,0.418871252204586,0.399823633156967
3,35,0,0,0,8,119,849,2349,2340,5665,0.0,0.0,0.0,0.001412180052957,0.021006178287732,0.149867608120035,0.414651368049426,0.41306266548985
3,36,0,0,0,10,124,821,2388,2317,5660,0.0,0.0,0.0,0.001766784452297,0.021908127208481,0.145053003533569,0.421908127208481,0.409363957597173
3,37,0,0,0,8,115,785,2439,2308,5655,0.0,0.0,0.0,0.001414677276746,0.020335985853227,0.138815207780725,0.431299734748011,0.408134394341291
3,38,0,0,0,6,136,859,2372,2277,5650,0.0,0.0,0.0,0.001061946902655,0.024070796460177,0.152035398230088,0.419823008849558,0.403008849557522
3,39,0,0,0,12,136,832,2452,2213,5645,0.0,0.0,0.0,0.002125775022143,0.024092116917626,0.147387068201949,0.43436669619132,0.392028343666962
3,40,0,0,2,7,119,826,2406,2280,5640,0.0,0.0,0.000354609929078,0.001241134751773,0.021099290780142,0.14645390070922,0.426595744680851,0.404255319148936
3,41,0,0,0,9,139,844,2351,2292,5635,0.0,0.0,0.0,0.001597160603372,0.024667258207631,0.149778172138421,0.417213842058563,0.406743566992014
3,42,0,0,1,3,122,844,2436,2224,5630,0.0,0.0,0.000177619893428,0.000532859680284,0.021669626998224,0.149911190053286,0.432682060390764,0.395026642984014
3,43,0,0,0,4,109,887,2360,2265,5625,0.0,0.0,0.0,0.000711111111111,0.019377777777778,0.157688888888889,0.419555555555556,0.402666666666667
3,44,0,0,0,9,127,857,2313,2314,5620,0.0,0.0,0.0,0.001601423487544,0.022597864768683,0.152491103202847,0.411565836298932,0.411743772241993
3,45,0,0,0,8,129,837,2397,2244,5615,0.0,0.0,0.0,0.001424755120214,0.022974176313446,0.14906500445236,0.426892252894034,0.399643811219947
3,46,0,0,0,12,120,806,2353,2319,5610,0.0,0.0,0.0,0.002139037433155,0.021390374331551,0.14367201426025,0.419429590017825,0.413368983957219
3,47,0,0,0,9,134,831,2415,2216,5605,0.0,0.0,0.0,0.001605709188225,0.023907225691347,0.148260481712756,0.430865298840321,0.395361284567351
3,48,0,0,0,8,132,851,2363,2246,5600,0.0,0.0,0.0,0.001428571428571,0.023571428571429,0.151964285714286,0.421964285714286,0.401071428571429
3,49,0,0,0,10,138,797,2418,2232,5595,0.0,0.0,0.0,0.001787310098302,0.024664879356568,0.142448614834674,0.432171581769437,0.398927613941019
3,50,0,0,0,5,112,847,2376,2250,5590,0.0,0.0,0.0,0.000894454382826,0.020035778175313,0.151520572450805,0.425044722719141,0.402504472271914
3,51,0,0,1,8,122,821,2410,2223,5585,0.0,0.0,0.000179051029543,0.001432408236347,0.021844225604297,0.147000895255148,0.431512981199642,0.398030438675022
3,52,0,0,0,8,112,818,2425,2217,5580,0.0,0.0,0.0,0.001433691756272,0.020071684587814,0.146594982078853,0.434587813620072,0.397311827956989
3,53,0,0,0,8,121,861,2396,2189,5575,0.0,0.0,0.0,0.001434977578475,0.021704035874439,0.154439461883408,0.429775784753363,0.392645739910314
3,54,0,0,0,4,132,823,2273,2338,5570,0.0,0.0,0.0,0.000718132854578,0.023698384201077,0.147755834829443,0.408078994614004,0.419748653500898
3,55,0,0,0,11,105,808,2325,2316,5565,0.0,0.0,0.0,0.001976639712489,0.018867924528302,0.145193171608266,0.417789757412399,0.416172506738545
3,56,0,0,0,8,111,837,2374,2230,5560,0.0,0.0,0.0,0.001438848920863,0.019964028776978,0.150539568345324,0.426978417266187,0.401079136690647
3,57,0,0,0,12,120,815,2388,2220,5555,0.0,0.0,0.0,0.002160216021602,0.021602160216022,0.146714671467147,0.42988298829883,0.3996399639964
3,58,0,0,0,6,125,821,2399,2199,5550,0.0,0.0,0.0,0.001081081081081,0.022522522522523,0.147927927927928,0.432252252252252,0.396216216216216
3,59,0,0,0,7,124,844,2356,2214,5545,0.0,0.0,0.0,0.001262398557259,0.022362488728584,0.152209197475203,0.424887285843102,0.399278629395852
3,60,0,0,0,6,111,776,2472,2175,5540,0.0,0.0,0.0,0.001083032490975,0.020036101083032,0.140072202166065,0.446209386281588,0.392599277978339
3,61,0,0,0,12,163,793,2343,2224,5535,0.0,0.0,0.0,0.002168021680217,0.029448961156278,0.14327009936766,0.423306233062331,0.401806684733514
3,62,0,0,0,10,113,811,2399,2197,5530,0.0,0.0,0.0,0.001808318264014,0.020433996383363,0.146654611211573,0.433815551537071,0.397287522603978
3,63,0,0,0,4,128,854,2345,2194,5525,0.0,0.0,0.0,0.000723981900452,0.02316742081448,0.154570135746606,0.424434389140271,0.39710407239819
3,64,0,0,0,9,110,821,2375,2205,5520,0.0,0.0,0.0,0.001630434782609,0.019927536231884,0.148731884057971,0.430253623188406,0.39945652173913
3,65,0,0,1,7,114,829,2362,2202,5515,0.0,0.0,0.000181323662738,0.001269265639166,0.020670897552131,0.150317316409791,0.428286491387126,0.399274705349048
3,66,0,0,0,10,121,797,2337,2245,5510,0.0,0.0,0.0,0.001814882032668,0.021960072595281,0.14464609800363,0.424137931034483,0.407441016333938
3,67,0,0,0,8,125,854,2281,2237,5505,0.0,0.0,0.0,0.001453224341508,0.022706630336058,0.155131698455949,0.414350590372389,0.406357856494096
3,68,0,0,0,7,115,818,2377,2183,5500,0.0,0.0,0.0,0.001272727272727,0.020909090909091,0.148727272727273,0.432181818181818,0.396909090909091
3,69,0,0,0,7,98,814,2314,2262,5495,0.0,0.0,0.0,0.001273885350318,0.017834394904459,0.148134667879891,0.421110100090992,0.41164695177434
3,70,0,0,0,6,120,791,2325,2248,5490,0.0,0.0,0.0,0.001092896174863,0.021857923497268,0.14408014571949,0.423497267759563,0.409471766848816
3,71,0,0,0,8,119,788,2318,2252,5485,0.0,0.0,0.0,0.001458523245214,0.021695533272562,0.143664539653601,0.42260711030082,0.410574293527803
3,72,0,0,0,8,113,816,2371,2172,5480,0.0,0.0,0.0,0.001459854014599,0.020620437956204,0.148905109489051,0.432664233576642,0.396350364963504
3,73,0,0,1,11,115,817,2317,2214,5475,0.0,0.0,0.000182648401826,0.002009132420091,0.021004566210046,0.149223744292237,0.423196347031963,0.404383561643836
3,74,0,0,0,8,115,917,2299,2131,5470,0.0,0.0,0.0,0.00146252285192,0.021023765996344,0.16764168190128,0.420292504570384,0.389579524680073
3,75,0,0,0,9,123,892,2248,2193,5465,0.0,0.0,0.0,0.001646843549863,0.022506861848124,0.163220494053065,0.411344922232388,0.40128087831656
3,76,0,0,1,8,122,777,2290,2262,5460,0.0,0.0,0.00018315018315,0.001465201465201,0.022344322344322,0.142307692307692,0.419413919413919,0.414285714285714
3,77,0,0,1,7,128,853,2236,2230,5455,0.0,0.0,0.000183318056829,0.0012832263978,0.02346471127406,0.156370302474794,0.409899175068744,0.408799266727773
3,78,0,0,0,6,108,841,2252,2243,5450,0.0,0.0,0.0,0.001100917431193,0.019816513761468,0.154311926605505,0.413211009174312,0.411559633027523
3,79,0,0,0,12,102,830,2271,2230,5445,0.0,0.0,0.0,0.002203856749311,0.018732782369146,0.152433425160698,0.417079889807163,0.409550045913682
3,80,0,0,0,6,116,804,2337,2177,5440,0.0,0.0,0.0,0.001102941176471,0.021323529411765,0.147794117647059,0.429595588235294,0.400183823529412
3,81,0,0,0,5,120,818,2279,2213,5435,0.0,0.0,0.0,0.000919963201472,0.022079116835327,0.15050597976081,0.419319227230911,0.407175712971481
3,82,0,0,0,9,129,776,2248,2268,5430,0.0,0.0,0.0,0.001657458563536,0.023756906077348,0.142909760589319,0.413996316758748,0.41767955801105
3,83,0,0,0,7,111,778,2281,2248,5425,0.0,0.0,0.0,0.001290322580645,0.020460829493088,0.143410138248848,0.420460829493088,0.414377880184332
3,84,0,0,0,7,102,832,2230,2249,5420,0.0,0.0,0.0,0.001291512915129,0.018819188191882,0.153505535055351,0.411439114391144,0.414944649446494
3,85,0,0,0,7,134,776,2266,2232,5415,0.0,0.0,0.0,0.00129270544783,0.024746075715605,0.143305632502308,0.418467220683287,0.41218836565097
3,86,0,0,1,8,119,842,2299,2141,5410,0.0,0.0,0.000184842883549,0.001478743068392,0.021996303142329,0.155637707948244,0.424953789279113,0.395748613678373
3,87,0,0,1,1,139,836,2260,2168,5405,0.0,0.0,0.000185013876041,0.000185013876041,0.025716928769658,0.154671600370028,0.418131359851989,0.401110083256244
3,88,0,0,0,9,109,815,2315,2152,5400,0.0,0.0,0.0,0.001666666666667,0.020185185185185,0.150925925925926,0.428703703703704,0.398518518518518
3,89,0,0,1,9,120,816,2280,2169,5395,0.0,0.0,0.000185356811863,0.001668211306766,0.02224281742354,0.151251158480074,0.422613531047266,0.402038924930491
3,90,0,0,0,9,141,879,2282,2079,5390,0.0,0.0,0.0,0.001669758812616,0.026159554730983,0.163079777365492,0.423376623376623,0.385714285714286
3,91,0,0,0,7,136,819,2262,2161,5385,0.0,0.0,0.0,0.001299907149489,0.025255338904364,0.152089136490251,0.420055710306407,0.401299907149489
3,92,0,0,0,7,110,778,2329,2156,5380,0.0,0.0,0.0,0.001301115241636,0.020446096654275,0.144609665427509,0.432899628252788,0.400743494423792
3,93,0,0,0,7,125,840,2214,2189,5375,0.0,0.0,0.0,0.001302325581395,0.023255813953488,0.156279069767442,0.411906976744186,0.407255813953488
3,94,0,0,0,9,107,791,2299,2164,5370,0.0,0.0,0.0,0.001675977653631,0.019925512104283,0.147299813780261,0.428119180633147,0.402979515828678
3,95,0,0,0,8,135,790,2261,2171,5365,0.0,0.0,0.0,0.001491146318733,0.025163094128611,0.147250698974837,0.42143522833178,0.404659832246039
3,96,0,0,0,8,136,827,2305,2084,5360,0.0,0.0,0.0,0.001492537313433,0.025373134328358,0.154291044776119,0.430037313432836,0.388805970149254
3,97,0,0,0,6,116,790,2271,2172,5355,0.0,0.0,0.0,0.001120448179272,0.021661998132586,0.147525676937442,0.424089635854342,0.405602240896359
3,98,0,0,0,7,113,817,2219,2194,5350,0.0,0.0,0.0,0.001308411214953,0.021121495327103,0.152710280373832,0.414766355140187,0.410093457943925
3,99,0,0,0,7,140,778,2245,2175,5345,0.0,0.0,0.0,0.001309635173059,0.026192703461179,0.14555659494855,0.420018709073901,0.406922357343312
3,100,0,0,0,13,122,797,2297,2111,5340,0.0,0.0,0.0,0.002434456928839,0.022846441947566,0.149250936329588,0.430149812734082,0.395318352059925
3,101,0,0,0,7,120,796,2249,2163,5335,0.0,0.0,0.0,0.001312089971884,0.022492970946579,0.149203373945642,0.421555763823805,0.40543580131209
3,102,0,0,0,2,114,800,2218,2196,5330,0.0,0.0,0.0,0.000375234521576,0.021388367729831,0.150093808630394,0.416135084427767,0.412007504690432
3,103,0,0,0,6,113,798,2279,2129,5325,0.0,0.0,0.0,0.00112676056338,0.021220657276995,0.149859154929577,0.427981220657277,0.39981220657277
3,104,0,0,0,8,135,772,2259,2146,5320,0.0,0.0,0.0,0.001503759398496,0.025375939849624,0.145112781954887,0.424624060150376,0.403383458646617
3,105,0,0,0,6,97,801,2306,2105,5315,0.0,0.0,0.0,0.001128880526811,0.018250235183443,0.150705550329257,0.433866415804327,0.396048918156162
3,106,0,0,0,11,136,805,2243,2115,5310,0.0,0.0,0.0,0.002071563088512,0.025612052730697,0.151600753295669,0.42241054613936,0.398305084745763
3,107,0,0,0,6,129,744,2222,2204,5305,0.0,0.0,0.0,0.001131008482564,0.024316682375118,0.140245051837889,0.41885014137606,0.415457115928369
3,108,0,0,0,6,147,826,2203,2118,5300,0.0,0.0,0.0,0.001132075471698,0.027735849056604,0.155849056603774,0.415660377358491,0.399622641509434
3,109,0,0,0,4,115,783,2259,2134,5295,0.0,0.0,0.0,0.000755429650614,0.021718602455146,0.147875354107649,0.426628895184136,0.403021718602455
3,110,0,0,0,7,129,829,2225,2100,5290,0.0,0.0,0.0,0.001323251417769,0.024385633270321,0.156710775047259,0.420604914933837,0.396975425330813
3,111,0,0,0,5,106,743,2325,2106,5285,0.0,0.0,0.0,0.000946073793756,0.020056764427625,0.140586565752129,0.4399243140965,0.398486281929991
3,112,0,0,0,8,101,742,2255,2174,5280,0.0,0.0,0.0,0.001515151515152,0.019128787878788,0.140530303030303,0.427083333333333,0.411742424242424
3,113,0,0,0,7,111,761,2248,2148,5275,0.0,0.0,0.0,0.001327014218009,0.021042654028436,0.144265402843602,0.426161137440758,0.407203791469194
3,114,0,0,0,5,126,788,2213,2138,5270,0.0,0.0,0.0,0.000948766603416,0.023908918406072,0.149525616698292,0.419924098671727,0.405692599620493
3,115,0,0,0,12,115,827,2176,2135,5265,0.0,0.0,0.0,0.002279202279202,0.021842355175689,0.15707502374169,0.41329534662868,0.405508072174739
3,116,0,0,0,12,122,806,2247,2073,5260,0.0,0.0,0.0,0.002281368821293,0.02319391634981,0.153231939163498,0.427186311787072,0.394106463878327
3,117,0,0,1,8,121,809,2213,2103,5255,0.0,0.0,0.000190294957184,0.001522359657469,0.02302568981922,0.15394862036156,0.421122740247383,0.400190294957184
3,118,0,0,1,6,116,793,2249,2085,5250,0.0,0.0,0.000190476190476,0.001142857142857,0.022095238095238,0.151047619047619,0.428380952380952,0.397142857142857
3,119,0,0,0,6,127,759,2177,2176,5245,0.0,0.0,0.0,0.001143946615825,0.024213536701621,0.144709246901811,0.415061963775024,0.41487130600572
3,120,0,0,1,4,125,751,2199,2160,5240,0.0,0.0,0.000190839694656,0.000763358778626,0.023854961832061,0.143320610687023,0.419656488549618,0.412213740458015
3,121,0,0,0,4,132,800,2163,2136,5235,0.0,0.0,0.0,0.000764087870105,0.025214899713467,0.152817574021012,0.413180515759312,0.408022922636103
3,122,0,0,0,6,99,733,2291,2101,5230,0.0,0.0,0.0,0.001147227533461,0.018929254302103,0.140152963671128,0.438049713193117,0.401720841300191
3,123,0,0,0,7,130,770,2234,2084,5225,0.0,0.0,0.0,0.00133971291866,0.02488038277512,0.147368421052632,0.42755980861244,0.398851674641148
3,124,0,0,2,9,108,763,2195,2143,5220,0.0,0.0,0.000383141762452,0.001724137931034,0.020689655172414,0.146168582375479,0.420498084291188,0.410536398467433
3,125,0,0,0,10,109,782,2215,2099,5215,0.0,0.0,0.0,0.001917545541707,0.020901246404602,0.149952061361457,0.424736337488015,0.402492809204219
3,126,0,0,1,11,115,758,2243,2082,5210,0.0,0.0,0.000191938579655,0.0021113243762,0.022072936660269,0.145489443378119,0.430518234165067,0.399616122840691
3,127,0,0,0,7,139,769,2190,2100,5205,0.0,0.0,0.0,0.001344860710855,0.026705091258405,0.147742555235351,0.420749279538905,0.403458213256484
3,128,0,0,0,8,136,767,2245,2044,5200,0.0,0.0,0.0,0.001538461538462,0.026153846153846,0.1475,0.431730769230769,0.393076923076923
3,129,0,0,0,5,118,808,2246,2018,5195,0.0,0.0,0.0,0.000962463907603,0.022714148219442,0.15553416746872,0.432338787295476,0.388450433108758
3,130,0,0,0,9,118,772,2180,2111,5190,0.0,0.0,0.0,0.001734104046243,0.022736030828516,0.148747591522158,0.420038535645472,0.406743737957611
3,131,0,0,0,13,139,774,2131,2128,5185,0.0,0.0,0.0,0.002507232401157,0.026808100289296,0.149276759884282,0.41099324975892,0.410414657666345
3,132,0,0,0,9,98,789,2229,2055,5180,0.0,0.0,0.0,0.001737451737452,0.018918918918919,0.152316602316602,0.43030888030888,0.396718146718147
3,133,0,0,1,7,124,774,2130,2139,5175,0.0,0.0,0.000193236714976,0.001352657004831,0.023961352657005,0.149565217391304,0.411594202898551,0.413333333333333
3,134,0,0,0,9,133,766,2156,2106,5170,0.0,0.0,0.0,0.00174081237911,0.025725338491296,0.14816247582205,0.417021276595745,0.407350096711799
3,135,0,0,1,4,121,832,2196,2011,5165,0.0,0.0,0.000193610842207,0.000774443368829,0.023426911907067,0.16108422071636,0.425169409486931,0.389351403678606
3,136,0,0,0,8,108,725,2226,2093,5160,0.0,0.0,0.0,0.001550387596899,0.02093023255814,0.140503875968992,0.431395348837209,0.40562015503876
3,137,0,0,1,6,111,781,2201,2055,5155,0.0,0.0,0.000193986420951,0.001163918525703,0.021532492725509,0.151503394762367,0.426964112512124,0.398642095053346
3,138,0,0,0,8,114,769,2156,2103,5150,0.0,0.0,0.0,0.001553398058252,0.022135922330097,0.149320388349515,0.418640776699029,0.408349514563107
3,139,0,0,0,6,111,768,2196,2064,5145,0.0,0.0,0.0,0.001166180758017,0.021574344023324,0.149271137026239,0.426822157434402,0.401166180758017
3,140,0,0,1,6,110,810,2137,2076,5140,0.0,0.0,0.000194552529183,0.001167315175097,0.021400778210117,0.157587548638132,0.415758754863813,0.403891050583658
3,141,0,0,0,4,104,743,2162,2122,5135,0.0,0.0,0.0,0.000778967867575,0.020253164556962,0.144693281402142,0.421032132424537,0.413242453748783
3,142,0,0,0,4,118,809,2149,2050,5130,0.0,0.0,0.0,0.000779727095517,0.023001949317739,0.157699805068226,0.418908382066277,0.399610136452242
3,143,0,0,0,9,111,786,2117,2102,5125,0.0,0.0,0.0,0.001756097560976,0.021658536585366,0.153365853658537,0.413073170731707,0.410146341463415
3,144,0,0,0,5,120,799,2137,2059,5120,0.0,0.0,0.0,0.0009765625,0.0234375,0.1560546875,0.4173828125,0.4021484375
3,145,0,0,0,3,117,776,2142,2077,5115,0.0,0.0,0.0,0.00058651026393,0.022873900293255,0.151710654936461,0.418768328445748,0.406060606060606
3,146,0,0,0,6,104,718,2218,2064,5110,0.0,0.0,0.0,0.001174168297456,0.020352250489237,0.140508806262231,0.434050880626223,0.403913894324853
3,147,0,0,0,12,86,760,2206,2041,5105,0.0,0.0,0.0,0.002350636630754,0.016846229187071,0.148873653281097,0.432125367286974,0.399804113614104
3,148,0,0,0,8,117,764,2156,2055,5100,0.0,0.0,0.0,0.00156862745098,0.022941176470588,0.149803921568627,0.422745098039216,0.402941176470588
3,149,0,0,1,4,114,784,2107,2085,5095,0.0,0.0,0.000196270853778,0.000785083415113,0.022374877330716,0.15387634936212,0.413542688910697,0.409224730127576
3,150,0,0,0,6,111,772,2128,2073,5090,0.0,0.0,0.0,0.001178781925344,0.021807465618861,0.151669941060904,0.418074656188605,0.407269155206287
3,151,0,0,1,11,120,753,2122,2078,5085,0.0,0.0,0.000196656833825,0.002163225172075,0.023598820058997,0.148082595870207,0.417305801376598,0.408652900688299
3,152,0,0,0,8,116,689,2205,2062,5080,0.0,0.0,0.0,0.001574803149606,0.022834645669291,0.135629921259843,0.434055118110236,0.405905511811024
3,153,0,0,1,7,111,739,2213,2004,5075,0.0,0.0,0.000197044334975,0.001379310344828,0.021871921182266,0.145615763546798,0.436059113300493,0.39487684729064
3,154,0,0,0,6,114,784,2104,2062,5070,0.0,0.0,0.0,0.001183431952663,0.022485207100592,0.154635108481262,0.414990138067061,0.406706114398422
3,155,0,0,0,5,117,769,2144,2030,5065,0.0,0.0,0.0,0.000987166831194,0.023099703849951,0.15182625863771,0.42329713721619,0.400789733464956
3,156,0,0,0,4,118,757,2157,2024,5060,0.0,0.0,0.0,0.000790513833992,0.023320158102767,0.149604743083004,0.426284584980237,0.4
3,157,0,0,0,7,122,769,2119,2038,5055,0.0,0.0,0.0,0.001384767556874,0.024134520276954,0.152126607319486,0.419188921859545,0.403165182987141
3,158,0,0,0,7,122,710,2137,2074,5050,0.0,0.0,0.0,0.001386138613861,0.024158415841584,0.140594059405941,0.423168316831683,0.410693069306931
3,159,0,0,0,6,109,720,2202,2008,5045,0.0,0.0,0.0,0.001189296333003,0.021605550049554,0.142715559960357,0.436471754212091,0.398017839444995
3,160,0,0,0,3,110,778,2193,1956,5040,0.0,0.0,0.0,0.000595238095238,0.021825396825397,0.154365079365079,0.435119047619048,0.388095238095238
3,161,0,0,0,11,117,750,2078,2079,5035,0.0,0.0,0.0,0.002184707050645,0.023237338629593,0.148957298907646,0.412711022840119,0.412909632571996
3,162,0,0,1,7,112,733,2078,2099,5030,0.0,0.0,0.000198807157058,0.001391650099404,0.022266401590457,0.14572564612326,0.413121272365805,0.417296222664016
3,163,0,0,0,7,108,748,2045,2117,5025,0.0,0.0,0.0,0.001393034825871,0.021492537313433,0.148855721393035,0.406965174129353,0.421293532338308
3,164,0,0,0,5,116,754,2124,2021,5020,0.0,0.0,0.0,0.000996015936255,0.023107569721116,0.150199203187251,0.423107569721116,0.402589641434263
3,165,0,0,0,4,132,737,2091,2051,5015,0.0,0.0,0.0,0.000797607178465,0.026321036889332,0.146959122632104,0.416949152542373,0.408973080757727
3,166,0,0,0,1,100,793,2105,2011,5010,0.0,0.0,0.0,0.000199600798403,0.019960079840319,0.158283433133733,0.420159680638723,0.401397205588822
3,167,0,0,1,9,95,746,2126,2028,5005,0.0,0.0,0.0001998001998,0.001798201798202,0.018981018981019,0.149050949050949,0.424775224775225,0.405194805194805
3,168,0,0,0,9,89,735,2136,2031,5000,0.0,0.0,0.0,0.0018,0.0178,0.147,0.4272,0.4062
3,169,0,0,0,6,118,780,2110,1981,4995,0.0,0.0,0.0,0.001201201201201,0.023623623623624,0.156156156156156,0.422422422422422,0.396596596596597
3,170,0,0,0,4,110,774,2130,1972,4990,0.0,0.0,0.0,0.000801603206413,0.022044088176353,0.155110220440882,0.42685370741483,0.395190380761523
3,171,0,0,0,3,130,753,2141,1958,4985,0.0,0.0,0.0,0.000601805416249,0.026078234704112,0.151053159478435,0.429488465396189,0.392778335005015
3,172,0,0,1,11,128,722,2185,1933,4980,0.0,0.0,0.000200803212851,0.002208835341365,0.02570281124498,0.144979919678715,0.438755020080321,0.388152610441767
3,173,0,0,0,4,104,716,2136,2015,4975,0.0,0.0,0.0,0.000804020100503,0.020904522613065,0.14391959798995,0.429346733668342,0.405025125628141
3,174,0,0,0,4,91,713,2081,2081,4970,0.0,0.0,0.0,0.000804828973843,0.01830985915493,0.143460764587525,0.418712273641851,0.418712273641851
3,175,0,0,0,9,107,757,2029,2063,4965,0.0,0.0,0.0,0.001812688821752,0.021550855991944,0.152467270896274,0.408660624370594,0.415508559919436
3,176,0,0,0,8,119,727,2107,1999,4960,0.0,0.0,0.0,0.001612903225806,0.023991935483871,0.146572580645161,0.424798387096774,0.403024193548387
3,177,0,0,0,3,115,738,2084,2015,4955,0.0,0.0,0.0,0.000605449041372,0.023208879919273,0.148940464177598,0.42058526740666,0.406659939455096
3,178,0,0,0,2,101,761,2131,1955,4950,0.0,0.0,0.0,0.00040404040404,0.02040404040404,0.153737373737374,0.430505050505051,0.394949494949495
3,179,0,0,0,5,106,726,2106,2002,4945,0.0,0.0,0.0,0.001011122345804,0.021435793731041,0.146814964610718,0.425884732052578,0.404853387259858
3,180,0,0,0,8,95,727,2129,1981,4940,0.0,0.0,0.0,0.001619433198381,0.019230769230769,0.147165991902834,0.430971659919028,0.401012145748988
3,181,0,0,0,11,92,707,2132,1993,4935,0.0,0.0,0.0,0.002228976697062,0.018642350557244,0.143262411347518,0.432016210739615,0.403850050658561
3,182,0,0,0,8,121,769,2041,1991,4930,0.0,0.0,0.0,0.001622718052738,0.024543610547667,0.155983772819473,0.413995943204868,0.403853955375254
3,183,0,0,0,7,105,743,2085,1985,4925,0.0,0.0,0.0,0.001421319796954,0.021319796954315,0.150862944162437,0.423350253807107,0.403045685279188
3,184,0,0,0,3,108,693,2126,1990,4920,0.0,0.0,0.0,0.000609756097561,0.021951219512195,0.140853658536585,0.432113821138211,0.404471544715447
3,185,0,0,1,3,118,730,2087,1976,4915,0.0,0.0,0.000203458799593,0.000610376398779,0.024008138351984,0.14852492370295,0.424618514750763,0.402034587995931
3,186,0,0,0,11,116,742,2109,1932,4910,0.0,0.0,0.0,0.00224032586558,0.023625254582485,0.15112016293279,0.429531568228106,0.393482688391039
3,187,0,0,0,4,110,716,2083,1992,4905,0.0,0.0,0.0,0.000815494393476,0.022426095820591,0.145973496432212,0.42466870540265,0.40611620795107
3,188,0,0,0,6,108,756,2081,1949,4900,0.0,0.0,0.0,0.001224489795918,0.022040816326531,0.154285714285714,0.42469387755102,0.397755102040816
3,189,0,0,0,3,99,690,2066,2037,4895,0.0,0.0,0.0,0.000612870275792,0.020224719101124,0.140960163432074,0.422063329928498,0.416138917262513
3,190,0,0,0,9,95,755,2070,1961,4890,0.0,0.0,0.0,0.001840490797546,0.019427402862986,0.15439672801636,0.423312883435583,0.401022494887526
3,191,0,0,0,4,113,755,2045,1968,4885,0.0,0.0,0.0,0.000818833162743,0.023132036847492,0.154554759467758,0.418628454452405,0.402865916069601
3,192,0,0,0,4,92,748,2118,1918,4880,0.0,0.0,0.0,0.000819672131148,0.018852459016393,0.15327868852459,0.434016393442623,0.393032786885246
3,193,0,0,0,9,106,754,2102,1904,4875,0.0,0.0,0.0,0.001846153846154,0.02174358974359,0.154666666666667,0.431179487179487,0.390564102564103
3,194,0,0,0,4,99,734,2084,1949,4870,0.0,0.0,0.0,0.00082135523614,0.020328542094456,0.150718685831622,0.427926078028747,0.400205338809035
3,195,0,0,0,5,105,721,1997,2037,4865,0.0,0.0,0.0,0.001027749229188,0.02158273381295,0.148201438848921,0.410483042137718,0.418705035971223
3,196,0,0,0,5,101,739,2077,1938,4860,0.0,0.0,0.0,0.001028806584362,0.020781893004115,0.152057613168724,0.427366255144033,0.398765432098765
3,197,0,0,1,7,106,687,2146,1908,4855,0.0,0.0,0.000205973223481,0.001441812564367,0.02183316168898,0.141503604531411,0.442018537590113,0.392996910401648
3,198,0,0,0,5,116,690,2044,1995,4850,0.0,0.0,0.0,0.001030927835052,0.023917525773196,0.142268041237113,0.421443298969072,0.411340206185567
3,199,0,0,0,4,111,731,2097,1902,4845,0.0,0.0,0.0,0.000825593395253,0.022910216718266,0.150877192982456,0.4328173374613,0.392569659442724
3,200,0,0,0,10,110,717,2066,1937,4840,0.0,0.0,0.0,0.002066115702479,0.022727272727273,0.148140495867769,0.426859504132231,0.400206611570248
3,201,0,0,1,7,92,748,2002,1985,4835,0.0,0.0,0.000206825232678,0.001447776628749,0.019027921406412,0.154705274043433,0.41406411582213,0.410548086866598
3,202,0,0,0,6,104,729,2037,1954,4830,0.0,0.0,0.0,0.001242236024845,0.021532091097308,0.150931677018634,0.421739130434783,0.404554865424431
3,203,0,0,0,8,120,718,2026,1953,4825,0.0,0.0,0.0,0.001658031088083,0.024870466321244,0.14880829015544,0.419896373056995,0.404766839378238
3,204,0,0,0,9,113,719,2016,1963,4820,0.0,0.0,0.0,0.001867219917012,0.02344398340249,0.149170124481328,0.418257261410788,0.407261410788382
3,205,0,0,0,10,105,713,2074,1913,4815,0.0,0.0,0.0,0.002076843198339,0.021806853582555,0.148078920041537,0.43073727933541,0.39730010384216
3,206,0,0,0,8,125,712,1989,1976,4810,0.0,0.0,0.0,0.001663201663202,0.025987525987526,0.148024948024948,0.413513513513514,0.410810810810811
3,207,0,0,0,5,119,730,2037,1914,4805,0.0,0.0,0.0,0.001040582726327,0.024765868886576,0.151925078043704,0.423933402705515,0.398335067637877
3,208,0,0,1,7,104,743,2006,1939,4800,0.0,0.0,0.000208333333333,0.001458333333333,0.021666666666667,0.154791666666667,0.417916666666667,0.403958333333333
3,209,0,0,0,2,111,727,2014,1941,4795,0.0,0.0,0.0,0.000417101147028,0.023149113660063,0.151616266944734,0.420020855057351,0.404796663190824
3,210,0,0,0,5,99,732,2057,1897,4790,0.0,0.0,0.0,0.001043841336117,0.020668058455115,0.152818371607516,0.429436325678497,0.396033402922756
3,211,0,0,0,8,98,711,2023,1945,4785,0.0,0.0,0.0,0.001671891327064,0.020480668756531,0.14858934169279,0.422779519331243,0.406478578892372
3,212,0,0,1,2,109,684,2031,1953,4780,0.0,0.0,0.000209205020921,0.000418410041841,0.022803347280335,0.143096234309623,0.42489539748954,0.408577405857741
3,213,0,0,0,7,104,722,2009,1933,4775,0.0,0.0,0.0,0.001465968586387,0.021780104712042,0.151204188481675,0.420732984293194,0.404816753926702
3,214,0,0,0,8,92,718,2037,1915,4770,0.0,0.0,0.0,0.00167714884696,0.019287211740042,0.150524109014675,0.427044025157233,0.40146750524109
3,215,0,0,0,8,110,688,2032,1927,4765,0.0,0.0,0.0,0.001678908709339,0.02308499475341,0.144386149003148,0.426442812172088,0.404407135362015
3,216,0,0,0,3,120,723,1989,1925,4760,0.0,0.0,0.0,0.00063025210084,0.025210084033613,0.151890756302521,0.417857142857143,0.404411764705882
3,217,0,0,1,6,105,724,2048,1871,4755,0.0,0.0,0.000210304942166,0.001261829652997,0.022082018927445,0.152260778128286,0.430704521556257,0.39348054679285
3,218,0,0,0,8,107,740,1998,1897,4750,0.0,0.0,0.0,0.001684210526316,0.022526315789474,0.155789473684211,0.420631578947368,0.399368421052632
3,219,0,0,0,11,103,713,2016,1902,4745,0.0,0.0,0.0,0.00231822971549,0.021707060063224,0.150263435194942,0.424868282402529,0.400842992623815
3,220,0,0,0,9,91,727,2031,1882,4740,0.0,0.0,0.0,0.001898734177215,0.019198312236287,0.15337552742616,0.428481012658228,0.39704641350211
3,221,0,0,1,7,101,713,2051,1862,4735,0.0,0.0,0.000211193241816,0.001478352692714,0.021330517423442,0.150580781414995,0.433157338965153,0.39324181626188
3,222,0,0,0,5,100,726,1955,1944,4730,0.0,0.0,0.0,0.001057082452431,0.021141649048626,0.153488372093023,0.413319238900634,0.410993657505285
3,223,0,0,0,9,108,700,2016,1892,4725,0.0,0.0,0.0,0.001904761904762,0.022857142857143,0.148148148148148,0.426666666666667,0.40042328042328
3,224,0,0,0,11,101,739,1976,1893,4720,0.0,0.0,0.0,0.002330508474576,0.021398305084746,0.156567796610169,0.41864406779661,0.401059322033898
3,225,0,0,0,5,86,738,2018,1868,4715,0.0,0.0,0.0,0.001060445387063,0.018239660657476,0.156521739130435,0.427995758218452,0.396182396606575
3,226,0,0,0,4,117,670,1957,1962,4710,0.0,0.0,0.0,0.000849256900212,0.02484076433121,0.142250530785563,0.415498938428875,0.41656050955414
3,227,0,0,0,16,100,723,2001,1865,4705,0.0,0.0,0.0,0.003400637619554,0.02125398512221,0.153666312433581,0.42529224229543,0.396386822529224
3,228,0,0,0,8,109,700,1969,1914,4700,0.0,0.0,0.0,0.001702127659574,0.023191489361702,0.148936170212766,0.418936170212766,0.407234042553192
3,229,0,1,0,7,102,779,1932,1874,4695,0.0,0.000212992545261,0.0,0.001490947816826,0.021725239616613,0.165921192758253,0.411501597444089,0.399148029818956
3,230,0,0,0,6,90,721,1997,1876,4690,0.0,0.0,0.0,0.001279317697228,0.019189765458422,0.153731343283582,0.425799573560768,0.4
3,231,0,0,0,6,103,724,1985,1867,4685,0.0,0.0,0.0,0.00128068303095,0.021985058697972,0.154535752401281,0.423692636072572,0.398505869797225
3,232,0,0,0,7,102,692,2015,1864,4680,0.0,0.0,0.0,0.001495726495726,0.021794871794872,0.147863247863248,0.430555555555556,0.398290598290598
3,233,0,0,0,2,106,707,1964,1896,4675,0.0,0.0,0.0,0.000427807486631,0.022673796791444,0.151229946524064,0.420106951871658,0.405561497326203
3,234,0,0,0,2,110,675,1979,1904,4670,0.0,0.0,0.0,0.000428265524625,0.02355460385439,0.144539614561028,0.423768736616702,0.407708779443255
3,235,0,0,1,6,125,765,1992,1776,4665,0.0,0.0,0.00021436227224,0.001286173633441,0.026795284030011,0.163987138263666,0.427009646302251,0.380707395498392
3,236,0,0,0,4,102,684,2007,1863,4660,0.0,0.0,0.0,0.000858369098712,0.021888412017167,0.146781115879828,0.43068669527897,0.399785407725322
3,237,0,0,0,7,106,719,1953,1870,4655,0.0,0.0,0.0,0.001503759398496,0.022771213748657,0.154457572502685,0.419548872180451,0.40171858216971
3,238,0,0,0,6,107,732,1941,1864,4650,0.0,0.0,0.0,0.001290322580645,0.023010752688172,0.15741935483871,0.41741935483871,0.400860215053763
3,239,0,0,0,7,90,702,1979,1867,4645,0.0,0.0,0.0,0.001506996770721,0.019375672766416,0.151130247578041,0.426049515608181,0.401937567276642
3,240,0,0,0,4,106,670,1958,1902,4640,0.0,0.0,0.0,0.000862068965517,0.022844827586207,0.144396551724138,0.42198275862069,0.409913793103448
3,241,0,0,0,5,90,703,1909,1928,4635,0.0,0.0,0.0,0.001078748651564,0.019417475728155,0.151672060409924,0.411866235167206,0.41596548004315
3,242,0,0,0,5,101,700,1942,1882,4630,0.0,0.0,0.0,0.001079913606911,0.021814254859611,0.151187904967603,0.419438444924406,0.406479481641469
3,243,0,0,0,3,97,672,2015,1838,4625,0.0,0.0,0.0,0.000648648648649,0.020972972972973,0.145297297297297,0.435675675675676,0.397405405405405
3,244,0,0,0,9,104,749,1945,1813,4620,0.0,0.0,0.0,0.001948051948052,0.022510822510823,0.162121212121212,0.420995670995671,0.392424242424242
3,245,0,0,0,5,91,661,2044,1814,4615,0.0,0.0,0.0,0.001083423618635,0.019718309859155,0.143228602383532,0.442903575297941,0.393066088840737
3,246,0,0,0,3,98,688,1928,1893,4610,0.0,0.0,0.0,0.000650759219089,0.021258134490239,0.149240780911063,0.41822125813449,0.410629067245119
3,247,0,0,1,7,104,676,1985,1832,4605,0.0,0.0,0.000217155266015,0.001520086862106,0.022584147665581,0.146796959826276,0.431053203040174,0.397828447339848
3,248,0,0,0,10,113,685,1966,1826,4600,0.0,0.0,0.0,0.002173913043478,0.024565217391304,0.148913043478261,0.427391304347826,0.39695652173913
3,249,0,0,0,6,111,692,1917,1869,4595,0.0,0.0,0.0,0.001305767138194,0.024156692056583,0.150598476605005,0.417192600652884,0.406746463547334
3,250,0,0,1,9,100,669,1961,1850,4590,0.0,0.0,0.000217864923747,0.001960784313725,0.021786492374728,0.145751633986928,0.42723311546841,0.403050108932462
3,251,0,0,0,4,103,672,1988,1818,4585,0.0,0.0,0.0,0.000872410032715,0.022464558342421,0.146564885496183,0.433587786259542,0.396510359869139
3,252,0,0,0,5,103,705,1914,1853,4580,0.0,0.0,0.0,0.001091703056769,0.022489082969432,0.153930131004367,0.417903930131004,0.404585152838428
3,253,0,0,0,11,87,687,1939,1851,4575,0.0,0.0,0.0,0.002404371584699,0.019016393442623,0.150163934426229,0.423825136612022,0.404590163934426
3,254,0,0,0,6,113,668,1913,1870,4570,0.0,0.0,0.0,0.001312910284464,0.02472647702407,0.14617067833698,0.418599562363239,0.409190371991247
3,255,0,0,0,4,100,680,1917,1864,4565,0.0,0.0,0.0,0.000876232201533,0.021905805038335,0.148959474260679,0.419934282584885,0.408324205914567
3,256,0,0,0,8,96,710,1934,1812,4560,0.0,0.0,0.0,0.001754385964912,0.021052631578947,0.155701754385965,0.424122807017544,0.397368421052632
3,257,0,0,0,5,102,668,1961,1819,4555,0.0,0.0,0.0,0.001097694840834,0.022392974753019,0.146652030735456,0.430515916575192,0.399341383095499
3,258,0,0,0,6,103,678,1954,1809,4550,0.0,0.0,0.0,0.001318681318681,0.022637362637363,0.149010989010989,0.429450549450549,0.397582417582418
3,259,0,0,0,5,101,677,1905,1857,4545,0.0,0.0,0.0,0.001100110011001,0.022222222222222,0.148954895489549,0.419141914191419,0.408580858085809
3,260,0,0,0,12,100,678,1937,1813,4540,0.0,0.0,0.0,0.002643171806167,0.022026431718062,0.149339207048458,0.426651982378855,0.399339207048458
3,261,0,0,0,2,116,649,1881,1887,4535,0.0,0.0,0.0,0.000441014332966,0.025578831312018,0.143109151047409,0.414773980154355,0.416097023153252
3,262,0,0,0,7,97,706,1919,1801,4530,0.0,0.0,0.0,0.001545253863135,0.021412803532009,0.155849889624724,0.423620309050773,0.39757174392936
3,263,0,0,0,7,105,697,1892,1824,4525,0.0,0.0,0.0,0.001546961325967,0.023204419889503,0.154033149171271,0.418121546961326,0.403093922651934
3,264,0,0,0,6,96,639,1857,1922,4520,0.0,0.0,0.0,0.001327433628319,0.021238938053097,0.141371681415929,0.410840707964602,0.425221238938053
3,265,0,0,1,8,108,664,1971,1763,4515,0.0,0.0,0.000221483942414,0.001771871539313,0.023920265780731,0.147065337763012,0.436544850498339,0.39047619047619
3,266,0,0,1,6,106,632,1928,1837,4510,0.0,0.0,0.000221729490022,0.001330376940133,0.02350332594235,0.140133037694013,0.427494456762749,0.407317073170732
3,267,0,0,1,8,99,672,1908,1817,4505,0.0,0.0,0.000221975582686,0.001775804661487,0.021975582685905,0.149167591564928,0.423529411764706,0.403329633740289
3,268,0,0,0,5,109,695,1890,1801,4500,0.0,0.0,0.0,0.001111111111111,0.024222222222222,0.154444444444444,0.42,0.400222222222222
3,269,0,0,0,8,103,709,1866,1809,4495,0.0,0.0,0.0,0.001779755283648,0.022914349276974,0.157730812013348,0.415127919911012,0.402447163515017
3,270,0,0,0,4,103,655,1912,1816,4490,0.0,0.0,0.0,0.000890868596882,0.02293986636971,0.145879732739421,0.425835189309577,0.40445434298441
3,271,0,0,0,7,80,678,1860,1860,4485,0.0,0.0,0.0,0.001560758082497,0.01783723522854,0.151170568561873,0.414715719063545,0.414715719063545
3,272,0,0,0,9,89,691,1916,1775,4480,0.0,0.0,0.0,0.002008928571429,0.019866071428571,0.154241071428571,0.427678571428571,0.396205357142857
3,273,0,0,0,4,87,660,1882,1842,4475,0.0,0.0,0.0,0.000893854748603,0.019441340782123,0.147486033519553,0.420558659217877,0.411620111731844
3,274,0,0,1,3,90,658,1878,1840,4470,0.0,0.0,0.000223713646532,0.000671140939597,0.020134228187919,0.147203579418345,0.420134228187919,0.411633109619687
3,275,0,0,0,7,85,680,1956,1737,4465,0.0,0.0,0.0,0.001567749160134,0.019036954087346,0.152295632698768,0.438073908174692,0.389025755879059
3,276,0,0,0,8,92,643,1907,1810,4460,0.0,0.0,0.0,0.001793721973094,0.020627802690583,0.144170403587444,0.427578475336323,0.405829596412556
3,277,0,0,0,4,86,681,1888,1796,4455,0.0,0.0,0.0,0.000897867564534,0.019304152637486,0.152861952861953,0.423793490460157,0.40314253647587
3,278,0,0,0,9,100,671,1901,1769,4450,0.0,0.0,0.0,0.002022471910112,0.02247191011236,0.150786516853933,0.427191011235955,0.39752808988764
3,279,0,0,0,6,104,649,1902,1784,4445,0.0,0.0,0.0,0.001349831271091,0.023397075365579,0.146006749156355,0.427896512935883,0.401349831271091
3,280,0,0,0,13,108,651,1901,1767,4440,0.0,0.0,0.0,0.002927927927928,0.024324324324324,0.146621621621622,0.428153153153153,0.397972972972973
3,281,0,0,0,8,94,631,1924,1778,4435,0.0,0.0,0.0,0.001803833145434,0.02119503945885,0.14227733934611,0.433821871476888,0.400901916572717
3,282,0,0,0,3,88,654,1920,1765,4430,0.0,0.0,0.0,0.000677200902935,0.019864559819413,0.147629796839729,0.433408577878104,0.398419864559819
3,283,0,0,0,6,103,668,1900,1748,4425,0.0,0.0,0.0,0.00135593220339,0.023276836158192,0.150960451977401,0.429378531073446,0.395028248587571
3,284,0,0,0,5,118,670,1816,1811,4420,0.0,0.0,0.0,0.001131221719457,0.026696832579186,0.15158371040724,0.410859728506787,0.40972850678733
3,285,0,0,0,8,100,648,1909,1750,4415,0.0,0.0,0.0,0.001812004530011,0.022650056625142,0.146772366930917,0.432389580973952,0.396375990939977
3,286,0,0,0,3,88,650,1863,1806,4410,0.0,0.0,0.0,0.000680272108844,0.019954648526077,0.147392290249433,0.422448979591837,0.40952380952381
3,287,0,0,0,8,85,694,1883,1735,4405,0.0,0.0,0.0,0.001816118047673,0.019296254256527,0.157548240635641,0.427468785471056,0.393870601589103
3,288,0,0,0,1,102,715,1855,1727,4400,0.0,0.0,0.0,0.000227272727273,0.023181818181818,0.1625,0.421590909090909,0.3925
3,289,0,0,0,7,91,658,1868,1771,4395,0.0,0.0,0.0,0.001592718998862,0.02070534698521,0.14971558589306,0.425028441410694,0.402957906712173
3,290,0,0,0,4,110,670,1881,1725,4390,0.0,0.0,0.0,0.000911161731207,0.0250569476082,0.152619589977221,0.428473804100228,0.392938496583144
3,291,0,0,0,5,92,685,1840,1763,4385,0.0,0.0,0.0,0.001140250855188,0.020980615735462,0.156214367160775,0.419612314709236,0.402052451539339
3,292,0,0,0,6,104,630,1887,1753,4380,0.0,0.0,0.0,0.001369863013699,0.023744292237443,0.143835616438356,0.430821917808219,0.400228310502283
3,293,0,0,0,6,90,663,1835,1781,4375,0.0,0.0,0.0,0.001371428571429,0.020571428571429,0.151542857142857,0.419428571428571,0.407085714285714
3,294,0,0,0,7,98,642,1900,1723,4370,0.0,0.0,0.0,0.001601830663616,0.022425629290618,0.146910755148741,0.434782608695652,0.394279176201373
3,295,0,0,0,7,110,667,1856,1725,4365,0.0,0.0,0.0,0.001603665521191,0.025200458190149,0.152806414662085,0.425200458190149,0.395189003436426
3,296,0,0,0,5,117,688,1822,1728,4360,0.0,0.0,0.0,0.001146788990826,0.026834862385321,0.157798165137615,0.417889908256881,0.396330275229358
3,297,0,0,0,8,93,601,1900,1753,4355,0.0,0.0,0.0,0.001836969001148,0.021354764638347,0.138002296211251,0.436280137772675,0.402525832376579
3,298,0,0,1,8,87,626,1872,1756,4350,0.0,0.0,0.000229885057471,0.00183908045977,0.02,0.143908045977011,0.430344827586207,0.40367816091954
3,299,0,0,0,8,114,605,1854,1764,4345,0.0,0.0,0.0,0.001841196777906,0.026237054085155,0.139240506329114,0.426697353279632,0.405983889528193
3,300,0,0,1,4,88,657,1833,1757,4340,0.0,0.0,0.000230414746544,0.000921658986175,0.020276497695853,0.151382488479263,0.422350230414747,0.404838709677419
3,301,0,0,1,4,96,684,1844,1706,4335,0.0,0.0,0.000230680507497,0.000922722029988,0.022145328719723,0.157785467128028,0.425374855824683,0.393540945790081
3,302,0,0,0,6,88,663,1814,1759,4330,0.0,0.0,0.0,0.001385681293303,0.020323325635104,0.153117782909931,0.418937644341801,0.406235565819861
3,303,0,0,0,3,78,687,1840,1717,4325,0.0,0.0,0.0,0.000693641618497,0.018034682080925,0.158843930635838,0.425433526011561,0.396994219653179
3,304,0,0,1,4,94,707,1787,1727,4320,0.0,0.0,0.000231481481481,0.000925925925926,0.021759259259259,0.163657407407407,0.413657407407407,0.399768518518519
3,305,0,0,0,7,93,643,1763,1809,4315,0.0,0.0,0.0,0.00162224797219,0.021552723059096,0.14901506373117,0.408574739281576,0.419235225955968
3,306,0,0,0,2,94,685,1816,1713,4310,0.0,0.0,0.0,0.00046403712297,0.021809744779582,0.158932714617169,0.421345707656613,0.397447795823666
3,307,0,0,1,9,100,588,1860,1747,4305,0.0,0.0,0.000232288037166,0.002090592334495,0.023228803716609,0.136585365853659,0.43205574912892,0.405807200929152
3,308,0,0,0,6,91,661,1842,1700,4300,0.0,0.0,0.0,0.001395348837209,0.021162790697674,0.153720930232558,0.428372093023256,0.395348837209302
3,309,0,0,0,3,97,676,1797,1722,4295,0.0,0.0,0.0,0.00069848661234,0.022584400465658,0.157392316647264,0.418393480791618,0.40093131548312
3,310,0,0,0,7,81,619,1889,1694,4290,0.0,0.0,0.0,0.001631701631702,0.018881118881119,0.144289044289044,0.44032634032634,0.394871794871795
3,311,0,0,0,4,87,663,1854,1677,4285,0.0,0.0,0.0,0.000933488914819,0.020303383897316,0.154725787631272,0.43267211201867,0.391365227537923
3,312,0,0,1,9,100,655,1831,1684,4280,0.0,0.0,0.000233644859813,0.002102803738318,0.023364485981308,0.15303738317757,0.427803738317757,0.393457943925234
3,313,0,0,0,3,91,656,1759,1766,4275,0.0,0.0,0.0,0.000701754385965,0.021286549707602,0.153450292397661,0.411461988304094,0.413099415204678
3,314,0,0,0,5,112,665,1797,1691,4270,0.0,0.0,0.0,0.001170960187354,0.026229508196721,0.155737704918033,0.420843091334895,0.396018735362998
3,315,0,0,0,7,93,631,1766,1768,4265,0.0,0.0,0.0,0.001641266119578,0.021805392731536,0.147948417350528,0.414067995310668,0.414536928487691
3,316,0,0,0,8,83,648,1837,1684,4260,0.0,0.0,0.0,0.0018779342723,0.019483568075117,0.152112676056338,0.431220657276995,0.395305164319249
3,317,0,0,0,8,100,654,1795,1698,4255,0.0,0.0,0.0,0.001880141010576,0.023501762632197,0.153701527614571,0.421856639247944,0.399059929494712
3,318,0,0,0,4,86,621,1820,1719,4250,0.0,0.0,0.0,0.000941176470588,0.020235294117647,0.146117647058824,0.428235294117647,0.404470588235294
3,319,0,0,0,3,100,625,1810,1707,4245,0.0,0.0,0.0,0.000706713780919,0.023557126030624,0.147232037691402,0.426383981154299,0.402120141342756
3,320,0,0,0,5,111,638,1774,1712,4240,0.0,0.0,0.0,0.001179245283019,0.026179245283019,0.150471698113208,0.418396226415094,0.40377358490566
3,321,0,0,0,5,82,607,1827,1714,4235,0.0,0.0,0.0,0.001180637544274,0.019362455726092,0.143329397874852,0.431404958677686,0.404722550177096
3,322,0,0,0,8,86,637,1876,1623,4230,0.0,0.0,0.0,0.001891252955083,0.020330969267139,0.150591016548463,0.443498817966903,0.383687943262411
3,323,0,0,0,7,86,648,1778,1706,4225,0.0,0.0,0.0,0.001656804733728,0.020355029585799,0.153372781065089,0.420828402366864,0.403786982248521
3,324,0,0,0,7,102,614,1811,1686,4220,0.0,0.0,0.0,0.001658767772512,0.024170616113744,0.145497630331754,0.42914691943128,0.399526066350711
3,325,0,0,0,5,82,614,1794,1720,4215,0.0,0.0,0.0,0.001186239620403,0.019454329774614,0.145670225385528,0.425622775800712,0.408066429418743
3,326,0,0,0,7,101,647,1794,1661,4210,0.0,0.0,0.0,0.00166270783848,0.023990498812352,0.153681710213777,0.426128266033254,0.394536817102138
3,327,0,0,0,5,97,646,1757,1700,4205,0.0,0.0,0.0,0.001189060642093,0.023067776456599,0.153626634958383,0.417835909631391,0.404280618311534
3,328,0,0,1,7,99,617,1728,1748,4200,0.0,0.0,0.000238095238095,0.001666666666667,0.023571428571429,0.146904761904762,0.411428571428571,0.416190476190476
3,329,0,0,0,6,81,637,1874,1597,4195,0.0,0.0,0.0,0.001430274135876,0.019308700834327,0.151847437425507,0.446722288438617,0.380691299165673
3,330,0,0,0,3,81,642,1757,1707,4190,0.0,0.0,0.0,0.000715990453461,0.019331742243437,0.153221957040573,0.419331742243437,0.407398568019093
3,331,0,0,0,6,84,664,1750,1681,4185,0.0,0.0,0.0,0.001433691756272,0.020071684587814,0.158661887694146,0.41816009557945,0.401672640382318
3,332,0,0,0,7,103,594,1744,1732,4180,0.0,0.0,0.0,0.001674641148325,0.024641148325359,0.142105263157895,0.417224880382775,0.414354066985646
3,333,0,0,0,6,83,604,1823,1659,4175,0.0,0.0,0.0,0.001437125748503,0.019880239520958,0.144670658682635,0.436646706586826,0.397365269461078
3,334,0,0,0,4,93,605,1804,1664,4170,0.0,0.0,0.0,0.000959232613909,0.022302158273381,0.145083932853717,0.432613908872902,0.399040767386091
3,335,0,0,0,8,83,626,1793,1655,4165,0.0,0.0,0.0,0.001920768307323,0.019927971188475,0.150300120048019,0.430492196878752,0.397358943577431
3,336,0,0,0,5,96,621,1826,1612,4160,0.0,0.0,0.0,0.001201923076923,0.023076923076923,0.149278846153846,0.438942307692308,0.3875
3,337,0,0,0,6,100,605,1736,1708,4155,0.0,0.0,0.0,0.0014440433213,0.024067388688327,0.14560770156438,0.417809867629362,0.411070998796631
3,338,0,0,0,8,87,625,1758,1672,4150,0.0,0.0,0.0,0.001927710843373,0.020963855421687,0.150602409638554,0.423614457831325,0.40289156626506
3,339,0,0,0,4,88,657,1785,1611,4145,0.0,0.0,0.0,0.000965018094089,0.021230398069964,0.158504221954162,0.430639324487334,0.388661037394451
3,340,0,0,1,6,81,637,1731,1684,4140,0.0,0.0,0.00024154589372,0.001449275362319,0.019565217391304,0.153864734299517,0.418115942028985,0.406763285024155
3,341,0,0,0,2,89,656,1747,1641,4135,0.0,0.0,0.0,0.000483675937122,0.021523579201935,0.158645707376058,0.422490931076179,0.396856106408706
3,342,0,0,0,4,80,585,1828,1633,4130,0.0,0.0,0.0,0.000968523002421,0.019370460048426,0.141646489104116,0.442615012106538,0.395399515738499
3,343,0,0,1,6,97,603,1750,1668,4125,0.0,0.0,0.000242424242424,0.001454545454545,0.023515151515152,0.146181818181818,0.424242424242424,0.404363636363636
3,344,0,0,0,5,92,640,1724,1659,4120,0.0,0.0,0.0,0.00121359223301,0.022330097087379,0.155339805825243,0.418446601941748,0.402669902912621
3,345,0,0,1,5,89,634,1758,1628,4115,0.0,0.0,0.000243013365735,0.001215066828676,0.021628189550425,0.154070473876063,0.427217496962333,0.395625759416768
3,346,0,0,0,4,116,666,1755,1569,4110,0.0,0.0,0.0,0.000973236009732,0.028223844282238,0.162043795620438,0.427007299270073,0.381751824817518
3,347,0,0,0,2,90,608,1743,1662,4105,0.0,0.0,0.0,0.000487210718636,0.021924482338611,0.148112058465286,0.424604141291108,0.404872107186358
3,348,0,0,0,4,102,569,1792,1633,4100,0.0,0.0,0.0,0.000975609756098,0.024878048780488,0.138780487804878,0.437073170731707,0.398292682926829
3,349,0,0,0,1,75,638,1764,1617,4095,0.0,0.0,0.0,0.0002442002442,0.018315018315018,0.155799755799756,0.430769230769231,0.394871794871795
3,350,0,0,0,4,103,642,1718,1623,4090,0.0,0.0,0.0,0.000977995110024,0.02518337408313,0.156968215158924,0.420048899755501,0.396821515892421
3,351,0,0,0,11,92,570,1732,1680,4085,0.0,0.0,0.0,0.002692778457772,0.022521419828641,0.13953488372093,0.423990208078335,0.411260709914321
3,352,0,0,0,7,92,619,1768,1594,4080,0.0,0.0,0.0,0.00171568627451,0.022549019607843,0.15171568627451,0.433333333333333,0.390686274509804
3,353,0,0,0,4,92,643,1708,1628,4075,0.0,0.0,0.0,0.000981595092025,0.022576687116564,0.157791411042945,0.419141104294479,0.399509202453988
3,354,0,0,0,8,97,632,1744,1589,4070,0.0,0.0,0.0,0.001965601965602,0.023832923832924,0.155282555282555,0.428501228501229,0.39041769041769
3,355,0,0,0,4,80,612,1696,1673,4065,0.0,0.0,0.0,0.000984009840098,0.019680196801968,0.150553505535055,0.417220172201722,0.411562115621156
3,356,0,0,0,5,89,670,1627,1669,4060,0.0,0.0,0.0,0.001231527093596,0.02192118226601,0.165024630541872,0.400738916256158,0.411083743842365
3,357,0,0,0,3,80,632,1652,1688,4055,0.0,0.0,0.0,0.000739827373613,0.019728729963009,0.155856966707768,0.407398273736128,0.416276202219482
3,358,0,0,0,9,99,653,1687,1602,4050,0.0,0.0,0.0,0.002222222222222,0.024444444444444,0.161234567901235,0.416543209876543,0.395555555555556
3,359,0,0,0,1,75,570,1754,1645,4045,0.0,0.0,0.0,0.000247218788628,0.018541409147095,0.140914709517923,0.433621755253399,0.406674907292954
3,360,0,0,0,5,87,640,1697,1611,4040,0.0,0.0,0.0,0.001237623762376,0.021534653465347,0.158415841584158,0.420049504950495,0.398762376237624
3,361,0,0,0,4,75,646,1698,1612,4035,0.0,0.0,0.0,0.000991325898389,0.018587360594796,0.160099132589839,0.420817843866171,0.399504337050805
3,362,0,0,0,3,96,582,1727,1622,4030,0.0,0.0,0.0,0.000744416873449,0.023821339950372,0.144416873449132,0.428535980148883,0.402481389578164
3,363,0,0,0,6,84,594,1724,1617,4025,0.0,0.0,0.0,0.001490683229814,0.020869565217391,0.147577639751553,0.42832298136646,0.401739130434783
3,364,0,0,0,5,75,613,1695,1632,4020,0.0,0.0,0.0,0.001243781094527,0.01865671641791,0.152487562189055,0.421641791044776,0.405970149253731
3,365,0,0,0,6,98,610,1716,1585,4015,0.0,0.0,0.0,0.001494396014944,0.024408468244085,0.151930261519303,0.427397260273973,0.394769613947696
3,366,0,0,0,5,88,611,1705,1601,4010,0.0,0.0,0.0,0.001246882793017,0.021945137157107,0.152369077306733,0.425187032418953,0.39925187032419
3,367,0,0,0,8,84,619,1638,1656,4005,0.0,0.0,0.0,0.001997503121099,0.020973782771536,0.154556803995006,0.408988764044944,0.413483146067416
3,368,0,0,0,7,79,564,1712,1638,4000,0.0,0.0,0.0,0.00175,0.01975,0.141,0.428,0.4095
3,369,0,0,0,3,81,579,1702,1630,3995,0.0,0.0,0.0,0.000750938673342,0.020275344180225,0.144931163954944,0.426032540675845,0.408010012515645
3,370,0,0,0,0,90,614,1690,1596,3990,0.0,0.0,0.0,0.0,0.022556390977444,0.153884711779449,0.423558897243108,0.4
3,371,0,0,1,8,86,615,1716,1559,3985,0.0,0.0,0.000250941028858,0.002007528230866,0.021580928481807,0.154328732747804,0.430614805520703,0.391217063989962
3,372,0,0,0,5,84,557,1778,1556,3980,0.0,0.0,0.0,0.001256281407035,0.021105527638191,0.139949748743719,0.446733668341709,0.390954773869347
3,373,0,0,0,3,85,638,1673,1576,3975,0.0,0.0,0.0,0.000754716981132,0.021383647798742,0.160503144654088,0.420880503144654,0.396477987421384
3,374,0,0,1,8,86,592,1638,1645,3970,0.0,0.0,0.000251889168766,0.002015113350126,0.021662468513854,0.14911838790932,0.412594458438287,0.414357682619647
3,375,0,0,0,6,56,642,1729,1532,3965,0.0,0.0,0.0,0.001513240857503,0.014123581336696,0.161916771752837,0.436065573770492,0.386380832282472
3,376,0,0,0,5,88,600,1642,1625,3960,0.0,0.0,0.0,0.001262626262626,0.022222222222222,0.151515151515152,0.414646464646465,0.410353535353535
3,377,0,0,0,3,80,571,1702,1599,3955,0.0,0.0,0.0,0.000758533501896,0.020227560050569,0.144374209860936,0.430341340075853,0.404298356510746
3,378,0,0,0,8,84,563,1676,1619,3950,0.0,0.0,0.0,0.002025316455696,0.02126582278481,0.14253164556962,0.424303797468354,0.409873417721519
3,379,0,0,0,4,71,593,1666,1611,3945,0.0,0.0,0.0,0.001013941698352,0.017997465145754,0.150316856780735,0.422306717363752,0.408365019011407
3,380,0,0,0,4,76,608,1670,1582,3940,0.0,0.0,0.0,0.001015228426396,0.019289340101523,0.154314720812183,0.423857868020305,0.401522842639594
3,381,0,0,0,4,75,618,1653,1585,3935,0.0,0.0,0.0,0.001016518424396,0.019059720457433,0.15705209656925,0.42007623888183,0.40279542566709
3,382,0,0,0,2,106,599,1641,1582,3930,0.0,0.0,0.0,0.000508905852417,0.026972010178117,0.152417302798982,0.417557251908397,0.402544529262087
3,383,0,0,0,5,102,572,1690,1556,3925,0.0,0.0,0.0,0.001273885350318,0.025987261146497,0.145732484076433,0.430573248407643,0.396433121019108
3,384,0,0,0,3,84,581,1653,1599,3920,0.0,0.0,0.0,0.000765306122449,0.021428571428571,0.148214285714286,0.421683673469388,0.407908163265306
3,385,0,0,1,5,85,570,1695,1559,3915,0.0,0.0,0.000255427841635,0.001277139208174,0.021711366538953,0.145593869731801,0.432950191570881,0.398212005108557
3,386,0,0,0,5,88,585,1669,1563,3910,0.0,0.0,0.0,0.001278772378517,0.022506393861893,0.149616368286445,0.426854219948849,0.399744245524297
3,387,0,0,0,9,77,603,1633,1583,3905,0.0,0.0,0.0,0.002304737516005,0.019718309859155,0.154417413572343,0.418181818181818,0.405377720870679
3,388,0,0,0,5,80,600,1582,1633,3900,0.0,0.0,0.0,0.001282051282051,0.020512820512821,0.153846153846154,0.405641025641026,0.418717948717949
3,389,0,0,0,6,82,572,1679,1556,3895,0.0,0.0,0.0,0.001540436456996,0.021052631578947,0.146854942233633,0.431065468549422,0.399486521181001
3,390,0,0,0,8,76,584,1655,1567,3890,0.0,0.0,0.0,0.002056555269923,0.019537275064267,0.15012853470437,0.425449871465296,0.402827763496144
3,391,0,0,0,5,82,573,1715,1510,3885,0.0,0.0,0.0,0.001287001287001,0.021106821106821,0.147490347490347,0.441441441441441,0.388674388674389
3,392,0,0,0,4,93,559,1676,1548,3880,0.0,0.0,0.0,0.001030927835052,0.023969072164948,0.144072164948454,0.431958762886598,0.398969072164948
3,393,0,0,0,4,91,560,1623,1597,3875,0.0,0.0,0.0,0.001032258064516,0.023483870967742,0.144516129032258,0.418838709677419,0.412129032258065
3,394,0,0,0,6,90,525,1627,1622,3870,0.0,0.0,0.0,0.001550387596899,0.023255813953488,0.135658914728682,0.420413436692506,0.419121447028424
3,395,0,0,0,4,88,564,1595,1614,3865,0.0,0.0,0.0,0.001034928848642,0.022768434670116,0.145924967658473,0.41267787839586,0.417593790426908
3,396,0,0,0,5,75,582,1611,1587,3860,0.0,0.0,0.0,0.001295336787565,0.019430051813472,0.150777202072539,0.417357512953368,0.411139896373057
3,397,0,0,0,9,83,549,1657,1557,3855,0.0,0.0,0.0,0.002334630350195,0.021530479896239,0.142412451361868,0.429831387808042,0.403891050583658
3,398,0,0,0,8,73,609,1619,1541,3850,0.0,0.0,0.0,0.002077922077922,0.018961038961039,0.158181818181818,0.420519480519481,0.40025974025974
3,399,0,0,0,9,71,630,1642,1493,3845,0.0,0.0,0.0,0.002340702210663,0.018465539661899,0.163849154746424,0.42704811443433,0.388296488946684
3,400,0,0,0,5,90,548,1642,1555,3840,0.0,0.0,0.0,0.001302083333333,0.0234375,0.142708333333333,0.427604166666667,0.404947916666667
3,401,0,0,0,7,84,562,1642,1540,3835,0.0,0.0,0.0,0.001825293350717,0.021903520208605,0.146544980443286,0.428161668839635,0.401564537157757
3,402,0,0,0,1,88,573,1607,1561,3830,0.0,0.0,0.0,0.000261096605744,0.022976501305483,0.149608355091384,0.419582245430809,0.40757180156658
3,403,0,0,0,6,93,568,1634,1524,3825,0.0,0.0,0.0,0.00156862745098,0.024313725490196,0.148496732026144,0.42718954248366,0.39843137254902
3,404,0,0,0,8,84,537,1604,1587,3820,0.0,0.0,0.0,0.002094240837696,0.021989528795812,0.140575916230366,0.419895287958115,0.41544502617801
3,405,0,0,0,5,82,559,1559,1610,3815,0.0,0.0,0.0,0.001310615989515,0.021494102228047,0.146526867627785,0.408650065530799,0.422018348623853
3,406,0,0,1,7,105,582,1600,1515,3810,0.0,0.0,0.000262467191601,0.001837270341207,0.02755905511811,0.152755905511811,0.41994750656168,0.397637795275591
3,407,0,0,0,1,70,513,1655,1566,3805,0.0,0.0,0.0,0.000262812089356,0.018396846254928,0.134822601839685,0.434954007884363,0.411563731931669
3,408,0,0,0,6,73,576,1588,1557,3800,0.0,0.0,0.0,0.001578947368421,0.019210526315789,0.151578947368421,0.417894736842105,0.409736842105263
3,409,0,0,0,4,72,577,1604,1538,3795,0.0,0.0,0.0,0.001054018445323,0.01897233201581,0.152042160737813,0.42266139657444,0.405270092226614
3,410,0,0,1,5,100,587,1570,1527,3790,0.0,0.0,0.000263852242744,0.00131926121372,0.026385224274406,0.154881266490765,0.414248021108179,0.402902374670185
3,411,0,0,0,7,74,601,1626,1477,3785,0.0,0.0,0.0,0.001849405548217,0.019550858652576,0.158784676354029,0.429590488771466,0.390224570673712
3,412,0,0,1,7,91,556,1548,1577,3780,0.0,0.0,0.00026455026455,0.001851851851852,0.024074074074074,0.147089947089947,0.40952380952381,0.417195767195767
3,413,0,0,0,8,80,544,1609,1534,3775,0.0,0.0,0.0,0.002119205298013,0.021192052980132,0.144105960264901,0.426225165562914,0.40635761589404
3,414,0,0,0,2,87,549,1657,1475,3770,0.0,0.0,0.0,0.00053050397878,0.023076923076923,0.145623342175066,0.439522546419098,0.391246684350133
3,415,0,0,0,8,75,554,1623,1505,3765,0.0,0.0,0.0,0.002124833997344,0.0199203187251,0.147144754316069,0.431075697211155,0.399734395750332
3,416,0,0,0,4,80,575,1602,1499,3760,0.0,0.0,0.0,0.001063829787234,0.021276595744681,0.152925531914894,0.426063829787234,0.398670212765957
3,417,0,0,0,2,82,509,1577,1585,3755,0.0,0.0,0.0,0.000532623169108,0.021837549933422,0.135552596537949,0.419973368841545,0.422103861517976
3,418,0,0,1,8,88,548,1575,1530,3750,0.0,0.0,0.000266666666667,0.002133333333333,0.023466666666667,0.146133333333333,0.42,0.408
3,419,0,0,0,5,84,609,1573,1474,3745,0.0,0.0,0.0,0.001335113484646,0.022429906542056,0.162616822429907,0.420026702269693,0.393591455273698
3,420,0,0,0,4,95,539,1605,1497,3740,0.0,0.0,0.0,0.001069518716578,0.025401069518717,0.144117647058824,0.429144385026738,0.400267379679144
3,421,0,0,0,7,95,566,1577,1490,3735,0.0,0.0,0.0,0.001874163319946,0.025435073627845,0.151539491298527,0.422222222222222,0.398929049531459
3,422,0,0,0,4,77,566,1573,1510,3730,0.0,0.0,0.0,0.001072386058981,0.020643431635389,0.151742627345845,0.42171581769437,0.404825737265416
3,423,0,0,0,2,99,556,1567,1501,3725,0.0,0.0,0.0,0.000536912751678,0.026577181208054,0.149261744966443,0.420671140939597,0.402953020134228
3,424,0,0,0,2,81,536,1606,1495,3720,0.0,0.0,0.0,0.000537634408602,0.021774193548387,0.144086021505376,0.431720430107527,0.401881720430108
3,425,0,0,1,4,75,582,1540,1513,3715,0.0,0.0,0.000269179004038,0.001076716016151,0.020188425302826,0.156662180349933,0.414535666218035,0.407267833109017
3,426,0,0,0,8,74,569,1544,1515,3710,0.0,0.0,0.0,0.002156334231806,0.019946091644205,0.153369272237197,0.416172506738545,0.408355795148248
3,427,0,0,0,4,70,570,1539,1522,3705,0.0,0.0,0.0,0.001079622132254,0.01889338731444,0.153846153846154,0.415384615384615,0.410796221322537
3,428,0,0,0,6,66,514,1605,1509,3700,0.0,0.0,0.0,0.001621621621622,0.017837837837838,0.138918918918919,0.433783783783784,0.407837837837838
3,429,0,0,0,3,82,569,1582,1459,3695,0.0,0.0,0.0,0.000811907983762,0.022192151556157,0.153991880920162,0.428146143437077,0.394857916102842
3,430,0,0,0,8,85,541,1552,1504,3690,0.0,0.0,0.0,0.002168021680217,0.023035230352304,0.146612466124661,0.42059620596206,0.407588075880759
3,431,0,0,0,11,79,559,1549,1487,3685,0.0,0.0,0.0,0.002985074626866,0.021438263229308,0.151696065128901,0.420352781546811,0.403527815468114
3,432,0,0,0,4,82,550,1550,1494,3680,0.0,0.0,0.0,0.001086956521739,0.022282608695652,0.14945652173913,0.421195652173913,0.405978260869565
3,433,0,0,0,6,80,535,1560,1494,3675,0.0,0.0,0.0,0.001632653061224,0.021768707482993,0.145578231292517,0.424489795918367,0.406530612244898
3,434,0,0,0,5,77,573,1580,1435,3670,0.0,0.0,0.0,0.001362397820163,0.020980926430518,0.156130790190736,0.430517711171662,0.391008174386921
3,435,0,0,0,5,81,561,1554,1464,3665,0.0,0.0,0.0,0.001364256480218,0.022100954979536,0.153069577080491,0.424010914051842,0.399454297407913
3,436,0,0,1,2,80,564,1524,1489,3660,0.0,0.0,0.000273224043716,0.000546448087432,0.021857923497268,0.154098360655738,0.416393442622951,0.406830601092896
3,437,0,0,0,2,86,560,1542,1465,3655,0.0,0.0,0.0,0.000547195622435,0.023529411764706,0.153214774281806,0.421887824897401,0.400820793433653
3,438,0,0,0,10,86,530,1562,1462,3650,0.0,0.0,0.0,0.002739726027397,0.023561643835616,0.145205479452055,0.427945205479452,0.400547945205479
3,439,0,0,0,5,66,543,1564,1467,3645,0.0,0.0,0.0,0.001371742112483,0.018106995884774,0.148971193415638,0.429080932784636,0.402469135802469
3,440,0,0,0,2,70,517,1575,1476,3640,0.0,0.0,0.0,0.000549450549451,0.019230769230769,0.142032967032967,0.432692307692308,0.405494505494505
3,441,0,0,0,3,74,525,1575,1458,3635,0.0,0.0,0.0,0.000825309491059,0.020357634112792,0.144429160935351,0.433287482806052,0.401100412654746
3,442,0,0,0,2,88,507,1526,1507,3630,0.0,0.0,0.0,0.000550964187328,0.024242424242424,0.139669421487603,0.420385674931129,0.415151515151515
3,443,0,0,0,4,75,531,1553,1462,3625,0.0,0.0,0.0,0.001103448275862,0.020689655172414,0.14648275862069,0.428413793103448,0.403310344827586
3,444,0,0,0,4,81,540,1555,1440,3620,0.0,0.0,0.0,0.001104972375691,0.022375690607735,0.149171270718232,0.429558011049724,0.397790055248619
3,445,0,0,1,5,81,538,1551,1439,3615,0.0,0.0,0.000276625172891,0.001383125864454,0.022406639004149,0.148824343015214,0.429045643153527,0.398063623789765
3,446,0,0,0,3,76,538,1524,1469,3610,0.0,0.0,0.0,0.000831024930748,0.021052631578947,0.149030470914127,0.422160664819945,0.406925207756233
3,447,0,0,0,5,77,590,1483,1450,3605,0.0,0.0,0.0,0.001386962552011,0.021359223300971,0.163661581137309,0.411373092926491,0.402219140083218
3,448,0,0,0,4,67,556,1533,1440,3600,0.0,0.0,0.0,0.001111111111111,0.018611111111111,0.154444444444444,0.425833333333333,0.4
3,449,0,0,0,9,89,571,1505,1421,3595,0.0,0.0,0.0,0.00250347705146,0.024756606397775,0.158831710709319,0.418636995827538,0.395271210013908
3,450,0,0,0,2,82,532,1517,1457,3590,0.0,0.0,0.0,0.000557103064067,0.022841225626741,0.148189415041783,0.422562674094708,0.405849582172702
3,451,0,0,0,7,83,529,1515,1451,3585,0.0,0.0,0.0,0.001952580195258,0.023152022315202,0.147559274755927,0.422594142259414,0.404741980474198
3,452,0,0,0,9,76,560,1520,1415,3580,0.0,0.0,0.0,0.002513966480447,0.02122905027933,0.156424581005587,0.424581005586592,0.395251396648045
3,453,0,0,0,4,66,511,1542,1452,3575,0.0,0.0,0.0,0.001118881118881,0.018461538461538,0.142937062937063,0.431328671328671,0.406153846153846
3,454,0,0,0,4,83,514,1537,1432,3570,0.0,0.0,0.0,0.001120448179272,0.023249299719888,0.143977591036415,0.430532212885154,0.401120448179272
3,455,0,0,0,4,76,541,1489,1455,3565,0.0,0.0,0.0,0.001122019635344,0.021318373071529,0.151753155680224,0.417671809256662,0.408134642356241
3,456,0,0,0,1,82,510,1519,1448,3560,0.0,0.0,0.0,0.000280898876404,0.023033707865169,0.143258426966292,0.426685393258427,0.406741573033708
3,457,0,0,0,4,66,565,1466,1454,3555,0.0,0.0,0.0,0.00112517580872,0.018565400843882,0.158931082981716,0.412376933895921,0.409001406469761
3,458,0,0,0,5,69,571,1476,1429,3550,0.0,0.0,0.0,0.001408450704225,0.01943661971831,0.160845070422535,0.415774647887324,0.402535211267606
3,459,0,0,0,9,73,526,1497,1440,3545,0.0,0.0,0.0,0.002538787023977,0.020592383638928,0.148377997179126,0.42228490832158,0.406205923836389
3,460,0,0,0,6,93,483,1506,1452,3540,0.0,0.0,0.0,0.001694915254237,0.026271186440678,0.136440677966102,0.425423728813559,0.410169491525424
3,461,0,0,0,6,75,509,1496,1449,3535,0.0,0.0,0.0,0.001697312588402,0.021216407355021,0.143988684582744,0.423196605374823,0.40990099009901
3,462,0,0,0,5,86,521,1503,1415,3530,0.0,0.0,0.0,0.001416430594901,0.024362606232295,0.147592067988669,0.425779036827195,0.400849858356941
3,463,0,0,0,2,81,521,1494,1427,3525,0.0,0.0,0.0,0.000567375886525,0.022978723404255,0.147801418439716,0.423829787234043,0.404822695035461
3,464,0,0,0,6,86,523,1536,1369,3520,0.0,0.0,0.0,0.001704545454545,0.024431818181818,0.148579545454545,0.436363636363636,0.388920454545455
3,465,0,0,0,8,78,516,1475,1438,3515,0.0,0.0,0.0,0.002275960170697,0.022190611664296,0.146799431009957,0.419630156472262,0.409103840682788
3,466,0,0,0,4,68,537,1482,1419,3510,0.0,0.0,0.0,0.001139601139601,0.019373219373219,0.152991452991453,0.422222222222222,0.404273504273504
3,467,0,0,0,5,86,568,1472,1374,3505,0.0,0.0,0.0,0.001426533523538,0.02453637660485,0.162054208273894,0.419971469329529,0.392011412268188
3,468,0,0,0,4,66,530,1490,1410,3500,0.0,0.0,0.0,0.001142857142857,0.018857142857143,0.151428571428571,0.425714285714286,0.402857142857143
3,469,0,0,0,5,84,506,1465,1435,3495,0.0,0.0,0.0,0.001430615164521,0.024034334763948,0.144778254649499,0.419170243204578,0.410586552217453
3,470,0,0,0,4,74,528,1466,1418,3490,0.0,0.0,0.0,0.001146131805158,0.021203438395415,0.151289398280802,0.420057306590258,0.406303724928367
3,471,0,0,0,4,76,507,1447,1451,3485,0.0,0.0,0.0,0.001147776183644,0.02180774748924,0.145480631276901,0.415208034433286,0.41635581061693
3,472,0,0,0,8,80,521,1476,1395,3480,0.0,0.0,0.0,0.002298850574713,0.022988505747126,0.149712643678161,0.424137931034483,0.400862068965517
3,473,0,0,0,6,91,534,1414,1430,3475,0.0,0.0,0.0,0.001726618705036,0.026187050359712,0.153669064748201,0.406906474820144,0.411510791366906
3,474,0,0,0,4,82,522,1466,1396,3470,0.0,0.0,0.0,0.001152737752161,0.023631123919308,0.150432276657061,0.422478386167147,0.402305475504323
3,475,0,0,1,5,63,532,1511,1353,3465,0.0,0.0,0.0002886002886,0.001443001443001,0.018181818181818,0.153535353535354,0.436075036075036,0.39047619047619
3,476,0,0,0,5,97,515,1451,1392,3460,0.0,0.0,0.0,0.001445086705202,0.028034682080925,0.148843930635838,0.419364161849711,0.402312138728324
3,477,0,0,0,6,79,506,1498,1366,3455,0.0,0.0,0.0,0.001736613603473,0.022865412445731,0.146454413892909,0.433574529667149,0.395369030390738
3,478,0,0,0,2,79,486,1470,1413,3450,0.0,0.0,0.0,0.000579710144928,0.022898550724638,0.140869565217391,0.426086956521739,0.409565217391304
3,479,0,0,0,3,73,491,1407,1471,3445,0.0,0.0,0.0,0.000870827285922,0.021190130624093,0.142525399129173,0.408417997097242,0.42699564586357
3,480,0,0,0,1,82,506,1454,1397,3440,0.0,0.0,0.0,0.000290697674419,0.023837209302326,0.147093023255814,0.422674418604651,0.406104651162791
3,481,0,0,0,1,63,519,1424,1428,3435,0.0,0.0,0.0,0.000291120815138,0.018340611353712,0.151091703056769,0.414556040756914,0.415720524017467
3,482,0,0,0,3,81,528,1417,1401,3430,0.0,0.0,0.0,0.000874635568513,0.023615160349854,0.153935860058309,0.413119533527697,0.408454810495627
3,483,0,0,0,4,85,512,1437,1387,3425,0.0,0.0,0.0,0.001167883211679,0.024817518248175,0.149489051094891,0.41956204379562,0.404963503649635
3,484,0,0,0,2,75,527,1430,1386,3420,0.0,0.0,0.0,0.000584795321637,0.021929824561404,0.154093567251462,0.41812865497076,0.405263157894737
3,485,0,0,0,3,87,500,1472,1353,3415,0.0,0.0,0.0,0.000878477306003,0.025475841874085,0.146412884333821,0.43103953147877,0.396193265007321
3,486,0,0,0,4,87,473,1445,1401,3410,0.0,0.0,0.0,0.001173020527859,0.025513196480938,0.138709677419355,0.42375366568915,0.410850439882698
3,487,0,0,0,4,72,518,1455,1356,3405,0.0,0.0,0.0,0.001174743024963,0.021145374449339,0.152129221732746,0.427312775330396,0.398237885462555
3,488,0,0,0,6,75,519,1476,1324,3400,0.0,0.0,0.0,0.001764705882353,0.022058823529412,0.152647058823529,0.434117647058824,0.389411764705882
3,489,0,0,0,0,75,527,1418,1375,3395,0.0,0.0,0.0,0.0,0.022091310751105,0.155228276877761,0.417673048600884,0.40500736377025
3,490,0,0,0,7,79,522,1453,1329,3390,0.0,0.0,0.0,0.002064896755162,0.02330383480826,0.153982300884956,0.428613569321534,0.392035398230088
3,491,0,0,0,3,68,519,1400,1395,3385,0.0,0.0,0.0,0.000886262924668,0.020088626292467,0.153323485967504,0.413589364844904,0.412112259970458
3,492,0,0,0,1,84,473,1473,1349,3380,0.0,0.0,0.0,0.000295857988166,0.024852071005917,0.139940828402367,0.435798816568047,0.399112426035503
3,493,0,0,0,3,69,503,1420,1380,3375,0.0,0.0,0.0,0.000888888888889,0.020444444444444,0.149037037037037,0.420740740740741,0.408888888888889
3,494,0,0,0,2,78,476,1438,1376,3370,0.0,0.0,0.0,0.000593471810089,0.023145400593472,0.141246290801187,0.426706231454006,0.408308605341246
3,495,0,0,0,3,83,478,1421,1380,3365,0.0,0.0,0.0,0.000891530460624,0.024665676077266,0.142050520059435,0.422288261515602,0.410104011887073
3,496,0,0,0,4,69,515,1407,1365,3360,0.0,0.0,0.0,0.001190476190476,0.020535714285714,0.15327380952381,0.41875,0.40625
3,497,0,0,0,3,82,471,1405,1394,3355,0.0,0.0,0.0,0.000894187779434,0.024441132637854,0.140387481371088,0.418777943368107,0.415499254843517
3,498,0,0,0,6,78,506,1433,1327,3350,0.0,0.0,0.0,0.001791044776119,0.023283582089552,0.151044776119403,0.427761194029851,0.396119402985075
3,499,0,0,0,4,78,511,1351,1401,3345,0.0,0.0,0.0,0.001195814648729,0.023318385650224,0.152765321375187,0.403886397608371,0.418834080717489
3,500,0,0,1,10,69,531,1374,1355,3340,0.0,0.0,0.000299401197605,0.002994011976048,0.020658682634731,0.158982035928144,0.411377245508982,0.405688622754491
3,501,0,0,1,4,64,479,1422,1365,3335,0.0,0.0,0.000299850074963,0.00119940029985,0.019190404797601,0.143628185907046,0.426386806596702,0.409295352323838
3,502,0,0,0,4,82,485,1425,1334,3330,0.0,0.0,0.0,0.001201201201201,0.024624624624625,0.145645645645646,0.427927927927928,0.400600600600601
3,503,0,0,0,4,71,500,1413,1337,3325,0.0,0.0,0.0,0.001203007518797,0.021353383458647,0.150375939849624,0.424962406015038,0.402105263157895
3,504,0,0,0,2,70,493,1386,1369,3320,0.0,0.0,0.0,0.000602409638554,0.021084337349398,0.148493975903614,0.417469879518072,0.412349397590361
3,505,0,0,0,2,80,509,1386,1338,3315,0.0,0.0,0.0,0.000603318250377,0.024132730015083,0.153544494720965,0.418099547511312,0.403619909502262
3,506,0,0,0,6,65,470,1472,1297,3310,0.0,0.0,0.0,0.001812688821752,0.01963746223565,0.141993957703928,0.444712990936556,0.391842900302115
3,507,0,0,1,4,54,537,1419,1290,3305,0.0,0.0,0.000302571860817,0.001210287443268,0.016338880484115,0.162481089258699,0.429349470499244,0.390317700453858
3,508,0,0,0,6,75,502,1389,1328,3300,0.0,0.0,0.0,0.001818181818182,0.022727272727273,0.152121212121212,0.420909090909091,0.402424242424242
3,509,0,0,0,5,58,466,1381,1385,3295,0.0,0.0,0.0,0.001517450682853,0.017602427921093,0.141426403641882,0.419119878603945,0.420333839150228
3,510,0,0,0,2,76,487,1422,1303,3290,0.0,0.0,0.0,0.000607902735562,0.023100303951368,0.148024316109422,0.432218844984802,0.396048632218845
3,511,0,0,0,3,61,508,1358,1355,3285,0.0,0.0,0.0,0.000913242009132,0.018569254185693,0.154642313546423,0.413394216133942,0.41248097412481
3,512,0,0,0,5,66,488,1354,1367,3280,0.0,0.0,0.0,0.001524390243902,0.020121951219512,0.148780487804878,0.41280487804878,0.416768292682927
3,513,0,0,0,3,68,522,1381,1301,3275,0.0,0.0,0.0,0.000916030534351,0.020763358778626,0.159389312977099,0.421679389312977,0.397251908396947
3,514,0,0,0,2,73,498,1400,1297,3270,0.0,0.0,0.0,0.000611620795107,0.022324159021407,0.152293577981651,0.428134556574924,0.396636085626911
3,515,0,0,0,3,72,489,1389,1312,3265,0.0,0.0,0.0,0.000918836140888,0.022052067381317,0.149770290964778,0.42542113323124,0.401837672281776
3,516,0,0,0,5,61,490,1405,1299,3260,0.0,0.0,0.0,0.001533742331288,0.018711656441718,0.150306748466258,0.430981595092025,0.398466257668712
3,517,0,0,0,3,77,503,1372,1300,3255,0.0,0.0,0.0,0.000921658986175,0.023655913978495,0.154531490015361,0.421505376344086,0.399385560675883
3,518,0,0,0,3,64,466,1372,1345,3250,0.0,0.0,0.0,0.000923076923077,0.019692307692308,0.143384615384615,0.422153846153846,0.413846153846154
3,519,0,0,0,5,74,454,1397,1315,3245,0.0,0.0,0.0,0.001540832049307,0.022804314329738,0.139907550077042,0.430508474576271,0.405238828967643
3,520,0,0,1,5,73,476,1350,1335,3240,0.0,0.0,0.000308641975309,0.001543209876543,0.022530864197531,0.146913580246914,0.416666666666667,0.412037037037037
3,521,0,0,0,3,76,502,1361,1293,3235,0.0,0.0,0.0,0.000927357032457,0.023493044822257,0.155177743431221,0.420710973724884,0.399690880989181
3,522,0,0,0,1,71,479,1392,1287,3230,0.0,0.0,0.0,0.00030959752322,0.021981424148607,0.148297213622291,0.430959752321981,0.398452012383901
3,523,0,0,0,4,60,477,1379,1305,3225,0.0,0.0,0.0,0.001240310077519,0.018604651162791,0.147906976744186,0.427596899224806,0.404651162790698
3,524,0,0,0,6,62,502,1418,1232,3220,0.0,0.0,0.0,0.001863354037267,0.019254658385093,0.155900621118012,0.440372670807453,0.382608695652174
3,525,0,0,0,4,71,484,1369,1287,3215,0.0,0.0,0.0,0.001244167962675,0.022083981337481,0.15054432348367,0.425816485225505,0.400311041990669
3,526,0,0,0,5,67,493,1354,1291,3210,0.0,0.0,0.0,0.001557632398754,0.020872274143302,0.153582554517134,0.421806853582555,0.402180685358255
3,527,0,0,0,4,73,495,1324,1309,3205,0.0,0.0,0.0,0.001248049921997,0.022776911076443,0.154446177847114,0.413104524180967,0.408424336973479
3,528,0,0,0,6,83,467,1383,1261,3200,0.0,0.0,0.0,0.001875,0.0259375,0.1459375,0.4321875,0.3940625
3,529,0,0,0,4,62,463,1362,1304,3195,0.0,0.0,0.0,0.001251956181534,0.019405320813772,0.14491392801252,0.426291079812207,0.408137715179969
3,530,0,0,0,3,75,484,1362,1266,3190,0.0,0.0,0.0,0.000940438871473,0.023510971786834,0.151724137931034,0.426959247648903,0.396865203761755
3,531,0,0,0,6,77,476,1377,1249,3185,0.0,0.0,0.0,0.001883830455259,0.024175824175824,0.149450549450549,0.432339089481947,0.392150706436421
3,532,0,0,0,2,74,469,1415,1220,3180,0.0,0.0,0.0,0.00062893081761,0.023270440251572,0.14748427672956,0.44496855345912,0.383647798742138
3,533,0,0,1,1,67,455,1318,1333,3175,0.0,0.0,0.000314960629921,0.000314960629921,0.021102362204724,0.143307086614173,0.41511811023622,0.419842519685039
3,534,0,0,0,2,65,468,1304,1331,3170,0.0,0.0,0.0,0.000630914826498,0.020504731861199,0.147634069400631,0.411356466876972,0.4198738170347
3,535,0,0,0,4,61,437,1323,1340,3165,0.0,0.0,0.0,0.001263823064771,0.019273301737757,0.138072669826224,0.418009478672986,0.423380726698262
3,536,0,0,0,4,64,483,1331,1278,3160,0.0,0.0,0.0,0.00126582278481,0.020253164556962,0.152848101265823,0.42120253164557,0.404430379746835
3,537,0,0,0,4,71,462,1393,1225,3155,0.0,0.0,0.0,0.001267828843106,0.022503961965135,0.146434231378764,0.441521394611727,0.388272583201268
3,538,0,0,0,4,61,500,1319,1266,3150,0.0,0.0,0.0,0.001269841269841,0.019365079365079,0.158730158730159,0.418730158730159,0.401904761904762
3,539,0,0,1,2,60,456,1322,1304,3145,0.0,0.0,0.000317965023847,0.000635930047695,0.019077901430843,0.144992050874404,0.420349761526232,0.414626391096979
3,540,0,0,1,6,68,454,1350,1261,3140,0.0,0.0,0.00031847133758,0.001910828025478,0.021656050955414,0.144585987261146,0.429936305732484,0.401592356687898
3,541,0,0,0,11,70,469,1303,1282,3135,0.0,0.0,0.0,0.003508771929825,0.022328548644338,0.149601275917065,0.415629984051037,0.408931419457735
3,542,0,0,0,5,68,440,1363,1254,3130,0.0,0.0,0.0,0.001597444089457,0.021725239616613,0.140575079872204,0.435463258785942,0.400638977635783
3,543,0,0,0,4,78,464,1327,1252,3125,0.0,0.0,0.0,0.00128,0.02496,0.14848,0.42464,0.40064
3,544,0,0,1,8,66,474,1361,1210,3120,0.0,0.0,0.000320512820513,0.002564102564103,0.021153846153846,0.151923076923077,0.436217948717949,0.387820512820513
3,545,0,0,0,4,85,485,1310,1231,3115,0.0,0.0,0.0,0.001284109149278,0.027287319422151,0.15569823434992,0.420545746388443,0.395184590690209
3,546,0,0,0,5,64,478,1326,1237,3110,0.0,0.0,0.0,0.001607717041801,0.020578778135048,0.153697749196141,0.426366559485531,0.397749196141479
3,547,0,0,0,4,65,433,1348,1255,3105,0.0,0.0,0.0,0.001288244766506,0.020933977455717,0.139452495974235,0.434138486312399,0.404186795491143
3,548,0,0,0,2,74,476,1266,1282,3100,0.0,0.0,0.0,0.000645161290323,0.023870967741935,0.153548387096774,0.408387096774194,0.413548387096774
3,549,0,0,0,4,66,467,1312,1246,3095,0.0,0.0,0.0,0.001292407108239,0.021324717285945,0.150888529886914,0.423909531502423,0.402584814216478
3,550,0,0,0,1,59,469,1297,1264,3090,0.0,0.0,0.0,0.000323624595469,0.019093851132686,0.151779935275081,0.419741100323625,0.409061488673139
3,551,0,0,0,3,59,443,1294,1286,3085,0.0,0.0,0.0,0.00097244732577,0.019124797406807,0.143598055105348,0.419448946515397,0.416855753646677
3,552,0,0,0,1,73,475,1292,1239,3080,0.0,0.0,0.0,0.000324675324675,0.023701298701299,0.154220779220779,0.419480519480519,0.402272727272727
3,553,0,0,0,2,64,446,1319,1244,3075,0.0,0.0,0.0,0.000650406504065,0.020813008130081,0.145040650406504,0.428943089430894,0.404552845528455
3,554,0,0,0,2,67,470,1270,1261,3070,0.0,0.0,0.0,0.000651465798046,0.021824104234528,0.153094462540717,0.413680781758958,0.410749185667752
3,555,0,0,0,0,65,469,1307,1224,3065,0.0,0.0,0.0,0.0,0.021207177814029,0.153017944535073,0.426427406199021,0.399347471451876
3,556,0,0,0,5,70,449,1308,1228,3060,0.0,0.0,0.0,0.001633986928105,0.022875816993464,0.146732026143791,0.427450980392157,0.401307189542484
3,557,0,0,0,6,62,452,1286,1249,3055,0.0,0.0,0.0,0.001963993453355,0.020294599018003,0.147954173486088,0.420949263502455,0.408837970540098
3,558,0,0,0,9,67,461,1305,1208,3050,0.0,0.0,0.0,0.002950819672131,0.021967213114754,0.151147540983607,0.427868852459016,0.396065573770492
3,559,0,0,0,3,63,465,1328,1186,3045,0.0,0.0,0.0,0.000985221674877,0.020689655172414,0.152709359605911,0.436124794745484,0.389490968801314
3,560,0,0,2,6,71,493,1254,1214,3040,0.0,0.0,0.000657894736842,0.001973684210526,0.023355263157895,0.162171052631579,0.4125,0.399342105263158
3,561,0,0,0,5,78,457,1320,1175,3035,0.0,0.0,0.0,0.00164744645799,0.025700164744646,0.150576606260297,0.43492586490939,0.387149917627677
3,562,0,0,0,2,82,448,1304,1194,3030,0.0,0.0,0.0,0.000660066006601,0.027062706270627,0.147854785478548,0.43036303630363,0.394059405940594
3,563,0,0,0,3,63,444,1266,1249,3025,0.0,0.0,0.0,0.00099173553719,0.020826446280992,0.146776859504132,0.418512396694215,0.412892561983471
3,564,0,0,0,0,52,470,1258,1240,3020,0.0,0.0,0.0,0.0,0.017218543046358,0.155629139072848,0.416556291390728,0.410596026490066
3,565,0,0,1,2,73,423,1312,1204,3015,0.0,0.0,0.000331674958541,0.000663349917081,0.024212271973466,0.140298507462687,0.435157545605307,0.399336650082919
3,566,0,0,0,6,58,461,1309,1176,3010,0.0,0.0,0.0,0.001993355481728,0.019269102990033,0.153156146179402,0.434883720930233,0.390697674418605
3,567,0,0,0,4,68,443,1267,1223,3005,0.0,0.0,0.0,0.001331114808652,0.022628951747088,0.147420965058236,0.421630615640599,0.406988352745424
3,568,0,0,0,0,54,444,1297,1205,3000,0.0,0.0,0.0,0.0,0.018,0.148,0.432333333333333,0.401666666666667
3,569,0,0,0,6,66,448,1265,1210,2995,0.0,0.0,0.0,0.002003338898164,0.0220367278798,0.149582637729549,0.42237061769616,0.404006677796327
3,570,0,0,0,3,62,451,1284,1190,2990,0.0,0.0,0.0,0.001003344481605,0.020735785953177,0.150836120401338,0.42943143812709,0.397993311036789
3,571,0,0,0,6,66,406,1274,1233,2985,0.0,0.0,0.0,0.002010050251256,0.022110552763819,0.136013400335008,0.42680067001675,0.413065326633166
3,572,0,0,0,4,74,485,1284,1133,2980,0.0,0.0,0.0,0.001342281879195,0.024832214765101,0.162751677852349,0.430872483221477,0.380201342281879
3,573,0,0,1,1,51,464,1232,1226,2975,0.0,0.0,0.000336134453782,0.000336134453782,0.017142857142857,0.155966386554622,0.414117647058824,0.412100840336134
3,574,0,0,0,4,54,450,1302,1160,2970,0.0,0.0,0.0,0.001346801346801,0.018181818181818,0.151515151515152,0.438383838383838,0.390572390572391
3,575,0,0,0,2,60,425,1226,1252,2965,0.0,0.0,0.0,0.000674536256324,0.020236087689713,0.143338954468803,0.413490725126476,0.422259696458685
3,576,0,0,0,5,65,420,1290,1180,2960,0.0,0.0,0.0,0.001689189189189,0.021959459459459,0.141891891891892,0.435810810810811,0.398648648648649
3,577,0,0,0,4,75,398,1279,1199,2955,0.0,0.0,0.0,0.001353637901861,0.025380710659898,0.134686971235195,0.432825719120135,0.40575296108291
3,578,0,0,0,5,69,428,1231,1217,2950,0.0,0.0,0.0,0.001694915254237,0.023389830508475,0.145084745762712,0.41728813559322,0.412542372881356
3,579,0,0,0,4,71,413,1234,1223,2945,0.0,0.0,0.0,0.001358234295416,0.024108658743633,0.140237691001698,0.419015280135823,0.41528013582343
3,580,0,0,0,7,48,442,1219,1224,2940,0.0,0.0,0.0,0.002380952380952,0.016326530612245,0.150340136054422,0.414625850340136,0.416326530612245
3,581,0,0,0,0,44,409,1237,1245,2935,0.0,0.0,0.0,0.0,0.014991482112436,0.139352640545145,0.421465076660988,0.424190800681431
3,582,0,0,0,2,56,434,1223,1215,2930,0.0,0.0,0.0,0.000682593856655,0.019112627986348,0.148122866894198,0.41740614334471,0.414675767918089
3,583,0,0,0,2,53,464,1196,1210,2925,0.0,0.0,0.0,0.000683760683761,0.018119658119658,0.158632478632479,0.408888888888889,0.413675213675214
3,584,0,0,0,1,71,433,1200,1215,2920,0.0,0.0,0.0,0.000342465753425,0.024315068493151,0.148287671232877,0.410958904109589,0.416095890410959
3,585,0,0,0,4,52,440,1242,1177,2915,0.0,0.0,0.0,0.001372212692967,0.017838765008576,0.150943396226415,0.426072041166381,0.40377358490566
3,586,0,0,0,2,65,430,1235,1178,2910,0.0,0.0,0.0,0.000687285223368,0.02233676975945,0.147766323024055,0.424398625429553,0.404810996563574
3,587,0,0,0,5,62,446,1228,1164,2905,0.0,0.0,0.0,0.001721170395869,0.021342512908778,0.153528399311532,0.422719449225473,0.400688468158348
3,588,0,0,0,2,60,444,1207,1187,2900,0.0,0.0,0.0,0.000689655172414,0.020689655172414,0.153103448275862,0.416206896551724,0.409310344827586
3,589,0,0,0,3,69,416,1253,1154,2895,0.0,0.0,0.0,0.001036269430052,0.023834196891192,0.143696027633851,0.432815198618307,0.398618307426598
3,590,0,0,0,5,47,420,1195,1223,2890,0.0,0.0,0.0,0.001730103806228,0.016262975778547,0.145328719723183,0.413494809688581,0.42318339100346
3,591,0,0,0,3,57,388,1218,1219,2885,0.0,0.0,0.0,0.00103986135182,0.019757365684575,0.134488734835355,0.422183708838822,0.422530329289428
3,592,0,0,1,2,55,405,1191,1226,2880,0.0,0.0,0.000347222222222,0.000694444444444,0.019097222222222,0.140625,0.413541666666667,0.425694444444444
3,593,0,0,0,4,50,416,1205,1200,2875,0.0,0.0,0.0,0.001391304347826,0.017391304347826,0.144695652173913,0.419130434782609,0.417391304347826
3,594,0,0,0,3,69,454,1201,1143,2870,0.0,0.0,0.0,0.001045296167247,0.02404181184669,0.158188153310105,0.418466898954704,0.398257839721254
3,595,0,0,0,2,66,411,1177,1209,2865,0.0,0.0,0.0,0.000698080279232,0.02303664921466,0.143455497382199,0.410820244328098,0.421989528795812
3,596,0,0,0,0,58,415,1224,1163,2860,0.0,0.0,0.0,0.0,0.02027972027972,0.145104895104895,0.427972027972028,0.406643356643357
3,597,0,0,0,1,55,398,1228,1173,2855,0.0,0.0,0.0,0.000350262697023,0.019264448336252,0.139404553415061,0.430122591943958,0.410858143607706
3,598,0,0,1,3,58,383,1210,1195,2850,0.0,0.0,0.000350877192982,0.001052631578947,0.020350877192982,0.134385964912281,0.424561403508772,0.419298245614035
3,599,0,0,0,3,61,465,1161,1155,2845,0.0,0.0,0.0,0.001054481546573,0.021441124780316,0.163444639718805,0.408084358523726,0.40597539543058
3,600,0,0,0,4,59,403,1222,1152,2840,0.0,0.0,0.0,0.001408450704225,0.020774647887324,0.141901408450704,0.430281690140845,0.405633802816901
3,601,0,0,0,5,70,410,1167,1183,2835,0.0,0.0,0.0,0.001763668430335,0.024691358024691,0.144620811287478,0.411640211640212,0.417283950617284
3,602,0,0,0,4,71,429,1167,1159,2830,0.0,0.0,0.0,0.001413427561837,0.025088339222615,0.151590106007067,0.412367491166078,0.409540636042403
3,603,0,0,0,5,57,445,1139,1179,2825,0.0,0.0,0.0,0.001769911504425,0.020176991150442,0.157522123893805,0.403185840707965,0.417345132743363
3,604,0,0,0,4,51,408,1204,1153,2820,0.0,0.0,0.0,0.001418439716312,0.018085106382979,0.14468085106383,0.426950354609929,0.40886524822695
3,605,0,0,0,4,57,441,1186,1127,2815,0.0,0.0,0.0,0.001420959147425,0.020248667850799,0.156660746003552,0.421314387211368,0.400355239786856
3,606,0,0,0,4,62,436,1184,1124,2810,0.0,0.0,0.0,0.001423487544484,0.022064056939502,0.155160142348754,0.42135231316726,0.4
3,607,0,0,0,4,49,440,1217,1095,2805,0.0,0.0,0.0,0.001426024955437,0.0174688057041,0.156862745098039,0.433868092691622,0.390374331550802
3,608,0,0,0,6,70,409,1164,1151,2800,0.0,0.0,0.0,0.002142857142857,0.025,0.146071428571429,0.415714285714286,0.411071428571429
3,609,0,0,0,3,45,409,1202,1136,2795,0.0,0.0,0.0,0.001073345259392,0.016100178890877,0.146332737030411,0.43005366726297,0.406440071556351
3,610,0,0,0,8,56,429,1125,1172,2790,0.0,0.0,0.0,0.002867383512545,0.020071684587814,0.153763440860215,0.403225806451613,0.420071684587814
3,611,0,0,0,5,53,399,1168,1160,2785,0.0,0.0,0.0,0.001795332136445,0.01903052064632,0.14326750448833,0.419389587073609,0.416517055655296
3,612,0,0,0,6,59,375,1209,1131,2780,0.0,0.0,0.0,0.002158273381295,0.021223021582734,0.134892086330935,0.434892086330935,0.406834532374101
3,613,0,0,0,3,54,385,1257,1076,2775,0.0,0.0,0.0,0.001081081081081,0.019459459459459,0.138738738738739,0.452972972972973,0.387747747747748
3,614,0,0,0,1,65,439,1140,1125,2770,0.0,0.0,0.0,0.000361010830325,0.023465703971119,0.158483754512635,0.411552346570397,0.406137184115523
3,615,0,0,0,3,53,400,1171,1138,2765,0.0,0.0,0.0,0.001084990958409,0.019168173598553,0.144665461121157,0.423508137432188,0.411573236889693
3,616,0,0,0,3,58,441,1152,1106,2760,0.0,0.0,0.0,0.001086956521739,0.021014492753623,0.159782608695652,0.417391304347826,0.400724637681159
3,617,0,0,0,3,68,413,1130,1141,2755,0.0,0.0,0.0,0.001088929219601,0.024682395644283,0.149909255898367,0.41016333938294,0.414156079854809
3,618,0,0,0,4,56,373,1180,1137,2750,0.0,0.0,0.0,0.001454545454545,0.020363636363636,0.135636363636364,0.429090909090909,0.413454545454545
3,619,0,0,0,2,57,426,1141,1119,2745,0.0,0.0,0.0,0.000728597449909,0.020765027322404,0.155191256830601,0.415664845173042,0.407650273224044
3,620,0,0,0,4,61,428,1169,1078,2740,0.0,0.0,0.0,0.001459854014599,0.022262773722628,0.156204379562044,0.426642335766423,0.393430656934307
3,621,0,0,1,5,51,404,1138,1136,2735,0.0,0.0,0.00036563071298,0.001828153564899,0.018647166361974,0.147714808043876,0.416087751371115,0.415356489945155
3,622,0,0,0,3,57,410,1170,1090,2730,0.0,0.0,0.0,0.001098901098901,0.020879120879121,0.15018315018315,0.428571428571429,0.399267399267399
3,623,0,0,0,2,53,424,1153,1093,2725,0.0,0.0,0.0,0.000733944954128,0.019449541284404,0.155596330275229,0.423119266055046,0.401100917431193
3,624,0,0,0,7,48,397,1183,1085,2720,0.0,0.0,0.0,0.002573529411765,0.017647058823529,0.145955882352941,0.434926470588235,0.398897058823529
3,625,0,0,0,7,60,407,1091,1150,2715,0.0,0.0,0.0,0.002578268876611,0.022099447513812,0.149907918968692,0.401841620626151,0.423572744014733
3,626,0,0,0,3,53,388,1179,1087,2710,0.0,0.0,0.0,0.001107011070111,0.019557195571956,0.143173431734317,0.435055350553506,0.401107011070111
3,627,0,0,0,5,67,365,1137,1131,2705,0.0,0.0,0.0,0.00184842883549,0.024768946395564,0.134935304990758,0.420332717190388,0.4181146025878
3,628,0,0,0,7,64,392,1200,1037,2700,0.0,0.0,0.0,0.002592592592593,0.023703703703704,0.145185185185185,0.444444444444444,0.384074074074074
3,629,0,0,0,4,70,434,1128,1059,2695,0.0,0.0,0.0,0.001484230055659,0.025974025974026,0.161038961038961,0.418552875695733,0.392949907235622
3,630,0,0,0,3,61,396,1129,1101,2690,0.0,0.0,0.0,0.001115241635688,0.022676579925651,0.147211895910781,0.419702602230483,0.409293680297398
3,631,0,0,0,6,56,414,1135,1074,2685,0.0,0.0,0.0,0.002234636871508,0.020856610800745,0.154189944134078,0.422718808193669,0.4
3,632,0,0,0,3,71,396,1091,1119,2680,0.0,0.0,0.0,0.001119402985075,0.026492537313433,0.147761194029851,0.407089552238806,0.417537313432836
3,633,0,0,0,1,55,395,1127,1097,2675,0.0,0.0,0.0,0.000373831775701,0.020560747663551,0.147663551401869,0.421308411214953,0.410093457943925
3,634,0,0,0,4,46,414,1153,1053,2670,0.0,0.0,0.0,0.001498127340824,0.017228464419476,0.155056179775281,0.431835205992509,0.39438202247191
3,635,0,0,0,7,65,388,1077,1128,2665,0.0,0.0,0.0,0.002626641651032,0.024390243902439,0.145590994371482,0.404127579737336,0.423264540337711
3,636,0,0,0,7,52,358,1153,1090,2660,0.0,0.0,0.0,0.002631578947368,0.019548872180451,0.134586466165414,0.433458646616541,0.409774436090226
3,637,0,0,0,1,65,405,1121,1063,2655,0.0,0.0,0.0,0.000376647834275,0.024482109227872,0.152542372881356,0.422222222222222,0.400376647834275
3,638,0,0,0,2,60,383,1072,1133,2650,0.0,0.0,0.0,0.000754716981132,0.022641509433962,0.144528301886792,0.404528301886792,0.427547169811321
3,639,0,0,0,3,53,415,1119,1055,2645,0.0,0.0,0.0,0.001134215500945,0.020037807183365,0.156899810964083,0.423062381852552,0.398865784499055
3,640,0,0,0,7,55,370,1111,1097,2640,0.0,0.0,0.0,0.002651515151515,0.020833333333333,0.140151515151515,0.420833333333333,0.415530303030303
3,641,0,0,0,4,53,387,1140,1051,2635,0.0,0.0,0.0,0.001518026565465,0.02011385199241,0.146869070208729,0.432637571157495,0.398861480075901
3,642,0,0,0,3,67,367,1132,1061,2630,0.0,0.0,0.0,0.001140684410646,0.025475285171103,0.139543726235741,0.43041825095057,0.403422053231939
3,643,0,0,0,3,46,379,1104,1093,2625,0.0,0.0,0.0,0.001142857142857,0.01752380952381,0.144380952380952,0.420571428571429,0.416380952380952
3,644,0,0,0,4,57,394,1118,1047,2620,0.0,0.0,0.0,0.001526717557252,0.02175572519084,0.150381679389313,0.426717557251908,0.399618320610687
3,645,0,0,0,4,51,409,1090,1061,2615,0.0,0.0,0.0,0.001529636711281,0.019502868068834,0.156405353728489,0.416826003824092,0.405736137667304
3,646,0,0,0,2,60,363,1093,1092,2610,0.0,0.0,0.0,0.000766283524904,0.022988505747126,0.139080459770115,0.418773946360153,0.418390804597701
3,647,0,0,0,2,60,370,1133,1040,2605,0.0,0.0,0.0,0.000767754318618,0.023032629558541,0.142034548944338,0.434932821497121,0.399232245681382
3,648,0,0,0,4,50,390,1063,1093,2600,0.0,0.0,0.0,0.001538461538462,0.019230769230769,0.15,0.408846153846154,0.420384615384615
3,649,0,0,0,6,47,395,1084,1063,2595,0.0,0.0,0.0,0.002312138728324,0.018111753371869,0.152215799614644,0.417726396917148,0.409633911368015
3,650,0,0,0,7,56,382,1091,1054,2590,0.0,0.0,0.0,0.002702702702703,0.021621621621622,0.147490347490347,0.421235521235521,0.406949806949807
3,651,0,0,0,4,54,392,1106,1029,2585,0.0,0.0,0.0,0.001547388781431,0.020889748549323,0.151644100580271,0.427852998065764,0.398065764023211
3,652,0,0,0,5,60,369,1088,1058,2580,0.0,0.0,0.0,0.001937984496124,0.023255813953488,0.143023255813953,0.421705426356589,0.410077519379845
3,653,0,0,0,4,52,365,1112,1042,2575,0.0,0.0,0.0,0.001553398058252,0.020194174757282,0.141747572815534,0.431844660194175,0.404660194174757
3,654,0,0,0,3,64,368,1091,1044,2570,0.0,0.0,0.0,0.001167315175097,0.024902723735409,0.143190661478599,0.424513618677043,0.406225680933852
3,655,0,0,0,3,59,419,1030,1054,2565,0.0,0.0,0.0,0.001169590643275,0.023001949317739,0.163352826510721,0.401559454191033,0.410916179337232
3,656,0,0,0,0,52,363,1133,1012,2560,0.0,0.0,0.0,0.0,0.0203125,0.141796875,0.442578125,0.3953125
3,657,0,0,0,5,71,415,1039,1025,2555,0.0,0.0,0.0,0.001956947162427,0.027788649706458,0.162426614481409,0.40665362035225,0.401174168297456
3,658,0,0,1,2,49,396,1093,1009,2550,0.0,0.0,0.000392156862745,0.00078431372549,0.01921568627451,0.155294117647059,0.428627450980392,0.395686274509804
3,659,0,0,0,6,61,375,1068,1035,2545,0.0,0.0,0.0,0.002357563850688,0.023968565815324,0.147347740667976,0.419646365422397,0.406679764243615
3,660,0,0,0,4,59,344,1055,1078,2540,0.0,0.0,0.0,0.001574803149606,0.023228346456693,0.135433070866142,0.415354330708661,0.424409448818898
3,661,0,0,0,2,48,395,1043,1047,2535,0.0,0.0,0.0,0.000788954635108,0.018934911242604,0.155818540433925,0.411439842209073,0.41301775147929
3,662,0,0,1,3,55,369,1058,1044,2530,0.0,0.0,0.000395256916996,0.001185770750988,0.021739130434783,0.145849802371541,0.418181818181818,0.412648221343874
3,663,0,0,0,0,45,378,1065,1037,2525,0.0,0.0,0.0,0.0,0.017821782178218,0.14970297029703,0.421782178217822,0.410693069306931
3,664,0,0,0,3,46,372,1111,988,2520,0.0,0.0,0.0,0.001190476190476,0.018253968253968,0.147619047619048,0.440873015873016,0.392063492063492
3,665,0,0,0,3,56,376,1079,1001,2515,0.0,0.0,0.0,0.001192842942346,0.022266401590457,0.149502982107356,0.429025844930418,0.398011928429423
3,666,0,0,1,3,54,352,1071,1029,2510,0.0,0.0,0.000398406374502,0.001195219123506,0.021513944223108,0.140239043824701,0.426693227091633,0.40996015936255
3,667,0,0,0,3,64,388,1033,1017,2505,0.0,0.0,0.0,0.001197604790419,0.025548902195609,0.154890219560878,0.412375249500998,0.405988023952096
3,668,0,0,0,5,58,384,1071,982,2500,0.0,0.0,0.0,0.002,0.0232,0.1536,0.4284,0.3928
3,669,0,0,1,8,48,353,1095,990,2495,0.0,0.0,0.000400801603206,0.003206412825651,0.019238476953908,0.141482965931864,0.438877755511022,0.396793587174349
3,670,0,0,0,2,54,378,1068,988,2490,0.0,0.0,0.0,0.000803212851406,0.021686746987952,0.151807228915663,0.428915662650602,0.396787148594378
3,671,0,0,0,10,55,367,1036,1017,2485,0.0,0.0,0.0,0.004024144869215,0.022132796780684,0.147686116700201,0.416901408450704,0.409255533199195
3,672,0,0,0,5,38,377,1037,1023,2480,0.0,0.0,0.0,0.002016129032258,0.015322580645161,0.152016129032258,0.418145161290323,0.4125
3,673,0,0,0,2,46,360,1072,995,2475,0.0,0.0,0.0,0.000808080808081,0.018585858585859,0.145454545454545,0.433131313131313,0.402020202020202
3,674,0,0,0,2,45,362,1087,974,2470,0.0,0.0,0.0,0.00080971659919,0.018218623481781,0.146558704453441,0.440080971659919,0.394331983805668
3,675,0,0,0,2,58,364,1068,973,2465,0.0,0.0,0.0,0.000811359026369,0.023529411764706,0.147667342799189,0.433265720081136,0.3947261663286
3,676,0,0,0,3,52,353,1034,1018,2460,0.0,0.0,0.0,0.001219512195122,0.021138211382114,0.14349593495935,0.420325203252033,0.413821138211382
3,677,0,0,0,4,65,375,1009,1002,2455,0.0,0.0,0.0,0.00162932790224,0.026476578411405,0.152749490835031,0.410997963340122,0.408146639511202
3,678,0,0,0,6,53,360,1052,979,2450,0.0,0.0,0.0,0.002448979591837,0.021632653061224,0.146938775510204,0.429387755102041,0.399591836734694
3,679,0,0,0,4,54,372,1009,1006,2445,0.0,0.0,0.0,0.001635991820041,0.022085889570552,0.152147239263804,0.412678936605317,0.411451942740286
3,680,0,0,0,1,47,390,1018,984,2440,0.0,0.0,0.0,0.000409836065574,0.019262295081967,0.159836065573771,0.417213114754098,0.40327868852459
3,681,0,0,0,1,54,355,1042,983,2435,0.0,0.0,0.0,0.00041067761807,0.02217659137577,0.145790554414784,0.427926078028747,0.403696098562628
3,682,0,0,0,3,44,341,1045,997,2430,0.0,0.0,0.0,0.001234567901235,0.018106995884774,0.140329218106996,0.430041152263374,0.410288065843621
3,683,0,0,0,4,53,358,1019,991,2425,0.0,0.0,0.0,0.001649484536082,0.021855670103093,0.147628865979381,0.42020618556701,0.408659793814433
3,684,0,0,0,2,48,360,1017,993,2420,0.0,0.0,0.0,0.000826446280992,0.019834710743802,0.148760330578512,0.420247933884298,0.410330578512397
3,685,0,0,0,4,51,363,1045,952,2415,0.0,0.0,0.0,0.001656314699793,0.02111801242236,0.150310559006211,0.432712215320911,0.394202898550725
3,686,0,0,0,6,53,339,1034,978,2410,0.0,0.0,0.0,0.002489626556017,0.021991701244813,0.140663900414938,0.429045643153527,0.405809128630705
3,687,0,0,0,0,51,348,1007,999,2405,0.0,0.0,0.0,0.0,0.021205821205821,0.144698544698545,0.418711018711019,0.415384615384615
3,688,0,0,0,2,59,331,1037,971,2400,0.0,0.0,0.0,0.000833333333333,0.024583333333333,0.137916666666667,0.432083333333333,0.404583333333333
3,689,0,0,0,1,47,384,987,976,2395,0.0,0.0,0.0,0.000417536534447,0.019624217118998,0.160334029227557,0.412108559498956,0.407515657620042
3,690,0,0,0,1,50,348,997,994,2390,0.0,0.0,0.0,0.000418410041841,0.02092050209205,0.145606694560669,0.417154811715481,0.415899581589958
3,691,0,0,0,2,39,349,1030,965,2385,0.0,0.0,0.0,0.00083857442348,0.016352201257862,0.146331236897275,0.431865828092243,0.40461215932914
3,692,0,0,0,5,46,327,1030,972,2380,0.0,0.0,0.0,0.002100840336134,0.019327731092437,0.137394957983193,0.432773109243697,0.408403361344538
3,693,0,0,0,0,38,418,1016,903,2375,0.0,0.0,0.0,0.0,0.016,0.176,0.427789473684211,0.380210526315789
3,694,0,0,0,2,48,328,1007,985,2370,0.0,0.0,0.0,0.00084388185654,0.020253164556962,0.138396624472574,0.424894514767932,0.415611814345992
3,695,0,0,0,3,62,320,1015,965,2365,0.0,0.0,0.0,0.001268498942918,0.026215644820296,0.135306553911205,0.429175475687104,0.408033826638478
3,696,0,0,0,2,46,335,1017,960,2360,0.0,0.0,0.0,0.000847457627119,0.019491525423729,0.141949152542373,0.430932203389831,0.406779661016949
3,697,0,0,0,4,49,352,1001,949,2355,0.0,0.0,0.0,0.001698513800425,0.020806794055202,0.149469214437367,0.425053078556263,0.402972399150743
3,698,0,0,0,1,51,359,983,956,2350,0.0,0.0,0.0,0.000425531914894,0.021702127659574,0.152765957446809,0.418297872340426,0.406808510638298
3,699,0,0,0,2,60,357,1014,912,2345,0.0,0.0,0.0,0.000852878464819,0.025586353944563,0.152238805970149,0.432409381663113,0.388912579957356
3,700,0,0,0,4,49,342,1029,916,2340,0.0,0.0,0.0,0.001709401709402,0.020940170940171,0.146153846153846,0.43974358974359,0.391452991452991
3,701,0,0,0,3,59,357,968,948,2335,0.0,0.0,0.0,0.001284796573876,0.025267665952891,0.152890792291221,0.414561027837259,0.405995717344754
3,702,0,0,0,4,40,356,1017,913,2330,0.0,0.0,0.0,0.001716738197425,0.017167381974249,0.152789699570815,0.436480686695279,0.391845493562232
3,703,0,0,0,1,53,341,972,958,2325,0.0,0.0,0.0,0.000430107526882,0.022795698924731,0.146666666666667,0.418064516129032,0.412043010752688
3,704,0,0,0,2,42,320,1030,926,2320,0.0,0.0,0.0,0.000862068965517,0.018103448275862,0.137931034482759,0.443965517241379,0.399137931034483
3,705,0,0,0,1,57,315,994,948,2315,0.0,0.0,0.0,0.000431965442765,0.024622030237581,0.136069114470842,0.429373650107991,0.409503239740821
3,706,0,0,0,3,54,322,985,946,2310,0.0,0.0,0.0,0.001298701298701,0.023376623376623,0.139393939393939,0.426406926406926,0.40952380952381
3,707,0,0,0,2,43,289,1010,961,2305,0.0,0.0,0.0,0.000867678958785,0.018655097613883,0.125379609544469,0.438177874186551,0.416919739696312
3,708,0,0,0,1,41,363,969,926,2300,0.0,0.0,0.0,0.000434782608696,0.017826086956522,0.157826086956522,0.421304347826087,0.402608695652174
3,709,0,0,0,1,41,329,986,938,2295,0.0,0.0,0.0,0.000435729847495,0.017864923747277,0.143355119825708,0.42962962962963,0.408714596949891
3,710,0,0,0,2,61,362,924,941,2290,0.0,0.0,0.0,0.000873362445415,0.026637554585153,0.158078602620087,0.403493449781659,0.410917030567686
3,711,0,0,0,2,60,335,932,956,2285,0.0,0.0,0.0,0.000875273522976,0.026258205689278,0.146608315098468,0.407877461706783,0.418380743982495
3,712,0,0,0,3,57,346,1018,856,2280,0.0,0.0,0.0,0.001315789473684,0.025,0.151754385964912,0.446491228070175,0.375438596491228
3,713,0,0,0,1,44,310,972,948,2275,0.0,0.0,0.0,0.00043956043956,0.019340659340659,0.136263736263736,0.427252747252747,0.416703296703297
3,714,0,0,0,4,43,350,935,938,2270,0.0,0.0,0.0,0.001762114537445,0.018942731277533,0.154185022026432,0.411894273127753,0.413215859030837
3,715,0,0,0,6,52,310,958,939,2265,0.0,0.0,0.0,0.002649006622517,0.022958057395143,0.136865342163355,0.422958057395143,0.414569536423841
3,716,0,0,0,1,43,363,954,899,2260,0.0,0.0,0.0,0.000442477876106,0.019026548672566,0.160619469026549,0.42212389380531,0.397787610619469
3,717,0,0,0,3,56,322,924,950,2255,0.0,0.0,0.0,0.001330376940133,0.024833702882483,0.142793791574279,0.409756097560976,0.421286031042129
3,718,0,0,0,4,51,331,944,920,2250,0.0,0.0,0.0,0.001777777777778,0.022666666666667,0.147111111111111,0.419555555555556,0.408888888888889
3,719,0,0,0,2,48,328,923,944,2245,0.0,0.0,0.0,0.000890868596882,0.021380846325167,0.146102449888641,0.411135857461024,0.420489977728285
3,720,0,0,0,1,43,320,982,894,2240,0.0,0.0,0.0,0.000446428571429,0.019196428571429,0.142857142857143,0.438392857142857,0.399107142857143
3,721,0,0,0,3,44,340,958,890,2235,0.0,0.0,0.0,0.001342281879195,0.019686800894855,0.152125279642058,0.428635346756152,0.398210290827741
3,722,0,0,0,5,44,328,963,890,2230,0.0,0.0,0.0,0.002242152466368,0.019730941704036,0.147085201793722,0.431838565022422,0.399103139013453
3,723,0,0,0,2,35,348,939,901,2225,0.0,0.0,0.0,0.000898876404494,0.015730337078652,0.156404494382022,0.422022471910112,0.404943820224719
3,724,0,0,0,3,58,337,927,895,2220,0.0,0.0,0.0,0.001351351351351,0.026126126126126,0.151801801801802,0.417567567567568,0.403153153153153
3,725,0,0,0,2,71,290,962,890,2215,0.0,0.0,0.0,0.000902934537246,0.032054176072235,0.130925507900677,0.43431151241535,0.401805869074492
3,726,0,0,0,2,65,333,926,884,2210,0.0,0.0,0.0,0.000904977375566,0.029411764705882,0.150678733031674,0.419004524886878,0.4
3,727,0,0,0,1,45,323,947,889,2205,0.0,0.0,0.0,0.000453514739229,0.020408163265306,0.146485260770975,0.429478458049887,0.403174603174603
3,728,0,0,0,5,43,297,946,909,2200,0.0,0.0,0.0,0.002272727272727,0.019545454545455,0.135,0.43,0.413181818181818
3,729,0,0,0,2,43,322,931,897,2195,0.0,0.0,0.0,0.000911161731207,0.019589977220957,0.146697038724374,0.424145785876993,0.408656036446469
3,730,0,0,0,2,51,354,895,888,2190,0.0,0.0,0.0,0.000913242009132,0.023287671232877,0.161643835616438,0.408675799086758,0.405479452054795
3,731,0,0,0,0,51,326,940,868,2185,0.0,0.0,0.0,0.0,0.023340961098398,0.149199084668192,0.430205949656751,0.397254004576659
3,732,0,0,0,5,54,329,900,892,2180,0.0,0.0,0.0,0.002293577981651,0.024770642201835,0.150917431192661,0.412844036697248,0.409174311926606
3,733,0,0,0,2,40,358,918,857,2175,0.0,0.0,0.0,0.000919540229885,0.018390804597701,0.164597701149425,0.422068965517241,0.394022988505747
3,734,0,0,0,3,46,307,944,870,2170,0.0,0.0,0.0,0.001382488479263,0.021198156682028,0.14147465437788,0.435023041474654,0.400921658986175
3,735,0,0,0,2,48,335,924,856,2165,0.0,0.0,0.0,0.000923787528868,0.022170900692841,0.15473441108545,0.426789838337182,0.395381062355658
3,736,0,0,0,4,38,303,922,893,2160,0.0,0.0,0.0,0.001851851851852,0.017592592592593,0.140277777777778,0.426851851851852,0.413425925925926
3,737,0,0,0,2,40,321,903,889,2155,0.0,0.0,0.0,0.00092807424594,0.018561484918794,0.148955916473318,0.419025522041763,0.412529002320186
3,738,0,0,0,2,45,307,892,904,2150,0.0,0.0,0.0,0.00093023255814,0.02093023255814,0.142790697674419,0.414883720930233,0.42046511627907
3,739,0,0,0,1,45,319,944,836,2145,0.0,0.0,0.0,0.0004662004662,0.020979020979021,0.148717948717949,0.44009324009324,0.38974358974359
3,740,0,0,0,1,42,288,868,941,2140,0.0,0.0,0.0,0.000467289719626,0.019626168224299,0.134579439252336,0.405607476635514,0.439719626168224
3,741,0,0,0,1,44,334,907,849,2135,0.0,0.0,0.0,0.000468384074941,0.020608899297424,0.156440281030445,0.424824355971897,0.397658079625293
3,742,0,0,0,2,47,315,891,875,2130,0.0,0.0,0.0,0.00093896713615,0.022065727699531,0.147887323943662,0.41830985915493,0.410798122065728
3,743,0,0,0,1,51,327,873,873,2125,0.0,0.0,0.0,0.000470588235294,0.024,0.153882352941176,0.410823529411765,0.410823529411765
3,744,0,0,0,4,50,294,946,826,2120,0.0,0.0,0.0,0.00188679245283,0.023584905660377,0.138679245283019,0.44622641509434,0.389622641509434
3,745,0,0,0,3,35,315,866,896,2115,0.0,0.0,0.0,0.001418439716312,0.016548463356974,0.148936170212766,0.409456264775414,0.423640661938534
3,746,0,0,0,2,44,297,878,889,2110,0.0,0.0,0.0,0.000947867298578,0.02085308056872,0.140758293838863,0.416113744075829,0.421327014218009
3,747,0,0,1,1,46,323,865,869,2105,0.0,0.0,0.000475059382423,0.000475059382423,0.021852731591449,0.153444180522565,0.410926365795724,0.412826603325416
3,748,0,0,0,4,35,296,905,860,2100,0.0,0.0,0.0,0.001904761904762,0.016666666666667,0.140952380952381,0.430952380952381,0.40952380952381
3,749,0,0,0,1,28,293,895,878,2095,0.0,0.0,0.0,0.000477326968974,0.013365155131265,0.139856801909308,0.427207637231504,0.41909307875895
3,750,0,0,0,2,45,293,873,877,2090,0.0,0.0,0.0,0.000956937799043,0.021531100478469,0.140191387559809,0.417703349282297,0.419617224880383
3,751,0,0,0,5,47,295,892,846,2085,0.0,0.0,0.0,0.002398081534772,0.022541966426859,0.141486810551559,0.427817745803357,0.405755395683453
3,752,0,0,0,2,44,283,920,831,2080,0.0,0.0,0.0,0.000961538461538,0.021153846153846,0.136057692307692,0.442307692307692,0.399519230769231
3,753,0,0,0,1,39,321,881,833,2075,0.0,0.0,0.0,0.000481927710843,0.018795180722892,0.154698795180723,0.424578313253012,0.40144578313253
3,754,0,0,0,7,41,290,867,865,2070,0.0,0.0,0.0,0.003381642512077,0.019806763285024,0.140096618357488,0.418840579710145,0.417874396135266
3,755,0,0,0,3,40,301,896,825,2065,0.0,0.0,0.0,0.001452784503632,0.019370460048426,0.145762711864407,0.433898305084746,0.399515738498789
3,756,0,0,0,5,38,290,879,848,2060,0.0,0.0,0.0,0.002427184466019,0.018446601941748,0.140776699029126,0.426699029126214,0.411650485436893
3,757,0,0,0,4,38,319,911,783,2055,0.0,0.0,0.0,0.001946472019465,0.018491484184915,0.155231143552311,0.44330900243309,0.381021897810219
3,758,0,0,0,2,41,294,867,846,2050,0.0,0.0,0.0,0.000975609756098,0.02,0.143414634146341,0.422926829268293,0.412682926829268
3,759,0,0,0,0,41,309,854,841,2045,0.0,0.0,0.0,0.0,0.020048899755501,0.151100244498778,0.41760391198044,0.411246943765281
3,760,0,0,0,3,38,346,833,820,2040,0.0,0.0,0.0,0.001470588235294,0.018627450980392,0.169607843137255,0.408333333333333,0.401960784313726
3,761,0,0,0,3,45,278,881,828,2035,0.0,0.0,0.0,0.001474201474201,0.022113022113022,0.136609336609337,0.432923832923833,0.406879606879607
3,762,0,0,0,4,41,297,880,808,2030,0.0,0.0,0.0,0.001970443349754,0.020197044334975,0.146305418719212,0.433497536945813,0.398029556650246
3,763,0,0,0,1,51,310,846,817,2025,0.0,0.0,0.0,0.000493827160494,0.025185185185185,0.153086419753086,0.417777777777778,0.403456790123457
3,764,0,0,0,1,59,292,874,794,2020,0.0,0.0,0.0,0.00049504950495,0.029207920792079,0.144554455445545,0.432673267326733,0.393069306930693
3,765,0,0,0,1,38,292,890,794,2015,0.0,0.0,0.0,0.000496277915633,0.018858560794045,0.144913151364764,0.441687344913151,0.394044665012407
3,766,0,0,0,1,40,289,834,846,2010,0.0,0.0,0.0,0.000497512437811,0.019900497512438,0.143781094527363,0.414925373134328,0.42089552238806
3,767,0,0,0,2,40,301,855,807,2005,0.0,0.0,0.0,0.000997506234414,0.019950124688279,0.150124688279302,0.42643391521197,0.402493765586035
3,768,0,0,0,2,34,314,845,805,2000,0.0,0.0,0.0,0.001,0.017,0.157,0.4225,0.4025
3,769,0,0,0,3,56,294,809,833,1995,0.0,0.0,0.0,0.001503759398496,0.028070175438596,0.147368421052632,0.405513784461153,0.417543859649123
3,770,0,0,0,2,42,318,834,794,1990,0.0,0.0,0.0,0.001005025125628,0.021105527638191,0.159798994974874,0.419095477386935,0.398994974874372
3,771,0,0,0,2,39,288,836,820,1985,0.0,0.0,0.0,0.001007556675063,0.019647355163728,0.145088161209068,0.421158690176322,0.413098236775819
3,772,0,0,0,3,34,310,826,807,1980,0.0,0.0,0.0,0.001515151515152,0.017171717171717,0.156565656565657,0.417171717171717,0.407575757575758
3,773,0,0,0,3,39,320,855,758,1975,0.0,0.0,0.0,0.001518987341772,0.019746835443038,0.162025316455696,0.432911392405063,0.38379746835443
3,774,0,0,0,4,45,292,832,797,1970,0.0,0.0,0.0,0.002030456852792,0.022842639593909,0.148223350253807,0.422335025380711,0.404568527918782
3,775,0,0,0,1,37,286,869,772,1965,0.0,0.0,0.0,0.000508905852417,0.01882951653944,0.145547073791349,0.442239185750636,0.392875318066158
3,776,0,0,0,2,38,305,814,801,1960,0.0,0.0,0.0,0.001020408163265,0.019387755102041,0.155612244897959,0.41530612244898,0.408673469387755
3,777,0,0,0,3,41,292,854,765,1955,0.0,0.0,0.0,0.00153452685422,0.020971867007673,0.149360613810742,0.436828644501279,0.391304347826087
3,778,0,0,0,2,50,287,806,805,1950,0.0,0.0,0.0,0.001025641025641,0.025641025641026,0.147179487179487,0.413333333333333,0.412820512820513
3,779,0,0,0,5,41,281,815,803,1945,0.0,0.0,0.0,0.002570694087404,0.02107969151671,0.144473007712082,0.419023136246787,0.412853470437018
3,780,0,0,0,1,54,291,815,779,1940,0.0,0.0,0.0,0.000515463917526,0.027835051546392,0.15,0.420103092783505,0.401546391752577
3,781,0,0,0,3,47,293,804,788,1935,0.0,0.0,0.0,0.001550387596899,0.024289405684755,0.151421188630491,0.415503875968992,0.407235142118863
3,782,0,0,0,2,50,302,826,750,1930,0.0,0.0,0.0,0.001036269430052,0.025906735751295,0.156476683937824,0.427979274611399,0.38860103626943
3,783,0,0,0,2,41,280,803,799,1925,0.0,0.0,0.0,0.001038961038961,0.021298701298701,0.145454545454545,0.417142857142857,0.415064935064935
3,784,0,0,0,4,37,275,800,804,1920,0.0,0.0,0.0,0.002083333333333,0.019270833333333,0.143229166666667,0.416666666666667,0.41875
3,785,0,0,0,2,37,256,810,810,1915,0.0,0.0,0.0,0.001044386422977,0.019321148825065,0.133681462140992,0.422976501305483,0.422976501305483
3,786,0,0,0,4,38,271,775,822,1910,0.0,0.0,0.0,0.002094240837696,0.019895287958115,0.141884816753927,0.405759162303665,0.430366492146597
3,787,0,0,0,3,44,301,799,758,1905,0.0,0.0,0.0,0.001574803149606,0.023097112860892,0.158005249343832,0.419422572178478,0.397900262467192
3,788,0,0,0,4,41,289,807,759,1900,0.0,0.0,0.0,0.002105263157895,0.021578947368421,0.152105263157895,0.424736842105263,0.399473684210526
3,789,0,0,0,3,37,293,780,782,1895,0.0,0.0,0.0,0.001583113456464,0.019525065963061,0.154617414248021,0.411609498680739,0.412664907651715
3,790,0,0,0,1,47,291,762,789,1890,0.0,0.0,0.0,0.000529100529101,0.024867724867725,0.153968253968254,0.403174603174603,0.417460317460317
3,791,0,0,1,3,46,276,797,762,1885,0.0,0.0,0.00053050397878,0.00159151193634,0.024403183023873,0.146419098143236,0.422811671087533,0.404244031830239
3,792,0,0,0,4,47,291,790,748,1880,0.0,0.0,0.0,0.002127659574468,0.025,0.154787234042553,0.420212765957447,0.397872340425532
3,793,0,0,0,3,49,286,774,763,1875,0.0,0.0,0.0,0.0016,0.026133333333333,0.152533333333333,0.4128,0.406933333333333
3,794,0,0,0,5,41,254,817,753,1870,0.0,0.0,0.0,0.002673796791444,0.02192513368984,0.135828877005348,0.436898395721925,0.402673796791444
3,795,0,0,0,2,44,268,821,730,1865,0.0,0.0,0.0,0.001072386058981,0.023592493297587,0.143699731903485,0.440214477211796,0.39142091152815
3,796,0,0,0,2,50,287,786,735,1860,0.0,0.0,0.0,0.001075268817204,0.026881720430108,0.154301075268817,0.42258064516129,0.395161290322581
3,797,0,0,0,0,46,275,790,744,1855,0.0,0.0,0.0,0.0,0.024797843665768,0.148247978436658,0.425876010781671,0.401078167115903
3,798,0,0,0,0,47,261,804,738,1850,0.0,0.0,0.0,0.0,0.025405405405405,0.141081081081081,0.434594594594595,0.398918918918919
3,799,0,0,0,2,35,302,749,757,1845,0.0,0.0,0.0,0.001084010840108,0.018970189701897,0.163685636856369,0.405962059620596,0.41029810298103
3,800,0,0,0,0,46,268,789,737,1840,0.0,0.0,0.0,0.0,0.025,0.145652173913043,0.428804347826087,0.40054347826087
3,801,0,0,0,3,46,253,789,744,1835,0.0,0.0,0.0,0.001634877384196,0.025068119891008,0.137874659400545,0.429972752043597,0.405449591280654
3,802,0,0,0,2,39,284,773,732,1830,0.0,0.0,0.0,0.001092896174863,0.021311475409836,0.155191256830601,0.422404371584699,0.4
3,803,0,0,0,3,48,273,776,725,1825,0.0,0.0,0.0,0.001643835616438,0.026301369863014,0.14958904109589,0.425205479452055,0.397260273972603
3,804,0,0,0,3,40,274,770,733,1820,0.0,0.0,0.0,0.001648351648352,0.021978021978022,0.150549450549451,0.423076923076923,0.402747252747253
3,805,0,0,0,1,38,271,767,738,1815,0.0,0.0,0.0,0.000550964187328,0.020936639118457,0.14931129476584,0.422589531680441,0.406611570247934
3,806,0,0,0,3,31,262,787,727,1810,0.0,0.0,0.0,0.001657458563536,0.017127071823204,0.14475138121547,0.434806629834254,0.401657458563536
3,807,0,0,0,4,45,265,764,727,1805,0.0,0.0,0.0,0.002216066481994,0.024930747922438,0.146814404432133,0.423268698060942,0.402770083102493
3,808,0,0,0,1,35,261,781,722,1800,0.0,0.0,0.0,0.000555555555556,0.019444444444444,0.145,0.433888888888889,0.401111111111111
3,809,0,0,0,4,47,290,754,700,1795,0.0,0.0,0.0,0.002228412256267,0.026183844011142,0.161559888579387,0.420055710306407,0.389972144846797
3,810,0,0,0,2,39,278,730,741,1790,0.0,0.0,0.0,0.001117318435754,0.021787709497207,0.155307262569832,0.407821229050279,0.413966480446927
3,811,0,0,0,1,34,273,749,728,1785,0.0,0.0,0.0,0.000560224089636,0.019047619047619,0.152941176470588,0.419607843137255,0.407843137254902
3,812,0,0,1,3,36,266,698,776,1780,0.0,0.0,0.000561797752809,0.001685393258427,0.020224719101124,0.149438202247191,0.392134831460674,0.435955056179775
3,813,0,0,0,4,36,252,745,738,1775,0.0,0.0,0.0,0.002253521126761,0.020281690140845,0.141971830985915,0.419718309859155,0.415774647887324
3,814,0,0,0,3,40,244,754,729,1770,0.0,0.0,0.0,0.001694915254237,0.022598870056497,0.137853107344633,0.425988700564972,0.411864406779661
3,815,0,0,0,2,35,259,731,738,1765,0.0,0.0,0.0,0.001133144475921,0.019830028328612,0.146742209631728,0.414164305949008,0.418130311614731
3,816,0,0,0,2,39,267,751,701,1760,0.0,0.0,0.0,0.001136363636364,0.022159090909091,0.151704545454545,0.426704545454545,0.398295454545455
3,817,0,0,0,5,39,266,756,689,1755,0.0,0.0,0.0,0.002849002849003,0.022222222222222,0.151566951566952,0.430769230769231,0.392592592592593
3,818,0,0,0,3,37,305,710,695,1750,0.0,0.0,0.0,0.001714285714286,0.021142857142857,0.174285714285714,0.405714285714286,0.397142857142857
3,819,0,0,0,1,33,255,747,709,1745,0.0,0.0,0.0,0.000573065902579,0.0189111747851,0.146131805157593,0.428080229226361,0.406303724928367
3,820,0,0,0,1,34,269,727,709,1740,0.0,0.0,0.0,0.000574712643678,0.019540229885057,0.154597701149425,0.417816091954023,0.407471264367816
3,821,0,0,0,1,41,255,719,719,1735,0.0,0.0,0.0,0.000576368876081,0.023631123919308,0.146974063400576,0.414409221902017,0.414409221902017
3,822,0,0,0,2,34,271,730,693,1730,0.0,0.0,0.0,0.001156069364162,0.019653179190751,0.156647398843931,0.421965317919075,0.400578034682081
3,823,0,0,0,0,48,272,737,668,1725,0.0,0.0,0.0,0.0,0.027826086956522,0.15768115942029,0.427246376811594,0.387246376811594
3,824,0,0,0,3,33,260,695,729,1720,0.0,0.0,0.0,0.001744186046512,0.019186046511628,0.151162790697674,0.40406976744186,0.423837209302326
3,825,0,0,0,1,38,232,758,686,1715,0.0,0.0,0.0,0.000583090379009,0.022157434402332,0.135276967930029,0.44198250728863,0.4
3,826,0,0,0,1,28,286,705,690,1710,0.0,0.0,0.0,0.000584795321637,0.016374269005848,0.167251461988304,0.412280701754386,0.403508771929825
3,827,0,0,0,1,35,260,716,693,1705,0.0,0.0,0.0,0.00058651026393,0.020527859237537,0.152492668621701,0.419941348973607,0.406451612903226
3,828,0,0,0,1,40,263,715,681,1700,0.0,0.0,0.0,0.000588235294118,0.023529411764706,0.154705882352941,0.420588235294118,0.400588235294118
3,829,0,0,0,1,35,245,756,658,1695,0.0,0.0,0.0,0.000589970501475,0.020648967551622,0.144542772861357,0.446017699115044,0.388200589970501
3,830,0,0,1,3,42,222,708,714,1690,0.0,0.0,0.000591715976331,0.001775147928994,0.024852071005917,0.131360946745562,0.418934911242604,0.422485207100592
3,831,0,0,0,0,35,264,717,669,1685,0.0,0.0,0.0,0.0,0.020771513353116,0.156676557863501,0.425519287833828,0.397032640949555
3,832,0,0,0,3,56,260,681,680,1680,0.0,0.0,0.0,0.001785714285714,0.033333333333333,0.154761904761905,0.405357142857143,0.404761904761905
3,833,0,0,0,0,43,234,700,698,1675,0.0,0.0,0.0,0.0,0.025671641791045,0.139701492537313,0.417910447761194,0.416716417910448
3,834,0,0,0,0,35,235,755,645,1670,0.0,0.0,0.0,0.0,0.020958083832335,0.140718562874251,0.452095808383234,0.38622754491018
3,835,0,0,0,1,38,256,734,636,1665,0.0,0.0,0.0,0.000600600600601,0.022822822822823,0.153753753753754,0.440840840840841,0.381981981981982
3,836,0,0,0,4,38,236,727,655,1660,0.0,0.0,0.0,0.002409638554217,0.02289156626506,0.142168674698795,0.437951807228916,0.394578313253012
3,837,0,0,0,6,29,260,679,681,1655,0.0,0.0,0.0,0.003625377643505,0.017522658610272,0.157099697885196,0.410271903323263,0.411480362537764
3,838,0,0,0,3,40,228,672,707,1650,0.0,0.0,0.0,0.001818181818182,0.024242424242424,0.138181818181818,0.407272727272727,0.428484848484848
3,839,0,0,0,2,39,252,684,668,1645,0.0,0.0,0.0,0.001215805471125,0.02370820668693,0.153191489361702,0.41580547112462,0.406079027355623
3,840,0,0,0,1,31,253,690,665,1640,0.0,0.0,0.0,0.000609756097561,0.01890243902439,0.154268292682927,0.420731707317073,0.405487804878049
3,841,0,0,0,0,25,226,745,639,1635,0.0,0.0,0.0,0.0,0.015290519877676,0.13822629969419,0.45565749235474,0.390825688073395
3,842,0,0,1,1,37,235,660,696,1630,0.0,0.0,0.000613496932515,0.000613496932515,0.022699386503067,0.144171779141104,0.404907975460123,0.426993865030675
3,843,0,0,0,0,34,213,695,683,1625,0.0,0.0,0.0,0.0,0.020923076923077,0.131076923076923,0.427692307692308,0.420307692307692
3,844,0,0,0,0,32,258,720,610,1620,0.0,0.0,0.0,0.0,0.019753086419753,0.159259259259259,0.444444444444444,0.376543209876543
3,845,0,0,0,2,28,248,679,658,1615,0.0,0.0,0.0,0.001238390092879,0.01733746130031,0.153560371517028,0.420433436532508,0.407430340557276
3,846,0,0,0,3,42,267,683,615,1610,0.0,0.0,0.0,0.001863354037267,0.026086956521739,0.16583850931677,0.424223602484472,0.381987577639752
3,847,0,0,0,4,34,226,666,675,1605,0.0,0.0,0.0,0.002492211838006,0.021183800623053,0.140809968847352,0.414953271028037,0.420560747663551
3,848,0,0,0,5,28,250,670,647,1600,0.0,0.0,0.0,0.003125,0.0175,0.15625,0.41875,0.404375
3,849,0,0,0,1,35,241,667,651,1595,0.0,0.0,0.0,0.000626959247649,0.021943573667712,0.151097178683386,0.418181818181818,0.408150470219436
3,850,0,0,0,1,28,244,675,642,1590,0.0,0.0,0.0,0.00062893081761,0.017610062893082,0.153459119496855,0.424528301886792,0.40377358490566
3,851,0,0,0,3,30,227,679,646,1585,0.0,0.0,0.0,0.001892744479495,0.018927444794953,0.143217665615142,0.428391167192429,0.407570977917981
3,852,0,0,0,2,31,216,687,644,1580,0.0,0.0,0.0,0.00126582278481,0.019620253164557,0.136708860759494,0.434810126582278,0.407594936708861
3,853,0,0,0,1,34,229,638,673,1575,0.0,0.0,0.0,0.000634920634921,0.021587301587302,0.145396825396825,0.405079365079365,0.427301587301587
3,854,0,0,0,4,36,224,656,650,1570,0.0,0.0,0.0,0.002547770700637,0.022929936305732,0.142675159235669,0.417834394904459,0.414012738853503
3,855,0,0,0,0,32,238,625,670,1565,0.0,0.0,0.0,0.0,0.020447284345048,0.152076677316294,0.399361022364217,0.428115015974441
3,856,0,0,0,0,29,221,702,608,1560,0.0,0.0,0.0,0.0,0.018589743589744,0.141666666666667,0.45,0.38974358974359
3,857,0,0,0,0,39,248,643,625,1555,0.0,0.0,0.0,0.0,0.02508038585209,0.159485530546624,0.413504823151125,0.401929260450161
3,858,0,0,1,1,44,225,639,640,1550,0.0,0.0,0.000645161290323,0.000645161290323,0.028387096774194,0.145161290322581,0.412258064516129,0.412903225806452
3,859,0,0,0,5,34,242,669,595,1545,0.0,0.0,0.0,0.003236245954693,0.022006472491909,0.15663430420712,0.433009708737864,0.385113268608414
3,860,0,0,0,1,28,215,665,631,1540,0.0,0.0,0.0,0.000649350649351,0.018181818181818,0.13961038961039,0.431818181818182,0.40974025974026
3,861,0,0,0,3,31,220,641,640,1535,0.0,0.0,0.0,0.001954397394137,0.020195439739414,0.143322475570033,0.417589576547231,0.416938110749186
3,862,0,0,0,1,32,220,670,607,1530,0.0,0.0,0.0,0.000653594771242,0.020915032679739,0.143790849673203,0.437908496732026,0.396732026143791
3,863,0,0,0,5,33,217,642,628,1525,0.0,0.0,0.0,0.00327868852459,0.021639344262295,0.142295081967213,0.420983606557377,0.411803278688525
3,864,0,0,0,0,24,217,657,622,1520,0.0,0.0,0.0,0.0,0.015789473684211,0.142763157894737,0.432236842105263,0.409210526315789
3,865,0,0,0,4,40,233,636,602,1515,0.0,0.0,0.0,0.002640264026403,0.026402640264026,0.153795379537954,0.41980198019802,0.397359735973597
3,866,0,0,0,2,29,251,641,587,1510,0.0,0.0,0.0,0.001324503311258,0.019205298013245,0.166225165562914,0.424503311258278,0.388741721854305
3,867,0,0,0,2,34,201,634,634,1505,0.0,0.0,0.0,0.001328903654485,0.022591362126246,0.133554817275748,0.421262458471761,0.421262458471761
3,868,0,0,0,0,30,218,625,627,1500,0.0,0.0,0.0,0.0,0.02,0.145333333333333,0.416666666666667,0.418
3,869,0,0,0,4,28,203,637,623,1495,0.0,0.0,0.0,0.002675585284281,0.018729096989967,0.135785953177258,0.426086956521739,0.416722408026756
3,870,0,0,0,4,35,193,630,628,1490,0.0,0.0,0.0,0.002684563758389,0.023489932885906,0.129530201342282,0.422818791946309,0.421476510067114
3,871,0,0,0,4,29,238,625,589,1485,0.0,0.0,0.0,0.002693602693603,0.01952861952862,0.16026936026936,0.420875420875421,0.396632996632997
3,872,0,0,1,2,29,229,606,613,1480,0.0,0.0,0.000675675675676,0.001351351351351,0.019594594594595,0.15472972972973,0.409459459459459,0.414189189189189
3,873,0,0,0,1,35,204,636,599,1475,0.0,0.0,0.0,0.000677966101695,0.023728813559322,0.138305084745763,0.431186440677966,0.406101694915254
3,874,0,0,0,5,32,206,618,609,1470,0.0,0.0,0.0,0.003401360544218,0.021768707482993,0.140136054421769,0.420408163265306,0.414285714285714
3,875,0,0,0,1,34,209,634,587,1465,0.0,0.0,0.0,0.000682593856655,0.02320819112628,0.142662116040956,0.432764505119454,0.400682593856655
3,876,0,0,0,2,21,210,612,615,1460,0.0,0.0,0.0,0.001369863013699,0.014383561643836,0.143835616438356,0.419178082191781,0.421232876712329
3,877,0,0,0,0,31,198,632,594,1455,0.0,0.0,0.0,0.0,0.021305841924399,0.136082474226804,0.434364261168385,0.408247422680412
3,878,0,0,0,1,26,226,613,584,1450,0.0,0.0,0.0,0.000689655172414,0.017931034482759,0.155862068965517,0.422758620689655,0.402758620689655
3,879,0,0,0,5,35,229,584,592,1445,0.0,0.0,0.0,0.003460207612457,0.024221453287197,0.158477508650519,0.404152249134948,0.409688581314879
3,880,0,0,0,2,38,211,645,544,1440,0.0,0.0,0.0,0.001388888888889,0.026388888888889,0.146527777777778,0.447916666666667,0.377777777777778
3,881,0,0,0,3,22,211,618,581,1435,0.0,0.0,0.0,0.002090592334495,0.015331010452962,0.147038327526132,0.430662020905923,0.404878048780488
3,882,0,0,0,1,23,224,624,558,1430,0.0,0.0,0.0,0.000699300699301,0.016083916083916,0.156643356643357,0.436363636363636,0.39020979020979
3,883,0,0,0,0,31,234,569,591,1425,0.0,0.0,0.0,0.0,0.021754385964912,0.164210526315789,0.399298245614035,0.414736842105263
3,884,0,0,0,2,27,225,622,544,1420,0.0,0.0,0.0,0.001408450704225,0.019014084507042,0.158450704225352,0.438028169014085,0.383098591549296
3,885,0,0,0,0,20,210,608,577,1415,0.0,0.0,0.0,0.0,0.014134275618375,0.148409893992933,0.429681978798587,0.407773851590106
3,886,0,0,0,0,33,209,577,591,1410,0.0,0.0,0.0,0.0,0.023404255319149,0.14822695035461,0.409219858156028,0.419148936170213
3,887,0,0,0,1,31,191,613,569,1405,0.0,0.0,0.0,0.000711743772242,0.022064056939502,0.135943060498221,0.436298932384342,0.404982206405694
3,888,0,0,0,0,33,189,583,595,1400,0.0,0.0,0.0,0.0,0.023571428571429,0.135,0.416428571428571,0.425
3,889,0,0,0,1,31,196,565,602,1395,0.0,0.0,0.0,0.000716845878136,0.022222222222222,0.140501792114695,0.405017921146953,0.431541218637993
3,890,0,0,0,1,27,195,635,532,1390,0.0,0.0,0.0,0.000719424460432,0.019424460431655,0.140287769784173,0.456834532374101,0.38273381294964
3,891,0,0,0,7,23,196,630,529,1385,0.0,0.0,0.0,0.005054151624549,0.016606498194946,0.141516245487365,0.454873646209386,0.381949458483755
3,892,0,0,0,5,30,207,562,576,1380,0.0,0.0,0.0,0.003623188405797,0.021739130434783,0.15,0.407246376811594,0.417391304347826
3,893,0,0,0,2,19,229,571,554,1375,0.0,0.0,0.0,0.001454545454545,0.013818181818182,0.166545454545455,0.415272727272727,0.402909090909091
3,894,0,0,1,1,29,187,584,568,1370,0.0,0.0,0.000729927007299,0.000729927007299,0.021167883211679,0.136496350364963,0.426277372262774,0.414598540145985
3,895,0,0,0,2,34,192,582,555,1365,0.0,0.0,0.0,0.001465201465201,0.024908424908425,0.140659340659341,0.426373626373626,0.406593406593407
3,896,0,0,0,2,31,198,580,549,1360,0.0,0.0,0.0,0.001470588235294,0.022794117647059,0.145588235294118,0.426470588235294,0.403676470588235
3,897,0,0,0,3,24,167,595,566,1355,0.0,0.0,0.0,0.002214022140221,0.017712177121771,0.123247232472325,0.439114391143911,0.417712177121771
3,898,0,0,0,0,30,209,573,538,1350,0.0,0.0,0.0,0.0,0.022222222222222,0.154814814814815,0.424444444444444,0.398518518518518
3,899,0,0,0,1,33,199,541,571,1345,0.0,0.0,0.0,0.000743494423792,0.02453531598513,0.147955390334573,0.402230483271375,0.42453531598513
3,900,0,0,0,2,34,210,580,514,1340,0.0,0.0,0.0,0.001492537313433,0.025373134328358,0.156716417910448,0.432835820895522,0.383582089552239
3,901,0,0,0,2,31,197,537,568,1335,0.0,0.0,0.0,0.001498127340824,0.023220973782772,0.147565543071161,0.402247191011236,0.425468164794008
3,902,0,0,0,3,27,206,564,530,1330,0.0,0.0,0.0,0.002255639097744,0.020300751879699,0.154887218045113,0.42406015037594,0.398496240601504
3,903,0,0,1,3,27,194,547,553,1325,0.0,0.0,0.000754716981132,0.002264150943396,0.020377358490566,0.146415094339623,0.412830188679245,0.417358490566038
3,904,0,0,0,1,33,201,566,519,1320,0.0,0.0,0.0,0.000757575757576,0.025,0.152272727272727,0.428787878787879,0.393181818181818
3,905,0,0,0,2,29,216,546,522,1315,0.0,0.0,0.0,0.001520912547529,0.022053231939163,0.16425855513308,0.415209125475285,0.396958174904943
3,906,0,0,0,6,33,213,522,536,1310,0.0,0.0,0.0,0.004580152671756,0.025190839694656,0.162595419847328,0.398473282442748,0.409160305343511
3,907,0,0,0,1,23,220,523,538,1305,0.0,0.0,0.0,0.000766283524904,0.017624521072797,0.168582375478927,0.400766283524904,0.412260536398467
3,908,0,0,0,1,33,191,562,513,1300,0.0,0.0,0.0,0.000769230769231,0.025384615384615,0.146923076923077,0.432307692307692,0.394615384615385
3,909,0,0,0,1,23,189,541,541,1295,0.0,0.0,0.0,0.000772200772201,0.017760617760618,0.145945945945946,0.417760617760618,0.417760617760618
3,910,0,0,0,1,21,157,566,545,1290,0.0,0.0,0.0,0.00077519379845,0.016279069767442,0.121705426356589,0.438759689922481,0.422480620155039
3,911,0,0,0,1,34,200,523,527,1285,0.0,0.0,0.0,0.000778210116732,0.026459143968872,0.155642023346304,0.407003891050584,0.41011673151751
3,912,0,0,0,1,25,188,528,538,1280,0.0,0.0,0.0,0.00078125,0.01953125,0.146875,0.4125,0.4203125
3,913,0,0,0,3,32,181,551,508,1275,0.0,0.0,0.0,0.002352941176471,0.025098039215686,0.141960784313725,0.432156862745098,0.39843137254902
3,914,0,0,0,1,23,187,519,540,1270,0.0,0.0,0.0,0.000787401574803,0.018110236220472,0.147244094488189,0.408661417322835,0.425196850393701
3,915,0,0,0,1,31,184,533,516,1265,0.0,0.0,0.0,0.000790513833992,0.024505928853755,0.145454545454545,0.421343873517787,0.407905138339921
3,916,0,0,0,2,19,205,494,540,1260,0.0,0.0,0.0,0.001587301587302,0.015079365079365,0.162698412698413,0.392063492063492,0.428571428571429
3,917,0,0,0,1,18,172,552,512,1255,0.0,0.0,0.0,0.000796812749004,0.014342629482072,0.137051792828685,0.439840637450199,0.40796812749004
3,918,0,0,0,1,35,185,503,526,1250,0.0,0.0,0.0,0.0008,0.028,0.148,0.4024,0.4208
3,919,0,0,0,4,29,179,528,505,1245,0.0,0.0,0.0,0.003212851405622,0.023293172690763,0.143775100401606,0.424096385542169,0.405622489959839
3,920,0,0,0,0,25,182,564,469,1240,0.0,0.0,0.0,0.0,0.020161290322581,0.146774193548387,0.454838709677419,0.378225806451613
3,921,0,0,0,1,27,200,519,488,1235,0.0,0.0,0.0,0.00080971659919,0.021862348178138,0.161943319838057,0.420242914979757,0.395141700404858
3,922,0,0,0,3,23,176,529,499,1230,0.0,0.0,0.0,0.002439024390244,0.01869918699187,0.143089430894309,0.430081300813008,0.405691056910569
3,923,0,0,0,2,30,162,529,502,1225,0.0,0.0,0.0,0.001632653061224,0.024489795918367,0.132244897959184,0.431836734693878,0.409795918367347
3,924,0,0,0,0,39,176,521,484,1220,0.0,0.0,0.0,0.0,0.031967213114754,0.144262295081967,0.427049180327869,0.39672131147541
3,925,0,0,0,0,19,177,493,526,1215,0.0,0.0,0.0,0.0,0.015637860082305,0.145679012345679,0.405761316872428,0.432921810699588
3,926,0,0,0,1,29,197,516,467,1210,0.0,0.0,0.0,0.000826446280992,0.02396694214876,0.162809917355372,0.426446280991736,0.38595041322314
3,927,0,0,0,0,25,160,504,516,1205,0.0,0.0,0.0,0.0,0.020746887966805,0.132780082987552,0.418257261410788,0.428215767634855
3,928,0,0,0,0,31,152,499,518,1200,0.0,0.0,0.0,0.0,0.025833333333333,0.126666666666667,0.415833333333333,0.431666666666667
3,929,0,0,0,1,34,192,513,455,1195,0.0,0.0,0.0,0.000836820083682,0.028451882845188,0.160669456066946,0.42928870292887,0.380753138075314
3,930,0,0,0,1,40,188,513,448,1190,0.0,0.0,0.0,0.000840336134454,0.033613445378151,0.157983193277311,0.43109243697479,0.376470588235294
3,931,0,0,0,1,27,194,514,449,1185,0.0,0.0,0.0,0.00084388185654,0.022784810126582,0.163713080168776,0.433755274261603,0.378902953586498
3,932,0,0,0,4,22,179,520,455,1180,0.0,0.0,0.0,0.003389830508475,0.01864406779661,0.151694915254237,0.440677966101695,0.385593220338983
3,933,0,0,0,2,28,164,520,461,1175,0.0,0.0,0.0,0.001702127659574,0.023829787234043,0.139574468085106,0.442553191489362,0.392340425531915
3,934,0,0,0,3,22,189,466,490,1170,0.0,0.0,0.0,0.002564102564103,0.018803418803419,0.161538461538462,0.398290598290598,0.418803418803419
3,935,0,0,0,2,21,171,527,444,1165,0.0,0.0,0.0,0.001716738197425,0.018025751072961,0.146781115879828,0.452360515021459,0.381115879828326
3,936,0,0,0,3,24,181,478,474,1160,0.0,0.0,0.0,0.002586206896552,0.020689655172414,0.156034482758621,0.412068965517241,0.408620689655172
3,937,0,0,0,0,25,175,503,452,1155,0.0,0.0,0.0,0.0,0.021645021645022,0.151515151515152,0.435497835497835,0.391341991341991
3,938,0,0,0,4,20,180,470,476,1150,0.0,0.0,0.0,0.003478260869565,0.017391304347826,0.156521739130435,0.408695652173913,0.413913043478261
3,939,0,0,0,1,21,188,480,455,1145,0.0,0.0,0.0,0.000873362445415,0.018340611353712,0.164192139737991,0.419213973799127,0.397379912663755
3,940,0,0,0,0,31,177,464,468,1140,0.0,0.0,0.0,0.0,0.02719298245614,0.155263157894737,0.407017543859649,0.410526315789474
3,941,0,0,0,2,34,174,450,475,1135,0.0,0.0,0.0,0.001762114537445,0.029955947136564,0.153303964757709,0.39647577092511,0.418502202643172
3,942,0,0,0,0,20,150,485,475,1130,0.0,0.0,0.0,0.0,0.017699115044248,0.132743362831858,0.429203539823009,0.420353982300885
3,943,0,0,1,1,21,171,482,449,1125,0.0,0.0,0.000888888888889,0.000888888888889,0.018666666666667,0.152,0.428444444444444,0.399111111111111
3,944,0,0,0,2,20,184,474,440,1120,0.0,0.0,0.0,0.001785714285714,0.017857142857143,0.164285714285714,0.423214285714286,0.392857142857143
3,945,0,0,0,3,19,165,473,455,1115,0.0,0.0,0.0,0.002690582959641,0.017040358744395,0.147982062780269,0.424215246636771,0.408071748878924
3,946,0,0,0,1,21,190,466,432,1110,0.0,0.0,0.0,0.000900900900901,0.018918918918919,0.171171171171171,0.41981981981982,0.389189189189189
3,947,0,0,0,2,22,186,474,421,1105,0.0,0.0,0.0,0.001809954751131,0.019909502262443,0.168325791855204,0.4289592760181,0.380995475113122
3,948,0,0,0,3,29,175,466,427,1100,0.0,0.0,0.0,0.002727272727273,0.026363636363636,0.159090909090909,0.423636363636364,0.388181818181818
3,949,0,0,0,1,14,154,458,468,1095,0.0,0.0,0.0,0.000913242009132,0.012785388127854,0.140639269406393,0.418264840182648,0.427397260273973
3,950,0,0,0,1,32,163,451,443,1090,0.0,0.0,0.0,0.000917431192661,0.029357798165138,0.14954128440367,0.413761467889908,0.406422018348624
3,951,0,0,0,3,23,142,496,421,1085,0.0,0.0,0.0,0.002764976958525,0.021198156682028,0.130875576036866,0.457142857142857,0.388018433179724
3,952,0,0,0,0,20,171,440,449,1080,0.0,0.0,0.0,0.0,0.018518518518519,0.158333333333333,0.407407407407407,0.415740740740741
3,953,0,0,0,1,27,162,458,427,1075,0.0,0.0,0.0,0.00093023255814,0.025116279069767,0.150697674418605,0.426046511627907,0.397209302325581
3,954,0,0,0,0,19,152,457,442,1070,0.0,0.0,0.0,0.0,0.017757009345794,0.142056074766355,0.427102803738318,0.413084112149533
3,955,0,0,0,0,34,153,433,445,1065,0.0,0.0,0.0,0.0,0.031924882629108,0.143661971830986,0.406572769953052,0.417840375586854
3,956,0,0,0,1,31,162,449,417,1060,0.0,0.0,0.0,0.000943396226415,0.029245283018868,0.152830188679245,0.423584905660377,0.393396226415094
3,957,0,0,0,1,17,167,456,414,1055,0.0,0.0,0.0,0.000947867298578,0.016113744075829,0.158293838862559,0.432227488151659,0.392417061611374
3,958,0,0,0,3,27,145,453,422,1050,0.0,0.0,0.0,0.002857142857143,0.025714285714286,0.138095238095238,0.431428571428571,0.401904761904762
3,959,0,0,0,0,19,164,436,426,1045,0.0,0.0,0.0,0.0,0.018181818181818,0.156937799043062,0.417224880382775,0.407655502392344
3,960,0,0,0,2,34,157,409,438,1040,0.0,0.0,0.0,0.001923076923077,0.032692307692308,0.150961538461538,0.393269230769231,0.421153846153846
3,961,0,0,0,1,24,152,436,422,1035,0.0,0.0,0.0,0.000966183574879,0.023188405797101,0.146859903381643,0.421256038647343,0.407729468599034
3,962,0,0,0,2,18,160,442,408,1030,0.0,0.0,0.0,0.001941747572816,0.01747572815534,0.155339805825243,0.429126213592233,0.396116504854369
3,963,0,0,0,1,19,157,434,414,1025,0.0,0.0,0.0,0.000975609756098,0.018536585365854,0.153170731707317,0.423414634146341,0.40390243902439
3,964,0,0,0,0,23,155,425,417,1020,0.0,0.0,0.0,0.0,0.022549019607843,0.151960784313725,0.416666666666667,0.408823529411765
3,965,0,0,0,0,20,156,436,403,1015,0.0,0.0,0.0,0.0,0.019704433497537,0.153694581280788,0.429556650246305,0.397044334975369
3,966,0,0,0,0,17,144,432,417,1010,0.0,0.0,0.0,0.0,0.016831683168317,0.142574257425743,0.427722772277228,0.412871287128713
3,967,0,0,0,1,17,145,445,397,1005,0.0,0.0,0.0,0.000995024875622,0.016915422885572,0.144278606965174,0.442786069651741,0.395024875621891
3,968,0,0,0,1,8,154,437,400,1000,0.0,0.0,0.0,0.001,0.008,0.154,0.437,0.4
3,969,0,0,0,0,22,148,428,397,995,0.0,0.0,0.0,0.0,0.022110552763819,0.148743718592965,0.430150753768844,0.398994974874372
3,970,0,0,0,1,12,160,405,412,990,0.0,0.0,0.0,0.001010101010101,0.012121212121212,0.161616161616162,0.409090909090909,0.416161616161616
3,971,0,0,0,0,18,140,442,385,985,0.0,0.0,0.0,0.0,0.018274111675127,0.142131979695431,0.448730964467005,0.390862944162437
3,972,0,0,0,1,29,162,406,382,980,0.0,0.0,0.0,0.001020408163265,0.029591836734694,0.16530612244898,0.414285714285714,0.389795918367347
3,973,0,0,0,0,19,153,414,389,975,0.0,0.0,0.0,0.0,0.019487179487179,0.156923076923077,0.424615384615385,0.398974358974359
3,974,0,0,0,1,14,160,412,383,970,0.0,0.0,0.0,0.001030927835052,0.014432989690722,0.164948453608247,0.424742268041237,0.394845360824742
3,975,0,0,0,0,27,139,392,407,965,0.0,0.0,0.0,0.0,0.027979274611399,0.144041450777202,0.406217616580311,0.421761658031088
3,976,0,0,0,0,29,130,404,397,960,0.0,0.0,0.0,0.0,0.030208333333333,0.135416666666667,0.420833333333333,0.413541666666667
3,977,0,0,0,1,15,137,407,395,955,0.0,0.0,0.0,0.001047120418848,0.015706806282723,0.143455497382199,0.426178010471204,0.413612565445026
3,978,0,0,0,1,21,127,390,411,950,0.0,0.0,0.0,0.001052631578947,0.022105263157895,0.133684210526316,0.410526315789474,0.432631578947368
3,979,0,0,0,2,22,147,415,359,945,0.0,0.0,0.0,0.002116402116402,0.023280423280423,0.155555555555556,0.439153439153439,0.37989417989418
3,980,0,0,0,1,24,143,405,367,940,0.0,0.0,0.0,0.001063829787234,0.025531914893617,0.152127659574468,0.430851063829787,0.390425531914894
3,981,0,0,0,0,13,128,392,402,935,0.0,0.0,0.0,0.0,0.013903743315508,0.136898395721925,0.419251336898396,0.429946524064171
3,982,0,0,0,0,19,141,378,392,930,0.0,0.0,0.0,0.0,0.020430107526882,0.151612903225806,0.406451612903226,0.421505376344086
3,983,0,0,0,1,19,128,390,387,925,0.0,0.0,0.0,0.001081081081081,0.020540540540541,0.138378378378378,0.421621621621622,0.418378378378378
3,984,0,0,0,2,16,154,394,354,920,0.0,0.0,0.0,0.002173913043478,0.017391304347826,0.167391304347826,0.428260869565217,0.384782608695652
3,985,0,0,0,0,20,147,397,351,915,0.0,0.0,0.0,0.0,0.021857923497268,0.160655737704918,0.433879781420765,0.383606557377049
3,986,0,0,0,1,20,125,404,360,910,0.0,0.0,0.0,0.001098901098901,0.021978021978022,0.137362637362637,0.443956043956044,0.395604395604396
3,987,0,0,0,0,28,138,379,360,905,0.0,0.0,0.0,0.0,0.030939226519337,0.152486187845304,0.41878453038674,0.397790055248619
3,988,0,0,1,0,24,119,388,368,900,0.0,0.0,0.001111111111111,0.0,0.026666666666667,0.132222222222222,0.431111111111111,0.408888888888889
3,989,0,0,0,2,15,152,397,329,895,0.0,0.0,0.0,0.002234636871508,0.016759776536313,0.169832402234637,0.443575418994413,0.367597765363128
3,990,0,0,0,2,26,126,381,355,890,0.0,0.0,0.0,0.002247191011236,0.029213483146067,0.141573033707865,0.428089887640449,0.398876404494382
3,991,0,0,0,2,14,142,389,338,885,0.0,0.0,0.0,0.00225988700565,0.015819209039548,0.16045197740113,0.43954802259887,0.381920903954802
3,992,0,0,0,0,23,121,375,361,880,0.0,0.0,0.0,0.0,0.026136363636364,0.1375,0.426136363636364,0.410227272727273
3,993,0,0,0,0,22,129,380,344,875,0.0,0.0,0.0,0.0,0.025142857142857,0.147428571428571,0.434285714285714,0.393142857142857
3,994,0,0,0,2,21,128,355,364,870,0.0,0.0,0.0,0.002298850574713,0.024137931034483,0.147126436781609,0.408045977011494,0.418390804597701
3,995,0,0,0,3,17,144,383,318,865,0.0,0.0,0.0,0.003468208092486,0.019653179190751,0.166473988439306,0.442774566473988,0.367630057803468
3,996,0,0,0,2,23,125,385,325,860,0.0,0.0,0.0,0.002325581395349,0.026744186046512,0.145348837209302,0.447674418604651,0.377906976744186
3,997,0,0,0,1,17,122,375,340,855,0.0,0.0,0.0,0.001169590643275,0.019883040935673,0.142690058479532,0.43859649122807,0.39766081871345
3,998,0,0,1,1,16,139,338,355,850,0.0,0.0,0.001176470588235,0.001176470588235,0.018823529411765,0.163529411764706,0.397647058823529,0.417647058823529
3,999,0,0,0,0,25,131,352,337,845,0.0,0.0,0.0,0.0,0.029585798816568,0.155029585798817,0.416568047337278,0.398816568047337
3,1000,0,0,0,1,12,113,347,367,840,0.0,0.0,0.0,0.001190476190476,0.014285714285714,0.13452380952381,0.413095238095238,0.436904761904762
3,1001,0,0,0,0,16,119,357,343,835,0.0,0.0,0.0,0.0,0.019161676646707,0.14251497005988,0.427544910179641,0.410778443113772
3,1002,0,0,0,1,19,122,370,318,830,0.0,0.0,0.0,0.001204819277108,0.02289156626506,0.146987951807229,0.44578313253012,0.383132530120482
3,1003,0,0,0,0,16,124,337,348,825,0.0,0.0,0.0,0.0,0.019393939393939,0.15030303030303,0.408484848484849,0.421818181818182
3,1004,0,0,0,2,17,140,341,320,820,0.0,0.0,0.0,0.002439024390244,0.020731707317073,0.170731707317073,0.415853658536585,0.390243902439024
3,1005,0,0,0,0,22,119,336,338,815,0.0,0.0,0.0,0.0,0.026993865030675,0.14601226993865,0.412269938650307,0.414723926380368
3,1006,0,0,0,2,20,101,342,345,810,0.0,0.0,0.0,0.002469135802469,0.024691358024691,0.124691358024691,0.422222222222222,0.425925925925926
3,1007,0,0,0,0,19,115,350,321,805,0.0,0.0,0.0,0.0,0.02360248447205,0.142857142857143,0.434782608695652,0.398757763975155
3,1008,0,0,0,1,19,131,319,330,800,0.0,0.0,0.0,0.00125,0.02375,0.16375,0.39875,0.4125
3,1009,0,0,0,2,12,115,344,322,795,0.0,0.0,0.0,0.00251572327044,0.015094339622642,0.144654088050314,0.432704402515723,0.405031446540881
3,1010,0,0,0,0,19,104,338,329,790,0.0,0.0,0.0,0.0,0.024050632911392,0.131645569620253,0.427848101265823,0.416455696202532
3,1011,0,0,0,1,16,116,334,318,785,0.0,0.0,0.0,0.001273885350318,0.020382165605096,0.147770700636943,0.425477707006369,0.405095541401274
3,1012,0,0,0,2,15,150,317,296,780,0.0,0.0,0.0,0.002564102564103,0.019230769230769,0.192307692307692,0.406410256410256,0.379487179487179
3,1013,0,0,0,2,16,130,329,298,775,0.0,0.0,0.0,0.00258064516129,0.020645161290323,0.167741935483871,0.424516129032258,0.384516129032258
3,1014,0,0,0,0,13,111,341,305,770,0.0,0.0,0.0,0.0,0.016883116883117,0.144155844155844,0.442857142857143,0.396103896103896
3,1015,0,0,0,1,15,107,334,308,765,0.0,0.0,0.0,0.001307189542484,0.019607843137255,0.139869281045752,0.436601307189542,0.402614379084967
3,1016,0,0,0,1,18,132,309,300,760,0.0,0.0,0.0,0.001315789473684,0.023684210526316,0.173684210526316,0.406578947368421,0.394736842105263
3,1017,0,0,0,1,16,109,308,321,755,0.0,0.0,0.0,0.001324503311258,0.021192052980132,0.144370860927152,0.40794701986755,0.425165562913907
3,1018,0,0,0,0,10,102,347,291,750,0.0,0.0,0.0,0.0,0.013333333333333,0.136,0.462666666666667,0.388
3,1019,0,0,0,2,19,105,322,297,745,0.0,0.0,0.0,0.002684563758389,0.025503355704698,0.140939597315436,0.432214765100671,0.398657718120805
3,1020,0,0,0,1,15,101,322,301,740,0.0,0.0,0.0,0.001351351351351,0.02027027027027,0.136486486486486,0.435135135135135,0.406756756756757
3,1021,0,0,0,1,12,114,296,312,735,0.0,0.0,0.0,0.001360544217687,0.016326530612245,0.155102040816327,0.402721088435374,0.424489795918367
3,1022,0,0,0,0,18,108,313,291,730,0.0,0.0,0.0,0.0,0.024657534246575,0.147945205479452,0.428767123287671,0.398630136986301
3,1023,0,0,0,1,17,106,318,283,725,0.0,0.0,0.0,0.001379310344828,0.023448275862069,0.146206896551724,0.438620689655172,0.390344827586207
3,1024,0,0,0,0,17,111,312,280,720,0.0,0.0,0.0,0.0,0.023611111111111,0.154166666666667,0.433333333333333,0.388888888888889
3,1025,0,0,0,2,17,103,290,303,715,0.0,0.0,0.0,0.002797202797203,0.023776223776224,0.144055944055944,0.405594405594406,0.423776223776224
3,1026,0,0,0,1,14,113,315,267,710,0.0,0.0,0.0,0.001408450704225,0.019718309859155,0.159154929577465,0.443661971830986,0.376056338028169
3,1027,0,0,0,4,17,104,290,290,705,0.0,0.0,0.0,0.005673758865248,0.024113475177305,0.147517730496454,0.411347517730496,0.411347517730496
3,1028,0,0,0,1,21,120,280,278,700,0.0,0.0,0.0,0.001428571428571,0.03,0.171428571428571,0.4,0.397142857142857
3,1029,0,0,1,1,18,111,297,267,695,0.0,0.0,0.001438848920863,0.001438848920863,0.02589928057554,0.159712230215827,0.427338129496403,0.384172661870504
3,1030,0,0,0,1,19,98,297,275,690,0.0,0.0,0.0,0.001449275362319,0.027536231884058,0.142028985507246,0.430434782608696,0.398550724637681
3,1031,0,0,0,0,15,103,284,283,685,0.0,0.0,0.0,0.0,0.021897810218978,0.15036496350365,0.414598540145985,0.413138686131387
3,1032,0,0,0,1,21,100,283,275,680,0.0,0.0,0.0,0.001470588235294,0.030882352941176,0.147058823529412,0.416176470588235,0.404411764705882
3,1033,0,0,0,0,18,105,287,265,675,0.0,0.0,0.0,0.0,0.026666666666667,0.155555555555556,0.425185185185185,0.392592592592593
3,1034,0,0,0,0,17,91,291,271,670,0.0,0.0,0.0,0.0,0.025373134328358,0.135820895522388,0.434328358208955,0.404477611940299
3,1035,0,0,0,2,14,102,278,269,665,0.0,0.0,0.0,0.003007518796992,0.021052631578947,0.153383458646617,0.418045112781955,0.404511278195489
3,1036,0,0,0,1,12,84,269,294,660,0.0,0.0,0.0,0.001515151515152,0.018181818181818,0.127272727272727,0.407575757575758,0.445454545454545
3,1037,0,0,0,1,17,102,295,240,655,0.0,0.0,0.0,0.001526717557252,0.025954198473282,0.155725190839695,0.450381679389313,0.366412213740458
3,1038,0,0,0,4,13,99,268,266,650,0.0,0.0,0.0,0.006153846153846,0.02,0.152307692307692,0.412307692307692,0.409230769230769
3,1039,0,0,0,1,15,97,270,262,645,0.0,0.0,0.0,0.001550387596899,0.023255813953488,0.150387596899225,0.418604651162791,0.406201550387597
3,1040,0,0,0,0,7,91,265,277,640,0.0,0.0,0.0,0.0,0.0109375,0.1421875,0.4140625,0.4328125
3,1041,0,0,0,1,20,95,249,270,635,0.0,0.0,0.0,0.001574803149606,0.031496062992126,0.149606299212598,0.392125984251968,0.425196850393701
3,1042,0,0,0,1,14,99,267,249,630,0.0,0.0,0.0,0.001587301587302,0.022222222222222,0.157142857142857,0.423809523809524,0.395238095238095
3,1043,0,0,0,1,17,92,262,253,625,0.0,0.0,0.0,0.0016,0.0272,0.1472,0.4192,0.4048
3,1044,0,0,0,2,10,92,266,250,620,0.0,0.0,0.0,0.003225806451613,0.016129032258065,0.148387096774194,0.429032258064516,0.403225806451613
3,1045,0,0,0,2,13,87,244,269,615,0.0,0.0,0.0,0.003252032520325,0.021138211382114,0.141463414634146,0.396747967479675,0.43739837398374
3,1046,0,0,0,2,9,88,267,244,610,0.0,0.0,0.0,0.00327868852459,0.014754098360656,0.144262295081967,0.437704918032787,0.4
3,1047,0,0,0,1,12,84,270,238,605,0.0,0.0,0.0,0.001652892561983,0.019834710743802,0.138842975206612,0.446280991735537,0.393388429752066
3,1048,0,0,0,0,15,98,268,219,600,0.0,0.0,0.0,0.0,0.025,0.163333333333333,0.446666666666667,0.365
3,1049,0,0,0,1,15,85,259,235,595,0.0,0.0,0.0,0.001680672268908,0.025210084033613,0.142857142857143,0.435294117647059,0.394957983193277
3,1050,0,0,0,2,17,75,238,258,590,0.0,0.0,0.0,0.003389830508475,0.028813559322034,0.127118644067797,0.403389830508475,0.43728813559322
3,1051,0,0,0,1,9,89,234,252,585,0.0,0.0,0.0,0.001709401709402,0.015384615384615,0.152136752136752,0.4,0.430769230769231
3,1052,0,0,0,0,16,78,245,241,580,0.0,0.0,0.0,0.0,0.027586206896552,0.13448275862069,0.422413793103448,0.41551724137931
3,1053,0,0,0,0,20,81,241,233,575,0.0,0.0,0.0,0.0,0.034782608695652,0.140869565217391,0.419130434782609,0.405217391304348
3,1054,0,0,0,1,10,81,245,233,570,0.0,0.0,0.0,0.001754385964912,0.017543859649123,0.142105263157895,0.429824561403509,0.408771929824561
3,1055,0,0,0,1,15,73,233,243,565,0.0,0.0,0.0,0.001769911504425,0.026548672566372,0.129203539823009,0.412389380530973,0.430088495575221
3,1056,0,0,0,0,12,89,225,234,560,0.0,0.0,0.0,0.0,0.021428571428571,0.158928571428571,0.401785714285714,0.417857142857143
3,1057,0,0,0,0,21,88,217,229,555,0.0,0.0,0.0,0.0,0.037837837837838,0.158558558558559,0.390990990990991,0.412612612612613
3,1058,0,0,0,0,10,78,232,230,550,0.0,0.0,0.0,0.0,0.018181818181818,0.141818181818182,0.421818181818182,0.418181818181818
3,1059,0,0,0,1,13,83,239,209,545,0.0,0.0,0.0,0.001834862385321,0.023853211009174,0.152293577981651,0.438532110091743,0.38348623853211
3,1060,0,0,0,3,16,87,224,210,540,0.0,0.0,0.0,0.005555555555556,0.02962962962963,0.161111111111111,0.414814814814815,0.388888888888889
3,1061,0,0,0,0,7,85,214,229,535,0.0,0.0,0.0,0.0,0.013084112149533,0.158878504672897,0.4,0.42803738317757
3,1062,0,0,0,0,9,71,225,225,530,0.0,0.0,0.0,0.0,0.016981132075472,0.133962264150943,0.424528301886792,0.424528301886792
3,1063,0,0,0,0,11,75,192,247,525,0.0,0.0,0.0,0.0,0.020952380952381,0.142857142857143,0.365714285714286,0.47047619047619
3,1064,0,0,0,0,14,87,216,203,520,0.0,0.0,0.0,0.0,0.026923076923077,0.167307692307692,0.415384615384615,0.390384615384615
3,1065,0,0,0,1,11,79,221,203,515,0.0,0.0,0.0,0.001941747572816,0.021359223300971,0.153398058252427,0.429126213592233,0.394174757281553
3,1066,0,0,0,0,14,90,209,197,510,0.0,0.0,0.0,0.0,0.027450980392157,0.176470588235294,0.409803921568627,0.386274509803922
3,1067,0,0,0,0,12,80,216,197,505,0.0,0.0,0.0,0.0,0.023762376237624,0.158415841584158,0.427722772277228,0.39009900990099
3,1068,0,0,0,1,10,66,225,198,500,0.0,0.0,0.0,0.002,0.02,0.132,0.45,0.396
3,1069,0,0,0,0,9,70,211,205,495,0.0,0.0,0.0,0.0,0.018181818181818,0.141414141414141,0.426262626262626,0.414141414141414
3,1070,0,0,0,0,10,70,202,208,490,0.0,0.0,0.0,0.0,0.020408163265306,0.142857142857143,0.412244897959184,0.424489795918367
3,1071,0,0,0,0,11,78,203,193,485,0.0,0.0,0.0,0.0,0.022680412371134,0.160824742268041,0.418556701030928,0.397938144329897
3,1072,0,0,0,1,13,68,214,184,480,0.0,0.0,0.0,0.002083333333333,0.027083333333333,0.141666666666667,0.445833333333333,0.383333333333333
3,1073,0,0,0,0,14,69,212,180,475,0.0,0.0,0.0,0.0,0.029473684210526,0.145263157894737,0.446315789473684,0.378947368421053
3,1074,0,0,0,0,9,69,193,199,470,0.0,0.0,0.0,0.0,0.019148936170213,0.146808510638298,0.41063829787234,0.423404255319149
3,1075,0,0,0,3,10,69,202,181,465,0.0,0.0,0.0,0.006451612903226,0.021505376344086,0.148387096774194,0.434408602150538,0.389247311827957
3,1076,0,0,0,0,11,58,206,185,460,0.0,0.0,0.0,0.0,0.023913043478261,0.126086956521739,0.447826086956522,0.402173913043478
3,1077,0,0,0,0,9,68,200,178,455,0.0,0.0,0.0,0.0,0.01978021978022,0.149450549450549,0.43956043956044,0.391208791208791
3,1078,0,0,0,0,10,76,188,176,450,0.0,0.0,0.0,0.0,0.022222222222222,0.168888888888889,0.417777777777778,0.391111111111111
3,1079,0,0,0,0,7,79,168,191,445,0.0,0.0,0.0,0.0,0.015730337078652,0.17752808988764,0.37752808988764,0.429213483146067
3,1080,0,0,0,0,6,70,185,179,440,0.0,0.0,0.0,0.0,0.013636363636364,0.159090909090909,0.420454545454545,0.406818181818182
3,1081,0,0,0,1,13,65,192,164,435,0.0,0.0,0.0,0.002298850574713,0.029885057471264,0.149425287356322,0.441379310344828,0.377011494252874
3,1082,0,0,1,1,17,69,185,157,430,0.0,0.0,0.002325581395349,0.002325581395349,0.03953488372093,0.16046511627907,0.430232558139535,0.365116279069767
3,1083,0,0,0,1,6,61,204,153,425,0.0,0.0,0.0,0.002352941176471,0.014117647058824,0.143529411764706,0.48,0.36
3,1084,0,0,0,1,14,62,166,177,420,0.0,0.0,0.0,0.002380952380952,0.033333333333333,0.147619047619048,0.395238095238095,0.421428571428571
3,1085,0,0,0,0,9,77,177,152,415,0.0,0.0,0.0,0.0,0.021686746987952,0.185542168674699,0.426506024096386,0.366265060240964
3,1086,0,0,0,0,9,63,166,172,410,0.0,0.0,0.0,0.0,0.021951219512195,0.153658536585366,0.404878048780488,0.419512195121951
3,1087,0,0,0,0,5,62,190,148,405,0.0,0.0,0.0,0.0,0.012345679012346,0.153086419753086,0.469135802469136,0.365432098765432
3,1088,0,0,0,0,6,66,163,165,400,0.0,0.0,0.0,0.0,0.015,0.165,0.4075,0.4125
3,1089,0,0,0,0,12,63,169,151,395,0.0,0.0,0.0,0.0,0.030379746835443,0.159493670886076,0.427848101265823,0.382278481012658
3,1090,0,0,0,0,10,55,161,164,390,0.0,0.0,0.0,0.0,0.025641025641026,0.141025641025641,0.412820512820513,0.420512820512821
3,1091,0,0,0,1,10,56,165,153,385,0.0,0.0,0.0,0.002597402597403,0.025974025974026,0.145454545454545,0.428571428571429,0.397402597402597
3,1092,0,0,0,1,10,56,181,132,380,0.0,0.0,0.0,0.002631578947368,0.026315789473684,0.147368421052632,0.476315789473684,0.347368421052632
3,1093,0,0,0,1,9,68,146,151,375,0.0,0.0,0.0,0.002666666666667,0.024,0.181333333333333,0.389333333333333,0.402666666666667
3,1094,0,0,0,0,7,55,164,144,370,0.0,0.0,0.0,0.0,0.018918918918919,0.148648648648649,0.443243243243243,0.389189189189189
3,1095,0,0,0,0,5,51,171,138,365,0.0,0.0,0.0,0.0,0.013698630136986,0.13972602739726,0.468493150684932,0.378082191780822
3,1096,0,0,0,1,5,62,153,139,360,0.0,0.0,0.0,0.002777777777778,0.013888888888889,0.172222222222222,0.425,0.386111111111111
3,1097,0,0,0,0,6,51,148,150,355,0.0,0.0,0.0,0.0,0.016901408450704,0.143661971830986,0.416901408450704,0.422535211267606
3,1098,0,0,0,0,7,42,150,151,350,0.0,0.0,0.0,0.0,0.02,0.12,0.428571428571429,0.431428571428571
3,1099,0,0,0,0,9,49,156,131,345,0.0,0.0,0.0,0.0,0.026086956521739,0.142028985507246,0.452173913043478,0.379710144927536
3,1100,0,0,0,2,14,54,142,128,340,0.0,0.0,0.0,0.005882352941176,0.041176470588235,0.158823529411765,0.417647058823529,0.376470588235294
3,1101,0,0,0,1,5,62,128,139,335,0.0,0.0,0.0,0.002985074626866,0.014925373134328,0.185074626865672,0.382089552238806,0.414925373134328
3,1102,0,0,0,0,8,54,145,123,330,0.0,0.0,0.0,0.0,0.024242424242424,0.163636363636364,0.439393939393939,0.372727272727273
3,1103,0,0,0,1,7,49,143,125,325,0.0,0.0,0.0,0.003076923076923,0.021538461538462,0.150769230769231,0.44,0.384615384615385
3,1104,0,0,0,0,6,46,143,125,320,0.0,0.0,0.0,0.0,0.01875,0.14375,0.446875,0.390625
3,1105,0,0,0,2,7,38,138,130,315,0.0,0.0,0.0,0.006349206349206,0.022222222222222,0.120634920634921,0.438095238095238,0.412698412698413
3,1106,0,0,0,1,9,49,121,130,310,0.0,0.0,0.0,0.003225806451613,0.029032258064516,0.158064516129032,0.390322580645161,0.419354838709677
3,1107,0,0,0,1,5,55,146,98,305,0.0,0.0,0.0,0.00327868852459,0.016393442622951,0.180327868852459,0.478688524590164,0.321311475409836
3,1108,0,0,0,0,6,57,115,122,300,0.0,0.0,0.0,0.0,0.02,0.19,0.383333333333333,0.406666666666667
3,1109,0,0,0,0,3,45,124,123,295,0.0,0.0,0.0,0.0,0.010169491525424,0.152542372881356,0.420338983050847,0.416949152542373
3,1110,0,0,0,0,6,44,126,114,290,0.0,0.0,0.0,0.0,0.020689655172414,0.151724137931034,0.43448275862069,0.393103448275862
3,1111,0,0,0,1,4,32,118,130,285,0.0,0.0,0.0,0.003508771929825,0.014035087719298,0.112280701754386,0.414035087719298,0.456140350877193
3,1112,0,0,0,0,4,46,117,113,280,0.0,0.0,0.0,0.0,0.014285714285714,0.164285714285714,0.417857142857143,0.403571428571429
3,1113,0,0,0,0,7,42,111,115,275,0.0,0.0,0.0,0.0,0.025454545454545,0.152727272727273,0.403636363636364,0.418181818181818
3,1114,0,0,0,0,7,36,114,113,270,0.0,0.0,0.0,0.0,0.025925925925926,0.133333333333333,0.422222222222222,0.418518518518519
3,1115,0,0,0,0,10,29,124,102,265,0.0,0.0,0.0,0.0,0.037735849056604,0.109433962264151,0.467924528301887,0.384905660377359
3,1116,0,0,0,0,7,43,116,94,260,0.0,0.0,0.0,0.0,0.026923076923077,0.165384615384615,0.446153846153846,0.361538461538462
3,1117,0,0,0,0,6,40,108,101,255,0.0,0.0,0.0,0.0,0.023529411764706,0.156862745098039,0.423529411764706,0.396078431372549
3,1118,0,0,0,0,3,40,100,107,250,0.0,0.0,0.0,0.0,0.012,0.16,0.4,0.428
3,1119,0,0,0,0,4,41,109,91,245,0.0,0.0,0.0,0.0,0.016326530612245,0.16734693877551,0.444897959183673,0.371428571428571
3,1120,0,0,0,0,7,30,110,93,240,0.0,0.0,0.0,0.0,0.029166666666667,0.125,0.458333333333333,0.3875
3,1121,0,0,0,1,2,31,111,90,235,0.0,0.0,0.0,0.004255319148936,0.008510638297872,0.131914893617021,0.472340425531915,0.382978723404255
3,1122,0,0,0,0,5,43,92,90,230,0.0,0.0,0.0,0.0,0.021739130434783,0.18695652173913,0.4,0.391304347826087
3,1123,0,0,0,0,4,39,98,84,225,0.0,0.0,0.0,0.0,0.017777777777778,0.173333333333333,0.435555555555556,0.373333333333333
3,1124,0,0,0,0,4,38,94,84,220,0.0,0.0,0.0,0.0,0.018181818181818,0.172727272727273,0.427272727272727,0.381818181818182
3,1125,0,0,0,0,3,34,82,96,215,0.0,0.0,0.0,0.0,0.013953488372093,0.158139534883721,0.381395348837209,0.446511627906977
3,1126,0,0,0,0,5,27,103,75,210,0.0,0.0,0.0,0.0,0.023809523809524,0.128571428571429,0.49047619047619,0.357142857142857
3,1127,0,0,0,0,3,34,93,75,205,0.0,0.0,0.0,0.0,0.014634146341463,0.165853658536585,0.453658536585366,0.365853658536585
3,1128,0,0,0,0,5,24,84,87,200,0.0,0.0,0.0,0.0,0.025,0.12,0.42,0.435
3,1129,0,0,0,0,4,28,80,83,195,0.0,0.0,0.0,0.0,0.020512820512821,0.143589743589744,0.41025641025641,0.425641025641026
3,1130,0,0,0,0,4,28,81,77,190,0.0,0.0,0.0,0.0,0.021052631578947,0.147368421052632,0.426315789473684,0.405263157894737
3,1131,0,0,0,0,6,22,85,72,185,0.0,0.0,0.0,0.0,0.032432432432432,0.118918918918919,0.459459459459459,0.389189189189189
3,1132,0,0,0,0,7,23,85,65,180,0.0,0.0,0.0,0.0,0.038888888888889,0.127777777777778,0.472222222222222,0.361111111111111
3,1133,0,0,0,0,5,28,66,76,175,0.0,0.0,0.0,0.0,0.028571428571429,0.16,0.377142857142857,0.434285714285714
3,1134,0,0,0,0,5,32,64,69,170,0.0,0.0,0.0,0.0,0.029411764705882,0.188235294117647,0.376470588235294,0.405882352941176
3,1135,0,0,0,0,6,13,83,63,165,0.0,0.0,0.0,0.0,0.036363636363636,0.078787878787879,0.503030303030303,0.381818181818182
3,1136,0,0,0,1,3,22,63,71,160,0.0,0.0,0.0,0.00625,0.01875,0.1375,0.39375,0.44375
3,1137,0,0,0,0,4,25,54,72,155,0.0,0.0,0.0,0.0,0.025806451612903,0.161290322580645,0.348387096774194,0.464516129032258
3,1138,0,0,0,0,3,22,67,58,150,0.0,0.0,0.0,0.0,0.02,0.146666666666667,0.446666666666667,0.386666666666667
3,1139,0,0,0,0,4,20,59,62,145,0.0,0.0,0.0,0.0,0.027586206896552,0.137931034482759,0.406896551724138,0.427586206896552
3,1140,0,0,0,1,2,24,67,46,140,0.0,0.0,0.0,0.007142857142857,0.014285714285714,0.171428571428571,0.478571428571429,0.328571428571429
3,1141,0,0,0,2,3,18,55,57,135,0.0,0.0,0.0,0.014814814814815,0.022222222222222,0.133333333333333,0.407407407407407,0.422222222222222
3,1142,0,0,0,0,3,19,57,51,130,0.0,0.0,0.0,0.0,0.023076923076923,0.146153846153846,0.438461538461538,0.392307692307692
3,1143,0,0,0,0,5,15,56,49,125,0.0,0.0,0.0,0.0,0.04,0.12,0.448,0.392
3,1144,0,0,0,0,1,23,53,43,120,0.0,0.0,0.0,0.0,0.008333333333333,0.191666666666667,0.441666666666667,0.358333333333333
3,1145,0,0,0,0,3,16,49,47,115,0.0,0.0,0.0,0.0,0.026086956521739,0.139130434782609,0.426086956521739,0.408695652173913
3,1146,0,0,0,0,3,13,46,48,110,0.0,0.0,0.0,0.0,0.027272727272727,0.118181818181818,0.418181818181818,0.436363636363636
3,1147,0,0,0,0,1,14,44,46,105,0.0,0.0,0.0,0.0,0.00952380952381,0.133333333333333,0.419047619047619,0.438095238095238
3,1148,0,0,0,0,0,12,41,47,100,0.0,0.0,0.0,0.0,0.0,0.12,0.41,0.47
3,1149,0,0,0,0,0,13,44,38,95,0.0,0.0,0.0,0.0,0.0,0.136842105263158,0.463157894736842,0.4
3,1150,0,0,0,0,3,11,39,37,90,0.0,0.0,0.0,0.0,0.033333333333333,0.122222222222222,0.433333333333333,0.411111111111111
3,1151,0,0,0,0,2,13,35,35,85,0.0,0.0,0.0,0.0,0.023529411764706,0.152941176470588,0.411764705882353,0.411764705882353
3,1152,0,0,0,0,0,8,44,28,80,0.0,0.0,0.0,0.0,0.0,0.1,0.55,0.35
3,1153,0,0,0,0,0,15,29,31,75,0.0,0.0,0.0,0.0,0.0,0.2,0.386666666666667,0.413333333333333
3,1154,0,0,0,0,2,10,26,32,70,0.0,0.0,0.0,0.0,0.028571428571429,0.142857142857143,0.371428571428571,0.457142857142857
3,1155,0,0,0,0,0,6,33,26,65,0.0,0.0,0.0,0.0,0.0,0.092307692307692,0.507692307692308,0.4
3,1156,0,0,0,1,2,3,31,23,60,0.0,0.0,0.0,0.016666666666667,0.033333333333333,0.05,0.516666666666667,0.383333333333333
3,1157,0,0,0,0,1,9,26,19,55,0.0,0.0,0.0,0.0,0.018181818181818,0.163636363636364,0.472727272727273,0.345454545454545
3,1158,0,0,0,0,2,12,25,11,50,0.0,0.0,0.0,0.0,0.04,0.24,0.5,0.22
3,1159,0,0,0,0,0,6,19,20,45,0.0,0.0,0.0,0.0,0.0,0.133333333333333,0.422222222222222,0.444444444444444
3,1160,0,0,0,0,1,5,15,19,40,0.0,0.0,0.0,0.0,0.025,0.125,0.375,0.475
3,1161,0,0,0,0,1,8,17,9,35,0.0,0.0,0.0,0.0,0.028571428571429,0.228571428571429,0.485714285714286,0.257142857142857
3,1162,0,0,0,0,0,2,11,17,30,0.0,0.0,0.0,0.0,0.0,0.066666666666667,0.366666666666667,0.566666666666667
3,1163,0,0,0,0,0,3,12,10,25,0.0,0.0,0.0,0.0,0.0,0.12,0.48,0.4
3,1164,0,0,0,0,0,0,11,9,20,0.0,0.0,0.0,0.0,0.0,0.0,0.55,0.45
3,1165,0,0,0,0,1,2,6,6,15,0.0,0.0,0.0,0.0,0.066666666666667,0.133333333333333,0.4,0.4
3,1166,0,0,0,0,0,3,3,4,10,0.0,0.0,0.0,0.0,0.0,0.3,0.3,0.4
3,1167,0,0,0,0,0,0,1,4,5,0.0,0.0,0.0,0.0,0.0,0.0,0.2,0.8
4,1,0,0,0,6,135,875,2506,2313,5835,0.0,0.0,0.0,0.001028277634961,0.023136246786632,0.149957155098543,0.429477292202228,0.396401028277635
4,2,0,0,0,7,141,875,2417,2390,5830,0.0,0.0,0.0,0.001200686106346,0.024185248713551,0.15008576329331,0.414579759862779,0.409948542024014
4,3,0,0,0,11,109,888,2467,2350,5825,0.0,0.0,0.0,0.001888412017167,0.018712446351931,0.15244635193133,0.423519313304721,0.40343347639485
4,4,0,0,0,12,137,874,2482,2315,5820,0.0,0.0,0.0,0.002061855670103,0.023539518900344,0.150171821305842,0.426460481099656,0.397766323024055
4,5,0,0,1,12,128,897,2484,2293,5815,0.0,0.0,0.000171969045572,0.002063628546862,0.02201203783319,0.154256233877902,0.427171109200344,0.394325021496131
4,6,0,0,1,6,118,881,2487,2317,5810,0.0,0.0,0.000172117039587,0.001032702237522,0.020309810671256,0.151635111876076,0.428055077452668,0.398795180722892
4,7,0,0,0,5,133,823,2484,2360,5805,0.0,0.0,0.0,0.000861326442722,0.0229112833764,0.141774332472007,0.427906976744186,0.406546080964686
4,8,0,0,0,9,118,843,2510,2320,5800,0.0,0.0,0.0,0.001551724137931,0.020344827586207,0.145344827586207,0.432758620689655,0.4
4,9,0,0,0,8,125,896,2426,2340,5795,0.0,0.0,0.0,0.001380500431406,0.021570319240725,0.154616048317515,0.418636755823986,0.403796376186368
4,10,0,0,0,10,114,857,2525,2284,5790,0.0,0.0,0.0,0.001727115716753,0.019689119170984,0.148013816925734,0.436096718480138,0.39447322970639
4,11,0,0,0,6,124,947,2333,2375,5785,0.0,0.0,0.0,0.001037165082109,0.021434745030251,0.163699222126188,0.403284356093345,0.410544511668107
4,12,0,0,0,7,123,875,2454,2321,5780,0.0,0.0,0.0,0.00121107266436,0.021280276816609,0.151384083044983,0.424567474048443,0.401557093425606
4,13,0,0,1,12,109,894,2414,2345,5775,0.0,0.0,0.00017316017316,0.002077922077922,0.018874458874459,0.154805194805195,0.418008658008658,0.406060606060606
4,14,0,0,0,8,145,884,2404,2329,5770,0.0,0.0,0.0,0.001386481802426,0.025129982668977,0.153206239168111,0.416637781629116,0.403639514731369
4,15,0,0,0,5,125,892,2476,2267,5765,0.0,0.0,0.0,0.000867302688638,0.021682567215958,0.154726799653079,0.429488291413703,0.393235039028621
4,16,0,0,0,6,120,843,2450,2341,5760,0.0,0.0,0.0,0.001041666666667,0.020833333333333,0.146354166666667,0.425347222222222,0.406423611111111
4,17,0,0,0,6,128,909,2369,2343,5755,0.0,0.0,0.0,0.001042571676803,0.022241529105126,0.157949609035621,0.411642050390964,0.407124239791486
4,18,0,0,0,7,123,905,2430,2285,5750,0.0,0.0,0.0,0.001217391304348,0.021391304347826,0.157391304347826,0.422608695652174,0.397391304347826
4,19,0,0,0,6,125,932,2364,2318,5745,0.0,0.0,0.0,0.001044386422977,0.021758050478677,0.162228024369017,0.411488250652742,0.403481288076588
4,20,0,0,0,7,134,875,2400,2324,5740,0.0,0.0,0.0,0.001219512195122,0.023344947735192,0.152439024390244,0.418118466898955,0.404878048780488
4,21,0,0,1,10,130,865,2379,2350,5735,0.0,0.0,0.000174367916303,0.001743679163034,0.022667829119442,0.150828247602441,0.414821272885789,0.40976460331299
4,22,0,0,0,8,142,845,2388,2347,5730,0.0,0.0,0.0,0.001396160558464,0.02478184991274,0.147469458987784,0.416753926701571,0.409598603839442
4,23,0,0,0,10,133,872,2420,2290,5725,0.0,0.0,0.0,0.00174672489083,0.023231441048035,0.152314410480349,0.422707423580786,0.4
4,24,0,0,0,5,129,862,2372,2352,5720,0.0,0.0,0.0,0.000874125874126,0.022552447552448,0.150699300699301,0.414685314685315,0.411188811188811
4,25,0,0,0,5,125,853,2413,2319,5715,0.0,0.0,0.0,0.00087489063867,0.021872265966754,0.14925634295713,0.422222222222222,0.405774278215223
4,26,0,0,0,9,129,822,2471,2279,5710,0.0,0.0,0.0,0.001576182136602,0.022591943957968,0.143957968476357,0.432749562171629,0.399124343257443
4,27,0,0,0,5,135,841,2492,2232,5705,0.0,0.0,0.0,0.000876424189308,0.023663453111306,0.147414548641543,0.43680981595092,0.391235758106924
4,28,0,0,0,7,130,864,2451,2248,5700,0.0,0.0,0.0,0.001228070175439,0.02280701754386,0.151578947368421,0.43,0.394385964912281
4,29,0,0,1,9,125,824,2448,2288,5695,0.0,0.0,0.00017559262511,0.001580333625988,0.021949078138718,0.14468832309043,0.429850746268657,0.401755926251097
4,30,0,0,0,11,128,872,2355,2324,5690,0.0,0.0,0.0,0.001933216168717,0.022495606326889,0.153251318101933,0.413884007029877,0.408435852372583
4,31,0,0,0,6,144,829,2454,2252,5685,0.0,0.0,0.0,0.001055408970976,0.02532981530343,0.145822339489886,0.431662269129288,0.39613016710642
4,32,0,0,0,12,124,820,2511,2213,5680,0.0,0.0,0.0,0.002112676056338,0.021830985915493,0.144366197183099,0.442077464788732,0.389612676056338
4,33,0,0,0,6,126,890,2429,2224,5675,0.0,0.0,0.0,0.001057268722467,0.022202643171806,0.156828193832599,0.428017621145374,0.391894273127753
4,34,0,0,0,8,121,836,2437,2268,5670,0.0,0.0,0.0,0.001410934744268,0.021340388007055,0.147442680776014,0.429805996472663,0.4
4,35,0,0,0,7,102,895,2439,2222,5665,0.0,0.0,0.0,0.001235657546337,0.018005295675199,0.157987643424537,0.43053839364519,0.392233009708738
4,36,0,0,0,7,130,804,2369,2350,5660,0.0,0.0,0.0,0.001236749116608,0.022968197879859,0.142049469964664,0.418551236749117,0.415194346289753
4,37,0,0,0,13,126,859,2368,2289,5655,0.0,0.0,0.0,0.002298850574713,0.022281167108753,0.151900972590628,0.418744473916888,0.404774535809019
4,38,0,0,0,5,105,838,2467,2235,5650,0.0,0.0,0.0,0.000884955752212,0.01858407079646,0.148318584070796,0.436637168141593,0.395575221238938
4,39,0,0,0,13,125,822,2378,2307,5645,0.0,0.0,0.0,0.002302922940655,0.022143489813995,0.145615589016829,0.421257750221435,0.408680248007086
4,40,0,0,0,7,118,774,2388,2353,5640,0.0,0.0,0.0,0.001241134751773,0.020921985815603,0.137234042553191,0.423404255319149,0.417198581560284
4,41,0,0,0,7,114,844,2378,2292,5635,0.0,0.0,0.0,0.001242236024845,0.020230700976043,0.149778172138421,0.422005323868678,0.406743566992014
4,42,0,0,0,9,110,797,2370,2344,5630,0.0,0.0,0.0,0.001598579040853,0.019538188277087,0.141563055062167,0.420959147424512,0.416341030195382
4,43,0,0,0,13,115,852,2411,2234,5625,0.0,0.0,0.0,0.002311111111111,0.020444444444444,0.151466666666667,0.428622222222222,0.397155555555556
4,44,0,1,0,8,129,784,2319,2379,5620,0.0,0.00017793594306,0.0,0.001423487544484,0.022953736654804,0.139501779359431,0.412633451957295,0.423309608540925
4,45,0,0,1,8,142,830,2356,2278,5615,0.0,0.0,0.000178094390027,0.001424755120214,0.025289403383793,0.147818343722173,0.419590382902939,0.405699020480855
4,46,0,0,0,14,126,869,2404,2197,5610,0.0,0.0,0.0,0.002495543672014,0.022459893048128,0.154901960784314,0.428520499108734,0.391622103386809
4,47,0,0,0,10,115,867,2372,2241,5605,0.0,0.0,0.0,0.00178412132025,0.020517395182872,0.154683318465656,0.423193577163247,0.399821587867975
4,48,0,0,0,4,118,864,2327,2287,5600,0.0,0.0,0.0,0.000714285714286,0.021071428571429,0.154285714285714,0.415535714285714,0.408392857142857
4,49,0,0,0,11,123,817,2395,2249,5595,0.0,0.0,0.0,0.001966041108132,0.021983914209115,0.146023235031278,0.428060768543342,0.401966041108132
4,50,0,0,0,7,116,848,2349,2270,5590,0.0,0.0,0.0,0.001252236135957,0.020751341681574,0.15169946332737,0.420214669051878,0.40608228980322
4,51,0,0,0,4,119,805,2311,2346,5585,0.0,0.0,0.0,0.000716204118174,0.021307072515667,0.144136078782453,0.413786929274843,0.420053715308863
4,52,0,0,0,7,113,829,2380,2251,5580,0.0,0.0,0.0,0.001254480286738,0.020250896057348,0.148566308243728,0.426523297491039,0.403405017921147
4,53,0,0,0,10,113,815,2337,2300,5575,0.0,0.0,0.0,0.001793721973094,0.020269058295964,0.146188340807175,0.419192825112108,0.412556053811659
4,54,0,0,0,5,127,860,2351,2227,5570,0.0,0.0,0.0,0.000897666068223,0.022800718132855,0.154398563734291,0.422082585278276,0.399820466786355
4,55,0,0,0,10,123,825,2375,2232,5565,0.0,0.0,0.0,0.001796945193172,0.022102425876011,0.148247978436658,0.426774483378257,0.401078167115903
4,56,0,0,1,8,123,824,2360,2244,5560,0.0,0.0,0.000179856115108,0.001438848920863,0.022122302158273,0.148201438848921,0.424460431654676,0.403597122302158
4,57,0,0,1,6,138,801,2377,2232,5555,0.0,0.0,0.0001800180018,0.001080108010801,0.024842484248425,0.144194419441944,0.427902790279028,0.401800180018002
4,58,0,0,0,7,123,830,2290,2300,5550,0.0,0.0,0.0,0.001261261261261,0.022162162162162,0.14954954954955,0.412612612612613,0.414414414414414
4,59,0,0,0,5,135,787,2377,2241,5545,0.0,0.0,0.0,0.000901713255185,0.024346257889991,0.141929666366096,0.428674481514878,0.40414788097385
4,60,0,0,0,7,114,823,2389,2207,5540,0.0,0.0,0.0,0.001263537906137,0.02057761732852,0.1485559566787,0.431227436823105,0.398375451263538
4,61,0,0,0,10,139,800,2335,2251,5535,0.0,0.0,0.0,0.001806684733514,0.025112917795845,0.14453477868112,0.421860885275519,0.406684733514002
4,62,0,0,0,6,115,815,2365,2229,5530,0.0,0.0,0.0,0.001084990958409,0.020795660036166,0.147377938517179,0.427667269439421,0.403074141048825
4,63,0,0,0,11,125,792,2338,2259,5525,0.0,0.0,0.0,0.001990950226244,0.02262443438914,0.143348416289593,0.42316742081448,0.408868778280543
4,64,0,0,0,7,129,793,2374,2217,5520,0.0,0.0,0.0,0.001268115942029,0.023369565217391,0.143659420289855,0.430072463768116,0.401630434782609
4,65,0,0,0,8,103,820,2315,2269,5515,0.0,0.0,0.0,0.001450589301904,0.018676337262013,0.14868540344515,0.419764279238441,0.411423390752493
4,66,0,0,0,5,97,870,2354,2184,5510,0.0,0.0,0.0,0.000907441016334,0.017604355716878,0.157894736842105,0.427223230490018,0.396370235934664
4,67,0,0,0,9,104,830,2338,2224,5505,0.0,0.0,0.0,0.001634877384196,0.0188919164396,0.150772025431426,0.424704813805631,0.403996366939146
4,68,0,0,1,2,136,827,2334,2200,5500,0.0,0.0,0.000181818181818,0.000363636363636,0.024727272727273,0.150363636363636,0.424363636363636,0.4
4,69,0,0,0,9,108,832,2322,2224,5495,0.0,0.0,0.0,0.001637852593267,0.019654231119199,0.151410373066424,0.422565969062784,0.404731574158326
4,70,0,0,0,4,119,813,2308,2246,5490,0.0,0.0,0.0,0.000728597449909,0.021675774134791,0.148087431693989,0.42040072859745,0.409107468123862
4,71,0,0,0,7,95,782,2348,2253,5485,0.0,0.0,0.0,0.001276207839562,0.017319963536919,0.14257064721969,0.428076572470374,0.410756608933455
4,72,0,0,0,5,127,864,2292,2192,5480,0.0,0.0,0.0,0.000912408759124,0.023175182481752,0.157664233576642,0.418248175182482,0.4
4,73,0,0,0,6,86,816,2323,2244,5475,0.0,0.0,0.0,0.001095890410959,0.015707762557078,0.149041095890411,0.424292237442922,0.40986301369863
4,74,0,0,0,6,118,816,2338,2192,5470,0.0,0.0,0.0,0.00109689213894,0.021572212065814,0.149177330895795,0.427422303473492,0.40073126142596
4,75,0,0,0,6,132,826,2277,2224,5465,0.0,0.0,0.0,0.001097895699909,0.024153705397987,0.151143641354071,0.416651418115279,0.406953339432754
4,76,0,0,0,9,115,827,2296,2213,5460,0.0,0.0,0.0,0.001648351648352,0.021062271062271,0.151465201465201,0.420512820512821,0.405311355311355
4,77,0,0,0,5,124,817,2309,2200,5455,0.0,0.0,0.0,0.000916590284143,0.022731439046746,0.149770852428964,0.423281393217232,0.403299725022915
4,78,0,0,0,6,124,783,2319,2218,5450,0.0,0.0,0.0,0.001100917431193,0.022752293577982,0.143669724770642,0.425504587155963,0.40697247706422
4,79,0,0,0,4,141,812,2252,2236,5445,0.0,0.0,0.0,0.000734618916437,0.025895316804408,0.149127640036731,0.413590449954086,0.410651974288338
4,80,0,0,0,0,113,813,2326,2188,5440,0.0,0.0,0.0,0.0,0.020772058823529,0.149448529411765,0.427573529411765,0.402205882352941
4,81,0,0,0,7,128,780,2313,2207,5435,0.0,0.0,0.0,0.001287948482061,0.023551057957682,0.143514259429623,0.42557497700092,0.406071757129715
4,82,0,0,0,9,138,799,2274,2210,5430,0.0,0.0,0.0,0.001657458563536,0.025414364640884,0.147145488029466,0.41878453038674,0.406998158379374
4,83,0,0,0,6,113,806,2332,2168,5425,0.0,0.0,0.0,0.00110599078341,0.020829493087558,0.148571428571429,0.429861751152074,0.39963133640553
4,84,0,0,0,7,139,805,2270,2199,5420,0.0,0.0,0.0,0.001291512915129,0.025645756457565,0.148523985239852,0.418819188191882,0.405719557195572
4,85,0,0,0,10,115,827,2274,2189,5415,0.0,0.0,0.0,0.001846722068329,0.02123730378578,0.152723915050785,0.41994459833795,0.404247460757156
4,86,0,0,0,3,108,772,2332,2195,5410,0.0,0.0,0.0,0.000554528650647,0.01996303142329,0.142698706099815,0.431053604436229,0.405730129390018
4,87,0,0,0,6,104,792,2282,2221,5405,0.0,0.0,0.0,0.001110083256244,0.019241443108233,0.146530989824237,0.422201665124884,0.410915818686401
4,88,0,0,1,9,118,727,2310,2235,5400,0.0,0.0,0.000185185185185,0.001666666666667,0.021851851851852,0.13462962962963,0.427777777777778,0.413888888888889
4,89,0,0,0,11,112,789,2256,2227,5395,0.0,0.0,0.0,0.002038924930491,0.020759962928638,0.146246524559778,0.418164967562558,0.412789620018536
4,90,0,0,0,10,112,791,2337,2140,5390,0.0,0.0,0.0,0.001855287569573,0.020779220779221,0.146753246753247,0.433580705009276,0.397031539888683
4,91,0,0,0,10,119,794,2314,2148,5385,0.0,0.0,0.0,0.001857010213556,0.022098421541318,0.14744661095636,0.429712163416899,0.398885793871866
4,92,0,0,0,10,98,850,2233,2189,5380,0.0,0.0,0.0,0.00185873605948,0.0182156133829,0.157992565055762,0.415055762081784,0.406877323420074
4,93,0,0,0,8,112,841,2287,2127,5375,0.0,0.0,0.0,0.001488372093023,0.020837209302326,0.15646511627907,0.425488372093023,0.395720930232558
4,94,0,0,0,7,118,799,2316,2130,5370,0.0,0.0,0.0,0.001303538175047,0.021973929236499,0.1487895716946,0.431284916201117,0.396648044692737
4,95,0,0,0,11,105,832,2259,2158,5365,0.0,0.0,0.0,0.002050326188257,0.019571295433364,0.155079217148183,0.421062441752097,0.402236719478099
4,96,0,0,0,7,118,803,2194,2238,5360,0.0,0.0,0.0,0.001305970149254,0.022014925373134,0.149813432835821,0.409328358208955,0.417537313432836
4,97,0,0,0,6,122,781,2276,2170,5355,0.0,0.0,0.0,0.001120448179272,0.022782446311858,0.145845004668534,0.425023342670401,0.405228758169935
4,98,0,0,0,7,126,800,2228,2189,5350,0.0,0.0,0.0,0.001308411214953,0.023551401869159,0.149532710280374,0.416448598130841,0.409158878504673
4,99,0,0,0,9,132,789,2226,2189,5345,0.0,0.0,0.0,0.001683816651076,0.024695977549111,0.147614593077643,0.416463985032741,0.409541627689429
4,100,0,0,0,7,121,802,2313,2097,5340,0.0,0.0,0.0,0.001310861423221,0.022659176029963,0.150187265917603,0.43314606741573,0.392696629213483
4,101,0,0,0,8,122,811,2309,2085,5335,0.0,0.0,0.0,0.001499531396439,0.022867853795689,0.152014995313964,0.432802249297095,0.390815370196814
4,102,0,0,0,5,129,790,2254,2152,5330,0.0,0.0,0.0,0.00093808630394,0.024202626641651,0.148217636022514,0.422889305816135,0.40375234521576
4,103,0,1,0,10,129,794,2238,2153,5325,0.0,0.00018779342723,0.0,0.0018779342723,0.024225352112676,0.149107981220657,0.420281690140845,0.404319248826291
4,104,0,0,0,3,92,786,2236,2203,5320,0.0,0.0,0.0,0.000563909774436,0.017293233082707,0.147744360902256,0.420300751879699,0.414097744360902
4,105,0,0,0,6,108,761,2319,2121,5315,0.0,0.0,0.0,0.001128880526811,0.020319849482596,0.143179680150517,0.436312323612418,0.399059266227658
4,106,0,0,0,6,119,767,2247,2171,5310,0.0,0.0,0.0,0.001129943502825,0.02241054613936,0.144444444444444,0.42316384180791,0.408851224105461
4,107,0,0,0,7,115,803,2179,2201,5305,0.0,0.0,0.0,0.001319509896324,0.021677662582469,0.151366635249764,0.410744580584354,0.414891611687088
4,108,0,0,0,6,117,777,2242,2158,5300,0.0,0.0,0.0,0.001132075471698,0.022075471698113,0.146603773584906,0.423018867924528,0.407169811320755
4,109,0,0,0,9,109,801,2224,2152,5295,0.0,0.0,0.0,0.001699716713881,0.020585457979226,0.151274787535411,0.420018885741265,0.406421152030217
4,110,0,0,0,6,120,805,2228,2131,5290,0.0,0.0,0.0,0.001134215500945,0.022684310018904,0.152173913043478,0.42117202268431,0.402835538752363
4,111,0,0,0,12,107,803,2309,2054,5285,0.0,0.0,0.0,0.002270577105014,0.020245979186377,0.1519394512772,0.436896877956481,0.388647114474929
4,112,0,0,1,8,130,757,2246,2138,5280,0.0,0.0,0.000189393939394,0.001515151515152,0.024621212121212,0.143371212121212,0.425378787878788,0.404924242424242
4,113,0,0,0,9,120,796,2238,2112,5275,0.0,0.0,0.0,0.001706161137441,0.022748815165877,0.150900473933649,0.424265402843602,0.400379146919431
4,114,0,0,0,7,111,783,2247,2122,5270,0.0,0.0,0.0,0.001328273244782,0.021062618595825,0.148576850094877,0.426375711574953,0.402656546489564
4,115,0,0,0,8,118,796,2193,2150,5265,0.0,0.0,0.0,0.001519468186135,0.022412155745489,0.151187084520418,0.416524216524217,0.408357075023742
4,116,0,0,1,4,129,797,2158,2171,5260,0.0,0.0,0.000190114068441,0.000760456273764,0.024524714828897,0.151520912547529,0.410266159695817,0.412737642585551
4,117,0,0,1,3,111,739,2247,2154,5255,0.0,0.0,0.000190294957184,0.000570884871551,0.021122740247383,0.140627973358706,0.427592768791627,0.409895337773549
4,118,0,0,1,6,111,796,2217,2119,5250,0.0,0.0,0.000190476190476,0.001142857142857,0.021142857142857,0.151619047619048,0.422285714285714,0.403619047619048
4,119,0,0,0,4,125,772,2203,2141,5245,0.0,0.0,0.0,0.000762631077216,0.023832221163012,0.147187797902765,0.42001906577693,0.408198284080076
4,120,0,0,0,8,122,771,2198,2141,5240,0.0,0.0,0.0,0.001526717557252,0.023282442748092,0.147137404580153,0.419465648854962,0.408587786259542
4,121,0,0,1,3,121,767,2195,2148,5235,0.0,0.0,0.000191021967526,0.000573065902579,0.023113658070678,0.146513849092646,0.419293218720153,0.410315186246418
4,122,0,0,1,14,128,788,2213,2086,5230,0.0,0.0,0.00019120458891,0.002676864244742,0.024474187380497,0.150669216061185,0.423135755258126,0.398852772466539
4,123,0,0,0,6,133,818,2196,2072,5225,0.0,0.0,0.0,0.001148325358852,0.025454545454545,0.156555023923445,0.420287081339713,0.396555023923445
4,124,0,0,1,6,95,745,2276,2097,5220,0.0,0.0,0.000191570881226,0.001149425287356,0.018199233716475,0.14272030651341,0.436015325670498,0.401724137931035
4,125,0,0,0,4,124,759,2181,2147,5215,0.0,0.0,0.0,0.000767018216683,0.023777564717162,0.145541706615532,0.418216682646213,0.41169702780441
4,126,0,0,0,9,113,758,2170,2160,5210,0.0,0.0,0.0,0.001727447216891,0.02168905950096,0.145489443378119,0.416506717850288,0.414587332053743
4,127,0,0,0,4,116,725,2245,2115,5205,0.0,0.0,0.0,0.000768491834774,0.022286263208453,0.139289145052834,0.431316042267051,0.406340057636888
4,128,0,0,0,6,117,771,2185,2121,5200,0.0,0.0,0.0,0.001153846153846,0.0225,0.148269230769231,0.420192307692308,0.407884615384615
4,129,0,0,0,10,122,777,2188,2098,5195,0.0,0.0,0.0,0.001924927815207,0.023484119345525,0.149566891241578,0.421174205967276,0.403849855630414
4,130,0,0,0,8,109,776,2164,2133,5190,0.0,0.0,0.0,0.001541425818882,0.021001926782274,0.149518304431599,0.416955684007707,0.410982658959538
4,131,0,0,0,9,91,769,2220,2096,5185,0.0,0.0,0.0,0.001735776277724,0.0175506268081,0.14831243972999,0.428158148505304,0.404243008678881
4,132,0,0,0,5,113,755,2196,2111,5180,0.0,0.0,0.0,0.000965250965251,0.021814671814672,0.145752895752896,0.423938223938224,0.407528957528958
4,133,0,0,0,3,108,808,2174,2082,5175,0.0,0.0,0.0,0.000579710144928,0.020869565217391,0.156135265700483,0.420096618357488,0.40231884057971
4,134,0,0,0,11,117,734,2230,2078,5170,0.0,0.0,0.0,0.002127659574468,0.022630560928433,0.141972920696325,0.431334622823985,0.401934235976789
4,135,0,0,0,5,103,824,2225,2008,5165,0.0,0.0,0.0,0.000968054211036,0.019941916747338,0.159535333978703,0.430784123910939,0.388770571151984
4,136,0,0,0,6,102,752,2275,2025,5160,0.0,0.0,0.0,0.001162790697674,0.019767441860465,0.145736434108527,0.440891472868217,0.392441860465116
4,137,0,0,0,5,125,766,2184,2075,5155,0.0,0.0,0.0,0.000969932104753,0.024248302618817,0.148593598448109,0.423666343355965,0.402521823472357
4,138,0,0,0,7,98,772,2221,2052,5150,0.0,0.0,0.0,0.001359223300971,0.019029126213592,0.149902912621359,0.43126213592233,0.398446601941748
4,139,0,0,0,9,118,747,2175,2096,5145,0.0,0.0,0.0,0.001749271137026,0.022934888241011,0.145189504373178,0.422740524781341,0.407385811467444
4,140,0,0,0,0,117,720,2241,2062,5140,0.0,0.0,0.0,0.0,0.022762645914397,0.140077821011673,0.435992217898833,0.401167315175097
4,141,0,0,0,5,125,745,2154,2106,5135,0.0,0.0,0.0,0.000973709834469,0.024342745861733,0.14508276533593,0.419474196689387,0.410126582278481
4,142,0,0,0,8,114,745,2157,2106,5130,0.0,0.0,0.0,0.001559454191033,0.022222222222222,0.145224171539961,0.42046783625731,0.410526315789474
4,143,0,0,0,8,113,788,2143,2073,5125,0.0,0.0,0.0,0.001560975609756,0.022048780487805,0.153756097560976,0.418146341463415,0.404487804878049
4,144,0,0,1,7,125,765,2190,2032,5120,0.0,0.0,0.0001953125,0.0013671875,0.0244140625,0.1494140625,0.427734375,0.396875
4,145,0,0,0,11,110,769,2160,2065,5115,0.0,0.0,0.0,0.002150537634409,0.021505376344086,0.150342130987292,0.422287390029326,0.403714565004888
4,146,0,0,0,8,113,753,2150,2086,5110,0.0,0.0,0.0,0.001565557729941,0.022113502935421,0.147358121330724,0.420743639921722,0.408219178082192
4,147,0,0,0,7,113,760,2194,2031,5105,0.0,0.0,0.0,0.001371204701273,0.022135161606268,0.148873653281097,0.429774730656219,0.397845249755142
4,148,0,0,0,5,131,775,2146,2043,5100,0.0,0.0,0.0,0.000980392156863,0.025686274509804,0.151960784313725,0.42078431372549,0.400588235294118
4,149,0,0,0,13,99,750,2142,2091,5095,0.0,0.0,0.0,0.002551521099117,0.019430814524043,0.14720314033366,0.420412168792934,0.410402355250245
4,150,0,0,0,5,121,720,2189,2055,5090,0.0,0.0,0.0,0.00098231827112,0.0237721021611,0.141453831041257,0.430058939096267,0.403732809430255
4,151,0,0,0,9,101,743,2184,2048,5085,0.0,0.0,0.0,0.001769911504425,0.019862340216323,0.146116027531957,0.429498525073746,0.40275319567355
4,152,0,0,2,7,113,794,2181,1983,5080,0.0,0.0,0.000393700787402,0.001377952755906,0.022244094488189,0.156299212598425,0.429330708661417,0.390354330708661
4,153,0,0,0,10,135,770,2122,2038,5075,0.0,0.0,0.0,0.001970443349754,0.026600985221675,0.151724137931034,0.418128078817734,0.401576354679803
4,154,0,0,0,3,105,773,2196,1993,5070,0.0,0.0,0.0,0.000591715976331,0.020710059171598,0.152465483234714,0.433136094674556,0.393096646942801
4,155,0,0,0,4,94,776,2153,2038,5065,0.0,0.0,0.0,0.000789733464956,0.018558736426456,0.153208292201382,0.42507403751234,0.402369200394867
4,156,0,0,0,8,113,756,2142,2041,5060,0.0,0.0,0.0,0.001581027667984,0.022332015810277,0.149407114624506,0.423320158102767,0.403359683794466
4,157,0,0,0,9,97,789,2084,2076,5055,0.0,0.0,0.0,0.001780415430267,0.019188921859545,0.156083086053412,0.412265084075173,0.410682492581602
4,158,0,0,1,4,113,742,2168,2022,5050,0.0,0.0,0.00019801980198,0.000792079207921,0.022376237623762,0.146930693069307,0.429306930693069,0.40039603960396
4,159,0,0,0,5,116,777,2152,1995,5045,0.0,0.0,0.0,0.000991080277502,0.022993062438057,0.154013875123885,0.426560951437066,0.395441030723489
4,160,0,0,0,8,127,764,2102,2039,5040,0.0,0.0,0.0,0.001587301587302,0.025198412698413,0.151587301587302,0.417063492063492,0.404563492063492
4,161,0,0,0,6,122,785,2134,1988,5035,0.0,0.0,0.0,0.001191658391261,0.024230387288977,0.155908639523337,0.423833167825223,0.394836146971202
4,162,0,0,0,10,129,726,2106,2059,5030,0.0,0.0,0.0,0.001988071570577,0.025646123260437,0.144333996023857,0.41868787276342,0.40934393638171
4,163,0,0,1,4,121,739,2139,2021,5025,0.0,0.0,0.000199004975124,0.000796019900498,0.02407960199005,0.147064676616915,0.425671641791045,0.402189054726368
4,164,0,0,0,7,141,720,2135,2017,5020,0.0,0.0,0.0,0.001394422310757,0.02808764940239,0.143426294820717,0.425298804780877,0.401792828685259
4,165,0,0,0,9,101,751,2081,2073,5015,0.0,0.0,0.0,0.001794616151545,0.020139581256231,0.14975074775673,0.414955134596211,0.413359920239282
4,166,0,0,0,7,102,768,2134,1999,5010,0.0,0.0,0.0,0.001397205588822,0.020359281437126,0.153293413173653,0.425948103792415,0.399001996007984
4,167,0,0,0,6,95,788,2114,2002,5005,0.0,0.0,0.0,0.001198801198801,0.018981018981019,0.157442557442557,0.422377622377622,0.4
4,168,0,0,0,7,103,771,2020,2099,5000,0.0,0.0,0.0,0.0014,0.0206,0.1542,0.404,0.4198
4,169,0,0,0,7,104,765,2096,2023,4995,0.0,0.0,0.0,0.001401401401401,0.020820820820821,0.153153153153153,0.41961961961962,0.405005005005005
4,170,0,0,0,11,119,750,2092,2018,4990,0.0,0.0,0.0,0.002204408817635,0.023847695390782,0.150300601202405,0.419238476953908,0.404408817635271
4,171,0,0,0,9,111,745,2065,2055,4985,0.0,0.0,0.0,0.001805416248746,0.022266800401204,0.149448345035105,0.414242728184554,0.412236710130391
4,172,0,0,0,8,104,759,2125,1984,4980,0.0,0.0,0.0,0.001606425702811,0.020883534136546,0.152409638554217,0.426706827309237,0.398393574297189
4,173,0,0,0,6,100,736,2112,2021,4975,0.0,0.0,0.0,0.001206030150754,0.020100502512563,0.147939698492462,0.424522613065327,0.406231155778894
4,174,0,0,0,6,107,734,2161,1962,4970,0.0,0.0,0.0,0.001207243460765,0.021529175050302,0.147686116700201,0.434808853118712,0.39476861167002
4,175,0,0,0,4,104,784,2047,2026,4965,0.0,0.0,0.0,0.000805639476334,0.020946626384693,0.157905337361531,0.412286002014099,0.408056394763343
4,176,0,0,0,9,111,723,2136,1981,4960,0.0,0.0,0.0,0.001814516129032,0.022379032258065,0.145766129032258,0.430645161290323,0.399395161290323
4,177,0,0,1,11,110,739,2121,1973,4955,0.0,0.0,0.000201816347124,0.002219979818365,0.022199798183653,0.149142280524723,0.428052472250252,0.398183652875883
4,178,0,0,0,14,116,713,2113,1994,4950,0.0,0.0,0.0,0.002828282828283,0.023434343434343,0.144040404040404,0.426868686868687,0.402828282828283
4,179,0,0,0,4,116,743,2127,1955,4945,0.0,0.0,0.0,0.000808897876643,0.023458038422649,0.150252780586451,0.430131445904955,0.395348837209302
4,180,0,0,1,6,107,764,2106,1956,4940,0.0,0.0,0.000202429149798,0.001214574898785,0.02165991902834,0.154655870445344,0.426315789473684,0.395951417004049
4,181,0,0,1,5,101,744,2073,2011,4935,0.0,0.0,0.000202634245187,0.001013171225937,0.020466058763931,0.150759878419453,0.420060790273556,0.407497467071935
4,182,0,0,0,5,111,721,2089,2004,4930,0.0,0.0,0.0,0.001014198782961,0.022515212981744,0.146247464503043,0.423732251521298,0.406490872210953
4,183,0,0,0,1,114,670,2129,2011,4925,0.0,0.0,0.0,0.000203045685279,0.023147208121827,0.136040609137056,0.432284263959391,0.408324873096447
4,184,0,0,0,6,94,739,2071,2010,4920,0.0,0.0,0.0,0.001219512195122,0.019105691056911,0.15020325203252,0.420934959349594,0.408536585365854
4,185,0,0,0,7,118,734,2056,2000,4915,0.0,0.0,0.0,0.001424211597152,0.024008138351984,0.149338758901322,0.418311291963377,0.406917599186165
4,186,0,0,0,5,109,738,2102,1956,4910,0.0,0.0,0.0,0.0010183299389,0.022199592668024,0.15030549898167,0.428105906313646,0.39837067209776
4,187,0,0,0,4,101,737,2066,1997,4905,0.0,0.0,0.0,0.000815494393476,0.02059123343527,0.150254841997961,0.421202854230377,0.407135575942915
4,188,0,0,0,5,123,734,2017,2021,4900,0.0,0.0,0.0,0.001020408163265,0.025102040816327,0.149795918367347,0.411632653061224,0.412448979591837
4,189,0,0,0,5,105,757,2066,1962,4895,0.0,0.0,0.0,0.001021450459653,0.021450459652707,0.15464759959142,0.422063329928498,0.400817160367722
4,190,0,0,0,4,118,738,2081,1949,4890,0.0,0.0,0.0,0.00081799591002,0.024130879345603,0.150920245398773,0.425562372188139,0.398568507157464
4,191,0,0,1,7,113,752,2035,1977,4885,0.0,0.0,0.000204708290686,0.0014329580348,0.023132036847492,0.153940634595701,0.416581371545548,0.404708290685773
4,192,0,0,0,7,107,741,2006,2019,4880,0.0,0.0,0.0,0.001434426229508,0.021926229508197,0.151844262295082,0.411065573770492,0.413729508196721
4,193,0,0,0,3,77,720,2032,2043,4875,0.0,0.0,0.0,0.000615384615385,0.015794871794872,0.147692307692308,0.416820512820513,0.419076923076923
4,194,0,0,0,8,105,702,2132,1923,4870,0.0,0.0,0.0,0.001642710472279,0.021560574948665,0.144147843942505,0.437782340862423,0.394866529774127
4,195,0,0,0,5,113,724,2031,1992,4865,0.0,0.0,0.0,0.001027749229188,0.023227132579651,0.148818088386434,0.417471736896197,0.40945529290853
4,196,0,0,0,8,105,740,2089,1918,4860,0.0,0.0,0.0,0.001646090534979,0.021604938271605,0.152263374485597,0.429835390946502,0.394650205761317
4,197,0,0,0,3,115,727,2042,1968,4855,0.0,0.0,0.0,0.000617919670443,0.023686920700309,0.149742533470649,0.420597322348095,0.405355303810505
4,198,0,0,1,2,109,691,2131,1916,4850,0.0,0.0,0.00020618556701,0.000412371134021,0.022474226804124,0.142474226804124,0.439381443298969,0.395051546391753
4,199,0,0,0,7,92,695,2073,1978,4845,0.0,0.0,0.0,0.001444788441692,0.018988648090815,0.143446852425181,0.427863777089783,0.408255933952528
4,200,0,0,0,8,102,723,2039,1968,4840,0.0,0.0,0.0,0.001652892561983,0.021074380165289,0.149380165289256,0.421280991735537,0.406611570247934
4,201,0,0,1,5,92,736,2069,1932,4835,0.0,0.0,0.000206825232678,0.001034126163392,0.019027921406412,0.152223371251293,0.427921406411582,0.399586349534643
4,202,0,0,1,10,99,749,2033,1938,4830,0.0,0.0,0.000207039337474,0.002070393374741,0.020496894409938,0.155072463768116,0.420910973084886,0.401242236024845
4,203,0,0,0,9,104,709,2037,1966,4825,0.0,0.0,0.0,0.001865284974093,0.021554404145078,0.146943005181347,0.422176165803109,0.407461139896373
4,204,0,0,0,11,93,661,2068,1987,4820,0.0,0.0,0.0,0.002282157676349,0.019294605809129,0.137136929460581,0.429045643153527,0.412240663900415
4,205,0,0,0,6,92,741,2021,1955,4815,0.0,0.0,0.0,0.001246105919003,0.019106957424714,0.153894080996885,0.419730010384216,0.406022845275182
4,206,0,0,0,9,121,686,2065,1929,4810,0.0,0.0,0.0,0.001871101871102,0.025155925155925,0.142619542619543,0.429313929313929,0.401039501039501
4,207,0,0,0,7,119,677,1996,2006,4805,0.0,0.0,0.0,0.001456815816857,0.024765868886576,0.140894901144641,0.415400624349636,0.417481789802289
4,208,0,0,0,6,92,679,2116,1907,4800,0.0,0.0,0.0,0.00125,0.019166666666667,0.141458333333333,0.440833333333333,0.397291666666667
4,209,0,0,0,5,119,730,2009,1932,4795,0.0,0.0,0.0,0.00104275286757,0.024817518248175,0.152241918665276,0.418978102189781,0.402919708029197
4,210,0,0,0,7,113,683,2044,1943,4790,0.0,0.0,0.0,0.001461377870564,0.023590814196242,0.14258872651357,0.426722338204593,0.405636743215031
4,211,0,0,1,9,116,707,2014,1938,4785,0.0,0.0,0.000208986415883,0.001880877742947,0.024242424242424,0.147753396029258,0.420898641588297,0.405015673981191
4,212,0,0,0,6,111,711,1983,1969,4780,0.0,0.0,0.0,0.001255230125523,0.023221757322176,0.148744769874477,0.414853556485356,0.411924686192469
4,213,0,0,0,9,97,706,1971,1992,4775,0.0,0.0,0.0,0.001884816753927,0.020314136125654,0.147853403141361,0.412774869109948,0.41717277486911
4,214,0,0,1,1,105,690,2083,1890,4770,0.0,0.0,0.00020964360587,0.00020964360587,0.022012578616352,0.144654088050314,0.436687631027254,0.39622641509434
4,215,0,0,0,11,134,720,2024,1876,4765,0.0,0.0,0.0,0.002308499475341,0.028121720881427,0.151101783840504,0.424763903462749,0.393704092339979
4,216,0,0,0,8,87,689,2069,1907,4760,0.0,0.0,0.0,0.001680672268908,0.01827731092437,0.144747899159664,0.434663865546218,0.40063025210084
4,217,0,0,0,8,104,668,2045,1930,4755,0.0,0.0,0.0,0.001682439537329,0.021871713985279,0.140483701366982,0.430073606729758,0.405888538380652
4,218,0,0,0,4,105,718,1968,1955,4750,0.0,0.0,0.0,0.000842105263158,0.022105263157895,0.151157894736842,0.414315789473684,0.411578947368421
4,219,0,0,0,4,78,686,2038,1939,4745,0.0,0.0,0.0,0.000842992623815,0.016438356164384,0.144573234984194,0.429504741833509,0.408640674394099
4,220,0,0,0,9,99,732,2000,1900,4740,0.0,0.0,0.0,0.001898734177215,0.020886075949367,0.154430379746835,0.421940928270042,0.40084388185654
4,221,0,0,0,8,93,708,1972,1954,4735,0.0,0.0,0.0,0.00168954593453,0.019640971488912,0.149524815205913,0.416473072861668,0.412671594508976
4,222,0,0,0,2,99,701,1997,1931,4730,0.0,0.0,0.0,0.000422832980973,0.02093023255814,0.148202959830867,0.422198731501057,0.408245243128964
4,223,0,0,0,6,96,691,2031,1901,4725,0.0,0.0,0.0,0.001269841269841,0.02031746031746,0.146243386243386,0.42984126984127,0.402328042328042
4,224,0,0,0,5,107,714,2017,1877,4720,0.0,0.0,0.0,0.001059322033898,0.022669491525424,0.151271186440678,0.427330508474576,0.397669491525424
4,225,0,0,0,4,80,687,2042,1902,4715,0.0,0.0,0.0,0.00084835630965,0.016967126193001,0.145705196182397,0.433085896076352,0.4033934252386
4,226,0,0,0,3,98,748,1935,1926,4710,0.0,0.0,0.0,0.000636942675159,0.020806794055202,0.158811040339703,0.410828025477707,0.408917197452229
4,227,0,0,0,2,110,696,1971,1926,4705,0.0,0.0,0.0,0.000425079702444,0.023379383634431,0.147927736450584,0.418916046758767,0.409351753453773
4,228,0,0,0,5,110,704,1948,1933,4700,0.0,0.0,0.0,0.001063829787234,0.023404255319149,0.149787234042553,0.414468085106383,0.411276595744681
4,229,0,0,0,4,106,673,2013,1899,4695,0.0,0.0,0.0,0.000851970181044,0.022577209797657,0.143343982960596,0.428753993610224,0.404472843450479
4,230,0,0,0,4,103,731,1984,1868,4690,0.0,0.0,0.0,0.000852878464819,0.021961620469083,0.155863539445629,0.423027718550107,0.398294243070362
4,231,0,0,0,3,104,735,1930,1913,4685,0.0,0.0,0.0,0.000640341515475,0.022198505869797,0.156883671291355,0.411953041622198,0.408324439701174
4,232,0,0,1,5,96,704,2049,1825,4680,0.0,0.0,0.000213675213675,0.001068376068376,0.020512820512821,0.15042735042735,0.437820512820513,0.389957264957265
4,233,0,0,0,4,104,667,2009,1891,4675,0.0,0.0,0.0,0.000855614973262,0.022245989304813,0.142673796791444,0.429732620320856,0.404491978609626
4,234,0,0,0,6,97,706,1989,1872,4670,0.0,0.0,0.0,0.001284796573876,0.020770877944325,0.151177730192719,0.425910064239829,0.400856531049251
4,235,0,0,0,8,107,638,1951,1961,4665,0.0,0.0,0.0,0.001714898177921,0.022936763129689,0.136763129689175,0.418220793140407,0.420364415862808
4,236,0,0,0,11,105,654,2018,1872,4660,0.0,0.0,0.0,0.002360515021459,0.022532188841202,0.140343347639485,0.433047210300429,0.401716738197425
4,237,0,0,0,6,101,696,2006,1846,4655,0.0,0.0,0.0,0.001288936627282,0.021697099892589,0.149516648764769,0.43093447905478,0.39656283566058
4,238,0,0,0,8,86,707,1977,1872,4650,0.0,0.0,0.0,0.001720430107527,0.018494623655914,0.152043010752688,0.425161290322581,0.40258064516129
4,239,0,0,0,5,121,706,1914,1899,4645,0.0,0.0,0.0,0.001076426264801,0.026049515608181,0.151991388589882,0.41205597416577,0.408826695371367
4,240,0,0,1,8,114,693,1971,1853,4640,0.0,0.0,0.000215517241379,0.001724137931034,0.024568965517241,0.149353448275862,0.424784482758621,0.399353448275862
4,241,0,0,0,2,105,709,1875,1944,4635,0.0,0.0,0.0,0.000431499460626,0.022653721682848,0.152966558791802,0.40453074433657,0.419417475728155
4,242,0,0,0,5,112,696,1963,1854,4630,0.0,0.0,0.0,0.001079913606911,0.024190064794816,0.150323974082073,0.423974082073434,0.400431965442765
4,243,0,0,0,3,108,733,1930,1851,4625,0.0,0.0,0.0,0.000648648648649,0.023351351351351,0.158486486486486,0.417297297297297,0.400216216216216
4,244,0,0,0,8,115,693,1887,1917,4620,0.0,0.0,0.0,0.001731601731602,0.024891774891775,0.15,0.408441558441558,0.414935064935065
4,245,0,0,0,5,101,720,1938,1851,4615,0.0,0.0,0.0,0.001083423618635,0.021885157096425,0.156013001083424,0.419934994582882,0.401083423618635
4,246,0,0,0,7,116,740,1905,1842,4610,0.0,0.0,0.0,0.001518438177874,0.025162689804772,0.160520607375271,0.413232104121475,0.399566160520607
4,247,0,0,0,8,92,697,1913,1895,4605,0.0,0.0,0.0,0.001737242128122,0.019978284473398,0.151357220412595,0.415418023887079,0.411509229098806
4,248,0,0,0,8,92,671,1948,1881,4600,0.0,0.0,0.0,0.001739130434783,0.02,0.145869565217391,0.423478260869565,0.408913043478261
4,249,0,0,0,2,102,688,1938,1865,4595,0.0,0.0,0.0,0.000435255712731,0.022198041349293,0.149727965179543,0.421762785636561,0.405875952121872
4,250,0,0,0,3,93,681,1939,1874,4590,0.0,0.0,0.0,0.000653594771242,0.020261437908497,0.148366013071895,0.422440087145969,0.408278867102397
4,251,0,0,0,3,105,710,1911,1856,4585,0.0,0.0,0.0,0.000654307524537,0.022900763358779,0.154852780806979,0.416793893129771,0.404798255179935
4,252,0,0,0,3,106,671,1970,1830,4580,0.0,0.0,0.0,0.000655021834061,0.023144104803493,0.146506550218341,0.430131004366812,0.399563318777293
4,253,0,0,0,3,102,685,1938,1847,4575,0.0,0.0,0.0,0.000655737704918,0.022295081967213,0.149726775956284,0.423606557377049,0.403715846994535
4,254,0,0,0,7,99,708,1933,1823,4570,0.0,0.0,0.0,0.001531728665208,0.021663019693654,0.15492341356674,0.422975929978118,0.39890590809628
4,255,0,0,1,5,101,692,1945,1821,4565,0.0,0.0,0.000219058050383,0.001095290251917,0.022124863088719,0.151588170865279,0.426067907995619,0.398904709748083
4,256,0,0,0,3,107,728,1947,1775,4560,0.0,0.0,0.0,0.000657894736842,0.023464912280702,0.159649122807018,0.426973684210526,0.389254385964912
4,257,0,0,0,8,102,664,1961,1820,4555,0.0,0.0,0.0,0.001756311745335,0.022392974753019,0.145773874862788,0.430515916575192,0.399560922063666
4,258,0,0,0,7,112,698,1919,1814,4550,0.0,0.0,0.0,0.001538461538462,0.024615384615385,0.153406593406593,0.421758241758242,0.398681318681319
4,259,0,0,0,6,97,682,2023,1737,4545,0.0,0.0,0.0,0.001320132013201,0.021342134213421,0.15005500550055,0.445104510451045,0.382178217821782
4,260,0,0,0,7,88,688,1894,1863,4540,0.0,0.0,0.0,0.001541850220264,0.019383259911894,0.151541850220264,0.417180616740088,0.410352422907489
4,261,0,0,1,4,94,665,1927,1844,4535,0.0,0.0,0.000220507166483,0.000882028665932,0.020727673649394,0.146637265711136,0.424917309812569,0.406615214994487
4,262,0,0,0,6,103,688,1903,1830,4530,0.0,0.0,0.0,0.001324503311258,0.022737306843267,0.151876379690949,0.420088300220751,0.403973509933775
4,263,0,0,0,6,94,723,1898,1804,4525,0.0,0.0,0.0,0.001325966850829,0.020773480662983,0.159779005524862,0.419447513812155,0.398674033149171
4,264,0,0,0,7,82,681,1984,1766,4520,0.0,0.0,0.0,0.001548672566372,0.018141592920354,0.150663716814159,0.438938053097345,0.39070796460177
4,265,0,0,0,7,119,660,1929,1800,4515,0.0,0.0,0.0,0.001550387596899,0.026356589147287,0.146179401993355,0.427242524916944,0.398671096345515
4,266,0,0,0,3,81,712,1901,1813,4510,0.0,0.0,0.0,0.000665188470067,0.017960088691796,0.157871396895787,0.421507760532151,0.4019955654102
4,267,0,0,0,8,107,669,1921,1800,4505,0.0,0.0,0.0,0.001775804661487,0.023751387347392,0.14850166481687,0.426415094339623,0.399556048834628
4,268,0,0,0,9,107,668,1896,1820,4500,0.0,0.0,0.0,0.002,0.023777777777778,0.148444444444444,0.421333333333333,0.404444444444444
4,269,0,0,0,6,105,680,1906,1798,4495,0.0,0.0,0.0,0.001334816462736,0.023359288097887,0.151279199110122,0.424026696329255,0.4
4,270,0,0,0,12,87,660,1900,1831,4490,0.0,0.0,0.0,0.002672605790646,0.019376391982183,0.146993318485523,0.423162583518931,0.407795100222717
4,271,0,0,0,3,102,691,1857,1832,4485,0.0,0.0,0.0,0.00066889632107,0.022742474916388,0.154069119286511,0.414046822742475,0.408472686733556
4,272,0,0,0,11,93,702,1930,1744,4480,0.0,0.0,0.0,0.002455357142857,0.020758928571429,0.156696428571429,0.430803571428571,0.389285714285714
4,273,0,0,0,6,80,639,1907,1843,4475,0.0,0.0,0.0,0.001340782122905,0.017877094972067,0.142793296089385,0.426145251396648,0.411843575418994
4,274,0,0,0,5,95,675,1917,1778,4470,0.0,0.0,0.0,0.001118568232662,0.021252796420582,0.151006711409396,0.428859060402685,0.397762863534676
4,275,0,0,0,5,113,639,1934,1774,4465,0.0,0.0,0.0,0.001119820828667,0.025307950727884,0.143113101903695,0.433146696528555,0.397312430011198
4,276,0,0,0,7,96,648,1890,1819,4460,0.0,0.0,0.0,0.001569506726457,0.02152466367713,0.145291479820628,0.423766816143498,0.407847533632287
4,277,0,0,0,2,91,677,1854,1831,4455,0.0,0.0,0.0,0.000448933782267,0.020426487093154,0.151964085297419,0.416161616161616,0.410998877665544
4,278,0,0,0,6,87,672,1899,1786,4450,0.0,0.0,0.0,0.001348314606742,0.019550561797753,0.151011235955056,0.426741573033708,0.401348314606742
4,279,0,0,0,4,98,666,1868,1809,4445,0.0,0.0,0.0,0.000899887514061,0.022047244094488,0.149831271091114,0.420247469066367,0.406974128233971
4,280,0,0,0,7,103,714,1863,1753,4440,0.0,0.0,0.0,0.001576576576577,0.023198198198198,0.160810810810811,0.419594594594595,0.39481981981982
4,281,0,0,0,4,101,682,1849,1799,4435,0.0,0.0,0.0,0.000901916572717,0.022773393461105,0.153776775648253,0.416910935738444,0.405636978579481
4,282,0,0,0,0,116,650,1840,1824,4430,0.0,0.0,0.0,0.0,0.026185101580135,0.146726862302483,0.415349887133183,0.411738148984199
4,283,0,0,0,3,96,654,1893,1779,4425,0.0,0.0,0.0,0.000677966101695,0.021694915254237,0.147796610169492,0.427796610169491,0.402033898305085
4,284,0,0,1,7,100,663,1847,1802,4420,0.0,0.0,0.000226244343891,0.00158371040724,0.02262443438914,0.15,0.417873303167421,0.407692307692308
4,285,0,0,0,8,94,612,1889,1812,4415,0.0,0.0,0.0,0.001812004530011,0.021291053227633,0.138618346545866,0.427859569648924,0.410419026047565
4,286,0,0,0,4,84,681,1912,1729,4410,0.0,0.0,0.0,0.000907029478458,0.019047619047619,0.154421768707483,0.433560090702948,0.392063492063492
4,287,0,0,0,4,88,651,1832,1830,4405,0.0,0.0,0.0,0.000908059023837,0.019977298524404,0.147786606129398,0.41589103291714,0.415437003405221
4,288,0,0,0,4,103,687,1847,1759,4400,0.0,0.0,0.0,0.000909090909091,0.023409090909091,0.156136363636364,0.419772727272727,0.399772727272727
4,289,0,0,0,4,94,665,1847,1785,4395,0.0,0.0,0.0,0.000910125142207,0.021387940841866,0.151308304891923,0.420250284414107,0.406143344709898
4,290,0,0,0,5,85,670,1868,1762,4390,0.0,0.0,0.0,0.001138952164009,0.019362186788155,0.152619589977221,0.425512528473804,0.401366742596811
4,291,0,0,0,2,92,661,1809,1821,4385,0.0,0.0,0.0,0.000456100342075,0.020980615735462,0.150741163055872,0.41254275940707,0.415279361459521
4,292,0,0,0,3,95,700,1804,1778,4380,0.0,0.0,0.0,0.000684931506849,0.021689497716895,0.159817351598174,0.411872146118721,0.405936073059361
4,293,0,0,0,2,94,637,1854,1788,4375,0.0,0.0,0.0,0.000457142857143,0.021485714285714,0.1456,0.423771428571429,0.408685714285714
4,294,0,0,0,10,90,594,1887,1789,4370,0.0,0.0,0.0,0.002288329519451,0.020594965675057,0.135926773455378,0.431807780320366,0.409382151029748
4,295,0,0,0,4,87,657,1843,1774,4365,0.0,0.0,0.0,0.000916380297824,0.019931271477663,0.150515463917526,0.422222222222222,0.406414662084765
4,296,0,0,0,8,94,685,1805,1768,4360,0.0,0.0,0.0,0.001834862385321,0.021559633027523,0.157110091743119,0.413990825688073,0.405504587155963
4,297,0,0,0,6,101,656,1861,1731,4355,0.0,0.0,0.0,0.001377726750861,0.023191733639495,0.150631458094145,0.427324913892078,0.397474167623421
4,298,0,0,0,5,86,696,1822,1741,4350,0.0,0.0,0.0,0.001149425287356,0.019770114942529,0.16,0.418850574712644,0.400229885057471
4,299,0,0,0,6,100,642,1811,1786,4345,0.0,0.0,0.0,0.001380897583429,0.02301495972382,0.147756041426927,0.416800920598389,0.411047180667434
4,300,0,0,0,7,78,702,1828,1725,4340,0.0,0.0,0.0,0.001612903225806,0.017972350230415,0.161751152073733,0.421198156682028,0.397465437788018
4,301,0,0,0,3,106,664,1829,1733,4335,0.0,0.0,0.0,0.000692041522491,0.024452133794694,0.153171856978085,0.421914648212226,0.399769319492503
4,302,0,0,0,4,90,668,1813,1755,4330,0.0,0.0,0.0,0.000923787528868,0.020785219399538,0.154272517321016,0.418706697459584,0.405311778290993
4,303,0,0,0,11,110,659,1792,1753,4325,0.0,0.0,0.0,0.002543352601156,0.025433526011561,0.152369942196532,0.414335260115607,0.405317919075145
4,304,0,0,1,7,101,635,1864,1712,4320,0.0,0.0,0.000231481481481,0.00162037037037,0.02337962962963,0.146990740740741,0.431481481481481,0.396296296296296
4,305,0,0,0,7,105,612,1827,1764,4315,0.0,0.0,0.0,0.00162224797219,0.024333719582851,0.141830822711472,0.423406720741599,0.408806488991889
4,306,0,0,1,5,89,644,1848,1723,4310,0.0,0.0,0.000232018561485,0.001160092807425,0.020649651972158,0.149419953596288,0.42877030162413,0.399767981438515
4,307,0,0,0,6,90,678,1751,1780,4305,0.0,0.0,0.0,0.001393728222997,0.020905923344948,0.157491289198606,0.406736353077816,0.413472706155633
4,308,0,0,0,4,89,622,1792,1793,4300,0.0,0.0,0.0,0.00093023255814,0.020697674418605,0.144651162790698,0.416744186046512,0.416976744186047
4,309,0,0,0,6,72,652,1853,1712,4295,0.0,0.0,0.0,0.00139697322468,0.016763678696158,0.151804423748545,0.431431897555297,0.39860302677532
4,310,0,0,0,4,86,626,1819,1755,4290,0.0,0.0,0.0,0.000932400932401,0.02004662004662,0.145920745920746,0.424009324009324,0.409090909090909
4,311,0,0,0,7,92,623,1792,1771,4285,0.0,0.0,0.0,0.001633605600933,0.02147024504084,0.145390898483081,0.418203033838973,0.413302217036173
4,312,0,0,0,5,90,658,1810,1717,4280,0.0,0.0,0.0,0.001168224299065,0.021028037383178,0.153738317757009,0.422897196261682,0.401168224299065
4,313,0,0,0,2,89,619,1844,1721,4275,0.0,0.0,0.0,0.00046783625731,0.020818713450292,0.144795321637427,0.431345029239766,0.402573099415205
4,314,0,0,0,4,84,654,1805,1723,4270,0.0,0.0,0.0,0.000936768149883,0.019672131147541,0.153161592505855,0.42271662763466,0.403512880562061
4,315,0,0,0,9,97,591,1790,1778,4265,0.0,0.0,0.0,0.0021101992966,0.02274325908558,0.138569753810082,0.419695193434935,0.416881594372802
4,316,0,0,0,4,112,657,1774,1713,4260,0.0,0.0,0.0,0.00093896713615,0.026291079812207,0.154225352112676,0.416431924882629,0.402112676056338
4,317,0,0,1,6,103,634,1804,1707,4255,0.0,0.0,0.000235017626322,0.001410105757932,0.024206815511163,0.149001175088132,0.423971797884841,0.40117508813161
4,318,0,0,0,4,97,688,1762,1699,4250,0.0,0.0,0.0,0.000941176470588,0.022823529411765,0.161882352941176,0.414588235294118,0.399764705882353
4,319,0,0,0,8,79,665,1802,1691,4245,0.0,0.0,0.0,0.00188457008245,0.018610129564193,0.156654888103651,0.424499411071849,0.398351001177856
4,320,0,0,0,6,108,629,1774,1723,4240,0.0,0.0,0.0,0.001415094339623,0.025471698113208,0.148349056603774,0.418396226415094,0.406367924528302
4,321,0,0,0,7,95,627,1775,1731,4235,0.0,0.0,0.0,0.001652892561983,0.022432113341204,0.148051948051948,0.419126328217237,0.408736717827627
4,322,0,0,1,2,78,599,1791,1759,4230,0.0,0.0,0.000236406619385,0.000472813238771,0.018439716312057,0.14160756501182,0.423404255319149,0.415839243498818
4,323,0,0,0,13,100,608,1866,1638,4225,0.0,0.0,0.0,0.003076923076923,0.023668639053254,0.143905325443787,0.441656804733728,0.387692307692308
4,324,0,0,0,7,94,644,1711,1764,4220,0.0,0.0,0.0,0.001658767772512,0.022274881516588,0.15260663507109,0.405450236966825,0.418009478672986
4,325,0,0,0,4,95,612,1749,1755,4215,0.0,0.0,0.0,0.000948991696323,0.022538552787663,0.145195729537367,0.414946619217082,0.416370106761566
4,326,0,0,0,9,86,604,1806,1705,4210,0.0,0.0,0.0,0.002137767220903,0.020427553444181,0.143467933491686,0.428978622327791,0.404988123515439
4,327,0,0,1,6,101,649,1769,1679,4205,0.0,0.0,0.000237812128419,0.001426872770511,0.024019024970273,0.154340071343639,0.420689655172414,0.399286563614744
4,328,0,0,1,5,83,625,1804,1682,4200,0.0,0.0,0.000238095238095,0.001190476190476,0.019761904761905,0.148809523809524,0.42952380952381,0.40047619047619
4,329,0,0,0,3,88,653,1727,1724,4195,0.0,0.0,0.0,0.000715137067938,0.020977353992849,0.155661501787843,0.411680572109654,0.410965435041716
4,330,0,0,0,4,87,668,1779,1652,4190,0.0,0.0,0.0,0.000954653937947,0.020763723150358,0.159427207637232,0.424582338902148,0.394272076372315
4,331,0,0,0,7,76,627,1832,1643,4185,0.0,0.0,0.0,0.001672640382318,0.01816009557945,0.149820788530466,0.437753882915173,0.392592592592593
4,332,0,0,0,6,88,599,1789,1698,4180,0.0,0.0,0.0,0.001435406698565,0.021052631578947,0.143301435406699,0.42799043062201,0.40622009569378
4,333,0,0,0,4,101,628,1797,1645,4175,0.0,0.0,0.0,0.000958083832335,0.024191616766467,0.150419161676647,0.430419161676647,0.394011976047904
4,334,0,0,0,11,93,669,1752,1645,4170,0.0,0.0,0.0,0.002637889688249,0.022302158273381,0.160431654676259,0.420143884892086,0.394484412470024
4,335,0,0,0,12,100,619,1753,1681,4165,0.0,0.0,0.0,0.002881152460984,0.024009603841537,0.148619447779112,0.420888355342137,0.40360144057623
4,336,0,0,1,3,106,651,1776,1623,4160,0.0,0.0,0.000240384615385,0.000721153846154,0.025480769230769,0.156490384615385,0.426923076923077,0.390144230769231
4,337,0,0,0,4,102,610,1695,1744,4155,0.0,0.0,0.0,0.000962695547533,0.024548736462094,0.146811070998797,0.407942238267148,0.419735258724428
4,338,0,0,1,4,85,644,1686,1730,4150,0.0,0.0,0.000240963855422,0.000963855421687,0.020481927710843,0.155180722891566,0.406265060240964,0.416867469879518
4,339,0,0,0,9,83,637,1742,1674,4145,0.0,0.0,0.0,0.002171290711701,0.020024125452352,0.153679131483715,0.420265379975875,0.403860072376357
4,340,0,0,0,9,85,654,1742,1650,4140,0.0,0.0,0.0,0.002173913043478,0.020531400966184,0.157971014492754,0.420772946859903,0.398550724637681
4,341,0,0,0,2,90,603,1804,1636,4135,0.0,0.0,0.0,0.000483675937122,0.021765417170496,0.145828295042322,0.43627569528416,0.395646916565901
4,342,0,0,0,6,105,599,1755,1665,4130,0.0,0.0,0.0,0.001452784503632,0.025423728813559,0.145036319612591,0.424939467312349,0.403147699757869
4,343,0,0,0,3,76,621,1736,1689,4125,0.0,0.0,0.0,0.000727272727273,0.018424242424242,0.150545454545455,0.420848484848485,0.409454545454545
4,344,0,0,1,6,101,593,1770,1649,4120,0.0,0.0,0.000242718446602,0.001456310679612,0.024514563106796,0.143932038834951,0.429611650485437,0.400242718446602
4,345,0,0,0,7,80,633,1749,1646,4115,0.0,0.0,0.0,0.001701093560146,0.019441069258809,0.153827460510328,0.425030376670717,0.4
4,346,0,0,0,3,83,627,1759,1638,4110,0.0,0.0,0.0,0.000729927007299,0.020194647201946,0.152554744525547,0.427980535279805,0.398540145985401
4,347,0,0,0,5,81,617,1733,1669,4105,0.0,0.0,0.0,0.00121802679659,0.01973203410475,0.150304506699147,0.422168087697929,0.406577344701583
4,348,0,0,0,8,84,628,1696,1684,4100,0.0,0.0,0.0,0.001951219512195,0.020487804878049,0.153170731707317,0.413658536585366,0.410731707317073
4,349,0,0,0,7,96,619,1753,1620,4095,0.0,0.0,0.0,0.001709401709402,0.023443223443223,0.151159951159951,0.428083028083028,0.395604395604396
4,350,0,0,0,6,97,606,1728,1653,4090,0.0,0.0,0.0,0.001466992665037,0.023716381418093,0.148166259168704,0.422493887530562,0.404156479217604
4,351,0,0,0,6,71,640,1731,1637,4085,0.0,0.0,0.0,0.001468788249694,0.017380660954712,0.156670746634027,0.42374541003672,0.400734394124847
4,352,0,0,0,8,78,576,1712,1706,4080,0.0,0.0,0.0,0.001960784313725,0.019117647058824,0.141176470588235,0.419607843137255,0.418137254901961
4,353,0,0,0,5,102,633,1718,1617,4075,0.0,0.0,0.0,0.001226993865031,0.025030674846626,0.155337423312883,0.42159509202454,0.39680981595092
4,354,0,0,0,2,87,606,1737,1638,4070,0.0,0.0,0.0,0.0004914004914,0.021375921375921,0.148894348894349,0.426781326781327,0.402457002457002
4,355,0,0,0,8,88,591,1753,1625,4065,0.0,0.0,0.0,0.001968019680197,0.021648216482165,0.145387453874539,0.431242312423124,0.399753997539975
4,356,0,0,0,5,86,615,1697,1657,4060,0.0,0.0,0.0,0.001231527093596,0.021182266009852,0.151477832512315,0.417980295566502,0.408128078817734
4,357,0,0,0,3,93,632,1686,1641,4055,0.0,0.0,0.0,0.000739827373613,0.022934648581998,0.155856966707768,0.415782983970407,0.404685573366215
4,358,0,0,0,6,85,604,1750,1605,4050,0.0,0.0,0.0,0.001481481481481,0.020987654320988,0.149135802469136,0.432098765432099,0.396296296296296
4,359,0,0,1,4,78,593,1726,1643,4045,0.0,0.0,0.000247218788628,0.000988875154512,0.019283065512979,0.146600741656366,0.426699629171817,0.406180469715698
4,360,0,0,0,2,76,606,1739,1617,4040,0.0,0.0,0.0,0.00049504950495,0.018811881188119,0.15,0.430445544554455,0.400247524752475
4,361,0,0,0,5,91,623,1706,1610,4035,0.0,0.0,0.0,0.001239157372986,0.022552664188352,0.154399008674102,0.422800495662949,0.399008674101611
4,362,0,0,0,6,88,576,1743,1617,4030,0.0,0.0,0.0,0.001488833746898,0.021836228287841,0.142928039702233,0.432506203473945,0.401240694789082
4,363,0,0,0,6,97,571,1720,1631,4025,0.0,0.0,0.0,0.001490683229814,0.024099378881988,0.141863354037267,0.427329192546584,0.405217391304348
4,364,0,0,0,6,98,598,1746,1572,4020,0.0,0.0,0.0,0.001492537313433,0.024378109452736,0.148756218905473,0.434328358208955,0.391044776119403
4,365,0,0,0,4,105,608,1706,1592,4015,0.0,0.0,0.0,0.000996264009963,0.026151930261519,0.151432129514321,0.424906600249066,0.396513075965131
4,366,0,0,0,14,83,596,1661,1656,4010,0.0,0.0,0.0,0.003491271820449,0.02069825436409,0.148628428927681,0.414214463840399,0.412967581047382
4,367,0,0,0,3,93,626,1689,1594,4005,0.0,0.0,0.0,0.000749063670412,0.023220973782772,0.156304619225968,0.421722846441948,0.398002496878901
4,368,0,0,0,8,96,574,1699,1623,4000,0.0,0.0,0.0,0.002,0.024,0.1435,0.42475,0.40575
4,369,0,0,0,7,87,627,1660,1614,3995,0.0,0.0,0.0,0.001752190237797,0.021777221526909,0.156946182728411,0.415519399249061,0.404005006257822
4,370,0,0,0,7,80,605,1666,1632,3990,0.0,0.0,0.0,0.001754385964912,0.020050125313283,0.151629072681704,0.417543859649123,0.409022556390977
4,371,0,0,0,3,85,600,1706,1591,3985,0.0,0.0,0.0,0.000752823086575,0.021329987452949,0.150564617314931,0.42810539523212,0.399247176913425
4,372,0,0,0,3,83,573,1691,1630,3980,0.0,0.0,0.0,0.000753768844221,0.020854271356784,0.143969849246231,0.424874371859296,0.409547738693467
4,373,0,0,0,6,82,580,1765,1542,3975,0.0,0.0,0.0,0.001509433962264,0.02062893081761,0.145911949685535,0.444025157232704,0.387924528301887
4,374,0,0,0,9,92,600,1709,1560,3970,0.0,0.0,0.0,0.002267002518892,0.023173803526448,0.151133501259446,0.430478589420655,0.392947103274559
4,375,0,0,0,6,98,545,1709,1607,3965,0.0,0.0,0.0,0.001513240857503,0.024716267339218,0.137452711223203,0.431021437578815,0.405296343001261
4,376,0,0,0,7,87,599,1653,1614,3960,0.0,0.0,0.0,0.001767676767677,0.021969696969697,0.151262626262626,0.417424242424242,0.407575757575758
4,377,0,0,0,0,103,621,1657,1574,3955,0.0,0.0,0.0,0.0,0.026042983565107,0.157016434892541,0.418963337547408,0.397977243994943
4,378,0,0,0,6,102,569,1641,1632,3950,0.0,0.0,0.0,0.001518987341772,0.025822784810127,0.144050632911392,0.415443037974684,0.413164556962025
4,379,0,0,0,7,89,565,1636,1648,3945,0.0,0.0,0.0,0.001774397972117,0.02256020278834,0.143219264892269,0.414702154626109,0.417743979721166
4,380,0,0,0,6,85,531,1704,1614,3940,0.0,0.0,0.0,0.001522842639594,0.021573604060914,0.134771573604061,0.43248730964467,0.409644670050761
4,381,0,0,0,4,87,584,1639,1621,3935,0.0,0.0,0.0,0.001016518424396,0.022109275730623,0.148411689961881,0.416518424396442,0.411944091486658
4,382,0,0,0,2,89,554,1693,1592,3930,0.0,0.0,0.0,0.000508905852417,0.02264631043257,0.140966921119593,0.430788804071247,0.405089058524173
4,383,0,0,0,6,90,608,1601,1620,3925,0.0,0.0,0.0,0.001528662420382,0.022929936305732,0.154904458598726,0.407898089171975,0.412738853503185
4,384,0,0,0,5,85,589,1643,1598,3920,0.0,0.0,0.0,0.001275510204082,0.021683673469388,0.150255102040816,0.419132653061224,0.40765306122449
4,385,0,0,0,5,78,565,1659,1608,3915,0.0,0.0,0.0,0.001277139208174,0.01992337164751,0.144316730523627,0.423754789272031,0.410727969348659
4,386,0,0,0,3,83,559,1655,1610,3910,0.0,0.0,0.0,0.00076726342711,0.021227621483376,0.142966751918159,0.423273657289003,0.411764705882353
4,387,0,0,0,4,79,622,1601,1599,3905,0.0,0.0,0.0,0.001024327784891,0.020230473751601,0.159282970550576,0.409987195902689,0.409475032010243
4,388,0,0,0,3,69,575,1681,1572,3900,0.0,0.0,0.0,0.000769230769231,0.017692307692308,0.147435897435897,0.431025641025641,0.403076923076923
4,389,0,0,0,2,89,590,1642,1572,3895,0.0,0.0,0.0,0.000513478818999,0.022849807445443,0.151476251604621,0.421566110397946,0.403594351732991
4,390,0,0,1,6,76,606,1660,1541,3890,0.0,0.0,0.00025706940874,0.001542416452442,0.019537275064267,0.155784061696658,0.426735218508997,0.396143958868895
4,391,0,0,0,8,71,613,1656,1537,3885,0.0,0.0,0.0,0.002059202059202,0.018275418275418,0.157786357786358,0.426254826254826,0.395624195624196
4,392,0,0,0,5,59,569,1712,1535,3880,0.0,0.0,0.0,0.001288659793814,0.01520618556701,0.146649484536082,0.441237113402062,0.395618556701031
4,393,0,0,0,7,81,539,1690,1558,3875,0.0,0.0,0.0,0.001806451612903,0.020903225806452,0.139096774193548,0.436129032258065,0.402064516129032
4,394,0,0,0,4,81,581,1647,1557,3870,0.0,0.0,0.0,0.001033591731266,0.02093023255814,0.150129198966408,0.425581395348837,0.402325581395349
4,395,0,0,0,6,73,580,1642,1564,3865,0.0,0.0,0.0,0.001552393272962,0.01888745148771,0.15006468305304,0.4248382923674,0.404657179818887
4,396,0,0,0,8,78,557,1634,1583,3860,0.0,0.0,0.0,0.002072538860104,0.02020725388601,0.144300518134715,0.423316062176166,0.410103626943005
4,397,0,0,0,4,96,572,1637,1546,3855,0.0,0.0,0.0,0.001037613488975,0.024902723735409,0.148378728923476,0.424643320363165,0.401037613488975
4,398,0,0,0,10,84,579,1623,1554,3850,0.0,0.0,0.0,0.002597402597403,0.021818181818182,0.15038961038961,0.421558441558442,0.403636363636364
4,399,0,0,0,8,95,581,1610,1551,3845,0.0,0.0,0.0,0.002080624187256,0.024707412223667,0.15110533159948,0.418725617685306,0.403381014304291
4,400,0,0,0,3,73,536,1630,1598,3840,0.0,0.0,0.0,0.00078125,0.019010416666667,0.139583333333333,0.424479166666667,0.416145833333333
4,401,0,0,0,8,93,574,1535,1625,3835,0.0,0.0,0.0,0.002086049543677,0.024250325945241,0.149674054758801,0.40026075619296,0.423728813559322
4,402,0,0,0,4,86,568,1653,1519,3830,0.0,0.0,0.0,0.001044386422977,0.022454308093995,0.148302872062663,0.431592689295039,0.396605744125326
4,403,0,0,0,11,83,535,1636,1560,3825,0.0,0.0,0.0,0.002875816993464,0.021699346405229,0.139869281045752,0.427712418300654,0.407843137254902
4,404,0,0,0,3,82,577,1590,1568,3820,0.0,0.0,0.0,0.000785340314136,0.021465968586387,0.151047120418848,0.416230366492147,0.410471204188482
4,405,0,0,1,3,66,544,1618,1583,3815,0.0,0.0,0.000262123197903,0.000786369593709,0.017300131061599,0.14259501965924,0.424115334207077,0.414941022280472
4,406,0,0,0,5,76,533,1651,1545,3810,0.0,0.0,0.0,0.001312335958005,0.01994750656168,0.13989501312336,0.433333333333333,0.405511811023622
4,407,0,0,1,8,77,601,1583,1535,3805,0.0,0.0,0.000262812089356,0.002102496714849,0.02023653088042,0.157950065703022,0.416031537450723,0.403416557161629
4,408,0,0,0,7,96,585,1602,1510,3800,0.0,0.0,0.0,0.001842105263158,0.025263157894737,0.153947368421053,0.421578947368421,0.397368421052632
4,409,0,0,0,6,72,555,1649,1513,3795,0.0,0.0,0.0,0.001581027667984,0.01897233201581,0.146245059288538,0.434519104084321,0.398682476943347
4,410,0,0,0,8,76,558,1666,1482,3790,0.0,0.0,0.0,0.002110817941953,0.020052770448549,0.147229551451187,0.43957783641161,0.391029023746702
4,411,0,0,0,5,74,578,1630,1498,3785,0.0,0.0,0.0,0.001321003963012,0.019550858652576,0.152708058124174,0.430647291941876,0.395772787318362
4,412,0,0,0,4,95,539,1586,1556,3780,0.0,0.0,0.0,0.001058201058201,0.025132275132275,0.142592592592593,0.41957671957672,0.411640211640212
4,413,0,0,0,4,87,526,1601,1557,3775,0.0,0.0,0.0,0.001059602649007,0.023046357615894,0.139337748344371,0.424105960264901,0.412450331125828
4,414,0,0,0,3,78,528,1654,1507,3770,0.0,0.0,0.0,0.00079575596817,0.020689655172414,0.140053050397878,0.438726790450928,0.39973474801061
4,415,0,0,0,5,88,553,1567,1552,3765,0.0,0.0,0.0,0.00132802124834,0.023373173970784,0.146879150066401,0.416201859229748,0.412217795484728
4,416,0,0,0,3,73,606,1634,1444,3760,0.0,0.0,0.0,0.000797872340426,0.019414893617021,0.161170212765957,0.434574468085106,0.384042553191489
4,417,0,0,0,7,79,550,1628,1491,3755,0.0,0.0,0.0,0.001864181091877,0.02103861517976,0.14647137150466,0.433555259653795,0.397070572569907
4,418,0,0,0,3,81,568,1578,1520,3750,0.0,0.0,0.0,0.0008,0.0216,0.151466666666667,0.4208,0.405333333333333
4,419,0,0,0,6,105,521,1567,1546,3745,0.0,0.0,0.0,0.001602136181575,0.02803738317757,0.139118825100134,0.418424566088118,0.412817089452603
4,420,0,0,0,8,81,577,1533,1541,3740,0.0,0.0,0.0,0.002139037433155,0.021657754010695,0.15427807486631,0.409893048128342,0.412032085561497
4,421,0,0,2,3,90,578,1576,1486,3735,0.0,0.0,0.00053547523427,0.000803212851406,0.024096385542169,0.15475234270415,0.421954484605087,0.397858099062918
4,422,0,0,0,3,63,531,1618,1515,3730,0.0,0.0,0.0,0.000804289544236,0.016890080428954,0.142359249329759,0.433780160857909,0.406166219839142
4,423,0,0,1,6,91,541,1568,1518,3725,0.0,0.0,0.000268456375839,0.001610738255034,0.024429530201342,0.145234899328859,0.420939597315436,0.40751677852349
4,424,0,0,0,4,78,539,1577,1522,3720,0.0,0.0,0.0,0.001075268817204,0.020967741935484,0.14489247311828,0.423924731182796,0.409139784946237
4,425,0,0,1,2,74,522,1575,1541,3715,0.0,0.0,0.000269179004038,0.000538358008075,0.019919246298789,0.140511440107672,0.423956931359354,0.414804845222073
4,426,0,0,0,2,97,516,1628,1467,3710,0.0,0.0,0.0,0.000539083557951,0.026145552560647,0.139083557951482,0.438814016172507,0.395417789757412
4,427,0,0,0,3,76,594,1549,1483,3705,0.0,0.0,0.0,0.00080971659919,0.020512820512821,0.160323886639676,0.41808367071525,0.400269905533063
4,428,0,0,1,4,91,567,1537,1500,3700,0.0,0.0,0.00027027027027,0.001081081081081,0.024594594594595,0.153243243243243,0.415405405405405,0.405405405405405
4,429,0,0,1,3,67,543,1589,1492,3695,0.0,0.0,0.000270635994587,0.000811907983762,0.018132611637348,0.146955345060893,0.430040595399188,0.403788903924222
4,430,0,0,0,6,74,583,1550,1477,3690,0.0,0.0,0.0,0.001626016260163,0.020054200542005,0.157994579945799,0.420054200542005,0.400271002710027
4,431,0,0,0,3,86,516,1607,1473,3685,0.0,0.0,0.0,0.000814111261872,0.023337856173677,0.140027137042062,0.436092265943012,0.399728629579376
4,432,0,0,0,6,77,565,1551,1481,3680,0.0,0.0,0.0,0.001630434782609,0.020923913043478,0.153532608695652,0.421467391304348,0.402445652173913
4,433,0,0,0,4,61,529,1555,1526,3675,0.0,0.0,0.0,0.00108843537415,0.016598639455782,0.143945578231293,0.42312925170068,0.415238095238095
4,434,0,0,0,2,67,541,1602,1458,3670,0.0,0.0,0.0,0.000544959128065,0.018256130790191,0.147411444141689,0.436512261580381,0.397275204359673
4,435,0,0,1,4,83,586,1537,1454,3665,0.0,0.0,0.000272851296044,0.001091405184175,0.022646657571623,0.159890859481583,0.4193724420191,0.396725784447476
4,436,0,0,0,13,84,528,1591,1444,3660,0.0,0.0,0.0,0.003551912568306,0.022950819672131,0.144262295081967,0.434699453551913,0.394535519125683
4,437,0,0,1,3,88,564,1538,1461,3655,0.0,0.0,0.000273597811218,0.000820793433653,0.024076607387141,0.154309165526676,0.420793433652531,0.399726402188782
4,438,0,0,0,4,93,525,1567,1461,3650,0.0,0.0,0.0,0.001095890410959,0.025479452054795,0.143835616438356,0.429315068493151,0.40027397260274
4,439,0,0,0,2,84,554,1548,1457,3645,0.0,0.0,0.0,0.000548696844993,0.023045267489712,0.1519890260631,0.424691358024691,0.399725651577503
4,440,0,0,1,6,73,548,1517,1495,3640,0.0,0.0,0.000274725274725,0.001648351648352,0.020054945054945,0.150549450549451,0.416758241758242,0.410714285714286
4,441,0,0,0,3,94,539,1522,1477,3635,0.0,0.0,0.0,0.000825309491059,0.02585969738652,0.14828060522696,0.418707015130674,0.406327372764787
4,442,0,0,0,2,86,545,1521,1476,3630,0.0,0.0,0.0,0.000550964187328,0.023691460055096,0.150137741046832,0.41900826446281,0.406611570247934
4,443,0,0,0,1,87,537,1512,1488,3625,0.0,0.0,0.0,0.000275862068966,0.024,0.148137931034483,0.417103448275862,0.41048275862069
4,444,0,0,2,5,82,553,1499,1479,3620,0.0,0.0,0.000552486187845,0.001381215469613,0.022651933701657,0.152762430939227,0.414088397790055,0.408563535911602
4,445,0,0,0,4,88,527,1527,1469,3615,0.0,0.0,0.0,0.001106500691563,0.024343015214385,0.145781466113416,0.422406639004149,0.406362378976487
4,446,0,0,0,3,74,576,1459,1498,3610,0.0,0.0,0.0,0.000831024930748,0.020498614958449,0.159556786703601,0.40415512465374,0.414958448753463
4,447,0,0,1,4,91,511,1512,1486,3605,0.0,0.0,0.000277392510402,0.001109570041609,0.025242718446602,0.141747572815534,0.419417475728155,0.412205270457698
4,448,0,0,0,6,74,539,1511,1470,3600,0.0,0.0,0.0,0.001666666666667,0.020555555555556,0.149722222222222,0.419722222222222,0.408333333333333
4,449,0,0,0,3,77,559,1511,1445,3595,0.0,0.0,0.0,0.000834492350487,0.021418636995828,0.155493741307371,0.420305980528512,0.401947148817803
4,450,0,0,0,1,63,513,1567,1446,3590,0.0,0.0,0.0,0.000278551532033,0.017548746518106,0.142896935933148,0.436490250696379,0.402785515320334
4,451,0,0,0,5,71,554,1497,1458,3585,0.0,0.0,0.0,0.00139470013947,0.019804741980474,0.154532775453278,0.417573221757322,0.406694560669456
4,452,0,0,0,9,78,486,1511,1496,3580,0.0,0.0,0.0,0.002513966480447,0.021787709497207,0.135754189944134,0.422067039106145,0.417877094972067
4,453,0,0,0,2,95,547,1505,1426,3575,0.0,0.0,0.0,0.000559440559441,0.026573426573427,0.153006993006993,0.420979020979021,0.398881118881119
4,454,0,0,0,5,88,546,1493,1438,3570,0.0,0.0,0.0,0.00140056022409,0.024649859943978,0.152941176470588,0.418207282913165,0.402801120448179
4,455,0,0,0,4,75,544,1530,1412,3565,0.0,0.0,0.0,0.001122019635344,0.021037868162693,0.152594670406732,0.429172510518934,0.396072931276297
4,456,0,0,0,1,80,543,1503,1433,3560,0.0,0.0,0.0,0.000280898876404,0.02247191011236,0.15252808988764,0.422191011235955,0.40252808988764
4,457,0,0,0,7,90,526,1468,1464,3555,0.0,0.0,0.0,0.00196905766526,0.025316455696203,0.147960618846695,0.412939521800281,0.411814345991561
4,458,0,0,0,4,76,533,1577,1360,3550,0.0,0.0,0.0,0.00112676056338,0.021408450704225,0.150140845070423,0.444225352112676,0.383098591549296
4,459,0,0,0,4,67,573,1491,1410,3545,0.0,0.0,0.0,0.001128349788434,0.018899858956276,0.16163610719323,0.420592383638928,0.397743300423131
4,460,0,0,0,7,80,521,1518,1414,3540,0.0,0.0,0.0,0.001977401129944,0.022598870056497,0.147175141242938,0.428813559322034,0.399435028248588
4,461,0,0,0,3,89,545,1502,1396,3535,0.0,0.0,0.0,0.000848656294201,0.025176803394625,0.154172560113154,0.424893917963225,0.394908062234795
4,462,0,0,0,5,68,502,1500,1455,3530,0.0,0.0,0.0,0.001416430594901,0.019263456090652,0.142209631728045,0.424929178470255,0.412181303116147
4,463,0,0,0,4,63,555,1524,1379,3525,0.0,0.0,0.0,0.00113475177305,0.017872340425532,0.157446808510638,0.432340425531915,0.391205673758865
4,464,0,0,1,1,73,531,1536,1378,3520,0.0,0.0,0.000284090909091,0.000284090909091,0.020738636363636,0.150852272727273,0.436363636363636,0.391477272727273
4,465,0,1,0,1,67,553,1470,1423,3515,0.0,0.000284495021337,0.0,0.000284495021337,0.019061166429587,0.157325746799431,0.418207681365576,0.404836415362731
4,466,0,0,0,4,75,508,1543,1380,3510,0.0,0.0,0.0,0.001139601139601,0.021367521367521,0.144729344729345,0.43960113960114,0.393162393162393
4,467,0,0,1,4,63,546,1469,1422,3505,0.0,0.0,0.000285306704708,0.00114122681883,0.017974322396576,0.155777460770328,0.419115549215407,0.405706134094151
4,468,0,0,0,3,74,490,1506,1427,3500,0.0,0.0,0.0,0.000857142857143,0.021142857142857,0.14,0.430285714285714,0.407714285714286
4,469,0,0,0,5,77,501,1466,1446,3495,0.0,0.0,0.0,0.001430615164521,0.022031473533619,0.143347639484979,0.419456366237482,0.413733905579399
4,470,0,0,1,5,88,518,1444,1434,3490,0.0,0.0,0.000286532951289,0.001432664756447,0.025214899713467,0.148424068767908,0.413753581661891,0.410888252148997
4,471,0,0,0,7,72,525,1502,1379,3485,0.0,0.0,0.0,0.002008608321377,0.020659971305595,0.1506456241033,0.430989956958393,0.395695839311334
4,472,0,0,0,4,66,505,1522,1383,3480,0.0,0.0,0.0,0.001149425287356,0.018965517241379,0.145114942528736,0.43735632183908,0.397413793103448
4,473,0,0,0,3,84,508,1463,1417,3475,0.0,0.0,0.0,0.000863309352518,0.024172661870504,0.146187050359712,0.421007194244604,0.407769784172662
4,474,0,0,0,5,90,518,1459,1398,3470,0.0,0.0,0.0,0.001440922190202,0.025936599423631,0.149279538904899,0.420461095100865,0.402881844380403
4,475,0,0,0,5,87,500,1460,1413,3465,0.0,0.0,0.0,0.001443001443001,0.025108225108225,0.144300144300144,0.421356421356421,0.407792207792208
4,476,0,0,1,4,84,522,1467,1382,3460,0.0,0.0,0.00028901734104,0.001156069364162,0.024277456647399,0.150867052023121,0.423988439306358,0.399421965317919
4,477,0,0,0,3,73,522,1459,1398,3455,0.0,0.0,0.0,0.000868306801737,0.021128798842258,0.151085383502171,0.422286541244573,0.404630969609262
4,478,0,0,0,7,71,508,1446,1418,3450,0.0,0.0,0.0,0.002028985507246,0.020579710144928,0.147246376811594,0.419130434782609,0.411014492753623
4,479,0,0,0,3,80,528,1473,1361,3445,0.0,0.0,0.0,0.000870827285922,0.02322206095791,0.153265602322206,0.427576197387518,0.395065312046444
4,480,0,0,0,1,73,502,1439,1425,3440,0.0,0.0,0.0,0.000290697674419,0.021220930232558,0.14593023255814,0.418313953488372,0.414244186046512
4,481,0,0,0,7,82,511,1434,1401,3435,0.0,0.0,0.0,0.002037845705968,0.023871906841339,0.148762736535662,0.417467248908297,0.407860262008734
4,482,0,0,0,5,77,494,1417,1437,3430,0.0,0.0,0.0,0.001457725947522,0.022448979591837,0.14402332361516,0.413119533527697,0.418950437317784
4,483,0,0,0,2,70,491,1475,1387,3425,0.0,0.0,0.0,0.000583941605839,0.02043795620438,0.143357664233577,0.430656934306569,0.404963503649635
4,484,0,0,0,5,75,501,1471,1368,3420,0.0,0.0,0.0,0.001461988304094,0.021929824561404,0.146491228070175,0.430116959064328,0.4
4,485,0,0,0,5,76,472,1463,1399,3415,0.0,0.0,0.0,0.001464128843338,0.022254758418741,0.138213762811127,0.428404099560761,0.409663250366032
4,486,0,0,0,6,71,516,1454,1363,3410,0.0,0.0,0.0,0.001759530791789,0.020821114369501,0.151319648093842,0.426392961876833,0.399706744868035
4,487,0,0,0,6,73,509,1431,1386,3405,0.0,0.0,0.0,0.001762114537445,0.02143906020558,0.149486049926579,0.420264317180617,0.40704845814978
4,488,0,0,0,0,69,516,1392,1423,3400,0.0,0.0,0.0,0.0,0.020294117647059,0.151764705882353,0.409411764705882,0.418529411764706
4,489,0,0,0,12,85,508,1416,1374,3395,0.0,0.0,0.0,0.003534609720177,0.025036818851252,0.149631811487482,0.417083946980854,0.404712812960236
4,490,0,0,0,4,77,495,1448,1366,3390,0.0,0.0,0.0,0.00117994100295,0.022713864306785,0.146017699115044,0.427138643067847,0.402949852507375
4,491,0,0,1,4,84,468,1435,1393,3385,0.0,0.0,0.000295420974889,0.001181683899557,0.024815361890694,0.138257016248154,0.423929098966027,0.411521418020679
4,492,0,0,0,5,86,492,1423,1374,3380,0.0,0.0,0.0,0.001479289940828,0.025443786982249,0.145562130177515,0.421005917159763,0.406508875739645
4,493,0,0,0,6,79,486,1439,1365,3375,0.0,0.0,0.0,0.001777777777778,0.023407407407407,0.144,0.42637037037037,0.404444444444444
4,494,0,0,0,5,71,527,1411,1356,3370,0.0,0.0,0.0,0.001483679525223,0.02106824925816,0.156379821958457,0.418694362017804,0.402373887240356
4,495,0,0,0,7,73,494,1406,1385,3365,0.0,0.0,0.0,0.002080237741456,0.021693907875186,0.146805349182764,0.417830609212481,0.411589895988113
4,496,0,0,0,6,77,494,1389,1394,3360,0.0,0.0,0.0,0.001785714285714,0.022916666666667,0.14702380952381,0.413392857142857,0.414880952380952
4,497,0,0,1,7,69,517,1383,1378,3355,0.0,0.0,0.000298062593145,0.002086438152012,0.020566318926975,0.154098360655738,0.412220566318927,0.410730253353204
4,498,0,0,0,4,79,534,1377,1356,3350,0.0,0.0,0.0,0.001194029850746,0.023582089552239,0.159402985074627,0.411044776119403,0.404776119402985
4,499,0,0,0,5,67,513,1370,1390,3345,0.0,0.0,0.0,0.001494768310912,0.020029895366218,0.153363228699552,0.409566517189836,0.415545590433483
4,500,0,0,0,3,71,515,1436,1315,3340,0.0,0.0,0.0,0.000898203592814,0.02125748502994,0.154191616766467,0.429940119760479,0.393712574850299
4,501,0,0,0,4,78,516,1404,1333,3335,0.0,0.0,0.0,0.00119940029985,0.023388305847076,0.15472263868066,0.420989505247376,0.399700149925037
4,502,0,0,0,4,77,474,1397,1378,3330,0.0,0.0,0.0,0.001201201201201,0.023123123123123,0.142342342342342,0.41951951951952,0.413813813813814
4,503,0,0,0,2,84,472,1407,1360,3325,0.0,0.0,0.0,0.000601503759398,0.025263157894737,0.141954887218045,0.423157894736842,0.409022556390977
4,504,0,0,0,2,101,490,1369,1358,3320,0.0,0.0,0.0,0.000602409638554,0.030421686746988,0.147590361445783,0.412349397590361,0.409036144578313
4,505,0,0,0,3,64,490,1396,1362,3315,0.0,0.0,0.0,0.000904977375566,0.019306184012066,0.147812971342383,0.421116138763198,0.410859728506787
4,506,0,0,0,3,78,488,1411,1330,3310,0.0,0.0,0.0,0.000906344410876,0.023564954682779,0.147432024169184,0.426283987915408,0.401812688821752
4,507,0,0,0,5,70,512,1354,1364,3305,0.0,0.0,0.0,0.001512859304085,0.021180030257186,0.154916792738275,0.409682299546142,0.412708018154312
4,508,0,0,0,5,72,522,1407,1294,3300,0.0,0.0,0.0,0.001515151515152,0.021818181818182,0.158181818181818,0.426363636363636,0.392121212121212
4,509,0,0,0,3,87,505,1396,1304,3295,0.0,0.0,0.0,0.000910470409712,0.026403641881639,0.153262518968134,0.423672230652504,0.395751138088012
4,510,0,0,0,2,72,508,1366,1342,3290,0.0,0.0,0.0,0.000607902735562,0.021884498480243,0.154407294832827,0.415197568389058,0.40790273556231
4,511,0,0,0,8,76,497,1353,1351,3285,0.0,0.0,0.0,0.002435312024353,0.023135464231355,0.151293759512938,0.411872146118721,0.411263318112633
4,512,0,0,0,5,73,501,1384,1317,3280,0.0,0.0,0.0,0.001524390243902,0.022256097560976,0.152743902439024,0.421951219512195,0.401524390243902
4,513,0,0,0,6,63,502,1354,1350,3275,0.0,0.0,0.0,0.001832061068702,0.019236641221374,0.153282442748092,0.413435114503817,0.412213740458015
4,514,0,0,0,2,91,472,1365,1340,3270,0.0,0.0,0.0,0.000611620795107,0.02782874617737,0.14434250764526,0.41743119266055,0.409785932721713
4,515,0,0,0,4,70,470,1442,1279,3265,0.0,0.0,0.0,0.001225114854518,0.021439509954058,0.143950995405819,0.441653905053599,0.391730474732006
4,516,0,0,0,5,67,496,1358,1334,3260,0.0,0.0,0.0,0.001533742331288,0.020552147239264,0.152147239263804,0.416564417177914,0.40920245398773
4,517,0,0,0,3,58,489,1390,1315,3255,0.0,0.0,0.0,0.000921658986175,0.017818740399386,0.150230414746544,0.427035330261137,0.403993855606759
4,518,0,0,0,4,75,510,1368,1293,3250,0.0,0.0,0.0,0.001230769230769,0.023076923076923,0.156923076923077,0.420923076923077,0.397846153846154
4,519,0,0,0,9,72,426,1391,1347,3245,0.0,0.0,0.0,0.002773497688752,0.022187981510015,0.131278890600924,0.428659476117103,0.415100154083205
4,520,0,0,0,4,64,519,1375,1278,3240,0.0,0.0,0.0,0.001234567901235,0.019753086419753,0.160185185185185,0.424382716049383,0.394444444444444
4,521,0,0,0,5,65,510,1361,1294,3235,0.0,0.0,0.0,0.001545595054096,0.020092735703246,0.157650695517774,0.420710973724884,0.4
4,522,0,0,0,4,71,508,1342,1305,3230,0.0,0.0,0.0,0.001238390092879,0.021981424148607,0.157275541795666,0.415479876160991,0.404024767801858
4,523,0,0,0,3,64,496,1387,1275,3225,0.0,0.0,0.0,0.00093023255814,0.01984496124031,0.153798449612403,0.430077519379845,0.395348837209302
4,524,0,0,0,6,71,481,1380,1282,3220,0.0,0.0,0.0,0.001863354037267,0.022049689440994,0.149378881987578,0.428571428571429,0.398136645962733
4,525,0,0,0,5,78,501,1368,1263,3215,0.0,0.0,0.0,0.001555209953344,0.024261275272162,0.155832037325039,0.425505443234837,0.392846034214619
4,526,0,0,0,5,78,484,1399,1244,3210,0.0,0.0,0.0,0.001557632398754,0.024299065420561,0.150778816199377,0.43582554517134,0.387538940809969
4,527,0,0,0,6,58,495,1331,1315,3205,0.0,0.0,0.0,0.001872074882995,0.018096723868955,0.154446177847114,0.415288611544462,0.410296411856474
4,528,0,0,0,6,71,513,1348,1262,3200,0.0,0.0,0.0,0.001875,0.0221875,0.1603125,0.42125,0.394375
4,529,0,0,0,5,68,492,1305,1325,3195,0.0,0.0,0.0,0.001564945226917,0.021283255086072,0.153990610328639,0.408450704225352,0.41471048513302
4,530,0,0,0,3,64,523,1322,1278,3190,0.0,0.0,0.0,0.000940438871473,0.020062695924765,0.163949843260188,0.414420062695925,0.400626959247649
4,531,0,0,1,5,84,459,1328,1308,3185,0.0,0.0,0.000313971742543,0.001569858712716,0.026373626373626,0.144113029827316,0.416954474097331,0.410675039246468
4,532,0,0,0,4,83,498,1346,1249,3180,0.0,0.0,0.0,0.00125786163522,0.026100628930818,0.156603773584906,0.423270440251572,0.392767295597484
4,533,0,0,0,4,72,469,1389,1241,3175,0.0,0.0,0.0,0.001259842519685,0.022677165354331,0.147716535433071,0.43748031496063,0.390866141732283
4,534,0,0,0,5,75,464,1324,1302,3170,0.0,0.0,0.0,0.001577287066246,0.023659305993691,0.146372239747634,0.417665615141956,0.410725552050473
4,535,0,0,1,3,68,461,1355,1277,3165,0.0,0.0,0.000315955766193,0.000947867298578,0.021484992101106,0.14565560821485,0.428120063191153,0.40347551342812
4,536,0,0,0,2,70,468,1384,1236,3160,0.0,0.0,0.0,0.000632911392405,0.022151898734177,0.148101265822785,0.437974683544304,0.391139240506329
4,537,0,0,0,9,66,493,1334,1253,3155,0.0,0.0,0.0,0.002852614896989,0.020919175911252,0.156259904912837,0.422820919175911,0.397147385103011
4,538,0,0,1,5,60,485,1353,1246,3150,0.0,0.0,0.00031746031746,0.001587301587302,0.019047619047619,0.153968253968254,0.42952380952381,0.395555555555556
4,539,0,0,0,7,69,489,1286,1294,3145,0.0,0.0,0.0,0.002225755166932,0.021939586645469,0.155484896661367,0.408903020667727,0.411446740858506
4,540,0,0,0,2,51,496,1341,1250,3140,0.0,0.0,0.0,0.000636942675159,0.016242038216561,0.15796178343949,0.427070063694268,0.398089171974522
4,541,0,0,0,4,63,441,1340,1287,3135,0.0,0.0,0.0,0.001275917065391,0.020095693779904,0.14066985645933,0.427432216905901,0.410526315789474
4,542,0,0,0,2,63,455,1360,1250,3130,0.0,0.0,0.0,0.000638977635783,0.020127795527157,0.145367412140575,0.434504792332268,0.399361022364217
4,543,0,0,0,3,64,481,1302,1275,3125,0.0,0.0,0.0,0.00096,0.02048,0.15392,0.41664,0.408
4,544,0,0,0,5,65,448,1338,1264,3120,0.0,0.0,0.0,0.001602564102564,0.020833333333333,0.143589743589744,0.428846153846154,0.405128205128205
4,545,0,0,0,6,72,488,1313,1236,3115,0.0,0.0,0.0,0.001926163723917,0.023113964686998,0.156661316211878,0.421508828250401,0.396789727126806
4,546,0,0,0,6,67,452,1316,1269,3110,0.0,0.0,0.0,0.001929260450161,0.021543408360129,0.145337620578778,0.423151125401929,0.408038585209003
4,547,0,0,0,4,74,481,1345,1201,3105,0.0,0.0,0.0,0.001288244766506,0.023832528180354,0.154911433172303,0.43317230273752,0.386795491143317
4,548,0,0,0,2,76,444,1289,1289,3100,0.0,0.0,0.0,0.000645161290323,0.024516129032258,0.143225806451613,0.415806451612903,0.415806451612903
4,549,0,0,0,3,61,491,1287,1253,3095,0.0,0.0,0.0,0.000969305331179,0.019709208400646,0.158642972536349,0.415831987075929,0.404846526655897
4,550,0,0,0,9,62,483,1261,1275,3090,0.0,0.0,0.0,0.002912621359223,0.020064724919094,0.15631067961165,0.408090614886731,0.412621359223301
4,551,0,0,0,4,57,490,1333,1201,3085,0.0,0.0,0.0,0.00129659643436,0.018476499189627,0.158833063209076,0.432090761750405,0.389303079416532
4,552,0,0,0,2,75,485,1302,1216,3080,0.0,0.0,0.0,0.000649350649351,0.024350649350649,0.157467532467532,0.422727272727273,0.394805194805195
4,553,0,0,0,3,62,438,1276,1296,3075,0.0,0.0,0.0,0.000975609756098,0.020162601626016,0.142439024390244,0.414959349593496,0.421463414634146
4,554,0,0,0,3,72,463,1308,1224,3070,0.0,0.0,0.0,0.000977198697068,0.023452768729642,0.150814332247557,0.426058631921824,0.398697068403909
4,555,0,0,0,4,71,450,1313,1227,3065,0.0,0.0,0.0,0.001305057096248,0.023164763458401,0.146818923327896,0.428384991843393,0.400326264274062
4,556,0,0,1,3,66,442,1329,1219,3060,0.0,0.0,0.000326797385621,0.000980392156863,0.02156862745098,0.144444444444444,0.434313725490196,0.398366013071895
4,557,0,0,0,2,59,455,1349,1190,3055,0.0,0.0,0.0,0.000654664484452,0.019312602291326,0.148936170212766,0.441571194762684,0.389525368248772
4,558,0,0,0,5,72,434,1310,1229,3050,0.0,0.0,0.0,0.001639344262295,0.023606557377049,0.142295081967213,0.429508196721311,0.402950819672131
4,559,0,0,0,4,63,437,1289,1252,3045,0.0,0.0,0.0,0.001313628899836,0.020689655172414,0.143513957307061,0.423316912972085,0.411165845648604
4,560,0,0,0,5,70,474,1274,1217,3040,0.0,0.0,0.0,0.001644736842105,0.023026315789474,0.155921052631579,0.419078947368421,0.400328947368421
4,561,0,0,0,4,72,469,1239,1251,3035,0.0,0.0,0.0,0.001317957166392,0.023723228995058,0.154530477759473,0.408237232289951,0.412191103789127
4,562,0,0,0,5,58,493,1255,1219,3030,0.0,0.0,0.0,0.001650165016502,0.019141914191419,0.162706270627063,0.414191419141914,0.402310231023102
4,563,0,0,0,0,67,472,1259,1227,3025,0.0,0.0,0.0,0.0,0.022148760330579,0.15603305785124,0.416198347107438,0.405619834710744
4,564,0,0,0,7,62,455,1214,1282,3020,0.0,0.0,0.0,0.002317880794702,0.020529801324503,0.150662251655629,0.401986754966887,0.424503311258278
4,565,0,0,0,4,66,427,1294,1224,3015,0.0,0.0,0.0,0.001326699834163,0.021890547263682,0.141625207296849,0.429187396351575,0.405970149253731
4,566,0,0,0,3,62,475,1306,1164,3010,0.0,0.0,0.0,0.000996677740864,0.020598006644518,0.1578073089701,0.433887043189369,0.386710963455149
4,567,0,0,0,3,52,466,1258,1226,3005,0.0,0.0,0.0,0.000998336106489,0.017304492512479,0.155074875207987,0.418635607321131,0.407986688851913
4,568,0,0,0,4,78,449,1291,1178,3000,0.0,0.0,0.0,0.001333333333333,0.026,0.149666666666667,0.430333333333333,0.392666666666667
4,569,0,0,0,5,57,467,1253,1213,2995,0.0,0.0,0.0,0.001669449081803,0.019031719532554,0.155926544240401,0.418363939899833,0.405008347245409
4,570,0,0,0,3,63,431,1292,1201,2990,0.0,0.0,0.0,0.001003344481605,0.021070234113712,0.144147157190635,0.432107023411371,0.401672240802676
4,571,0,0,0,3,74,480,1221,1207,2985,0.0,0.0,0.0,0.001005025125628,0.024790619765494,0.160804020100503,0.409045226130653,0.404355108877722
4,572,0,0,0,3,59,437,1280,1201,2980,0.0,0.0,0.0,0.001006711409396,0.019798657718121,0.146644295302013,0.429530201342282,0.403020134228188
4,573,0,0,0,3,86,449,1249,1188,2975,0.0,0.0,0.0,0.001008403361345,0.02890756302521,0.150924369747899,0.419831932773109,0.399327731092437
4,574,0,0,0,3,46,451,1279,1191,2970,0.0,0.0,0.0,0.001010101010101,0.015488215488215,0.151851851851852,0.430639730639731,0.401010101010101
4,575,0,0,0,4,68,415,1317,1161,2965,0.0,0.0,0.0,0.001349072512648,0.022934232715008,0.139966273187184,0.444182124789207,0.391568296795953
4,576,0,0,1,6,65,438,1278,1172,2960,0.0,0.0,0.000337837837838,0.002027027027027,0.021959459459459,0.147972972972973,0.431756756756757,0.395945945945946
4,577,0,0,0,6,67,435,1279,1168,2955,0.0,0.0,0.0,0.002030456852792,0.022673434856176,0.147208121827411,0.432825719120135,0.395262267343486
4,578,0,0,0,5,58,407,1262,1218,2950,0.0,0.0,0.0,0.001694915254237,0.019661016949153,0.137966101694915,0.427796610169491,0.412881355932203
4,579,0,0,0,5,66,447,1227,1200,2945,0.0,0.0,0.0,0.00169779286927,0.022410865874363,0.151782682512733,0.416638370118846,0.407470288624788
4,580,0,0,0,7,74,429,1231,1199,2940,0.0,0.0,0.0,0.002380952380952,0.025170068027211,0.145918367346939,0.418707482993197,0.407823129251701
4,581,0,0,0,8,65,472,1192,1198,2935,0.0,0.0,0.0,0.002725724020443,0.022146507666099,0.160817717206133,0.406132879045997,0.408177172061329
4,582,0,0,0,3,58,417,1270,1182,2930,0.0,0.0,0.0,0.001023890784983,0.019795221843003,0.142320819112628,0.433447098976109,0.403412969283276
4,583,0,0,0,5,54,442,1264,1160,2925,0.0,0.0,0.0,0.001709401709402,0.018461538461538,0.151111111111111,0.432136752136752,0.396581196581197
4,584,0,0,1,0,72,442,1266,1139,2920,0.0,0.0,0.000342465753425,0.0,0.024657534246575,0.151369863013699,0.433561643835616,0.390068493150685
4,585,0,0,0,6,59,435,1247,1168,2915,0.0,0.0,0.0,0.002058319039451,0.020240137221269,0.149228130360206,0.42778730703259,0.400686106346484
4,586,0,0,0,3,69,449,1192,1197,2910,0.0,0.0,0.0,0.001030927835052,0.023711340206186,0.154295532646048,0.409621993127148,0.411340206185567
4,587,0,0,0,8,80,437,1202,1178,2905,0.0,0.0,0.0,0.002753872633391,0.027538726333907,0.150430292598967,0.413769363166954,0.405507745266781
4,588,0,0,0,4,58,420,1191,1227,2900,0.0,0.0,0.0,0.001379310344828,0.02,0.144827586206897,0.410689655172414,0.423103448275862
4,589,0,0,0,2,52,431,1236,1174,2895,0.0,0.0,0.0,0.000690846286701,0.017962003454231,0.148877374784111,0.426943005181347,0.40552677029361
4,590,0,0,0,5,72,452,1198,1163,2890,0.0,0.0,0.0,0.001730103806228,0.024913494809689,0.156401384083045,0.414532871972318,0.40242214532872
4,591,0,0,0,2,67,426,1261,1129,2885,0.0,0.0,0.0,0.000693240901213,0.023223570190641,0.147660311958406,0.437088388214905,0.391334488734835
4,592,0,0,0,2,64,444,1209,1161,2880,0.0,0.0,0.0,0.000694444444444,0.022222222222222,0.154166666666667,0.419791666666667,0.403125
4,593,0,0,0,5,67,404,1196,1203,2875,0.0,0.0,0.0,0.001739130434783,0.023304347826087,0.140521739130435,0.416,0.418434782608696
4,594,0,0,0,3,55,433,1217,1162,2870,0.0,0.0,0.0,0.001045296167247,0.019163763066202,0.150871080139373,0.42404181184669,0.404878048780488
4,595,0,0,0,2,75,426,1216,1146,2865,0.0,0.0,0.0,0.000698080279232,0.026178010471204,0.14869109947644,0.424432809773124,0.4
4,596,0,0,0,3,77,424,1209,1147,2860,0.0,0.0,0.0,0.001048951048951,0.026923076923077,0.148251748251748,0.422727272727273,0.401048951048951
4,597,0,0,0,4,68,440,1213,1130,2855,0.0,0.0,0.0,0.001401050788091,0.023817863397548,0.154115586690018,0.424868651488616,0.395796847635727
4,598,0,0,0,5,73,428,1189,1155,2850,0.0,0.0,0.0,0.001754385964912,0.025614035087719,0.150175438596491,0.41719298245614,0.405263157894737
4,599,0,0,0,2,58,407,1239,1139,2845,0.0,0.0,0.0,0.000702987697715,0.020386643233743,0.143057996485062,0.435500878734622,0.400351493848858
4,600,0,0,0,3,62,411,1201,1163,2840,0.0,0.0,0.0,0.001056338028169,0.021830985915493,0.144718309859155,0.422887323943662,0.409507042253521
4,601,0,0,0,7,54,409,1190,1175,2835,0.0,0.0,0.0,0.002469135802469,0.019047619047619,0.144268077601411,0.419753086419753,0.414462081128748
4,602,0,0,0,5,55,404,1216,1150,2830,0.0,0.0,0.0,0.001766784452297,0.019434628975265,0.142756183745583,0.429681978798587,0.406360424028269
4,603,0,0,0,4,60,424,1164,1173,2825,0.0,0.0,0.0,0.00141592920354,0.021238938053097,0.150088495575221,0.412035398230089,0.415221238938053
4,604,0,0,0,2,65,436,1154,1163,2820,0.0,0.0,0.0,0.000709219858156,0.023049645390071,0.154609929078014,0.409219858156028,0.412411347517731
4,605,0,0,0,4,67,399,1151,1194,2815,0.0,0.0,0.0,0.001420959147425,0.023801065719361,0.141740674955595,0.408880994671403,0.424156305506217
4,606,0,0,0,2,60,421,1141,1186,2810,0.0,0.0,0.0,0.000711743772242,0.02135231316726,0.14982206405694,0.406049822064057,0.422064056939502
4,607,0,0,0,4,71,455,1161,1114,2805,0.0,0.0,0.0,0.001426024955437,0.025311942959002,0.162210338680927,0.413903743315508,0.397147950089127
4,608,0,0,0,2,67,440,1198,1093,2800,0.0,0.0,0.0,0.000714285714286,0.023928571428571,0.157142857142857,0.427857142857143,0.390357142857143
4,609,0,0,0,1,70,426,1190,1108,2795,0.0,0.0,0.0,0.000357781753131,0.025044722719141,0.152415026833631,0.425760286225403,0.396422182468694
4,610,0,0,0,1,55,419,1154,1161,2790,0.0,0.0,0.0,0.000358422939068,0.019713261648746,0.150179211469534,0.413620071684588,0.416129032258065
4,611,0,0,0,1,30,431,1213,1110,2785,0.0,0.0,0.0,0.000359066427289,0.010771992818671,0.15475763016158,0.435547576301616,0.398563734290844
4,612,0,0,0,4,50,418,1134,1174,2780,0.0,0.0,0.0,0.001438848920863,0.017985611510791,0.150359712230216,0.407913669064748,0.422302158273381
4,613,0,0,0,2,63,392,1139,1179,2775,0.0,0.0,0.0,0.000720720720721,0.022702702702703,0.141261261261261,0.41045045045045,0.424864864864865
4,614,0,0,0,4,50,399,1196,1121,2770,0.0,0.0,0.0,0.0014440433213,0.018050541516245,0.144043321299639,0.431768953068592,0.404693140794224
4,615,0,0,0,2,55,406,1180,1122,2765,0.0,0.0,0.0,0.000723327305606,0.019891500904159,0.146835443037975,0.426763110307414,0.405786618444846
4,616,0,0,0,3,63,395,1200,1099,2760,0.0,0.0,0.0,0.001086956521739,0.022826086956522,0.143115942028986,0.434782608695652,0.398188405797101
4,617,0,0,0,4,65,404,1186,1096,2755,0.0,0.0,0.0,0.001451905626134,0.023593466424682,0.146642468239564,0.43049001814882,0.397822141560799
4,618,0,0,0,4,60,405,1169,1112,2750,0.0,0.0,0.0,0.001454545454545,0.021818181818182,0.147272727272727,0.425090909090909,0.404363636363636
4,619,0,0,0,3,59,405,1148,1130,2745,0.0,0.0,0.0,0.001092896174863,0.021493624772313,0.147540983606557,0.418214936247723,0.411657559198543
4,620,0,0,0,2,56,403,1123,1156,2740,0.0,0.0,0.0,0.000729927007299,0.02043795620438,0.147080291970803,0.40985401459854,0.421897810218978
4,621,0,0,0,2,64,401,1158,1110,2735,0.0,0.0,0.0,0.00073126142596,0.023400365630713,0.146617915904936,0.423400365630713,0.405850091407678
4,622,0,0,0,4,70,426,1077,1153,2730,0.0,0.0,0.0,0.001465201465201,0.025641025641026,0.156043956043956,0.394505494505494,0.422344322344322
4,623,0,0,0,2,63,383,1148,1129,2725,0.0,0.0,0.0,0.000733944954128,0.023119266055046,0.140550458715596,0.421284403669725,0.414311926605505
4,624,0,0,1,2,49,396,1180,1092,2720,0.0,0.0,0.000367647058824,0.000735294117647,0.018014705882353,0.145588235294118,0.433823529411765,0.401470588235294
4,625,0,0,0,8,64,402,1176,1065,2715,0.0,0.0,0.0,0.002946593001842,0.023572744014733,0.148066298342541,0.433149171270718,0.392265193370166
4,626,0,0,0,4,56,399,1151,1100,2710,0.0,0.0,0.0,0.001476014760148,0.020664206642066,0.147232472324723,0.424723247232472,0.40590405904059
4,627,0,0,0,3,63,446,1111,1082,2705,0.0,0.0,0.0,0.001109057301294,0.023290203327172,0.164879852125693,0.410720887245841,0.4
4,628,0,0,0,2,66,402,1164,1066,2700,0.0,0.0,0.0,0.000740740740741,0.024444444444444,0.148888888888889,0.431111111111111,0.394814814814815
4,629,0,0,0,4,50,381,1133,1127,2695,0.0,0.0,0.0,0.001484230055659,0.018552875695733,0.141372912801484,0.420408163265306,0.418181818181818
4,630,0,0,0,5,58,376,1157,1094,2690,0.0,0.0,0.0,0.00185873605948,0.021561338289963,0.139776951672862,0.430111524163569,0.406691449814126
4,631,0,0,0,2,63,403,1119,1098,2685,0.0,0.0,0.0,0.000744878957169,0.023463687150838,0.150093109869646,0.416759776536313,0.408938547486034
4,632,0,0,0,2,54,409,1147,1068,2680,0.0,0.0,0.0,0.000746268656716,0.020149253731343,0.152611940298507,0.427985074626866,0.398507462686567
4,633,0,0,0,5,62,396,1195,1017,2675,0.0,0.0,0.0,0.001869158878505,0.023177570093458,0.14803738317757,0.446728971962617,0.38018691588785
4,634,0,0,0,4,66,415,1148,1037,2670,0.0,0.0,0.0,0.001498127340824,0.024719101123596,0.155430711610487,0.429962546816479,0.388389513108614
4,635,0,0,0,2,56,409,1046,1152,2665,0.0,0.0,0.0,0.000750469043152,0.021013133208255,0.153470919324578,0.39249530956848,0.432270168855535
4,636,0,0,0,1,63,387,1117,1092,2660,0.0,0.0,0.0,0.000375939849624,0.023684210526316,0.145488721804511,0.419924812030075,0.410526315789474
4,637,0,0,0,4,51,412,1131,1057,2655,0.0,0.0,0.0,0.0015065913371,0.019209039548023,0.155178907721281,0.425988700564972,0.398116760828625
4,638,0,0,0,4,42,410,1139,1055,2650,0.0,0.0,0.0,0.001509433962264,0.015849056603774,0.154716981132075,0.429811320754717,0.39811320754717
4,639,0,0,0,7,62,378,1113,1085,2645,0.0,0.0,0.0,0.002646502835539,0.0234404536862,0.142911153119093,0.420793950850662,0.410207939508507
4,640,0,0,0,3,53,351,1132,1101,2640,0.0,0.0,0.0,0.001136363636364,0.020075757575758,0.132954545454545,0.428787878787879,0.417045454545455
4,641,0,0,0,3,65,402,1101,1064,2635,0.0,0.0,0.0,0.001138519924099,0.024667931688805,0.152561669829222,0.417836812144213,0.403795066413662
4,642,0,0,0,2,70,387,1120,1051,2630,0.0,0.0,0.0,0.000760456273764,0.026615969581749,0.147148288973384,0.425855513307985,0.399619771863118
4,643,0,0,0,4,54,417,1093,1057,2625,0.0,0.0,0.0,0.00152380952381,0.020571428571429,0.158857142857143,0.416380952380952,0.402666666666667
4,644,0,0,0,5,56,396,1112,1051,2620,0.0,0.0,0.0,0.001908396946565,0.021374045801527,0.151145038167939,0.424427480916031,0.401145038167939
4,645,0,0,0,2,54,405,1113,1041,2615,0.0,0.0,0.0,0.000764818355641,0.020650095602294,0.154875717017208,0.425621414913958,0.398087954110899
4,646,0,0,0,3,58,385,1133,1031,2610,0.0,0.0,0.0,0.001149425287356,0.022222222222222,0.147509578544061,0.434099616858238,0.395019157088123
4,647,0,0,0,3,61,379,1108,1054,2605,0.0,0.0,0.0,0.001151631477927,0.02341650671785,0.145489443378119,0.425335892514395,0.404606525911708
4,648,0,0,0,3,47,380,1073,1097,2600,0.0,0.0,0.0,0.001153846153846,0.018076923076923,0.146153846153846,0.412692307692308,0.421923076923077
4,649,0,0,0,1,54,374,1163,1003,2595,0.0,0.0,0.0,0.000385356454721,0.020809248554913,0.144123314065511,0.448169556840077,0.386512524084778
4,650,0,0,0,4,53,385,1072,1076,2590,0.0,0.0,0.0,0.001544401544402,0.02046332046332,0.148648648648649,0.413899613899614,0.415444015444015
4,651,0,0,0,4,69,388,1073,1051,2585,0.0,0.0,0.0,0.001547388781431,0.026692456479691,0.150096711798839,0.415087040618956,0.406576402321083
4,652,0,0,0,6,58,389,1115,1012,2580,0.0,0.0,0.0,0.002325581395349,0.022480620155039,0.15077519379845,0.432170542635659,0.392248062015504
4,653,0,0,0,2,60,395,1060,1058,2575,0.0,0.0,0.0,0.000776699029126,0.023300970873786,0.153398058252427,0.411650485436893,0.410873786407767
4,654,0,0,0,0,51,369,1121,1029,2570,0.0,0.0,0.0,0.0,0.019844357976654,0.143579766536965,0.436186770428016,0.400389105058366
4,655,0,0,0,2,64,355,1119,1025,2565,0.0,0.0,0.0,0.000779727095517,0.02495126705653,0.138401559454191,0.43625730994152,0.399610136452242
4,656,0,0,0,2,54,378,1103,1023,2560,0.0,0.0,0.0,0.00078125,0.02109375,0.14765625,0.430859375,0.399609375
4,657,0,0,1,1,61,381,1075,1036,2555,0.0,0.0,0.000391389432485,0.000391389432485,0.023874755381605,0.149119373776908,0.420743639921722,0.405479452054795
4,658,0,0,0,2,51,387,1126,984,2550,0.0,0.0,0.0,0.00078431372549,0.02,0.151764705882353,0.44156862745098,0.385882352941176
4,659,0,0,1,2,62,376,1087,1017,2545,0.0,0.0,0.000392927308448,0.000785854616896,0.024361493123772,0.147740667976424,0.427111984282908,0.399607072691552
4,660,0,0,0,4,46,355,1120,1015,2540,0.0,0.0,0.0,0.001574803149606,0.018110236220472,0.139763779527559,0.440944881889764,0.399606299212598
4,661,0,0,0,1,45,383,1049,1057,2535,0.0,0.0,0.0,0.000394477317554,0.017751479289941,0.151084812623274,0.413806706114398,0.416962524654832
4,662,0,0,0,7,44,369,1078,1032,2530,0.0,0.0,0.0,0.002766798418972,0.017391304347826,0.145849802371541,0.426086956521739,0.407905138339921
4,663,0,0,0,5,49,387,1035,1049,2525,0.0,0.0,0.0,0.001980198019802,0.019405940594059,0.153267326732673,0.40990099009901,0.415445544554455
4,664,0,0,1,6,66,359,1068,1020,2520,0.0,0.0,0.000396825396825,0.002380952380952,0.026190476190476,0.142460317460317,0.423809523809524,0.404761904761905
4,665,0,0,0,4,54,361,1083,1013,2515,0.0,0.0,0.0,0.001590457256461,0.021471172962227,0.143538767395626,0.430616302186879,0.402783300198807
4,666,0,0,0,4,56,372,1099,979,2510,0.0,0.0,0.0,0.001593625498008,0.022310756972112,0.148207171314741,0.437848605577689,0.39003984063745
4,667,0,0,1,1,53,405,1009,1036,2505,0.0,0.0,0.000399201596806,0.000399201596806,0.021157684630739,0.161676646706587,0.402794411177645,0.413572854291417
4,668,0,0,0,5,43,389,1081,982,2500,0.0,0.0,0.0,0.002,0.0172,0.1556,0.4324,0.3928
4,669,0,0,0,2,50,358,1048,1037,2495,0.0,0.0,0.0,0.000801603206413,0.020040080160321,0.143486973947896,0.420040080160321,0.41563126252505
4,670,0,0,0,7,58,357,1032,1036,2490,0.0,0.0,0.0,0.00281124497992,0.023293172690763,0.143373493975904,0.414457831325301,0.416064257028112
4,671,0,0,0,3,58,377,1070,977,2485,0.0,0.0,0.0,0.001207243460765,0.023340040241449,0.151710261569416,0.430583501006036,0.393158953722334
4,672,0,0,0,2,43,399,1047,989,2480,0.0,0.0,0.0,0.000806451612903,0.017338709677419,0.160887096774194,0.422177419354839,0.398790322580645
4,673,0,0,0,3,66,362,1068,976,2475,0.0,0.0,0.0,0.001212121212121,0.026666666666667,0.146262626262626,0.431515151515152,0.394343434343434
4,674,0,0,0,1,52,361,1064,992,2470,0.0,0.0,0.0,0.000404858299595,0.021052631578947,0.146153846153846,0.430769230769231,0.401619433198381
4,675,0,0,0,4,53,349,1050,1009,2465,0.0,0.0,0.0,0.001622718052738,0.021501014198783,0.14158215010142,0.425963488843813,0.409330628803245
4,676,0,0,0,5,41,371,1064,979,2460,0.0,0.0,0.0,0.002032520325203,0.016666666666667,0.150813008130081,0.432520325203252,0.397967479674797
4,677,0,0,0,5,42,344,1057,1007,2455,0.0,0.0,0.0,0.0020366598778,0.017107942973523,0.140122199592668,0.430549898167006,0.410183299389002
4,678,0,0,0,2,59,380,1027,982,2450,0.0,0.0,0.0,0.000816326530612,0.024081632653061,0.155102040816327,0.419183673469388,0.400816326530612
4,679,0,0,0,5,48,351,1015,1026,2445,0.0,0.0,0.0,0.002044989775051,0.019631901840491,0.143558282208589,0.415132924335378,0.419631901840491
4,680,0,0,0,3,68,352,1019,998,2440,0.0,0.0,0.0,0.001229508196721,0.027868852459016,0.144262295081967,0.417622950819672,0.409016393442623
4,681,0,0,0,2,60,350,1021,1002,2435,0.0,0.0,0.0,0.00082135523614,0.024640657084189,0.143737166324435,0.419301848049281,0.411498973305955
4,682,0,0,0,0,53,346,1000,1031,2430,0.0,0.0,0.0,0.0,0.021810699588477,0.14238683127572,0.411522633744856,0.424279835390946
4,683,0,0,0,1,68,359,1024,973,2425,0.0,0.0,0.0,0.000412371134021,0.028041237113402,0.148041237113402,0.422268041237113,0.401237113402062
4,684,0,0,0,4,47,393,1008,968,2420,0.0,0.0,0.0,0.001652892561983,0.019421487603306,0.162396694214876,0.416528925619835,0.4
4,685,0,0,0,4,57,344,1034,976,2415,0.0,0.0,0.0,0.001656314699793,0.02360248447205,0.142443064182195,0.42815734989648,0.404140786749482
4,686,0,0,0,1,49,346,1010,1004,2410,0.0,0.0,0.0,0.000414937759336,0.020331950207469,0.14356846473029,0.419087136929461,0.416597510373444
4,687,0,0,0,4,51,358,1011,981,2405,0.0,0.0,0.0,0.001663201663202,0.021205821205821,0.148856548856549,0.42037422037422,0.407900207900208
4,688,0,0,0,1,57,381,977,984,2400,0.0,0.0,0.0,0.000416666666667,0.02375,0.15875,0.407083333333333,0.41
4,689,0,0,0,0,57,318,1028,992,2395,0.0,0.0,0.0,0.0,0.023799582463466,0.132776617954071,0.429227557411273,0.41419624217119
4,690,0,0,0,3,48,331,1037,971,2390,0.0,0.0,0.0,0.001255230125523,0.020083682008368,0.138493723849372,0.433891213389121,0.406276150627615
4,691,0,0,0,1,51,352,1008,973,2385,0.0,0.0,0.0,0.00041928721174,0.021383647798742,0.147589098532495,0.422641509433962,0.407966457023061
4,692,0,0,0,3,53,372,991,961,2380,0.0,0.0,0.0,0.001260504201681,0.022268907563025,0.156302521008403,0.416386554621849,0.403781512605042
4,693,0,0,0,2,55,302,1061,955,2375,0.0,0.0,0.0,0.000842105263158,0.023157894736842,0.127157894736842,0.446736842105263,0.402105263157895
4,694,0,0,0,6,53,375,976,960,2370,0.0,0.0,0.0,0.00253164556962,0.022362869198312,0.158227848101266,0.411814345991561,0.405063291139241
4,695,0,0,0,10,51,341,1016,947,2365,0.0,0.0,0.0,0.004228329809725,0.021564482029598,0.144186046511628,0.429598308668076,0.400422832980973
4,696,0,0,0,5,51,363,1016,925,2360,0.0,0.0,0.0,0.002118644067797,0.021610169491525,0.153813559322034,0.430508474576271,0.391949152542373
4,697,0,0,0,4,56,310,1005,980,2355,0.0,0.0,0.0,0.001698513800425,0.023779193205945,0.131634819532909,0.426751592356688,0.416135881104034
4,698,0,0,0,3,58,340,1070,879,2350,0.0,0.0,0.0,0.001276595744681,0.02468085106383,0.14468085106383,0.45531914893617,0.374042553191489
4,699,0,0,0,4,50,317,983,991,2345,0.0,0.0,0.0,0.001705756929638,0.021321961620469,0.135181236673774,0.419189765458422,0.422601279317697
4,700,0,1,0,4,58,350,985,942,2340,0.0,0.00042735042735,0.0,0.001709401709402,0.024786324786325,0.14957264957265,0.420940170940171,0.402564102564103
4,701,0,0,0,2,54,345,1032,902,2335,0.0,0.0,0.0,0.000856531049251,0.023126338329764,0.147751605995717,0.441970021413276,0.386295503211991
4,702,0,0,1,2,48,351,1037,891,2330,0.0,0.0,0.000429184549356,0.000858369098712,0.020600858369099,0.150643776824034,0.445064377682403,0.382403433476395
4,703,0,0,0,5,46,360,992,922,2325,0.0,0.0,0.0,0.002150537634409,0.019784946236559,0.154838709677419,0.426666666666667,0.396559139784946
4,704,0,0,0,5,46,321,981,967,2320,0.0,0.0,0.0,0.002155172413793,0.019827586206897,0.138362068965517,0.422844827586207,0.416810344827586
4,705,0,0,0,1,49,349,976,940,2315,0.0,0.0,0.0,0.000431965442765,0.021166306695464,0.150755939524838,0.421598272138229,0.406047516198704
4,706,0,0,1,4,61,321,968,955,2310,0.0,0.0,0.0004329004329,0.001731601731602,0.026406926406926,0.138961038961039,0.419047619047619,0.413419913419913
4,707,0,0,0,0,39,334,967,965,2305,0.0,0.0,0.0,0.0,0.016919739696312,0.144902386117137,0.419522776572668,0.418655097613883
4,708,0,0,0,3,66,352,953,926,2300,0.0,0.0,0.0,0.001304347826087,0.028695652173913,0.15304347826087,0.414347826086957,0.402608695652174
4,709,0,0,0,3,56,343,972,921,2295,0.0,0.0,0.0,0.001307189542484,0.024400871459695,0.149455337690632,0.423529411764706,0.401307189542484
4,710,0,0,0,0,45,316,993,936,2290,0.0,0.0,0.0,0.0,0.019650655021834,0.137991266375546,0.433624454148472,0.408733624454148
4,711,0,0,0,2,42,335,945,961,2285,0.0,0.0,0.0,0.000875273522976,0.018380743982495,0.146608315098468,0.413566739606127,0.420568927789934
4,712,0,0,0,2,37,354,975,912,2280,0.0,0.0,0.0,0.000877192982456,0.016228070175439,0.155263157894737,0.427631578947368,0.4
4,713,0,0,0,3,53,296,939,984,2275,0.0,0.0,0.0,0.001318681318681,0.023296703296703,0.13010989010989,0.412747252747253,0.432527472527473
4,714,0,0,0,1,43,332,978,916,2270,0.0,0.0,0.0,0.000440528634361,0.018942731277533,0.14625550660793,0.430837004405286,0.40352422907489
4,715,0,0,0,1,50,357,968,889,2265,0.0,0.0,0.0,0.000441501103753,0.022075055187638,0.157615894039735,0.427373068432671,0.392494481236203
4,716,0,0,0,5,50,342,982,881,2260,0.0,0.0,0.0,0.002212389380531,0.02212389380531,0.151327433628319,0.434513274336283,0.389823008849558
4,717,0,0,0,2,57,360,949,887,2255,0.0,0.0,0.0,0.000886917960089,0.025277161862528,0.159645232815965,0.420842572062084,0.393348115299335
4,718,0,0,0,3,31,321,960,935,2250,0.0,0.0,0.0,0.001333333333333,0.013777777777778,0.142666666666667,0.426666666666667,0.415555555555556
4,719,0,0,0,3,50,345,943,904,2245,0.0,0.0,0.0,0.001336302895323,0.022271714922049,0.153674832962138,0.420044543429844,0.402672605790646
4,720,0,0,0,2,45,373,901,919,2240,0.0,0.0,0.0,0.000892857142857,0.020089285714286,0.166517857142857,0.402232142857143,0.410267857142857
4,721,0,0,0,1,49,325,972,888,2235,0.0,0.0,0.0,0.000447427293065,0.021923937360179,0.145413870246085,0.43489932885906,0.397315436241611
4,722,0,0,0,1,57,323,956,893,2230,0.0,0.0,0.0,0.000448430493274,0.025560538116592,0.144843049327354,0.428699551569507,0.400448430493274
4,723,0,0,0,3,53,343,938,888,2225,0.0,0.0,0.0,0.001348314606742,0.023820224719101,0.154157303370787,0.421573033707865,0.399101123595506
4,724,0,0,0,0,51,299,944,926,2220,0.0,0.0,0.0,0.0,0.022972972972973,0.134684684684685,0.425225225225225,0.417117117117117
4,725,0,0,1,5,46,307,941,915,2215,0.0,0.0,0.000451467268623,0.002257336343115,0.020767494356659,0.138600451467269,0.424830699774266,0.413092550790068
4,726,0,0,0,2,41,310,946,911,2210,0.0,0.0,0.0,0.000904977375566,0.018552036199095,0.14027149321267,0.428054298642534,0.412217194570136
4,727,0,0,0,2,48,330,959,866,2205,0.0,0.0,0.0,0.000907029478458,0.021768707482993,0.149659863945578,0.434920634920635,0.392743764172336
4,728,0,0,0,2,43,300,953,902,2200,0.0,0.0,0.0,0.000909090909091,0.019545454545455,0.136363636363636,0.433181818181818,0.41
4,729,0,0,0,5,55,319,925,891,2195,0.0,0.0,0.0,0.002277904328018,0.0250569476082,0.145330296127563,0.421412300683371,0.405922551252847
4,730,0,0,0,1,61,327,925,876,2190,0.0,0.0,0.0,0.000456621004566,0.027853881278539,0.149315068493151,0.422374429223744,0.4
4,731,0,0,0,11,53,326,931,864,2185,0.0,0.0,0.0,0.005034324942792,0.024256292906178,0.149199084668192,0.426086956521739,0.395423340961098
4,732,0,0,0,3,46,314,916,901,2180,0.0,0.0,0.0,0.001376146788991,0.021100917431193,0.144036697247706,0.420183486238532,0.413302752293578
4,733,0,0,0,7,36,298,935,899,2175,0.0,0.0,0.0,0.003218390804598,0.016551724137931,0.137011494252874,0.429885057471264,0.413333333333333
4,734,0,0,0,3,38,296,897,936,2170,0.0,0.0,0.0,0.001382488479263,0.017511520737327,0.136405529953917,0.413364055299539,0.431336405529954
4,735,0,0,0,1,42,325,939,858,2165,0.0,0.0,0.0,0.000461893764434,0.019399538106236,0.150115473441109,0.433718244803695,0.396304849884527
4,736,0,0,0,4,40,302,962,852,2160,0.0,0.0,0.0,0.001851851851852,0.018518518518519,0.139814814814815,0.44537037037037,0.394444444444444
4,737,0,0,0,3,40,322,915,875,2155,0.0,0.0,0.0,0.00139211136891,0.018561484918794,0.149419953596288,0.424593967517401,0.406032482598608
4,738,0,0,0,1,37,303,922,887,2150,0.0,0.0,0.0,0.00046511627907,0.017209302325581,0.14093023255814,0.428837209302326,0.412558139534884
4,739,0,0,0,1,34,308,898,904,2145,0.0,0.0,0.0,0.0004662004662,0.015850815850816,0.143589743589744,0.418648018648019,0.421445221445221
4,740,0,0,0,0,52,316,912,860,2140,0.0,0.0,0.0,0.0,0.024299065420561,0.147663551401869,0.426168224299065,0.401869158878505
4,741,0,0,0,3,49,328,877,878,2135,0.0,0.0,0.0,0.001405152224824,0.022950819672131,0.153629976580796,0.410772833723653,0.411241217798595
4,742,0,0,0,0,42,300,919,869,2130,0.0,0.0,0.0,0.0,0.019718309859155,0.140845070422535,0.431455399061033,0.407981220657277
4,743,0,0,0,2,48,311,924,840,2125,0.0,0.0,0.0,0.000941176470588,0.022588235294118,0.146352941176471,0.434823529411765,0.395294117647059
4,744,0,0,0,2,50,324,874,870,2120,0.0,0.0,0.0,0.000943396226415,0.023584905660377,0.152830188679245,0.412264150943396,0.410377358490566
4,745,0,0,0,0,39,315,870,891,2115,0.0,0.0,0.0,0.0,0.018439716312057,0.148936170212766,0.411347517730496,0.421276595744681
4,746,0,0,0,3,38,323,834,912,2110,0.0,0.0,0.0,0.001421800947867,0.018009478672986,0.153080568720379,0.395260663507109,0.432227488151659
4,747,0,0,0,1,47,296,927,834,2105,0.0,0.0,0.0,0.000475059382423,0.022327790973872,0.14061757719715,0.440380047505938,0.396199524940618
4,748,0,0,1,4,42,272,896,885,2100,0.0,0.0,0.00047619047619,0.001904761904762,0.02,0.12952380952381,0.426666666666667,0.421428571428571
4,749,0,0,0,3,34,304,891,863,2095,0.0,0.0,0.0,0.001431980906921,0.016229116945107,0.145107398568019,0.425298329355609,0.411933174224344
4,750,0,0,0,2,40,295,903,850,2090,0.0,0.0,0.0,0.000956937799043,0.019138755980861,0.141148325358852,0.432057416267943,0.406698564593301
4,751,0,0,0,4,51,297,865,868,2085,0.0,0.0,0.0,0.001918465227818,0.024460431654676,0.142446043165468,0.414868105515588,0.416306954436451
4,752,0,0,0,4,54,299,855,868,2080,0.0,0.0,0.0,0.001923076923077,0.025961538461538,0.14375,0.411057692307692,0.417307692307692
4,753,0,0,0,5,48,333,865,824,2075,0.0,0.0,0.0,0.002409638554217,0.023132530120482,0.160481927710843,0.416867469879518,0.39710843373494
4,754,0,0,0,2,50,315,909,794,2070,0.0,0.0,0.0,0.000966183574879,0.024154589371981,0.152173913043478,0.439130434782609,0.383574879227053
4,755,0,0,0,3,35,299,892,836,2065,0.0,0.0,0.0,0.001452784503632,0.016949152542373,0.144794188861985,0.431961259079903,0.404842615012107
4,756,0,0,0,1,34,330,869,826,2060,0.0,0.0,0.0,0.000485436893204,0.016504854368932,0.160194174757282,0.421844660194175,0.400970873786408
4,757,0,0,0,1,43,310,858,843,2055,0.0,0.0,0.0,0.000486618004866,0.020924574209246,0.150851581508516,0.417518248175182,0.41021897810219
4,758,0,0,0,3,47,311,903,786,2050,0.0,0.0,0.0,0.001463414634146,0.022926829268293,0.151707317073171,0.440487804878049,0.383414634146341
4,759,0,0,0,3,33,312,847,850,2045,0.0,0.0,0.0,0.001466992665037,0.016136919315403,0.152567237163814,0.414180929095355,0.415647921760391
4,760,0,0,0,0,56,327,877,780,2040,0.0,0.0,0.0,0.0,0.027450980392157,0.160294117647059,0.429901960784314,0.382352941176471
4,761,0,0,0,2,43,310,860,820,2035,0.0,0.0,0.0,0.000982800982801,0.021130221130221,0.152334152334152,0.422604422604423,0.402948402948403
4,762,0,0,0,2,38,282,893,815,2030,0.0,0.0,0.0,0.000985221674877,0.01871921182266,0.138916256157635,0.439901477832512,0.401477832512315
4,763,0,0,1,4,42,298,923,757,2025,0.0,0.0,0.000493827160494,0.001975308641975,0.020740740740741,0.14716049382716,0.455802469135802,0.373827160493827
4,764,0,0,0,2,39,288,874,817,2020,0.0,0.0,0.0,0.000990099009901,0.019306930693069,0.142574257425743,0.432673267326733,0.404455445544554
4,765,0,0,0,2,42,307,870,794,2015,0.0,0.0,0.0,0.000992555831266,0.020843672456576,0.152357320099256,0.431761786600496,0.394044665012407
4,766,0,0,0,1,48,312,840,809,2010,0.0,0.0,0.0,0.000497512437811,0.023880597014925,0.155223880597015,0.417910447761194,0.402487562189055
4,767,0,0,0,7,55,303,859,781,2005,0.0,0.0,0.0,0.003491271820449,0.027431421446384,0.151122194513716,0.428428927680798,0.389526184538653
4,768,0,0,0,3,47,288,842,820,2000,0.0,0.0,0.0,0.0015,0.0235,0.144,0.421,0.41
4,769,0,0,0,1,44,321,839,790,1995,0.0,0.0,0.0,0.000501253132832,0.022055137844612,0.160902255639098,0.420551378446115,0.395989974937343
4,770,0,0,0,7,53,282,819,829,1990,0.0,0.0,0.0,0.003517587939698,0.026633165829146,0.141708542713568,0.411557788944724,0.416582914572864
4,771,0,0,0,3,34,266,833,849,1985,0.0,0.0,0.0,0.001511335012594,0.017128463476071,0.134005037783375,0.419647355163728,0.427707808564232
4,772,0,0,0,0,45,270,880,785,1980,0.0,0.0,0.0,0.0,0.022727272727273,0.136363636363636,0.444444444444444,0.396464646464646
4,773,0,0,0,4,47,283,843,798,1975,0.0,0.0,0.0,0.002025316455696,0.02379746835443,0.143291139240506,0.426835443037975,0.404050632911392
4,774,0,0,0,0,39,282,843,806,1970,0.0,0.0,0.0,0.0,0.019796954314721,0.143147208121827,0.427918781725888,0.409137055837563
4,775,0,0,0,3,57,269,844,792,1965,0.0,0.0,0.0,0.001526717557252,0.029007633587786,0.136895674300254,0.429516539440204,0.403053435114504
4,776,0,0,0,0,40,307,813,800,1960,0.0,0.0,0.0,0.0,0.020408163265306,0.156632653061224,0.414795918367347,0.408163265306122
4,777,0,0,0,1,42,306,850,756,1955,0.0,0.0,0.0,0.000511508951407,0.021483375959079,0.156521739130435,0.434782608695652,0.386700767263427
4,778,0,0,0,5,49,289,799,808,1950,0.0,0.0,0.0,0.002564102564103,0.025128205128205,0.148205128205128,0.40974358974359,0.414358974358974
4,779,0,0,0,0,49,299,815,782,1945,0.0,0.0,0.0,0.0,0.025192802056555,0.153727506426735,0.419023136246787,0.402056555269923
4,780,0,0,0,0,46,292,827,775,1940,0.0,0.0,0.0,0.0,0.023711340206186,0.150515463917526,0.426288659793814,0.399484536082474
4,781,0,0,0,6,31,265,843,790,1935,0.0,0.0,0.0,0.003100775193798,0.016020671834625,0.136950904392765,0.435658914728682,0.408268733850129
4,782,0,0,0,3,42,291,809,785,1930,0.0,0.0,0.0,0.001554404145078,0.021761658031088,0.150777202072539,0.419170984455959,0.406735751295337
4,783,0,0,0,2,40,271,830,782,1925,0.0,0.0,0.0,0.001038961038961,0.020779220779221,0.140779220779221,0.431168831168831,0.406233766233766
4,784,0,0,0,1,41,271,800,807,1920,0.0,0.0,0.0,0.000520833333333,0.021354166666667,0.141145833333333,0.416666666666667,0.4203125
4,785,0,0,0,4,44,283,841,743,1915,0.0,0.0,0.0,0.002088772845953,0.022976501305483,0.147780678851175,0.439164490861619,0.38798955613577
4,786,0,0,0,2,49,275,803,781,1910,0.0,0.0,0.0,0.001047120418848,0.02565445026178,0.143979057591623,0.420418848167539,0.408900523560209
4,787,0,0,0,4,30,281,826,764,1905,0.0,0.0,0.0,0.002099737532808,0.015748031496063,0.14750656167979,0.433595800524934,0.401049868766404
4,788,0,0,0,1,56,268,820,755,1900,0.0,0.0,0.0,0.000526315789474,0.029473684210526,0.141052631578947,0.431578947368421,0.397368421052632
4,789,0,0,0,0,46,334,751,764,1895,0.0,0.0,0.0,0.0,0.024274406332454,0.176253298153034,0.396306068601583,0.403166226912929
4,790,0,0,0,1,32,276,784,797,1890,0.0,0.0,0.0,0.000529100529101,0.016931216931217,0.146031746031746,0.414814814814815,0.421693121693122
4,791,0,0,0,2,34,294,809,746,1885,0.0,0.0,0.0,0.00106100795756,0.018037135278515,0.155968169761273,0.429177718832891,0.395755968169761
4,792,0,0,0,0,36,304,833,707,1880,0.0,0.0,0.0,0.0,0.019148936170213,0.161702127659574,0.443085106382979,0.376063829787234
4,793,0,0,0,0,44,259,798,774,1875,0.0,0.0,0.0,0.0,0.023466666666667,0.138133333333333,0.4256,0.4128
4,794,0,0,0,2,35,280,799,754,1870,0.0,0.0,0.0,0.001069518716578,0.018716577540107,0.149732620320856,0.427272727272727,0.403208556149733
4,795,0,0,0,0,45,255,799,766,1865,0.0,0.0,0.0,0.0,0.024128686327078,0.136729222520107,0.428418230563003,0.410723860589812
4,796,0,0,0,2,44,273,801,740,1860,0.0,0.0,0.0,0.001075268817204,0.023655913978495,0.146774193548387,0.430645161290323,0.397849462365591
4,797,0,0,0,2,39,275,791,748,1855,0.0,0.0,0.0,0.001078167115903,0.021024258760108,0.148247978436658,0.426415094339623,0.403234501347709
4,798,0,0,0,4,34,291,769,752,1850,0.0,0.0,0.0,0.002162162162162,0.018378378378378,0.157297297297297,0.415675675675676,0.406486486486486
4,799,0,0,0,1,33,274,776,761,1845,0.0,0.0,0.0,0.000542005420054,0.017886178861789,0.148509485094851,0.42059620596206,0.412466124661247
4,800,0,0,0,0,38,266,780,756,1840,0.0,0.0,0.0,0.0,0.020652173913043,0.144565217391304,0.423913043478261,0.410869565217391
4,801,0,0,0,0,53,292,778,712,1835,0.0,0.0,0.0,0.0,0.028882833787466,0.159128065395095,0.423978201634877,0.388010899182561
4,802,0,0,0,4,50,291,768,717,1830,0.0,0.0,0.0,0.002185792349727,0.027322404371585,0.159016393442623,0.419672131147541,0.391803278688525
4,803,0,0,0,0,43,299,766,717,1825,0.0,0.0,0.0,0.0,0.023561643835616,0.163835616438356,0.41972602739726,0.392876712328767
4,804,0,0,0,4,36,293,751,736,1820,0.0,0.0,0.0,0.002197802197802,0.01978021978022,0.160989010989011,0.412637362637363,0.404395604395604
4,805,0,0,0,2,45,267,766,735,1815,0.0,0.0,0.0,0.001101928374656,0.024793388429752,0.147107438016529,0.422038567493113,0.40495867768595
4,806,0,0,0,2,40,280,743,745,1810,0.0,0.0,0.0,0.001104972375691,0.022099447513812,0.154696132596685,0.410497237569061,0.411602209944751
4,807,0,0,0,3,46,261,775,720,1805,0.0,0.0,0.0,0.001662049861496,0.025484764542936,0.144598337950139,0.429362880886427,0.398891966759003
4,808,0,0,0,0,41,277,731,751,1800,0.0,0.0,0.0,0.0,0.022777777777778,0.153888888888889,0.406111111111111,0.417222222222222
4,809,0,0,0,2,34,291,744,724,1795,0.0,0.0,0.0,0.001114206128134,0.018941504178273,0.162116991643454,0.414484679665738,0.403342618384401
4,810,0,0,0,1,35,243,774,737,1790,0.0,0.0,0.0,0.000558659217877,0.019553072625698,0.135754189944134,0.432402234636871,0.411731843575419
4,811,0,0,0,4,32,265,736,748,1785,0.0,0.0,0.0,0.002240896358543,0.017927170868347,0.148459383753501,0.412324929971989,0.419047619047619
4,812,0,0,0,0,40,275,782,683,1780,0.0,0.0,0.0,0.0,0.02247191011236,0.154494382022472,0.439325842696629,0.383707865168539
4,813,0,0,0,0,33,247,742,753,1775,0.0,0.0,0.0,0.0,0.018591549295775,0.139154929577465,0.418028169014085,0.424225352112676
4,814,0,0,0,1,41,268,779,681,1770,0.0,0.0,0.0,0.000564971751412,0.02316384180791,0.151412429378531,0.440112994350283,0.384745762711864
4,815,0,0,0,2,29,262,757,715,1765,0.0,0.0,0.0,0.001133144475921,0.01643059490085,0.148441926345609,0.428895184135977,0.405099150141643
4,816,0,0,0,7,43,236,752,722,1760,0.0,0.0,0.0,0.003977272727273,0.024431818181818,0.134090909090909,0.427272727272727,0.410227272727273
4,817,0,0,0,2,41,256,723,733,1755,0.0,0.0,0.0,0.001139601139601,0.023361823361823,0.145868945868946,0.411965811965812,0.417663817663818
4,818,0,0,0,2,38,255,744,711,1750,0.0,0.0,0.0,0.001142857142857,0.021714285714286,0.145714285714286,0.425142857142857,0.406285714285714
4,819,0,0,0,1,51,249,724,720,1745,0.0,0.0,0.0,0.000573065902579,0.029226361031519,0.14269340974212,0.414899713467049,0.412607449856734
4,820,0,0,1,3,32,274,724,706,1740,0.0,0.0,0.000574712643678,0.001724137931034,0.018390804597701,0.157471264367816,0.416091954022988,0.405747126436782
4,821,0,0,0,5,38,274,728,690,1735,0.0,0.0,0.0,0.002881844380403,0.021902017291066,0.15792507204611,0.419596541786743,0.397694524495677
4,822,0,0,0,4,37,255,736,698,1730,0.0,0.0,0.0,0.002312138728324,0.021387283236994,0.147398843930636,0.425433526011561,0.403468208092486
4,823,0,0,0,1,34,262,746,682,1725,0.0,0.0,0.0,0.000579710144928,0.019710144927536,0.151884057971014,0.432463768115942,0.39536231884058
4,824,0,0,0,0,44,236,765,675,1720,0.0,0.0,0.0,0.0,0.025581395348837,0.137209302325581,0.444767441860465,0.392441860465116
4,825,0,0,0,2,29,236,732,716,1715,0.0,0.0,0.0,0.001166180758017,0.016909620991254,0.137609329446064,0.426822157434402,0.417492711370262
4,826,0,0,0,2,42,252,725,689,1710,0.0,0.0,0.0,0.001169590643275,0.024561403508772,0.147368421052632,0.423976608187135,0.402923976608187
4,827,0,0,0,2,41,251,681,730,1705,0.0,0.0,0.0,0.001173020527859,0.024046920821114,0.147214076246334,0.39941348973607,0.428152492668622
4,828,0,0,0,3,33,238,730,696,1700,0.0,0.0,0.0,0.001764705882353,0.019411764705882,0.14,0.429411764705882,0.409411764705882
4,829,0,0,0,5,36,267,721,666,1695,0.0,0.0,0.0,0.002949852507375,0.021238938053097,0.157522123893805,0.425368731563422,0.392920353982301
4,830,0,0,0,3,28,224,718,717,1690,0.0,0.0,0.0,0.001775147928994,0.016568047337278,0.132544378698225,0.424852071005917,0.424260355029586
4,831,0,0,0,3,36,264,682,700,1685,0.0,0.0,0.0,0.001780415430267,0.021364985163205,0.156676557863501,0.404747774480712,0.415430267062315
4,832,0,0,0,3,34,272,677,694,1680,0.0,0.0,0.0,0.001785714285714,0.020238095238095,0.161904761904762,0.40297619047619,0.413095238095238
4,833,0,0,0,3,40,233,683,716,1675,0.0,0.0,0.0,0.001791044776119,0.023880597014925,0.13910447761194,0.407761194029851,0.427462686567164
4,834,0,0,0,5,26,234,739,666,1670,0.0,0.0,0.0,0.002994011976048,0.015568862275449,0.140119760479042,0.44251497005988,0.398802395209581
4,835,0,0,0,4,31,267,672,691,1665,0.0,0.0,0.0,0.002402402402402,0.018618618618619,0.16036036036036,0.403603603603604,0.415015015015015
4,836,0,0,0,1,35,240,684,700,1660,0.0,0.0,0.0,0.000602409638554,0.021084337349398,0.144578313253012,0.412048192771084,0.421686746987952
4,837,0,0,1,3,39,258,688,666,1655,0.0,0.0,0.000604229607251,0.001812688821752,0.023564954682779,0.155891238670695,0.41570996978852,0.402416918429003
4,838,0,0,0,2,38,231,696,683,1650,0.0,0.0,0.0,0.001212121212121,0.023030303030303,0.14,0.421818181818182,0.413939393939394
4,839,0,0,0,1,38,240,693,673,1645,0.0,0.0,0.0,0.000607902735562,0.023100303951368,0.145896656534954,0.421276595744681,0.409118541033435
4,840,0,0,0,1,34,256,684,665,1640,0.0,0.0,0.0,0.000609756097561,0.020731707317073,0.15609756097561,0.417073170731707,0.405487804878049
4,841,0,0,0,2,43,249,691,650,1635,0.0,0.0,0.0,0.001223241590214,0.026299694189602,0.152293577981651,0.42262996941896,0.397553516819572
4,842,0,0,0,1,32,244,702,651,1630,0.0,0.0,0.0,0.000613496932515,0.019631901840491,0.149693251533742,0.430674846625767,0.399386503067485
4,843,0,0,0,3,38,266,690,628,1625,0.0,0.0,0.0,0.001846153846154,0.023384615384615,0.163692307692308,0.424615384615385,0.386461538461538
4,844,0,0,0,1,29,222,679,689,1620,0.0,0.0,0.0,0.000617283950617,0.017901234567901,0.137037037037037,0.419135802469136,0.425308641975309
4,845,0,0,0,2,50,231,676,656,1615,0.0,0.0,0.0,0.001238390092879,0.030959752321981,0.143034055727554,0.418575851393189,0.406191950464396
4,846,0,0,0,3,45,238,678,646,1610,0.0,0.0,0.0,0.001863354037267,0.027950310559006,0.147826086956522,0.42111801242236,0.401242236024845
4,847,0,0,0,2,45,229,660,669,1605,0.0,0.0,0.0,0.001246105919003,0.02803738317757,0.142679127725857,0.411214953271028,0.416822429906542
4,848,0,0,0,3,42,249,658,648,1600,0.0,0.0,0.0,0.001875,0.02625,0.155625,0.41125,0.405
4,849,0,0,0,0,30,243,668,654,1595,0.0,0.0,0.0,0.0,0.018808777429467,0.152351097178683,0.418808777429467,0.410031347962382
4,850,0,0,0,1,26,226,658,679,1590,0.0,0.0,0.0,0.00062893081761,0.016352201257862,0.142138364779874,0.413836477987421,0.427044025157233
4,851,0,0,0,1,27,246,674,637,1585,0.0,0.0,0.0,0.000630914826498,0.017034700315457,0.155205047318612,0.425236593059937,0.401892744479495
4,852,0,0,0,4,37,253,664,622,1580,0.0,0.0,0.0,0.00253164556962,0.023417721518987,0.160126582278481,0.420253164556962,0.393670886075949
4,853,0,0,1,1,36,233,677,627,1575,0.0,0.0,0.000634920634921,0.000634920634921,0.022857142857143,0.147936507936508,0.42984126984127,0.398095238095238
4,854,0,0,0,3,31,233,668,635,1570,0.0,0.0,0.0,0.001910828025478,0.019745222929936,0.148407643312102,0.425477707006369,0.404458598726115
4,855,0,0,0,0,31,250,661,623,1565,0.0,0.0,0.0,0.0,0.019808306709265,0.159744408945687,0.422364217252396,0.398083067092652
4,856,0,0,0,1,38,226,652,643,1560,0.0,0.0,0.0,0.000641025641026,0.024358974358974,0.144871794871795,0.417948717948718,0.412179487179487
4,857,0,0,0,7,37,226,689,596,1555,0.0,0.0,0.0,0.004501607717042,0.02379421221865,0.145337620578778,0.443086816720257,0.383279742765273
4,858,0,0,0,3,37,213,667,630,1550,0.0,0.0,0.0,0.001935483870968,0.023870967741935,0.13741935483871,0.430322580645161,0.406451612903226
4,859,0,0,0,1,19,241,687,597,1545,0.0,0.0,0.0,0.000647249190939,0.012297734627832,0.155987055016181,0.444660194174757,0.386407766990291
4,860,0,0,0,1,48,217,681,593,1540,0.0,0.0,0.0,0.000649350649351,0.031168831168831,0.140909090909091,0.442207792207792,0.385064935064935
4,861,0,0,0,3,33,239,645,615,1535,0.0,0.0,0.0,0.001954397394137,0.021498371335505,0.155700325732899,0.420195439739414,0.400651465798046
4,862,0,0,0,0,27,245,644,614,1530,0.0,0.0,0.0,0.0,0.017647058823529,0.160130718954248,0.420915032679739,0.401307189542484
4,863,0,0,0,2,36,240,612,635,1525,0.0,0.0,0.0,0.001311475409836,0.023606557377049,0.157377049180328,0.401311475409836,0.416393442622951
4,864,0,0,0,1,41,230,668,580,1520,0.0,0.0,0.0,0.000657894736842,0.026973684210526,0.151315789473684,0.439473684210526,0.381578947368421
4,865,0,0,0,1,47,230,620,617,1515,0.0,0.0,0.0,0.000660066006601,0.031023102310231,0.151815181518152,0.409240924092409,0.407260726072607
4,866,0,0,0,2,36,194,655,623,1510,0.0,0.0,0.0,0.001324503311258,0.023841059602649,0.128476821192053,0.433774834437086,0.412582781456954
4,867,0,0,0,0,33,203,659,610,1505,0.0,0.0,0.0,0.0,0.021926910299003,0.134883720930233,0.437873754152824,0.40531561461794
4,868,0,0,0,3,26,229,631,611,1500,0.0,0.0,0.0,0.002,0.017333333333333,0.152666666666667,0.420666666666667,0.407333333333333
4,869,0,0,0,1,24,230,619,621,1495,0.0,0.0,0.0,0.00066889632107,0.016053511705686,0.153846153846154,0.414046822742475,0.415384615384615
4,870,0,0,0,5,30,242,615,598,1490,0.0,0.0,0.0,0.003355704697987,0.020134228187919,0.16241610738255,0.412751677852349,0.401342281879195
4,871,0,0,0,1,22,221,619,622,1485,0.0,0.0,0.0,0.000673400673401,0.014814814814815,0.148821548821549,0.416835016835017,0.418855218855219
4,872,0,0,0,3,30,234,617,596,1480,0.0,0.0,0.0,0.002027027027027,0.02027027027027,0.158108108108108,0.416891891891892,0.402702702702703
4,873,0,0,0,1,42,241,595,596,1475,0.0,0.0,0.0,0.000677966101695,0.028474576271186,0.163389830508475,0.403389830508475,0.40406779661017
4,874,0,0,0,0,32,199,638,601,1470,0.0,0.0,0.0,0.0,0.021768707482993,0.135374149659864,0.434013605442177,0.408843537414966
4,875,0,0,0,3,34,203,628,597,1465,0.0,0.0,0.0,0.002047781569966,0.02320819112628,0.138566552901024,0.428668941979522,0.407508532423208
4,876,0,0,0,1,39,226,601,593,1460,0.0,0.0,0.0,0.000684931506849,0.026712328767123,0.154794520547945,0.411643835616438,0.406164383561644
4,877,0,0,0,2,34,233,626,560,1455,0.0,0.0,0.0,0.001374570446735,0.023367697594502,0.160137457044674,0.430240549828179,0.384879725085911
4,878,0,0,0,1,29,220,601,599,1450,0.0,0.0,0.0,0.000689655172414,0.02,0.151724137931034,0.41448275862069,0.413103448275862
4,879,0,0,0,4,24,205,631,581,1445,0.0,0.0,0.0,0.002768166089965,0.016608996539792,0.141868512110727,0.436678200692041,0.402076124567474
4,880,0,0,0,2,30,194,605,609,1440,0.0,0.0,0.0,0.001388888888889,0.020833333333333,0.134722222222222,0.420138888888889,0.422916666666667
4,881,0,0,0,0,30,207,607,591,1435,0.0,0.0,0.0,0.0,0.020905923344948,0.144250871080139,0.422996515679443,0.41184668989547
4,882,0,0,0,1,33,192,640,564,1430,0.0,0.0,0.0,0.000699300699301,0.023076923076923,0.134265734265734,0.447552447552448,0.394405594405594
4,883,0,0,0,0,22,216,594,593,1425,0.0,0.0,0.0,0.0,0.015438596491228,0.151578947368421,0.416842105263158,0.416140350877193
4,884,0,0,0,1,37,221,631,530,1420,0.0,0.0,0.0,0.000704225352113,0.026056338028169,0.155633802816901,0.444366197183099,0.373239436619718
4,885,0,0,0,0,26,217,590,582,1415,0.0,0.0,0.0,0.0,0.018374558303887,0.153356890459364,0.416961130742049,0.4113074204947
4,886,0,0,0,4,28,220,579,579,1410,0.0,0.0,0.0,0.002836879432624,0.019858156028369,0.156028368794326,0.41063829787234,0.41063829787234
4,887,0,0,0,2,23,219,583,578,1405,0.0,0.0,0.0,0.001423487544484,0.016370106761566,0.155871886120996,0.414946619217082,0.411387900355872
4,888,0,0,0,0,27,193,622,558,1400,0.0,0.0,0.0,0.0,0.019285714285714,0.137857142857143,0.444285714285714,0.398571428571429
4,889,0,0,0,3,28,194,595,575,1395,0.0,0.0,0.0,0.002150537634409,0.020071684587814,0.139068100358423,0.426523297491039,0.412186379928315
4,890,0,0,0,2,30,207,581,570,1390,0.0,0.0,0.0,0.001438848920863,0.02158273381295,0.148920863309353,0.417985611510791,0.410071942446043
4,891,0,0,0,2,25,187,614,557,1385,0.0,0.0,0.0,0.0014440433213,0.018050541516245,0.135018050541516,0.443321299638989,0.402166064981949
4,892,0,0,0,2,20,202,596,560,1380,0.0,0.0,0.0,0.001449275362319,0.014492753623188,0.146376811594203,0.431884057971014,0.405797101449275
4,893,0,0,0,1,27,203,590,554,1375,0.0,0.0,0.0,0.000727272727273,0.019636363636364,0.147636363636364,0.429090909090909,0.402909090909091
4,894,0,0,0,1,21,196,588,564,1370,0.0,0.0,0.0,0.000729927007299,0.015328467153285,0.143065693430657,0.429197080291971,0.411678832116788
4,895,0,0,0,1,28,208,566,562,1365,0.0,0.0,0.0,0.000732600732601,0.020512820512821,0.152380952380952,0.414652014652015,0.411721611721612
4,896,0,0,0,1,33,199,585,542,1360,0.0,0.0,0.0,0.000735294117647,0.024264705882353,0.146323529411765,0.430147058823529,0.398529411764706
4,897,0,0,0,1,49,187,585,533,1355,0.0,0.0,0.0,0.000738007380074,0.036162361623616,0.138007380073801,0.431734317343173,0.393357933579336
4,898,0,0,0,1,27,196,537,589,1350,0.0,0.0,0.0,0.000740740740741,0.02,0.145185185185185,0.397777777777778,0.436296296296296
4,899,0,0,0,3,29,215,584,514,1345,0.0,0.0,0.0,0.002230483271375,0.021561338289963,0.159851301115242,0.434200743494424,0.382156133828996
4,900,0,0,0,1,27,216,578,518,1340,0.0,0.0,0.0,0.000746268656716,0.020149253731343,0.161194029850746,0.43134328358209,0.386567164179104
4,901,0,0,0,2,36,195,559,543,1335,0.0,0.0,0.0,0.001498127340824,0.026966292134831,0.146067415730337,0.4187265917603,0.406741573033708
4,902,0,0,0,0,30,177,598,525,1330,0.0,0.0,0.0,0.0,0.022556390977444,0.133082706766917,0.449624060150376,0.394736842105263
4,903,0,0,0,2,27,178,582,536,1325,0.0,0.0,0.0,0.001509433962264,0.020377358490566,0.134339622641509,0.439245283018868,0.404528301886792
4,904,0,0,0,0,24,193,553,550,1320,0.0,0.0,0.0,0.0,0.018181818181818,0.146212121212121,0.418939393939394,0.416666666666667
4,905,0,0,0,2,31,196,546,540,1315,0.0,0.0,0.0,0.001520912547529,0.023574144486692,0.149049429657795,0.415209125475285,0.4106463878327
4,906,0,0,0,2,33,191,579,505,1310,0.0,0.0,0.0,0.001526717557252,0.025190839694656,0.145801526717557,0.441984732824427,0.385496183206107
4,907,0,0,0,3,22,205,562,513,1305,0.0,0.0,0.0,0.002298850574713,0.016858237547893,0.157088122605364,0.430651340996169,0.393103448275862
4,908,0,0,0,1,32,199,531,537,1300,0.0,0.0,0.0,0.000769230769231,0.024615384615385,0.153076923076923,0.408461538461538,0.413076923076923
4,909,0,0,0,1,32,187,535,540,1295,0.0,0.0,0.0,0.000772200772201,0.024710424710425,0.144401544401544,0.413127413127413,0.416988416988417
4,910,0,0,0,2,26,201,564,497,1290,0.0,0.0,0.0,0.001550387596899,0.02015503875969,0.155813953488372,0.437209302325581,0.385271317829457
4,911,0,0,0,4,32,197,527,525,1285,0.0,0.0,0.0,0.003112840466926,0.024902723735409,0.153307392996109,0.41011673151751,0.408560311284047
4,912,0,0,0,1,23,192,549,515,1280,0.0,0.0,0.0,0.00078125,0.01796875,0.15,0.42890625,0.40234375
4,913,0,0,0,1,24,173,549,528,1275,0.0,0.0,0.0,0.00078431372549,0.018823529411765,0.135686274509804,0.430588235294118,0.414117647058824
4,914,0,1,0,2,27,177,557,506,1270,0.0,0.000787401574803,0.0,0.001574803149606,0.021259842519685,0.139370078740157,0.438582677165354,0.398425196850394
4,915,0,0,0,1,39,181,531,513,1265,0.0,0.0,0.0,0.000790513833992,0.030830039525692,0.143083003952569,0.419762845849802,0.405533596837945
4,916,0,0,0,1,28,181,554,496,1260,0.0,0.0,0.0,0.000793650793651,0.022222222222222,0.143650793650794,0.43968253968254,0.393650793650794
4,917,0,0,0,4,26,185,523,517,1255,0.0,0.0,0.0,0.003187250996016,0.020717131474104,0.147410358565737,0.416733067729084,0.41195219123506
4,918,0,0,0,2,22,198,537,491,1250,0.0,0.0,0.0,0.0016,0.0176,0.1584,0.4296,0.3928
4,919,0,0,0,1,24,193,511,516,1245,0.0,0.0,0.0,0.000803212851406,0.019277108433735,0.155020080321285,0.410441767068273,0.414457831325301
4,920,0,0,0,0,27,187,550,476,1240,0.0,0.0,0.0,0.0,0.021774193548387,0.150806451612903,0.443548387096774,0.383870967741935
4,921,0,0,0,0,26,170,517,522,1235,0.0,0.0,0.0,0.0,0.021052631578947,0.137651821862348,0.418623481781377,0.422672064777328
4,922,0,0,0,1,28,176,535,490,1230,0.0,0.0,0.0,0.000813008130081,0.022764227642276,0.143089430894309,0.434959349593496,0.398373983739837
4,923,0,0,0,3,16,182,505,519,1225,0.0,0.0,0.0,0.002448979591837,0.013061224489796,0.148571428571429,0.412244897959184,0.423673469387755
4,924,0,0,0,1,26,162,544,487,1220,0.0,0.0,0.0,0.000819672131148,0.021311475409836,0.132786885245902,0.445901639344262,0.399180327868852
4,925,0,0,0,0,25,163,535,492,1215,0.0,0.0,0.0,0.0,0.020576131687243,0.134156378600823,0.440329218106996,0.404938271604938
4,926,0,0,0,1,19,177,514,499,1210,0.0,0.0,0.0,0.000826446280992,0.015702479338843,0.146280991735537,0.424793388429752,0.412396694214876
4,927,0,0,0,2,19,172,522,490,1205,0.0,0.0,0.0,0.001659751037344,0.015767634854772,0.142738589211618,0.433195020746888,0.406639004149378
4,928,0,0,0,2,24,188,497,489,1200,0.0,0.0,0.0,0.001666666666667,0.02,0.156666666666667,0.414166666666667,0.4075
4,929,0,0,0,6,23,172,515,479,1195,0.0,0.0,0.0,0.005020920502092,0.019246861924686,0.143933054393305,0.430962343096234,0.400836820083682
4,930,0,0,0,2,32,170,492,494,1190,0.0,0.0,0.0,0.001680672268908,0.026890756302521,0.142857142857143,0.41344537815126,0.415126050420168
4,931,0,0,0,1,33,175,520,456,1185,0.0,0.0,0.0,0.00084388185654,0.027848101265823,0.147679324894515,0.438818565400844,0.384810126582278
4,932,0,0,0,1,27,153,512,487,1180,0.0,0.0,0.0,0.000847457627119,0.022881355932203,0.129661016949153,0.433898305084746,0.41271186440678
4,933,0,0,0,4,28,160,504,479,1175,0.0,0.0,0.0,0.003404255319149,0.023829787234043,0.136170212765957,0.428936170212766,0.407659574468085
4,934,0,0,0,0,25,189,513,443,1170,0.0,0.0,0.0,0.0,0.021367521367521,0.161538461538462,0.438461538461538,0.378632478632479
4,935,0,0,0,1,34,172,489,469,1165,0.0,0.0,0.0,0.000858369098712,0.029184549356223,0.147639484978541,0.419742489270386,0.402575107296137
4,936,0,0,0,0,22,166,493,479,1160,0.0,0.0,0.0,0.0,0.018965517241379,0.143103448275862,0.425,0.412931034482759
4,937,0,0,0,1,19,151,499,485,1155,0.0,0.0,0.0,0.000865800865801,0.016450216450216,0.130735930735931,0.432034632034632,0.41991341991342
4,938,0,0,0,5,17,175,484,469,1150,0.0,0.0,0.0,0.004347826086957,0.014782608695652,0.152173913043478,0.420869565217391,0.407826086956522
4,939,0,0,0,1,35,175,447,487,1145,0.0,0.0,0.0,0.000873362445415,0.03056768558952,0.152838427947598,0.390393013100437,0.425327510917031
4,940,0,0,0,1,34,158,495,452,1140,0.0,0.0,0.0,0.000877192982456,0.029824561403509,0.13859649122807,0.434210526315789,0.396491228070175
4,941,0,0,0,2,18,162,483,470,1135,0.0,0.0,0.0,0.001762114537445,0.015859030837004,0.14273127753304,0.425550660792952,0.414096916299559
4,942,0,0,0,2,28,174,464,462,1130,0.0,0.0,0.0,0.001769911504425,0.024778761061947,0.153982300884956,0.410619469026549,0.408849557522124
4,943,0,0,0,3,26,138,471,487,1125,0.0,0.0,0.0,0.002666666666667,0.023111111111111,0.122666666666667,0.418666666666667,0.432888888888889
4,944,0,0,0,0,30,179,454,457,1120,0.0,0.0,0.0,0.0,0.026785714285714,0.159821428571429,0.405357142857143,0.408035714285714
4,945,0,0,0,2,32,156,447,478,1115,0.0,0.0,0.0,0.001793721973094,0.028699551569507,0.139910313901345,0.400896860986547,0.428699551569507
4,946,0,0,0,1,22,167,451,469,1110,0.0,0.0,0.0,0.000900900900901,0.01981981981982,0.15045045045045,0.406306306306306,0.422522522522523
4,947,0,0,0,0,27,171,468,439,1105,0.0,0.0,0.0,0.0,0.024434389140271,0.154751131221719,0.423529411764706,0.397285067873303
4,948,0,0,0,1,21,172,458,448,1100,0.0,0.0,0.0,0.000909090909091,0.019090909090909,0.156363636363636,0.416363636363636,0.407272727272727
4,949,0,0,0,2,20,147,496,430,1095,0.0,0.0,0.0,0.001826484018265,0.018264840182648,0.134246575342466,0.45296803652968,0.392694063926941
4,950,0,0,0,0,21,163,495,411,1090,0.0,0.0,0.0,0.0,0.019266055045872,0.14954128440367,0.454128440366972,0.377064220183486
4,951,0,0,1,2,21,172,467,422,1085,0.0,0.0,0.000921658986175,0.00184331797235,0.019354838709677,0.15852534562212,0.430414746543779,0.388940092165899
4,952,0,0,0,1,21,153,467,438,1080,0.0,0.0,0.0,0.000925925925926,0.019444444444444,0.141666666666667,0.432407407407407,0.405555555555556
4,953,0,0,0,2,20,167,441,445,1075,0.0,0.0,0.0,0.001860465116279,0.018604651162791,0.155348837209302,0.410232558139535,0.413953488372093
4,954,0,0,0,2,19,156,456,437,1070,0.0,0.0,0.0,0.001869158878505,0.017757009345794,0.145794392523364,0.426168224299065,0.408411214953271
4,955,0,0,1,2,27,157,463,415,1065,0.0,0.0,0.00093896713615,0.0018779342723,0.025352112676056,0.147417840375587,0.434741784037559,0.389671361502347
4,956,0,0,0,1,25,145,450,439,1060,0.0,0.0,0.0,0.000943396226415,0.023584905660377,0.136792452830189,0.424528301886792,0.414150943396226
4,957,0,0,0,0,20,173,441,421,1055,0.0,0.0,0.0,0.0,0.018957345971564,0.163981042654028,0.418009478672986,0.399052132701422
4,958,0,0,0,1,29,151,439,430,1050,0.0,0.0,0.0,0.000952380952381,0.027619047619048,0.143809523809524,0.418095238095238,0.40952380952381
4,959,0,0,0,0,22,169,458,396,1045,0.0,0.0,0.0,0.0,0.021052631578947,0.161722488038278,0.438277511961722,0.378947368421053
4,960,0,0,0,1,37,166,421,415,1040,0.0,0.0,0.0,0.000961538461538,0.035576923076923,0.159615384615385,0.404807692307692,0.399038461538462
4,961,0,0,0,2,24,167,419,423,1035,0.0,0.0,0.0,0.001932367149758,0.023188405797101,0.161352657004831,0.404830917874396,0.408695652173913
4,962,0,0,0,0,27,154,413,436,1030,0.0,0.0,0.0,0.0,0.02621359223301,0.149514563106796,0.400970873786408,0.423300970873786
4,963,0,0,0,1,23,158,444,399,1025,0.0,0.0,0.0,0.000975609756098,0.022439024390244,0.154146341463415,0.433170731707317,0.389268292682927
4,964,0,0,0,4,22,150,412,432,1020,0.0,0.0,0.0,0.003921568627451,0.02156862745098,0.147058823529412,0.403921568627451,0.423529411764706
4,965,0,0,0,3,26,151,434,401,1015,0.0,0.0,0.0,0.002955665024631,0.025615763546798,0.148768472906404,0.427586206896552,0.395073891625616
4,966,0,0,0,0,21,151,439,399,1010,0.0,0.0,0.0,0.0,0.020792079207921,0.149504950495049,0.434653465346535,0.395049504950495
4,967,0,0,0,1,19,148,446,391,1005,0.0,0.0,0.0,0.000995024875622,0.018905472636816,0.14726368159204,0.443781094527363,0.389054726368159
4,968,0,0,0,3,21,138,421,417,1000,0.0,0.0,0.0,0.003,0.021,0.138,0.421,0.417
4,969,0,0,0,3,10,160,421,401,995,0.0,0.0,0.0,0.003015075376884,0.010050251256281,0.160804020100503,0.423115577889447,0.403015075376884
4,970,0,0,0,0,18,166,415,391,990,0.0,0.0,0.0,0.0,0.018181818181818,0.167676767676768,0.419191919191919,0.394949494949495
4,971,0,0,0,0,25,135,403,422,985,0.0,0.0,0.0,0.0,0.025380710659898,0.137055837563452,0.409137055837563,0.428426395939086
4,972,0,0,0,1,29,147,427,376,980,0.0,0.0,0.0,0.001020408163265,0.029591836734694,0.15,0.435714285714286,0.383673469387755
4,973,0,0,0,0,20,148,424,383,975,0.0,0.0,0.0,0.0,0.020512820512821,0.151794871794872,0.434871794871795,0.392820512820513
4,974,0,0,0,4,20,142,419,385,970,0.0,0.0,0.0,0.004123711340206,0.020618556701031,0.14639175257732,0.431958762886598,0.396907216494845
4,975,0,0,0,2,16,152,401,394,965,0.0,0.0,0.0,0.002072538860104,0.016580310880829,0.157512953367876,0.415544041450777,0.408290155440415
4,976,0,0,0,1,19,129,426,385,960,0.0,0.0,0.0,0.001041666666667,0.019791666666667,0.134375,0.44375,0.401041666666667
4,977,0,0,0,1,15,172,390,377,955,0.0,0.0,0.0,0.001047120418848,0.015706806282723,0.180104712041885,0.408376963350785,0.394764397905759
4,978,0,0,0,0,22,149,385,394,950,0.0,0.0,0.0,0.0,0.023157894736842,0.156842105263158,0.405263157894737,0.414736842105263
4,979,0,0,0,1,21,150,412,361,945,0.0,0.0,0.0,0.001058201058201,0.022222222222222,0.158730158730159,0.435978835978836,0.382010582010582
4,980,0,0,0,0,19,167,379,375,940,0.0,0.0,0.0,0.0,0.020212765957447,0.177659574468085,0.403191489361702,0.398936170212766
4,981,0,0,0,0,24,140,404,367,935,0.0,0.0,0.0,0.0,0.025668449197861,0.149732620320856,0.432085561497326,0.392513368983957
4,982,0,0,0,0,19,152,376,383,930,0.0,0.0,0.0,0.0,0.020430107526882,0.163440860215054,0.404301075268817,0.411827956989247
4,983,0,0,0,1,29,132,403,360,925,0.0,0.0,0.0,0.001081081081081,0.031351351351351,0.142702702702703,0.435675675675676,0.389189189189189
4,984,0,0,0,1,24,143,368,384,920,0.0,0.0,0.0,0.001086956521739,0.026086956521739,0.155434782608696,0.4,0.417391304347826
4,985,0,0,0,0,25,142,392,356,915,0.0,0.0,0.0,0.0,0.027322404371585,0.155191256830601,0.428415300546448,0.389071038251366
4,986,0,0,0,1,25,135,395,354,910,0.0,0.0,0.0,0.001098901098901,0.027472527472527,0.148351648351648,0.434065934065934,0.389010989010989
4,987,0,0,0,0,15,144,378,368,905,0.0,0.0,0.0,0.0,0.016574585635359,0.159116022099448,0.41767955801105,0.406629834254144
4,988,0,0,0,0,18,137,367,378,900,0.0,0.0,0.0,0.0,0.02,0.152222222222222,0.407777777777778,0.42
4,989,0,0,0,2,8,137,396,352,895,0.0,0.0,0.0,0.002234636871508,0.008938547486034,0.153072625698324,0.442458100558659,0.393296089385475
4,990,0,0,0,0,17,146,370,357,890,0.0,0.0,0.0,0.0,0.019101123595506,0.164044943820225,0.415730337078652,0.401123595505618
4,991,0,0,0,2,23,122,359,379,885,0.0,0.0,0.0,0.00225988700565,0.025988700564972,0.137853107344633,0.405649717514124,0.428248587570621
4,992,0,0,0,0,17,144,360,359,880,0.0,0.0,0.0,0.0,0.019318181818182,0.163636363636364,0.409090909090909,0.407954545454545
4,993,0,0,0,2,12,129,379,353,875,0.0,0.0,0.0,0.002285714285714,0.013714285714286,0.147428571428571,0.433142857142857,0.403428571428571
4,994,0,0,0,1,19,139,349,362,870,0.0,0.0,0.0,0.001149425287356,0.02183908045977,0.159770114942529,0.401149425287356,0.416091954022988
4,995,0,0,0,0,18,138,349,360,865,0.0,0.0,0.0,0.0,0.020809248554913,0.159537572254335,0.403468208092486,0.416184971098266
4,996,0,0,0,1,17,123,361,358,860,0.0,0.0,0.0,0.001162790697674,0.019767441860465,0.143023255813953,0.419767441860465,0.416279069767442
4,997,0,0,0,1,28,112,382,332,855,0.0,0.0,0.0,0.001169590643275,0.032748538011696,0.130994152046784,0.446783625730994,0.388304093567251
4,998,0,0,0,1,23,132,357,337,850,0.0,0.0,0.0,0.001176470588235,0.027058823529412,0.155294117647059,0.42,0.396470588235294
4,999,0,0,0,1,14,125,331,374,845,0.0,0.0,0.0,0.001183431952663,0.016568047337278,0.14792899408284,0.391715976331361,0.442603550295858
4,1000,0,0,0,2,28,109,339,362,840,0.0,0.0,0.0,0.002380952380952,0.033333333333333,0.129761904761905,0.403571428571429,0.430952380952381
4,1001,0,0,0,1,22,135,346,331,835,0.0,0.0,0.0,0.001197604790419,0.026347305389222,0.161676646706587,0.41437125748503,0.396407185628742
4,1002,0,0,0,4,16,123,351,336,830,0.0,0.0,0.0,0.004819277108434,0.019277108433735,0.148192771084337,0.42289156626506,0.404819277108434
4,1003,0,0,0,2,23,107,367,326,825,0.0,0.0,0.0,0.002424242424242,0.027878787878788,0.12969696969697,0.444848484848485,0.395151515151515
4,1004,0,0,0,2,14,138,335,331,820,0.0,0.0,0.0,0.002439024390244,0.017073170731707,0.168292682926829,0.408536585365854,0.403658536585366
4,1005,0,0,0,2,12,121,344,336,815,0.0,0.0,0.0,0.002453987730061,0.014723926380368,0.148466257668712,0.422085889570552,0.412269938650307
4,1006,0,0,0,0,20,121,333,336,810,0.0,0.0,0.0,0.0,0.024691358024691,0.149382716049383,0.411111111111111,0.414814814814815
4,1007,0,0,0,2,18,112,354,319,805,0.0,0.0,0.0,0.002484472049689,0.022360248447205,0.139130434782609,0.439751552795031,0.396273291925466
4,1008,0,0,0,1,15,136,334,314,800,0.0,0.0,0.0,0.00125,0.01875,0.17,0.4175,0.3925
4,1009,0,0,0,1,16,115,355,308,795,0.0,0.0,0.0,0.00125786163522,0.020125786163522,0.144654088050314,0.446540880503145,0.387421383647799
4,1010,0,0,0,2,17,128,320,323,790,0.0,0.0,0.0,0.00253164556962,0.021518987341772,0.162025316455696,0.405063291139241,0.408860759493671
4,1011,0,0,0,1,21,116,313,334,785,0.0,0.0,0.0,0.001273885350318,0.026751592356688,0.147770700636943,0.398726114649682,0.425477707006369
4,1012,0,0,0,1,7,105,340,327,780,0.0,0.0,0.0,0.001282051282051,0.008974358974359,0.134615384615385,0.435897435897436,0.419230769230769
4,1013,0,0,0,0,12,103,328,332,775,0.0,0.0,0.0,0.0,0.015483870967742,0.132903225806452,0.423225806451613,0.428387096774194
4,1014,0,0,0,0,18,111,317,324,770,0.0,0.0,0.0,0.0,0.023376623376623,0.144155844155844,0.411688311688312,0.420779220779221
4,1015,0,0,0,1,20,106,296,342,765,0.0,0.0,0.0,0.001307189542484,0.026143790849673,0.138562091503268,0.386928104575163,0.447058823529412
4,1016,0,0,1,2,17,123,309,308,760,0.0,0.0,0.001315789473684,0.002631578947368,0.022368421052632,0.161842105263158,0.406578947368421,0.405263157894737
4,1017,0,0,0,0,20,113,308,314,755,0.0,0.0,0.0,0.0,0.026490066225166,0.149668874172185,0.40794701986755,0.415894039735099
4,1018,0,0,0,0,17,106,313,314,750,0.0,0.0,0.0,0.0,0.022666666666667,0.141333333333333,0.417333333333333,0.418666666666667
4,1019,0,0,0,0,14,89,334,308,745,0.0,0.0,0.0,0.0,0.018791946308725,0.119463087248322,0.448322147651007,0.413422818791946
4,1020,0,0,0,1,16,111,297,315,740,0.0,0.0,0.0,0.001351351351351,0.021621621621622,0.15,0.401351351351351,0.425675675675676
4,1021,0,0,0,1,26,125,311,272,735,0.0,0.0,0.0,0.001360544217687,0.035374149659864,0.170068027210884,0.42312925170068,0.370068027210884
4,1022,0,0,0,0,6,107,316,301,730,0.0,0.0,0.0,0.0,0.008219178082192,0.146575342465753,0.432876712328767,0.412328767123288
4,1023,0,0,0,0,19,108,316,282,725,0.0,0.0,0.0,0.0,0.026206896551724,0.148965517241379,0.435862068965517,0.388965517241379
4,1024,0,0,0,2,14,94,294,316,720,0.0,0.0,0.0,0.002777777777778,0.019444444444444,0.130555555555556,0.408333333333333,0.438888888888889
4,1025,0,0,0,3,21,125,275,291,715,0.0,0.0,0.0,0.004195804195804,0.029370629370629,0.174825174825175,0.384615384615385,0.406993006993007
4,1026,0,0,0,2,19,108,295,286,710,0.0,0.0,0.0,0.002816901408451,0.026760563380282,0.152112676056338,0.415492957746479,0.402816901408451
4,1027,0,0,0,1,15,105,280,304,705,0.0,0.0,0.0,0.001418439716312,0.021276595744681,0.148936170212766,0.397163120567376,0.431205673758865
4,1028,0,0,1,0,23,100,290,286,700,0.0,0.0,0.001428571428571,0.0,0.032857142857143,0.142857142857143,0.414285714285714,0.408571428571429
4,1029,0,0,0,1,23,88,273,310,695,0.0,0.0,0.0,0.001438848920863,0.033093525179856,0.126618705035971,0.392805755395683,0.446043165467626
4,1030,0,0,0,1,21,102,276,290,690,0.0,0.0,0.0,0.001449275362319,0.030434782608696,0.147826086956522,0.4,0.420289855072464
4,1031,0,0,0,1,17,111,275,281,685,0.0,0.0,0.0,0.001459854014599,0.024817518248175,0.162043795620438,0.401459854014599,0.41021897810219
4,1032,0,0,0,0,17,100,308,255,680,0.0,0.0,0.0,0.0,0.025,0.147058823529412,0.452941176470588,0.375
4,1033,0,0,0,0,23,112,283,257,675,0.0,0.0,0.0,0.0,0.034074074074074,0.165925925925926,0.419259259259259,0.380740740740741
4,1034,0,0,0,1,18,83,300,268,670,0.0,0.0,0.0,0.001492537313433,0.026865671641791,0.123880597014925,0.447761194029851,0.4
4,1035,0,0,0,1,19,102,283,260,665,0.0,0.0,0.0,0.001503759398496,0.028571428571429,0.153383458646617,0.425563909774436,0.390977443609023
4,1036,0,0,0,1,15,94,263,287,660,0.0,0.0,0.0,0.001515151515152,0.022727272727273,0.142424242424242,0.398484848484848,0.434848484848485
4,1037,0,0,0,2,24,84,263,282,655,0.0,0.0,0.0,0.003053435114504,0.036641221374046,0.12824427480916,0.401526717557252,0.430534351145038
4,1038,0,0,0,0,12,94,306,238,650,0.0,0.0,0.0,0.0,0.018461538461538,0.144615384615385,0.470769230769231,0.366153846153846
4,1039,0,0,0,2,19,99,282,243,645,0.0,0.0,0.0,0.003100775193798,0.029457364341085,0.153488372093023,0.437209302325581,0.376744186046512
4,1040,0,0,0,1,10,112,243,274,640,0.0,0.0,0.0,0.0015625,0.015625,0.175,0.3796875,0.428125
4,1041,0,0,0,2,10,87,265,271,635,0.0,0.0,0.0,0.003149606299213,0.015748031496063,0.137007874015748,0.417322834645669,0.426771653543307
4,1042,0,0,0,1,13,95,262,259,630,0.0,0.0,0.0,0.001587301587302,0.020634920634921,0.150793650793651,0.415873015873016,0.411111111111111
4,1043,0,0,0,1,10,95,253,266,625,0.0,0.0,0.0,0.0016,0.016,0.152,0.4048,0.4256
4,1044,0,0,0,0,10,89,282,239,620,0.0,0.0,0.0,0.0,0.016129032258065,0.143548387096774,0.454838709677419,0.385483870967742
4,1045,0,0,0,0,17,89,246,263,615,0.0,0.0,0.0,0.0,0.027642276422764,0.144715447154472,0.4,0.427642276422764
4,1046,0,0,0,2,9,97,263,239,610,0.0,0.0,0.0,0.00327868852459,0.014754098360656,0.159016393442623,0.431147540983607,0.391803278688525
4,1047,0,0,0,1,14,93,280,217,605,0.0,0.0,0.0,0.001652892561983,0.023140495867769,0.153719008264463,0.462809917355372,0.358677685950413
4,1048,0,0,0,0,12,90,257,241,600,0.0,0.0,0.0,0.0,0.02,0.15,0.428333333333333,0.401666666666667
4,1049,0,0,0,1,16,86,257,235,595,0.0,0.0,0.0,0.001680672268908,0.026890756302521,0.14453781512605,0.431932773109244,0.394957983193277
4,1050,0,0,0,1,20,94,243,232,590,0.0,0.0,0.0,0.001694915254237,0.033898305084746,0.159322033898305,0.411864406779661,0.393220338983051
4,1051,0,0,0,1,13,94,232,245,585,0.0,0.0,0.0,0.001709401709402,0.022222222222222,0.160683760683761,0.396581196581197,0.418803418803419
4,1052,0,0,0,0,10,99,249,222,580,0.0,0.0,0.0,0.0,0.017241379310345,0.170689655172414,0.429310344827586,0.382758620689655
4,1053,0,0,0,1,11,85,221,257,575,0.0,0.0,0.0,0.001739130434783,0.019130434782609,0.147826086956522,0.384347826086957,0.44695652173913
4,1054,0,0,0,0,18,76,229,247,570,0.0,0.0,0.0,0.0,0.031578947368421,0.133333333333333,0.401754385964912,0.433333333333333
4,1055,0,0,0,2,13,79,230,241,565,0.0,0.0,0.0,0.00353982300885,0.023008849557522,0.139823008849558,0.407079646017699,0.426548672566372
4,1056,0,0,0,2,8,77,251,222,560,0.0,0.0,0.0,0.003571428571429,0.014285714285714,0.1375,0.448214285714286,0.396428571428571
4,1057,0,0,0,0,12,82,241,220,555,0.0,0.0,0.0,0.0,0.021621621621622,0.147747747747748,0.434234234234234,0.396396396396396
4,1058,0,0,0,1,9,86,219,235,550,0.0,0.0,0.0,0.001818181818182,0.016363636363636,0.156363636363636,0.398181818181818,0.427272727272727
4,1059,0,0,0,0,11,92,214,228,545,0.0,0.0,0.0,0.0,0.020183486238532,0.168807339449541,0.392660550458716,0.418348623853211
4,1060,0,0,0,0,13,91,226,210,540,0.0,0.0,0.0,0.0,0.024074074074074,0.168518518518519,0.418518518518519,0.388888888888889
4,1061,0,0,0,0,12,62,254,207,535,0.0,0.0,0.0,0.0,0.022429906542056,0.11588785046729,0.474766355140187,0.386915887850467
4,1062,0,0,0,0,9,87,220,214,530,0.0,0.0,0.0,0.0,0.016981132075472,0.164150943396226,0.415094339622642,0.40377358490566
4,1063,0,0,0,0,15,89,211,210,525,0.0,0.0,0.0,0.0,0.028571428571429,0.16952380952381,0.401904761904762,0.4
4,1064,0,0,0,2,22,67,227,202,520,0.0,0.0,0.0,0.003846153846154,0.042307692307692,0.128846153846154,0.436538461538462,0.388461538461538
4,1065,0,0,0,0,8,69,208,230,515,0.0,0.0,0.0,0.0,0.015533980582524,0.133980582524272,0.403883495145631,0.446601941747573
4,1066,0,0,0,0,9,75,224,202,510,0.0,0.0,0.0,0.0,0.017647058823529,0.147058823529412,0.43921568627451,0.396078431372549
4,1067,0,0,0,1,7,66,224,207,505,0.0,0.0,0.0,0.001980198019802,0.013861386138614,0.130693069306931,0.443564356435644,0.40990099009901
4,1068,0,0,0,1,14,69,213,203,500,0.0,0.0,0.0,0.002,0.028,0.138,0.426,0.406
4,1069,0,0,0,0,9,71,227,188,495,0.0,0.0,0.0,0.0,0.018181818181818,0.143434343434343,0.458585858585859,0.37979797979798
4,1070,0,0,0,0,14,57,210,209,490,0.0,0.0,0.0,0.0,0.028571428571429,0.116326530612245,0.428571428571429,0.426530612244898
4,1071,0,0,0,1,13,70,216,185,485,0.0,0.0,0.0,0.002061855670103,0.02680412371134,0.144329896907216,0.445360824742268,0.381443298969072
4,1072,0,0,0,0,13,75,200,192,480,0.0,0.0,0.0,0.0,0.027083333333333,0.15625,0.416666666666667,0.4
4,1073,0,0,0,0,13,68,203,191,475,0.0,0.0,0.0,0.0,0.027368421052632,0.143157894736842,0.427368421052632,0.402105263157895
4,1074,0,0,0,0,15,69,197,189,470,0.0,0.0,0.0,0.0,0.031914893617021,0.146808510638298,0.419148936170213,0.402127659574468
4,1075,0,0,0,2,7,87,201,168,465,0.0,0.0,0.0,0.004301075268817,0.01505376344086,0.187096774193548,0.432258064516129,0.361290322580645
4,1076,0,0,0,2,13,69,193,183,460,0.0,0.0,0.0,0.004347826086957,0.028260869565217,0.15,0.419565217391304,0.397826086956522
4,1077,0,0,0,0,10,64,202,179,455,0.0,0.0,0.0,0.0,0.021978021978022,0.140659340659341,0.443956043956044,0.393406593406593
4,1078,0,0,0,0,11,64,205,170,450,0.0,0.0,0.0,0.0,0.024444444444444,0.142222222222222,0.455555555555556,0.377777777777778
4,1079,0,0,0,0,11,48,215,171,445,0.0,0.0,0.0,0.0,0.024719101123596,0.107865168539326,0.48314606741573,0.384269662921348
4,1080,0,0,0,1,9,63,198,169,440,0.0,0.0,0.0,0.002272727272727,0.020454545454545,0.143181818181818,0.45,0.384090909090909
4,1081,0,0,0,1,8,79,193,154,435,0.0,0.0,0.0,0.002298850574713,0.018390804597701,0.181609195402299,0.44367816091954,0.354022988505747
4,1082,0,0,0,2,10,59,183,176,430,0.0,0.0,0.0,0.004651162790698,0.023255813953488,0.137209302325581,0.425581395348837,0.409302325581395
4,1083,0,0,0,0,8,67,185,165,425,0.0,0.0,0.0,0.0,0.018823529411765,0.157647058823529,0.435294117647059,0.388235294117647
4,1084,0,0,0,2,14,50,187,167,420,0.0,0.0,0.0,0.004761904761905,0.033333333333333,0.119047619047619,0.445238095238095,0.397619047619048
4,1085,0,0,0,1,3,69,182,160,415,0.0,0.0,0.0,0.002409638554217,0.007228915662651,0.166265060240964,0.43855421686747,0.385542168674699
4,1086,0,0,0,0,4,83,169,154,410,0.0,0.0,0.0,0.0,0.009756097560976,0.202439024390244,0.412195121951219,0.375609756097561
4,1087,0,0,0,0,11,52,182,160,405,0.0,0.0,0.0,0.0,0.02716049382716,0.128395061728395,0.449382716049383,0.395061728395062
4,1088,0,0,0,0,9,62,181,148,400,0.0,0.0,0.0,0.0,0.0225,0.155,0.4525,0.37
4,1089,0,0,0,0,7,58,170,160,395,0.0,0.0,0.0,0.0,0.017721518987342,0.146835443037975,0.430379746835443,0.405063291139241
4,1090,0,0,0,0,7,61,162,160,390,0.0,0.0,0.0,0.0,0.017948717948718,0.156410256410256,0.415384615384615,0.41025641025641
4,1091,0,0,0,0,9,65,159,152,385,0.0,0.0,0.0,0.0,0.023376623376623,0.168831168831169,0.412987012987013,0.394805194805195
4,1092,0,0,0,2,14,56,151,157,380,0.0,0.0,0.0,0.005263157894737,0.036842105263158,0.147368421052632,0.397368421052632,0.413157894736842
4,1093,0,0,0,0,4,59,169,143,375,0.0,0.0,0.0,0.0,0.010666666666667,0.157333333333333,0.450666666666667,0.381333333333333
4,1094,0,0,0,1,7,49,167,146,370,0.0,0.0,0.0,0.002702702702703,0.018918918918919,0.132432432432432,0.451351351351351,0.394594594594595
4,1095,0,0,0,0,7,61,156,141,365,0.0,0.0,0.0,0.0,0.019178082191781,0.167123287671233,0.427397260273973,0.386301369863014
4,1096,0,0,0,1,2,51,146,160,360,0.0,0.0,0.0,0.002777777777778,0.005555555555556,0.141666666666667,0.405555555555556,0.444444444444444
4,1097,0,0,0,1,9,54,162,129,355,0.0,0.0,0.0,0.002816901408451,0.025352112676056,0.152112676056338,0.456338028169014,0.363380281690141
4,1098,0,0,0,1,11,47,151,140,350,0.0,0.0,0.0,0.002857142857143,0.031428571428571,0.134285714285714,0.431428571428571,0.4
4,1099,0,0,0,0,9,48,149,139,345,0.0,0.0,0.0,0.0,0.026086956521739,0.139130434782609,0.431884057971014,0.402898550724638
4,1100,0,0,0,0,7,53,157,123,340,0.0,0.0,0.0,0.0,0.020588235294118,0.155882352941176,0.461764705882353,0.361764705882353
4,1101,0,0,0,4,12,55,148,116,335,0.0,0.0,0.0,0.011940298507463,0.035820895522388,0.164179104477612,0.441791044776119,0.346268656716418
4,1102,0,0,0,2,9,48,150,121,330,0.0,0.0,0.0,0.006060606060606,0.027272727272727,0.145454545454545,0.454545454545455,0.366666666666667
4,1103,0,0,0,0,5,58,136,126,325,0.0,0.0,0.0,0.0,0.015384615384615,0.178461538461538,0.418461538461538,0.387692307692308
4,1104,0,0,0,2,8,42,155,113,320,0.0,0.0,0.0,0.00625,0.025,0.13125,0.484375,0.353125
4,1105,0,0,0,0,9,40,155,111,315,0.0,0.0,0.0,0.0,0.028571428571429,0.126984126984127,0.492063492063492,0.352380952380952
4,1106,0,0,0,0,9,54,124,123,310,0.0,0.0,0.0,0.0,0.029032258064516,0.174193548387097,0.4,0.396774193548387
4,1107,0,0,0,0,4,52,140,109,305,0.0,0.0,0.0,0.0,0.013114754098361,0.170491803278689,0.459016393442623,0.357377049180328
4,1108,0,0,0,0,12,45,126,117,300,0.0,0.0,0.0,0.0,0.04,0.15,0.42,0.39
4,1109,0,0,0,0,9,45,120,121,295,0.0,0.0,0.0,0.0,0.030508474576271,0.152542372881356,0.406779661016949,0.410169491525424
4,1110,0,0,0,0,4,47,122,117,290,0.0,0.0,0.0,0.0,0.013793103448276,0.162068965517241,0.420689655172414,0.403448275862069
4,1111,0,0,0,0,7,41,113,124,285,0.0,0.0,0.0,0.0,0.024561403508772,0.143859649122807,0.396491228070175,0.435087719298246
4,1112,0,0,0,0,7,39,117,117,280,0.0,0.0,0.0,0.0,0.025,0.139285714285714,0.417857142857143,0.417857142857143
4,1113,0,0,0,0,3,42,114,116,275,0.0,0.0,0.0,0.0,0.010909090909091,0.152727272727273,0.414545454545455,0.421818181818182
4,1114,0,0,0,1,13,35,110,111,270,0.0,0.0,0.0,0.003703703703704,0.048148148148148,0.12962962962963,0.407407407407407,0.411111111111111
4,1115,0,0,0,0,11,40,107,107,265,0.0,0.0,0.0,0.0,0.041509433962264,0.150943396226415,0.40377358490566,0.40377358490566
4,1116,0,0,0,1,2,48,103,106,260,0.0,0.0,0.0,0.003846153846154,0.007692307692308,0.184615384615385,0.396153846153846,0.407692307692308
4,1117,0,0,0,0,6,52,101,96,255,0.0,0.0,0.0,0.0,0.023529411764706,0.203921568627451,0.396078431372549,0.376470588235294
4,1118,0,0,0,0,7,37,107,99,250,0.0,0.0,0.0,0.0,0.028,0.148,0.428,0.396
4,1119,0,0,0,0,3,44,109,89,245,0.0,0.0,0.0,0.0,0.012244897959184,0.179591836734694,0.444897959183673,0.363265306122449
4,1120,0,0,0,1,6,35,97,101,240,0.0,0.0,0.0,0.004166666666667,0.025,0.145833333333333,0.404166666666667,0.420833333333333
4,1121,0,0,0,0,6,39,92,98,235,0.0,0.0,0.0,0.0,0.025531914893617,0.165957446808511,0.391489361702128,0.417021276595745
4,1122,0,0,0,0,6,33,94,97,230,0.0,0.0,0.0,0.0,0.026086956521739,0.143478260869565,0.408695652173913,0.421739130434783
4,1123,0,0,0,0,8,27,101,89,225,0.0,0.0,0.0,0.0,0.035555555555556,0.12,0.448888888888889,0.395555555555556
4,1124,0,0,0,1,0,28,95,96,220,0.0,0.0,0.0,0.004545454545455,0.0,0.127272727272727,0.431818181818182,0.436363636363636
4,1125,0,0,0,0,9,33,78,95,215,0.0,0.0,0.0,0.0,0.041860465116279,0.153488372093023,0.362790697674419,0.441860465116279
4,1126,0,0,0,0,3,37,86,84,210,0.0,0.0,0.0,0.0,0.014285714285714,0.176190476190476,0.40952380952381,0.4
4,1127,0,0,0,0,4,35,82,84,205,0.0,0.0,0.0,0.0,0.019512195121951,0.170731707317073,0.4,0.409756097560976
4,1128,0,0,0,0,7,28,84,81,200,0.0,0.0,0.0,0.0,0.035,0.14,0.42,0.405
4,1129,0,0,0,0,2,29,91,73,195,0.0,0.0,0.0,0.0,0.01025641025641,0.148717948717949,0.466666666666667,0.374358974358974
4,1130,0,0,0,0,4,35,77,74,190,0.0,0.0,0.0,0.0,0.021052631578947,0.184210526315789,0.405263157894737,0.389473684210526
4,1131,0,0,0,0,3,33,74,75,185,0.0,0.0,0.0,0.0,0.016216216216216,0.178378378378378,0.4,0.405405405405405
4,1132,0,0,0,0,2,28,78,72,180,0.0,0.0,0.0,0.0,0.011111111111111,0.155555555555556,0.433333333333333,0.4
4,1133,0,0,0,0,4,31,70,70,175,0.0,0.0,0.0,0.0,0.022857142857143,0.177142857142857,0.4,0.4
4,1134,0,0,0,0,3,31,65,71,170,0.0,0.0,0.0,0.0,0.017647058823529,0.182352941176471,0.382352941176471,0.417647058823529
4,1135,0,0,1,0,3,22,77,62,165,0.0,0.0,0.006060606060606,0.0,0.018181818181818,0.133333333333333,0.466666666666667,0.375757575757576
4,1136,0,0,0,0,1,27,72,60,160,0.0,0.0,0.0,0.0,0.00625,0.16875,0.45,0.375
4,1137,0,0,0,0,6,17,60,72,155,0.0,0.0,0.0,0.0,0.038709677419355,0.109677419354839,0.387096774193548,0.464516129032258
4,1138,0,0,0,0,5,27,61,57,150,0.0,0.0,0.0,0.0,0.033333333333333,0.18,0.406666666666667,0.38
4,1139,0,0,0,1,0,17,60,67,145,0.0,0.0,0.0,0.006896551724138,0.0,0.117241379310345,0.413793103448276,0.462068965517241
4,1140,0,0,0,0,4,26,62,48,140,0.0,0.0,0.0,0.0,0.028571428571429,0.185714285714286,0.442857142857143,0.342857142857143
4,1141,0,0,0,1,4,23,52,55,135,0.0,0.0,0.0,0.007407407407407,0.02962962962963,0.17037037037037,0.385185185185185,0.407407407407407
4,1142,0,0,0,0,3,18,63,46,130,0.0,0.0,0.0,0.0,0.023076923076923,0.138461538461538,0.484615384615385,0.353846153846154
4,1143,0,0,0,0,0,19,52,54,125,0.0,0.0,0.0,0.0,0.0,0.152,0.416,0.432
4,1144,0,0,0,0,4,16,50,50,120,0.0,0.0,0.0,0.0,0.033333333333333,0.133333333333333,0.416666666666667,0.416666666666667
4,1145,0,0,0,0,5,19,42,49,115,0.0,0.0,0.0,0.0,0.043478260869565,0.165217391304348,0.365217391304348,0.426086956521739
4,1146,0,0,0,0,2,15,50,43,110,0.0,0.0,0.0,0.0,0.018181818181818,0.136363636363636,0.454545454545455,0.390909090909091
4,1147,0,0,0,0,0,14,39,52,105,0.0,0.0,0.0,0.0,0.0,0.133333333333333,0.371428571428571,0.495238095238095
4,1148,0,0,0,0,4,18,35,43,100,0.0,0.0,0.0,0.0,0.04,0.18,0.35,0.43
4,1149,0,0,0,0,2,13,35,45,95,0.0,0.0,0.0,0.0,0.021052631578947,0.136842105263158,0.368421052631579,0.473684210526316
4,1150,0,0,0,0,2,11,41,36,90,0.0,0.0,0.0,0.0,0.022222222222222,0.122222222222222,0.455555555555556,0.4
4,1151,0,0,0,0,2,12,37,34,85,0.0,0.0,0.0,0.0,0.023529411764706,0.141176470588235,0.435294117647059,0.4
4,1152,0,0,0,0,1,10,35,34,80,0.0,0.0,0.0,0.0,0.0125,0.125,0.4375,0.425
4,1153,0,0,0,0,1,12,33,29,75,0.0,0.0,0.0,0.0,0.013333333333333,0.16,0.44,0.386666666666667
4,1154,0,0,0,0,1,9,28,32,70,0.0,0.0,0.0,0.0,0.014285714285714,0.128571428571429,0.4,0.457142857142857
4,1155,0,0,0,0,1,10,29,25,65,0.0,0.0,0.0,0.0,0.015384615384615,0.153846153846154,0.446153846153846,0.384615384615385
4,1156,0,0,0,0,0,7,29,24,60,0.0,0.0,0.0,0.0,0.0,0.116666666666667,0.483333333333333,0.4
4,1157,0,0,0,0,0,10,29,16,55,0.0,0.0,0.0,0.0,0.0,0.181818181818182,0.527272727272727,0.290909090909091
4,1158,0,0,0,0,2,6,18,24,50,0.0,0.0,0.0,0.0,0.04,0.12,0.36,0.48
4,1159,0,0,0,0,1,10,19,15,45,0.0,0.0,0.0,0.0,0.022222222222222,0.222222222222222,0.422222222222222,0.333333333333333
4,1160,0,0,0,0,0,10,18,12,40,0.0,0.0,0.0,0.0,0.0,0.25,0.45,0.3
4,1161,0,0,0,0,1,4,17,13,35,0.0,0.0,0.0,0.0,0.028571428571429,0.114285714285714,0.485714285714286,0.371428571428571
4,1162,0,0,0,0,1,4,10,15,30,0.0,0.0,0.0,0.0,0.033333333333333,0.133333333333333,0.333333333333333,0.5
4,1163,0,0,0,0,3,3,10,9,25,0.0,0.0,0.0,0.0,0.12,0.12,0.4,0.36
4,1164,0,0,0,0,0,3,8,9,20,0.0,0.0,0.0,0.0,0.0,0.15,0.4,0.45
4,1165,0,0,0,0,0,3,5,7,15,0.0,0.0,0.0,0.0,0.0,0.2,0.333333333333333,0.466666666666667
4,1166,0,0,0,0,0,1,4,5,10,0.0,0.0,0.0,0.0,0.0,0.1,0.4,0.5
4,1167,0,0,0,0,0,1,0,4,5,0.0,0.0,0.0,0.0,0.0,0.2,0.0,0.8
5,1,0,0,0,8,131,896,2438,2362,5835,0.0,0.0,0.0,0.001371036846615,0.022450728363325,0.153556126820908,0.417823479005998,0.404798628963153
5,2,0,0,0,7,125,897,2502,2299,5830,0.0,0.0,0.0,0.001200686106346,0.021440823327616,0.153859348198971,0.429159519725557,0.394339622641509
5,3,0,0,0,7,137,836,2470,2375,5825,0.0,0.0,0.0,0.001201716738197,0.023519313304721,0.143519313304721,0.424034334763948,0.407725321888412
5,4,0,0,0,11,121,898,2453,2337,5820,0.0,0.0,0.0,0.001890034364261,0.020790378006873,0.154295532646048,0.421477663230241,0.401546391752577
5,5,0,0,1,6,125,828,2538,2317,5815,0.0,0.0,0.000171969045572,0.001031814273431,0.021496130696475,0.142390369733448,0.436457437661221,0.398452278589854
5,6,0,0,0,11,134,895,2450,2320,5810,0.0,0.0,0.0,0.001893287435456,0.023063683304647,0.154044750430293,0.421686746987952,0.399311531841652
5,7,0,0,0,5,134,880,2411,2375,5805,0.0,0.0,0.0,0.000861326442722,0.023083548664944,0.151593453919035,0.415331610680448,0.409130060292851
5,8,0,0,0,9,138,851,2473,2329,5800,0.0,0.0,0.0,0.001551724137931,0.023793103448276,0.146724137931034,0.426379310344828,0.401551724137931
5,9,0,0,0,5,131,844,2480,2335,5795,0.0,0.0,0.0,0.000862812769629,0.02260569456428,0.145642795513374,0.427955133735979,0.402933563416739
5,10,0,0,0,5,128,864,2435,2358,5790,0.0,0.0,0.0,0.000863557858377,0.022107081174439,0.149222797927461,0.420552677029361,0.407253886010363
5,11,0,0,0,11,129,827,2485,2333,5785,0.0,0.0,0.0,0.0019014693172,0.022299049265341,0.14295592048401,0.429559204840104,0.403284356093345
5,12,0,0,1,14,112,872,2465,2316,5780,0.0,0.0,0.000173010380623,0.00242214532872,0.019377162629758,0.150865051903114,0.426470588235294,0.400692041522491
5,13,0,0,0,7,121,840,2443,2364,5775,0.0,0.0,0.0,0.001212121212121,0.020952380952381,0.145454545454545,0.423030303030303,0.409350649350649
5,14,0,0,0,7,136,844,2414,2369,5770,0.0,0.0,0.0,0.001213171577123,0.023570190641248,0.146273830155979,0.418370883882149,0.410571923743501
5,15,0,0,0,7,109,820,2465,2364,5765,0.0,0.0,0.0,0.001214223764094,0.018907198612316,0.142237640936687,0.427580225498699,0.410060711188205
5,16,0,0,0,5,125,816,2444,2370,5760,0.0,0.0,0.0,0.000868055555556,0.021701388888889,0.141666666666667,0.424305555555556,0.411458333333333
5,17,0,0,0,10,111,850,2517,2267,5755,0.0,0.0,0.0,0.001737619461338,0.019287576020851,0.147697654213727,0.437358818418766,0.393918331885317
5,18,0,0,0,6,140,859,2422,2323,5750,0.0,0.0,0.0,0.00104347826087,0.024347826086957,0.149391304347826,0.421217391304348,0.404
5,19,0,0,0,8,113,872,2421,2331,5745,0.0,0.0,0.0,0.001392515230635,0.019669277632724,0.151784160139252,0.421409921671018,0.405744125326371
5,20,0,0,0,6,123,843,2500,2268,5740,0.0,0.0,0.0,0.001045296167247,0.021428571428571,0.146864111498258,0.435540069686411,0.395121951219512
5,21,0,0,0,8,130,820,2482,2295,5735,0.0,0.0,0.0,0.001394943330427,0.022667829119442,0.142981691368788,0.432781168265039,0.400174367916303
5,22,0,0,0,7,145,876,2434,2268,5730,0.0,0.0,0.0,0.001221640488656,0.025305410122164,0.152879581151832,0.42478184991274,0.395811518324607
5,23,0,0,0,12,121,880,2478,2234,5725,0.0,0.0,0.0,0.002096069868996,0.021135371179039,0.153711790393013,0.432838427947598,0.390218340611354
5,24,0,0,0,6,131,872,2377,2334,5720,0.0,0.0,0.0,0.001048951048951,0.022902097902098,0.152447552447552,0.415559440559441,0.408041958041958
5,25,0,0,1,6,116,831,2426,2335,5715,0.0,0.0,0.000174978127734,0.001049868766404,0.020297462817148,0.145406824146982,0.424496937882765,0.408573928258968
5,26,0,0,0,7,116,889,2387,2311,5710,0.0,0.0,0.0,0.00122591943958,0.02031523642732,0.15569176882662,0.418038528896672,0.404728546409807
5,27,0,0,0,3,111,846,2408,2337,5705,0.0,0.0,0.0,0.000525854513585,0.019456617002629,0.14829097283085,0.422085889570552,0.409640666082384
5,28,0,0,0,4,114,871,2426,2285,5700,0.0,0.0,0.0,0.000701754385965,0.02,0.15280701754386,0.425614035087719,0.400877192982456
5,29,0,0,0,4,125,831,2432,2303,5695,0.0,0.0,0.0,0.000702370500439,0.021949078138718,0.145917471466198,0.427041264266901,0.404389815627744
5,30,0,0,0,7,116,891,2439,2237,5690,0.0,0.0,0.0,0.001230228471002,0.020386643233743,0.156590509666081,0.428646748681898,0.393145869947276
5,31,0,0,0,10,119,831,2457,2268,5685,0.0,0.0,0.0,0.001759014951627,0.020932277924362,0.146174142480211,0.432189973614776,0.398944591029024
5,32,0,0,0,5,137,858,2391,2289,5680,0.0,0.0,0.0,0.000880281690141,0.024119718309859,0.151056338028169,0.420950704225352,0.402992957746479
5,33,0,0,0,3,117,859,2420,2276,5675,0.0,0.0,0.0,0.000528634361233,0.020616740088106,0.15136563876652,0.426431718061674,0.401057268722467
5,34,0,0,1,12,137,838,2428,2254,5670,0.0,0.0,0.000176366843034,0.002116402116402,0.024162257495591,0.147795414462081,0.428218694885362,0.397530864197531
5,35,0,0,1,8,129,839,2397,2291,5665,0.0,0.0,0.00017652250662,0.001412180052957,0.022771403353928,0.148102383053839,0.423124448367167,0.40441306266549
5,36,0,0,0,7,137,850,2367,2299,5660,0.0,0.0,0.0,0.001236749116608,0.024204946996466,0.15017667844523,0.418197879858657,0.406183745583039
5,37,0,0,0,13,141,871,2324,2306,5655,0.0,0.0,0.0,0.002298850574713,0.024933687002653,0.154022988505747,0.410963748894783,0.407780725022104
5,38,0,0,0,6,134,832,2423,2255,5650,0.0,0.0,0.0,0.001061946902655,0.023716814159292,0.147256637168142,0.428849557522124,0.399115044247788
5,39,0,0,0,12,128,829,2388,2288,5645,0.0,0.0,0.0,0.002125775022143,0.022674933569531,0.146855624446413,0.423029229406554,0.405314437555359
5,40,0,0,0,6,136,863,2355,2280,5640,0.0,0.0,0.0,0.001063829787234,0.024113475177305,0.153014184397163,0.417553191489362,0.404255319148936
5,41,0,0,0,8,127,854,2370,2276,5635,0.0,0.0,0.0,0.001419698314108,0.022537710736468,0.151552795031056,0.42058562555457,0.403904170363798
5,42,0,0,0,11,107,866,2291,2355,5630,0.0,0.0,0.0,0.001953818827709,0.019005328596803,0.153818827708703,0.406927175843694,0.418294849023091
5,43,0,0,0,7,126,769,2361,2362,5625,0.0,0.0,0.0,0.001244444444444,0.0224,0.136711111111111,0.419733333333333,0.419911111111111
5,44,0,0,0,10,110,848,2363,2289,5620,0.0,0.0,0.0,0.001779359430605,0.019572953736655,0.150889679715302,0.420462633451957,0.40729537366548
5,45,0,0,0,5,115,823,2440,2232,5615,0.0,0.0,0.0,0.000890471950134,0.020480854853072,0.146571682991986,0.434550311665183,0.397506678539626
5,46,0,0,1,6,146,828,2380,2249,5610,0.0,0.0,0.00017825311943,0.001069518716578,0.02602495543672,0.147593582887701,0.424242424242424,0.400891265597148
5,47,0,0,1,7,126,840,2347,2284,5605,0.0,0.0,0.000178412132025,0.001248884924175,0.022479928635147,0.149866190900981,0.418733273862623,0.407493309545049
5,48,0,0,0,9,117,825,2358,2291,5600,0.0,0.0,0.0,0.001607142857143,0.020892857142857,0.147321428571429,0.421071428571429,0.409107142857143
5,49,0,0,0,9,113,867,2344,2262,5595,0.0,0.0,0.0,0.001608579088472,0.020196604110813,0.154959785522788,0.418945487042002,0.404289544235925
5,50,0,0,0,7,126,834,2381,2242,5590,0.0,0.0,0.0,0.001252236135957,0.022540250447227,0.149194991055456,0.425939177101968,0.401073345259392
5,51,0,0,0,8,95,856,2390,2236,5585,0.0,0.0,0.0,0.001432408236347,0.017009847806625,0.153267681289167,0.427931960608773,0.400358102059087
5,52,0,0,0,8,115,802,2322,2333,5580,0.0,0.0,0.0,0.001433691756272,0.020609318996416,0.143727598566308,0.416129032258065,0.418100358422939
5,53,0,0,0,10,128,800,2404,2233,5575,0.0,0.0,0.0,0.001793721973094,0.022959641255605,0.143497757847534,0.431210762331839,0.400538116591928
5,54,0,0,0,8,121,791,2364,2286,5570,0.0,0.0,0.0,0.001436265709156,0.021723518850987,0.142010771992819,0.424416517055655,0.410412926391382
5,55,0,0,1,7,107,839,2305,2306,5565,0.0,0.0,0.000179694519317,0.00125786163522,0.019227313566936,0.150763701707098,0.414195867026056,0.414375561545373
5,56,0,0,0,6,112,851,2338,2253,5560,0.0,0.0,0.0,0.001079136690647,0.020143884892086,0.153057553956835,0.420503597122302,0.405215827338129
5,57,0,0,1,8,131,840,2350,2225,5555,0.0,0.0,0.0001800180018,0.001440144014401,0.023582358235824,0.151215121512151,0.423042304230423,0.400540054005401
5,58,0,0,2,6,129,787,2395,2231,5550,0.0,0.0,0.00036036036036,0.001081081081081,0.023243243243243,0.141801801801802,0.431531531531532,0.401981981981982
5,59,0,0,0,7,131,837,2351,2219,5545,0.0,0.0,0.0,0.001262398557259,0.023624887285843,0.150946798917944,0.423985572587917,0.400180342651037
5,60,0,0,0,8,117,830,2361,2224,5540,0.0,0.0,0.0,0.0014440433213,0.021119133574007,0.149819494584838,0.426173285198556,0.4014440433213
5,61,0,0,0,6,116,830,2308,2275,5535,0.0,0.0,0.0,0.001084010840108,0.020957542908762,0.149954832881662,0.416982836495032,0.411020776874435
5,62,0,0,1,10,110,817,2394,2198,5530,0.0,0.0,0.000180831826401,0.001808318264014,0.019891500904159,0.147739602169982,0.432911392405063,0.39746835443038
5,63,0,0,0,4,121,818,2380,2202,5525,0.0,0.0,0.0,0.000723981900452,0.021900452488688,0.148054298642534,0.430769230769231,0.398552036199095
5,64,0,0,0,2,122,798,2361,2237,5520,0.0,0.0,0.0,0.00036231884058,0.022101449275362,0.144565217391304,0.427717391304348,0.405253623188406
5,65,0,0,0,10,122,825,2312,2246,5515,0.0,0.0,0.0,0.00181323662738,0.022121486854034,0.14959202175884,0.419220308250227,0.407252946509519
5,66,0,0,0,6,111,831,2365,2197,5510,0.0,0.0,0.0,0.001088929219601,0.020145190562613,0.150816696914701,0.429219600725953,0.398729582577132
5,67,0,0,0,9,121,848,2302,2225,5505,0.0,0.0,0.0,0.001634877384196,0.021980018165304,0.154041780199818,0.418165304268847,0.404178019981835
5,68,0,0,0,12,115,787,2290,2296,5500,0.0,0.0,0.0,0.002181818181818,0.020909090909091,0.143090909090909,0.416363636363636,0.417454545454545
5,69,0,0,0,8,121,850,2309,2207,5495,0.0,0.0,0.0,0.001455868971793,0.022020018198362,0.154686078252957,0.420200181983621,0.401637852593267
5,70,0,0,0,4,124,790,2350,2222,5490,0.0,0.0,0.0,0.000728597449909,0.022586520947177,0.143897996357013,0.428051001821494,0.404735883424408
5,71,0,0,1,8,129,772,2369,2206,5485,0.0,0.0,0.000182315405652,0.001458523245214,0.023518687329079,0.140747493163172,0.431905195989061,0.402187784867821
5,72,0,0,0,8,122,826,2316,2208,5480,0.0,0.0,0.0,0.001459854014599,0.022262773722628,0.150729927007299,0.422627737226277,0.402919708029197
5,73,0,0,0,9,117,838,2267,2244,5475,0.0,0.0,0.0,0.001643835616438,0.021369863013699,0.153059360730594,0.414063926940639,0.40986301369863
5,74,0,0,0,9,120,762,2390,2189,5470,0.0,0.0,0.0,0.00164533820841,0.021937842778793,0.139305301645338,0.436928702010969,0.40018281535649
5,75,0,0,0,6,104,824,2250,2281,5465,0.0,0.0,0.0,0.001097895699909,0.019030192131747,0.150777676120769,0.411710887465691,0.417383348581885
5,76,0,0,0,2,133,763,2277,2285,5460,0.0,0.0,0.0,0.0003663003663,0.024358974358974,0.13974358974359,0.417032967032967,0.418498168498169
5,77,0,0,0,6,102,813,2338,2196,5455,0.0,0.0,0.0,0.001099908340972,0.018698441796517,0.14903758020165,0.428597616865261,0.4025664527956
5,78,0,0,1,13,136,811,2272,2217,5450,0.0,0.0,0.000183486238532,0.002385321100917,0.024954128440367,0.148807339449541,0.416880733944954,0.406788990825688
5,79,0,0,0,5,105,802,2343,2190,5445,0.0,0.0,0.0,0.000918273645546,0.019283746556474,0.147291092745638,0.43030303030303,0.402203856749311
5,80,0,0,0,9,108,813,2320,2190,5440,0.0,0.0,0.0,0.001654411764706,0.019852941176471,0.149448529411765,0.426470588235294,0.402573529411765
5,81,0,0,0,6,114,828,2323,2164,5435,0.0,0.0,0.0,0.001103955841766,0.02097516099356,0.152345906163753,0.427414903403864,0.398160073597056
5,82,0,0,0,3,133,816,2284,2194,5430,0.0,0.0,0.0,0.000552486187845,0.024493554327808,0.150276243093923,0.420626151012891,0.404051565377532
5,83,0,0,0,3,118,783,2291,2230,5425,0.0,0.0,0.0,0.000552995391705,0.021751152073733,0.144331797235023,0.422304147465438,0.411059907834101
5,84,0,0,0,10,118,831,2259,2202,5420,0.0,0.0,0.0,0.001845018450185,0.021771217712177,0.153321033210332,0.416789667896679,0.406273062730627
5,85,0,0,0,9,111,795,2314,2186,5415,0.0,0.0,0.0,0.001662049861496,0.020498614958449,0.146814404432133,0.427331486611265,0.403693444136657
5,86,0,0,0,2,100,770,2337,2201,5410,0.0,0.0,0.0,0.000369685767098,0.018484288354898,0.142329020332717,0.431977818853974,0.406839186691312
5,87,0,0,0,10,113,769,2299,2214,5405,0.0,0.0,0.0,0.001850138760407,0.020906567992599,0.142275670675301,0.425346901017576,0.409620721554117
5,88,0,0,0,6,133,806,2285,2170,5400,0.0,0.0,0.0,0.001111111111111,0.02462962962963,0.149259259259259,0.423148148148148,0.401851851851852
5,89,0,0,1,12,105,852,2270,2155,5395,0.0,0.0,0.000185356811863,0.002224281742354,0.019462465245598,0.157924003707136,0.420759962928638,0.399443929564411
5,90,0,0,0,6,135,811,2291,2147,5390,0.0,0.0,0.0,0.001113172541744,0.025046382189239,0.150463821892393,0.425046382189239,0.398330241187384
5,91,0,0,0,11,133,778,2243,2220,5385,0.0,0.0,0.0,0.002042711234912,0.024698235840297,0.14447539461467,0.41652739090065,0.412256267409471
5,92,0,0,0,7,144,820,2313,2096,5380,0.0,0.0,0.0,0.001301115241636,0.026765799256506,0.152416356877323,0.429925650557621,0.389591078066915
5,93,0,0,0,5,113,848,2210,2199,5375,0.0,0.0,0.0,0.00093023255814,0.021023255813953,0.157767441860465,0.411162790697674,0.409116279069767
5,94,0,0,0,6,118,807,2240,2199,5370,0.0,0.0,0.0,0.001117318435754,0.021973929236499,0.150279329608939,0.417132216014898,0.409497206703911
5,95,0,0,0,9,118,835,2302,2101,5365,0.0,0.0,0.0,0.001677539608574,0.021994408201305,0.155638397017707,0.429077353215284,0.39161230195713
5,96,0,0,0,9,112,773,2302,2164,5360,0.0,0.0,0.0,0.001679104477612,0.02089552238806,0.144216417910448,0.429477611940298,0.403731343283582
5,97,0,0,0,5,136,820,2253,2141,5355,0.0,0.0,0.0,0.00093370681606,0.025396825396825,0.1531279178338,0.420728291316527,0.399813258636788
5,98,0,0,0,6,136,766,2322,2120,5350,0.0,0.0,0.0,0.001121495327103,0.025420560747664,0.143177570093458,0.434018691588785,0.396261682242991
5,99,0,0,0,8,106,839,2264,2128,5345,0.0,0.0,0.0,0.001496725912067,0.019831618334892,0.156969130028064,0.423573433115061,0.398129092609916
5,100,0,0,1,6,109,774,2282,2168,5340,0.0,0.0,0.000187265917603,0.001123595505618,0.020411985018727,0.144943820224719,0.427340823970037,0.405992509363296
5,101,0,0,1,3,114,823,2208,2186,5335,0.0,0.0,0.000187441424555,0.000562324273664,0.02136832239925,0.154264292408622,0.413870665417057,0.409746954076851
5,102,0,0,1,7,130,765,2303,2124,5330,0.0,0.0,0.000187617260788,0.001313320825516,0.024390243902439,0.143527204502814,0.432082551594747,0.398499061913696
5,103,0,0,0,4,116,814,2188,2203,5325,0.0,0.0,0.0,0.00075117370892,0.021784037558685,0.152863849765258,0.410892018779343,0.413708920187793
5,104,0,0,0,7,124,821,2260,2108,5320,0.0,0.0,0.0,0.001315789473684,0.023308270676692,0.154323308270677,0.424812030075188,0.396240601503759
5,105,0,0,0,5,131,779,2281,2119,5315,0.0,0.0,0.0,0.000940733772342,0.024647224835372,0.14656632173095,0.429162746942615,0.398682972718721
5,106,0,0,0,2,104,785,2287,2132,5310,0.0,0.0,0.0,0.000376647834275,0.019585687382298,0.147834274952919,0.430696798493409,0.4015065913371
5,107,0,0,0,4,136,830,2193,2142,5305,0.0,0.0,0.0,0.000754005655042,0.025636192271442,0.156456173421301,0.413383600377003,0.403770028275212
5,108,0,0,1,11,122,776,2220,2170,5300,0.0,0.0,0.000188679245283,0.002075471698113,0.023018867924528,0.146415094339623,0.418867924528302,0.409433962264151
5,109,0,0,0,4,99,796,2213,2183,5295,0.0,0.0,0.0,0.000755429650614,0.018696883852691,0.150330500472144,0.417941454202077,0.412275731822474
5,110,0,0,1,15,113,770,2291,2100,5290,0.0,0.0,0.000189035916824,0.002835538752363,0.021361058601134,0.145557655954631,0.433081285444234,0.396975425330813
5,111,0,0,0,12,112,816,2212,2133,5285,0.0,0.0,0.0,0.002270577105014,0.021192052980132,0.154399243140965,0.418543046357616,0.403595080416272
5,112,0,0,0,3,105,756,2283,2133,5280,0.0,0.0,0.0,0.000568181818182,0.019886363636364,0.143181818181818,0.432386363636364,0.403977272727273
5,113,0,0,0,4,108,734,2309,2120,5275,0.0,0.0,0.0,0.000758293838863,0.020473933649289,0.13914691943128,0.437725118483412,0.401895734597156
5,114,0,0,0,6,142,784,2229,2109,5270,0.0,0.0,0.0,0.001138519924099,0.026944971537002,0.14876660341556,0.422960151802657,0.400189753320683
5,115,0,0,0,8,109,808,2204,2136,5265,0.0,0.0,0.0,0.001519468186135,0.020702754036087,0.15346628679962,0.418613485280152,0.405698005698006
5,116,0,0,0,12,98,783,2207,2160,5260,0.0,0.0,0.0,0.002281368821293,0.018631178707224,0.148859315589354,0.41958174904943,0.4106463878327
5,117,0,0,0,12,104,795,2284,2060,5255,0.0,0.0,0.0,0.002283539486204,0.019790675547098,0.15128449096099,0.434633682207421,0.392007611798287
5,118,0,0,0,8,118,798,2268,2058,5250,0.0,0.0,0.0,0.00152380952381,0.02247619047619,0.152,0.432,0.392
5,119,0,0,0,11,99,742,2269,2124,5245,0.0,0.0,0.0,0.002097235462345,0.018875119161106,0.141468064823642,0.432602478551001,0.404957102001907
5,120,0,0,0,6,126,747,2242,2119,5240,0.0,0.0,0.0,0.001145038167939,0.024045801526718,0.142557251908397,0.427862595419847,0.404389312977099
5,121,0,0,1,12,105,829,2154,2134,5235,0.0,0.0,0.000191021967526,0.002292263610315,0.020057306590258,0.158357211079274,0.411461318051576,0.407640878701051
5,122,0,0,0,9,144,795,2217,2065,5230,0.0,0.0,0.0,0.001720841300191,0.027533460803059,0.152007648183556,0.423900573613767,0.394837476099426
5,123,0,0,0,9,128,783,2203,2102,5225,0.0,0.0,0.0,0.001722488038278,0.024497607655502,0.149856459330144,0.421626794258373,0.402296650717703
5,124,0,0,0,8,118,791,2186,2117,5220,0.0,0.0,0.0,0.001532567049808,0.022605363984674,0.151532567049808,0.418773946360153,0.405555555555556
5,125,0,0,0,3,96,824,2178,2114,5215,0.0,0.0,0.0,0.000575263662512,0.018408437200384,0.158005752636625,0.417641418983701,0.405369127516779
5,126,0,0,0,7,120,781,2211,2091,5210,0.0,0.0,0.0,0.001343570057582,0.023032629558541,0.149904030710173,0.424376199616123,0.401343570057582
5,127,0,0,0,8,111,783,2239,2064,5205,0.0,0.0,0.0,0.001536983669549,0.021325648414986,0.150432276657061,0.43016330451489,0.396541786743516
5,128,0,0,0,4,111,768,2212,2105,5200,0.0,0.0,0.0,0.000769230769231,0.021346153846154,0.147692307692308,0.425384615384615,0.404807692307692
5,129,0,0,0,6,119,803,2182,2085,5195,0.0,0.0,0.0,0.001154956689124,0.022906641000962,0.154571703561116,0.420019249278152,0.401347449470645
5,130,0,0,0,7,101,798,2127,2157,5190,0.0,0.0,0.0,0.001348747591522,0.019460500963391,0.153757225433526,0.409826589595376,0.415606936416185
5,131,0,0,0,5,119,753,2169,2139,5185,0.0,0.0,0.0,0.000964320154291,0.022950819672131,0.145226615236258,0.418322082931533,0.412536162005786
5,132,0,0,0,10,108,784,2199,2079,5180,0.0,0.0,0.0,0.001930501930502,0.020849420849421,0.151351351351351,0.424517374517375,0.401351351351351
5,133,0,0,0,8,111,771,2189,2096,5175,0.0,0.0,0.0,0.001545893719807,0.021449275362319,0.148985507246377,0.422995169082126,0.405024154589372
5,134,0,0,0,6,120,765,2191,2088,5170,0.0,0.0,0.0,0.001160541586074,0.02321083172147,0.147969052224371,0.423791102514507,0.403868471953578
5,135,0,0,0,3,118,790,2214,2040,5165,0.0,0.0,0.0,0.000580832526621,0.022846079380445,0.152952565343659,0.42865440464666,0.394966118102614
5,136,0,0,0,3,109,780,2173,2095,5160,0.0,0.0,0.0,0.000581395348837,0.021124031007752,0.151162790697674,0.421124031007752,0.406007751937984
5,137,0,0,0,11,95,745,2254,2050,5155,0.0,0.0,0.0,0.002133850630456,0.018428709990301,0.144519883608147,0.437245392822502,0.397672162948594
5,138,0,0,0,13,109,760,2183,2085,5150,0.0,0.0,0.0,0.00252427184466,0.021165048543689,0.147572815533981,0.423883495145631,0.404854368932039
5,139,0,0,0,9,96,805,2185,2050,5145,0.0,0.0,0.0,0.001749271137026,0.01865889212828,0.156462585034014,0.424684159378037,0.398445092322643
5,140,0,0,0,7,120,789,2120,2104,5140,0.0,0.0,0.0,0.00136186770428,0.023346303501946,0.153501945525292,0.412451361867704,0.409338521400778
5,141,0,0,0,6,112,766,2177,2074,5135,0.0,0.0,0.0,0.001168451801363,0.021811100292113,0.149172346640701,0.423953261927945,0.403894839337877
5,142,0,0,1,6,103,760,2128,2132,5130,0.0,0.0,0.000194931773879,0.001169590643275,0.020077972709552,0.148148148148148,0.414814814814815,0.415594541910331
5,143,0,0,0,6,130,780,2120,2089,5125,0.0,0.0,0.0,0.001170731707317,0.025365853658537,0.15219512195122,0.413658536585366,0.407609756097561
5,144,0,0,0,5,118,744,2209,2044,5120,0.0,0.0,0.0,0.0009765625,0.023046875,0.1453125,0.4314453125,0.39921875
5,145,0,0,1,7,121,783,2192,2011,5115,0.0,0.0,0.00019550342131,0.001368523949169,0.023655913978495,0.15307917888563,0.428543499511241,0.393157380254154
5,146,0,0,0,9,100,780,2123,2098,5110,0.0,0.0,0.0,0.001761252446184,0.019569471624266,0.152641878669276,0.41545988258317,0.410567514677104
5,147,0,0,0,9,110,762,2152,2072,5105,0.0,0.0,0.0,0.001762977473066,0.02154750244858,0.149265426052889,0.42154750244858,0.405876591576885
5,148,0,0,0,5,101,764,2158,2072,5100,0.0,0.0,0.0,0.000980392156863,0.019803921568627,0.149803921568627,0.423137254901961,0.406274509803922
5,149,0,0,0,6,124,743,2186,2036,5095,0.0,0.0,0.0,0.001177625122669,0.024337585868499,0.145829244357213,0.429048086359176,0.399607458292444
5,150,0,0,0,4,117,770,2163,2036,5090,0.0,0.0,0.0,0.000785854616896,0.022986247544204,0.151277013752456,0.424950884086444,0.4
5,151,0,0,0,10,106,815,2140,2014,5085,0.0,0.0,0.0,0.00196656833825,0.020845624385447,0.160275319567355,0.420845624385447,0.3960668633235
5,152,0,0,0,11,98,747,2143,2081,5080,0.0,0.0,0.0,0.002165354330709,0.019291338582677,0.147047244094488,0.421850393700787,0.409645669291339
5,153,0,0,0,7,115,779,2185,1989,5075,0.0,0.0,0.0,0.001379310344828,0.022660098522167,0.153497536945813,0.430541871921182,0.39192118226601
5,154,0,0,0,8,123,732,2128,2079,5070,0.0,0.0,0.0,0.001577909270217,0.024260355029586,0.144378698224852,0.419723865877712,0.410059171597633
5,155,0,0,0,5,107,722,2138,2093,5065,0.0,0.0,0.0,0.000987166831194,0.021125370187562,0.142546890424482,0.422112537018756,0.413228035538006
5,156,0,0,0,3,111,753,2095,2098,5060,0.0,0.0,0.0,0.000592885375494,0.021936758893281,0.148814229249012,0.41403162055336,0.414624505928854
5,157,0,0,0,5,111,751,2168,2020,5055,0.0,0.0,0.0,0.000989119683482,0.021958456973294,0.148565776458952,0.428882294757666,0.399604352126607
5,158,0,0,0,7,117,743,2156,2027,5050,0.0,0.0,0.0,0.001386138613861,0.023168316831683,0.147128712871287,0.426930693069307,0.401386138613861
5,159,0,0,0,4,123,775,2113,2030,5045,0.0,0.0,0.0,0.000792864222002,0.024380574826561,0.153617443012884,0.418830525272547,0.402378592666006
5,160,0,0,0,5,108,751,2163,2013,5040,0.0,0.0,0.0,0.000992063492063,0.021428571428571,0.149007936507937,0.429166666666667,0.399404761904762
5,161,0,0,0,8,112,771,2098,2046,5035,0.0,0.0,0.0,0.001588877855015,0.022244289970209,0.153128103277061,0.416683217477656,0.40635551142006
5,162,0,0,1,10,127,743,2092,2057,5030,0.0,0.0,0.000198807157058,0.001988071570577,0.025248508946322,0.147713717693837,0.415904572564612,0.408946322067594
5,163,0,0,0,8,109,789,2123,1996,5025,0.0,0.0,0.0,0.001592039800995,0.021691542288557,0.157014925373134,0.422487562189055,0.397213930348259
5,164,0,0,0,6,93,761,2137,2023,5020,0.0,0.0,0.0,0.001195219123506,0.018525896414343,0.151593625498008,0.425697211155379,0.402988047808765
5,165,0,0,0,6,97,765,2098,2049,5015,0.0,0.0,0.0,0.001196410767697,0.019341974077767,0.152542372881356,0.418344965104686,0.408574277168495
5,166,0,0,1,10,98,742,2143,2016,5010,0.0,0.0,0.000199600798403,0.001996007984032,0.019560878243513,0.14810379241517,0.427744510978044,0.402395209580838
5,167,0,0,0,5,123,735,2137,2005,5005,0.0,0.0,0.0,0.000999000999001,0.024575424575425,0.146853146853147,0.426973026973027,0.400599400599401
5,168,0,0,0,6,120,751,2095,2028,5000,0.0,0.0,0.0,0.0012,0.024,0.1502,0.419,0.4056
5,169,0,0,0,4,121,741,2120,2009,4995,0.0,0.0,0.0,0.000800800800801,0.024224224224224,0.148348348348348,0.424424424424424,0.402202202202202
5,170,0,0,0,10,91,741,2167,1981,4990,0.0,0.0,0.0,0.002004008016032,0.018236472945892,0.148496993987976,0.434268537074148,0.396993987975952
5,171,0,0,0,7,107,758,2102,2011,4985,0.0,0.0,0.0,0.001404212637914,0.021464393179539,0.152056168505517,0.421664994984955,0.403410230692076
5,172,0,0,0,8,131,741,2059,2041,4980,0.0,0.0,0.0,0.001606425702811,0.026305220883534,0.148795180722892,0.413453815261044,0.409839357429719
5,173,0,0,0,4,129,742,2172,1928,4975,0.0,0.0,0.0,0.000804020100503,0.025929648241206,0.149145728643216,0.436582914572864,0.387537688442211
5,174,0,0,0,2,105,731,2074,2058,4970,0.0,0.0,0.0,0.000402414486922,0.02112676056338,0.147082494969819,0.417303822937626,0.414084507042254
5,175,0,0,0,10,94,755,2128,1978,4965,0.0,0.0,0.0,0.002014098690836,0.018932527693857,0.152064451158107,0.428600201409869,0.398388721047331
5,176,0,0,0,8,104,800,2069,1979,4960,0.0,0.0,0.0,0.001612903225806,0.020967741935484,0.161290322580645,0.417137096774194,0.398991935483871
5,177,0,0,0,14,105,700,2156,1980,4955,0.0,0.0,0.0,0.002825428859738,0.021190716448032,0.141271442986882,0.435116044399596,0.399596367305752
5,178,0,0,0,5,107,711,2110,2017,4950,0.0,0.0,0.0,0.001010101010101,0.021616161616162,0.143636363636364,0.426262626262626,0.407474747474747
5,179,0,0,0,5,113,702,2109,2016,4945,0.0,0.0,0.0,0.001011122345804,0.022851365015167,0.141961577350859,0.426491405460061,0.407684529828109
5,180,0,0,0,5,138,807,2052,1938,4940,0.0,0.0,0.0,0.001012145748988,0.027935222672065,0.16336032388664,0.415384615384615,0.392307692307692
5,181,0,0,0,6,111,740,2051,2027,4935,0.0,0.0,0.0,0.001215805471125,0.022492401215805,0.149949341438703,0.415602836879433,0.410739614994934
5,182,0,0,0,7,89,744,2151,1939,4930,0.0,0.0,0.0,0.001419878296146,0.018052738336714,0.150912778904665,0.43630831643002,0.393306288032454
5,183,0,0,1,9,101,746,2083,1985,4925,0.0,0.0,0.000203045685279,0.001827411167513,0.020507614213198,0.151472081218274,0.422944162436548,0.403045685279188
5,184,0,0,0,5,95,753,2096,1971,4920,0.0,0.0,0.0,0.001016260162602,0.019308943089431,0.153048780487805,0.426016260162602,0.400609756097561
5,185,0,0,0,8,104,730,2099,1974,4915,0.0,0.0,0.0,0.001627670396745,0.021159715157681,0.14852492370295,0.42706002034588,0.401627670396745
5,186,0,0,0,4,115,730,2066,1995,4910,0.0,0.0,0.0,0.00081466395112,0.023421588594705,0.14867617107943,0.420773930753564,0.406313645621181
5,187,0,0,1,3,119,750,2069,1963,4905,0.0,0.0,0.000203873598369,0.000611620795107,0.024260958205912,0.152905198776758,0.421814475025484,0.400203873598369
5,188,0,0,0,8,116,723,2073,1980,4900,0.0,0.0,0.0,0.001632653061224,0.023673469387755,0.147551020408163,0.423061224489796,0.404081632653061
5,189,0,0,0,5,96,751,2087,1956,4895,0.0,0.0,0.0,0.001021450459653,0.019611848825332,0.153421859039837,0.42635342185904,0.399591419816139
5,190,0,0,0,12,104,732,2075,1967,4890,0.0,0.0,0.0,0.002453987730061,0.021267893660532,0.149693251533742,0.424335378323108,0.402249488752556
5,191,0,0,0,8,122,726,2059,1970,4885,0.0,0.0,0.0,0.001637666325486,0.024974411463664,0.148618219037871,0.421494370522006,0.403275332650972
5,192,0,0,0,6,135,736,2071,1932,4880,0.0,0.0,0.0,0.001229508196721,0.02766393442623,0.150819672131148,0.424385245901639,0.395901639344262
5,193,0,0,0,9,118,727,2047,1974,4875,0.0,0.0,0.0,0.001846153846154,0.024205128205128,0.149128205128205,0.419897435897436,0.404923076923077
5,194,0,0,0,13,118,714,2062,1963,4870,0.0,0.0,0.0,0.002669404517454,0.024229979466119,0.146611909650924,0.423408624229979,0.403080082135524
5,195,0,0,0,7,100,716,2093,1949,4865,0.0,0.0,0.0,0.001438848920863,0.020554984583762,0.147173689619733,0.43021582733813,0.400616649537513
5,196,0,0,0,6,106,754,2075,1919,4860,0.0,0.0,0.0,0.001234567901235,0.021810699588477,0.155144032921811,0.426954732510288,0.394855967078189
5,197,0,0,0,10,114,760,1983,1988,4855,0.0,0.0,0.0,0.002059732234809,0.023480947476828,0.15653964984552,0.408444902162719,0.409474768280124
5,198,0,0,2,7,99,678,2108,1956,4850,0.0,0.0,0.000412371134021,0.001443298969072,0.020412371134021,0.13979381443299,0.434639175257732,0.403298969072165
5,199,0,0,0,6,115,692,2077,1955,4845,0.0,0.0,0.0,0.001238390092879,0.023735810113519,0.142827657378741,0.428689370485036,0.403508771929825
5,200,0,0,0,5,92,710,2054,1979,4840,0.0,0.0,0.0,0.00103305785124,0.01900826446281,0.146694214876033,0.424380165289256,0.408884297520661
5,201,0,0,0,5,112,747,2052,1919,4835,0.0,0.0,0.0,0.001034126163392,0.023164426059979,0.154498448810755,0.42440537745605,0.396897621509824
5,202,0,0,0,4,108,702,2074,1942,4830,0.0,0.0,0.0,0.000828157349896,0.022360248447205,0.145341614906832,0.429399585921325,0.402070393374741
5,203,0,0,0,9,102,728,2073,1913,4825,0.0,0.0,0.0,0.001865284974093,0.021139896373057,0.150880829015544,0.429637305699482,0.396476683937824
5,204,0,0,0,11,99,708,2047,1955,4820,0.0,0.0,0.0,0.002282157676349,0.020539419087137,0.146887966804979,0.424688796680498,0.405601659751037
5,205,0,0,0,3,114,698,2045,1955,4815,0.0,0.0,0.0,0.000623052959502,0.023676012461059,0.144963655244029,0.424714434060228,0.406022845275182
5,206,0,0,0,11,102,732,2038,1927,4810,0.0,0.0,0.0,0.002286902286902,0.021205821205821,0.152182952182952,0.423700623700624,0.400623700623701
5,207,0,0,0,3,103,725,2047,1927,4805,0.0,0.0,0.0,0.000624349635796,0.021436004162331,0.150884495317378,0.426014568158169,0.401040582726327
5,208,0,0,0,6,100,700,2057,1937,4800,0.0,0.0,0.0,0.00125,0.020833333333333,0.145833333333333,0.428541666666667,0.403541666666667
5,209,0,0,0,9,109,698,2007,1972,4795,0.0,0.0,0.0,0.001876955161627,0.022732012513034,0.145568300312826,0.418561001042753,0.41126173096976
5,210,0,0,0,6,123,694,2025,1942,4790,0.0,0.0,0.0,0.00125260960334,0.025678496868476,0.144885177453027,0.422755741127349,0.405427974947808
5,211,0,0,0,9,107,743,2030,1896,4785,0.0,0.0,0.0,0.001880877742947,0.022361546499478,0.155276907001045,0.424242424242424,0.396238244514107
5,212,0,0,0,8,109,670,2091,1902,4780,0.0,0.0,0.0,0.001673640167364,0.022803347280335,0.140167364016736,0.43744769874477,0.397907949790795
5,213,0,0,0,4,109,758,2010,1894,4775,0.0,0.0,0.0,0.000837696335079,0.02282722513089,0.158743455497382,0.420942408376963,0.396649214659686
5,214,0,0,0,3,89,713,1989,1976,4770,0.0,0.0,0.0,0.00062893081761,0.018658280922432,0.149475890985325,0.416981132075472,0.414255765199161
5,215,0,0,0,4,84,671,2109,1897,4765,0.0,0.0,0.0,0.000839454354669,0.017628541448059,0.140818467995803,0.442602308499475,0.398111227701994
5,216,1,0,1,7,91,724,2018,1918,4760,0.000210084033613,0.0,0.000210084033613,0.001470588235294,0.019117647058824,0.152100840336134,0.423949579831933,0.402941176470588
5,217,0,0,0,4,91,778,1984,1898,4755,0.0,0.0,0.0,0.000841219768665,0.019137749737119,0.163617245005258,0.417245005257624,0.399158780231335
5,218,0,0,0,4,112,721,1984,1929,4750,0.0,0.0,0.0,0.000842105263158,0.023578947368421,0.151789473684211,0.417684210526316,0.406105263157895
5,219,0,0,0,7,101,737,2012,1888,4745,0.0,0.0,0.0,0.001475237091675,0.021285563751317,0.155321390937829,0.424025289778714,0.397892518440464
5,220,0,0,0,11,98,723,1995,1913,4740,0.0,0.0,0.0,0.002320675105485,0.020675105485232,0.15253164556962,0.420886075949367,0.403586497890295
5,221,0,0,0,7,111,701,1997,1919,4735,0.0,0.0,0.0,0.001478352692714,0.023442449841605,0.1480464625132,0.421752903907075,0.405279831045407
5,222,0,0,0,11,111,734,1988,1886,4730,0.0,0.0,0.0,0.002325581395349,0.023467230443975,0.155179704016913,0.420295983086681,0.398731501057082
5,223,0,0,0,10,120,658,2022,1915,4725,0.0,0.0,0.0,0.002116402116402,0.025396825396825,0.139259259259259,0.427936507936508,0.405291005291005
5,224,0,0,0,2,94,733,2021,1870,4720,0.0,0.0,0.0,0.000423728813559,0.019915254237288,0.155296610169492,0.428177966101695,0.396186440677966
5,225,0,0,0,6,104,677,2013,1915,4715,0.0,0.0,0.0,0.001272534464475,0.022057264050901,0.143584305408271,0.426935312831389,0.406150583244963
5,226,0,0,0,9,89,773,1922,1917,4710,0.0,0.0,0.0,0.001910828025478,0.018895966029724,0.16411889596603,0.408067940552017,0.407006369426752
5,227,0,0,0,5,113,659,2053,1875,4705,0.0,0.0,0.0,0.001062699256111,0.024017003188098,0.140063761955367,0.43634431455898,0.398512221041445
5,228,0,0,1,5,106,681,1990,1917,4700,0.0,0.0,0.000212765957447,0.001063829787234,0.022553191489362,0.144893617021277,0.423404255319149,0.407872340425532
5,229,0,0,0,5,123,678,1970,1919,4695,0.0,0.0,0.0,0.001064962726305,0.026198083067093,0.144408945686901,0.419595314164004,0.408732694355698
5,230,0,0,0,1,110,726,2010,1843,4690,0.0,0.0,0.0,0.000213219616205,0.023454157782516,0.154797441364606,0.428571428571429,0.392963752665245
5,231,0,0,0,7,91,668,2094,1825,4685,0.0,0.0,0.0,0.001494130202775,0.019423692636073,0.142582710779082,0.446958377801494,0.389541088580576
5,232,0,0,0,9,96,683,2052,1840,4680,0.0,0.0,0.0,0.001923076923077,0.020512820512821,0.145940170940171,0.438461538461538,0.393162393162393
5,233,0,0,0,5,99,720,2005,1846,4675,0.0,0.0,0.0,0.001069518716578,0.021176470588235,0.154010695187166,0.428877005347594,0.394866310160428
5,234,0,0,0,4,107,675,2046,1838,4670,0.0,0.0,0.0,0.000856531049251,0.022912205567452,0.144539614561028,0.438115631691649,0.393576017130621
5,235,0,0,0,4,96,724,1979,1862,4665,0.0,0.0,0.0,0.00085744908896,0.020578778135048,0.155198285101822,0.42422293676313,0.39914255091104
5,236,0,0,0,3,100,658,2011,1888,4660,0.0,0.0,0.0,0.000643776824034,0.021459227467811,0.141201716738197,0.431545064377682,0.405150214592275
5,237,0,0,0,5,113,669,2010,1858,4655,0.0,0.0,0.0,0.001074113856069,0.024274973147154,0.143716433941998,0.431793770139635,0.399140708915145
5,238,0,0,0,5,98,696,1969,1882,4650,0.0,0.0,0.0,0.001075268817204,0.021075268817204,0.149677419354839,0.423440860215054,0.404731182795699
5,239,0,0,0,12,115,674,1958,1886,4645,0.0,0.0,0.0,0.002583423035522,0.02475780409042,0.145102260495156,0.421528525296017,0.406027987082885
5,240,0,0,0,9,102,688,1987,1854,4640,0.0,0.0,0.0,0.001939655172414,0.02198275862069,0.148275862068966,0.42823275862069,0.399568965517241
5,241,0,0,0,8,108,690,1950,1879,4635,0.0,0.0,0.0,0.001725997842503,0.023300970873786,0.148867313915858,0.420711974110032,0.405393743257821
5,242,0,0,0,2,87,656,1997,1888,4630,0.0,0.0,0.0,0.000431965442765,0.018790496760259,0.141684665226782,0.431317494600432,0.407775377969762
5,243,0,0,0,3,101,686,1997,1838,4625,0.0,0.0,0.0,0.000648648648649,0.021837837837838,0.148324324324324,0.431783783783784,0.397405405405405
5,244,0,0,0,6,114,648,2006,1846,4620,0.0,0.0,0.0,0.001298701298701,0.024675324675325,0.14025974025974,0.434199134199134,0.3995670995671
5,245,0,0,0,5,105,707,1911,1887,4615,0.0,0.0,0.0,0.001083423618635,0.022751895991333,0.153196099674973,0.414084507042254,0.408884073672806
5,246,0,0,0,7,86,721,1911,1885,4610,0.0,0.0,0.0,0.001518438177874,0.018655097613883,0.156399132321041,0.414533622559653,0.408893709327549
5,247,0,0,0,12,109,672,1963,1849,4605,0.0,0.0,0.0,0.002605863192182,0.023669923995657,0.145928338762215,0.426275787187839,0.401520086862106
5,248,0,0,1,6,91,690,1974,1838,4600,0.0,0.0,0.000217391304348,0.001304347826087,0.019782608695652,0.15,0.429130434782609,0.399565217391304
5,249,0,0,0,7,114,671,1962,1841,4595,0.0,0.0,0.0,0.001523394994559,0.02480957562568,0.146028291621328,0.426985854189336,0.400652883569097
5,250,0,0,0,8,112,702,1940,1828,4590,0.0,0.0,0.0,0.001742919389978,0.024400871459695,0.152941176470588,0.422657952069717,0.398257080610022
5,251,0,0,0,6,95,682,1944,1858,4585,0.0,0.0,0.0,0.001308615049073,0.02071973827699,0.148745910577972,0.423991275899673,0.405234460196292
5,252,0,0,0,5,88,686,1956,1845,4580,0.0,0.0,0.0,0.001091703056769,0.019213973799127,0.149781659388646,0.42707423580786,0.402838427947598
5,253,0,0,0,4,103,676,1952,1840,4575,0.0,0.0,0.0,0.000874316939891,0.022513661202186,0.14775956284153,0.426666666666667,0.402185792349727
5,254,0,0,0,4,104,683,1901,1878,4570,0.0,0.0,0.0,0.000875273522976,0.022757111597374,0.14945295404814,0.415973741794311,0.410940919037199
5,255,0,0,0,7,89,728,1896,1845,4565,0.0,0.0,0.0,0.001533406352683,0.019496166484118,0.15947426067908,0.415334063526835,0.404162102957284
5,256,0,0,0,3,96,654,1954,1853,4560,0.0,0.0,0.0,0.000657894736842,0.021052631578947,0.143421052631579,0.428508771929825,0.406359649122807
5,257,0,0,0,8,98,705,1857,1887,4555,0.0,0.0,0.0,0.001756311745335,0.021514818880351,0.154774972557629,0.40768386388584,0.414270032930845
5,258,0,0,0,8,93,646,1974,1829,4550,0.0,0.0,0.0,0.001758241758242,0.02043956043956,0.141978021978022,0.433846153846154,0.401978021978022
5,259,0,0,1,6,82,703,1895,1858,4545,0.0,0.0,0.0002200220022,0.001320132013201,0.018041804180418,0.154675467546755,0.416941694169417,0.408800880088009
5,260,0,0,0,5,98,647,2007,1783,4540,0.0,0.0,0.0,0.001101321585903,0.0215859030837,0.142511013215859,0.442070484581498,0.39273127753304
5,261,0,0,0,7,99,683,1946,1800,4535,0.0,0.0,0.0,0.00154355016538,0.021830209481808,0.150606394707828,0.429106945975744,0.396912899669239
5,262,0,0,1,6,120,698,1884,1821,4530,0.0,0.0,0.000220750551876,0.001324503311258,0.026490066225166,0.154083885209713,0.415894039735099,0.401986754966887
5,263,0,0,0,5,90,673,1938,1819,4525,0.0,0.0,0.0,0.001104972375691,0.019889502762431,0.148729281767956,0.42828729281768,0.401988950276243
5,264,0,0,0,6,87,673,1919,1835,4520,0.0,0.0,0.0,0.001327433628319,0.019247787610619,0.148893805309735,0.424557522123894,0.405973451327434
5,265,0,0,0,10,95,723,1940,1747,4515,0.0,0.0,0.0,0.002214839424142,0.021040974529347,0.160132890365449,0.429678848283499,0.386932447397564
5,266,0,0,1,4,90,726,1915,1774,4510,0.0,0.0,0.000221729490022,0.000886917960089,0.019955654101996,0.160975609756098,0.424611973392461,0.393348115299335
5,267,0,0,0,4,93,701,1864,1843,4505,0.0,0.0,0.0,0.000887902330744,0.020643729189789,0.155604883462819,0.413762486126526,0.409100998890122
5,268,0,0,0,6,105,680,1884,1825,4500,0.0,0.0,0.0,0.001333333333333,0.023333333333333,0.151111111111111,0.418666666666667,0.405555555555556
5,269,0,0,0,9,110,655,1870,1851,4495,0.0,0.0,0.0,0.002002224694105,0.024471635150167,0.145717463848721,0.416017797552836,0.411790878754171
5,270,0,0,0,9,101,629,1945,1806,4490,0.0,0.0,0.0,0.002004454342984,0.022494432071269,0.140089086859688,0.433184855233853,0.402227171492205
5,271,0,0,0,4,100,669,1946,1766,4485,0.0,0.0,0.0,0.000891861761427,0.022296544035674,0.149163879598662,0.433890746934225,0.393756967670011
5,272,0,0,0,7,100,739,1907,1727,4480,0.0,0.0,0.0,0.0015625,0.022321428571429,0.164955357142857,0.425669642857143,0.385491071428571
5,273,0,0,0,6,115,609,1947,1798,4475,0.0,0.0,0.0,0.001340782122905,0.025698324022346,0.13608938547486,0.435083798882682,0.401787709497207
5,274,0,0,0,6,110,677,1861,1816,4470,0.0,0.0,0.0,0.001342281879195,0.024608501118568,0.151454138702461,0.416331096196868,0.406263982102908
5,275,0,0,0,6,107,667,1845,1840,4465,0.0,0.0,0.0,0.001343784994401,0.023964165733483,0.149384098544233,0.413213885778276,0.412094064949608
5,276,0,0,0,6,125,649,1863,1817,4460,0.0,0.0,0.0,0.001345291479821,0.028026905829596,0.145515695067265,0.417713004484305,0.407399103139013
5,277,0,0,0,4,108,683,1920,1740,4455,0.0,0.0,0.0,0.000897867564534,0.024242424242424,0.15331088664422,0.430976430976431,0.390572390572391
5,278,0,0,0,7,89,658,1912,1784,4450,0.0,0.0,0.0,0.001573033707865,0.02,0.147865168539326,0.429662921348315,0.400898876404494
5,279,0,0,0,10,102,691,1809,1833,4445,0.0,0.0,0.0,0.002249718785152,0.022947131608549,0.155455568053993,0.406974128233971,0.412373453318335
5,280,0,0,0,13,107,680,1870,1770,4440,0.0,0.0,0.0,0.002927927927928,0.024099099099099,0.153153153153153,0.421171171171171,0.398648648648649
5,281,0,0,0,6,113,687,1864,1765,4435,0.0,0.0,0.0,0.001352874859076,0.025479143179256,0.154904171364149,0.420293122886133,0.397970687711387
5,282,0,0,0,4,93,638,1846,1849,4430,0.0,0.0,0.0,0.000902934537246,0.020993227990971,0.144018058690745,0.416704288939052,0.417381489841986
5,283,0,0,1,8,115,663,1886,1752,4425,0.0,0.0,0.000225988700565,0.00180790960452,0.025988700564972,0.149830508474576,0.426214689265537,0.39593220338983
5,284,0,0,0,6,105,626,1875,1808,4420,0.0,0.0,0.0,0.001357466063348,0.023755656108597,0.141628959276018,0.42420814479638,0.409049773755656
5,285,0,0,0,4,85,674,1842,1810,4415,0.0,0.0,0.0,0.000906002265006,0.01925254813137,0.152661381653454,0.417214043035108,0.409966024915062
5,286,0,0,0,6,84,667,1946,1707,4410,0.0,0.0,0.0,0.001360544217687,0.019047619047619,0.15124716553288,0.441269841269841,0.387074829931973
5,287,0,0,0,0,100,709,1813,1783,4405,0.0,0.0,0.0,0.0,0.022701475595914,0.160953461975028,0.411577752553916,0.404767309875142
5,288,0,0,1,7,103,652,1914,1723,4400,0.0,0.0,0.000227272727273,0.001590909090909,0.023409090909091,0.148181818181818,0.435,0.391590909090909
5,289,0,0,0,3,93,667,1860,1772,4395,0.0,0.0,0.0,0.000682593856655,0.021160409556314,0.151763367463026,0.42320819112628,0.403185437997725
5,290,0,0,1,2,95,656,1877,1759,4390,0.0,0.0,0.000227790432802,0.000455580865604,0.021640091116173,0.149430523917995,0.42756264236902,0.400683371298405
5,291,0,0,0,8,116,638,1886,1737,4385,0.0,0.0,0.0,0.001824401368301,0.026453819840365,0.145496009122007,0.430102622576967,0.39612314709236
5,292,0,0,0,4,103,662,1841,1770,4380,0.0,0.0,0.0,0.000913242009132,0.02351598173516,0.151141552511416,0.420319634703196,0.404109589041096
5,293,0,0,1,7,106,669,1839,1753,4375,0.0,0.0,0.000228571428571,0.0016,0.024228571428571,0.152914285714286,0.420342857142857,0.400685714285714
5,294,0,0,0,8,108,690,1852,1712,4370,0.0,0.0,0.0,0.001830663615561,0.024713958810069,0.157894736842105,0.423798627002288,0.391762013729977
5,295,0,0,0,5,97,682,1830,1751,4365,0.0,0.0,0.0,0.001145475372279,0.022222222222222,0.156242840778923,0.419243986254296,0.40114547537228
5,296,0,0,0,5,103,664,1857,1731,4360,0.0,0.0,0.0,0.001146788990826,0.023623853211009,0.152293577981651,0.425917431192661,0.397018348623853
5,297,0,0,0,4,80,612,1916,1743,4355,0.0,0.0,0.0,0.000918484500574,0.018369690011481,0.14052812858783,0.439954075774971,0.400229621125143
5,298,0,0,0,5,82,655,1854,1754,4350,0.0,0.0,0.0,0.001149425287356,0.018850574712644,0.150574712643678,0.426206896551724,0.403218390804598
5,299,0,0,0,3,94,632,1795,1821,4345,0.0,0.0,0.0,0.000690448791715,0.021634062140391,0.145454545454545,0.413118527042578,0.419102416570771
5,300,0,0,0,8,87,669,1809,1767,4340,0.0,0.0,0.0,0.00184331797235,0.020046082949309,0.154147465437788,0.416820276497696,0.407142857142857
5,301,0,0,0,9,106,649,1825,1746,4335,0.0,0.0,0.0,0.002076124567474,0.024452133794694,0.149711649365629,0.420991926182238,0.402768166089965
5,302,0,0,0,2,77,646,1852,1753,4330,0.0,0.0,0.0,0.000461893764434,0.017782909930716,0.14919168591224,0.427713625866051,0.404849884526559
5,303,0,0,1,6,100,680,1778,1760,4325,0.0,0.0,0.000231213872832,0.001387283236994,0.023121387283237,0.157225433526012,0.411098265895954,0.406936416184971
5,304,0,0,0,5,74,637,1821,1783,4320,0.0,0.0,0.0,0.001157407407407,0.01712962962963,0.147453703703704,0.421527777777778,0.412731481481481
5,305,0,0,1,10,108,650,1832,1714,4315,0.0,0.0,0.000231749710313,0.002317497103129,0.025028968713789,0.15063731170336,0.424565469293163,0.397219003476246
5,306,0,0,0,8,107,621,1812,1762,4310,0.0,0.0,0.0,0.001856148491879,0.024825986078886,0.144083526682135,0.420417633410673,0.408816705336427
5,307,0,0,0,10,92,626,1836,1741,4305,0.0,0.0,0.0,0.002322880371661,0.02137049941928,0.14541231126597,0.426480836236934,0.404413472706156
5,308,0,0,0,13,75,656,1828,1728,4300,0.0,0.0,0.0,0.003023255813953,0.017441860465116,0.152558139534884,0.425116279069767,0.401860465116279
5,309,0,0,1,5,94,656,1828,1711,4295,0.0,0.0,0.00023282887078,0.0011641443539,0.021885913853318,0.152735739231665,0.425611175785797,0.39837019790454
5,310,0,0,0,3,91,651,1802,1743,4290,0.0,0.0,0.0,0.000699300699301,0.021212121212121,0.151748251748252,0.42004662004662,0.406293706293706
5,311,0,0,0,7,107,634,1814,1723,4285,0.0,0.0,0.0,0.001633605600933,0.024970828471412,0.147957992998833,0.423337222870478,0.402100350058343
5,312,0,0,0,3,101,633,1785,1758,4280,0.0,0.0,0.0,0.000700934579439,0.023598130841121,0.147897196261682,0.417056074766355,0.410747663551402
5,313,0,0,0,5,96,635,1810,1729,4275,0.0,0.0,0.0,0.001169590643275,0.022456140350877,0.148538011695906,0.423391812865497,0.404444444444444
5,314,0,0,0,7,103,586,1801,1773,4270,0.0,0.0,0.0,0.001639344262295,0.024121779859485,0.137236533957845,0.421779859484778,0.415222482435597
5,315,0,0,0,10,97,646,1803,1709,4265,0.0,0.0,0.0,0.002344665885111,0.02274325908558,0.151465416178195,0.42274325908558,0.400703399765533
5,316,0,0,0,9,96,633,1775,1747,4260,0.0,0.0,0.0,0.002112676056338,0.022535211267606,0.148591549295775,0.416666666666667,0.410093896713615
5,317,0,0,0,5,96,648,1767,1739,4255,0.0,0.0,0.0,0.00117508813161,0.02256169212691,0.152291421856639,0.415276145710928,0.408695652173913
5,318,0,0,0,3,88,595,1821,1743,4250,0.0,0.0,0.0,0.000705882352941,0.020705882352941,0.14,0.428470588235294,0.410117647058824
5,319,0,0,0,4,76,613,1816,1736,4245,0.0,0.0,0.0,0.000942285041225,0.017903415783274,0.144405182567727,0.427797408716137,0.408951707891637
5,320,0,0,0,7,104,642,1796,1691,4240,0.0,0.0,0.0,0.001650943396226,0.024528301886792,0.151415094339623,0.423584905660377,0.398820754716981
5,321,0,0,0,5,109,646,1752,1723,4235,0.0,0.0,0.0,0.001180637544274,0.025737898465171,0.152538370720189,0.413695395513577,0.406847697756789
5,322,0,0,0,4,108,593,1819,1706,4230,0.0,0.0,0.0,0.000945626477541,0.025531914893617,0.140189125295508,0.430023640661939,0.403309692671395
5,323,0,0,0,4,93,616,1847,1665,4225,0.0,0.0,0.0,0.00094674556213,0.022011834319527,0.145798816568047,0.437159763313609,0.394082840236686
5,324,0,0,0,7,97,602,1833,1681,4220,0.0,0.0,0.0,0.001658767772512,0.022985781990521,0.142654028436019,0.43436018957346,0.398341232227488
5,325,0,0,0,9,96,620,1802,1688,4215,0.0,0.0,0.0,0.002135231316726,0.022775800711744,0.147093712930012,0.427520759193357,0.400474495848161
5,326,0,0,0,6,99,678,1743,1684,4210,0.0,0.0,0.0,0.001425178147268,0.023515439429929,0.16104513064133,0.414014251781473,0.4
5,327,0,0,0,6,89,641,1786,1683,4205,0.0,0.0,0.0,0.001426872770511,0.021165279429251,0.15243757431629,0.424732461355529,0.400237812128419
5,328,0,0,0,7,87,614,1764,1728,4200,0.0,0.0,0.0,0.001666666666667,0.020714285714286,0.146190476190476,0.42,0.411428571428571
5,329,0,0,0,3,101,620,1798,1673,4195,0.0,0.0,0.0,0.000715137067938,0.024076281287247,0.147794994040524,0.428605482717521,0.39880810488677
5,330,0,0,0,8,105,641,1773,1663,4190,0.0,0.0,0.0,0.001909307875895,0.025059665871122,0.152983293556086,0.423150357995227,0.396897374701671
5,331,0,0,0,6,83,610,1824,1662,4185,0.0,0.0,0.0,0.001433691756272,0.019832735961768,0.145758661887694,0.43584229390681,0.397132616487455
5,332,0,0,0,5,102,629,1707,1737,4180,0.0,0.0,0.0,0.001196172248804,0.024401913875598,0.150478468899522,0.408373205741627,0.41555023923445
5,333,0,0,0,6,98,652,1788,1631,4175,0.0,0.0,0.0,0.001437125748503,0.023473053892216,0.156167664670659,0.428263473053892,0.390658682634731
5,334,0,0,0,8,97,634,1706,1725,4170,0.0,0.0,0.0,0.001918465227818,0.02326139088729,0.152038369304556,0.409112709832134,0.413669064748201
5,335,0,0,0,3,91,609,1772,1690,4165,0.0,0.0,0.0,0.000720288115246,0.021848739495798,0.146218487394958,0.425450180072029,0.405762304921969
5,336,0,0,0,7,90,649,1760,1654,4160,0.0,0.0,0.0,0.001682692307692,0.021634615384615,0.156009615384615,0.423076923076923,0.397596153846154
5,337,0,0,0,4,83,612,1823,1633,4155,0.0,0.0,0.0,0.000962695547533,0.019975932611312,0.147292418772563,0.438748495788207,0.393020457280385
5,338,0,0,0,5,83,655,1779,1628,4150,0.0,0.0,0.0,0.001204819277108,0.02,0.157831325301205,0.428674698795181,0.392289156626506
5,339,0,0,0,9,101,600,1800,1635,4145,0.0,0.0,0.0,0.002171290711701,0.024366706875754,0.14475271411339,0.434258142340169,0.394451145958987
5,340,0,0,0,6,86,645,1732,1671,4140,0.0,0.0,0.0,0.001449275362319,0.020772946859903,0.155797101449275,0.418357487922705,0.403623188405797
5,341,0,0,0,2,87,579,1766,1701,4135,0.0,0.0,0.0,0.000483675937122,0.021039903264813,0.140024183796856,0.427085852478839,0.41136638452237
5,342,0,0,1,5,89,675,1729,1631,4130,0.0,0.0,0.000242130750605,0.001210653753027,0.021549636803874,0.163438256658596,0.41864406779661,0.394915254237288
5,343,0,0,0,2,84,614,1721,1704,4125,0.0,0.0,0.0,0.000484848484848,0.020363636363636,0.148848484848485,0.417212121212121,0.413090909090909
5,344,0,0,0,4,81,629,1789,1617,4120,0.0,0.0,0.0,0.000970873786408,0.019660194174757,0.152669902912621,0.434223300970874,0.39247572815534
5,345,0,0,0,3,101,623,1720,1668,4115,0.0,0.0,0.0,0.000729040097205,0.024544349939247,0.151397326852977,0.417982989064399,0.405346294046173
5,346,0,0,0,6,84,633,1725,1662,4110,0.0,0.0,0.0,0.001459854014599,0.02043795620438,0.154014598540146,0.41970802919708,0.404379562043796
5,347,0,0,0,1,89,585,1727,1703,4105,0.0,0.0,0.0,0.000243605359318,0.021680876979294,0.142509135200974,0.420706455542022,0.414859926918392
5,348,0,0,0,3,102,624,1703,1668,4100,0.0,0.0,0.0,0.000731707317073,0.024878048780488,0.15219512195122,0.415365853658537,0.406829268292683
5,349,0,0,0,4,90,617,1769,1615,4095,0.0,0.0,0.0,0.000976800976801,0.021978021978022,0.150671550671551,0.431990231990232,0.394383394383394
5,350,0,0,0,2,72,585,1735,1696,4090,0.0,0.0,0.0,0.000488997555012,0.01760391198044,0.143031784841076,0.424205378973105,0.414669926650367
5,351,0,0,0,13,89,639,1622,1722,4085,0.0,0.0,0.0,0.003182374541004,0.021787025703794,0.156425948592411,0.397062423500612,0.421542227662179
5,352,0,0,0,5,81,640,1681,1673,4080,0.0,0.0,0.0,0.001225490196078,0.019852941176471,0.156862745098039,0.412009803921569,0.410049019607843
5,353,0,0,0,4,78,573,1742,1678,4075,0.0,0.0,0.0,0.000981595092025,0.019141104294479,0.140613496932515,0.427484662576687,0.411779141104294
5,354,0,0,0,4,87,587,1720,1672,4070,0.0,0.0,0.0,0.000982800982801,0.021375921375921,0.144226044226044,0.422604422604423,0.410810810810811
5,355,0,0,1,10,95,554,1769,1636,4065,0.0,0.0,0.000246002460025,0.002460024600246,0.023370233702337,0.136285362853629,0.435178351783518,0.402460024600246
5,356,0,0,0,10,94,624,1715,1617,4060,0.0,0.0,0.0,0.002463054187192,0.023152709359606,0.153694581280788,0.422413793103448,0.398275862068966
5,357,0,0,0,4,97,625,1701,1628,4055,0.0,0.0,0.0,0.00098643649815,0.023921085080148,0.154130702836005,0.419482120838471,0.401479654747226
5,358,0,0,0,9,91,627,1708,1615,4050,0.0,0.0,0.0,0.002222222222222,0.022469135802469,0.154814814814815,0.421728395061728,0.398765432098765
5,359,0,0,0,7,79,593,1718,1648,4045,0.0,0.0,0.0,0.001730531520396,0.019530284301607,0.146600741656366,0.424721878862794,0.407416563658838
5,360,0,0,0,6,74,604,1714,1642,4040,0.0,0.0,0.0,0.001485148514851,0.018316831683168,0.149504950495049,0.424257425742574,0.406435643564356
5,361,0,0,0,8,100,573,1687,1667,4035,0.0,0.0,0.0,0.001982651796778,0.024783147459727,0.142007434944238,0.418091697645601,0.413135068153656
5,362,0,0,0,5,76,618,1679,1652,4030,0.0,0.0,0.0,0.001240694789082,0.018858560794045,0.153349875930521,0.416625310173697,0.409925558312655
5,363,0,0,0,8,99,646,1629,1643,4025,0.0,0.0,0.0,0.001987577639752,0.024596273291925,0.160496894409938,0.40472049689441,0.408198757763975
5,364,0,0,1,3,87,578,1775,1576,4020,0.0,0.0,0.000248756218905,0.000746268656716,0.021641791044776,0.143781094527363,0.441542288557214,0.392039800995025
5,365,0,0,0,7,83,618,1693,1614,4015,0.0,0.0,0.0,0.001743462017435,0.020672478206725,0.153922789539228,0.421668742216687,0.401992528019925
5,366,0,0,0,5,79,606,1798,1522,4010,0.0,0.0,0.0,0.001246882793017,0.019700748129676,0.151122194513716,0.448379052369077,0.379551122194514
5,367,0,0,0,3,102,596,1691,1613,4005,0.0,0.0,0.0,0.000749063670412,0.025468164794007,0.148813982521848,0.422222222222222,0.402746566791511
5,368,0,0,0,8,92,598,1631,1671,4000,0.0,0.0,0.0,0.002,0.023,0.1495,0.40775,0.41775
5,369,0,0,1,7,93,616,1734,1544,3995,0.0,0.0,0.000250312891114,0.001752190237797,0.023279098873592,0.154192740926158,0.434042553191489,0.38648310387985
5,370,0,0,0,6,91,595,1685,1613,3990,0.0,0.0,0.0,0.001503759398496,0.02280701754386,0.149122807017544,0.422305764411028,0.404260651629073
5,371,0,0,0,8,90,573,1724,1590,3985,0.0,0.0,0.0,0.002007528230866,0.02258469259724,0.143789209535759,0.432622333751568,0.398996235884567
5,372,0,0,0,6,80,582,1719,1593,3980,0.0,0.0,0.0,0.001507537688442,0.020100502512563,0.146231155778894,0.431909547738693,0.400251256281407
5,373,0,0,0,6,99,598,1693,1579,3975,0.0,0.0,0.0,0.001509433962264,0.024905660377358,0.150440251572327,0.425911949685535,0.397232704402516
5,374,0,0,0,5,115,591,1649,1610,3970,0.0,0.0,0.0,0.001259445843829,0.02896725440806,0.148866498740554,0.41536523929471,0.405541561712846
5,375,0,0,0,4,90,607,1703,1561,3965,0.0,0.0,0.0,0.001008827238335,0.022698612862547,0.153089533417402,0.429508196721311,0.393694829760404
5,376,0,0,0,4,83,598,1720,1555,3960,0.0,0.0,0.0,0.001010101010101,0.020959595959596,0.151010101010101,0.434343434343434,0.392676767676768
5,377,0,0,0,7,106,637,1536,1669,3955,0.0,0.0,0.0,0.001769911504425,0.026801517067004,0.161061946902655,0.388369152970923,0.421997471554994
5,378,0,0,0,5,86,593,1673,1593,3950,0.0,0.0,0.0,0.00126582278481,0.021772151898734,0.150126582278481,0.423544303797468,0.403291139240506
5,379,0,0,0,3,98,596,1670,1578,3945,0.0,0.0,0.0,0.000760456273764,0.024841571609632,0.151077313054499,0.423320659062104,0.4
5,380,0,0,0,6,76,592,1597,1669,3940,0.0,0.0,0.0,0.001522842639594,0.019289340101523,0.150253807106599,0.405329949238579,0.423604060913706
5,381,0,0,0,8,87,615,1605,1620,3935,0.0,0.0,0.0,0.002033036848793,0.022109275730623,0.156289707750953,0.407878017789072,0.411689961880559
5,382,0,0,0,6,72,610,1690,1552,3930,0.0,0.0,0.0,0.001526717557252,0.018320610687023,0.155216284987277,0.430025445292621,0.394910941475827
5,383,0,0,1,9,91,609,1639,1576,3925,0.0,0.0,0.000254777070064,0.002292993630573,0.023184713375796,0.15515923566879,0.417579617834395,0.401528662420382
5,384,0,0,0,7,98,563,1635,1617,3920,0.0,0.0,0.0,0.001785714285714,0.025,0.143622448979592,0.417091836734694,0.4125
5,385,0,0,0,8,93,574,1672,1568,3915,0.0,0.0,0.0,0.002043422733078,0.023754789272031,0.14661558109834,0.427075351213282,0.400510855683269
5,386,0,0,0,5,95,598,1597,1615,3910,0.0,0.0,0.0,0.001278772378517,0.024296675191816,0.152941176470588,0.40843989769821,0.41304347826087
5,387,0,0,0,6,83,597,1658,1561,3905,0.0,0.0,0.0,0.001536491677337,0.021254801536492,0.152880921895006,0.424583866837388,0.399743918053777
5,388,0,0,0,10,91,641,1586,1572,3900,0.0,0.0,0.0,0.002564102564103,0.023333333333333,0.164358974358974,0.406666666666667,0.403076923076923
5,389,0,0,0,4,97,575,1682,1537,3895,0.0,0.0,0.0,0.001026957637997,0.024903722721438,0.147625160462131,0.43183568677792,0.394608472400513
5,390,0,0,0,6,107,541,1627,1609,3890,0.0,0.0,0.0,0.001542416452442,0.027506426735219,0.139074550128535,0.418251928020566,0.413624678663239
5,391,0,0,0,7,73,599,1697,1509,3885,0.0,0.0,0.0,0.001801801801802,0.018790218790219,0.154182754182754,0.436808236808237,0.388416988416988
5,392,0,0,0,6,86,571,1641,1576,3880,0.0,0.0,0.0,0.001546391752577,0.022164948453608,0.147164948453608,0.422938144329897,0.406185567010309
5,393,0,0,0,4,89,612,1635,1535,3875,0.0,0.0,0.0,0.001032258064516,0.022967741935484,0.157935483870968,0.421935483870968,0.396129032258065
5,394,0,0,0,5,95,585,1652,1533,3870,0.0,0.0,0.0,0.001291989664083,0.024547803617571,0.151162790697674,0.42687338501292,0.396124031007752
5,395,0,0,0,7,86,602,1644,1526,3865,0.0,0.0,0.0,0.001811125485123,0.022250970245796,0.155756791720569,0.425355756791721,0.394825355756792
5,396,0,0,0,2,92,578,1603,1585,3860,0.0,0.0,0.0,0.000518134715026,0.023834196891192,0.149740932642487,0.415284974093264,0.410621761658031
5,397,0,0,0,5,101,579,1636,1534,3855,0.0,0.0,0.0,0.001297016861219,0.026199740596628,0.150194552529183,0.424383916990921,0.397924773022049
5,398,0,0,0,6,70,554,1659,1561,3850,0.0,0.0,0.0,0.001558441558442,0.018181818181818,0.143896103896104,0.430909090909091,0.405454545454545
5,399,0,0,0,4,107,580,1639,1515,3845,0.0,0.0,0.0,0.001040312093628,0.027828348504551,0.150845253576073,0.426267880364109,0.394018205461639
5,400,0,0,0,3,80,559,1643,1555,3840,0.0,0.0,0.0,0.00078125,0.020833333333333,0.145572916666667,0.427864583333333,0.404947916666667
5,401,0,0,0,3,82,579,1665,1506,3835,0.0,0.0,0.0,0.000782268578879,0.021382007822686,0.150977835723598,0.434159061277705,0.392698826597132
5,402,0,0,0,7,74,585,1618,1546,3830,0.0,0.0,0.0,0.001827676240209,0.019321148825065,0.152741514360313,0.422454308093995,0.403655352480418
5,403,0,0,0,5,87,571,1576,1586,3825,0.0,0.0,0.0,0.001307189542484,0.022745098039216,0.149281045751634,0.41202614379085,0.414640522875817
5,404,0,0,0,6,94,550,1650,1520,3820,0.0,0.0,0.0,0.001570680628272,0.024607329842932,0.143979057591623,0.431937172774869,0.397905759162304
5,405,0,0,0,2,97,564,1601,1551,3815,0.0,0.0,0.0,0.000524246395806,0.025425950196592,0.1478374836173,0.419659239842726,0.406553079947575
5,406,0,0,0,5,104,530,1606,1565,3810,0.0,0.0,0.0,0.001312335958005,0.027296587926509,0.139107611548556,0.421522309711286,0.410761154855643
5,407,0,0,0,9,84,595,1594,1523,3805,0.0,0.0,0.0,0.002365308804205,0.022076215505913,0.156373193166886,0.41892247043364,0.400262812089356
5,408,0,0,0,8,81,552,1604,1555,3800,0.0,0.0,0.0,0.002105263157895,0.021315789473684,0.145263157894737,0.422105263157895,0.409210526315789
5,409,0,0,0,7,80,534,1629,1545,3795,0.0,0.0,0.0,0.001844532279315,0.021080368906456,0.140711462450593,0.429249011857708,0.407114624505929
5,410,0,0,0,6,81,551,1655,1497,3790,0.0,0.0,0.0,0.001583113456464,0.021372031662269,0.145382585751979,0.436675461741425,0.394986807387863
5,411,0,0,0,7,83,537,1637,1521,3785,0.0,0.0,0.0,0.001849405548217,0.021928665785997,0.141875825627477,0.432496697490092,0.401849405548217
5,412,0,0,0,6,82,569,1583,1540,3780,0.0,0.0,0.0,0.001587301587302,0.021693121693122,0.150529100529101,0.418783068783069,0.407407407407407
5,413,0,0,0,5,110,591,1559,1510,3775,0.0,0.0,0.0,0.001324503311258,0.029139072847682,0.156556291390728,0.412980132450331,0.4
5,414,0,0,0,6,101,559,1607,1497,3770,0.0,0.0,0.0,0.00159151193634,0.026790450928382,0.148275862068966,0.426259946949602,0.397082228116711
5,415,0,0,0,3,69,571,1597,1525,3765,0.0,0.0,0.0,0.000796812749004,0.018326693227092,0.151660026560425,0.424169986719788,0.405046480743692
5,416,0,0,0,4,76,515,1627,1538,3760,0.0,0.0,0.0,0.001063829787234,0.020212765957447,0.136968085106383,0.432712765957447,0.409042553191489
5,417,0,0,0,4,89,514,1605,1543,3755,0.0,0.0,0.0,0.001065246338216,0.0237017310253,0.136884154460719,0.427430093209055,0.410918774966711
5,418,0,0,0,3,89,585,1564,1509,3750,0.0,0.0,0.0,0.0008,0.023733333333333,0.156,0.417066666666667,0.4024
5,419,0,0,0,6,86,529,1598,1526,3745,0.0,0.0,0.0,0.001602136181575,0.022963951935915,0.141255006675567,0.426702269692924,0.407476635514019
5,420,0,0,0,4,85,549,1567,1535,3740,0.0,0.0,0.0,0.001069518716578,0.022727272727273,0.146791443850267,0.418983957219251,0.410427807486631
5,421,0,0,0,7,74,570,1562,1522,3735,0.0,0.0,0.0,0.001874163319946,0.019812583668005,0.152610441767068,0.418206157965194,0.407496653279786
5,422,0,0,0,6,79,555,1567,1523,3730,0.0,0.0,0.0,0.001608579088472,0.021179624664879,0.148793565683646,0.420107238605898,0.408310991957105
5,423,0,0,0,2,68,543,1615,1497,3725,0.0,0.0,0.0,0.000536912751678,0.018255033557047,0.145771812080537,0.433557046979866,0.401879194630872
5,424,0,0,1,4,90,569,1614,1442,3720,0.0,0.0,0.000268817204301,0.001075268817204,0.024193548387097,0.152956989247312,0.433870967741936,0.387634408602151
5,425,0,0,1,5,71,542,1586,1510,3715,0.0,0.0,0.000269179004038,0.001345895020188,0.019111709286676,0.145895020188425,0.426917900403768,0.406460296096904
5,426,0,0,0,2,74,585,1560,1489,3710,0.0,0.0,0.0,0.000539083557951,0.019946091644205,0.157681940700809,0.420485175202156,0.401347708894879
5,427,0,0,0,5,84,567,1559,1490,3705,0.0,0.0,0.0,0.001349527665317,0.022672064777328,0.153036437246964,0.420782726045884,0.402159244264507
5,428,0,0,0,2,73,563,1551,1511,3700,0.0,0.0,0.0,0.000540540540541,0.01972972972973,0.152162162162162,0.419189189189189,0.408378378378378
5,429,0,0,0,7,66,539,1603,1480,3695,0.0,0.0,0.0,0.001894451962111,0.01786197564276,0.145872801082544,0.43382949932341,0.400541271989175
5,430,0,0,0,4,81,552,1500,1553,3690,0.0,0.0,0.0,0.001084010840108,0.021951219512195,0.149593495934959,0.40650406504065,0.420867208672087
5,431,0,0,1,7,75,552,1565,1485,3685,0.0,0.0,0.000271370420624,0.001899592944369,0.020352781546811,0.149796472184532,0.424694708276798,0.402985074626866
5,432,0,0,0,4,84,547,1573,1472,3680,0.0,0.0,0.0,0.001086956521739,0.022826086956522,0.148641304347826,0.427445652173913,0.4
5,433,0,0,0,6,89,568,1581,1431,3675,0.0,0.0,0.0,0.001632653061224,0.02421768707483,0.154557823129252,0.430204081632653,0.389387755102041
5,434,0,0,0,5,78,557,1525,1505,3670,0.0,0.0,0.0,0.001362397820163,0.02125340599455,0.151771117166213,0.415531335149864,0.41008174386921
5,435,0,0,0,1,82,545,1557,1480,3665,0.0,0.0,0.0,0.000272851296044,0.02237380627558,0.148703956343793,0.424829467939973,0.403819918144611
5,436,0,0,0,6,90,527,1541,1496,3660,0.0,0.0,0.0,0.001639344262295,0.024590163934426,0.143989071038251,0.42103825136612,0.408743169398907
5,437,0,0,0,6,70,542,1548,1489,3655,0.0,0.0,0.0,0.001641586867305,0.019151846785226,0.148290013679891,0.423529411764706,0.407387140902873
5,438,0,0,1,4,73,542,1567,1463,3650,0.0,0.0,0.00027397260274,0.001095890410959,0.02,0.148493150684932,0.429315068493151,0.400821917808219
5,439,0,0,0,2,82,535,1557,1469,3645,0.0,0.0,0.0,0.000548696844993,0.022496570644719,0.146776406035665,0.42716049382716,0.403017832647462
5,440,0,0,0,3,74,571,1518,1474,3640,0.0,0.0,0.0,0.000824175824176,0.02032967032967,0.156868131868132,0.417032967032967,0.404945054945055
5,441,0,0,0,6,84,540,1535,1470,3635,0.0,0.0,0.0,0.001650618982118,0.023108665749656,0.148555708390646,0.422283356258597,0.404401650618982
5,442,0,0,0,3,81,563,1526,1457,3630,0.0,0.0,0.0,0.000826446280992,0.022314049586777,0.155096418732782,0.420385674931129,0.40137741046832
5,443,0,0,0,5,77,586,1494,1463,3625,0.0,0.0,0.0,0.001379310344828,0.021241379310345,0.161655172413793,0.412137931034483,0.403586206896552
5,444,0,0,0,2,81,543,1592,1402,3620,0.0,0.0,0.0,0.000552486187845,0.022375690607735,0.15,0.439779005524862,0.387292817679558
5,445,0,0,0,5,75,536,1556,1443,3615,0.0,0.0,0.0,0.001383125864454,0.020746887966805,0.148271092669433,0.430428769017981,0.399170124481328
5,446,0,0,0,6,63,566,1564,1411,3610,0.0,0.0,0.0,0.001662049861496,0.017451523545706,0.156786703601108,0.433240997229917,0.390858725761773
5,447,0,0,0,8,74,562,1566,1395,3605,0.0,0.0,0.0,0.002219140083218,0.020527045769764,0.155894590846047,0.434396671289875,0.386962552011096
5,448,0,0,0,12,67,546,1557,1418,3600,0.0,0.0,0.0,0.003333333333333,0.018611111111111,0.151666666666667,0.4325,0.393888888888889
5,449,0,0,0,3,71,511,1562,1448,3595,0.0,0.0,0.0,0.000834492350487,0.019749652294854,0.142141863699583,0.434492350486787,0.402781641168289
5,450,0,0,0,5,73,540,1544,1428,3590,0.0,0.0,0.0,0.001392757660167,0.02033426183844,0.15041782729805,0.43008356545961,0.397771587743733
5,451,0,0,0,4,73,494,1558,1456,3585,0.0,0.0,0.0,0.001115760111576,0.020362622036262,0.137796373779637,0.434588563458856,0.406136680613668
5,452,0,0,0,5,67,504,1500,1504,3580,0.0,0.0,0.0,0.001396648044693,0.018715083798883,0.140782122905028,0.418994413407821,0.420111731843575
5,453,0,0,0,6,74,526,1449,1520,3575,0.0,0.0,0.0,0.001678321678322,0.020699300699301,0.147132867132867,0.405314685314685,0.425174825174825
5,454,0,0,0,4,83,526,1501,1456,3570,0.0,0.0,0.0,0.001120448179272,0.023249299719888,0.14733893557423,0.420448179271709,0.407843137254902
5,455,0,0,0,4,84,517,1525,1435,3565,0.0,0.0,0.0,0.001122019635344,0.023562412342216,0.145021037868163,0.427769985974755,0.402524544179523
5,456,0,0,1,3,73,547,1486,1450,3560,0.0,0.0,0.000280898876404,0.000842696629213,0.020505617977528,0.153651685393258,0.417415730337079,0.407303370786517
5,457,0,0,0,3,86,518,1503,1445,3555,0.0,0.0,0.0,0.00084388185654,0.024191279887482,0.145710267229255,0.422784810126582,0.406469760900141
5,458,0,0,0,5,77,528,1479,1461,3550,0.0,0.0,0.0,0.001408450704225,0.02169014084507,0.148732394366197,0.416619718309859,0.411549295774648
5,459,0,0,0,3,87,542,1520,1393,3545,0.0,0.0,0.0,0.000846262341326,0.024541607898449,0.152891396332863,0.428772919605078,0.392947813822285
5,460,0,0,0,3,83,516,1497,1441,3540,0.0,0.0,0.0,0.000847457627119,0.023446327683616,0.145762711864407,0.422881355932203,0.407062146892655
5,461,0,0,0,1,91,475,1507,1461,3535,0.0,0.0,0.0,0.0002828854314,0.025742574257426,0.134370579915134,0.426308345120226,0.413295615275813
5,462,0,0,0,7,79,541,1482,1421,3530,0.0,0.0,0.0,0.001983002832861,0.022379603399433,0.153257790368272,0.419830028328612,0.402549575070822
5,463,0,0,0,6,68,563,1498,1390,3525,0.0,0.0,0.0,0.001702127659574,0.019290780141844,0.159716312056738,0.424964539007092,0.394326241134752
5,464,0,0,0,5,68,518,1452,1477,3520,0.0,0.0,0.0,0.001420454545455,0.019318181818182,0.147159090909091,0.4125,0.419602272727273
5,465,0,0,0,5,86,557,1479,1388,3515,0.0,0.0,0.0,0.001422475106686,0.024466571834993,0.15846372688478,0.42076813655761,0.394879089615932
5,466,0,0,0,6,69,534,1526,1375,3510,0.0,0.0,0.0,0.001709401709402,0.01965811965812,0.152136752136752,0.434757834757835,0.391737891737892
5,467,0,0,0,6,87,524,1499,1389,3505,0.0,0.0,0.0,0.001711840228245,0.024821683309558,0.149500713266762,0.427674750356633,0.396291012838802
5,468,0,0,1,6,76,524,1489,1404,3500,0.0,0.0,0.000285714285714,0.001714285714286,0.021714285714286,0.149714285714286,0.425428571428571,0.401142857142857
5,469,0,0,0,4,81,517,1503,1390,3495,0.0,0.0,0.0,0.001144492131617,0.023175965665236,0.147925608011445,0.430042918454936,0.397711015736767
5,470,0,0,0,4,76,529,1476,1405,3490,0.0,0.0,0.0,0.001146131805158,0.021776504297994,0.151575931232092,0.422922636103152,0.402578796561605
5,471,0,0,0,4,82,507,1440,1452,3485,0.0,0.0,0.0,0.001147776183644,0.023529411764706,0.145480631276901,0.413199426111908,0.416642754662841
5,472,0,0,1,6,77,499,1486,1411,3480,0.0,0.0,0.000287356321839,0.001724137931034,0.022126436781609,0.143390804597701,0.427011494252874,0.405459770114943
5,473,0,0,0,7,74,526,1477,1391,3475,0.0,0.0,0.0,0.002014388489209,0.021294964028777,0.15136690647482,0.425035971223022,0.400287769784173
5,474,0,0,0,2,70,523,1510,1365,3470,0.0,0.0,0.0,0.000576368876081,0.020172910662824,0.150720461095101,0.435158501440922,0.393371757925072
5,475,0,0,0,5,93,534,1491,1342,3465,0.0,0.0,0.0,0.001443001443001,0.026839826839827,0.154112554112554,0.43030303030303,0.387301587301587
5,476,0,0,0,9,75,529,1501,1346,3460,0.0,0.0,0.0,0.002601156069364,0.021676300578035,0.152890173410405,0.433815028901734,0.389017341040462
5,477,0,0,0,3,91,516,1452,1393,3455,0.0,0.0,0.0,0.000868306801737,0.026338639652677,0.149348769898698,0.420260492040521,0.403183791606368
5,478,0,0,0,0,86,512,1470,1382,3450,0.0,0.0,0.0,0.0,0.024927536231884,0.148405797101449,0.426086956521739,0.400579710144928
5,479,0,0,0,4,85,532,1483,1341,3445,0.0,0.0,0.0,0.001161103047896,0.024673439767779,0.154426705370102,0.430478955007257,0.389259796806967
5,480,0,0,0,3,97,501,1491,1348,3440,0.0,0.0,0.0,0.000872093023256,0.028197674418605,0.145639534883721,0.43343023255814,0.391860465116279
5,481,0,0,0,9,62,503,1467,1394,3435,0.0,0.0,0.0,0.002620087336245,0.018049490538574,0.146433770014556,0.42707423580786,0.405822416302766
5,482,0,0,1,5,79,509,1482,1354,3430,0.0,0.0,0.000291545189504,0.001457725947522,0.023032069970845,0.148396501457726,0.432069970845481,0.394752186588921
5,483,0,0,0,2,77,515,1440,1391,3425,0.0,0.0,0.0,0.000583941605839,0.022481751824818,0.15036496350365,0.42043795620438,0.406131386861314
5,484,0,0,0,8,67,499,1511,1335,3420,0.0,0.0,0.0,0.00233918128655,0.019590643274854,0.145906432748538,0.441812865497076,0.390350877192982
5,485,0,0,0,0,78,480,1469,1388,3415,0.0,0.0,0.0,0.0,0.022840409956076,0.140556368960469,0.430161054172767,0.406442166910688
5,486,0,0,0,3,71,524,1472,1340,3410,0.0,0.0,0.0,0.000879765395894,0.020821114369501,0.15366568914956,0.431671554252199,0.392961876832845
5,487,0,0,0,4,64,488,1466,1383,3405,0.0,0.0,0.0,0.001174743024963,0.018795888399413,0.143318649045521,0.430543318649046,0.406167400881057
5,488,0,0,1,5,78,476,1447,1393,3400,0.0,0.0,0.000294117647059,0.001470588235294,0.022941176470588,0.14,0.425588235294118,0.409705882352941
5,489,0,0,0,4,71,472,1466,1382,3395,0.0,0.0,0.0,0.001178203240059,0.020913107511046,0.139027982326951,0.431811487481591,0.407069219440353
5,490,0,0,0,5,72,518,1404,1391,3390,0.0,0.0,0.0,0.001474926253687,0.021238938053097,0.152802359882006,0.414159292035398,0.410324483775811
5,491,0,0,0,3,71,526,1418,1367,3385,0.0,0.0,0.0,0.000886262924668,0.020974889217134,0.155391432791728,0.41890694239291,0.40384047267356
5,492,0,0,0,3,60,507,1400,1410,3380,0.0,0.0,0.0,0.000887573964497,0.017751479289941,0.15,0.414201183431953,0.417159763313609
5,493,0,0,0,4,79,524,1418,1350,3375,0.0,0.0,0.0,0.001185185185185,0.023407407407407,0.155259259259259,0.420148148148148,0.4
5,494,0,0,0,4,80,542,1407,1337,3370,0.0,0.0,0.0,0.001186943620178,0.023738872403561,0.160830860534125,0.417507418397626,0.39673590504451
5,495,0,0,0,6,88,502,1379,1390,3365,0.0,0.0,0.0,0.001783060921248,0.026151560178306,0.149182763744428,0.409806835066865,0.413075780089153
5,496,0,0,0,7,75,493,1441,1344,3360,0.0,0.0,0.0,0.002083333333333,0.022321428571429,0.14672619047619,0.428869047619048,0.4
5,497,0,0,0,6,71,529,1421,1328,3355,0.0,0.0,0.0,0.001788375558867,0.021162444113264,0.157675111773472,0.42354694485842,0.395827123695976
5,498,0,0,0,1,92,491,1398,1368,3350,0.0,0.0,0.0,0.000298507462687,0.027462686567164,0.146567164179104,0.417313432835821,0.408358208955224
5,499,0,0,0,5,73,474,1416,1377,3345,0.0,0.0,0.0,0.001494768310912,0.021823617339312,0.141704035874439,0.423318385650224,0.411659192825112
5,500,0,0,1,3,66,470,1434,1366,3340,0.0,0.0,0.000299401197605,0.000898203592814,0.019760479041916,0.140718562874251,0.429341317365269,0.408982035928144
5,501,0,0,1,4,75,542,1377,1336,3335,0.0,0.0,0.000299850074963,0.00119940029985,0.022488755622189,0.162518740629685,0.412893553223388,0.400599700149925
5,502,0,0,0,3,74,457,1374,1422,3330,0.0,0.0,0.0,0.000900900900901,0.022222222222222,0.137237237237237,0.412612612612613,0.427027027027027
5,503,0,0,0,3,76,505,1409,1332,3325,0.0,0.0,0.0,0.000902255639098,0.022857142857143,0.15187969924812,0.423759398496241,0.400601503759399
5,504,0,0,1,5,83,480,1409,1342,3320,0.0,0.0,0.000301204819277,0.001506024096386,0.025,0.144578313253012,0.424397590361446,0.40421686746988
5,505,0,0,0,1,75,486,1428,1325,3315,0.0,0.0,0.0,0.000301659125189,0.02262443438914,0.146606334841629,0.430769230769231,0.399698340874811
5,506,0,0,0,1,73,470,1401,1365,3310,0.0,0.0,0.0,0.000302114803625,0.022054380664653,0.141993957703928,0.423262839879154,0.41238670694864
5,507,0,0,0,6,73,442,1381,1403,3305,0.0,0.0,0.0,0.001815431164902,0.022087745839637,0.133736762481089,0.4178517397882,0.424508320726172
5,508,0,0,0,6,72,459,1398,1365,3300,0.0,0.0,0.0,0.001818181818182,0.021818181818182,0.139090909090909,0.423636363636364,0.413636363636364
5,509,0,0,0,2,67,485,1431,1310,3295,0.0,0.0,0.0,0.000606980273141,0.020333839150228,0.147192716236722,0.434294385432473,0.397572078907436
5,510,0,0,0,3,67,478,1430,1312,3290,0.0,0.0,0.0,0.000911854103343,0.020364741641337,0.145288753799392,0.434650455927052,0.398784194528875
5,511,0,0,0,3,70,480,1401,1331,3285,0.0,0.0,0.0,0.000913242009132,0.02130898021309,0.146118721461187,0.42648401826484,0.40517503805175
5,512,0,0,3,1,64,488,1426,1298,3280,0.0,0.0,0.000914634146341,0.00030487804878,0.019512195121951,0.148780487804878,0.434756097560976,0.395731707317073
5,513,0,0,0,2,82,471,1432,1288,3275,0.0,0.0,0.0,0.000610687022901,0.025038167938931,0.14381679389313,0.437251908396947,0.393282442748092
5,514,0,0,0,8,57,491,1427,1287,3270,0.0,0.0,0.0,0.002446483180428,0.01743119266055,0.150152905198777,0.436391437308868,0.393577981651376
5,515,0,0,0,5,65,512,1401,1282,3265,0.0,0.0,0.0,0.001531393568147,0.019908116385911,0.156814701378254,0.429096477794793,0.392649310872894
5,516,0,0,0,6,70,496,1373,1315,3260,0.0,0.0,0.0,0.001840490797546,0.021472392638037,0.152147239263804,0.421165644171779,0.403374233128834
5,517,0,0,0,4,64,485,1351,1351,3255,0.0,0.0,0.0,0.001228878648233,0.019662058371736,0.14900153609831,0.41505376344086,0.41505376344086
5,518,0,0,0,4,67,481,1360,1338,3250,0.0,0.0,0.0,0.001230769230769,0.020615384615385,0.148,0.418461538461538,0.411692307692308
5,519,0,0,0,1,63,528,1386,1267,3245,0.0,0.0,0.0,0.000308166409861,0.019414483821263,0.16271186440678,0.427118644067797,0.390446841294299
5,520,0,0,0,5,74,485,1383,1293,3240,0.0,0.0,0.0,0.001543209876543,0.02283950617284,0.149691358024691,0.426851851851852,0.399074074074074
5,521,0,0,0,4,94,459,1348,1330,3235,0.0,0.0,0.0,0.001236476043277,0.029057187017002,0.141885625965997,0.416692426584235,0.41112828438949
5,522,0,0,0,2,64,486,1427,1251,3230,0.0,0.0,0.0,0.00061919504644,0.019814241486068,0.15046439628483,0.441795665634675,0.387306501547988
5,523,0,0,0,4,86,511,1360,1264,3225,0.0,0.0,0.0,0.001240310077519,0.026666666666667,0.158449612403101,0.421705426356589,0.391937984496124
5,524,0,0,0,4,80,485,1360,1291,3220,0.0,0.0,0.0,0.001242236024845,0.024844720496894,0.150621118012422,0.422360248447205,0.400931677018634
5,525,0,0,0,3,64,470,1409,1269,3215,0.0,0.0,0.0,0.000933125972006,0.019906687402799,0.146189735614308,0.438258164852255,0.394712286158631
5,526,0,0,0,7,70,494,1358,1281,3210,0.0,0.0,0.0,0.002180685358255,0.021806853582555,0.153894080996885,0.423052959501558,0.399065420560748
5,527,0,0,0,1,72,445,1354,1333,3205,0.0,0.0,0.0,0.000312012480499,0.022464898595944,0.138845553822153,0.422464898595944,0.41591263650546
5,528,0,0,0,2,78,475,1352,1293,3200,0.0,0.0,0.0,0.000625,0.024375,0.1484375,0.4225,0.4040625
5,529,0,0,0,5,89,478,1345,1278,3195,0.0,0.0,0.0,0.001564945226917,0.027856025039124,0.149608763693271,0.420970266040689,0.4
5,530,0,0,0,1,60,479,1363,1287,3190,0.0,0.0,0.0,0.000313479623824,0.018808777429467,0.150156739811912,0.427272727272727,0.403448275862069
5,531,0,0,0,7,49,422,1420,1287,3185,0.0,0.0,0.0,0.002197802197802,0.015384615384615,0.132496075353218,0.445839874411303,0.404081632653061
5,532,0,0,0,3,65,473,1380,1259,3180,0.0,0.0,0.0,0.000943396226415,0.020440251572327,0.14874213836478,0.433962264150943,0.395911949685535
5,533,0,0,0,1,70,446,1329,1329,3175,0.0,0.0,0.0,0.000314960629921,0.022047244094488,0.140472440944882,0.418582677165354,0.418582677165354
5,534,0,0,0,4,62,469,1307,1328,3170,0.0,0.0,0.0,0.001261829652997,0.019558359621451,0.14794952681388,0.412302839116719,0.418927444794953
5,535,0,0,0,8,65,493,1330,1269,3165,0.0,0.0,0.0,0.002527646129542,0.020537124802528,0.155766192733017,0.420221169036335,0.400947867298578
5,536,0,0,1,3,70,452,1319,1315,3160,0.0,0.0,0.000316455696203,0.000949367088608,0.022151898734177,0.143037974683544,0.417405063291139,0.416139240506329
5,537,0,0,0,8,66,483,1284,1314,3155,0.0,0.0,0.0,0.002535657686212,0.020919175911252,0.153090332805071,0.406973058637084,0.41648177496038
5,538,0,0,0,4,77,478,1340,1251,3150,0.0,0.0,0.0,0.001269841269841,0.024444444444444,0.151746031746032,0.425396825396825,0.397142857142857
5,539,0,0,0,2,77,457,1322,1287,3145,0.0,0.0,0.0,0.000635930047695,0.024483306836248,0.145310015898251,0.420349761526232,0.409220985691574
5,540,0,0,0,5,64,450,1403,1218,3140,0.0,0.0,0.0,0.001592356687898,0.020382165605096,0.143312101910828,0.446815286624204,0.387898089171975
5,541,0,0,1,5,69,422,1368,1270,3135,0.0,0.0,0.000318979266348,0.001594896331738,0.02200956937799,0.134609250398724,0.436363636363636,0.405103668261563
5,542,0,0,0,4,75,505,1263,1283,3130,0.0,0.0,0.0,0.001277955271565,0.023961661341853,0.161341853035144,0.403514376996805,0.409904153354633
5,543,0,0,1,5,75,494,1300,1250,3125,0.0,0.0,0.00032,0.0016,0.024,0.15808,0.416,0.4
5,544,0,0,0,1,77,510,1329,1203,3120,0.0,0.0,0.0,0.000320512820513,0.024679487179487,0.163461538461538,0.425961538461538,0.385576923076923
5,545,0,0,0,1,69,492,1311,1242,3115,0.0,0.0,0.0,0.000321027287319,0.02215088282504,0.157945425361156,0.420866773675762,0.398715890850722
5,546,0,0,0,4,63,488,1281,1274,3110,0.0,0.0,0.0,0.001286173633441,0.020257234726688,0.156913183279743,0.411897106109325,0.409646302250804
5,547,0,0,0,7,65,478,1307,1248,3105,0.0,0.0,0.0,0.002254428341385,0.020933977455717,0.153945249597424,0.420933977455717,0.401932367149758
5,548,0,0,0,6,72,464,1306,1252,3100,0.0,0.0,0.0,0.001935483870968,0.023225806451613,0.149677419354839,0.421290322580645,0.403870967741935
5,549,0,0,0,3,69,471,1322,1230,3095,0.0,0.0,0.0,0.000969305331179,0.022294022617124,0.152180936995153,0.427140549273021,0.397415185783522
5,550,0,0,0,2,73,429,1342,1244,3090,0.0,0.0,0.0,0.000647249190939,0.023624595469256,0.138834951456311,0.434304207119741,0.402588996763754
5,551,0,0,0,7,63,457,1304,1254,3085,0.0,0.0,0.0,0.00226904376013,0.020421393841167,0.148136142625608,0.422690437601297,0.406482982171799
5,552,0,0,0,3,71,459,1326,1221,3080,0.0,0.0,0.0,0.000974025974026,0.023051948051948,0.149025974025974,0.430519480519481,0.396428571428571
5,553,0,0,0,5,81,467,1236,1286,3075,0.0,0.0,0.0,0.001626016260163,0.026341463414634,0.151869918699187,0.401951219512195,0.418211382113821
5,554,0,0,0,1,75,442,1288,1264,3070,0.0,0.0,0.0,0.000325732899023,0.02442996742671,0.143973941368078,0.419543973941368,0.411726384364821
5,555,0,0,0,2,62,461,1320,1220,3065,0.0,0.0,0.0,0.000652528548124,0.020228384991843,0.150407830342577,0.430668841761827,0.398042414355628
5,556,0,0,0,3,74,454,1257,1272,3060,0.0,0.0,0.0,0.000980392156863,0.024183006535948,0.148366013071895,0.41078431372549,0.415686274509804
5,557,0,0,0,3,72,434,1279,1267,3055,0.0,0.0,0.0,0.000981996726678,0.023567921440262,0.142062193126023,0.418657937806874,0.414729950900164
5,558,0,0,0,8,63,470,1299,1210,3050,0.0,0.0,0.0,0.002622950819672,0.020655737704918,0.154098360655738,0.425901639344262,0.39672131147541
5,559,0,0,0,3,61,430,1311,1240,3045,0.0,0.0,0.0,0.000985221674877,0.020032840722496,0.141215106732348,0.430541871921182,0.407224958949097
5,560,0,0,0,4,64,417,1288,1267,3040,0.0,0.0,0.0,0.001315789473684,0.021052631578947,0.137171052631579,0.423684210526316,0.416776315789474
5,561,0,0,0,5,78,435,1303,1214,3035,0.0,0.0,0.0,0.00164744645799,0.025700164744646,0.14332784184514,0.429324546952224,0.4
5,562,0,0,0,1,59,453,1286,1231,3030,0.0,0.0,0.0,0.0003300330033,0.019471947194719,0.149504950495049,0.424422442244224,0.406270627062706
5,563,0,0,0,6,74,435,1291,1219,3025,0.0,0.0,0.0,0.00198347107438,0.024462809917355,0.143801652892562,0.426776859504132,0.40297520661157
5,564,0,0,0,7,78,449,1258,1228,3020,0.0,0.0,0.0,0.002317880794702,0.025827814569536,0.148675496688742,0.416556291390728,0.406622516556291
5,565,0,0,0,1,69,460,1289,1196,3015,0.0,0.0,0.0,0.000331674958541,0.022885572139303,0.15257048092869,0.427529021558872,0.396683250414594
5,566,0,0,0,3,60,398,1282,1267,3010,0.0,0.0,0.0,0.000996677740864,0.019933554817276,0.132225913621262,0.425913621262458,0.42093023255814
5,567,0,0,0,4,52,434,1280,1235,3005,0.0,0.0,0.0,0.001331114808652,0.017304492512479,0.144425956738769,0.425956738768719,0.410981697171381
5,568,0,0,0,4,65,456,1251,1224,3000,0.0,0.0,0.0,0.001333333333333,0.021666666666667,0.152,0.417,0.408
5,569,0,0,0,7,61,432,1264,1231,2995,0.0,0.0,0.0,0.002337228714524,0.020367278797997,0.14424040066778,0.4220367278798,0.4110183639399
5,570,0,0,0,6,54,445,1292,1193,2990,0.0,0.0,0.0,0.002006688963211,0.018060200668896,0.148829431438127,0.432107023411371,0.398996655518395
5,571,0,0,0,3,66,441,1259,1216,2985,0.0,0.0,0.0,0.001005025125628,0.022110552763819,0.147738693467337,0.42177554438861,0.407370184254606
5,572,0,0,0,1,59,457,1248,1215,2980,0.0,0.0,0.0,0.000335570469799,0.019798657718121,0.153355704697987,0.418791946308725,0.407718120805369
5,573,0,0,0,3,56,437,1262,1217,2975,0.0,0.0,0.0,0.001008403361345,0.018823529411765,0.146890756302521,0.424201680672269,0.409075630252101
5,574,0,0,1,8,59,433,1237,1232,2970,0.0,0.0,0.0003367003367,0.002693602693603,0.01986531986532,0.145791245791246,0.416498316498316,0.414814814814815
5,575,0,0,0,5,57,432,1199,1272,2965,0.0,0.0,0.0,0.001686340640809,0.019224283305228,0.145699831365936,0.404384485666105,0.429005059021922
5,576,0,0,0,3,59,445,1231,1222,2960,0.0,0.0,0.0,0.001013513513514,0.019932432432432,0.150337837837838,0.415878378378378,0.412837837837838
5,577,0,0,0,8,74,418,1255,1200,2955,0.0,0.0,0.0,0.002707275803723,0.025042301184433,0.141455160744501,0.424703891708968,0.406091370558376
5,578,0,0,0,7,64,431,1223,1225,2950,0.0,0.0,0.0,0.002372881355932,0.021694915254237,0.146101694915254,0.414576271186441,0.415254237288136
5,579,0,0,0,2,70,399,1253,1221,2945,0.0,0.0,0.0,0.000679117147708,0.023769100169779,0.135483870967742,0.425466893039049,0.414601018675722
5,580,0,0,1,2,48,426,1235,1228,2940,0.0,0.0,0.000340136054422,0.000680272108844,0.016326530612245,0.144897959183673,0.420068027210884,0.417687074829932
5,581,0,0,1,5,50,428,1246,1205,2935,0.0,0.0,0.000340715502555,0.001703577512777,0.017035775127768,0.145826235093697,0.424531516183986,0.410562180579216
5,582,0,0,0,7,59,437,1223,1204,2930,0.0,0.0,0.0,0.002389078498294,0.020136518771331,0.149146757679181,0.41740614334471,0.410921501706485
5,583,0,0,0,3,61,441,1218,1202,2925,0.0,0.0,0.0,0.001025641025641,0.020854700854701,0.150769230769231,0.416410256410256,0.410940170940171
5,584,0,0,0,4,54,444,1220,1198,2920,0.0,0.0,0.0,0.001369863013699,0.018493150684932,0.152054794520548,0.417808219178082,0.41027397260274
5,585,0,0,0,6,51,427,1202,1229,2915,0.0,0.0,0.0,0.002058319039451,0.017495711835334,0.146483704974271,0.412349914236707,0.421612349914237
5,586,0,0,0,2,58,448,1229,1173,2910,0.0,0.0,0.0,0.000687285223368,0.019931271477663,0.153951890034364,0.42233676975945,0.403092783505155
5,587,0,0,0,6,64,435,1207,1193,2905,0.0,0.0,0.0,0.002065404475043,0.022030981067126,0.14974182444062,0.415490533562823,0.410671256454389
5,588,0,0,0,4,52,427,1234,1183,2900,0.0,0.0,0.0,0.001379310344828,0.017931034482759,0.147241379310345,0.42551724137931,0.407931034482759
5,589,0,0,0,10,57,421,1231,1176,2895,0.0,0.0,0.0,0.003454231433506,0.019689119170984,0.145423143350604,0.425215889464594,0.406217616580311
5,590,0,0,1,3,63,411,1242,1170,2890,0.0,0.0,0.000346020761246,0.001038062283737,0.021799307958478,0.142214532871972,0.429757785467128,0.404844290657439
5,591,0,0,0,7,58,437,1178,1205,2885,0.0,0.0,0.0,0.002426343154246,0.020103986135182,0.151473136915078,0.408318890814558,0.417677642980936
5,592,0,0,0,4,57,435,1212,1172,2880,0.0,0.0,0.0,0.001388888888889,0.019791666666667,0.151041666666667,0.420833333333333,0.406944444444444
5,593,0,0,1,3,50,449,1202,1170,2875,0.0,0.0,0.000347826086957,0.00104347826087,0.017391304347826,0.156173913043478,0.418086956521739,0.40695652173913
5,594,0,0,0,4,59,424,1230,1153,2870,0.0,0.0,0.0,0.001393728222997,0.020557491289199,0.147735191637631,0.428571428571429,0.401742160278746
5,595,0,0,0,10,60,447,1155,1193,2865,0.0,0.0,0.0,0.003490401396161,0.020942408376963,0.156020942408377,0.403141361256544,0.416404886561955
5,596,0,1,0,4,63,457,1183,1152,2860,0.0,0.00034965034965,0.0,0.001398601398601,0.022027972027972,0.15979020979021,0.413636363636364,0.402797202797203
5,597,0,0,1,5,66,439,1206,1138,2855,0.0,0.0,0.000350262697023,0.001751313485114,0.023117338003503,0.153765323992995,0.422416812609457,0.398598949211909
5,598,0,0,0,4,62,417,1227,1140,2850,0.0,0.0,0.0,0.00140350877193,0.021754385964912,0.146315789473684,0.430526315789474,0.4
5,599,0,0,0,4,60,431,1193,1157,2845,0.0,0.0,0.0,0.001405975395431,0.021089630931459,0.151493848857645,0.41933216168717,0.406678383128295
5,600,0,0,0,3,51,456,1213,1117,2840,0.0,0.0,0.0,0.001056338028169,0.017957746478873,0.16056338028169,0.427112676056338,0.39330985915493
5,601,0,0,0,4,63,401,1235,1132,2835,0.0,0.0,0.0,0.001410934744268,0.022222222222222,0.141446208112875,0.435626102292769,0.399294532627866
5,602,0,0,0,3,65,390,1231,1141,2830,0.0,0.0,0.0,0.001060070671378,0.022968197879859,0.137809187279152,0.434982332155477,0.403180212014134
5,603,0,0,0,4,68,393,1204,1156,2825,0.0,0.0,0.0,0.00141592920354,0.024070796460177,0.139115044247788,0.426194690265487,0.409203539823009
5,604,0,0,0,4,72,380,1210,1154,2820,0.0,0.0,0.0,0.001418439716312,0.025531914893617,0.134751773049645,0.429078014184397,0.409219858156028
5,605,0,0,0,5,60,408,1223,1119,2815,0.0,0.0,0.0,0.001776198934281,0.021314387211368,0.1449378330373,0.434458259325044,0.397513321492007
5,606,0,0,0,4,60,404,1214,1128,2810,0.0,0.0,0.0,0.001423487544484,0.02135231316726,0.143772241992883,0.43202846975089,0.401423487544484
5,607,0,0,0,3,60,414,1168,1160,2805,0.0,0.0,0.0,0.001069518716578,0.021390374331551,0.147593582887701,0.416399286987522,0.413547237076649
5,608,0,0,0,1,52,418,1214,1115,2800,0.0,0.0,0.0,0.000357142857143,0.018571428571429,0.149285714285714,0.433571428571429,0.398214285714286
5,609,0,0,0,3,60,416,1159,1157,2795,0.0,0.0,0.0,0.001073345259392,0.021466905187835,0.148837209302326,0.414669051878354,0.413953488372093
5,610,0,0,0,2,65,394,1176,1153,2790,0.0,0.0,0.0,0.000716845878136,0.023297491039427,0.141218637992832,0.421505376344086,0.41326164874552
5,611,0,0,0,2,54,406,1158,1165,2785,0.0,0.0,0.0,0.000718132854578,0.019389587073609,0.145780969479354,0.415798922800718,0.418312387791741
5,612,0,0,0,3,53,431,1207,1086,2780,0.0,0.0,0.0,0.001079136690647,0.019064748201439,0.155035971223022,0.434172661870504,0.390647482014388
5,613,0,0,0,4,66,424,1188,1093,2775,0.0,0.0,0.0,0.001441441441441,0.023783783783784,0.152792792792793,0.428108108108108,0.393873873873874
5,614,0,0,0,4,67,400,1135,1164,2770,0.0,0.0,0.0,0.0014440433213,0.024187725631769,0.144404332129964,0.409747292418773,0.420216606498195
5,615,0,0,0,2,66,421,1157,1119,2765,0.0,0.0,0.0,0.000723327305606,0.023869801084991,0.152260397830018,0.418444846292948,0.404701627486438
5,616,0,0,0,2,55,417,1208,1078,2760,0.0,0.0,0.0,0.000724637681159,0.019927536231884,0.151086956521739,0.43768115942029,0.390579710144928
5,617,0,0,0,0,70,404,1164,1117,2755,0.0,0.0,0.0,0.0,0.02540834845735,0.146642468239564,0.422504537205082,0.405444646098004
5,618,0,0,0,2,58,389,1186,1115,2750,0.0,0.0,0.0,0.000727272727273,0.021090909090909,0.141454545454545,0.431272727272727,0.405454545454545
5,619,0,0,0,3,60,404,1157,1121,2745,0.0,0.0,0.0,0.001092896174863,0.021857923497268,0.147176684881603,0.421493624772313,0.408378870673953
5,620,0,0,1,1,76,374,1158,1130,2740,0.0,0.0,0.00036496350365,0.00036496350365,0.027737226277372,0.136496350364963,0.422627737226277,0.412408759124088
5,621,0,0,0,2,69,421,1154,1089,2735,0.0,0.0,0.0,0.00073126142596,0.025228519195612,0.153930530164534,0.421937842778793,0.398171846435101
5,622,0,0,0,7,67,397,1150,1109,2730,0.0,0.0,0.0,0.002564102564103,0.024542124542125,0.145421245421245,0.421245421245421,0.406227106227106
5,623,0,0,0,0,52,406,1177,1090,2725,0.0,0.0,0.0,0.0,0.019082568807339,0.148990825688073,0.431926605504587,0.4
5,624,0,0,0,6,47,413,1151,1103,2720,0.0,0.0,0.0,0.002205882352941,0.017279411764706,0.151838235294118,0.423161764705882,0.405514705882353
5,625,0,0,0,4,47,394,1128,1142,2715,0.0,0.0,0.0,0.001473296500921,0.01731123388582,0.1451197053407,0.415469613259669,0.420626151012891
5,626,0,0,0,5,57,392,1133,1123,2710,0.0,0.0,0.0,0.001845018450185,0.021033210332103,0.144649446494465,0.418081180811808,0.414391143911439
5,627,0,0,0,2,54,386,1159,1104,2705,0.0,0.0,0.0,0.000739371534196,0.01996303142329,0.142698706099815,0.428465804066543,0.408133086876155
5,628,0,0,1,3,66,375,1152,1103,2700,0.0,0.0,0.00037037037037,0.001111111111111,0.024444444444444,0.138888888888889,0.426666666666667,0.408518518518519
5,629,0,0,0,2,57,393,1121,1122,2695,0.0,0.0,0.0,0.000742115027829,0.021150278293135,0.14582560296846,0.41595547309833,0.416326530612245
5,630,0,0,0,1,62,427,1129,1071,2690,0.0,0.0,0.0,0.000371747211896,0.023048327137546,0.158736059479554,0.419702602230483,0.39814126394052
5,631,0,0,0,4,64,391,1132,1094,2685,0.0,0.0,0.0,0.001489757914339,0.023836126629423,0.145623836126629,0.421601489757914,0.407448789571695
5,632,0,0,0,5,54,364,1128,1129,2680,0.0,0.0,0.0,0.001865671641791,0.020149253731343,0.135820895522388,0.42089552238806,0.421268656716418
5,633,0,0,0,7,67,391,1077,1133,2675,0.0,0.0,0.0,0.002616822429907,0.025046728971963,0.146168224299065,0.402616822429907,0.423551401869159
5,634,0,0,0,3,50,375,1161,1081,2670,0.0,0.0,0.0,0.001123595505618,0.0187265917603,0.140449438202247,0.434831460674157,0.404868913857678
5,635,0,0,0,3,50,401,1139,1072,2665,0.0,0.0,0.0,0.001125703564728,0.018761726078799,0.15046904315197,0.427392120075047,0.402251407129456
5,636,0,0,0,3,51,392,1142,1072,2660,0.0,0.0,0.0,0.001127819548872,0.019172932330827,0.147368421052632,0.429323308270677,0.403007518796992
5,637,0,0,0,1,52,409,1121,1072,2655,0.0,0.0,0.0,0.000376647834275,0.019585687382298,0.154048964218456,0.422222222222222,0.40376647834275
5,638,0,0,1,5,63,423,1083,1075,2650,0.0,0.0,0.000377358490566,0.00188679245283,0.02377358490566,0.159622641509434,0.408679245283019,0.405660377358491
5,639,0,0,0,3,62,394,1112,1074,2645,0.0,0.0,0.0,0.001134215500945,0.0234404536862,0.148960302457467,0.420415879017013,0.406049149338374
5,640,0,0,1,6,52,388,1121,1072,2640,0.0,0.0,0.000378787878788,0.002272727272727,0.01969696969697,0.146969696969697,0.424621212121212,0.406060606060606
5,641,0,0,0,6,45,363,1137,1084,2635,0.0,0.0,0.0,0.002277039848197,0.01707779886148,0.137760910815939,0.431499051233397,0.411385199240987
5,642,0,0,0,2,47,400,1089,1092,2630,0.0,0.0,0.0,0.000760456273764,0.01787072243346,0.152091254752852,0.414068441064639,0.415209125475285
5,643,0,0,0,4,49,377,1126,1069,2625,0.0,0.0,0.0,0.00152380952381,0.018666666666667,0.143619047619048,0.428952380952381,0.407238095238095
5,644,0,0,0,6,56,397,1128,1033,2620,0.0,0.0,0.0,0.002290076335878,0.021374045801527,0.151526717557252,0.430534351145038,0.394274809160305
5,645,0,0,0,3,63,381,1097,1071,2615,0.0,0.0,0.0,0.001147227533461,0.024091778202677,0.145697896749522,0.419502868068834,0.409560229445507
5,646,0,0,0,3,62,389,1086,1070,2610,0.0,0.0,0.0,0.001149425287356,0.023754789272031,0.14904214559387,0.416091954022988,0.409961685823755
5,647,0,0,0,2,38,382,1104,1079,2605,0.0,0.0,0.0,0.000767754318618,0.014587332053743,0.146641074856046,0.423800383877159,0.414203454894434
5,648,0,0,0,6,47,395,1103,1049,2600,0.0,0.0,0.0,0.002307692307692,0.018076923076923,0.151923076923077,0.424230769230769,0.403461538461538
5,649,0,0,0,1,56,374,1152,1012,2595,0.0,0.0,0.0,0.000385356454721,0.021579961464355,0.144123314065511,0.44393063583815,0.389980732177264
5,650,0,0,0,2,54,371,1169,994,2590,0.0,0.0,0.0,0.000772200772201,0.020849420849421,0.143243243243243,0.451351351351351,0.383783783783784
5,651,0,0,0,2,46,394,1116,1027,2585,0.0,0.0,0.0,0.000773694390716,0.01779497098646,0.152417794970986,0.431721470019342,0.397292069632495
5,652,0,0,0,2,50,400,1101,1027,2580,0.0,0.0,0.0,0.00077519379845,0.01937984496124,0.155038759689922,0.426744186046512,0.398062015503876
5,653,0,0,0,3,52,400,1113,1007,2575,0.0,0.0,0.0,0.001165048543689,0.020194174757282,0.155339805825243,0.432233009708738,0.391067961165049
5,654,0,0,1,5,61,379,1074,1050,2570,0.0,0.0,0.000389105058366,0.001945525291829,0.023735408560311,0.147470817120623,0.417898832684825,0.408560311284047
5,655,0,0,0,4,46,376,1072,1067,2565,0.0,0.0,0.0,0.001559454191033,0.017933723196881,0.146588693957115,0.417933723196881,0.41598440545809
5,656,0,0,0,7,70,376,1089,1018,2560,0.0,0.0,0.0,0.002734375,0.02734375,0.146875,0.425390625,0.39765625
5,657,0,0,0,3,45,376,1102,1029,2555,0.0,0.0,0.0,0.001174168297456,0.01761252446184,0.147162426614481,0.431311154598826,0.402739726027397
5,658,0,0,0,5,49,345,1082,1069,2550,0.0,0.0,0.0,0.001960784313725,0.01921568627451,0.135294117647059,0.424313725490196,0.41921568627451
5,659,0,0,0,3,52,401,1066,1023,2545,0.0,0.0,0.0,0.001178781925344,0.020432220039293,0.157563850687623,0.418860510805501,0.40196463654224
5,660,0,0,0,3,45,396,1060,1036,2540,0.0,0.0,0.0,0.001181102362205,0.017716535433071,0.155905511811024,0.417322834645669,0.407874015748032
5,661,0,0,0,5,50,392,1097,991,2535,0.0,0.0,0.0,0.001972386587771,0.019723865877712,0.154635108481262,0.432741617357002,0.390927021696252
5,662,0,0,0,4,54,382,1067,1023,2530,0.0,0.0,0.0,0.001581027667984,0.021343873517787,0.15098814229249,0.421739130434783,0.404347826086957
5,663,0,0,1,5,46,404,1117,952,2525,0.0,0.0,0.00039603960396,0.001980198019802,0.018217821782178,0.16,0.442376237623762,0.377029702970297
5,664,0,0,0,3,48,371,1054,1044,2520,0.0,0.0,0.0,0.001190476190476,0.019047619047619,0.147222222222222,0.418253968253968,0.414285714285714
5,665,0,0,0,3,70,368,1070,1004,2515,0.0,0.0,0.0,0.001192842942346,0.027833001988072,0.146322067594433,0.42544731610338,0.399204771371769
5,666,0,0,0,5,51,348,1063,1043,2510,0.0,0.0,0.0,0.00199203187251,0.020318725099602,0.138645418326693,0.423505976095618,0.415537848605578
5,667,0,0,0,5,43,398,998,1061,2505,0.0,0.0,0.0,0.001996007984032,0.017165668662675,0.158882235528942,0.398403193612774,0.423552894211577
5,668,0,0,0,1,53,373,1072,1001,2500,0.0,0.0,0.0,0.0004,0.0212,0.1492,0.4288,0.4004
5,669,0,0,0,1,59,344,1043,1048,2495,0.0,0.0,0.0,0.000400801603206,0.023647294589178,0.137875751503006,0.418036072144289,0.420040080160321
5,670,0,0,0,3,58,376,1052,1001,2490,0.0,0.0,0.0,0.001204819277108,0.023293172690763,0.151004016064257,0.422489959839357,0.402008032128514
5,671,0,0,0,3,52,355,1041,1034,2485,0.0,0.0,0.0,0.001207243460765,0.02092555331992,0.142857142857143,0.418913480885312,0.416096579476861
5,672,0,0,0,3,55,398,1028,996,2480,0.0,0.0,0.0,0.001209677419355,0.022177419354839,0.160483870967742,0.414516129032258,0.401612903225806
5,673,0,0,0,2,54,348,1027,1044,2475,0.0,0.0,0.0,0.000808080808081,0.021818181818182,0.140606060606061,0.414949494949495,0.421818181818182
5,674,0,0,0,0,54,365,1050,1001,2470,0.0,0.0,0.0,0.0,0.021862348178138,0.147773279352227,0.425101214574899,0.405263157894737
5,675,0,0,1,7,57,345,1049,1006,2465,0.0,0.0,0.000405679513185,0.002839756592292,0.023123732251521,0.139959432048682,0.425557809330629,0.408113590263692
5,676,0,0,0,4,51,365,1019,1021,2460,0.0,0.0,0.0,0.001626016260163,0.020731707317073,0.148373983739837,0.414227642276423,0.415040650406504
5,677,0,0,0,2,60,353,1072,968,2455,0.0,0.0,0.0,0.00081466395112,0.024439918533605,0.143788187372709,0.436659877800407,0.394297352342159
5,678,0,0,0,1,46,351,1055,997,2450,0.0,0.0,0.0,0.000408163265306,0.018775510204082,0.143265306122449,0.430612244897959,0.406938775510204
5,679,0,0,0,5,54,348,1032,1006,2445,0.0,0.0,0.0,0.002044989775051,0.022085889570552,0.142331288343558,0.422085889570552,0.411451942740286
5,680,0,0,0,4,49,346,1034,1007,2440,0.0,0.0,0.0,0.001639344262295,0.020081967213115,0.141803278688525,0.423770491803279,0.412704918032787
5,681,0,0,1,3,45,345,1079,962,2435,0.0,0.0,0.00041067761807,0.001232032854209,0.018480492813142,0.141683778234086,0.443121149897331,0.395071868583162
5,682,0,0,0,4,54,364,983,1025,2430,0.0,0.0,0.0,0.001646090534979,0.022222222222222,0.149794238683128,0.404526748971193,0.421810699588477
5,683,0,0,0,2,54,336,1031,1002,2425,0.0,0.0,0.0,0.000824742268041,0.022268041237113,0.138556701030928,0.425154639175258,0.41319587628866
5,684,0,0,0,4,53,359,1021,983,2420,0.0,0.0,0.0,0.001652892561983,0.021900826446281,0.148347107438017,0.421900826446281,0.406198347107438
5,685,0,0,0,3,56,361,1000,995,2415,0.0,0.0,0.0,0.001242236024845,0.023188405797101,0.149482401656315,0.41407867494824,0.412008281573499
5,686,0,0,0,2,54,340,1017,997,2410,0.0,0.0,0.0,0.000829875518672,0.022406639004149,0.141078838174274,0.421991701244813,0.413692946058091
5,687,0,0,0,4,43,361,1017,980,2405,0.0,0.0,0.0,0.001663201663202,0.017879417879418,0.15010395010395,0.422869022869023,0.407484407484408
5,688,0,0,0,4,53,323,1024,996,2400,0.0,0.0,0.0,0.001666666666667,0.022083333333333,0.134583333333333,0.426666666666667,0.415
5,689,0,0,0,8,45,381,982,979,2395,0.0,0.0,0.0,0.003340292275574,0.018789144050104,0.159081419624217,0.410020876826722,0.408768267223382
5,690,0,0,0,5,47,346,1015,977,2390,0.0,0.0,0.0,0.002092050209205,0.019665271966527,0.144769874476987,0.424686192468619,0.408786610878661
5,691,0,0,0,6,43,358,995,983,2385,0.0,0.0,0.0,0.00251572327044,0.018029350104822,0.150104821802935,0.417190775681342,0.412159329140461
5,692,0,0,0,3,50,358,953,1016,2380,0.0,0.0,0.0,0.001260504201681,0.021008403361345,0.150420168067227,0.400420168067227,0.426890756302521
5,693,0,0,0,4,43,352,998,978,2375,0.0,0.0,0.0,0.001684210526316,0.018105263157895,0.148210526315789,0.420210526315789,0.411789473684211
5,694,0,0,0,1,43,377,996,953,2370,0.0,0.0,0.0,0.00042194092827,0.018143459915612,0.159071729957806,0.420253164556962,0.40210970464135
5,695,0,0,0,3,54,317,1038,953,2365,0.0,0.0,0.0,0.001268498942918,0.022832980972516,0.134038054968288,0.438900634249471,0.402959830866808
5,696,0,0,0,1,61,342,1001,955,2360,0.0,0.0,0.0,0.000423728813559,0.025847457627119,0.144915254237288,0.424152542372881,0.404661016949153
5,697,0,0,0,2,47,304,985,1017,2355,0.0,0.0,0.0,0.000849256900212,0.019957537154989,0.129087048832272,0.418259023354565,0.431847133757962
5,698,0,0,0,1,61,363,963,962,2350,0.0,0.0,0.0,0.000425531914894,0.025957446808511,0.154468085106383,0.409787234042553,0.40936170212766
5,699,0,0,0,2,50,330,1038,925,2345,0.0,0.0,0.0,0.000852878464819,0.021321961620469,0.140724946695096,0.442643923240938,0.394456289978678
5,700,0,0,0,3,43,332,1006,956,2340,0.0,0.0,0.0,0.001282051282051,0.018376068376068,0.141880341880342,0.42991452991453,0.408547008547009
5,701,0,0,0,4,40,363,995,933,2335,0.0,0.0,0.0,0.001713062098501,0.017130620985011,0.155460385438972,0.426124197002141,0.399571734475375
5,702,0,0,1,0,58,361,974,936,2330,0.0,0.0,0.000429184549356,0.0,0.024892703862661,0.154935622317597,0.418025751072961,0.401716738197425
5,703,0,0,0,0,51,330,953,991,2325,0.0,0.0,0.0,0.0,0.021935483870968,0.141935483870968,0.40989247311828,0.426236559139785
5,704,0,0,0,1,42,347,952,978,2320,0.0,0.0,0.0,0.000431034482759,0.018103448275862,0.149568965517241,0.410344827586207,0.421551724137931
5,705,0,0,1,1,44,336,972,961,2315,0.0,0.0,0.000431965442765,0.000431965442765,0.019006479481641,0.145140388768898,0.419870410367171,0.41511879049676
5,706,0,0,1,4,45,339,952,969,2310,0.0,0.0,0.0004329004329,0.001731601731602,0.019480519480519,0.146753246753247,0.412121212121212,0.419480519480519
5,707,0,0,0,2,45,301,1023,934,2305,0.0,0.0,0.0,0.000867678958785,0.019522776572668,0.13058568329718,0.443817787418655,0.405206073752712
5,708,0,0,0,1,50,340,1002,907,2300,0.0,0.0,0.0,0.000434782608696,0.021739130434783,0.147826086956522,0.435652173913044,0.394347826086957
5,709,0,0,0,2,58,326,948,961,2295,0.0,0.0,0.0,0.000871459694989,0.025272331154684,0.142047930283224,0.413071895424837,0.418736383442266
5,710,0,0,0,3,49,341,929,968,2290,0.0,0.0,0.0,0.001310043668122,0.021397379912664,0.148908296943231,0.405676855895197,0.422707423580786
5,711,0,0,0,5,50,319,981,930,2285,0.0,0.0,0.0,0.00218818380744,0.021881838074398,0.139606126914661,0.429321663019694,0.407002188183807
5,712,0,0,0,3,52,333,983,909,2280,0.0,0.0,0.0,0.001315789473684,0.02280701754386,0.146052631578947,0.431140350877193,0.398684210526316
5,713,0,0,0,0,57,337,936,945,2275,0.0,0.0,0.0,0.0,0.025054945054945,0.148131868131868,0.411428571428571,0.415384615384615
5,714,0,0,0,0,42,321,971,936,2270,0.0,0.0,0.0,0.0,0.018502202643172,0.141409691629956,0.427753303964758,0.412334801762115
5,715,0,0,0,0,47,349,980,889,2265,0.0,0.0,0.0,0.0,0.02075055187638,0.154083885209713,0.432671081677704,0.392494481236203
5,716,0,0,0,4,43,325,949,939,2260,0.0,0.0,0.0,0.001769911504425,0.019026548672566,0.143805309734513,0.419911504424779,0.415486725663717
5,717,0,0,0,3,44,342,975,891,2255,0.0,0.0,0.0,0.001330376940133,0.019512195121951,0.151662971175166,0.432372505543237,0.395121951219512
5,718,0,0,0,2,40,338,950,920,2250,0.0,0.0,0.0,0.000888888888889,0.017777777777778,0.150222222222222,0.422222222222222,0.408888888888889
5,719,0,0,0,4,39,346,968,888,2245,0.0,0.0,0.0,0.001781737193764,0.017371937639198,0.154120267260579,0.431180400890869,0.39554565701559
5,720,0,0,0,4,42,349,898,947,2240,0.0,0.0,0.0,0.001785714285714,0.01875,0.155803571428571,0.400892857142857,0.422767857142857
5,721,0,0,0,4,45,327,958,901,2235,0.0,0.0,0.0,0.00178970917226,0.020134228187919,0.146308724832215,0.428635346756152,0.403131991051454
5,722,0,0,1,2,44,310,938,935,2230,0.0,0.0,0.000448430493274,0.000896860986547,0.019730941704036,0.139013452914798,0.420627802690583,0.419282511210762
5,723,0,0,0,6,63,309,929,918,2225,0.0,0.0,0.0,0.002696629213483,0.028314606741573,0.138876404494382,0.41752808988764,0.412584269662921
5,724,0,0,0,3,44,324,942,907,2220,0.0,0.0,0.0,0.001351351351351,0.01981981981982,0.145945945945946,0.424324324324324,0.408558558558559
5,725,0,0,0,0,44,318,940,913,2215,0.0,0.0,0.0,0.0,0.019864559819413,0.143566591422122,0.424379232505643,0.412189616252822
5,726,0,0,0,2,44,329,901,934,2210,0.0,0.0,0.0,0.000904977375566,0.019909502262443,0.148868778280543,0.407692307692308,0.42262443438914
5,727,0,0,0,6,37,353,923,886,2205,0.0,0.0,0.0,0.002721088435374,0.016780045351474,0.160090702947846,0.41859410430839,0.401814058956916
5,728,0,0,0,4,43,341,933,879,2200,0.0,0.0,0.0,0.001818181818182,0.019545454545455,0.155,0.424090909090909,0.399545454545455
5,729,0,0,0,2,45,324,904,920,2195,0.0,0.0,0.0,0.000911161731207,0.020501138952164,0.147608200455581,0.411845102505695,0.419134396355353
5,730,0,0,0,4,46,356,923,861,2190,0.0,0.0,0.0,0.001826484018265,0.021004566210046,0.162557077625571,0.421461187214612,0.393150684931507
5,731,0,0,0,2,40,312,938,893,2185,0.0,0.0,0.0,0.00091533180778,0.018306636155606,0.14279176201373,0.42929061784897,0.408695652173913
5,732,0,0,0,5,40,300,910,925,2180,0.0,0.0,0.0,0.002293577981651,0.018348623853211,0.137614678899083,0.41743119266055,0.424311926605505
5,733,0,0,0,4,51,304,910,906,2175,0.0,0.0,0.0,0.00183908045977,0.023448275862069,0.139770114942529,0.418390804597701,0.416551724137931
5,734,0,0,0,2,56,288,939,885,2170,0.0,0.0,0.0,0.000921658986175,0.025806451612903,0.132718894009217,0.432718894009217,0.407834101382488
5,735,0,0,0,2,37,325,915,886,2165,0.0,0.0,0.0,0.000923787528868,0.017090069284065,0.150115473441109,0.422632794457275,0.409237875288684
5,736,0,0,0,3,53,332,884,888,2160,0.0,0.0,0.0,0.001388888888889,0.024537037037037,0.153703703703704,0.409259259259259,0.411111111111111
5,737,0,0,0,5,41,293,918,898,2155,0.0,0.0,0.0,0.002320185614849,0.019025522041763,0.135962877030162,0.425986078886311,0.416705336426914
5,738,0,0,0,2,50,327,908,863,2150,0.0,0.0,0.0,0.00093023255814,0.023255813953488,0.152093023255814,0.422325581395349,0.401395348837209
5,739,0,0,0,3,46,307,944,845,2145,0.0,0.0,0.0,0.001398601398601,0.021445221445221,0.143123543123543,0.44009324009324,0.393939393939394
5,740,0,0,0,0,38,289,911,902,2140,0.0,0.0,0.0,0.0,0.017757009345794,0.135046728971963,0.425700934579439,0.421495327102804
5,741,0,0,0,3,43,321,870,898,2135,0.0,0.0,0.0,0.001405152224824,0.020140515222482,0.150351288056206,0.407494145199063,0.420608899297424
5,742,0,0,0,6,53,315,937,819,2130,0.0,0.0,0.0,0.002816901408451,0.024882629107981,0.147887323943662,0.439906103286385,0.384507042253521
5,743,0,0,0,1,36,316,922,850,2125,0.0,0.0,0.0,0.000470588235294,0.016941176470588,0.148705882352941,0.433882352941176,0.4
5,744,0,0,0,1,46,287,895,891,2120,0.0,0.0,0.0,0.000471698113208,0.021698113207547,0.135377358490566,0.422169811320755,0.420283018867925
5,745,0,0,0,2,63,341,849,860,2115,0.0,0.0,0.0,0.000945626477541,0.029787234042553,0.161229314420804,0.401418439716312,0.40661938534279
5,746,0,0,0,3,46,338,856,867,2110,0.0,0.0,0.0,0.001421800947867,0.021800947867299,0.160189573459716,0.405687203791469,0.410900473933649
5,747,0,0,0,5,34,324,895,847,2105,0.0,0.0,0.0,0.002375296912114,0.016152019002375,0.153919239904988,0.425178147268409,0.402375296912114
5,748,0,0,0,1,42,312,856,889,2100,0.0,0.0,0.0,0.00047619047619,0.02,0.148571428571429,0.407619047619048,0.423333333333333
5,749,0,0,1,6,43,317,893,835,2095,0.0,0.0,0.000477326968974,0.002863961813842,0.020525059665871,0.151312649164678,0.426252983293556,0.398568019093079
5,750,0,0,0,2,44,308,889,847,2090,0.0,0.0,0.0,0.000956937799043,0.021052631578947,0.147368421052632,0.425358851674641,0.405263157894737
5,751,0,0,0,2,36,284,901,862,2085,0.0,0.0,0.0,0.000959232613909,0.01726618705036,0.13621103117506,0.432134292565947,0.413429256594724
5,752,0,0,0,2,48,324,863,843,2080,0.0,0.0,0.0,0.000961538461538,0.023076923076923,0.155769230769231,0.414903846153846,0.405288461538462
5,753,0,0,0,1,52,295,892,835,2075,0.0,0.0,0.0,0.000481927710843,0.025060240963855,0.142168674698795,0.429879518072289,0.402409638554217
5,754,0,0,0,3,44,307,890,826,2070,0.0,0.0,0.0,0.001449275362319,0.021256038647343,0.148309178743961,0.429951690821256,0.399033816425121
5,755,0,0,0,4,42,278,889,852,2065,0.0,0.0,0.0,0.001937046004843,0.020338983050847,0.134624697336562,0.430508474576271,0.412590799031477
5,756,0,0,0,2,46,289,880,843,2060,0.0,0.0,0.0,0.000970873786408,0.022330097087379,0.140291262135922,0.427184466019417,0.409223300970874
5,757,0,0,0,3,50,281,935,786,2055,0.0,0.0,0.0,0.001459854014599,0.024330900243309,0.136739659367397,0.454987834549878,0.382481751824818
5,758,0,0,0,3,44,303,841,859,2050,0.0,0.0,0.0,0.001463414634146,0.021463414634146,0.14780487804878,0.410243902439024,0.419024390243902
5,759,0,0,0,3,38,301,855,848,2045,0.0,0.0,0.0,0.001466992665037,0.018581907090465,0.14718826405868,0.418092909535452,0.414669926650367
5,760,0,0,0,2,42,301,894,801,2040,0.0,0.0,0.0,0.000980392156863,0.020588235294118,0.147549019607843,0.438235294117647,0.392647058823529
5,761,0,0,0,5,53,294,852,831,2035,0.0,0.0,0.0,0.002457002457002,0.026044226044226,0.144471744471744,0.418673218673219,0.408353808353808
5,762,0,0,0,3,56,296,853,822,2030,0.0,0.0,0.0,0.001477832512315,0.027586206896552,0.145812807881773,0.420197044334975,0.404926108374384
5,763,0,0,0,1,38,320,857,809,2025,0.0,0.0,0.0,0.000493827160494,0.018765432098765,0.158024691358025,0.42320987654321,0.399506172839506
5,764,0,0,0,3,47,306,843,821,2020,0.0,0.0,0.0,0.001485148514851,0.023267326732673,0.151485148514851,0.417326732673267,0.406435643564356
5,765,0,0,0,0,42,273,849,851,2015,0.0,0.0,0.0,0.0,0.020843672456576,0.135483870967742,0.421339950372208,0.422332506203474
5,766,0,0,0,5,42,285,863,815,2010,0.0,0.0,0.0,0.002487562189055,0.02089552238806,0.141791044776119,0.429353233830846,0.40547263681592
5,767,0,0,0,3,46,276,848,832,2005,0.0,0.0,0.0,0.001496259351621,0.022942643391521,0.137655860349127,0.422942643391521,0.414962593516209
5,768,0,0,0,6,40,317,816,821,2000,0.0,0.0,0.0,0.003,0.02,0.1585,0.408,0.4105
5,769,0,0,0,6,58,303,856,772,1995,0.0,0.0,0.0,0.003007518796992,0.029072681704261,0.15187969924812,0.429072681704261,0.386967418546366
5,770,0,0,0,3,51,309,845,782,1990,0.0,0.0,0.0,0.001507537688442,0.025628140703518,0.155276381909548,0.424623115577889,0.392964824120603
5,771,0,0,0,2,32,322,836,793,1985,0.0,0.0,0.0,0.001007556675063,0.016120906801008,0.162216624685139,0.421158690176322,0.399496221662469
5,772,0,0,0,1,40,297,833,809,1980,0.0,0.0,0.0,0.000505050505051,0.02020202020202,0.15,0.420707070707071,0.408585858585859
5,773,0,0,0,3,45,316,832,779,1975,0.0,0.0,0.0,0.001518987341772,0.022784810126582,0.16,0.42126582278481,0.394430379746835
5,774,0,0,0,2,37,276,855,800,1970,0.0,0.0,0.0,0.001015228426396,0.018781725888325,0.14010152284264,0.434010152284264,0.406091370558376
5,775,0,0,0,1,35,290,874,765,1965,0.0,0.0,0.0,0.000508905852417,0.017811704834606,0.147582697201018,0.444783715012723,0.389312977099237
5,776,0,0,0,4,56,289,808,803,1960,0.0,0.0,0.0,0.002040816326531,0.028571428571429,0.147448979591837,0.412244897959184,0.40969387755102
5,777,0,0,0,5,42,291,821,796,1955,0.0,0.0,0.0,0.002557544757033,0.021483375959079,0.148849104859335,0.419948849104859,0.407161125319693
5,778,0,0,0,2,37,283,821,807,1950,0.0,0.0,0.0,0.001025641025641,0.018974358974359,0.145128205128205,0.421025641025641,0.413846153846154
5,779,0,0,0,3,41,304,811,786,1945,0.0,0.0,0.0,0.001542416452442,0.02107969151671,0.156298200514139,0.416966580976864,0.404113110539846
5,780,0,0,0,2,40,292,826,780,1940,0.0,0.0,0.0,0.001030927835052,0.020618556701031,0.150515463917526,0.425773195876289,0.402061855670103
5,781,0,0,0,5,34,315,825,756,1935,0.0,0.0,0.0,0.002583979328165,0.017571059431525,0.162790697674419,0.426356589147287,0.390697674418605
5,782,0,0,0,2,40,307,763,818,1930,0.0,0.0,0.0,0.001036269430052,0.020725388601036,0.159067357512953,0.395336787564767,0.423834196891192
5,783,0,0,0,2,40,307,830,746,1925,0.0,0.0,0.0,0.001038961038961,0.020779220779221,0.159480519480519,0.431168831168831,0.387532467532468
5,784,0,0,0,5,40,289,786,800,1920,0.0,0.0,0.0,0.002604166666667,0.020833333333333,0.150520833333333,0.409375,0.416666666666667
5,785,0,0,0,3,41,301,813,757,1915,0.0,0.0,0.0,0.001566579634465,0.021409921671018,0.157180156657963,0.424543080939948,0.395300261096606
5,786,0,0,0,4,36,280,772,818,1910,0.0,0.0,0.0,0.002094240837696,0.018848167539267,0.146596858638743,0.404188481675393,0.428272251308901
5,787,0,0,0,3,36,263,827,776,1905,0.0,0.0,0.0,0.001574803149606,0.018897637795276,0.138057742782152,0.434120734908136,0.407349081364829
5,788,0,0,0,2,32,288,812,766,1900,0.0,0.0,0.0,0.001052631578947,0.016842105263158,0.151578947368421,0.427368421052632,0.403157894736842
5,789,0,0,0,1,47,282,795,770,1895,0.0,0.0,0.0,0.000527704485488,0.024802110817942,0.148812664907652,0.419525065963061,0.406332453825858
5,790,0,0,0,3,46,271,800,770,1890,0.0,0.0,0.0,0.001587301587302,0.024338624338624,0.143386243386243,0.423280423280423,0.407407407407407
5,791,0,0,0,3,35,275,820,752,1885,0.0,0.0,0.0,0.00159151193634,0.018567639257294,0.145888594164456,0.435013262599469,0.39893899204244
5,792,0,0,0,3,35,267,802,773,1880,0.0,0.0,0.0,0.001595744680851,0.018617021276596,0.142021276595745,0.426595744680851,0.411170212765957
5,793,0,0,0,1,41,294,786,753,1875,0.0,0.0,0.0,0.000533333333333,0.021866666666667,0.1568,0.4192,0.4016
5,794,0,0,0,1,44,255,850,720,1870,0.0,0.0,0.0,0.000534759358289,0.023529411764706,0.136363636363636,0.454545454545455,0.385026737967914
5,795,0,0,0,2,44,280,821,718,1865,0.0,0.0,0.0,0.001072386058981,0.023592493297587,0.150134048257373,0.440214477211796,0.384986595174263
5,796,0,0,0,3,32,275,773,777,1860,0.0,0.0,0.0,0.001612903225806,0.017204301075269,0.147849462365591,0.415591397849462,0.417741935483871
5,797,0,0,0,0,34,266,809,746,1855,0.0,0.0,0.0,0.0,0.01832884097035,0.143396226415094,0.436118598382749,0.402156334231806
5,798,0,0,0,2,39,288,782,739,1850,0.0,0.0,0.0,0.001081081081081,0.021081081081081,0.155675675675676,0.422702702702703,0.399459459459459
5,799,0,0,0,1,28,275,811,730,1845,0.0,0.0,0.0,0.000542005420054,0.015176151761518,0.149051490514905,0.439566395663957,0.395663956639566
5,800,0,0,0,0,44,301,794,701,1840,0.0,0.0,0.0,0.0,0.023913043478261,0.163586956521739,0.431521739130435,0.380978260869565
5,801,0,0,0,3,41,247,798,746,1835,0.0,0.0,0.0,0.001634877384196,0.022343324250681,0.134604904632153,0.434877384196185,0.406539509536785
5,802,0,0,0,1,34,282,762,751,1830,0.0,0.0,0.0,0.000546448087432,0.018579234972678,0.154098360655738,0.416393442622951,0.410382513661202
5,803,0,0,0,0,36,279,782,728,1825,0.0,0.0,0.0,0.0,0.01972602739726,0.152876712328767,0.428493150684931,0.398904109589041
5,804,0,0,0,3,41,248,783,745,1820,0.0,0.0,0.0,0.001648351648352,0.022527472527473,0.136263736263736,0.43021978021978,0.409340659340659
5,805,0,0,0,4,42,305,738,726,1815,0.0,0.0,0.0,0.002203856749311,0.023140495867769,0.168044077134986,0.406611570247934,0.4
5,806,0,0,0,0,38,246,780,746,1810,0.0,0.0,0.0,0.0,0.020994475138122,0.135911602209945,0.430939226519337,0.412154696132597
5,807,0,0,0,1,42,275,726,761,1805,0.0,0.0,0.0,0.000554016620499,0.023268698060942,0.152354570637119,0.402216066481994,0.421606648199446
5,808,0,0,0,3,28,288,762,719,1800,0.0,0.0,0.0,0.001666666666667,0.015555555555556,0.16,0.423333333333333,0.399444444444444
5,809,0,0,0,0,46,276,772,701,1795,0.0,0.0,0.0,0.0,0.025626740947075,0.153760445682451,0.43008356545961,0.390529247910864
5,810,0,0,0,4,41,260,736,749,1790,0.0,0.0,0.0,0.002234636871508,0.022905027932961,0.145251396648045,0.411173184357542,0.418435754189944
5,811,0,0,0,0,39,278,746,722,1785,0.0,0.0,0.0,0.0,0.021848739495798,0.155742296918768,0.417927170868347,0.404481792717087
5,812,0,0,0,3,35,277,755,710,1780,0.0,0.0,0.0,0.001685393258427,0.019662921348315,0.15561797752809,0.424157303370786,0.398876404494382
5,813,0,0,0,4,45,258,719,749,1775,0.0,0.0,0.0,0.002253521126761,0.025352112676056,0.145352112676056,0.405070422535211,0.421971830985916
5,814,0,0,0,2,33,290,744,701,1770,0.0,0.0,0.0,0.001129943502825,0.01864406779661,0.163841807909605,0.420338983050847,0.396045197740113
5,815,0,0,0,1,33,254,753,724,1765,0.0,0.0,0.0,0.00056657223796,0.018696883852691,0.143909348441926,0.426628895184136,0.410198300283286
5,816,0,0,0,3,47,241,768,701,1760,0.0,0.0,0.0,0.001704545454545,0.026704545454545,0.136931818181818,0.436363636363636,0.398295454545455
5,817,0,0,0,2,37,248,763,705,1755,0.0,0.0,0.0,0.001139601139601,0.021082621082621,0.141310541310541,0.434757834757835,0.401709401709402
5,818,0,0,0,2,37,265,689,757,1750,0.0,0.0,0.0,0.001142857142857,0.021142857142857,0.151428571428571,0.393714285714286,0.432571428571429
5,819,0,0,0,1,36,240,704,764,1745,0.0,0.0,0.0,0.000573065902579,0.020630372492837,0.137535816618911,0.403438395415473,0.437822349570201
5,820,0,0,0,2,35,251,730,722,1740,0.0,0.0,0.0,0.001149425287356,0.020114942528736,0.144252873563218,0.419540229885057,0.414942528735632
5,821,0,0,0,1,41,275,731,687,1735,0.0,0.0,0.0,0.000576368876081,0.023631123919308,0.15850144092219,0.421325648414986,0.395965417867435
5,822,0,0,0,1,41,245,711,732,1730,0.0,0.0,0.0,0.000578034682081,0.023699421965318,0.141618497109827,0.410982658959538,0.423121387283237
5,823,0,0,0,1,30,255,704,735,1725,0.0,0.0,0.0,0.000579710144928,0.017391304347826,0.147826086956522,0.408115942028985,0.426086956521739
5,824,0,0,0,1,34,263,708,714,1720,0.0,0.0,0.0,0.000581395348837,0.019767441860465,0.152906976744186,0.411627906976744,0.415116279069767
5,825,0,0,1,1,40,261,723,689,1715,0.0,0.0,0.000583090379009,0.000583090379009,0.02332361516035,0.152186588921283,0.421574344023324,0.401749271137026
5,826,0,0,0,1,45,251,719,694,1710,0.0,0.0,0.0,0.000584795321637,0.026315789473684,0.146783625730994,0.42046783625731,0.405847953216374
5,827,0,0,0,4,31,270,739,661,1705,0.0,0.0,0.0,0.002346041055718,0.018181818181818,0.158357771260997,0.433431085043988,0.387683284457478
5,828,0,0,0,3,36,240,707,714,1700,0.0,0.0,0.0,0.001764705882353,0.021176470588235,0.141176470588235,0.415882352941176,0.42
5,829,0,0,0,3,35,258,704,695,1695,0.0,0.0,0.0,0.001769911504425,0.020648967551622,0.152212389380531,0.415339233038348,0.410029498525074
5,830,0,0,0,1,34,237,714,704,1690,0.0,0.0,0.0,0.000591715976331,0.020118343195266,0.140236686390533,0.422485207100592,0.416568047337278
5,831,0,0,0,4,28,243,735,675,1685,0.0,0.0,0.0,0.002373887240356,0.016617210682493,0.144213649851632,0.43620178041543,0.400593471810089
5,832,0,0,0,3,30,250,690,707,1680,0.0,0.0,0.0,0.001785714285714,0.017857142857143,0.148809523809524,0.410714285714286,0.420833333333333
5,833,0,0,0,0,40,233,737,665,1675,0.0,0.0,0.0,0.0,0.023880597014925,0.13910447761194,0.44,0.397014925373134
5,834,0,0,0,4,32,212,691,731,1670,0.0,0.0,0.0,0.002395209580838,0.019161676646707,0.126946107784431,0.41377245508982,0.437724550898204
5,835,0,0,0,3,41,250,677,694,1665,0.0,0.0,0.0,0.001801801801802,0.024624624624625,0.15015015015015,0.406606606606607,0.416816816816817
5,836,0,0,0,3,38,217,726,676,1660,0.0,0.0,0.0,0.001807228915663,0.02289156626506,0.130722891566265,0.437349397590361,0.407228915662651
5,837,0,0,0,1,38,240,686,690,1655,0.0,0.0,0.0,0.000604229607251,0.022960725075529,0.145015105740181,0.414501510574018,0.416918429003021
5,838,0,0,0,3,31,259,716,641,1650,0.0,0.0,0.0,0.001818181818182,0.018787878787879,0.156969696969697,0.433939393939394,0.388484848484848
5,839,0,0,0,3,32,240,718,652,1645,0.0,0.0,0.0,0.001823708206687,0.019452887537994,0.145896656534954,0.436474164133739,0.396352583586626
5,840,0,0,0,4,31,242,646,717,1640,0.0,0.0,0.0,0.002439024390244,0.01890243902439,0.147560975609756,0.39390243902439,0.43719512195122
5,841,0,0,0,3,33,225,696,678,1635,0.0,0.0,0.0,0.001834862385321,0.020183486238532,0.137614678899083,0.425688073394495,0.414678899082569
5,842,0,0,0,2,35,252,660,681,1630,0.0,0.0,0.0,0.001226993865031,0.021472392638037,0.154601226993865,0.404907975460123,0.417791411042945
5,843,0,0,0,1,38,246,690,650,1625,0.0,0.0,0.0,0.000615384615385,0.023384615384615,0.151384615384615,0.424615384615385,0.4
5,844,0,0,0,1,36,226,694,663,1620,0.0,0.0,0.0,0.000617283950617,0.022222222222222,0.139506172839506,0.428395061728395,0.409259259259259
5,845,0,0,0,4,33,265,684,629,1615,0.0,0.0,0.0,0.002476780185759,0.020433436532508,0.164086687306502,0.423529411764706,0.389473684210526
5,846,0,0,0,2,40,230,679,659,1610,0.0,0.0,0.0,0.001242236024845,0.024844720496894,0.142857142857143,0.421739130434783,0.409316770186335
5,847,0,0,0,5,36,229,687,648,1605,0.0,0.0,0.0,0.003115264797508,0.022429906542056,0.142679127725857,0.42803738317757,0.403738317757009
5,848,0,0,0,2,29,239,666,664,1600,0.0,0.0,0.0,0.00125,0.018125,0.149375,0.41625,0.415
5,849,0,0,0,3,32,246,636,678,1595,0.0,0.0,0.0,0.001880877742947,0.020062695924765,0.15423197492163,0.398746081504702,0.425078369905956
5,850,0,0,0,1,48,222,693,626,1590,0.0,0.0,0.0,0.00062893081761,0.030188679245283,0.139622641509434,0.435849056603774,0.393710691823899
5,851,0,0,0,0,24,242,667,652,1585,0.0,0.0,0.0,0.0,0.015141955835962,0.152681388012618,0.420820189274448,0.411356466876972
5,852,0,0,0,2,36,237,671,634,1580,0.0,0.0,0.0,0.00126582278481,0.022784810126582,0.15,0.424683544303797,0.40126582278481
5,853,0,0,0,4,29,232,651,659,1575,0.0,0.0,0.0,0.002539682539683,0.018412698412698,0.147301587301587,0.413333333333333,0.418412698412698
5,854,0,0,0,4,43,238,638,647,1570,0.0,0.0,0.0,0.002547770700637,0.027388535031847,0.151592356687898,0.406369426751592,0.412101910828025
5,855,0,0,0,3,27,245,650,640,1565,0.0,0.0,0.0,0.001916932907348,0.017252396166134,0.156549520766773,0.415335463258786,0.408945686900958
5,856,0,0,1,4,37,225,648,645,1560,0.0,0.0,0.000641025641026,0.002564102564103,0.023717948717949,0.144230769230769,0.415384615384615,0.413461538461538
5,857,0,0,0,1,39,237,656,622,1555,0.0,0.0,0.0,0.00064308681672,0.02508038585209,0.152411575562701,0.421864951768489,0.4
5,858,0,0,0,2,34,250,638,626,1550,0.0,0.0,0.0,0.001290322580645,0.021935483870968,0.161290322580645,0.411612903225806,0.403870967741935
5,859,0,0,0,1,34,203,679,628,1545,0.0,0.0,0.0,0.000647249190939,0.022006472491909,0.131391585760518,0.439482200647249,0.406472491909385
5,860,0,0,0,1,33,225,648,633,1540,0.0,0.0,0.0,0.000649350649351,0.021428571428571,0.146103896103896,0.420779220779221,0.411038961038961
5,861,0,0,0,4,35,225,667,604,1535,0.0,0.0,0.0,0.002605863192182,0.022801302931596,0.146579804560261,0.434527687296417,0.393485342019544
5,862,0,0,0,0,34,250,650,596,1530,0.0,0.0,0.0,0.0,0.022222222222222,0.163398692810458,0.42483660130719,0.389542483660131
5,863,0,0,0,1,33,250,636,605,1525,0.0,0.0,0.0,0.000655737704918,0.021639344262295,0.163934426229508,0.417049180327869,0.39672131147541
5,864,0,0,0,1,40,235,609,635,1520,0.0,0.0,0.0,0.000657894736842,0.026315789473684,0.154605263157895,0.400657894736842,0.417763157894737
5,865,0,0,0,5,37,224,628,621,1515,0.0,0.0,0.0,0.003300330033003,0.024422442244224,0.147854785478548,0.414521452145215,0.40990099009901
5,866,0,0,0,2,23,229,668,588,1510,0.0,0.0,0.0,0.001324503311258,0.01523178807947,0.151655629139073,0.442384105960265,0.389403973509934
5,867,0,0,0,2,35,239,598,631,1505,0.0,0.0,0.0,0.001328903654485,0.023255813953488,0.158803986710963,0.39734219269103,0.419269102990033
5,868,0,0,0,4,32,205,664,595,1500,0.0,0.0,0.0,0.002666666666667,0.021333333333333,0.136666666666667,0.442666666666667,0.396666666666667
5,869,0,0,0,2,30,190,679,594,1495,0.0,0.0,0.0,0.00133779264214,0.020066889632107,0.127090301003344,0.454180602006689,0.397324414715719
5,870,0,0,0,1,40,235,625,589,1490,0.0,0.0,0.0,0.000671140939597,0.026845637583893,0.157718120805369,0.419463087248322,0.395302013422819
5,871,0,0,0,1,32,208,622,622,1485,0.0,0.0,0.0,0.000673400673401,0.021548821548822,0.14006734006734,0.418855218855219,0.418855218855219
5,872,0,0,0,2,35,214,632,597,1480,0.0,0.0,0.0,0.001351351351351,0.023648648648649,0.144594594594595,0.427027027027027,0.403378378378378
5,873,0,0,1,3,23,222,611,615,1475,0.0,0.0,0.000677966101695,0.002033898305085,0.015593220338983,0.150508474576271,0.414237288135593,0.416949152542373
5,874,0,0,0,1,23,224,637,585,1470,0.0,0.0,0.0,0.000680272108844,0.015646258503401,0.152380952380952,0.433333333333333,0.397959183673469
5,875,0,0,0,2,25,229,630,579,1465,0.0,0.0,0.0,0.001365187713311,0.017064846416382,0.156313993174061,0.430034129692833,0.395221843003413
5,876,0,0,0,1,32,190,627,610,1460,0.0,0.0,0.0,0.000684931506849,0.021917808219178,0.13013698630137,0.429452054794521,0.417808219178082
5,877,0,0,0,2,37,227,599,590,1455,0.0,0.0,0.0,0.001374570446735,0.025429553264605,0.156013745704467,0.411683848797251,0.405498281786942
5,878,0,0,0,1,26,211,610,602,1450,0.0,0.0,0.0,0.000689655172414,0.017931034482759,0.14551724137931,0.420689655172414,0.415172413793103
5,879,0,0,0,2,28,197,619,599,1445,0.0,0.0,0.0,0.001384083044983,0.019377162629758,0.136332179930796,0.428373702422145,0.414532871972318
5,880,0,0,0,3,30,209,581,617,1440,0.0,0.0,0.0,0.002083333333333,0.020833333333333,0.145138888888889,0.403472222222222,0.428472222222222
5,881,0,0,0,2,16,241,623,553,1435,0.0,0.0,0.0,0.001393728222997,0.011149825783972,0.16794425087108,0.434146341463415,0.385365853658537
5,882,0,0,0,5,32,204,629,560,1430,0.0,0.0,0.0,0.003496503496503,0.022377622377622,0.142657342657343,0.43986013986014,0.391608391608392
5,883,0,0,0,3,30,222,605,565,1425,0.0,0.0,0.0,0.002105263157895,0.021052631578947,0.155789473684211,0.424561403508772,0.396491228070175
5,884,0,0,0,4,23,205,578,610,1420,0.0,0.0,0.0,0.002816901408451,0.016197183098592,0.144366197183099,0.407042253521127,0.429577464788732
5,885,0,0,1,2,35,202,579,596,1415,0.0,0.0,0.000706713780919,0.001413427561837,0.024734982332155,0.142756183745583,0.409187279151943,0.421201413427562
5,886,0,0,0,1,34,214,592,569,1410,0.0,0.0,0.0,0.000709219858156,0.024113475177305,0.15177304964539,0.419858156028369,0.40354609929078
5,887,0,0,0,3,39,213,598,552,1405,0.0,0.0,0.0,0.002135231316726,0.027758007117438,0.151601423487544,0.425622775800712,0.39288256227758
5,888,0,0,1,1,27,192,591,588,1400,0.0,0.0,0.000714285714286,0.000714285714286,0.019285714285714,0.137142857142857,0.422142857142857,0.42
5,889,0,0,0,0,35,205,582,573,1395,0.0,0.0,0.0,0.0,0.025089605734767,0.146953405017921,0.417204301075269,0.410752688172043
5,890,0,0,0,2,30,191,596,571,1390,0.0,0.0,0.0,0.001438848920863,0.02158273381295,0.137410071942446,0.428776978417266,0.410791366906475
5,891,0,0,0,4,38,210,595,538,1385,0.0,0.0,0.0,0.002888086642599,0.027436823104693,0.151624548736462,0.429602888086643,0.388447653429603
5,892,0,0,0,2,20,190,564,604,1380,0.0,0.0,0.0,0.001449275362319,0.014492753623188,0.13768115942029,0.408695652173913,0.43768115942029
5,893,0,0,0,2,29,219,571,554,1375,0.0,0.0,0.0,0.001454545454545,0.021090909090909,0.159272727272727,0.415272727272727,0.402909090909091
5,894,0,0,0,2,29,189,612,538,1370,0.0,0.0,0.0,0.001459854014599,0.021167883211679,0.137956204379562,0.446715328467153,0.392700729927007
5,895,0,0,0,1,21,191,623,529,1365,0.0,0.0,0.0,0.000732600732601,0.015384615384615,0.13992673992674,0.456410256410256,0.387545787545788
5,896,0,0,0,7,27,190,607,529,1360,0.0,0.0,0.0,0.005147058823529,0.019852941176471,0.139705882352941,0.446323529411765,0.388970588235294
5,897,0,0,0,2,34,195,565,559,1355,0.0,0.0,0.0,0.001476014760148,0.025092250922509,0.143911439114391,0.416974169741697,0.412546125461255
5,898,0,0,0,0,21,206,589,534,1350,0.0,0.0,0.0,0.0,0.015555555555556,0.152592592592593,0.436296296296296,0.395555555555556
5,899,0,0,0,0,25,212,601,507,1345,0.0,0.0,0.0,0.0,0.018587360594796,0.157620817843866,0.446840148698885,0.376951672862454
5,900,0,0,0,2,33,213,547,545,1340,0.0,0.0,0.0,0.001492537313433,0.024626865671642,0.158955223880597,0.408208955223881,0.406716417910448
5,901,0,0,0,5,22,217,560,531,1335,0.0,0.0,0.0,0.00374531835206,0.016479400749064,0.162546816479401,0.419475655430712,0.397752808988764
5,902,0,0,0,2,35,200,550,543,1330,0.0,0.0,0.0,0.001503759398496,0.026315789473684,0.150375939849624,0.413533834586466,0.408270676691729
5,903,0,0,0,0,28,214,556,527,1325,0.0,0.0,0.0,0.0,0.021132075471698,0.161509433962264,0.419622641509434,0.397735849056604
5,904,0,0,0,1,37,171,540,571,1320,0.0,0.0,0.0,0.000757575757576,0.028030303030303,0.129545454545455,0.409090909090909,0.432575757575758
5,905,0,0,0,0,26,190,583,516,1315,0.0,0.0,0.0,0.0,0.019771863117871,0.144486692015209,0.443346007604563,0.392395437262357
5,906,0,0,0,2,25,180,538,565,1310,0.0,0.0,0.0,0.001526717557252,0.019083969465649,0.137404580152672,0.410687022900763,0.431297709923664
5,907,0,0,0,1,30,172,560,542,1305,0.0,0.0,0.0,0.000766283524904,0.022988505747126,0.131800766283525,0.42911877394636,0.415325670498084
5,908,0,0,0,1,25,230,520,524,1300,0.0,0.0,0.0,0.000769230769231,0.019230769230769,0.176923076923077,0.4,0.403076923076923
5,909,0,0,0,2,26,180,575,512,1295,0.0,0.0,0.0,0.001544401544402,0.02007722007722,0.138996138996139,0.444015444015444,0.395366795366795
5,910,0,0,0,0,32,190,541,527,1290,0.0,0.0,0.0,0.0,0.024806201550388,0.147286821705426,0.41937984496124,0.408527131782946
5,911,0,0,0,1,44,210,517,513,1285,0.0,0.0,0.0,0.000778210116732,0.034241245136187,0.163424124513619,0.402334630350195,0.399221789883269
5,912,0,0,0,1,40,180,539,520,1280,0.0,0.0,0.0,0.00078125,0.03125,0.140625,0.42109375,0.40625
5,913,0,0,0,3,28,206,530,508,1275,0.0,0.0,0.0,0.002352941176471,0.021960784313725,0.16156862745098,0.415686274509804,0.39843137254902
5,914,0,0,0,0,23,207,524,516,1270,0.0,0.0,0.0,0.0,0.018110236220472,0.162992125984252,0.41259842519685,0.406299212598425
5,915,0,0,0,1,27,206,552,479,1265,0.0,0.0,0.0,0.000790513833992,0.021343873517787,0.162845849802372,0.436363636363636,0.378656126482213
5,916,0,0,0,3,16,198,527,516,1260,0.0,0.0,0.0,0.002380952380952,0.012698412698413,0.157142857142857,0.418253968253968,0.40952380952381
5,917,0,0,0,1,28,194,506,526,1255,0.0,0.0,0.0,0.000796812749004,0.022310756972112,0.154581673306773,0.403187250996016,0.419123505976096
5,918,0,0,0,2,30,175,558,485,1250,0.0,0.0,0.0,0.0016,0.024,0.14,0.4464,0.388
5,919,0,0,0,0,30,195,520,500,1245,0.0,0.0,0.0,0.0,0.024096385542169,0.156626506024096,0.417670682730924,0.401606425702811
5,920,0,0,0,0,29,177,549,485,1240,0.0,0.0,0.0,0.0,0.023387096774194,0.142741935483871,0.442741935483871,0.391129032258065
5,921,0,0,0,1,17,206,528,483,1235,0.0,0.0,0.0,0.00080971659919,0.013765182186235,0.166801619433198,0.42753036437247,0.391093117408907
5,922,0,0,0,0,27,202,515,486,1230,0.0,0.0,0.0,0.0,0.021951219512195,0.164227642276423,0.41869918699187,0.395121951219512
5,923,0,0,0,1,31,176,507,510,1225,0.0,0.0,0.0,0.000816326530612,0.02530612244898,0.143673469387755,0.413877551020408,0.416326530612245
5,924,0,0,0,0,24,166,527,503,1220,0.0,0.0,0.0,0.0,0.019672131147541,0.136065573770492,0.431967213114754,0.412295081967213
5,925,0,0,0,0,23,197,525,470,1215,0.0,0.0,0.0,0.0,0.018930041152263,0.162139917695473,0.432098765432099,0.386831275720165
5,926,0,0,1,1,24,187,512,485,1210,0.0,0.0,0.000826446280992,0.000826446280992,0.019834710743802,0.154545454545455,0.423140495867769,0.400826446280992
5,927,0,0,0,3,24,198,495,485,1205,0.0,0.0,0.0,0.002489626556017,0.019917012448133,0.164315352697095,0.410788381742739,0.402489626556017
5,928,0,0,0,2,22,193,524,459,1200,0.0,0.0,0.0,0.001666666666667,0.018333333333333,0.160833333333333,0.436666666666667,0.3825
5,929,0,0,0,2,22,175,495,501,1195,0.0,0.0,0.0,0.001673640167364,0.018410041841004,0.146443514644351,0.414225941422594,0.419246861924686
5,930,0,0,0,2,29,181,533,445,1190,0.0,0.0,0.0,0.001680672268908,0.02436974789916,0.152100840336134,0.447899159663866,0.373949579831933
5,931,0,0,0,1,27,168,530,459,1185,0.0,0.0,0.0,0.00084388185654,0.022784810126582,0.141772151898734,0.447257383966245,0.387341772151899
5,932,0,0,0,2,26,176,501,475,1180,0.0,0.0,0.0,0.001694915254237,0.022033898305085,0.149152542372881,0.424576271186441,0.402542372881356
5,933,0,0,0,2,21,186,504,462,1175,0.0,0.0,0.0,0.001702127659574,0.017872340425532,0.158297872340426,0.428936170212766,0.393191489361702
5,934,0,0,0,4,44,170,460,492,1170,0.0,0.0,0.0,0.003418803418803,0.037606837606838,0.145299145299145,0.393162393162393,0.420512820512821
5,935,0,0,0,2,21,166,511,465,1165,0.0,0.0,0.0,0.001716738197425,0.018025751072961,0.142489270386266,0.43862660944206,0.399141630901288
5,936,0,0,0,0,27,163,515,455,1160,0.0,0.0,0.0,0.0,0.023275862068966,0.14051724137931,0.443965517241379,0.392241379310345
5,937,0,0,0,2,29,184,490,450,1155,0.0,0.0,0.0,0.001731601731602,0.025108225108225,0.159307359307359,0.424242424242424,0.38961038961039
5,938,0,0,0,0,13,165,516,456,1150,0.0,0.0,0.0,0.0,0.011304347826087,0.143478260869565,0.448695652173913,0.396521739130435
5,939,0,0,0,1,25,189,481,449,1145,0.0,0.0,0.0,0.000873362445415,0.021834061135371,0.165065502183406,0.420087336244541,0.392139737991266
5,940,0,0,0,4,22,170,475,469,1140,0.0,0.0,0.0,0.003508771929825,0.019298245614035,0.149122807017544,0.416666666666667,0.41140350877193
5,941,0,0,0,2,23,161,479,470,1135,0.0,0.0,0.0,0.001762114537445,0.020264317180617,0.141850220264317,0.422026431718062,0.414096916299559
5,942,0,0,0,1,28,177,470,454,1130,0.0,0.0,0.0,0.000884955752212,0.024778761061947,0.156637168141593,0.415929203539823,0.401769911504425
5,943,0,0,0,3,29,165,462,466,1125,0.0,0.0,0.0,0.002666666666667,0.025777777777778,0.146666666666667,0.410666666666667,0.414222222222222
5,944,0,0,0,1,29,168,454,468,1120,0.0,0.0,0.0,0.000892857142857,0.025892857142857,0.15,0.405357142857143,0.417857142857143
5,945,0,0,0,3,31,176,450,455,1115,0.0,0.0,0.0,0.002690582959641,0.02780269058296,0.157847533632287,0.403587443946188,0.408071748878924
5,946,0,0,0,1,30,166,462,451,1110,0.0,0.0,0.0,0.000900900900901,0.027027027027027,0.14954954954955,0.416216216216216,0.406306306306306
5,947,0,0,0,2,20,163,470,450,1105,0.0,0.0,0.0,0.001809954751131,0.018099547511312,0.147511312217195,0.425339366515837,0.407239819004525
5,948,0,0,0,5,23,149,480,443,1100,0.0,0.0,0.0,0.004545454545455,0.020909090909091,0.135454545454545,0.436363636363636,0.402727272727273
5,949,0,0,0,3,19,165,458,450,1095,0.0,0.0,0.0,0.002739726027397,0.017351598173516,0.150684931506849,0.418264840182648,0.410958904109589
5,950,0,0,0,0,20,155,490,425,1090,0.0,0.0,0.0,0.0,0.018348623853211,0.142201834862385,0.44954128440367,0.389908256880734
5,951,0,0,0,3,31,145,454,452,1085,0.0,0.0,0.0,0.002764976958525,0.028571428571429,0.133640552995392,0.418433179723502,0.416589861751152
5,952,0,0,0,3,29,145,455,448,1080,0.0,0.0,0.0,0.002777777777778,0.026851851851852,0.134259259259259,0.421296296296296,0.414814814814815
5,953,0,0,0,0,24,153,456,442,1075,0.0,0.0,0.0,0.0,0.022325581395349,0.142325581395349,0.424186046511628,0.411162790697674
5,954,0,0,0,1,30,164,447,428,1070,0.0,0.0,0.0,0.000934579439252,0.02803738317757,0.153271028037383,0.417757009345794,0.4
5,955,0,0,0,3,13,153,476,420,1065,0.0,0.0,0.0,0.002816901408451,0.012206572769953,0.143661971830986,0.446948356807512,0.394366197183099
5,956,0,0,0,2,26,153,467,412,1060,0.0,0.0,0.0,0.00188679245283,0.024528301886792,0.144339622641509,0.440566037735849,0.388679245283019
5,957,0,0,0,0,21,152,442,440,1055,0.0,0.0,0.0,0.0,0.019905213270142,0.144075829383886,0.418957345971564,0.417061611374408
5,958,0,0,0,0,29,155,451,415,1050,0.0,0.0,0.0,0.0,0.027619047619048,0.147619047619048,0.42952380952381,0.395238095238095
5,959,0,0,0,0,23,136,464,422,1045,0.0,0.0,0.0,0.0,0.02200956937799,0.130143540669856,0.444019138755981,0.403827751196172
5,960,0,0,0,1,20,166,436,417,1040,0.0,0.0,0.0,0.000961538461538,0.019230769230769,0.159615384615385,0.419230769230769,0.400961538461538
5,961,0,0,0,2,13,173,433,414,1035,0.0,0.0,0.0,0.001932367149758,0.01256038647343,0.167149758454106,0.418357487922705,0.4
5,962,0,0,0,3,16,145,432,434,1030,0.0,0.0,0.0,0.002912621359223,0.015533980582524,0.140776699029126,0.419417475728155,0.421359223300971
5,963,0,0,0,2,14,152,441,416,1025,0.0,0.0,0.0,0.001951219512195,0.013658536585366,0.148292682926829,0.430243902439024,0.405853658536585
5,964,0,0,0,1,24,155,437,403,1020,0.0,0.0,0.0,0.000980392156863,0.023529411764706,0.151960784313725,0.42843137254902,0.395098039215686
5,965,0,0,0,0,26,164,387,438,1015,0.0,0.0,0.0,0.0,0.025615763546798,0.161576354679803,0.38128078817734,0.431527093596059
5,966,0,0,0,2,23,155,437,393,1010,0.0,0.0,0.0,0.001980198019802,0.022772277227723,0.153465346534653,0.432673267326733,0.389108910891089
5,967,0,0,0,1,25,148,437,394,1005,0.0,0.0,0.0,0.000995024875622,0.024875621890547,0.14726368159204,0.434825870646766,0.392039800995025
5,968,0,0,0,0,14,130,444,412,1000,0.0,0.0,0.0,0.0,0.014,0.13,0.444,0.412
5,969,0,0,0,1,22,134,413,425,995,0.0,0.0,0.0,0.001005025125628,0.022110552763819,0.134673366834171,0.415075376884422,0.42713567839196
5,970,0,0,0,3,28,148,447,364,990,0.0,0.0,0.0,0.003030303030303,0.028282828282828,0.149494949494949,0.451515151515152,0.367676767676768
5,971,0,0,0,2,32,118,461,372,985,0.0,0.0,0.0,0.002030456852792,0.03248730964467,0.119796954314721,0.468020304568528,0.377664974619289
5,972,0,0,0,2,26,143,418,391,980,0.0,0.0,0.0,0.002040816326531,0.026530612244898,0.145918367346939,0.426530612244898,0.398979591836735
5,973,0,0,0,0,19,140,415,401,975,0.0,0.0,0.0,0.0,0.019487179487179,0.143589743589744,0.425641025641026,0.411282051282051
5,974,0,0,0,0,21,155,407,387,970,0.0,0.0,0.0,0.0,0.021649484536082,0.15979381443299,0.419587628865979,0.398969072164948
5,975,0,0,0,1,25,150,422,367,965,0.0,0.0,0.0,0.001036269430052,0.025906735751295,0.155440414507772,0.437305699481865,0.380310880829016
5,976,0,0,0,0,22,127,413,398,960,0.0,0.0,0.0,0.0,0.022916666666667,0.132291666666667,0.430208333333333,0.414583333333333
5,977,0,0,0,2,21,148,379,405,955,0.0,0.0,0.0,0.002094240837696,0.021989528795812,0.154973821989529,0.396858638743456,0.424083769633508
5,978,0,0,0,3,23,154,382,388,950,0.0,0.0,0.0,0.003157894736842,0.024210526315789,0.162105263157895,0.402105263157895,0.408421052631579
5,979,0,0,0,0,20,147,390,388,945,0.0,0.0,0.0,0.0,0.021164021164021,0.155555555555556,0.412698412698413,0.410582010582011
5,980,0,0,0,0,14,135,390,401,940,0.0,0.0,0.0,0.0,0.014893617021277,0.143617021276596,0.414893617021277,0.426595744680851
5,981,0,0,0,3,18,130,386,398,935,0.0,0.0,0.0,0.003208556149733,0.019251336898396,0.13903743315508,0.41283422459893,0.425668449197861
5,982,0,0,0,3,23,137,385,382,930,0.0,0.0,0.0,0.003225806451613,0.024731182795699,0.147311827956989,0.413978494623656,0.410752688172043
5,983,0,0,0,4,28,134,365,394,925,0.0,0.0,0.0,0.004324324324324,0.03027027027027,0.144864864864865,0.394594594594595,0.425945945945946
5,984,0,0,0,2,17,140,383,378,920,0.0,0.0,0.0,0.002173913043478,0.018478260869565,0.152173913043478,0.416304347826087,0.410869565217391
5,985,0,0,0,2,21,122,398,372,915,0.0,0.0,0.0,0.002185792349727,0.022950819672131,0.133333333333333,0.434972677595628,0.40655737704918
5,986,0,0,0,1,21,134,426,328,910,0.0,0.0,0.0,0.001098901098901,0.023076923076923,0.147252747252747,0.468131868131868,0.36043956043956
5,987,0,0,0,1,20,139,388,357,905,0.0,0.0,0.0,0.001104972375691,0.022099447513812,0.153591160220994,0.428729281767956,0.394475138121547
5,988,0,0,0,1,26,148,373,352,900,0.0,0.0,0.0,0.001111111111111,0.028888888888889,0.164444444444444,0.414444444444444,0.391111111111111
5,989,0,0,0,0,17,123,407,348,895,0.0,0.0,0.0,0.0,0.018994413407821,0.137430167597765,0.454748603351955,0.388826815642458
5,990,0,0,0,0,16,133,389,352,890,0.0,0.0,0.0,0.0,0.017977528089888,0.149438202247191,0.437078651685393,0.395505617977528
5,991,0,0,0,2,25,114,365,379,885,0.0,0.0,0.0,0.00225988700565,0.028248587570621,0.128813559322034,0.412429378531073,0.428248587570621
5,992,0,0,0,2,18,113,382,365,880,0.0,0.0,0.0,0.002272727272727,0.020454545454545,0.128409090909091,0.434090909090909,0.414772727272727
5,993,0,0,0,0,12,147,360,356,875,0.0,0.0,0.0,0.0,0.013714285714286,0.168,0.411428571428571,0.406857142857143
5,994,0,0,0,1,18,123,366,362,870,0.0,0.0,0.0,0.001149425287356,0.020689655172414,0.141379310344828,0.420689655172414,0.416091954022988
5,995,0,0,0,1,17,145,381,321,865,0.0,0.0,0.0,0.001156069364162,0.019653179190751,0.167630057803468,0.440462427745665,0.371098265895954
5,996,0,0,0,2,14,147,351,346,860,0.0,0.0,0.0,0.002325581395349,0.016279069767442,0.17093023255814,0.408139534883721,0.402325581395349
5,997,0,0,0,1,14,125,365,350,855,0.0,0.0,0.0,0.001169590643275,0.016374269005848,0.146198830409357,0.426900584795322,0.409356725146199
5,998,0,0,0,1,16,103,369,361,850,0.0,0.0,0.0,0.001176470588235,0.018823529411765,0.121176470588235,0.434117647058824,0.424705882352941
5,999,0,0,0,1,21,113,378,332,845,0.0,0.0,0.0,0.001183431952663,0.024852071005917,0.133727810650888,0.447337278106509,0.392899408284024
5,1000,0,0,0,0,7,111,386,336,840,0.0,0.0,0.0,0.0,0.008333333333333,0.132142857142857,0.45952380952381,0.4
5,1001,0,0,0,2,23,136,352,322,835,0.0,0.0,0.0,0.002395209580838,0.027544910179641,0.162874251497006,0.421556886227545,0.38562874251497
5,1002,0,0,0,2,12,129,333,354,830,0.0,0.0,0.0,0.002409638554217,0.014457831325301,0.155421686746988,0.401204819277108,0.426506024096386
5,1003,0,0,0,1,18,114,368,324,825,0.0,0.0,0.0,0.001212121212121,0.021818181818182,0.138181818181818,0.446060606060606,0.392727272727273
5,1004,0,0,0,1,15,116,364,324,820,0.0,0.0,0.0,0.001219512195122,0.018292682926829,0.141463414634146,0.44390243902439,0.395121951219512
5,1005,0,0,0,0,17,120,342,336,815,0.0,0.0,0.0,0.0,0.020858895705521,0.147239263803681,0.419631901840491,0.412269938650307
5,1006,0,0,0,0,16,135,331,328,810,0.0,0.0,0.0,0.0,0.019753086419753,0.166666666666667,0.408641975308642,0.404938271604938
5,1007,0,0,0,0,19,122,344,320,805,0.0,0.0,0.0,0.0,0.02360248447205,0.151552795031056,0.427329192546584,0.397515527950311
5,1008,0,0,0,1,18,131,343,307,800,0.0,0.0,0.0,0.00125,0.0225,0.16375,0.42875,0.38375
5,1009,0,0,0,3,16,121,356,299,795,0.0,0.0,0.0,0.00377358490566,0.020125786163522,0.152201257861635,0.447798742138365,0.376100628930818
5,1010,0,0,0,2,18,121,331,318,790,0.0,0.0,0.0,0.00253164556962,0.022784810126582,0.153164556962025,0.418987341772152,0.40253164556962
5,1011,0,0,0,1,12,101,345,326,785,0.0,0.0,0.0,0.001273885350318,0.015286624203822,0.128662420382166,0.439490445859873,0.415286624203822
5,1012,0,0,0,1,17,130,313,319,780,0.0,0.0,0.0,0.001282051282051,0.021794871794872,0.166666666666667,0.401282051282051,0.408974358974359
5,1013,0,0,0,1,14,110,356,294,775,0.0,0.0,0.0,0.001290322580645,0.018064516129032,0.141935483870968,0.459354838709677,0.379354838709677
5,1014,0,0,0,1,12,102,343,312,770,0.0,0.0,0.0,0.001298701298701,0.015584415584416,0.132467532467532,0.445454545454545,0.405194805194805
5,1015,0,0,0,2,14,121,337,291,765,0.0,0.0,0.0,0.002614379084967,0.018300653594771,0.158169934640523,0.440522875816993,0.380392156862745
5,1016,0,0,0,2,19,113,312,314,760,0.0,0.0,0.0,0.002631578947368,0.025,0.148684210526316,0.410526315789474,0.413157894736842
5,1017,0,0,0,0,11,110,330,304,755,0.0,0.0,0.0,0.0,0.014569536423841,0.145695364238411,0.437086092715232,0.402649006622517
5,1018,0,0,0,1,14,122,319,294,750,0.0,0.0,0.0,0.001333333333333,0.018666666666667,0.162666666666667,0.425333333333333,0.392
5,1019,0,0,0,1,8,131,321,284,745,0.0,0.0,0.0,0.001342281879195,0.010738255033557,0.175838926174497,0.430872483221477,0.381208053691275
5,1020,0,0,0,1,19,97,315,308,740,0.0,0.0,0.0,0.001351351351351,0.025675675675676,0.131081081081081,0.425675675675676,0.416216216216216
5,1021,0,0,1,0,14,100,335,285,735,0.0,0.0,0.001360544217687,0.0,0.019047619047619,0.136054421768707,0.45578231292517,0.387755102040816
5,1022,0,0,0,1,15,107,314,293,730,0.0,0.0,0.0,0.001369863013699,0.020547945205479,0.146575342465753,0.43013698630137,0.401369863013699
5,1023,0,0,0,1,25,115,294,290,725,0.0,0.0,0.0,0.001379310344828,0.03448275862069,0.158620689655172,0.40551724137931,0.4
5,1024,0,0,0,1,21,125,295,278,720,0.0,0.0,0.0,0.001388888888889,0.029166666666667,0.173611111111111,0.409722222222222,0.386111111111111
5,1025,0,0,0,0,12,111,324,268,715,0.0,0.0,0.0,0.0,0.016783216783217,0.155244755244755,0.453146853146853,0.374825174825175
5,1026,0,0,0,0,12,105,324,269,710,0.0,0.0,0.0,0.0,0.016901408450704,0.147887323943662,0.456338028169014,0.37887323943662
5,1027,0,0,0,2,12,101,287,303,705,0.0,0.0,0.0,0.002836879432624,0.017021276595745,0.143262411347518,0.40709219858156,0.429787234042553
5,1028,0,0,0,1,24,95,271,309,700,0.0,0.0,0.0,0.001428571428571,0.034285714285714,0.135714285714286,0.387142857142857,0.441428571428571
5,1029,0,0,0,0,22,92,309,272,695,0.0,0.0,0.0,0.0,0.031654676258993,0.132374100719424,0.444604316546763,0.39136690647482
5,1030,0,0,0,1,16,110,300,263,690,0.0,0.0,0.0,0.001449275362319,0.023188405797101,0.159420289855072,0.434782608695652,0.381159420289855
5,1031,0,0,0,1,15,119,269,281,685,0.0,0.0,0.0,0.001459854014599,0.021897810218978,0.173722627737226,0.392700729927007,0.41021897810219
5,1032,0,0,0,1,14,105,260,300,680,0.0,0.0,0.0,0.001470588235294,0.020588235294118,0.154411764705882,0.382352941176471,0.441176470588235
5,1033,0,0,0,0,13,88,286,288,675,0.0,0.0,0.0,0.0,0.019259259259259,0.13037037037037,0.423703703703704,0.426666666666667
5,1034,0,0,0,1,19,95,300,255,670,0.0,0.0,0.0,0.001492537313433,0.028358208955224,0.141791044776119,0.447761194029851,0.380597014925373
5,1035,0,0,0,0,21,92,275,277,665,0.0,0.0,0.0,0.0,0.031578947368421,0.138345864661654,0.413533834586466,0.416541353383459
5,1036,0,0,0,0,13,102,294,251,660,0.0,0.0,0.0,0.0,0.01969696969697,0.154545454545455,0.445454545454545,0.38030303030303
5,1037,0,0,0,0,12,100,295,248,655,0.0,0.0,0.0,0.0,0.018320610687023,0.152671755725191,0.450381679389313,0.378625954198473
5,1038,0,0,0,1,13,75,300,261,650,0.0,0.0,0.0,0.001538461538462,0.02,0.115384615384615,0.461538461538462,0.401538461538462
5,1039,0,0,0,3,10,105,280,247,645,0.0,0.0,0.0,0.004651162790698,0.015503875968992,0.162790697674419,0.434108527131783,0.382945736434109
5,1040,0,0,1,2,15,87,263,272,640,0.0,0.0,0.0015625,0.003125,0.0234375,0.1359375,0.4109375,0.425
5,1041,0,0,0,0,18,91,279,247,635,0.0,0.0,0.0,0.0,0.028346456692913,0.143307086614173,0.439370078740157,0.388976377952756
5,1042,0,0,0,0,16,93,278,243,630,0.0,0.0,0.0,0.0,0.025396825396825,0.147619047619048,0.441269841269841,0.385714285714286
5,1043,0,0,0,1,25,91,249,259,625,0.0,0.0,0.0,0.0016,0.04,0.1456,0.3984,0.4144
5,1044,0,0,0,0,9,109,255,247,620,0.0,0.0,0.0,0.0,0.014516129032258,0.175806451612903,0.411290322580645,0.398387096774194
5,1045,0,0,0,3,17,106,257,232,615,0.0,0.0,0.0,0.004878048780488,0.027642276422764,0.172357723577236,0.417886178861789,0.377235772357724
5,1046,0,0,0,1,12,82,279,236,610,0.0,0.0,0.0,0.001639344262295,0.019672131147541,0.134426229508197,0.457377049180328,0.386885245901639
5,1047,0,0,0,1,16,102,258,228,605,0.0,0.0,0.0,0.001652892561983,0.026446280991736,0.168595041322314,0.426446280991736,0.376859504132231
5,1048,0,0,0,2,12,92,249,245,600,0.0,0.0,0.0,0.003333333333333,0.02,0.153333333333333,0.415,0.408333333333333
5,1049,0,0,0,1,10,98,250,236,595,0.0,0.0,0.0,0.001680672268908,0.016806722689076,0.164705882352941,0.420168067226891,0.396638655462185
5,1050,0,0,0,0,14,99,247,230,590,0.0,0.0,0.0,0.0,0.023728813559322,0.167796610169492,0.41864406779661,0.389830508474576
5,1051,0,0,0,1,14,77,262,231,585,0.0,0.0,0.0,0.001709401709402,0.023931623931624,0.131623931623932,0.447863247863248,0.394871794871795
5,1052,0,0,0,0,13,84,230,253,580,0.0,0.0,0.0,0.0,0.022413793103448,0.144827586206897,0.396551724137931,0.436206896551724
5,1053,0,0,0,3,9,87,237,239,575,0.0,0.0,0.0,0.005217391304348,0.015652173913043,0.151304347826087,0.412173913043478,0.415652173913043
5,1054,0,0,0,1,17,92,208,252,570,0.0,0.0,0.0,0.001754385964912,0.029824561403509,0.16140350877193,0.364912280701754,0.442105263157895
5,1055,0,0,0,1,9,85,235,235,565,0.0,0.0,0.0,0.001769911504425,0.015929203539823,0.150442477876106,0.415929203539823,0.415929203539823
5,1056,0,0,0,2,7,82,233,236,560,0.0,0.0,0.0,0.003571428571429,0.0125,0.146428571428571,0.416071428571429,0.421428571428571
5,1057,0,0,0,0,11,107,218,219,555,0.0,0.0,0.0,0.0,0.01981981981982,0.192792792792793,0.392792792792793,0.394594594594595
5,1058,0,0,0,0,20,67,245,218,550,0.0,0.0,0.0,0.0,0.036363636363636,0.121818181818182,0.445454545454545,0.396363636363636
5,1059,0,0,0,1,18,91,232,203,545,0.0,0.0,0.0,0.001834862385321,0.03302752293578,0.16697247706422,0.425688073394495,0.372477064220184
5,1060,0,0,0,2,5,80,222,231,540,0.0,0.0,0.0,0.003703703703704,0.009259259259259,0.148148148148148,0.411111111111111,0.427777777777778
5,1061,0,0,0,0,19,74,219,223,535,0.0,0.0,0.0,0.0,0.035514018691589,0.138317757009346,0.409345794392523,0.416822429906542
5,1062,0,0,0,1,13,84,211,221,530,0.0,0.0,0.0,0.00188679245283,0.024528301886792,0.158490566037736,0.39811320754717,0.416981132075472
5,1063,0,0,0,1,7,81,229,207,525,0.0,0.0,0.0,0.001904761904762,0.013333333333333,0.154285714285714,0.436190476190476,0.394285714285714
5,1064,0,0,0,0,13,72,231,204,520,0.0,0.0,0.0,0.0,0.025,0.138461538461538,0.444230769230769,0.392307692307692
5,1065,0,0,1,1,12,74,233,194,515,0.0,0.0,0.001941747572816,0.001941747572816,0.023300970873786,0.14368932038835,0.452427184466019,0.376699029126214
5,1066,0,0,0,0,17,79,202,212,510,0.0,0.0,0.0,0.0,0.033333333333333,0.154901960784314,0.396078431372549,0.415686274509804
5,1067,0,0,0,0,15,86,201,203,505,0.0,0.0,0.0,0.0,0.02970297029703,0.17029702970297,0.398019801980198,0.401980198019802
5,1068,0,0,0,2,6,77,222,193,500,0.0,0.0,0.0,0.004,0.012,0.154,0.444,0.386
5,1069,0,0,0,0,11,68,202,214,495,0.0,0.0,0.0,0.0,0.022222222222222,0.137373737373737,0.408080808080808,0.432323232323232
5,1070,0,0,0,0,14,73,214,189,490,0.0,0.0,0.0,0.0,0.028571428571429,0.148979591836735,0.436734693877551,0.385714285714286
5,1071,0,0,0,0,9,76,209,191,485,0.0,0.0,0.0,0.0,0.018556701030928,0.156701030927835,0.430927835051546,0.393814432989691
5,1072,0,0,0,1,9,57,240,173,480,0.0,0.0,0.0,0.002083333333333,0.01875,0.11875,0.5,0.360416666666667
5,1073,0,0,0,0,14,80,191,190,475,0.0,0.0,0.0,0.0,0.029473684210526,0.168421052631579,0.402105263157895,0.4
5,1074,0,0,0,0,2,90,211,167,470,0.0,0.0,0.0,0.0,0.004255319148936,0.191489361702128,0.448936170212766,0.35531914893617
5,1075,0,0,0,1,6,87,204,167,465,0.0,0.0,0.0,0.002150537634409,0.012903225806452,0.187096774193548,0.438709677419355,0.359139784946237
5,1076,0,0,0,1,9,84,199,167,460,0.0,0.0,0.0,0.002173913043478,0.019565217391304,0.182608695652174,0.432608695652174,0.36304347826087
5,1077,0,0,0,0,10,69,173,203,455,0.0,0.0,0.0,0.0,0.021978021978022,0.151648351648352,0.38021978021978,0.446153846153846
5,1078,0,0,0,3,12,70,184,181,450,0.0,0.0,0.0,0.006666666666667,0.026666666666667,0.155555555555556,0.408888888888889,0.402222222222222
5,1079,0,0,0,0,11,76,193,165,445,0.0,0.0,0.0,0.0,0.024719101123596,0.170786516853933,0.433707865168539,0.370786516853933
5,1080,0,0,0,3,19,75,181,162,440,0.0,0.0,0.0,0.006818181818182,0.043181818181818,0.170454545454545,0.411363636363636,0.368181818181818
5,1081,0,0,0,0,13,57,188,177,435,0.0,0.0,0.0,0.0,0.029885057471264,0.131034482758621,0.432183908045977,0.406896551724138
5,1082,0,0,0,0,14,59,199,158,430,0.0,0.0,0.0,0.0,0.032558139534884,0.137209302325581,0.462790697674419,0.367441860465116
5,1083,0,0,0,4,14,76,171,160,425,0.0,0.0,0.0,0.009411764705882,0.032941176470588,0.178823529411765,0.402352941176471,0.376470588235294
5,1084,0,0,0,1,6,78,189,146,420,0.0,0.0,0.0,0.002380952380952,0.014285714285714,0.185714285714286,0.45,0.347619047619048
5,1085,0,0,0,0,6,77,177,155,415,0.0,0.0,0.0,0.0,0.014457831325301,0.185542168674699,0.426506024096386,0.373493975903614
5,1086,0,0,0,0,17,59,164,170,410,0.0,0.0,0.0,0.0,0.041463414634146,0.14390243902439,0.4,0.414634146341463
5,1087,0,0,0,2,8,58,186,151,405,0.0,0.0,0.0,0.004938271604938,0.019753086419753,0.14320987654321,0.459259259259259,0.37283950617284
5,1088,0,0,0,2,6,69,153,170,400,0.0,0.0,0.0,0.005,0.015,0.1725,0.3825,0.425
5,1089,0,0,0,1,8,62,181,143,395,0.0,0.0,0.0,0.00253164556962,0.020253164556962,0.156962025316456,0.458227848101266,0.362025316455696
5,1090,0,0,0,0,12,64,173,141,390,0.0,0.0,0.0,0.0,0.030769230769231,0.164102564102564,0.443589743589744,0.361538461538462
5,1091,0,0,0,0,9,72,162,142,385,0.0,0.0,0.0,0.0,0.023376623376623,0.187012987012987,0.420779220779221,0.368831168831169
5,1092,0,0,0,1,6,63,147,163,380,0.0,0.0,0.0,0.002631578947368,0.015789473684211,0.165789473684211,0.386842105263158,0.428947368421053
5,1093,0,0,0,1,9,64,154,147,375,0.0,0.0,0.0,0.002666666666667,0.024,0.170666666666667,0.410666666666667,0.392
5,1094,0,0,0,1,11,53,164,141,370,0.0,0.0,0.0,0.002702702702703,0.02972972972973,0.143243243243243,0.443243243243243,0.381081081081081
5,1095,0,0,0,1,8,62,158,136,365,0.0,0.0,0.0,0.002739726027397,0.021917808219178,0.16986301369863,0.432876712328767,0.372602739726027
5,1096,0,0,0,0,7,57,166,130,360,0.0,0.0,0.0,0.0,0.019444444444444,0.158333333333333,0.461111111111111,0.361111111111111
5,1097,0,0,0,0,14,55,134,152,355,0.0,0.0,0.0,0.0,0.03943661971831,0.154929577464789,0.377464788732394,0.428169014084507
5,1098,0,0,0,1,8,54,132,155,350,0.0,0.0,0.0,0.002857142857143,0.022857142857143,0.154285714285714,0.377142857142857,0.442857142857143
5,1099,0,0,0,1,9,60,149,126,345,0.0,0.0,0.0,0.002898550724638,0.026086956521739,0.173913043478261,0.431884057971014,0.365217391304348
5,1100,0,0,0,0,8,46,148,138,340,0.0,0.0,0.0,0.0,0.023529411764706,0.135294117647059,0.435294117647059,0.405882352941176
5,1101,0,0,0,0,13,54,147,121,335,0.0,0.0,0.0,0.0,0.038805970149254,0.161194029850746,0.438805970149254,0.361194029850746
5,1102,0,0,0,0,9,56,129,136,330,0.0,0.0,0.0,0.0,0.027272727272727,0.16969696969697,0.390909090909091,0.412121212121212
5,1103,0,0,0,0,6,53,138,128,325,0.0,0.0,0.0,0.0,0.018461538461538,0.163076923076923,0.424615384615385,0.393846153846154
5,1104,0,0,0,1,12,43,138,126,320,0.0,0.0,0.0,0.003125,0.0375,0.134375,0.43125,0.39375
5,1105,0,0,0,2,5,68,123,117,315,0.0,0.0,0.0,0.006349206349206,0.015873015873016,0.215873015873016,0.39047619047619,0.371428571428571
5,1106,0,0,0,0,5,45,127,133,310,0.0,0.0,0.0,0.0,0.016129032258065,0.145161290322581,0.409677419354839,0.429032258064516
5,1107,0,0,0,0,7,49,114,135,305,0.0,0.0,0.0,0.0,0.022950819672131,0.160655737704918,0.373770491803279,0.442622950819672
5,1108,0,0,0,2,1,53,113,131,300,0.0,0.0,0.0,0.006666666666667,0.003333333333333,0.176666666666667,0.376666666666667,0.436666666666667
5,1109,0,0,0,0,8,50,130,107,295,0.0,0.0,0.0,0.0,0.027118644067797,0.169491525423729,0.440677966101695,0.36271186440678
5,1110,0,0,1,0,4,41,134,110,290,0.0,0.0,0.003448275862069,0.0,0.013793103448276,0.141379310344828,0.462068965517241,0.379310344827586
5,1111,0,0,0,0,6,39,130,110,285,0.0,0.0,0.0,0.0,0.021052631578947,0.136842105263158,0.456140350877193,0.385964912280702
5,1112,0,0,0,0,5,48,108,119,280,0.0,0.0,0.0,0.0,0.017857142857143,0.171428571428571,0.385714285714286,0.425
5,1113,0,0,0,0,5,42,120,108,275,0.0,0.0,0.0,0.0,0.018181818181818,0.152727272727273,0.436363636363636,0.392727272727273
5,1114,0,0,0,1,5,39,116,109,270,0.0,0.0,0.0,0.003703703703704,0.018518518518519,0.144444444444444,0.42962962962963,0.403703703703704
5,1115,0,0,0,0,7,45,88,125,265,0.0,0.0,0.0,0.0,0.026415094339623,0.169811320754717,0.332075471698113,0.471698113207547
5,1116,0,0,0,2,2,34,107,115,260,0.0,0.0,0.0,0.007692307692308,0.007692307692308,0.130769230769231,0.411538461538462,0.442307692307692
5,1117,0,0,0,0,3,48,115,89,255,0.0,0.0,0.0,0.0,0.011764705882353,0.188235294117647,0.450980392156863,0.349019607843137
5,1118,0,0,0,0,3,29,110,108,250,0.0,0.0,0.0,0.0,0.012,0.116,0.44,0.432
5,1119,0,0,0,1,6,32,112,94,245,0.0,0.0,0.0,0.004081632653061,0.024489795918367,0.130612244897959,0.457142857142857,0.383673469387755
5,1120,0,0,0,0,8,36,108,88,240,0.0,0.0,0.0,0.0,0.033333333333333,0.15,0.45,0.366666666666667
5,1121,0,0,0,0,6,33,103,93,235,0.0,0.0,0.0,0.0,0.025531914893617,0.140425531914894,0.438297872340426,0.395744680851064
5,1122,0,0,0,1,6,37,104,82,230,0.0,0.0,0.0,0.004347826086957,0.026086956521739,0.160869565217391,0.452173913043478,0.356521739130435
5,1123,0,0,0,0,2,41,88,94,225,0.0,0.0,0.0,0.0,0.008888888888889,0.182222222222222,0.391111111111111,0.417777777777778
5,1124,0,0,0,0,7,34,98,81,220,0.0,0.0,0.0,0.0,0.031818181818182,0.154545454545455,0.445454545454545,0.368181818181818
5,1125,0,0,0,1,4,34,97,79,215,0.0,0.0,0.0,0.004651162790698,0.018604651162791,0.158139534883721,0.451162790697674,0.367441860465116
5,1126,0,0,0,0,6,40,79,85,210,0.0,0.0,0.0,0.0,0.028571428571429,0.19047619047619,0.376190476190476,0.404761904761905
5,1127,0,0,0,0,7,38,84,76,205,0.0,0.0,0.0,0.0,0.034146341463415,0.185365853658537,0.409756097560976,0.370731707317073
5,1128,0,0,0,1,5,32,76,86,200,0.0,0.0,0.0,0.005,0.025,0.16,0.38,0.43
5,1129,0,0,0,1,2,29,88,75,195,0.0,0.0,0.0,0.005128205128205,0.01025641025641,0.148717948717949,0.451282051282051,0.384615384615385
5,1130,0,0,0,0,6,29,82,73,190,0.0,0.0,0.0,0.0,0.031578947368421,0.152631578947368,0.431578947368421,0.384210526315789
5,1131,0,0,0,1,3,36,77,68,185,0.0,0.0,0.0,0.005405405405405,0.016216216216216,0.194594594594595,0.416216216216216,0.367567567567568
5,1132,0,0,0,0,2,29,77,72,180,0.0,0.0,0.0,0.0,0.011111111111111,0.161111111111111,0.427777777777778,0.4
5,1133,0,0,0,0,4,26,73,72,175,0.0,0.0,0.0,0.0,0.022857142857143,0.148571428571429,0.417142857142857,0.411428571428571
5,1134,0,0,0,0,3,25,72,70,170,0.0,0.0,0.0,0.0,0.017647058823529,0.147058823529412,0.423529411764706,0.411764705882353
5,1135,0,0,0,0,0,27,67,71,165,0.0,0.0,0.0,0.0,0.0,0.163636363636364,0.406060606060606,0.43030303030303
5,1136,0,0,0,0,4,31,61,64,160,0.0,0.0,0.0,0.0,0.025,0.19375,0.38125,0.4
5,1137,0,0,0,1,5,23,61,65,155,0.0,0.0,0.0,0.006451612903226,0.032258064516129,0.148387096774194,0.393548387096774,0.419354838709677
5,1138,0,0,0,0,3,16,70,61,150,0.0,0.0,0.0,0.0,0.02,0.106666666666667,0.466666666666667,0.406666666666667
5,1139,0,0,0,1,3,21,55,65,145,0.0,0.0,0.0,0.006896551724138,0.020689655172414,0.144827586206897,0.379310344827586,0.448275862068966
5,1140,0,0,0,0,3,14,61,62,140,0.0,0.0,0.0,0.0,0.021428571428571,0.1,0.435714285714286,0.442857142857143
5,1141,0,0,0,2,1,21,54,57,135,0.0,0.0,0.0,0.014814814814815,0.007407407407407,0.155555555555556,0.4,0.422222222222222
5,1142,0,0,0,0,2,15,51,62,130,0.0,0.0,0.0,0.0,0.015384615384615,0.115384615384615,0.392307692307692,0.476923076923077
5,1143,0,0,0,0,3,22,44,56,125,0.0,0.0,0.0,0.0,0.024,0.176,0.352,0.448
5,1144,0,0,0,0,1,15,52,52,120,0.0,0.0,0.0,0.0,0.008333333333333,0.125,0.433333333333333,0.433333333333333
5,1145,0,0,0,0,5,21,40,49,115,0.0,0.0,0.0,0.0,0.043478260869565,0.182608695652174,0.347826086956522,0.426086956521739
5,1146,0,0,0,0,2,8,49,51,110,0.0,0.0,0.0,0.0,0.018181818181818,0.072727272727273,0.445454545454545,0.463636363636364
5,1147,0,0,0,0,2,11,44,48,105,0.0,0.0,0.0,0.0,0.019047619047619,0.104761904761905,0.419047619047619,0.457142857142857
5,1148,0,0,0,0,3,16,42,39,100,0.0,0.0,0.0,0.0,0.03,0.16,0.42,0.39
5,1149,0,0,0,0,0,13,43,39,95,0.0,0.0,0.0,0.0,0.0,0.136842105263158,0.452631578947368,0.410526315789474
5,1150,0,0,0,0,0,8,37,45,90,0.0,0.0,0.0,0.0,0.0,0.088888888888889,0.411111111111111,0.5
5,1151,0,0,0,0,1,16,35,33,85,0.0,0.0,0.0,0.0,0.011764705882353,0.188235294117647,0.411764705882353,0.388235294117647
5,1152,0,0,0,0,0,14,38,28,80,0.0,0.0,0.0,0.0,0.0,0.175,0.475,0.35
5,1153,0,0,0,1,2,11,37,24,75,0.0,0.0,0.0,0.013333333333333,0.026666666666667,0.146666666666667,0.493333333333333,0.32
5,1154,0,0,0,0,5,12,26,27,70,0.0,0.0,0.0,0.0,0.071428571428571,0.171428571428571,0.371428571428571,0.385714285714286
5,1155,0,0,0,0,0,8,34,23,65,0.0,0.0,0.0,0.0,0.0,0.123076923076923,0.523076923076923,0.353846153846154
5,1156,0,0,0,0,3,1,26,30,60,0.0,0.0,0.0,0.0,0.05,0.016666666666667,0.433333333333333,0.5
5,1157,0,0,0,0,1,7,24,23,55,0.0,0.0,0.0,0.0,0.018181818181818,0.127272727272727,0.436363636363636,0.418181818181818
5,1158,0,0,0,0,1,7,22,20,50,0.0,0.0,0.0,0.0,0.02,0.14,0.44,0.4
5,1159,0,0,0,0,0,7,17,21,45,0.0,0.0,0.0,0.0,0.0,0.155555555555556,0.377777777777778,0.466666666666667
5,1160,0,0,0,0,0,4,9,27,40,0.0,0.0,0.0,0.0,0.0,0.1,0.225,0.675
5,1161,0,0,0,0,1,2,20,12,35,0.0,0.0,0.0,0.0,0.028571428571429,0.057142857142857,0.571428571428571,0.342857142857143
5,1162,0,0,0,0,0,3,14,13,30,0.0,0.0,0.0,0.0,0.0,0.1,0.466666666666667,0.433333333333333
5,1163,0,0,0,0,1,3,11,10,25,0.0,0.0,0.0,0.0,0.04,0.12,0.44,0.4
5,1164,0,0,0,0,0,3,7,10,20,0.0,0.0,0.0,0.0,0.0,0.15,0.35,0.5
5,1165,0,0,0,0,0,2,3,10,15,0.0,0.0,0.0,0.0,0.0,0.133333333333333,0.2,0.666666666666667
5,1166,0,0,0,0,0,1,4,5,10,0.0,0.0,0.0,0.0,0.0,0.1,0.4,0.5
5,1167,0,0,0,0,0,0,1,4,5,0.0,0.0,0.0,0.0,0.0,0.0,0.2,0.8
