반복번호,회차,1등,2등,3등,4등,5등,2개맞음,1개맞음,0개맞음,총시행수,1등확률,2등확률,3등확률,4등확률,5등확률,2개맞은 확률,1개맞은 확률,0개 맞은 확률
1,1,0,0,0,7,139,867,2472,2350,5835,0.0,0.0,0.0,0.001199657240788,0.02382176520994,0.148586118251928,0.423650385604113,0.402742073693231
1,2,0,0,0,8,135,868,2498,2321,5830,0.0,0.0,0.0,0.001372212692967,0.023156089193825,0.148885077186964,0.428473413379074,0.39811320754717
1,3,0,0,0,8,134,886,2487,2310,5825,0.0,0.0,0.0,0.00137339055794,0.023004291845494,0.152103004291846,0.426952789699571,0.39656652360515
1,4,0,0,1,11,119,855,2504,2330,5820,0.0,0.0,0.000171821305842,0.001890034364261,0.020446735395189,0.146907216494845,0.430240549828179,0.400343642611684
1,5,0,0,0,9,138,893,2473,2302,5815,0.0,0.0,0.0,0.001547721410146,0.023731728288908,0.153568357695615,0.425279449699054,0.395872742906277
1,6,0,0,0,11,139,819,2503,2338,5810,0.0,0.0,0.0,0.001893287435456,0.023924268502582,0.140963855421687,0.430808950086059,0.402409638554217
1,7,0,0,0,5,147,892,2484,2277,5805,0.0,0.0,0.0,0.000861326442722,0.025322997416021,0.153660637381568,0.427906976744186,0.392248062015504
1,8,0,0,0,8,140,842,2505,2305,5800,0.0,0.0,0.0,0.001379310344828,0.024137931034483,0.145172413793103,0.431896551724138,0.397413793103448
1,9,0,0,0,2,129,872,2455,2337,5795,0.0,0.0,0.0,0.000345125107852,0.022260569456428,0.150474547023296,0.423641069887834,0.40327868852459
1,10,0,0,0,7,115,896,2442,2330,5790,0.0,0.0,0.0,0.001208981001727,0.01986183074266,0.154749568221071,0.421761658031088,0.402417962003454
1,11,0,0,0,6,138,905,2454,2282,5785,0.0,0.0,0.0,0.001037165082109,0.023854796888505,0.156439066551426,0.424200518582541,0.394468452895419
1,12,0,0,0,8,119,898,2480,2275,5780,0.0,0.0,0.0,0.001384083044983,0.020588235294118,0.155363321799308,0.429065743944637,0.393598615916955
1,13,0,0,0,4,118,876,2515,2262,5775,0.0,0.0,0.0,0.000692640692641,0.0204329004329,0.151688311688312,0.435497835497835,0.391688311688312
1,14,0,0,0,10,147,847,2429,2337,5770,0.0,0.0,0.0,0.001733102253033,0.025476603119584,0.146793760831889,0.420970537261698,0.405025996533796
1,15,0,0,0,7,130,874,2456,2298,5765,0.0,0.0,0.0,0.001214223764094,0.022549869904597,0.151604509973981,0.42601908065915,0.398612315698179
1,16,0,0,0,15,135,879,2471,2260,5760,0.0,0.0,0.0,0.002604166666667,0.0234375,0.152604166666667,0.428993055555556,0.392361111111111
1,17,0,0,0,7,135,905,2380,2328,5755,0.0,0.0,0.0,0.001216333622937,0.023457862728063,0.157254561251086,0.413553431798436,0.404517810599479
1,18,0,0,0,11,108,845,2462,2324,5750,0.0,0.0,0.0,0.001913043478261,0.018782608695652,0.14695652173913,0.428173913043478,0.404173913043478
1,19,0,0,0,8,148,896,2439,2254,5745,0.0,0.0,0.0,0.001392515230635,0.025761531766754,0.155961705831158,0.424543080939948,0.392341166231506
1,20,0,0,0,9,156,839,2418,2318,5740,0.0,0.0,0.0,0.001567944250871,0.027177700348432,0.14616724738676,0.421254355400697,0.40383275261324
1,21,0,0,0,4,127,880,2432,2292,5735,0.0,0.0,0.0,0.000697471665214,0.022144725370532,0.153443766346992,0.424062772449869,0.399651264167393
1,22,0,0,0,6,150,898,2421,2255,5730,0.0,0.0,0.0,0.001047120418848,0.026178010471204,0.156719022687609,0.422513089005236,0.393542757417103
1,23,0,0,0,6,131,837,2415,2336,5725,0.0,0.0,0.0,0.001048034934498,0.022882096069869,0.146200873362445,0.421834061135371,0.408034934497817
1,24,0,0,0,8,143,818,2438,2313,5720,0.0,0.0,0.0,0.001398601398601,0.025,0.143006993006993,0.426223776223776,0.404370629370629
1,25,0,0,0,10,116,864,2468,2257,5715,0.0,0.0,0.0,0.00174978127734,0.020297462817148,0.151181102362205,0.431846019247594,0.394925634295713
1,26,0,0,0,8,127,854,2413,2308,5710,0.0,0.0,0.0,0.001401050788091,0.022241681260946,0.149562171628722,0.422591943957968,0.404203152364273
1,27,0,0,0,4,122,913,2427,2239,5705,0.0,0.0,0.0,0.000701139351446,0.021384750219106,0.160035056967572,0.425416301489921,0.392462751971954
1,28,0,0,0,12,119,854,2445,2270,5700,0.0,0.0,0.0,0.002105263157895,0.020877192982456,0.149824561403509,0.428947368421053,0.398245614035088
1,29,0,0,0,8,136,828,2422,2301,5695,0.0,0.0,0.0,0.001404741000878,0.023880597014925,0.145390693590869,0.425285338015803,0.404038630377524
1,30,0,0,0,7,118,868,2431,2266,5690,0.0,0.0,0.0,0.001230228471002,0.020738137082601,0.152548330404218,0.427240773286467,0.398242530755712
1,31,0,0,0,13,141,864,2417,2250,5685,0.0,0.0,0.0,0.002286719437115,0.024802110817942,0.15197889182058,0.425153913808267,0.395778364116095
1,32,0,0,0,11,128,851,2388,2302,5680,0.0,0.0,0.0,0.00193661971831,0.022535211267606,0.149823943661972,0.420422535211268,0.405281690140845
1,33,0,0,0,5,122,853,2427,2268,5675,0.0,0.0,0.0,0.000881057268722,0.021497797356828,0.150308370044053,0.427665198237885,0.399647577092511
1,34,0,0,0,4,111,870,2462,2223,5670,0.0,0.0,0.0,0.000705467372134,0.01957671957672,0.153439153439153,0.434215167548501,0.392063492063492
1,35,0,0,0,5,112,802,2454,2292,5665,0.0,0.0,0.0,0.000882612533098,0.019770520741395,0.141571050308914,0.433186231244484,0.404589585172109
1,36,0,0,0,5,117,853,2375,2310,5660,0.0,0.0,0.0,0.000883392226148,0.020671378091873,0.150706713780919,0.419611307420495,0.408127208480565
1,37,0,0,1,4,140,849,2430,2231,5655,0.0,0.0,0.000176834659593,0.000707338638373,0.024756852343059,0.150132625994695,0.429708222811671,0.394518125552608
1,38,0,0,0,4,137,861,2466,2182,5650,0.0,0.0,0.0,0.00070796460177,0.024247787610619,0.152389380530973,0.43646017699115,0.386194690265487
1,39,0,0,0,9,125,864,2367,2280,5645,0.0,0.0,0.0,0.001594331266608,0.022143489813995,0.153055801594331,0.419309123117803,0.403897254207263
1,40,0,0,0,10,109,839,2439,2243,5640,0.0,0.0,0.0,0.00177304964539,0.019326241134752,0.148758865248227,0.432446808510638,0.397695035460993
1,41,0,0,0,9,123,844,2430,2229,5635,0.0,0.0,0.0,0.001597160603372,0.021827861579414,0.149778172138421,0.431233362910382,0.395563442768412
1,42,0,0,0,8,152,858,2348,2264,5630,0.0,0.0,0.0,0.001420959147425,0.026998223801066,0.152397868561279,0.417051509769094,0.402131438721137
1,43,0,0,0,5,117,862,2355,2286,5625,0.0,0.0,0.0,0.000888888888889,0.0208,0.153244444444444,0.418666666666667,0.4064
1,44,0,0,0,12,141,809,2384,2274,5620,0.0,0.0,0.0,0.002135231316726,0.02508896797153,0.143950177935943,0.424199288256228,0.404626334519573
1,45,0,0,0,6,136,860,2387,2226,5615,0.0,0.0,0.0,0.00106856634016,0.024220837043633,0.153161175422974,0.425111308993767,0.396438112199466
1,46,0,0,0,6,120,841,2387,2256,5610,0.0,0.0,0.0,0.001069518716578,0.021390374331551,0.149910873440285,0.425490196078431,0.402139037433155
1,47,0,0,0,5,137,837,2387,2239,5605,0.0,0.0,0.0,0.000892060660125,0.024442462087422,0.149330954504906,0.425869759143622,0.399464763603925
1,48,0,0,0,10,138,832,2395,2225,5600,0.0,0.0,0.0,0.001785714285714,0.024642857142857,0.148571428571429,0.427678571428571,0.397321428571429
1,49,0,0,0,3,124,864,2347,2257,5595,0.0,0.0,0.0,0.000536193029491,0.022162645218945,0.154423592493298,0.419481680071492,0.403395889186774
1,50,0,0,0,8,136,833,2398,2215,5590,0.0,0.0,0.0,0.001431127012522,0.02432915921288,0.149016100178891,0.428980322003578,0.396243291592129
1,51,0,0,0,6,132,826,2396,2225,5585,0.0,0.0,0.0,0.001074306177261,0.023634735899731,0.147896150402865,0.429006266786034,0.398388540734109
1,52,0,0,0,6,123,867,2363,2221,5580,0.0,0.0,0.0,0.001075268817204,0.022043010752688,0.155376344086021,0.423476702508961,0.398028673835125
1,53,0,0,0,7,131,822,2268,2347,5575,0.0,0.0,0.0,0.001255605381166,0.023497757847534,0.147443946188341,0.406816143497758,0.420986547085202
1,54,0,0,1,11,117,843,2368,2230,5570,0.0,0.0,0.000179533213645,0.00197486535009,0.021005385996409,0.151346499102334,0.425134649910233,0.400359066427289
1,55,0,0,0,8,114,870,2351,2222,5565,0.0,0.0,0.0,0.001437556154537,0.020485175202156,0.15633423180593,0.422461814914645,0.399281221922731
1,56,0,0,0,8,126,870,2342,2214,5560,0.0,0.0,0.0,0.001438848920863,0.022661870503597,0.156474820143885,0.421223021582734,0.398201438848921
1,57,0,0,0,3,122,866,2364,2200,5555,0.0,0.0,0.0,0.000540054005401,0.021962196219622,0.155895589558956,0.425562556255626,0.396039603960396
1,58,0,0,0,9,122,856,2329,2234,5550,0.0,0.0,0.0,0.001621621621622,0.021981981981982,0.154234234234234,0.41963963963964,0.402522522522523
1,59,0,0,0,5,116,843,2346,2235,5545,0.0,0.0,0.0,0.000901713255185,0.020919747520289,0.152028854824166,0.423083859332732,0.403065825067629
1,60,0,0,0,7,131,831,2312,2259,5540,0.0,0.0,0.0,0.001263537906137,0.023646209386282,0.15,0.417328519855596,0.407761732851986
1,61,0,0,0,5,120,843,2353,2214,5535,0.0,0.0,0.0,0.000903342366757,0.021680216802168,0.15230352303523,0.425112917795845,0.4
1,62,0,0,0,3,146,842,2357,2182,5530,0.0,0.0,0.0,0.000542495479204,0.026401446654611,0.152260397830018,0.42622061482821,0.394575045207957
1,63,0,0,1,4,126,870,2400,2124,5525,0.0,0.0,0.000180995475113,0.000723981900452,0.022805429864253,0.157466063348416,0.434389140271493,0.384434389140272
1,64,0,0,0,5,123,821,2333,2238,5520,0.0,0.0,0.0,0.000905797101449,0.022282608695652,0.148731884057971,0.422644927536232,0.405434782608696
1,65,0,0,0,7,115,851,2299,2243,5515,0.0,0.0,0.0,0.001269265639166,0.020852221214869,0.154306436990027,0.416863100634633,0.406708975521306
1,66,0,0,1,6,111,780,2395,2217,5510,0.0,0.0,0.000181488203267,0.001088929219601,0.020145190562613,0.141560798548094,0.434664246823956,0.402359346642468
1,67,0,0,0,8,122,795,2279,2301,5505,0.0,0.0,0.0,0.001453224341508,0.022161671207993,0.14441416893733,0.413987284287012,0.417983651226158
1,68,0,0,0,4,124,826,2325,2221,5500,0.0,0.0,0.0,0.000727272727273,0.022545454545455,0.150181818181818,0.422727272727273,0.403818181818182
1,69,0,0,0,6,129,845,2311,2204,5495,0.0,0.0,0.0,0.001091901728844,0.023475887170155,0.153776160145587,0.42056414922657,0.401091901728844
1,70,0,0,0,6,133,852,2290,2209,5490,0.0,0.0,0.0,0.001092896174863,0.024225865209472,0.155191256830601,0.41712204007286,0.402367941712204
1,71,0,0,0,7,97,835,2341,2205,5485,0.0,0.0,0.0,0.001276207839562,0.017684594348222,0.152233363719234,0.426800364630811,0.40200546946217
1,72,0,0,0,10,108,823,2320,2219,5480,0.0,0.0,0.0,0.001824817518248,0.01970802919708,0.150182481751825,0.423357664233577,0.40492700729927
1,73,0,0,0,4,124,833,2360,2154,5475,0.0,0.0,0.0,0.000730593607306,0.022648401826484,0.152146118721461,0.431050228310502,0.393424657534247
1,74,0,0,0,11,122,799,2310,2228,5470,0.0,0.0,0.0,0.002010968921389,0.022303473491773,0.146069469835466,0.422303473491773,0.407312614259598
1,75,0,0,0,5,113,830,2316,2201,5465,0.0,0.0,0.0,0.000914913083257,0.02067703568161,0.151875571820677,0.423787740164684,0.402744739249771
1,76,0,0,0,8,130,838,2270,2214,5460,0.0,0.0,0.0,0.001465201465201,0.023809523809524,0.153479853479853,0.415750915750916,0.405494505494505
1,77,0,0,0,13,131,870,2218,2223,5455,0.0,0.0,0.0,0.002383134738772,0.024014665444546,0.15948670944088,0.40659945004583,0.407516040329973
1,78,0,0,0,3,109,799,2373,2166,5450,0.0,0.0,0.0,0.000550458715596,0.02,0.146605504587156,0.435412844036697,0.39743119266055
1,79,0,0,0,3,124,801,2363,2154,5445,0.0,0.0,0.0,0.000550964187328,0.02277318640955,0.147107438016529,0.433976124885216,0.395592286501377
1,80,0,0,0,4,120,831,2270,2215,5440,0.0,0.0,0.0,0.000735294117647,0.022058823529412,0.152757352941176,0.417279411764706,0.407169117647059
1,81,0,0,1,10,130,812,2386,2096,5435,0.0,0.0,0.000183992640294,0.001839926402944,0.02391904323827,0.149402023919043,0.43900643974241,0.385648574057038
1,82,0,0,1,13,126,867,2284,2139,5430,0.0,0.0,0.000184162062615,0.002394106813996,0.023204419889503,0.159668508287293,0.420626151012891,0.393922651933702
1,83,0,0,0,9,121,832,2349,2114,5425,0.0,0.0,0.0,0.001658986175115,0.022304147465438,0.153364055299539,0.432995391705069,0.389677419354839
1,84,0,0,0,7,122,816,2312,2163,5420,0.0,0.0,0.0,0.001291512915129,0.022509225092251,0.150553505535055,0.426568265682657,0.399077490774908
1,85,0,0,1,8,117,831,2286,2172,5415,0.0,0.0,0.000184672206833,0.001477377654663,0.021606648199446,0.153462603878116,0.422160664819945,0.401108033240997
1,86,0,0,0,8,118,839,2274,2171,5410,0.0,0.0,0.0,0.001478743068392,0.02181146025878,0.155083179297597,0.420332717190388,0.401293900184843
1,87,0,0,1,4,125,844,2300,2131,5405,0.0,0.0,0.000185013876041,0.000740055504163,0.023126734505088,0.156151711378353,0.425531914893617,0.394264569842738
1,88,0,0,0,6,121,805,2281,2187,5400,0.0,0.0,0.0,0.001111111111111,0.022407407407407,0.149074074074074,0.422407407407407,0.405
1,89,0,0,0,12,120,816,2237,2210,5395,0.0,0.0,0.0,0.002224281742354,0.02224281742354,0.151251158480074,0.414643188137164,0.409638554216867
1,90,0,0,1,8,129,769,2312,2171,5390,0.0,0.0,0.000185528756957,0.001484230055659,0.023933209647495,0.142671614100186,0.428942486085343,0.40278293135436
1,91,0,0,0,6,109,797,2308,2165,5385,0.0,0.0,0.0,0.001114206128134,0.020241411327762,0.148003714020427,0.428597957288765,0.402042711234912
1,92,0,0,0,10,107,807,2191,2265,5380,0.0,0.0,0.0,0.00185873605948,0.019888475836431,0.15,0.40724907063197,0.421003717472119
1,93,0,0,0,5,114,815,2346,2095,5375,0.0,0.0,0.0,0.00093023255814,0.021209302325581,0.151627906976744,0.43646511627907,0.389767441860465
1,94,0,0,0,9,110,768,2325,2158,5370,0.0,0.0,0.0,0.001675977653631,0.02048417132216,0.143016759776536,0.432960893854749,0.401862197392924
1,95,0,0,0,11,131,812,2284,2127,5365,0.0,0.0,0.0,0.002050326188257,0.024417520969245,0.151351351351351,0.425722273998136,0.39645852749301
1,96,0,0,1,14,123,790,2266,2166,5360,0.0,0.0,0.000186567164179,0.002611940298507,0.02294776119403,0.147388059701493,0.422761194029851,0.40410447761194
1,97,0,0,0,6,151,757,2234,2207,5355,0.0,0.0,0.0,0.001120448179272,0.028197945845005,0.141363211951447,0.4171802054155,0.412138188608777
1,98,0,0,0,11,103,806,2287,2143,5350,0.0,0.0,0.0,0.002056074766355,0.019252336448598,0.150654205607477,0.427476635514019,0.400560747663551
1,99,0,0,0,6,124,791,2293,2131,5345,0.0,0.0,0.0,0.001122544434051,0.023199251637044,0.14798877455566,0.428999064546305,0.398690364826941
1,100,0,0,1,3,111,808,2267,2150,5340,0.0,0.0,0.000187265917603,0.000561797752809,0.020786516853933,0.151310861423221,0.424531835205993,0.402621722846442
1,101,0,0,0,7,140,799,2229,2160,5335,0.0,0.0,0.0,0.001312089971884,0.026241799437676,0.149765698219306,0.417806935332709,0.404873477038425
1,102,0,0,0,4,127,836,2222,2141,5330,0.0,0.0,0.0,0.000750469043152,0.023827392120075,0.156848030018762,0.416885553470919,0.401688555347092
1,103,0,0,0,9,124,780,2286,2126,5325,0.0,0.0,0.0,0.00169014084507,0.023286384976526,0.146478873239437,0.429295774647887,0.39924882629108
1,104,0,0,0,5,135,759,2227,2194,5320,0.0,0.0,0.0,0.00093984962406,0.025375939849624,0.142669172932331,0.418609022556391,0.412406015037594
1,105,0,0,1,7,123,808,2228,2148,5315,0.0,0.0,0.000188146754468,0.001317027281279,0.023142050799624,0.152022577610536,0.419190968955786,0.404139228598307
1,106,0,0,0,7,100,836,2229,2138,5310,0.0,0.0,0.0,0.001318267419962,0.018832391713748,0.15743879472693,0.419774011299435,0.402636534839925
1,107,0,0,2,4,132,833,2255,2079,5305,0.0,0.0,0.000377002827521,0.000754005655042,0.0248821866164,0.157021677662582,0.42507068803016,0.391894439208294
1,108,0,0,0,9,108,833,2221,2129,5300,0.0,0.0,0.0,0.001698113207547,0.020377358490566,0.157169811320755,0.419056603773585,0.401698113207547
1,109,0,0,0,5,124,780,2230,2156,5295,0.0,0.0,0.0,0.000944287063267,0.023418319169027,0.147308781869688,0.421152030217186,0.407176581680831
1,110,0,0,0,5,120,811,2304,2050,5290,0.0,0.0,0.0,0.000945179584121,0.022684310018904,0.153308128544423,0.435538752362949,0.387523629489603
1,111,0,0,0,4,108,833,2279,2061,5285,0.0,0.0,0.0,0.000756859035005,0.020435193945128,0.157615894039735,0.431220435193945,0.389971617786187
1,112,0,0,0,5,101,815,2260,2099,5280,0.0,0.0,0.0,0.00094696969697,0.019128787878788,0.154356060606061,0.428030303030303,0.397537878787879
1,113,0,0,0,7,143,786,2270,2069,5275,0.0,0.0,0.0,0.001327014218009,0.027109004739336,0.149004739336493,0.430331753554502,0.392227488151659
1,114,0,0,0,3,140,832,2197,2098,5270,0.0,0.0,0.0,0.000569259962049,0.026565464895636,0.157874762808349,0.416888045540797,0.398102466793169
1,115,0,0,1,2,120,787,2285,2070,5265,0.0,0.0,0.000189933523267,0.000379867046534,0.022792022792023,0.149477682811016,0.433998100664767,0.393162393162393
1,116,0,0,0,8,136,778,2234,2104,5260,0.0,0.0,0.0,0.001520912547529,0.025855513307985,0.147908745247148,0.424714828897338,0.4
1,117,0,0,0,8,97,765,2280,2105,5255,0.0,0.0,0.0,0.001522359657469,0.018458610846813,0.145575642245481,0.433872502378687,0.400570884871551
1,118,0,0,0,9,101,825,2165,2150,5250,0.0,0.0,0.0,0.001714285714286,0.019238095238095,0.157142857142857,0.412380952380952,0.40952380952381
1,119,0,0,0,4,130,786,2260,2065,5245,0.0,0.0,0.0,0.000762631077216,0.024785510009533,0.149857006673022,0.430886558627264,0.393708293612965
1,120,0,0,0,8,110,806,2256,2060,5240,0.0,0.0,0.0,0.001526717557252,0.020992366412214,0.15381679389313,0.430534351145038,0.393129770992366
1,121,0,0,0,5,108,787,2205,2130,5235,0.0,0.0,0.0,0.000955109837631,0.020630372492837,0.150334288443171,0.421203438395415,0.406876790830946
1,122,0,0,0,6,103,756,2242,2123,5230,0.0,0.0,0.0,0.001147227533461,0.019694072657744,0.144550669216061,0.42868068833652,0.405927342256214
1,123,0,0,0,13,112,794,2257,2049,5225,0.0,0.0,0.0,0.002488038277512,0.021435406698565,0.151961722488038,0.431961722488038,0.392153110047847
1,124,0,0,0,8,120,806,2186,2100,5220,0.0,0.0,0.0,0.001532567049808,0.022988505747126,0.154406130268199,0.418773946360153,0.402298850574713
1,125,0,0,1,14,133,774,2226,2067,5215,0.0,0.0,0.000191754554171,0.002684563758389,0.025503355704698,0.148418024928092,0.426845637583893,0.396356663470757
1,126,0,0,0,8,137,747,2173,2145,5210,0.0,0.0,0.0,0.001535508637236,0.026295585412668,0.143378119001919,0.417082533589251,0.411708253358925
1,127,0,0,0,8,120,773,2213,2091,5205,0.0,0.0,0.0,0.001536983669549,0.023054755043228,0.148511047070125,0.425168107588857,0.401729106628242
1,128,0,0,0,6,121,767,2264,2042,5200,0.0,0.0,0.0,0.001153846153846,0.023269230769231,0.1475,0.435384615384615,0.392692307692308
1,129,0,0,0,8,137,765,2224,2061,5195,0.0,0.0,0.0,0.001539942252166,0.026371511068335,0.14725697786333,0.428103946102021,0.396727622714148
1,130,0,0,0,5,122,792,2174,2097,5190,0.0,0.0,0.0,0.000963391136802,0.023506743737958,0.152601156069364,0.41888246628131,0.404046242774566
1,131,0,0,0,4,107,799,2238,2037,5185,0.0,0.0,0.0,0.000771456123433,0.020636451301832,0.154098360655738,0.431629701060752,0.392864030858245
1,132,0,0,0,12,119,814,2181,2054,5180,0.0,0.0,0.0,0.002316602316602,0.022972972972973,0.157142857142857,0.421042471042471,0.396525096525097
1,133,0,0,0,5,117,732,2225,2096,5175,0.0,0.0,0.0,0.000966183574879,0.022608695652174,0.141449275362319,0.429951690821256,0.405024154589372
1,134,0,0,0,6,130,719,2190,2125,5170,0.0,0.0,0.0,0.001160541586074,0.025145067698259,0.139071566731141,0.423597678916828,0.411025145067698
1,135,0,0,0,9,99,779,2194,2084,5165,0.0,0.0,0.0,0.001742497579864,0.019167473378509,0.15082284607938,0.424782187802517,0.403484995159729
1,136,0,0,0,9,104,846,2126,2075,5160,0.0,0.0,0.0,0.001744186046512,0.02015503875969,0.163953488372093,0.412015503875969,0.402131782945736
1,137,0,0,0,7,134,850,2137,2027,5155,0.0,0.0,0.0,0.001357904946654,0.025994180407371,0.164888457807953,0.41454898157129,0.393210475266731
1,138,0,0,0,5,110,741,2179,2115,5150,0.0,0.0,0.0,0.000970873786408,0.021359223300971,0.143883495145631,0.423106796116505,0.410679611650485
1,139,0,0,0,7,130,754,2173,2081,5145,0.0,0.0,0.0,0.001360544217687,0.025267249757046,0.146550048590865,0.422351797862002,0.4044703595724
1,140,0,0,0,11,109,752,2198,2070,5140,0.0,0.0,0.0,0.002140077821012,0.021206225680934,0.146303501945525,0.427626459143969,0.40272373540856
1,141,0,0,0,5,123,782,2171,2054,5135,0.0,0.0,0.0,0.000973709834469,0.023953261927945,0.152288218111003,0.422784810126582,0.4
1,142,0,0,0,12,134,753,2155,2076,5130,0.0,0.0,0.0,0.00233918128655,0.026120857699805,0.146783625730994,0.420077972709552,0.404678362573099
1,143,0,0,0,7,117,756,2232,2013,5125,0.0,0.0,0.0,0.001365853658537,0.022829268292683,0.147512195121951,0.435512195121951,0.392780487804878
1,144,0,0,0,8,110,735,2211,2056,5120,0.0,0.0,0.0,0.0015625,0.021484375,0.1435546875,0.4318359375,0.4015625
1,145,0,0,0,3,108,790,2243,1971,5115,0.0,0.0,0.0,0.00058651026393,0.021114369501466,0.1544477028348,0.438514173998045,0.38533724340176
1,146,0,0,0,4,127,762,2180,2037,5110,0.0,0.0,0.0,0.000782778864971,0.024853228962818,0.149119373776908,0.426614481409002,0.398630136986301
1,147,0,0,0,3,133,783,2104,2082,5105,0.0,0.0,0.0,0.000587659157689,0.026052889324192,0.153379040156709,0.412144955925563,0.407835455435847
1,148,0,0,0,4,116,776,2167,2037,5100,0.0,0.0,0.0,0.00078431372549,0.022745098039216,0.152156862745098,0.424901960784314,0.399411764705882
1,149,0,0,0,9,117,787,2156,2026,5095,0.0,0.0,0.0,0.001766437684004,0.022963689892051,0.154465161923454,0.423159960745829,0.397644749754661
1,150,0,0,0,9,105,758,2224,1994,5090,0.0,0.0,0.0,0.001768172888016,0.020628683693517,0.148919449901768,0.436935166994106,0.391748526522593
1,151,0,0,0,3,117,772,2194,1999,5085,0.0,0.0,0.0,0.000589970501475,0.023008849557522,0.151819075712881,0.431465093411996,0.393117010816126
1,152,0,0,0,4,123,760,2207,1986,5080,0.0,0.0,0.0,0.000787401574803,0.024212598425197,0.149606299212598,0.434448818897638,0.390944881889764
1,153,0,0,1,5,106,710,2253,2000,5075,0.0,0.0,0.000197044334975,0.000985221674877,0.020886699507389,0.139901477832512,0.443940886699507,0.394088669950739
1,154,0,0,0,7,117,793,2101,2052,5070,0.0,0.0,0.0,0.00138067061144,0.023076923076923,0.156410256410256,0.41439842209073,0.404733727810651
1,155,0,0,0,3,106,728,2199,2029,5065,0.0,0.0,0.0,0.000592300098717,0.020927936821323,0.143731490621915,0.434155972359329,0.400592300098717
1,156,0,0,1,4,131,739,2147,2038,5060,0.0,0.0,0.000197628458498,0.000790513833992,0.025889328063241,0.14604743083004,0.424308300395257,0.402766798418972
1,157,0,0,0,6,105,765,2097,2082,5055,0.0,0.0,0.0,0.001186943620178,0.020771513353116,0.1513353115727,0.414836795252225,0.41186943620178
1,158,0,0,0,6,111,722,2169,2042,5050,0.0,0.0,0.0,0.001188118811881,0.021980198019802,0.142970297029703,0.429504950495049,0.404356435643564
1,159,0,0,0,7,118,787,2112,2021,5045,0.0,0.0,0.0,0.001387512388503,0.023389494549058,0.15599603567889,0.418632309217047,0.400594648166501
1,160,0,0,0,5,130,748,2157,2000,5040,0.0,0.0,0.0,0.000992063492063,0.025793650793651,0.148412698412698,0.42797619047619,0.396825396825397
1,161,0,0,0,7,139,763,2083,2043,5035,0.0,0.0,0.0,0.001390268123138,0.027606752730884,0.151539225422046,0.413704071499504,0.405759682224429
1,162,0,0,0,3,123,748,2173,1983,5030,0.0,0.0,0.0,0.000596421471173,0.024453280318091,0.148707753479125,0.432007952286282,0.394234592445328
1,163,0,0,0,5,119,760,2103,2038,5025,0.0,0.0,0.0,0.000995024875622,0.023681592039801,0.151243781094527,0.418507462686567,0.405572139303483
1,164,0,0,0,10,103,731,2153,2023,5020,0.0,0.0,0.0,0.00199203187251,0.020517928286853,0.145617529880478,0.428884462151394,0.402988047808765
1,165,0,0,0,7,109,737,2152,2010,5015,0.0,0.0,0.0,0.001395812562313,0.021734795613161,0.146959122632104,0.429112662013958,0.400797607178465
1,166,0,0,0,13,108,808,2120,1961,5010,0.0,0.0,0.0,0.002594810379242,0.021556886227545,0.16127744510978,0.42315369261477,0.391417165668663
1,167,0,0,0,7,116,752,2113,2017,5005,0.0,0.0,0.0,0.001398601398601,0.023176823176823,0.15024975024975,0.422177822177822,0.402997002997003
1,168,0,0,0,10,96,781,2136,1977,5000,0.0,0.0,0.0,0.002,0.0192,0.1562,0.4272,0.3954
1,169,0,0,0,14,101,748,2122,2010,4995,0.0,0.0,0.0,0.002802802802803,0.02022022022022,0.14974974974975,0.424824824824825,0.402402402402402
1,170,0,0,0,4,122,756,2091,2017,4990,0.0,0.0,0.0,0.000801603206413,0.024448897795591,0.151503006012024,0.419038076152305,0.404208416833667
1,171,0,0,0,6,119,756,2113,1991,4985,0.0,0.0,0.0,0.001203610832497,0.023871614844534,0.151654964894684,0.423871614844534,0.399398194583751
1,172,0,0,1,13,118,760,2097,1991,4980,0.0,0.0,0.000200803212851,0.002610441767068,0.023694779116466,0.152610441767068,0.421084337349398,0.399799196787149
1,173,0,0,0,7,105,765,2044,2054,4975,0.0,0.0,0.0,0.001407035175879,0.021105527638191,0.153768844221106,0.410854271356784,0.41286432160804
1,174,0,0,0,4,127,753,2161,1925,4970,0.0,0.0,0.0,0.000804828973843,0.025553319919517,0.151509054325956,0.434808853118712,0.387323943661972
1,175,0,0,0,7,101,760,2115,1982,4965,0.0,0.0,0.0,0.001409869083585,0.020342396777442,0.153071500503525,0.425981873111782,0.399194360523666
1,176,0,0,0,6,101,715,2102,2036,4960,0.0,0.0,0.0,0.001209677419355,0.020362903225806,0.144153225806452,0.423790322580645,0.410483870967742
1,177,0,0,0,8,93,743,2137,1974,4955,0.0,0.0,0.0,0.001614530776993,0.018768920282543,0.149949545913219,0.431281533804238,0.398385469223007
1,178,0,0,0,8,95,734,2073,2040,4950,0.0,0.0,0.0,0.001616161616162,0.019191919191919,0.148282828282828,0.418787878787879,0.412121212121212
1,179,0,0,0,6,96,783,2079,1981,4945,0.0,0.0,0.0,0.001213346814965,0.019413549039434,0.158341759352882,0.420424671385238,0.400606673407482
1,180,0,0,0,7,104,744,2115,1970,4940,0.0,0.0,0.0,0.001417004048583,0.021052631578947,0.150607287449393,0.428137651821862,0.398785425101215
1,181,0,0,0,7,84,762,2109,1973,4935,0.0,0.0,0.0,0.001418439716312,0.017021276595745,0.154407294832827,0.427355623100304,0.399797365754813
1,182,0,0,1,9,121,753,2107,1939,4930,0.0,0.0,0.000202839756592,0.001825557809331,0.024543610547667,0.152738336713996,0.427383367139959,0.393306288032454
1,183,0,0,0,8,114,747,2061,1995,4925,0.0,0.0,0.0,0.001624365482234,0.023147208121827,0.151675126903553,0.418477157360406,0.40507614213198
1,184,0,0,0,8,123,762,2061,1966,4920,0.0,0.0,0.0,0.001626016260163,0.025,0.154878048780488,0.41890243902439,0.399593495934959
1,185,0,0,0,2,109,703,2082,2019,4915,0.0,0.0,0.0,0.000406917599186,0.022177009155646,0.143031536113937,0.423601220752798,0.410783316378433
1,186,0,0,1,7,115,735,2091,1961,4910,0.0,0.0,0.00020366598778,0.00142566191446,0.023421588594705,0.14969450101833,0.425865580448065,0.39938900203666
1,187,0,0,0,3,125,745,2035,1997,4905,0.0,0.0,0.0,0.000611620795107,0.025484199796126,0.151885830784913,0.414882772680938,0.407135575942915
1,188,0,0,0,7,98,746,2103,1946,4900,0.0,0.0,0.0,0.001428571428571,0.02,0.152244897959184,0.429183673469388,0.397142857142857
1,189,0,0,0,6,113,699,2092,1985,4895,0.0,0.0,0.0,0.001225740551583,0.023084780388151,0.142798774259448,0.427374872318693,0.405515832482125
1,190,0,0,1,10,111,785,2027,1956,4890,0.0,0.0,0.000204498977505,0.002044989775051,0.022699386503067,0.160531697341513,0.414519427402863,0.4
1,191,0,0,0,8,108,747,2105,1917,4885,0.0,0.0,0.0,0.001637666325486,0.022108495394063,0.152917093142272,0.430910951893552,0.392425793244626
1,192,0,0,0,6,106,725,2074,1969,4880,0.0,0.0,0.0,0.001229508196721,0.02172131147541,0.148565573770492,0.425,0.403483606557377
1,193,0,0,0,5,111,781,2061,1917,4875,0.0,0.0,0.0,0.001025641025641,0.022769230769231,0.160205128205128,0.422769230769231,0.393230769230769
1,194,0,0,0,10,106,736,2017,2001,4870,0.0,0.0,0.0,0.002053388090349,0.0217659137577,0.151129363449692,0.414168377823409,0.41088295687885
1,195,0,0,0,10,124,754,2041,1936,4865,0.0,0.0,0.0,0.002055498458376,0.025488180883864,0.154984583761562,0.419527235354573,0.397944501541624
1,196,0,0,0,4,92,768,2064,1932,4860,0.0,0.0,0.0,0.00082304526749,0.018930041152263,0.158024691358025,0.424691358024691,0.397530864197531
1,197,0,0,0,12,104,758,2136,1845,4855,0.0,0.0,0.0,0.002471678681771,0.021421215242019,0.156127703398558,0.439958805355304,0.380020597322348
1,198,0,0,0,5,112,732,2054,1947,4850,0.0,0.0,0.0,0.001030927835052,0.023092783505155,0.150927835051546,0.423505154639175,0.401443298969072
1,199,0,0,0,6,143,724,2018,1954,4845,0.0,0.0,0.0,0.001238390092879,0.029514963880289,0.149432404540764,0.416511867905057,0.403302373581011
1,200,0,0,0,5,131,753,2012,1939,4840,0.0,0.0,0.0,0.00103305785124,0.027066115702479,0.155578512396694,0.415702479338843,0.400619834710744
1,201,0,0,0,6,112,750,2015,1952,4835,0.0,0.0,0.0,0.00124095139607,0.023164426059979,0.15511892450879,0.416752843846949,0.403722854188211
1,202,0,0,0,6,126,759,1996,1943,4830,0.0,0.0,0.0,0.001242236024845,0.026086956521739,0.157142857142857,0.413250517598344,0.402277432712215
1,203,0,0,0,6,104,720,2015,1980,4825,0.0,0.0,0.0,0.001243523316062,0.021554404145078,0.149222797927461,0.417616580310881,0.410362694300518
1,204,0,0,0,5,112,703,2010,1990,4820,0.0,0.0,0.0,0.00103734439834,0.023236514522822,0.145850622406639,0.41701244813278,0.412863070539419
1,205,0,0,0,6,104,700,2020,1985,4815,0.0,0.0,0.0,0.001246105919003,0.021599169262721,0.145379023883697,0.419522326064382,0.412253374870197
1,206,0,0,0,11,118,720,2060,1901,4810,0.0,0.0,0.0,0.002286902286902,0.024532224532225,0.14968814968815,0.428274428274428,0.395218295218295
1,207,0,0,0,9,143,786,1971,1896,4805,0.0,0.0,0.0,0.001873048907388,0.029760665972945,0.163579604578564,0.410197710718002,0.394588969823101
1,208,0,0,0,7,115,761,2020,1897,4800,0.0,0.0,0.0,0.001458333333333,0.023958333333333,0.158541666666667,0.420833333333333,0.395208333333333
1,209,0,0,0,6,114,729,2065,1881,4795,0.0,0.0,0.0,0.001251303441084,0.023774765380605,0.152033368091762,0.430656934306569,0.392283628779979
1,210,0,0,0,13,109,743,2057,1868,4790,0.0,0.0,0.0,0.002713987473904,0.022755741127349,0.155114822546973,0.429436325678497,0.389979123173278
1,211,0,0,0,7,89,702,2049,1938,4785,0.0,0.0,0.0,0.001462904911181,0.018599791013584,0.146708463949843,0.428213166144201,0.405015673981191
1,212,0,0,0,6,117,727,2043,1887,4780,0.0,0.0,0.0,0.001255230125523,0.024476987447699,0.152092050209205,0.427405857740586,0.394769874476987
1,213,0,0,0,5,95,715,2006,1954,4775,0.0,0.0,0.0,0.001047120418848,0.019895287958115,0.149738219895288,0.420104712041885,0.409214659685864
1,214,0,0,0,9,91,725,1988,1957,4770,0.0,0.0,0.0,0.00188679245283,0.019077568134172,0.151991614255765,0.416771488469602,0.410272536687631
1,215,0,0,0,3,100,689,2077,1896,4765,0.0,0.0,0.0,0.000629590766002,0.020986358866737,0.144596012591815,0.43588667366212,0.397901364113326
1,216,0,0,0,4,115,744,1992,1905,4760,0.0,0.0,0.0,0.000840336134454,0.024159663865546,0.156302521008403,0.418487394957983,0.400210084033613
1,217,0,0,0,8,109,748,1906,1984,4755,0.0,0.0,0.0,0.001682439537329,0.022923238696109,0.157308096740273,0.400841219768665,0.417245005257624
1,218,0,0,0,4,97,710,2036,1903,4750,0.0,0.0,0.0,0.000842105263158,0.020421052631579,0.149473684210526,0.428631578947368,0.400631578947368
1,219,0,0,1,5,110,696,1992,1941,4745,0.0,0.0,0.000210748155954,0.001053740779768,0.0231822971549,0.14668071654373,0.419810326659642,0.409062170706006
1,220,0,0,0,4,120,705,2015,1896,4740,0.0,0.0,0.0,0.00084388185654,0.025316455696203,0.14873417721519,0.425105485232068,0.4
1,221,0,0,0,6,110,696,2075,1848,4735,0.0,0.0,0.0,0.001267159450898,0.023231256599789,0.146990496304118,0.438225976768743,0.390285110876452
1,222,0,0,0,8,99,694,2041,1888,4730,0.0,0.0,0.0,0.00169133192389,0.02093023255814,0.146723044397463,0.431501057082452,0.399154334038055
1,223,0,0,0,3,97,716,2032,1877,4725,0.0,0.0,0.0,0.000634920634921,0.020529100529101,0.151534391534392,0.43005291005291,0.397248677248677
1,224,0,0,0,5,105,662,2052,1896,4720,0.0,0.0,0.0,0.001059322033898,0.022245762711864,0.140254237288136,0.434745762711864,0.401694915254237
1,225,0,0,0,8,111,707,1986,1903,4715,0.0,0.0,0.0,0.0016967126193,0.023541887592789,0.149946977730647,0.421208907741251,0.403605514316013
1,226,0,0,0,4,111,710,1972,1913,4710,0.0,0.0,0.0,0.000849256900212,0.023566878980892,0.150743099787686,0.418683651804671,0.406157112526539
1,227,0,0,0,7,120,721,1973,1884,4705,0.0,0.0,0.0,0.001487778958555,0.025504782146652,0.153241232731137,0.419341126461211,0.400425079702444
1,228,0,0,0,4,100,722,1981,1893,4700,0.0,0.0,0.0,0.000851063829787,0.021276595744681,0.153617021276596,0.421489361702128,0.402765957446808
1,229,0,0,0,10,105,691,2037,1852,4695,0.0,0.0,0.0,0.002129925452609,0.022364217252396,0.147177848775293,0.433865814696486,0.394462193823216
1,230,0,0,0,6,103,682,2022,1877,4690,0.0,0.0,0.0,0.001279317697228,0.021961620469083,0.145415778251599,0.431130063965885,0.400213219616205
1,231,0,0,0,3,112,736,1908,1926,4685,0.0,0.0,0.0,0.000640341515475,0.023906083244397,0.15709711846318,0.407257203842049,0.411099252934899
1,232,0,0,0,8,85,725,1953,1909,4680,0.0,0.0,0.0,0.001709401709402,0.018162393162393,0.15491452991453,0.417307692307692,0.407905982905983
1,233,0,0,0,3,112,703,2026,1831,4675,0.0,0.0,0.0,0.000641711229947,0.023957219251337,0.150374331550802,0.433368983957219,0.391657754010695
1,234,0,0,0,7,120,713,1943,1887,4670,0.0,0.0,0.0,0.001498929336188,0.025695931477516,0.152676659528908,0.416059957173448,0.40406852248394
1,235,0,0,0,4,94,713,2017,1837,4665,0.0,0.0,0.0,0.00085744908896,0.020150053590568,0.152840300107181,0.432368703108253,0.393783494105037
1,236,0,0,0,9,109,727,1957,1858,4660,0.0,0.0,0.0,0.001931330472103,0.023390557939914,0.156008583690987,0.419957081545064,0.398712446351931
1,237,0,0,0,5,94,716,2023,1817,4655,0.0,0.0,0.0,0.001074113856069,0.020193340494092,0.153813104189044,0.434586466165414,0.390332975295381
1,238,0,0,0,6,99,731,1953,1861,4650,0.0,0.0,0.0,0.001290322580645,0.021290322580645,0.157204301075269,0.42,0.400215053763441
1,239,0,0,0,6,98,724,2012,1805,4645,0.0,0.0,0.0,0.001291711517761,0.021097954790097,0.155866523143165,0.433153928955867,0.388589881593111
1,240,0,0,0,4,111,669,2053,1803,4640,0.0,0.0,0.0,0.000862068965517,0.023922413793103,0.144181034482759,0.442456896551724,0.388577586206897
1,241,0,0,0,10,105,723,1968,1829,4635,0.0,0.0,0.0,0.002157497303128,0.022653721682848,0.155987055016181,0.424595469255663,0.394606256742179
1,242,0,0,1,7,99,683,1945,1895,4630,0.0,0.0,0.000215982721382,0.001511879049676,0.021382289416847,0.147516198704104,0.420086393088553,0.409287257019438
1,243,0,0,0,8,92,713,1954,1858,4625,0.0,0.0,0.0,0.00172972972973,0.019891891891892,0.154162162162162,0.422486486486487,0.40172972972973
1,244,0,0,1,6,106,656,1968,1883,4620,0.0,0.0,0.00021645021645,0.001298701298701,0.022943722943723,0.141991341991342,0.425974025974026,0.407575757575758
1,245,0,0,0,3,94,729,1928,1861,4615,0.0,0.0,0.0,0.000650054171181,0.020368364030336,0.157963163596966,0.417768147345612,0.403250270855905
1,246,0,0,0,5,100,647,1976,1882,4610,0.0,0.0,0.0,0.001084598698482,0.021691973969631,0.140347071583514,0.428633405639913,0.40824295010846
1,247,0,0,0,3,101,668,1924,1909,4605,0.0,0.0,0.0,0.000651465798046,0.021932681867535,0.145059717698154,0.417806731813246,0.414549402823018
1,248,0,0,0,7,90,675,1953,1875,4600,0.0,0.0,0.0,0.001521739130435,0.019565217391304,0.146739130434783,0.424565217391304,0.407608695652174
1,249,0,0,0,5,105,677,1953,1855,4595,0.0,0.0,0.0,0.001088139281828,0.02285092491839,0.147334058759521,0.425027203482046,0.403699673558215
1,250,0,0,0,2,112,726,1953,1797,4590,0.0,0.0,0.0,0.000435729847495,0.024400871459695,0.158169934640523,0.425490196078431,0.391503267973856
1,251,0,0,0,5,104,671,1982,1823,4585,0.0,0.0,0.0,0.001090512540894,0.0226826608506,0.146346782988004,0.432279171210469,0.397600872410033
1,252,0,0,0,6,95,665,1977,1837,4580,0.0,0.0,0.0,0.001310043668122,0.020742358078603,0.145196506550218,0.431659388646288,0.401091703056769
1,253,0,0,0,3,100,677,1934,1861,4575,0.0,0.0,0.0,0.000655737704918,0.021857923497268,0.147978142076503,0.422732240437158,0.406775956284153
1,254,0,0,0,2,103,703,1933,1829,4570,0.0,0.0,0.0,0.000437636761488,0.02253829321663,0.15382932166302,0.422975929978118,0.400218818380744
1,255,0,0,0,9,96,664,1922,1874,4565,0.0,0.0,0.0,0.00197152245345,0.021029572836802,0.145454545454545,0.421029572836802,0.410514786418401
1,256,0,0,0,4,99,692,1979,1786,4560,0.0,0.0,0.0,0.000877192982456,0.021710526315789,0.151754385964912,0.433991228070175,0.391666666666667
1,257,0,0,0,5,95,709,1945,1801,4555,0.0,0.0,0.0,0.001097694840834,0.020856201975851,0.155653128430296,0.427003293084523,0.395389681668496
1,258,0,0,1,5,110,662,1918,1854,4550,0.0,0.0,0.00021978021978,0.001098901098901,0.024175824175824,0.145494505494505,0.421538461538462,0.407472527472527
1,259,0,0,0,5,96,674,1934,1836,4545,0.0,0.0,0.0,0.001100110011001,0.021122112211221,0.148294829482948,0.425522552255226,0.403960396039604
1,260,0,0,0,6,103,702,1897,1832,4540,0.0,0.0,0.0,0.001321585903084,0.022687224669604,0.154625550660793,0.41784140969163,0.40352422907489
1,261,0,0,0,8,107,697,1907,1816,4535,0.0,0.0,0.0,0.001764057331863,0.023594266813671,0.153693495038589,0.420507166482911,0.400441014332966
1,262,0,0,0,6,95,695,1905,1829,4530,0.0,0.0,0.0,0.001324503311258,0.020971302428256,0.153421633554084,0.420529801324503,0.403752759381898
1,263,0,0,0,6,124,671,1885,1839,4525,0.0,0.0,0.0,0.001325966850829,0.027403314917127,0.14828729281768,0.416574585635359,0.406408839779006
1,264,0,0,1,5,93,686,1915,1820,4520,0.0,0.0,0.000221238938053,0.001106194690265,0.020575221238938,0.151769911504425,0.423672566371681,0.402654867256637
1,265,0,0,0,4,106,676,1910,1819,4515,0.0,0.0,0.0,0.000885935769657,0.023477297895903,0.149723145071982,0.423034330011074,0.402879291251384
1,266,0,0,0,6,109,667,1912,1816,4510,0.0,0.0,0.0,0.001330376940133,0.024168514412417,0.147893569844789,0.423946784922395,0.402660753880266
1,267,0,0,0,3,87,715,1895,1805,4505,0.0,0.0,0.0,0.000665926748058,0.019311875693674,0.158712541620422,0.420643729189789,0.400665926748058
1,268,0,0,1,7,104,664,1949,1775,4500,0.0,0.0,0.000222222222222,0.001555555555556,0.023111111111111,0.147555555555556,0.433111111111111,0.394444444444444
1,269,0,0,1,6,113,698,1881,1796,4495,0.0,0.0,0.000222469410456,0.001334816462736,0.025139043381535,0.155283648498331,0.418464961067853,0.399555061179088
1,270,0,0,0,6,99,685,1880,1820,4490,0.0,0.0,0.0,0.001336302895323,0.022048997772829,0.152561247216036,0.418708240534521,0.405345211581292
1,271,0,0,0,9,107,716,1848,1805,4485,0.0,0.0,0.0,0.002006688963211,0.023857302118172,0.159643255295429,0.412040133779264,0.402452619843924
1,272,0,0,0,5,114,724,1879,1758,4480,0.0,0.0,0.0,0.001116071428571,0.025446428571429,0.161607142857143,0.419419642857143,0.392410714285714
1,273,0,0,1,4,102,660,1925,1783,4475,0.0,0.0,0.000223463687151,0.000893854748603,0.022793296089385,0.147486033519553,0.430167597765363,0.398435754189944
1,274,0,0,0,2,106,716,1874,1772,4470,0.0,0.0,0.0,0.000447427293065,0.023713646532438,0.160178970917226,0.41923937360179,0.396420581655481
1,275,0,0,0,4,104,650,1917,1790,4465,0.0,0.0,0.0,0.000895856662934,0.023292273236282,0.145576707726764,0.429339305711086,0.400895856662934
1,276,0,0,1,6,100,656,1954,1743,4460,0.0,0.0,0.000224215246637,0.001345291479821,0.022421524663677,0.147085201793722,0.438116591928251,0.390807174887892
1,277,0,0,0,6,111,665,1846,1827,4455,0.0,0.0,0.0,0.001346801346801,0.024915824915825,0.149270482603816,0.414365881032548,0.41010101010101
1,278,0,0,1,1,96,695,1870,1787,4450,0.0,0.0,0.000224719101124,0.000224719101124,0.021573033707865,0.156179775280899,0.420224719101124,0.401573033707865
1,279,0,0,0,6,120,638,1881,1800,4445,0.0,0.0,0.0,0.001349831271091,0.026996625421822,0.143532058492688,0.423172103487064,0.404949381327334
1,280,0,0,0,4,96,694,1899,1747,4440,0.0,0.0,0.0,0.000900900900901,0.021621621621622,0.156306306306306,0.427702702702703,0.393468468468468
1,281,0,0,0,7,108,616,1909,1795,4435,0.0,0.0,0.0,0.001578354002255,0.02435174746336,0.138895152198422,0.4304396843292,0.404735062006764
1,282,0,0,0,5,83,660,1912,1770,4430,0.0,0.0,0.0,0.001128668171558,0.018735891647856,0.148984198645598,0.431602708803612,0.399548532731377
1,283,0,0,0,5,82,674,1898,1766,4425,0.0,0.0,0.0,0.001129943502825,0.018531073446328,0.152316384180791,0.428926553672316,0.39909604519774
1,284,0,0,0,8,97,666,1909,1740,4420,0.0,0.0,0.0,0.001809954751131,0.021945701357466,0.150678733031674,0.431900452488688,0.393665158371041
1,285,0,0,0,6,109,600,1886,1814,4415,0.0,0.0,0.0,0.001359003397508,0.024688561721404,0.135900339750849,0.42718006795017,0.410872027180068
1,286,0,0,1,4,118,666,1850,1771,4410,0.0,0.0,0.000226757369615,0.000907029478458,0.026757369614512,0.151020408163265,0.419501133786848,0.401587301587302
1,287,0,0,0,3,99,637,1934,1732,4405,0.0,0.0,0.0,0.000681044267877,0.022474460839955,0.14460839954597,0.439046538024972,0.393189557321226
1,288,0,0,0,5,128,632,1911,1724,4400,0.0,0.0,0.0,0.001136363636364,0.029090909090909,0.143636363636364,0.434318181818182,0.391818181818182
1,289,0,0,0,3,88,661,1823,1820,4395,0.0,0.0,0.0,0.000682593856655,0.020022753128555,0.150398179749716,0.414789533560865,0.414106939704209
1,290,0,0,0,11,99,663,1841,1776,4390,0.0,0.0,0.0,0.00250569476082,0.02255125284738,0.151025056947608,0.419362186788155,0.404555808656036
1,291,0,0,0,4,100,692,1864,1725,4385,0.0,0.0,0.0,0.000912200684151,0.022805017103763,0.157810718358039,0.425085518814139,0.393386545039909
1,292,0,0,0,9,95,640,1889,1747,4380,0.0,0.0,0.0,0.002054794520548,0.021689497716895,0.146118721461187,0.431278538812785,0.398858447488584
1,293,0,0,0,7,89,667,1878,1734,4375,0.0,0.0,0.0,0.0016,0.020342857142857,0.152457142857143,0.429257142857143,0.396342857142857
1,294,0,0,0,5,88,665,1878,1734,4370,0.0,0.0,0.0,0.001144164759725,0.020137299771167,0.152173913043478,0.42974828375286,0.396796338672769
1,295,0,0,0,5,91,635,1911,1723,4365,0.0,0.0,0.0,0.001145475372279,0.020847651775487,0.145475372279496,0.437800687285223,0.394730813287514
1,296,0,0,0,3,107,687,1847,1716,4360,0.0,0.0,0.0,0.000688073394495,0.02454128440367,0.15756880733945,0.423623853211009,0.393577981651376
1,297,0,0,1,6,96,624,1844,1784,4355,0.0,0.0,0.000229621125144,0.001377726750861,0.022043628013777,0.143283582089552,0.423421354764638,0.409644087256028
1,298,0,0,1,10,88,682,1767,1802,4350,0.0,0.0,0.000229885057471,0.002298850574713,0.020229885057471,0.156781609195402,0.406206896551724,0.414252873563218
1,299,0,0,1,2,84,634,1856,1768,4345,0.0,0.0,0.000230149597238,0.000460299194476,0.019332566168009,0.145914844649022,0.427157652474108,0.406904487917146
1,300,0,0,0,4,102,637,1881,1716,4340,0.0,0.0,0.0,0.000921658986175,0.023502304147465,0.146774193548387,0.433410138248848,0.395391705069124
1,301,0,0,0,5,85,694,1776,1775,4335,0.0,0.0,0.0,0.001153402537486,0.019607843137255,0.160092272202999,0.409688581314879,0.409457900807382
1,302,0,0,0,5,104,623,1900,1698,4330,0.0,0.0,0.0,0.001154734411085,0.024018475750577,0.143879907621247,0.438799076212471,0.392147806004619
1,303,0,0,0,5,91,698,1822,1709,4325,0.0,0.0,0.0,0.001156069364162,0.021040462427746,0.161387283236994,0.421271676300578,0.39514450867052
1,304,0,0,0,7,84,661,1854,1714,4320,0.0,0.0,0.0,0.00162037037037,0.019444444444444,0.153009259259259,0.429166666666667,0.396759259259259
1,305,0,0,0,7,88,621,1863,1736,4315,0.0,0.0,0.0,0.00162224797219,0.020393974507532,0.143916570104287,0.431749710312862,0.402317497103129
1,306,0,0,0,2,105,671,1803,1729,4310,0.0,0.0,0.0,0.00046403712297,0.024361948955916,0.155684454756381,0.418329466357309,0.401160092807425
1,307,0,0,0,4,91,635,1873,1702,4305,0.0,0.0,0.0,0.000929152148664,0.021138211382114,0.147502903600465,0.435075493612079,0.395354239256678
1,308,0,0,0,6,92,660,1808,1734,4300,0.0,0.0,0.0,0.001395348837209,0.021395348837209,0.153488372093023,0.42046511627907,0.403255813953488
1,309,0,0,1,6,112,626,1868,1682,4295,0.0,0.0,0.00023282887078,0.00139697322468,0.026076833527357,0.145750873108265,0.434924330616997,0.391618160651921
1,310,0,0,0,10,80,655,1808,1737,4290,0.0,0.0,0.0,0.002331002331002,0.018648018648019,0.152680652680653,0.421445221445221,0.404895104895105
1,311,0,0,0,12,96,670,1812,1695,4285,0.0,0.0,0.0,0.002800466744457,0.022403733955659,0.156359393232205,0.422870478413069,0.395565927654609
1,312,0,0,0,4,92,595,1859,1730,4280,0.0,0.0,0.0,0.000934579439252,0.021495327102804,0.139018691588785,0.434345794392523,0.404205607476636
1,313,0,0,0,6,85,622,1868,1694,4275,0.0,0.0,0.0,0.00140350877193,0.019883040935673,0.145497076023392,0.436959064327485,0.39625730994152
1,314,0,0,0,9,91,663,1852,1655,4270,0.0,0.0,0.0,0.002107728337237,0.021311475409836,0.155269320843091,0.433723653395785,0.387587822014052
1,315,0,0,0,6,85,668,1838,1668,4265,0.0,0.0,0.0,0.001406799531067,0.019929660023447,0.15662368112544,0.43094958968347,0.391090269636577
1,316,0,0,1,4,109,675,1763,1708,4260,0.0,0.0,0.000234741784038,0.00093896713615,0.025586854460094,0.158450704225352,0.413849765258216,0.40093896713615
1,317,0,0,0,5,109,619,1850,1672,4255,0.0,0.0,0.0,0.00117508813161,0.025616921269095,0.145475910693302,0.434782608695652,0.392949471210341
1,318,0,0,0,8,85,612,1857,1688,4250,0.0,0.0,0.0,0.001882352941176,0.02,0.144,0.436941176470588,0.397176470588235
1,319,0,0,0,8,98,649,1797,1693,4245,0.0,0.0,0.0,0.00188457008245,0.023085983510012,0.152885747938751,0.423321554770318,0.398822143698469
1,320,0,0,0,5,106,615,1811,1703,4240,0.0,0.0,0.0,0.001179245283019,0.025,0.145047169811321,0.427122641509434,0.401650943396226
1,321,0,0,0,7,92,678,1741,1717,4235,0.0,0.0,0.0,0.001652892561983,0.02172373081464,0.160094451003542,0.411097992916175,0.40543093270366
1,322,0,0,1,5,99,629,1823,1673,4230,0.0,0.0,0.000236406619385,0.001182033096927,0.023404255319149,0.148699763593381,0.43096926713948,0.395508274231679
1,323,0,0,1,8,88,607,1847,1674,4225,0.0,0.0,0.000236686390533,0.00189349112426,0.020828402366864,0.143668639053254,0.437159763313609,0.396213017751479
1,324,0,0,0,6,92,633,1786,1703,4220,0.0,0.0,0.0,0.001421800947867,0.021800947867299,0.15,0.423222748815166,0.403554502369668
1,325,0,0,0,8,99,645,1748,1715,4215,0.0,0.0,0.0,0.001897983392645,0.023487544483986,0.153024911032028,0.414709371293001,0.406880189798339
1,326,0,0,0,3,97,624,1772,1714,4210,0.0,0.0,0.0,0.000712589073634,0.023040380047506,0.148218527315914,0.420902612826603,0.407125890736342
1,327,0,0,0,4,96,632,1748,1725,4205,0.0,0.0,0.0,0.000951248513674,0.022829964328181,0.150297265160523,0.415695600475624,0.410225921521998
1,328,0,0,0,8,95,645,1767,1685,4200,0.0,0.0,0.0,0.001904761904762,0.022619047619048,0.153571428571429,0.420714285714286,0.401190476190476
1,329,0,0,0,4,97,616,1742,1736,4195,0.0,0.0,0.0,0.000953516090584,0.023122765196663,0.14684147794994,0.415256257449344,0.413825983313468
1,330,0,0,0,4,96,615,1829,1646,4190,0.0,0.0,0.0,0.000954653937947,0.02291169451074,0.146778042959427,0.436515513126492,0.392840095465394
1,331,0,0,0,7,111,675,1666,1726,4185,0.0,0.0,0.0,0.001672640382318,0.026523297491039,0.161290322580645,0.398088410991637,0.412425328554361
1,332,0,0,0,7,82,658,1826,1607,4180,0.0,0.0,0.0,0.001674641148325,0.019617224880383,0.157416267942584,0.436842105263158,0.38444976076555
1,333,0,0,0,2,95,697,1743,1638,4175,0.0,0.0,0.0,0.000479041916168,0.022754491017964,0.166946107784431,0.41748502994012,0.392335329341317
1,334,0,0,0,6,86,601,1755,1722,4170,0.0,0.0,0.0,0.001438848920863,0.020623501199041,0.144124700239808,0.420863309352518,0.41294964028777
1,335,0,0,0,5,118,642,1733,1667,4165,0.0,0.0,0.0,0.001200480192077,0.028331332533013,0.154141656662665,0.41608643457383,0.400240096038415
1,336,0,0,1,10,107,648,1758,1636,4160,0.0,0.0,0.000240384615385,0.002403846153846,0.025721153846154,0.155769230769231,0.422596153846154,0.393269230769231
1,337,0,0,0,1,98,618,1776,1662,4155,0.0,0.0,0.0,0.000240673886883,0.023586040914561,0.148736462093863,0.427436823104693,0.4
1,338,0,0,1,5,95,620,1746,1683,4150,0.0,0.0,0.000240963855422,0.001204819277108,0.02289156626506,0.149397590361446,0.420722891566265,0.405542168674699
1,339,0,0,0,5,90,617,1726,1707,4145,0.0,0.0,0.0,0.001206272617612,0.021712907117008,0.148854041013269,0.416405307599517,0.411821471652593
1,340,0,0,0,4,98,658,1737,1643,4140,0.0,0.0,0.0,0.000966183574879,0.023671497584541,0.158937198067633,0.419565217391304,0.396859903381643
1,341,0,1,2,8,81,633,1793,1617,4135,0.0,0.000241837968561,0.000483675937122,0.001934703748489,0.019588875453446,0.153083434099154,0.433615477629988,0.391051995163241
1,342,0,0,0,5,101,622,1793,1609,4130,0.0,0.0,0.0,0.001210653753027,0.024455205811138,0.150605326876513,0.434140435835351,0.389588377723971
1,343,0,0,0,4,90,624,1756,1651,4125,0.0,0.0,0.0,0.000969696969697,0.021818181818182,0.151272727272727,0.42569696969697,0.400242424242424
1,344,0,0,0,3,96,630,1755,1636,4120,0.0,0.0,0.0,0.000728155339806,0.023300970873786,0.152912621359223,0.425970873786408,0.397087378640777
1,345,0,0,0,4,101,593,1736,1681,4115,0.0,0.0,0.0,0.00097205346294,0.024544349939247,0.144106925880923,0.42187120291616,0.408505467800729
1,346,0,0,0,6,96,638,1744,1626,4110,0.0,0.0,0.0,0.001459854014599,0.023357664233577,0.155231143552311,0.424330900243309,0.395620437956204
1,347,0,0,0,7,100,614,1750,1634,4105,0.0,0.0,0.0,0.001705237515225,0.02436053593179,0.149573690621194,0.426309378806334,0.398051157125457
1,348,0,0,0,9,87,658,1745,1601,4100,0.0,0.0,0.0,0.00219512195122,0.021219512195122,0.160487804878049,0.425609756097561,0.390487804878049
1,349,0,0,0,12,89,596,1787,1611,4095,0.0,0.0,0.0,0.002930402930403,0.021733821733822,0.145543345543346,0.436385836385836,0.393406593406593
1,350,0,0,0,3,91,610,1752,1634,4090,0.0,0.0,0.0,0.000733496332518,0.022249388753056,0.149144254278729,0.428361858190709,0.399511002444988
1,351,0,0,0,7,91,631,1691,1665,4085,0.0,0.0,0.0,0.00171358629131,0.022276621787026,0.154467564259486,0.413953488372093,0.407588739290086
1,352,0,0,0,4,77,660,1738,1601,4080,0.0,0.0,0.0,0.000980392156863,0.018872549019608,0.161764705882353,0.425980392156863,0.392401960784314
1,353,0,0,0,5,85,630,1751,1604,4075,0.0,0.0,0.0,0.001226993865031,0.020858895705521,0.154601226993865,0.429693251533742,0.393619631901841
1,354,0,0,0,3,96,653,1706,1612,4070,0.0,0.0,0.0,0.000737100737101,0.023587223587224,0.16044226044226,0.419164619164619,0.396068796068796
1,355,0,0,0,2,82,584,1722,1675,4065,0.0,0.0,0.0,0.000492004920049,0.020172201722017,0.143665436654367,0.423616236162362,0.412054120541205
1,356,0,0,0,8,91,611,1747,1603,4060,0.0,0.0,0.0,0.001970443349754,0.022413793103448,0.150492610837438,0.430295566502463,0.394827586206897
1,357,0,0,0,5,107,627,1688,1628,4055,0.0,0.0,0.0,0.001233045622688,0.026387176325524,0.15462392108508,0.416276202219482,0.401479654747226
1,358,0,0,0,5,97,626,1725,1597,4050,0.0,0.0,0.0,0.001234567901235,0.023950617283951,0.154567901234568,0.425925925925926,0.394320987654321
1,359,0,0,2,5,81,607,1777,1573,4045,0.0,0.0,0.000494437577256,0.00123609394314,0.020024721878863,0.150061804697157,0.439307787391842,0.388875154511743
1,360,0,0,0,6,97,642,1692,1603,4040,0.0,0.0,0.0,0.001485148514851,0.024009900990099,0.158910891089109,0.418811881188119,0.396782178217822
1,361,0,0,0,10,88,633,1710,1594,4035,0.0,0.0,0.0,0.002478314745973,0.02180916976456,0.156877323420074,0.423791821561338,0.395043370508055
1,362,0,0,0,4,90,618,1682,1636,4030,0.0,0.0,0.0,0.000992555831266,0.022332506203474,0.153349875930521,0.417369727047146,0.405955334987593
1,363,0,0,0,7,88,623,1682,1625,4025,0.0,0.0,0.0,0.001739130434783,0.021863354037267,0.154782608695652,0.417888198757764,0.403726708074534
1,364,0,0,1,7,88,555,1709,1660,4020,0.0,0.0,0.000248756218905,0.001741293532338,0.021890547263682,0.138059701492537,0.425124378109453,0.412935323383085
1,365,0,0,0,4,86,644,1751,1530,4015,0.0,0.0,0.0,0.000996264009963,0.021419676214197,0.160398505603985,0.436114570361146,0.38107098381071
1,366,0,0,0,3,96,640,1655,1616,4010,0.0,0.0,0.0,0.00074812967581,0.023940149625935,0.159600997506234,0.412718204488778,0.402992518703242
1,367,0,0,0,6,86,603,1680,1630,4005,0.0,0.0,0.0,0.001498127340824,0.02147315855181,0.150561797752809,0.419475655430712,0.406991260923845
1,368,0,0,1,0,92,609,1717,1581,4000,0.0,0.0,0.00025,0.0,0.023,0.15225,0.42925,0.39525
1,369,0,0,0,7,80,625,1699,1584,3995,0.0,0.0,0.0,0.001752190237797,0.020025031289111,0.156445556946183,0.425281602002503,0.396495619524405
1,370,0,0,0,5,87,594,1665,1639,3990,0.0,0.0,0.0,0.00125313283208,0.021804511278195,0.148872180451128,0.417293233082707,0.41077694235589
1,371,0,0,0,4,89,615,1747,1530,3985,0.0,0.0,0.0,0.001003764115433,0.022333751568381,0.154328732747804,0.438393977415307,0.383939774153074
1,372,0,1,0,5,86,614,1731,1543,3980,0.0,0.000251256281407,0.0,0.001256281407035,0.021608040201005,0.15427135678392,0.434924623115578,0.387688442211055
1,373,0,0,1,8,79,619,1707,1561,3975,0.0,0.0,0.000251572327044,0.002012578616352,0.019874213836478,0.155723270440252,0.429433962264151,0.392704402515723
1,374,0,0,0,5,105,577,1675,1608,3970,0.0,0.0,0.0,0.001259445843829,0.026448362720403,0.145340050377834,0.42191435768262,0.405037783375315
1,375,0,0,1,3,114,599,1645,1603,3965,0.0,0.0,0.000252206809584,0.000756620428752,0.02875157629256,0.151071878940731,0.414880201765448,0.404287515762926
1,376,0,0,0,12,66,641,1663,1578,3960,0.0,0.0,0.0,0.003030303030303,0.016666666666667,0.161868686868687,0.419949494949495,0.398484848484848
1,377,0,0,0,3,79,610,1671,1592,3955,0.0,0.0,0.0,0.000758533501896,0.019974715549937,0.154235145385588,0.422503160556258,0.402528445006321
1,378,0,0,0,6,100,627,1678,1539,3950,0.0,0.0,0.0,0.001518987341772,0.025316455696203,0.15873417721519,0.424810126582278,0.389620253164557
1,379,0,0,0,6,90,608,1682,1559,3945,0.0,0.0,0.0,0.001520912547529,0.022813688212928,0.154119138149556,0.426362484157161,0.395183776932826
1,380,0,0,0,7,80,570,1664,1619,3940,0.0,0.0,0.0,0.001776649746193,0.020304568527919,0.144670050761421,0.422335025380711,0.410913705583756
1,381,0,0,0,6,85,601,1692,1551,3935,0.0,0.0,0.0,0.001524777636595,0.021601016518424,0.152731893265565,0.429987293519695,0.39415501905972
1,382,0,0,0,5,96,571,1671,1587,3930,0.0,0.0,0.0,0.001272264631043,0.024427480916031,0.14529262086514,0.425190839694656,0.40381679389313
1,383,0,0,0,5,92,588,1613,1627,3925,0.0,0.0,0.0,0.001273885350318,0.02343949044586,0.149808917197452,0.410955414012739,0.414522292993631
1,384,0,0,0,3,81,580,1705,1551,3920,0.0,0.0,0.0,0.000765306122449,0.020663265306122,0.147959183673469,0.434948979591837,0.395663265306122
1,385,0,0,0,4,89,555,1666,1601,3915,0.0,0.0,0.0,0.001021711366539,0.022733077905492,0.14176245210728,0.425542784163474,0.408939974457216
1,386,0,0,0,4,98,598,1634,1576,3910,0.0,0.0,0.0,0.001023017902813,0.025063938618926,0.152941176470588,0.417902813299233,0.40306905370844
1,387,0,0,0,3,88,570,1722,1522,3905,0.0,0.0,0.0,0.000768245838668,0.022535211267606,0.145966709346991,0.440973111395647,0.389756722151088
1,388,0,0,1,5,84,634,1697,1479,3900,0.0,0.0,0.00025641025641,0.001282051282051,0.021538461538462,0.162564102564103,0.435128205128205,0.379230769230769
1,389,0,0,0,6,94,588,1663,1544,3895,0.0,0.0,0.0,0.001540436456996,0.02413350449294,0.150962772785623,0.426957637997433,0.396405648267009
1,390,0,0,0,11,80,594,1597,1608,3890,0.0,0.0,0.0,0.002827763496144,0.020565552699229,0.152699228791774,0.410539845758355,0.413367609254499
1,391,0,0,0,2,96,607,1654,1526,3885,0.0,0.0,0.0,0.000514800514801,0.024710424710425,0.156241956241956,0.425740025740026,0.392792792792793
1,392,0,0,0,4,90,578,1651,1557,3880,0.0,0.0,0.0,0.001030927835052,0.02319587628866,0.148969072164948,0.425515463917526,0.401288659793814
1,393,0,0,0,7,93,569,1616,1590,3875,0.0,0.0,0.0,0.001806451612903,0.024,0.146838709677419,0.417032258064516,0.410322580645161
1,394,0,0,0,6,72,562,1708,1522,3870,0.0,0.0,0.0,0.001550387596899,0.018604651162791,0.145219638242894,0.441343669250646,0.39328165374677
1,395,0,0,0,3,90,539,1677,1556,3865,0.0,0.0,0.0,0.000776196636481,0.023285899094437,0.139456662354463,0.433893919793014,0.402587322121604
1,396,0,0,0,7,81,569,1630,1573,3860,0.0,0.0,0.0,0.001813471502591,0.020984455958549,0.14740932642487,0.422279792746114,0.407512953367876
1,397,0,0,0,4,82,573,1670,1526,3855,0.0,0.0,0.0,0.001037613488975,0.021271076523995,0.14863813229572,0.433203631647211,0.395849546044099
1,398,0,0,0,5,85,584,1643,1533,3850,0.0,0.0,0.0,0.001298701298701,0.022077922077922,0.151688311688312,0.426753246753247,0.398181818181818
1,399,0,0,2,4,79,574,1602,1584,3845,0.0,0.0,0.000520156046814,0.001040312093628,0.020546163849155,0.149284785435631,0.416644993498049,0.411963589076723
1,400,0,0,0,2,87,592,1621,1538,3840,0.0,0.0,0.0,0.000520833333333,0.02265625,0.154166666666667,0.422135416666667,0.400520833333333
1,401,0,0,0,4,88,541,1650,1552,3835,0.0,0.0,0.0,0.001043024771838,0.022946544980443,0.141069100391134,0.430247718383312,0.404693611473272
1,402,0,0,0,6,95,553,1645,1531,3830,0.0,0.0,0.0,0.001566579634465,0.024804177545692,0.144386422976501,0.429503916449086,0.399738903394256
1,403,0,0,0,10,76,629,1618,1492,3825,0.0,0.0,0.0,0.002614379084967,0.019869281045752,0.164444444444444,0.423006535947712,0.390065359477124
1,404,0,0,0,4,93,585,1611,1527,3820,0.0,0.0,0.0,0.001047120418848,0.02434554973822,0.153141361256545,0.421727748691099,0.399738219895288
1,405,0,0,0,3,93,589,1545,1585,3815,0.0,0.0,0.0,0.000786369593709,0.02437745740498,0.154390563564875,0.404980340760157,0.415465268676278
1,406,0,0,0,2,103,571,1630,1504,3810,0.0,0.0,0.0,0.000524934383202,0.027034120734908,0.149868766404199,0.427821522309711,0.394750656167979
1,407,0,0,0,3,76,600,1673,1453,3805,0.0,0.0,0.0,0.000788436268068,0.019973718791064,0.157687253613666,0.439684625492773,0.381865965834428
1,408,0,0,0,6,89,539,1574,1592,3800,0.0,0.0,0.0,0.001578947368421,0.023421052631579,0.141842105263158,0.414210526315789,0.418947368421053
1,409,0,0,0,7,68,610,1589,1521,3795,0.0,0.0,0.0,0.001844532279315,0.017918313570487,0.160737812911726,0.41870882740448,0.400790513833992
1,410,0,0,0,3,95,565,1591,1536,3790,0.0,0.0,0.0,0.000791556728232,0.025065963060686,0.149076517150396,0.419788918205805,0.405277044854881
1,411,0,0,0,10,85,568,1605,1517,3785,0.0,0.0,0.0,0.002642007926024,0.022457067371202,0.150066050198151,0.424042272126816,0.400792602377807
1,412,0,0,0,5,76,587,1595,1517,3780,0.0,0.0,0.0,0.001322751322751,0.02010582010582,0.155291005291005,0.421957671957672,0.401322751322751
1,413,0,0,0,7,74,579,1631,1484,3775,0.0,0.0,0.0,0.001854304635762,0.019602649006623,0.153377483443709,0.43205298013245,0.393112582781457
1,414,0,0,1,4,86,577,1575,1527,3770,0.0,0.0,0.00026525198939,0.00106100795756,0.022811671087533,0.153050397877984,0.417771883289125,0.405039787798408
1,415,0,0,0,10,86,559,1557,1553,3765,0.0,0.0,0.0,0.00265604249668,0.022841965471448,0.148472775564409,0.413545816733068,0.412483399734396
1,416,0,0,0,4,84,572,1605,1495,3760,0.0,0.0,0.0,0.001063829787234,0.022340425531915,0.152127659574468,0.42686170212766,0.397606382978723
1,417,0,0,0,5,90,582,1604,1474,3755,0.0,0.0,0.0,0.00133155792277,0.023968042609854,0.154993342210386,0.427163781624501,0.39254327563249
1,418,0,0,0,4,76,547,1639,1484,3750,0.0,0.0,0.0,0.001066666666667,0.020266666666667,0.145866666666667,0.437066666666667,0.395733333333333
1,419,0,0,0,4,68,553,1616,1504,3745,0.0,0.0,0.0,0.001068090787717,0.018157543391188,0.147663551401869,0.43150867823765,0.401602136181575
1,420,0,0,0,4,81,573,1651,1431,3740,0.0,0.0,0.0,0.001069518716578,0.021657754010695,0.153208556149733,0.44144385026738,0.382620320855615
1,421,0,0,0,1,93,565,1581,1495,3735,0.0,0.0,0.0,0.000267737617135,0.024899598393574,0.151271753681392,0.423293172690763,0.400267737617135
1,422,0,0,0,5,82,531,1592,1520,3730,0.0,0.0,0.0,0.001340482573727,0.021983914209115,0.142359249329759,0.426809651474531,0.407506702412869
1,423,0,0,0,10,80,539,1568,1528,3725,0.0,0.0,0.0,0.002684563758389,0.021476510067114,0.144697986577181,0.420939597315436,0.410201342281879
1,424,0,0,0,3,73,550,1605,1489,3720,0.0,0.0,0.0,0.000806451612903,0.019623655913978,0.147849462365591,0.431451612903226,0.400268817204301
1,425,0,0,0,8,76,576,1586,1469,3715,0.0,0.0,0.0,0.002153432032301,0.020457604306864,0.155047106325707,0.426917900403768,0.395423956931359
1,426,0,0,0,6,65,546,1589,1504,3710,0.0,0.0,0.0,0.001617250673854,0.017520215633423,0.147169811320755,0.428301886792453,0.405390835579515
1,427,0,0,0,4,89,523,1585,1504,3705,0.0,0.0,0.0,0.001079622132254,0.024021592442645,0.141160593792173,0.427800269905533,0.405937921727395
1,428,0,0,0,5,77,579,1592,1447,3700,0.0,0.0,0.0,0.001351351351351,0.020810810810811,0.156486486486486,0.43027027027027,0.391081081081081
1,429,0,0,0,1,91,563,1591,1449,3695,0.0,0.0,0.0,0.000270635994587,0.024627875507442,0.152368064952639,0.430581867388363,0.392151556156969
1,430,0,0,0,4,92,562,1523,1509,3690,0.0,0.0,0.0,0.001084010840108,0.024932249322493,0.15230352303523,0.412737127371274,0.408943089430894
1,431,0,0,0,7,70,591,1518,1499,3685,0.0,0.0,0.0,0.001899592944369,0.018995929443691,0.160379918588874,0.411940298507463,0.406784260515604
1,432,0,0,0,3,87,566,1574,1450,3680,0.0,0.0,0.0,0.000815217391304,0.023641304347826,0.153804347826087,0.427717391304348,0.394021739130435
1,433,0,0,0,2,93,547,1570,1463,3675,0.0,0.0,0.0,0.000544217687075,0.02530612244898,0.148843537414966,0.427210884353741,0.398095238095238
1,434,0,0,0,3,70,617,1460,1520,3670,0.0,0.0,0.0,0.000817438692098,0.019073569482289,0.168119891008174,0.397820163487738,0.4141689373297
1,435,0,0,0,8,76,552,1542,1487,3665,0.0,0.0,0.0,0.002182810368349,0.020736698499318,0.150613915416098,0.420736698499318,0.405729877216917
1,436,0,0,0,5,91,576,1542,1446,3660,0.0,0.0,0.0,0.001366120218579,0.024863387978142,0.157377049180328,0.421311475409836,0.395081967213115
1,437,0,0,0,6,76,532,1569,1472,3655,0.0,0.0,0.0,0.001641586867305,0.020793433652531,0.145554035567715,0.429274965800274,0.402735978112175
1,438,0,0,0,8,72,536,1574,1460,3650,0.0,0.0,0.0,0.002191780821918,0.01972602739726,0.146849315068493,0.431232876712329,0.4
1,439,0,0,0,8,83,545,1567,1442,3645,0.0,0.0,0.0,0.002194787379973,0.022770919067215,0.149519890260631,0.429903978052126,0.395610425240055
1,440,0,0,0,9,85,578,1562,1406,3640,0.0,0.0,0.0,0.002472527472527,0.023351648351648,0.158791208791209,0.429120879120879,0.386263736263736
1,441,0,0,0,5,70,551,1541,1468,3635,0.0,0.0,0.0,0.001375515818432,0.019257221458047,0.151581843191197,0.423933975240715,0.403851444291609
1,442,0,0,0,5,84,568,1501,1472,3630,0.0,0.0,0.0,0.00137741046832,0.023140495867769,0.156473829201102,0.413498622589532,0.405509641873278
1,443,0,0,0,5,67,541,1534,1478,3625,0.0,0.0,0.0,0.001379310344828,0.01848275862069,0.149241379310345,0.423172413793103,0.407724137931034
1,444,0,0,0,7,84,568,1505,1456,3620,0.0,0.0,0.0,0.001933701657459,0.023204419889503,0.156906077348066,0.415745856353591,0.402209944751381
1,445,0,0,0,4,74,570,1514,1453,3615,0.0,0.0,0.0,0.001106500691563,0.020470262793914,0.157676348547718,0.41881051175657,0.401936376210235
1,446,0,0,0,12,82,534,1474,1508,3610,0.0,0.0,0.0,0.003324099722992,0.022714681440443,0.14792243767313,0.408310249307479,0.417728531855956
1,447,0,0,0,4,82,542,1565,1412,3605,0.0,0.0,0.0,0.001109570041609,0.022746185852982,0.150346740638003,0.434119278779473,0.391678224687933
1,448,0,0,0,2,85,539,1510,1464,3600,0.0,0.0,0.0,0.000555555555556,0.023611111111111,0.149722222222222,0.419444444444444,0.406666666666667
1,449,0,0,0,3,81,505,1559,1447,3595,0.0,0.0,0.0,0.000834492350487,0.022531293463143,0.140472878998609,0.4336578581363,0.40250347705146
1,450,0,0,0,3,76,563,1520,1428,3590,0.0,0.0,0.0,0.0008356545961,0.02116991643454,0.156824512534819,0.423398328690808,0.397771587743733
1,451,0,0,0,7,102,531,1556,1389,3585,0.0,0.0,0.0,0.001952580195258,0.028451882845188,0.148117154811715,0.434030683403068,0.38744769874477
1,452,0,0,0,4,66,562,1504,1444,3580,0.0,0.0,0.0,0.001117318435754,0.018435754189944,0.156983240223464,0.420111731843575,0.403351955307263
1,453,0,0,0,2,66,535,1523,1449,3575,0.0,0.0,0.0,0.000559440559441,0.018461538461538,0.14965034965035,0.426013986013986,0.405314685314685
1,454,0,0,0,10,78,586,1538,1358,3570,0.0,0.0,0.0,0.002801120448179,0.021848739495798,0.164145658263305,0.430812324929972,0.380392156862745
1,455,0,0,0,1,87,569,1515,1393,3565,0.0,0.0,0.0,0.000280504908836,0.024403927068724,0.15960729312763,0.424964936886396,0.390743338008415
1,456,0,0,0,8,95,526,1498,1433,3560,0.0,0.0,0.0,0.002247191011236,0.026685393258427,0.147752808988764,0.420786516853933,0.40252808988764
1,457,0,0,0,3,95,567,1464,1426,3555,0.0,0.0,0.0,0.00084388185654,0.026722925457103,0.159493670886076,0.411814345991561,0.40112517580872
1,458,0,0,0,6,105,547,1455,1437,3550,0.0,0.0,0.0,0.00169014084507,0.029577464788732,0.154084507042254,0.409859154929577,0.404788732394366
1,459,0,0,0,6,83,537,1490,1429,3545,0.0,0.0,0.0,0.001692524682652,0.023413258110014,0.15148095909732,0.420310296191819,0.403102961918195
1,460,0,0,0,3,76,508,1552,1401,3540,0.0,0.0,0.0,0.000847457627119,0.021468926553672,0.143502824858757,0.438418079096045,0.395762711864407
1,461,0,0,1,1,70,510,1506,1447,3535,0.0,0.0,0.0002828854314,0.0002828854314,0.01980198019802,0.144271570014144,0.426025459688826,0.409335219236209
1,462,0,0,0,7,63,560,1515,1385,3530,0.0,0.0,0.0,0.001983002832861,0.017847025495751,0.158640226628895,0.429178470254958,0.392351274787535
1,463,0,0,0,2,83,546,1461,1433,3525,0.0,0.0,0.0,0.000567375886525,0.02354609929078,0.154893617021277,0.414468085106383,0.406524822695035
1,464,0,0,1,3,85,525,1504,1402,3520,0.0,0.0,0.000284090909091,0.000852272727273,0.024147727272727,0.149147727272727,0.427272727272727,0.398295454545455
1,465,0,0,0,6,84,550,1455,1420,3515,0.0,0.0,0.0,0.001706970128023,0.023897581792319,0.15647226173542,0.413940256045519,0.40398293029872
1,466,0,0,0,6,85,517,1489,1413,3510,0.0,0.0,0.0,0.001709401709402,0.024216524216524,0.147293447293447,0.424216524216524,0.402564102564103
1,467,0,0,0,7,73,530,1474,1421,3505,0.0,0.0,0.0,0.001997146932953,0.020827389443652,0.151212553495007,0.420542082738944,0.405420827389444
1,468,0,0,0,7,92,549,1473,1379,3500,0.0,0.0,0.0,0.002,0.026285714285714,0.156857142857143,0.420857142857143,0.394
1,469,0,0,0,5,77,514,1502,1397,3495,0.0,0.0,0.0,0.001430615164521,0.022031473533619,0.147067238912732,0.429756795422031,0.399713876967096
1,470,0,0,0,1,80,538,1471,1400,3490,0.0,0.0,0.0,0.000286532951289,0.022922636103152,0.154154727793696,0.421489971346705,0.401146131805158
1,471,0,0,0,2,80,488,1509,1406,3485,0.0,0.0,0.0,0.000573888091822,0.022955523672884,0.140028694404591,0.43299856527977,0.403443328550933
1,472,0,0,0,9,72,516,1507,1376,3480,0.0,0.0,0.0,0.002586206896552,0.020689655172414,0.148275862068966,0.433045977011494,0.395402298850575
1,473,0,0,0,3,79,529,1533,1331,3475,0.0,0.0,0.0,0.000863309352518,0.02273381294964,0.152230215827338,0.441151079136691,0.383021582733813
1,474,0,0,0,4,66,515,1469,1416,3470,0.0,0.0,0.0,0.001152737752161,0.019020172910663,0.148414985590778,0.423342939481268,0.40806916426513
1,475,0,0,0,4,75,517,1482,1387,3465,0.0,0.0,0.0,0.001154401154401,0.021645021645022,0.149206349206349,0.427705627705628,0.4002886002886
1,476,0,0,0,4,81,553,1459,1363,3460,0.0,0.0,0.0,0.001156069364162,0.023410404624277,0.159826589595376,0.421676300578035,0.39393063583815
1,477,0,0,1,3,77,521,1476,1377,3455,0.0,0.0,0.000289435600579,0.000868306801737,0.022286541244573,0.150795947901592,0.427206946454414,0.398552821997106
1,478,0,0,0,3,70,535,1503,1339,3450,0.0,0.0,0.0,0.000869565217391,0.020289855072464,0.155072463768116,0.435652173913044,0.388115942028986
1,479,0,0,0,4,88,532,1429,1392,3445,0.0,0.0,0.0,0.001161103047896,0.025544267053701,0.154426705370102,0.414804063860668,0.404063860667634
1,480,0,0,0,4,80,516,1439,1401,3440,0.0,0.0,0.0,0.001162790697674,0.023255813953488,0.15,0.418313953488372,0.407267441860465
1,481,0,0,0,5,68,506,1509,1347,3435,0.0,0.0,0.0,0.001455604075691,0.019796215429403,0.147307132459971,0.439301310043668,0.392139737991266
1,482,0,0,0,5,69,516,1477,1363,3430,0.0,0.0,0.0,0.001457725947522,0.020116618075802,0.150437317784257,0.430612244897959,0.397376093294461
1,483,0,0,0,8,74,535,1464,1344,3425,0.0,0.0,0.0,0.002335766423358,0.021605839416058,0.156204379562044,0.427445255474453,0.392408759124088
1,484,0,0,0,5,88,504,1451,1372,3420,0.0,0.0,0.0,0.001461988304094,0.025730994152047,0.147368421052632,0.424269005847953,0.401169590643275
1,485,0,0,0,4,78,535,1400,1398,3415,0.0,0.0,0.0,0.001171303074671,0.022840409956076,0.156661786237189,0.4099560761347,0.409370424597365
1,486,0,0,0,2,82,519,1429,1378,3410,0.0,0.0,0.0,0.00058651026393,0.024046920821114,0.152199413489736,0.419061583577713,0.404105571847507
1,487,0,0,1,3,80,521,1481,1319,3405,0.0,0.0,0.000293685756241,0.000881057268722,0.023494860499266,0.153010279001468,0.434948604992658,0.387371512481645
1,488,0,0,0,5,72,537,1415,1371,3400,0.0,0.0,0.0,0.001470588235294,0.021176470588235,0.157941176470588,0.416176470588235,0.403235294117647
1,489,0,0,0,6,84,513,1423,1369,3395,0.0,0.0,0.0,0.001767304860088,0.024742268041237,0.151104565537555,0.419145802650957,0.403240058910162
1,490,0,0,0,7,74,496,1392,1421,3390,0.0,0.0,0.0,0.002064896755162,0.021828908554572,0.146312684365782,0.410619469026549,0.419174041297935
1,491,0,0,0,7,66,585,1404,1323,3385,0.0,0.0,0.0,0.002067946824225,0.019497784342688,0.172821270310192,0.414771048744461,0.390841949778434
1,492,0,0,0,4,81,550,1402,1343,3380,0.0,0.0,0.0,0.001183431952663,0.02396449704142,0.162721893491124,0.414792899408284,0.397337278106509
1,493,0,0,0,4,84,482,1444,1361,3375,0.0,0.0,0.0,0.001185185185185,0.024888888888889,0.142814814814815,0.427851851851852,0.403259259259259
1,494,0,0,0,4,65,513,1442,1346,3370,0.0,0.0,0.0,0.001186943620178,0.019287833827893,0.152225519287834,0.427893175074184,0.399406528189911
1,495,0,0,0,6,83,500,1430,1346,3365,0.0,0.0,0.0,0.001783060921248,0.024665676077266,0.148588410104012,0.424962852897474,0.4
1,496,0,0,0,5,63,497,1425,1370,3360,0.0,0.0,0.0,0.001488095238095,0.01875,0.147916666666667,0.424107142857143,0.407738095238095
1,497,0,0,0,4,70,509,1459,1313,3355,0.0,0.0,0.0,0.001192250372578,0.020864381520119,0.151713859910581,0.434873323397914,0.391356184798808
1,498,0,0,0,3,79,468,1467,1333,3350,0.0,0.0,0.0,0.00089552238806,0.023582089552239,0.139701492537313,0.437910447761194,0.397910447761194
1,499,0,0,0,5,71,502,1436,1331,3345,0.0,0.0,0.0,0.001494768310912,0.021225710014948,0.150074738415546,0.429297458893871,0.397907324364723
1,500,0,0,0,1,68,470,1410,1391,3340,0.0,0.0,0.0,0.000299401197605,0.020359281437126,0.140718562874251,0.422155688622754,0.416467065868263
1,501,0,0,0,3,60,512,1410,1350,3335,0.0,0.0,0.0,0.000899550224888,0.017991004497751,0.15352323838081,0.422788605697151,0.4047976011994
1,502,0,0,0,6,67,546,1415,1296,3330,0.0,0.0,0.0,0.001801801801802,0.02012012012012,0.163963963963964,0.424924924924925,0.389189189189189
1,503,0,0,0,5,73,540,1372,1335,3325,0.0,0.0,0.0,0.001503759398496,0.021954887218045,0.162406015037594,0.412631578947368,0.401503759398496
1,504,0,0,0,5,66,513,1405,1331,3320,0.0,0.0,0.0,0.001506024096386,0.019879518072289,0.154518072289157,0.423192771084337,0.400903614457831
1,505,0,0,0,5,80,529,1337,1364,3315,0.0,0.0,0.0,0.001508295625943,0.024132730015083,0.159577677224736,0.403318250377074,0.411463046757164
1,506,0,0,0,3,81,503,1387,1336,3310,0.0,0.0,0.0,0.000906344410876,0.024471299093656,0.151963746223565,0.419033232628399,0.403625377643505
1,507,0,0,1,5,77,486,1461,1275,3305,0.0,0.0,0.000302571860817,0.001512859304085,0.023298033282905,0.147049924357035,0.442057488653555,0.385779122541604
1,508,0,0,0,6,82,507,1417,1288,3300,0.0,0.0,0.0,0.001818181818182,0.024848484848485,0.153636363636364,0.429393939393939,0.39030303030303
1,509,0,0,0,4,78,525,1427,1261,3295,0.0,0.0,0.0,0.001213960546282,0.023672230652504,0.159332321699545,0.433080424886191,0.382701062215478
1,510,0,0,0,7,70,511,1375,1327,3290,0.0,0.0,0.0,0.002127659574468,0.021276595744681,0.15531914893617,0.417933130699088,0.403343465045593
1,511,0,0,0,8,66,485,1423,1303,3285,0.0,0.0,0.0,0.002435312024353,0.020091324200913,0.147640791476408,0.433181126331811,0.396651445966514
1,512,0,0,1,5,58,537,1367,1312,3280,0.0,0.0,0.00030487804878,0.001524390243902,0.017682926829268,0.163719512195122,0.416768292682927,0.4
1,513,0,0,0,5,68,476,1411,1315,3275,0.0,0.0,0.0,0.001526717557252,0.020763358778626,0.145343511450382,0.430839694656489,0.401526717557252
1,514,0,0,0,6,73,476,1398,1317,3270,0.0,0.0,0.0,0.001834862385321,0.022324159021407,0.145565749235474,0.427522935779817,0.402752293577982
1,515,0,0,0,1,54,508,1411,1291,3265,0.0,0.0,0.0,0.000306278713629,0.016539050535988,0.155589586523737,0.432159264931087,0.395405819295559
1,516,0,0,0,3,73,508,1328,1348,3260,0.0,0.0,0.0,0.000920245398773,0.02239263803681,0.155828220858896,0.407361963190184,0.413496932515337
1,517,0,0,0,3,82,512,1409,1249,3255,0.0,0.0,0.0,0.000921658986175,0.025192012288786,0.157296466973886,0.432872503840246,0.383717357910906
1,518,0,0,0,5,70,467,1327,1381,3250,0.0,0.0,0.0,0.001538461538462,0.021538461538462,0.143692307692308,0.408307692307692,0.424923076923077
1,519,0,0,0,4,69,484,1392,1296,3245,0.0,0.0,0.0,0.001232665639445,0.021263482280431,0.149152542372881,0.428967642526965,0.399383667180277
1,520,0,0,0,3,71,474,1366,1326,3240,0.0,0.0,0.0,0.000925925925926,0.021913580246914,0.146296296296296,0.421604938271605,0.409259259259259
1,521,0,0,0,3,85,483,1375,1289,3235,0.0,0.0,0.0,0.000927357032457,0.026275115919629,0.149304482225657,0.425038639876352,0.398454404945904
1,522,0,0,0,5,71,460,1356,1338,3230,0.0,0.0,0.0,0.001547987616099,0.021981424148607,0.142414860681115,0.419814241486068,0.414241486068111
1,523,0,0,0,5,67,489,1355,1309,3225,0.0,0.0,0.0,0.001550387596899,0.02077519379845,0.151627906976744,0.42015503875969,0.405891472868217
1,524,0,0,0,7,67,479,1373,1294,3220,0.0,0.0,0.0,0.002173913043478,0.020807453416149,0.148757763975155,0.42639751552795,0.401863354037267
1,525,0,0,0,5,70,516,1359,1265,3215,0.0,0.0,0.0,0.001555209953344,0.021772939346812,0.16049766718507,0.422706065318818,0.393468118195956
1,526,0,0,0,2,55,467,1396,1290,3210,0.0,0.0,0.0,0.000623052959502,0.017133956386293,0.145482866043614,0.434890965732087,0.401869158878505
1,527,0,0,0,1,83,491,1323,1307,3205,0.0,0.0,0.0,0.000312012480499,0.025897035881435,0.153198127925117,0.412792511700468,0.407800312012481
1,528,0,0,0,5,67,487,1351,1290,3200,0.0,0.0,0.0,0.0015625,0.0209375,0.1521875,0.4221875,0.403125
1,529,0,0,0,8,83,504,1300,1300,3195,0.0,0.0,0.0,0.002503912363067,0.025978090766823,0.157746478873239,0.406885758998435,0.406885758998435
1,530,0,0,0,4,76,461,1355,1294,3190,0.0,0.0,0.0,0.001253918495298,0.023824451410658,0.144514106583072,0.424764890282132,0.40564263322884
1,531,0,0,0,3,64,492,1320,1306,3185,0.0,0.0,0.0,0.00094191522763,0.020094191522763,0.15447409733124,0.414442700156986,0.410047095761381
1,532,0,0,0,4,76,475,1387,1238,3180,0.0,0.0,0.0,0.00125786163522,0.023899371069182,0.14937106918239,0.436163522012579,0.389308176100629
1,533,0,0,0,2,72,502,1313,1286,3175,0.0,0.0,0.0,0.000629921259843,0.022677165354331,0.158110236220472,0.413543307086614,0.40503937007874
1,534,0,0,0,1,58,473,1376,1262,3170,0.0,0.0,0.0,0.000315457413249,0.018296529968454,0.149211356466877,0.434069400630915,0.398107255520505
1,535,0,0,0,6,78,461,1317,1303,3165,0.0,0.0,0.0,0.001895734597156,0.024644549763033,0.14565560821485,0.416113744075829,0.411690363349131
1,536,0,0,0,4,82,482,1304,1288,3160,0.0,0.0,0.0,0.00126582278481,0.025949367088608,0.15253164556962,0.412658227848101,0.407594936708861
1,537,0,0,0,6,77,476,1298,1298,3155,0.0,0.0,0.0,0.001901743264659,0.024405705229794,0.150871632329635,0.411410459587956,0.411410459587956
1,538,0,0,0,5,73,512,1311,1249,3150,0.0,0.0,0.0,0.001587301587302,0.023174603174603,0.162539682539683,0.416190476190476,0.396507936507937
1,539,0,0,0,4,75,467,1333,1266,3145,0.0,0.0,0.0,0.00127186009539,0.023847376788553,0.148489666136725,0.423847376788553,0.402543720190779
1,540,0,0,0,5,74,483,1324,1254,3140,0.0,0.0,0.0,0.001592356687898,0.023566878980892,0.153821656050955,0.421656050955414,0.399363057324841
1,541,0,0,0,5,73,523,1272,1262,3135,0.0,0.0,0.0,0.001594896331738,0.023285486443381,0.166826156299841,0.405741626794258,0.402551834130781
1,542,0,0,0,3,76,482,1299,1270,3130,0.0,0.0,0.0,0.000958466453674,0.024281150159744,0.153993610223642,0.415015974440895,0.405750798722045
1,543,0,0,0,3,71,483,1324,1244,3125,0.0,0.0,0.0,0.00096,0.02272,0.15456,0.42368,0.39808
1,544,0,0,1,3,68,510,1256,1282,3120,0.0,0.0,0.000320512820513,0.000961538461538,0.021794871794872,0.163461538461538,0.402564102564103,0.410897435897436
1,545,0,0,0,2,57,494,1343,1219,3115,0.0,0.0,0.0,0.000642054574639,0.018298555377207,0.158587479935795,0.431139646869984,0.391332263242376
1,546,0,0,0,5,81,441,1299,1284,3110,0.0,0.0,0.0,0.001607717041801,0.02604501607717,0.141800643086817,0.417684887459807,0.412861736334405
1,547,0,0,0,2,67,451,1316,1269,3105,0.0,0.0,0.0,0.000644122383253,0.021578099838969,0.14524959742351,0.423832528180354,0.408695652173913
1,548,0,0,0,2,70,433,1328,1267,3100,0.0,0.0,0.0,0.000645161290323,0.02258064516129,0.139677419354839,0.428387096774194,0.408709677419355
1,549,0,0,0,3,73,475,1325,1219,3095,0.0,0.0,0.0,0.000969305331179,0.023586429725363,0.153473344103393,0.4281098546042,0.393861066235864
1,550,0,0,0,5,58,483,1279,1265,3090,0.0,0.0,0.0,0.001618122977346,0.018770226537217,0.15631067961165,0.413915857605178,0.409385113268608
1,551,0,0,0,5,73,443,1329,1235,3085,0.0,0.0,0.0,0.00162074554295,0.023662884927066,0.143598055105348,0.430794165316045,0.40032414910859
1,552,0,0,0,3,83,442,1258,1294,3080,0.0,0.0,0.0,0.000974025974026,0.026948051948052,0.143506493506493,0.408441558441558,0.42012987012987
1,553,0,0,0,6,69,468,1361,1171,3075,0.0,0.0,0.0,0.001951219512195,0.022439024390244,0.15219512195122,0.44260162601626,0.380813008130081
1,554,0,0,0,3,76,483,1302,1206,3070,0.0,0.0,0.0,0.000977198697068,0.024755700325733,0.157328990228013,0.424104234527687,0.392833876221498
1,555,0,0,0,2,75,487,1264,1237,3065,0.0,0.0,0.0,0.000652528548124,0.024469820554649,0.158890701468189,0.412398042414356,0.403588907014682
1,556,0,0,0,4,71,445,1287,1253,3060,0.0,0.0,0.0,0.001307189542484,0.023202614379085,0.145424836601307,0.420588235294118,0.409477124183007
1,557,0,0,0,6,79,468,1263,1239,3055,0.0,0.0,0.0,0.001963993453355,0.025859247135843,0.153191489361702,0.41342062193126,0.40556464811784
1,558,0,0,0,1,67,520,1265,1197,3050,0.0,0.0,0.0,0.000327868852459,0.021967213114754,0.170491803278689,0.414754098360656,0.392459016393443
1,559,0,0,0,6,63,487,1279,1210,3045,0.0,0.0,0.0,0.001970443349754,0.020689655172414,0.159934318555008,0.420032840722496,0.397372742200328
1,560,0,0,0,5,64,478,1318,1175,3040,0.0,0.0,0.0,0.001644736842105,0.021052631578947,0.157236842105263,0.433552631578947,0.386513157894737
1,561,0,0,0,5,75,446,1295,1214,3035,0.0,0.0,0.0,0.00164744645799,0.024711696869852,0.146952224052718,0.42668863261944,0.4
1,562,0,0,0,5,67,431,1286,1241,3030,0.0,0.0,0.0,0.001650165016502,0.022112211221122,0.142244224422442,0.424422442244224,0.40957095709571
1,563,0,0,0,4,66,460,1275,1220,3025,0.0,0.0,0.0,0.001322314049587,0.021818181818182,0.152066115702479,0.421487603305785,0.403305785123967
1,564,0,0,0,2,64,471,1292,1191,3020,0.0,0.0,0.0,0.000662251655629,0.021192052980132,0.155960264900662,0.427814569536424,0.394370860927152
1,565,0,0,0,5,70,495,1219,1226,3015,0.0,0.0,0.0,0.001658374792703,0.023217247097844,0.164179104477612,0.404311774461028,0.406633499170813
1,566,0,0,0,5,58,470,1270,1207,3010,0.0,0.0,0.0,0.001661129568106,0.019269102990033,0.156146179401993,0.421926910299003,0.400996677740864
1,567,0,0,0,3,61,487,1284,1170,3005,0.0,0.0,0.0,0.000998336106489,0.020299500831947,0.162063227953411,0.427287853577371,0.389351081530782
1,568,0,0,0,5,70,473,1264,1188,3000,0.0,0.0,0.0,0.001666666666667,0.023333333333333,0.157666666666667,0.421333333333333,0.396
1,569,0,0,0,7,63,476,1283,1166,2995,0.0,0.0,0.0,0.002337228714524,0.021035058430718,0.158931552587646,0.428380634390651,0.389315525876461
1,570,0,0,0,6,83,442,1246,1213,2990,0.0,0.0,0.0,0.002006688963211,0.027759197324415,0.147826086956522,0.416722408026756,0.405685618729097
1,571,0,0,0,7,57,446,1259,1216,2985,0.0,0.0,0.0,0.002345058626466,0.019095477386935,0.149413735343384,0.42177554438861,0.407370184254606
1,572,0,0,0,6,78,489,1252,1155,2980,0.0,0.0,0.0,0.002013422818792,0.026174496644295,0.164093959731544,0.420134228187919,0.38758389261745
1,573,0,0,0,7,67,437,1326,1138,2975,0.0,0.0,0.0,0.002352941176471,0.022521008403361,0.146890756302521,0.445714285714286,0.382521008403361
1,574,0,0,0,7,65,427,1326,1145,2970,0.0,0.0,0.0,0.002356902356902,0.021885521885522,0.143771043771044,0.446464646464646,0.385521885521886
1,575,0,0,0,3,70,451,1260,1181,2965,0.0,0.0,0.0,0.001011804384486,0.023608768971332,0.152107925801012,0.42495784148398,0.398313659359191
1,576,0,0,0,2,58,470,1264,1166,2960,0.0,0.0,0.0,0.000675675675676,0.019594594594595,0.158783783783784,0.427027027027027,0.393918918918919
1,577,0,0,0,5,53,431,1249,1217,2955,0.0,0.0,0.0,0.001692047377327,0.017935702199662,0.14585448392555,0.422673434856176,0.411844331641286
1,578,0,0,1,7,63,453,1255,1171,2950,0.0,0.0,0.000338983050847,0.002372881355932,0.02135593220339,0.153559322033898,0.425423728813559,0.396949152542373
1,579,0,0,0,2,57,467,1283,1136,2945,0.0,0.0,0.0,0.000679117147708,0.019354838709677,0.158573853989813,0.435653650254669,0.385738539898132
1,580,0,0,0,3,72,440,1277,1148,2940,0.0,0.0,0.0,0.001020408163265,0.024489795918367,0.149659863945578,0.434353741496599,0.39047619047619
1,581,0,0,0,6,61,425,1245,1198,2935,0.0,0.0,0.0,0.002044293015332,0.020783645655877,0.144804088586031,0.424190800681431,0.408177172061329
1,582,0,0,0,4,89,439,1209,1189,2930,0.0,0.0,0.0,0.001365187713311,0.03037542662116,0.149829351535836,0.412627986348123,0.40580204778157
1,583,0,0,0,2,72,439,1198,1214,2925,0.0,0.0,0.0,0.000683760683761,0.024615384615385,0.15008547008547,0.40957264957265,0.415042735042735
1,584,0,0,0,4,57,421,1250,1188,2920,0.0,0.0,0.0,0.001369863013699,0.019520547945205,0.144178082191781,0.428082191780822,0.406849315068493
1,585,0,0,0,4,67,440,1251,1153,2915,0.0,0.0,0.0,0.001372212692967,0.022984562607204,0.150943396226415,0.429159519725557,0.395540308747856
1,586,0,0,0,4,59,448,1210,1189,2910,0.0,0.0,0.0,0.001374570446735,0.020274914089347,0.153951890034364,0.415807560137457,0.408591065292096
1,587,0,0,0,3,71,466,1225,1140,2905,0.0,0.0,0.0,0.001032702237522,0.024440619621343,0.160413080895009,0.421686746987952,0.392426850258176
1,588,0,0,0,5,63,426,1218,1188,2900,0.0,0.0,0.0,0.001724137931034,0.021724137931034,0.146896551724138,0.42,0.409655172413793
1,589,0,0,0,4,61,435,1245,1150,2895,0.0,0.0,0.0,0.001381692573402,0.021070811744387,0.150259067357513,0.430051813471503,0.397236614853195
1,590,0,0,0,6,64,423,1220,1177,2890,0.0,0.0,0.0,0.002076124567474,0.022145328719723,0.14636678200692,0.422145328719723,0.407266435986159
1,591,0,0,0,4,74,450,1239,1118,2885,0.0,0.0,0.0,0.001386481802426,0.025649913344887,0.155979202772964,0.42946273830156,0.387521663778163
1,592,0,0,1,3,55,457,1224,1140,2880,0.0,0.0,0.000347222222222,0.001041666666667,0.019097222222222,0.158680555555556,0.425,0.395833333333333
1,593,0,0,0,4,64,474,1184,1149,2875,0.0,0.0,0.0,0.001391304347826,0.022260869565217,0.164869565217391,0.411826086956522,0.399652173913043
1,594,0,0,0,2,64,430,1242,1132,2870,0.0,0.0,0.0,0.000696864111498,0.022299651567944,0.149825783972125,0.432752613240418,0.394425087108014
1,595,0,0,0,1,68,459,1188,1149,2865,0.0,0.0,0.0,0.000349040139616,0.023734729493892,0.16020942408377,0.414659685863874,0.401047120418848
1,596,0,0,0,3,66,452,1175,1164,2860,0.0,0.0,0.0,0.001048951048951,0.023076923076923,0.158041958041958,0.410839160839161,0.406993006993007
1,597,0,0,0,3,67,392,1236,1157,2855,0.0,0.0,0.0,0.001050788091068,0.023467600700525,0.137302977232925,0.43292469352014,0.405253940455342
1,598,0,0,0,2,62,405,1221,1160,2850,0.0,0.0,0.0,0.000701754385965,0.021754385964912,0.142105263157895,0.428421052631579,0.407017543859649
1,599,0,0,0,5,67,429,1193,1151,2845,0.0,0.0,0.0,0.001757469244288,0.023550087873462,0.15079086115993,0.41933216168717,0.404569420035149
1,600,0,0,0,2,50,416,1223,1149,2840,0.0,0.0,0.0,0.000704225352113,0.017605633802817,0.146478873239437,0.430633802816901,0.404577464788732
1,601,0,0,0,3,57,449,1199,1127,2835,0.0,0.0,0.0,0.001058201058201,0.02010582010582,0.158377425044092,0.422927689594356,0.397530864197531
1,602,0,0,1,6,66,418,1231,1108,2830,0.0,0.0,0.000353356890459,0.002120141342756,0.023321554770318,0.147703180212014,0.434982332155477,0.391519434628975
1,603,0,0,0,7,64,396,1207,1151,2825,0.0,0.0,0.0,0.002477876106195,0.022654867256637,0.140176991150442,0.427256637168142,0.407433628318584
1,604,0,0,0,4,70,473,1134,1139,2820,0.0,0.0,0.0,0.001418439716312,0.024822695035461,0.167730496453901,0.402127659574468,0.403900709219858
1,605,0,0,0,3,64,397,1216,1135,2815,0.0,0.0,0.0,0.001065719360568,0.022735346358792,0.141030195381883,0.431971580817052,0.403197158081705
1,606,0,0,0,7,62,447,1238,1056,2810,0.0,0.0,0.0,0.002491103202847,0.022064056939502,0.159074733096085,0.440569395017794,0.375800711743772
1,607,0,0,0,5,64,436,1177,1123,2805,0.0,0.0,0.0,0.001782531194296,0.022816399286988,0.155436720142602,0.419607843137255,0.400356506238859
1,608,0,0,0,3,66,439,1149,1143,2800,0.0,0.0,0.0,0.001071428571429,0.023571428571429,0.156785714285714,0.410357142857143,0.408214285714286
1,609,0,0,0,2,68,414,1187,1124,2795,0.0,0.0,0.0,0.000715563506261,0.02432915921288,0.148121645796064,0.424686940966011,0.402146690518784
1,610,0,0,0,3,77,411,1171,1128,2790,0.0,0.0,0.0,0.001075268817204,0.027598566308244,0.147311827956989,0.419713261648746,0.404301075268817
1,611,0,0,0,3,58,429,1164,1131,2785,0.0,0.0,0.0,0.001077199281867,0.020825852782765,0.154039497307002,0.417953321364452,0.406104129263914
1,612,0,0,0,4,60,410,1211,1095,2780,0.0,0.0,0.0,0.001438848920863,0.02158273381295,0.147482014388489,0.435611510791367,0.393884892086331
1,613,0,0,1,4,57,430,1225,1058,2775,0.0,0.0,0.00036036036036,0.001441441441441,0.020540540540541,0.154954954954955,0.441441441441441,0.381261261261261
1,614,0,0,0,4,82,435,1110,1139,2770,0.0,0.0,0.0,0.0014440433213,0.029602888086643,0.157039711191336,0.40072202166065,0.411191335740072
1,615,0,0,0,2,64,439,1156,1104,2765,0.0,0.0,0.0,0.000723327305606,0.023146473779385,0.15877034358047,0.418083182640145,0.399276672694394
1,616,0,0,0,4,58,395,1197,1106,2760,0.0,0.0,0.0,0.001449275362319,0.021014492753623,0.143115942028986,0.433695652173913,0.400724637681159
1,617,0,0,0,3,59,423,1184,1086,2755,0.0,0.0,0.0,0.001088929219601,0.021415607985481,0.153539019963702,0.429764065335753,0.394192377495463
1,618,0,0,0,0,70,467,1140,1073,2750,0.0,0.0,0.0,0.0,0.025454545454545,0.169818181818182,0.414545454545455,0.390181818181818
1,619,0,0,0,4,58,399,1168,1116,2745,0.0,0.0,0.0,0.001457194899818,0.021129326047359,0.145355191256831,0.425500910746812,0.40655737704918
1,620,0,0,0,0,66,413,1158,1103,2740,0.0,0.0,0.0,0.0,0.024087591240876,0.150729927007299,0.422627737226277,0.402554744525547
1,621,0,0,0,7,67,401,1110,1150,2735,0.0,0.0,0.0,0.002559414990859,0.024497257769653,0.146617915904936,0.405850091407678,0.420475319926874
1,622,0,0,0,6,60,380,1155,1129,2730,0.0,0.0,0.0,0.002197802197802,0.021978021978022,0.139194139194139,0.423076923076923,0.413553113553114
1,623,0,0,0,1,77,420,1162,1065,2725,0.0,0.0,0.0,0.000366972477064,0.028256880733945,0.154128440366972,0.426422018348624,0.390825688073395
1,624,0,0,0,4,57,422,1141,1096,2720,0.0,0.0,0.0,0.001470588235294,0.020955882352941,0.155147058823529,0.419485294117647,0.402941176470588
1,625,0,0,0,6,52,431,1106,1120,2715,0.0,0.0,0.0,0.002209944751381,0.019152854511971,0.158747697974217,0.407366482504604,0.412523020257827
1,626,0,0,1,2,61,374,1145,1127,2710,0.0,0.0,0.000369003690037,0.000738007380074,0.022509225092251,0.138007380073801,0.422509225092251,0.415867158671587
1,627,0,0,1,2,64,413,1187,1038,2705,0.0,0.0,0.000369685767098,0.000739371534196,0.02365988909427,0.15268022181146,0.438817005545287,0.383733826247689
1,628,0,0,0,5,62,425,1116,1092,2700,0.0,0.0,0.0,0.001851851851852,0.022962962962963,0.157407407407407,0.413333333333333,0.404444444444444
1,629,0,0,0,4,68,437,1125,1061,2695,0.0,0.0,0.0,0.001484230055659,0.025231910946197,0.162152133580705,0.417439703153989,0.393692022263451
1,630,0,0,0,2,60,432,1166,1030,2690,0.0,0.0,0.0,0.000743494423792,0.022304832713755,0.160594795539033,0.433457249070632,0.382899628252788
1,631,0,0,0,5,50,396,1173,1061,2685,0.0,0.0,0.0,0.001862197392924,0.018621973929237,0.147486033519553,0.436871508379888,0.395158286778399
1,632,0,0,0,2,51,402,1121,1104,2680,0.0,0.0,0.0,0.000746268656716,0.019029850746269,0.15,0.418283582089552,0.411940298507463
1,633,0,0,0,2,47,403,1166,1057,2675,0.0,0.0,0.0,0.000747663551402,0.017570093457944,0.150654205607477,0.43588785046729,0.395140186915888
1,634,0,0,0,4,61,375,1121,1109,2670,0.0,0.0,0.0,0.001498127340824,0.022846441947566,0.140449438202247,0.419850187265918,0.415355805243446
1,635,0,0,0,2,68,393,1148,1054,2665,0.0,0.0,0.0,0.000750469043152,0.025515947467167,0.147467166979362,0.430769230769231,0.395497185741088
1,636,0,0,0,2,66,385,1106,1101,2660,0.0,0.0,0.0,0.000751879699248,0.024812030075188,0.144736842105263,0.415789473684211,0.41390977443609
1,637,0,0,1,2,62,404,1093,1093,2655,0.0,0.0,0.000376647834275,0.00075329566855,0.023352165725047,0.152165725047081,0.411676082862524,0.411676082862524
1,638,0,0,1,7,61,398,1166,1017,2650,0.0,0.0,0.000377358490566,0.002641509433962,0.023018867924528,0.150188679245283,0.44,0.38377358490566
1,639,0,0,0,4,78,386,1126,1051,2645,0.0,0.0,0.0,0.001512287334594,0.029489603024575,0.14593572778828,0.425708884688091,0.397353497164461
1,640,0,0,0,3,53,355,1141,1088,2640,0.0,0.0,0.0,0.001136363636364,0.020075757575758,0.134469696969697,0.43219696969697,0.412121212121212
1,641,0,0,0,4,59,426,1087,1059,2635,0.0,0.0,0.0,0.001518026565465,0.022390891840607,0.161669829222011,0.412523719165085,0.401897533206831
1,642,0,0,0,3,52,398,1135,1042,2630,0.0,0.0,0.0,0.001140684410646,0.019771863117871,0.151330798479087,0.431558935361217,0.396197718631179
1,643,0,0,0,6,72,412,1123,1012,2625,0.0,0.0,0.0,0.002285714285714,0.027428571428571,0.156952380952381,0.427809523809524,0.38552380952381
1,644,0,0,0,6,68,386,1096,1064,2620,0.0,0.0,0.0,0.002290076335878,0.025954198473282,0.147328244274809,0.418320610687023,0.406106870229008
1,645,0,0,0,10,60,392,1102,1051,2615,0.0,0.0,0.0,0.003824091778203,0.022944550669216,0.149904397705545,0.421414913957935,0.401912045889101
1,646,0,0,0,8,74,422,1049,1057,2610,0.0,0.0,0.0,0.003065134099617,0.028352490421456,0.161685823754789,0.401915708812261,0.404980842911877
1,647,0,0,0,4,44,383,1116,1058,2605,0.0,0.0,0.0,0.001535508637236,0.016890595009597,0.147024952015355,0.428406909788868,0.406142034548944
1,648,0,0,0,3,54,367,1090,1086,2600,0.0,0.0,0.0,0.001153846153846,0.020769230769231,0.141153846153846,0.419230769230769,0.417692307692308
1,649,0,0,0,3,65,401,1091,1035,2595,0.0,0.0,0.0,0.001156069364162,0.02504816955684,0.154527938342967,0.420423892100193,0.398843930635838
1,650,0,0,0,5,45,393,1092,1055,2590,0.0,0.0,0.0,0.001930501930502,0.017374517374517,0.151737451737452,0.421621621621622,0.407335907335907
1,651,0,0,0,2,63,397,1064,1059,2585,0.0,0.0,0.0,0.000773694390716,0.024371373307544,0.15357833655706,0.411605415860735,0.409671179883946
1,652,0,0,0,2,51,371,1083,1073,2580,0.0,0.0,0.0,0.00077519379845,0.019767441860465,0.143798449612403,0.419767441860465,0.415891472868217
1,653,0,0,0,2,62,397,1081,1033,2575,0.0,0.0,0.0,0.000776699029126,0.024077669902913,0.154174757281553,0.419805825242718,0.401165048543689
1,654,0,0,0,3,70,398,1101,998,2570,0.0,0.0,0.0,0.001167315175097,0.027237354085603,0.154863813229572,0.4284046692607,0.388326848249027
1,655,0,0,0,6,64,375,1086,1034,2565,0.0,0.0,0.0,0.00233918128655,0.02495126705653,0.146198830409357,0.423391812865497,0.403118908382066
1,656,0,0,1,6,60,368,1110,1015,2560,0.0,0.0,0.000390625,0.00234375,0.0234375,0.14375,0.43359375,0.396484375
1,657,0,0,0,4,60,393,1066,1032,2555,0.0,0.0,0.0,0.001565557729941,0.023483365949119,0.153816046966732,0.417221135029354,0.403913894324853
1,658,0,0,0,1,54,377,1102,1016,2550,0.0,0.0,0.0,0.000392156862745,0.021176470588235,0.147843137254902,0.432156862745098,0.39843137254902
1,659,0,0,0,2,54,371,1131,987,2545,0.0,0.0,0.0,0.000785854616896,0.021218074656189,0.145776031434185,0.444400785854617,0.387819253438114
1,660,0,0,0,3,63,402,1080,992,2540,0.0,0.0,0.0,0.001181102362205,0.024803149606299,0.158267716535433,0.425196850393701,0.390551181102362
1,661,0,0,0,3,62,399,1055,1016,2535,0.0,0.0,0.0,0.001183431952663,0.024457593688363,0.157396449704142,0.416173570019724,0.400788954635108
1,662,0,0,0,5,71,413,1029,1012,2530,0.0,0.0,0.0,0.00197628458498,0.028063241106719,0.163241106719368,0.406719367588933,0.4
1,663,0,0,0,3,67,368,1069,1018,2525,0.0,0.0,0.0,0.001188118811881,0.026534653465347,0.145742574257426,0.423366336633663,0.403168316831683
1,664,0,0,0,5,58,372,1080,1005,2520,0.0,0.0,0.0,0.001984126984127,0.023015873015873,0.147619047619048,0.428571428571429,0.398809523809524
1,665,0,0,0,2,57,393,991,1072,2515,0.0,0.0,0.0,0.000795228628231,0.022664015904573,0.156262425447316,0.39403578528827,0.42624254473161
1,666,0,0,0,1,51,354,1075,1029,2510,0.0,0.0,0.0,0.000398406374502,0.020318725099602,0.141035856573705,0.428286852589641,0.40996015936255
1,667,0,0,0,4,52,373,1064,1012,2505,0.0,0.0,0.0,0.001596806387226,0.020758483033932,0.148902195608782,0.424750499001996,0.403992015968064
1,668,0,0,0,3,48,377,1092,980,2500,0.0,0.0,0.0,0.0012,0.0192,0.1508,0.4368,0.392
1,669,0,0,0,3,66,392,1106,928,2495,0.0,0.0,0.0,0.001202404809619,0.026452905811623,0.157114228456914,0.443286573146293,0.371943887775551
1,670,0,0,0,4,54,374,1031,1027,2490,0.0,0.0,0.0,0.001606425702811,0.021686746987952,0.150200803212851,0.414056224899598,0.412449799196787
1,671,0,0,0,3,45,365,1047,1025,2485,0.0,0.0,0.0,0.001207243460765,0.018108651911469,0.146881287726358,0.421327967806841,0.412474849094567
1,672,0,0,0,2,53,371,1075,979,2480,0.0,0.0,0.0,0.000806451612903,0.021370967741935,0.149596774193548,0.433467741935484,0.394758064516129
1,673,0,0,0,0,67,391,1040,977,2475,0.0,0.0,0.0,0.0,0.027070707070707,0.157979797979798,0.42020202020202,0.394747474747475
1,674,0,0,0,1,43,390,1040,996,2470,0.0,0.0,0.0,0.000404858299595,0.017408906882591,0.157894736842105,0.421052631578947,0.403238866396761
1,675,0,0,0,4,53,369,1079,960,2465,0.0,0.0,0.0,0.001622718052738,0.021501014198783,0.149695740365112,0.437728194726166,0.389452332657201
1,676,0,0,0,6,54,389,1051,960,2460,0.0,0.0,0.0,0.002439024390244,0.021951219512195,0.158130081300813,0.427235772357724,0.390243902439024
1,677,0,0,0,2,55,389,1026,983,2455,0.0,0.0,0.0,0.00081466395112,0.022403258655804,0.158452138492872,0.417922606924644,0.40040733197556
1,678,0,0,0,2,60,351,1013,1024,2450,0.0,0.0,0.0,0.000816326530612,0.024489795918367,0.143265306122449,0.413469387755102,0.417959183673469
1,679,0,0,0,4,63,374,1024,980,2445,0.0,0.0,0.0,0.001635991820041,0.025766871165644,0.152965235173824,0.41881390593047,0.40081799591002
1,680,0,0,0,4,59,351,1047,979,2440,0.0,0.0,0.0,0.001639344262295,0.024180327868852,0.143852459016393,0.429098360655738,0.401229508196721
1,681,0,0,0,1,44,371,1064,955,2435,0.0,0.0,0.0,0.00041067761807,0.018069815195072,0.152361396303901,0.436960985626283,0.392197125256673
1,682,0,0,0,2,56,355,1048,969,2430,0.0,0.0,0.0,0.00082304526749,0.023045267489712,0.146090534979424,0.431275720164609,0.398765432098765
1,683,0,0,0,3,48,366,1017,991,2425,0.0,0.0,0.0,0.001237113402062,0.01979381443299,0.150927835051546,0.419381443298969,0.408659793814433
1,684,0,0,0,1,69,318,1015,1017,2420,0.0,0.0,0.0,0.000413223140496,0.028512396694215,0.131404958677686,0.419421487603306,0.420247933884298
1,685,0,0,0,2,47,341,1053,972,2415,0.0,0.0,0.0,0.000828157349896,0.019461697722567,0.14120082815735,0.436024844720497,0.402484472049689
1,686,0,0,0,4,56,373,1029,948,2410,0.0,0.0,0.0,0.001659751037344,0.023236514522822,0.154771784232365,0.426970954356846,0.393360995850622
1,687,0,0,0,3,59,381,982,980,2405,0.0,0.0,0.0,0.001247401247401,0.024532224532225,0.158419958419958,0.408316008316008,0.407484407484408
1,688,0,0,0,3,47,386,1016,948,2400,0.0,0.0,0.0,0.00125,0.019583333333333,0.160833333333333,0.423333333333333,0.395
1,689,0,0,0,1,42,359,1032,961,2395,0.0,0.0,0.0,0.000417536534447,0.017536534446764,0.149895615866388,0.430897703549061,0.40125260960334
1,690,0,0,0,1,60,384,1006,939,2390,0.0,0.0,0.0,0.000418410041841,0.02510460251046,0.160669456066946,0.42092050209205,0.392887029288703
1,691,0,0,0,3,43,356,990,993,2385,0.0,0.0,0.0,0.00125786163522,0.018029350104822,0.149266247379455,0.415094339622642,0.416352201257862
1,692,0,0,0,6,52,367,1039,916,2380,0.0,0.0,0.0,0.002521008403361,0.021848739495798,0.154201680672269,0.436554621848739,0.384873949579832
1,693,0,0,0,0,43,362,1029,941,2375,0.0,0.0,0.0,0.0,0.018105263157895,0.152421052631579,0.433263157894737,0.396210526315789
1,694,0,0,0,4,71,345,993,957,2370,0.0,0.0,0.0,0.00168776371308,0.029957805907173,0.145569620253165,0.418987341772152,0.40379746835443
1,695,0,0,0,6,51,397,977,934,2365,0.0,0.0,0.0,0.002536997885835,0.021564482029598,0.167864693446089,0.413107822410148,0.39492600422833
1,696,0,0,0,0,56,350,999,955,2360,0.0,0.0,0.0,0.0,0.023728813559322,0.148305084745763,0.423305084745763,0.404661016949153
1,697,0,0,1,2,61,337,1009,945,2355,0.0,0.0,0.000424628450106,0.000849256900212,0.025902335456476,0.143099787685775,0.428450106157113,0.401273885350318
1,698,0,0,0,2,64,383,985,916,2350,0.0,0.0,0.0,0.000851063829787,0.027234042553191,0.162978723404255,0.419148936170213,0.389787234042553
1,699,0,0,0,2,53,339,978,973,2345,0.0,0.0,0.0,0.000852878464819,0.022601279317697,0.14456289978678,0.417057569296375,0.414925373134328
1,700,0,0,0,4,52,372,994,918,2340,0.0,0.0,0.0,0.001709401709402,0.022222222222222,0.158974358974359,0.424786324786325,0.392307692307692
1,701,0,0,0,2,53,346,1003,931,2335,0.0,0.0,0.0,0.000856531049251,0.022698072805139,0.148179871520343,0.429550321199143,0.398715203426124
1,702,0,0,0,3,42,370,999,916,2330,0.0,0.0,0.0,0.001287553648069,0.018025751072961,0.158798283261803,0.428755364806867,0.3931330472103
1,703,0,0,0,7,61,339,969,949,2325,0.0,0.0,0.0,0.003010752688172,0.026236559139785,0.145806451612903,0.416774193548387,0.408172043010753
1,704,0,0,0,5,50,358,966,941,2320,0.0,0.0,0.0,0.002155172413793,0.021551724137931,0.154310344827586,0.416379310344828,0.405603448275862
1,705,0,0,0,4,67,349,984,911,2315,0.0,0.0,0.0,0.001727861771058,0.028941684665227,0.150755939524838,0.425053995680346,0.393520518358531
1,706,0,0,0,2,60,349,1013,886,2310,0.0,0.0,0.0,0.000865800865801,0.025974025974026,0.151082251082251,0.438528138528139,0.383549783549784
1,707,0,0,0,5,43,375,960,922,2305,0.0,0.0,0.0,0.002169197396963,0.018655097613883,0.162689804772234,0.41648590021692,0.4
1,708,0,0,0,5,46,349,980,920,2300,0.0,0.0,0.0,0.002173913043478,0.02,0.151739130434783,0.426086956521739,0.4
1,709,0,0,0,4,46,350,1039,856,2295,0.0,0.0,0.0,0.001742919389978,0.020043572984749,0.152505446623094,0.452723311546841,0.372984749455338
1,710,0,0,0,1,50,348,958,933,2290,0.0,0.0,0.0,0.000436681222707,0.021834061135371,0.151965065502183,0.418340611353712,0.407423580786026
1,711,0,0,0,1,53,341,952,938,2285,0.0,0.0,0.0,0.000437636761488,0.023194748358862,0.149234135667396,0.416630196936543,0.410503282275711
1,712,0,0,0,3,54,374,941,908,2280,0.0,0.0,0.0,0.001315789473684,0.023684210526316,0.164035087719298,0.412719298245614,0.398245614035088
1,713,0,0,0,1,48,346,992,888,2275,0.0,0.0,0.0,0.00043956043956,0.021098901098901,0.152087912087912,0.436043956043956,0.39032967032967
1,714,0,0,0,5,52,328,986,899,2270,0.0,0.0,0.0,0.002202643171806,0.022907488986784,0.144493392070485,0.434361233480176,0.396035242290749
1,715,0,0,0,5,55,376,946,883,2265,0.0,0.0,0.0,0.002207505518764,0.024282560706402,0.166004415011038,0.41766004415011,0.389845474613687
1,716,0,0,0,2,56,354,962,886,2260,0.0,0.0,0.0,0.000884955752212,0.024778761061947,0.156637168141593,0.425663716814159,0.392035398230088
1,717,0,0,0,4,56,339,986,870,2255,0.0,0.0,0.0,0.001773835920177,0.024833702882483,0.150332594235033,0.437250554323725,0.385809312638581
1,718,0,0,0,1,45,358,957,889,2250,0.0,0.0,0.0,0.000444444444444,0.02,0.159111111111111,0.425333333333333,0.395111111111111
1,719,0,0,0,5,52,349,955,884,2245,0.0,0.0,0.0,0.002227171492205,0.023162583518931,0.155456570155902,0.425389755011136,0.393763919821826
1,720,0,0,0,4,44,339,968,885,2240,0.0,0.0,0.0,0.001785714285714,0.019642857142857,0.151339285714286,0.432142857142857,0.395089285714286
1,721,0,0,0,4,51,350,933,897,2235,0.0,0.0,0.0,0.00178970917226,0.022818791946309,0.156599552572707,0.41744966442953,0.401342281879195
1,722,0,0,0,1,53,323,914,939,2230,0.0,0.0,0.0,0.000448430493274,0.023766816143498,0.144843049327354,0.409865470852018,0.421076233183857
1,723,0,0,0,0,55,382,940,848,2225,0.0,0.0,0.0,0.0,0.024719101123596,0.171685393258427,0.42247191011236,0.381123595505618
1,724,0,0,0,3,51,354,954,858,2220,0.0,0.0,0.0,0.001351351351351,0.022972972972973,0.159459459459459,0.42972972972973,0.386486486486486
1,725,0,0,0,3,49,333,977,853,2215,0.0,0.0,0.0,0.001354401805869,0.022121896162528,0.150338600451467,0.441083521444695,0.38510158013544
1,726,0,0,0,3,50,331,958,868,2210,0.0,0.0,0.0,0.001357466063348,0.02262443438914,0.149773755656109,0.433484162895928,0.392760180995475
1,727,0,0,0,1,46,318,957,883,2205,0.0,0.0,0.0,0.000453514739229,0.020861678004535,0.14421768707483,0.434013605442177,0.400453514739229
1,728,0,0,0,1,38,366,916,879,2200,0.0,0.0,0.0,0.000454545454545,0.017272727272727,0.166363636363636,0.416363636363636,0.399545454545455
1,729,0,0,0,2,44,330,912,907,2195,0.0,0.0,0.0,0.000911161731207,0.02004555808656,0.150341685649203,0.415489749430524,0.413211845102506
1,730,0,0,0,5,52,325,903,905,2190,0.0,0.0,0.0,0.002283105022831,0.023744292237443,0.148401826484018,0.412328767123288,0.41324200913242
1,731,0,0,0,3,46,355,914,867,2185,0.0,0.0,0.0,0.00137299771167,0.021052631578947,0.162471395881007,0.418306636155606,0.396796338672769
1,732,0,0,0,2,35,353,865,925,2180,0.0,0.0,0.0,0.000917431192661,0.01605504587156,0.161926605504587,0.396788990825688,0.424311926605505
1,733,0,0,0,3,43,317,926,886,2175,0.0,0.0,0.0,0.001379310344828,0.019770114942529,0.145747126436782,0.425747126436782,0.40735632183908
1,734,0,0,0,4,43,310,939,874,2170,0.0,0.0,0.0,0.00184331797235,0.019815668202765,0.142857142857143,0.432718894009217,0.402764976958525
1,735,0,0,0,1,55,318,926,865,2165,0.0,0.0,0.0,0.000461893764434,0.02540415704388,0.146882217090069,0.427713625866051,0.399538106235566
1,736,0,0,0,7,46,341,887,879,2160,0.0,0.0,0.0,0.003240740740741,0.021296296296296,0.15787037037037,0.410648148148148,0.406944444444444
1,737,0,0,0,4,58,328,916,849,2155,0.0,0.0,0.0,0.001856148491879,0.026914153132251,0.152204176334107,0.425058004640371,0.393967517401392
1,738,0,0,0,3,33,342,921,851,2150,0.0,0.0,0.0,0.001395348837209,0.015348837209302,0.15906976744186,0.428372093023256,0.395813953488372
1,739,0,0,0,3,46,353,896,847,2145,0.0,0.0,0.0,0.001398601398601,0.021445221445221,0.164568764568765,0.417715617715618,0.394871794871795
1,740,0,0,0,3,44,334,921,838,2140,0.0,0.0,0.0,0.001401869158879,0.020560747663551,0.15607476635514,0.430373831775701,0.391588785046729
1,741,0,0,0,4,42,357,897,835,2135,0.0,0.0,0.0,0.001873536299766,0.019672131147541,0.167213114754098,0.420140515222482,0.391100702576112
1,742,0,0,0,1,50,324,881,874,2130,0.0,0.0,0.0,0.000469483568075,0.023474178403756,0.152112676056338,0.413615023474178,0.410328638497653
1,743,0,0,0,3,48,292,929,853,2125,0.0,0.0,0.0,0.001411764705882,0.022588235294118,0.137411764705882,0.437176470588235,0.401411764705882
1,744,0,0,0,1,51,326,900,842,2120,0.0,0.0,0.0,0.000471698113208,0.024056603773585,0.15377358490566,0.424528301886792,0.397169811320755
1,745,0,0,0,2,41,336,896,840,2115,0.0,0.0,0.0,0.000945626477541,0.019385342789598,0.15886524822695,0.423640661938534,0.397163120567376
1,746,0,0,0,4,64,333,879,830,2110,0.0,0.0,0.0,0.001895734597156,0.030331753554502,0.15781990521327,0.416587677725119,0.393364928909953
1,747,0,0,0,5,45,337,879,839,2105,0.0,0.0,0.0,0.002375296912114,0.021377672209026,0.160095011876485,0.417577197149644,0.398574821852732
1,748,0,0,0,5,48,304,892,851,2100,0.0,0.0,0.0,0.002380952380952,0.022857142857143,0.144761904761905,0.424761904761905,0.405238095238095
1,749,0,0,0,3,64,311,897,820,2095,0.0,0.0,0.0,0.001431980906921,0.03054892601432,0.148448687350835,0.428162291169451,0.391408114558473
1,750,0,0,0,5,55,311,879,840,2090,0.0,0.0,0.0,0.002392344497608,0.026315789473684,0.148803827751196,0.420574162679426,0.401913875598086
1,751,0,0,0,5,39,282,926,833,2085,0.0,0.0,0.0,0.002398081534772,0.018705035971223,0.135251798561151,0.444124700239808,0.399520383693046
1,752,0,0,0,3,43,305,884,845,2080,0.0,0.0,0.0,0.001442307692308,0.020673076923077,0.146634615384615,0.425,0.40625
1,753,0,0,0,3,47,316,893,816,2075,0.0,0.0,0.0,0.00144578313253,0.022650602409639,0.152289156626506,0.430361445783133,0.393253012048193
1,754,0,0,0,3,44,302,888,833,2070,0.0,0.0,0.0,0.001449275362319,0.021256038647343,0.145893719806763,0.428985507246377,0.402415458937198
1,755,0,0,0,3,50,295,878,839,2065,0.0,0.0,0.0,0.001452784503632,0.024213075060533,0.142857142857143,0.425181598062954,0.406295399515739
1,756,0,0,0,3,45,318,880,814,2060,0.0,0.0,0.0,0.001456310679612,0.021844660194175,0.154368932038835,0.427184466019417,0.395145631067961
1,757,0,0,0,2,53,299,857,844,2055,0.0,0.0,0.0,0.000973236009732,0.025790754257908,0.145498783454988,0.417031630170316,0.410705596107056
1,758,0,0,0,2,39,312,875,822,2050,0.0,0.0,0.0,0.000975609756098,0.019024390243902,0.15219512195122,0.426829268292683,0.400975609756098
1,759,0,0,0,2,41,322,804,876,2045,0.0,0.0,0.0,0.000977995110024,0.020048899755501,0.157457212713936,0.393154034229829,0.428361858190709
1,760,0,0,0,3,41,330,890,776,2040,0.0,0.0,0.0,0.001470588235294,0.020098039215686,0.161764705882353,0.436274509803922,0.380392156862745
1,761,0,0,0,0,51,316,868,800,2035,0.0,0.0,0.0,0.0,0.025061425061425,0.155282555282555,0.426535626535627,0.393120393120393
1,762,0,0,0,5,45,299,885,796,2030,0.0,0.0,0.0,0.002463054187192,0.022167487684729,0.147290640394089,0.435960591133005,0.392118226600985
1,763,0,0,0,6,43,314,861,801,2025,0.0,0.0,0.0,0.002962962962963,0.021234567901235,0.155061728395062,0.425185185185185,0.395555555555556
1,764,0,0,0,2,42,331,840,805,2020,0.0,0.0,0.0,0.000990099009901,0.020792079207921,0.163861386138614,0.415841584158416,0.398514851485149
1,765,0,0,0,2,40,321,833,819,2015,0.0,0.0,0.0,0.000992555831266,0.01985111662531,0.159305210918114,0.413399503722084,0.406451612903226
1,766,0,0,0,2,41,313,825,829,2010,0.0,0.0,0.0,0.000995024875622,0.020398009950249,0.155721393034826,0.41044776119403,0.412437810945274
1,767,0,0,0,2,48,314,845,796,2005,0.0,0.0,0.0,0.000997506234414,0.023940149625935,0.156608478802993,0.4214463840399,0.397007481296758
1,768,0,0,0,8,46,324,814,808,2000,0.0,0.0,0.0,0.004,0.023,0.162,0.407,0.404
1,769,0,0,0,2,52,277,824,840,1995,0.0,0.0,0.0,0.001002506265664,0.026065162907268,0.138847117794486,0.413032581453634,0.421052631578947
1,770,0,0,0,0,43,317,808,822,1990,0.0,0.0,0.0,0.0,0.021608040201005,0.15929648241206,0.406030150753769,0.413065326633166
1,771,0,0,0,2,44,292,851,796,1985,0.0,0.0,0.0,0.001007556675063,0.022166246851385,0.147103274559194,0.428715365239295,0.401007556675063
1,772,0,0,0,6,58,325,821,770,1980,0.0,0.0,0.0,0.003030303030303,0.029292929292929,0.164141414141414,0.414646464646465,0.388888888888889
1,773,0,0,0,2,50,299,839,785,1975,0.0,0.0,0.0,0.001012658227848,0.025316455696203,0.151392405063291,0.424810126582278,0.39746835443038
1,774,0,0,0,2,41,314,833,780,1970,0.0,0.0,0.0,0.001015228426396,0.020812182741117,0.159390862944162,0.422842639593909,0.395939086294416
1,775,0,0,0,2,41,284,863,775,1965,0.0,0.0,0.0,0.001017811704835,0.020865139949109,0.144529262086514,0.439185750636132,0.39440203562341
1,776,0,0,0,2,52,298,856,752,1960,0.0,0.0,0.0,0.001020408163265,0.026530612244898,0.152040816326531,0.436734693877551,0.383673469387755
1,777,0,0,0,2,43,299,860,751,1955,0.0,0.0,0.0,0.001023017902813,0.021994884910486,0.152941176470588,0.439897698209719,0.384143222506394
1,778,0,0,0,2,42,307,821,778,1950,0.0,0.0,0.0,0.001025641025641,0.021538461538462,0.157435897435897,0.421025641025641,0.398974358974359
1,779,0,0,0,3,40,288,876,738,1945,0.0,0.0,0.0,0.001542416452442,0.020565552699229,0.148071979434447,0.450385604113111,0.379434447300771
1,780,0,0,0,1,47,294,851,747,1940,0.0,0.0,0.0,0.000515463917526,0.024226804123711,0.151546391752577,0.438659793814433,0.385051546391753
1,781,0,0,0,2,43,295,859,736,1935,0.0,0.0,0.0,0.001033591731266,0.022222222222222,0.152454780361757,0.443927648578811,0.380361757105943
1,782,0,0,0,3,48,331,794,754,1930,0.0,0.0,0.0,0.001554404145078,0.024870466321244,0.171502590673575,0.41139896373057,0.390673575129534
1,783,0,0,0,3,30,277,808,807,1925,0.0,0.0,0.0,0.001558441558442,0.015584415584416,0.143896103896104,0.41974025974026,0.419220779220779
1,784,0,0,0,6,55,289,811,759,1920,0.0,0.0,0.0,0.003125,0.028645833333333,0.150520833333333,0.422395833333333,0.3953125
1,785,0,0,0,3,38,292,796,786,1915,0.0,0.0,0.0,0.001566579634465,0.019843342036554,0.152480417754569,0.415665796344648,0.410443864229765
1,786,0,0,0,2,37,278,824,769,1910,0.0,0.0,0.0,0.001047120418848,0.019371727748691,0.145549738219895,0.431413612565445,0.40261780104712
1,787,0,0,0,3,45,283,846,728,1905,0.0,0.0,0.0,0.001574803149606,0.023622047244094,0.148556430446194,0.444094488188976,0.382152230971129
1,788,0,0,0,3,35,322,754,786,1900,0.0,0.0,0.0,0.001578947368421,0.018421052631579,0.169473684210526,0.396842105263158,0.413684210526316
1,789,0,0,0,1,47,286,812,749,1895,0.0,0.0,0.0,0.000527704485488,0.024802110817942,0.150923482849604,0.428496042216359,0.395250659630607
1,790,0,0,0,2,56,276,776,780,1890,0.0,0.0,0.0,0.001058201058201,0.02962962962963,0.146031746031746,0.410582010582011,0.412698412698413
1,791,0,0,0,4,44,251,814,772,1885,0.0,0.0,0.0,0.002122015915119,0.023342175066313,0.13315649867374,0.43183023872679,0.409549071618037
1,792,0,0,0,3,47,276,774,780,1880,0.0,0.0,0.0,0.001595744680851,0.025,0.146808510638298,0.411702127659574,0.414893617021277
1,793,0,0,0,2,43,293,773,764,1875,0.0,0.0,0.0,0.001066666666667,0.022933333333333,0.156266666666667,0.412266666666667,0.407466666666667
1,794,0,0,0,0,40,297,784,749,1870,0.0,0.0,0.0,0.0,0.021390374331551,0.158823529411765,0.419251336898396,0.400534759358289
1,795,0,0,0,3,48,302,778,734,1865,0.0,0.0,0.0,0.001608579088472,0.02573726541555,0.161930294906166,0.4171581769437,0.393565683646113
1,796,0,0,1,4,43,289,808,715,1860,0.0,0.0,0.000537634408602,0.002150537634409,0.023118279569892,0.155376344086021,0.434408602150538,0.384408602150538
1,797,0,0,0,0,47,245,805,758,1855,0.0,0.0,0.0,0.0,0.02533692722372,0.132075471698113,0.433962264150943,0.408625336927224
1,798,0,0,0,6,46,295,777,726,1850,0.0,0.0,0.0,0.003243243243243,0.024864864864865,0.159459459459459,0.42,0.392432432432432
1,799,0,0,0,3,43,302,746,751,1845,0.0,0.0,0.0,0.001626016260163,0.023306233062331,0.163685636856369,0.404336043360434,0.407046070460705
1,800,0,0,0,4,41,277,779,739,1840,0.0,0.0,0.0,0.002173913043478,0.022282608695652,0.15054347826087,0.423369565217391,0.401630434782609
1,801,0,0,0,4,50,287,762,732,1835,0.0,0.0,0.0,0.002179836512262,0.02724795640327,0.156403269754768,0.415258855585831,0.398910081743869
1,802,0,0,0,1,40,281,805,703,1830,0.0,0.0,0.0,0.000546448087432,0.021857923497268,0.153551912568306,0.439890710382514,0.384153005464481
1,803,0,0,0,1,44,282,784,714,1825,0.0,0.0,0.0,0.000547945205479,0.024109589041096,0.154520547945205,0.42958904109589,0.391232876712329
1,804,0,0,0,3,40,276,755,746,1820,0.0,0.0,0.0,0.001648351648352,0.021978021978022,0.151648351648352,0.414835164835165,0.40989010989011
1,805,0,0,0,1,48,281,769,716,1815,0.0,0.0,0.0,0.000550964187328,0.026446280991736,0.154820936639118,0.423691460055096,0.394490358126722
1,806,0,0,0,5,50,311,731,713,1810,0.0,0.0,0.0,0.002762430939227,0.027624309392265,0.171823204419889,0.403867403314917,0.393922651933702
1,807,0,0,0,4,32,276,771,722,1805,0.0,0.0,0.0,0.002216066481994,0.017728531855956,0.152908587257618,0.427146814404432,0.4
1,808,0,0,0,1,29,276,735,759,1800,0.0,0.0,0.0,0.000555555555556,0.016111111111111,0.153333333333333,0.408333333333333,0.421666666666667
1,809,0,0,1,1,40,276,788,689,1795,0.0,0.0,0.000557103064067,0.000557103064067,0.022284122562674,0.153760445682451,0.43899721448468,0.383844011142061
1,810,0,0,0,1,34,292,763,700,1790,0.0,0.0,0.0,0.000558659217877,0.018994413407821,0.163128491620112,0.426256983240223,0.391061452513966
1,811,0,0,0,1,43,264,772,705,1785,0.0,0.0,0.0,0.000560224089636,0.024089635854342,0.147899159663866,0.43249299719888,0.394957983193277
1,812,0,0,0,2,38,270,747,723,1780,0.0,0.0,0.0,0.001123595505618,0.021348314606742,0.151685393258427,0.419662921348315,0.406179775280899
1,813,0,0,0,4,26,256,783,706,1775,0.0,0.0,0.0,0.002253521126761,0.014647887323944,0.144225352112676,0.44112676056338,0.397746478873239
1,814,0,0,0,4,35,256,732,743,1770,0.0,0.0,0.0,0.00225988700565,0.019774011299435,0.144632768361582,0.413559322033898,0.419774011299435
1,815,0,0,0,6,28,259,752,720,1765,0.0,0.0,0.0,0.003399433427762,0.01586402266289,0.146742209631728,0.426062322946176,0.407932011331445
1,816,0,0,0,2,50,263,766,679,1760,0.0,0.0,0.0,0.001136363636364,0.028409090909091,0.149431818181818,0.435227272727273,0.385795454545455
1,817,0,0,0,1,33,279,751,691,1755,0.0,0.0,0.0,0.000569800569801,0.018803418803419,0.158974358974359,0.427920227920228,0.393732193732194
1,818,0,0,0,3,48,292,724,683,1750,0.0,0.0,0.0,0.001714285714286,0.027428571428571,0.166857142857143,0.413714285714286,0.390285714285714
1,819,0,0,0,5,37,271,753,679,1745,0.0,0.0,0.0,0.002865329512894,0.021203438395415,0.155300859598854,0.431518624641834,0.389111747851003
1,820,0,0,0,4,48,268,728,692,1740,0.0,0.0,0.0,0.002298850574713,0.027586206896552,0.154022988505747,0.418390804597701,0.397701149425287
1,821,0,0,0,2,35,265,721,712,1735,0.0,0.0,0.0,0.001152737752161,0.020172910662824,0.152737752161383,0.415561959654179,0.410374639769452
1,822,0,0,0,1,43,255,767,664,1730,0.0,0.0,0.0,0.000578034682081,0.02485549132948,0.147398843930636,0.443352601156069,0.383815028901734
1,823,0,0,0,3,30,287,709,696,1725,0.0,0.0,0.0,0.001739130434783,0.017391304347826,0.166376811594203,0.411014492753623,0.403478260869565
1,824,0,0,0,3,28,260,764,665,1720,0.0,0.0,0.0,0.001744186046512,0.016279069767442,0.151162790697674,0.444186046511628,0.386627906976744
1,825,0,0,0,2,41,257,732,683,1715,0.0,0.0,0.0,0.001166180758017,0.023906705539359,0.149854227405248,0.426822157434402,0.398250728862974
1,826,0,0,0,4,42,293,738,633,1710,0.0,0.0,0.0,0.00233918128655,0.024561403508772,0.171345029239766,0.431578947368421,0.370175438596491
1,827,0,0,0,3,46,220,744,692,1705,0.0,0.0,0.0,0.001759530791789,0.026979472140762,0.129032258064516,0.436363636363636,0.405865102639296
1,828,0,0,0,3,26,251,725,695,1700,0.0,0.0,0.0,0.001764705882353,0.015294117647059,0.147647058823529,0.426470588235294,0.408823529411765
1,829,0,0,0,0,39,244,710,702,1695,0.0,0.0,0.0,0.0,0.023008849557522,0.143952802359882,0.418879056047198,0.414159292035398
1,830,0,0,0,2,32,257,738,661,1690,0.0,0.0,0.0,0.001183431952663,0.018934911242604,0.15207100591716,0.436686390532544,0.39112426035503
1,831,0,0,0,2,42,274,741,626,1685,0.0,0.0,0.0,0.001186943620178,0.024925816023739,0.162611275964392,0.439762611275964,0.371513353115727
1,832,0,0,0,2,44,249,724,661,1680,0.0,0.0,0.0,0.001190476190476,0.026190476190476,0.148214285714286,0.430952380952381,0.393452380952381
1,833,0,0,0,2,38,254,712,669,1675,0.0,0.0,0.0,0.001194029850746,0.022686567164179,0.151641791044776,0.425074626865672,0.399402985074627
1,834,0,0,0,1,34,267,705,663,1670,0.0,0.0,0.0,0.00059880239521,0.020359281437126,0.159880239520958,0.422155688622754,0.397005988023952
1,835,0,0,0,2,40,270,717,636,1665,0.0,0.0,0.0,0.001201201201201,0.024024024024024,0.162162162162162,0.430630630630631,0.381981981981982
1,836,0,0,0,2,35,258,700,665,1660,0.0,0.0,0.0,0.001204819277108,0.021084337349398,0.155421686746988,0.421686746987952,0.400602409638554
1,837,0,0,0,2,39,239,715,660,1655,0.0,0.0,0.0,0.001208459214502,0.023564954682779,0.144410876132931,0.43202416918429,0.398791540785498
1,838,0,0,0,2,39,246,672,691,1650,0.0,0.0,0.0,0.001212121212121,0.023636363636364,0.149090909090909,0.407272727272727,0.418787878787879
1,839,0,0,0,1,35,244,720,645,1645,0.0,0.0,0.0,0.000607902735562,0.021276595744681,0.148328267477204,0.437689969604863,0.39209726443769
1,840,0,0,0,3,47,250,695,645,1640,0.0,0.0,0.0,0.001829268292683,0.028658536585366,0.152439024390244,0.423780487804878,0.393292682926829
1,841,0,0,0,2,40,271,658,664,1635,0.0,0.0,0.0,0.001223241590214,0.024464831804281,0.165749235474006,0.402446483180428,0.40611620795107
1,842,0,0,0,3,35,281,695,616,1630,0.0,0.0,0.0,0.001840490797546,0.021472392638037,0.17239263803681,0.426380368098159,0.377914110429448
1,843,0,0,0,1,31,249,694,650,1625,0.0,0.0,0.0,0.000615384615385,0.019076923076923,0.153230769230769,0.427076923076923,0.4
1,844,0,0,0,2,32,251,710,625,1620,0.0,0.0,0.0,0.001234567901235,0.019753086419753,0.154938271604938,0.438271604938272,0.385802469135802
1,845,0,0,0,1,26,224,700,664,1615,0.0,0.0,0.0,0.00061919504644,0.01609907120743,0.138699690402477,0.43343653250774,0.411145510835913
1,846,0,0,0,0,39,254,668,649,1610,0.0,0.0,0.0,0.0,0.024223602484472,0.15776397515528,0.414906832298137,0.403105590062112
1,847,0,0,0,4,40,221,651,689,1605,0.0,0.0,0.0,0.002492211838006,0.024922118380062,0.137694704049844,0.405607476635514,0.429283489096573
1,848,0,0,0,1,38,236,701,624,1600,0.0,0.0,0.0,0.000625,0.02375,0.1475,0.438125,0.39
1,849,0,0,0,6,36,228,666,659,1595,0.0,0.0,0.0,0.003761755485893,0.02257053291536,0.14294670846395,0.417554858934169,0.413166144200627
1,850,0,0,0,5,47,229,666,643,1590,0.0,0.0,0.0,0.00314465408805,0.029559748427673,0.144025157232704,0.418867924528302,0.40440251572327
1,851,0,0,0,1,38,225,677,644,1585,0.0,0.0,0.0,0.000630914826498,0.02397476340694,0.141955835962145,0.427129337539432,0.406309148264984
1,852,0,0,0,1,43,259,672,605,1580,0.0,0.0,0.0,0.000632911392405,0.027215189873418,0.163924050632911,0.425316455696203,0.382911392405063
1,853,0,0,0,1,34,251,616,673,1575,0.0,0.0,0.0,0.000634920634921,0.021587301587302,0.159365079365079,0.391111111111111,0.427301587301587
1,854,0,0,0,2,36,223,693,616,1570,0.0,0.0,0.0,0.001273885350318,0.022929936305732,0.14203821656051,0.44140127388535,0.392356687898089
1,855,0,0,0,3,30,241,674,617,1565,0.0,0.0,0.0,0.001916932907348,0.019169329073482,0.153993610223642,0.430670926517572,0.394249201277955
1,856,0,0,0,3,46,246,613,652,1560,0.0,0.0,0.0,0.001923076923077,0.029487179487179,0.157692307692308,0.392948717948718,0.417948717948718
1,857,0,0,0,1,42,230,653,629,1555,0.0,0.0,0.0,0.00064308681672,0.027009646302251,0.147909967845659,0.419935691318328,0.404501607717042
1,858,0,0,0,3,29,231,674,613,1550,0.0,0.0,0.0,0.001935483870968,0.018709677419355,0.149032258064516,0.434838709677419,0.395483870967742
1,859,0,0,0,3,41,251,615,635,1545,0.0,0.0,0.0,0.001941747572816,0.026537216828479,0.162459546925566,0.398058252427184,0.411003236245955
1,860,0,0,0,2,38,224,646,630,1540,0.0,0.0,0.0,0.001298701298701,0.024675324675325,0.145454545454545,0.419480519480519,0.409090909090909
1,861,0,0,0,2,40,230,636,627,1535,0.0,0.0,0.0,0.001302931596091,0.026058631921824,0.149837133550489,0.414332247557003,0.408469055374593
1,862,0,0,0,2,30,235,660,603,1530,0.0,0.0,0.0,0.001307189542484,0.019607843137255,0.15359477124183,0.431372549019608,0.394117647058824
1,863,0,0,0,2,35,213,631,644,1525,0.0,0.0,0.0,0.001311475409836,0.022950819672131,0.139672131147541,0.413770491803279,0.422295081967213
1,864,0,0,0,3,41,200,665,611,1520,0.0,0.0,0.0,0.001973684210526,0.026973684210526,0.131578947368421,0.4375,0.401973684210526
1,865,0,0,0,0,31,232,635,617,1515,0.0,0.0,0.0,0.0,0.02046204620462,0.153135313531353,0.419141914191419,0.407260726072607
1,866,0,0,0,3,29,227,646,605,1510,0.0,0.0,0.0,0.001986754966887,0.019205298013245,0.150331125827815,0.427814569536424,0.400662251655629
1,867,0,0,0,3,29,264,647,562,1505,0.0,0.0,0.0,0.001993355481728,0.019269102990033,0.175415282392027,0.429900332225914,0.373421926910299
1,868,0,0,0,2,37,222,622,617,1500,0.0,0.0,0.0,0.001333333333333,0.024666666666667,0.148,0.414666666666667,0.411333333333333
1,869,0,0,0,1,35,234,626,599,1495,0.0,0.0,0.0,0.00066889632107,0.023411371237458,0.156521739130435,0.418729096989967,0.40066889632107
1,870,0,0,0,0,37,238,641,574,1490,0.0,0.0,0.0,0.0,0.024832214765101,0.159731543624161,0.430201342281879,0.385234899328859
1,871,0,0,0,0,40,254,606,585,1485,0.0,0.0,0.0,0.0,0.026936026936027,0.171043771043771,0.408080808080808,0.393939393939394
1,872,0,0,0,3,27,201,636,613,1480,0.0,0.0,0.0,0.002027027027027,0.018243243243243,0.135810810810811,0.42972972972973,0.414189189189189
1,873,0,0,0,6,36,222,640,571,1475,0.0,0.0,0.0,0.004067796610169,0.024406779661017,0.150508474576271,0.433898305084746,0.387118644067797
1,874,0,0,0,2,38,231,611,588,1470,0.0,0.0,0.0,0.001360544217687,0.025850340136054,0.157142857142857,0.415646258503401,0.4
1,875,0,0,0,3,22,256,610,574,1465,0.0,0.0,0.0,0.002047781569966,0.015017064846416,0.174744027303754,0.416382252559727,0.391808873720137
1,876,0,0,0,2,27,205,615,611,1460,0.0,0.0,0.0,0.001369863013699,0.018493150684932,0.14041095890411,0.421232876712329,0.418493150684931
1,877,0,0,0,2,40,231,554,628,1455,0.0,0.0,0.0,0.001374570446735,0.027491408934708,0.158762886597938,0.380756013745704,0.431615120274914
1,878,0,0,0,6,35,200,628,581,1450,0.0,0.0,0.0,0.004137931034483,0.024137931034483,0.137931034482759,0.433103448275862,0.400689655172414
1,879,0,0,0,2,25,236,620,562,1445,0.0,0.0,0.0,0.001384083044983,0.017301038062284,0.163321799307958,0.429065743944637,0.388927335640138
1,880,0,0,0,2,32,217,614,575,1440,0.0,0.0,0.0,0.001388888888889,0.022222222222222,0.150694444444444,0.426388888888889,0.399305555555556
1,881,0,0,0,3,30,213,633,556,1435,0.0,0.0,0.0,0.002090592334495,0.020905923344948,0.148432055749129,0.441114982578397,0.387456445993031
1,882,0,0,0,2,26,219,635,548,1430,0.0,0.0,0.0,0.001398601398601,0.018181818181818,0.153146853146853,0.444055944055944,0.383216783216783
1,883,0,0,0,1,33,220,604,567,1425,0.0,0.0,0.0,0.000701754385965,0.023157894736842,0.154385964912281,0.423859649122807,0.397894736842105
1,884,0,0,0,2,32,226,591,569,1420,0.0,0.0,0.0,0.001408450704225,0.022535211267606,0.159154929577465,0.416197183098592,0.400704225352113
1,885,0,0,0,3,29,230,585,568,1415,0.0,0.0,0.0,0.002120141342756,0.020494699646643,0.162544169611307,0.413427561837456,0.401413427561837
1,886,0,0,0,1,35,196,612,566,1410,0.0,0.0,0.0,0.000709219858156,0.024822695035461,0.139007092198582,0.434042553191489,0.401418439716312
1,887,0,0,0,1,36,229,588,551,1405,0.0,0.0,0.0,0.000711743772242,0.025622775800712,0.162989323843416,0.418505338078292,0.392170818505338
1,888,0,0,0,0,37,213,618,532,1400,0.0,0.0,0.0,0.0,0.026428571428571,0.152142857142857,0.441428571428571,0.38
1,889,0,0,0,0,42,196,560,597,1395,0.0,0.0,0.0,0.0,0.03010752688172,0.140501792114695,0.401433691756272,0.427956989247312
1,890,0,0,0,2,35,212,573,568,1390,0.0,0.0,0.0,0.001438848920863,0.025179856115108,0.152517985611511,0.412230215827338,0.40863309352518
1,891,0,0,0,2,35,215,573,560,1385,0.0,0.0,0.0,0.0014440433213,0.025270758122744,0.155234657039711,0.413718411552347,0.404332129963899
1,892,0,0,0,2,41,207,598,532,1380,0.0,0.0,0.0,0.001449275362319,0.029710144927536,0.15,0.433333333333333,0.385507246376812
1,893,0,0,0,2,27,196,585,565,1375,0.0,0.0,0.0,0.001454545454545,0.019636363636364,0.142545454545455,0.425454545454545,0.410909090909091
1,894,0,0,0,2,25,209,603,531,1370,0.0,0.0,0.0,0.001459854014599,0.018248175182482,0.152554744525547,0.44014598540146,0.387591240875912
1,895,0,0,0,1,23,188,594,559,1365,0.0,0.0,0.0,0.000732600732601,0.016849816849817,0.137728937728938,0.435164835164835,0.40952380952381
1,896,0,0,0,1,30,217,583,529,1360,0.0,0.0,0.0,0.000735294117647,0.022058823529412,0.159558823529412,0.428676470588235,0.388970588235294
1,897,0,0,0,2,31,200,600,522,1355,0.0,0.0,0.0,0.001476014760148,0.022878228782288,0.14760147601476,0.44280442804428,0.385239852398524
1,898,0,0,0,1,45,214,559,531,1350,0.0,0.0,0.0,0.000740740740741,0.033333333333333,0.158518518518519,0.414074074074074,0.393333333333333
1,899,0,0,1,0,31,203,567,543,1345,0.0,0.0,0.000743494423792,0.0,0.023048327137546,0.15092936802974,0.421561338289963,0.403717472118959
1,900,0,0,0,3,37,196,519,585,1340,0.0,0.0,0.0,0.002238805970149,0.027611940298507,0.146268656716418,0.387313432835821,0.436567164179104
1,901,0,0,0,1,25,228,559,522,1335,0.0,0.0,0.0,0.000749063670412,0.0187265917603,0.170786516853933,0.4187265917603,0.391011235955056
1,902,0,0,0,3,34,224,561,508,1330,0.0,0.0,0.0,0.002255639097744,0.025563909774436,0.168421052631579,0.421804511278196,0.381954887218045
1,903,0,0,0,5,27,195,551,547,1325,0.0,0.0,0.0,0.00377358490566,0.020377358490566,0.147169811320755,0.415849056603774,0.412830188679245
1,904,0,0,0,0,27,196,582,515,1320,0.0,0.0,0.0,0.0,0.020454545454545,0.148484848484848,0.440909090909091,0.390151515151515
1,905,0,0,0,1,31,178,600,505,1315,0.0,0.0,0.0,0.000760456273764,0.023574144486692,0.135361216730038,0.456273764258555,0.384030418250951
1,906,0,0,0,2,19,202,579,508,1310,0.0,0.0,0.0,0.001526717557252,0.014503816793893,0.154198473282443,0.441984732824427,0.387786259541985
1,907,0,0,0,0,29,211,550,515,1305,0.0,0.0,0.0,0.0,0.022222222222222,0.161685823754789,0.421455938697318,0.39463601532567
1,908,0,0,0,1,19,178,526,576,1300,0.0,0.0,0.0,0.000769230769231,0.014615384615385,0.136923076923077,0.404615384615385,0.443076923076923
1,909,0,0,0,2,22,184,548,539,1295,0.0,0.0,0.0,0.001544401544402,0.016988416988417,0.142084942084942,0.423166023166023,0.416216216216216
1,910,0,0,0,1,29,194,533,533,1290,0.0,0.0,0.0,0.00077519379845,0.022480620155039,0.150387596899225,0.413178294573643,0.413178294573643
1,911,0,0,0,1,30,212,495,547,1285,0.0,0.0,0.0,0.000778210116732,0.023346303501946,0.164980544747082,0.385214007782101,0.42568093385214
1,912,0,0,0,1,32,202,541,504,1280,0.0,0.0,0.0,0.00078125,0.025,0.1578125,0.42265625,0.39375
1,913,0,0,0,2,33,188,537,515,1275,0.0,0.0,0.0,0.00156862745098,0.025882352941176,0.147450980392157,0.421176470588235,0.403921568627451
1,914,0,0,0,3,25,196,551,495,1270,0.0,0.0,0.0,0.002362204724409,0.019685039370079,0.154330708661417,0.433858267716535,0.389763779527559
1,915,0,0,0,2,33,181,537,512,1265,0.0,0.0,0.0,0.001581027667984,0.026086956521739,0.143083003952569,0.424505928853755,0.404743083003953
1,916,0,0,0,2,24,168,542,524,1260,0.0,0.0,0.0,0.001587301587302,0.019047619047619,0.133333333333333,0.43015873015873,0.415873015873016
1,917,0,0,0,2,28,167,549,509,1255,0.0,0.0,0.0,0.001593625498008,0.022310756972112,0.133067729083665,0.437450199203187,0.405577689243028
1,918,0,0,0,0,25,190,532,503,1250,0.0,0.0,0.0,0.0,0.02,0.152,0.4256,0.4024
1,919,0,0,0,0,23,193,509,520,1245,0.0,0.0,0.0,0.0,0.018473895582329,0.155020080321285,0.408835341365462,0.417670682730924
1,920,0,0,0,2,30,172,545,491,1240,0.0,0.0,0.0,0.001612903225806,0.024193548387097,0.138709677419355,0.439516129032258,0.395967741935484
1,921,0,0,0,1,26,173,536,499,1235,0.0,0.0,0.0,0.00080971659919,0.021052631578947,0.140080971659919,0.434008097165992,0.404048582995951
1,922,0,0,0,0,23,180,535,492,1230,0.0,0.0,0.0,0.0,0.01869918699187,0.146341463414634,0.434959349593496,0.4
1,923,0,0,1,2,27,213,508,474,1225,0.0,0.0,0.000816326530612,0.001632653061224,0.022040816326531,0.173877551020408,0.41469387755102,0.386938775510204
1,924,0,0,0,2,38,159,506,515,1220,0.0,0.0,0.0,0.001639344262295,0.031147540983607,0.130327868852459,0.414754098360656,0.422131147540984
1,925,0,0,0,1,34,171,505,504,1215,0.0,0.0,0.0,0.00082304526749,0.02798353909465,0.140740740740741,0.415637860082305,0.414814814814815
1,926,0,0,0,1,35,181,497,496,1210,0.0,0.0,0.0,0.000826446280992,0.028925619834711,0.149586776859504,0.410743801652893,0.409917355371901
1,927,0,0,0,0,20,194,516,475,1205,0.0,0.0,0.0,0.0,0.016597510373444,0.160995850622407,0.428215767634855,0.394190871369295
1,928,0,0,0,1,23,179,513,484,1200,0.0,0.0,0.0,0.000833333333333,0.019166666666667,0.149166666666667,0.4275,0.403333333333333
1,929,0,0,0,2,16,173,543,461,1195,0.0,0.0,0.0,0.001673640167364,0.013389121338912,0.144769874476987,0.454393305439331,0.385774058577406
1,930,0,0,0,1,28,185,494,482,1190,0.0,0.0,0.0,0.000840336134454,0.023529411764706,0.15546218487395,0.415126050420168,0.405042016806723
1,931,0,0,0,3,38,184,495,465,1185,0.0,0.0,0.0,0.00253164556962,0.032067510548523,0.155274261603376,0.417721518987342,0.392405063291139
1,932,0,0,0,1,23,171,505,480,1180,0.0,0.0,0.0,0.000847457627119,0.019491525423729,0.144915254237288,0.427966101694915,0.406779661016949
1,933,0,0,0,1,18,180,507,469,1175,0.0,0.0,0.0,0.000851063829787,0.01531914893617,0.153191489361702,0.431489361702128,0.399148936170213
1,934,0,0,0,4,22,186,506,452,1170,0.0,0.0,0.0,0.003418803418803,0.018803418803419,0.158974358974359,0.432478632478632,0.386324786324786
1,935,0,0,0,0,22,159,506,478,1165,0.0,0.0,0.0,0.0,0.018884120171674,0.136480686695279,0.434334763948498,0.410300429184549
1,936,0,0,0,2,31,185,467,475,1160,0.0,0.0,0.0,0.001724137931034,0.026724137931034,0.15948275862069,0.402586206896552,0.40948275862069
1,937,0,0,0,1,20,185,485,464,1155,0.0,0.0,0.0,0.000865800865801,0.017316017316017,0.16017316017316,0.41991341991342,0.401731601731602
1,938,0,0,0,1,29,185,474,461,1150,0.0,0.0,0.0,0.000869565217391,0.025217391304348,0.160869565217391,0.412173913043478,0.400869565217391
1,939,0,0,0,1,28,176,504,436,1145,0.0,0.0,0.0,0.000873362445415,0.024454148471616,0.153711790393013,0.440174672489083,0.380786026200873
1,940,0,0,0,1,27,162,483,467,1140,0.0,0.0,0.0,0.000877192982456,0.023684210526316,0.142105263157895,0.423684210526316,0.409649122807018
1,941,0,0,0,0,23,188,444,480,1135,0.0,0.0,0.0,0.0,0.020264317180617,0.165638766519824,0.391189427312775,0.422907488986784
1,942,0,0,0,1,15,160,466,488,1130,0.0,0.0,0.0,0.000884955752212,0.013274336283186,0.141592920353982,0.412389380530973,0.431858407079646
1,943,0,0,1,2,15,181,477,449,1125,0.0,0.0,0.000888888888889,0.001777777777778,0.013333333333333,0.160888888888889,0.424,0.399111111111111
1,944,0,0,0,1,28,181,487,423,1120,0.0,0.0,0.0,0.000892857142857,0.025,0.161607142857143,0.434821428571429,0.377678571428571
1,945,0,0,0,2,27,167,479,440,1115,0.0,0.0,0.0,0.001793721973094,0.024215246636771,0.149775784753363,0.429596412556054,0.394618834080717
1,946,0,0,0,0,29,168,455,458,1110,0.0,0.0,0.0,0.0,0.026126126126126,0.151351351351351,0.40990990990991,0.412612612612613
1,947,0,0,0,2,24,158,453,468,1105,0.0,0.0,0.0,0.001809954751131,0.021719457013575,0.142986425339367,0.409954751131222,0.423529411764706
1,948,0,0,0,2,29,174,473,422,1100,0.0,0.0,0.0,0.001818181818182,0.026363636363636,0.158181818181818,0.43,0.383636363636364
1,949,0,0,0,0,32,171,436,456,1095,0.0,0.0,0.0,0.0,0.029223744292237,0.156164383561644,0.398173515981735,0.416438356164384
1,950,0,0,0,1,25,156,488,420,1090,0.0,0.0,0.0,0.000917431192661,0.022935779816514,0.143119266055046,0.447706422018349,0.385321100917431
1,951,0,0,0,3,19,166,459,438,1085,0.0,0.0,0.0,0.002764976958525,0.017511520737327,0.152995391705069,0.423041474654378,0.4036866359447
1,952,0,0,0,0,25,166,481,408,1080,0.0,0.0,0.0,0.0,0.023148148148148,0.153703703703704,0.44537037037037,0.377777777777778
1,953,0,0,0,6,23,171,469,406,1075,0.0,0.0,0.0,0.005581395348837,0.021395348837209,0.15906976744186,0.436279069767442,0.377674418604651
1,954,0,0,0,1,16,160,450,443,1070,0.0,0.0,0.0,0.000934579439252,0.014953271028037,0.149532710280374,0.420560747663551,0.414018691588785
1,955,0,0,0,1,26,171,469,398,1065,0.0,0.0,0.0,0.00093896713615,0.024413145539906,0.16056338028169,0.44037558685446,0.373708920187793
1,956,0,0,0,1,32,174,412,441,1060,0.0,0.0,0.0,0.000943396226415,0.030188679245283,0.164150943396226,0.388679245283019,0.416037735849057
1,957,0,0,0,0,23,152,454,426,1055,0.0,0.0,0.0,0.0,0.021800947867299,0.144075829383886,0.430331753554502,0.403791469194313
1,958,0,0,0,4,29,157,457,403,1050,0.0,0.0,0.0,0.003809523809524,0.027619047619048,0.14952380952381,0.435238095238095,0.383809523809524
1,959,0,0,0,0,29,145,452,419,1045,0.0,0.0,0.0,0.0,0.027751196172249,0.138755980861244,0.432535885167464,0.400956937799043
1,960,0,0,0,1,19,154,450,416,1040,0.0,0.0,0.0,0.000961538461538,0.018269230769231,0.148076923076923,0.432692307692308,0.4
1,961,0,0,0,2,28,155,431,419,1035,0.0,0.0,0.0,0.001932367149758,0.027053140096618,0.14975845410628,0.416425120772947,0.404830917874396
1,962,0,0,0,0,15,154,447,414,1030,0.0,0.0,0.0,0.0,0.014563106796117,0.149514563106796,0.433980582524272,0.401941747572816
1,963,0,0,0,4,18,174,439,390,1025,0.0,0.0,0.0,0.00390243902439,0.017560975609756,0.169756097560976,0.428292682926829,0.380487804878049
1,964,0,0,0,2,28,164,428,398,1020,0.0,0.0,0.0,0.001960784313725,0.027450980392157,0.16078431372549,0.419607843137255,0.390196078431373
1,965,0,0,1,1,22,151,444,396,1015,0.0,0.0,0.000985221674877,0.000985221674877,0.021674876847291,0.148768472906404,0.43743842364532,0.390147783251232
1,966,0,0,0,1,28,154,432,395,1010,0.0,0.0,0.0,0.000990099009901,0.027722772277228,0.152475247524752,0.427722772277228,0.391089108910891
1,967,0,0,0,0,21,151,430,403,1005,0.0,0.0,0.0,0.0,0.02089552238806,0.150248756218905,0.427860696517413,0.400995024875622
1,968,0,0,0,4,26,164,410,396,1000,0.0,0.0,0.0,0.004,0.026,0.164,0.41,0.396
1,969,0,0,0,2,20,141,431,401,995,0.0,0.0,0.0,0.002010050251256,0.020100502512563,0.141708542713568,0.433165829145729,0.403015075376884
1,970,0,0,0,1,15,149,430,395,990,0.0,0.0,0.0,0.001010101010101,0.015151515151515,0.150505050505051,0.434343434343434,0.398989898989899
1,971,0,0,0,0,21,143,433,388,985,0.0,0.0,0.0,0.0,0.021319796954315,0.145177664974619,0.439593908629442,0.393908629441624
1,972,0,0,0,6,23,152,414,385,980,0.0,0.0,0.0,0.006122448979592,0.023469387755102,0.155102040816327,0.422448979591837,0.392857142857143
1,973,0,0,0,1,23,157,422,372,975,0.0,0.0,0.0,0.001025641025641,0.023589743589744,0.161025641025641,0.432820512820513,0.381538461538462
1,974,0,0,0,1,21,158,398,392,970,0.0,0.0,0.0,0.001030927835052,0.021649484536082,0.162886597938144,0.410309278350515,0.404123711340206
1,975,0,0,0,1,22,145,395,402,965,0.0,0.0,0.0,0.001036269430052,0.02279792746114,0.150259067357513,0.409326424870466,0.416580310880829
1,976,0,0,0,2,20,145,398,395,960,0.0,0.0,0.0,0.002083333333333,0.020833333333333,0.151041666666667,0.414583333333333,0.411458333333333
1,977,0,0,0,2,20,142,407,384,955,0.0,0.0,0.0,0.002094240837696,0.020942408376963,0.14869109947644,0.426178010471204,0.402094240837696
1,978,0,0,0,0,19,148,385,398,950,0.0,0.0,0.0,0.0,0.02,0.155789473684211,0.405263157894737,0.418947368421053
1,979,0,0,1,1,27,143,391,382,945,0.0,0.0,0.001058201058201,0.001058201058201,0.028571428571429,0.151322751322751,0.413756613756614,0.404232804232804
1,980,0,1,0,1,23,153,388,374,940,0.0,0.001063829787234,0.0,0.001063829787234,0.024468085106383,0.162765957446809,0.412765957446808,0.397872340425532
1,981,0,0,0,3,14,146,385,387,935,0.0,0.0,0.0,0.003208556149733,0.014973262032086,0.156149732620321,0.411764705882353,0.413903743315508
1,982,0,0,0,2,17,130,395,386,930,0.0,0.0,0.0,0.002150537634409,0.018279569892473,0.139784946236559,0.424731182795699,0.41505376344086
1,983,0,0,0,2,19,158,380,366,925,0.0,0.0,0.0,0.002162162162162,0.020540540540541,0.170810810810811,0.410810810810811,0.395675675675676
1,984,0,0,0,0,29,140,385,366,920,0.0,0.0,0.0,0.0,0.031521739130435,0.152173913043478,0.418478260869565,0.397826086956522
1,985,0,0,0,1,15,132,403,364,915,0.0,0.0,0.0,0.001092896174863,0.016393442622951,0.144262295081967,0.440437158469945,0.397814207650273
1,986,0,0,0,2,19,141,401,347,910,0.0,0.0,0.0,0.002197802197802,0.020879120879121,0.154945054945055,0.440659340659341,0.381318681318681
1,987,0,0,0,1,21,139,394,350,905,0.0,0.0,0.0,0.001104972375691,0.023204419889503,0.153591160220994,0.435359116022099,0.386740331491713
1,988,0,0,0,2,28,137,362,371,900,0.0,0.0,0.0,0.002222222222222,0.031111111111111,0.152222222222222,0.402222222222222,0.412222222222222
1,989,0,0,0,2,15,148,393,337,895,0.0,0.0,0.0,0.002234636871508,0.016759776536313,0.16536312849162,0.439106145251397,0.376536312849162
1,990,0,0,0,1,27,116,375,371,890,0.0,0.0,0.0,0.001123595505618,0.030337078651685,0.130337078651685,0.421348314606742,0.41685393258427
1,991,0,0,0,3,19,139,380,344,885,0.0,0.0,0.0,0.003389830508475,0.021468926553672,0.157062146892655,0.429378531073446,0.388700564971751
1,992,0,0,0,2,20,116,396,346,880,0.0,0.0,0.0,0.002272727272727,0.022727272727273,0.131818181818182,0.45,0.393181818181818
1,993,0,0,0,2,24,103,369,377,875,0.0,0.0,0.0,0.002285714285714,0.027428571428571,0.117714285714286,0.421714285714286,0.430857142857143
1,994,0,0,0,0,16,129,370,355,870,0.0,0.0,0.0,0.0,0.018390804597701,0.148275862068966,0.425287356321839,0.408045977011494
1,995,0,0,0,3,16,131,370,345,865,0.0,0.0,0.0,0.003468208092486,0.01849710982659,0.151445086705202,0.427745664739884,0.398843930635838
1,996,0,0,0,1,17,124,358,360,860,0.0,0.0,0.0,0.001162790697674,0.019767441860465,0.144186046511628,0.416279069767442,0.418604651162791
1,997,0,0,0,4,17,121,378,335,855,0.0,0.0,0.0,0.004678362573099,0.019883040935673,0.141520467836257,0.442105263157895,0.391812865497076
1,998,0,0,0,0,21,114,358,357,850,0.0,0.0,0.0,0.0,0.024705882352941,0.134117647058824,0.421176470588235,0.42
1,999,0,0,0,0,10,130,356,349,845,0.0,0.0,0.0,0.0,0.011834319526627,0.153846153846154,0.421301775147929,0.41301775147929
1,1000,0,0,0,1,20,113,369,337,840,0.0,0.0,0.0,0.001190476190476,0.023809523809524,0.13452380952381,0.439285714285714,0.401190476190476
1,1001,0,0,0,1,16,109,367,342,835,0.0,0.0,0.0,0.001197604790419,0.019161676646707,0.130538922155689,0.439520958083832,0.409580838323353
1,1002,0,0,0,0,22,125,327,356,830,0.0,0.0,0.0,0.0,0.026506024096386,0.150602409638554,0.393975903614458,0.428915662650602
1,1003,0,0,0,0,21,112,351,341,825,0.0,0.0,0.0,0.0,0.025454545454545,0.135757575757576,0.425454545454545,0.413333333333333
1,1004,0,0,0,1,24,136,342,317,820,0.0,0.0,0.0,0.001219512195122,0.029268292682927,0.165853658536585,0.417073170731707,0.386585365853659
1,1005,0,0,0,2,24,100,357,332,815,0.0,0.0,0.0,0.002453987730061,0.029447852760736,0.122699386503067,0.438036809815951,0.407361963190184
1,1006,0,0,0,1,21,119,367,302,810,0.0,0.0,0.0,0.001234567901235,0.025925925925926,0.146913580246914,0.453086419753086,0.37283950617284
1,1007,0,0,0,1,20,119,341,324,805,0.0,0.0,0.0,0.001242236024845,0.024844720496894,0.147826086956522,0.42360248447205,0.402484472049689
1,1008,0,0,0,0,14,109,345,332,800,0.0,0.0,0.0,0.0,0.0175,0.13625,0.43125,0.415
1,1009,0,0,0,1,17,133,318,326,795,0.0,0.0,0.0,0.00125786163522,0.021383647798742,0.167295597484277,0.4,0.410062893081761
1,1010,0,0,0,1,17,116,344,312,790,0.0,0.0,0.0,0.00126582278481,0.021518987341772,0.146835443037975,0.435443037974684,0.394936708860759
1,1011,0,0,0,2,20,112,348,303,785,0.0,0.0,0.0,0.002547770700637,0.025477707006369,0.142675159235669,0.443312101910828,0.385987261146497
1,1012,0,0,0,0,14,117,353,296,780,0.0,0.0,0.0,0.0,0.017948717948718,0.15,0.452564102564103,0.379487179487179
1,1013,0,0,0,1,14,135,340,285,775,0.0,0.0,0.0,0.001290322580645,0.018064516129032,0.174193548387097,0.438709677419355,0.367741935483871
1,1014,0,0,0,0,16,110,334,310,770,0.0,0.0,0.0,0.0,0.020779220779221,0.142857142857143,0.433766233766234,0.402597402597403
1,1015,0,0,0,3,12,120,324,306,765,0.0,0.0,0.0,0.003921568627451,0.015686274509804,0.156862745098039,0.423529411764706,0.4
1,1016,0,0,0,0,16,106,338,300,760,0.0,0.0,0.0,0.0,0.021052631578947,0.139473684210526,0.444736842105263,0.394736842105263
1,1017,0,0,0,0,17,120,303,315,755,0.0,0.0,0.0,0.0,0.022516556291391,0.158940397350993,0.401324503311258,0.417218543046358
1,1018,0,0,0,0,12,117,336,285,750,0.0,0.0,0.0,0.0,0.016,0.156,0.448,0.38
1,1019,0,0,0,0,20,117,318,290,745,0.0,0.0,0.0,0.0,0.026845637583893,0.157046979865772,0.426845637583893,0.389261744966443
1,1020,0,0,0,1,14,105,317,303,740,0.0,0.0,0.0,0.001351351351351,0.018918918918919,0.141891891891892,0.428378378378378,0.409459459459459
1,1021,0,0,1,0,16,105,343,270,735,0.0,0.0,0.001360544217687,0.0,0.021768707482993,0.142857142857143,0.466666666666667,0.36734693877551
1,1022,0,0,0,2,17,105,291,315,730,0.0,0.0,0.0,0.002739726027397,0.023287671232877,0.143835616438356,0.398630136986301,0.431506849315068
1,1023,0,0,0,0,16,123,316,270,725,0.0,0.0,0.0,0.0,0.022068965517241,0.169655172413793,0.435862068965517,0.372413793103448
1,1024,0,0,0,0,12,111,304,293,720,0.0,0.0,0.0,0.0,0.016666666666667,0.154166666666667,0.422222222222222,0.406944444444444
1,1025,0,0,0,0,8,110,300,297,715,0.0,0.0,0.0,0.0,0.011188811188811,0.153846153846154,0.41958041958042,0.415384615384615
1,1026,0,0,0,2,21,106,284,297,710,0.0,0.0,0.0,0.002816901408451,0.029577464788732,0.149295774647887,0.4,0.41830985915493
1,1027,0,0,0,1,26,124,286,268,705,0.0,0.0,0.0,0.001418439716312,0.036879432624113,0.175886524822695,0.405673758865248,0.380141843971631
1,1028,0,0,0,1,13,117,296,273,700,0.0,0.0,0.0,0.001428571428571,0.018571428571429,0.167142857142857,0.422857142857143,0.39
1,1029,0,0,0,2,20,98,300,275,695,0.0,0.0,0.0,0.002877697841727,0.028776978417266,0.141007194244604,0.431654676258993,0.39568345323741
1,1030,0,0,0,0,17,112,294,267,690,0.0,0.0,0.0,0.0,0.02463768115942,0.16231884057971,0.426086956521739,0.38695652173913
1,1031,0,0,0,2,14,107,290,272,685,0.0,0.0,0.0,0.002919708029197,0.02043795620438,0.156204379562044,0.423357664233577,0.397080291970803
1,1032,0,0,0,1,15,98,295,271,680,0.0,0.0,0.0,0.001470588235294,0.022058823529412,0.144117647058824,0.433823529411765,0.398529411764706
1,1033,0,0,0,0,10,101,305,259,675,0.0,0.0,0.0,0.0,0.014814814814815,0.14962962962963,0.451851851851852,0.383703703703704
1,1034,0,0,0,1,17,106,280,266,670,0.0,0.0,0.0,0.001492537313433,0.025373134328358,0.158208955223881,0.417910447761194,0.397014925373134
1,1035,0,0,0,2,23,79,285,276,665,0.0,0.0,0.0,0.003007518796992,0.034586466165414,0.118796992481203,0.428571428571429,0.415037593984962
1,1036,0,0,0,1,16,92,289,262,660,0.0,0.0,0.0,0.001515151515152,0.024242424242424,0.139393939393939,0.437878787878788,0.396969696969697
1,1037,0,0,0,2,18,94,292,249,655,0.0,0.0,0.0,0.003053435114504,0.027480916030534,0.143511450381679,0.445801526717557,0.380152671755725
1,1038,0,0,0,1,13,101,269,266,650,0.0,0.0,0.0,0.001538461538462,0.02,0.155384615384615,0.413846153846154,0.409230769230769
1,1039,0,0,0,1,17,97,250,280,645,0.0,0.0,0.0,0.001550387596899,0.026356589147287,0.150387596899225,0.387596899224806,0.434108527131783
1,1040,0,0,0,1,15,92,279,253,640,0.0,0.0,0.0,0.0015625,0.0234375,0.14375,0.4359375,0.3953125
1,1041,0,0,0,0,16,93,259,267,635,0.0,0.0,0.0,0.0,0.025196850393701,0.146456692913386,0.407874015748032,0.420472440944882
1,1042,0,0,0,1,18,92,258,261,630,0.0,0.0,0.0,0.001587301587302,0.028571428571429,0.146031746031746,0.40952380952381,0.414285714285714
1,1043,0,0,0,1,16,99,267,242,625,0.0,0.0,0.0,0.0016,0.0256,0.1584,0.4272,0.3872
1,1044,0,0,0,0,12,84,243,281,620,0.0,0.0,0.0,0.0,0.019354838709677,0.135483870967742,0.391935483870968,0.453225806451613
1,1045,0,1,0,0,17,92,268,237,615,0.0,0.001626016260163,0.0,0.0,0.027642276422764,0.149593495934959,0.435772357723577,0.385365853658537
1,1046,0,0,0,0,16,80,282,232,610,0.0,0.0,0.0,0.0,0.026229508196721,0.131147540983607,0.462295081967213,0.380327868852459
1,1047,0,0,1,1,11,84,269,239,605,0.0,0.0,0.001652892561983,0.001652892561983,0.018181818181818,0.138842975206612,0.444628099173554,0.39504132231405
1,1048,0,0,0,0,9,80,255,256,600,0.0,0.0,0.0,0.0,0.015,0.133333333333333,0.425,0.426666666666667
1,1049,0,0,0,0,11,88,245,251,595,0.0,0.0,0.0,0.0,0.018487394957983,0.147899159663866,0.411764705882353,0.421848739495798
1,1050,0,0,0,2,9,106,256,217,590,0.0,0.0,0.0,0.003389830508475,0.015254237288136,0.179661016949153,0.433898305084746,0.367796610169492
1,1051,0,0,0,1,14,100,257,213,585,0.0,0.0,0.0,0.001709401709402,0.023931623931624,0.170940170940171,0.439316239316239,0.364102564102564
1,1052,0,0,0,2,21,82,235,240,580,0.0,0.0,0.0,0.003448275862069,0.036206896551724,0.141379310344828,0.405172413793103,0.413793103448276
1,1053,0,0,0,2,17,87,208,261,575,0.0,0.0,0.0,0.003478260869565,0.029565217391304,0.151304347826087,0.361739130434783,0.453913043478261
1,1054,0,0,0,1,12,82,232,243,570,0.0,0.0,0.0,0.001754385964912,0.021052631578947,0.143859649122807,0.407017543859649,0.426315789473684
1,1055,0,0,0,0,12,104,243,206,565,0.0,0.0,0.0,0.0,0.021238938053097,0.184070796460177,0.430088495575221,0.364601769911504
1,1056,0,0,0,1,10,90,237,222,560,0.0,0.0,0.0,0.001785714285714,0.017857142857143,0.160714285714286,0.423214285714286,0.396428571428571
1,1057,0,0,0,1,11,87,233,223,555,0.0,0.0,0.0,0.001801801801802,0.01981981981982,0.156756756756757,0.41981981981982,0.401801801801802
1,1058,0,0,0,1,12,86,242,209,550,0.0,0.0,0.0,0.001818181818182,0.021818181818182,0.156363636363636,0.44,0.38
1,1059,0,0,0,1,16,95,240,193,545,0.0,0.0,0.0,0.001834862385321,0.029357798165138,0.174311926605505,0.440366972477064,0.354128440366972
1,1060,0,0,0,0,7,75,226,232,540,0.0,0.0,0.0,0.0,0.012962962962963,0.138888888888889,0.418518518518519,0.42962962962963
1,1061,0,0,0,4,6,85,225,215,535,0.0,0.0,0.0,0.007476635514019,0.011214953271028,0.158878504672897,0.420560747663551,0.401869158878505
1,1062,0,0,0,0,4,88,222,216,530,0.0,0.0,0.0,0.0,0.007547169811321,0.166037735849057,0.418867924528302,0.407547169811321
1,1063,0,0,0,2,12,85,235,191,525,0.0,0.0,0.0,0.003809523809524,0.022857142857143,0.161904761904762,0.447619047619048,0.363809523809524
1,1064,0,0,0,1,10,72,222,215,520,0.0,0.0,0.0,0.001923076923077,0.019230769230769,0.138461538461538,0.426923076923077,0.413461538461538
1,1065,0,0,0,2,6,72,204,231,515,0.0,0.0,0.0,0.003883495145631,0.011650485436893,0.139805825242718,0.396116504854369,0.448543689320388
1,1066,0,0,0,0,20,77,214,199,510,0.0,0.0,0.0,0.0,0.03921568627451,0.150980392156863,0.419607843137255,0.390196078431373
1,1067,0,0,0,0,4,83,213,205,505,0.0,0.0,0.0,0.0,0.007920792079208,0.164356435643564,0.421782178217822,0.405940594059406
1,1068,0,0,0,1,12,69,212,206,500,0.0,0.0,0.0,0.002,0.024,0.138,0.424,0.412
1,1069,0,0,0,1,11,73,193,217,495,0.0,0.0,0.0,0.002020202020202,0.022222222222222,0.147474747474747,0.38989898989899,0.438383838383838
1,1070,0,0,0,0,4,77,199,210,490,0.0,0.0,0.0,0.0,0.008163265306122,0.157142857142857,0.406122448979592,0.428571428571429
1,1071,0,0,0,0,13,69,217,186,485,0.0,0.0,0.0,0.0,0.02680412371134,0.142268041237113,0.447422680412371,0.383505154639175
1,1072,0,0,0,1,9,80,207,183,480,0.0,0.0,0.0,0.002083333333333,0.01875,0.166666666666667,0.43125,0.38125
1,1073,0,0,0,0,11,67,203,194,475,0.0,0.0,0.0,0.0,0.023157894736842,0.141052631578947,0.427368421052632,0.408421052631579
1,1074,0,0,0,1,13,77,186,193,470,0.0,0.0,0.0,0.002127659574468,0.027659574468085,0.163829787234043,0.395744680851064,0.41063829787234
1,1075,0,0,0,1,8,88,207,161,465,0.0,0.0,0.0,0.002150537634409,0.017204301075269,0.189247311827957,0.445161290322581,0.346236559139785
1,1076,0,0,0,1,11,53,191,204,460,0.0,0.0,0.0,0.002173913043478,0.023913043478261,0.115217391304348,0.415217391304348,0.443478260869565
1,1077,0,0,0,0,12,74,177,192,455,0.0,0.0,0.0,0.0,0.026373626373626,0.162637362637363,0.389010989010989,0.421978021978022
1,1078,0,0,0,1,10,62,210,167,450,0.0,0.0,0.0,0.002222222222222,0.022222222222222,0.137777777777778,0.466666666666667,0.371111111111111
1,1079,0,0,0,0,10,56,205,174,445,0.0,0.0,0.0,0.0,0.02247191011236,0.125842696629213,0.460674157303371,0.391011235955056
1,1080,0,0,0,1,14,64,192,169,440,0.0,0.0,0.0,0.002272727272727,0.031818181818182,0.145454545454545,0.436363636363636,0.384090909090909
1,1081,0,0,0,0,10,62,187,176,435,0.0,0.0,0.0,0.0,0.022988505747126,0.142528735632184,0.429885057471264,0.404597701149425
1,1082,0,0,0,1,12,59,179,179,430,0.0,0.0,0.0,0.002325581395349,0.027906976744186,0.137209302325581,0.416279069767442,0.416279069767442
1,1083,0,0,0,3,8,63,177,174,425,0.0,0.0,0.0,0.007058823529412,0.018823529411765,0.148235294117647,0.416470588235294,0.409411764705882
1,1084,0,0,0,1,8,59,193,159,420,0.0,0.0,0.0,0.002380952380952,0.019047619047619,0.14047619047619,0.45952380952381,0.378571428571429
1,1085,0,0,0,0,10,51,194,160,415,0.0,0.0,0.0,0.0,0.024096385542169,0.12289156626506,0.467469879518072,0.385542168674699
1,1086,0,0,0,0,7,71,170,162,410,0.0,0.0,0.0,0.0,0.017073170731707,0.173170731707317,0.414634146341463,0.395121951219512
1,1087,0,0,0,2,8,53,152,190,405,0.0,0.0,0.0,0.004938271604938,0.019753086419753,0.130864197530864,0.375308641975309,0.469135802469136
1,1088,0,0,0,1,13,66,160,160,400,0.0,0.0,0.0,0.0025,0.0325,0.165,0.4,0.4
1,1089,0,0,0,0,14,55,181,145,395,0.0,0.0,0.0,0.0,0.035443037974684,0.139240506329114,0.458227848101266,0.367088607594937
1,1090,0,0,0,1,8,51,163,167,390,0.0,0.0,0.0,0.002564102564103,0.020512820512821,0.130769230769231,0.417948717948718,0.428205128205128
1,1091,0,0,0,0,14,52,148,171,385,0.0,0.0,0.0,0.0,0.036363636363636,0.135064935064935,0.384415584415584,0.444155844155844
1,1092,0,0,0,0,5,51,171,153,380,0.0,0.0,0.0,0.0,0.013157894736842,0.134210526315789,0.45,0.402631578947368
1,1093,0,0,0,1,2,56,162,154,375,0.0,0.0,0.0,0.002666666666667,0.005333333333333,0.149333333333333,0.432,0.410666666666667
1,1094,0,0,0,1,8,53,173,135,370,0.0,0.0,0.0,0.002702702702703,0.021621621621622,0.143243243243243,0.467567567567568,0.364864864864865
1,1095,0,0,0,0,9,50,161,145,365,0.0,0.0,0.0,0.0,0.024657534246575,0.136986301369863,0.441095890410959,0.397260273972603
1,1096,0,0,0,1,7,50,141,161,360,0.0,0.0,0.0,0.002777777777778,0.019444444444444,0.138888888888889,0.391666666666667,0.447222222222222
1,1097,0,0,0,0,9,54,160,132,355,0.0,0.0,0.0,0.0,0.025352112676056,0.152112676056338,0.450704225352113,0.371830985915493
1,1098,0,0,0,2,9,50,160,129,350,0.0,0.0,0.0,0.005714285714286,0.025714285714286,0.142857142857143,0.457142857142857,0.368571428571429
1,1099,0,0,0,0,2,41,152,150,345,0.0,0.0,0.0,0.0,0.005797101449275,0.118840579710145,0.440579710144928,0.434782608695652
1,1100,0,0,0,1,8,57,145,129,340,0.0,0.0,0.0,0.002941176470588,0.023529411764706,0.167647058823529,0.426470588235294,0.379411764705882
1,1101,0,0,0,1,9,58,127,140,335,0.0,0.0,0.0,0.002985074626866,0.026865671641791,0.173134328358209,0.37910447761194,0.417910447761194
1,1102,0,0,0,1,7,57,136,129,330,0.0,0.0,0.0,0.003030303030303,0.021212121212121,0.172727272727273,0.412121212121212,0.390909090909091
1,1103,0,0,0,1,4,46,139,135,325,0.0,0.0,0.0,0.003076923076923,0.012307692307692,0.141538461538462,0.427692307692308,0.415384615384615
1,1104,0,0,0,1,5,58,148,108,320,0.0,0.0,0.0,0.003125,0.015625,0.18125,0.4625,0.3375
1,1105,0,0,0,1,7,53,126,128,315,0.0,0.0,0.0,0.003174603174603,0.022222222222222,0.168253968253968,0.4,0.406349206349206
1,1106,0,0,0,0,12,41,128,129,310,0.0,0.0,0.0,0.0,0.038709677419355,0.132258064516129,0.412903225806452,0.416129032258065
1,1107,0,0,0,1,11,50,113,130,305,0.0,0.0,0.0,0.00327868852459,0.036065573770492,0.163934426229508,0.370491803278689,0.426229508196721
1,1108,0,0,0,0,9,42,123,126,300,0.0,0.0,0.0,0.0,0.03,0.14,0.41,0.42
1,1109,0,0,0,1,3,49,112,130,295,0.0,0.0,0.0,0.003389830508475,0.010169491525424,0.166101694915254,0.379661016949153,0.440677966101695
1,1110,0,0,0,0,5,44,132,109,290,0.0,0.0,0.0,0.0,0.017241379310345,0.151724137931034,0.455172413793103,0.375862068965517
1,1111,0,0,0,0,5,54,129,97,285,0.0,0.0,0.0,0.0,0.017543859649123,0.189473684210526,0.452631578947368,0.340350877192982
1,1112,0,0,0,0,10,51,112,107,280,0.0,0.0,0.0,0.0,0.035714285714286,0.182142857142857,0.4,0.382142857142857
1,1113,0,0,0,0,6,46,108,115,275,0.0,0.0,0.0,0.0,0.021818181818182,0.167272727272727,0.392727272727273,0.418181818181818
1,1114,0,0,0,1,7,41,110,111,270,0.0,0.0,0.0,0.003703703703704,0.025925925925926,0.151851851851852,0.407407407407407,0.411111111111111
1,1115,0,0,0,1,3,40,124,97,265,0.0,0.0,0.0,0.00377358490566,0.011320754716981,0.150943396226415,0.467924528301887,0.366037735849057
1,1116,0,0,0,0,4,49,112,95,260,0.0,0.0,0.0,0.0,0.015384615384615,0.188461538461538,0.430769230769231,0.365384615384615
1,1117,0,0,0,3,5,36,108,103,255,0.0,0.0,0.0,0.011764705882353,0.019607843137255,0.141176470588235,0.423529411764706,0.403921568627451
1,1118,0,0,0,0,6,45,95,104,250,0.0,0.0,0.0,0.0,0.024,0.18,0.38,0.416
1,1119,0,0,0,1,6,39,107,92,245,0.0,0.0,0.0,0.004081632653061,0.024489795918367,0.159183673469388,0.436734693877551,0.375510204081633
1,1120,0,0,0,1,10,35,109,85,240,0.0,0.0,0.0,0.004166666666667,0.041666666666667,0.145833333333333,0.454166666666667,0.354166666666667
1,1121,0,0,0,1,5,27,93,109,235,0.0,0.0,0.0,0.004255319148936,0.021276595744681,0.114893617021277,0.395744680851064,0.463829787234043
1,1122,0,0,0,0,5,36,98,91,230,0.0,0.0,0.0,0.0,0.021739130434783,0.156521739130435,0.426086956521739,0.395652173913043
1,1123,0,0,0,0,4,36,92,93,225,0.0,0.0,0.0,0.0,0.017777777777778,0.16,0.408888888888889,0.413333333333333
1,1124,0,0,0,1,2,26,103,88,220,0.0,0.0,0.0,0.004545454545455,0.009090909090909,0.118181818181818,0.468181818181818,0.4
1,1125,0,0,0,1,7,31,96,80,215,0.0,0.0,0.0,0.004651162790698,0.032558139534884,0.144186046511628,0.446511627906977,0.372093023255814
1,1126,0,0,0,0,6,29,88,87,210,0.0,0.0,0.0,0.0,0.028571428571429,0.138095238095238,0.419047619047619,0.414285714285714
1,1127,0,0,0,0,4,33,92,76,205,0.0,0.0,0.0,0.0,0.019512195121951,0.160975609756098,0.448780487804878,0.370731707317073
1,1128,0,0,0,0,4,21,96,79,200,0.0,0.0,0.0,0.0,0.02,0.105,0.48,0.395
1,1129,0,0,0,0,3,35,72,85,195,0.0,0.0,0.0,0.0,0.015384615384615,0.179487179487179,0.369230769230769,0.435897435897436
1,1130,0,0,0,0,5,20,96,69,190,0.0,0.0,0.0,0.0,0.026315789473684,0.105263157894737,0.505263157894737,0.363157894736842
1,1131,0,0,0,1,6,22,87,69,185,0.0,0.0,0.0,0.005405405405405,0.032432432432432,0.118918918918919,0.47027027027027,0.372972972972973
1,1132,0,0,0,0,6,16,73,85,180,0.0,0.0,0.0,0.0,0.033333333333333,0.088888888888889,0.405555555555556,0.472222222222222
1,1133,0,0,0,0,4,24,75,72,175,0.0,0.0,0.0,0.0,0.022857142857143,0.137142857142857,0.428571428571429,0.411428571428571
1,1134,0,0,0,0,2,21,83,64,170,0.0,0.0,0.0,0.0,0.011764705882353,0.123529411764706,0.488235294117647,0.376470588235294
1,1135,0,0,0,0,4,27,63,71,165,0.0,0.0,0.0,0.0,0.024242424242424,0.163636363636364,0.381818181818182,0.43030303030303
1,1136,0,0,0,1,6,26,63,64,160,0.0,0.0,0.0,0.00625,0.0375,0.1625,0.39375,0.4
1,1137,0,0,0,0,4,20,69,62,155,0.0,0.0,0.0,0.0,0.025806451612903,0.129032258064516,0.445161290322581,0.4
1,1138,0,0,0,0,7,19,61,63,150,0.0,0.0,0.0,0.0,0.046666666666667,0.126666666666667,0.406666666666667,0.42
1,1139,0,0,0,0,0,25,57,63,145,0.0,0.0,0.0,0.0,0.0,0.172413793103448,0.393103448275862,0.43448275862069
1,1140,0,0,0,1,3,20,62,54,140,0.0,0.0,0.0,0.007142857142857,0.021428571428571,0.142857142857143,0.442857142857143,0.385714285714286
1,1141,0,0,0,0,4,17,64,50,135,0.0,0.0,0.0,0.0,0.02962962962963,0.125925925925926,0.474074074074074,0.37037037037037
1,1142,0,0,0,0,2,28,46,54,130,0.0,0.0,0.0,0.0,0.015384615384615,0.215384615384615,0.353846153846154,0.415384615384615
1,1143,0,0,0,0,5,16,51,53,125,0.0,0.0,0.0,0.0,0.04,0.128,0.408,0.424
1,1144,0,0,0,1,3,14,57,45,120,0.0,0.0,0.0,0.008333333333333,0.025,0.116666666666667,0.475,0.375
1,1145,0,0,0,0,4,14,51,46,115,0.0,0.0,0.0,0.0,0.034782608695652,0.121739130434783,0.443478260869565,0.4
1,1146,0,0,0,0,2,21,43,44,110,0.0,0.0,0.0,0.0,0.018181818181818,0.190909090909091,0.390909090909091,0.4
1,1147,0,0,0,0,4,11,48,42,105,0.0,0.0,0.0,0.0,0.038095238095238,0.104761904761905,0.457142857142857,0.4
1,1148,0,0,0,0,2,11,43,44,100,0.0,0.0,0.0,0.0,0.02,0.11,0.43,0.44
1,1149,0,0,0,0,1,18,29,47,95,0.0,0.0,0.0,0.0,0.010526315789474,0.189473684210526,0.305263157894737,0.494736842105263
1,1150,0,0,0,0,3,13,36,38,90,0.0,0.0,0.0,0.0,0.033333333333333,0.144444444444444,0.4,0.422222222222222
1,1151,0,0,0,0,2,12,37,34,85,0.0,0.0,0.0,0.0,0.023529411764706,0.141176470588235,0.435294117647059,0.4
1,1152,0,0,0,0,2,17,36,25,80,0.0,0.0,0.0,0.0,0.025,0.2125,0.45,0.3125
1,1153,0,0,0,1,2,12,30,30,75,0.0,0.0,0.0,0.013333333333333,0.026666666666667,0.16,0.4,0.4
1,1154,0,0,0,0,0,8,33,29,70,0.0,0.0,0.0,0.0,0.0,0.114285714285714,0.471428571428571,0.414285714285714
1,1155,0,0,0,0,0,5,27,33,65,0.0,0.0,0.0,0.0,0.0,0.076923076923077,0.415384615384615,0.507692307692308
1,1156,0,0,0,0,1,7,26,26,60,0.0,0.0,0.0,0.0,0.016666666666667,0.116666666666667,0.433333333333333,0.433333333333333
1,1157,0,0,0,0,1,11,23,20,55,0.0,0.0,0.0,0.0,0.018181818181818,0.2,0.418181818181818,0.363636363636364
1,1158,0,0,0,0,3,11,20,16,50,0.0,0.0,0.0,0.0,0.06,0.22,0.4,0.32
1,1159,0,0,0,0,0,6,23,16,45,0.0,0.0,0.0,0.0,0.0,0.133333333333333,0.511111111111111,0.355555555555556
1,1160,0,0,0,0,0,6,14,20,40,0.0,0.0,0.0,0.0,0.0,0.15,0.35,0.5
1,1161,0,0,0,1,0,5,15,14,35,0.0,0.0,0.0,0.028571428571429,0.0,0.142857142857143,0.428571428571429,0.4
1,1162,0,0,0,0,2,2,15,11,30,0.0,0.0,0.0,0.0,0.066666666666667,0.066666666666667,0.5,0.366666666666667
1,1163,0,0,0,0,0,2,10,13,25,0.0,0.0,0.0,0.0,0.0,0.08,0.4,0.52
1,1164,0,0,0,0,0,2,10,8,20,0.0,0.0,0.0,0.0,0.0,0.1,0.5,0.4
1,1165,0,0,0,0,1,1,7,6,15,0.0,0.0,0.0,0.0,0.066666666666667,0.066666666666667,0.466666666666667,0.4
1,1166,0,0,0,0,0,0,7,3,10,0.0,0.0,0.0,0.0,0.0,0.0,0.7,0.3
1,1167,0,0,0,0,0,1,1,3,5,0.0,0.0,0.0,0.0,0.0,0.2,0.2,0.6
2,1,0,0,0,9,115,887,2427,2397,5835,0.0,0.0,0.0,0.001542416452442,0.019708654670094,0.152013710368466,0.415938303341902,0.410796915167095
2,2,0,0,0,9,119,901,2495,2306,5830,0.0,0.0,0.0,0.001543739279588,0.02041166380789,0.154545454545455,0.427958833619211,0.395540308747856
2,3,0,0,0,12,132,901,2471,2309,5825,0.0,0.0,0.0,0.00206008583691,0.022660944206009,0.154678111587983,0.424206008583691,0.396394849785408
2,4,0,0,0,7,126,874,2537,2276,5820,0.0,0.0,0.0,0.001202749140893,0.021649484536082,0.150171821305842,0.435910652920962,0.39106529209622
2,5,0,0,0,8,155,867,2452,2333,5815,0.0,0.0,0.0,0.001375752364574,0.026655202063629,0.149097162510748,0.421668099742046,0.401203783319003
2,6,0,0,0,11,123,827,2466,2383,5810,0.0,0.0,0.0,0.001893287435456,0.021170395869191,0.142340791738382,0.424440619621342,0.410154905335628
2,7,0,0,0,8,149,891,2389,2368,5805,0.0,0.0,0.0,0.001378122308355,0.025667527993109,0.153488372093023,0.411541774332472,0.40792420327304
2,8,0,0,1,11,146,876,2425,2341,5800,0.0,0.0,0.000172413793103,0.001896551724138,0.025172413793103,0.151034482758621,0.418103448275862,0.403620689655172
2,9,0,0,1,10,162,853,2478,2291,5795,0.0,0.0,0.000172562553926,0.001725625539258,0.027955133735979,0.147195858498706,0.427610008628128,0.395340811044003
2,10,0,0,0,11,129,876,2439,2335,5790,0.0,0.0,0.0,0.001899827288428,0.022279792746114,0.151295336787565,0.421243523316062,0.403281519861831
2,11,0,0,0,7,148,891,2504,2235,5785,0.0,0.0,0.0,0.001210025929127,0.025583405358686,0.154019014693172,0.432843560933449,0.386343993085566
2,12,0,0,0,7,121,843,2528,2281,5780,0.0,0.0,0.0,0.00121107266436,0.020934256055363,0.145847750865052,0.437370242214533,0.394636678200692
2,13,0,0,0,6,135,903,2438,2293,5775,0.0,0.0,0.0,0.001038961038961,0.023376623376623,0.156363636363636,0.422164502164502,0.397056277056277
2,14,0,0,0,8,110,884,2505,2263,5770,0.0,0.0,0.0,0.001386481802426,0.019064124783362,0.153206239168111,0.434142114384749,0.392201039861352
2,15,0,0,0,10,155,940,2417,2243,5765,0.0,0.0,0.0,0.001734605377277,0.026886383347788,0.163052905464007,0.419254119687771,0.389071986123157
2,16,0,0,0,10,138,889,2373,2350,5760,0.0,0.0,0.0,0.001736111111111,0.023958333333333,0.154340277777778,0.411979166666667,0.407986111111111
2,17,0,0,0,7,129,900,2425,2294,5755,0.0,0.0,0.0,0.001216333622937,0.02241529105126,0.156385751520417,0.421372719374457,0.39860990443093
2,18,0,0,1,6,113,920,2453,2257,5750,0.0,0.0,0.000173913043478,0.00104347826087,0.019652173913043,0.16,0.426608695652174,0.392521739130435
2,19,0,0,0,8,123,872,2414,2328,5745,0.0,0.0,0.0,0.001392515230635,0.021409921671018,0.151784160139252,0.420191470844212,0.405221932114882
2,20,0,0,0,5,139,857,2439,2300,5740,0.0,0.0,0.0,0.000871080139373,0.024216027874564,0.149303135888502,0.424912891986063,0.400696864111498
2,21,0,0,0,6,128,868,2314,2419,5735,0.0,0.0,0.0,0.00104620749782,0.022319093286835,0.151351351351351,0.403487358326068,0.421795989537925
2,22,0,0,1,9,135,843,2500,2242,5730,0.0,0.0,0.000174520069808,0.001570680628272,0.023560209424084,0.147120418848168,0.43630017452007,0.391273996509599
2,23,0,0,0,9,129,898,2396,2293,5725,0.0,0.0,0.0,0.001572052401747,0.022532751091703,0.156855895196507,0.418515283842795,0.400524017467249
2,24,0,0,0,7,122,850,2441,2300,5720,0.0,0.0,0.0,0.001223776223776,0.021328671328671,0.148601398601399,0.426748251748252,0.402097902097902
2,25,0,0,0,13,109,843,2399,2351,5715,0.0,0.0,0.0,0.002274715660542,0.01907261592301,0.14750656167979,0.419772528433946,0.411373578302712
2,26,0,0,0,7,133,853,2435,2282,5710,0.0,0.0,0.0,0.00122591943958,0.023292469352014,0.14938704028021,0.426444833625219,0.399649737302977
2,27,0,0,1,12,136,860,2387,2309,5705,0.0,0.0,0.000175284837862,0.002103418054338,0.023838737949167,0.150744960560911,0.41840490797546,0.404732690622261
2,28,0,0,1,5,128,860,2435,2271,5700,0.0,0.0,0.000175438596491,0.000877192982456,0.022456140350877,0.150877192982456,0.42719298245614,0.398421052631579
2,29,0,0,1,11,104,884,2435,2260,5695,0.0,0.0,0.00017559262511,0.001931518876207,0.018261633011414,0.155223880597015,0.42756804214223,0.396839332748025
2,30,0,0,1,5,143,808,2501,2232,5690,0.0,0.0,0.000175746924429,0.000878734622144,0.025131810193322,0.142003514938489,0.439543057996485,0.392267135325132
2,31,0,0,0,5,112,871,2474,2223,5685,0.0,0.0,0.0,0.000879507475814,0.019700967458223,0.153210202286719,0.435180299032542,0.391029023746702
2,32,0,0,0,10,122,901,2393,2254,5680,0.0,0.0,0.0,0.001760563380282,0.021478873239437,0.15862676056338,0.421302816901408,0.396830985915493
2,33,0,0,0,9,138,845,2457,2226,5675,0.0,0.0,0.0,0.0015859030837,0.02431718061674,0.148898678414097,0.43295154185022,0.392246696035242
2,34,0,0,0,9,117,915,2370,2259,5670,0.0,0.0,0.0,0.001587301587302,0.020634920634921,0.161375661375661,0.417989417989418,0.398412698412698
2,35,0,0,0,4,133,856,2515,2157,5665,0.0,0.0,0.0,0.000706090026478,0.023477493380406,0.151103265666372,0.443954104148279,0.380759046778464
2,36,0,0,0,8,116,830,2407,2299,5660,0.0,0.0,0.0,0.001413427561837,0.020494699646643,0.146643109540636,0.425265017667845,0.406183745583039
2,37,0,1,0,8,138,901,2359,2248,5655,0.0,0.000176834659593,0.0,0.001414677276746,0.024403183023873,0.159328028293546,0.417152961980548,0.397524314765694
2,38,0,0,0,8,126,861,2394,2261,5650,0.0,0.0,0.0,0.00141592920354,0.022300884955752,0.152389380530973,0.423716814159292,0.400176991150442
2,39,0,0,1,11,130,868,2421,2214,5645,0.0,0.0,0.000177147918512,0.001948627103632,0.023029229406554,0.153764393268379,0.428875110717449,0.392205491585474
2,40,0,0,0,4,128,837,2354,2317,5640,0.0,0.0,0.0,0.000709219858156,0.022695035460993,0.148404255319149,0.417375886524823,0.410815602836879
2,41,0,0,0,10,138,814,2418,2255,5635,0.0,0.0,0.0,0.001774622892635,0.024489795918367,0.144454303460515,0.429103815439219,0.400177462289264
2,42,0,0,1,6,127,826,2409,2261,5630,0.0,0.0,0.000177619893428,0.001065719360568,0.022557726465364,0.146714031971581,0.427886323268206,0.401598579040853
2,43,0,0,0,5,116,827,2413,2264,5625,0.0,0.0,0.0,0.000888888888889,0.020622222222222,0.147022222222222,0.428977777777778,0.402488888888889
2,44,0,0,0,5,116,829,2429,2241,5620,0.0,0.0,0.0,0.000889679715302,0.020640569395018,0.147508896797153,0.43220640569395,0.398754448398576
2,45,0,0,0,6,113,855,2379,2262,5615,0.0,0.0,0.0,0.00106856634016,0.020124666073019,0.152270703472841,0.423686553873553,0.402849510240427
2,46,0,0,0,8,120,867,2379,2236,5610,0.0,0.0,0.0,0.001426024955437,0.021390374331551,0.154545454545455,0.424064171122995,0.398573975044563
2,47,0,0,0,6,134,852,2394,2219,5605,0.0,0.0,0.0,0.00107047279215,0.023907225691347,0.152007136485281,0.427118644067797,0.395896520963426
2,48,0,0,0,3,125,872,2329,2271,5600,0.0,0.0,0.0,0.000535714285714,0.022321428571429,0.155714285714286,0.415892857142857,0.405535714285714
2,49,0,0,0,6,123,890,2349,2227,5595,0.0,0.0,0.0,0.001072386058981,0.021983914209115,0.159070598748883,0.419839142091153,0.398033958891868
2,50,0,0,0,8,132,797,2408,2245,5590,0.0,0.0,0.0,0.001431127012522,0.023613595706619,0.14257602862254,0.430769230769231,0.401610017889088
2,51,0,0,0,13,144,846,2427,2155,5585,0.0,0.0,0.0,0.002327663384064,0.025783348254252,0.151477170993733,0.43455684870188,0.38585496866607
2,52,0,0,0,4,124,901,2341,2210,5580,0.0,0.0,0.0,0.000716845878136,0.022222222222222,0.161469534050179,0.419534050179211,0.396057347670251
2,53,0,0,0,8,130,800,2413,2224,5575,0.0,0.0,0.0,0.001434977578475,0.023318385650224,0.143497757847534,0.432825112107623,0.398923766816143
2,54,0,0,2,9,136,815,2362,2246,5570,0.0,0.0,0.000359066427289,0.001615798922801,0.024416517055655,0.146319569120287,0.424057450628366,0.403231597845601
2,55,0,0,0,7,132,839,2372,2215,5565,0.0,0.0,0.0,0.00125786163522,0.023719676549865,0.150763701707098,0.426235399820306,0.398023360287511
2,56,0,0,0,5,132,831,2403,2189,5560,0.0,0.0,0.0,0.00089928057554,0.023741007194245,0.149460431654676,0.432194244604317,0.393705035971223
2,57,0,0,0,6,119,743,2379,2308,5555,0.0,0.0,0.0,0.001080108010801,0.021422142214221,0.133753375337534,0.428262826282628,0.415481548154815
2,58,0,0,0,10,125,831,2320,2264,5550,0.0,0.0,0.0,0.001801801801802,0.022522522522523,0.14972972972973,0.418018018018018,0.407927927927928
2,59,0,0,1,9,163,895,2333,2144,5545,0.0,0.0,0.000180342651037,0.001623083859333,0.029395852119026,0.161406672678088,0.420739404869252,0.386654643823264
2,60,0,0,0,6,130,799,2355,2250,5540,0.0,0.0,0.0,0.001083032490975,0.023465703971119,0.144223826714801,0.425090252707581,0.406137184115523
2,61,0,0,0,6,127,845,2364,2193,5535,0.0,0.0,0.0,0.001084010840108,0.022944896115628,0.152664859981933,0.42710027100271,0.396205962059621
2,62,0,0,0,11,133,831,2315,2240,5530,0.0,0.0,0.0,0.001989150090416,0.024050632911392,0.150271247739602,0.418625678119349,0.405063291139241
2,63,0,0,0,7,125,854,2361,2178,5525,0.0,0.0,0.0,0.001266968325792,0.02262443438914,0.154570135746606,0.427330316742081,0.39420814479638
2,64,0,0,0,3,127,840,2362,2188,5520,0.0,0.0,0.0,0.00054347826087,0.023007246376812,0.152173913043478,0.427898550724638,0.396376811594203
2,65,0,0,1,6,126,841,2270,2271,5515,0.0,0.0,0.000181323662738,0.001087941976428,0.022846781504986,0.152493200362647,0.411604714415231,0.411786038077969
2,66,0,0,0,5,131,848,2314,2212,5510,0.0,0.0,0.0,0.000907441016334,0.023774954627949,0.153901996370236,0.419963702359347,0.401451905626134
2,67,0,0,0,3,130,845,2327,2200,5505,0.0,0.0,0.0,0.000544959128065,0.0236148955495,0.153496821071753,0.422706630336058,0.399636693914623
2,68,0,0,1,7,128,815,2249,2300,5500,0.0,0.0,0.000181818181818,0.001272727272727,0.023272727272727,0.148181818181818,0.408909090909091,0.418181818181818
2,69,0,0,0,7,119,828,2329,2212,5495,0.0,0.0,0.0,0.001273885350318,0.021656050955414,0.150682438580528,0.423839854413103,0.402547770700637
2,70,0,0,0,6,127,814,2385,2158,5490,0.0,0.0,0.0,0.001092896174863,0.023132969034608,0.148269581056466,0.434426229508197,0.393078324225865
2,71,0,0,0,6,131,884,2264,2200,5485,0.0,0.0,0.0,0.001093892433911,0.023883318140383,0.161166818596171,0.412762078395624,0.401093892433911
2,72,0,0,1,7,113,802,2314,2243,5480,0.0,0.0,0.000182481751825,0.001277372262774,0.020620437956204,0.146350364963504,0.422262773722628,0.409306569343066
2,73,0,0,0,8,125,782,2362,2198,5475,0.0,0.0,0.0,0.001461187214612,0.022831050228311,0.14283105022831,0.431415525114155,0.401461187214612
2,74,0,0,0,11,105,820,2376,2158,5470,0.0,0.0,0.0,0.002010968921389,0.019195612431444,0.149908592321755,0.43436928702011,0.394515539305302
2,75,0,0,1,9,125,846,2283,2201,5465,0.0,0.0,0.000182982616651,0.001646843549863,0.022872827081427,0.1548032936871,0.417749313815188,0.402744739249771
2,76,0,0,0,5,140,831,2265,2219,5460,0.0,0.0,0.0,0.000915750915751,0.025641025641026,0.152197802197802,0.414835164835165,0.406410256410256
2,77,0,0,0,15,102,823,2368,2147,5455,0.0,0.0,0.0,0.002749770852429,0.018698441796517,0.150870760769936,0.434097158570119,0.393583868010999
2,78,0,0,0,8,113,795,2372,2162,5450,0.0,0.0,0.0,0.001467889908257,0.020733944954128,0.145871559633028,0.435229357798165,0.396697247706422
2,79,0,0,0,9,108,804,2342,2182,5445,0.0,0.0,0.0,0.001652892561983,0.019834710743802,0.147658402203857,0.430119375573921,0.400734618916437
2,80,0,0,0,8,115,796,2302,2219,5440,0.0,0.0,0.0,0.001470588235294,0.021139705882353,0.146323529411765,0.423161764705882,0.407904411764706
2,81,0,0,0,9,142,832,2293,2159,5435,0.0,0.0,0.0,0.001655933762649,0.026126954921803,0.153081876724931,0.421895124195032,0.397240110395584
2,82,0,0,0,6,118,812,2311,2183,5430,0.0,0.0,0.0,0.001104972375691,0.021731123388582,0.149539594843462,0.425598526703499,0.402025782688766
2,83,0,0,0,11,118,785,2310,2201,5425,0.0,0.0,0.0,0.002027649769585,0.021751152073733,0.144700460829493,0.425806451612903,0.405714285714286
2,84,0,0,0,11,116,816,2346,2131,5420,0.0,0.0,0.0,0.002029520295203,0.02140221402214,0.150553505535055,0.432841328413284,0.393173431734317
2,85,0,0,0,6,124,832,2294,2159,5415,0.0,0.0,0.0,0.001108033240997,0.022899353647276,0.153647276084949,0.423638042474608,0.39870729455217
2,86,0,0,0,9,121,818,2314,2148,5410,0.0,0.0,0.0,0.001663585951941,0.022365988909427,0.151201478743068,0.427726432532347,0.397042513863216
2,87,0,0,0,12,136,853,2262,2142,5405,0.0,0.0,0.0,0.002220166512488,0.025161887141536,0.15781683626272,0.41850138760407,0.396299722479186
2,88,0,0,0,7,117,818,2335,2123,5400,0.0,0.0,0.0,0.001296296296296,0.021666666666667,0.151481481481481,0.432407407407407,0.393148148148148
2,89,0,0,0,5,124,816,2292,2158,5395,0.0,0.0,0.0,0.000926784059314,0.022984244670992,0.151251158480074,0.42483781278962,0.4
2,90,0,0,0,9,123,803,2317,2138,5390,0.0,0.0,0.0,0.001669758812616,0.022820037105751,0.148979591836735,0.42987012987013,0.396660482374768
2,91,0,0,0,4,129,791,2291,2170,5385,0.0,0.0,0.0,0.000742804085422,0.023955431754875,0.146889507892293,0.42544103992572,0.40297121634169
2,92,0,0,0,8,121,832,2357,2062,5380,0.0,0.0,0.0,0.001486988847584,0.022490706319703,0.154646840148699,0.438104089219331,0.383271375464684
2,93,0,0,0,9,116,861,2241,2148,5375,0.0,0.0,0.0,0.001674418604651,0.021581395348837,0.160186046511628,0.41693023255814,0.399627906976744
2,94,0,0,1,10,114,787,2336,2122,5370,0.0,0.0,0.000186219739292,0.001862197392924,0.02122905027933,0.146554934823091,0.435009310986965,0.395158286778399
2,95,0,0,0,14,115,798,2306,2132,5365,0.0,0.0,0.0,0.002609506057782,0.02143522833178,0.148741845293569,0.429822926374651,0.397390493942218
2,96,0,0,0,4,117,772,2283,2184,5360,0.0,0.0,0.0,0.000746268656716,0.021828358208955,0.144029850746269,0.425932835820896,0.407462686567164
2,97,0,0,0,5,108,798,2316,2128,5355,0.0,0.0,0.0,0.00093370681606,0.020168067226891,0.149019607843137,0.43249299719888,0.397385620915033
2,98,0,0,0,10,118,833,2274,2115,5350,0.0,0.0,0.0,0.001869158878505,0.022056074766355,0.155700934579439,0.425046728971963,0.395327102803738
2,99,0,0,0,12,130,808,2243,2152,5345,0.0,0.0,0.0,0.002245088868101,0.024321796071094,0.151169317118803,0.419644527595884,0.402619270346118
2,100,0,0,0,8,115,765,2378,2074,5340,0.0,0.0,0.0,0.001498127340824,0.021535580524345,0.143258426966292,0.445318352059925,0.388389513108614
2,101,0,0,0,11,136,825,2258,2105,5335,0.0,0.0,0.0,0.002061855670103,0.025492033739456,0.154639175257732,0.423242736644799,0.39456419868791
2,102,0,0,1,7,144,823,2353,2002,5330,0.0,0.0,0.000187617260788,0.001313320825516,0.027016885553471,0.154409005628518,0.441463414634146,0.375609756097561
2,103,0,0,0,7,118,784,2251,2165,5325,0.0,0.0,0.0,0.00131455399061,0.022159624413146,0.147230046948357,0.422723004694836,0.406572769953052
2,104,0,0,0,6,116,839,2225,2134,5320,0.0,0.0,0.0,0.001127819548872,0.021804511278195,0.157706766917293,0.418233082706767,0.401127819548872
2,105,0,0,0,7,125,792,2252,2139,5315,0.0,0.0,0.0,0.001317027281279,0.023518344308561,0.14901222953904,0.423706491063029,0.40244590780809
2,106,0,0,0,7,130,799,2270,2104,5310,0.0,0.0,0.0,0.001318267419962,0.024482109227872,0.150470809792844,0.427495291902072,0.39623352165725
2,107,0,0,0,6,127,848,2251,2073,5305,0.0,0.0,0.0,0.001131008482564,0.023939679547597,0.159849198868992,0.424316682375118,0.39076343072573
2,108,0,0,0,4,138,800,2244,2114,5300,0.0,0.0,0.0,0.000754716981132,0.026037735849057,0.150943396226415,0.423396226415094,0.398867924528302
2,109,0,0,0,14,111,795,2232,2143,5295,0.0,0.0,0.0,0.002644003777148,0.020963172804533,0.15014164305949,0.421529745042493,0.404721435316336
2,110,0,0,0,5,119,818,2225,2123,5290,0.0,0.0,0.0,0.000945179584121,0.022495274102079,0.154631379962193,0.420604914933837,0.401323251417769
2,111,0,0,0,5,120,857,2207,2096,5285,0.0,0.0,0.0,0.000946073793756,0.022705771050142,0.162157048249763,0.41759697256386,0.396594134342479
2,112,0,0,0,8,121,790,2320,2041,5280,0.0,0.0,0.0,0.001515151515152,0.022916666666667,0.149621212121212,0.439393939393939,0.38655303030303
2,113,0,0,0,9,103,791,2238,2134,5275,0.0,0.0,0.0,0.001706161137441,0.019526066350711,0.149952606635071,0.424265402843602,0.404549763033175
2,114,0,0,1,5,110,805,2242,2107,5270,0.0,0.0,0.000189753320683,0.000948766603416,0.020872865275142,0.152751423149905,0.425426944971537,0.399810246679317
2,115,0,0,0,10,113,768,2252,2122,5265,0.0,0.0,0.0,0.001899335232669,0.021462488129155,0.145868945868946,0.427730294396961,0.40303893637227
2,116,0,0,0,9,113,763,2224,2151,5260,0.0,0.0,0.0,0.00171102661597,0.02148288973384,0.145057034220532,0.422813688212928,0.40893536121673
2,117,0,0,1,9,99,836,2201,2109,5255,0.0,0.0,0.000190294957184,0.001712654614653,0.01883920076118,0.159086584205519,0.41883920076118,0.401332064700285
2,118,0,0,1,5,132,794,2267,2051,5250,0.0,0.0,0.000190476190476,0.000952380952381,0.025142857142857,0.151238095238095,0.431809523809524,0.390666666666667
2,119,0,0,0,6,141,791,2191,2116,5245,0.0,0.0,0.0,0.001143946615825,0.026882745471878,0.150810295519542,0.417731172545281,0.403431839847474
2,120,0,0,0,8,122,752,2281,2077,5240,0.0,0.0,0.0,0.001526717557252,0.023282442748092,0.143511450381679,0.43530534351145,0.396374045801527
2,121,0,0,0,8,132,765,2254,2076,5235,0.0,0.0,0.0,0.00152817574021,0.025214899713467,0.146131805157593,0.430563514804202,0.396561604584527
2,122,0,0,0,4,122,822,2169,2113,5230,0.0,0.0,0.0,0.000764818355641,0.023326959847036,0.15717017208413,0.41472275334608,0.404015296367113
2,123,0,0,1,8,108,821,2167,2120,5225,0.0,0.0,0.000191387559809,0.001531100478469,0.02066985645933,0.157129186602871,0.414736842105263,0.405741626794258
2,124,0,0,1,4,118,822,2137,2138,5220,0.0,0.0,0.000191570881226,0.000766283524904,0.022605363984674,0.157471264367816,0.409386973180077,0.409578544061303
2,125,0,0,0,3,97,773,2189,2153,5215,0.0,0.0,0.0,0.000575263662512,0.018600191754554,0.148226270373921,0.419750719079578,0.412847555129434
2,126,0,0,0,7,115,813,2211,2064,5210,0.0,0.0,0.0,0.001343570057582,0.022072936660269,0.156046065259117,0.424376199616123,0.39616122840691
2,127,0,0,0,11,111,739,2230,2114,5205,0.0,0.0,0.0,0.002113352545629,0.021325648414986,0.141978866474544,0.428434197886647,0.406147934678194
2,128,0,0,0,3,118,760,2226,2093,5200,0.0,0.0,0.0,0.000576923076923,0.022692307692308,0.146153846153846,0.428076923076923,0.4025
2,129,0,0,0,9,112,766,2200,2108,5195,0.0,0.0,0.0,0.001732435033686,0.021559191530318,0.147449470644851,0.423484119345525,0.405774783445621
2,130,0,0,1,6,113,805,2218,2047,5190,0.0,0.0,0.00019267822736,0.001156069364162,0.021772639691715,0.155105973025048,0.427360308285164,0.394412331406551
2,131,0,0,1,12,118,793,2157,2104,5185,0.0,0.0,0.000192864030858,0.002314368370299,0.022757955641273,0.152941176470588,0.416007714561234,0.405785920925747
2,132,0,0,0,8,111,773,2272,2016,5180,0.0,0.0,0.0,0.001544401544402,0.021428571428571,0.149227799227799,0.438610038610039,0.389189189189189
2,133,0,0,0,11,104,773,2218,2069,5175,0.0,0.0,0.0,0.002125603864734,0.020096618357488,0.149371980676329,0.428599033816425,0.399806763285024
2,134,0,0,0,12,128,770,2178,2082,5170,0.0,0.0,0.0,0.002321083172147,0.024758220502901,0.148936170212766,0.421276595744681,0.402707930367505
2,135,0,0,1,5,122,792,2203,2042,5165,0.0,0.0,0.000193610842207,0.000968054211036,0.023620522749274,0.153339787028074,0.426524685382381,0.395353339787028
2,136,0,0,0,0,119,813,2153,2075,5160,0.0,0.0,0.0,0.0,0.023062015503876,0.157558139534884,0.417248062015504,0.402131782945736
2,137,0,0,0,9,118,794,2178,2056,5155,0.0,0.0,0.0,0.001745877788555,0.022890397672163,0.154025218234724,0.422502424830262,0.398836081474297
2,138,0,0,1,8,109,789,2184,2059,5150,0.0,0.0,0.000194174757282,0.001553398058252,0.021165048543689,0.153203883495146,0.424077669902913,0.399805825242718
2,139,0,0,0,9,108,756,2186,2086,5145,0.0,0.0,0.0,0.001749271137026,0.020991253644315,0.146938775510204,0.424878522837706,0.405442176870748
2,140,0,0,0,8,100,770,2199,2063,5140,0.0,0.0,0.0,0.001556420233463,0.019455252918288,0.149805447470817,0.427821011673152,0.40136186770428
2,141,0,0,0,4,113,761,2192,2065,5135,0.0,0.0,0.0,0.000778967867575,0.022005842259007,0.148198636806232,0.426874391431353,0.402142161635832
2,142,0,0,0,5,119,745,2198,2063,5130,0.0,0.0,0.0,0.000974658869396,0.023196881091618,0.145224171539961,0.428460038986355,0.402144249512671
2,143,0,0,0,5,110,812,2135,2063,5125,0.0,0.0,0.0,0.000975609756098,0.021463414634146,0.158439024390244,0.416585365853659,0.402536585365854
2,144,0,0,0,9,117,796,2188,2010,5120,0.0,0.0,0.0,0.0017578125,0.0228515625,0.15546875,0.42734375,0.392578125
2,145,0,0,1,5,112,799,2151,2047,5115,0.0,0.0,0.00019550342131,0.000977517106549,0.021896383186706,0.156207233626588,0.420527859237537,0.40019550342131
2,146,0,0,0,8,120,806,2143,2033,5110,0.0,0.0,0.0,0.001565557729941,0.023483365949119,0.157729941291585,0.419373776908023,0.397847358121331
2,147,0,0,0,5,130,814,2111,2045,5105,0.0,0.0,0.0,0.000979431929481,0.025465230166503,0.159451518119491,0.413516160626836,0.400587659157689
2,148,0,0,0,4,111,750,2150,2085,5100,0.0,0.0,0.0,0.00078431372549,0.021764705882353,0.147058823529412,0.42156862745098,0.408823529411765
2,149,0,0,0,7,102,808,2153,2025,5095,0.0,0.0,0.0,0.001373895976447,0.020019627085378,0.158586849852797,0.422571148184495,0.397448478900883
2,150,0,0,0,6,131,749,2197,2007,5090,0.0,0.0,0.0,0.001178781925344,0.02573673870334,0.147151277013752,0.431630648330059,0.394302554027505
2,151,0,0,0,5,111,773,2173,2023,5085,0.0,0.0,0.0,0.000983284169125,0.021828908554572,0.152015732546706,0.427335299901672,0.397836774827925
2,152,0,0,0,5,103,778,2165,2029,5080,0.0,0.0,0.0,0.000984251968504,0.020275590551181,0.153149606299213,0.426181102362205,0.399409448818898
2,153,0,0,0,10,127,730,2148,2060,5075,0.0,0.0,0.0,0.001970443349754,0.025024630541872,0.14384236453202,0.423251231527094,0.405911330049261
2,154,0,0,0,6,112,761,2208,1983,5070,0.0,0.0,0.0,0.001183431952663,0.022090729783037,0.150098619329389,0.435502958579882,0.39112426035503
2,155,0,0,0,9,88,783,2155,2030,5065,0.0,0.0,0.0,0.00177690029615,0.017374136229023,0.154590325765054,0.425468904244817,0.400789733464956
2,156,0,0,0,3,114,709,2171,2063,5060,0.0,0.0,0.0,0.000592885375494,0.022529644268775,0.140118577075099,0.42905138339921,0.407707509881423
2,157,0,0,0,7,115,766,2157,2010,5055,0.0,0.0,0.0,0.001384767556874,0.022749752720079,0.151533135509397,0.426706231454006,0.397626112759644
2,158,0,0,0,9,128,777,2105,2031,5050,0.0,0.0,0.0,0.001782178217822,0.025346534653465,0.153861386138614,0.416831683168317,0.402178217821782
2,159,0,0,0,9,133,717,2138,2048,5045,0.0,0.0,0.0,0.001783944499504,0.026362735381566,0.142120911793855,0.423785926660059,0.405946481665015
2,160,0,0,0,10,114,770,2121,2025,5040,0.0,0.0,0.0,0.001984126984127,0.022619047619048,0.152777777777778,0.420833333333333,0.401785714285714
2,161,0,0,0,6,100,736,2153,2040,5035,0.0,0.0,0.0,0.001191658391261,0.019860973187686,0.14617676266137,0.427606752730884,0.405163853028798
2,162,0,0,0,6,100,789,2101,2034,5030,0.0,0.0,0.0,0.001192842942346,0.019880715705765,0.156858846918489,0.417693836978131,0.404373757455268
2,163,0,0,0,5,114,774,2154,1978,5025,0.0,0.0,0.0,0.000995024875622,0.022686567164179,0.154029850746269,0.42865671641791,0.39363184079602
2,164,0,0,0,11,140,752,2183,1934,5020,0.0,0.0,0.0,0.002191235059761,0.027888446215139,0.149800796812749,0.434860557768924,0.385258964143426
2,165,0,0,0,8,120,767,2100,2020,5015,0.0,0.0,0.0,0.001595214356929,0.023928215353938,0.152941176470588,0.418743768693918,0.402791625124626
2,166,0,0,0,7,108,763,2166,1966,5010,0.0,0.0,0.0,0.001397205588822,0.021556886227545,0.152295409181637,0.432335329341317,0.392415169660679
2,167,0,0,0,8,106,772,2086,2033,5005,0.0,0.0,0.0,0.001598401598402,0.021178821178821,0.154245754245754,0.416783216783217,0.406193806193806
2,168,0,0,0,3,94,756,2119,2028,5000,0.0,0.0,0.0,0.0006,0.0188,0.1512,0.4238,0.4056
2,169,0,0,1,8,95,737,2127,2027,4995,0.0,0.0,0.0002002002002,0.001601601601602,0.019019019019019,0.147547547547548,0.425825825825826,0.405805805805806
2,170,0,0,0,9,113,777,2076,2015,4990,0.0,0.0,0.0,0.001803607214429,0.022645290581162,0.155711422845691,0.416032064128256,0.403807615230461
2,171,0,0,0,7,112,786,2163,1917,4985,0.0,0.0,0.0,0.001404212637914,0.02246740220662,0.157673019057172,0.433901705115346,0.384553660982949
2,172,0,0,0,5,101,730,2196,1948,4980,0.0,0.0,0.0,0.001004016064257,0.020281124497992,0.146586345381526,0.440963855421687,0.391164658634538
2,173,0,0,0,4,98,755,2145,1973,4975,0.0,0.0,0.0,0.000804020100503,0.019698492462312,0.151758793969849,0.431155778894472,0.396582914572864
2,174,0,0,1,6,129,748,2151,1935,4970,0.0,0.0,0.000201207243461,0.001207243460765,0.025955734406439,0.150503018108652,0.432796780684105,0.389336016096579
2,175,0,0,0,6,119,800,2067,1973,4965,0.0,0.0,0.0,0.001208459214502,0.023967774420947,0.161127895266868,0.41631419939577,0.397381671701913
2,176,0,0,0,2,112,769,2078,1999,4960,0.0,0.0,0.0,0.000403225806452,0.02258064516129,0.155040322580645,0.418951612903226,0.403024193548387
2,177,0,0,0,3,100,762,2104,1986,4955,0.0,0.0,0.0,0.000605449041372,0.020181634712412,0.153784056508577,0.424621594349142,0.400807265388496
2,178,0,0,0,5,103,715,2119,2008,4950,0.0,0.0,0.0,0.001010101010101,0.020808080808081,0.144444444444444,0.428080808080808,0.405656565656566
2,179,0,0,0,6,105,766,2084,1984,4945,0.0,0.0,0.0,0.001213346814965,0.021233569261881,0.154903943377149,0.421435793731041,0.401213346814965
2,180,0,0,0,9,98,684,2092,2057,4940,0.0,0.0,0.0,0.001821862348178,0.019838056680162,0.138461538461538,0.423481781376518,0.416396761133603
2,181,0,0,0,7,116,748,2083,1981,4935,0.0,0.0,0.0,0.001418439716312,0.023505572441743,0.151570415400203,0.422087132725431,0.401418439716312
2,182,0,0,1,2,107,751,2106,1963,4930,0.0,0.0,0.000202839756592,0.000405679513185,0.021703853955375,0.152332657200811,0.427180527383367,0.398174442190669
2,183,0,0,0,15,93,792,2014,2011,4925,0.0,0.0,0.0,0.003045685279188,0.018883248730964,0.160812182741117,0.408934010152284,0.408324873096447
2,184,0,0,0,10,110,780,2044,1976,4920,0.0,0.0,0.0,0.002032520325203,0.022357723577236,0.158536585365854,0.415447154471545,0.401626016260163
2,185,0,0,0,6,90,758,2092,1969,4915,0.0,0.0,0.0,0.001220752797558,0.018311291963377,0.154221770091556,0.425635808748728,0.400610376398779
2,186,0,0,0,3,107,747,2064,1989,4910,0.0,0.0,0.0,0.00061099796334,0.021792260692464,0.15213849287169,0.420366598778004,0.405091649694501
2,187,0,0,0,9,110,766,2053,1967,4905,0.0,0.0,0.0,0.001834862385321,0.022426095820591,0.156167176350663,0.41855249745158,0.401019367991845
2,188,0,0,0,7,122,752,2026,1993,4900,0.0,0.0,0.0,0.001428571428571,0.024897959183673,0.153469387755102,0.413469387755102,0.406734693877551
2,189,0,0,0,5,101,747,2103,1939,4895,0.0,0.0,0.0,0.001021450459653,0.020633299284985,0.152604698672114,0.429622063329928,0.39611848825332
2,190,0,0,0,3,104,696,2095,1992,4890,0.0,0.0,0.0,0.000613496932515,0.021267893660532,0.142331288343558,0.428425357873211,0.407361963190184
2,191,0,0,0,6,108,739,2053,1979,4885,0.0,0.0,0.0,0.001228249744115,0.022108495394063,0.151279426816786,0.420266120777891,0.405117707267144
2,192,0,0,0,3,121,748,2067,1941,4880,0.0,0.0,0.0,0.000614754098361,0.024795081967213,0.15327868852459,0.423565573770492,0.397745901639344
2,193,0,0,0,6,113,726,2045,1985,4875,0.0,0.0,0.0,0.001230769230769,0.023179487179487,0.148923076923077,0.41948717948718,0.407179487179487
2,194,0,0,0,8,101,739,2064,1958,4870,0.0,0.0,0.0,0.001642710472279,0.020739219712526,0.151745379876797,0.423819301848049,0.402053388090349
2,195,0,0,0,10,101,729,2055,1970,4865,0.0,0.0,0.0,0.002055498458376,0.020760534429599,0.149845837615622,0.4224049331963,0.404933196300103
2,196,0,0,0,4,105,758,2037,1956,4860,0.0,0.0,0.0,0.00082304526749,0.021604938271605,0.1559670781893,0.419135802469136,0.402469135802469
2,197,0,0,0,3,103,714,2049,1986,4855,0.0,0.0,0.0,0.000617919670443,0.021215242018538,0.147064881565396,0.422039134912461,0.409062821833162
2,198,0,0,0,11,121,719,2006,1993,4850,0.0,0.0,0.0,0.002268041237113,0.024948453608247,0.148247422680412,0.41360824742268,0.410927835051546
2,199,0,0,0,6,113,768,2065,1893,4845,0.0,0.0,0.0,0.001238390092879,0.023323013415893,0.158513931888545,0.426212590299278,0.390712074303406
2,200,0,0,0,8,132,749,2046,1905,4840,0.0,0.0,0.0,0.001652892561983,0.027272727272727,0.154752066115702,0.422727272727273,0.393595041322314
2,201,0,0,1,7,105,677,2084,1961,4835,0.0,0.0,0.000206825232678,0.001447776628749,0.021716649431231,0.140020682523268,0.431023784901758,0.405584281282316
2,202,0,0,0,2,120,713,2046,1949,4830,0.0,0.0,0.0,0.000414078674948,0.024844720496894,0.147619047619048,0.42360248447205,0.40351966873706
2,203,0,0,0,6,106,738,2072,1903,4825,0.0,0.0,0.0,0.001243523316062,0.021968911917098,0.152953367875648,0.429430051813471,0.39440414507772
2,204,0,0,0,5,120,746,2029,1920,4820,0.0,0.0,0.0,0.00103734439834,0.024896265560166,0.154771784232365,0.420954356846473,0.398340248962656
2,205,0,0,0,7,87,720,2073,1928,4815,0.0,0.0,0.0,0.001453790238837,0.018068535825545,0.149532710280374,0.430529595015576,0.400415368639668
2,206,0,0,0,5,99,706,2045,1955,4810,0.0,0.0,0.0,0.001039501039501,0.020582120582121,0.146777546777547,0.425155925155925,0.406444906444906
2,207,0,0,0,4,116,764,2065,1856,4805,0.0,0.0,0.0,0.000832466181061,0.02414151925078,0.159001040582726,0.429760665972945,0.386264308012487
2,208,0,0,0,7,98,718,2037,1940,4800,0.0,0.0,0.0,0.001458333333333,0.020416666666667,0.149583333333333,0.424375,0.404166666666667
2,209,0,0,0,10,105,767,2030,1883,4795,0.0,0.0,0.0,0.002085505735141,0.021897810218978,0.159958289885297,0.423357664233577,0.392700729927007
2,210,0,0,0,8,111,737,1975,1959,4790,0.0,0.0,0.0,0.001670146137787,0.023173277661795,0.153862212943633,0.41231732776618,0.408977035490605
2,211,0,0,0,9,140,711,1936,1989,4785,0.0,0.0,0.0,0.001880877742947,0.029258098223615,0.14858934169279,0.404597701149425,0.415673981191223
2,212,0,0,0,8,94,703,2001,1974,4780,0.0,0.0,0.0,0.001673640167364,0.019665271966527,0.147071129707113,0.418619246861925,0.412970711297071
2,213,0,0,0,11,120,720,2010,1914,4775,0.0,0.0,0.0,0.002303664921466,0.025130890052356,0.150785340314136,0.420942408376963,0.400837696335079
2,214,0,0,0,5,107,731,2029,1898,4770,0.0,0.0,0.0,0.00104821802935,0.022431865828092,0.153249475890985,0.425366876310273,0.3979035639413
2,215,0,0,1,6,122,707,1999,1930,4765,0.0,0.0,0.000209863588667,0.001259181532004,0.025603357817419,0.148373557187828,0.419517313746065,0.405036726128017
2,216,0,0,0,9,112,714,2017,1908,4760,0.0,0.0,0.0,0.001890756302521,0.023529411764706,0.15,0.423739495798319,0.400840336134454
2,217,0,0,0,5,115,729,1980,1926,4755,0.0,0.0,0.0,0.001051524710831,0.024185068349106,0.153312302839117,0.416403785488959,0.405047318611987
2,218,0,0,0,8,95,655,2124,1868,4750,0.0,0.0,0.0,0.001684210526316,0.02,0.137894736842105,0.447157894736842,0.393263157894737
2,219,0,0,0,4,100,689,1974,1978,4745,0.0,0.0,0.0,0.000842992623815,0.021074815595364,0.145205479452055,0.416016859852476,0.416859852476291
2,220,0,0,0,4,130,743,2052,1811,4740,0.0,0.0,0.0,0.00084388185654,0.027426160337553,0.156751054852321,0.432911392405063,0.382067510548523
2,221,0,0,0,4,93,712,2038,1888,4735,0.0,0.0,0.0,0.000844772967265,0.019640971488912,0.150369588173178,0.430411826821542,0.398732840549102
2,222,0,0,1,6,115,687,2020,1901,4730,0.0,0.0,0.000211416490486,0.001268498942918,0.02431289640592,0.145243128964059,0.427061310782241,0.401902748414376
2,223,0,0,0,7,92,720,2010,1896,4725,0.0,0.0,0.0,0.001481481481481,0.019470899470899,0.152380952380952,0.425396825396825,0.401269841269841
2,224,0,0,0,8,111,740,1994,1867,4720,0.0,0.0,0.0,0.001694915254237,0.023516949152542,0.156779661016949,0.422457627118644,0.395550847457627
2,225,0,0,0,4,103,694,1996,1918,4715,0.0,0.0,0.0,0.00084835630965,0.021845174973489,0.147189819724284,0.423329798515376,0.4067868504772
2,226,0,0,0,9,107,714,2042,1838,4710,0.0,0.0,0.0,0.001910828025478,0.022717622080679,0.151592356687898,0.433545647558386,0.390233545647558
2,227,0,0,0,10,112,735,1982,1866,4705,0.0,0.0,0.0,0.002125398512221,0.023804463336876,0.156216790648247,0.42125398512221,0.396599362380446
2,228,0,0,0,2,111,712,1979,1896,4700,0.0,0.0,0.0,0.000425531914894,0.023617021276596,0.151489361702128,0.421063829787234,0.403404255319149
2,229,0,1,1,5,112,748,1986,1842,4695,0.0,0.000212992545261,0.000212992545261,0.001064962726305,0.023855165069223,0.159318423855165,0.423003194888179,0.392332268370607
2,230,0,0,1,3,103,710,1987,1886,4690,0.0,0.0,0.000213219616205,0.000639658848614,0.021961620469083,0.151385927505331,0.423667377398721,0.402132196162047
2,231,0,0,0,7,121,673,2007,1877,4685,0.0,0.0,0.0,0.001494130202775,0.025827107790822,0.143649946638207,0.428388473852721,0.400640341515475
2,232,0,0,0,3,97,649,2012,1919,4680,0.0,0.0,0.0,0.000641025641026,0.020726495726496,0.138675213675214,0.42991452991453,0.410042735042735
2,233,0,0,0,7,101,717,1961,1889,4675,0.0,0.0,0.0,0.001497326203209,0.021604278074866,0.153368983957219,0.419465240641711,0.404064171122995
2,234,1,0,0,6,101,702,2029,1831,4670,0.000214132762313,0.0,0.0,0.001284796573876,0.021627408993576,0.150321199143469,0.434475374732334,0.392077087794433
2,235,0,0,0,4,115,689,1953,1904,4665,0.0,0.0,0.0,0.00085744908896,0.02465166130761,0.147695605573419,0.418649517684887,0.408145766345123
2,236,0,0,0,12,107,739,1932,1870,4660,0.0,0.0,0.0,0.002575107296137,0.022961373390558,0.158583690987124,0.414592274678112,0.401287553648069
2,237,0,0,0,4,129,706,1961,1855,4655,0.0,0.0,0.0,0.000859291084855,0.027712137486574,0.151664876476907,0.421267454350161,0.398496240601504
2,238,0,0,0,1,122,689,1960,1878,4650,0.0,0.0,0.0,0.000215053763441,0.026236559139785,0.148172043010753,0.421505376344086,0.403870967741935
2,239,0,0,0,9,105,726,1941,1864,4645,0.0,0.0,0.0,0.001937567276642,0.022604951560818,0.156297093649085,0.417868675995694,0.401291711517761
2,240,0,0,0,8,102,677,2020,1833,4640,0.0,0.0,0.0,0.001724137931034,0.02198275862069,0.145905172413793,0.435344827586207,0.395043103448276
2,241,0,0,0,6,101,701,1981,1846,4635,0.0,0.0,0.0,0.001294498381877,0.021790722761597,0.151240560949299,0.42740021574973,0.398274002157497
2,242,0,0,1,1,102,706,1928,1892,4630,0.0,0.0,0.000215982721382,0.000215982721382,0.022030237580994,0.152483801295896,0.416414686825054,0.408639308855292
2,243,0,0,1,7,103,666,1930,1918,4625,0.0,0.0,0.000216216216216,0.001513513513514,0.02227027027027,0.144,0.417297297297297,0.414702702702703
2,244,0,0,0,7,90,699,1963,1861,4620,0.0,0.0,0.0,0.001515151515152,0.019480519480519,0.151298701298701,0.424891774891775,0.402813852813853
2,245,0,0,0,6,106,654,1985,1864,4615,0.0,0.0,0.0,0.001300108342362,0.02296858071506,0.141711809317443,0.43011917659805,0.403900325027086
2,246,0,0,0,6,111,705,1934,1854,4610,0.0,0.0,0.0,0.001301518438178,0.024078091106291,0.1529284164859,0.419522776572668,0.402169197396963
2,247,0,0,1,3,120,663,1937,1881,4605,0.0,0.0,0.000217155266015,0.000651465798046,0.026058631921824,0.143973941368078,0.420629750271444,0.408469055374593
2,248,0,0,0,7,105,688,1901,1899,4600,0.0,0.0,0.0,0.001521739130435,0.022826086956522,0.149565217391304,0.413260869565217,0.412826086956522
2,249,0,0,0,6,126,695,1895,1873,4595,0.0,0.0,0.0,0.001305767138194,0.027421109902067,0.151251360174102,0.41240478781284,0.407616974972797
2,250,0,0,1,9,90,708,1926,1856,4590,0.0,0.0,0.000217864923747,0.001960784313725,0.019607843137255,0.154248366013072,0.419607843137255,0.404357298474946
2,251,0,0,0,5,110,673,1964,1833,4585,0.0,0.0,0.0,0.001090512540894,0.023991275899673,0.146782988004362,0.42835332606325,0.399781897491821
2,252,0,0,0,8,105,673,1988,1806,4580,0.0,0.0,0.0,0.00174672489083,0.02292576419214,0.146943231441048,0.434061135371179,0.394323144104804
2,253,0,0,0,3,110,708,1957,1797,4575,0.0,0.0,0.0,0.000655737704918,0.024043715846995,0.154754098360656,0.42775956284153,0.392786885245902
2,254,0,0,0,1,91,728,1911,1839,4570,0.0,0.0,0.0,0.000218818380744,0.019912472647702,0.159299781181619,0.418161925601751,0.402407002188184
2,255,0,0,0,3,98,696,1941,1827,4565,0.0,0.0,0.0,0.00065717415115,0.021467688937568,0.152464403066813,0.425191675794085,0.400219058050383
2,256,0,0,0,4,92,663,1976,1825,4560,0.0,0.0,0.0,0.000877192982456,0.020175438596491,0.145394736842105,0.433333333333333,0.400219298245614
2,257,0,0,0,6,113,672,1961,1803,4555,0.0,0.0,0.0,0.001317233809001,0.024807903402854,0.147530186608123,0.430515916575192,0.39582875960483
2,258,0,0,0,7,110,674,1958,1801,4550,0.0,0.0,0.0,0.001538461538462,0.024175824175824,0.148131868131868,0.43032967032967,0.395824175824176
2,259,0,0,0,6,116,709,1905,1809,4545,0.0,0.0,0.0,0.001320132013201,0.025522552255226,0.155995599559956,0.419141914191419,0.398019801980198
2,260,0,0,0,8,113,708,1906,1805,4540,0.0,0.0,0.0,0.001762114537445,0.02488986784141,0.155947136563877,0.419823788546256,0.397577092511013
2,261,0,0,0,7,109,717,1867,1835,4535,0.0,0.0,0.0,0.00154355016538,0.024035281146637,0.158103638368247,0.411686879823594,0.404630650496141
2,262,0,0,0,7,102,740,1914,1767,4530,0.0,0.0,0.0,0.001545253863135,0.022516556291391,0.163355408388521,0.422516556291391,0.390066225165563
2,263,0,0,0,6,115,673,1896,1835,4525,0.0,0.0,0.0,0.001325966850829,0.025414364640884,0.148729281767956,0.419005524861878,0.405524861878453
2,264,0,0,0,8,116,714,1901,1781,4520,0.0,0.0,0.0,0.001769911504425,0.025663716814159,0.157964601769912,0.420575221238938,0.394026548672566
2,265,0,0,0,8,108,710,1859,1830,4515,0.0,0.0,0.0,0.001771871539313,0.023920265780731,0.157253599114064,0.411738648947951,0.40531561461794
2,266,0,0,0,5,115,660,1970,1760,4510,0.0,0.0,0.0,0.001108647450111,0.02549889135255,0.146341463414634,0.436807095343681,0.390243902439024
2,267,0,0,0,7,108,693,1896,1801,4505,0.0,0.0,0.0,0.001553829078801,0.023973362930078,0.153829078801332,0.420865704772475,0.399778024417314
2,268,0,0,0,5,102,654,1900,1839,4500,0.0,0.0,0.0,0.001111111111111,0.022666666666667,0.145333333333333,0.422222222222222,0.408666666666667
2,269,0,0,0,4,117,670,1926,1778,4495,0.0,0.0,0.0,0.000889877641824,0.026028921023359,0.149054505005562,0.428476084538376,0.395550611790879
2,270,0,0,0,10,90,663,1893,1834,4490,0.0,0.0,0.0,0.002227171492205,0.020044543429844,0.147661469933185,0.421603563474388,0.408463251670379
2,271,0,0,0,7,94,751,1890,1743,4485,0.0,0.0,0.0,0.001560758082497,0.020958751393534,0.167447045707915,0.421404682274247,0.388628762541806
2,272,0,0,0,9,98,685,1887,1801,4480,0.0,0.0,0.0,0.002008928571429,0.021875,0.152901785714286,0.421205357142857,0.402008928571429
2,273,0,0,1,4,92,699,1897,1782,4475,0.0,0.0,0.000223463687151,0.000893854748603,0.020558659217877,0.156201117318436,0.42391061452514,0.398212290502793
2,274,0,0,0,7,105,695,1883,1780,4470,0.0,0.0,0.0,0.001565995525727,0.023489932885906,0.155480984340045,0.421252796420582,0.398210290827741
2,275,0,0,0,8,93,683,1885,1796,4465,0.0,0.0,0.0,0.001791713325868,0.020828667413214,0.152967525195969,0.422172452407615,0.402239641657335
2,276,0,0,0,6,118,686,1820,1830,4460,0.0,0.0,0.0,0.001345291479821,0.026457399103139,0.153811659192825,0.408071748878924,0.410313901345291
2,277,0,0,0,3,106,628,1936,1782,4455,0.0,0.0,0.0,0.000673400673401,0.023793490460157,0.140965207631874,0.434567901234568,0.4
2,278,0,0,0,5,85,652,1876,1832,4450,0.0,0.0,0.0,0.001123595505618,0.019101123595506,0.146516853932584,0.421573033707865,0.411685393258427
2,279,0,0,0,4,100,658,1939,1744,4445,0.0,0.0,0.0,0.000899887514061,0.022497187851519,0.148031496062992,0.436220472440945,0.392350956130484
2,280,0,0,0,11,97,667,1841,1824,4440,0.0,0.0,0.0,0.002477477477477,0.021846846846847,0.150225225225225,0.41463963963964,0.410810810810811
2,281,0,0,0,5,89,637,1859,1845,4435,0.0,0.0,0.0,0.001127395715896,0.020067643742954,0.143630214205186,0.419165727170237,0.416009019165727
2,282,0,0,0,5,113,656,1865,1791,4430,0.0,0.0,0.0,0.001128668171558,0.025507900677201,0.148081264108352,0.420993227990971,0.404288939051919
2,283,0,0,0,5,100,703,1853,1764,4425,0.0,0.0,0.0,0.001129943502825,0.022598870056497,0.158870056497175,0.418757062146893,0.39864406779661
2,284,0,0,0,8,88,628,1913,1783,4420,0.0,0.0,0.0,0.001809954751131,0.019909502262443,0.142081447963801,0.432805429864253,0.403393665158371
2,285,0,0,0,9,119,657,1854,1776,4415,0.0,0.0,0.0,0.002038505096263,0.026953567383918,0.14881087202718,0.419932049830125,0.402265005662514
2,286,0,0,0,8,102,735,1841,1724,4410,0.0,0.0,0.0,0.001814058956916,0.02312925170068,0.166666666666667,0.417460317460317,0.390929705215419
2,287,0,0,0,7,88,694,1862,1754,4405,0.0,0.0,0.0,0.001589103291714,0.019977298524404,0.157548240635641,0.422701475595914,0.398183881952327
2,288,0,0,0,8,102,705,1861,1724,4400,0.0,0.0,0.0,0.001818181818182,0.023181818181818,0.160227272727273,0.422954545454545,0.391818181818182
2,289,0,0,0,4,84,588,1939,1780,4395,0.0,0.0,0.0,0.000910125142207,0.019112627986348,0.133788395904437,0.441183162684869,0.405005688282139
2,290,0,0,0,3,105,718,1837,1727,4390,0.0,0.0,0.0,0.000683371298405,0.023917995444191,0.163553530751708,0.418451025056948,0.393394077448747
2,291,0,0,0,4,104,626,1875,1776,4385,0.0,0.0,0.0,0.000912200684151,0.023717217787913,0.142759407069555,0.427594070695553,0.405017103762828
2,292,0,0,0,1,83,682,1826,1788,4380,0.0,0.0,0.0,0.000228310502283,0.018949771689498,0.155707762557078,0.41689497716895,0.408219178082192
2,293,0,0,0,3,88,626,1880,1778,4375,0.0,0.0,0.0,0.000685714285714,0.020114285714286,0.143085714285714,0.429714285714286,0.4064
2,294,0,0,0,7,86,671,1886,1720,4370,0.0,0.0,0.0,0.001601830663616,0.019679633867277,0.153546910755149,0.431578947368421,0.393592677345538
2,295,0,0,0,4,103,680,1862,1716,4365,0.0,0.0,0.0,0.000916380297824,0.023596792668958,0.155784650630011,0.426575028636884,0.393127147766323
2,296,0,0,0,3,107,632,1895,1723,4360,0.0,0.0,0.0,0.000688073394495,0.02454128440367,0.144954128440367,0.434633027522936,0.395183486238532
2,297,0,0,1,8,92,672,1860,1722,4355,0.0,0.0,0.000229621125144,0.001836969001148,0.021125143513203,0.154305396096441,0.427095292766935,0.39540757749713
2,298,0,0,1,5,108,628,1891,1717,4350,0.0,0.0,0.000229885057471,0.001149425287356,0.024827586206897,0.144367816091954,0.434712643678161,0.394712643678161
2,299,0,0,1,11,102,596,1884,1751,4345,0.0,0.0,0.000230149597238,0.00253164556962,0.023475258918297,0.13716915995397,0.433601841196778,0.402991944764097
2,300,0,0,1,8,73,647,1838,1773,4340,0.0,0.0,0.000230414746544,0.00184331797235,0.016820276497696,0.149078341013825,0.423502304147465,0.40852534562212
2,301,0,0,0,4,112,668,1859,1692,4335,0.0,0.0,0.0,0.000922722029988,0.025836216839677,0.154094579008074,0.42883506343714,0.390311418685121
2,302,0,0,1,7,112,651,1816,1743,4330,0.0,0.0,0.000230946882217,0.00161662817552,0.025866050808314,0.150346420323326,0.419399538106236,0.402540415704388
2,303,0,0,0,5,104,623,1815,1778,4325,0.0,0.0,0.0,0.001156069364162,0.024046242774566,0.144046242774566,0.419653179190751,0.411098265895954
2,304,0,0,0,9,119,686,1816,1690,4320,0.0,0.0,0.0,0.002083333333333,0.027546296296296,0.158796296296296,0.42037037037037,0.391203703703704
2,305,0,0,0,7,103,663,1831,1711,4315,0.0,0.0,0.0,0.00162224797219,0.023870220162225,0.153650057937428,0.424333719582851,0.396523754345307
2,306,0,0,0,5,80,648,1844,1733,4310,0.0,0.0,0.0,0.001160092807425,0.018561484918794,0.150348027842227,0.42784222737819,0.402088167053364
2,307,0,0,0,6,95,628,1813,1763,4305,0.0,0.0,0.0,0.001393728222997,0.022067363530778,0.145876887340302,0.421138211382114,0.40952380952381
2,308,0,0,0,2,95,589,1807,1807,4300,0.0,0.0,0.0,0.00046511627907,0.022093023255814,0.136976744186047,0.420232558139535,0.420232558139535
2,309,0,0,0,9,111,644,1787,1744,4295,0.0,0.0,0.0,0.00209545983702,0.025844004656577,0.149941792782305,0.416065192083818,0.406053550640279
2,310,0,0,0,6,90,624,1854,1716,4290,0.0,0.0,0.0,0.001398601398601,0.020979020979021,0.145454545454545,0.432167832167832,0.4
2,311,0,0,1,3,100,674,1757,1750,4285,0.0,0.0,0.000233372228705,0.000700116686114,0.023337222870478,0.157292882147024,0.410035005834306,0.408401400233372
2,312,0,0,0,6,109,682,1767,1716,4280,0.0,0.0,0.0,0.001401869158879,0.025467289719626,0.159345794392523,0.41285046728972,0.400934579439252
2,313,0,0,0,6,86,688,1764,1731,4275,0.0,0.0,0.0,0.00140350877193,0.020116959064327,0.16093567251462,0.412631578947368,0.404912280701754
2,314,0,0,1,4,109,654,1870,1632,4270,0.0,0.0,0.000234192037471,0.000936768149883,0.025526932084309,0.153161592505855,0.437939110070258,0.382201405152225
2,315,0,0,0,4,106,649,1808,1698,4265,0.0,0.0,0.0,0.000937866354045,0.024853458382181,0.152168815943728,0.423915592028136,0.398124267291911
2,316,0,0,0,7,99,659,1760,1735,4260,0.0,0.0,0.0,0.001643192488263,0.023239436619718,0.154694835680751,0.413145539906103,0.407276995305164
2,317,0,0,0,6,103,643,1765,1738,4255,0.0,0.0,0.0,0.001410105757932,0.024206815511163,0.151116333725029,0.414806110458284,0.408460634547591
2,318,0,0,0,7,97,612,1848,1686,4250,0.0,0.0,0.0,0.001647058823529,0.022823529411765,0.144,0.434823529411765,0.396705882352941
2,319,0,0,0,2,94,657,1812,1680,4245,0.0,0.0,0.0,0.000471142520612,0.022143698468787,0.154770318021201,0.426855123674912,0.395759717314488
2,320,0,0,0,6,113,660,1829,1632,4240,0.0,0.0,0.0,0.001415094339623,0.026650943396226,0.155660377358491,0.431367924528302,0.384905660377359
2,321,0,0,0,6,95,661,1781,1692,4235,0.0,0.0,0.0,0.001416765053129,0.022432113341204,0.156080283353011,0.420543093270366,0.39952774498229
2,322,0,0,0,7,88,635,1794,1706,4230,0.0,0.0,0.0,0.001654846335697,0.02080378250591,0.150118203309693,0.424113475177305,0.403309692671395
2,323,0,0,0,6,82,638,1779,1720,4225,0.0,0.0,0.0,0.001420118343195,0.019408284023669,0.151005917159763,0.421065088757396,0.407100591715976
2,324,0,0,0,7,89,649,1794,1681,4220,0.0,0.0,0.0,0.001658767772512,0.021090047393365,0.153791469194313,0.425118483412322,0.398341232227488
2,325,0,0,0,8,92,641,1824,1650,4215,0.0,0.0,0.0,0.001897983392645,0.021826809015421,0.152075919335706,0.432740213523132,0.391459074733096
2,326,0,0,0,6,97,611,1739,1757,4210,0.0,0.0,0.0,0.001425178147268,0.023040380047506,0.145130641330166,0.413064133016627,0.417339667458432
2,327,0,0,0,6,110,641,1809,1639,4205,0.0,0.0,0.0,0.001426872770511,0.02615933412604,0.15243757431629,0.430202140309156,0.389774078478002
2,328,0,0,0,5,93,605,1833,1664,4200,0.0,0.0,0.0,0.001190476190476,0.022142857142857,0.144047619047619,0.436428571428571,0.396190476190476
2,329,0,0,0,8,85,638,1727,1737,4195,0.0,0.0,0.0,0.001907032181168,0.020262216924911,0.152085816448153,0.411680572109654,0.414064362336114
2,330,0,0,0,3,94,622,1822,1649,4190,0.0,0.0,0.0,0.000715990453461,0.022434367541766,0.148448687350835,0.434844868735084,0.393556085918854
2,331,0,0,0,2,103,663,1795,1622,4185,0.0,0.0,0.0,0.000477897252091,0.024611708482676,0.1584229390681,0.428912783751493,0.387574671445639
2,332,0,0,0,8,85,593,1805,1689,4180,0.0,0.0,0.0,0.001913875598086,0.020334928229665,0.141866028708134,0.431818181818182,0.404066985645933
2,333,0,0,0,2,98,588,1780,1707,4175,0.0,0.0,0.0,0.000479041916168,0.023473053892216,0.140838323353293,0.426347305389222,0.408862275449102
2,334,0,0,1,3,99,663,1756,1648,4170,0.0,0.0,0.000239808153477,0.000719424460432,0.023741007194245,0.158992805755396,0.421103117505995,0.395203836930456
2,335,0,0,0,3,90,573,1827,1672,4165,0.0,0.0,0.0,0.000720288115246,0.021608643457383,0.137575030012005,0.438655462184874,0.401440576230492
2,336,0,0,0,2,87,626,1781,1664,4160,0.0,0.0,0.0,0.000480769230769,0.020913461538462,0.150480769230769,0.428125,0.4
2,337,0,0,0,7,105,692,1735,1616,4155,0.0,0.0,0.0,0.001684717208183,0.025270758122744,0.166546329723225,0.417569193742479,0.388929001203369
2,338,0,0,0,6,92,611,1797,1644,4150,0.0,0.0,0.0,0.00144578313253,0.022168674698795,0.147228915662651,0.433012048192771,0.396144578313253
2,339,0,0,0,4,88,639,1729,1685,4145,0.0,0.0,0.0,0.000965018094089,0.021230398069964,0.15416164053076,0.417129071170084,0.406513872135103
2,340,0,0,0,5,97,600,1750,1688,4140,0.0,0.0,0.0,0.001207729468599,0.023429951690821,0.144927536231884,0.422705314009662,0.407729468599034
2,341,0,0,0,7,109,623,1701,1695,4135,0.0,0.0,0.0,0.001692865779927,0.026360338573156,0.150665054413543,0.41136638452237,0.409915356711004
2,342,0,0,0,2,91,626,1757,1654,4130,0.0,0.0,0.0,0.000484261501211,0.022033898305085,0.151573849878935,0.425423728813559,0.400484261501211
2,343,0,0,1,4,85,631,1803,1601,4125,0.0,0.0,0.000242424242424,0.000969696969697,0.020606060606061,0.152969696969697,0.437090909090909,0.388121212121212
2,344,0,0,0,7,90,605,1733,1685,4120,0.0,0.0,0.0,0.001699029126214,0.021844660194175,0.146844660194175,0.420631067961165,0.408980582524272
2,345,0,0,0,13,95,600,1763,1644,4115,0.0,0.0,0.0,0.003159173754557,0.023086269744836,0.145808019441069,0.428432563791009,0.39951397326853
2,346,0,0,1,6,87,651,1725,1640,4110,0.0,0.0,0.000243309002433,0.001459854014599,0.021167883211679,0.158394160583942,0.41970802919708,0.399026763990268
2,347,0,0,0,2,104,582,1763,1654,4105,0.0,0.0,0.0,0.000487210718636,0.025334957369062,0.141778319123021,0.429476248477467,0.402923264311815
2,348,0,0,1,4,96,611,1749,1639,4100,0.0,0.0,0.000243902439024,0.000975609756098,0.023414634146341,0.149024390243902,0.426585365853659,0.399756097560976
2,349,0,0,0,5,84,642,1723,1641,4095,0.0,0.0,0.0,0.001221001221001,0.020512820512821,0.156776556776557,0.420757020757021,0.400732600732601
2,350,0,0,0,3,101,656,1734,1596,4090,0.0,0.0,0.0,0.000733496332518,0.024694376528117,0.16039119804401,0.423960880195599,0.390220048899755
2,351,0,0,0,3,106,607,1723,1646,4085,0.0,0.0,0.0,0.000734394124847,0.025948592411261,0.14859241126071,0.421787025703794,0.402937576499388
2,352,0,0,0,3,85,617,1728,1647,4080,0.0,0.0,0.0,0.000735294117647,0.020833333333333,0.151225490196078,0.423529411764706,0.403676470588235
2,353,0,0,0,7,79,626,1733,1630,4075,0.0,0.0,0.0,0.001717791411043,0.019386503067485,0.15361963190184,0.425276073619632,0.4
2,354,0,0,1,7,104,625,1761,1572,4070,0.0,0.0,0.0002457002457,0.001719901719902,0.025552825552826,0.153562653562654,0.432678132678133,0.386240786240786
2,355,0,0,0,4,103,613,1735,1610,4065,0.0,0.0,0.0,0.000984009840098,0.025338253382534,0.15079950799508,0.426814268142681,0.396063960639606
2,356,0,0,0,7,99,611,1706,1637,4060,0.0,0.0,0.0,0.001724137931034,0.024384236453202,0.150492610837438,0.420197044334975,0.40320197044335
2,357,0,0,1,7,96,541,1762,1648,4055,0.0,0.0,0.000246609124538,0.001726263871763,0.02367447595561,0.133415536374846,0.434525277435265,0.406411837237978
2,358,0,0,0,9,97,616,1719,1609,4050,0.0,0.0,0.0,0.002222222222222,0.023950617283951,0.152098765432099,0.424444444444444,0.397283950617284
2,359,0,0,0,4,91,623,1735,1592,4045,0.0,0.0,0.0,0.000988875154512,0.022496909765142,0.154017305315204,0.428924598269468,0.393572311495674
2,360,0,0,0,3,77,634,1722,1604,4040,0.0,0.0,0.0,0.000742574257426,0.019059405940594,0.156930693069307,0.426237623762376,0.397029702970297
2,361,0,0,0,8,103,648,1695,1581,4035,0.0,0.0,0.0,0.001982651796778,0.025526641883519,0.160594795539033,0.420074349442379,0.39182156133829
2,362,0,0,0,8,94,591,1723,1614,4030,0.0,0.0,0.0,0.001985111662531,0.023325062034739,0.146650124069479,0.427543424317618,0.400496277915633
2,363,0,0,0,7,95,575,1719,1629,4025,0.0,0.0,0.0,0.001739130434783,0.02360248447205,0.142857142857143,0.427080745341615,0.40472049689441
2,364,0,0,0,4,98,650,1710,1558,4020,0.0,0.0,0.0,0.000995024875622,0.024378109452736,0.161691542288557,0.425373134328358,0.387562189054726
2,365,0,0,0,10,111,601,1728,1565,4015,0.0,0.0,0.0,0.002490660024907,0.027646326276463,0.149688667496887,0.430386052303861,0.389788293897883
2,366,0,0,0,10,89,570,1755,1586,4010,0.0,0.0,0.0,0.002493765586035,0.022194513715711,0.14214463840399,0.437655860349127,0.395511221945137
2,367,0,0,0,5,79,606,1692,1623,4005,0.0,0.0,0.0,0.001248439450687,0.019725343320849,0.151310861423221,0.42247191011236,0.405243445692884
2,368,0,0,1,4,93,613,1727,1562,4000,0.0,0.0,0.00025,0.001,0.02325,0.15325,0.43175,0.3905
2,369,0,0,0,13,74,628,1711,1569,3995,0.0,0.0,0.0,0.003254067584481,0.018523153942428,0.157196495619524,0.42828535669587,0.392740926157697
2,370,0,0,0,4,98,625,1692,1571,3990,0.0,0.0,0.0,0.001002506265664,0.024561403508772,0.156641604010025,0.42406015037594,0.393734335839599
2,371,0,0,0,4,91,616,1696,1578,3985,0.0,0.0,0.0,0.001003764115433,0.022835633626098,0.154579673776662,0.425595984943538,0.395984943538269
2,372,0,0,0,3,88,591,1690,1608,3980,0.0,0.0,0.0,0.000753768844221,0.022110552763819,0.148492462311558,0.424623115577889,0.404020100502513
2,373,0,0,0,3,92,605,1700,1575,3975,0.0,0.0,0.0,0.000754716981132,0.02314465408805,0.152201257861635,0.427672955974843,0.39622641509434
2,374,0,0,0,3,83,613,1723,1548,3970,0.0,0.0,0.0,0.000755667506297,0.020906801007557,0.1544080604534,0.434005037783375,0.38992443324937
2,375,0,0,1,4,82,616,1703,1559,3965,0.0,0.0,0.000252206809584,0.001008827238335,0.020680958385876,0.155359394703657,0.429508196721311,0.393190416141236
2,376,0,0,0,10,85,581,1665,1619,3960,0.0,0.0,0.0,0.002525252525253,0.021464646464646,0.146717171717172,0.420454545454545,0.408838383838384
2,377,0,0,0,3,86,597,1691,1578,3955,0.0,0.0,0.0,0.000758533501896,0.021744627054362,0.15094816687737,0.4275600505689,0.398988621997472
2,378,0,0,0,5,94,544,1709,1598,3950,0.0,0.0,0.0,0.00126582278481,0.02379746835443,0.137721518987342,0.432658227848101,0.404556962025316
2,379,0,0,0,6,78,624,1679,1558,3945,0.0,0.0,0.0,0.001520912547529,0.019771863117871,0.158174904942966,0.425602027883397,0.394930291508238
2,380,0,0,0,8,100,597,1616,1619,3940,0.0,0.0,0.0,0.002030456852792,0.025380710659898,0.151522842639594,0.410152284263959,0.410913705583756
2,381,0,0,0,7,94,629,1662,1543,3935,0.0,0.0,0.0,0.001778907242694,0.023888182973316,0.159847522236341,0.422363405336722,0.392121982210928
2,382,0,0,1,2,89,650,1600,1588,3930,0.0,0.0,0.000254452926209,0.000508905852417,0.02264631043257,0.165394402035623,0.407124681933842,0.404071246819338
2,383,0,0,0,5,81,588,1703,1548,3925,0.0,0.0,0.0,0.001273885350318,0.020636942675159,0.149808917197452,0.433885350318471,0.394394904458599
2,384,0,0,1,5,76,585,1687,1566,3920,0.0,0.0,0.000255102040816,0.001275510204082,0.019387755102041,0.149234693877551,0.430357142857143,0.399489795918367
2,385,0,0,0,1,87,603,1615,1609,3915,0.0,0.0,0.0,0.000255427841635,0.022222222222222,0.154022988505747,0.412515964240102,0.410983397190294
2,386,0,0,0,8,82,559,1643,1618,3910,0.0,0.0,0.0,0.002046035805627,0.020971867007673,0.142966751918159,0.420204603580563,0.41381074168798
2,387,0,0,0,6,86,588,1679,1546,3905,0.0,0.0,0.0,0.001536491677337,0.02202304737516,0.150576184379001,0.429961587708067,0.395902688860435
2,388,0,0,0,8,83,610,1632,1567,3900,0.0,0.0,0.0,0.002051282051282,0.021282051282051,0.156410256410256,0.418461538461538,0.401794871794872
2,389,0,0,0,7,82,600,1643,1563,3895,0.0,0.0,0.0,0.001797175866496,0.021052631578947,0.154043645699615,0.421822849807445,0.401283697047497
2,390,0,0,0,7,69,575,1628,1611,3890,0.0,0.0,0.0,0.001799485861183,0.017737789203085,0.147814910025707,0.418508997429306,0.41413881748072
2,391,0,0,0,4,89,572,1628,1592,3885,0.0,0.0,0.0,0.001029601029601,0.022908622908623,0.147232947232947,0.419047619047619,0.40978120978121
2,392,0,0,1,9,93,592,1634,1551,3880,0.0,0.0,0.000257731958763,0.002319587628866,0.023969072164948,0.152577319587629,0.421134020618557,0.399742268041237
2,393,0,0,0,7,86,620,1586,1576,3875,0.0,0.0,0.0,0.001806451612903,0.022193548387097,0.16,0.409290322580645,0.406709677419355
2,394,0,0,0,11,82,580,1643,1554,3870,0.0,0.0,0.0,0.002842377260982,0.021188630490956,0.149870801033592,0.424547803617571,0.401550387596899
2,395,0,0,0,8,90,590,1602,1575,3865,0.0,0.0,0.0,0.002069857697283,0.023285899094437,0.152652005174644,0.414489003880983,0.407503234152652
2,396,0,0,0,4,74,583,1623,1576,3860,0.0,0.0,0.0,0.001036269430052,0.019170984455959,0.151036269430052,0.420466321243523,0.408290155440415
2,397,0,0,1,6,81,576,1578,1613,3855,0.0,0.0,0.000259403372244,0.001556420233463,0.021011673151751,0.149416342412451,0.409338521400778,0.418417639429313
2,398,0,0,0,2,82,548,1691,1527,3850,0.0,0.0,0.0,0.000519480519481,0.021298701298701,0.142337662337662,0.439220779220779,0.396623376623377
2,399,0,0,0,2,77,557,1605,1604,3845,0.0,0.0,0.0,0.000520156046814,0.020026007802341,0.144863459037711,0.41742522756827,0.417165149544863
2,400,0,0,0,7,90,577,1613,1553,3840,0.0,0.0,0.0,0.001822916666667,0.0234375,0.150260416666667,0.420052083333333,0.404427083333333
2,401,0,0,0,7,101,555,1596,1576,3835,0.0,0.0,0.0,0.001825293350717,0.026336375488918,0.144719687092568,0.416166883963494,0.410951760104302
2,402,0,0,1,4,96,577,1642,1510,3830,0.0,0.0,0.000261096605744,0.001044386422977,0.025065274151436,0.15065274151436,0.428720626631854,0.394255874673629
2,403,0,0,0,6,85,601,1622,1511,3825,0.0,0.0,0.0,0.00156862745098,0.022222222222222,0.157124183006536,0.424052287581699,0.395032679738562
2,404,0,0,0,4,81,552,1648,1535,3820,0.0,0.0,0.0,0.001047120418848,0.021204188481675,0.144502617801047,0.431413612565445,0.401832460732984
2,405,0,0,0,2,98,588,1646,1481,3815,0.0,0.0,0.0,0.000524246395806,0.025688073394495,0.154128440366972,0.431454783748362,0.388204456094364
2,406,0,0,0,2,85,557,1617,1549,3810,0.0,0.0,0.0,0.000524934383202,0.022309711286089,0.146194225721785,0.424409448818898,0.406561679790026
2,407,0,0,0,7,71,565,1665,1497,3805,0.0,0.0,0.0,0.001839684625493,0.018659658344284,0.148488830486202,0.437582128777924,0.393429697766097
2,408,0,0,0,7,100,607,1556,1530,3800,0.0,0.0,0.0,0.001842105263158,0.026315789473684,0.159736842105263,0.409473684210526,0.402631578947368
2,409,0,0,0,3,85,562,1649,1496,3795,0.0,0.0,0.0,0.000790513833992,0.022397891963109,0.148089591567852,0.434519104084321,0.394202898550725
2,410,0,0,0,3,85,619,1590,1493,3790,0.0,0.0,0.0,0.000791556728232,0.022427440633245,0.163324538258575,0.419525065963061,0.393931398416887
2,411,0,0,0,2,86,544,1593,1560,3785,0.0,0.0,0.0,0.000528401585205,0.022721268163804,0.143725231175694,0.420871862615588,0.412153236459709
2,412,0,0,0,7,80,529,1575,1589,3780,0.0,0.0,0.0,0.001851851851852,0.021164021164021,0.13994708994709,0.416666666666667,0.42037037037037
2,413,0,0,1,4,80,558,1611,1521,3775,0.0,0.0,0.000264900662252,0.001059602649007,0.021192052980132,0.147814569536424,0.426754966887417,0.402913907284768
2,414,0,0,0,4,80,537,1639,1510,3770,0.0,0.0,0.0,0.00106100795756,0.021220159151194,0.142440318302387,0.43474801061008,0.40053050397878
2,415,0,0,0,3,89,531,1635,1507,3765,0.0,0.0,0.0,0.000796812749004,0.023638778220452,0.141035856573705,0.434262948207171,0.400265604249668
2,416,0,0,0,7,74,547,1598,1534,3760,0.0,0.0,0.0,0.00186170212766,0.01968085106383,0.145478723404255,0.425,0.407978723404255
2,417,0,0,0,2,100,544,1574,1535,3755,0.0,0.0,0.0,0.000532623169108,0.026631158455393,0.144873501997337,0.419174434087883,0.40878828229028
2,418,0,0,2,4,91,572,1630,1451,3750,0.0,0.0,0.000533333333333,0.001066666666667,0.024266666666667,0.152533333333333,0.434666666666667,0.386933333333333
2,419,0,0,0,3,96,604,1537,1505,3745,0.0,0.0,0.0,0.000801068090788,0.025634178905207,0.16128170894526,0.41041388518024,0.401869158878505
2,420,0,0,0,6,92,555,1595,1492,3740,0.0,0.0,0.0,0.001604278074866,0.024598930481283,0.148395721925134,0.426470588235294,0.398930481283422
2,421,0,0,0,7,72,560,1583,1513,3735,0.0,0.0,0.0,0.001874163319946,0.019277108433735,0.149933065595716,0.423828647925033,0.405087014725569
2,422,0,0,0,10,77,595,1572,1476,3730,0.0,0.0,0.0,0.002680965147453,0.020643431635389,0.159517426273458,0.421447721179625,0.395710455764075
2,423,0,0,0,10,83,563,1582,1487,3725,0.0,0.0,0.0,0.002684563758389,0.022281879194631,0.151140939597315,0.424697986577181,0.399194630872483
2,424,0,0,0,9,94,557,1553,1507,3720,0.0,0.0,0.0,0.00241935483871,0.025268817204301,0.149731182795699,0.41747311827957,0.40510752688172
2,425,0,0,0,3,80,530,1596,1506,3715,0.0,0.0,0.0,0.000807537012113,0.021534320323015,0.142664872139973,0.429609690444145,0.405383580080754
2,426,0,0,1,4,82,568,1555,1500,3710,0.0,0.0,0.000269541778976,0.001078167115903,0.022102425876011,0.153099730458221,0.419137466307278,0.404312668463612
2,427,0,0,0,5,96,588,1514,1502,3705,0.0,0.0,0.0,0.001349527665317,0.025910931174089,0.158704453441296,0.40863697705803,0.405398110661269
2,428,0,0,0,4,95,554,1606,1441,3700,0.0,0.0,0.0,0.001081081081081,0.025675675675676,0.14972972972973,0.434054054054054,0.389459459459459
2,429,0,0,0,8,83,546,1630,1428,3695,0.0,0.0,0.0,0.002165087956698,0.022462787550744,0.147767253044655,0.441136671177267,0.386468200270636
2,430,0,0,0,7,81,569,1599,1434,3690,0.0,0.0,0.0,0.00189701897019,0.021951219512195,0.15420054200542,0.433333333333333,0.388617886178862
2,431,0,0,1,5,92,562,1596,1429,3685,0.0,0.0,0.000271370420624,0.001356852103121,0.024966078697422,0.152510176390773,0.433107191316147,0.387788331071913
2,432,0,0,0,7,81,546,1574,1472,3680,0.0,0.0,0.0,0.001902173913043,0.022010869565217,0.148369565217391,0.427717391304348,0.4
2,433,0,0,0,4,83,528,1596,1464,3675,0.0,0.0,0.0,0.00108843537415,0.022585034013605,0.143673469387755,0.434285714285714,0.398367346938776
2,434,0,0,0,6,81,581,1508,1494,3670,0.0,0.0,0.0,0.001634877384196,0.022070844686649,0.158310626702997,0.410899182561308,0.40708446866485
2,435,0,0,0,3,82,548,1559,1473,3665,0.0,0.0,0.0,0.000818553888131,0.02237380627558,0.149522510231924,0.42537517053206,0.401909959072306
2,436,0,0,0,7,79,626,1492,1456,3660,0.0,0.0,0.0,0.001912568306011,0.021584699453552,0.17103825136612,0.407650273224044,0.397814207650273
2,437,0,0,0,3,75,578,1569,1430,3655,0.0,0.0,0.0,0.000820793433653,0.020519835841313,0.158139534883721,0.429274965800274,0.39124487004104
2,438,0,0,0,7,74,581,1525,1463,3650,0.0,0.0,0.0,0.001917808219178,0.02027397260274,0.159178082191781,0.417808219178082,0.400821917808219
2,439,0,0,0,1,75,561,1541,1467,3645,0.0,0.0,0.0,0.000274348422497,0.020576131687243,0.153909465020576,0.422770919067215,0.402469135802469
2,440,0,0,0,8,70,579,1491,1492,3640,0.0,0.0,0.0,0.002197802197802,0.019230769230769,0.159065934065934,0.409615384615385,0.40989010989011
2,441,0,0,0,5,87,575,1504,1464,3635,0.0,0.0,0.0,0.001375515818432,0.023933975240715,0.15818431911967,0.413755158184319,0.402751031636864
2,442,0,0,0,3,81,579,1521,1446,3630,0.0,0.0,0.0,0.000826446280992,0.022314049586777,0.159504132231405,0.41900826446281,0.398347107438017
2,443,0,0,0,4,86,553,1548,1434,3625,0.0,0.0,0.0,0.001103448275862,0.023724137931034,0.152551724137931,0.427034482758621,0.395586206896552
2,444,0,0,0,9,91,584,1488,1448,3620,0.0,0.0,0.0,0.002486187845304,0.025138121546961,0.161325966850829,0.411049723756906,0.4
2,445,0,0,0,5,84,565,1552,1409,3615,0.0,0.0,0.0,0.001383125864454,0.023236514522822,0.156293222683264,0.429322268326418,0.389764868603043
2,446,0,0,0,8,75,530,1595,1402,3610,0.0,0.0,0.0,0.002216066481994,0.020775623268698,0.146814404432133,0.441828254847645,0.388365650969529
2,447,0,0,0,3,95,535,1513,1459,3605,0.0,0.0,0.0,0.000832177531207,0.026352288488211,0.148404993065187,0.419694868238558,0.404715672676838
2,448,0,0,0,13,97,526,1516,1448,3600,0.0,0.0,0.0,0.003611111111111,0.026944444444444,0.146111111111111,0.421111111111111,0.402222222222222
2,449,0,0,0,4,86,536,1493,1476,3595,0.0,0.0,0.0,0.001112656467316,0.023922114047288,0.149095966620306,0.415299026425591,0.410570236439499
2,450,0,0,0,2,87,567,1543,1391,3590,0.0,0.0,0.0,0.000557103064067,0.024233983286908,0.157938718662953,0.429805013927577,0.387465181058496
2,451,0,0,0,7,97,547,1560,1374,3585,0.0,0.0,0.0,0.001952580195258,0.027057182705718,0.15258019525802,0.435146443514644,0.38326359832636
2,452,0,0,0,3,69,533,1510,1465,3580,0.0,0.0,0.0,0.000837988826816,0.01927374301676,0.148882681564246,0.421787709497207,0.409217877094972
2,453,0,0,0,3,79,570,1491,1432,3575,0.0,0.0,0.0,0.000839160839161,0.022097902097902,0.159440559440559,0.417062937062937,0.400559440559441
2,454,0,0,0,7,83,540,1534,1406,3570,0.0,0.0,0.0,0.001960784313725,0.023249299719888,0.151260504201681,0.4296918767507,0.393837535014006
2,455,0,0,0,5,77,561,1489,1433,3565,0.0,0.0,0.0,0.00140252454418,0.021598877980365,0.157363253856942,0.417671809256662,0.401963534361851
2,456,0,0,0,5,83,556,1523,1393,3560,0.0,0.0,0.0,0.001404494382022,0.023314606741573,0.156179775280899,0.427808988764045,0.391292134831461
2,457,0,0,0,7,93,522,1505,1428,3555,0.0,0.0,0.0,0.00196905766526,0.026160337552743,0.146835443037975,0.423347398030942,0.40168776371308
2,458,0,0,1,3,75,527,1583,1361,3550,0.0,0.0,0.000281690140845,0.000845070422535,0.02112676056338,0.148450704225352,0.445915492957746,0.383380281690141
2,459,0,0,0,5,73,505,1534,1428,3545,0.0,0.0,0.0,0.001410437235543,0.020592383638928,0.142454160789845,0.432722143864598,0.402820874471086
2,460,0,0,0,4,79,535,1496,1426,3540,0.0,0.0,0.0,0.001129943502825,0.022316384180791,0.151129943502825,0.422598870056497,0.402824858757062
2,461,0,0,0,2,74,526,1503,1430,3535,0.0,0.0,0.0,0.000565770862801,0.020933521923621,0.148797736916549,0.425176803394625,0.404526166902405
2,462,0,0,0,5,71,534,1475,1445,3530,0.0,0.0,0.0,0.001416430594901,0.020113314447592,0.151274787535411,0.417847025495751,0.409348441926346
2,463,0,0,0,5,77,512,1522,1409,3525,0.0,0.0,0.0,0.001418439716312,0.021843971631206,0.145248226950355,0.43177304964539,0.399716312056738
2,464,0,0,0,4,80,535,1516,1385,3520,0.0,0.0,0.0,0.001136363636364,0.022727272727273,0.151988636363636,0.430681818181818,0.393465909090909
2,465,0,0,0,6,78,538,1478,1415,3515,0.0,0.0,0.0,0.001706970128023,0.022190611664296,0.153058321479374,0.420483641536273,0.402560455192034
2,466,0,0,0,4,86,538,1491,1391,3510,0.0,0.0,0.0,0.001139601139601,0.024501424501424,0.153276353276353,0.424786324786325,0.396296296296296
2,467,0,0,0,1,68,527,1529,1380,3505,0.0,0.0,0.0,0.000285306704708,0.019400855920114,0.150356633380884,0.43623395149786,0.393723252496434
2,468,0,0,0,7,84,556,1470,1383,3500,0.0,0.0,0.0,0.002,0.024,0.158857142857143,0.42,0.395142857142857
2,469,0,0,0,6,77,537,1522,1353,3495,0.0,0.0,0.0,0.001716738197425,0.022031473533619,0.153648068669528,0.435479256080114,0.387124463519313
2,470,0,0,0,2,85,531,1515,1357,3490,0.0,0.0,0.0,0.000573065902579,0.024355300859599,0.15214899713467,0.434097421203438,0.388825214899713
2,471,0,0,0,6,81,553,1421,1424,3485,0.0,0.0,0.0,0.001721664275466,0.023242467718795,0.158680057388809,0.407747489239598,0.408608321377331
2,472,0,0,0,4,93,554,1416,1413,3480,0.0,0.0,0.0,0.001149425287356,0.026724137931034,0.159195402298851,0.406896551724138,0.406034482758621
2,473,0,0,1,3,75,548,1443,1405,3475,0.0,0.0,0.000287769784173,0.000863309352518,0.02158273381295,0.157697841726619,0.415251798561151,0.40431654676259
2,474,0,0,0,7,88,542,1448,1385,3470,0.0,0.0,0.0,0.002017291066282,0.02536023054755,0.156195965417867,0.417291066282421,0.399135446685879
2,475,0,0,0,9,71,538,1476,1371,3465,0.0,0.0,0.0,0.002597402597403,0.02049062049062,0.155266955266955,0.425974025974026,0.395670995670996
2,476,0,0,0,7,84,508,1481,1380,3460,0.0,0.0,0.0,0.002023121387283,0.024277456647399,0.146820809248555,0.428034682080925,0.398843930635838
2,477,0,0,0,3,78,525,1448,1401,3455,0.0,0.0,0.0,0.000868306801737,0.022575976845152,0.151953690303907,0.419102749638205,0.405499276410999
2,478,0,0,0,6,77,498,1522,1347,3450,0.0,0.0,0.0,0.001739130434783,0.02231884057971,0.144347826086957,0.441159420289855,0.390434782608696
2,479,0,0,1,7,77,518,1456,1386,3445,0.0,0.0,0.000290275761974,0.002031930333817,0.022351233671988,0.150362844702467,0.422641509433962,0.402322206095791
2,480,0,0,0,3,72,509,1442,1414,3440,0.0,0.0,0.0,0.000872093023256,0.02093023255814,0.14796511627907,0.419186046511628,0.411046511627907
2,481,0,0,1,8,62,516,1480,1368,3435,0.0,0.0,0.000291120815138,0.002328966521106,0.018049490538574,0.150218340611354,0.430858806404658,0.39825327510917
2,482,0,0,0,6,82,509,1401,1432,3430,0.0,0.0,0.0,0.001749271137026,0.023906705539359,0.148396501457726,0.408454810495627,0.417492711370262
2,483,0,0,0,8,73,519,1419,1406,3425,0.0,0.0,0.0,0.002335766423358,0.021313868613139,0.151532846715328,0.414306569343066,0.410510948905109
2,484,0,0,0,3,69,525,1455,1368,3420,0.0,0.0,0.0,0.000877192982456,0.020175438596491,0.153508771929825,0.425438596491228,0.4
2,485,0,0,0,4,69,494,1442,1406,3415,0.0,0.0,0.0,0.001171303074671,0.020204978038067,0.144655929721816,0.422254758418741,0.411713030746706
2,486,0,0,0,2,68,496,1448,1396,3410,0.0,0.0,0.0,0.00058651026393,0.019941348973607,0.145454545454545,0.424633431085044,0.409384164222874
2,487,0,0,0,8,71,524,1420,1382,3405,0.0,0.0,0.0,0.002349486049927,0.020851688693098,0.153891336270191,0.417033773861968,0.405873715124816
2,488,0,0,0,4,70,521,1460,1345,3400,0.0,0.0,0.0,0.001176470588235,0.020588235294118,0.153235294117647,0.429411764705882,0.395588235294118
2,489,0,0,0,6,81,503,1445,1360,3395,0.0,0.0,0.0,0.001767304860088,0.023858615611193,0.148159057437408,0.425625920471281,0.400589101620029
2,490,0,0,0,5,67,508,1443,1367,3390,0.0,0.0,0.0,0.001474926253687,0.01976401179941,0.149852507374631,0.425663716814159,0.403244837758112
2,491,0,0,0,5,72,498,1433,1377,3385,0.0,0.0,0.0,0.001477104874446,0.021270310192024,0.14711964549483,0.423338257016248,0.406794682422452
2,492,0,0,0,2,71,518,1415,1374,3380,0.0,0.0,0.0,0.000591715976331,0.021005917159763,0.153254437869822,0.418639053254438,0.406508875739645
2,493,0,0,0,2,72,484,1397,1420,3375,0.0,0.0,0.0,0.000592592592593,0.021333333333333,0.143407407407407,0.413925925925926,0.420740740740741
2,494,0,0,0,6,69,521,1392,1382,3370,0.0,0.0,0.0,0.001780415430267,0.020474777448071,0.15459940652819,0.413056379821958,0.410089020771513
2,495,0,0,0,2,88,513,1342,1420,3365,0.0,0.0,0.0,0.000594353640416,0.026151560178306,0.152451708766716,0.398811292719168,0.421991084695394
2,496,0,0,0,1,75,478,1465,1341,3360,0.0,0.0,0.0,0.000297619047619,0.022321428571429,0.142261904761905,0.436011904761905,0.399107142857143
2,497,0,0,1,8,75,524,1418,1329,3355,0.0,0.0,0.000298062593145,0.002384500745156,0.022354694485842,0.15618479880775,0.422652757078987,0.396125186289121
2,498,0,0,1,5,91,481,1429,1343,3350,0.0,0.0,0.000298507462687,0.001492537313433,0.027164179104478,0.143582089552239,0.426567164179104,0.40089552238806
2,499,0,0,0,3,77,489,1402,1374,3345,0.0,0.0,0.0,0.000896860986547,0.023019431988042,0.146188340807175,0.419133034379671,0.410762331838565
2,500,0,0,0,7,78,491,1424,1340,3340,0.0,0.0,0.0,0.002095808383234,0.023353293413174,0.147005988023952,0.426347305389222,0.401197604790419
2,501,0,0,0,3,80,531,1398,1323,3335,0.0,0.0,0.0,0.000899550224888,0.023988005997001,0.159220389805097,0.419190404797601,0.396701649175412
2,502,0,0,1,3,67,520,1424,1315,3330,0.0,0.0,0.0003003003003,0.000900900900901,0.02012012012012,0.156156156156156,0.427627627627628,0.394894894894895
2,503,0,0,0,3,79,493,1423,1327,3325,0.0,0.0,0.0,0.000902255639098,0.023759398496241,0.148270676691729,0.42796992481203,0.399097744360902
2,504,0,0,0,6,67,516,1402,1329,3320,0.0,0.0,0.0,0.001807228915663,0.020180722891566,0.155421686746988,0.422289156626506,0.400301204819277
2,505,0,0,0,5,69,477,1379,1385,3315,0.0,0.0,0.0,0.001508295625943,0.020814479638009,0.143891402714932,0.415987933634992,0.417797888386124
2,506,0,0,0,3,75,474,1434,1324,3310,0.0,0.0,0.0,0.000906344410876,0.022658610271903,0.143202416918429,0.433232628398792,0.4
2,507,0,0,0,2,81,485,1432,1305,3305,0.0,0.0,0.0,0.000605143721634,0.024508320726172,0.146747352496218,0.433282904689864,0.394856278366112
2,508,0,0,0,4,79,479,1446,1292,3300,0.0,0.0,0.0,0.001212121212121,0.023939393939394,0.145151515151515,0.438181818181818,0.391515151515152
2,509,0,0,0,5,77,512,1400,1301,3295,0.0,0.0,0.0,0.001517450682853,0.023368740515933,0.155386949924127,0.424886191198786,0.3948406676783
2,510,0,0,0,9,78,484,1389,1330,3290,0.0,0.0,0.0,0.00273556231003,0.02370820668693,0.147112462006079,0.422188449848024,0.404255319148936
2,511,0,0,1,2,83,502,1391,1306,3285,0.0,0.0,0.000304414003044,0.000608828006088,0.025266362252664,0.152815829528158,0.423439878234399,0.397564687975647
2,512,0,0,0,3,90,538,1350,1299,3280,0.0,0.0,0.0,0.000914634146341,0.027439024390244,0.164024390243902,0.411585365853659,0.396036585365854
2,513,0,0,0,7,75,493,1347,1353,3275,0.0,0.0,0.0,0.002137404580153,0.022900763358779,0.150534351145038,0.411297709923664,0.413129770992366
2,514,0,0,0,5,83,511,1344,1327,3270,0.0,0.0,0.0,0.001529051987768,0.025382262996942,0.156269113149847,0.411009174311927,0.405810397553517
2,515,0,0,1,5,76,529,1388,1266,3265,0.0,0.0,0.000306278713629,0.001531393568147,0.023277182235835,0.162021439509954,0.425114854517611,0.387748851454824
2,516,0,0,0,5,73,490,1382,1310,3260,0.0,0.0,0.0,0.001533742331288,0.02239263803681,0.150306748466258,0.423926380368098,0.401840490797546
2,517,0,0,0,8,85,517,1328,1317,3255,0.0,0.0,0.0,0.002457757296467,0.026113671274962,0.158832565284178,0.407987711213518,0.404608294930876
2,518,0,1,0,2,83,477,1385,1302,3250,0.0,0.000307692307692,0.0,0.000615384615385,0.025538461538462,0.146769230769231,0.426153846153846,0.400615384615385
2,519,0,0,0,2,77,467,1363,1336,3245,0.0,0.0,0.0,0.000616332819723,0.023728813559322,0.143913713405239,0.420030816640986,0.41171032357473
2,520,0,0,0,4,68,485,1334,1349,3240,0.0,0.0,0.0,0.001234567901235,0.020987654320988,0.149691358024691,0.411728395061728,0.416358024691358
2,521,0,0,0,2,84,487,1365,1297,3235,0.0,0.0,0.0,0.000618238021638,0.02596599690881,0.150540958268934,0.421947449768161,0.400927357032458
2,522,0,0,0,5,75,504,1354,1292,3230,0.0,0.0,0.0,0.001547987616099,0.023219814241486,0.156037151702786,0.419195046439628,0.4
2,523,0,0,0,4,88,484,1350,1299,3225,0.0,0.0,0.0,0.001240310077519,0.027286821705426,0.150077519379845,0.418604651162791,0.402790697674419
2,524,0,0,0,5,72,496,1392,1255,3220,0.0,0.0,0.0,0.001552795031056,0.022360248447205,0.154037267080745,0.432298136645963,0.389751552795031
2,525,0,0,0,1,65,467,1393,1289,3215,0.0,0.0,0.0,0.000311041990669,0.020217729393468,0.145256609642302,0.433281493001555,0.400933125972006
2,526,0,0,0,8,75,476,1324,1327,3210,0.0,0.0,0.0,0.002492211838006,0.023364485981308,0.148286604361371,0.412461059190031,0.413395638629283
2,527,0,0,0,3,63,514,1335,1290,3205,0.0,0.0,0.0,0.000936037441498,0.019656786271451,0.160374414976599,0.416536661466459,0.402496099843994
2,528,0,0,0,3,64,490,1346,1297,3200,0.0,0.0,0.0,0.0009375,0.02,0.153125,0.420625,0.4053125
2,529,0,0,0,6,64,493,1343,1289,3195,0.0,0.0,0.0,0.0018779342723,0.020031298904538,0.154303599374022,0.420344287949922,0.403442879499218
2,530,0,0,1,6,64,518,1306,1295,3190,0.0,0.0,0.000313479623824,0.001880877742947,0.020062695924765,0.162382445141066,0.409404388714734,0.405956112852665
2,531,0,0,0,8,69,457,1366,1285,3185,0.0,0.0,0.0,0.002511773940345,0.021664050235479,0.143485086342229,0.428885400313972,0.403453689167975
2,532,0,0,1,7,72,456,1382,1262,3180,0.0,0.0,0.000314465408805,0.002201257861635,0.022641509433962,0.143396226415094,0.434591194968553,0.39685534591195
2,533,0,0,0,5,77,475,1345,1273,3175,0.0,0.0,0.0,0.001574803149606,0.024251968503937,0.149606299212598,0.423622047244094,0.400944881889764
2,534,0,0,0,7,64,476,1346,1277,3170,0.0,0.0,0.0,0.002208201892744,0.02018927444795,0.150157728706625,0.424605678233438,0.402839116719243
2,535,0,0,0,6,60,504,1366,1229,3165,0.0,0.0,0.0,0.001895734597156,0.018957345971564,0.159241706161137,0.431595576619273,0.388309636650869
2,536,0,0,0,11,68,497,1317,1267,3160,0.0,0.0,0.0,0.003481012658228,0.021518987341772,0.157278481012658,0.416772151898734,0.400949367088608
2,537,0,0,0,5,79,458,1300,1313,3155,0.0,0.0,0.0,0.001584786053883,0.025039619651347,0.145166402535658,0.412044374009509,0.416164817749604
2,538,0,0,1,1,70,494,1328,1256,3150,0.0,0.0,0.00031746031746,0.00031746031746,0.022222222222222,0.156825396825397,0.421587301587302,0.398730158730159
2,539,0,0,0,2,58,446,1372,1267,3145,0.0,0.0,0.0,0.000635930047695,0.018441971383148,0.14181240063593,0.436248012718601,0.402861685214626
2,540,0,0,0,4,98,454,1287,1297,3140,0.0,0.0,0.0,0.001273885350318,0.031210191082803,0.144585987261146,0.409872611464968,0.413057324840764
2,541,0,0,0,2,64,471,1359,1239,3135,0.0,0.0,0.0,0.000637958532695,0.020414673046252,0.150239234449761,0.433492822966507,0.395215311004785
2,542,0,0,0,6,62,455,1337,1270,3130,0.0,0.0,0.0,0.001916932907348,0.019808306709265,0.145367412140575,0.427156549520767,0.405750798722045
2,543,0,0,0,7,69,483,1369,1197,3125,0.0,0.0,0.0,0.00224,0.02208,0.15456,0.43808,0.38304
2,544,0,0,0,7,68,484,1316,1245,3120,0.0,0.0,0.0,0.00224358974359,0.021794871794872,0.155128205128205,0.421794871794872,0.399038461538462
2,545,0,0,0,5,55,484,1274,1297,3115,0.0,0.0,0.0,0.001605136436597,0.017656500802568,0.1553772070626,0.408988764044944,0.416372391653291
2,546,0,0,0,6,66,498,1264,1276,3110,0.0,0.0,0.0,0.001929260450161,0.021221864951768,0.160128617363344,0.406430868167203,0.410289389067524
2,547,0,0,0,6,69,479,1363,1188,3105,0.0,0.0,0.0,0.001932367149758,0.022222222222222,0.15426731078905,0.438969404186795,0.382608695652174
2,548,0,0,0,5,65,481,1271,1278,3100,0.0,0.0,0.0,0.001612903225806,0.020967741935484,0.155161290322581,0.41,0.412258064516129
2,549,0,0,0,4,78,461,1351,1201,3095,0.0,0.0,0.0,0.001292407108239,0.025201938610662,0.148949919224556,0.436510500807754,0.388045234248788
2,550,0,0,1,1,74,485,1303,1226,3090,0.0,0.0,0.000323624595469,0.000323624595469,0.023948220064725,0.156957928802589,0.42168284789644,0.396763754045307
2,551,0,0,0,4,68,453,1336,1224,3085,0.0,0.0,0.0,0.00129659643436,0.022042139384117,0.146839546191248,0.433063209076175,0.3967585089141
2,552,0,0,0,4,69,449,1305,1253,3080,0.0,0.0,0.0,0.001298701298701,0.022402597402597,0.145779220779221,0.423701298701299,0.406818181818182
2,553,0,0,0,6,63,451,1317,1238,3075,0.0,0.0,0.0,0.001951219512195,0.020487804878049,0.146666666666667,0.428292682926829,0.40260162601626
2,554,0,0,0,7,59,468,1295,1241,3070,0.0,0.0,0.0,0.00228013029316,0.019218241042345,0.152442996742671,0.421824104234528,0.404234527687296
2,555,0,0,0,0,68,461,1312,1224,3065,0.0,0.0,0.0,0.0,0.022185970636215,0.150407830342577,0.428058727569331,0.399347471451876
2,556,0,0,0,3,65,440,1333,1219,3060,0.0,0.0,0.0,0.000980392156863,0.021241830065359,0.143790849673203,0.43562091503268,0.398366013071895
2,557,0,0,0,3,73,469,1266,1244,3055,0.0,0.0,0.0,0.000981996726678,0.023895253682488,0.153518821603928,0.414402618657938,0.407201309328969
2,558,0,0,0,4,71,442,1282,1251,3050,0.0,0.0,0.0,0.001311475409836,0.02327868852459,0.144918032786885,0.420327868852459,0.41016393442623
2,559,0,0,0,4,69,456,1291,1225,3045,0.0,0.0,0.0,0.001313628899836,0.022660098522167,0.149753694581281,0.423973727422003,0.402298850574713
2,560,0,0,0,6,78,474,1318,1164,3040,0.0,0.0,0.0,0.001973684210526,0.025657894736842,0.155921052631579,0.433552631578947,0.382894736842105
2,561,0,0,0,4,62,423,1363,1183,3035,0.0,0.0,0.0,0.001317957166392,0.020428336079077,0.139373970345964,0.449093904448105,0.389785831960461
2,562,0,0,1,3,68,442,1313,1203,3030,0.0,0.0,0.0003300330033,0.000990099009901,0.022442244224422,0.145874587458746,0.433333333333333,0.397029702970297
2,563,0,0,0,4,49,445,1262,1265,3025,0.0,0.0,0.0,0.001322314049587,0.016198347107438,0.147107438016529,0.417190082644628,0.418181818181818
2,564,0,0,0,2,61,463,1320,1174,3020,0.0,0.0,0.0,0.000662251655629,0.020198675496689,0.153311258278146,0.437086092715232,0.388741721854305
2,565,0,0,0,5,75,460,1264,1211,3015,0.0,0.0,0.0,0.001658374792703,0.024875621890547,0.15257048092869,0.419237147595357,0.401658374792703
2,566,0,0,0,7,74,446,1245,1238,3010,0.0,0.0,0.0,0.002325581395349,0.024584717607973,0.148172757475083,0.413621262458472,0.411295681063123
2,567,0,0,0,3,58,445,1292,1207,3005,0.0,0.0,0.0,0.000998336106489,0.019301164725458,0.148086522462562,0.429950083194676,0.401663893510815
2,568,0,0,0,7,61,454,1256,1222,3000,0.0,0.0,0.0,0.002333333333333,0.020333333333333,0.151333333333333,0.418666666666667,0.407333333333333
2,569,0,0,0,8,70,452,1260,1205,2995,0.0,0.0,0.0,0.002671118530885,0.023372287145242,0.150918196994992,0.420701168614357,0.402337228714524
2,570,0,0,0,2,79,434,1304,1171,2990,0.0,0.0,0.0,0.00066889632107,0.026421404682274,0.145150501672241,0.436120401337793,0.391638795986622
2,571,0,0,0,3,56,444,1266,1216,2985,0.0,0.0,0.0,0.001005025125628,0.018760469011725,0.148743718592965,0.424120603015075,0.407370184254606
2,572,0,0,0,2,75,406,1284,1213,2980,0.0,0.0,0.0,0.000671140939597,0.025167785234899,0.136241610738255,0.430872483221477,0.407046979865772
2,573,0,0,0,4,70,458,1272,1171,2975,0.0,0.0,0.0,0.001344537815126,0.023529411764706,0.153949579831933,0.427563025210084,0.393613445378151
2,574,0,0,0,6,55,452,1274,1183,2970,0.0,0.0,0.0,0.002020202020202,0.018518518518519,0.152188552188552,0.428956228956229,0.398316498316498
2,575,0,0,0,3,58,453,1291,1160,2965,0.0,0.0,0.0,0.001011804384486,0.01956155143339,0.152782462057336,0.435413153456998,0.391231028667791
2,576,0,0,0,2,61,483,1219,1195,2960,0.0,0.0,0.0,0.000675675675676,0.020608108108108,0.163175675675676,0.411824324324324,0.403716216216216
2,577,0,0,0,3,60,438,1315,1139,2955,0.0,0.0,0.0,0.001015228426396,0.020304568527919,0.148223350253807,0.445008460236887,0.385448392554992
2,578,0,0,0,2,63,477,1233,1175,2950,0.0,0.0,0.0,0.000677966101695,0.02135593220339,0.161694915254237,0.417966101694915,0.398305084745763
2,579,0,0,0,3,58,457,1260,1167,2945,0.0,0.0,0.0,0.001018675721562,0.019694397283531,0.155178268251273,0.427843803056027,0.396264855687606
2,580,0,0,0,3,72,456,1214,1195,2940,0.0,0.0,0.0,0.001020408163265,0.024489795918367,0.155102040816327,0.412925170068027,0.406462585034014
2,581,0,0,0,2,81,467,1226,1159,2935,0.0,0.0,0.0,0.000681431005111,0.027597955706985,0.159114139693356,0.417717206132879,0.39488926746167
2,582,0,0,0,3,71,450,1265,1141,2930,0.0,0.0,0.0,0.001023890784983,0.024232081911263,0.15358361774744,0.431740614334471,0.389419795221843
2,583,0,0,0,3,62,426,1251,1183,2925,0.0,0.0,0.0,0.001025641025641,0.021196581196581,0.145641025641026,0.427692307692308,0.404444444444444
2,584,0,0,0,2,72,458,1232,1156,2920,0.0,0.0,0.0,0.000684931506849,0.024657534246575,0.156849315068493,0.421917808219178,0.395890410958904
2,585,0,0,0,3,68,421,1275,1148,2915,0.0,0.0,0.0,0.001029159519726,0.023327615780446,0.14442538593482,0.437392795883362,0.393825042881647
2,586,0,0,0,3,55,452,1236,1164,2910,0.0,0.0,0.0,0.001030927835052,0.018900343642612,0.1553264604811,0.424742268041237,0.4
2,587,0,0,0,3,62,435,1253,1152,2905,0.0,0.0,0.0,0.001032702237522,0.021342512908778,0.14974182444062,0.431325301204819,0.396557659208262
2,588,0,0,0,5,61,435,1228,1171,2900,0.0,0.0,0.0,0.001724137931034,0.021034482758621,0.15,0.423448275862069,0.403793103448276
2,589,0,0,0,4,57,446,1192,1196,2895,0.0,0.0,0.0,0.001381692573402,0.019689119170984,0.15405872193437,0.411744386873921,0.413126079447323
2,590,0,0,0,0,69,447,1165,1209,2890,0.0,0.0,0.0,0.0,0.023875432525952,0.154671280276817,0.403114186851211,0.418339100346021
2,591,0,0,0,5,68,466,1249,1097,2885,0.0,0.0,0.0,0.001733102253033,0.023570190641248,0.161525129982669,0.432928942807626,0.380242634315425
2,592,0,0,0,7,78,446,1215,1134,2880,0.0,0.0,0.0,0.002430555555556,0.027083333333333,0.154861111111111,0.421875,0.39375
2,593,0,0,1,2,51,450,1245,1126,2875,0.0,0.0,0.000347826086957,0.000695652173913,0.017739130434783,0.156521739130435,0.43304347826087,0.391652173913043
2,594,0,0,0,0,69,433,1217,1151,2870,0.0,0.0,0.0,0.0,0.02404181184669,0.150871080139373,0.42404181184669,0.401045296167247
2,595,0,0,0,3,50,422,1195,1195,2865,0.0,0.0,0.0,0.001047120418848,0.017452006980803,0.147294938917976,0.417102966841187,0.417102966841187
2,596,0,0,0,3,59,414,1251,1133,2860,0.0,0.0,0.0,0.001048951048951,0.020629370629371,0.144755244755245,0.437412587412587,0.396153846153846
2,597,0,0,0,3,65,435,1214,1138,2855,0.0,0.0,0.0,0.001050788091068,0.02276707530648,0.152364273204904,0.425218914185639,0.398598949211909
2,598,0,0,0,1,61,438,1206,1144,2850,0.0,0.0,0.0,0.000350877192982,0.02140350877193,0.153684210526316,0.423157894736842,0.40140350877193
2,599,0,0,0,4,76,415,1187,1163,2845,0.0,0.0,0.0,0.001405975395431,0.026713532513181,0.145869947275923,0.417223198594025,0.408787346221441
2,600,0,0,1,5,72,441,1212,1109,2840,0.0,0.0,0.000352112676056,0.001760563380282,0.025352112676056,0.155281690140845,0.426760563380282,0.390492957746479
2,601,0,0,0,5,56,437,1260,1077,2835,0.0,0.0,0.0,0.001763668430335,0.019753086419753,0.154144620811287,0.444444444444444,0.37989417989418
2,602,0,0,0,3,55,410,1249,1113,2830,0.0,0.0,0.0,0.001060070671378,0.019434628975265,0.144876325088339,0.441342756183746,0.393286219081272
2,603,0,0,0,3,66,394,1203,1159,2825,0.0,0.0,0.0,0.001061946902655,0.023362831858407,0.139469026548673,0.425840707964602,0.410265486725664
2,604,0,0,0,4,63,403,1244,1106,2820,0.0,0.0,0.0,0.001418439716312,0.022340425531915,0.14290780141844,0.44113475177305,0.392198581560284
2,605,0,0,1,3,67,429,1194,1121,2815,0.0,0.0,0.000355239786856,0.001065719360568,0.023801065719361,0.152397868561279,0.424156305506217,0.398223801065719
2,606,0,0,0,11,63,415,1164,1157,2810,0.0,0.0,0.0,0.003914590747331,0.022419928825623,0.147686832740214,0.41423487544484,0.411743772241993
2,607,0,0,0,5,49,446,1193,1112,2805,0.0,0.0,0.0,0.001782531194296,0.0174688057041,0.159001782531194,0.425311942959002,0.396434937611408
2,608,0,0,0,3,59,429,1199,1110,2800,0.0,0.0,0.0,0.001071428571429,0.021071428571429,0.153214285714286,0.428214285714286,0.396428571428571
2,609,0,0,0,6,74,398,1202,1115,2795,0.0,0.0,0.0,0.002146690518784,0.026475849731664,0.142397137745975,0.43005366726297,0.398926654740608
2,610,0,0,0,3,59,418,1220,1090,2790,0.0,0.0,0.0,0.001075268817204,0.021146953405018,0.149820788530466,0.437275985663082,0.390681003584229
2,611,0,0,0,11,67,405,1208,1094,2785,0.0,0.0,0.0,0.00394973070018,0.024057450628366,0.145421903052065,0.433752244165171,0.392818671454219
2,612,0,0,0,1,54,423,1165,1137,2780,0.0,0.0,0.0,0.000359712230216,0.019424460431655,0.152158273381295,0.419064748201439,0.408992805755396
2,613,0,0,0,5,71,419,1212,1068,2775,0.0,0.0,0.0,0.001801801801802,0.025585585585586,0.150990990990991,0.436756756756757,0.384864864864865
2,614,0,0,0,3,64,394,1177,1132,2770,0.0,0.0,0.0,0.001083032490975,0.023104693140794,0.142238267148014,0.424909747292419,0.408664259927798
2,615,0,0,0,3,61,440,1142,1119,2765,0.0,0.0,0.0,0.001084990958409,0.022061482820976,0.159132007233273,0.413019891500904,0.404701627486438
2,616,0,0,0,4,72,422,1190,1072,2760,0.0,0.0,0.0,0.001449275362319,0.026086956521739,0.152898550724638,0.431159420289855,0.388405797101449
2,617,0,0,0,3,60,425,1222,1045,2755,0.0,0.0,0.0,0.001088929219601,0.021778584392015,0.15426497277677,0.443557168784029,0.379310344827586
2,618,0,1,0,7,68,421,1146,1107,2750,0.0,0.000363636363636,0.0,0.002545454545455,0.024727272727273,0.153090909090909,0.416727272727273,0.402545454545455
2,619,0,0,1,4,52,426,1133,1129,2745,0.0,0.0,0.000364298724954,0.001457194899818,0.018943533697632,0.155191256830601,0.412750455373406,0.411293260473588
2,620,0,0,0,2,71,420,1162,1085,2740,0.0,0.0,0.0,0.000729927007299,0.025912408759124,0.153284671532847,0.424087591240876,0.395985401459854
2,621,0,0,0,7,54,409,1118,1147,2735,0.0,0.0,0.0,0.002559414990859,0.019744058500914,0.149542961608775,0.408775137111517,0.419378427787934
2,622,0,0,0,3,64,371,1181,1111,2730,0.0,0.0,0.0,0.001098901098901,0.023443223443223,0.135897435897436,0.432600732600733,0.406959706959707
2,623,0,0,0,0,62,381,1227,1055,2725,0.0,0.0,0.0,0.0,0.022752293577982,0.139816513761468,0.450275229357798,0.387155963302752
2,624,0,0,0,4,59,416,1165,1076,2720,0.0,0.0,0.0,0.001470588235294,0.021691176470588,0.152941176470588,0.428308823529412,0.395588235294118
2,625,0,0,0,3,59,404,1174,1075,2715,0.0,0.0,0.0,0.001104972375691,0.021731123388582,0.148802946593002,0.432412523020258,0.395948434622468
2,626,0,0,0,3,69,419,1149,1070,2710,0.0,0.0,0.0,0.001107011070111,0.025461254612546,0.154612546125461,0.423985239852398,0.394833948339483
2,627,0,0,0,6,60,400,1151,1088,2705,0.0,0.0,0.0,0.002218114602588,0.022181146025878,0.147874306839187,0.42550831792976,0.402218114602588
2,628,0,0,0,3,71,386,1129,1111,2700,0.0,0.0,0.0,0.001111111111111,0.026296296296296,0.142962962962963,0.418148148148148,0.411481481481482
2,629,0,0,0,6,69,384,1143,1093,2695,0.0,0.0,0.0,0.002226345083488,0.025602968460111,0.142486085343228,0.424118738404453,0.40556586270872
2,630,0,0,0,5,62,427,1108,1088,2690,0.0,0.0,0.0,0.00185873605948,0.023048327137546,0.158736059479554,0.411895910780669,0.404460966542751
2,631,0,0,0,4,47,405,1170,1059,2685,0.0,0.0,0.0,0.001489757914339,0.017504655493482,0.150837988826816,0.435754189944134,0.394413407821229
2,632,0,0,0,2,57,379,1156,1086,2680,0.0,0.0,0.0,0.000746268656716,0.021268656716418,0.141417910447761,0.43134328358209,0.405223880597015
2,633,0,0,0,3,56,407,1138,1071,2675,0.0,0.0,0.0,0.001121495327103,0.020934579439252,0.15214953271028,0.425420560747664,0.400373831775701
2,634,0,0,0,2,68,399,1135,1066,2670,0.0,0.0,0.0,0.000749063670412,0.025468164794007,0.149438202247191,0.425093632958801,0.399250936329588
2,635,0,0,0,3,57,407,1130,1068,2665,0.0,0.0,0.0,0.001125703564728,0.021388367729831,0.152720450281426,0.424015009380863,0.400750469043152
2,636,0,0,0,3,61,386,1149,1061,2660,0.0,0.0,0.0,0.001127819548872,0.022932330827068,0.145112781954887,0.431954887218045,0.398872180451128
2,637,0,0,0,4,66,380,1080,1125,2655,0.0,0.0,0.0,0.0015065913371,0.024858757062147,0.143126177024482,0.406779661016949,0.423728813559322
2,638,0,0,0,2,65,357,1111,1115,2650,0.0,0.0,0.0,0.000754716981132,0.024528301886792,0.134716981132075,0.419245283018868,0.420754716981132
2,639,0,0,0,8,62,416,1127,1032,2645,0.0,0.0,0.0,0.003024574669187,0.0234404536862,0.157277882797732,0.426086956521739,0.390170132325142
2,640,0,0,0,4,56,393,1142,1045,2640,0.0,0.0,0.0,0.001515151515152,0.021212121212121,0.148863636363636,0.432575757575758,0.395833333333333
2,641,0,0,0,2,67,371,1125,1070,2635,0.0,0.0,0.0,0.000759013282732,0.025426944971537,0.140796963946869,0.426944971537002,0.40607210626186
2,642,0,0,0,4,58,415,1113,1040,2630,0.0,0.0,0.0,0.001520912547529,0.022053231939163,0.157794676806084,0.42319391634981,0.395437262357414
2,643,0,0,0,6,62,403,1098,1056,2625,0.0,0.0,0.0,0.002285714285714,0.023619047619048,0.15352380952381,0.418285714285714,0.402285714285714
2,644,0,0,0,6,57,409,1098,1050,2620,0.0,0.0,0.0,0.002290076335878,0.02175572519084,0.156106870229008,0.419083969465649,0.400763358778626
2,645,0,0,0,7,46,417,1167,978,2615,0.0,0.0,0.0,0.002676864244742,0.017590822179732,0.159464627151052,0.446271510516252,0.373996175908222
2,646,0,0,0,5,57,396,1087,1065,2610,0.0,0.0,0.0,0.001915708812261,0.02183908045977,0.151724137931034,0.416475095785441,0.408045977011494
2,647,0,0,0,2,61,461,1057,1024,2605,0.0,0.0,0.0,0.000767754318618,0.02341650671785,0.176967370441459,0.405758157389635,0.393090211132438
2,648,0,0,0,8,56,382,1092,1062,2600,0.0,0.0,0.0,0.003076923076923,0.021538461538462,0.146923076923077,0.42,0.408461538461538
2,649,0,0,0,6,62,383,1093,1051,2595,0.0,0.0,0.0,0.002312138728324,0.023892100192678,0.147591522157996,0.421194605009634,0.405009633911368
2,650,0,0,0,5,58,374,1103,1050,2590,0.0,0.0,0.0,0.001930501930502,0.022393822393822,0.144401544401544,0.425868725868726,0.405405405405405
2,651,0,0,0,6,65,362,1100,1052,2585,0.0,0.0,0.0,0.002321083172147,0.025145067698259,0.140038684719536,0.425531914893617,0.406963249516441
2,652,0,0,0,3,55,418,1076,1028,2580,0.0,0.0,0.0,0.001162790697674,0.021317829457364,0.162015503875969,0.417054263565891,0.398449612403101
2,653,0,0,0,6,67,367,1123,1012,2575,0.0,0.0,0.0,0.002330097087379,0.026019417475728,0.14252427184466,0.436116504854369,0.393009708737864
2,654,0,0,0,3,59,404,1079,1025,2570,0.0,0.0,0.0,0.001167315175097,0.02295719844358,0.157198443579767,0.419844357976654,0.398832684824903
2,655,0,0,0,3,67,400,1077,1018,2565,0.0,0.0,0.0,0.001169590643275,0.026120857699805,0.155945419103314,0.419883040935673,0.396881091617934
2,656,0,0,0,3,67,378,1103,1009,2560,0.0,0.0,0.0,0.001171875,0.026171875,0.14765625,0.430859375,0.394140625
2,657,0,0,0,4,50,412,1083,1006,2555,0.0,0.0,0.0,0.001565557729941,0.019569471624266,0.161252446183953,0.423874755381605,0.393737769080235
2,658,0,0,0,2,56,391,1095,1006,2550,0.0,0.0,0.0,0.00078431372549,0.021960784313725,0.153333333333333,0.429411764705882,0.394509803921569
2,659,0,0,0,9,57,375,1124,980,2545,0.0,0.0,0.0,0.003536345776031,0.022396856581532,0.147347740667976,0.441650294695481,0.385068762278978
2,660,0,0,0,2,43,374,1085,1036,2540,0.0,0.0,0.0,0.000787401574803,0.016929133858268,0.147244094488189,0.427165354330709,0.407874015748032
2,661,0,0,0,2,57,330,1100,1046,2535,0.0,0.0,0.0,0.000788954635108,0.022485207100592,0.130177514792899,0.433925049309665,0.412623274161736
2,662,0,0,0,1,53,382,1060,1034,2530,0.0,0.0,0.0,0.000395256916996,0.020948616600791,0.15098814229249,0.41897233201581,0.408695652173913
2,663,0,0,0,3,68,373,1069,1012,2525,0.0,0.0,0.0,0.001188118811881,0.026930693069307,0.147722772277228,0.423366336633663,0.400792079207921
2,664,0,0,0,3,41,399,1069,1008,2520,0.0,0.0,0.0,0.001190476190476,0.016269841269841,0.158333333333333,0.424206349206349,0.4
2,665,0,0,0,1,57,346,1097,1014,2515,0.0,0.0,0.0,0.000397614314115,0.022664015904573,0.137574552683897,0.436182902584493,0.403180914512922
2,666,0,0,1,4,39,399,1051,1016,2510,0.0,0.0,0.000398406374502,0.001593625498008,0.015537848605578,0.158964143426295,0.418725099601594,0.404780876494024
2,667,0,0,0,8,56,372,1034,1035,2505,0.0,0.0,0.0,0.003193612774451,0.022355289421158,0.148502994011976,0.412774451097804,0.413173652694611
2,668,0,0,0,3,61,374,1049,1013,2500,0.0,0.0,0.0,0.0012,0.0244,0.1496,0.4196,0.4052
2,669,0,0,0,3,53,380,1058,1001,2495,0.0,0.0,0.0,0.001202404809619,0.02124248496994,0.152304609218437,0.424048096192385,0.401202404809619
2,670,0,0,0,2,59,392,1042,995,2490,0.0,0.0,0.0,0.000803212851406,0.023694779116466,0.157429718875502,0.418473895582329,0.399598393574297
2,671,0,0,0,3,63,361,1042,1016,2485,0.0,0.0,0.0,0.001207243460765,0.025352112676056,0.145271629778672,0.419315895372233,0.408853118712274
2,672,0,0,0,6,54,399,1047,974,2480,0.0,0.0,0.0,0.00241935483871,0.021774193548387,0.160887096774194,0.422177419354839,0.392741935483871
2,673,0,0,0,2,56,377,1064,976,2475,0.0,0.0,0.0,0.000808080808081,0.022626262626263,0.152323232323232,0.42989898989899,0.394343434343434
2,674,0,0,0,3,47,374,1033,1013,2470,0.0,0.0,0.0,0.001214574898785,0.019028340080972,0.151417004048583,0.418218623481781,0.410121457489879
2,675,0,0,0,3,58,372,1053,979,2465,0.0,0.0,0.0,0.001217038539554,0.023529411764706,0.150912778904665,0.427180527383367,0.397160243407708
2,676,0,0,0,1,59,354,1072,974,2460,0.0,0.0,0.0,0.000406504065041,0.023983739837398,0.14390243902439,0.435772357723577,0.395934959349593
2,677,0,0,0,7,45,366,1048,989,2455,0.0,0.0,0.0,0.002851323828921,0.018329938900204,0.14908350305499,0.426883910386965,0.402851323828921
2,678,0,0,1,2,40,369,1046,992,2450,0.0,0.0,0.000408163265306,0.000816326530612,0.016326530612245,0.150612244897959,0.426938775510204,0.404897959183673
2,679,0,0,0,3,61,376,995,1010,2445,0.0,0.0,0.0,0.001226993865031,0.024948875255624,0.153783231083845,0.406952965235174,0.413087934560327
2,680,0,0,0,4,55,313,1074,994,2440,0.0,0.0,0.0,0.001639344262295,0.022540983606557,0.12827868852459,0.44016393442623,0.407377049180328
2,681,0,0,0,3,51,377,1064,940,2435,0.0,0.0,0.0,0.001232032854209,0.020944558521561,0.15482546201232,0.436960985626283,0.386036960985626
2,682,0,0,0,3,58,360,1030,979,2430,0.0,0.0,0.0,0.001234567901235,0.023868312757202,0.148148148148148,0.423868312757202,0.402880658436214
2,683,0,0,0,2,51,383,999,990,2425,0.0,0.0,0.0,0.000824742268041,0.021030927835052,0.157938144329897,0.411958762886598,0.408247422680412
2,684,0,0,1,8,47,374,1064,926,2420,0.0,0.0,0.000413223140496,0.003305785123967,0.019421487603306,0.154545454545455,0.439669421487603,0.382644628099174
2,685,0,0,0,1,68,352,1021,973,2415,0.0,0.0,0.0,0.000414078674948,0.02815734989648,0.145755693581781,0.422774327122153,0.402898550724638
2,686,0,0,1,6,47,369,1043,944,2410,0.0,0.0,0.000414937759336,0.002489626556017,0.019502074688797,0.153112033195021,0.432780082987552,0.391701244813278
2,687,0,0,0,3,38,369,1045,950,2405,0.0,0.0,0.0,0.001247401247401,0.015800415800416,0.153430353430353,0.434511434511435,0.395010395010395
2,688,0,0,0,1,59,364,999,977,2400,0.0,0.0,0.0,0.000416666666667,0.024583333333333,0.151666666666667,0.41625,0.407083333333333
2,689,0,0,0,4,54,317,1033,987,2395,0.0,0.0,0.0,0.001670146137787,0.022546972860125,0.132359081419624,0.431315240083507,0.412108559498956
2,690,0,0,0,4,42,373,1026,945,2390,0.0,0.0,0.0,0.001673640167364,0.017573221757322,0.156066945606695,0.42928870292887,0.395397489539749
2,691,0,0,0,2,59,341,1028,955,2385,0.0,0.0,0.0,0.00083857442348,0.024737945492662,0.142976939203354,0.431027253668763,0.40041928721174
2,692,0,0,0,5,61,335,1036,943,2380,0.0,0.0,0.0,0.002100840336134,0.02563025210084,0.140756302521008,0.435294117647059,0.396218487394958
2,693,0,0,0,3,54,358,953,1007,2375,0.0,0.0,0.0,0.001263157894737,0.022736842105263,0.150736842105263,0.401263157894737,0.424
2,694,0,0,0,6,48,350,1041,925,2370,0.0,0.0,0.0,0.00253164556962,0.020253164556962,0.147679324894515,0.439240506329114,0.390295358649789
2,695,0,0,0,2,44,361,1041,917,2365,0.0,0.0,0.0,0.000845665961945,0.018604651162791,0.152642706131078,0.440169133192389,0.387737843551797
2,696,0,0,0,3,61,373,995,928,2360,0.0,0.0,0.0,0.001271186440678,0.025847457627119,0.158050847457627,0.421610169491525,0.393220338983051
2,697,0,0,0,1,58,345,991,960,2355,0.0,0.0,0.0,0.000424628450106,0.024628450106157,0.146496815286624,0.420806794055202,0.407643312101911
2,698,0,0,0,6,59,356,969,960,2350,0.0,0.0,0.0,0.002553191489362,0.025106382978723,0.151489361702128,0.412340425531915,0.408510638297872
2,699,0,0,0,5,53,365,960,962,2345,0.0,0.0,0.0,0.002132196162047,0.022601279317697,0.155650319829424,0.409381663113006,0.410234541577825
2,700,0,0,0,7,47,373,1027,886,2340,0.0,0.0,0.0,0.002991452991453,0.02008547008547,0.159401709401709,0.438888888888889,0.378632478632479
2,701,0,0,0,2,52,352,1022,907,2335,0.0,0.0,0.0,0.000856531049251,0.022269807280514,0.150749464668094,0.437687366167024,0.388436830835118
2,702,0,0,0,3,45,358,963,961,2330,0.0,0.0,0.0,0.001287553648069,0.01931330472103,0.153648068669528,0.413304721030043,0.41244635193133
2,703,0,0,0,1,48,332,1009,935,2325,0.0,0.0,0.0,0.000430107526882,0.020645161290323,0.142795698924731,0.433978494623656,0.402150537634409
2,704,0,0,0,3,54,343,962,958,2320,0.0,0.0,0.0,0.001293103448276,0.023275862068966,0.147844827586207,0.414655172413793,0.412931034482759
2,705,0,0,0,3,61,385,956,910,2315,0.0,0.0,0.0,0.001295896328294,0.026349892008639,0.166306695464363,0.412958963282937,0.393088552915767
2,706,0,0,0,2,56,347,953,952,2310,0.0,0.0,0.0,0.000865800865801,0.024242424242424,0.15021645021645,0.412554112554113,0.412121212121212
2,707,0,0,0,6,47,356,940,956,2305,0.0,0.0,0.0,0.002603036876356,0.020390455531453,0.154446854663774,0.407809110629067,0.414750542299349
2,708,0,0,0,1,66,360,982,891,2300,0.0,0.0,0.0,0.000434782608696,0.028695652173913,0.156521739130435,0.42695652173913,0.387391304347826
2,709,0,0,0,4,50,321,992,928,2295,0.0,0.0,0.0,0.001742919389978,0.021786492374728,0.139869281045752,0.432244008714597,0.404357298474946
2,710,0,0,0,2,45,356,956,931,2290,0.0,0.0,0.0,0.000873362445415,0.019650655021834,0.155458515283843,0.417467248908297,0.406550218340611
2,711,0,0,0,1,51,338,979,916,2285,0.0,0.0,0.0,0.000437636761488,0.022319474835886,0.147921225382932,0.428446389496718,0.400875273522976
2,712,0,0,0,1,48,373,957,901,2280,0.0,0.0,0.0,0.000438596491228,0.021052631578947,0.16359649122807,0.419736842105263,0.395175438596491
2,713,0,0,0,2,50,349,921,953,2275,0.0,0.0,0.0,0.000879120879121,0.021978021978022,0.153406593406593,0.404835164835165,0.418901098901099
2,714,0,0,0,3,42,385,932,908,2270,0.0,0.0,0.0,0.001321585903084,0.018502202643172,0.169603524229075,0.41057268722467,0.4
2,715,0,0,0,2,53,316,962,932,2265,0.0,0.0,0.0,0.000883002207506,0.023399558498896,0.139514348785872,0.424724061810155,0.411479028697572
2,716,0,0,0,4,45,352,914,945,2260,0.0,0.0,0.0,0.001769911504425,0.019911504424779,0.155752212389381,0.404424778761062,0.418141592920354
2,717,0,0,0,4,41,364,940,906,2255,0.0,0.0,0.0,0.001773835920177,0.018181818181818,0.161419068736142,0.416851441241685,0.401773835920177
2,718,0,0,0,2,59,346,957,886,2250,0.0,0.0,0.0,0.000888888888889,0.026222222222222,0.153777777777778,0.425333333333333,0.393777777777778
2,719,0,0,0,1,71,302,984,887,2245,0.0,0.0,0.0,0.000445434298441,0.03162583518931,0.134521158129176,0.438307349665924,0.395100222717149
2,720,0,0,0,9,47,308,947,929,2240,0.0,0.0,0.0,0.004017857142857,0.020982142857143,0.1375,0.422767857142857,0.414732142857143
2,721,0,0,0,0,45,317,990,883,2235,0.0,0.0,0.0,0.0,0.020134228187919,0.141834451901566,0.442953020134228,0.395078299776286
2,722,0,0,0,6,46,346,915,917,2230,0.0,0.0,0.0,0.002690582959641,0.020627802690583,0.155156950672646,0.410313901345291,0.411210762331839
2,723,0,0,0,4,53,375,940,853,2225,0.0,0.0,0.0,0.001797752808989,0.023820224719101,0.168539325842697,0.42247191011236,0.383370786516854
2,724,0,0,0,7,41,346,963,863,2220,0.0,0.0,0.0,0.003153153153153,0.018468468468468,0.155855855855856,0.433783783783784,0.388738738738739
2,725,0,0,0,7,55,315,936,902,2215,0.0,0.0,0.0,0.003160270880361,0.024830699774266,0.142212189616253,0.422573363431151,0.407223476297968
2,726,0,0,0,1,37,354,948,870,2210,0.0,0.0,0.0,0.000452488687783,0.016742081447964,0.160180995475113,0.4289592760181,0.393665158371041
2,727,0,0,0,5,42,350,928,880,2205,0.0,0.0,0.0,0.002267573696145,0.019047619047619,0.158730158730159,0.420861678004535,0.399092970521542
2,728,0,0,0,4,51,315,915,915,2200,0.0,0.0,0.0,0.001818181818182,0.023181818181818,0.143181818181818,0.415909090909091,0.415909090909091
2,729,0,0,0,4,46,324,913,908,2195,0.0,0.0,0.0,0.001822323462415,0.020956719817768,0.147608200455581,0.415945330296128,0.413667425968109
2,730,0,0,0,2,43,361,942,842,2190,0.0,0.0,0.0,0.000913242009132,0.019634703196347,0.164840182648402,0.43013698630137,0.384474885844749
2,731,0,0,0,4,55,354,888,884,2185,0.0,0.0,0.0,0.001830663615561,0.025171624713959,0.162013729977117,0.406407322654462,0.404576659038902
2,732,0,0,0,3,48,340,905,884,2180,0.0,0.0,0.0,0.001376146788991,0.022018348623853,0.155963302752294,0.415137614678899,0.405504587155963
2,733,0,0,0,1,55,299,912,908,2175,0.0,0.0,0.0,0.000459770114943,0.025287356321839,0.137471264367816,0.419310344827586,0.417471264367816
2,734,0,0,0,4,47,346,902,871,2170,0.0,0.0,0.0,0.00184331797235,0.021658986175115,0.159447004608295,0.415668202764977,0.401382488479263
2,735,0,0,0,8,46,337,920,854,2165,0.0,0.0,0.0,0.003695150115473,0.021247113163972,0.155658198614319,0.424942263279446,0.39445727482679
2,736,0,0,0,2,54,341,935,828,2160,0.0,0.0,0.0,0.000925925925926,0.025,0.15787037037037,0.43287037037037,0.383333333333333
2,737,0,0,0,5,55,311,904,880,2155,0.0,0.0,0.0,0.002320185614849,0.025522041763341,0.14431554524362,0.419489559164733,0.408352668213457
2,738,0,0,0,1,50,318,932,849,2150,0.0,0.0,0.0,0.00046511627907,0.023255813953488,0.147906976744186,0.433488372093023,0.394883720930233
2,739,0,0,0,1,29,354,884,877,2145,0.0,0.0,0.0,0.0004662004662,0.013519813519814,0.165034965034965,0.412121212121212,0.408857808857809
2,740,0,0,0,2,43,331,886,878,2140,0.0,0.0,0.0,0.000934579439252,0.020093457943925,0.154672897196262,0.414018691588785,0.410280373831776
2,741,0,0,0,4,41,304,927,859,2135,0.0,0.0,0.0,0.001873536299766,0.0192037470726,0.142388758782201,0.434192037470726,0.402341920374707
2,742,0,0,0,5,54,306,918,847,2130,0.0,0.0,0.0,0.002347417840376,0.025352112676056,0.143661971830986,0.430985915492958,0.397652582159624
2,743,0,0,0,7,54,270,916,878,2125,0.0,0.0,0.0,0.003294117647059,0.025411764705882,0.127058823529412,0.431058823529412,0.413176470588235
2,744,0,0,0,4,51,326,896,843,2120,0.0,0.0,0.0,0.00188679245283,0.024056603773585,0.15377358490566,0.422641509433962,0.397641509433962
2,745,0,0,0,2,44,352,867,850,2115,0.0,0.0,0.0,0.000945626477541,0.02080378250591,0.166430260047281,0.409929078014184,0.401891252955083
2,746,0,0,0,1,38,341,892,838,2110,0.0,0.0,0.0,0.000473933649289,0.018009478672986,0.161611374407583,0.422748815165877,0.397156398104265
2,747,0,0,0,1,52,332,891,829,2105,0.0,0.0,0.0,0.000475059382423,0.024703087885986,0.157719714964371,0.423277909738717,0.393824228028504
2,748,0,0,1,4,50,342,893,810,2100,0.0,0.0,0.00047619047619,0.001904761904762,0.023809523809524,0.162857142857143,0.425238095238095,0.385714285714286
2,749,0,0,0,4,56,302,888,845,2095,0.0,0.0,0.0,0.001909307875895,0.02673031026253,0.144152744630072,0.423866348448687,0.403341288782816
2,750,0,0,1,3,48,323,877,838,2090,0.0,0.0,0.000478468899522,0.001435406698565,0.022966507177033,0.154545454545455,0.419617224880383,0.400956937799043
2,751,0,0,0,3,55,311,892,824,2085,0.0,0.0,0.0,0.001438848920863,0.026378896882494,0.14916067146283,0.427817745803357,0.395203836930456
2,752,0,0,0,2,48,298,914,818,2080,0.0,0.0,0.0,0.000961538461538,0.023076923076923,0.143269230769231,0.439423076923077,0.393269230769231
2,753,0,0,0,0,37,324,882,832,2075,0.0,0.0,0.0,0.0,0.017831325301205,0.156144578313253,0.425060240963855,0.400963855421687
2,754,0,0,0,2,35,327,891,815,2070,0.0,0.0,0.0,0.000966183574879,0.016908212560386,0.157971014492754,0.430434782608696,0.393719806763285
2,755,0,0,0,2,48,322,840,853,2065,0.0,0.0,0.0,0.000968523002421,0.023244552058111,0.155932203389831,0.406779661016949,0.413075060532688
2,756,0,0,0,3,44,302,903,808,2060,0.0,0.0,0.0,0.001456310679612,0.021359223300971,0.146601941747573,0.438349514563107,0.392233009708738
2,757,0,0,0,3,43,282,889,838,2055,0.0,0.0,0.0,0.001459854014599,0.020924574209246,0.137226277372263,0.432603406326034,0.407785888077859
2,758,0,0,0,8,40,290,905,807,2050,0.0,0.0,0.0,0.00390243902439,0.019512195121951,0.141463414634146,0.441463414634146,0.393658536585366
2,759,0,0,0,3,62,285,886,809,2045,0.0,0.0,0.0,0.001466992665037,0.030317848410758,0.139364303178484,0.433251833740831,0.39559902200489
2,760,0,0,0,2,44,309,901,784,2040,0.0,0.0,0.0,0.000980392156863,0.02156862745098,0.151470588235294,0.441666666666667,0.384313725490196
2,761,0,0,0,2,42,318,876,797,2035,0.0,0.0,0.0,0.000982800982801,0.020638820638821,0.156265356265356,0.43046683046683,0.391646191646192
2,762,0,0,0,3,43,300,895,789,2030,0.0,0.0,0.0,0.001477832512315,0.021182266009852,0.147783251231527,0.440886699507389,0.388669950738916
2,763,0,0,0,2,33,315,813,862,2025,0.0,0.0,0.0,0.000987654320988,0.016296296296296,0.155555555555556,0.401481481481481,0.425679012345679
2,764,0,0,0,1,41,303,886,789,2020,0.0,0.0,0.0,0.00049504950495,0.02029702970297,0.15,0.438613861386139,0.390594059405941
2,765,0,0,0,3,50,290,826,846,2015,0.0,0.0,0.0,0.001488833746898,0.024813895781638,0.143920595533499,0.409925558312655,0.41985111662531
2,766,0,0,0,5,40,331,854,780,2010,0.0,0.0,0.0,0.002487562189055,0.019900497512438,0.164676616915423,0.424875621890547,0.388059701492537
2,767,0,0,0,5,41,327,863,769,2005,0.0,0.0,0.0,0.002493765586035,0.020448877805486,0.163092269326683,0.430423940149626,0.38354114713217
2,768,0,0,0,2,43,320,803,832,2000,0.0,0.0,0.0,0.001,0.0215,0.16,0.4015,0.416
2,769,0,0,0,2,59,281,855,798,1995,0.0,0.0,0.0,0.001002506265664,0.029573934837093,0.140852130325815,0.428571428571429,0.4
2,770,0,0,0,6,43,288,860,793,1990,0.0,0.0,0.0,0.003015075376884,0.021608040201005,0.144723618090452,0.4321608040201,0.398492462311558
2,771,0,0,0,4,44,301,822,814,1985,0.0,0.0,0.0,0.002015113350126,0.022166246851385,0.151637279596977,0.414105793450882,0.41007556675063
2,772,0,0,0,3,41,311,798,827,1980,0.0,0.0,0.0,0.001515151515152,0.020707070707071,0.157070707070707,0.403030303030303,0.417676767676768
2,773,0,0,1,6,40,306,823,799,1975,0.0,0.0,0.000506329113924,0.003037974683544,0.020253164556962,0.154936708860759,0.416708860759494,0.404556962025316
2,774,0,0,0,7,35,278,867,783,1970,0.0,0.0,0.0,0.003553299492386,0.017766497461929,0.141116751269036,0.44010152284264,0.39746192893401
2,775,0,0,0,0,48,309,804,804,1965,0.0,0.0,0.0,0.0,0.024427480916031,0.157251908396947,0.409160305343511,0.409160305343511
2,776,0,0,0,2,43,306,837,772,1960,0.0,0.0,0.0,0.001020408163265,0.021938775510204,0.156122448979592,0.427040816326531,0.393877551020408
2,777,0,0,0,6,36,296,839,778,1955,0.0,0.0,0.0,0.00306905370844,0.018414322250639,0.151406649616368,0.429156010230179,0.397953964194373
2,778,0,0,0,0,41,283,838,788,1950,0.0,0.0,0.0,0.0,0.021025641025641,0.145128205128205,0.42974358974359,0.404102564102564
2,779,0,0,0,1,44,301,801,798,1945,0.0,0.0,0.0,0.000514138817481,0.022622107969152,0.154755784061697,0.411825192802057,0.410282776349614
2,780,0,0,0,6,44,291,858,741,1940,0.0,0.0,0.0,0.003092783505155,0.022680412371134,0.15,0.442268041237113,0.381958762886598
2,781,0,0,0,0,36,294,856,749,1935,0.0,0.0,0.0,0.0,0.018604651162791,0.151937984496124,0.442377260981912,0.387080103359173
2,782,0,0,0,2,46,299,818,765,1930,0.0,0.0,0.0,0.001036269430052,0.023834196891192,0.154922279792746,0.423834196891192,0.396373056994819
2,783,0,0,0,0,54,293,793,785,1925,0.0,0.0,0.0,0.0,0.028051948051948,0.152207792207792,0.411948051948052,0.407792207792208
2,784,0,0,0,3,36,287,781,813,1920,0.0,0.0,0.0,0.0015625,0.01875,0.149479166666667,0.406770833333333,0.4234375
2,785,0,0,0,2,37,275,826,775,1915,0.0,0.0,0.0,0.001044386422977,0.019321148825065,0.143603133159269,0.431331592689295,0.404699738903394
2,786,0,0,0,2,43,293,789,783,1910,0.0,0.0,0.0,0.001047120418848,0.022513089005236,0.153403141361257,0.413089005235602,0.409947643979058
2,787,0,0,0,1,43,289,812,760,1905,0.0,0.0,0.0,0.000524934383202,0.02257217847769,0.151706036745407,0.426246719160105,0.398950131233596
2,788,0,0,1,4,51,293,799,752,1900,0.0,0.0,0.000526315789474,0.002105263157895,0.026842105263158,0.154210526315789,0.420526315789474,0.395789473684211
2,789,0,0,0,3,45,304,819,724,1895,0.0,0.0,0.0,0.001583113456464,0.023746701846966,0.160422163588391,0.432189973614776,0.382058047493404
2,790,0,0,0,4,29,273,816,768,1890,0.0,0.0,0.0,0.002116402116402,0.015343915343915,0.144444444444444,0.431746031746032,0.406349206349206
2,791,0,0,1,2,35,309,769,769,1885,0.0,0.0,0.00053050397878,0.00106100795756,0.018567639257294,0.163925729442971,0.407957559681698,0.407957559681698
2,792,0,0,0,3,36,262,812,767,1880,0.0,0.0,0.0,0.001595744680851,0.019148936170213,0.13936170212766,0.431914893617021,0.407978723404255
2,793,0,0,0,2,35,301,793,744,1875,0.0,0.0,0.0,0.001066666666667,0.018666666666667,0.160533333333333,0.422933333333333,0.3968
2,794,0,0,0,1,48,272,802,747,1870,0.0,0.0,0.0,0.000534759358289,0.025668449197861,0.145454545454545,0.428877005347594,0.399465240641711
2,795,0,0,0,7,37,272,787,762,1865,0.0,0.0,0.0,0.003753351206434,0.019839142091153,0.145844504021448,0.421983914209115,0.40857908847185
2,796,0,0,0,1,46,280,823,710,1860,0.0,0.0,0.0,0.000537634408602,0.024731182795699,0.150537634408602,0.44247311827957,0.381720430107527
2,797,0,0,0,1,43,277,763,771,1855,0.0,0.0,0.0,0.000539083557951,0.023180592991914,0.149326145552561,0.411320754716981,0.415633423180593
2,798,0,0,0,3,52,265,789,741,1850,0.0,0.0,0.0,0.001621621621622,0.028108108108108,0.143243243243243,0.426486486486486,0.400540540540541
2,799,0,0,0,1,38,287,779,740,1845,0.0,0.0,0.0,0.000542005420054,0.02059620596206,0.155555555555556,0.422222222222222,0.401084010840108
2,800,0,0,0,3,50,268,769,750,1840,0.0,0.0,0.0,0.001630434782609,0.027173913043478,0.145652173913043,0.417934782608696,0.407608695652174
2,801,0,0,0,1,40,292,751,751,1835,0.0,0.0,0.0,0.000544959128065,0.021798365122616,0.159128065395095,0.409264305177112,0.409264305177112
2,802,0,0,1,0,47,291,757,734,1830,0.0,0.0,0.000546448087432,0.0,0.02568306010929,0.159016393442623,0.413661202185792,0.401092896174863
2,803,0,0,0,2,33,300,767,723,1825,0.0,0.0,0.0,0.001095890410959,0.018082191780822,0.164383561643836,0.42027397260274,0.396164383561644
2,804,0,0,0,3,52,294,769,702,1820,0.0,0.0,0.0,0.001648351648352,0.028571428571429,0.161538461538462,0.422527472527473,0.385714285714286
2,805,0,0,0,4,46,258,732,775,1815,0.0,0.0,0.0,0.002203856749311,0.02534435261708,0.142148760330579,0.403305785123967,0.426997245179063
2,806,0,0,0,0,49,285,776,700,1810,0.0,0.0,0.0,0.0,0.02707182320442,0.157458563535912,0.428729281767956,0.386740331491713
2,807,0,0,0,1,48,265,786,705,1805,0.0,0.0,0.0,0.000554016620499,0.026592797783934,0.146814404432133,0.435457063711911,0.390581717451524
2,808,0,0,0,1,44,286,747,722,1800,0.0,0.0,0.0,0.000555555555556,0.024444444444444,0.158888888888889,0.415,0.401111111111111
2,809,0,0,0,5,34,288,788,680,1795,0.0,0.0,0.0,0.002785515320334,0.018941504178273,0.160445682451253,0.43899721448468,0.37883008356546
2,810,0,0,0,3,49,256,801,681,1790,0.0,0.0,0.0,0.001675977653631,0.027374301675978,0.143016759776536,0.447486033519553,0.380446927374302
2,811,0,0,1,3,30,264,769,718,1785,0.0,0.0,0.000560224089636,0.001680672268908,0.016806722689076,0.147899159663866,0.430812324929972,0.402240896358543
2,812,0,0,0,3,42,269,779,687,1780,0.0,0.0,0.0,0.001685393258427,0.023595505617978,0.151123595505618,0.437640449438202,0.385955056179775
2,813,0,0,0,1,35,276,768,695,1775,0.0,0.0,0.0,0.00056338028169,0.019718309859155,0.155492957746479,0.432676056338028,0.391549295774648
2,814,0,0,0,3,35,283,736,713,1770,0.0,0.0,0.0,0.001694915254237,0.019774011299435,0.159887005649718,0.415819209039548,0.402824858757062
2,815,0,0,0,3,36,250,773,703,1765,0.0,0.0,0.0,0.001699716713881,0.020396600566572,0.141643059490085,0.437960339943343,0.398300283286119
2,816,0,0,0,0,35,236,746,743,1760,0.0,0.0,0.0,0.0,0.019886363636364,0.134090909090909,0.423863636363636,0.422159090909091
2,817,0,0,0,0,28,270,733,724,1755,0.0,0.0,0.0,0.0,0.015954415954416,0.153846153846154,0.417663817663818,0.412535612535613
2,818,0,0,0,5,43,232,797,673,1750,0.0,0.0,0.0,0.002857142857143,0.024571428571429,0.132571428571429,0.455428571428571,0.384571428571429
2,819,0,0,0,4,35,227,744,735,1745,0.0,0.0,0.0,0.002292263610315,0.020057306590258,0.130085959885387,0.426361031518625,0.421203438395415
2,820,0,0,0,1,40,275,675,749,1740,0.0,0.0,0.0,0.000574712643678,0.022988505747126,0.158045977011494,0.387931034482759,0.430459770114943
2,821,0,0,0,4,30,226,744,731,1735,0.0,0.0,0.0,0.002305475504323,0.017291066282421,0.130259365994236,0.428818443804035,0.421325648414986
2,822,0,0,0,3,38,260,729,700,1730,0.0,0.0,0.0,0.001734104046243,0.021965317919075,0.15028901734104,0.421387283236994,0.404624277456647
2,823,0,0,0,3,41,255,757,669,1725,0.0,0.0,0.0,0.001739130434783,0.023768115942029,0.147826086956522,0.438840579710145,0.387826086956522
2,824,0,0,0,3,38,260,735,684,1720,0.0,0.0,0.0,0.001744186046512,0.022093023255814,0.151162790697674,0.427325581395349,0.397674418604651
2,825,0,0,0,4,48,263,728,672,1715,0.0,0.0,0.0,0.002332361516035,0.02798833819242,0.1533527696793,0.424489795918367,0.391836734693878
2,826,0,0,0,1,43,255,774,637,1710,0.0,0.0,0.0,0.000584795321637,0.025146198830409,0.149122807017544,0.452631578947368,0.372514619883041
2,827,0,0,0,2,27,247,734,695,1705,0.0,0.0,0.0,0.001173020527859,0.0158357771261,0.144868035190616,0.43049853372434,0.407624633431085
2,828,0,0,0,5,31,250,707,707,1700,0.0,0.0,0.0,0.002941176470588,0.018235294117647,0.147058823529412,0.415882352941176,0.415882352941176
2,829,0,0,0,2,44,255,706,688,1695,0.0,0.0,0.0,0.00117994100295,0.025958702064897,0.150442477876106,0.416519174041298,0.405899705014749
2,830,0,0,0,1,39,277,720,653,1690,0.0,0.0,0.0,0.000591715976331,0.023076923076923,0.163905325443787,0.42603550295858,0.386390532544379
2,831,0,0,0,3,31,255,723,673,1685,0.0,0.0,0.0,0.001780415430267,0.01839762611276,0.1513353115727,0.429080118694362,0.399406528189911
2,832,0,0,0,3,44,248,725,660,1680,0.0,0.0,0.0,0.001785714285714,0.026190476190476,0.147619047619048,0.431547619047619,0.392857142857143
2,833,0,0,0,2,42,265,699,667,1675,0.0,0.0,0.0,0.001194029850746,0.025074626865672,0.158208955223881,0.417313432835821,0.398208955223881
2,834,0,0,0,3,41,254,703,669,1670,0.0,0.0,0.0,0.001796407185629,0.024550898203593,0.152095808383234,0.420958083832335,0.40059880239521
2,835,0,0,0,1,49,233,734,648,1665,0.0,0.0,0.0,0.000600600600601,0.029429429429429,0.13993993993994,0.440840840840841,0.389189189189189
2,836,0,0,0,6,46,261,694,653,1660,0.0,0.0,0.0,0.003614457831325,0.027710843373494,0.157228915662651,0.418072289156627,0.393373493975904
2,837,0,0,0,2,29,246,677,701,1655,0.0,0.0,0.0,0.001208459214502,0.017522658610272,0.148640483383686,0.409063444108761,0.423564954682779
2,838,0,0,0,2,37,231,699,681,1650,0.0,0.0,0.0,0.001212121212121,0.022424242424242,0.14,0.423636363636364,0.412727272727273
2,839,0,0,0,1,60,261,689,634,1645,0.0,0.0,0.0,0.000607902735562,0.036474164133739,0.158662613981763,0.418844984802432,0.385410334346505
2,840,0,0,0,0,45,253,676,666,1640,0.0,0.0,0.0,0.0,0.027439024390244,0.154268292682927,0.412195121951219,0.40609756097561
2,841,0,0,0,1,29,235,702,668,1635,0.0,0.0,0.0,0.000611620795107,0.017737003058104,0.143730886850153,0.429357798165138,0.408562691131498
2,842,0,0,1,2,31,275,661,660,1630,0.0,0.0,0.000613496932515,0.001226993865031,0.019018404907975,0.168711656441718,0.405521472392638,0.404907975460123
2,843,0,0,0,1,35,232,698,659,1625,0.0,0.0,0.0,0.000615384615385,0.021538461538462,0.142769230769231,0.429538461538462,0.405538461538462
2,844,0,0,1,3,34,244,697,641,1620,0.0,0.0,0.000617283950617,0.001851851851852,0.020987654320988,0.150617283950617,0.430246913580247,0.395679012345679
2,845,0,0,0,2,33,255,682,643,1615,0.0,0.0,0.0,0.001238390092879,0.020433436532508,0.157894736842105,0.422291021671827,0.398142414860681
2,846,0,0,0,3,47,226,688,646,1610,0.0,0.0,0.0,0.001863354037267,0.029192546583851,0.140372670807453,0.427329192546584,0.401242236024845
2,847,0,0,0,1,36,241,659,668,1605,0.0,0.0,0.0,0.000623052959502,0.022429906542056,0.150155763239875,0.410591900311526,0.416199376947041
2,848,0,0,0,4,38,241,662,655,1600,0.0,0.0,0.0,0.0025,0.02375,0.150625,0.41375,0.409375
2,849,0,0,0,4,33,254,679,625,1595,0.0,0.0,0.0,0.002507836990596,0.020689655172414,0.159247648902821,0.425705329153605,0.391849529780564
2,850,0,0,0,2,34,253,700,601,1590,0.0,0.0,0.0,0.00125786163522,0.021383647798742,0.159119496855346,0.440251572327044,0.377987421383648
2,851,0,0,1,0,35,226,677,646,1585,0.0,0.0,0.000630914826498,0.0,0.022082018927445,0.142586750788644,0.427129337539432,0.407570977917981
2,852,0,0,0,4,35,230,650,661,1580,0.0,0.0,0.0,0.00253164556962,0.022151898734177,0.145569620253165,0.411392405063291,0.418354430379747
2,853,0,0,0,1,28,238,680,628,1575,0.0,0.0,0.0,0.000634920634921,0.017777777777778,0.151111111111111,0.431746031746032,0.398730158730159
2,854,0,0,0,2,37,235,647,649,1570,0.0,0.0,0.0,0.001273885350318,0.023566878980892,0.14968152866242,0.412101910828025,0.413375796178344
2,855,0,0,0,2,36,245,652,630,1565,0.0,0.0,0.0,0.001277955271565,0.023003194888179,0.156549520766773,0.416613418530351,0.402555910543131
2,856,0,0,0,2,32,234,666,626,1560,0.0,0.0,0.0,0.001282051282051,0.020512820512821,0.15,0.426923076923077,0.401282051282051
2,857,0,0,0,1,23,221,660,650,1555,0.0,0.0,0.0,0.00064308681672,0.014790996784566,0.142122186495177,0.42443729903537,0.418006430868167
2,858,0,0,0,1,31,246,631,641,1550,0.0,0.0,0.0,0.000645161290323,0.02,0.158709677419355,0.407096774193548,0.413548387096774
2,859,0,0,1,3,44,213,651,633,1545,0.0,0.0,0.000647249190939,0.001941747572816,0.028478964401295,0.137864077669903,0.421359223300971,0.409708737864078
2,860,0,0,0,2,27,263,651,597,1540,0.0,0.0,0.0,0.001298701298701,0.017532467532468,0.170779220779221,0.422727272727273,0.387662337662338
2,861,0,0,0,1,27,239,631,637,1535,0.0,0.0,0.0,0.000651465798046,0.017589576547231,0.155700325732899,0.411074918566775,0.414983713355049
2,862,0,0,0,3,34,262,634,597,1530,0.0,0.0,0.0,0.001960784313725,0.022222222222222,0.171241830065359,0.41437908496732,0.390196078431373
2,863,0,0,0,4,31,240,616,634,1525,0.0,0.0,0.0,0.002622950819672,0.020327868852459,0.157377049180328,0.403934426229508,0.415737704918033
2,864,0,0,0,1,37,239,622,621,1520,0.0,0.0,0.0,0.000657894736842,0.024342105263158,0.157236842105263,0.409210526315789,0.408552631578947
2,865,0,0,0,1,33,225,622,634,1515,0.0,0.0,0.0,0.000660066006601,0.021782178217822,0.148514851485149,0.410561056105611,0.418481848184818
2,866,0,0,0,5,27,226,636,616,1510,0.0,0.0,0.0,0.003311258278146,0.017880794701987,0.149668874172185,0.421192052980132,0.40794701986755
2,867,0,0,0,3,29,214,653,606,1505,0.0,0.0,0.0,0.001993355481728,0.019269102990033,0.1421926910299,0.433887043189369,0.40265780730897
2,868,0,0,0,1,30,231,668,570,1500,0.0,0.0,0.0,0.000666666666667,0.02,0.154,0.445333333333333,0.38
2,869,0,0,0,3,32,245,614,601,1495,0.0,0.0,0.0,0.002006688963211,0.021404682274247,0.163879598662207,0.410702341137124,0.402006688963211
2,870,0,0,0,1,33,216,630,610,1490,0.0,0.0,0.0,0.000671140939597,0.022147651006711,0.14496644295302,0.422818791946309,0.409395973154362
2,871,0,0,0,2,27,247,633,576,1485,0.0,0.0,0.0,0.001346801346801,0.018181818181818,0.166329966329966,0.426262626262626,0.387878787878788
2,872,0,0,2,1,31,197,645,604,1480,0.0,0.0,0.001351351351351,0.000675675675676,0.020945945945946,0.133108108108108,0.435810810810811,0.408108108108108
2,873,0,0,0,2,39,227,644,563,1475,0.0,0.0,0.0,0.00135593220339,0.026440677966102,0.153898305084746,0.436610169491525,0.381694915254237
2,874,0,0,0,4,43,225,603,595,1470,0.0,0.0,0.0,0.002721088435374,0.029251700680272,0.153061224489796,0.410204081632653,0.404761904761905
2,875,0,0,0,3,36,247,591,588,1465,0.0,0.0,0.0,0.002047781569966,0.02457337883959,0.168600682593857,0.403412969283276,0.401365187713311
2,876,0,0,0,2,29,214,623,592,1460,0.0,0.0,0.0,0.001369863013699,0.01986301369863,0.146575342465753,0.426712328767123,0.405479452054795
2,877,0,0,0,3,41,246,611,554,1455,0.0,0.0,0.0,0.002061855670103,0.028178694158076,0.169072164948454,0.419931271477663,0.380756013745704
2,878,0,0,0,3,37,231,591,588,1450,0.0,0.0,0.0,0.002068965517241,0.02551724137931,0.159310344827586,0.407586206896552,0.40551724137931
2,879,0,0,0,1,30,232,569,613,1445,0.0,0.0,0.0,0.000692041522491,0.02076124567474,0.160553633217993,0.393771626297578,0.424221453287197
2,880,0,0,0,2,29,239,593,577,1440,0.0,0.0,0.0,0.001388888888889,0.020138888888889,0.165972222222222,0.411805555555556,0.400694444444444
2,881,0,0,0,1,32,205,614,583,1435,0.0,0.0,0.0,0.000696864111498,0.022299651567944,0.142857142857143,0.42787456445993,0.406271777003484
2,882,0,0,0,0,33,220,628,549,1430,0.0,0.0,0.0,0.0,0.023076923076923,0.153846153846154,0.439160839160839,0.383916083916084
2,883,0,0,0,0,30,244,609,542,1425,0.0,0.0,0.0,0.0,0.021052631578947,0.171228070175439,0.427368421052632,0.380350877192982
2,884,0,0,1,2,29,216,589,583,1420,0.0,0.0,0.000704225352113,0.001408450704225,0.020422535211268,0.152112676056338,0.414788732394366,0.41056338028169
2,885,0,0,0,4,40,223,581,567,1415,0.0,0.0,0.0,0.002826855123675,0.028268551236749,0.157597173144876,0.410600706713781,0.400706713780919
2,886,0,0,0,2,21,229,594,564,1410,0.0,0.0,0.0,0.001418439716312,0.014893617021277,0.162411347517731,0.421276595744681,0.4
2,887,0,0,0,2,27,222,610,544,1405,0.0,0.0,0.0,0.001423487544484,0.019217081850534,0.158007117437722,0.434163701067616,0.387188612099644
2,888,0,0,0,3,40,194,630,533,1400,0.0,0.0,0.0,0.002142857142857,0.028571428571429,0.138571428571429,0.45,0.380714285714286
2,889,0,0,0,3,23,226,592,551,1395,0.0,0.0,0.0,0.002150537634409,0.016487455197133,0.162007168458781,0.424372759856631,0.394982078853047
2,890,0,0,0,3,16,210,589,572,1390,0.0,0.0,0.0,0.002158273381295,0.011510791366906,0.151079136690647,0.423741007194245,0.411510791366906
2,891,0,0,0,1,26,184,593,581,1385,0.0,0.0,0.0,0.00072202166065,0.018772563176895,0.132851985559567,0.428158844765343,0.419494584837545
2,892,0,0,0,1,27,203,580,569,1380,0.0,0.0,0.0,0.000724637681159,0.019565217391304,0.147101449275362,0.420289855072464,0.41231884057971
2,893,0,0,1,3,29,183,622,537,1375,0.0,0.0,0.000727272727273,0.002181818181818,0.021090909090909,0.133090909090909,0.452363636363636,0.390545454545455
2,894,0,0,0,2,29,199,585,555,1370,0.0,0.0,0.0,0.001459854014599,0.021167883211679,0.145255474452555,0.427007299270073,0.405109489051095
2,895,0,0,0,5,29,211,586,534,1365,0.0,0.0,0.0,0.003663003663004,0.021245421245421,0.154578754578755,0.429304029304029,0.391208791208791
2,896,0,0,0,3,24,190,567,576,1360,0.0,0.0,0.0,0.002205882352941,0.017647058823529,0.139705882352941,0.416911764705882,0.423529411764706
2,897,0,0,0,4,42,242,578,489,1355,0.0,0.0,0.0,0.002952029520295,0.0309963099631,0.17859778597786,0.426568265682657,0.360885608856089
2,898,0,0,0,1,34,185,595,535,1350,0.0,0.0,0.0,0.000740740740741,0.025185185185185,0.137037037037037,0.440740740740741,0.396296296296296
2,899,0,0,0,1,27,172,571,574,1345,0.0,0.0,0.0,0.000743494423792,0.020074349442379,0.127881040892193,0.42453531598513,0.426765799256506
2,900,0,0,0,1,29,201,555,554,1340,0.0,0.0,0.0,0.000746268656716,0.021641791044776,0.15,0.414179104477612,0.413432835820896
2,901,0,0,0,3,20,189,589,534,1335,0.0,0.0,0.0,0.002247191011236,0.01498127340824,0.141573033707865,0.441198501872659,0.4
2,902,0,0,0,2,25,209,568,526,1330,0.0,0.0,0.0,0.001503759398496,0.018796992481203,0.157142857142857,0.427067669172932,0.395488721804511
2,903,0,0,0,2,24,187,553,559,1325,0.0,0.0,0.0,0.001509433962264,0.01811320754717,0.141132075471698,0.417358490566038,0.42188679245283
2,904,0,0,0,2,31,207,581,499,1320,0.0,0.0,0.0,0.001515151515152,0.023484848484848,0.156818181818182,0.440151515151515,0.378030303030303
2,905,0,0,0,4,26,163,575,547,1315,0.0,0.0,0.0,0.003041825095057,0.019771863117871,0.123954372623574,0.437262357414449,0.415969581749049
2,906,0,0,0,2,37,196,545,530,1310,0.0,0.0,0.0,0.001526717557252,0.02824427480916,0.149618320610687,0.416030534351145,0.404580152671756
2,907,0,0,0,1,32,206,541,525,1305,0.0,0.0,0.0,0.000766283524904,0.024521072796935,0.157854406130268,0.41455938697318,0.402298850574713
2,908,0,0,0,1,22,200,550,527,1300,0.0,0.0,0.0,0.000769230769231,0.016923076923077,0.153846153846154,0.423076923076923,0.405384615384615
2,909,0,0,0,2,33,212,554,494,1295,0.0,0.0,0.0,0.001544401544402,0.025482625482625,0.163706563706564,0.427799227799228,0.381467181467181
2,910,0,0,0,1,23,183,552,531,1290,0.0,0.0,0.0,0.00077519379845,0.017829457364341,0.141860465116279,0.427906976744186,0.411627906976744
2,911,0,0,0,1,34,190,554,506,1285,0.0,0.0,0.0,0.000778210116732,0.026459143968872,0.147859922178988,0.431128404669261,0.393774319066148
2,912,0,0,0,4,35,199,527,515,1280,0.0,0.0,0.0,0.003125,0.02734375,0.15546875,0.41171875,0.40234375
2,913,0,0,0,2,22,202,549,500,1275,0.0,0.0,0.0,0.00156862745098,0.017254901960784,0.15843137254902,0.430588235294118,0.392156862745098
2,914,0,0,0,1,32,195,541,501,1270,0.0,0.0,0.0,0.000787401574803,0.025196850393701,0.153543307086614,0.425984251968504,0.394488188976378
2,915,0,0,0,3,26,183,544,509,1265,0.0,0.0,0.0,0.002371541501976,0.020553359683794,0.144664031620553,0.4300395256917,0.402371541501976
2,916,0,0,1,1,18,218,523,499,1260,0.0,0.0,0.000793650793651,0.000793650793651,0.014285714285714,0.173015873015873,0.415079365079365,0.396031746031746
2,917,0,0,0,1,35,177,563,479,1255,0.0,0.0,0.0,0.000796812749004,0.027888446215139,0.141035856573705,0.448605577689243,0.381673306772908
2,918,0,0,0,1,31,187,526,505,1250,0.0,0.0,0.0,0.0008,0.0248,0.1496,0.4208,0.404
2,919,0,0,0,1,23,171,556,494,1245,0.0,0.0,0.0,0.000803212851406,0.018473895582329,0.137349397590361,0.446586345381526,0.396787148594378
2,920,0,0,0,1,24,190,543,482,1240,0.0,0.0,0.0,0.000806451612903,0.019354838709677,0.153225806451613,0.437903225806452,0.388709677419355
2,921,0,0,0,2,25,178,489,541,1235,0.0,0.0,0.0,0.001619433198381,0.020242914979757,0.14412955465587,0.395951417004049,0.438056680161943
2,922,0,0,0,0,32,184,516,498,1230,0.0,0.0,0.0,0.0,0.026016260162602,0.149593495934959,0.419512195121951,0.404878048780488
2,923,0,0,0,2,28,195,539,461,1225,0.0,0.0,0.0,0.001632653061224,0.022857142857143,0.159183673469388,0.44,0.376326530612245
2,924,0,0,0,1,32,172,507,508,1220,0.0,0.0,0.0,0.000819672131148,0.026229508196721,0.140983606557377,0.415573770491803,0.416393442622951
2,925,0,0,0,2,28,177,542,466,1215,0.0,0.0,0.0,0.001646090534979,0.023045267489712,0.145679012345679,0.446090534979424,0.383539094650206
2,926,0,0,0,2,15,190,536,467,1210,0.0,0.0,0.0,0.001652892561983,0.012396694214876,0.15702479338843,0.44297520661157,0.38595041322314
2,927,0,0,0,2,25,175,529,474,1205,0.0,0.0,0.0,0.001659751037344,0.020746887966805,0.145228215767635,0.439004149377593,0.393360995850622
2,928,0,0,0,2,29,173,512,484,1200,0.0,0.0,0.0,0.001666666666667,0.024166666666667,0.144166666666667,0.426666666666667,0.403333333333333
2,929,0,0,0,4,30,188,502,471,1195,0.0,0.0,0.0,0.003347280334728,0.02510460251046,0.157322175732218,0.420083682008368,0.394142259414226
2,930,0,0,0,4,19,179,494,494,1190,0.0,0.0,0.0,0.003361344537815,0.015966386554622,0.150420168067227,0.415126050420168,0.415126050420168
2,931,0,0,0,5,25,169,490,496,1185,0.0,0.0,0.0,0.0042194092827,0.021097046413502,0.142616033755274,0.413502109704641,0.418565400843882
2,932,0,0,0,2,31,188,487,472,1180,0.0,0.0,0.0,0.001694915254237,0.026271186440678,0.159322033898305,0.41271186440678,0.4
2,933,0,0,0,2,26,189,473,485,1175,0.0,0.0,0.0,0.001702127659574,0.022127659574468,0.160851063829787,0.402553191489362,0.412765957446808
2,934,0,0,0,2,27,147,510,484,1170,0.0,0.0,0.0,0.001709401709402,0.023076923076923,0.125641025641026,0.435897435897436,0.413675213675214
2,935,0,0,0,2,29,178,480,476,1165,0.0,0.0,0.0,0.001716738197425,0.024892703862661,0.152789699570815,0.412017167381974,0.408583690987124
2,936,0,0,0,1,24,172,466,497,1160,0.0,0.0,0.0,0.000862068965517,0.020689655172414,0.148275862068966,0.401724137931035,0.428448275862069
2,937,0,0,0,2,22,173,507,451,1155,0.0,0.0,0.0,0.001731601731602,0.019047619047619,0.14978354978355,0.438961038961039,0.39047619047619
2,938,0,0,0,1,32,168,508,441,1150,0.0,0.0,0.0,0.000869565217391,0.027826086956522,0.146086956521739,0.441739130434783,0.383478260869565
2,939,0,0,0,1,40,202,447,455,1145,0.0,0.0,0.0,0.000873362445415,0.034934497816594,0.176419213973799,0.390393013100437,0.397379912663755
2,940,0,0,0,0,30,157,499,454,1140,0.0,0.0,0.0,0.0,0.026315789473684,0.137719298245614,0.437719298245614,0.398245614035088
2,941,0,0,0,1,19,163,508,444,1135,0.0,0.0,0.0,0.000881057268722,0.016740088105727,0.143612334801762,0.447577092511013,0.391189427312775
2,942,0,0,0,1,25,150,506,448,1130,0.0,0.0,0.0,0.000884955752212,0.02212389380531,0.132743362831858,0.447787610619469,0.39646017699115
2,943,0,0,0,2,26,183,450,464,1125,0.0,0.0,0.0,0.001777777777778,0.023111111111111,0.162666666666667,0.4,0.412444444444444
2,944,0,0,0,1,23,165,457,474,1120,0.0,0.0,0.0,0.000892857142857,0.020535714285714,0.147321428571429,0.408035714285714,0.423214285714286
2,945,0,0,0,2,25,150,468,470,1115,0.0,0.0,0.0,0.001793721973094,0.022421524663677,0.134529147982063,0.419730941704036,0.42152466367713
2,946,0,0,0,1,24,180,467,438,1110,0.0,0.0,0.0,0.000900900900901,0.021621621621622,0.162162162162162,0.420720720720721,0.394594594594595
2,947,0,0,0,1,27,146,478,453,1105,0.0,0.0,0.0,0.000904977375566,0.024434389140271,0.132126696832579,0.432579185520362,0.409954751131222
2,948,0,0,0,3,26,162,465,444,1100,0.0,0.0,0.0,0.002727272727273,0.023636363636364,0.147272727272727,0.422727272727273,0.403636363636364
2,949,0,0,0,0,25,162,517,391,1095,0.0,0.0,0.0,0.0,0.022831050228311,0.147945205479452,0.472146118721461,0.357077625570776
2,950,0,0,0,0,23,183,458,426,1090,0.0,0.0,0.0,0.0,0.021100917431193,0.167889908256881,0.420183486238532,0.390825688073395
2,951,0,0,0,6,24,159,466,430,1085,0.0,0.0,0.0,0.005529953917051,0.022119815668203,0.146543778801843,0.429493087557604,0.3963133640553
2,952,0,0,0,1,23,168,432,456,1080,0.0,0.0,0.0,0.000925925925926,0.021296296296296,0.155555555555556,0.4,0.422222222222222
2,953,0,0,0,3,29,176,454,413,1075,0.0,0.0,0.0,0.002790697674419,0.026976744186047,0.163720930232558,0.422325581395349,0.384186046511628
2,954,0,0,0,2,28,149,443,448,1070,0.0,0.0,0.0,0.001869158878505,0.026168224299065,0.139252336448598,0.414018691588785,0.418691588785047
2,955,0,0,0,2,23,170,458,412,1065,0.0,0.0,0.0,0.0018779342723,0.021596244131455,0.15962441314554,0.430046948356808,0.386854460093897
2,956,0,0,0,3,24,144,474,415,1060,0.0,0.0,0.0,0.002830188679245,0.022641509433962,0.135849056603774,0.447169811320755,0.391509433962264
2,957,0,0,0,4,16,170,470,395,1055,0.0,0.0,0.0,0.003791469194313,0.015165876777251,0.161137440758294,0.445497630331754,0.374407582938389
2,958,0,0,0,1,22,128,467,432,1050,0.0,0.0,0.0,0.000952380952381,0.020952380952381,0.121904761904762,0.444761904761905,0.411428571428571
2,959,0,0,0,5,23,154,441,422,1045,0.0,0.0,0.0,0.004784688995215,0.02200956937799,0.147368421052632,0.42200956937799,0.403827751196172
2,960,0,0,0,1,22,159,473,385,1040,0.0,0.0,0.0,0.000961538461538,0.021153846153846,0.152884615384615,0.454807692307692,0.370192307692308
2,961,0,0,0,2,19,147,485,382,1035,0.0,0.0,0.0,0.001932367149758,0.018357487922705,0.142028985507246,0.468599033816425,0.369082125603865
2,962,0,0,0,3,26,134,415,452,1030,0.0,0.0,0.0,0.002912621359223,0.025242718446602,0.130097087378641,0.402912621359223,0.438834951456311
2,963,0,0,0,2,25,166,440,392,1025,0.0,0.0,0.0,0.001951219512195,0.024390243902439,0.161951219512195,0.429268292682927,0.382439024390244
2,964,0,0,0,2,24,167,419,408,1020,0.0,0.0,0.0,0.001960784313725,0.023529411764706,0.163725490196078,0.41078431372549,0.4
2,965,0,0,0,1,19,128,421,446,1015,0.0,0.0,0.0,0.000985221674877,0.01871921182266,0.126108374384236,0.414778325123153,0.439408866995074
2,966,0,0,0,3,24,151,433,399,1010,0.0,0.0,0.0,0.002970297029703,0.023762376237624,0.149504950495049,0.428712871287129,0.395049504950495
2,967,0,0,0,1,29,143,421,411,1005,0.0,0.0,0.0,0.000995024875622,0.028855721393035,0.14228855721393,0.418905472636816,0.408955223880597
2,968,0,0,0,0,20,151,405,424,1000,0.0,0.0,0.0,0.0,0.02,0.151,0.405,0.424
2,969,0,0,0,2,25,149,431,388,995,0.0,0.0,0.0,0.002010050251256,0.025125628140704,0.149748743718593,0.433165829145729,0.389949748743719
2,970,0,0,0,1,30,158,393,408,990,0.0,0.0,0.0,0.001010101010101,0.03030303030303,0.15959595959596,0.396969696969697,0.412121212121212
2,971,0,0,0,1,22,138,424,400,985,0.0,0.0,0.0,0.001015228426396,0.022335025380711,0.14010152284264,0.430456852791878,0.406091370558376
2,972,0,0,0,3,23,145,427,382,980,0.0,0.0,0.0,0.003061224489796,0.023469387755102,0.147959183673469,0.435714285714286,0.389795918367347
2,973,0,0,0,0,16,151,412,396,975,0.0,0.0,0.0,0.0,0.016410256410256,0.154871794871795,0.422564102564103,0.406153846153846
2,974,0,0,1,4,21,146,434,364,970,0.0,0.0,0.001030927835052,0.004123711340206,0.021649484536082,0.150515463917526,0.447422680412371,0.375257731958763
2,975,0,0,0,2,15,151,410,387,965,0.0,0.0,0.0,0.002072538860104,0.015544041450777,0.156476683937824,0.424870466321244,0.401036269430052
2,976,0,0,0,1,31,140,395,393,960,0.0,0.0,0.0,0.001041666666667,0.032291666666667,0.145833333333333,0.411458333333333,0.409375
2,977,0,0,0,0,22,143,404,386,955,0.0,0.0,0.0,0.0,0.02303664921466,0.149738219895288,0.42303664921466,0.404188481675393
2,978,0,0,0,0,23,162,383,382,950,0.0,0.0,0.0,0.0,0.024210526315789,0.170526315789474,0.403157894736842,0.402105263157895
2,979,0,0,0,1,22,142,396,384,945,0.0,0.0,0.0,0.001058201058201,0.023280423280423,0.15026455026455,0.419047619047619,0.406349206349206
2,980,0,0,0,0,23,146,388,383,940,0.0,0.0,0.0,0.0,0.024468085106383,0.15531914893617,0.412765957446808,0.407446808510638
2,981,0,0,0,3,27,148,395,362,935,0.0,0.0,0.0,0.003208556149733,0.028877005347594,0.158288770053476,0.422459893048128,0.38716577540107
2,982,0,0,0,3,18,138,386,385,930,0.0,0.0,0.0,0.003225806451613,0.019354838709677,0.148387096774194,0.41505376344086,0.413978494623656
2,983,0,0,0,0,25,156,386,358,925,0.0,0.0,0.0,0.0,0.027027027027027,0.168648648648649,0.417297297297297,0.387027027027027
2,984,0,0,0,0,24,141,398,357,920,0.0,0.0,0.0,0.0,0.026086956521739,0.153260869565217,0.432608695652174,0.38804347826087
2,985,0,0,0,2,11,141,377,384,915,0.0,0.0,0.0,0.002185792349727,0.012021857923497,0.154098360655738,0.412021857923497,0.419672131147541
2,986,0,0,0,0,20,156,351,383,910,0.0,0.0,0.0,0.0,0.021978021978022,0.171428571428571,0.385714285714286,0.420879120879121
2,987,0,0,0,1,19,139,390,356,905,0.0,0.0,0.0,0.001104972375691,0.020994475138122,0.153591160220994,0.430939226519337,0.393370165745856
2,988,0,0,0,1,13,134,384,368,900,0.0,0.0,0.0,0.001111111111111,0.014444444444444,0.148888888888889,0.426666666666667,0.408888888888889
2,989,0,0,0,3,15,124,392,361,895,0.0,0.0,0.0,0.003351955307263,0.016759776536313,0.13854748603352,0.437988826815642,0.403351955307263
2,990,0,0,1,1,27,127,378,356,890,0.0,0.0,0.001123595505618,0.001123595505618,0.030337078651685,0.142696629213483,0.424719101123596,0.4
2,991,0,0,0,1,17,124,399,344,885,0.0,0.0,0.0,0.001129943502825,0.019209039548023,0.140112994350282,0.450847457627119,0.388700564971751
2,992,0,0,0,2,21,128,391,338,880,0.0,0.0,0.0,0.002272727272727,0.023863636363636,0.145454545454545,0.444318181818182,0.384090909090909
2,993,0,0,0,1,10,153,360,351,875,0.0,0.0,0.0,0.001142857142857,0.011428571428571,0.174857142857143,0.411428571428571,0.401142857142857
2,994,0,0,0,0,19,124,355,372,870,0.0,0.0,0.0,0.0,0.02183908045977,0.142528735632184,0.408045977011494,0.427586206896552
2,995,0,0,0,1,26,123,364,351,865,0.0,0.0,0.0,0.001156069364162,0.030057803468208,0.142196531791908,0.420809248554913,0.405780346820809
2,996,0,0,0,1,20,118,376,345,860,0.0,0.0,0.0,0.001162790697674,0.023255813953488,0.137209302325581,0.437209302325581,0.401162790697674
2,997,0,0,0,2,19,128,370,336,855,0.0,0.0,0.0,0.00233918128655,0.022222222222222,0.149707602339181,0.432748538011696,0.392982456140351
2,998,0,0,0,3,15,119,376,337,850,0.0,0.0,0.0,0.003529411764706,0.017647058823529,0.14,0.442352941176471,0.396470588235294
2,999,0,0,0,3,15,130,363,334,845,0.0,0.0,0.0,0.003550295857988,0.017751479289941,0.153846153846154,0.429585798816568,0.395266272189349
2,1000,0,0,0,1,22,134,348,335,840,0.0,0.0,0.0,0.001190476190476,0.026190476190476,0.15952380952381,0.414285714285714,0.398809523809524
2,1001,0,0,0,1,15,121,339,359,835,0.0,0.0,0.0,0.001197604790419,0.017964071856287,0.144910179640719,0.405988023952096,0.429940119760479
2,1002,0,0,0,1,16,105,364,344,830,0.0,0.0,0.0,0.001204819277108,0.019277108433735,0.126506024096386,0.43855421686747,0.414457831325301
2,1003,0,0,0,0,15,128,338,344,825,0.0,0.0,0.0,0.0,0.018181818181818,0.155151515151515,0.40969696969697,0.416969696969697
2,1004,0,0,0,1,18,136,330,335,820,0.0,0.0,0.0,0.001219512195122,0.021951219512195,0.165853658536585,0.402439024390244,0.408536585365854
2,1005,0,0,0,1,13,111,341,349,815,0.0,0.0,0.0,0.001226993865031,0.015950920245399,0.136196319018405,0.41840490797546,0.428220858895706
2,1006,0,0,0,1,18,117,353,321,810,0.0,0.0,0.0,0.001234567901235,0.022222222222222,0.144444444444444,0.435802469135802,0.396296296296296
2,1007,0,0,0,3,20,127,353,302,805,0.0,0.0,0.0,0.003726708074534,0.024844720496894,0.15776397515528,0.438509316770186,0.375155279503106
2,1008,0,0,0,1,16,108,337,338,800,0.0,0.0,0.0,0.00125,0.02,0.135,0.42125,0.4225
2,1009,0,0,0,1,12,116,300,366,795,0.0,0.0,0.0,0.00125786163522,0.015094339622642,0.145911949685535,0.377358490566038,0.460377358490566
2,1010,0,0,0,0,10,130,338,312,790,0.0,0.0,0.0,0.0,0.012658227848101,0.164556962025316,0.427848101265823,0.394936708860759
2,1011,0,0,0,1,12,115,359,298,785,0.0,0.0,0.0,0.001273885350318,0.015286624203822,0.146496815286624,0.457324840764331,0.379617834394904
2,1012,0,0,0,0,11,127,312,330,780,0.0,0.0,0.0,0.0,0.014102564102564,0.162820512820513,0.4,0.423076923076923
2,1013,0,0,0,2,20,117,346,290,775,0.0,0.0,0.0,0.00258064516129,0.025806451612903,0.150967741935484,0.446451612903226,0.374193548387097
2,1014,0,0,0,1,19,118,350,282,770,0.0,0.0,0.0,0.001298701298701,0.024675324675325,0.153246753246753,0.454545454545455,0.366233766233766
2,1015,0,0,0,0,19,118,335,293,765,0.0,0.0,0.0,0.0,0.02483660130719,0.154248366013072,0.437908496732026,0.383006535947712
2,1016,0,0,0,1,14,120,321,304,760,0.0,0.0,0.0,0.001315789473684,0.018421052631579,0.157894736842105,0.422368421052632,0.4
2,1017,0,0,0,1,13,111,332,298,755,0.0,0.0,0.0,0.001324503311258,0.017218543046358,0.147019867549669,0.439735099337748,0.394701986754967
2,1018,0,0,0,0,27,117,310,296,750,0.0,0.0,0.0,0.0,0.036,0.156,0.413333333333333,0.394666666666667
2,1019,0,0,0,0,17,122,326,280,745,0.0,0.0,0.0,0.0,0.022818791946309,0.163758389261745,0.43758389261745,0.375838926174497
2,1020,0,0,0,0,13,102,336,289,740,0.0,0.0,0.0,0.0,0.017567567567568,0.137837837837838,0.454054054054054,0.390540540540541
2,1021,0,0,0,1,14,116,332,272,735,0.0,0.0,0.0,0.001360544217687,0.019047619047619,0.157823129251701,0.451700680272109,0.370068027210884
2,1022,0,0,0,0,18,102,310,300,730,0.0,0.0,0.0,0.0,0.024657534246575,0.13972602739726,0.424657534246575,0.410958904109589
2,1023,0,0,0,0,21,98,305,301,725,0.0,0.0,0.0,0.0,0.028965517241379,0.135172413793103,0.420689655172414,0.415172413793103
2,1024,0,0,0,1,17,100,323,279,720,0.0,0.0,0.0,0.001388888888889,0.023611111111111,0.138888888888889,0.448611111111111,0.3875
2,1025,0,0,0,2,10,126,293,284,715,0.0,0.0,0.0,0.002797202797203,0.013986013986014,0.176223776223776,0.40979020979021,0.397202797202797
2,1026,0,0,0,0,17,95,318,280,710,0.0,0.0,0.0,0.0,0.023943661971831,0.133802816901408,0.447887323943662,0.394366197183099
2,1027,0,0,0,1,9,109,322,264,705,0.0,0.0,0.0,0.001418439716312,0.012765957446809,0.154609929078014,0.456737588652482,0.374468085106383
2,1028,0,0,0,1,20,103,296,280,700,0.0,0.0,0.0,0.001428571428571,0.028571428571429,0.147142857142857,0.422857142857143,0.4
2,1029,0,0,0,1,10,106,304,274,695,0.0,0.0,0.0,0.001438848920863,0.014388489208633,0.152517985611511,0.437410071942446,0.394244604316547
2,1030,0,0,0,0,13,111,302,264,690,0.0,0.0,0.0,0.0,0.018840579710145,0.160869565217391,0.43768115942029,0.382608695652174
2,1031,0,0,0,0,16,113,280,276,685,0.0,0.0,0.0,0.0,0.023357664233577,0.164963503649635,0.408759124087591,0.402919708029197
2,1032,0,0,0,2,24,115,270,269,680,0.0,0.0,0.0,0.002941176470588,0.035294117647059,0.169117647058824,0.397058823529412,0.395588235294118
2,1033,0,0,0,0,11,93,300,271,675,0.0,0.0,0.0,0.0,0.016296296296296,0.137777777777778,0.444444444444444,0.401481481481481
2,1034,0,0,0,1,13,99,291,266,670,0.0,0.0,0.0,0.001492537313433,0.019402985074627,0.147761194029851,0.434328358208955,0.397014925373134
2,1035,0,0,0,1,11,113,282,258,665,0.0,0.0,0.0,0.001503759398496,0.016541353383459,0.169924812030075,0.42406015037594,0.38796992481203
2,1036,0,0,0,0,14,108,275,263,660,0.0,0.0,0.0,0.0,0.021212121212121,0.163636363636364,0.416666666666667,0.398484848484848
2,1037,0,0,0,1,13,96,269,276,655,0.0,0.0,0.0,0.001526717557252,0.019847328244275,0.146564885496183,0.410687022900763,0.421374045801527
2,1038,0,0,0,1,21,80,286,262,650,0.0,0.0,0.0,0.001538461538462,0.032307692307692,0.123076923076923,0.44,0.403076923076923
2,1039,0,0,0,1,8,106,274,256,645,0.0,0.0,0.0,0.001550387596899,0.012403100775194,0.164341085271318,0.424806201550388,0.396899224806202
2,1040,0,0,0,2,22,109,267,240,640,0.0,0.0,0.0,0.003125,0.034375,0.1703125,0.4171875,0.375
2,1041,0,0,0,0,10,98,273,254,635,0.0,0.0,0.0,0.0,0.015748031496063,0.154330708661417,0.42992125984252,0.4
2,1042,0,0,0,1,10,95,277,247,630,0.0,0.0,0.0,0.001587301587302,0.015873015873016,0.150793650793651,0.43968253968254,0.392063492063492
2,1043,0,0,0,0,15,96,250,264,625,0.0,0.0,0.0,0.0,0.024,0.1536,0.4,0.4224
2,1044,0,0,0,2,9,110,255,244,620,0.0,0.0,0.0,0.003225806451613,0.014516129032258,0.17741935483871,0.411290322580645,0.393548387096774
2,1045,0,0,0,0,7,101,262,245,615,0.0,0.0,0.0,0.0,0.011382113821138,0.164227642276423,0.426016260162602,0.398373983739837
2,1046,0,0,0,0,17,102,240,251,610,0.0,0.0,0.0,0.0,0.027868852459016,0.167213114754098,0.39344262295082,0.411475409836066
2,1047,0,0,0,0,10,98,249,248,605,0.0,0.0,0.0,0.0,0.016528925619835,0.16198347107438,0.411570247933884,0.409917355371901
2,1048,0,0,0,0,19,106,253,222,600,0.0,0.0,0.0,0.0,0.031666666666667,0.176666666666667,0.421666666666667,0.37
2,1049,0,0,0,0,17,106,252,220,595,0.0,0.0,0.0,0.0,0.028571428571429,0.178151260504202,0.423529411764706,0.369747899159664
2,1050,0,0,0,1,13,102,217,257,590,0.0,0.0,0.0,0.001694915254237,0.022033898305085,0.172881355932203,0.367796610169492,0.435593220338983
2,1051,0,0,0,1,9,87,241,247,585,0.0,0.0,0.0,0.001709401709402,0.015384615384615,0.148717948717949,0.411965811965812,0.422222222222222
2,1052,0,0,0,1,19,84,239,237,580,0.0,0.0,0.0,0.001724137931034,0.032758620689655,0.144827586206897,0.412068965517241,0.408620689655172
2,1053,0,0,0,1,10,92,265,207,575,0.0,0.0,0.0,0.001739130434783,0.017391304347826,0.16,0.460869565217391,0.36
2,1054,0,0,0,0,14,90,230,236,570,0.0,0.0,0.0,0.0,0.024561403508772,0.157894736842105,0.403508771929825,0.414035087719298
2,1055,0,0,0,0,19,78,241,227,565,0.0,0.0,0.0,0.0,0.033628318584071,0.138053097345133,0.426548672566372,0.401769911504425
2,1056,0,0,1,2,21,82,233,221,560,0.0,0.0,0.001785714285714,0.003571428571429,0.0375,0.146428571428571,0.416071428571429,0.394642857142857
2,1057,0,0,0,1,5,68,252,229,555,0.0,0.0,0.0,0.001801801801802,0.009009009009009,0.122522522522523,0.454054054054054,0.412612612612613
2,1058,0,0,0,0,12,66,233,239,550,0.0,0.0,0.0,0.0,0.021818181818182,0.12,0.423636363636364,0.434545454545455
2,1059,0,0,0,1,13,79,225,227,545,0.0,0.0,0.0,0.001834862385321,0.023853211009174,0.144954128440367,0.412844036697248,0.41651376146789
2,1060,0,0,0,0,14,64,239,223,540,0.0,0.0,0.0,0.0,0.025925925925926,0.118518518518519,0.442592592592593,0.412962962962963
2,1061,0,0,0,0,16,71,233,215,535,0.0,0.0,0.0,0.0,0.029906542056075,0.132710280373832,0.435514018691589,0.401869158878505
2,1062,0,0,0,0,12,68,226,224,530,0.0,0.0,0.0,0.0,0.022641509433962,0.128301886792453,0.426415094339623,0.422641509433962
2,1063,0,0,0,2,12,78,239,194,525,0.0,0.0,0.0,0.003809523809524,0.022857142857143,0.148571428571429,0.455238095238095,0.36952380952381
2,1064,0,0,0,1,11,81,232,195,520,0.0,0.0,0.0,0.001923076923077,0.021153846153846,0.155769230769231,0.446153846153846,0.375
2,1065,0,0,0,0,7,91,207,210,515,0.0,0.0,0.0,0.0,0.013592233009709,0.176699029126214,0.401941747572816,0.407766990291262
2,1066,0,0,0,2,14,68,227,199,510,0.0,0.0,0.0,0.003921568627451,0.027450980392157,0.133333333333333,0.445098039215686,0.390196078431373
2,1067,0,0,0,0,12,72,202,219,505,0.0,0.0,0.0,0.0,0.023762376237624,0.142574257425743,0.4,0.433663366336634
2,1068,0,0,0,3,12,80,216,189,500,0.0,0.0,0.0,0.006,0.024,0.16,0.432,0.378
2,1069,0,0,0,0,12,71,193,219,495,0.0,0.0,0.0,0.0,0.024242424242424,0.143434343434343,0.38989898989899,0.442424242424242
2,1070,0,0,0,0,12,73,225,180,490,0.0,0.0,0.0,0.0,0.024489795918367,0.148979591836735,0.459183673469388,0.36734693877551
2,1071,0,0,0,1,10,58,204,212,485,0.0,0.0,0.0,0.002061855670103,0.020618556701031,0.119587628865979,0.420618556701031,0.437113402061856
2,1072,0,0,0,0,14,65,201,200,480,0.0,0.0,0.0,0.0,0.029166666666667,0.135416666666667,0.41875,0.416666666666667
2,1073,0,0,0,1,8,80,196,190,475,0.0,0.0,0.0,0.002105263157895,0.016842105263158,0.168421052631579,0.412631578947368,0.4
2,1074,0,0,0,1,8,66,182,213,470,0.0,0.0,0.0,0.002127659574468,0.017021276595745,0.140425531914894,0.387234042553191,0.453191489361702
2,1075,0,0,0,0,15,74,187,189,465,0.0,0.0,0.0,0.0,0.032258064516129,0.159139784946237,0.402150537634409,0.406451612903226
2,1076,0,0,0,1,16,73,164,206,460,0.0,0.0,0.0,0.002173913043478,0.034782608695652,0.158695652173913,0.356521739130435,0.447826086956522
2,1077,0,0,0,1,13,62,192,187,455,0.0,0.0,0.0,0.002197802197802,0.028571428571429,0.136263736263736,0.421978021978022,0.410989010989011
2,1078,0,0,0,0,9,56,193,192,450,0.0,0.0,0.0,0.0,0.02,0.124444444444444,0.428888888888889,0.426666666666667
2,1079,0,0,0,0,10,55,190,190,445,0.0,0.0,0.0,0.0,0.02247191011236,0.123595505617978,0.426966292134831,0.426966292134831
2,1080,0,0,0,0,11,64,179,186,440,0.0,0.0,0.0,0.0,0.025,0.145454545454545,0.406818181818182,0.422727272727273
2,1081,0,0,0,1,8,66,178,182,435,0.0,0.0,0.0,0.002298850574713,0.018390804597701,0.151724137931034,0.409195402298851,0.418390804597701
2,1082,0,0,0,0,9,53,171,197,430,0.0,0.0,0.0,0.0,0.02093023255814,0.123255813953488,0.397674418604651,0.458139534883721
2,1083,0,0,0,1,10,53,193,168,425,0.0,0.0,0.0,0.002352941176471,0.023529411764706,0.124705882352941,0.454117647058824,0.395294117647059
2,1084,0,0,0,0,8,54,181,177,420,0.0,0.0,0.0,0.0,0.019047619047619,0.128571428571429,0.430952380952381,0.421428571428571
2,1085,0,0,0,0,10,48,178,179,415,0.0,0.0,0.0,0.0,0.024096385542169,0.11566265060241,0.428915662650602,0.431325301204819
2,1086,0,0,0,1,7,67,176,159,410,0.0,0.0,0.0,0.002439024390244,0.017073170731707,0.163414634146341,0.429268292682927,0.38780487804878
2,1087,0,0,0,1,4,53,196,151,405,0.0,0.0,0.0,0.002469135802469,0.009876543209877,0.130864197530864,0.483950617283951,0.37283950617284
2,1088,0,0,0,0,6,61,183,150,400,0.0,0.0,0.0,0.0,0.015,0.1525,0.4575,0.375
2,1089,0,0,0,1,7,59,171,157,395,0.0,0.0,0.0,0.00253164556962,0.017721518987342,0.149367088607595,0.432911392405063,0.39746835443038
2,1090,0,0,0,0,4,49,178,159,390,0.0,0.0,0.0,0.0,0.01025641025641,0.125641025641026,0.456410256410256,0.407692307692308
2,1091,0,0,0,1,10,55,167,152,385,0.0,0.0,0.0,0.002597402597403,0.025974025974026,0.142857142857143,0.433766233766234,0.394805194805195
2,1092,0,0,0,0,6,60,164,150,380,0.0,0.0,0.0,0.0,0.015789473684211,0.157894736842105,0.431578947368421,0.394736842105263
2,1093,0,0,0,0,11,57,153,154,375,0.0,0.0,0.0,0.0,0.029333333333333,0.152,0.408,0.410666666666667
2,1094,0,0,0,2,7,64,131,166,370,0.0,0.0,0.0,0.005405405405405,0.018918918918919,0.172972972972973,0.354054054054054,0.448648648648649
2,1095,0,0,0,1,9,48,147,160,365,0.0,0.0,0.0,0.002739726027397,0.024657534246575,0.131506849315068,0.402739726027397,0.438356164383562
2,1096,0,0,0,3,11,42,164,140,360,0.0,0.0,0.0,0.008333333333333,0.030555555555556,0.116666666666667,0.455555555555556,0.388888888888889
2,1097,0,0,0,0,12,43,165,135,355,0.0,0.0,0.0,0.0,0.033802816901408,0.12112676056338,0.464788732394366,0.380281690140845
2,1098,0,0,0,0,8,47,158,137,350,0.0,0.0,0.0,0.0,0.022857142857143,0.134285714285714,0.451428571428571,0.391428571428571
2,1099,0,0,0,1,10,65,127,142,345,0.0,0.0,0.0,0.002898550724638,0.028985507246377,0.188405797101449,0.368115942028986,0.411594202898551
2,1100,0,0,0,0,10,62,134,134,340,0.0,0.0,0.0,0.0,0.029411764705882,0.182352941176471,0.394117647058824,0.394117647058824
2,1101,0,0,0,0,6,44,136,149,335,0.0,0.0,0.0,0.0,0.017910447761194,0.13134328358209,0.405970149253731,0.444776119402985
2,1102,0,0,0,2,13,44,147,124,330,0.0,0.0,0.0,0.006060606060606,0.039393939393939,0.133333333333333,0.445454545454545,0.375757575757576
2,1103,0,0,0,0,11,49,138,127,325,0.0,0.0,0.0,0.0,0.033846153846154,0.150769230769231,0.424615384615385,0.390769230769231
2,1104,0,0,0,0,3,54,143,120,320,0.0,0.0,0.0,0.0,0.009375,0.16875,0.446875,0.375
2,1105,0,0,0,2,3,52,132,126,315,0.0,0.0,0.0,0.006349206349206,0.00952380952381,0.165079365079365,0.419047619047619,0.4
2,1106,0,0,0,1,9,37,126,137,310,0.0,0.0,0.0,0.003225806451613,0.029032258064516,0.119354838709677,0.406451612903226,0.441935483870968
2,1107,0,0,0,0,4,50,130,121,305,0.0,0.0,0.0,0.0,0.013114754098361,0.163934426229508,0.426229508196721,0.39672131147541
2,1108,0,0,0,1,6,53,118,122,300,0.0,0.0,0.0,0.003333333333333,0.02,0.176666666666667,0.393333333333333,0.406666666666667
2,1109,0,0,0,2,6,36,123,128,295,0.0,0.0,0.0,0.006779661016949,0.020338983050847,0.122033898305085,0.416949152542373,0.433898305084746
2,1110,0,0,0,0,9,41,116,124,290,0.0,0.0,0.0,0.0,0.031034482758621,0.141379310344828,0.4,0.427586206896552
2,1111,0,0,0,0,5,43,122,115,285,0.0,0.0,0.0,0.0,0.017543859649123,0.150877192982456,0.428070175438596,0.403508771929825
2,1112,0,0,0,0,6,39,125,110,280,0.0,0.0,0.0,0.0,0.021428571428571,0.139285714285714,0.446428571428571,0.392857142857143
2,1113,0,0,0,0,6,47,120,102,275,0.0,0.0,0.0,0.0,0.021818181818182,0.170909090909091,0.436363636363636,0.370909090909091
2,1114,0,0,0,3,6,44,115,102,270,0.0,0.0,0.0,0.011111111111111,0.022222222222222,0.162962962962963,0.425925925925926,0.377777777777778
2,1115,0,0,0,0,2,41,128,94,265,0.0,0.0,0.0,0.0,0.007547169811321,0.154716981132075,0.483018867924528,0.354716981132075
2,1116,0,0,0,0,9,41,103,107,260,0.0,0.0,0.0,0.0,0.034615384615385,0.157692307692308,0.396153846153846,0.411538461538462
2,1117,0,0,0,0,6,39,105,105,255,0.0,0.0,0.0,0.0,0.023529411764706,0.152941176470588,0.411764705882353,0.411764705882353
2,1118,0,0,0,0,7,29,98,116,250,0.0,0.0,0.0,0.0,0.028,0.116,0.392,0.464
2,1119,0,0,0,0,5,49,88,103,245,0.0,0.0,0.0,0.0,0.020408163265306,0.2,0.359183673469388,0.420408163265306
2,1120,0,0,0,1,3,40,93,103,240,0.0,0.0,0.0,0.004166666666667,0.0125,0.166666666666667,0.3875,0.429166666666667
2,1121,0,0,0,0,5,37,86,107,235,0.0,0.0,0.0,0.0,0.021276595744681,0.157446808510638,0.365957446808511,0.45531914893617
2,1122,0,0,0,2,7,42,101,78,230,0.0,0.0,0.0,0.008695652173913,0.030434782608696,0.182608695652174,0.439130434782609,0.339130434782609
2,1123,0,0,0,0,4,30,105,86,225,0.0,0.0,0.0,0.0,0.017777777777778,0.133333333333333,0.466666666666667,0.382222222222222
2,1124,0,0,0,1,4,32,92,91,220,0.0,0.0,0.0,0.004545454545455,0.018181818181818,0.145454545454545,0.418181818181818,0.413636363636364
2,1125,0,0,0,0,6,30,93,86,215,0.0,0.0,0.0,0.0,0.027906976744186,0.13953488372093,0.432558139534884,0.4
2,1126,0,0,0,1,4,26,98,81,210,0.0,0.0,0.0,0.004761904761905,0.019047619047619,0.123809523809524,0.466666666666667,0.385714285714286
2,1127,0,0,1,0,4,37,81,82,205,0.0,0.0,0.004878048780488,0.0,0.019512195121951,0.180487804878049,0.395121951219512,0.4
2,1128,0,0,0,1,6,24,87,82,200,0.0,0.0,0.0,0.005,0.03,0.12,0.435,0.41
2,1129,0,0,0,0,3,24,76,92,195,0.0,0.0,0.0,0.0,0.015384615384615,0.123076923076923,0.38974358974359,0.471794871794872
2,1130,0,0,0,0,4,32,75,79,190,0.0,0.0,0.0,0.0,0.021052631578947,0.168421052631579,0.394736842105263,0.415789473684211
2,1131,0,0,0,0,4,28,83,70,185,0.0,0.0,0.0,0.0,0.021621621621622,0.151351351351351,0.448648648648649,0.378378378378378
2,1132,0,0,0,0,4,20,78,78,180,0.0,0.0,0.0,0.0,0.022222222222222,0.111111111111111,0.433333333333333,0.433333333333333
2,1133,0,0,0,0,5,29,63,78,175,0.0,0.0,0.0,0.0,0.028571428571429,0.165714285714286,0.36,0.445714285714286
2,1134,0,0,0,1,8,21,70,70,170,0.0,0.0,0.0,0.005882352941176,0.047058823529412,0.123529411764706,0.411764705882353,0.411764705882353
2,1135,0,0,0,1,6,19,65,74,165,0.0,0.0,0.0,0.006060606060606,0.036363636363636,0.115151515151515,0.393939393939394,0.448484848484848
2,1136,0,0,0,0,4,24,71,61,160,0.0,0.0,0.0,0.0,0.025,0.15,0.44375,0.38125
2,1137,0,0,0,0,5,21,60,69,155,0.0,0.0,0.0,0.0,0.032258064516129,0.135483870967742,0.387096774193548,0.445161290322581
2,1138,0,0,0,0,5,22,71,52,150,0.0,0.0,0.0,0.0,0.033333333333333,0.146666666666667,0.473333333333333,0.346666666666667
2,1139,0,0,0,0,5,26,55,59,145,0.0,0.0,0.0,0.0,0.03448275862069,0.179310344827586,0.379310344827586,0.406896551724138
2,1140,0,0,0,0,5,23,56,56,140,0.0,0.0,0.0,0.0,0.035714285714286,0.164285714285714,0.4,0.4
2,1141,0,0,0,0,5,17,67,46,135,0.0,0.0,0.0,0.0,0.037037037037037,0.125925925925926,0.496296296296296,0.340740740740741
2,1142,0,0,0,0,5,21,56,48,130,0.0,0.0,0.0,0.0,0.038461538461538,0.161538461538462,0.430769230769231,0.369230769230769
2,1143,0,0,0,0,3,25,41,56,125,0.0,0.0,0.0,0.0,0.024,0.2,0.328,0.448
2,1144,0,0,0,1,4,16,57,42,120,0.0,0.0,0.0,0.008333333333333,0.033333333333333,0.133333333333333,0.475,0.35
2,1145,0,0,0,0,3,15,47,50,115,0.0,0.0,0.0,0.0,0.026086956521739,0.130434782608696,0.408695652173913,0.434782608695652
2,1146,0,0,0,2,1,18,48,41,110,0.0,0.0,0.0,0.018181818181818,0.009090909090909,0.163636363636364,0.436363636363636,0.372727272727273
2,1147,0,0,0,0,2,20,43,40,105,0.0,0.0,0.0,0.0,0.019047619047619,0.19047619047619,0.40952380952381,0.380952380952381
2,1148,0,0,0,1,2,10,47,40,100,0.0,0.0,0.0,0.01,0.02,0.1,0.47,0.4
2,1149,0,0,0,0,1,19,46,29,95,0.0,0.0,0.0,0.0,0.010526315789474,0.2,0.484210526315789,0.305263157894737
2,1150,0,0,0,1,2,10,38,39,90,0.0,0.0,0.0,0.011111111111111,0.022222222222222,0.111111111111111,0.422222222222222,0.433333333333333
2,1151,0,0,0,0,2,16,35,32,85,0.0,0.0,0.0,0.0,0.023529411764706,0.188235294117647,0.411764705882353,0.376470588235294
2,1152,0,0,0,0,2,7,28,43,80,0.0,0.0,0.0,0.0,0.025,0.0875,0.35,0.5375
2,1153,0,0,0,0,1,12,33,29,75,0.0,0.0,0.0,0.0,0.013333333333333,0.16,0.44,0.386666666666667
2,1154,0,0,0,0,0,8,31,31,70,0.0,0.0,0.0,0.0,0.0,0.114285714285714,0.442857142857143,0.442857142857143
2,1155,0,0,0,0,1,11,21,32,65,0.0,0.0,0.0,0.0,0.015384615384615,0.169230769230769,0.323076923076923,0.492307692307692
2,1156,0,0,0,0,0,10,26,24,60,0.0,0.0,0.0,0.0,0.0,0.166666666666667,0.433333333333333,0.4
2,1157,0,0,0,0,1,7,24,23,55,0.0,0.0,0.0,0.0,0.018181818181818,0.127272727272727,0.436363636363636,0.418181818181818
2,1158,0,0,0,0,1,11,18,20,50,0.0,0.0,0.0,0.0,0.02,0.22,0.36,0.4
2,1159,0,0,0,0,1,6,25,13,45,0.0,0.0,0.0,0.0,0.022222222222222,0.133333333333333,0.555555555555556,0.288888888888889
2,1160,0,0,0,0,0,5,15,20,40,0.0,0.0,0.0,0.0,0.0,0.125,0.375,0.5
2,1161,0,0,0,0,1,5,11,18,35,0.0,0.0,0.0,0.0,0.028571428571429,0.142857142857143,0.314285714285714,0.514285714285714
2,1162,0,0,0,0,0,8,15,7,30,0.0,0.0,0.0,0.0,0.0,0.266666666666667,0.5,0.233333333333333
2,1163,0,0,0,0,0,2,16,7,25,0.0,0.0,0.0,0.0,0.0,0.08,0.64,0.28
2,1164,0,0,0,0,0,3,6,11,20,0.0,0.0,0.0,0.0,0.0,0.15,0.3,0.55
2,1165,0,0,0,0,2,1,5,7,15,0.0,0.0,0.0,0.0,0.133333333333333,0.066666666666667,0.333333333333333,0.466666666666667
2,1166,0,0,0,0,1,3,5,1,10,0.0,0.0,0.0,0.0,0.1,0.3,0.5,0.1
2,1167,0,0,0,0,0,0,2,3,5,0.0,0.0,0.0,0.0,0.0,0.0,0.4,0.6
3,1,0,0,1,6,133,858,2531,2306,5835,0.0,0.0,0.000171379605827,0.001028277634961,0.022793487574979,0.147043701799486,0.433761782347901,0.395201371036847
3,2,0,0,0,9,132,933,2421,2335,5830,0.0,0.0,0.0,0.001543739279588,0.022641509433962,0.160034305317324,0.415265866209262,0.400514579759863
3,3,0,0,0,13,119,921,2416,2356,5825,0.0,0.0,0.0,0.002231759656652,0.020429184549356,0.158111587982833,0.414763948497854,0.404463519313305
3,4,0,0,0,6,104,906,2507,2297,5820,0.0,0.0,0.0,0.001030927835052,0.01786941580756,0.155670103092784,0.430756013745704,0.3946735395189
3,5,0,0,0,5,133,909,2434,2334,5815,0.0,0.0,0.0,0.000859845227859,0.022871883061049,0.156319862424764,0.418572656921754,0.401375752364574
3,6,0,0,0,4,124,914,2475,2293,5810,0.0,0.0,0.0,0.000688468158348,0.021342512908778,0.157314974182444,0.425989672977625,0.394664371772806
3,7,0,0,0,10,129,842,2486,2338,5805,0.0,0.0,0.0,0.001722652885444,0.022222222222222,0.14504737295435,0.428251507321275,0.40275624461671
3,8,0,0,0,7,142,857,2433,2361,5800,0.0,0.0,0.0,0.001206896551724,0.02448275862069,0.147758620689655,0.41948275862069,0.407068965517241
3,9,0,0,0,7,125,902,2490,2271,5795,0.0,0.0,0.0,0.001207937877481,0.021570319240725,0.15565142364107,0.429680759275237,0.391889559965487
3,10,0,0,0,10,130,853,2462,2335,5790,0.0,0.0,0.0,0.001727115716753,0.022452504317789,0.147322970639033,0.425215889464594,0.403281519861831
3,11,0,0,0,8,133,829,2443,2372,5785,0.0,0.0,0.0,0.001382886776145,0.022990492653414,0.143301642178047,0.422299049265341,0.410025929127053
3,12,0,0,0,12,146,954,2401,2267,5780,0.0,0.0,0.0,0.002076124567474,0.025259515570934,0.165051903114187,0.415397923875433,0.392214532871972
3,13,0,0,0,6,123,830,2505,2311,5775,0.0,0.0,0.0,0.001038961038961,0.021298701298701,0.143722943722944,0.433766233766234,0.40017316017316
3,14,0,0,0,6,132,859,2441,2332,5770,0.0,0.0,0.0,0.00103986135182,0.022876949740035,0.148873483535529,0.423050259965338,0.404159445407279
3,15,0,0,1,11,136,879,2471,2267,5765,0.0,0.0,0.000173460537728,0.001908065915004,0.023590633130963,0.152471812662619,0.428620988725065,0.393235039028621
3,16,0,0,0,9,121,901,2421,2308,5760,0.0,0.0,0.0,0.0015625,0.021006944444444,0.156423611111111,0.4203125,0.400694444444444
3,17,0,0,0,6,129,830,2448,2342,5755,0.0,0.0,0.0,0.001042571676803,0.02241529105126,0.144222415291051,0.425369244135534,0.406950477845352
3,18,0,0,0,4,120,914,2411,2301,5750,0.0,0.0,0.0,0.000695652173913,0.020869565217391,0.15895652173913,0.419304347826087,0.400173913043478
3,19,0,0,0,8,130,854,2363,2390,5745,0.0,0.0,0.0,0.001392515230635,0.022628372497824,0.148651000870322,0.411314186248912,0.416013925152306
3,20,0,0,0,8,112,847,2482,2291,5740,0.0,0.0,0.0,0.001393728222997,0.019512195121951,0.147560975609756,0.432404181184669,0.399128919860627
3,21,0,0,0,8,123,852,2421,2331,5735,0.0,0.0,0.0,0.001394943330427,0.021447253705318,0.148561464690497,0.422144725370532,0.406451612903226
3,22,0,0,1,5,147,819,2460,2298,5730,0.0,0.0,0.000174520069808,0.00087260034904,0.02565445026178,0.142931937172775,0.429319371727749,0.401047120418848
3,23,0,0,0,6,123,862,2463,2271,5725,0.0,0.0,0.0,0.001048034934498,0.021484716157205,0.15056768558952,0.430218340611354,0.396681222707424
3,24,0,0,0,12,141,882,2537,2148,5720,0.0,0.0,0.0,0.002097902097902,0.02465034965035,0.154195804195804,0.443531468531469,0.375524475524476
3,25,0,0,0,8,112,872,2465,2258,5715,0.0,0.0,0.0,0.001399825021872,0.019597550306212,0.152580927384077,0.431321084864392,0.395100612423447
3,26,0,0,0,11,112,887,2431,2269,5710,0.0,0.0,0.0,0.001926444833625,0.019614711033275,0.155341506129597,0.425744308231173,0.397373029772329
3,27,0,0,0,3,139,837,2409,2317,5705,0.0,0.0,0.0,0.000525854513585,0.024364592462752,0.146713409290096,0.422261174408414,0.406134969325153
3,28,0,0,0,7,118,822,2444,2309,5700,0.0,0.0,0.0,0.001228070175439,0.020701754385965,0.144210526315789,0.428771929824561,0.405087719298246
3,29,0,0,0,6,133,867,2396,2293,5695,0.0,0.0,0.0,0.001053555750658,0.023353819139596,0.152238805970149,0.42071992976295,0.402633889376646
3,30,0,0,0,12,127,845,2371,2335,5690,0.0,0.0,0.0,0.002108963093146,0.02231985940246,0.148506151142355,0.416695957820738,0.410369068541301
3,31,0,0,0,4,120,887,2399,2275,5685,0.0,0.0,0.0,0.000703605980651,0.021108179419525,0.156024626209323,0.421987686895339,0.400175901495163
3,32,0,0,0,14,118,843,2440,2265,5680,0.0,0.0,0.0,0.002464788732394,0.020774647887324,0.148415492957746,0.429577464788732,0.398767605633803
3,33,0,0,0,3,147,872,2432,2221,5675,0.0,0.0,0.0,0.000528634361233,0.025903083700441,0.153656387665198,0.428546255506608,0.39136563876652
3,34,0,0,0,8,136,877,2366,2283,5670,0.0,0.0,0.0,0.001410934744268,0.023985890652557,0.154673721340388,0.417283950617284,0.402645502645503
3,35,0,0,1,4,104,858,2332,2366,5665,0.0,0.0,0.00017652250662,0.000706090026478,0.018358340688438,0.151456310679612,0.411650485436893,0.417652250661959
3,36,0,0,0,7,114,897,2403,2239,5660,0.0,0.0,0.0,0.001236749116608,0.020141342756184,0.158480565371025,0.424558303886926,0.395583038869258
3,37,0,0,0,11,129,839,2388,2288,5655,0.0,0.0,0.0,0.001945181255526,0.022811671087533,0.148364279398762,0.422281167108753,0.404597701149425
3,38,0,0,0,8,139,835,2367,2301,5650,0.0,0.0,0.0,0.00141592920354,0.024601769911504,0.147787610619469,0.418938053097345,0.407256637168142
3,39,0,0,0,16,121,895,2388,2225,5645,0.0,0.0,0.0,0.002834366696191,0.021434898139947,0.158547387068202,0.423029229406554,0.394154118689105
3,40,0,0,0,8,137,845,2404,2246,5640,0.0,0.0,0.0,0.001418439716312,0.024290780141844,0.149822695035461,0.426241134751773,0.39822695035461
3,41,0,0,0,12,149,887,2348,2239,5635,0.0,0.0,0.0,0.002129547471162,0.026441881100266,0.157409050576752,0.416681455190772,0.397338065661047
3,42,0,0,0,4,108,868,2407,2243,5630,0.0,0.0,0.0,0.000710479573712,0.019182948490231,0.15417406749556,0.42753108348135,0.398401420959147
3,43,0,0,0,4,105,841,2423,2252,5625,0.0,0.0,0.0,0.000711111111111,0.018666666666667,0.149511111111111,0.430755555555556,0.400355555555556
3,44,0,0,0,6,128,852,2337,2297,5620,0.0,0.0,0.0,0.001067615658363,0.022775800711744,0.151601423487544,0.415836298932384,0.408718861209964
3,45,0,0,0,6,135,854,2319,2301,5615,0.0,0.0,0.0,0.00106856634016,0.024042742653606,0.152092609082814,0.41300089047195,0.409795191451469
3,46,0,0,0,6,134,822,2393,2255,5610,0.0,0.0,0.0,0.001069518716578,0.023885918003565,0.146524064171123,0.426559714795009,0.401960784313726
3,47,0,0,0,9,148,854,2363,2231,5605,0.0,0.0,0.0,0.001605709188225,0.026404995539697,0.152363960749331,0.421587867975022,0.398037466547725
3,48,0,0,0,11,117,808,2442,2222,5600,0.0,0.0,0.0,0.001964285714286,0.020892857142857,0.144285714285714,0.436071428571429,0.396785714285714
3,49,0,0,1,4,132,828,2358,2272,5595,0.0,0.0,0.00017873100983,0.000714924039321,0.023592493297587,0.14798927613941,0.421447721179625,0.406076854334227
3,50,0,0,0,5,108,838,2387,2252,5590,0.0,0.0,0.0,0.000894454382826,0.019320214669052,0.149910554561717,0.42701252236136,0.402862254025045
3,51,0,0,0,2,117,886,2404,2176,5585,0.0,0.0,0.0,0.000358102059087,0.02094897045658,0.15863921217547,0.430438675022381,0.389615040286482
3,52,0,0,0,16,127,841,2299,2297,5580,0.0,0.0,0.0,0.002867383512545,0.022759856630824,0.150716845878136,0.412007168458781,0.411648745519713
3,53,0,0,0,9,131,827,2413,2195,5575,0.0,0.0,0.0,0.001614349775785,0.023497757847534,0.148340807174888,0.432825112107623,0.39372197309417
3,54,0,0,0,5,121,867,2419,2158,5570,0.0,0.0,0.0,0.000897666068223,0.021723518850987,0.155655296229803,0.434290843806104,0.387432675044883
3,55,0,0,0,9,127,837,2342,2250,5565,0.0,0.0,0.0,0.001617250673854,0.022821203953279,0.150404312668464,0.420844564240791,0.404312668463612
3,56,0,0,0,5,137,821,2366,2231,5560,0.0,0.0,0.0,0.00089928057554,0.024640287769784,0.147661870503597,0.425539568345324,0.401258992805755
3,57,0,0,0,6,125,856,2376,2192,5555,0.0,0.0,0.0,0.001080108010801,0.022502250225023,0.154095409540954,0.427722772277228,0.394599459945995
3,58,0,0,1,6,125,805,2363,2250,5550,0.0,0.0,0.00018018018018,0.001081081081081,0.022522522522523,0.145045045045045,0.425765765765766,0.405405405405405
3,59,0,0,0,7,130,838,2323,2247,5545,0.0,0.0,0.0,0.001262398557259,0.023444544634806,0.151127141568981,0.418935978358882,0.405229936880072
3,60,0,0,0,5,112,848,2343,2232,5540,0.0,0.0,0.0,0.000902527075812,0.020216606498195,0.153068592057762,0.422924187725632,0.402888086642599
3,61,0,0,0,12,118,832,2405,2168,5535,0.0,0.0,0.0,0.002168021680217,0.021318879855465,0.150316169828365,0.434507678410117,0.391689250225836
3,62,0,0,0,5,133,834,2321,2237,5530,0.0,0.0,0.0,0.000904159132007,0.024050632911392,0.150813743218807,0.419710669077758,0.404520795660036
3,63,0,0,1,9,119,789,2437,2170,5525,0.0,0.0,0.000180995475113,0.001628959276018,0.021538461538462,0.142805429864253,0.441085972850679,0.392760180995475
3,64,0,0,0,6,129,822,2339,2224,5520,0.0,0.0,0.0,0.001086956521739,0.023369565217391,0.148913043478261,0.423731884057971,0.402898550724638
3,65,0,0,0,8,137,808,2318,2244,5515,0.0,0.0,0.0,0.001450589301904,0.024841341795104,0.146509519492294,0.420308250226655,0.406890299184044
3,66,0,0,0,6,111,818,2411,2164,5510,0.0,0.0,0.0,0.001088929219601,0.020145190562613,0.148457350272232,0.437568058076225,0.392740471869328
3,67,0,0,1,4,113,815,2348,2224,5505,0.0,0.0,0.000181653042688,0.000726612170754,0.020526793823797,0.148047229791099,0.426521344232516,0.403996366939146
3,68,0,0,0,6,123,848,2322,2201,5500,0.0,0.0,0.0,0.001090909090909,0.022363636363636,0.154181818181818,0.422181818181818,0.400181818181818
3,69,0,0,0,8,117,876,2288,2206,5495,0.0,0.0,0.0,0.001455868971793,0.021292083712466,0.159417652411283,0.416378525932666,0.401455868971793
3,70,0,0,0,5,117,865,2325,2178,5490,0.0,0.0,0.0,0.000910746812386,0.021311475409836,0.157559198542805,0.423497267759563,0.39672131147541
3,71,0,0,0,5,125,865,2299,2191,5485,0.0,0.0,0.0,0.000911577028259,0.022789425706472,0.157702825888788,0.419143117593437,0.399453053783045
3,72,0,0,0,7,119,841,2248,2265,5480,0.0,0.0,0.0,0.001277372262774,0.021715328467153,0.153467153284672,0.41021897810219,0.413321167883212
3,73,0,0,0,7,129,814,2318,2207,5475,0.0,0.0,0.0,0.001278538812785,0.023561643835616,0.148675799086758,0.42337899543379,0.40310502283105
3,74,0,0,0,10,125,776,2320,2239,5470,0.0,0.0,0.0,0.001828153564899,0.022851919561243,0.141864716636197,0.424131627056673,0.409323583180987
3,75,0,0,0,5,127,848,2287,2198,5465,0.0,0.0,0.0,0.000914913083257,0.02323879231473,0.155169258920403,0.418481244281793,0.402195791399817
3,76,0,0,0,7,117,814,2353,2169,5460,0.0,0.0,0.0,0.001282051282051,0.021428571428571,0.149084249084249,0.430952380952381,0.397252747252747
3,77,0,0,0,11,143,827,2303,2171,5455,0.0,0.0,0.0,0.002016498625115,0.026214482126489,0.15160403299725,0.42218148487626,0.397983501374885
3,78,0,0,0,12,115,846,2337,2140,5450,0.0,0.0,0.0,0.002201834862385,0.021100917431193,0.155229357798165,0.428807339449541,0.392660550458716
3,79,0,0,0,11,142,809,2256,2227,5445,0.0,0.0,0.0,0.002020202020202,0.026078971533517,0.148576675849403,0.414325068870523,0.408999081726354
3,80,0,0,0,7,144,837,2258,2194,5440,0.0,0.0,0.0,0.001286764705882,0.026470588235294,0.153860294117647,0.415073529411765,0.403308823529412
3,81,0,0,0,5,131,829,2362,2108,5435,0.0,0.0,0.0,0.000919963201472,0.024103035878565,0.152529898804048,0.434590616375345,0.38785648574057
3,82,0,0,0,5,147,796,2251,2231,5430,0.0,0.0,0.0,0.000920810313076,0.02707182320442,0.146593001841621,0.414548802946593,0.410865561694291
3,83,0,0,0,8,109,819,2327,2162,5425,0.0,0.0,0.0,0.00147465437788,0.020092165898618,0.150967741935484,0.428940092165899,0.39852534562212
3,84,0,0,0,8,125,812,2337,2138,5420,0.0,0.0,0.0,0.001476014760148,0.023062730627306,0.149815498154982,0.431180811808118,0.394464944649446
3,85,0,0,0,8,116,816,2309,2166,5415,0.0,0.0,0.0,0.001477377654663,0.021421975992613,0.150692520775623,0.426408125577101,0.4
3,86,0,0,0,5,115,808,2352,2130,5410,0.0,0.0,0.0,0.000924214417745,0.021256931608133,0.149353049907579,0.434750462107209,0.393715341959335
3,87,0,0,0,6,121,858,2229,2191,5405,0.0,0.0,0.0,0.001110083256244,0.022386679000925,0.158741905642923,0.412395929694727,0.40536540240518
3,88,0,0,0,11,106,825,2370,2088,5400,0.0,0.0,0.0,0.002037037037037,0.01962962962963,0.152777777777778,0.438888888888889,0.386666666666667
3,89,0,0,0,6,136,800,2276,2177,5395,0.0,0.0,0.0,0.001112140871177,0.025208526413346,0.148285449490269,0.421872103799815,0.403521779425394
3,90,0,0,0,8,119,832,2253,2178,5390,0.0,0.0,0.0,0.001484230055659,0.022077922077922,0.154359925788497,0.417996289424861,0.404081632653061
3,91,0,0,0,4,129,851,2266,2135,5385,0.0,0.0,0.0,0.000742804085422,0.023955431754875,0.15803156917363,0.420798514391829,0.396471680594243
3,92,0,0,0,8,125,774,2345,2128,5380,0.0,0.0,0.0,0.001486988847584,0.023234200743494,0.143866171003717,0.435873605947955,0.395539033457249
3,93,0,0,0,12,121,811,2223,2208,5375,0.0,0.0,0.0,0.002232558139535,0.022511627906977,0.150883720930233,0.413581395348837,0.410790697674419
3,94,0,1,0,8,130,834,2263,2134,5370,0.0,0.000186219739292,0.0,0.001489757914339,0.024208566108007,0.155307262569832,0.421415270018622,0.397392923649907
3,95,0,0,0,6,98,796,2278,2187,5365,0.0,0.0,0.0,0.001118359739049,0.018266542404473,0.148369058713886,0.424603914259087,0.407642124883504
3,96,0,0,0,6,116,788,2371,2079,5360,0.0,0.0,0.0,0.001119402985075,0.021641791044776,0.147014925373134,0.442350746268657,0.387873134328358
3,97,0,0,0,6,118,800,2287,2144,5355,0.0,0.0,0.0,0.001120448179272,0.02203548085901,0.149393090569561,0.427077497665733,0.400373482726424
3,98,0,0,0,8,113,814,2286,2129,5350,0.0,0.0,0.0,0.001495327102804,0.021121495327103,0.15214953271028,0.427289719626168,0.397943925233645
3,99,0,0,0,9,109,773,2297,2157,5345,0.0,0.0,0.0,0.001683816651076,0.020392890551918,0.144621141253508,0.429747427502339,0.40355472404116
3,100,0,0,0,6,121,811,2251,2151,5340,0.0,0.0,0.0,0.001123595505618,0.022659176029963,0.15187265917603,0.421535580524345,0.402808988764045
3,101,0,0,0,3,95,786,2362,2089,5335,0.0,0.0,0.0,0.000562324273664,0.017806935332709,0.147328959700094,0.4427366447985,0.391565135895033
3,102,0,0,0,9,106,763,2366,2086,5330,0.0,0.0,0.0,0.001688555347092,0.019887429643527,0.143151969981238,0.44390243902439,0.391369606003752
3,103,0,0,0,10,117,830,2214,2154,5325,0.0,0.0,0.0,0.0018779342723,0.021971830985915,0.155868544600939,0.415774647887324,0.404507042253521
3,104,0,0,0,6,118,814,2202,2180,5320,0.0,0.0,0.0,0.001127819548872,0.02218045112782,0.153007518796992,0.41390977443609,0.409774436090226
3,105,0,0,0,5,121,799,2237,2153,5315,0.0,0.0,0.0,0.000940733772342,0.022765757290687,0.15032925682032,0.420884289746002,0.405079962370649
3,106,0,0,1,14,112,808,2190,2185,5310,0.0,0.0,0.000188323917137,0.002636534839925,0.021092278719397,0.152165725047081,0.412429378531073,0.411487758945386
3,107,0,0,0,7,126,776,2240,2156,5305,0.0,0.0,0.0,0.001319509896324,0.023751178133836,0.146277097078228,0.422243166823751,0.40640904806786
3,108,0,0,0,7,135,768,2253,2137,5300,0.0,0.0,0.0,0.001320754716981,0.025471698113208,0.144905660377358,0.425094339622642,0.403207547169811
3,109,0,0,0,8,121,785,2261,2120,5295,0.0,0.0,0.0,0.001510859301228,0.022851746931067,0.148253068932956,0.427006610009443,0.400377714825307
3,110,0,0,0,12,121,805,2265,2087,5290,0.0,0.0,0.0,0.00226843100189,0.022873345935728,0.152173913043478,0.428166351606805,0.394517958412098
3,111,0,0,0,6,113,812,2223,2131,5285,0.0,0.0,0.0,0.001135288552507,0.021381267738884,0.15364238410596,0.420624408703879,0.40321665089877
3,112,0,0,1,6,109,803,2310,2051,5280,0.0,0.0,0.000189393939394,0.001136363636364,0.020643939393939,0.152083333333333,0.4375,0.38844696969697
3,113,0,0,0,8,124,779,2290,2074,5275,0.0,0.0,0.0,0.001516587677725,0.023507109004739,0.147677725118483,0.434123222748815,0.393175355450237
3,114,0,0,0,9,114,772,2287,2088,5270,0.0,0.0,0.0,0.001707779886148,0.021631878557875,0.146489563567362,0.433965844402277,0.396204933586338
3,115,0,0,0,12,113,787,2245,2108,5265,0.0,0.0,0.0,0.002279202279202,0.021462488129155,0.149477682811016,0.426400759734093,0.400379867046534
3,116,0,0,0,9,109,769,2308,2065,5260,0.0,0.0,0.0,0.00171102661597,0.020722433460076,0.146197718631179,0.438783269961977,0.392585551330798
3,117,0,0,0,7,123,784,2201,2140,5255,0.0,0.0,0.0,0.001332064700285,0.023406279733587,0.14919124643197,0.41883920076118,0.407231208372978
3,118,0,0,0,6,133,834,2202,2075,5250,0.0,0.0,0.0,0.001142857142857,0.025333333333333,0.158857142857143,0.419428571428571,0.395238095238095
3,119,0,0,0,8,127,782,2244,2084,5245,0.0,0.0,0.0,0.001525262154433,0.024213536701621,0.149094375595806,0.427836034318398,0.397330791229743
3,120,0,0,0,10,120,787,2262,2061,5240,0.0,0.0,0.0,0.001908396946565,0.022900763358779,0.150190839694656,0.431679389312977,0.393320610687023
3,121,0,0,1,4,116,808,2241,2065,5235,0.0,0.0,0.000191021967526,0.000764087870105,0.022158548233047,0.154345749761223,0.428080229226361,0.394460362941738
3,122,0,0,0,11,120,806,2231,2062,5230,0.0,0.0,0.0,0.002103250478011,0.022944550669216,0.154110898661568,0.426577437858509,0.394263862332696
3,123,0,0,0,8,116,785,2205,2111,5225,0.0,0.0,0.0,0.001531100478469,0.022200956937799,0.150239234449761,0.42200956937799,0.404019138755981
3,124,0,0,2,5,120,743,2230,2120,5220,0.0,0.0,0.000383141762452,0.00095785440613,0.022988505747126,0.142337164750958,0.4272030651341,0.406130268199234
3,125,0,0,0,5,132,786,2241,2051,5215,0.0,0.0,0.0,0.000958772770853,0.025311601150527,0.15071907957814,0.429721955896453,0.393288590604027
3,126,0,0,0,10,121,800,2168,2111,5210,0.0,0.0,0.0,0.001919385796545,0.023224568138196,0.153550863723608,0.416122840690979,0.405182341650672
3,127,0,0,0,8,118,817,2180,2082,5205,0.0,0.0,0.0,0.001536983669549,0.022670509125841,0.156964457252642,0.418828049951969,0.4
3,128,0,0,0,6,109,784,2245,2056,5200,0.0,0.0,0.0,0.001153846153846,0.020961538461538,0.150769230769231,0.431730769230769,0.395384615384615
3,129,0,0,0,5,127,806,2198,2059,5195,0.0,0.0,0.0,0.000962463907603,0.024446583253128,0.155149181905679,0.423099133782483,0.396342637151107
3,130,0,0,0,11,103,789,2258,2029,5190,0.0,0.0,0.0,0.002119460500963,0.019845857418112,0.152023121387283,0.435067437379576,0.390944123314066
3,131,0,0,1,8,142,776,2230,2028,5185,0.0,0.0,0.000192864030858,0.001542912246866,0.027386692381871,0.149662487945998,0.430086788813886,0.391128254580521
3,132,0,0,0,8,120,831,2157,2064,5180,0.0,0.0,0.0,0.001544401544402,0.023166023166023,0.16042471042471,0.416409266409266,0.398455598455598
3,133,0,0,0,6,114,783,2206,2066,5175,0.0,0.0,0.0,0.001159420289855,0.022028985507246,0.151304347826087,0.426280193236715,0.399227053140097
3,134,0,0,0,8,109,766,2205,2082,5170,0.0,0.0,0.0,0.001547388781431,0.021083172147002,0.14816247582205,0.426499032882012,0.402707930367505
3,135,0,0,0,8,108,781,2159,2109,5165,0.0,0.0,0.0,0.001548886737657,0.020909970958374,0.151210067763795,0.418005808325266,0.408325266214908
3,136,0,0,0,6,117,802,2180,2055,5160,0.0,0.0,0.0,0.001162790697674,0.022674418604651,0.155426356589147,0.422480620155039,0.398255813953488
3,137,0,0,0,3,120,794,2218,2020,5155,0.0,0.0,0.0,0.000581959262852,0.023278370514064,0.154025218234724,0.430261881668283,0.391852570320078
3,138,0,0,1,2,117,736,2165,2129,5150,0.0,0.0,0.000194174757282,0.000388349514563,0.022718446601942,0.142912621359223,0.420388349514563,0.413398058252427
3,139,0,0,0,8,111,774,2183,2069,5145,0.0,0.0,0.0,0.001554907677357,0.021574344023324,0.150437317784257,0.424295432458698,0.402137998056365
3,140,0,0,0,7,103,773,2124,2133,5140,0.0,0.0,0.0,0.00136186770428,0.020038910505837,0.150389105058366,0.413229571984436,0.414980544747082
3,141,0,0,0,11,120,783,2204,2017,5135,0.0,0.0,0.0,0.002142161635833,0.023369036027264,0.152482960077897,0.42921129503408,0.392794547224927
3,142,0,0,0,4,127,790,2120,2089,5130,0.0,0.0,0.0,0.000779727095517,0.024756335282651,0.153996101364522,0.413255360623782,0.407212475633528
3,143,0,0,0,4,107,788,2183,2043,5125,0.0,0.0,0.0,0.000780487804878,0.020878048780488,0.153756097560976,0.425951219512195,0.398634146341463
3,144,0,0,1,7,119,778,2168,2047,5120,0.0,0.0,0.0001953125,0.0013671875,0.0232421875,0.151953125,0.4234375,0.3998046875
3,145,0,0,0,7,125,765,2231,1987,5115,0.0,0.0,0.0,0.001368523949169,0.024437927663734,0.149560117302053,0.436168132942326,0.388465298142718
3,146,0,0,0,6,113,810,2149,2032,5110,0.0,0.0,0.0,0.001174168297456,0.022113502935421,0.158512720156556,0.420547945205479,0.397651663405088
3,147,0,0,1,6,119,775,2214,1990,5105,0.0,0.0,0.000195886385896,0.001175318315377,0.023310479921645,0.15181194906954,0.433692458374143,0.389813907933399
3,148,0,0,0,4,115,758,2199,2024,5100,0.0,0.0,0.0,0.00078431372549,0.022549019607843,0.148627450980392,0.431176470588235,0.396862745098039
3,149,0,0,0,6,116,714,2138,2121,5095,0.0,0.0,0.0,0.001177625122669,0.022767419038273,0.140137389597645,0.419627085377821,0.416290480863592
3,150,0,0,0,11,116,779,2151,2033,5090,0.0,0.0,0.0,0.002161100196464,0.02278978388998,0.153045186640472,0.422593320235756,0.399410609037328
3,151,0,0,0,12,123,808,2121,2021,5085,0.0,0.0,0.0,0.0023598820059,0.024188790560472,0.15889872173058,0.417109144542773,0.397443461160275
3,152,0,0,0,7,109,747,2154,2063,5080,0.0,0.0,0.0,0.001377952755906,0.021456692913386,0.147047244094488,0.424015748031496,0.406102362204724
3,153,0,0,0,11,116,796,2171,1981,5075,0.0,0.0,0.0,0.002167487684729,0.022857142857143,0.156847290640394,0.427783251231527,0.390344827586207
3,154,0,0,1,10,108,798,2094,2059,5070,0.0,0.0,0.000197238658777,0.001972386587771,0.021301775147929,0.157396449704142,0.41301775147929,0.406114398422091
3,155,0,0,0,7,108,767,2178,2005,5065,0.0,0.0,0.0,0.001382033563672,0.021322803553801,0.151431391905232,0.430009871668312,0.395853899308983
3,156,0,0,0,9,108,802,2146,1995,5060,0.0,0.0,0.0,0.001778656126482,0.021343873517787,0.158498023715415,0.424110671936759,0.394268774703557
3,157,0,0,0,1,125,729,2180,2020,5055,0.0,0.0,0.0,0.000197823936696,0.024727992087043,0.144213649851632,0.431256181998022,0.399604352126607
3,158,0,0,0,4,129,755,2110,2052,5050,0.0,0.0,0.0,0.000792079207921,0.025544554455446,0.149504950495049,0.417821782178218,0.406336633663366
3,159,0,0,0,7,123,754,2138,2023,5045,0.0,0.0,0.0,0.001387512388503,0.024380574826561,0.149454905847374,0.423785926660059,0.400991080277502
3,160,0,0,0,5,120,747,2158,2010,5040,0.0,0.0,0.0,0.000992063492063,0.023809523809524,0.148214285714286,0.428174603174603,0.398809523809524
3,161,0,0,0,10,109,724,2130,2062,5035,0.0,0.0,0.0,0.001986097318769,0.021648460774578,0.143793445878848,0.423038728897716,0.409533267130089
3,162,0,0,0,4,98,787,2165,1976,5030,0.0,0.0,0.0,0.000795228628231,0.01948310139165,0.156461232604374,0.430417495029821,0.392842942345924
3,163,0,0,0,8,105,785,2127,2000,5025,0.0,0.0,0.0,0.001592039800995,0.02089552238806,0.156218905472637,0.423283582089552,0.398009950248756
3,164,0,0,0,6,120,737,2174,1983,5020,0.0,0.0,0.0,0.001195219123506,0.02390438247012,0.146812749003984,0.433067729083665,0.395019920318725
3,165,0,0,0,4,137,799,2041,2034,5015,0.0,0.0,0.0,0.000797607178465,0.027318045862413,0.159322033898305,0.406979062811565,0.405583250249252
3,166,0,0,0,9,113,719,2171,1998,5010,0.0,0.0,0.0,0.001796407185629,0.022554890219561,0.143512974051896,0.433333333333333,0.398802395209581
3,167,0,0,0,5,124,780,2087,2009,5005,0.0,0.0,0.0,0.000999000999001,0.024775224775225,0.155844155844156,0.416983016983017,0.401398601398601
3,168,0,0,0,5,109,720,2116,2050,5000,0.0,0.0,0.0,0.001,0.0218,0.144,0.4232,0.41
3,169,0,0,0,9,117,677,2142,2050,4995,0.0,0.0,0.0,0.001801801801802,0.023423423423423,0.135535535535536,0.428828828828829,0.41041041041041
3,170,0,0,1,8,107,786,2063,2025,4990,0.0,0.0,0.000200400801603,0.001603206412826,0.021442885771543,0.15751503006012,0.413426853707415,0.405811623246493
3,171,0,0,0,6,114,722,2154,1989,4985,0.0,0.0,0.0,0.001203610832497,0.022868605817452,0.144834503510532,0.4320962888666,0.398996990972919
3,172,0,0,0,4,120,754,2078,2024,4980,0.0,0.0,0.0,0.000803212851406,0.024096385542169,0.15140562248996,0.417269076305221,0.406425702811245
3,173,0,0,1,6,114,767,2064,2023,4975,0.0,0.0,0.000201005025126,0.001206030150754,0.022914572864322,0.154170854271357,0.414874371859296,0.406633165829146
3,174,0,0,0,4,117,746,2153,1950,4970,0.0,0.0,0.0,0.000804828973843,0.023541247484909,0.15010060362173,0.433199195171026,0.392354124748491
3,175,0,0,0,9,90,736,2102,2028,4965,0.0,0.0,0.0,0.001812688821752,0.018126888217523,0.148237663645519,0.423363544813696,0.408459214501511
3,176,0,0,1,9,120,740,2112,1978,4960,0.0,0.0,0.000201612903226,0.001814516129032,0.024193548387097,0.149193548387097,0.425806451612903,0.398790322580645
3,177,0,0,0,7,108,762,2096,1982,4955,0.0,0.0,0.0,0.001412714429869,0.021796165489405,0.153784056508577,0.423007063572149,0.4
3,178,0,0,0,5,107,795,2016,2027,4950,0.0,0.0,0.0,0.001010101010101,0.021616161616162,0.160606060606061,0.407272727272727,0.409494949494949
3,179,0,0,0,5,100,736,2162,1942,4945,0.0,0.0,0.0,0.001011122345804,0.020222446916077,0.148837209302326,0.437209302325581,0.392719919110212
3,180,0,0,0,6,111,736,2079,2008,4940,0.0,0.0,0.0,0.001214574898785,0.02246963562753,0.148987854251012,0.42085020242915,0.406477732793522
3,181,0,0,0,7,117,723,2099,1989,4935,0.0,0.0,0.0,0.001418439716312,0.02370820668693,0.146504559270517,0.42532928064843,0.403039513677812
3,182,0,0,1,9,124,720,2069,2007,4930,0.0,0.0,0.000202839756592,0.001825557809331,0.025152129817444,0.14604462474645,0.419675456389452,0.40709939148073
3,183,0,0,0,7,122,725,2098,1973,4925,0.0,0.0,0.0,0.001421319796954,0.024771573604061,0.147208121827411,0.425989847715736,0.400609137055838
3,184,0,0,0,4,106,738,2079,1993,4920,0.0,0.0,0.0,0.000813008130081,0.021544715447154,0.15,0.422560975609756,0.405081300813008
3,185,0,0,0,10,112,734,2134,1925,4915,0.0,0.0,0.0,0.002034587995931,0.022787385554425,0.149338758901322,0.434181078331638,0.391658189216684
3,186,0,0,0,6,120,744,2076,1964,4910,0.0,0.0,0.0,0.00122199592668,0.024439918533605,0.15152749490835,0.422810590631365,0.4
3,187,0,0,0,2,128,713,2131,1931,4905,0.0,0.0,0.0,0.000407747196738,0.026095820591233,0.145361875637105,0.434454638124363,0.393679918450561
3,188,0,0,1,6,107,703,2132,1951,4900,0.0,0.0,0.000204081632653,0.001224489795918,0.021836734693878,0.143469387755102,0.435102040816327,0.398163265306122
3,189,0,0,1,11,114,743,2079,1947,4895,0.0,0.0,0.000204290091931,0.002247191011236,0.023289070480082,0.151787538304392,0.424719101123596,0.397752808988764
3,190,0,0,0,7,89,727,2098,1969,4890,0.0,0.0,0.0,0.001431492842536,0.018200408997955,0.148670756646217,0.429038854805726,0.402658486707566
3,191,0,0,0,6,126,776,2033,1944,4885,0.0,0.0,0.0,0.001228249744115,0.025793244626407,0.15885363357216,0.416171954964176,0.397952917093142
3,192,0,0,0,12,114,721,2069,1964,4880,0.0,0.0,0.0,0.002459016393443,0.023360655737705,0.147745901639344,0.423975409836066,0.402459016393443
3,193,0,0,0,5,127,719,2099,1925,4875,0.0,0.0,0.0,0.001025641025641,0.026051282051282,0.147487179487179,0.430564102564103,0.394871794871795
3,194,0,0,0,4,112,738,2047,1969,4870,0.0,0.0,0.0,0.00082135523614,0.02299794661191,0.151540041067762,0.420328542094456,0.404312114989733
3,195,0,0,0,6,93,731,2136,1899,4865,0.0,0.0,0.0,0.001233299075026,0.019116135662898,0.150256937307297,0.439054470709147,0.390339157245632
3,196,0,0,0,5,94,756,2060,1945,4860,0.0,0.0,0.0,0.001028806584362,0.019341563786008,0.155555555555556,0.423868312757202,0.400205761316872
3,197,0,0,0,8,121,728,2110,1888,4855,0.0,0.0,0.0,0.001647785787848,0.024922760041195,0.14994850669413,0.434603501544799,0.388877445932029
3,198,0,0,0,8,95,709,2028,2010,4850,0.0,0.0,0.0,0.001649484536082,0.019587628865979,0.146185567010309,0.418144329896907,0.414432989690722
3,199,0,0,0,3,108,667,2137,1930,4845,0.0,0.0,0.0,0.00061919504644,0.022291021671827,0.137667698658411,0.441073271413829,0.398348813209494
3,200,0,0,0,6,117,725,2056,1936,4840,0.0,0.0,0.0,0.001239669421488,0.024173553719008,0.149793388429752,0.424793388429752,0.4
3,201,0,0,1,7,116,828,2021,1862,4835,0.0,0.0,0.000206825232678,0.001447776628749,0.023991726990693,0.171251292657704,0.41799379524302,0.385108583247156
3,202,0,0,0,6,113,717,2051,1943,4830,0.0,0.0,0.0,0.001242236024845,0.023395445134576,0.148447204968944,0.42463768115942,0.402277432712215
3,203,0,0,0,5,106,733,2019,1962,4825,0.0,0.0,0.0,0.001036269430052,0.021968911917098,0.151917098445596,0.418445595854922,0.406632124352332
3,204,0,0,0,4,110,730,2020,1956,4820,0.0,0.0,0.0,0.000829875518672,0.022821576763485,0.151452282157676,0.419087136929461,0.405809128630705
3,205,0,0,0,8,124,749,1992,1942,4815,0.0,0.0,0.0,0.001661474558671,0.025752855659398,0.155555555555556,0.413707165109034,0.403322949117342
3,206,0,0,1,12,112,724,2066,1895,4810,0.0,0.0,0.0002079002079,0.002494802494802,0.023284823284823,0.150519750519751,0.42952182952183,0.393970893970894
3,207,0,0,0,6,103,728,2061,1907,4805,0.0,0.0,0.0,0.001248699271592,0.021436004162331,0.151508844953174,0.428928199791883,0.39687825182102
3,208,0,0,0,6,102,757,2026,1909,4800,0.0,0.0,0.0,0.00125,0.02125,0.157708333333333,0.422083333333333,0.397708333333333
3,209,0,0,0,6,119,715,2009,1946,4795,0.0,0.0,0.0,0.001251303441084,0.024817518248175,0.149113660062565,0.418978102189781,0.405839416058394
3,210,0,0,1,10,90,703,2054,1932,4790,0.0,0.0,0.000208768267223,0.002087682672234,0.018789144050104,0.146764091858038,0.428810020876827,0.403340292275574
3,211,0,0,1,6,103,797,1971,1907,4785,0.0,0.0,0.000208986415883,0.001253918495298,0.021525600835946,0.166562173458725,0.411912225705329,0.398537095088819
3,212,0,0,0,5,111,746,2039,1879,4780,0.0,0.0,0.0,0.001046025104603,0.023221757322176,0.156066945606695,0.426569037656904,0.393096234309623
3,213,0,0,0,6,101,723,2026,1919,4775,0.0,0.0,0.0,0.001256544502618,0.021151832460733,0.151413612565445,0.424293193717277,0.401884816753927
3,214,0,0,0,3,103,737,1985,1942,4770,0.0,0.0,0.0,0.00062893081761,0.021593291404612,0.154507337526205,0.416142557651992,0.407127882599581
3,215,0,0,0,6,110,717,2052,1880,4765,0.0,0.0,0.0,0.001259181532004,0.02308499475341,0.150472193074502,0.430640083945435,0.394543546694648
3,216,0,0,0,5,104,680,2038,1933,4760,0.0,0.0,0.0,0.001050420168067,0.021848739495798,0.142857142857143,0.428151260504202,0.40609243697479
3,217,0,0,0,3,97,707,2020,1928,4755,0.0,0.0,0.0,0.000630914826498,0.020399579390116,0.148685594111462,0.424815983175605,0.40546792849632
3,218,0,0,0,4,115,672,2036,1923,4750,0.0,0.0,0.0,0.000842105263158,0.024210526315789,0.141473684210526,0.428631578947368,0.404842105263158
3,219,0,0,1,3,109,707,1975,1950,4745,0.0,0.0,0.000210748155954,0.000632244467861,0.022971548998946,0.14899894625922,0.41622760800843,0.410958904109589
3,220,0,0,0,4,120,700,1995,1921,4740,0.0,0.0,0.0,0.00084388185654,0.025316455696203,0.147679324894515,0.420886075949367,0.405274261603376
3,221,0,0,1,7,112,722,2005,1888,4735,0.0,0.0,0.000211193241816,0.001478352692714,0.023653643083421,0.152481520591341,0.423442449841605,0.398732840549102
3,222,0,0,0,5,102,742,1973,1908,4730,0.0,0.0,0.0,0.001057082452431,0.021564482029598,0.156871035940803,0.417124735729387,0.40338266384778
3,223,0,0,0,5,122,706,2017,1875,4725,0.0,0.0,0.0,0.001058201058201,0.025820105820106,0.149417989417989,0.426878306878307,0.396825396825397
3,224,0,0,0,9,116,707,1973,1915,4720,0.0,0.0,0.0,0.001906779661017,0.024576271186441,0.14978813559322,0.418008474576271,0.405720338983051
3,225,0,0,0,7,107,714,1988,1899,4715,0.0,0.0,0.0,0.001484623541888,0.022693531283139,0.151431601272534,0.421633085896076,0.402757158006363
3,226,0,0,0,10,99,731,1955,1915,4710,0.0,0.0,0.0,0.002123142250531,0.021019108280255,0.1552016985138,0.415074309978769,0.406581740976645
3,227,0,0,0,8,86,754,2028,1829,4705,0.0,0.0,0.0,0.001700318809777,0.018278427205101,0.160255047821467,0.431030818278427,0.388735387885228
3,228,0,0,0,6,97,715,2013,1869,4700,0.0,0.0,0.0,0.001276595744681,0.02063829787234,0.152127659574468,0.428297872340426,0.397659574468085
3,229,0,0,0,7,101,716,1987,1884,4695,0.0,0.0,0.0,0.001490947816826,0.021512247071353,0.152502662406816,0.42321618743344,0.401277955271566
3,230,0,0,0,4,102,707,2024,1853,4690,0.0,0.0,0.0,0.000852878464819,0.021748400852878,0.150746268656716,0.431556503198294,0.395095948827292
3,231,0,0,0,7,115,722,1965,1876,4685,0.0,0.0,0.0,0.001494130202775,0.024546424759872,0.154108858057631,0.419423692636073,0.40042689434365
3,232,0,0,0,2,107,724,1960,1887,4680,0.0,0.0,0.0,0.00042735042735,0.022863247863248,0.154700854700855,0.418803418803419,0.403205128205128
3,233,0,0,0,5,102,721,1906,1941,4675,0.0,0.0,0.0,0.001069518716578,0.021818181818182,0.154224598930481,0.407700534759358,0.415187165775401
3,234,0,0,0,4,114,737,2009,1806,4670,0.0,0.0,0.0,0.000856531049251,0.02441113490364,0.157815845824411,0.430192719486081,0.386723768736617
3,235,0,0,0,5,113,719,1927,1901,4665,0.0,0.0,0.0,0.0010718113612,0.02422293676313,0.154126473740622,0.413076098606645,0.407502679528403
3,236,0,0,0,5,112,761,1953,1829,4660,0.0,0.0,0.0,0.001072961373391,0.024034334763948,0.163304721030043,0.419098712446352,0.392489270386266
3,237,0,0,0,9,105,720,1967,1854,4655,0.0,0.0,0.0,0.001933404940924,0.022556390977444,0.154672395273899,0.422556390977444,0.39828141783029
3,238,0,0,1,7,132,741,1905,1864,4650,0.0,0.0,0.000215053763441,0.001505376344086,0.028387096774194,0.159354838709677,0.409677419354839,0.400860215053763
3,239,0,0,0,8,104,694,1963,1876,4645,0.0,0.0,0.0,0.001722282023681,0.022389666307858,0.14940796555436,0.422604951560818,0.403875134553283
3,240,0,0,0,11,101,645,2002,1881,4640,0.0,0.0,0.0,0.002370689655172,0.02176724137931,0.139008620689655,0.431465517241379,0.405387931034483
3,241,0,0,0,6,100,687,1952,1890,4635,0.0,0.0,0.0,0.001294498381877,0.021574973031284,0.148220064724919,0.421143473570658,0.407766990291262
3,242,0,0,0,5,120,699,1949,1857,4630,0.0,0.0,0.0,0.001079913606911,0.025917926565875,0.15097192224622,0.420950323974082,0.401079913606911
3,243,0,0,0,7,112,724,1955,1827,4625,0.0,0.0,0.0,0.001513513513514,0.024216216216216,0.156540540540541,0.422702702702703,0.395027027027027
3,244,0,0,0,12,107,683,1934,1884,4620,0.0,0.0,0.0,0.002597402597403,0.023160173160173,0.147835497835498,0.418614718614719,0.407792207792208
3,245,0,0,0,9,120,688,1916,1882,4615,0.0,0.0,0.0,0.001950162513543,0.026002166847237,0.14907908992416,0.415167930660888,0.407800650054171
3,246,0,0,0,8,93,659,1970,1880,4610,0.0,0.0,0.0,0.00173535791757,0.020173535791757,0.14295010845987,0.427331887201735,0.407809110629067
3,247,0,0,0,10,106,677,1942,1870,4605,0.0,0.0,0.0,0.002171552660152,0.023018458197611,0.147014115092291,0.42171552660152,0.406080347448426
3,248,0,0,0,5,98,709,1992,1796,4600,0.0,0.0,0.0,0.001086956521739,0.021304347826087,0.154130434782609,0.43304347826087,0.390434782608696
3,249,0,0,0,12,126,739,1871,1847,4595,0.0,0.0,0.0,0.002611534276387,0.027421109902067,0.160826985854189,0.407181719260065,0.401958650707291
3,250,0,0,0,6,108,739,1933,1804,4590,0.0,0.0,0.0,0.001307189542484,0.023529411764706,0.161002178649237,0.421132897603486,0.393028322440087
3,251,0,0,0,9,106,669,1940,1861,4585,0.0,0.0,0.0,0.00196292257361,0.023118865866957,0.145910577971647,0.423118865866957,0.405888767720829
3,252,0,0,0,4,104,677,1999,1796,4580,0.0,0.0,0.0,0.000873362445415,0.022707423580786,0.147816593886463,0.43646288209607,0.392139737991266
3,253,0,0,0,6,111,682,1926,1850,4575,0.0,0.0,0.0,0.001311475409836,0.024262295081967,0.149071038251366,0.420983606557377,0.404371584699454
3,254,0,0,0,5,108,727,1907,1823,4570,0.0,0.0,0.0,0.00109409190372,0.02363238512035,0.159080962800875,0.417286652078775,0.39890590809628
3,255,0,0,1,2,97,720,1900,1845,4565,0.0,0.0,0.000219058050383,0.000438116100767,0.021248630887185,0.157721796276013,0.416210295728368,0.404162102957284
3,256,0,0,0,4,97,668,1957,1834,4560,0.0,0.0,0.0,0.000877192982456,0.021271929824561,0.146491228070175,0.429166666666667,0.40219298245614
3,257,0,0,0,4,103,666,1953,1829,4555,0.0,0.0,0.0,0.000878155872667,0.022612513721186,0.146212952799122,0.428759604829857,0.401536772777168
3,258,0,0,0,3,85,700,1912,1850,4550,0.0,0.0,0.0,0.000659340659341,0.018681318681319,0.153846153846154,0.42021978021978,0.406593406593407
3,259,0,0,0,6,115,658,1982,1784,4545,0.0,0.0,0.0,0.001320132013201,0.025302530253025,0.144774477447745,0.436083608360836,0.392519251925192
3,260,0,0,0,6,86,671,1970,1807,4540,0.0,0.0,0.0,0.001321585903084,0.018942731277533,0.147797356828194,0.433920704845815,0.398017621145374
3,261,0,0,0,9,93,709,1939,1785,4535,0.0,0.0,0.0,0.001984564498346,0.020507166482911,0.156339581036384,0.427563395810364,0.393605292171996
3,262,0,0,0,5,114,670,1896,1845,4530,0.0,0.0,0.0,0.001103752759382,0.025165562913907,0.147902869757174,0.418543046357616,0.407284768211921
3,263,0,0,0,4,118,677,1890,1836,4525,0.0,0.0,0.0,0.000883977900552,0.026077348066298,0.149613259668508,0.41767955801105,0.405745856353591
3,264,0,0,0,4,97,693,1943,1783,4520,0.0,0.0,0.0,0.000884955752212,0.02146017699115,0.153318584070796,0.429867256637168,0.394469026548673
3,265,0,0,0,8,121,658,1906,1822,4515,0.0,0.0,0.0,0.001771871539313,0.026799557032115,0.145736434108527,0.422148394241417,0.403543743078627
3,266,0,0,0,9,94,697,1879,1831,4510,0.0,0.0,0.0,0.0019955654102,0.020842572062084,0.154545454545455,0.416629711751663,0.405986696230599
3,267,0,0,1,2,95,617,1936,1854,4505,0.0,0.0,0.000221975582686,0.000443951165372,0.021087680355161,0.136958934517203,0.429744728079911,0.411542730299667
3,268,0,0,0,7,106,711,1853,1823,4500,0.0,0.0,0.0,0.001555555555556,0.023555555555556,0.158,0.411777777777778,0.405111111111111
3,269,0,0,0,7,116,634,1934,1804,4495,0.0,0.0,0.0,0.001557285873192,0.025806451612903,0.141045606229143,0.430255839822024,0.401334816462736
3,270,0,0,0,5,101,725,1915,1744,4490,0.0,0.0,0.0,0.001113585746102,0.022494432071269,0.161469933184855,0.426503340757238,0.388418708240535
3,271,0,0,0,5,109,710,1933,1728,4485,0.0,0.0,0.0,0.001114827201784,0.024303232998885,0.158305462653289,0.430992196209588,0.385284280936455
3,272,0,0,0,7,97,671,1889,1816,4480,0.0,0.0,0.0,0.0015625,0.021651785714286,0.149776785714286,0.421651785714286,0.405357142857143
3,273,0,0,0,4,98,724,1930,1719,4475,0.0,0.0,0.0,0.000893854748603,0.021899441340782,0.161787709497207,0.431284916201117,0.384134078212291
3,274,0,0,0,9,110,666,1848,1837,4470,0.0,0.0,0.0,0.002013422818792,0.024608501118568,0.148993288590604,0.413422818791946,0.410961968680089
3,275,0,0,0,2,108,672,1932,1751,4465,0.0,0.0,0.0,0.000447928331467,0.024188129899216,0.1505039193729,0.432698768197088,0.392161254199328
3,276,0,0,0,5,112,680,1858,1805,4460,0.0,0.0,0.0,0.001121076233184,0.025112107623318,0.152466367713004,0.416591928251121,0.404708520179372
3,277,0,0,0,9,112,691,1886,1757,4455,0.0,0.0,0.0,0.002020202020202,0.025140291806958,0.155106621773288,0.42334455667789,0.394388327721661
3,278,0,0,0,4,82,662,1934,1768,4450,0.0,0.0,0.0,0.000898876404494,0.018426966292135,0.14876404494382,0.434606741573034,0.397303370786517
3,279,0,0,0,6,84,656,1927,1772,4445,0.0,0.0,0.0,0.001349831271091,0.018897637795276,0.147581552305962,0.433520809898763,0.398650168728909
3,280,0,0,1,7,91,681,1861,1799,4440,0.0,0.0,0.000225225225225,0.001576576576577,0.020495495495495,0.153378378378378,0.419144144144144,0.40518018018018
3,281,0,0,0,7,83,700,1900,1745,4435,0.0,0.0,0.0,0.001578354002255,0.018714768883878,0.157835400225479,0.428410372040586,0.393461104847802
3,282,0,0,0,6,94,647,1888,1795,4430,0.0,0.0,0.0,0.001354401805869,0.021218961625282,0.146049661399549,0.426185101580135,0.405191873589165
3,283,0,0,0,3,120,692,1856,1754,4425,0.0,0.0,0.0,0.000677966101695,0.027118644067797,0.15638418079096,0.419435028248588,0.39638418079096
3,284,0,0,0,2,82,707,1913,1716,4420,0.0,0.0,0.0,0.000452488687783,0.018552036199095,0.159954751131222,0.432805429864253,0.388235294117647
3,285,0,0,0,7,96,608,1916,1788,4415,0.0,0.0,0.0,0.00158550396376,0.021744054360136,0.137712344280861,0.433975084937712,0.404983012457531
3,286,0,0,0,8,103,657,1911,1731,4410,0.0,0.0,0.0,0.001814058956916,0.023356009070295,0.148979591836735,0.433333333333333,0.392517006802721
3,287,0,0,0,4,91,658,1822,1830,4405,0.0,0.0,0.0,0.000908059023837,0.020658342792281,0.149375709421112,0.413620885357548,0.415437003405221
3,288,0,0,1,8,83,680,1859,1769,4400,0.0,0.0,0.000227272727273,0.001818181818182,0.018863636363636,0.154545454545455,0.4225,0.402045454545455
3,289,0,0,0,5,97,676,1903,1714,4395,0.0,0.0,0.0,0.001137656427759,0.022070534698521,0.153811149032992,0.432992036405006,0.389988623435722
3,290,0,0,0,4,92,679,1854,1761,4390,0.0,0.0,0.0,0.000911161731207,0.020956719817768,0.154669703872437,0.422323462414579,0.401138952164009
3,291,0,0,2,4,90,673,1865,1751,4385,0.0,0.0,0.000456100342075,0.000912200684151,0.020524515393387,0.153477765108324,0.425313568985177,0.399315849486887
3,292,0,0,0,4,89,674,1897,1716,4380,0.0,0.0,0.0,0.000913242009132,0.020319634703196,0.153881278538813,0.43310502283105,0.391780821917808
3,293,0,0,0,4,106,670,1872,1723,4375,0.0,0.0,0.0,0.000914285714286,0.024228571428571,0.153142857142857,0.427885714285714,0.393828571428571
3,294,0,0,0,3,83,651,1868,1765,4370,0.0,0.0,0.0,0.000686498855835,0.018993135011442,0.148970251716247,0.42745995423341,0.403890160183066
3,295,0,0,1,3,113,626,1845,1777,4365,0.0,0.0,0.000229095074456,0.000687285223368,0.025887743413517,0.143413516609393,0.422680412371134,0.407101947308133
3,296,0,0,0,7,100,662,1814,1777,4360,0.0,0.0,0.0,0.001605504587156,0.022935779816514,0.151834862385321,0.41605504587156,0.40756880733945
3,297,0,0,0,6,106,661,1840,1742,4355,0.0,0.0,0.0,0.001377726750861,0.024339839265212,0.151779563719862,0.422502870264064,0.4
3,298,0,0,0,3,107,668,1836,1736,4350,0.0,0.0,0.0,0.000689655172414,0.024597701149425,0.153563218390805,0.422068965517241,0.399080459770115
3,299,0,0,0,5,100,672,1828,1740,4345,0.0,0.0,0.0,0.001150747986191,0.02301495972382,0.154660529344074,0.420713463751438,0.400460299194476
3,300,0,0,0,3,99,697,1881,1660,4340,0.0,0.0,0.0,0.000691244239631,0.022811059907834,0.160599078341014,0.433410138248848,0.382488479262673
3,301,0,0,1,2,101,677,1840,1714,4335,0.0,0.0,0.000230680507497,0.000461361014994,0.023298731257209,0.156170703575548,0.424452133794694,0.395386389850058
3,302,0,0,0,4,119,664,1844,1699,4330,0.0,0.0,0.0,0.000923787528868,0.027482678983834,0.153348729792148,0.425866050808314,0.392378752886836
3,303,0,0,0,4,87,675,1863,1696,4325,0.0,0.0,0.0,0.000924855491329,0.020115606936416,0.15606936416185,0.430751445086705,0.392138728323699
3,304,0,0,0,3,96,690,1855,1676,4320,0.0,0.0,0.0,0.000694444444444,0.022222222222222,0.159722222222222,0.429398148148148,0.387962962962963
3,305,0,0,0,5,111,694,1789,1716,4315,0.0,0.0,0.0,0.001158748551564,0.025724217844728,0.160834298957126,0.41460023174971,0.397682502896871
3,306,0,0,0,7,108,627,1817,1751,4310,0.0,0.0,0.0,0.001624129930394,0.025058004640371,0.145475638051044,0.421577726218097,0.406264501160093
3,307,0,0,0,10,84,633,1792,1786,4305,0.0,0.0,0.0,0.002322880371661,0.019512195121951,0.147038327526132,0.416260162601626,0.41486643437863
3,308,0,0,0,4,97,638,1853,1708,4300,0.0,0.0,0.0,0.00093023255814,0.022558139534884,0.148372093023256,0.43093023255814,0.397209302325581
3,309,0,0,0,6,81,686,1835,1687,4295,0.0,0.0,0.0,0.00139697322468,0.018859138533178,0.159720605355064,0.427240977881257,0.392782305005821
3,310,0,0,0,5,97,646,1799,1743,4290,0.0,0.0,0.0,0.001165501165501,0.022610722610723,0.150582750582751,0.419347319347319,0.406293706293706
3,311,0,0,0,5,107,676,1774,1723,4285,0.0,0.0,0.0,0.001166861143524,0.024970828471412,0.157759626604434,0.414002333722287,0.402100350058343
3,312,0,0,0,9,101,652,1772,1746,4280,0.0,0.0,0.0,0.002102803738318,0.023598130841121,0.152336448598131,0.414018691588785,0.407943925233645
3,313,0,0,0,5,104,691,1784,1691,4275,0.0,0.0,0.0,0.001169590643275,0.024327485380117,0.161637426900585,0.417309941520468,0.395555555555556
3,314,0,0,1,6,91,662,1800,1710,4270,0.0,0.0,0.000234192037471,0.001405152224824,0.021311475409836,0.155035128805621,0.421545667447307,0.400468384074941
3,315,0,0,0,4,94,616,1812,1739,4265,0.0,0.0,0.0,0.000937866354045,0.022039859320047,0.14443141852286,0.424853458382181,0.407737397420868
3,316,0,0,0,4,84,658,1789,1725,4260,0.0,0.0,0.0,0.00093896713615,0.019718309859155,0.154460093896714,0.419953051643192,0.404929577464789
3,317,0,0,0,8,102,659,1822,1664,4255,0.0,0.0,0.0,0.001880141010576,0.023971797884841,0.154876615746181,0.428202115158637,0.391069330199765
3,318,0,0,0,11,87,656,1782,1714,4250,0.0,0.0,0.0,0.002588235294118,0.020470588235294,0.154352941176471,0.419294117647059,0.403294117647059
3,319,0,0,0,4,80,656,1788,1717,4245,0.0,0.0,0.0,0.000942285041225,0.018845700824499,0.154534746760895,0.421201413427562,0.404475853945819
3,320,0,0,0,4,93,632,1805,1706,4240,0.0,0.0,0.0,0.000943396226415,0.021933962264151,0.149056603773585,0.425707547169811,0.402358490566038
3,321,0,0,0,6,101,634,1812,1682,4235,0.0,0.0,0.0,0.001416765053129,0.023848878394333,0.149704840613932,0.427863046044864,0.397166469893743
3,322,0,0,0,7,94,662,1738,1729,4230,0.0,0.0,0.0,0.001654846335697,0.022222222222222,0.156501182033097,0.410874704491726,0.408747044917258
3,323,0,0,0,3,87,668,1818,1649,4225,0.0,0.0,0.0,0.000710059171598,0.020591715976331,0.15810650887574,0.430295857988166,0.390295857988166
3,324,0,0,0,6,106,680,1757,1671,4220,0.0,0.0,0.0,0.001421800947867,0.025118483412322,0.161137440758294,0.416350710900474,0.395971563981043
3,325,0,0,0,4,89,635,1812,1675,4215,0.0,0.0,0.0,0.000948991696323,0.021115065243179,0.150652431791222,0.429893238434164,0.397390272835113
3,326,0,0,0,7,112,621,1783,1687,4210,0.0,0.0,0.0,0.00166270783848,0.026603325415677,0.14750593824228,0.423515439429929,0.400712589073634
3,327,0,0,0,3,95,590,1804,1713,4205,0.0,0.0,0.0,0.000713436385256,0.022592152199762,0.140309155766944,0.429013079667063,0.407372175980975
3,328,0,0,0,7,94,658,1803,1638,4200,0.0,0.0,0.0,0.001666666666667,0.022380952380952,0.156666666666667,0.429285714285714,0.39
3,329,0,0,1,8,90,640,1773,1683,4195,0.0,0.0,0.000238379022646,0.001907032181168,0.021454112038141,0.152562574493445,0.422646007151371,0.40119189511323
3,330,0,0,0,8,84,628,1786,1684,4190,0.0,0.0,0.0,0.001909307875895,0.020047732696897,0.149880668257757,0.426252983293556,0.401909307875895
3,331,0,0,0,8,86,605,1787,1699,4185,0.0,0.0,0.0,0.001911589008363,0.020549581839904,0.144563918757467,0.42700119474313,0.405973715651135
3,332,0,0,0,7,115,609,1758,1691,4180,0.0,0.0,0.0,0.001674641148325,0.027511961722488,0.145693779904306,0.420574162679426,0.404545454545455
3,333,0,0,0,7,90,592,1745,1741,4175,0.0,0.0,0.0,0.001676646706587,0.021556886227545,0.141796407185629,0.417964071856287,0.417005988023952
3,334,0,0,1,4,96,628,1779,1662,4170,0.0,0.0,0.000239808153477,0.000959232613909,0.023021582733813,0.150599520383693,0.426618705035971,0.398561151079137
3,335,0,0,0,5,99,639,1761,1661,4165,0.0,0.0,0.0,0.001200480192077,0.023769507803121,0.153421368547419,0.42280912364946,0.398799519807923
3,336,0,0,0,6,88,611,1786,1669,4160,0.0,0.0,0.0,0.001442307692308,0.021153846153846,0.146875,0.429326923076923,0.401201923076923
3,337,0,0,0,10,83,667,1791,1604,4155,0.0,0.0,0.0,0.002406738868833,0.019975932611312,0.160529482551143,0.431046931407942,0.38604091456077
3,338,0,0,0,7,104,657,1709,1673,4150,0.0,0.0,0.0,0.001686746987952,0.025060240963855,0.158313253012048,0.411807228915663,0.403132530120482
3,339,0,0,0,4,76,654,1794,1617,4145,0.0,0.0,0.0,0.000965018094089,0.018335343787696,0.157780458383595,0.432810615199035,0.390108564535585
3,340,0,0,0,4,108,623,1782,1623,4140,0.0,0.0,0.0,0.000966183574879,0.026086956521739,0.15048309178744,0.430434782608696,0.392028985507246
3,341,0,0,0,7,85,611,1754,1678,4135,0.0,0.0,0.0,0.001692865779927,0.02055622732769,0.14776299879081,0.424183796856106,0.405804111245466
3,342,0,0,0,7,90,612,1755,1666,4130,0.0,0.0,0.0,0.001694915254237,0.021791767554479,0.14818401937046,0.424939467312349,0.403389830508475
3,343,0,0,0,6,96,617,1723,1683,4125,0.0,0.0,0.0,0.001454545454545,0.023272727272727,0.149575757575758,0.41769696969697,0.408
3,344,0,0,0,6,87,633,1734,1660,4120,0.0,0.0,0.0,0.001456310679612,0.021116504854369,0.153640776699029,0.420873786407767,0.402912621359223
3,345,0,0,0,6,106,621,1701,1681,4115,0.0,0.0,0.0,0.001458080194411,0.025759416767922,0.150911300121507,0.413365735115431,0.408505467800729
3,346,0,0,0,4,107,578,1784,1637,4110,0.0,0.0,0.0,0.000973236009732,0.026034063260341,0.140632603406326,0.434063260340633,0.398296836982968
3,347,0,0,0,3,88,648,1724,1642,4105,0.0,0.0,0.0,0.000730816077954,0.021437271619976,0.157856272838002,0.419975639464068,0.4
3,348,0,0,1,7,77,629,1739,1647,4100,0.0,0.0,0.000243902439024,0.001707317073171,0.018780487804878,0.153414634146341,0.424146341463415,0.401707317073171
3,349,0,0,1,7,86,653,1702,1646,4095,0.0,0.0,0.0002442002442,0.001709401709402,0.021001221001221,0.159462759462759,0.415628815628816,0.401953601953602
3,350,0,0,0,7,96,626,1737,1624,4090,0.0,0.0,0.0,0.001711491442543,0.023471882640587,0.153056234718826,0.424694376528117,0.397066014669927
3,351,0,0,0,5,75,617,1716,1672,4085,0.0,0.0,0.0,0.001223990208078,0.018359853121175,0.151040391676867,0.420073439412485,0.409302325581395
3,352,0,0,0,10,83,569,1807,1611,4080,0.0,0.0,0.0,0.002450980392157,0.020343137254902,0.139460784313725,0.442892156862745,0.394852941176471
3,353,0,0,0,8,77,617,1722,1651,4075,0.0,0.0,0.0,0.001963190184049,0.018895705521472,0.151411042944785,0.422576687116564,0.405153374233129
3,354,0,0,0,5,89,609,1692,1675,4070,0.0,0.0,0.0,0.001228501228501,0.021867321867322,0.14963144963145,0.415724815724816,0.411547911547912
3,355,0,0,0,3,100,603,1684,1675,4065,0.0,0.0,0.0,0.000738007380074,0.02460024600246,0.148339483394834,0.414268142681427,0.412054120541205
3,356,0,0,0,6,104,595,1748,1607,4060,0.0,0.0,0.0,0.001477832512315,0.025615763546798,0.146551724137931,0.430541871921182,0.395812807881773
3,357,0,0,1,5,95,566,1717,1671,4055,0.0,0.0,0.000246609124538,0.001233045622688,0.023427866831073,0.139580764488286,0.423427866831073,0.412083847102343
3,358,0,0,0,5,90,592,1768,1595,4050,0.0,0.0,0.0,0.001234567901235,0.022222222222222,0.146172839506173,0.436543209876543,0.393827160493827
3,359,0,0,0,8,81,631,1754,1571,4045,0.0,0.0,0.0,0.001977750309023,0.020024721878863,0.155995055624227,0.433621755253399,0.388380716934487
3,360,0,0,0,6,98,594,1704,1638,4040,0.0,0.0,0.0,0.001485148514851,0.024257425742574,0.147029702970297,0.421782178217822,0.405445544554455
3,361,0,0,0,3,95,585,1743,1609,4035,0.0,0.0,0.0,0.000743494423792,0.023543990086741,0.144981412639405,0.431970260223048,0.398760842627014
3,362,0,0,0,9,103,588,1703,1627,4030,0.0,0.0,0.0,0.002233250620347,0.025558312655087,0.14590570719603,0.42258064516129,0.403722084367246
3,363,0,0,1,8,98,617,1681,1620,4025,0.0,0.0,0.000248447204969,0.001987577639752,0.024347826086957,0.153291925465839,0.417639751552795,0.402484472049689
3,364,0,0,0,5,91,616,1701,1607,4020,0.0,0.0,0.0,0.001243781094527,0.022636815920398,0.153233830845771,0.423134328358209,0.399751243781095
3,365,0,0,0,1,78,636,1717,1583,4015,0.0,0.0,0.0,0.000249066002491,0.019427148194271,0.15840597758406,0.427646326276463,0.394271481942715
3,366,0,0,1,8,96,593,1651,1661,4010,0.0,0.0,0.000249376558603,0.001995012468828,0.023940149625935,0.14788029925187,0.411720698254364,0.414214463840399
3,367,0,0,0,5,95,590,1766,1549,4005,0.0,0.0,0.0,0.001248439450687,0.023720349563046,0.147315855181024,0.440948813982522,0.386766541822722
3,368,0,0,0,3,106,610,1686,1595,4000,0.0,0.0,0.0,0.00075,0.0265,0.1525,0.4215,0.39875
3,369,0,0,0,4,88,630,1697,1576,3995,0.0,0.0,0.0,0.001001251564456,0.022027534418023,0.157697121401752,0.424780976220275,0.394493116395494
3,370,0,0,0,8,106,602,1662,1612,3990,0.0,0.0,0.0,0.002005012531328,0.0265664160401,0.150877192982456,0.416541353383459,0.404010025062657
3,371,0,0,0,6,104,600,1640,1635,3985,0.0,0.0,0.0,0.001505646173149,0.026097867001255,0.150564617314931,0.411543287327478,0.410288582183187
3,372,0,0,0,5,94,616,1689,1576,3980,0.0,0.0,0.0,0.001256281407035,0.023618090452261,0.154773869346734,0.424371859296482,0.395979899497487
3,373,0,0,0,3,118,567,1638,1649,3975,0.0,0.0,0.0,0.000754716981132,0.029685534591195,0.142641509433962,0.412075471698113,0.414842767295597
3,374,0,0,0,9,77,605,1656,1623,3970,0.0,0.0,0.0,0.002267002518892,0.019395465994962,0.152392947103275,0.417128463476071,0.408816120906801
3,375,0,0,0,4,91,591,1680,1599,3965,0.0,0.0,0.0,0.001008827238335,0.022950819672131,0.149054224464061,0.423707440100883,0.40327868852459
3,376,0,0,0,5,86,634,1671,1564,3960,0.0,0.0,0.0,0.001262626262626,0.021717171717172,0.16010101010101,0.421969696969697,0.394949494949495
3,377,0,0,1,8,110,645,1649,1542,3955,0.0,0.0,0.000252844500632,0.002022756005057,0.027812895069532,0.163084702907712,0.416940581542351,0.389886219974716
3,378,0,0,0,8,84,607,1677,1574,3950,0.0,0.0,0.0,0.002025316455696,0.02126582278481,0.153670886075949,0.424556962025316,0.398481012658228
3,379,0,0,0,10,87,590,1655,1603,3945,0.0,0.0,0.0,0.002534854245881,0.022053231939163,0.149556400506971,0.419518377693283,0.406337135614702
3,380,0,0,0,6,96,584,1729,1525,3940,0.0,0.0,0.0,0.001522842639594,0.024365482233503,0.148223350253807,0.438832487309645,0.387055837563452
3,381,0,0,0,7,87,589,1688,1564,3935,0.0,0.0,0.0,0.001778907242694,0.022109275730623,0.149682337992376,0.428970775095299,0.397458703939009
3,382,0,0,0,3,76,607,1668,1576,3930,0.0,0.0,0.0,0.000763358778626,0.019338422391858,0.154452926208651,0.424427480916031,0.401017811704835
3,383,0,0,1,7,83,597,1626,1611,3925,0.0,0.0,0.000254777070064,0.001783439490446,0.021146496815287,0.152101910828025,0.414267515923567,0.410445859872611
3,384,0,0,0,8,79,625,1693,1515,3920,0.0,0.0,0.0,0.002040816326531,0.02015306122449,0.159438775510204,0.431887755102041,0.386479591836735
3,385,0,0,0,7,87,603,1684,1534,3915,0.0,0.0,0.0,0.001787994891443,0.022222222222222,0.154022988505747,0.430140485312899,0.391826309067688
3,386,0,0,0,2,78,618,1650,1562,3910,0.0,0.0,0.0,0.000511508951407,0.019948849104859,0.158056265984655,0.421994884910486,0.399488491048593
3,387,0,0,0,5,87,575,1699,1539,3905,0.0,0.0,0.0,0.001280409731114,0.022279129321383,0.147247119078105,0.435083226632522,0.394110115236876
3,388,0,0,0,7,90,607,1617,1579,3900,0.0,0.0,0.0,0.001794871794872,0.023076923076923,0.155641025641026,0.414615384615385,0.404871794871795
3,389,0,0,0,4,76,638,1621,1556,3895,0.0,0.0,0.0,0.001026957637997,0.019512195121951,0.16379974326059,0.41617458279846,0.399486521181001
3,390,0,0,0,5,90,586,1641,1568,3890,0.0,0.0,0.0,0.001285347043702,0.023136246786632,0.150642673521851,0.421850899742931,0.403084832904884
3,391,0,0,1,6,83,592,1611,1592,3885,0.0,0.0,0.0002574002574,0.001544401544402,0.021364221364221,0.152380952380952,0.414671814671815,0.40978120978121
3,392,0,0,0,5,68,581,1645,1581,3880,0.0,0.0,0.0,0.001288659793814,0.017525773195876,0.149742268041237,0.423969072164948,0.407474226804124
3,393,0,0,0,2,88,574,1645,1566,3875,0.0,0.0,0.0,0.000516129032258,0.022709677419355,0.148129032258065,0.424516129032258,0.404129032258065
3,394,0,0,0,9,84,571,1699,1507,3870,0.0,0.0,0.0,0.002325581395349,0.021705426356589,0.147545219638243,0.439018087855297,0.389405684754522
3,395,0,0,0,3,76,591,1627,1568,3865,0.0,0.0,0.0,0.000776196636481,0.019663648124191,0.152910737386805,0.420957309184994,0.405692108667529
3,396,0,0,0,5,75,563,1694,1523,3860,0.0,0.0,0.0,0.001295336787565,0.019430051813472,0.145854922279793,0.438860103626943,0.394559585492228
3,397,0,0,0,2,92,608,1646,1507,3855,0.0,0.0,0.0,0.000518806744488,0.023865110246433,0.157717250324254,0.426977950713359,0.390920881971466
3,398,0,0,0,5,75,544,1598,1628,3850,0.0,0.0,0.0,0.001298701298701,0.019480519480519,0.141298701298701,0.415064935064935,0.422857142857143
3,399,0,0,0,3,75,591,1637,1539,3845,0.0,0.0,0.0,0.000780234070221,0.019505851755527,0.15370611183355,0.425747724317295,0.400260078023407
3,400,0,0,1,8,76,610,1572,1573,3840,0.0,0.0,0.000260416666667,0.002083333333333,0.019791666666667,0.158854166666667,0.409375,0.409635416666667
3,401,0,0,0,8,83,584,1625,1535,3835,0.0,0.0,0.0,0.002086049543677,0.021642764015645,0.152281616688396,0.423728813559322,0.40026075619296
3,402,0,0,0,7,92,602,1612,1517,3830,0.0,0.0,0.0,0.001827676240209,0.02402088772846,0.157180156657963,0.42088772845953,0.396083550913838
3,403,0,0,0,5,84,611,1598,1527,3825,0.0,0.0,0.0,0.001307189542484,0.021960784313725,0.159738562091503,0.417777777777778,0.39921568627451
3,404,0,0,0,4,69,580,1606,1561,3820,0.0,0.0,0.0,0.001047120418848,0.018062827225131,0.151832460732984,0.420418848167539,0.408638743455497
3,405,0,0,1,2,87,553,1641,1531,3815,0.0,0.0,0.000262123197903,0.000524246395806,0.022804718217562,0.144954128440367,0.430144167758847,0.401310615989515
3,406,0,0,0,4,87,589,1625,1505,3810,0.0,0.0,0.0,0.001049868766404,0.022834645669291,0.154593175853018,0.426509186351706,0.39501312335958
3,407,0,0,0,5,83,619,1621,1477,3805,0.0,0.0,0.0,0.001314060446781,0.021813403416557,0.162680683311432,0.426018396846255,0.388173455978975
3,408,0,0,0,4,62,611,1600,1523,3800,0.0,0.0,0.0,0.001052631578947,0.016315789473684,0.160789473684211,0.421052631578947,0.400789473684211
3,409,0,0,0,8,86,600,1641,1460,3795,0.0,0.0,0.0,0.002108036890646,0.02266139657444,0.158102766798419,0.432411067193676,0.38471673254282
3,410,0,0,0,6,83,603,1594,1504,3790,0.0,0.0,0.0,0.001583113456464,0.021899736147757,0.15910290237467,0.420580474934037,0.396833773087071
3,411,0,0,0,7,81,539,1601,1557,3785,0.0,0.0,0.0,0.001849405548217,0.021400264200793,0.142404227212682,0.422985468956407,0.411360634081902
3,412,0,0,0,7,80,587,1580,1526,3780,0.0,0.0,0.0,0.001851851851852,0.021164021164021,0.155291005291005,0.417989417989418,0.403703703703704
3,413,0,0,0,1,83,553,1597,1541,3775,0.0,0.0,0.0,0.000264900662252,0.021986754966887,0.146490066225166,0.423046357615894,0.408211920529801
3,414,0,0,0,5,77,554,1572,1562,3770,0.0,0.0,0.0,0.00132625994695,0.020424403183024,0.146949602122016,0.416976127320955,0.414323607427056
3,415,0,0,0,7,82,576,1588,1512,3765,0.0,0.0,0.0,0.001859229747676,0.021779548472776,0.152988047808765,0.421779548472776,0.401593625498008
3,416,0,0,0,5,91,608,1576,1480,3760,0.0,0.0,0.0,0.001329787234043,0.024202127659574,0.161702127659574,0.419148936170213,0.393617021276596
3,417,0,0,0,4,88,567,1610,1486,3755,0.0,0.0,0.0,0.001065246338216,0.023435419440746,0.150998668442077,0.428761651131824,0.395739014647137
3,418,0,0,0,9,80,594,1556,1511,3750,0.0,0.0,0.0,0.0024,0.021333333333333,0.1584,0.414933333333333,0.402933333333333
3,419,0,0,0,4,81,529,1614,1517,3745,0.0,0.0,0.0,0.001068090787717,0.021628838451268,0.141255006675567,0.430974632843792,0.405073431241656
3,420,0,0,0,8,78,565,1635,1454,3740,0.0,0.0,0.0,0.002139037433155,0.020855614973262,0.151069518716578,0.43716577540107,0.388770053475936
3,421,0,0,0,5,88,564,1611,1467,3735,0.0,0.0,0.0,0.001338688085676,0.023560910307898,0.151004016064257,0.431325301204819,0.392771084337349
3,422,0,0,0,7,87,595,1531,1510,3730,0.0,0.0,0.0,0.001876675603217,0.023324396782842,0.159517426273458,0.410455764075067,0.404825737265416
3,423,0,0,0,3,73,574,1595,1480,3725,0.0,0.0,0.0,0.000805369127517,0.019597315436242,0.154093959731544,0.428187919463087,0.397315436241611
3,424,0,0,0,4,69,565,1617,1465,3720,0.0,0.0,0.0,0.001075268817204,0.018548387096774,0.151881720430108,0.434677419354839,0.393817204301075
3,425,0,0,0,3,78,555,1625,1454,3715,0.0,0.0,0.0,0.000807537012113,0.020995962314939,0.149394347240915,0.437415881561238,0.391386271870794
3,426,0,0,1,7,82,586,1544,1490,3710,0.0,0.0,0.000269541778976,0.00188679245283,0.022102425876011,0.157951482479784,0.416172506738545,0.401617250673854
3,427,0,0,0,4,85,527,1634,1455,3705,0.0,0.0,0.0,0.001079622132254,0.022941970310391,0.142240215924426,0.441025641025641,0.392712550607287
3,428,0,0,0,7,86,546,1542,1519,3700,0.0,0.0,0.0,0.001891891891892,0.023243243243243,0.147567567567568,0.416756756756757,0.410540540540541
3,429,0,0,0,10,89,554,1562,1480,3695,0.0,0.0,0.0,0.002706359945873,0.024086603518268,0.149932341001353,0.422733423545332,0.400541271989175
3,430,0,0,0,4,81,544,1525,1536,3690,0.0,0.0,0.0,0.001084010840108,0.021951219512195,0.147425474254743,0.413279132791328,0.416260162601626
3,431,0,0,0,5,85,545,1572,1478,3685,0.0,0.0,0.0,0.001356852103121,0.023066485753053,0.147896879240163,0.426594301221167,0.401085481682497
3,432,0,0,0,3,85,547,1554,1491,3680,0.0,0.0,0.0,0.000815217391304,0.023097826086957,0.148641304347826,0.422282608695652,0.405163043478261
3,433,0,0,0,8,95,549,1508,1515,3675,0.0,0.0,0.0,0.002176870748299,0.025850340136054,0.149387755102041,0.410340136054422,0.412244897959184
3,434,0,0,0,5,104,536,1540,1485,3670,0.0,0.0,0.0,0.001362397820163,0.028337874659401,0.146049046321526,0.419618528610354,0.404632152588556
3,435,0,0,1,8,79,572,1509,1496,3665,0.0,0.0,0.000272851296044,0.002182810368349,0.021555252387449,0.156070941336971,0.411732605729877,0.40818553888131
3,436,0,0,0,7,85,549,1526,1493,3660,0.0,0.0,0.0,0.001912568306011,0.023224043715847,0.15,0.416939890710383,0.40792349726776
3,437,0,0,0,7,82,537,1542,1487,3655,0.0,0.0,0.0,0.001915184678523,0.022435020519836,0.146922024623803,0.421887824897401,0.406839945280438
3,438,0,0,0,8,74,556,1592,1420,3650,0.0,0.0,0.0,0.002191780821918,0.02027397260274,0.152328767123288,0.436164383561644,0.389041095890411
3,439,0,0,0,0,77,554,1609,1405,3645,0.0,0.0,0.0,0.0,0.021124828532236,0.1519890260631,0.441426611796982,0.385459533607682
3,440,0,0,0,5,85,528,1514,1508,3640,0.0,0.0,0.0,0.001373626373626,0.023351648351648,0.145054945054945,0.415934065934066,0.414285714285714
3,441,0,0,0,2,91,569,1519,1454,3635,0.0,0.0,0.0,0.000550206327373,0.025034387895461,0.156533700137552,0.417881705639615,0.4
3,442,0,0,0,7,68,523,1616,1416,3630,0.0,0.0,0.0,0.001928374655647,0.018732782369146,0.144077134986226,0.445179063360882,0.390082644628099
3,443,0,0,0,3,74,572,1520,1456,3625,0.0,0.0,0.0,0.000827586206897,0.020413793103448,0.157793103448276,0.419310344827586,0.401655172413793
3,444,0,0,0,9,76,566,1516,1453,3620,0.0,0.0,0.0,0.002486187845304,0.020994475138122,0.156353591160221,0.41878453038674,0.401381215469613
3,445,0,0,0,6,71,538,1566,1434,3615,0.0,0.0,0.0,0.001659751037344,0.019640387275242,0.148824343015214,0.433195020746888,0.396680497925311
3,446,0,0,0,5,72,551,1558,1424,3610,0.0,0.0,0.0,0.001385041551247,0.01994459833795,0.152631578947368,0.431578947368421,0.394459833795014
3,447,0,0,0,8,88,531,1506,1472,3605,0.0,0.0,0.0,0.002219140083218,0.024410540915395,0.147295423023578,0.417753120665742,0.408321775312067
3,448,0,0,0,4,81,552,1526,1437,3600,0.0,0.0,0.0,0.001111111111111,0.0225,0.153333333333333,0.423888888888889,0.399166666666667
3,449,0,0,0,4,64,560,1540,1427,3595,0.0,0.0,0.0,0.001112656467316,0.017802503477051,0.1557719054242,0.428372739916551,0.396940194714882
3,450,0,0,0,9,81,565,1496,1439,3590,0.0,0.0,0.0,0.002506963788301,0.022562674094708,0.157381615598886,0.416713091922006,0.4008356545961
3,451,0,0,0,3,73,523,1552,1434,3585,0.0,0.0,0.0,0.000836820083682,0.020362622036262,0.145885634588563,0.432914923291492,0.4
3,452,0,0,0,16,88,529,1566,1381,3580,0.0,0.0,0.0,0.004469273743017,0.024581005586592,0.147765363128492,0.437430167597765,0.385754189944134
3,453,0,0,0,1,80,533,1550,1411,3575,0.0,0.0,0.0,0.00027972027972,0.022377622377622,0.149090909090909,0.433566433566434,0.394685314685315
3,454,0,0,0,9,67,509,1521,1464,3570,0.0,0.0,0.0,0.002521008403361,0.018767507002801,0.142577030812325,0.426050420168067,0.410084033613445
3,455,0,0,0,5,86,510,1541,1423,3565,0.0,0.0,0.0,0.00140252454418,0.024123422159888,0.143057503506311,0.432258064516129,0.399158485273492
3,456,0,0,1,5,81,543,1477,1453,3560,0.0,0.0,0.000280898876404,0.001404494382022,0.022752808988764,0.15252808988764,0.414887640449438,0.40814606741573
3,457,0,0,0,12,88,553,1498,1404,3555,0.0,0.0,0.0,0.00337552742616,0.024753867791842,0.155555555555556,0.421378340365682,0.394936708860759
3,458,0,0,0,6,66,524,1509,1445,3550,0.0,0.0,0.0,0.00169014084507,0.018591549295775,0.147605633802817,0.425070422535211,0.407042253521127
3,459,0,0,0,4,78,569,1417,1477,3545,0.0,0.0,0.0,0.001128349788434,0.022002820874471,0.160507757404795,0.399717912552891,0.416643159379408
3,460,0,0,0,8,81,545,1462,1444,3540,0.0,0.0,0.0,0.00225988700565,0.022881355932203,0.153954802259887,0.412994350282486,0.407909604519774
3,461,0,0,0,6,81,561,1496,1391,3535,0.0,0.0,0.0,0.001697312588402,0.022913719943423,0.158698727015559,0.423196605374823,0.393493635077794
3,462,0,0,0,6,82,543,1487,1412,3530,0.0,0.0,0.0,0.001699716713881,0.023229461756374,0.153824362606232,0.421246458923513,0.4
3,463,0,0,0,2,74,536,1522,1391,3525,0.0,0.0,0.0,0.000567375886525,0.020992907801418,0.152056737588652,0.43177304964539,0.394609929078014
3,464,0,0,0,3,70,529,1511,1407,3520,0.0,0.0,0.0,0.000852272727273,0.019886363636364,0.150284090909091,0.429261363636364,0.399715909090909
3,465,0,0,0,7,89,564,1459,1396,3515,0.0,0.0,0.0,0.00199146514936,0.025320056899004,0.160455192034139,0.415078236130868,0.397155049786629
3,466,0,0,0,4,93,580,1443,1390,3510,0.0,0.0,0.0,0.001139601139601,0.026495726495726,0.165242165242165,0.411111111111111,0.396011396011396
3,467,0,0,0,2,65,550,1468,1420,3505,0.0,0.0,0.0,0.000570613409415,0.018544935805991,0.156918687589158,0.418830242510699,0.405135520684736
3,468,0,0,0,5,68,547,1511,1369,3500,0.0,0.0,0.0,0.001428571428571,0.019428571428571,0.156285714285714,0.431714285714286,0.391142857142857
3,469,0,0,0,6,72,511,1507,1399,3495,0.0,0.0,0.0,0.001716738197425,0.020600858369099,0.14620886981402,0.431187410586552,0.400286123032904
3,470,0,0,0,6,63,558,1467,1396,3490,0.0,0.0,0.0,0.001719197707736,0.018051575931232,0.159885386819484,0.420343839541547,0.4
3,471,0,0,0,5,71,545,1518,1346,3485,0.0,0.0,0.0,0.001434720229555,0.020373027259684,0.156384505021521,0.43558106169297,0.38622668579627
3,472,0,0,0,6,83,538,1445,1408,3480,0.0,0.0,0.0,0.001724137931034,0.023850574712644,0.154597701149425,0.415229885057471,0.404597701149425
3,473,0,0,0,3,74,530,1433,1435,3475,0.0,0.0,0.0,0.000863309352518,0.021294964028777,0.152517985611511,0.412374100719424,0.41294964028777
3,474,0,0,0,9,71,564,1433,1393,3470,0.0,0.0,0.0,0.002593659942363,0.020461095100865,0.162536023054755,0.412968299711816,0.401440922190202
3,475,0,0,0,5,71,555,1475,1359,3465,0.0,0.0,0.0,0.001443001443001,0.02049062049062,0.16017316017316,0.425685425685426,0.392207792207792
3,476,0,0,0,6,78,545,1486,1345,3460,0.0,0.0,0.0,0.001734104046243,0.022543352601156,0.157514450867052,0.429479768786127,0.388728323699422
3,477,0,0,0,5,76,546,1481,1347,3455,0.0,0.0,0.0,0.001447178002894,0.021997105643994,0.158031837916064,0.428654124457308,0.389869753979739
3,478,0,0,0,5,86,501,1429,1429,3450,0.0,0.0,0.0,0.001449275362319,0.024927536231884,0.145217391304348,0.414202898550725,0.414202898550725
3,479,0,0,0,4,68,500,1451,1422,3445,0.0,0.0,0.0,0.001161103047896,0.019738751814224,0.145137880986938,0.421190130624093,0.41277213352685
3,480,0,0,0,3,71,494,1453,1419,3440,0.0,0.0,0.0,0.000872093023256,0.020639534883721,0.143604651162791,0.422383720930233,0.4125
3,481,0,0,0,6,74,513,1487,1355,3435,0.0,0.0,0.0,0.00174672489083,0.021542940320233,0.149344978165939,0.432896652110626,0.394468704512373
3,482,0,0,0,8,64,503,1485,1370,3430,0.0,0.0,0.0,0.002332361516035,0.01865889212828,0.1466472303207,0.432944606413994,0.399416909620991
3,483,0,0,1,2,81,519,1483,1339,3425,0.0,0.0,0.00029197080292,0.000583941605839,0.023649635036496,0.151532846715328,0.432992700729927,0.390948905109489
3,484,0,0,0,0,80,503,1451,1386,3420,0.0,0.0,0.0,0.0,0.023391812865497,0.147076023391813,0.424269005847953,0.405263157894737
3,485,0,0,0,3,84,518,1472,1338,3415,0.0,0.0,0.0,0.000878477306003,0.024597364568082,0.151683748169839,0.43103953147877,0.391800878477306
3,486,0,0,0,3,77,517,1471,1342,3410,0.0,0.0,0.0,0.000879765395894,0.02258064516129,0.151612903225806,0.431378299120235,0.393548387096774
3,487,0,0,0,4,63,517,1399,1422,3405,0.0,0.0,0.0,0.001174743024963,0.018502202643172,0.151835535976505,0.41086637298091,0.417621145374449
3,488,0,0,0,5,80,518,1422,1375,3400,0.0,0.0,0.0,0.001470588235294,0.023529411764706,0.152352941176471,0.418235294117647,0.404411764705882
3,489,0,0,0,7,61,517,1494,1316,3395,0.0,0.0,0.0,0.002061855670103,0.017967599410898,0.152282768777614,0.440058910162003,0.387628865979381
3,490,0,0,0,3,66,485,1478,1358,3390,0.0,0.0,0.0,0.000884955752212,0.019469026548673,0.14306784660767,0.435988200589971,0.400589970501475
3,491,0,0,0,5,90,506,1419,1365,3385,0.0,0.0,0.0,0.001477104874446,0.02658788774003,0.149483013293944,0.419202363367799,0.403249630723781
3,492,0,0,0,2,82,504,1414,1378,3380,0.0,0.0,0.0,0.000591715976331,0.024260355029586,0.149112426035503,0.418343195266272,0.407692307692308
3,493,0,0,0,8,72,523,1449,1323,3375,0.0,0.0,0.0,0.00237037037037,0.021333333333333,0.154962962962963,0.429333333333333,0.392
3,494,0,0,0,6,96,506,1402,1360,3370,0.0,0.0,0.0,0.001780415430267,0.028486646884273,0.150148367952522,0.416023738872404,0.403560830860534
3,495,0,0,0,3,86,505,1383,1388,3365,0.0,0.0,0.0,0.000891530460624,0.02555720653789,0.150074294205052,0.410995542347697,0.412481426448737
3,496,0,0,0,7,88,538,1403,1324,3360,0.0,0.0,0.0,0.002083333333333,0.026190476190476,0.160119047619048,0.417559523809524,0.394047619047619
3,497,0,0,0,8,77,521,1370,1379,3355,0.0,0.0,0.0,0.002384500745156,0.022950819672131,0.155290611028316,0.408345752608048,0.411028315946349
3,498,0,0,0,2,79,546,1358,1365,3350,0.0,0.0,0.0,0.000597014925373,0.023582089552239,0.162985074626866,0.405373134328358,0.407462686567164
3,499,0,0,0,9,88,521,1395,1332,3345,0.0,0.0,0.0,0.002690582959641,0.026307922272048,0.15575485799701,0.417040358744395,0.398206278026906
3,500,0,0,0,6,72,507,1427,1328,3340,0.0,0.0,0.0,0.001796407185629,0.021556886227545,0.151796407185629,0.427245508982036,0.397604790419162
3,501,0,0,0,2,83,498,1426,1326,3335,0.0,0.0,0.0,0.000599700149925,0.024887556221889,0.149325337331334,0.427586206896552,0.3976011994003
3,502,0,0,0,5,69,528,1396,1332,3330,0.0,0.0,0.0,0.001501501501502,0.020720720720721,0.158558558558559,0.419219219219219,0.4
3,503,0,0,0,8,60,535,1390,1332,3325,0.0,0.0,0.0,0.002406015037594,0.018045112781955,0.160902255639098,0.418045112781955,0.400601503759399
3,504,0,0,0,2,64,464,1428,1362,3320,0.0,0.0,0.0,0.000602409638554,0.019277108433735,0.139759036144578,0.430120481927711,0.410240963855422
3,505,0,0,0,6,78,467,1420,1344,3315,0.0,0.0,0.0,0.001809954751131,0.023529411764706,0.140874811463047,0.428355957767722,0.405429864253394
3,506,0,0,0,3,60,479,1418,1350,3310,0.0,0.0,0.0,0.000906344410876,0.018126888217523,0.144712990936556,0.428398791540785,0.40785498489426
3,507,0,0,0,3,77,541,1365,1319,3305,0.0,0.0,0.0,0.000907715582451,0.023298033282905,0.163691376701967,0.413010590015129,0.399092284417549
3,508,0,0,0,4,63,494,1430,1309,3300,0.0,0.0,0.0,0.001212121212121,0.019090909090909,0.14969696969697,0.433333333333333,0.396666666666667
3,509,0,0,0,8,77,521,1395,1294,3295,0.0,0.0,0.0,0.002427921092564,0.023368740515933,0.158118361153263,0.423368740515933,0.392716236722307
3,510,0,0,0,1,77,497,1407,1308,3290,0.0,0.0,0.0,0.000303951367781,0.023404255319149,0.151063829787234,0.427659574468085,0.397568389057751
3,511,0,0,0,4,65,494,1425,1297,3285,0.0,0.0,0.0,0.001217656012177,0.019786910197869,0.150380517503805,0.4337899543379,0.39482496194825
3,512,0,0,0,5,54,503,1421,1297,3280,0.0,0.0,0.0,0.001524390243902,0.016463414634146,0.153353658536585,0.433231707317073,0.395426829268293
3,513,0,0,0,7,86,489,1435,1258,3275,0.0,0.0,0.0,0.002137404580153,0.026259541984733,0.149312977099237,0.438167938931298,0.38412213740458
3,514,0,0,0,8,71,478,1432,1281,3270,0.0,0.0,0.0,0.002446483180428,0.0217125382263,0.146177370030581,0.437920489296636,0.391743119266055
3,515,0,0,0,7,88,491,1379,1300,3265,0.0,0.0,0.0,0.002143950995406,0.026952526799387,0.150382848392037,0.422358346094946,0.398162327718224
3,516,0,0,0,5,75,515,1359,1306,3260,0.0,0.0,0.0,0.001533742331288,0.023006134969325,0.157975460122699,0.416871165644172,0.400613496932515
3,517,0,0,1,7,69,504,1273,1401,3255,0.0,0.0,0.000307219662058,0.002150537634409,0.021198156682028,0.154838709677419,0.391090629800307,0.430414746543779
3,518,0,0,0,2,81,481,1340,1346,3250,0.0,0.0,0.0,0.000615384615385,0.024923076923077,0.148,0.412307692307692,0.414153846153846
3,519,0,0,0,6,77,469,1389,1304,3245,0.0,0.0,0.0,0.001848998459168,0.023728813559322,0.144530046224961,0.428043143297381,0.401848998459168
3,520,0,0,0,3,73,477,1383,1304,3240,0.0,0.0,0.0,0.000925925925926,0.022530864197531,0.147222222222222,0.426851851851852,0.402469135802469
3,521,0,0,0,6,66,484,1383,1296,3235,0.0,0.0,0.0,0.001854714064915,0.020401854714065,0.149613601236476,0.427511591962906,0.400618238021638
3,522,0,0,0,3,78,491,1345,1313,3230,0.0,0.0,0.0,0.000928792569659,0.024148606811146,0.152012383900929,0.41640866873065,0.406501547987616
3,523,0,0,0,6,65,478,1401,1275,3225,0.0,0.0,0.0,0.001860465116279,0.02015503875969,0.148217054263566,0.434418604651163,0.395348837209302
3,524,0,0,0,4,88,445,1330,1353,3220,0.0,0.0,0.0,0.001242236024845,0.027329192546584,0.138198757763975,0.41304347826087,0.420186335403727
3,525,0,0,0,6,76,475,1359,1299,3215,0.0,0.0,0.0,0.001866251944012,0.023639191290824,0.147744945567652,0.422706065318818,0.404043545878694
3,526,0,0,0,5,71,492,1345,1297,3210,0.0,0.0,0.0,0.001557632398754,0.022118380062305,0.153271028037383,0.419003115264797,0.40404984423676
3,527,0,0,0,5,65,487,1356,1292,3205,0.0,0.0,0.0,0.001560062402496,0.020280811232449,0.15195007800312,0.423088923556942,0.403120124804992
3,528,0,0,0,3,72,480,1381,1264,3200,0.0,0.0,0.0,0.0009375,0.0225,0.15,0.4315625,0.395
3,529,0,0,1,2,73,468,1383,1268,3195,0.0,0.0,0.000312989045383,0.000625978090767,0.022848200312989,0.146478873239437,0.432863849765258,0.396870109546166
3,530,0,0,1,2,72,481,1337,1297,3190,0.0,0.0,0.000313479623824,0.000626959247649,0.02257053291536,0.150783699059561,0.419122257053292,0.406583072100313
3,531,0,0,0,1,69,494,1318,1303,3185,0.0,0.0,0.0,0.000313971742543,0.021664050235479,0.155102040816327,0.4138147566719,0.409105180533752
3,532,0,0,1,2,60,476,1366,1275,3180,0.0,0.0,0.000314465408805,0.00062893081761,0.018867924528302,0.149685534591195,0.429559748427673,0.400943396226415
3,533,0,0,0,6,61,493,1365,1250,3175,0.0,0.0,0.0,0.001889763779528,0.019212598425197,0.155275590551181,0.42992125984252,0.393700787401575
3,534,0,0,1,5,76,510,1342,1236,3170,0.0,0.0,0.000315457413249,0.001577287066246,0.02397476340694,0.160883280757098,0.423343848580442,0.389905362776025
3,535,0,0,1,6,70,486,1351,1251,3165,0.0,0.0,0.000315955766193,0.001895734597156,0.022116903633491,0.153554502369668,0.426856240126382,0.395260663507109
3,536,0,0,0,1,79,495,1309,1276,3160,0.0,0.0,0.0,0.000316455696203,0.025,0.156645569620253,0.414240506329114,0.40379746835443
3,537,0,0,0,8,70,485,1332,1260,3155,0.0,0.0,0.0,0.002535657686212,0.022187004754358,0.153724247226624,0.422187004754358,0.399366085578447
3,538,0,0,0,4,65,451,1305,1325,3150,0.0,0.0,0.0,0.001269841269841,0.020634920634921,0.143174603174603,0.414285714285714,0.420634920634921
3,539,0,0,0,2,79,484,1326,1254,3145,0.0,0.0,0.0,0.000635930047695,0.025119236883943,0.15389507154213,0.421621621621622,0.39872813990461
3,540,0,0,0,6,70,478,1336,1250,3140,0.0,0.0,0.0,0.001910828025478,0.022292993630573,0.152229299363057,0.425477707006369,0.398089171974522
3,541,0,0,0,4,78,500,1346,1207,3135,0.0,0.0,0.0,0.001275917065391,0.02488038277512,0.159489633173844,0.429346092503987,0.385007974481659
3,542,0,0,0,6,72,500,1348,1204,3130,0.0,0.0,0.0,0.001916932907348,0.023003194888179,0.159744408945687,0.430670926517572,0.384664536741214
3,543,0,0,0,3,81,460,1321,1260,3125,0.0,0.0,0.0,0.00096,0.02592,0.1472,0.42272,0.4032
3,544,0,0,0,4,68,491,1341,1216,3120,0.0,0.0,0.0,0.001282051282051,0.021794871794872,0.157371794871795,0.429807692307692,0.38974358974359
3,545,0,0,0,4,69,479,1331,1232,3115,0.0,0.0,0.0,0.001284109149278,0.02215088282504,0.153772070626003,0.427287319422151,0.395505617977528
3,546,0,0,0,8,82,459,1317,1244,3110,0.0,0.0,0.0,0.002572347266881,0.026366559485531,0.147588424437299,0.423472668810289,0.4
3,547,0,0,0,7,73,488,1312,1225,3105,0.0,0.0,0.0,0.002254428341385,0.023510466988728,0.157165861513688,0.422544283413849,0.394524959742351
3,548,0,0,0,7,76,430,1348,1239,3100,0.0,0.0,0.0,0.002258064516129,0.024516129032258,0.138709677419355,0.434838709677419,0.399677419354839
3,549,0,0,0,7,71,467,1365,1185,3095,0.0,0.0,0.0,0.002261712439418,0.022940226171244,0.150888529886914,0.441033925686591,0.382875605815832
3,550,0,0,0,5,75,459,1324,1227,3090,0.0,0.0,0.0,0.001618122977346,0.024271844660194,0.148543689320388,0.428478964401295,0.397087378640777
3,551,0,0,0,8,72,462,1286,1257,3085,0.0,0.0,0.0,0.00259319286872,0.023338735818476,0.149756888168558,0.416855753646677,0.407455429497569
3,552,0,0,0,5,70,448,1330,1227,3080,0.0,0.0,0.0,0.001623376623377,0.022727272727273,0.145454545454545,0.431818181818182,0.398376623376623
3,553,0,0,0,2,60,458,1335,1220,3075,0.0,0.0,0.0,0.000650406504065,0.019512195121951,0.148943089430894,0.434146341463415,0.396747967479675
3,554,0,0,0,5,56,459,1318,1232,3070,0.0,0.0,0.0,0.001628664495114,0.018241042345277,0.149511400651466,0.429315960912052,0.401302931596091
3,555,0,0,0,5,62,498,1303,1197,3065,0.0,0.0,0.0,0.00163132137031,0.020228384991843,0.162479608482871,0.425122349102773,0.390538336052202
3,556,0,0,1,4,67,461,1260,1267,3060,0.0,0.0,0.000326797385621,0.001307189542484,0.021895424836601,0.150653594771242,0.411764705882353,0.414052287581699
3,557,0,0,0,2,82,459,1303,1209,3055,0.0,0.0,0.0,0.000654664484452,0.02684124386252,0.150245499181669,0.426513911620295,0.395744680851064
3,558,0,0,0,3,64,452,1288,1243,3050,0.0,0.0,0.0,0.000983606557377,0.020983606557377,0.148196721311475,0.422295081967213,0.407540983606557
3,559,0,0,0,4,69,459,1271,1242,3045,0.0,0.0,0.0,0.001313628899836,0.022660098522167,0.150738916256158,0.417405582922824,0.407881773399015
3,560,0,0,0,5,72,480,1317,1166,3040,0.0,0.0,0.0,0.001644736842105,0.023684210526316,0.157894736842105,0.433223684210526,0.383552631578947
3,561,0,0,0,7,74,462,1286,1206,3035,0.0,0.0,0.0,0.002306425041186,0.024382207578254,0.152224052718287,0.423723228995058,0.397364085667216
3,562,0,0,0,6,69,475,1304,1176,3030,0.0,0.0,0.0,0.001980198019802,0.022772277227723,0.156765676567657,0.43036303630363,0.388118811881188
3,563,0,0,0,6,72,463,1303,1181,3025,0.0,0.0,0.0,0.00198347107438,0.023801652892562,0.153057851239669,0.430743801652893,0.390413223140496
3,564,0,0,0,2,79,508,1244,1187,3020,0.0,0.0,0.0,0.000662251655629,0.026158940397351,0.168211920529801,0.411920529801324,0.393046357615894
3,565,0,0,0,12,62,434,1298,1209,3015,0.0,0.0,0.0,0.003980099502488,0.020563847429519,0.143946932006633,0.430514096185738,0.400995024875622
3,566,0,0,0,4,51,406,1289,1260,3010,0.0,0.0,0.0,0.001328903654485,0.016943521594684,0.134883720930233,0.428239202657807,0.418604651162791
3,567,0,0,0,3,68,471,1309,1154,3005,0.0,0.0,0.0,0.000998336106489,0.022628951747088,0.156738768718802,0.435607321131448,0.384026622296173
3,568,0,0,0,1,71,462,1252,1214,3000,0.0,0.0,0.0,0.000333333333333,0.023666666666667,0.154,0.417333333333333,0.404666666666667
3,569,0,0,0,1,75,485,1229,1205,2995,0.0,0.0,0.0,0.000333889816361,0.025041736227045,0.161936560934891,0.410350584307179,0.402337228714524
3,570,0,0,0,3,58,453,1310,1166,2990,0.0,0.0,0.0,0.001003344481605,0.019397993311037,0.151505016722408,0.438127090301003,0.389966555183946
3,571,0,0,0,5,67,461,1295,1157,2985,0.0,0.0,0.0,0.001675041876047,0.022445561139028,0.154438860971524,0.433835845896147,0.387604690117253
3,572,0,0,0,5,64,460,1282,1169,2980,0.0,0.0,0.0,0.001677852348993,0.021476510067114,0.154362416107383,0.430201342281879,0.392281879194631
3,573,0,0,0,6,54,449,1272,1194,2975,0.0,0.0,0.0,0.002016806722689,0.018151260504202,0.150924369747899,0.427563025210084,0.401344537815126
3,574,0,0,0,5,66,451,1240,1208,2970,0.0,0.0,0.0,0.001683501683502,0.022222222222222,0.151851851851852,0.417508417508417,0.406734006734007
3,575,0,0,0,5,69,440,1265,1186,2965,0.0,0.0,0.0,0.001686340640809,0.02327150084317,0.148397976391231,0.426644182124789,0.4
3,576,0,0,0,4,76,473,1244,1163,2960,0.0,0.0,0.0,0.001351351351351,0.025675675675676,0.159797297297297,0.42027027027027,0.392905405405405
3,577,0,0,0,4,60,492,1294,1105,2955,0.0,0.0,0.0,0.001353637901861,0.020304568527919,0.166497461928934,0.437901861252115,0.373942470389171
3,578,0,0,0,4,60,452,1236,1198,2950,0.0,0.0,0.0,0.00135593220339,0.020338983050847,0.153220338983051,0.418983050847458,0.406101694915254
3,579,0,0,1,4,67,475,1206,1192,2945,0.0,0.0,0.000339558573854,0.001358234295416,0.022750424448217,0.161290322580645,0.409507640067912,0.404753820033956
3,580,0,0,0,3,83,471,1199,1184,2940,0.0,0.0,0.0,0.001020408163265,0.028231292517007,0.160204081632653,0.407823129251701,0.402721088435374
3,581,0,0,0,4,63,417,1300,1151,2935,0.0,0.0,0.0,0.001362862010221,0.021465076660988,0.142078364565588,0.442930153321976,0.392163543441227
3,582,0,0,0,4,81,447,1171,1227,2930,0.0,0.0,0.0,0.001365187713311,0.027645051194539,0.152559726962457,0.399658703071672,0.418771331058021
3,583,0,0,0,4,78,409,1218,1216,2925,0.0,0.0,0.0,0.001367521367521,0.026666666666667,0.13982905982906,0.416410256410256,0.415726495726496
3,584,0,0,0,5,56,429,1256,1174,2920,0.0,0.0,0.0,0.001712328767123,0.019178082191781,0.146917808219178,0.43013698630137,0.402054794520548
3,585,0,0,0,2,79,446,1250,1138,2915,0.0,0.0,0.0,0.000686106346484,0.027101200686106,0.153001715265866,0.428816466552316,0.390394511149228
3,586,0,0,0,2,70,438,1202,1198,2910,0.0,0.0,0.0,0.000687285223368,0.024054982817869,0.150515463917526,0.413058419243986,0.411683848797251
3,587,0,0,0,6,67,467,1211,1154,2905,0.0,0.0,0.0,0.002065404475043,0.023063683304647,0.160757314974182,0.416867469879518,0.397246127366609
3,588,0,0,0,3,64,437,1255,1141,2900,0.0,0.0,0.0,0.001034482758621,0.022068965517241,0.150689655172414,0.432758620689655,0.393448275862069
3,589,0,0,0,3,54,433,1233,1172,2895,0.0,0.0,0.0,0.001036269430052,0.018652849740933,0.149568221070812,0.425906735751295,0.404835924006908
3,590,0,0,0,1,55,453,1207,1174,2890,0.0,0.0,0.0,0.000346020761246,0.019031141868512,0.156747404844291,0.417647058823529,0.406228373702422
3,591,0,0,0,5,75,440,1233,1132,2885,0.0,0.0,0.0,0.001733102253033,0.025996533795494,0.152512998266898,0.42738301559792,0.392374350086655
3,592,0,0,0,7,66,453,1222,1132,2880,0.0,0.0,0.0,0.002430555555556,0.022916666666667,0.157291666666667,0.424305555555556,0.393055555555556
3,593,0,0,0,5,62,414,1209,1185,2875,0.0,0.0,0.0,0.001739130434783,0.021565217391304,0.144,0.420521739130435,0.412173913043478
3,594,0,0,0,2,72,452,1192,1152,2870,0.0,0.0,0.0,0.000696864111498,0.025087108013937,0.157491289198606,0.415331010452962,0.401393728222997
3,595,0,0,0,1,62,449,1240,1113,2865,0.0,0.0,0.0,0.000349040139616,0.021640488656195,0.156719022687609,0.432809773123909,0.38848167539267
3,596,0,0,1,4,63,401,1225,1166,2860,0.0,0.0,0.00034965034965,0.001398601398601,0.022027972027972,0.14020979020979,0.428321678321678,0.407692307692308
3,597,0,0,0,5,80,400,1196,1174,2855,0.0,0.0,0.0,0.001751313485114,0.028021015761821,0.140105078809107,0.418914185639229,0.411208406304729
3,598,0,0,0,2,53,409,1260,1126,2850,0.0,0.0,0.0,0.000701754385965,0.01859649122807,0.143508771929825,0.442105263157895,0.395087719298246
3,599,0,0,0,4,68,436,1211,1126,2845,0.0,0.0,0.0,0.001405975395431,0.02390158172232,0.153251318101933,0.425659050966608,0.395782073813708
3,600,0,0,0,4,62,454,1203,1117,2840,0.0,0.0,0.0,0.001408450704225,0.021830985915493,0.159859154929577,0.423591549295775,0.39330985915493
3,601,0,0,0,4,61,444,1158,1168,2835,0.0,0.0,0.0,0.001410934744268,0.021516754850088,0.156613756613757,0.408465608465608,0.411992945326279
3,602,0,0,0,3,68,411,1239,1109,2830,0.0,0.0,0.0,0.001060070671378,0.024028268551237,0.145229681978799,0.437809187279152,0.391872791519435
3,603,0,0,0,4,68,417,1191,1145,2825,0.0,0.0,0.0,0.00141592920354,0.024070796460177,0.147610619469027,0.421592920353982,0.405309734513274
3,604,0,0,1,4,58,434,1194,1129,2820,0.0,0.0,0.000354609929078,0.001418439716312,0.020567375886525,0.153900709219858,0.423404255319149,0.400354609929078
3,605,0,0,0,1,55,408,1203,1148,2815,0.0,0.0,0.0,0.000355239786856,0.019538188277087,0.1449378330373,0.427353463587922,0.407815275310835
3,606,0,0,0,1,60,449,1182,1118,2810,0.0,0.0,0.0,0.000355871886121,0.02135231316726,0.159786476868327,0.420640569395018,0.397864768683274
3,607,0,0,0,4,73,434,1226,1068,2805,0.0,0.0,0.0,0.001426024955437,0.02602495543672,0.154723707664884,0.437076648841355,0.380748663101604
3,608,0,0,0,1,63,432,1199,1105,2800,0.0,0.0,0.0,0.000357142857143,0.0225,0.154285714285714,0.428214285714286,0.394642857142857
3,609,0,0,1,6,86,427,1199,1076,2795,0.0,0.0,0.000357781753131,0.002146690518784,0.030769230769231,0.152772808586762,0.428980322003578,0.384973166368515
3,610,0,0,0,2,54,399,1188,1147,2790,0.0,0.0,0.0,0.000716845878136,0.019354838709677,0.143010752688172,0.425806451612903,0.411111111111111
3,611,0,0,0,0,70,424,1188,1103,2785,0.0,0.0,0.0,0.0,0.025134649910233,0.152244165170557,0.42657091561939,0.39605026929982
3,612,0,0,0,5,73,428,1157,1117,2780,0.0,0.0,0.0,0.001798561151079,0.026258992805755,0.153956834532374,0.416187050359712,0.401798561151079
3,613,0,0,0,1,63,415,1231,1065,2775,0.0,0.0,0.0,0.00036036036036,0.022702702702703,0.14954954954955,0.443603603603604,0.383783783783784
3,614,0,0,0,1,62,435,1115,1157,2770,0.0,0.0,0.0,0.000361010830325,0.022382671480144,0.157039711191336,0.402527075812274,0.417689530685921
3,615,0,0,0,3,61,421,1188,1092,2765,0.0,0.0,0.0,0.001084990958409,0.022061482820976,0.152260397830018,0.429656419529837,0.394936708860759
3,616,0,0,0,1,67,408,1152,1132,2760,0.0,0.0,0.0,0.00036231884058,0.024275362318841,0.147826086956522,0.417391304347826,0.410144927536232
3,617,0,0,0,5,53,397,1137,1163,2755,0.0,0.0,0.0,0.001814882032668,0.019237749546279,0.144101633393829,0.412704174228675,0.422141560798548
3,618,0,0,0,4,65,410,1175,1096,2750,0.0,0.0,0.0,0.001454545454545,0.023636363636364,0.149090909090909,0.427272727272727,0.398545454545455
3,619,0,0,0,4,58,455,1115,1113,2745,0.0,0.0,0.0,0.001457194899818,0.021129326047359,0.165755919854281,0.406193078324226,0.405464480874317
3,620,0,0,0,7,53,403,1168,1109,2740,0.0,0.0,0.0,0.002554744525547,0.019343065693431,0.147080291970803,0.426277372262774,0.404744525547445
3,621,0,0,0,3,69,421,1158,1084,2735,0.0,0.0,0.0,0.00109689213894,0.025228519195612,0.153930530164534,0.423400365630713,0.396343692870201
3,622,0,0,0,1,50,397,1147,1135,2730,0.0,0.0,0.0,0.0003663003663,0.018315018315018,0.145421245421245,0.42014652014652,0.415750915750916
3,623,0,0,0,5,61,422,1168,1069,2725,0.0,0.0,0.0,0.001834862385321,0.022385321100917,0.154862385321101,0.428623853211009,0.392293577981651
3,624,0,0,0,3,62,438,1173,1044,2720,0.0,0.0,0.0,0.001102941176471,0.022794117647059,0.161029411764706,0.43125,0.383823529411765
3,625,0,0,0,3,60,412,1123,1117,2715,0.0,0.0,0.0,0.001104972375691,0.022099447513812,0.151749539594843,0.413627992633518,0.411418047882136
3,626,0,0,0,6,71,427,1190,1016,2710,0.0,0.0,0.0,0.002214022140221,0.02619926199262,0.157564575645756,0.439114391143911,0.374907749077491
3,627,0,0,0,3,70,443,1144,1045,2705,0.0,0.0,0.0,0.001109057301294,0.025878003696858,0.163770794824399,0.422920517560074,0.386321626617375
3,628,0,0,0,2,80,400,1110,1108,2700,0.0,0.0,0.0,0.000740740740741,0.02962962962963,0.148148148148148,0.411111111111111,0.41037037037037
3,629,0,0,0,5,80,427,1144,1039,2695,0.0,0.0,0.0,0.001855287569573,0.029684601113173,0.158441558441558,0.424489795918367,0.385528756957328
3,630,0,0,0,5,43,399,1167,1076,2690,0.0,0.0,0.0,0.00185873605948,0.015985130111524,0.148327137546468,0.433828996282528,0.4
3,631,0,0,0,3,64,390,1122,1106,2685,0.0,0.0,0.0,0.001117318435754,0.023836126629423,0.145251396648045,0.417877094972067,0.411918063314711
3,632,0,0,0,6,57,387,1149,1081,2680,0.0,0.0,0.0,0.002238805970149,0.021268656716418,0.144402985074627,0.428731343283582,0.403358208955224
3,633,0,0,0,2,47,399,1124,1103,2675,0.0,0.0,0.0,0.000747663551402,0.017570093457944,0.149158878504673,0.42018691588785,0.412336448598131
3,634,0,0,0,4,55,407,1111,1093,2670,0.0,0.0,0.0,0.001498127340824,0.02059925093633,0.152434456928839,0.416104868913858,0.40936329588015
3,635,0,0,1,1,65,394,1125,1079,2665,0.0,0.0,0.000375234521576,0.000375234521576,0.024390243902439,0.147842401500938,0.422138836772983,0.404878048780488
3,636,0,0,0,2,60,407,1164,1027,2660,0.0,0.0,0.0,0.000751879699248,0.022556390977444,0.153007518796992,0.437593984962406,0.38609022556391
3,637,0,0,0,4,53,372,1142,1084,2655,0.0,0.0,0.0,0.0015065913371,0.019962335216573,0.140112994350282,0.430131826741996,0.408286252354049
3,638,0,0,0,5,54,414,1097,1080,2650,0.0,0.0,0.0,0.00188679245283,0.020377358490566,0.15622641509434,0.413962264150943,0.407547169811321
3,639,0,0,0,3,70,405,1144,1023,2645,0.0,0.0,0.0,0.001134215500945,0.026465028355388,0.153119092627599,0.432514177693762,0.386767485822306
3,640,0,0,0,7,64,381,1129,1059,2640,0.0,0.0,0.0,0.002651515151515,0.024242424242424,0.144318181818182,0.427651515151515,0.401136363636364
3,641,0,0,0,2,63,409,1106,1055,2635,0.0,0.0,0.0,0.000759013282732,0.023908918406072,0.155218216318786,0.419734345351044,0.400379506641366
3,642,0,0,0,1,68,381,1137,1043,2630,0.0,0.0,0.0,0.000380228136882,0.025855513307985,0.144866920152091,0.432319391634981,0.396577946768061
3,643,0,0,0,9,52,384,1154,1026,2625,0.0,0.0,0.0,0.003428571428571,0.019809523809524,0.146285714285714,0.439619047619048,0.390857142857143
3,644,0,0,0,2,58,399,1099,1062,2620,0.0,0.0,0.0,0.000763358778626,0.022137404580153,0.152290076335878,0.419465648854962,0.405343511450382
3,645,0,0,0,4,57,379,1124,1051,2615,0.0,0.0,0.0,0.001529636711281,0.021797323135755,0.144933078393881,0.429827915869981,0.401912045889101
3,646,0,0,0,4,57,365,1105,1079,2610,0.0,0.0,0.0,0.001532567049808,0.02183908045977,0.139846743295019,0.423371647509579,0.413409961685824
3,647,0,0,0,3,62,404,1118,1018,2605,0.0,0.0,0.0,0.001151631477927,0.023800383877159,0.155086372360845,0.429174664107486,0.390786948176583
3,648,0,0,0,6,63,421,1036,1074,2600,0.0,0.0,0.0,0.002307692307692,0.024230769230769,0.161923076923077,0.398461538461538,0.413076923076923
3,649,0,0,0,3,70,398,1029,1095,2595,0.0,0.0,0.0,0.001156069364162,0.026974951830443,0.153371868978805,0.396531791907514,0.421965317919075
3,650,0,0,0,2,55,386,1121,1026,2590,0.0,0.0,0.0,0.000772200772201,0.021235521235521,0.149034749034749,0.432818532818533,0.396138996138996
3,651,0,0,0,4,49,383,1130,1019,2585,0.0,0.0,0.0,0.001547388781431,0.018955512572534,0.14816247582205,0.437137330754352,0.394197292069632
3,652,0,0,0,4,62,395,1093,1026,2580,0.0,0.0,0.0,0.001550387596899,0.024031007751938,0.153100775193798,0.423643410852713,0.397674418604651
3,653,0,0,0,3,64,384,1072,1052,2575,0.0,0.0,0.0,0.001165048543689,0.024854368932039,0.149126213592233,0.41631067961165,0.408543689320388
3,654,0,0,0,2,64,351,1133,1020,2570,0.0,0.0,0.0,0.000778210116732,0.024902723735409,0.136575875486381,0.440856031128405,0.396887159533074
3,655,0,0,0,3,64,412,1063,1023,2565,0.0,0.0,0.0,0.001169590643275,0.02495126705653,0.160623781676413,0.414424951267057,0.398830409356725
3,656,0,1,0,2,61,389,1058,1049,2560,0.0,0.000390625,0.0,0.00078125,0.023828125,0.151953125,0.41328125,0.409765625
3,657,0,0,0,2,58,374,1052,1069,2555,0.0,0.0,0.0,0.000782778864971,0.022700587084149,0.146379647749511,0.41174168297456,0.41839530332681
3,658,0,0,0,4,67,346,1093,1040,2550,0.0,0.0,0.0,0.00156862745098,0.026274509803922,0.135686274509804,0.428627450980392,0.407843137254902
3,659,0,0,0,3,51,377,1112,1002,2545,0.0,0.0,0.0,0.001178781925344,0.020039292730845,0.148133595284872,0.436935166994106,0.393713163064833
3,660,0,0,0,3,55,389,1082,1011,2540,0.0,0.0,0.0,0.001181102362205,0.021653543307087,0.153149606299213,0.425984251968504,0.398031496062992
3,661,0,0,0,6,60,383,1086,1000,2535,0.0,0.0,0.0,0.002366863905325,0.023668639053254,0.151084812623274,0.428402366863905,0.394477317554241
3,662,0,0,0,1,45,378,1082,1024,2530,0.0,0.0,0.0,0.000395256916996,0.017786561264822,0.149407114624506,0.427667984189723,0.404743083003953
3,663,0,0,0,3,49,385,1070,1018,2525,0.0,0.0,0.0,0.001188118811881,0.019405940594059,0.152475247524752,0.423762376237624,0.403168316831683
3,664,0,0,1,7,62,366,1062,1022,2520,0.0,0.0,0.000396825396825,0.002777777777778,0.024603174603175,0.145238095238095,0.421428571428571,0.405555555555556
3,665,0,0,0,5,57,368,1088,997,2515,0.0,0.0,0.0,0.001988071570577,0.022664015904573,0.146322067594433,0.432604373757455,0.396421471172962
3,666,0,0,0,5,56,362,1041,1046,2510,0.0,0.0,0.0,0.00199203187251,0.022310756972112,0.144223107569721,0.414741035856574,0.416733067729084
3,667,0,0,0,2,48,364,1054,1037,2505,0.0,0.0,0.0,0.000798403193613,0.019161676646707,0.145309381237525,0.420758483033932,0.413972055888224
3,668,0,0,0,5,59,360,1035,1041,2500,0.0,0.0,0.0,0.002,0.0236,0.144,0.414,0.4164
3,669,0,0,0,5,60,383,1046,1001,2495,0.0,0.0,0.0,0.002004008016032,0.024048096192385,0.153507014028056,0.419238476953908,0.401202404809619
3,670,0,0,0,4,47,370,1053,1016,2490,0.0,0.0,0.0,0.001606425702811,0.018875502008032,0.14859437751004,0.42289156626506,0.408032128514056
3,671,0,0,0,4,65,372,1065,979,2485,0.0,0.0,0.0,0.001609657947686,0.026156941649899,0.149698189134809,0.428571428571429,0.393963782696177
3,672,0,0,0,2,50,377,1097,954,2480,0.0,0.0,0.0,0.000806451612903,0.020161290322581,0.152016129032258,0.442338709677419,0.384677419354839
3,673,0,0,0,1,54,385,1036,999,2475,0.0,0.0,0.0,0.00040404040404,0.021818181818182,0.155555555555556,0.418585858585859,0.403636363636364
3,674,0,0,0,6,51,390,997,1026,2470,0.0,0.0,0.0,0.002429149797571,0.020647773279352,0.157894736842105,0.403643724696356,0.415384615384615
3,675,0,0,0,4,56,363,1057,985,2465,0.0,0.0,0.0,0.001622718052738,0.022718052738337,0.147261663286004,0.428803245436105,0.399594320486815
3,676,0,0,0,3,62,352,1039,1004,2460,0.0,0.0,0.0,0.001219512195122,0.02520325203252,0.143089430894309,0.422357723577236,0.408130081300813
3,677,0,0,0,7,53,381,1021,993,2455,0.0,0.0,0.0,0.002851323828921,0.021588594704684,0.155193482688391,0.415885947046843,0.404480651731161
3,678,0,0,0,6,51,380,1060,953,2450,0.0,0.0,0.0,0.002448979591837,0.020816326530612,0.155102040816327,0.43265306122449,0.388979591836735
3,679,0,0,0,3,63,355,1033,991,2445,0.0,0.0,0.0,0.001226993865031,0.025766871165644,0.14519427402863,0.422494887525562,0.405316973415133
3,680,0,0,0,1,63,347,1023,1006,2440,0.0,0.0,0.0,0.000409836065574,0.025819672131148,0.142213114754098,0.419262295081967,0.412295081967213
3,681,0,0,0,4,57,396,1030,948,2435,0.0,0.0,0.0,0.001642710472279,0.023408624229979,0.162628336755647,0.42299794661191,0.389322381930185
3,682,0,0,0,4,48,380,1008,990,2430,0.0,0.0,0.0,0.001646090534979,0.019753086419753,0.156378600823045,0.414814814814815,0.407407407407407
3,683,0,0,1,3,54,371,1031,965,2425,0.0,0.0,0.000412371134021,0.001237113402062,0.022268041237113,0.152989690721649,0.425154639175258,0.397938144329897
3,684,0,0,1,0,56,393,1018,952,2420,0.0,0.0,0.000413223140496,0.0,0.023140495867769,0.162396694214876,0.420661157024793,0.393388429752066
3,685,0,0,0,5,40,353,1026,991,2415,0.0,0.0,0.0,0.002070393374741,0.01656314699793,0.146169772256729,0.424844720496894,0.410351966873706
3,686,0,0,0,5,53,347,1052,953,2410,0.0,0.0,0.0,0.00207468879668,0.021991701244813,0.143983402489627,0.436514522821577,0.395435684647303
3,687,0,0,0,6,54,357,1058,930,2405,0.0,0.0,0.0,0.002494802494802,0.022453222453222,0.148440748440748,0.43991683991684,0.386694386694387
3,688,0,0,0,4,36,337,1032,991,2400,0.0,0.0,0.0,0.001666666666667,0.015,0.140416666666667,0.43,0.412916666666667
3,689,0,0,0,2,59,340,979,1015,2395,0.0,0.0,0.0,0.000835073068894,0.024634655532359,0.1419624217119,0.408768267223382,0.423799582463466
3,690,0,0,0,3,58,355,982,992,2390,0.0,0.0,0.0,0.001255230125523,0.024267782426778,0.148535564853556,0.410878661087866,0.415062761506276
3,691,0,0,0,2,47,380,1009,947,2385,0.0,0.0,0.0,0.00083857442348,0.019706498951782,0.159329140461216,0.423060796645702,0.39706498951782
3,692,0,0,0,2,54,350,1021,953,2380,0.0,0.0,0.0,0.000840336134454,0.022689075630252,0.147058823529412,0.428991596638655,0.400420168067227
3,693,0,0,0,4,53,395,995,928,2375,0.0,0.0,0.0,0.001684210526316,0.022315789473684,0.166315789473684,0.418947368421053,0.390736842105263
3,694,0,0,0,2,46,376,1028,918,2370,0.0,0.0,0.0,0.00084388185654,0.019409282700422,0.158649789029536,0.433755274261603,0.387341772151899
3,695,0,0,1,6,53,339,1026,940,2365,0.0,0.0,0.000422832980973,0.002536997885835,0.022410147991543,0.143340380549683,0.433826638477801,0.397463002114165
3,696,0,0,0,2,59,347,974,978,2360,0.0,0.0,0.0,0.000847457627119,0.025,0.147033898305085,0.41271186440678,0.414406779661017
3,697,0,0,0,4,48,362,990,951,2355,0.0,0.0,0.0,0.001698513800425,0.020382165605096,0.153715498938429,0.420382165605096,0.403821656050955
3,698,0,0,0,6,53,378,1019,894,2350,0.0,0.0,0.0,0.002553191489362,0.022553191489362,0.160851063829787,0.433617021276596,0.380425531914894
3,699,0,0,0,2,56,358,986,943,2345,0.0,0.0,0.0,0.000852878464819,0.023880597014925,0.152665245202559,0.42046908315565,0.402132196162047
3,700,0,0,0,3,63,360,1021,893,2340,0.0,0.0,0.0,0.001282051282051,0.026923076923077,0.153846153846154,0.436324786324786,0.381623931623932
3,701,0,0,0,6,60,371,1014,884,2335,0.0,0.0,0.0,0.002569593147752,0.025695931477516,0.158886509635974,0.434261241970021,0.378586723768737
3,702,0,0,0,1,50,367,953,959,2330,0.0,0.0,0.0,0.000429184549356,0.021459227467811,0.157510729613734,0.409012875536481,0.411587982832618
3,703,0,0,0,2,57,350,977,939,2325,0.0,0.0,0.0,0.000860215053763,0.024516129032258,0.150537634408602,0.420215053763441,0.403870967741935
3,704,0,0,0,1,40,331,1015,933,2320,0.0,0.0,0.0,0.000431034482759,0.017241379310345,0.142672413793103,0.4375,0.402155172413793
3,705,0,0,0,3,49,358,972,933,2315,0.0,0.0,0.0,0.001295896328294,0.021166306695464,0.154643628509719,0.419870410367171,0.403023758099352
3,706,0,0,0,4,55,366,961,924,2310,0.0,0.0,0.0,0.001731601731602,0.023809523809524,0.158441558441558,0.416017316017316,0.4
3,707,0,0,0,2,42,367,955,939,2305,0.0,0.0,0.0,0.000867678958785,0.01822125813449,0.159219088937093,0.414316702819957,0.407375271149675
3,708,0,0,0,4,56,338,969,933,2300,0.0,0.0,0.0,0.001739130434783,0.024347826086957,0.14695652173913,0.421304347826087,0.405652173913043
3,709,0,0,0,1,57,342,973,922,2295,0.0,0.0,0.0,0.000435729847495,0.02483660130719,0.149019607843137,0.4239651416122,0.401742919389978
3,710,0,0,0,6,55,373,949,907,2290,0.0,0.0,0.0,0.002620087336245,0.024017467248908,0.162882096069869,0.414410480349345,0.396069868995633
3,711,0,0,0,3,58,340,968,916,2285,0.0,0.0,0.0,0.001312910284464,0.025382932166302,0.148796498905908,0.42363238512035,0.400875273522976
3,712,0,0,0,1,57,366,983,873,2280,0.0,0.0,0.0,0.000438596491228,0.025,0.160526315789474,0.431140350877193,0.382894736842105
3,713,0,0,0,4,45,357,969,900,2275,0.0,0.0,0.0,0.001758241758242,0.01978021978022,0.156923076923077,0.425934065934066,0.395604395604396
3,714,0,0,0,2,54,352,966,896,2270,0.0,0.0,0.0,0.000881057268722,0.023788546255507,0.155066079295154,0.425550660792952,0.394713656387665
3,715,0,0,0,0,51,375,915,924,2265,0.0,0.0,0.0,0.0,0.022516556291391,0.165562913907285,0.403973509933775,0.40794701986755
3,716,0,0,0,2,44,368,970,876,2260,0.0,0.0,0.0,0.000884955752212,0.019469026548673,0.16283185840708,0.429203539823009,0.387610619469027
3,717,0,0,0,2,46,344,951,912,2255,0.0,0.0,0.0,0.000886917960089,0.02039911308204,0.152549889135255,0.421729490022173,0.404434589800443
3,718,0,0,0,5,55,365,946,879,2250,0.0,0.0,0.0,0.002222222222222,0.024444444444444,0.162222222222222,0.420444444444444,0.390666666666667
3,719,0,0,0,4,34,359,938,910,2245,0.0,0.0,0.0,0.001781737193764,0.015144766146993,0.159910913140312,0.417817371937639,0.405345211581292
3,720,0,0,0,5,45,330,927,933,2240,0.0,0.0,0.0,0.002232142857143,0.020089285714286,0.147321428571429,0.413839285714286,0.416517857142857
3,721,0,0,0,0,54,345,946,890,2235,0.0,0.0,0.0,0.0,0.024161073825503,0.154362416107383,0.423266219239374,0.398210290827741
3,722,0,0,0,3,56,341,978,852,2230,0.0,0.0,0.0,0.001345291479821,0.025112107623318,0.152914798206278,0.438565022421525,0.382062780269058
3,723,0,0,0,2,46,339,1001,837,2225,0.0,0.0,0.0,0.000898876404494,0.020674157303371,0.152359550561798,0.449887640449438,0.376179775280899
3,724,0,0,1,2,46,375,895,901,2220,0.0,0.0,0.00045045045045,0.000900900900901,0.020720720720721,0.168918918918919,0.403153153153153,0.405855855855856
3,725,0,0,0,2,57,342,939,875,2215,0.0,0.0,0.0,0.000902934537246,0.025733634311512,0.154401805869074,0.42392776523702,0.395033860045147
3,726,0,0,0,2,47,327,961,873,2210,0.0,0.0,0.0,0.000904977375566,0.021266968325792,0.147963800904977,0.434841628959276,0.395022624434389
3,727,0,0,0,5,53,340,943,864,2205,0.0,0.0,0.0,0.002267573696145,0.024036281179138,0.154195011337868,0.427664399092971,0.391836734693878
3,728,0,0,0,1,41,326,908,924,2200,0.0,0.0,0.0,0.000454545454545,0.018636363636364,0.148181818181818,0.412727272727273,0.42
3,729,0,0,0,3,50,350,913,879,2195,0.0,0.0,0.0,0.001366742596811,0.022779043280182,0.159453302961276,0.415945330296128,0.400455580865604
3,730,0,0,0,4,51,328,952,855,2190,0.0,0.0,0.0,0.001826484018265,0.023287671232877,0.149771689497717,0.434703196347032,0.39041095890411
3,731,0,0,0,4,45,339,932,865,2185,0.0,0.0,0.0,0.001830663615561,0.020594965675057,0.155148741418764,0.426544622425629,0.395881006864989
3,732,0,0,0,3,52,310,940,875,2180,0.0,0.0,0.0,0.001376146788991,0.023853211009174,0.142201834862385,0.431192660550459,0.401376146788991
3,733,0,0,0,4,49,352,919,851,2175,0.0,0.0,0.0,0.00183908045977,0.022528735632184,0.16183908045977,0.422528735632184,0.391264367816092
3,734,0,0,0,1,51,332,934,852,2170,0.0,0.0,0.0,0.000460829493088,0.023502304147465,0.152995391705069,0.430414746543779,0.392626728110599
3,735,0,0,0,3,45,315,954,848,2165,0.0,0.0,0.0,0.001385681293303,0.020785219399538,0.145496535796767,0.440646651270208,0.391685912240185
3,736,0,0,0,4,40,326,934,856,2160,0.0,0.0,0.0,0.001851851851852,0.018518518518519,0.150925925925926,0.432407407407407,0.396296296296296
3,737,0,0,0,3,60,305,943,844,2155,0.0,0.0,0.0,0.00139211136891,0.02784222737819,0.1415313225058,0.437587006960557,0.391647331786543
3,738,0,0,0,2,58,323,903,864,2150,0.0,0.0,0.0,0.00093023255814,0.026976744186047,0.150232558139535,0.42,0.401860465116279
3,739,0,0,0,1,56,305,894,889,2145,0.0,0.0,0.0,0.0004662004662,0.026107226107226,0.142191142191142,0.416783216783217,0.414452214452214
3,740,0,0,1,0,48,330,882,879,2140,0.0,0.0,0.000467289719626,0.0,0.022429906542056,0.154205607476636,0.41214953271028,0.410747663551402
3,741,0,0,0,3,39,331,895,867,2135,0.0,0.0,0.0,0.001405152224824,0.018266978922717,0.155035128805621,0.4192037470726,0.406088992974239
3,742,0,0,0,4,49,333,884,860,2130,0.0,0.0,0.0,0.0018779342723,0.023004694835681,0.156338028169014,0.415023474178404,0.403755868544601
3,743,0,0,0,4,40,323,903,855,2125,0.0,0.0,0.0,0.001882352941176,0.018823529411765,0.152,0.424941176470588,0.402352941176471
3,744,0,0,0,2,55,306,909,848,2120,0.0,0.0,0.0,0.000943396226415,0.025943396226415,0.144339622641509,0.42877358490566,0.4
3,745,0,0,0,1,48,338,861,867,2115,0.0,0.0,0.0,0.000472813238771,0.022695035460993,0.159810874704492,0.40709219858156,0.409929078014184
3,746,0,0,0,3,45,291,920,851,2110,0.0,0.0,0.0,0.001421800947867,0.021327014218009,0.137914691943128,0.436018957345972,0.403317535545024
3,747,0,0,0,2,41,312,886,864,2105,0.0,0.0,0.0,0.000950118764846,0.019477434679335,0.148218527315914,0.420902612826603,0.410451306413302
3,748,0,0,0,2,41,322,880,855,2100,0.0,0.0,0.0,0.000952380952381,0.01952380952381,0.153333333333333,0.419047619047619,0.407142857142857
3,749,0,0,0,3,36,286,900,870,2095,0.0,0.0,0.0,0.001431980906921,0.017183770883055,0.136515513126492,0.429594272076372,0.41527446300716
3,750,0,0,1,2,41,297,907,842,2090,0.0,0.0,0.000478468899522,0.000956937799043,0.019617224880383,0.142105263157895,0.433971291866029,0.402870813397129
3,751,0,0,0,3,39,314,879,850,2085,0.0,0.0,0.0,0.001438848920863,0.018705035971223,0.150599520383693,0.42158273381295,0.407673860911271
3,752,0,0,0,5,40,336,882,817,2080,0.0,0.0,0.0,0.002403846153846,0.019230769230769,0.161538461538462,0.424038461538462,0.392788461538462
3,753,0,0,0,6,45,326,896,802,2075,0.0,0.0,0.0,0.00289156626506,0.021686746987952,0.15710843373494,0.431807228915663,0.386506024096386
3,754,0,0,0,3,41,317,897,812,2070,0.0,0.0,0.0,0.001449275362319,0.019806763285024,0.153140096618357,0.433333333333333,0.392270531400966
3,755,0,0,0,1,51,325,860,828,2065,0.0,0.0,0.0,0.000484261501211,0.024697336561743,0.157384987893462,0.416464891041162,0.400968523002421
3,756,0,0,0,3,48,324,828,857,2060,0.0,0.0,0.0,0.001456310679612,0.023300970873786,0.157281553398058,0.401941747572816,0.416019417475728
3,757,0,0,0,3,40,333,827,852,2055,0.0,0.0,0.0,0.001459854014599,0.019464720194647,0.162043795620438,0.402433090024331,0.414598540145985
3,758,0,0,0,3,50,354,871,772,2050,0.0,0.0,0.0,0.001463414634146,0.024390243902439,0.172682926829268,0.424878048780488,0.376585365853659
3,759,0,0,0,3,46,308,871,817,2045,0.0,0.0,0.0,0.001466992665037,0.022493887530562,0.150611246943765,0.425916870415648,0.399511002444988
3,760,0,0,1,3,40,295,864,837,2040,0.0,0.0,0.000490196078431,0.001470588235294,0.019607843137255,0.144607843137255,0.423529411764706,0.410294117647059
3,761,0,0,0,2,47,309,856,821,2035,0.0,0.0,0.0,0.000982800982801,0.023095823095823,0.151842751842752,0.420638820638821,0.403439803439803
3,762,0,0,0,4,49,299,877,801,2030,0.0,0.0,0.0,0.001970443349754,0.024137931034483,0.147290640394089,0.432019704433498,0.394581280788177
3,763,0,0,0,6,46,322,851,800,2025,0.0,0.0,0.0,0.002962962962963,0.022716049382716,0.159012345679012,0.420246913580247,0.395061728395062
3,764,0,0,0,2,41,295,866,816,2020,0.0,0.0,0.0,0.000990099009901,0.02029702970297,0.146039603960396,0.428712871287129,0.403960396039604
3,765,0,0,1,2,50,294,837,831,2015,0.0,0.0,0.000496277915633,0.000992555831266,0.024813895781638,0.14590570719603,0.415384615384615,0.412406947890819
3,766,0,0,0,4,50,305,834,817,2010,0.0,0.0,0.0,0.001990049751244,0.024875621890547,0.151741293532338,0.414925373134328,0.406467661691542
3,767,0,0,0,3,43,311,835,813,2005,0.0,0.0,0.0,0.001496259351621,0.0214463840399,0.155112219451372,0.41645885286783,0.405486284289277
3,768,0,0,0,1,49,302,885,763,2000,0.0,0.0,0.0,0.0005,0.0245,0.151,0.4425,0.3815
3,769,0,0,0,1,37,293,858,806,1995,0.0,0.0,0.0,0.000501253132832,0.018546365914787,0.1468671679198,0.430075187969925,0.404010025062657
3,770,0,0,0,3,38,318,803,828,1990,0.0,0.0,0.0,0.001507537688442,0.019095477386935,0.159798994974874,0.403517587939698,0.41608040201005
3,771,0,0,0,0,42,318,838,787,1985,0.0,0.0,0.0,0.0,0.021158690176322,0.160201511335013,0.422166246851385,0.39647355163728
3,772,0,0,0,1,40,317,837,785,1980,0.0,0.0,0.0,0.000505050505051,0.02020202020202,0.16010101010101,0.422727272727273,0.396464646464646
3,773,0,0,0,2,42,305,855,771,1975,0.0,0.0,0.0,0.001012658227848,0.02126582278481,0.154430379746835,0.432911392405063,0.390379746835443
3,774,0,0,0,1,48,298,835,788,1970,0.0,0.0,0.0,0.000507614213198,0.024365482233503,0.151269035532995,0.423857868020305,0.4
3,775,0,0,0,4,53,296,795,817,1965,0.0,0.0,0.0,0.002035623409669,0.026972010178117,0.150636132315522,0.404580152671756,0.415776081424936
3,776,0,0,0,3,46,313,864,734,1960,0.0,0.0,0.0,0.001530612244898,0.023469387755102,0.15969387755102,0.440816326530612,0.374489795918367
3,777,0,0,0,1,50,326,834,744,1955,0.0,0.0,0.0,0.000511508951407,0.025575447570332,0.166751918158568,0.426598465473146,0.380562659846547
3,778,0,0,0,3,36,284,870,757,1950,0.0,0.0,0.0,0.001538461538462,0.018461538461538,0.145641025641026,0.446153846153846,0.388205128205128
3,779,0,0,0,2,40,292,824,787,1945,0.0,0.0,0.0,0.001028277634961,0.020565552699229,0.15012853470437,0.423650385604113,0.404627249357326
3,780,0,0,0,2,34,291,830,783,1940,0.0,0.0,0.0,0.001030927835052,0.017525773195876,0.15,0.427835051546392,0.40360824742268
3,781,0,0,0,5,51,297,799,783,1935,0.0,0.0,0.0,0.002583979328165,0.026356589147287,0.153488372093023,0.412919896640827,0.404651162790698
3,782,0,0,0,0,50,285,815,780,1930,0.0,0.0,0.0,0.0,0.025906735751295,0.147668393782383,0.422279792746114,0.404145077720207
3,783,0,0,0,3,47,292,822,761,1925,0.0,0.0,0.0,0.001558441558442,0.024415584415584,0.151688311688312,0.427012987012987,0.395324675324675
3,784,0,0,0,3,32,307,817,761,1920,0.0,0.0,0.0,0.0015625,0.016666666666667,0.159895833333333,0.425520833333333,0.396354166666667
3,785,0,0,0,1,50,302,811,751,1915,0.0,0.0,0.0,0.000522193211488,0.026109660574413,0.157702349869452,0.423498694516971,0.392167101827676
3,786,0,0,0,2,48,282,853,725,1910,0.0,0.0,0.0,0.001047120418848,0.025130890052356,0.147643979057592,0.446596858638743,0.379581151832461
3,787,0,0,0,3,39,303,779,781,1905,0.0,0.0,0.0,0.001574803149606,0.020472440944882,0.159055118110236,0.408923884514436,0.40997375328084
3,788,0,0,0,0,50,266,807,777,1900,0.0,0.0,0.0,0.0,0.026315789473684,0.14,0.424736842105263,0.408947368421053
3,789,0,0,0,2,52,291,802,748,1895,0.0,0.0,0.0,0.001055408970976,0.027440633245383,0.153562005277045,0.423218997361478,0.394722955145119
3,790,0,0,0,2,32,283,814,759,1890,0.0,0.0,0.0,0.001058201058201,0.016931216931217,0.14973544973545,0.430687830687831,0.401587301587302
3,791,0,0,0,2,40,281,755,807,1885,0.0,0.0,0.0,0.00106100795756,0.021220159151194,0.149071618037135,0.40053050397878,0.428116710875332
3,792,0,0,0,4,33,298,811,734,1880,0.0,0.0,0.0,0.002127659574468,0.017553191489362,0.158510638297872,0.431382978723404,0.390425531914894
3,793,0,0,0,3,38,286,795,753,1875,0.0,0.0,0.0,0.0016,0.020266666666667,0.152533333333333,0.424,0.4016
3,794,0,0,0,7,41,267,797,758,1870,0.0,0.0,0.0,0.003743315508021,0.02192513368984,0.142780748663102,0.42620320855615,0.405347593582888
3,795,0,0,0,3,57,255,772,778,1865,0.0,0.0,0.0,0.001608579088472,0.030563002680965,0.136729222520107,0.413941018766756,0.4171581769437
3,796,0,0,0,5,33,260,806,756,1860,0.0,0.0,0.0,0.002688172043011,0.017741935483871,0.139784946236559,0.433333333333333,0.406451612903226
3,797,0,0,0,2,51,287,786,729,1855,0.0,0.0,0.0,0.001078167115903,0.027493261455526,0.154716981132075,0.423719676549865,0.392991913746631
3,798,0,0,0,3,37,273,775,762,1850,0.0,0.0,0.0,0.001621621621622,0.02,0.147567567567568,0.418918918918919,0.411891891891892
3,799,0,0,0,1,43,285,756,760,1845,0.0,0.0,0.0,0.000542005420054,0.023306233062331,0.154471544715447,0.409756097560976,0.411924119241192
3,800,0,0,0,4,49,274,761,752,1840,0.0,0.0,0.0,0.002173913043478,0.026630434782609,0.148913043478261,0.413586956521739,0.408695652173913
3,801,0,0,0,3,46,289,781,716,1835,0.0,0.0,0.0,0.001634877384196,0.025068119891008,0.157493188010899,0.425613079019074,0.390190735694823
3,802,0,0,0,6,45,273,769,737,1830,0.0,0.0,0.0,0.00327868852459,0.024590163934426,0.149180327868852,0.420218579234973,0.402732240437158
3,803,0,0,1,6,37,278,787,716,1825,0.0,0.0,0.000547945205479,0.003287671232877,0.02027397260274,0.152328767123288,0.431232876712329,0.392328767123288
3,804,0,0,0,2,42,273,771,732,1820,0.0,0.0,0.0,0.001098901098901,0.023076923076923,0.15,0.423626373626374,0.402197802197802
3,805,0,0,0,2,34,304,774,701,1815,0.0,0.0,0.0,0.001101928374656,0.018732782369146,0.167493112947658,0.426446280991736,0.386225895316804
3,806,0,0,0,2,43,269,773,723,1810,0.0,0.0,0.0,0.001104972375691,0.023756906077348,0.148618784530387,0.42707182320442,0.399447513812155
3,807,0,0,0,0,52,262,773,718,1805,0.0,0.0,0.0,0.0,0.028808864265928,0.145152354570637,0.428254847645429,0.397783933518006
3,808,0,0,0,0,32,283,744,741,1800,0.0,0.0,0.0,0.0,0.017777777777778,0.157222222222222,0.413333333333333,0.411666666666667
3,809,0,0,0,1,41,279,763,711,1795,0.0,0.0,0.0,0.000557103064067,0.022841225626741,0.155431754874652,0.425069637883008,0.396100278551532
3,810,0,0,0,2,37,264,798,689,1790,0.0,0.0,0.0,0.001117318435754,0.020670391061453,0.147486033519553,0.445810055865922,0.384916201117318
3,811,0,0,0,3,36,250,744,752,1785,0.0,0.0,0.0,0.001680672268908,0.020168067226891,0.140056022408964,0.416806722689076,0.421288515406162
3,812,0,0,0,5,44,265,753,713,1780,0.0,0.0,0.0,0.002808988764045,0.024719101123596,0.148876404494382,0.423033707865169,0.400561797752809
3,813,0,0,0,1,38,273,774,689,1775,0.0,0.0,0.0,0.00056338028169,0.021408450704225,0.153802816901408,0.436056338028169,0.388169014084507
3,814,0,0,0,6,30,296,717,721,1770,0.0,0.0,0.0,0.003389830508475,0.016949152542373,0.167231638418079,0.405084745762712,0.407344632768362
3,815,0,0,0,1,41,291,731,701,1765,0.0,0.0,0.0,0.00056657223796,0.023229461756374,0.164872521246459,0.414164305949008,0.397167138810198
3,816,0,0,0,2,44,263,766,685,1760,0.0,0.0,0.0,0.001136363636364,0.025,0.149431818181818,0.435227272727273,0.389204545454545
3,817,0,0,0,3,40,278,711,723,1755,0.0,0.0,0.0,0.001709401709402,0.022792022792023,0.158404558404558,0.405128205128205,0.411965811965812
3,818,0,0,0,1,32,285,738,694,1750,0.0,0.0,0.0,0.000571428571429,0.018285714285714,0.162857142857143,0.421714285714286,0.396571428571429
3,819,0,0,0,5,50,246,747,697,1745,0.0,0.0,0.0,0.002865329512894,0.02865329512894,0.140974212034384,0.428080229226361,0.399426934097421
3,820,0,0,0,3,36,261,720,720,1740,0.0,0.0,0.0,0.001724137931034,0.020689655172414,0.15,0.413793103448276,0.413793103448276
3,821,0,0,0,3,26,255,748,703,1735,0.0,0.0,0.0,0.001729106628242,0.014985590778098,0.146974063400576,0.431123919308357,0.405187319884726
3,822,0,0,0,2,39,261,719,709,1730,0.0,0.0,0.0,0.001156069364162,0.022543352601156,0.150867052023121,0.415606936416185,0.409826589595376
3,823,0,0,0,1,34,252,732,706,1725,0.0,0.0,0.0,0.000579710144928,0.019710144927536,0.146086956521739,0.424347826086957,0.409275362318841
3,824,0,0,0,1,47,275,725,672,1720,0.0,0.0,0.0,0.000581395348837,0.027325581395349,0.159883720930233,0.421511627906977,0.390697674418605
3,825,0,0,0,3,47,258,737,670,1715,0.0,0.0,0.0,0.001749271137026,0.027405247813411,0.150437317784257,0.429737609329446,0.39067055393586
3,826,0,0,0,3,37,240,748,682,1710,0.0,0.0,0.0,0.001754385964912,0.021637426900585,0.140350877192982,0.437426900584795,0.398830409356725
3,827,0,0,0,1,40,272,707,685,1705,0.0,0.0,0.0,0.00058651026393,0.023460410557185,0.159530791788856,0.41466275659824,0.401759530791789
3,828,0,0,0,0,37,250,709,704,1700,0.0,0.0,0.0,0.0,0.021764705882353,0.147058823529412,0.417058823529412,0.414117647058824
3,829,0,0,0,3,39,261,673,719,1695,0.0,0.0,0.0,0.001769911504425,0.023008849557522,0.153982300884956,0.397050147492625,0.424188790560472
3,830,0,0,0,2,45,240,719,684,1690,0.0,0.0,0.0,0.001183431952663,0.026627218934911,0.142011834319527,0.425443786982248,0.404733727810651
3,831,0,0,0,3,46,254,718,664,1685,0.0,0.0,0.0,0.001780415430267,0.027299703264095,0.150741839762611,0.426112759643917,0.39406528189911
3,832,0,0,0,1,35,287,702,655,1680,0.0,0.0,0.0,0.000595238095238,0.020833333333333,0.170833333333333,0.417857142857143,0.389880952380952
3,833,0,0,0,1,37,274,704,659,1675,0.0,0.0,0.0,0.000597014925373,0.022089552238806,0.163582089552239,0.420298507462687,0.393432835820895
3,834,0,0,0,0,35,271,688,676,1670,0.0,0.0,0.0,0.0,0.020958083832335,0.162275449101796,0.411976047904192,0.404790419161677
3,835,0,0,0,3,41,256,715,650,1665,0.0,0.0,0.0,0.001801801801802,0.024624624624625,0.153753753753754,0.429429429429429,0.39039039039039
3,836,0,0,0,0,44,244,708,664,1660,0.0,0.0,0.0,0.0,0.026506024096386,0.146987951807229,0.426506024096386,0.4
3,837,0,0,0,1,34,256,684,680,1655,0.0,0.0,0.0,0.000604229607251,0.020543806646526,0.154682779456193,0.413293051359517,0.410876132930514
3,838,0,0,0,3,33,232,712,670,1650,0.0,0.0,0.0,0.001818181818182,0.02,0.140606060606061,0.431515151515152,0.406060606060606
3,839,0,0,0,5,37,246,734,623,1645,0.0,0.0,0.0,0.003039513677812,0.022492401215805,0.149544072948328,0.446200607902736,0.378723404255319
3,840,0,0,0,2,43,254,687,654,1640,0.0,0.0,0.0,0.001219512195122,0.026219512195122,0.154878048780488,0.41890243902439,0.398780487804878
3,841,0,0,0,1,38,266,677,653,1635,0.0,0.0,0.0,0.000611620795107,0.023241590214067,0.162691131498471,0.414067278287462,0.399388379204893
3,842,0,0,0,4,32,237,691,666,1630,0.0,0.0,0.0,0.002453987730061,0.019631901840491,0.145398773006135,0.423926380368098,0.408588957055215
3,843,0,0,0,2,26,265,670,662,1625,0.0,0.0,0.0,0.001230769230769,0.016,0.163076923076923,0.412307692307692,0.407384615384615
3,844,0,0,0,1,40,267,668,644,1620,0.0,0.0,0.0,0.000617283950617,0.024691358024691,0.164814814814815,0.412345679012346,0.397530864197531
3,845,0,0,0,0,44,256,666,649,1615,0.0,0.0,0.0,0.0,0.027244582043344,0.158513931888545,0.412383900928793,0.401857585139319
3,846,0,0,0,2,41,272,672,623,1610,0.0,0.0,0.0,0.001242236024845,0.025465838509317,0.168944099378882,0.417391304347826,0.38695652173913
3,847,0,0,0,3,29,253,688,632,1605,0.0,0.0,0.0,0.001869158878505,0.018068535825545,0.157632398753894,0.428660436137072,0.393769470404984
3,848,0,0,0,2,29,240,680,649,1600,0.0,0.0,0.0,0.00125,0.018125,0.15,0.425,0.405625
3,849,0,0,0,2,39,229,651,674,1595,0.0,0.0,0.0,0.001253918495298,0.024451410658307,0.143573667711599,0.408150470219436,0.422570532915361
3,850,0,0,0,3,34,216,687,650,1590,0.0,0.0,0.0,0.00188679245283,0.021383647798742,0.135849056603774,0.432075471698113,0.408805031446541
3,851,0,0,0,5,30,218,682,650,1585,0.0,0.0,0.0,0.003154574132492,0.018927444794953,0.137539432176656,0.430283911671924,0.410094637223975
3,852,0,0,0,3,40,247,666,624,1580,0.0,0.0,0.0,0.001898734177215,0.025316455696203,0.156329113924051,0.421518987341772,0.394936708860759
3,853,0,0,0,5,36,230,684,620,1575,0.0,0.0,0.0,0.003174603174603,0.022857142857143,0.146031746031746,0.434285714285714,0.393650793650794
3,854,0,0,0,2,25,244,653,646,1570,0.0,0.0,0.0,0.001273885350318,0.015923566878981,0.155414012738853,0.415923566878981,0.411464968152866
3,855,0,1,0,4,30,244,682,604,1565,0.0,0.000638977635783,0.0,0.002555910543131,0.019169329073482,0.15591054313099,0.435782747603834,0.38594249201278
3,856,0,0,0,2,37,252,651,618,1560,0.0,0.0,0.0,0.001282051282051,0.023717948717949,0.161538461538462,0.417307692307692,0.396153846153846
3,857,0,0,0,2,43,238,628,644,1555,0.0,0.0,0.0,0.001286173633441,0.027652733118971,0.153054662379421,0.403858520900322,0.414147909967846
3,858,0,0,0,3,40,241,647,619,1550,0.0,0.0,0.0,0.001935483870968,0.025806451612903,0.155483870967742,0.41741935483871,0.399354838709677
3,859,0,0,0,3,46,229,637,630,1545,0.0,0.0,0.0,0.001941747572816,0.029773462783172,0.148220064724919,0.412297734627832,0.407766990291262
3,860,0,0,0,1,43,200,666,630,1540,0.0,0.0,0.0,0.000649350649351,0.027922077922078,0.12987012987013,0.432467532467532,0.409090909090909
3,861,0,0,0,3,33,239,636,624,1535,0.0,0.0,0.0,0.001954397394137,0.021498371335505,0.155700325732899,0.414332247557003,0.406514657980456
3,862,0,0,0,4,31,219,659,617,1530,0.0,0.0,0.0,0.002614379084967,0.020261437908497,0.143137254901961,0.430718954248366,0.403267973856209
3,863,0,0,0,3,32,228,650,612,1525,0.0,0.0,0.0,0.001967213114754,0.020983606557377,0.149508196721311,0.426229508196721,0.401311475409836
3,864,0,0,0,0,37,229,644,610,1520,0.0,0.0,0.0,0.0,0.024342105263158,0.150657894736842,0.423684210526316,0.401315789473684
3,865,0,0,0,5,40,233,632,605,1515,0.0,0.0,0.0,0.003300330033003,0.026402640264026,0.153795379537954,0.417161716171617,0.399339933993399
3,866,0,0,0,1,47,200,661,601,1510,0.0,0.0,0.0,0.000662251655629,0.03112582781457,0.132450331125828,0.437748344370861,0.398013245033113
3,867,0,0,0,2,25,224,627,627,1505,0.0,0.0,0.0,0.001328903654485,0.016611295681063,0.148837209302326,0.416611295681063,0.416611295681063
3,868,0,0,0,3,32,203,674,588,1500,0.0,0.0,0.0,0.002,0.021333333333333,0.135333333333333,0.449333333333333,0.392
3,869,0,0,0,1,36,230,650,578,1495,0.0,0.0,0.0,0.00066889632107,0.024080267558528,0.153846153846154,0.434782608695652,0.386622073578595
3,870,0,0,0,2,38,238,614,598,1490,0.0,0.0,0.0,0.001342281879195,0.025503355704698,0.159731543624161,0.412080536912752,0.401342281879195
3,871,0,0,0,3,33,221,604,624,1485,0.0,0.0,0.0,0.002020202020202,0.022222222222222,0.148821548821549,0.406734006734007,0.42020202020202
3,872,0,0,0,3,35,219,655,568,1480,0.0,0.0,0.0,0.002027027027027,0.023648648648649,0.147972972972973,0.442567567567568,0.383783783783784
3,873,0,0,0,1,29,232,626,587,1475,0.0,0.0,0.0,0.000677966101695,0.019661016949153,0.15728813559322,0.424406779661017,0.397966101694915
3,874,0,0,1,2,32,232,608,595,1470,0.0,0.0,0.000680272108844,0.001360544217687,0.021768707482993,0.157823129251701,0.413605442176871,0.404761904761905
3,875,0,0,0,1,33,227,606,598,1465,0.0,0.0,0.0,0.000682593856655,0.022525597269625,0.154948805460751,0.413651877133106,0.408191126279863
3,876,0,0,0,0,31,207,627,595,1460,0.0,0.0,0.0,0.0,0.021232876712329,0.141780821917808,0.429452054794521,0.407534246575342
3,877,0,0,0,3,35,244,608,565,1455,0.0,0.0,0.0,0.002061855670103,0.024054982817869,0.167697594501718,0.41786941580756,0.388316151202749
3,878,0,0,0,4,22,213,635,576,1450,0.0,0.0,0.0,0.002758620689655,0.015172413793103,0.146896551724138,0.437931034482759,0.397241379310345
3,879,0,0,0,4,29,206,654,552,1445,0.0,0.0,0.0,0.002768166089965,0.020069204152249,0.142560553633218,0.452595155709343,0.382006920415225
3,880,0,0,0,2,36,199,611,592,1440,0.0,0.0,0.0,0.001388888888889,0.025,0.138194444444444,0.424305555555556,0.411111111111111
3,881,0,0,0,7,24,236,617,551,1435,0.0,0.0,0.0,0.004878048780488,0.016724738675958,0.164459930313589,0.429965156794425,0.38397212543554
3,882,0,0,0,3,26,236,592,573,1430,0.0,0.0,0.0,0.002097902097902,0.018181818181818,0.165034965034965,0.413986013986014,0.400699300699301
3,883,0,0,0,0,36,225,584,580,1425,0.0,0.0,0.0,0.0,0.025263157894737,0.157894736842105,0.409824561403509,0.407017543859649
3,884,0,0,0,4,42,226,603,545,1420,0.0,0.0,0.0,0.002816901408451,0.029577464788732,0.159154929577465,0.424647887323944,0.383802816901408
3,885,0,0,0,0,33,190,643,549,1415,0.0,0.0,0.0,0.0,0.023321554770318,0.134275618374558,0.454416961130742,0.387985865724382
3,886,0,0,0,1,35,234,570,570,1410,0.0,0.0,0.0,0.000709219858156,0.024822695035461,0.165957446808511,0.404255319148936,0.404255319148936
3,887,0,0,0,2,29,230,560,584,1405,0.0,0.0,0.0,0.001423487544484,0.020640569395018,0.163701067615658,0.398576512455516,0.415658362989324
3,888,0,0,0,0,31,222,593,554,1400,0.0,0.0,0.0,0.0,0.022142857142857,0.158571428571429,0.423571428571429,0.395714285714286
3,889,0,0,0,3,27,219,619,527,1395,0.0,0.0,0.0,0.002150537634409,0.019354838709677,0.156989247311828,0.443727598566308,0.377777777777778
3,890,0,0,0,2,34,215,614,525,1390,0.0,0.0,0.0,0.001438848920863,0.024460431654676,0.154676258992806,0.441726618705036,0.377697841726619
3,891,0,0,0,0,33,220,566,566,1385,0.0,0.0,0.0,0.0,0.023826714801444,0.15884476534296,0.408664259927798,0.408664259927798
3,892,0,0,0,0,37,195,610,538,1380,0.0,0.0,0.0,0.0,0.026811594202899,0.141304347826087,0.442028985507246,0.389855072463768
3,893,0,0,0,1,30,193,587,564,1375,0.0,0.0,0.0,0.000727272727273,0.021818181818182,0.140363636363636,0.426909090909091,0.410181818181818
3,894,0,0,0,2,27,206,593,542,1370,0.0,0.0,0.0,0.001459854014599,0.01970802919708,0.15036496350365,0.432846715328467,0.395620437956204
3,895,0,0,0,3,28,219,575,540,1365,0.0,0.0,0.0,0.002197802197802,0.020512820512821,0.16043956043956,0.421245421245421,0.395604395604396
3,896,0,0,0,1,24,204,586,545,1360,0.0,0.0,0.0,0.000735294117647,0.017647058823529,0.15,0.430882352941176,0.400735294117647
3,897,0,0,0,2,29,193,568,563,1355,0.0,0.0,0.0,0.001476014760148,0.02140221402214,0.142435424354244,0.419188191881919,0.41549815498155
3,898,0,0,0,1,32,210,598,509,1350,0.0,0.0,0.0,0.000740740740741,0.023703703703704,0.155555555555556,0.442962962962963,0.377037037037037
3,899,0,0,0,2,30,192,563,558,1345,0.0,0.0,0.0,0.001486988847584,0.022304832713755,0.14275092936803,0.418587360594796,0.414869888475836
3,900,0,0,0,0,31,187,585,537,1340,0.0,0.0,0.0,0.0,0.023134328358209,0.13955223880597,0.436567164179104,0.400746268656716
3,901,0,0,0,2,31,212,576,514,1335,0.0,0.0,0.0,0.001498127340824,0.023220973782772,0.158801498127341,0.431460674157303,0.38501872659176
3,902,0,0,0,1,30,203,571,525,1330,0.0,0.0,0.0,0.000751879699248,0.022556390977444,0.152631578947368,0.429323308270677,0.394736842105263
3,903,0,0,0,2,28,201,557,537,1325,0.0,0.0,0.0,0.001509433962264,0.021132075471698,0.151698113207547,0.420377358490566,0.405283018867925
3,904,0,0,0,1,19,206,589,505,1320,0.0,0.0,0.0,0.000757575757576,0.014393939393939,0.156060606060606,0.446212121212121,0.382575757575758
3,905,0,0,0,2,31,177,591,514,1315,0.0,0.0,0.0,0.001520912547529,0.023574144486692,0.134600760456274,0.449429657794677,0.390874524714829
3,906,0,0,0,3,23,192,539,553,1310,0.0,0.0,0.0,0.002290076335878,0.017557251908397,0.146564885496183,0.411450381679389,0.422137404580153
3,907,0,0,0,2,25,208,561,509,1305,0.0,0.0,0.0,0.001532567049808,0.019157088122605,0.159386973180077,0.429885057471264,0.390038314176245
3,908,0,0,0,5,34,188,556,517,1300,0.0,0.0,0.0,0.003846153846154,0.026153846153846,0.144615384615385,0.427692307692308,0.397692307692308
3,909,0,0,0,0,34,190,538,533,1295,0.0,0.0,0.0,0.0,0.026254826254826,0.146718146718147,0.415444015444015,0.411583011583012
3,910,0,0,0,0,22,207,526,535,1290,0.0,0.0,0.0,0.0,0.017054263565891,0.16046511627907,0.407751937984496,0.414728682170543
3,911,0,0,0,4,28,204,561,488,1285,0.0,0.0,0.0,0.003112840466926,0.021789883268482,0.15875486381323,0.436575875486381,0.379766536964981
3,912,0,0,0,1,44,205,537,493,1280,0.0,0.0,0.0,0.00078125,0.034375,0.16015625,0.41953125,0.38515625
3,913,0,0,0,4,23,176,530,542,1275,0.0,0.0,0.0,0.003137254901961,0.018039215686275,0.138039215686275,0.415686274509804,0.425098039215686
3,914,0,0,0,2,26,176,588,478,1270,0.0,0.0,0.0,0.001574803149606,0.020472440944882,0.138582677165354,0.462992125984252,0.376377952755906
3,915,0,0,0,0,39,188,547,491,1265,0.0,0.0,0.0,0.0,0.030830039525692,0.148616600790514,0.432411067193676,0.388142292490119
3,916,0,0,0,3,29,168,558,502,1260,0.0,0.0,0.0,0.002380952380952,0.023015873015873,0.133333333333333,0.442857142857143,0.398412698412698
3,917,0,0,0,0,38,195,512,510,1255,0.0,0.0,0.0,0.0,0.030278884462151,0.155378486055777,0.40796812749004,0.406374501992032
3,918,0,0,0,2,19,218,528,483,1250,0.0,0.0,0.0,0.0016,0.0152,0.1744,0.4224,0.3864
3,919,0,0,0,1,19,180,544,501,1245,0.0,0.0,0.0,0.000803212851406,0.015261044176707,0.144578313253012,0.436947791164659,0.402409638554217
3,920,0,0,0,1,28,217,498,496,1240,0.0,0.0,0.0,0.000806451612903,0.02258064516129,0.175,0.401612903225806,0.4
3,921,0,0,0,2,22,202,525,484,1235,0.0,0.0,0.0,0.001619433198381,0.017813765182186,0.163562753036437,0.425101214574899,0.391902834008097
3,922,0,0,0,1,29,180,536,484,1230,0.0,0.0,0.0,0.000813008130081,0.023577235772358,0.146341463414634,0.435772357723577,0.39349593495935
3,923,0,0,0,0,25,198,538,464,1225,0.0,0.0,0.0,0.0,0.020408163265306,0.161632653061224,0.439183673469388,0.378775510204082
3,924,0,0,0,3,33,186,516,482,1220,0.0,0.0,0.0,0.002459016393443,0.027049180327869,0.152459016393443,0.422950819672131,0.395081967213115
3,925,0,0,0,0,27,195,485,508,1215,0.0,0.0,0.0,0.0,0.022222222222222,0.160493827160494,0.39917695473251,0.418106995884774
3,926,0,0,0,3,22,216,503,466,1210,0.0,0.0,0.0,0.002479338842975,0.018181818181818,0.178512396694215,0.415702479338843,0.385123966942149
3,927,0,0,0,3,28,170,482,522,1205,0.0,0.0,0.0,0.002489626556017,0.023236514522822,0.141078838174274,0.4,0.433195020746888
3,928,0,0,0,2,23,168,529,478,1200,0.0,0.0,0.0,0.001666666666667,0.019166666666667,0.14,0.440833333333333,0.398333333333333
3,929,0,0,0,5,35,184,496,475,1195,0.0,0.0,0.0,0.00418410041841,0.02928870292887,0.15397489539749,0.415062761506276,0.397489539748954
3,930,0,0,0,2,26,175,526,461,1190,0.0,0.0,0.0,0.001680672268908,0.021848739495798,0.147058823529412,0.442016806722689,0.387394957983193
3,931,0,0,0,3,28,182,497,475,1185,0.0,0.0,0.0,0.00253164556962,0.023628691983122,0.153586497890295,0.419409282700422,0.40084388185654
3,932,0,0,0,4,26,156,486,508,1180,0.0,0.0,0.0,0.003389830508475,0.022033898305085,0.132203389830508,0.411864406779661,0.430508474576271
3,933,0,0,0,2,20,180,490,483,1175,0.0,0.0,0.0,0.001702127659574,0.017021276595745,0.153191489361702,0.417021276595745,0.411063829787234
3,934,0,0,0,1,21,184,513,451,1170,0.0,0.0,0.0,0.000854700854701,0.017948717948718,0.157264957264957,0.438461538461538,0.385470085470085
3,935,0,0,0,0,36,159,474,496,1165,0.0,0.0,0.0,0.0,0.030901287553648,0.136480686695279,0.4068669527897,0.425751072961373
3,936,0,0,0,2,22,168,476,492,1160,0.0,0.0,0.0,0.001724137931034,0.018965517241379,0.144827586206897,0.410344827586207,0.424137931034483
3,937,0,0,0,2,26,186,502,439,1155,0.0,0.0,0.0,0.001731601731602,0.022510822510823,0.161038961038961,0.434632034632035,0.38008658008658
3,938,0,0,0,2,27,176,468,477,1150,0.0,0.0,0.0,0.001739130434783,0.023478260869565,0.15304347826087,0.40695652173913,0.414782608695652
3,939,0,0,1,2,15,172,512,443,1145,0.0,0.0,0.000873362445415,0.00174672489083,0.013100436681223,0.150218340611354,0.447161572052402,0.386899563318777
3,940,0,0,1,0,38,181,481,439,1140,0.0,0.0,0.000877192982456,0.0,0.033333333333333,0.158771929824561,0.421929824561403,0.385087719298246
3,941,0,0,1,0,29,171,469,465,1135,0.0,0.0,0.000881057268722,0.0,0.025550660792952,0.150660792951542,0.413215859030837,0.409691629955947
3,942,0,0,0,2,21,181,469,457,1130,0.0,0.0,0.0,0.001769911504425,0.01858407079646,0.160176991150442,0.415044247787611,0.404424778761062
3,943,0,0,0,2,24,152,465,482,1125,0.0,0.0,0.0,0.001777777777778,0.021333333333333,0.135111111111111,0.413333333333333,0.428444444444444
3,944,0,0,0,1,24,182,460,453,1120,0.0,0.0,0.0,0.000892857142857,0.021428571428571,0.1625,0.410714285714286,0.404464285714286
3,945,0,0,0,2,26,176,470,441,1115,0.0,0.0,0.0,0.001793721973094,0.023318385650224,0.157847533632287,0.42152466367713,0.395515695067265
3,946,0,0,0,3,22,173,429,483,1110,0.0,0.0,0.0,0.002702702702703,0.01981981981982,0.155855855855856,0.386486486486486,0.435135135135135
3,947,0,0,0,0,24,169,475,437,1105,0.0,0.0,0.0,0.0,0.021719457013575,0.152941176470588,0.429864253393665,0.395475113122172
3,948,0,0,0,0,22,169,474,435,1100,0.0,0.0,0.0,0.0,0.02,0.153636363636364,0.430909090909091,0.395454545454545
3,949,0,0,0,1,28,177,474,415,1095,0.0,0.0,0.0,0.000913242009132,0.025570776255708,0.161643835616438,0.432876712328767,0.378995433789954
3,950,0,0,0,4,23,162,435,466,1090,0.0,0.0,0.0,0.003669724770642,0.021100917431193,0.148623853211009,0.399082568807339,0.427522935779817
3,951,0,0,0,2,30,164,480,409,1085,0.0,0.0,0.0,0.00184331797235,0.027649769585253,0.151152073732719,0.442396313364055,0.376958525345622
3,952,0,0,0,1,35,173,402,469,1080,0.0,0.0,0.0,0.000925925925926,0.032407407407407,0.160185185185185,0.372222222222222,0.434259259259259
3,953,0,0,0,3,22,153,482,415,1075,0.0,0.0,0.0,0.002790697674419,0.02046511627907,0.142325581395349,0.448372093023256,0.386046511627907
3,954,0,0,0,2,18,159,464,427,1070,0.0,0.0,0.0,0.001869158878505,0.016822429906542,0.148598130841122,0.433644859813084,0.399065420560748
3,955,0,0,0,4,21,159,465,416,1065,0.0,0.0,0.0,0.003755868544601,0.019718309859155,0.149295774647887,0.436619718309859,0.390610328638498
3,956,0,0,0,3,21,144,484,408,1060,0.0,0.0,0.0,0.002830188679245,0.019811320754717,0.135849056603774,0.456603773584906,0.384905660377359
3,957,0,0,0,0,31,158,448,418,1055,0.0,0.0,0.0,0.0,0.029383886255924,0.149763033175355,0.424644549763033,0.396208530805687
3,958,0,0,0,1,32,154,440,423,1050,0.0,0.0,0.0,0.000952380952381,0.03047619047619,0.146666666666667,0.419047619047619,0.402857142857143
3,959,0,0,0,2,21,146,448,428,1045,0.0,0.0,0.0,0.001913875598086,0.020095693779904,0.139712918660287,0.428708133971292,0.409569377990431
3,960,0,0,0,0,31,157,427,425,1040,0.0,0.0,0.0,0.0,0.029807692307692,0.150961538461538,0.410576923076923,0.408653846153846
3,961,0,0,0,0,21,145,491,378,1035,0.0,0.0,0.0,0.0,0.020289855072464,0.140096618357488,0.4743961352657,0.365217391304348
3,962,0,0,0,2,34,128,445,421,1030,0.0,0.0,0.0,0.001941747572816,0.033009708737864,0.124271844660194,0.432038834951456,0.40873786407767
3,963,0,0,0,3,28,157,429,408,1025,0.0,0.0,0.0,0.002926829268293,0.027317073170732,0.153170731707317,0.418536585365854,0.398048780487805
3,964,0,0,0,1,22,159,440,398,1020,0.0,0.0,0.0,0.000980392156863,0.02156862745098,0.155882352941176,0.431372549019608,0.390196078431373
3,965,0,0,0,3,24,150,425,413,1015,0.0,0.0,0.0,0.002955665024631,0.023645320197044,0.147783251231527,0.41871921182266,0.406896551724138
3,966,0,0,0,2,14,165,433,396,1010,0.0,0.0,0.0,0.001980198019802,0.013861386138614,0.163366336633663,0.428712871287129,0.392079207920792
3,967,0,0,0,0,22,160,414,409,1005,0.0,0.0,0.0,0.0,0.021890547263682,0.159203980099502,0.411940298507463,0.406965174129353
3,968,0,0,0,3,29,140,444,384,1000,0.0,0.0,0.0,0.003,0.029,0.14,0.444,0.384
3,969,0,0,0,4,18,160,406,407,995,0.0,0.0,0.0,0.004020100502513,0.018090452261307,0.160804020100503,0.408040201005025,0.409045226130653
3,970,0,0,0,1,29,139,421,400,990,0.0,0.0,0.0,0.001010101010101,0.029292929292929,0.14040404040404,0.425252525252525,0.404040404040404
3,971,0,0,0,0,22,154,399,410,985,0.0,0.0,0.0,0.0,0.022335025380711,0.156345177664975,0.40507614213198,0.416243654822335
3,972,0,0,0,1,23,148,409,399,980,0.0,0.0,0.0,0.001020408163265,0.023469387755102,0.151020408163265,0.41734693877551,0.407142857142857
3,973,0,0,0,1,22,143,403,406,975,0.0,0.0,0.0,0.001025641025641,0.022564102564103,0.146666666666667,0.413333333333333,0.416410256410256
3,974,0,0,1,1,34,164,406,364,970,0.0,0.0,0.001030927835052,0.001030927835052,0.035051546391753,0.169072164948454,0.418556701030928,0.375257731958763
3,975,0,0,0,0,29,143,414,379,965,0.0,0.0,0.0,0.0,0.030051813471503,0.148186528497409,0.429015544041451,0.392746113989637
3,976,0,0,0,1,13,156,387,403,960,0.0,0.0,0.0,0.001041666666667,0.013541666666667,0.1625,0.403125,0.419791666666667
3,977,0,0,0,0,12,139,438,366,955,0.0,0.0,0.0,0.0,0.012565445026178,0.145549738219895,0.458638743455497,0.383246073298429
3,978,0,0,0,3,23,138,364,422,950,0.0,0.0,0.0,0.003157894736842,0.024210526315789,0.145263157894737,0.383157894736842,0.44421052631579
3,979,0,0,0,4,17,129,405,390,945,0.0,0.0,0.0,0.004232804232804,0.017989417989418,0.136507936507936,0.428571428571429,0.412698412698413
3,980,0,0,0,2,24,138,389,387,940,0.0,0.0,0.0,0.002127659574468,0.025531914893617,0.146808510638298,0.413829787234043,0.411702127659574
3,981,0,0,0,1,18,128,397,391,935,0.0,0.0,0.0,0.001069518716578,0.019251336898396,0.136898395721925,0.424598930481283,0.418181818181818
3,982,0,0,0,3,18,146,392,371,930,0.0,0.0,0.0,0.003225806451613,0.019354838709677,0.156989247311828,0.421505376344086,0.398924731182796
3,983,0,0,0,0,20,156,395,354,925,0.0,0.0,0.0,0.0,0.021621621621622,0.168648648648649,0.427027027027027,0.382702702702703
3,984,0,0,0,0,15,139,404,362,920,0.0,0.0,0.0,0.0,0.016304347826087,0.151086956521739,0.439130434782609,0.393478260869565
3,985,0,0,0,1,19,130,401,364,915,0.0,0.0,0.0,0.001092896174863,0.020765027322404,0.14207650273224,0.438251366120219,0.397814207650273
3,986,0,0,0,1,19,141,376,373,910,0.0,0.0,0.0,0.001098901098901,0.020879120879121,0.154945054945055,0.413186813186813,0.40989010989011
3,987,0,0,0,2,23,142,365,373,905,0.0,0.0,0.0,0.002209944751381,0.025414364640884,0.156906077348066,0.403314917127072,0.412154696132597
3,988,0,0,0,3,26,128,380,363,900,0.0,0.0,0.0,0.003333333333333,0.028888888888889,0.142222222222222,0.422222222222222,0.403333333333333
3,989,0,0,0,2,15,143,409,326,895,0.0,0.0,0.0,0.002234636871508,0.016759776536313,0.159776536312849,0.456983240223464,0.364245810055866
3,990,0,0,0,2,16,135,365,372,890,0.0,0.0,0.0,0.002247191011236,0.017977528089888,0.151685393258427,0.410112359550562,0.417977528089888
3,991,0,0,0,0,21,155,359,350,885,0.0,0.0,0.0,0.0,0.023728813559322,0.175141242937853,0.405649717514124,0.395480225988701
3,992,0,0,0,0,14,146,378,342,880,0.0,0.0,0.0,0.0,0.015909090909091,0.165909090909091,0.429545454545455,0.388636363636364
3,993,0,0,0,1,17,131,379,347,875,0.0,0.0,0.0,0.001142857142857,0.019428571428571,0.149714285714286,0.433142857142857,0.396571428571429
3,994,0,0,0,1,18,136,364,351,870,0.0,0.0,0.0,0.001149425287356,0.020689655172414,0.15632183908046,0.418390804597701,0.403448275862069
3,995,0,0,0,2,21,143,356,343,865,0.0,0.0,0.0,0.002312138728324,0.024277456647399,0.165317919075145,0.411560693641619,0.396531791907514
3,996,0,0,0,1,16,125,370,348,860,0.0,0.0,0.0,0.001162790697674,0.018604651162791,0.145348837209302,0.430232558139535,0.404651162790698
3,997,0,0,0,1,18,109,385,342,855,0.0,0.0,0.0,0.001169590643275,0.021052631578947,0.127485380116959,0.450292397660819,0.4
3,998,0,0,0,1,19,134,361,335,850,0.0,0.0,0.0,0.001176470588235,0.022352941176471,0.157647058823529,0.424705882352941,0.394117647058824
3,999,0,0,0,2,22,137,314,370,845,0.0,0.0,0.0,0.002366863905325,0.02603550295858,0.162130177514793,0.371597633136095,0.437869822485207
3,1000,0,0,0,1,18,121,383,317,840,0.0,0.0,0.0,0.001190476190476,0.021428571428571,0.144047619047619,0.455952380952381,0.377380952380952
3,1001,0,0,0,0,28,122,361,324,835,0.0,0.0,0.0,0.0,0.033532934131737,0.146107784431138,0.432335329341317,0.388023952095808
3,1002,0,0,0,4,13,114,382,317,830,0.0,0.0,0.0,0.004819277108434,0.01566265060241,0.137349397590361,0.460240963855422,0.381927710843374
3,1003,0,0,0,1,18,125,347,334,825,0.0,0.0,0.0,0.001212121212121,0.021818181818182,0.151515151515152,0.420606060606061,0.404848484848485
3,1004,0,0,0,1,20,118,362,319,820,0.0,0.0,0.0,0.001219512195122,0.024390243902439,0.14390243902439,0.441463414634146,0.389024390243902
3,1005,0,0,0,1,16,122,360,316,815,0.0,0.0,0.0,0.001226993865031,0.019631901840491,0.149693251533742,0.441717791411043,0.387730061349693
3,1006,0,0,0,0,21,118,339,332,810,0.0,0.0,0.0,0.0,0.025925925925926,0.145679012345679,0.418518518518519,0.409876543209877
3,1007,0,0,0,0,21,141,328,315,805,0.0,0.0,0.0,0.0,0.026086956521739,0.175155279503106,0.407453416149068,0.391304347826087
3,1008,0,0,0,0,15,123,370,292,800,0.0,0.0,0.0,0.0,0.01875,0.15375,0.4625,0.365
3,1009,0,0,0,1,23,117,310,344,795,0.0,0.0,0.0,0.00125786163522,0.028930817610063,0.147169811320755,0.389937106918239,0.432704402515723
3,1010,0,0,0,0,21,111,335,323,790,0.0,0.0,0.0,0.0,0.026582278481013,0.140506329113924,0.424050632911392,0.408860759493671
3,1011,0,0,0,1,14,116,347,307,785,0.0,0.0,0.0,0.001273885350318,0.017834394904459,0.147770700636943,0.44203821656051,0.391082802547771
3,1012,0,0,0,1,16,111,356,296,780,0.0,0.0,0.0,0.001282051282051,0.020512820512821,0.142307692307692,0.456410256410256,0.379487179487179
3,1013,0,0,0,3,18,135,328,291,775,0.0,0.0,0.0,0.003870967741935,0.023225806451613,0.174193548387097,0.423225806451613,0.375483870967742
3,1014,0,0,0,0,26,119,328,297,770,0.0,0.0,0.0,0.0,0.033766233766234,0.154545454545455,0.425974025974026,0.385714285714286
3,1015,0,0,0,0,18,119,335,293,765,0.0,0.0,0.0,0.0,0.023529411764706,0.155555555555556,0.437908496732026,0.383006535947712
3,1016,0,0,0,2,17,114,321,306,760,0.0,0.0,0.0,0.002631578947368,0.022368421052632,0.15,0.422368421052632,0.402631578947368
3,1017,0,0,0,0,17,109,332,297,755,0.0,0.0,0.0,0.0,0.022516556291391,0.144370860927152,0.439735099337748,0.393377483443709
3,1018,0,0,0,1,15,117,299,318,750,0.0,0.0,0.0,0.001333333333333,0.02,0.156,0.398666666666667,0.424
3,1019,0,0,0,1,13,102,332,297,745,0.0,0.0,0.0,0.001342281879195,0.01744966442953,0.136912751677852,0.445637583892617,0.398657718120805
3,1020,0,0,0,2,10,120,326,282,740,0.0,0.0,0.0,0.002702702702703,0.013513513513514,0.162162162162162,0.440540540540541,0.381081081081081
3,1021,0,0,0,2,16,105,304,308,735,0.0,0.0,0.0,0.002721088435374,0.021768707482993,0.142857142857143,0.413605442176871,0.419047619047619
3,1022,0,0,0,1,15,117,309,288,730,0.0,0.0,0.0,0.001369863013699,0.020547945205479,0.16027397260274,0.423287671232877,0.394520547945205
3,1023,0,0,0,0,13,94,320,298,725,0.0,0.0,0.0,0.0,0.017931034482759,0.129655172413793,0.441379310344828,0.411034482758621
3,1024,0,0,0,0,11,117,309,283,720,0.0,0.0,0.0,0.0,0.015277777777778,0.1625,0.429166666666667,0.393055555555556
3,1025,0,0,0,2,14,105,267,327,715,0.0,0.0,0.0,0.002797202797203,0.01958041958042,0.146853146853147,0.373426573426573,0.457342657342657
3,1026,0,0,0,1,13,119,285,292,710,0.0,0.0,0.0,0.001408450704225,0.01830985915493,0.167605633802817,0.401408450704225,0.411267605633803
3,1027,0,0,0,4,15,91,315,280,705,0.0,0.0,0.0,0.005673758865248,0.021276595744681,0.129078014184397,0.446808510638298,0.397163120567376
3,1028,0,0,0,0,15,98,289,298,700,0.0,0.0,0.0,0.0,0.021428571428571,0.14,0.412857142857143,0.425714285714286
3,1029,0,0,0,2,18,102,300,273,695,0.0,0.0,0.0,0.002877697841727,0.02589928057554,0.146762589928058,0.431654676258993,0.392805755395683
3,1030,0,0,0,1,15,92,299,283,690,0.0,0.0,0.0,0.001449275362319,0.021739130434783,0.133333333333333,0.433333333333333,0.410144927536232
3,1031,0,0,0,0,13,88,300,284,685,0.0,0.0,0.0,0.0,0.018978102189781,0.128467153284672,0.437956204379562,0.414598540145985
3,1032,0,0,0,0,14,95,292,279,680,0.0,0.0,0.0,0.0,0.020588235294118,0.139705882352941,0.429411764705882,0.410294117647059
3,1033,0,0,0,1,14,102,303,255,675,0.0,0.0,0.0,0.001481481481481,0.020740740740741,0.151111111111111,0.448888888888889,0.377777777777778
3,1034,0,0,0,0,20,97,287,266,670,0.0,0.0,0.0,0.0,0.029850746268657,0.144776119402985,0.428358208955224,0.397014925373134
3,1035,0,0,0,1,11,118,279,256,665,0.0,0.0,0.0,0.001503759398496,0.016541353383459,0.177443609022556,0.419548872180451,0.384962406015038
3,1036,0,0,0,1,10,91,275,283,660,0.0,0.0,0.0,0.001515151515152,0.015151515151515,0.137878787878788,0.416666666666667,0.428787878787879
3,1037,0,0,0,0,10,105,293,247,655,0.0,0.0,0.0,0.0,0.015267175572519,0.16030534351145,0.447328244274809,0.377099236641221
3,1038,0,0,0,1,15,106,275,253,650,0.0,0.0,0.0,0.001538461538462,0.023076923076923,0.163076923076923,0.423076923076923,0.389230769230769
3,1039,0,0,0,1,14,114,283,233,645,0.0,0.0,0.0,0.001550387596899,0.021705426356589,0.176744186046512,0.438759689922481,0.361240310077519
3,1040,0,0,0,1,11,93,280,255,640,0.0,0.0,0.0,0.0015625,0.0171875,0.1453125,0.4375,0.3984375
3,1041,0,0,0,0,7,91,278,259,635,0.0,0.0,0.0,0.0,0.011023622047244,0.143307086614173,0.437795275590551,0.407874015748032
3,1042,0,0,0,1,13,112,258,246,630,0.0,0.0,0.0,0.001587301587302,0.020634920634921,0.177777777777778,0.40952380952381,0.39047619047619
3,1043,0,0,0,1,7,97,252,268,625,0.0,0.0,0.0,0.0016,0.0112,0.1552,0.4032,0.4288
3,1044,0,0,0,2,14,97,274,233,620,0.0,0.0,0.0,0.003225806451613,0.02258064516129,0.156451612903226,0.441935483870968,0.375806451612903
3,1045,0,0,0,2,15,90,270,238,615,0.0,0.0,0.0,0.003252032520325,0.024390243902439,0.146341463414634,0.439024390243902,0.386991869918699
3,1046,0,0,1,0,13,90,254,252,610,0.0,0.0,0.001639344262295,0.0,0.021311475409836,0.147540983606557,0.416393442622951,0.413114754098361
3,1047,0,0,0,1,16,90,264,234,605,0.0,0.0,0.0,0.001652892561983,0.026446280991736,0.148760330578512,0.436363636363636,0.386776859504132
3,1048,0,0,0,1,13,85,256,245,600,0.0,0.0,0.0,0.001666666666667,0.021666666666667,0.141666666666667,0.426666666666667,0.408333333333333
3,1049,0,0,0,1,16,84,270,224,595,0.0,0.0,0.0,0.001680672268908,0.026890756302521,0.141176470588235,0.453781512605042,0.376470588235294
3,1050,0,0,0,0,15,97,252,226,590,0.0,0.0,0.0,0.0,0.025423728813559,0.164406779661017,0.427118644067797,0.383050847457627
3,1051,0,0,0,3,13,88,245,236,585,0.0,0.0,0.0,0.005128205128205,0.022222222222222,0.15042735042735,0.418803418803419,0.403418803418803
3,1052,0,0,0,0,12,87,261,220,580,0.0,0.0,0.0,0.0,0.020689655172414,0.15,0.45,0.379310344827586
3,1053,0,0,0,1,11,83,223,257,575,0.0,0.0,0.0,0.001739130434783,0.019130434782609,0.144347826086957,0.387826086956522,0.44695652173913
3,1054,0,0,0,1,7,80,251,231,570,0.0,0.0,0.0,0.001754385964912,0.012280701754386,0.140350877192982,0.440350877192982,0.405263157894737
3,1055,0,0,0,0,16,98,249,202,565,0.0,0.0,0.0,0.0,0.028318584070796,0.173451327433628,0.44070796460177,0.357522123893805
3,1056,0,0,0,3,14,89,237,217,560,0.0,0.0,0.0,0.005357142857143,0.025,0.158928571428571,0.423214285714286,0.3875
3,1057,0,0,0,0,8,82,230,235,555,0.0,0.0,0.0,0.0,0.014414414414414,0.147747747747748,0.414414414414414,0.423423423423423
3,1058,0,0,0,1,9,102,224,214,550,0.0,0.0,0.0,0.001818181818182,0.016363636363636,0.185454545454545,0.407272727272727,0.389090909090909
3,1059,0,0,0,0,12,93,216,224,545,0.0,0.0,0.0,0.0,0.022018348623853,0.170642201834862,0.396330275229358,0.411009174311927
3,1060,0,0,0,0,10,82,229,219,540,0.0,0.0,0.0,0.0,0.018518518518519,0.151851851851852,0.424074074074074,0.405555555555556
3,1061,0,0,0,0,9,77,218,231,535,0.0,0.0,0.0,0.0,0.016822429906542,0.14392523364486,0.407476635514019,0.431775700934579
3,1062,0,0,0,0,11,76,228,215,530,0.0,0.0,0.0,0.0,0.020754716981132,0.143396226415094,0.430188679245283,0.405660377358491
3,1063,0,0,0,2,10,84,218,211,525,0.0,0.0,0.0,0.003809523809524,0.019047619047619,0.16,0.415238095238095,0.401904761904762
3,1064,0,0,0,0,7,84,214,215,520,0.0,0.0,0.0,0.0,0.013461538461538,0.161538461538462,0.411538461538462,0.413461538461538
3,1065,0,0,0,1,10,74,221,209,515,0.0,0.0,0.0,0.001941747572816,0.019417475728155,0.14368932038835,0.429126213592233,0.405825242718447
3,1066,0,0,0,2,17,74,221,196,510,0.0,0.0,0.0,0.003921568627451,0.033333333333333,0.145098039215686,0.433333333333333,0.384313725490196
3,1067,0,0,0,0,1,77,229,198,505,0.0,0.0,0.0,0.0,0.001980198019802,0.152475247524752,0.453465346534653,0.392079207920792
3,1068,0,0,0,0,16,79,204,201,500,0.0,0.0,0.0,0.0,0.032,0.158,0.408,0.402
3,1069,0,0,0,0,9,75,217,194,495,0.0,0.0,0.0,0.0,0.018181818181818,0.151515151515152,0.438383838383838,0.391919191919192
3,1070,0,0,0,0,7,84,214,185,490,0.0,0.0,0.0,0.0,0.014285714285714,0.171428571428571,0.436734693877551,0.377551020408163
3,1071,0,0,0,0,4,73,189,219,485,0.0,0.0,0.0,0.0,0.008247422680412,0.150515463917526,0.389690721649485,0.451546391752577
3,1072,0,0,0,4,11,73,225,167,480,0.0,0.0,0.0,0.008333333333333,0.022916666666667,0.152083333333333,0.46875,0.347916666666667
3,1073,0,0,0,0,11,69,209,186,475,0.0,0.0,0.0,0.0,0.023157894736842,0.145263157894737,0.44,0.391578947368421
3,1074,0,0,0,1,6,85,192,186,470,0.0,0.0,0.0,0.002127659574468,0.012765957446809,0.180851063829787,0.408510638297872,0.395744680851064
3,1075,0,0,0,1,14,70,204,176,465,0.0,0.0,0.0,0.002150537634409,0.03010752688172,0.150537634408602,0.438709677419355,0.378494623655914
3,1076,0,0,0,1,10,80,184,185,460,0.0,0.0,0.0,0.002173913043478,0.021739130434783,0.173913043478261,0.4,0.402173913043478
3,1077,0,0,0,2,11,66,201,175,455,0.0,0.0,0.0,0.004395604395604,0.024175824175824,0.145054945054945,0.441758241758242,0.384615384615385
3,1078,0,0,0,0,10,65,187,188,450,0.0,0.0,0.0,0.0,0.022222222222222,0.144444444444444,0.415555555555556,0.417777777777778
3,1079,0,0,0,0,19,71,181,174,445,0.0,0.0,0.0,0.0,0.042696629213483,0.159550561797753,0.406741573033708,0.391011235955056
3,1080,0,0,0,0,14,65,186,175,440,0.0,0.0,0.0,0.0,0.031818181818182,0.147727272727273,0.422727272727273,0.397727272727273
3,1081,0,0,0,2,13,62,176,182,435,0.0,0.0,0.0,0.004597701149425,0.029885057471264,0.142528735632184,0.404597701149425,0.418390804597701
3,1082,0,0,0,0,11,76,181,162,430,0.0,0.0,0.0,0.0,0.025581395348837,0.176744186046512,0.42093023255814,0.376744186046512
3,1083,0,0,0,1,13,58,193,160,425,0.0,0.0,0.0,0.002352941176471,0.030588235294118,0.136470588235294,0.454117647058824,0.376470588235294
3,1084,0,0,0,2,8,57,188,165,420,0.0,0.0,0.0,0.004761904761905,0.019047619047619,0.135714285714286,0.447619047619048,0.392857142857143
3,1085,0,0,0,0,13,70,168,164,415,0.0,0.0,0.0,0.0,0.031325301204819,0.168674698795181,0.404819277108434,0.395180722891566
3,1086,0,0,0,0,8,75,157,170,410,0.0,0.0,0.0,0.0,0.019512195121951,0.182926829268293,0.382926829268293,0.414634146341463
3,1087,0,0,0,4,6,54,177,164,405,0.0,0.0,0.0,0.009876543209877,0.014814814814815,0.133333333333333,0.437037037037037,0.404938271604938
3,1088,0,0,0,0,5,54,180,161,400,0.0,0.0,0.0,0.0,0.0125,0.135,0.45,0.4025
3,1089,0,0,0,0,11,59,172,153,395,0.0,0.0,0.0,0.0,0.027848101265823,0.149367088607595,0.435443037974684,0.387341772151899
3,1090,0,0,0,1,9,57,162,161,390,0.0,0.0,0.0,0.002564102564103,0.023076923076923,0.146153846153846,0.415384615384615,0.412820512820513
3,1091,0,0,0,0,13,63,157,152,385,0.0,0.0,0.0,0.0,0.033766233766234,0.163636363636364,0.407792207792208,0.394805194805195
3,1092,0,0,0,0,3,60,162,155,380,0.0,0.0,0.0,0.0,0.007894736842105,0.157894736842105,0.426315789473684,0.407894736842105
3,1093,0,0,0,0,13,50,152,160,375,0.0,0.0,0.0,0.0,0.034666666666667,0.133333333333333,0.405333333333333,0.426666666666667
3,1094,0,0,0,0,11,54,166,139,370,0.0,0.0,0.0,0.0,0.02972972972973,0.145945945945946,0.448648648648649,0.375675675675676
3,1095,0,0,0,1,11,38,165,150,365,0.0,0.0,0.0,0.002739726027397,0.03013698630137,0.104109589041096,0.452054794520548,0.410958904109589
3,1096,0,0,0,2,7,61,139,151,360,0.0,0.0,0.0,0.005555555555556,0.019444444444444,0.169444444444444,0.386111111111111,0.419444444444444
3,1097,0,0,0,1,11,63,164,116,355,0.0,0.0,0.0,0.002816901408451,0.030985915492958,0.177464788732394,0.461971830985915,0.326760563380282
3,1098,0,0,0,0,12,51,143,144,350,0.0,0.0,0.0,0.0,0.034285714285714,0.145714285714286,0.408571428571429,0.411428571428571
3,1099,0,0,0,1,3,49,154,138,345,0.0,0.0,0.0,0.002898550724638,0.008695652173913,0.142028985507246,0.446376811594203,0.4
3,1100,0,0,0,1,6,49,143,141,340,0.0,0.0,0.0,0.002941176470588,0.017647058823529,0.144117647058824,0.420588235294118,0.414705882352941
3,1101,0,0,0,1,5,52,146,131,335,0.0,0.0,0.0,0.002985074626866,0.014925373134328,0.155223880597015,0.435820895522388,0.391044776119403
3,1102,0,0,0,0,4,45,161,120,330,0.0,0.0,0.0,0.0,0.012121212121212,0.136363636363636,0.487878787878788,0.363636363636364
3,1103,0,0,0,0,11,45,133,136,325,0.0,0.0,0.0,0.0,0.033846153846154,0.138461538461538,0.409230769230769,0.418461538461538
3,1104,0,0,0,1,4,44,144,127,320,0.0,0.0,0.0,0.003125,0.0125,0.1375,0.45,0.396875
3,1105,0,0,0,3,11,43,137,121,315,0.0,0.0,0.0,0.00952380952381,0.034920634920635,0.136507936507936,0.434920634920635,0.384126984126984
3,1106,0,0,0,0,7,55,137,111,310,0.0,0.0,0.0,0.0,0.02258064516129,0.17741935483871,0.441935483870968,0.358064516129032
3,1107,0,0,0,0,4,45,129,127,305,0.0,0.0,0.0,0.0,0.013114754098361,0.147540983606557,0.422950819672131,0.416393442622951
3,1108,0,0,0,1,4,48,114,133,300,0.0,0.0,0.0,0.003333333333333,0.013333333333333,0.16,0.38,0.443333333333333
3,1109,0,0,0,0,6,51,127,111,295,0.0,0.0,0.0,0.0,0.020338983050847,0.172881355932203,0.430508474576271,0.376271186440678
3,1110,0,0,0,0,11,48,119,112,290,0.0,0.0,0.0,0.0,0.037931034482759,0.16551724137931,0.410344827586207,0.386206896551724
3,1111,0,0,0,0,11,33,129,112,285,0.0,0.0,0.0,0.0,0.03859649122807,0.115789473684211,0.452631578947368,0.392982456140351
3,1112,0,0,0,0,6,57,114,103,280,0.0,0.0,0.0,0.0,0.021428571428571,0.203571428571429,0.407142857142857,0.367857142857143
3,1113,0,0,0,0,6,35,113,121,275,0.0,0.0,0.0,0.0,0.021818181818182,0.127272727272727,0.410909090909091,0.44
3,1114,0,0,0,1,7,37,103,122,270,0.0,0.0,0.0,0.003703703703704,0.025925925925926,0.137037037037037,0.381481481481481,0.451851851851852
3,1115,0,0,0,2,6,44,100,113,265,0.0,0.0,0.0,0.007547169811321,0.022641509433962,0.166037735849057,0.377358490566038,0.426415094339623
3,1116,0,0,0,0,12,37,113,98,260,0.0,0.0,0.0,0.0,0.046153846153846,0.142307692307692,0.434615384615385,0.376923076923077
3,1117,0,0,0,0,9,36,107,103,255,0.0,0.0,0.0,0.0,0.035294117647059,0.141176470588235,0.419607843137255,0.403921568627451
3,1118,0,0,0,1,7,22,121,99,250,0.0,0.0,0.0,0.004,0.028,0.088,0.484,0.396
3,1119,0,0,0,0,3,49,94,99,245,0.0,0.0,0.0,0.0,0.012244897959184,0.2,0.383673469387755,0.404081632653061
3,1120,0,0,0,0,2,33,100,105,240,0.0,0.0,0.0,0.0,0.008333333333333,0.1375,0.416666666666667,0.4375
3,1121,0,0,0,0,5,38,115,77,235,0.0,0.0,0.0,0.0,0.021276595744681,0.161702127659574,0.48936170212766,0.327659574468085
3,1122,0,0,0,0,5,19,108,98,230,0.0,0.0,0.0,0.0,0.021739130434783,0.082608695652174,0.469565217391304,0.426086956521739
3,1123,0,0,0,0,4,40,81,100,225,0.0,0.0,0.0,0.0,0.017777777777778,0.177777777777778,0.36,0.444444444444444
3,1124,0,0,0,3,2,39,89,87,220,0.0,0.0,0.0,0.013636363636364,0.009090909090909,0.177272727272727,0.404545454545455,0.395454545454545
3,1125,0,0,0,0,5,40,91,79,215,0.0,0.0,0.0,0.0,0.023255813953488,0.186046511627907,0.423255813953488,0.367441860465116
3,1126,0,0,0,0,3,24,90,93,210,0.0,0.0,0.0,0.0,0.014285714285714,0.114285714285714,0.428571428571429,0.442857142857143
3,1127,0,0,0,0,5,24,92,84,205,0.0,0.0,0.0,0.0,0.024390243902439,0.117073170731707,0.448780487804878,0.409756097560976
3,1128,0,0,0,0,7,25,80,88,200,0.0,0.0,0.0,0.0,0.035,0.125,0.4,0.44
3,1129,0,0,0,0,5,31,82,77,195,0.0,0.0,0.0,0.0,0.025641025641026,0.158974358974359,0.420512820512821,0.394871794871795
3,1130,0,0,0,0,2,44,70,74,190,0.0,0.0,0.0,0.0,0.010526315789474,0.231578947368421,0.368421052631579,0.389473684210526
3,1131,0,0,0,1,4,25,79,76,185,0.0,0.0,0.0,0.005405405405405,0.021621621621622,0.135135135135135,0.427027027027027,0.410810810810811
3,1132,0,0,0,1,4,27,86,62,180,0.0,0.0,0.0,0.005555555555556,0.022222222222222,0.15,0.477777777777778,0.344444444444444
3,1133,0,0,0,0,6,28,85,56,175,0.0,0.0,0.0,0.0,0.034285714285714,0.16,0.485714285714286,0.32
3,1134,0,0,0,1,6,23,72,68,170,0.0,0.0,0.0,0.005882352941176,0.035294117647059,0.135294117647059,0.423529411764706,0.4
3,1135,0,0,0,1,5,19,64,76,165,0.0,0.0,0.0,0.006060606060606,0.03030303030303,0.115151515151515,0.387878787878788,0.460606060606061
3,1136,0,0,0,0,2,14,77,67,160,0.0,0.0,0.0,0.0,0.0125,0.0875,0.48125,0.41875
3,1137,0,0,0,0,1,20,75,59,155,0.0,0.0,0.0,0.0,0.006451612903226,0.129032258064516,0.483870967741935,0.380645161290323
3,1138,0,0,0,0,2,25,58,65,150,0.0,0.0,0.0,0.0,0.013333333333333,0.166666666666667,0.386666666666667,0.433333333333333
3,1139,0,0,0,1,6,18,64,56,145,0.0,0.0,0.0,0.006896551724138,0.041379310344828,0.124137931034483,0.441379310344828,0.386206896551724
3,1140,0,0,0,0,2,16,57,65,140,0.0,0.0,0.0,0.0,0.014285714285714,0.114285714285714,0.407142857142857,0.464285714285714
3,1141,0,0,0,1,2,26,58,48,135,0.0,0.0,0.0,0.007407407407407,0.014814814814815,0.192592592592593,0.42962962962963,0.355555555555556
3,1142,0,0,0,0,3,31,59,37,130,0.0,0.0,0.0,0.0,0.023076923076923,0.238461538461538,0.453846153846154,0.284615384615385
3,1143,0,0,0,0,3,22,47,53,125,0.0,0.0,0.0,0.0,0.024,0.176,0.376,0.424
3,1144,0,0,0,0,3,12,58,47,120,0.0,0.0,0.0,0.0,0.025,0.1,0.483333333333333,0.391666666666667
3,1145,0,0,0,0,0,18,50,47,115,0.0,0.0,0.0,0.0,0.0,0.156521739130435,0.434782608695652,0.408695652173913
3,1146,0,0,0,1,1,22,42,44,110,0.0,0.0,0.0,0.009090909090909,0.009090909090909,0.2,0.381818181818182,0.4
3,1147,0,0,0,0,3,17,45,40,105,0.0,0.0,0.0,0.0,0.028571428571429,0.161904761904762,0.428571428571429,0.380952380952381
3,1148,0,0,0,0,5,16,38,41,100,0.0,0.0,0.0,0.0,0.05,0.16,0.38,0.41
3,1149,0,0,0,0,1,12,44,38,95,0.0,0.0,0.0,0.0,0.010526315789474,0.126315789473684,0.463157894736842,0.4
3,1150,0,0,0,1,2,18,32,37,90,0.0,0.0,0.0,0.011111111111111,0.022222222222222,0.2,0.355555555555556,0.411111111111111
3,1151,0,0,0,0,4,10,30,41,85,0.0,0.0,0.0,0.0,0.047058823529412,0.117647058823529,0.352941176470588,0.482352941176471
3,1152,0,0,0,0,1,9,35,35,80,0.0,0.0,0.0,0.0,0.0125,0.1125,0.4375,0.4375
3,1153,0,0,0,0,2,12,33,28,75,0.0,0.0,0.0,0.0,0.026666666666667,0.16,0.44,0.373333333333333
3,1154,0,0,0,0,3,8,23,36,70,0.0,0.0,0.0,0.0,0.042857142857143,0.114285714285714,0.328571428571429,0.514285714285714
3,1155,0,0,0,0,1,4,35,25,65,0.0,0.0,0.0,0.0,0.015384615384615,0.061538461538462,0.538461538461538,0.384615384615385
3,1156,0,0,0,1,0,6,23,30,60,0.0,0.0,0.0,0.016666666666667,0.0,0.1,0.383333333333333,0.5
3,1157,0,0,0,0,1,5,31,18,55,0.0,0.0,0.0,0.0,0.018181818181818,0.090909090909091,0.563636363636364,0.327272727272727
3,1158,0,0,0,0,0,5,20,25,50,0.0,0.0,0.0,0.0,0.0,0.1,0.4,0.5
3,1159,0,0,0,0,1,8,20,16,45,0.0,0.0,0.0,0.0,0.022222222222222,0.177777777777778,0.444444444444444,0.355555555555556
3,1160,0,0,0,0,0,4,18,18,40,0.0,0.0,0.0,0.0,0.0,0.1,0.45,0.45
3,1161,0,0,0,0,4,7,12,12,35,0.0,0.0,0.0,0.0,0.114285714285714,0.2,0.342857142857143,0.342857142857143
3,1162,0,0,0,0,0,4,15,11,30,0.0,0.0,0.0,0.0,0.0,0.133333333333333,0.5,0.366666666666667
3,1163,0,0,0,0,0,2,12,11,25,0.0,0.0,0.0,0.0,0.0,0.08,0.48,0.44
3,1164,0,0,0,0,2,2,7,9,20,0.0,0.0,0.0,0.0,0.1,0.1,0.35,0.45
3,1165,0,0,0,0,0,2,5,8,15,0.0,0.0,0.0,0.0,0.0,0.133333333333333,0.333333333333333,0.533333333333333
3,1166,0,0,0,0,0,1,6,3,10,0.0,0.0,0.0,0.0,0.0,0.1,0.6,0.3
3,1167,0,0,0,0,1,0,1,3,5,0.0,0.0,0.0,0.0,0.2,0.0,0.2,0.6
4,1,0,0,0,10,125,878,2470,2352,5835,0.0,0.0,0.0,0.001713796058269,0.021422450728363,0.150471293916024,0.423307626392459,0.403084832904884
4,2,0,0,0,9,119,882,2446,2374,5830,0.0,0.0,0.0,0.001543739279588,0.02041166380789,0.151286449399657,0.419554030874786,0.407204116638079
4,3,0,0,0,9,120,854,2516,2326,5825,0.0,0.0,0.0,0.001545064377682,0.020600858369099,0.146609442060086,0.431931330472103,0.39931330472103
4,4,0,0,0,7,118,843,2454,2398,5820,0.0,0.0,0.0,0.001202749140893,0.020274914089347,0.144845360824742,0.421649484536082,0.412027491408935
4,5,0,0,0,7,145,863,2451,2349,5815,0.0,0.0,0.0,0.001203783319003,0.024935511607911,0.148409286328461,0.421496130696475,0.403955288048151
4,6,0,0,0,8,128,870,2482,2322,5810,0.0,0.0,0.0,0.001376936316695,0.022030981067126,0.14974182444062,0.427194492254733,0.399655765920826
4,7,0,0,0,9,130,866,2450,2350,5805,0.0,0.0,0.0,0.001550387596899,0.022394487510767,0.149181739879414,0.422049956933678,0.404823428079242
4,8,0,0,0,11,113,901,2444,2331,5800,0.0,0.0,0.0,0.001896551724138,0.01948275862069,0.155344827586207,0.421379310344828,0.401896551724138
4,9,0,0,0,11,143,830,2471,2340,5795,0.0,0.0,0.0,0.001898188093184,0.024676445211389,0.143226919758412,0.426402070750647,0.403796376186368
4,10,0,0,0,6,136,943,2449,2256,5790,0.0,0.0,0.0,0.001036269430052,0.023488773747841,0.16286701208981,0.422970639032815,0.389637305699482
4,11,0,0,0,8,141,851,2495,2290,5785,0.0,0.0,0.0,0.001382886776145,0.024373379429559,0.147104580812446,0.431287813310285,0.395851339671564
4,12,0,0,0,11,132,843,2458,2336,5780,0.0,0.0,0.0,0.001903114186851,0.022837370242215,0.145847750865052,0.425259515570934,0.404152249134948
4,13,0,0,0,7,137,861,2452,2318,5775,0.0,0.0,0.0,0.001212121212121,0.023722943722944,0.149090909090909,0.424588744588745,0.401385281385281
4,14,0,0,0,11,116,899,2456,2288,5770,0.0,0.0,0.0,0.001906412478336,0.020103986135182,0.15580589254766,0.425649913344887,0.396533795493934
4,15,0,0,0,9,112,864,2439,2341,5765,0.0,0.0,0.0,0.001561144839549,0.019427580225499,0.149869904596704,0.42307025151778,0.406071118820468
4,16,0,0,0,14,140,886,2433,2287,5760,0.0,0.0,0.0,0.002430555555556,0.024305555555556,0.153819444444444,0.422395833333333,0.397048611111111
4,17,0,0,0,4,128,881,2450,2292,5755,0.0,0.0,0.0,0.000695047784535,0.022241529105126,0.153084274543875,0.425716768027802,0.398262380538662
4,18,0,0,1,10,144,851,2429,2315,5750,0.0,0.0,0.000173913043478,0.001739130434783,0.02504347826087,0.148,0.422434782608696,0.402608695652174
4,19,0,0,0,4,116,872,2446,2307,5745,0.0,0.0,0.0,0.000696257615318,0.020191470844212,0.151784160139252,0.425761531766754,0.401566579634465
4,20,0,0,0,7,140,859,2428,2306,5740,0.0,0.0,0.0,0.001219512195122,0.024390243902439,0.149651567944251,0.422996515679443,0.401742160278746
4,21,0,0,1,11,126,843,2412,2342,5735,0.0,0.0,0.000174367916303,0.001918047079337,0.021970357454228,0.146992153443766,0.420575414123801,0.408369659982563
4,22,0,0,0,6,132,875,2425,2292,5730,0.0,0.0,0.0,0.001047120418848,0.02303664921466,0.152705061082024,0.423211169284468,0.4
4,23,0,0,0,5,128,858,2467,2267,5725,0.0,0.0,0.0,0.000873362445415,0.02235807860262,0.149868995633188,0.430917030567686,0.395982532751092
4,24,0,0,1,7,130,843,2485,2254,5720,0.0,0.0,0.000174825174825,0.001223776223776,0.022727272727273,0.147377622377622,0.434440559440559,0.394055944055944
4,25,0,0,0,12,134,897,2387,2285,5715,0.0,0.0,0.0,0.002099737532808,0.02344706911636,0.156955380577428,0.417672790901137,0.399825021872266
4,26,0,0,0,7,130,885,2398,2290,5710,0.0,0.0,0.0,0.00122591943958,0.02276707530648,0.154991243432574,0.419964973730298,0.401050788091068
4,27,0,0,0,10,151,828,2401,2315,5705,0.0,0.0,0.0,0.001752848378615,0.02646801051709,0.145135845749343,0.420858895705521,0.40578439964943
4,28,0,0,0,7,122,858,2434,2279,5700,0.0,0.0,0.0,0.001228070175439,0.02140350877193,0.150526315789474,0.427017543859649,0.399824561403509
4,29,0,0,1,4,136,853,2370,2331,5695,0.0,0.0,0.00017559262511,0.000702370500439,0.023880597014925,0.149780509218613,0.416154521510097,0.409306409130817
4,30,0,0,0,8,137,861,2420,2264,5690,0.0,0.0,0.0,0.001405975395431,0.024077328646749,0.151318101933216,0.42530755711775,0.397891036906854
4,31,0,0,0,2,125,879,2385,2294,5685,0.0,0.0,0.0,0.000351802990325,0.021987686895339,0.154617414248021,0.419525065963061,0.403518029903254
4,32,0,0,0,4,128,867,2404,2277,5680,0.0,0.0,0.0,0.000704225352113,0.022535211267606,0.152640845070423,0.423239436619718,0.400880281690141
4,33,0,0,0,8,129,853,2411,2274,5675,0.0,0.0,0.0,0.001409691629956,0.02273127753304,0.150308370044053,0.424845814977974,0.400704845814978
4,34,0,0,0,6,124,796,2405,2339,5670,0.0,0.0,0.0,0.001058201058201,0.021869488536155,0.140388007054674,0.424162257495591,0.412522045855379
4,35,0,0,0,5,125,830,2468,2237,5665,0.0,0.0,0.0,0.000882612533098,0.022065313327449,0.146513680494263,0.435657546337158,0.394880847308032
4,36,0,0,0,4,134,861,2400,2261,5660,0.0,0.0,0.0,0.000706713780919,0.023674911660777,0.152120141342756,0.424028268551237,0.399469964664311
4,37,0,0,0,7,127,866,2420,2235,5655,0.0,0.0,0.0,0.001237842617153,0.022458001768347,0.153138815207781,0.427939876215738,0.395225464190981
4,38,0,0,1,9,111,858,2375,2296,5650,0.0,0.0,0.000176991150442,0.001592920353982,0.019646017699115,0.151858407079646,0.420353982300885,0.406371681415929
4,39,0,0,1,7,118,872,2411,2236,5645,0.0,0.0,0.000177147918512,0.001240035429584,0.020903454384411,0.154472984942427,0.427103631532329,0.396102745792737
4,40,0,0,0,8,145,863,2381,2243,5640,0.0,0.0,0.0,0.001418439716312,0.025709219858156,0.153014184397163,0.422163120567376,0.397695035460993
4,41,0,0,0,17,111,837,2374,2296,5635,0.0,0.0,0.0,0.00301685891748,0.019698314108252,0.148535936113576,0.421295474711624,0.407453416149068
4,42,0,0,0,4,147,820,2397,2262,5630,0.0,0.0,0.0,0.000710479573712,0.026110124333925,0.145648312611012,0.425754884547069,0.401776198934281
4,43,0,0,0,10,137,829,2414,2235,5625,0.0,0.0,0.0,0.001777777777778,0.024355555555556,0.147377777777778,0.429155555555556,0.397333333333333
4,44,0,0,0,14,122,779,2439,2266,5620,0.0,0.0,0.0,0.002491103202847,0.021708185053381,0.138612099644128,0.433985765124555,0.403202846975089
4,45,0,0,0,11,131,869,2360,2244,5615,0.0,0.0,0.0,0.001959038290294,0.0233303650935,0.154764024933215,0.420302760463045,0.399643811219947
4,46,0,0,0,5,132,862,2347,2264,5610,0.0,0.0,0.0,0.000891265597148,0.023529411764706,0.153654188948307,0.418360071301248,0.403565062388592
4,47,0,0,0,15,118,801,2414,2257,5605,0.0,0.0,0.0,0.002676181980375,0.021052631578947,0.142908117752007,0.430686886708296,0.402676181980375
4,48,0,0,0,8,136,870,2391,2195,5600,0.0,0.0,0.0,0.001428571428571,0.024285714285714,0.155357142857143,0.426964285714286,0.391964285714286
4,49,0,0,0,8,141,859,2365,2222,5595,0.0,0.0,0.0,0.001429848078642,0.025201072386059,0.153529937444147,0.422698838248436,0.397140303842717
4,50,0,0,1,10,119,836,2375,2249,5590,0.0,0.0,0.000178890876565,0.001788908765653,0.02128801431127,0.149552772808587,0.424865831842576,0.402325581395349
4,51,0,0,0,8,119,866,2394,2198,5585,0.0,0.0,0.0,0.001432408236347,0.021307072515667,0.155058191584602,0.428648164726947,0.393554162936437
4,52,0,0,0,9,124,799,2337,2311,5580,0.0,0.0,0.0,0.001612903225806,0.022222222222222,0.143189964157706,0.418817204301075,0.41415770609319
4,53,0,0,0,7,124,861,2386,2197,5575,0.0,0.0,0.0,0.001255605381166,0.022242152466368,0.154439461883408,0.427982062780269,0.394080717488789
4,54,0,0,0,9,130,830,2373,2228,5570,0.0,0.0,0.0,0.001615798922801,0.023339317773788,0.149012567324955,0.426032315978456,0.4
4,55,0,0,0,1,132,839,2340,2253,5565,0.0,0.0,0.0,0.000179694519317,0.023719676549865,0.150763701707098,0.420485175202156,0.404851752021563
4,56,0,0,0,11,151,854,2298,2246,5560,0.0,0.0,0.0,0.001978417266187,0.027158273381295,0.153597122302158,0.413309352517986,0.403956834532374
4,57,0,0,0,6,147,906,2337,2159,5555,0.0,0.0,0.0,0.001080108010801,0.026462646264626,0.163096309630963,0.420702070207021,0.388658865886589
4,58,0,0,0,3,121,875,2318,2233,5550,0.0,0.0,0.0,0.000540540540541,0.021801801801802,0.157657657657658,0.417657657657658,0.402342342342342
4,59,0,0,0,5,121,824,2351,2244,5545,0.0,0.0,0.0,0.000901713255185,0.021821460775473,0.148602344454463,0.423985572587917,0.404688908926961
4,60,0,0,0,10,143,834,2374,2179,5540,0.0,0.0,0.0,0.001805054151625,0.025812274368231,0.150541516245487,0.428519855595668,0.393321299638989
4,61,0,0,0,8,112,820,2355,2240,5535,0.0,0.0,0.0,0.001445347786811,0.020234869015357,0.148148148148148,0.425474254742547,0.404697380307136
4,62,0,0,1,8,127,869,2311,2214,5530,0.0,0.0,0.000180831826401,0.001446654611212,0.022965641952984,0.157142857142857,0.417902350813743,0.400361663652803
4,63,0,0,0,12,135,862,2322,2194,5525,0.0,0.0,0.0,0.002171945701357,0.024434389140271,0.156018099547511,0.42027149321267,0.39710407239819
4,64,0,0,0,9,128,812,2278,2293,5520,0.0,0.0,0.0,0.001630434782609,0.023188405797101,0.147101449275362,0.41268115942029,0.415398550724638
4,65,0,0,1,8,127,814,2367,2198,5515,0.0,0.0,0.000181323662738,0.001450589301904,0.023028105167724,0.147597461468722,0.429193109700816,0.398549410698096
4,66,0,0,0,3,120,834,2276,2277,5510,0.0,0.0,0.0,0.0005444646098,0.021778584392015,0.151361161524501,0.413067150635209,0.413248638838476
4,67,0,0,0,11,108,791,2365,2230,5505,0.0,0.0,0.0,0.001998183469573,0.019618528610354,0.143687556766576,0.42960944595822,0.405086285195277
4,68,0,0,0,17,131,862,2317,2173,5500,0.0,0.0,0.0,0.003090909090909,0.023818181818182,0.156727272727273,0.421272727272727,0.395090909090909
4,69,0,0,1,7,113,839,2313,2222,5495,0.0,0.0,0.000181983621474,0.001273885350318,0.02056414922657,0.152684258416742,0.420928116469518,0.404367606915378
4,70,0,0,0,10,118,836,2355,2171,5490,0.0,0.0,0.0,0.001821493624772,0.021493624772313,0.152276867030965,0.42896174863388,0.395446265938069
4,71,0,0,0,9,118,794,2348,2216,5485,0.0,0.0,0.0,0.001640838650866,0.02151321786691,0.144758432087511,0.428076572470374,0.404010938924339
4,72,0,0,0,4,139,831,2277,2229,5480,0.0,0.0,0.0,0.000729927007299,0.02536496350365,0.151642335766423,0.415510948905109,0.406751824817518
4,73,0,0,0,9,128,860,2339,2139,5475,0.0,0.0,0.0,0.001643835616438,0.02337899543379,0.157077625570776,0.427214611872146,0.390684931506849
4,74,0,0,0,7,115,853,2291,2204,5470,0.0,0.0,0.0,0.00127970749543,0.021023765996344,0.155941499085923,0.418829981718464,0.402925045703839
4,75,0,0,0,10,112,847,2306,2190,5465,0.0,0.0,0.0,0.001829826166514,0.020494053064959,0.154986276303751,0.42195791399817,0.400731930466606
4,76,0,0,0,8,135,869,2298,2150,5460,0.0,0.0,0.0,0.001465201465201,0.024725274725275,0.159157509157509,0.420879120879121,0.393772893772894
4,77,0,0,0,10,104,796,2322,2223,5455,0.0,0.0,0.0,0.001833180568286,0.019065077910174,0.145921173235564,0.425664527956004,0.407516040329973
4,78,0,0,0,3,121,840,2283,2203,5450,0.0,0.0,0.0,0.000550458715596,0.022201834862385,0.154128440366972,0.418899082568807,0.404220183486239
4,79,0,0,0,7,115,843,2316,2164,5445,0.0,0.0,0.0,0.001285583103765,0.021120293847567,0.154820936639118,0.42534435261708,0.39742883379247
4,80,0,0,0,3,122,868,2321,2126,5440,0.0,0.0,0.0,0.000551470588235,0.022426470588235,0.159558823529412,0.426654411764706,0.390808823529412
4,81,0,0,0,11,109,827,2327,2161,5435,0.0,0.0,0.0,0.002023919043238,0.020055197792088,0.152161913523459,0.428150873965041,0.397608095676173
4,82,0,0,1,6,120,813,2343,2147,5430,0.0,0.0,0.000184162062615,0.001104972375691,0.022099447513812,0.149723756906077,0.431491712707182,0.395395948434622
4,83,0,0,0,9,117,826,2245,2228,5425,0.0,0.0,0.0,0.001658986175115,0.021566820276498,0.152258064516129,0.413824884792627,0.410691244239631
4,84,0,0,1,6,122,880,2335,2076,5420,0.0,0.0,0.000184501845018,0.001107011070111,0.022509225092251,0.162361623616236,0.430811808118081,0.383025830258303
4,85,0,0,0,10,111,835,2307,2152,5415,0.0,0.0,0.0,0.001846722068329,0.020498614958449,0.154201292705448,0.426038781163435,0.39741458910434
4,86,0,0,0,6,106,797,2343,2158,5410,0.0,0.0,0.0,0.001109057301294,0.019593345656192,0.14731977818854,0.433086876155268,0.398890942698706
4,87,0,0,0,11,131,814,2278,2171,5405,0.0,0.0,0.0,0.002035152636448,0.024236817761332,0.150601295097132,0.421461609620722,0.401665124884366
4,88,0,0,0,5,114,840,2249,2192,5400,0.0,0.0,0.0,0.000925925925926,0.021111111111111,0.155555555555556,0.416481481481482,0.405925925925926
4,89,0,0,0,11,126,844,2258,2156,5395,0.0,0.0,0.0,0.002038924930491,0.023354958294717,0.156441149212234,0.418535681186284,0.399629286376274
4,90,0,0,0,7,113,830,2264,2176,5390,0.0,0.0,0.0,0.001298701298701,0.020964749536178,0.153988868274583,0.420037105751391,0.403710575139147
4,91,0,0,0,5,133,841,2273,2133,5385,0.0,0.0,0.0,0.000928505106778,0.024698235840297,0.156174558960074,0.422098421541318,0.396100278551532
4,92,0,0,0,7,121,843,2272,2137,5380,0.0,0.0,0.0,0.001301115241636,0.022490706319703,0.156691449814126,0.422304832713755,0.397211895910781
4,93,0,0,0,13,126,842,2270,2124,5375,0.0,0.0,0.0,0.002418604651163,0.023441860465116,0.156651162790698,0.422325581395349,0.395162790697674
4,94,0,0,0,6,126,827,2228,2183,5370,0.0,0.0,0.0,0.001117318435754,0.023463687150838,0.154003724394786,0.414897579143389,0.406517690875233
4,95,0,0,0,11,120,854,2246,2134,5365,0.0,0.0,0.0,0.002050326188257,0.022367194780988,0.159179869524697,0.418639328984157,0.397763280521901
4,96,0,0,0,4,121,800,2299,2136,5360,0.0,0.0,0.0,0.000746268656716,0.022574626865672,0.149253731343284,0.428917910447761,0.398507462686567
4,97,0,0,0,5,119,836,2291,2104,5355,0.0,0.0,0.0,0.00093370681606,0.022222222222222,0.156115779645191,0.427824463118581,0.392903828197946
4,98,0,0,0,9,124,872,2235,2110,5350,0.0,0.0,0.0,0.001682242990654,0.023177570093458,0.162990654205607,0.417757009345794,0.394392523364486
4,99,0,0,0,6,130,806,2299,2104,5345,0.0,0.0,0.0,0.001122544434051,0.024321796071094,0.150795135640786,0.430121608980355,0.393638914873714
4,100,0,0,0,7,130,825,2222,2156,5340,0.0,0.0,0.0,0.001310861423221,0.02434456928839,0.154494382022472,0.416104868913858,0.40374531835206
4,101,0,0,1,8,114,843,2280,2089,5335,0.0,0.0,0.000187441424555,0.001499531396439,0.02136832239925,0.158013120899719,0.427366447985005,0.391565135895033
4,102,0,0,0,7,102,842,2253,2126,5330,0.0,0.0,0.0,0.001313320825516,0.019136960600375,0.15797373358349,0.422701688555347,0.398874296435272
4,103,0,0,0,10,117,768,2315,2115,5325,0.0,0.0,0.0,0.0018779342723,0.021971830985915,0.144225352112676,0.434741784037559,0.397183098591549
4,104,0,0,1,11,119,827,2225,2137,5320,0.0,0.0,0.000187969924812,0.002067669172932,0.022368421052632,0.155451127819549,0.418233082706767,0.401691729323308
4,105,0,0,0,4,134,794,2224,2159,5315,0.0,0.0,0.0,0.000752587017874,0.025211665098777,0.149388523047977,0.418438381937912,0.40620884289746
4,106,0,0,0,7,124,788,2317,2074,5310,0.0,0.0,0.0,0.001318267419962,0.023352165725047,0.148399246704331,0.436346516007533,0.390583804143126
4,107,0,0,0,9,127,801,2260,2108,5305,0.0,0.0,0.0,0.001696512723845,0.023939679547597,0.150989632422243,0.426013195098963,0.397360980207352
4,108,0,0,0,7,135,783,2199,2176,5300,0.0,0.0,0.0,0.001320754716981,0.025471698113208,0.147735849056604,0.414905660377358,0.410566037735849
4,109,0,0,0,8,118,748,2265,2156,5295,0.0,0.0,0.0,0.001510859301228,0.022285174693107,0.141265344664778,0.427762039660057,0.407176581680831
4,110,0,0,0,7,115,825,2239,2104,5290,0.0,0.0,0.0,0.001323251417769,0.021739130434783,0.155954631379962,0.423251417769376,0.39773156899811
4,111,0,0,0,6,105,788,2282,2104,5285,0.0,0.0,0.0,0.001135288552507,0.019867549668874,0.149101229895932,0.431788079470199,0.398107852412488
4,112,0,0,0,5,115,817,2218,2125,5280,0.0,0.0,0.0,0.00094696969697,0.021780303030303,0.154734848484848,0.420075757575758,0.402462121212121
4,113,0,0,0,10,126,798,2268,2073,5275,0.0,0.0,0.0,0.001895734597156,0.023886255924171,0.151279620853081,0.429952606635071,0.392985781990521
4,114,0,0,0,9,112,796,2246,2107,5270,0.0,0.0,0.0,0.001707779886148,0.021252371916509,0.151043643263757,0.426185958254269,0.399810246679317
4,115,0,0,0,3,113,818,2233,2098,5265,0.0,0.0,0.0,0.000569800569801,0.021462488129155,0.155365622032289,0.424121557454891,0.398480531813865
4,116,0,0,0,7,107,810,2234,2102,5260,0.0,0.0,0.0,0.001330798479087,0.020342205323194,0.153992395437262,0.424714828897338,0.399619771863118
4,117,0,0,0,6,124,802,2208,2115,5255,0.0,0.0,0.0,0.001141769743102,0.023596574690771,0.152616555661275,0.420171265461465,0.402473834443387
4,118,0,0,0,5,127,796,2207,2115,5250,0.0,0.0,0.0,0.000952380952381,0.024190476190476,0.151619047619048,0.420380952380952,0.402857142857143
4,119,0,0,0,7,100,812,2189,2137,5245,0.0,0.0,0.0,0.001334604385129,0.01906577693041,0.154814108674929,0.417349857006673,0.40743565300286
4,120,0,0,0,8,112,804,2280,2036,5240,0.0,0.0,0.0,0.001526717557252,0.021374045801527,0.153435114503817,0.435114503816794,0.388549618320611
4,121,0,0,0,16,127,796,2142,2154,5235,0.0,0.0,0.0,0.00305635148042,0.024259789875836,0.152053486150907,0.409169054441261,0.411461318051576
4,122,0,0,0,9,115,779,2203,2124,5230,0.0,0.0,0.0,0.001720841300191,0.021988527724665,0.148948374760994,0.421223709369025,0.406118546845124
4,123,0,0,1,4,106,806,2261,2047,5225,0.0,0.0,0.000191387559809,0.000765550239234,0.020287081339713,0.154258373205742,0.432727272727273,0.39177033492823
4,124,0,0,0,7,124,801,2208,2080,5220,0.0,0.0,0.0,0.001340996168582,0.023754789272031,0.153448275862069,0.422988505747126,0.398467432950192
4,125,0,0,0,7,104,773,2228,2103,5215,0.0,0.0,0.0,0.001342281879195,0.019942473633749,0.148226270373921,0.427229146692234,0.403259827420901
4,126,0,0,0,9,104,815,2206,2076,5210,0.0,0.0,0.0,0.001727447216891,0.019961612284069,0.156429942418426,0.42341650671785,0.398464491362764
4,127,0,0,0,5,116,798,2183,2103,5205,0.0,0.0,0.0,0.000960614793468,0.022286263208453,0.153314121037464,0.41940441882805,0.404034582132565
4,128,0,0,0,13,121,767,2184,2115,5200,0.0,0.0,0.0,0.0025,0.023269230769231,0.1475,0.42,0.406730769230769
4,129,0,0,0,8,121,787,2225,2054,5195,0.0,0.0,0.0,0.001539942252166,0.023291626564004,0.151491819056785,0.428296438883542,0.395380173243503
4,130,0,0,0,7,128,772,2220,2063,5190,0.0,0.0,0.0,0.001348747591522,0.024662813102119,0.148747591522158,0.427745664739884,0.397495183044316
4,131,0,0,0,4,117,798,2176,2090,5185,0.0,0.0,0.0,0.000771456123433,0.022565091610415,0.153905496624879,0.419672131147541,0.403085824493732
4,132,0,0,0,6,124,798,2195,2057,5180,0.0,0.0,0.0,0.001158301158301,0.023938223938224,0.154054054054054,0.423745173745174,0.397104247104247
4,133,0,0,0,9,121,792,2233,2020,5175,0.0,0.0,0.0,0.001739130434783,0.023381642512077,0.15304347826087,0.431497584541063,0.390338164251208
4,134,0,0,0,10,97,840,2164,2059,5170,0.0,0.0,0.0,0.001934235976789,0.018762088974855,0.16247582205029,0.418568665377176,0.39825918762089
4,135,0,0,0,5,101,817,2227,2015,5165,0.0,0.0,0.0,0.000968054211036,0.019554695062924,0.158180058083253,0.431171345595353,0.390125847047435
4,136,0,0,0,6,125,742,2172,2115,5160,0.0,0.0,0.0,0.001162790697674,0.02422480620155,0.143798449612403,0.42093023255814,0.409883720930233
4,137,0,0,0,7,132,779,2187,2050,5155,0.0,0.0,0.0,0.001357904946654,0.02560620756547,0.151115421920466,0.424248302618817,0.397672162948594
4,138,0,0,0,5,107,723,2225,2090,5150,0.0,0.0,0.0,0.000970873786408,0.020776699029126,0.140388349514563,0.432038834951456,0.405825242718447
4,139,0,0,1,11,104,770,2157,2102,5145,0.0,0.0,0.00019436345967,0.002137998056365,0.020213799805637,0.149659863945578,0.419241982507289,0.408551992225462
4,140,0,0,0,5,108,731,2222,2074,5140,0.0,0.0,0.0,0.000972762645914,0.021011673151751,0.142217898832685,0.432295719844358,0.403501945525292
4,141,0,0,1,12,117,767,2156,2082,5135,0.0,0.0,0.000194741966894,0.002336903602726,0.022784810126582,0.149367088607595,0.419863680623174,0.405452775073028
4,142,0,0,0,3,107,779,2214,2027,5130,0.0,0.0,0.0,0.000584795321637,0.020857699805068,0.151851851851852,0.431578947368421,0.395126705653021
4,143,0,0,1,6,117,754,2218,2029,5125,0.0,0.0,0.00019512195122,0.001170731707317,0.022829268292683,0.147121951219512,0.432780487804878,0.39590243902439
4,144,0,0,1,10,113,762,2158,2076,5120,0.0,0.0,0.0001953125,0.001953125,0.0220703125,0.148828125,0.421484375,0.40546875
4,145,0,0,0,12,109,792,2130,2072,5115,0.0,0.0,0.0,0.002346041055718,0.021309872922776,0.154838709677419,0.416422287390029,0.405083088954057
4,146,0,0,0,9,105,783,2109,2104,5110,0.0,0.0,0.0,0.001761252446184,0.020547945205479,0.153228962818004,0.412720156555773,0.41174168297456
4,147,0,0,0,4,119,798,2195,1989,5105,0.0,0.0,0.0,0.000783545543585,0.023310479921645,0.156317335945152,0.429970617042116,0.389618021547502
4,148,0,0,0,10,139,782,2122,2047,5100,0.0,0.0,0.0,0.001960784313725,0.027254901960784,0.153333333333333,0.416078431372549,0.401372549019608
4,149,0,0,0,8,133,798,2159,1997,5095,0.0,0.0,0.0,0.001570166830226,0.026104023552502,0.156624141315015,0.423748773307164,0.391952894995093
4,150,0,0,0,5,125,706,2205,2049,5090,0.0,0.0,0.0,0.00098231827112,0.024557956777996,0.138703339882122,0.433202357563851,0.402554027504912
4,151,0,0,1,7,124,778,2204,1971,5085,0.0,0.0,0.000196656833825,0.001376597836775,0.024385447394297,0.152999016715831,0.433431661750246,0.387610619469027
4,152,0,0,0,4,126,801,2127,2022,5080,0.0,0.0,0.0,0.000787401574803,0.024803149606299,0.157677165354331,0.418700787401575,0.398031496062992
4,153,0,0,0,7,107,786,2158,2017,5075,0.0,0.0,0.0,0.001379310344828,0.021083743842365,0.15487684729064,0.425221674876847,0.39743842364532
4,154,0,0,0,7,124,784,2169,1986,5070,0.0,0.0,0.0,0.00138067061144,0.024457593688363,0.154635108481262,0.427810650887574,0.391715976331361
4,155,0,0,0,4,92,763,2158,2048,5065,0.0,0.0,0.0,0.000789733464956,0.018163869693978,0.150641658440276,0.426061204343534,0.404343534057256
4,156,0,0,0,5,116,829,2104,2006,5060,0.0,0.0,0.0,0.00098814229249,0.022924901185771,0.163833992094862,0.415810276679842,0.396442687747036
4,157,0,0,0,9,94,768,2116,2068,5055,0.0,0.0,0.0,0.001780415430267,0.018595450049456,0.151928783382789,0.418595450049456,0.409099901088032
4,158,0,0,0,4,128,763,2114,2041,5050,0.0,0.0,0.0,0.000792079207921,0.025346534653465,0.151089108910891,0.418613861386139,0.404158415841584
4,159,0,0,0,7,131,754,2142,2011,5045,0.0,0.0,0.0,0.001387512388503,0.025966303270565,0.149454905847374,0.424578790882061,0.398612487611497
4,160,0,0,0,12,124,750,2165,1989,5040,0.0,0.0,0.0,0.002380952380952,0.024603174603175,0.148809523809524,0.429563492063492,0.394642857142857
4,161,0,0,0,6,116,751,2152,2010,5035,0.0,0.0,0.0,0.001191658391261,0.023038728897716,0.149155908639523,0.427408142999007,0.399205561072493
4,162,0,0,0,6,134,734,2194,1962,5030,0.0,0.0,0.0,0.001192842942346,0.026640159045726,0.145924453280318,0.436182902584493,0.390059642147117
4,163,0,0,1,3,110,802,2134,1975,5025,0.0,0.0,0.000199004975124,0.000597014925373,0.021890547263682,0.159601990049751,0.424676616915423,0.393034825870647
4,164,0,0,1,3,109,685,2169,2053,5020,0.0,0.0,0.000199203187251,0.000597609561753,0.021713147410359,0.136454183266932,0.43207171314741,0.408964143426295
4,165,0,0,0,6,118,752,2126,2013,5015,0.0,0.0,0.0,0.001196410767697,0.023529411764706,0.149950149551346,0.423928215353938,0.401395812562313
4,166,0,0,0,4,114,772,2157,1963,5010,0.0,0.0,0.0,0.000798403193613,0.022754491017964,0.154091816367265,0.430538922155689,0.391816367265469
4,167,0,0,0,4,125,736,2173,1967,5005,0.0,0.0,0.0,0.000799200799201,0.024975024975025,0.147052947052947,0.434165834165834,0.393006993006993
4,168,0,0,1,9,89,793,2081,2027,5000,0.0,0.0,0.0002,0.0018,0.0178,0.1586,0.4162,0.4054
4,169,0,0,1,12,108,770,2109,1995,4995,0.0,0.0,0.0002002002002,0.002402402402402,0.021621621621622,0.154154154154154,0.422222222222222,0.399399399399399
4,170,0,0,0,6,102,758,2086,2038,4990,0.0,0.0,0.0,0.001202404809619,0.020440881763527,0.15190380761523,0.418036072144289,0.408416833667335
4,171,0,0,0,13,112,767,2107,1986,4985,0.0,0.0,0.0,0.002607823470411,0.02246740220662,0.153861584754263,0.422668004012036,0.39839518555667
4,172,0,0,0,4,118,729,2169,1960,4980,0.0,0.0,0.0,0.000803212851406,0.023694779116466,0.146385542168675,0.435542168674699,0.393574297188755
4,173,0,0,0,10,113,752,2133,1967,4975,0.0,0.0,0.0,0.002010050251256,0.022713567839196,0.151155778894472,0.428743718592965,0.395376884422111
4,174,0,0,0,5,102,809,2101,1953,4970,0.0,0.0,0.0,0.001006036217304,0.020523138832998,0.162776659959759,0.422736418511066,0.392957746478873
4,175,0,0,0,6,102,734,2100,2023,4965,0.0,0.0,0.0,0.001208459214502,0.020543806646526,0.147834843907351,0.422960725075529,0.407452165156093
4,176,0,0,0,4,113,751,2118,1974,4960,0.0,0.0,0.0,0.000806451612903,0.022782258064516,0.151411290322581,0.427016129032258,0.397983870967742
4,177,0,0,0,10,121,786,2046,1992,4955,0.0,0.0,0.0,0.002018163471241,0.024419778002018,0.158627648839556,0.412916246215943,0.402018163471241
4,178,0,0,0,7,108,733,2160,1942,4950,0.0,0.0,0.0,0.001414141414141,0.021818181818182,0.148080808080808,0.436363636363636,0.392323232323232
4,179,0,0,0,3,110,694,2143,1995,4945,0.0,0.0,0.0,0.000606673407482,0.022244691607685,0.140343781597573,0.433367037411527,0.403437815975733
4,180,0,0,0,7,99,752,2074,2008,4940,0.0,0.0,0.0,0.001417004048583,0.02004048582996,0.152226720647773,0.419838056680162,0.406477732793522
4,181,0,0,1,10,112,699,2173,1940,4935,0.0,0.0,0.000202634245187,0.002026342451874,0.022695035460993,0.141641337386018,0.4403242147923,0.393110435663627
4,182,0,0,0,6,119,716,2123,1966,4930,0.0,0.0,0.0,0.001217038539554,0.024137931034483,0.145233265720081,0.430628803245436,0.398782961460446
4,183,0,0,0,13,106,765,2123,1918,4925,0.0,0.0,0.0,0.002639593908629,0.021522842639594,0.155329949238579,0.431065989847716,0.389441624365482
4,184,0,0,0,10,115,713,2106,1976,4920,0.0,0.0,0.0,0.002032520325203,0.023373983739837,0.144918699186992,0.428048780487805,0.401626016260163
4,185,0,0,0,7,100,699,2085,2024,4915,0.0,0.0,0.0,0.001424211597152,0.020345879959308,0.142217700915565,0.424211597151577,0.411800610376399
4,186,0,0,0,6,121,803,2062,1918,4910,0.0,0.0,0.0,0.00122199592668,0.024643584521385,0.163543788187373,0.419959266802444,0.390631364562118
4,187,0,0,0,9,93,689,2162,1952,4905,0.0,0.0,0.0,0.001834862385321,0.018960244648318,0.140468909276249,0.440774719673802,0.39796126401631
4,188,0,0,0,3,119,759,2031,1988,4900,0.0,0.0,0.0,0.000612244897959,0.024285714285714,0.154897959183673,0.414489795918367,0.405714285714286
4,189,0,0,0,4,113,721,2073,1984,4895,0.0,0.0,0.0,0.000817160367722,0.023084780388151,0.14729315628192,0.423493360572012,0.405311542390194
4,190,0,0,0,9,101,768,2055,1957,4890,0.0,0.0,0.0,0.001840490797546,0.020654396728016,0.157055214723926,0.420245398773006,0.400204498977505
4,191,0,0,1,1,112,736,2059,1976,4885,0.0,0.0,0.000204708290686,0.000204708290686,0.022927328556807,0.150665301944729,0.421494370522006,0.404503582395087
4,192,0,0,1,5,87,740,2122,1925,4880,0.0,0.0,0.000204918032787,0.001024590163934,0.017827868852459,0.151639344262295,0.43483606557377,0.394467213114754
4,193,0,0,0,6,103,720,2047,1999,4875,0.0,0.0,0.0,0.001230769230769,0.021128205128205,0.147692307692308,0.419897435897436,0.410051282051282
4,194,0,0,0,10,104,762,2095,1899,4870,0.0,0.0,0.0,0.002053388090349,0.02135523613963,0.1564681724846,0.430184804928131,0.38993839835729
4,195,0,0,0,7,116,708,2096,1938,4865,0.0,0.0,0.0,0.001438848920863,0.023843782117163,0.145529290853032,0.430832476875642,0.398355601233299
4,196,0,0,0,1,104,750,2022,1983,4860,0.0,0.0,0.0,0.000205761316872,0.021399176954733,0.154320987654321,0.416049382716049,0.408024691358025
4,197,0,0,0,6,110,729,2066,1944,4855,0.0,0.0,0.0,0.001235839340886,0.022657054582904,0.150154479917611,0.425540679711638,0.400411946446962
4,198,0,0,0,7,108,718,2052,1965,4850,0.0,0.0,0.0,0.001443298969072,0.022268041237113,0.148041237113402,0.423092783505155,0.405154639175258
4,199,0,0,0,7,105,720,2083,1930,4845,0.0,0.0,0.0,0.001444788441692,0.021671826625387,0.148606811145511,0.429927760577915,0.398348813209494
4,200,0,0,0,7,101,753,2028,1951,4840,0.0,0.0,0.0,0.001446280991736,0.020867768595041,0.155578512396694,0.41900826446281,0.403099173553719
4,201,0,0,0,8,116,763,2085,1863,4835,0.0,0.0,0.0,0.001654601861427,0.023991726990693,0.157807652533609,0.431230610134436,0.385315408479835
4,202,0,0,0,8,107,716,2022,1977,4830,0.0,0.0,0.0,0.001656314699793,0.022153209109731,0.14824016563147,0.418633540372671,0.409316770186335
4,203,0,0,0,7,115,659,2087,1957,4825,0.0,0.0,0.0,0.001450777202073,0.023834196891192,0.136580310880829,0.432538860103627,0.40559585492228
4,204,0,0,0,7,96,725,2111,1881,4820,0.0,0.0,0.0,0.001452282157676,0.019917012448133,0.150414937759336,0.437966804979253,0.390248962655602
4,205,0,0,0,19,115,799,2009,1873,4815,0.0,0.0,0.0,0.003946002076843,0.023883696780893,0.165939771547248,0.41723779854621,0.388992731048806
4,206,0,0,0,9,98,723,2037,1943,4810,0.0,0.0,0.0,0.001871101871102,0.02037422037422,0.15031185031185,0.423492723492723,0.403950103950104
4,207,0,0,0,7,104,742,1987,1965,4805,0.0,0.0,0.0,0.001456815816857,0.021644120707596,0.154422476586889,0.413527575442248,0.40894901144641
4,208,0,0,0,8,106,725,2054,1907,4800,0.0,0.0,0.0,0.001666666666667,0.022083333333333,0.151041666666667,0.427916666666667,0.397291666666667
4,209,0,0,0,6,114,772,1937,1966,4795,0.0,0.0,0.0,0.001251303441084,0.023774765380605,0.161001042752868,0.403962460896767,0.410010427528676
4,210,0,0,0,4,108,754,2042,1882,4790,0.0,0.0,0.0,0.000835073068894,0.022546972860125,0.15741127348643,0.426304801670146,0.392901878914405
4,211,0,0,1,9,106,698,2067,1904,4785,0.0,0.0,0.000208986415883,0.001880877742947,0.022152560083595,0.145872518286311,0.431974921630094,0.39791013584117
4,212,0,0,0,9,111,774,1969,1917,4780,0.0,0.0,0.0,0.001882845188285,0.023221757322176,0.161924686192469,0.411924686192469,0.401046025104603
4,213,0,0,0,2,117,741,1947,1968,4775,0.0,0.0,0.0,0.000418848167539,0.024502617801047,0.155183246073298,0.407748691099476,0.412146596858639
4,214,0,0,0,7,101,739,2030,1893,4770,0.0,0.0,0.0,0.00146750524109,0.021174004192872,0.154926624737945,0.425576519916143,0.39685534591195
4,215,0,0,0,10,113,724,2052,1866,4765,0.0,0.0,0.0,0.002098635886674,0.023714585519412,0.151941238195173,0.430640083945435,0.391605456453305
4,216,0,0,0,4,103,696,2101,1856,4760,0.0,0.0,0.0,0.000840336134454,0.021638655462185,0.146218487394958,0.441386554621849,0.389915966386555
4,217,0,0,0,10,101,721,1990,1933,4755,0.0,0.0,0.0,0.002103049421661,0.02124079915878,0.151629863301788,0.41850683491062,0.40651945320715
4,218,0,0,0,8,90,672,1997,1983,4750,0.0,0.0,0.0,0.001684210526316,0.018947368421053,0.141473684210526,0.420421052631579,0.417473684210526
4,219,0,0,0,5,95,739,1999,1907,4745,0.0,0.0,0.0,0.001053740779768,0.020021074815595,0.155742887249737,0.421285563751317,0.401896733403583
4,220,0,0,0,12,117,723,2048,1840,4740,0.0,0.0,0.0,0.00253164556962,0.024683544303797,0.15253164556962,0.432067510548523,0.388185654008439
4,221,0,0,0,6,114,669,2092,1854,4735,0.0,0.0,0.0,0.001267159450898,0.024076029567054,0.141288278775079,0.44181626187962,0.39155227032735
4,222,0,0,0,7,96,695,2018,1914,4730,0.0,0.0,0.0,0.001479915433404,0.020295983086681,0.146934460887949,0.426638477801269,0.404651162790698
4,223,0,0,0,4,117,697,1965,1942,4725,0.0,0.0,0.0,0.000846560846561,0.024761904761905,0.147513227513228,0.415873015873016,0.411005291005291
4,224,0,0,0,9,108,733,2036,1834,4720,0.0,0.0,0.0,0.001906779661017,0.022881355932203,0.155296610169492,0.43135593220339,0.388559322033898
4,225,0,0,0,7,121,742,2006,1839,4715,0.0,0.0,0.0,0.001484623541888,0.025662778366914,0.157370095440085,0.425450689289502,0.390031813361612
4,226,0,0,0,8,113,715,1987,1887,4710,0.0,0.0,0.0,0.001698513800425,0.023991507430998,0.151804670912951,0.421868365180467,0.400636942675159
4,227,0,0,0,4,106,730,1973,1892,4705,0.0,0.0,0.0,0.000850159404888,0.022529224229543,0.155154091392136,0.419341126461211,0.402125398512221
4,228,0,0,0,3,89,725,1997,1886,4700,0.0,0.0,0.0,0.00063829787234,0.018936170212766,0.154255319148936,0.424893617021277,0.401276595744681
4,229,0,0,0,7,106,705,1951,1926,4695,0.0,0.0,0.0,0.001490947816826,0.022577209797657,0.150159744408946,0.415548455804047,0.410223642172524
4,230,0,0,0,8,96,682,1955,1949,4690,0.0,0.0,0.0,0.001705756929638,0.02046908315565,0.145415778251599,0.416844349680171,0.415565031982942
4,231,0,0,0,8,122,719,1967,1869,4685,0.0,0.0,0.0,0.0017075773746,0.026040554962647,0.153468516542156,0.419850586979722,0.398932764140875
4,232,0,0,0,5,110,701,1967,1897,4680,0.0,0.0,0.0,0.001068376068376,0.023504273504274,0.149786324786325,0.420299145299145,0.40534188034188
4,233,0,0,0,7,104,709,1961,1894,4675,0.0,0.0,0.0,0.001497326203209,0.022245989304813,0.151657754010695,0.419465240641711,0.405133689839572
4,234,0,0,1,3,98,699,2017,1852,4670,0.0,0.0,0.000214132762313,0.000642398286938,0.020985010706638,0.149678800856531,0.431905781584582,0.396573875802998
4,235,0,0,0,7,117,707,1964,1870,4665,0.0,0.0,0.0,0.001500535905681,0.02508038585209,0.151554126473741,0.421007502679528,0.40085744908896
4,236,0,0,0,9,112,735,1977,1827,4660,0.0,0.0,0.0,0.001931330472103,0.024034334763948,0.157725321888412,0.424248927038627,0.39206008583691
4,237,0,0,0,8,120,731,1963,1833,4655,0.0,0.0,0.0,0.00171858216971,0.02577873254565,0.15703544575725,0.421697099892589,0.393770139634801
4,238,0,0,0,4,115,716,1989,1826,4650,0.0,0.0,0.0,0.000860215053763,0.024731182795699,0.153978494623656,0.427741935483871,0.392688172043011
4,239,0,0,0,7,111,712,1956,1859,4645,0.0,0.0,0.0,0.001506996770721,0.023896663078579,0.153283100107643,0.421097954790097,0.40021528525296
4,240,0,0,0,5,91,733,2021,1790,4640,0.0,0.0,0.0,0.001077586206897,0.019612068965517,0.157974137931034,0.435560344827586,0.385775862068966
4,241,0,0,0,9,124,679,1985,1838,4635,0.0,0.0,0.0,0.001941747572816,0.026752966558792,0.146494066882416,0.428263214670982,0.396548004314995
4,242,0,0,0,5,112,682,2010,1821,4630,0.0,0.0,0.0,0.001079913606911,0.024190064794816,0.147300215982721,0.434125269978402,0.393304535637149
4,243,0,0,1,3,106,691,1924,1900,4625,0.0,0.0,0.000216216216216,0.000648648648649,0.022918918918919,0.149405405405405,0.416,0.410810810810811
4,244,0,0,1,11,96,698,1941,1873,4620,0.0,0.0,0.00021645021645,0.002380952380952,0.020779220779221,0.151082251082251,0.42012987012987,0.405411255411255
4,245,0,0,0,4,106,664,1960,1881,4615,0.0,0.0,0.0,0.000866738894908,0.02296858071506,0.143878656554713,0.424702058504875,0.407583965330444
4,246,0,0,0,7,106,669,1894,1934,4610,0.0,0.0,0.0,0.001518438177874,0.022993492407809,0.145119305856833,0.410845986984816,0.419522776572668
4,247,0,0,0,6,104,721,1985,1789,4605,0.0,0.0,0.0,0.001302931596091,0.022584147665581,0.15656894679696,0.431053203040174,0.388490770901194
4,248,0,0,0,8,89,695,2005,1803,4600,0.0,0.0,0.0,0.001739130434783,0.019347826086957,0.151086956521739,0.435869565217391,0.39195652173913
4,249,0,0,1,3,78,739,1925,1849,4595,0.0,0.0,0.000217627856366,0.000652883569097,0.016974972796518,0.160826985854189,0.418933623503808,0.402393906420022
4,250,0,0,0,0,98,713,2001,1778,4590,0.0,0.0,0.0,0.0,0.021350762527233,0.155337690631808,0.435947712418301,0.387363834422658
4,251,0,0,0,2,96,692,2071,1724,4585,0.0,0.0,0.0,0.000436205016358,0.020937840785169,0.15092693565976,0.451690294438386,0.376008724100327
4,252,0,0,0,3,130,701,1905,1841,4580,0.0,0.0,0.0,0.000655021834061,0.028384279475983,0.153056768558952,0.415938864628821,0.401965065502183
4,253,0,0,0,5,108,686,1925,1851,4575,0.0,0.0,0.0,0.001092896174863,0.023606557377049,0.149945355191257,0.420765027322404,0.404590163934426
4,254,0,0,0,3,106,728,1849,1884,4570,0.0,0.0,0.0,0.000656455142232,0.023194748358862,0.159299781181619,0.404595185995624,0.412253829321663
4,255,0,0,0,7,120,724,1871,1843,4565,0.0,0.0,0.0,0.001533406352683,0.026286966046002,0.158598028477547,0.409857612267251,0.403723986856517
4,256,0,0,0,6,101,714,1934,1805,4560,0.0,0.0,0.0,0.001315789473684,0.022149122807018,0.156578947368421,0.424122807017544,0.395833333333333
4,257,0,0,0,9,96,680,1918,1852,4555,0.0,0.0,0.0,0.001975850713502,0.021075740944018,0.149286498353458,0.421075740944018,0.406586169045005
4,258,0,0,0,5,96,696,1927,1826,4550,0.0,0.0,0.0,0.001098901098901,0.021098901098901,0.152967032967033,0.423516483516484,0.401318681318681
4,259,0,0,0,9,120,689,1889,1838,4545,0.0,0.0,0.0,0.001980198019802,0.026402640264026,0.151595159515952,0.415621562156216,0.404400440044004
4,260,0,0,1,8,106,697,1921,1807,4540,0.0,0.0,0.000220264317181,0.001762114537445,0.023348017621145,0.15352422907489,0.423127753303965,0.398017621145374
4,261,0,0,0,5,98,656,1951,1825,4535,0.0,0.0,0.0,0.001102535832415,0.021609702315325,0.144652701212789,0.430209481808159,0.402425578831312
4,262,0,0,0,9,98,669,1874,1880,4530,0.0,0.0,0.0,0.001986754966887,0.021633554083885,0.147682119205298,0.413686534216336,0.415011037527594
4,263,0,0,0,7,109,695,1894,1820,4525,0.0,0.0,0.0,0.001546961325967,0.024088397790055,0.153591160220994,0.418563535911602,0.402209944751381
4,264,0,0,0,4,103,676,1925,1812,4520,0.0,0.0,0.0,0.000884955752212,0.022787610619469,0.149557522123894,0.425884955752212,0.400884955752212
4,265,0,0,0,3,103,677,1872,1860,4515,0.0,0.0,0.0,0.000664451827243,0.02281284606866,0.149944629014396,0.414617940199336,0.411960132890365
4,266,0,0,0,3,103,650,1948,1806,4510,0.0,0.0,0.0,0.000665188470067,0.022838137472284,0.144124168514412,0.431929046563193,0.400443458980044
4,267,0,0,0,10,103,653,1962,1777,4505,0.0,0.0,0.0,0.002219755826859,0.022863485016648,0.144950055493896,0.435516093229745,0.394450610432852
4,268,0,0,1,8,94,694,1877,1826,4500,0.0,0.0,0.000222222222222,0.001777777777778,0.020888888888889,0.154222222222222,0.417111111111111,0.405777777777778
4,269,0,0,0,6,96,674,1916,1803,4495,0.0,0.0,0.0,0.001334816462736,0.021357063403782,0.149944382647386,0.426251390433815,0.40111234705228
4,270,0,0,0,8,107,666,1935,1774,4490,0.0,0.0,0.0,0.001781737193764,0.023830734966592,0.148329621380846,0.430957683741648,0.395100222717149
4,271,0,0,0,9,93,699,1907,1777,4485,0.0,0.0,0.0,0.002006688963211,0.020735785953177,0.155852842809365,0.425195094760312,0.396209587513935
4,272,0,0,0,6,100,665,1907,1802,4480,0.0,0.0,0.0,0.001339285714286,0.022321428571429,0.1484375,0.425669642857143,0.402232142857143
4,273,0,0,0,10,106,651,1956,1752,4475,0.0,0.0,0.0,0.002234636871508,0.023687150837989,0.145474860335196,0.437094972067039,0.391508379888268
4,274,0,0,0,5,102,688,1914,1761,4470,0.0,0.0,0.0,0.001118568232662,0.022818791946309,0.153914988814318,0.428187919463087,0.393959731543624
4,275,0,0,1,9,101,649,1871,1834,4465,0.0,0.0,0.000223964165733,0.002015677491601,0.022620380739082,0.14535274356103,0.419036954087346,0.410750279955207
4,276,0,0,0,10,101,682,1926,1741,4460,0.0,0.0,0.0,0.002242152466368,0.022645739910314,0.152914798206278,0.431838565022422,0.390358744394619
4,277,0,0,0,9,86,707,1875,1778,4455,0.0,0.0,0.0,0.002020202020202,0.019304152637486,0.158698092031425,0.420875420875421,0.399102132435466
4,278,0,0,0,10,97,672,1884,1787,4450,0.0,0.0,0.0,0.002247191011236,0.021797752808989,0.151011235955056,0.423370786516854,0.401573033707865
4,279,0,0,0,6,99,671,1877,1792,4445,0.0,0.0,0.0,0.001349831271091,0.022272215973003,0.15095613048369,0.422272215973003,0.403149606299213
4,280,0,0,0,4,114,643,1898,1781,4440,0.0,0.0,0.0,0.000900900900901,0.025675675675676,0.14481981981982,0.427477477477477,0.401126126126126
4,281,0,0,0,8,100,694,1853,1780,4435,0.0,0.0,0.0,0.001803833145434,0.022547914317926,0.156482525366404,0.417812852311161,0.401352874859076
4,282,0,0,1,4,106,706,1867,1746,4430,0.0,0.0,0.000225733634312,0.000902934537246,0.02392776523702,0.159367945823928,0.421444695259594,0.394130925507901
4,283,0,0,0,5,94,658,1922,1746,4425,0.0,0.0,0.0,0.001129943502825,0.021242937853107,0.148700564971751,0.434350282485876,0.394576271186441
4,284,0,0,0,7,100,668,1849,1796,4420,0.0,0.0,0.0,0.00158371040724,0.02262443438914,0.151131221719457,0.418325791855204,0.406334841628959
4,285,0,0,0,7,99,623,1924,1762,4415,0.0,0.0,0.0,0.00158550396376,0.02242355605889,0.141109852774632,0.435787089467724,0.399093997734994
4,286,0,0,0,5,106,632,1892,1775,4410,0.0,0.0,0.0,0.001133786848073,0.024036281179138,0.143310657596372,0.429024943310658,0.40249433106576
4,287,0,0,2,8,91,661,1851,1792,4405,0.0,0.0,0.000454029511918,0.001816118047673,0.020658342792281,0.15005675368899,0.420204313280363,0.406810442678774
4,288,0,0,0,4,117,652,1859,1768,4400,0.0,0.0,0.0,0.000909090909091,0.026590909090909,0.148181818181818,0.4225,0.401818181818182
4,289,0,0,0,6,113,596,1886,1794,4395,0.0,0.0,0.0,0.001365187713311,0.025711035267349,0.135608646188851,0.429124004550626,0.408191126279863
4,290,0,0,0,7,92,685,1820,1786,4390,0.0,0.0,0.0,0.001594533029613,0.020956719817768,0.156036446469248,0.414578587699317,0.406833712984055
4,291,0,0,0,4,107,684,1864,1726,4385,0.0,0.0,0.0,0.000912200684151,0.024401368301026,0.155986316989738,0.425085518814139,0.393614595210946
4,292,0,0,0,6,123,671,1826,1754,4380,0.0,0.0,0.0,0.001369863013699,0.028082191780822,0.153196347031963,0.41689497716895,0.400456621004566
4,293,0,0,0,6,114,608,1878,1769,4375,0.0,0.0,0.0,0.001371428571429,0.026057142857143,0.138971428571429,0.429257142857143,0.404342857142857
4,294,0,0,0,2,88,641,1873,1766,4370,0.0,0.0,0.0,0.00045766590389,0.020137299771167,0.146681922196796,0.428604118993135,0.404118993135011
4,295,0,0,0,7,104,639,1861,1754,4365,0.0,0.0,0.0,0.001603665521191,0.023825887743414,0.14639175257732,0.426345933562428,0.401832760595647
4,296,0,0,0,4,85,655,1874,1742,4360,0.0,0.0,0.0,0.000917431192661,0.019495412844037,0.150229357798165,0.429816513761468,0.39954128440367
4,297,0,0,0,3,89,662,1877,1724,4355,0.0,0.0,0.0,0.000688863375431,0.020436280137773,0.152009184845006,0.430998851894374,0.395866819747417
4,298,0,0,0,3,84,649,1895,1719,4350,0.0,0.0,0.0,0.000689655172414,0.019310344827586,0.149195402298851,0.435632183908046,0.395172413793103
4,299,0,0,0,8,96,622,1819,1800,4345,0.0,0.0,0.0,0.001841196777906,0.022094361334868,0.143153049482163,0.418642117376295,0.414269275028769
4,300,0,0,0,7,110,629,1872,1722,4340,0.0,0.0,0.0,0.001612903225806,0.025345622119816,0.144930875576037,0.431336405529954,0.396774193548387
4,301,0,0,0,6,97,697,1853,1682,4335,0.0,0.0,0.0,0.001384083044983,0.02237600922722,0.16078431372549,0.427450980392157,0.38800461361015
4,302,0,0,0,5,93,680,1779,1773,4330,0.0,0.0,0.0,0.001154734411085,0.021478060046189,0.157043879907621,0.410854503464203,0.409468822170901
4,303,0,0,0,5,126,658,1802,1734,4325,0.0,0.0,0.0,0.001156069364162,0.029132947976879,0.152138728323699,0.416647398843931,0.40092485549133
4,304,0,0,1,10,82,705,1763,1759,4320,0.0,0.0,0.000231481481481,0.002314814814815,0.018981481481481,0.163194444444444,0.408101851851852,0.407175925925926
4,305,0,0,0,7,108,672,1824,1704,4315,0.0,0.0,0.0,0.00162224797219,0.025028968713789,0.155735805330243,0.42271147161066,0.394901506373117
4,306,0,0,0,3,92,659,1868,1688,4310,0.0,0.0,0.0,0.000696055684455,0.021345707656613,0.152900232018561,0.433410672853828,0.391647331786543
4,307,0,0,0,3,98,672,1804,1728,4305,0.0,0.0,0.0,0.000696864111498,0.022764227642276,0.15609756097561,0.419047619047619,0.401393728222997
4,308,0,0,0,5,94,663,1809,1729,4300,0.0,0.0,0.0,0.001162790697674,0.021860465116279,0.154186046511628,0.420697674418605,0.402093023255814
4,309,0,0,2,4,101,642,1824,1722,4295,0.0,0.0,0.00046565774156,0.00093131548312,0.023515715948778,0.149476135040745,0.424679860302678,0.40093131548312
4,310,0,0,0,4,115,627,1856,1688,4290,0.0,0.0,0.0,0.000932400932401,0.026806526806527,0.146153846153846,0.432634032634033,0.393473193473193
4,311,0,0,0,5,81,607,1846,1746,4285,0.0,0.0,0.0,0.001166861143524,0.018903150525088,0.141656942823804,0.430805134189031,0.407467911318553
4,312,0,0,0,4,114,672,1768,1722,4280,0.0,0.0,0.0,0.000934579439252,0.026635514018692,0.157009345794393,0.413084112149533,0.402336448598131
4,313,0,0,0,7,83,699,1770,1716,4275,0.0,0.0,0.0,0.001637426900585,0.019415204678363,0.163508771929825,0.414035087719298,0.40140350877193
4,314,0,0,0,8,81,626,1812,1743,4270,0.0,0.0,0.0,0.001873536299766,0.018969555035129,0.146604215456674,0.424355971896956,0.408196721311475
4,315,0,0,0,8,108,642,1834,1673,4265,0.0,0.0,0.0,0.001875732708089,0.025322391559203,0.15052754982415,0.430011723329426,0.392262602579132
4,316,0,0,0,5,94,651,1770,1740,4260,0.0,0.0,0.0,0.001173708920188,0.022065727699531,0.152816901408451,0.415492957746479,0.408450704225352
4,317,0,0,0,9,87,650,1762,1747,4255,0.0,0.0,0.0,0.002115158636898,0.020446533490012,0.152761457109283,0.414101057579318,0.410575793184489
4,318,0,0,1,9,99,633,1806,1702,4250,0.0,0.0,0.000235294117647,0.002117647058824,0.023294117647059,0.148941176470588,0.424941176470588,0.400470588235294
4,319,0,0,0,3,98,666,1783,1695,4245,0.0,0.0,0.0,0.000706713780919,0.023085983510012,0.156890459363958,0.420023557126031,0.399293286219081
4,320,0,0,0,7,87,620,1779,1747,4240,0.0,0.0,0.0,0.001650943396226,0.020518867924528,0.14622641509434,0.419575471698113,0.412028301886792
4,321,0,0,0,9,104,679,1735,1708,4235,0.0,0.0,0.0,0.002125147579693,0.024557260920897,0.160330578512397,0.409681227863046,0.403305785123967
4,322,0,0,0,7,91,607,1870,1655,4230,0.0,0.0,0.0,0.001654846335697,0.021513002364066,0.143498817966903,0.442080378250591,0.391252955082742
4,323,0,0,0,4,95,633,1796,1697,4225,0.0,0.0,0.0,0.00094674556213,0.022485207100592,0.149822485207101,0.42508875739645,0.401656804733728
4,324,0,0,0,9,96,627,1781,1707,4220,0.0,0.0,0.0,0.002132701421801,0.022748815165877,0.148578199052133,0.422037914691943,0.404502369668246
4,325,0,0,0,1,104,663,1784,1663,4215,0.0,0.0,0.0,0.000237247924081,0.024673784104389,0.15729537366548,0.423250296559905,0.394543297746145
4,326,0,0,1,5,92,628,1825,1659,4210,0.0,0.0,0.000237529691211,0.001187648456057,0.021852731591449,0.14916864608076,0.433491686460808,0.394061757719715
4,327,0,0,0,8,83,609,1791,1714,4205,0.0,0.0,0.0,0.001902497027348,0.01973840665874,0.144827586206897,0.425921521997622,0.407609988109394
4,328,0,0,0,5,87,672,1788,1648,4200,0.0,0.0,0.0,0.001190476190476,0.020714285714286,0.16,0.425714285714286,0.392380952380952
4,329,0,0,1,5,87,639,1754,1709,4195,0.0,0.0,0.000238379022646,0.00119189511323,0.020738974970203,0.152324195470799,0.418116805721097,0.407389749702026
4,330,0,0,0,2,118,624,1781,1665,4190,0.0,0.0,0.0,0.000477326968974,0.028162291169451,0.148926014319809,0.425059665871122,0.397374701670644
4,331,0,0,0,9,94,613,1805,1664,4185,0.0,0.0,0.0,0.002150537634409,0.022461170848268,0.14647550776583,0.431302270011947,0.397610513739546
4,332,0,0,0,6,107,644,1764,1659,4180,0.0,0.0,0.0,0.001435406698565,0.025598086124402,0.154066985645933,0.42200956937799,0.39688995215311
4,333,0,0,1,3,109,644,1755,1663,4175,0.0,0.0,0.000239520958084,0.000718562874251,0.026107784431138,0.154251497005988,0.420359281437126,0.398323353293413
4,334,0,0,0,2,97,623,1763,1685,4170,0.0,0.0,0.0,0.000479616306954,0.02326139088729,0.149400479616307,0.422781774580336,0.404076738609113
4,335,0,0,0,7,100,657,1768,1633,4165,0.0,0.0,0.0,0.001680672268908,0.024009603841537,0.157743097238896,0.424489795918367,0.392076830732293
4,336,0,0,0,6,86,639,1728,1701,4160,0.0,0.0,0.0,0.001442307692308,0.020673076923077,0.153605769230769,0.415384615384615,0.408894230769231
4,337,0,0,0,8,63,633,1733,1718,4155,0.0,0.0,0.0,0.001925391095066,0.015162454873646,0.152346570397112,0.417087845968712,0.413477737665463
4,338,0,0,0,5,79,647,1790,1629,4150,0.0,0.0,0.0,0.001204819277108,0.019036144578313,0.155903614457831,0.431325301204819,0.392530120481928
4,339,0,0,0,5,88,630,1752,1670,4145,0.0,0.0,0.0,0.001206272617612,0.021230398069964,0.151990349819059,0.422677925211098,0.402895054282268
4,340,0,0,0,8,120,608,1725,1679,4140,0.0,0.0,0.0,0.001932367149758,0.028985507246377,0.146859903381643,0.416666666666667,0.405555555555556
4,341,0,0,0,2,108,615,1739,1671,4135,0.0,0.0,0.0,0.000483675937122,0.026118500604595,0.148730350665054,0.42055622732769,0.404111245465538
4,342,0,0,0,3,97,647,1715,1668,4130,0.0,0.0,0.0,0.000726392251816,0.023486682808717,0.156658595641646,0.415254237288136,0.403874092009685
4,343,0,0,0,7,93,638,1817,1570,4125,0.0,0.0,0.0,0.00169696969697,0.022545454545455,0.154666666666667,0.440484848484848,0.380606060606061
4,344,0,0,1,6,70,639,1731,1673,4120,0.0,0.0,0.000242718446602,0.001456310679612,0.016990291262136,0.155097087378641,0.420145631067961,0.406067961165049
4,345,0,0,0,5,93,616,1722,1679,4115,0.0,0.0,0.0,0.001215066828676,0.022600243013366,0.149696233292831,0.418469015795869,0.408019441069259
4,346,0,0,0,7,90,607,1748,1658,4110,0.0,0.0,0.0,0.001703163017032,0.021897810218978,0.147688564476886,0.425304136253041,0.403406326034063
4,347,0,0,0,5,87,664,1743,1606,4105,0.0,0.0,0.0,0.00121802679659,0.021193666260658,0.161753958587089,0.424604141291108,0.391230207064555
4,348,0,0,0,8,102,607,1742,1641,4100,0.0,0.0,0.0,0.001951219512195,0.024878048780488,0.148048780487805,0.424878048780488,0.400243902439024
4,349,0,0,0,3,79,619,1768,1626,4095,0.0,0.0,0.0,0.000732600732601,0.019291819291819,0.151159951159951,0.431746031746032,0.397069597069597
4,350,0,0,0,2,93,577,1775,1643,4090,0.0,0.0,0.0,0.000488997555012,0.022738386308068,0.141075794621027,0.43398533007335,0.401711491442543
4,351,0,0,0,3,90,623,1706,1663,4085,0.0,0.0,0.0,0.000734394124847,0.02203182374541,0.152509179926561,0.417625458996328,0.407099143206854
4,352,0,0,0,9,100,651,1714,1606,4080,0.0,0.0,0.0,0.002205882352941,0.024509803921569,0.159558823529412,0.420098039215686,0.393627450980392
4,353,0,0,0,11,67,627,1729,1641,4075,0.0,0.0,0.0,0.002699386503067,0.016441717791411,0.153865030674847,0.424294478527607,0.402699386503067
4,354,0,0,0,1,103,628,1732,1606,4070,0.0,0.0,0.0,0.0002457002457,0.025307125307125,0.154299754299754,0.425552825552826,0.394594594594595
4,355,0,0,0,6,80,611,1754,1614,4065,0.0,0.0,0.0,0.001476014760148,0.019680196801968,0.150307503075031,0.431488314883149,0.397047970479705
4,356,0,0,0,8,94,620,1705,1633,4060,0.0,0.0,0.0,0.001970443349754,0.023152709359606,0.152709359605911,0.419950738916256,0.402216748768473
4,357,0,0,0,4,102,597,1728,1624,4055,0.0,0.0,0.0,0.00098643649815,0.025154130702836,0.147225647348952,0.426140567200986,0.400493218249075
4,358,0,0,0,8,84,630,1699,1629,4050,0.0,0.0,0.0,0.001975308641975,0.020740740740741,0.155555555555556,0.419506172839506,0.402222222222222
4,359,0,0,1,7,83,637,1658,1659,4045,0.0,0.0,0.000247218788628,0.001730531520396,0.020519159456119,0.157478368355995,0.409888751545117,0.410135970333745
4,360,0,0,0,4,94,613,1704,1625,4040,0.0,0.0,0.0,0.000990099009901,0.023267326732673,0.151732673267327,0.421782178217822,0.402227722772277
4,361,0,0,1,5,84,669,1669,1607,4035,0.0,0.0,0.000247831474597,0.001239157372986,0.020817843866171,0.165799256505576,0.41363073110285,0.398265179677819
4,362,0,0,0,5,90,598,1763,1574,4030,0.0,0.0,0.0,0.001240694789082,0.022332506203474,0.148387096774194,0.437468982630273,0.390570719602978
4,363,0,0,1,4,85,615,1699,1621,4025,0.0,0.0,0.000248447204969,0.000993788819876,0.02111801242236,0.152795031055901,0.422111801242236,0.402732919254658
4,364,0,0,0,4,89,626,1696,1605,4020,0.0,0.0,0.0,0.000995024875622,0.022139303482587,0.155721393034826,0.421890547263682,0.399253731343284
4,365,0,0,0,6,92,611,1704,1602,4015,0.0,0.0,0.0,0.001494396014944,0.022914072229141,0.152179327521793,0.424408468244085,0.399003735990037
4,366,0,0,0,4,92,596,1683,1635,4010,0.0,0.0,0.0,0.000997506234414,0.022942643391521,0.148628428927681,0.419700748129676,0.407730673316708
4,367,0,0,0,9,95,608,1648,1645,4005,0.0,0.0,0.0,0.002247191011236,0.023720349563046,0.151810237203496,0.411485642946317,0.410736579275905
4,368,0,0,0,5,83,586,1695,1631,4000,0.0,0.0,0.0,0.00125,0.02075,0.1465,0.42375,0.40775
4,369,0,0,1,2,97,592,1699,1604,3995,0.0,0.0,0.000250312891114,0.000500625782228,0.024280350438048,0.148185231539424,0.425281602002503,0.401501877346683
4,370,0,0,0,6,98,592,1704,1590,3990,0.0,0.0,0.0,0.001503759398496,0.024561403508772,0.148370927318296,0.427067669172932,0.398496240601504
4,371,0,0,2,2,82,598,1707,1594,3985,0.0,0.0,0.000501882057716,0.000501882057716,0.020577164366374,0.150062735257215,0.428356336260979,0.4
4,372,0,0,0,8,69,615,1665,1623,3980,0.0,0.0,0.0,0.002010050251256,0.017336683417085,0.154522613065327,0.418341708542714,0.407788944723618
4,373,0,0,0,2,89,610,1698,1576,3975,0.0,0.0,0.0,0.000503144654088,0.022389937106918,0.153459119496855,0.427169811320755,0.396477987421384
4,374,0,0,0,7,86,619,1701,1557,3970,0.0,0.0,0.0,0.00176322418136,0.021662468513854,0.155919395465995,0.428463476070529,0.392191435768262
4,375,0,0,0,6,109,587,1679,1584,3965,0.0,0.0,0.0,0.001513240857503,0.027490542244641,0.148045397225725,0.423455233291299,0.399495586380832
4,376,0,0,0,10,84,612,1685,1569,3960,0.0,0.0,0.0,0.002525252525253,0.021212121212121,0.154545454545455,0.42550505050505,0.396212121212121
4,377,0,0,0,9,87,590,1684,1585,3955,0.0,0.0,0.0,0.002275600505689,0.021997471554994,0.149178255372946,0.425790139064475,0.400758533501896
4,378,0,0,0,6,97,583,1696,1568,3950,0.0,0.0,0.0,0.001518987341772,0.024556962025316,0.147594936708861,0.429367088607595,0.396962025316456
4,379,0,0,1,5,87,578,1677,1597,3945,0.0,0.0,0.000253485424588,0.00126742712294,0.022053231939163,0.146514575411914,0.425095057034221,0.404816223067174
4,380,0,0,0,5,71,609,1694,1561,3940,0.0,0.0,0.0,0.001269035532995,0.018020304568528,0.154568527918782,0.42994923857868,0.396192893401015
4,381,0,0,0,9,66,577,1731,1552,3935,0.0,0.0,0.0,0.002287166454892,0.016772554002541,0.146632782719187,0.43989834815756,0.39440914866582
4,382,0,0,2,3,81,603,1634,1607,3930,0.0,0.0,0.000508905852417,0.000763358778626,0.020610687022901,0.153435114503817,0.415776081424936,0.408905852417303
4,383,0,0,0,7,89,596,1645,1588,3925,0.0,0.0,0.0,0.001783439490446,0.022675159235669,0.151847133757962,0.419108280254777,0.404585987261146
4,384,0,0,1,4,87,568,1711,1549,3920,0.0,0.0,0.000255102040816,0.001020408163265,0.02219387755102,0.144897959183673,0.436479591836735,0.39515306122449
4,385,0,0,0,6,87,605,1722,1495,3915,0.0,0.0,0.0,0.001532567049808,0.022222222222222,0.154533844189017,0.439846743295019,0.381864623243934
4,386,0,0,1,8,100,594,1707,1500,3910,0.0,0.0,0.000255754475703,0.002046035805627,0.025575447570332,0.151918158567775,0.436572890025575,0.383631713554987
4,387,0,0,0,4,78,579,1641,1603,3905,0.0,0.0,0.0,0.001024327784891,0.019974391805378,0.148271446862996,0.4202304737516,0.410499359795134
4,388,0,0,0,4,80,530,1663,1623,3900,0.0,0.0,0.0,0.001025641025641,0.020512820512821,0.135897435897436,0.426410256410256,0.416153846153846
4,389,0,0,0,8,86,581,1614,1606,3895,0.0,0.0,0.0,0.002053915275995,0.022079589216945,0.149165596919127,0.414377406931964,0.412323491655969
4,390,0,0,0,5,74,589,1646,1576,3890,0.0,0.0,0.0,0.001285347043702,0.019023136246787,0.151413881748072,0.423136246786632,0.405141388174807
4,391,0,0,0,8,75,616,1627,1559,3885,0.0,0.0,0.0,0.002059202059202,0.019305019305019,0.158558558558559,0.418790218790219,0.401287001287001
4,392,0,0,0,5,94,602,1638,1541,3880,0.0,0.0,0.0,0.001288659793814,0.024226804123711,0.155154639175258,0.422164948453608,0.397164948453608
4,393,0,0,0,4,89,577,1652,1553,3875,0.0,0.0,0.0,0.001032258064516,0.022967741935484,0.148903225806452,0.426322580645161,0.400774193548387
4,394,0,0,0,8,82,596,1672,1512,3870,0.0,0.0,0.0,0.002067183462532,0.021188630490956,0.154005167958656,0.432041343669251,0.390697674418605
4,395,0,0,0,4,95,570,1666,1530,3865,0.0,0.0,0.0,0.001034928848642,0.024579560155239,0.147477360931436,0.43104786545925,0.395860284605433
4,396,0,0,0,4,82,577,1669,1528,3860,0.0,0.0,0.0,0.001036269430052,0.021243523316062,0.149481865284974,0.432383419689119,0.395854922279793
4,397,0,0,0,6,87,612,1637,1513,3855,0.0,0.0,0.0,0.001556420233463,0.022568093385214,0.15875486381323,0.424643320363165,0.392477302204929
4,398,0,0,0,3,105,612,1621,1509,3850,0.0,0.0,0.0,0.000779220779221,0.027272727272727,0.158961038961039,0.421038961038961,0.391948051948052
4,399,0,0,0,3,90,572,1593,1587,3845,0.0,0.0,0.0,0.000780234070221,0.023407022106632,0.148764629388817,0.414304291287386,0.412743823146944
4,400,0,0,0,5,87,613,1588,1547,3840,0.0,0.0,0.0,0.001302083333333,0.02265625,0.159635416666667,0.413541666666667,0.402864583333333
4,401,0,0,0,8,98,580,1598,1551,3835,0.0,0.0,0.0,0.002086049543677,0.025554106910039,0.151238591916558,0.416688396349413,0.404432855280313
4,402,0,0,0,6,90,590,1603,1541,3830,0.0,0.0,0.0,0.001566579634465,0.023498694516971,0.154046997389034,0.418537859007833,0.402349869451697
4,403,0,0,0,5,81,581,1677,1481,3825,0.0,0.0,0.0,0.001307189542484,0.021176470588235,0.151895424836601,0.43843137254902,0.38718954248366
4,404,0,0,0,12,69,622,1594,1523,3820,0.0,0.0,0.0,0.003141361256545,0.018062827225131,0.16282722513089,0.417277486910995,0.39869109947644
4,405,0,0,0,7,89,582,1630,1507,3815,0.0,0.0,0.0,0.001834862385321,0.023328964613368,0.152555701179554,0.427260812581914,0.395019659239843
4,406,0,0,0,11,95,561,1623,1520,3810,0.0,0.0,0.0,0.002887139107612,0.0249343832021,0.147244094488189,0.425984251968504,0.398950131233596
4,407,0,0,1,4,100,563,1651,1486,3805,0.0,0.0,0.000262812089356,0.001051248357424,0.026281208935611,0.14796320630749,0.433902759526938,0.39053876478318
4,408,0,0,0,7,77,588,1623,1505,3800,0.0,0.0,0.0,0.001842105263158,0.020263157894737,0.154736842105263,0.427105263157895,0.396052631578947
4,409,0,0,0,8,76,560,1654,1497,3795,0.0,0.0,0.0,0.002108036890646,0.020026350461133,0.147562582345191,0.435836627140975,0.394466403162055
4,410,0,0,0,4,82,545,1602,1557,3790,0.0,0.0,0.0,0.001055408970976,0.021635883905013,0.143799472295515,0.422691292875989,0.410817941952507
4,411,0,0,0,6,71,606,1550,1552,3785,0.0,0.0,0.0,0.001585204755614,0.018758256274769,0.160105680317041,0.409511228533686,0.41003963011889
4,412,0,0,0,7,86,536,1616,1535,3780,0.0,0.0,0.0,0.001851851851852,0.022751322751323,0.141798941798942,0.427513227513228,0.406084656084656
4,413,0,0,0,4,89,605,1529,1548,3775,0.0,0.0,0.0,0.001059602649007,0.023576158940397,0.160264900662252,0.405033112582781,0.410066225165563
4,414,0,0,0,6,78,597,1564,1525,3770,0.0,0.0,0.0,0.00159151193634,0.020689655172414,0.158355437665783,0.414854111405836,0.404509283819629
4,415,0,0,0,9,83,573,1633,1467,3765,0.0,0.0,0.0,0.002390438247012,0.022045152722444,0.152191235059761,0.433731739707835,0.389641434262948
4,416,0,0,0,4,91,549,1599,1517,3760,0.0,0.0,0.0,0.001063829787234,0.024202127659574,0.146010638297872,0.425265957446809,0.403457446808511
4,417,0,0,0,1,83,602,1567,1502,3755,0.0,0.0,0.0,0.000266311584554,0.022103861517976,0.160319573901465,0.417310252996005,0.4
4,418,0,0,0,7,79,572,1612,1480,3750,0.0,0.0,0.0,0.001866666666667,0.021066666666667,0.152533333333333,0.429866666666667,0.394666666666667
4,419,0,0,0,8,80,577,1595,1485,3745,0.0,0.0,0.0,0.002136181575434,0.021361815754339,0.154072096128171,0.425901201602136,0.39652870493992
4,420,0,0,0,6,82,571,1594,1487,3740,0.0,0.0,0.0,0.001604278074866,0.02192513368984,0.152673796791444,0.42620320855615,0.397593582887701
4,421,0,0,0,4,76,567,1592,1496,3735,0.0,0.0,0.0,0.001070950468541,0.020348058902276,0.151807228915663,0.42623828647925,0.40053547523427
4,422,0,0,0,4,86,605,1553,1482,3730,0.0,0.0,0.0,0.001072386058981,0.023056300268097,0.162198391420912,0.416353887399464,0.397319034852547
4,423,0,0,0,10,88,545,1602,1480,3725,0.0,0.0,0.0,0.002684563758389,0.023624161073826,0.146308724832215,0.43006711409396,0.397315436241611
4,424,0,0,0,8,110,557,1590,1455,3720,0.0,0.0,0.0,0.002150537634409,0.029569892473118,0.149731182795699,0.42741935483871,0.391129032258065
4,425,0,0,0,2,94,561,1581,1477,3715,0.0,0.0,0.0,0.000538358008075,0.025302826379542,0.151009421265141,0.42557200538358,0.397577388963661
4,426,0,0,0,6,76,569,1571,1488,3710,0.0,0.0,0.0,0.001617250673854,0.020485175202156,0.153369272237197,0.423450134770889,0.401078167115903
4,427,0,0,0,6,69,588,1577,1465,3705,0.0,0.0,0.0,0.001619433198381,0.018623481781377,0.158704453441296,0.425641025641026,0.395411605937922
4,428,0,0,0,6,78,570,1577,1469,3700,0.0,0.0,0.0,0.001621621621622,0.021081081081081,0.154054054054054,0.426216216216216,0.397027027027027
4,429,0,0,0,2,94,552,1568,1479,3695,0.0,0.0,0.0,0.000541271989175,0.025439783491204,0.149391069012179,0.424357239512855,0.400270635994587
4,430,0,0,0,2,82,563,1570,1473,3690,0.0,0.0,0.0,0.000542005420054,0.022222222222222,0.152574525745257,0.425474254742547,0.399186991869919
4,431,0,0,0,4,77,539,1574,1491,3685,0.0,0.0,0.0,0.001085481682497,0.02089552238806,0.146268656716418,0.427137042062415,0.404613297150611
4,432,0,0,0,5,84,576,1542,1473,3680,0.0,0.0,0.0,0.001358695652174,0.022826086956522,0.156521739130435,0.419021739130435,0.400271739130435
4,433,0,0,0,7,90,538,1544,1496,3675,0.0,0.0,0.0,0.001904761904762,0.024489795918367,0.146394557823129,0.420136054421769,0.407074829931973
4,434,0,0,0,6,90,560,1543,1471,3670,0.0,0.0,0.0,0.001634877384196,0.024523160762943,0.152588555858311,0.420435967302452,0.400817438692098
4,435,0,0,0,4,93,575,1513,1480,3665,0.0,0.0,0.0,0.001091405184175,0.02537517053206,0.156889495225102,0.412824010914052,0.403819918144611
4,436,0,0,1,7,72,541,1568,1471,3660,0.0,0.0,0.000273224043716,0.001912568306011,0.019672131147541,0.147814207650273,0.428415300546448,0.401912568306011
4,437,0,0,0,2,85,552,1582,1434,3655,0.0,0.0,0.0,0.000547195622435,0.023255813953488,0.151025991792066,0.432831737346101,0.39233926128591
4,438,0,0,0,4,75,563,1525,1483,3650,0.0,0.0,0.0,0.001095890410959,0.020547945205479,0.154246575342466,0.417808219178082,0.406301369863014
4,439,0,0,0,6,86,554,1521,1478,3645,0.0,0.0,0.0,0.001646090534979,0.023593964334705,0.1519890260631,0.417283950617284,0.405486968449931
4,440,0,0,0,3,85,562,1545,1445,3640,0.0,0.0,0.0,0.000824175824176,0.023351648351648,0.154395604395604,0.424450549450549,0.396978021978022
4,441,0,0,0,2,68,574,1528,1463,3635,0.0,0.0,0.0,0.000550206327373,0.018707015130674,0.157909215955984,0.420357634112792,0.402475928473177
4,442,0,0,0,4,75,538,1553,1460,3630,0.0,0.0,0.0,0.001101928374656,0.020661157024793,0.148209366391185,0.427823691460055,0.402203856749311
4,443,0,0,1,7,80,578,1533,1426,3625,0.0,0.0,0.000275862068966,0.001931034482759,0.022068965517241,0.159448275862069,0.422896551724138,0.393379310344828
4,444,0,0,0,4,77,527,1556,1456,3620,0.0,0.0,0.0,0.001104972375691,0.021270718232044,0.145580110497238,0.429834254143646,0.402209944751381
4,445,0,0,0,2,71,453,1622,1467,3615,0.0,0.0,0.0,0.000553250345781,0.019640387275242,0.125311203319502,0.448686030428769,0.405809128630705
4,446,0,0,0,4,70,531,1535,1470,3610,0.0,0.0,0.0,0.001108033240997,0.019390581717452,0.147091412742382,0.425207756232687,0.407202216066482
4,447,0,0,0,2,98,529,1533,1443,3605,0.0,0.0,0.0,0.000554785020804,0.027184466019417,0.146740638002774,0.425242718446602,0.400277392510402
4,448,0,0,1,8,79,544,1496,1472,3600,0.0,0.0,0.000277777777778,0.002222222222222,0.021944444444444,0.151111111111111,0.415555555555556,0.408888888888889
4,449,0,0,0,7,78,543,1526,1441,3595,0.0,0.0,0.0,0.001947148817803,0.021696801112656,0.151043115438108,0.424478442280946,0.400834492350487
4,450,0,0,0,4,80,541,1565,1400,3590,0.0,0.0,0.0,0.001114206128134,0.022284122562674,0.150696378830084,0.435933147632312,0.389972144846797
4,451,0,0,0,5,87,568,1528,1397,3585,0.0,0.0,0.0,0.00139470013947,0.024267782426778,0.158437935843794,0.426220362622036,0.389679218967922
4,452,0,0,0,9,89,525,1510,1447,3580,0.0,0.0,0.0,0.002513966480447,0.024860335195531,0.146648044692737,0.421787709497207,0.404189944134078
4,453,0,0,0,8,95,554,1469,1449,3575,0.0,0.0,0.0,0.002237762237762,0.026573426573427,0.154965034965035,0.410909090909091,0.405314685314685
4,454,0,0,0,4,71,525,1507,1463,3570,0.0,0.0,0.0,0.001120448179272,0.019887955182073,0.147058823529412,0.422128851540616,0.409803921568627
4,455,0,0,0,6,87,516,1543,1413,3565,0.0,0.0,0.0,0.001683029453015,0.024403927068724,0.144740532959327,0.432819074333801,0.396353436185133
4,456,0,0,0,8,78,548,1524,1402,3560,0.0,0.0,0.0,0.002247191011236,0.021910112359551,0.153932584269663,0.428089887640449,0.393820224719101
4,457,0,0,0,6,87,515,1531,1416,3555,0.0,0.0,0.0,0.00168776371308,0.024472573839662,0.144866385372714,0.430661040787623,0.39831223628692
4,458,0,0,0,8,82,527,1524,1409,3550,0.0,0.0,0.0,0.002253521126761,0.023098591549296,0.148450704225352,0.429295774647887,0.396901408450704
4,459,0,0,0,5,89,508,1545,1398,3545,0.0,0.0,0.0,0.001410437235543,0.025105782792666,0.143300423131171,0.435825105782793,0.394358251057828
4,460,0,0,0,5,105,480,1497,1453,3540,0.0,0.0,0.0,0.001412429378531,0.029661016949153,0.135593220338983,0.422881355932203,0.41045197740113
4,461,0,0,0,5,88,556,1437,1449,3535,0.0,0.0,0.0,0.001414427157001,0.024893917963225,0.157284299858557,0.406506364922206,0.40990099009901
4,462,0,0,0,8,82,538,1487,1415,3530,0.0,0.0,0.0,0.002266288951841,0.023229461756374,0.152407932011331,0.421246458923513,0.400849858356941
4,463,0,0,0,6,78,536,1462,1443,3525,0.0,0.0,0.0,0.001702127659574,0.022127659574468,0.152056737588652,0.414751773049645,0.40936170212766
4,464,0,0,0,10,72,524,1536,1378,3520,0.0,0.0,0.0,0.002840909090909,0.020454545454545,0.148863636363636,0.436363636363636,0.391477272727273
4,465,0,0,0,5,69,516,1496,1429,3515,0.0,0.0,0.0,0.001422475106686,0.019630156472262,0.146799431009957,0.425604551920341,0.406543385490754
4,466,0,0,0,9,89,488,1527,1397,3510,0.0,0.0,0.0,0.002564102564103,0.025356125356125,0.139031339031339,0.435042735042735,0.398005698005698
4,467,0,0,0,7,80,515,1502,1401,3505,0.0,0.0,0.0,0.001997146932953,0.022824536376605,0.146932952924394,0.428530670470756,0.399714693295292
4,468,0,0,0,4,84,556,1446,1410,3500,0.0,0.0,0.0,0.001142857142857,0.024,0.158857142857143,0.413142857142857,0.402857142857143
4,469,0,0,0,7,70,528,1515,1375,3495,0.0,0.0,0.0,0.002002861230329,0.02002861230329,0.151072961373391,0.433476394849785,0.393419170243205
4,470,0,0,0,5,71,527,1485,1402,3490,0.0,0.0,0.0,0.001432664756447,0.020343839541547,0.151002865329513,0.425501432664756,0.401719197707736
4,471,0,0,0,2,65,540,1479,1399,3485,0.0,0.0,0.0,0.000573888091822,0.018651362984218,0.154949784791966,0.424390243902439,0.401434720229555
4,472,0,0,0,5,86,500,1516,1373,3480,0.0,0.0,0.0,0.001436781609195,0.024712643678161,0.14367816091954,0.435632183908046,0.394540229885057
4,473,0,0,0,4,70,500,1521,1380,3475,0.0,0.0,0.0,0.001151079136691,0.020143884892086,0.143884892086331,0.437697841726619,0.397122302158273
4,474,0,0,0,4,89,529,1443,1405,3470,0.0,0.0,0.0,0.001152737752161,0.025648414985591,0.152449567723343,0.415850144092219,0.404899135446686
4,475,0,0,0,5,78,538,1440,1404,3465,0.0,0.0,0.0,0.001443001443001,0.022510822510823,0.155266955266955,0.415584415584416,0.405194805194805
4,476,0,0,0,11,67,505,1462,1415,3460,0.0,0.0,0.0,0.003179190751445,0.019364161849711,0.145953757225434,0.422543352601156,0.408959537572254
4,477,0,0,0,8,67,552,1469,1359,3455,0.0,0.0,0.0,0.002315484804631,0.019392185238784,0.159768451519537,0.425180897250362,0.393342981186686
4,478,0,0,0,4,78,547,1471,1350,3450,0.0,0.0,0.0,0.001159420289855,0.022608695652174,0.158550724637681,0.426376811594203,0.391304347826087
4,479,0,0,0,3,66,546,1485,1345,3445,0.0,0.0,0.0,0.000870827285922,0.019158200290276,0.158490566037736,0.431059506531205,0.390420899854862
4,480,0,0,0,3,70,531,1401,1435,3440,0.0,0.0,0.0,0.000872093023256,0.020348837209302,0.154360465116279,0.407267441860465,0.417151162790698
4,481,0,0,0,6,84,537,1443,1365,3435,0.0,0.0,0.0,0.00174672489083,0.024454148471616,0.156331877729258,0.420087336244541,0.397379912663755
4,482,0,0,0,4,88,521,1426,1391,3430,0.0,0.0,0.0,0.001166180758017,0.025655976676385,0.151895043731778,0.415743440233236,0.405539358600583
4,483,0,0,0,7,66,511,1446,1395,3425,0.0,0.0,0.0,0.002043795620438,0.019270072992701,0.149197080291971,0.422189781021898,0.407299270072993
4,484,0,0,0,4,71,497,1491,1357,3420,0.0,0.0,0.0,0.001169590643275,0.020760233918129,0.145321637426901,0.435964912280702,0.396783625730994
4,485,0,0,0,6,81,488,1464,1376,3415,0.0,0.0,0.0,0.001756954612006,0.023718887262079,0.14289897510981,0.428696925329429,0.402928257686676
4,486,0,0,0,9,77,489,1491,1344,3410,0.0,0.0,0.0,0.002639296187683,0.02258064516129,0.143401759530792,0.437243401759531,0.394134897360704
4,487,0,0,0,6,102,544,1414,1339,3405,0.0,0.0,0.0,0.001762114537445,0.029955947136564,0.159765051395007,0.415271659324523,0.393245227606461
4,488,0,0,0,5,72,513,1500,1310,3400,0.0,0.0,0.0,0.001470588235294,0.021176470588235,0.150882352941176,0.441176470588235,0.385294117647059
4,489,0,0,0,3,72,488,1465,1367,3395,0.0,0.0,0.0,0.000883652430044,0.02120765832106,0.143740795287187,0.431516936671576,0.402650957290133
4,490,0,0,0,0,78,495,1428,1389,3390,0.0,0.0,0.0,0.0,0.023008849557522,0.146017699115044,0.421238938053097,0.409734513274336
4,491,0,0,1,4,80,522,1455,1323,3385,0.0,0.0,0.000295420974889,0.001181683899557,0.023633677991137,0.154209748892171,0.429837518463811,0.390841949778434
4,492,0,0,1,7,95,485,1469,1323,3380,0.0,0.0,0.000295857988166,0.00207100591716,0.02810650887574,0.143491124260355,0.434615384615385,0.391420118343195
4,493,0,0,0,3,90,502,1435,1345,3375,0.0,0.0,0.0,0.000888888888889,0.026666666666667,0.148740740740741,0.425185185185185,0.398518518518518
4,494,0,0,0,3,79,524,1435,1329,3370,0.0,0.0,0.0,0.000890207715134,0.023442136498516,0.155489614243323,0.425816023738872,0.394362017804154
4,495,0,0,0,8,58,549,1456,1294,3365,0.0,0.0,0.0,0.002377414561664,0.017236255572065,0.163150074294205,0.432689450222883,0.384546805349183
4,496,0,0,0,5,82,490,1423,1360,3360,0.0,0.0,0.0,0.001488095238095,0.024404761904762,0.145833333333333,0.423511904761905,0.404761904761905
4,497,0,0,0,1,86,508,1405,1355,3355,0.0,0.0,0.0,0.000298062593145,0.025633383010432,0.151415797317437,0.418777943368107,0.403874813710879
4,498,0,0,0,6,69,506,1418,1351,3350,0.0,0.0,0.0,0.001791044776119,0.020597014925373,0.151044776119403,0.423283582089552,0.403283582089552
4,499,0,0,0,6,76,518,1431,1314,3345,0.0,0.0,0.0,0.001793721973094,0.022720478325859,0.154857997010463,0.42780269058296,0.392825112107623
4,500,0,0,0,2,70,507,1369,1392,3340,0.0,0.0,0.0,0.00059880239521,0.020958083832335,0.151796407185629,0.409880239520958,0.416766467065868
4,501,0,0,0,5,76,521,1413,1320,3335,0.0,0.0,0.0,0.001499250374813,0.022788605697151,0.156221889055472,0.423688155922039,0.395802098950525
4,502,0,0,0,4,82,514,1375,1355,3330,0.0,0.0,0.0,0.001201201201201,0.024624624624625,0.154354354354354,0.412912912912913,0.406906906906907
4,503,0,0,1,7,64,500,1406,1347,3325,0.0,0.0,0.000300751879699,0.002105263157895,0.019248120300752,0.150375939849624,0.422857142857143,0.405112781954887
4,504,0,0,0,2,88,520,1407,1303,3320,0.0,0.0,0.0,0.000602409638554,0.026506024096386,0.156626506024096,0.423795180722892,0.392469879518072
4,505,0,0,0,3,88,473,1428,1323,3315,0.0,0.0,0.0,0.000904977375566,0.026546003016591,0.142684766214178,0.430769230769231,0.399095022624434
4,506,0,0,0,4,57,497,1400,1352,3310,0.0,0.0,0.0,0.001208459214502,0.017220543806647,0.150151057401813,0.422960725075529,0.408459214501511
4,507,0,0,0,7,88,497,1433,1280,3305,0.0,0.0,0.0,0.002118003025719,0.026626323751891,0.150378214826021,0.433585476550681,0.387291981845688
4,508,0,0,0,7,71,473,1375,1374,3300,0.0,0.0,0.0,0.002121212121212,0.021515151515152,0.143333333333333,0.416666666666667,0.416363636363636
4,509,0,0,0,2,73,477,1379,1364,3295,0.0,0.0,0.0,0.000606980273141,0.022154779969651,0.144764795144158,0.418512898330804,0.413960546282246
4,510,0,0,0,1,66,519,1369,1335,3290,0.0,0.0,0.0,0.000303951367781,0.020060790273556,0.157750759878419,0.416109422492401,0.405775075987842
4,511,0,0,0,5,82,492,1420,1286,3285,0.0,0.0,0.0,0.001522070015221,0.024961948249619,0.149771689497717,0.432267884322679,0.391476407914764
4,512,0,0,0,8,60,507,1387,1318,3280,0.0,0.0,0.0,0.002439024390244,0.018292682926829,0.154573170731707,0.422865853658537,0.401829268292683
4,513,0,0,0,1,73,547,1309,1345,3275,0.0,0.0,0.0,0.00030534351145,0.022290076335878,0.167022900763359,0.39969465648855,0.410687022900763
4,514,0,0,0,4,60,496,1418,1292,3270,0.0,0.0,0.0,0.001223241590214,0.018348623853211,0.151681957186544,0.433639143730887,0.395107033639144
4,515,0,0,0,2,74,470,1425,1294,3265,0.0,0.0,0.0,0.000612557427259,0.022664624808576,0.143950995405819,0.436447166921899,0.396324655436447
4,516,0,0,0,6,86,490,1373,1305,3260,0.0,0.0,0.0,0.001840490797546,0.02638036809816,0.150306748466258,0.421165644171779,0.400306748466258
4,517,0,0,0,5,75,513,1301,1361,3255,0.0,0.0,0.0,0.001536098310292,0.023041474654378,0.157603686635945,0.399692780337942,0.418125960061444
4,518,0,0,0,1,79,465,1373,1332,3250,0.0,0.0,0.0,0.000307692307692,0.024307692307692,0.143076923076923,0.422461538461538,0.409846153846154
4,519,0,0,0,3,63,456,1381,1342,3245,0.0,0.0,0.0,0.000924499229584,0.019414483821263,0.140523882896764,0.42557781201849,0.413559322033898
4,520,0,0,0,6,72,504,1361,1297,3240,0.0,0.0,0.0,0.001851851851852,0.022222222222222,0.155555555555556,0.420061728395062,0.400308641975309
4,521,0,0,0,3,71,492,1372,1297,3235,0.0,0.0,0.0,0.000927357032457,0.021947449768161,0.152086553323029,0.424111282843895,0.400927357032458
4,522,0,0,0,6,75,506,1377,1266,3230,0.0,0.0,0.0,0.001857585139319,0.023219814241486,0.156656346749226,0.426315789473684,0.391950464396285
4,523,0,0,0,8,73,469,1325,1350,3225,0.0,0.0,0.0,0.002480620155039,0.022635658914729,0.145426356589147,0.410852713178295,0.418604651162791
4,524,0,0,0,2,66,483,1376,1293,3220,0.0,0.0,0.0,0.000621118012422,0.020496894409938,0.15,0.427329192546584,0.401552795031056
4,525,0,0,0,5,70,464,1400,1276,3215,0.0,0.0,0.0,0.001555209953344,0.021772939346812,0.144323483670295,0.435458786936236,0.396889580093313
4,526,0,0,0,2,90,468,1292,1358,3210,0.0,0.0,0.0,0.000623052959502,0.02803738317757,0.145794392523364,0.402492211838006,0.423052959501558
4,527,0,0,0,3,80,432,1373,1317,3205,0.0,0.0,0.0,0.000936037441498,0.024960998439938,0.134789391575663,0.428393135725429,0.410920436817473
4,528,0,0,1,4,87,491,1312,1305,3200,0.0,0.0,0.0003125,0.00125,0.0271875,0.1534375,0.41,0.4078125
4,529,0,0,0,3,65,474,1366,1287,3195,0.0,0.0,0.0,0.00093896713615,0.020344287949922,0.148356807511737,0.42754303599374,0.402816901408451
4,530,0,0,0,4,75,488,1382,1241,3190,0.0,0.0,0.0,0.001253918495298,0.023510971786834,0.152978056426332,0.433228840125392,0.389028213166144
4,531,0,0,0,4,67,479,1313,1322,3185,0.0,0.0,0.0,0.001255886970173,0.021036106750392,0.150392464678179,0.412244897959184,0.415070643642072
4,532,0,0,0,5,67,503,1320,1285,3180,0.0,0.0,0.0,0.001572327044025,0.021069182389937,0.158176100628931,0.415094339622642,0.404088050314465
4,533,0,0,0,3,66,435,1394,1277,3175,0.0,0.0,0.0,0.000944881889764,0.020787401574803,0.137007874015748,0.439055118110236,0.402204724409449
4,534,0,0,0,8,75,527,1363,1197,3170,0.0,0.0,0.0,0.002523659305994,0.023659305993691,0.166246056782334,0.429968454258675,0.377602523659306
4,535,0,0,0,3,60,489,1372,1241,3165,0.0,0.0,0.0,0.000947867298578,0.018957345971564,0.154502369668246,0.43349131121643,0.392101105845182
4,536,0,0,0,2,71,487,1329,1271,3160,0.0,0.0,0.0,0.000632911392405,0.02246835443038,0.154113924050633,0.420569620253165,0.402215189873418
4,537,0,0,0,3,72,487,1306,1287,3155,0.0,0.0,0.0,0.00095087163233,0.022820919175911,0.154358161648178,0.413946117274168,0.407923930269414
4,538,0,0,0,1,77,472,1346,1254,3150,0.0,0.0,0.0,0.00031746031746,0.024444444444444,0.14984126984127,0.427301587301587,0.398095238095238
4,539,0,0,1,1,66,462,1344,1271,3145,0.0,0.0,0.000317965023847,0.000317965023847,0.020985691573927,0.146899841017488,0.427344992050874,0.404133545310016
4,540,0,0,0,2,60,475,1357,1246,3140,0.0,0.0,0.0,0.000636942675159,0.019108280254777,0.151273885350318,0.432165605095541,0.396815286624204
4,541,0,0,0,7,65,459,1380,1224,3135,0.0,0.0,0.0,0.002232854864434,0.0207336523126,0.146411483253589,0.440191387559809,0.390430622009569
4,542,0,0,0,4,81,484,1278,1283,3130,0.0,0.0,0.0,0.001277955271565,0.025878594249201,0.154632587859425,0.408306709265176,0.409904153354633
4,543,0,0,0,2,55,459,1364,1245,3125,0.0,0.0,0.0,0.00064,0.0176,0.14688,0.43648,0.3984
4,544,0,0,1,4,79,438,1364,1234,3120,0.0,0.0,0.000320512820513,0.001282051282051,0.025320512820513,0.140384615384615,0.437179487179487,0.39551282051282
4,545,0,0,0,6,75,475,1280,1279,3115,0.0,0.0,0.0,0.001926163723917,0.024077046548957,0.152487961476726,0.41091492776886,0.410593900481541
4,546,0,0,0,7,62,498,1316,1227,3110,0.0,0.0,0.0,0.002250803858521,0.019935691318328,0.160128617363344,0.423151125401929,0.394533762057878
4,547,0,0,0,5,76,494,1301,1229,3105,0.0,0.0,0.0,0.001610305958132,0.024476650563607,0.159098228663446,0.419001610305958,0.395813204508857
4,548,0,0,0,2,81,486,1290,1241,3100,0.0,0.0,0.0,0.000645161290323,0.026129032258065,0.156774193548387,0.416129032258065,0.400322580645161
4,549,0,0,0,3,85,455,1278,1274,3095,0.0,0.0,0.0,0.000969305331179,0.027463651050081,0.147011308562197,0.412924071082391,0.411631663974152
4,550,0,0,0,7,66,495,1317,1205,3090,0.0,0.0,0.0,0.002265372168285,0.021359223300971,0.160194174757282,0.42621359223301,0.389967637540453
4,551,0,0,0,9,55,477,1297,1247,3085,0.0,0.0,0.0,0.00291734197731,0.017828200972447,0.154619124797407,0.420421393841167,0.404213938411669
4,552,0,0,0,3,56,463,1330,1228,3080,0.0,0.0,0.0,0.000974025974026,0.018181818181818,0.150324675324675,0.431818181818182,0.398701298701299
4,553,0,0,1,3,58,477,1285,1251,3075,0.0,0.0,0.000325203252033,0.000975609756098,0.018861788617886,0.155121951219512,0.417886178861789,0.406829268292683
4,554,0,0,0,8,58,448,1292,1264,3070,0.0,0.0,0.0,0.002605863192182,0.018892508143322,0.145928338762215,0.420846905537459,0.411726384364821
4,555,0,0,0,5,73,441,1343,1203,3065,0.0,0.0,0.0,0.00163132137031,0.023817292006525,0.143882544861338,0.438172920065253,0.392495921696574
4,556,0,0,0,2,60,476,1327,1195,3060,0.0,0.0,0.0,0.000653594771242,0.019607843137255,0.155555555555556,0.433660130718954,0.390522875816993
4,557,0,0,1,6,71,455,1297,1225,3055,0.0,0.0,0.000327332242226,0.001963993453355,0.023240589198036,0.148936170212766,0.424549918166939,0.400981996726678
4,558,0,0,0,2,61,474,1292,1221,3050,0.0,0.0,0.0,0.000655737704918,0.02,0.155409836065574,0.423606557377049,0.400327868852459
4,559,0,0,0,3,61,507,1257,1217,3045,0.0,0.0,0.0,0.000985221674877,0.020032840722496,0.166502463054187,0.412807881773399,0.399671592775041
4,560,0,0,0,8,49,450,1324,1209,3040,0.0,0.0,0.0,0.002631578947368,0.016118421052632,0.148026315789474,0.435526315789474,0.397697368421053
4,561,0,0,0,4,64,475,1294,1198,3035,0.0,0.0,0.0,0.001317957166392,0.021087314662273,0.156507413509061,0.426359143327842,0.394728171334432
4,562,0,0,0,3,71,458,1282,1216,3030,0.0,0.0,0.0,0.000990099009901,0.023432343234323,0.151155115511551,0.423102310231023,0.401320132013201
4,563,0,0,0,6,63,449,1293,1214,3025,0.0,0.0,0.0,0.00198347107438,0.020826446280992,0.148429752066116,0.427438016528926,0.401322314049587
4,564,0,0,0,8,76,467,1256,1213,3020,0.0,0.0,0.0,0.002649006622517,0.025165562913907,0.154635761589404,0.415894039735099,0.401655629139073
4,565,0,0,0,3,68,420,1302,1222,3015,0.0,0.0,0.0,0.000995024875622,0.022553897180763,0.139303482587065,0.4318407960199,0.40530679933665
4,566,0,0,0,7,74,451,1259,1219,3010,0.0,0.0,0.0,0.002325581395349,0.024584717607973,0.149833887043189,0.418272425249169,0.404983388704319
4,567,0,0,0,5,61,455,1313,1171,3005,0.0,0.0,0.0,0.001663893510815,0.020299500831947,0.151414309484193,0.4369384359401,0.389683860232945
4,568,0,0,0,6,63,445,1255,1231,3000,0.0,0.0,0.0,0.002,0.021,0.148333333333333,0.418333333333333,0.410333333333333
4,569,0,0,0,3,56,484,1224,1228,2995,0.0,0.0,0.0,0.001001669449082,0.018697829716194,0.161602671118531,0.408681135225376,0.410016694490818
4,570,0,0,0,5,57,470,1282,1176,2990,0.0,0.0,0.0,0.001672240802676,0.019063545150502,0.157190635451505,0.42876254180602,0.393311036789298
4,571,0,0,0,3,65,461,1299,1157,2985,0.0,0.0,0.0,0.001005025125628,0.02177554438861,0.154438860971524,0.435175879396985,0.387604690117253
4,572,0,0,0,6,69,422,1288,1195,2980,0.0,0.0,0.0,0.002013422818792,0.023154362416107,0.141610738255034,0.432214765100671,0.401006711409396
4,573,0,0,0,3,67,473,1257,1175,2975,0.0,0.0,0.0,0.001008403361345,0.022521008403361,0.158991596638655,0.422521008403361,0.394957983193277
4,574,0,0,0,13,57,445,1301,1154,2970,0.0,0.0,0.0,0.004377104377104,0.019191919191919,0.14983164983165,0.438047138047138,0.388552188552189
4,575,0,0,1,3,73,426,1293,1169,2965,0.0,0.0,0.000337268128162,0.001011804384486,0.024620573355818,0.143676222596965,0.436087689713322,0.394266441821248
4,576,0,0,0,4,85,448,1256,1167,2960,0.0,0.0,0.0,0.001351351351351,0.028716216216216,0.151351351351351,0.424324324324324,0.394256756756757
4,577,0,0,0,3,52,466,1225,1209,2955,0.0,0.0,0.0,0.001015228426396,0.017597292724196,0.157698815566836,0.414551607445008,0.409137055837563
4,578,0,0,0,5,49,453,1265,1178,2950,0.0,0.0,0.0,0.001694915254237,0.016610169491525,0.153559322033898,0.428813559322034,0.399322033898305
4,579,0,0,0,1,57,466,1198,1223,2945,0.0,0.0,0.0,0.000339558573854,0.019354838709677,0.158234295415959,0.40679117147708,0.41528013582343
4,580,0,0,0,7,71,431,1213,1218,2940,0.0,0.0,0.0,0.002380952380952,0.024149659863946,0.146598639455782,0.412585034013605,0.414285714285714
4,581,0,0,0,4,58,425,1290,1158,2935,0.0,0.0,0.0,0.001362862010221,0.019761499148211,0.144804088586031,0.439522998296422,0.394548551959114
4,582,0,0,0,6,64,449,1279,1132,2930,0.0,0.0,0.0,0.002047781569966,0.021843003412969,0.153242320819113,0.436518771331058,0.386348122866894
4,583,0,0,0,4,48,435,1255,1183,2925,0.0,0.0,0.0,0.001367521367521,0.016410256410256,0.148717948717949,0.429059829059829,0.404444444444444
4,584,0,0,0,2,54,413,1253,1198,2920,0.0,0.0,0.0,0.000684931506849,0.018493150684932,0.141438356164384,0.429109589041096,0.41027397260274
4,585,0,0,0,5,51,448,1227,1184,2915,0.0,0.0,0.0,0.001715265866209,0.017495711835334,0.15368782161235,0.420926243567753,0.406174957118353
4,586,0,0,0,3,79,435,1239,1154,2910,0.0,0.0,0.0,0.001030927835052,0.027147766323024,0.149484536082474,0.425773195876289,0.396563573883161
4,587,0,0,0,8,61,416,1252,1168,2905,0.0,0.0,0.0,0.002753872633391,0.020998278829604,0.143201376936317,0.430981067125645,0.402065404475043
4,588,0,0,0,1,58,445,1288,1108,2900,0.0,0.0,0.0,0.000344827586207,0.02,0.153448275862069,0.444137931034483,0.382068965517241
4,589,0,0,0,5,73,422,1206,1189,2895,0.0,0.0,0.0,0.001727115716753,0.025215889464594,0.145768566493955,0.416580310880829,0.410708117443869
4,590,0,0,0,5,58,440,1201,1186,2890,0.0,0.0,0.0,0.001730103806228,0.020069204152249,0.152249134948097,0.415570934256055,0.41038062283737
4,591,0,0,0,2,62,472,1222,1127,2885,0.0,0.0,0.0,0.000693240901213,0.021490467937608,0.163604852686309,0.423570190641248,0.390641247833622
4,592,0,0,0,2,70,458,1221,1129,2880,0.0,0.0,0.0,0.000694444444444,0.024305555555556,0.159027777777778,0.423958333333333,0.392013888888889
4,593,0,0,1,3,68,441,1207,1155,2875,0.0,0.0,0.000347826086957,0.00104347826087,0.023652173913043,0.153391304347826,0.419826086956522,0.401739130434783
4,594,0,0,0,5,57,420,1230,1158,2870,0.0,0.0,0.0,0.001742160278746,0.0198606271777,0.146341463414634,0.428571428571429,0.403484320557491
4,595,0,0,0,3,78,376,1243,1165,2865,0.0,0.0,0.0,0.001047120418848,0.027225130890052,0.131239092495637,0.433856893542757,0.406631762652705
4,596,0,0,0,7,66,422,1214,1151,2860,0.0,0.0,0.0,0.002447552447552,0.023076923076923,0.147552447552448,0.424475524475525,0.402447552447552
4,597,0,0,0,2,73,463,1190,1127,2855,0.0,0.0,0.0,0.000700525394046,0.025569176882662,0.162171628721541,0.416812609457093,0.394746059544658
4,598,0,0,0,4,63,426,1226,1131,2850,0.0,0.0,0.0,0.00140350877193,0.022105263157895,0.149473684210526,0.430175438596491,0.396842105263158
4,599,0,0,0,6,66,414,1239,1120,2845,0.0,0.0,0.0,0.002108963093146,0.023198594024605,0.145518453427065,0.435500878734622,0.393673110720562
4,600,0,0,0,4,67,408,1247,1114,2840,0.0,0.0,0.0,0.001408450704225,0.023591549295775,0.143661971830986,0.439084507042254,0.392253521126761
4,601,0,0,0,5,63,422,1214,1131,2835,0.0,0.0,0.0,0.001763668430335,0.022222222222222,0.148853615520282,0.428218694885362,0.398941798941799
4,602,0,0,0,2,65,427,1185,1151,2830,0.0,0.0,0.0,0.000706713780919,0.022968197879859,0.150883392226148,0.418727915194346,0.406713780918728
4,603,0,0,1,2,81,397,1217,1127,2825,0.0,0.0,0.000353982300885,0.00070796460177,0.028672566371681,0.140530973451327,0.430796460176991,0.398938053097345
4,604,0,0,0,2,76,417,1179,1146,2820,0.0,0.0,0.0,0.000709219858156,0.026950354609929,0.147872340425532,0.418085106382979,0.406382978723404
4,605,0,0,0,3,68,449,1203,1092,2815,0.0,0.0,0.0,0.001065719360568,0.024156305506217,0.159502664298401,0.427353463587922,0.387921847246892
4,606,0,0,0,4,60,420,1206,1120,2810,0.0,0.0,0.0,0.001423487544484,0.02135231316726,0.149466192170818,0.429181494661922,0.398576512455516
4,607,0,0,0,4,66,400,1191,1144,2805,0.0,0.0,0.0,0.001426024955437,0.023529411764706,0.142602495543672,0.424598930481283,0.407843137254902
4,608,0,0,0,0,67,426,1166,1141,2800,0.0,0.0,0.0,0.0,0.023928571428571,0.152142857142857,0.416428571428571,0.4075
4,609,0,0,0,4,76,397,1168,1150,2795,0.0,0.0,0.0,0.001431127012522,0.027191413237925,0.142039355992844,0.417889087656529,0.411449016100179
4,610,0,0,0,5,74,444,1178,1089,2790,0.0,0.0,0.0,0.001792114695341,0.026523297491039,0.159139784946237,0.422222222222222,0.390322580645161
4,611,0,0,0,4,72,412,1150,1147,2785,0.0,0.0,0.0,0.001436265709156,0.025852782764811,0.147935368043088,0.412926391382406,0.411849192100539
4,612,0,0,0,1,60,387,1179,1153,2780,0.0,0.0,0.0,0.000359712230216,0.02158273381295,0.139208633093525,0.42410071942446,0.414748201438849
4,613,0,0,0,3,76,415,1204,1077,2775,0.0,0.0,0.0,0.001081081081081,0.027387387387387,0.14954954954955,0.433873873873874,0.388108108108108
4,614,0,0,0,6,56,418,1180,1110,2770,0.0,0.0,0.0,0.002166064981949,0.020216606498195,0.150902527075812,0.425992779783394,0.40072202166065
4,615,0,0,0,6,70,426,1148,1115,2765,0.0,0.0,0.0,0.002169981916817,0.025316455696203,0.154068716094033,0.415189873417722,0.403254972875226
4,616,0,0,0,2,57,448,1125,1128,2760,0.0,0.0,0.0,0.000724637681159,0.020652173913043,0.16231884057971,0.407608695652174,0.408695652173913
4,617,0,0,0,4,64,412,1145,1130,2755,0.0,0.0,0.0,0.001451905626134,0.023230490018149,0.149546279491833,0.415607985480944,0.41016333938294
4,618,0,0,0,5,66,446,1153,1080,2750,0.0,0.0,0.0,0.001818181818182,0.024,0.162181818181818,0.419272727272727,0.392727272727273
4,619,0,0,0,4,61,419,1134,1127,2745,0.0,0.0,0.0,0.001457194899818,0.022222222222222,0.15264116575592,0.413114754098361,0.410564663023679
4,620,0,0,0,4,49,422,1163,1102,2740,0.0,0.0,0.0,0.001459854014599,0.017883211678832,0.154014598540146,0.424452554744526,0.402189781021898
4,621,0,0,1,5,68,391,1169,1101,2735,0.0,0.0,0.00036563071298,0.001828153564899,0.024862888482633,0.142961608775137,0.427422303473492,0.402559414990859
4,622,0,0,0,4,60,455,1090,1121,2730,0.0,0.0,0.0,0.001465201465201,0.021978021978022,0.166666666666667,0.399267399267399,0.410622710622711
4,623,0,0,0,4,42,418,1150,1111,2725,0.0,0.0,0.0,0.001467889908257,0.015412844036697,0.153394495412844,0.422018348623853,0.407706422018349
4,624,0,0,0,4,67,410,1143,1096,2720,0.0,0.0,0.0,0.001470588235294,0.024632352941176,0.150735294117647,0.420220588235294,0.402941176470588
4,625,0,0,0,2,65,450,1141,1057,2715,0.0,0.0,0.0,0.00073664825046,0.023941068139963,0.165745856353591,0.420257826887661,0.389318600368324
4,626,0,0,0,3,66,411,1159,1071,2710,0.0,0.0,0.0,0.001107011070111,0.024354243542435,0.151660516605166,0.427675276752768,0.39520295202952
4,627,0,0,1,5,57,416,1153,1073,2705,0.0,0.0,0.000369685767098,0.00184842883549,0.021072088724584,0.153789279112754,0.426247689463956,0.396672828096118
4,628,0,0,0,6,66,425,1157,1046,2700,0.0,0.0,0.0,0.002222222222222,0.024444444444444,0.157407407407407,0.428518518518519,0.387407407407407
4,629,0,0,0,8,58,399,1152,1078,2695,0.0,0.0,0.0,0.002968460111317,0.02152133580705,0.148051948051948,0.427458256029685,0.4
4,630,0,0,0,7,73,432,1100,1078,2690,0.0,0.0,0.0,0.002602230483271,0.027137546468401,0.160594795539033,0.408921933085502,0.400743494423792
4,631,0,0,0,4,62,383,1127,1109,2685,0.0,0.0,0.0,0.001489757914339,0.023091247672253,0.142644320297952,0.419739292364991,0.413035381750466
4,632,0,0,0,1,58,378,1198,1045,2680,0.0,0.0,0.0,0.000373134328358,0.021641791044776,0.141044776119403,0.447014925373134,0.389925373134328
4,633,0,0,0,4,67,403,1163,1038,2675,0.0,0.0,0.0,0.001495327102804,0.025046728971963,0.150654205607477,0.434766355140187,0.38803738317757
4,634,0,0,1,4,73,364,1143,1085,2670,0.0,0.0,0.000374531835206,0.001498127340824,0.027340823970037,0.136329588014981,0.428089887640449,0.406367041198502
4,635,0,0,0,4,58,351,1170,1082,2665,0.0,0.0,0.0,0.001500938086304,0.021763602251407,0.131707317073171,0.439024390243902,0.406003752345216
4,636,0,0,0,8,45,428,1126,1053,2660,0.0,0.0,0.0,0.003007518796992,0.016917293233083,0.160902255639098,0.423308270676692,0.395864661654135
4,637,0,0,0,4,49,423,1100,1079,2655,0.0,0.0,0.0,0.0015065913371,0.018455743879473,0.159322033898305,0.414312617702448,0.406403013182674
4,638,0,0,0,5,68,391,1087,1099,2650,0.0,0.0,0.0,0.00188679245283,0.025660377358491,0.147547169811321,0.410188679245283,0.414716981132075
4,639,0,0,0,1,58,412,1148,1026,2645,0.0,0.0,0.0,0.000378071833648,0.021928166351607,0.155765595463138,0.434026465028355,0.387901701323251
4,640,0,0,0,5,56,400,1116,1063,2640,0.0,0.0,0.0,0.001893939393939,0.021212121212121,0.151515151515152,0.422727272727273,0.402651515151515
4,641,0,0,0,4,71,428,1076,1056,2635,0.0,0.0,0.0,0.001518026565465,0.026944971537002,0.162428842504744,0.408349146110057,0.400759013282732
4,642,0,0,0,2,60,396,1099,1073,2630,0.0,0.0,0.0,0.000760456273764,0.022813688212928,0.150570342205323,0.41787072243346,0.407984790874525
4,643,0,0,0,5,55,391,1074,1100,2625,0.0,0.0,0.0,0.001904761904762,0.020952380952381,0.148952380952381,0.409142857142857,0.419047619047619
4,644,0,0,0,2,64,387,1133,1034,2620,0.0,0.0,0.0,0.000763358778626,0.024427480916031,0.147709923664122,0.432442748091603,0.394656488549618
4,645,0,0,0,5,57,401,1096,1056,2615,0.0,0.0,0.0,0.001912045889101,0.021797323135755,0.153346080305927,0.419120458891013,0.403824091778203
4,646,0,0,0,2,65,421,1093,1029,2610,0.0,0.0,0.0,0.000766283524904,0.024904214559387,0.161302681992337,0.418773946360153,0.394252873563218
4,647,0,0,0,5,59,384,1119,1038,2605,0.0,0.0,0.0,0.001919385796545,0.022648752399232,0.147408829174664,0.429558541266795,0.398464491362764
4,648,0,0,0,4,68,384,1095,1049,2600,0.0,0.0,0.0,0.001538461538462,0.026153846153846,0.147692307692308,0.421153846153846,0.403461538461538
4,649,0,0,0,1,60,441,1083,1010,2595,0.0,0.0,0.0,0.000385356454721,0.023121387283237,0.169942196531792,0.417341040462428,0.389210019267823
4,650,0,0,0,4,58,414,1146,968,2590,0.0,0.0,0.0,0.001544401544402,0.022393822393822,0.15984555984556,0.442471042471042,0.373745173745174
4,651,0,0,0,6,56,375,1086,1062,2585,0.0,0.0,0.0,0.002321083172147,0.021663442940039,0.145067698259188,0.420116054158607,0.410831721470019
4,652,0,0,0,7,57,395,1078,1043,2580,0.0,0.0,0.0,0.002713178294574,0.022093023255814,0.153100775193798,0.417829457364341,0.404263565891473
4,653,0,0,0,2,58,405,1078,1032,2575,0.0,0.0,0.0,0.000776699029126,0.02252427184466,0.157281553398058,0.418640776699029,0.400776699029126
4,654,0,0,0,3,71,388,1075,1033,2570,0.0,0.0,0.0,0.001167315175097,0.027626459143969,0.150972762645914,0.418287937743191,0.401945525291829
4,655,0,0,0,3,66,390,1075,1031,2565,0.0,0.0,0.0,0.001169590643275,0.025730994152047,0.152046783625731,0.419103313840156,0.401949317738791
4,656,0,0,0,1,49,369,1124,1017,2560,0.0,0.0,0.0,0.000390625,0.019140625,0.144140625,0.4390625,0.397265625
4,657,0,0,0,3,54,386,1110,1002,2555,0.0,0.0,0.0,0.001174168297456,0.021135029354207,0.151076320939335,0.434442270058708,0.392172211350294
4,658,0,0,0,5,55,390,1109,991,2550,0.0,0.0,0.0,0.001960784313725,0.02156862745098,0.152941176470588,0.434901960784314,0.388627450980392
4,659,0,0,0,5,54,392,1097,997,2545,0.0,0.0,0.0,0.00196463654224,0.021218074656189,0.154027504911591,0.431041257367387,0.391748526522593
4,660,0,0,0,4,62,377,1102,995,2540,0.0,0.0,0.0,0.001574803149606,0.024409448818898,0.148425196850394,0.433858267716535,0.391732283464567
4,661,0,0,0,4,57,385,1067,1022,2535,0.0,0.0,0.0,0.001577909270217,0.022485207100592,0.151873767258383,0.420907297830375,0.403155818540434
4,662,0,0,0,1,53,399,1034,1043,2530,0.0,0.0,0.0,0.000395256916996,0.020948616600791,0.157707509881423,0.408695652173913,0.412252964426877
4,663,0,0,0,2,58,380,1078,1007,2525,0.0,0.0,0.0,0.000792079207921,0.022970297029703,0.15049504950495,0.426930693069307,0.398811881188119
4,664,0,0,0,7,56,384,1043,1030,2520,0.0,0.0,0.0,0.002777777777778,0.022222222222222,0.152380952380952,0.413888888888889,0.408730158730159
4,665,0,0,0,2,60,435,1064,954,2515,0.0,0.0,0.0,0.000795228628231,0.023856858846918,0.172962226640159,0.423061630218688,0.379324055666004
4,666,0,0,0,2,51,388,1079,990,2510,0.0,0.0,0.0,0.000796812749004,0.020318725099602,0.154581673306773,0.429880478087649,0.394422310756972
4,667,0,0,0,3,63,393,1049,997,2505,0.0,0.0,0.0,0.001197604790419,0.025149700598802,0.15688622754491,0.4187624750499,0.398003992015968
4,668,0,0,0,4,51,368,1067,1010,2500,0.0,0.0,0.0,0.0016,0.0204,0.1472,0.4268,0.404
4,669,0,0,0,2,55,372,1097,969,2495,0.0,0.0,0.0,0.000801603206413,0.022044088176353,0.149098196392786,0.439679358717435,0.388376753507014
4,670,0,0,0,6,49,418,1066,951,2490,0.0,0.0,0.0,0.002409638554217,0.019678714859438,0.167871485943775,0.428112449799197,0.381927710843374
4,671,0,0,0,3,49,387,1030,1016,2485,0.0,0.0,0.0,0.001207243460765,0.019718309859155,0.155734406438632,0.414486921529175,0.408853118712274
4,672,0,0,0,3,57,360,1077,983,2480,0.0,0.0,0.0,0.001209677419355,0.022983870967742,0.145161290322581,0.434274193548387,0.396370967741935
4,673,0,0,0,2,53,395,1024,1001,2475,0.0,0.0,0.0,0.000808080808081,0.021414141414141,0.15959595959596,0.413737373737374,0.404444444444444
4,674,0,0,0,1,51,391,1057,970,2470,0.0,0.0,0.0,0.000404858299595,0.020647773279352,0.1582995951417,0.427935222672065,0.392712550607287
4,675,0,0,0,2,58,357,1009,1039,2465,0.0,0.0,0.0,0.000811359026369,0.023529411764706,0.144827586206897,0.409330628803245,0.421501014198783
4,676,0,0,0,5,46,404,1013,992,2460,0.0,0.0,0.0,0.002032520325203,0.01869918699187,0.164227642276423,0.411788617886179,0.403252032520325
4,677,0,0,0,2,55,398,1015,985,2455,0.0,0.0,0.0,0.00081466395112,0.022403258655804,0.162118126272912,0.413441955193483,0.40122199592668
4,678,0,0,0,7,65,345,1060,973,2450,0.0,0.0,0.0,0.002857142857143,0.026530612244898,0.140816326530612,0.43265306122449,0.397142857142857
4,679,0,0,0,2,53,359,1049,982,2445,0.0,0.0,0.0,0.00081799591002,0.021676891615542,0.146830265848671,0.429038854805726,0.401635991820041
4,680,0,0,0,5,46,355,1014,1020,2440,0.0,0.0,0.0,0.002049180327869,0.018852459016393,0.145491803278689,0.415573770491803,0.418032786885246
4,681,0,0,0,1,64,359,1003,1008,2435,0.0,0.0,0.0,0.00041067761807,0.026283367556468,0.147433264887064,0.411909650924025,0.413963039014374
4,682,0,0,0,3,58,343,1019,1007,2430,0.0,0.0,0.0,0.001234567901235,0.023868312757202,0.141152263374486,0.419341563786008,0.41440329218107
4,683,0,0,0,5,61,349,1012,998,2425,0.0,0.0,0.0,0.002061855670103,0.025154639175258,0.143917525773196,0.417319587628866,0.411546391752577
4,684,0,0,0,7,65,353,1005,990,2420,0.0,0.0,0.0,0.002892561983471,0.026859504132231,0.145867768595041,0.415289256198347,0.409090909090909
4,685,0,0,0,4,47,391,1012,961,2415,0.0,0.0,0.0,0.001656314699793,0.019461697722567,0.161904761904762,0.419047619047619,0.397929606625259
4,686,0,0,0,5,38,391,1079,897,2410,0.0,0.0,0.0,0.00207468879668,0.015767634854772,0.162240663900415,0.447717842323651,0.372199170124481
4,687,0,0,0,4,42,388,1018,953,2405,0.0,0.0,0.0,0.001663201663202,0.017463617463617,0.161330561330561,0.423284823284823,0.396257796257796
4,688,0,0,1,5,50,368,1016,960,2400,0.0,0.0,0.000416666666667,0.002083333333333,0.020833333333333,0.153333333333333,0.423333333333333,0.4
4,689,0,0,0,2,48,349,1026,970,2395,0.0,0.0,0.0,0.000835073068894,0.020041753653445,0.145720250521921,0.42839248434238,0.405010438413361
4,690,0,0,0,3,43,374,1005,965,2390,0.0,0.0,0.0,0.001255230125523,0.017991631799163,0.156485355648536,0.420502092050209,0.403765690376569
4,691,0,0,0,5,58,371,1023,928,2385,0.0,0.0,0.0,0.0020964360587,0.024318658280922,0.155555555555556,0.428930817610063,0.389098532494759
4,692,0,0,1,5,46,390,962,976,2380,0.0,0.0,0.000420168067227,0.002100840336134,0.019327731092437,0.163865546218487,0.404201680672269,0.410084033613445
4,693,0,0,0,1,56,372,1021,925,2375,0.0,0.0,0.0,0.000421052631579,0.023578947368421,0.156631578947368,0.429894736842105,0.389473684210526
4,694,0,0,0,4,50,353,1016,947,2370,0.0,0.0,0.0,0.00168776371308,0.021097046413502,0.148945147679325,0.428691983122363,0.39957805907173
4,695,0,0,0,5,45,363,977,975,2365,0.0,0.0,0.0,0.002114164904863,0.019027484143763,0.153488372093023,0.413107822410148,0.412262156448203
4,696,0,0,0,0,51,357,965,987,2360,0.0,0.0,0.0,0.0,0.021610169491525,0.151271186440678,0.408898305084746,0.418220338983051
4,697,0,0,0,5,47,356,978,969,2355,0.0,0.0,0.0,0.002123142250531,0.019957537154989,0.151167728237792,0.415286624203822,0.411464968152866
4,698,0,0,0,4,39,363,1025,919,2350,0.0,0.0,0.0,0.001702127659574,0.016595744680851,0.154468085106383,0.436170212765957,0.391063829787234
4,699,0,0,0,4,55,350,974,962,2345,0.0,0.0,0.0,0.001705756929638,0.023454157782516,0.149253731343284,0.415351812366738,0.410234541577825
4,700,0,0,0,6,53,344,958,979,2340,0.0,0.0,0.0,0.002564102564103,0.022649572649573,0.147008547008547,0.409401709401709,0.418376068376068
4,701,0,0,0,4,58,347,974,952,2335,0.0,0.0,0.0,0.001713062098501,0.024839400428266,0.148608137044968,0.417130620985011,0.407708779443255
4,702,0,0,0,3,61,325,997,944,2330,0.0,0.0,0.0,0.001287553648069,0.02618025751073,0.139484978540773,0.427896995708154,0.405150214592275
4,703,0,0,0,2,48,354,1033,888,2325,0.0,0.0,0.0,0.000860215053763,0.020645161290323,0.152258064516129,0.444301075268817,0.381935483870968
4,704,0,0,0,6,59,335,996,924,2320,0.0,0.0,0.0,0.002586206896552,0.025431034482759,0.144396551724138,0.429310344827586,0.398275862068966
4,705,0,0,0,5,43,341,1036,890,2315,0.0,0.0,0.0,0.002159827213823,0.018574514038877,0.147300215982721,0.447516198704104,0.384449244060475
4,706,0,0,0,4,63,353,943,947,2310,0.0,0.0,0.0,0.001731601731602,0.027272727272727,0.152813852813853,0.408225108225108,0.40995670995671
4,707,0,0,0,4,60,362,923,956,2305,0.0,0.0,0.0,0.00173535791757,0.026030368763557,0.15704989154013,0.400433839479393,0.414750542299349
4,708,0,0,0,7,51,324,999,919,2300,0.0,0.0,0.0,0.00304347826087,0.022173913043478,0.140869565217391,0.434347826086957,0.399565217391304
4,709,0,0,0,2,45,355,966,927,2295,0.0,0.0,0.0,0.000871459694989,0.019607843137255,0.154684095860566,0.420915032679739,0.403921568627451
4,710,0,0,0,3,47,307,980,953,2290,0.0,0.0,0.0,0.001310043668122,0.020524017467249,0.134061135371179,0.427947598253275,0.416157205240175
4,711,0,0,0,4,47,367,956,911,2285,0.0,0.0,0.0,0.001750547045952,0.020568927789934,0.160612691466083,0.418380743982495,0.398687089715536
4,712,0,0,2,3,50,368,990,867,2280,0.0,0.0,0.000877192982456,0.001315789473684,0.021929824561404,0.16140350877193,0.434210526315789,0.380263157894737
4,713,0,0,0,4,50,328,967,926,2275,0.0,0.0,0.0,0.001758241758242,0.021978021978022,0.144175824175824,0.425054945054945,0.407032967032967
4,714,0,0,0,6,60,318,978,908,2270,0.0,0.0,0.0,0.002643171806167,0.026431718061674,0.140088105726872,0.430837004405286,0.4
4,715,0,0,0,0,50,339,957,919,2265,0.0,0.0,0.0,0.0,0.022075055187638,0.149668874172185,0.422516556291391,0.405739514348786
4,716,0,0,0,3,51,364,915,927,2260,0.0,0.0,0.0,0.001327433628319,0.022566371681416,0.161061946902655,0.404867256637168,0.410176991150442
4,717,0,0,0,1,46,358,922,928,2255,0.0,0.0,0.0,0.000443458980044,0.02039911308204,0.158758314855876,0.408869179600887,0.411529933481153
4,718,0,0,0,5,37,342,984,882,2250,0.0,0.0,0.0,0.002222222222222,0.016444444444444,0.152,0.437333333333333,0.392
4,719,0,0,0,2,52,353,954,884,2245,0.0,0.0,0.0,0.000890868596882,0.023162583518931,0.157238307349666,0.424944320712695,0.393763919821826
4,720,0,0,0,3,39,328,937,933,2240,0.0,0.0,0.0,0.001339285714286,0.017410714285714,0.146428571428571,0.418303571428571,0.416517857142857
4,721,0,0,0,3,49,335,938,910,2235,0.0,0.0,0.0,0.001342281879195,0.021923937360179,0.149888143176734,0.419686800894855,0.407158836689038
4,722,0,0,0,0,55,349,972,854,2230,0.0,0.0,0.0,0.0,0.024663677130045,0.156502242152466,0.435874439461883,0.382959641255605
4,723,0,0,0,3,43,321,937,921,2225,0.0,0.0,0.0,0.001348314606742,0.019325842696629,0.144269662921348,0.421123595505618,0.413932584269663
4,724,0,0,0,1,44,337,933,905,2220,0.0,0.0,0.0,0.00045045045045,0.01981981981982,0.151801801801802,0.42027027027027,0.407657657657658
4,725,0,0,0,4,62,338,943,868,2215,0.0,0.0,0.0,0.001805869074492,0.027990970654628,0.152595936794582,0.425733634311512,0.391873589164786
4,726,0,0,1,2,59,324,952,872,2210,0.0,0.0,0.000452488687783,0.000904977375566,0.026696832579186,0.146606334841629,0.430769230769231,0.394570135746606
4,727,0,0,0,4,53,320,954,874,2205,0.0,0.0,0.0,0.001814058956916,0.024036281179138,0.145124716553288,0.43265306122449,0.396371882086168
4,728,0,0,0,1,50,298,939,912,2200,0.0,0.0,0.0,0.000454545454545,0.022727272727273,0.135454545454545,0.426818181818182,0.414545454545455
4,729,0,0,0,5,38,338,924,890,2195,0.0,0.0,0.0,0.002277904328018,0.017312072892938,0.153986332574032,0.420956719817768,0.405466970387244
4,730,0,0,0,5,39,318,948,880,2190,0.0,0.0,0.0,0.002283105022831,0.017808219178082,0.145205479452055,0.432876712328767,0.401826484018265
4,731,0,0,0,4,47,350,908,876,2185,0.0,0.0,0.0,0.001830663615561,0.021510297482838,0.160183066361556,0.415560640732265,0.40091533180778
4,732,0,0,0,4,52,344,930,850,2180,0.0,0.0,0.0,0.001834862385321,0.023853211009174,0.157798165137615,0.426605504587156,0.389908256880734
4,733,0,0,0,0,40,315,935,885,2175,0.0,0.0,0.0,0.0,0.018390804597701,0.144827586206897,0.429885057471264,0.406896551724138
4,734,0,0,0,2,39,321,924,884,2170,0.0,0.0,0.0,0.000921658986175,0.017972350230415,0.147926267281106,0.425806451612903,0.407373271889401
4,735,0,0,0,4,42,327,886,906,2165,0.0,0.0,0.0,0.001847575057737,0.019399538106236,0.151039260969977,0.409237875288684,0.418475750577367
4,736,0,0,0,2,48,308,948,854,2160,0.0,0.0,0.0,0.000925925925926,0.022222222222222,0.142592592592593,0.438888888888889,0.39537037037037
4,737,0,0,0,2,54,322,897,880,2155,0.0,0.0,0.0,0.00092807424594,0.025058004640371,0.149419953596288,0.416241299303944,0.408352668213457
4,738,0,0,0,4,57,354,898,837,2150,0.0,0.0,0.0,0.001860465116279,0.026511627906977,0.164651162790698,0.417674418604651,0.389302325581395
4,739,0,0,0,1,48,323,919,854,2145,0.0,0.0,0.0,0.0004662004662,0.022377622377622,0.150582750582751,0.428438228438228,0.398135198135198
4,740,0,0,0,3,59,336,921,821,2140,0.0,0.0,0.0,0.001401869158879,0.027570093457944,0.157009345794393,0.430373831775701,0.383644859813084
4,741,0,0,0,5,53,335,865,877,2135,0.0,0.0,0.0,0.002341920374707,0.024824355971897,0.156908665105386,0.405152224824356,0.410772833723653
4,742,0,0,0,1,46,327,887,869,2130,0.0,0.0,0.0,0.000469483568075,0.021596244131455,0.153521126760563,0.416431924882629,0.407981220657277
4,743,0,0,0,1,60,308,880,876,2125,0.0,0.0,0.0,0.000470588235294,0.028235294117647,0.144941176470588,0.414117647058824,0.412235294117647
4,744,0,0,0,9,38,328,863,882,2120,0.0,0.0,0.0,0.004245283018868,0.017924528301887,0.154716981132075,0.407075471698113,0.416037735849057
4,745,0,0,0,3,42,324,916,830,2115,0.0,0.0,0.0,0.001418439716312,0.019858156028369,0.153191489361702,0.433096926713948,0.392434988179669
4,746,0,0,0,2,48,318,889,853,2110,0.0,0.0,0.0,0.000947867298578,0.022748815165877,0.150710900473934,0.421327014218009,0.404265402843602
4,747,0,0,0,3,56,310,904,832,2105,0.0,0.0,0.0,0.001425178147268,0.026603325415677,0.147268408551069,0.429453681710214,0.395249406175772
4,748,0,0,0,0,60,312,892,836,2100,0.0,0.0,0.0,0.0,0.028571428571429,0.148571428571429,0.424761904761905,0.398095238095238
4,749,0,0,0,1,45,335,888,826,2095,0.0,0.0,0.0,0.000477326968974,0.021479713603819,0.159904534606205,0.423866348448687,0.394272076372315
4,750,0,0,0,1,50,351,871,817,2090,0.0,0.0,0.0,0.000478468899522,0.023923444976077,0.167942583732057,0.416746411483254,0.390909090909091
4,751,0,0,0,5,43,338,912,787,2085,0.0,0.0,0.0,0.002398081534772,0.020623501199041,0.1621103117506,0.437410071942446,0.377458033573142
4,752,0,0,0,2,43,326,896,813,2080,0.0,0.0,0.0,0.000961538461538,0.020673076923077,0.156730769230769,0.430769230769231,0.390865384615385
4,753,0,0,0,1,55,318,890,811,2075,0.0,0.0,0.0,0.000481927710843,0.026506024096386,0.153253012048193,0.428915662650602,0.390843373493976
4,754,0,0,0,1,41,309,893,826,2070,0.0,0.0,0.0,0.00048309178744,0.019806763285024,0.149275362318841,0.431400966183575,0.399033816425121
4,755,0,0,0,1,57,316,883,808,2065,0.0,0.0,0.0,0.000484261501211,0.027602905569007,0.153026634382567,0.427602905569007,0.391283292978208
4,756,0,0,0,4,55,312,874,815,2060,0.0,0.0,0.0,0.001941747572816,0.026699029126214,0.151456310679612,0.424271844660194,0.395631067961165
4,757,0,0,0,1,39,280,890,845,2055,0.0,0.0,0.0,0.000486618004866,0.018978102189781,0.13625304136253,0.4330900243309,0.411192214111922
4,758,0,0,0,5,47,319,848,831,2050,0.0,0.0,0.0,0.002439024390244,0.022926829268293,0.155609756097561,0.413658536585366,0.405365853658537
4,759,0,0,0,3,35,318,864,825,2045,0.0,0.0,0.0,0.001466992665037,0.017114914425428,0.155501222493888,0.422493887530562,0.403422982885086
4,760,0,0,0,2,49,305,878,806,2040,0.0,0.0,0.0,0.000980392156863,0.024019607843137,0.149509803921569,0.430392156862745,0.395098039215686
4,761,0,0,0,1,37,301,883,813,2035,0.0,0.0,0.0,0.0004914004914,0.018181818181818,0.147911547911548,0.433906633906634,0.3995085995086
4,762,0,0,0,2,48,297,856,827,2030,0.0,0.0,0.0,0.000985221674877,0.023645320197044,0.146305418719212,0.421674876847291,0.407389162561576
4,763,0,0,0,3,43,309,857,813,2025,0.0,0.0,0.0,0.001481481481481,0.021234567901235,0.152592592592593,0.42320987654321,0.401481481481481
4,764,0,0,0,3,38,341,822,816,2020,0.0,0.0,0.0,0.001485148514851,0.018811881188119,0.168811881188119,0.406930693069307,0.403960396039604
4,765,0,0,0,2,48,305,819,841,2015,0.0,0.0,0.0,0.000992555831266,0.023821339950372,0.15136476426799,0.406451612903226,0.417369727047146
4,766,0,0,0,5,46,287,868,804,2010,0.0,0.0,0.0,0.002487562189055,0.022885572139303,0.142786069651741,0.4318407960199,0.4
4,767,0,0,0,2,52,312,817,822,2005,0.0,0.0,0.0,0.000997506234414,0.025935162094763,0.155610972568579,0.407481296758105,0.40997506234414
4,768,0,0,0,2,45,297,836,820,2000,0.0,0.0,0.0,0.001,0.0225,0.1485,0.418,0.41
4,769,0,0,0,2,45,316,846,786,1995,0.0,0.0,0.0,0.001002506265664,0.022556390977444,0.158395989974937,0.42406015037594,0.393984962406015
4,770,0,0,0,3,50,291,827,819,1990,0.0,0.0,0.0,0.001507537688442,0.025125628140704,0.146231155778894,0.415577889447236,0.411557788944724
4,771,0,0,0,4,42,316,801,822,1985,0.0,0.0,0.0,0.002015113350126,0.021158690176322,0.15919395465995,0.40352644836272,0.414105793450882
4,772,0,0,0,3,54,327,823,773,1980,0.0,0.0,0.0,0.001515151515152,0.027272727272727,0.165151515151515,0.415656565656566,0.39040404040404
4,773,0,0,0,1,39,318,831,786,1975,0.0,0.0,0.0,0.000506329113924,0.019746835443038,0.161012658227848,0.420759493670886,0.397974683544304
4,774,0,0,0,2,53,289,860,766,1970,0.0,0.0,0.0,0.001015228426396,0.026903553299492,0.146700507614213,0.436548223350254,0.388832487309645
4,775,0,0,1,1,47,292,808,816,1965,0.0,0.0,0.000508905852417,0.000508905852417,0.023918575063613,0.148600508905852,0.411195928753181,0.415267175572519
4,776,0,0,0,3,39,295,842,781,1960,0.0,0.0,0.0,0.001530612244898,0.019897959183673,0.150510204081633,0.429591836734694,0.398469387755102
4,777,0,0,0,2,48,299,858,748,1955,0.0,0.0,0.0,0.001023017902813,0.024552429667519,0.152941176470588,0.438874680306905,0.382608695652174
4,778,0,0,0,1,38,333,786,792,1950,0.0,0.0,0.0,0.000512820512821,0.019487179487179,0.170769230769231,0.403076923076923,0.406153846153846
4,779,0,0,0,2,40,311,858,734,1945,0.0,0.0,0.0,0.001028277634961,0.020565552699229,0.159897172236504,0.441131105398458,0.377377892030848
4,780,0,0,0,5,45,277,840,773,1940,0.0,0.0,0.0,0.002577319587629,0.02319587628866,0.142783505154639,0.43298969072165,0.398453608247423
4,781,0,0,0,5,50,315,788,777,1935,0.0,0.0,0.0,0.002583979328165,0.025839793281654,0.162790697674419,0.407235142118863,0.401550387596899
4,782,0,0,0,3,32,300,837,758,1930,0.0,0.0,0.0,0.001554404145078,0.016580310880829,0.155440414507772,0.433678756476684,0.392746113989637
4,783,0,0,0,1,51,288,818,767,1925,0.0,0.0,0.0,0.000519480519481,0.026493506493506,0.14961038961039,0.424935064935065,0.398441558441558
4,784,0,0,0,6,46,325,789,754,1920,0.0,0.0,0.0,0.003125,0.023958333333333,0.169270833333333,0.4109375,0.392708333333333
4,785,0,0,0,4,51,290,793,777,1915,0.0,0.0,0.0,0.002088772845953,0.026631853785901,0.151436031331593,0.414099216710183,0.405744125326371
4,786,0,0,0,2,27,285,819,777,1910,0.0,0.0,0.0,0.001047120418848,0.01413612565445,0.149214659685864,0.428795811518325,0.406806282722513
4,787,0,0,0,3,39,294,794,775,1905,0.0,0.0,0.0,0.001574803149606,0.020472440944882,0.154330708661417,0.416797900262467,0.406824146981627
4,788,0,0,0,5,37,293,810,755,1900,0.0,0.0,0.0,0.002631578947368,0.019473684210526,0.154210526315789,0.426315789473684,0.397368421052632
4,789,0,0,0,1,44,287,805,758,1895,0.0,0.0,0.0,0.000527704485488,0.023218997361478,0.151451187335092,0.424802110817942,0.4
4,790,0,0,0,2,54,301,775,758,1890,0.0,0.0,0.0,0.001058201058201,0.028571428571429,0.159259259259259,0.41005291005291,0.401058201058201
4,791,0,0,0,4,47,266,814,754,1885,0.0,0.0,0.0,0.002122015915119,0.024933687002653,0.141114058355438,0.43183023872679,0.4
4,792,0,0,0,4,42,298,771,765,1880,0.0,0.0,0.0,0.002127659574468,0.022340425531915,0.158510638297872,0.410106382978723,0.406914893617021
4,793,0,0,0,2,43,305,737,788,1875,0.0,0.0,0.0,0.001066666666667,0.022933333333333,0.162666666666667,0.393066666666667,0.420266666666667
4,794,0,0,0,5,31,276,828,730,1870,0.0,0.0,0.0,0.002673796791444,0.016577540106952,0.147593582887701,0.442780748663102,0.390374331550802
4,795,0,0,0,0,36,261,804,764,1865,0.0,0.0,0.0,0.0,0.019302949061662,0.139946380697051,0.431099195710456,0.409651474530831
4,796,0,0,0,2,40,269,776,773,1860,0.0,0.0,0.0,0.001075268817204,0.021505376344086,0.144623655913978,0.417204301075269,0.415591397849462
4,797,0,0,0,3,43,264,817,728,1855,0.0,0.0,0.0,0.001617250673854,0.023180592991914,0.142318059299191,0.440431266846361,0.392452830188679
4,798,0,0,0,3,43,277,760,767,1850,0.0,0.0,0.0,0.001621621621622,0.023243243243243,0.14972972972973,0.410810810810811,0.414594594594595
4,799,0,0,0,2,50,257,782,754,1845,0.0,0.0,0.0,0.001084010840108,0.02710027100271,0.13929539295393,0.423848238482385,0.408672086720867
4,800,0,0,0,0,47,272,740,781,1840,0.0,0.0,0.0,0.0,0.02554347826087,0.147826086956522,0.402173913043478,0.42445652173913
4,801,0,0,0,7,33,284,779,732,1835,0.0,0.0,0.0,0.003814713896458,0.017983651226158,0.154768392370572,0.424523160762943,0.398910081743869
4,802,0,0,0,2,33,274,758,763,1830,0.0,0.0,0.0,0.001092896174863,0.018032786885246,0.149726775956284,0.414207650273224,0.416939890710383
4,803,0,0,0,3,47,274,717,784,1825,0.0,0.0,0.0,0.001643835616438,0.025753424657534,0.15013698630137,0.392876712328767,0.42958904109589
4,804,0,0,2,1,39,282,762,734,1820,0.0,0.0,0.001098901098901,0.000549450549451,0.021428571428571,0.154945054945055,0.418681318681319,0.403296703296703
4,805,0,0,0,3,34,275,773,730,1815,0.0,0.0,0.0,0.001652892561983,0.018732782369146,0.151515151515152,0.425895316804408,0.402203856749311
4,806,0,0,0,3,45,269,785,708,1810,0.0,0.0,0.0,0.001657458563536,0.024861878453039,0.148618784530387,0.433701657458564,0.391160220994475
4,807,0,0,0,4,40,275,755,731,1805,0.0,0.0,0.0,0.002216066481994,0.022160664819945,0.152354570637119,0.418282548476454,0.404986149584488
4,808,0,0,0,3,38,273,760,726,1800,0.0,0.0,0.0,0.001666666666667,0.021111111111111,0.151666666666667,0.422222222222222,0.403333333333333
4,809,0,0,0,3,43,275,753,721,1795,0.0,0.0,0.0,0.001671309192201,0.023955431754875,0.153203342618384,0.41949860724234,0.401671309192201
4,810,0,0,0,2,43,279,729,737,1790,0.0,0.0,0.0,0.001117318435754,0.024022346368715,0.155865921787709,0.407262569832402,0.411731843575419
4,811,0,0,0,1,31,254,784,715,1785,0.0,0.0,0.0,0.000560224089636,0.017366946778711,0.142296918767507,0.43921568627451,0.400560224089636
4,812,0,0,0,5,35,276,796,668,1780,0.0,0.0,0.0,0.002808988764045,0.019662921348315,0.155056179775281,0.447191011235955,0.375280898876404
4,813,0,0,0,0,50,269,714,742,1775,0.0,0.0,0.0,0.0,0.028169014084507,0.151549295774648,0.402253521126761,0.418028169014085
4,814,0,0,0,3,36,267,769,695,1770,0.0,0.0,0.0,0.001694915254237,0.020338983050847,0.150847457627119,0.434463276836158,0.392655367231638
4,815,0,0,0,2,32,275,728,728,1765,0.0,0.0,0.0,0.001133144475921,0.018130311614731,0.155807365439093,0.412464589235127,0.412464589235127
4,816,0,0,0,3,43,259,751,704,1760,0.0,0.0,0.0,0.001704545454545,0.024431818181818,0.147159090909091,0.426704545454545,0.4
4,817,0,0,0,6,44,268,738,699,1755,0.0,0.0,0.0,0.003418803418803,0.025071225071225,0.152706552706553,0.420512820512821,0.398290598290598
4,818,0,0,0,3,38,271,714,724,1750,0.0,0.0,0.0,0.001714285714286,0.021714285714286,0.154857142857143,0.408,0.413714285714286
4,819,0,0,0,5,42,289,727,682,1745,0.0,0.0,0.0,0.002865329512894,0.024068767908309,0.165616045845272,0.416618911174785,0.390830945558739
4,820,0,0,0,4,36,253,752,695,1740,0.0,0.0,0.0,0.002298850574713,0.020689655172414,0.145402298850575,0.432183908045977,0.399425287356322
4,821,0,0,0,4,38,275,720,698,1735,0.0,0.0,0.0,0.002305475504323,0.021902017291066,0.15850144092219,0.414985590778098,0.402305475504323
4,822,0,0,0,0,29,249,735,717,1730,0.0,0.0,0.0,0.0,0.016763005780347,0.14393063583815,0.42485549132948,0.414450867052023
4,823,0,0,0,3,32,274,758,658,1725,0.0,0.0,0.0,0.001739130434783,0.018550724637681,0.158840579710145,0.439420289855072,0.381449275362319
4,824,0,0,0,0,35,291,727,667,1720,0.0,0.0,0.0,0.0,0.020348837209302,0.169186046511628,0.422674418604651,0.387790697674419
4,825,0,0,0,3,39,250,693,730,1715,0.0,0.0,0.0,0.001749271137026,0.022740524781341,0.145772594752187,0.404081632653061,0.425655976676385
4,826,0,0,0,3,39,255,760,653,1710,0.0,0.0,0.0,0.001754385964912,0.02280701754386,0.149122807017544,0.444444444444444,0.38187134502924
4,827,0,0,0,1,39,254,703,708,1705,0.0,0.0,0.0,0.00058651026393,0.022873900293255,0.148973607038123,0.412316715542522,0.41524926686217
4,828,0,0,0,5,34,262,730,669,1700,0.0,0.0,0.0,0.002941176470588,0.02,0.154117647058824,0.429411764705882,0.393529411764706
4,829,0,0,0,4,43,254,680,714,1695,0.0,0.0,0.0,0.0023598820059,0.025368731563422,0.149852507374631,0.40117994100295,0.421238938053097
4,830,0,0,0,1,34,225,739,691,1690,0.0,0.0,0.0,0.000591715976331,0.020118343195266,0.133136094674556,0.437278106508876,0.40887573964497
4,831,0,0,0,2,49,259,731,644,1685,0.0,0.0,0.0,0.001186943620178,0.029080118694362,0.153709198813056,0.433827893175074,0.382195845697329
4,832,0,0,1,3,42,248,729,657,1680,0.0,0.0,0.000595238095238,0.001785714285714,0.025,0.147619047619048,0.433928571428571,0.391071428571429
4,833,0,0,0,2,36,254,749,634,1675,0.0,0.0,0.0,0.001194029850746,0.021492537313433,0.151641791044776,0.447164179104478,0.378507462686567
4,834,0,0,0,1,43,246,715,665,1670,0.0,0.0,0.0,0.00059880239521,0.025748502994012,0.147305389221557,0.42814371257485,0.398203592814371
4,835,0,0,0,1,48,235,716,665,1665,0.0,0.0,0.0,0.000600600600601,0.028828828828829,0.141141141141141,0.43003003003003,0.399399399399399
4,836,0,0,1,1,28,251,682,697,1660,0.0,0.0,0.000602409638554,0.000602409638554,0.016867469879518,0.151204819277108,0.410843373493976,0.419879518072289
4,837,0,0,1,2,34,267,668,683,1655,0.0,0.0,0.000604229607251,0.001208459214502,0.020543806646526,0.161329305135952,0.403625377643505,0.412688821752266
4,838,0,0,0,2,35,261,691,661,1650,0.0,0.0,0.0,0.001212121212121,0.021212121212121,0.158181818181818,0.418787878787879,0.400606060606061
4,839,0,0,0,2,38,247,742,616,1645,0.0,0.0,0.0,0.001215805471125,0.023100303951368,0.150151975683891,0.451063829787234,0.374468085106383
4,840,0,0,0,3,37,241,676,683,1640,0.0,0.0,0.0,0.001829268292683,0.022560975609756,0.146951219512195,0.412195121951219,0.416463414634146
4,841,0,0,0,1,42,239,710,643,1635,0.0,0.0,0.0,0.000611620795107,0.025688073394495,0.146177370030581,0.434250764525994,0.393272171253823
4,842,0,0,0,3,28,255,693,651,1630,0.0,0.0,0.0,0.001840490797546,0.017177914110429,0.156441717791411,0.425153374233129,0.399386503067485
4,843,0,0,0,2,25,219,672,707,1625,0.0,0.0,0.0,0.001230769230769,0.015384615384615,0.134769230769231,0.413538461538462,0.435076923076923
4,844,0,0,0,4,25,245,723,623,1620,0.0,0.0,0.0,0.002469135802469,0.015432098765432,0.151234567901235,0.446296296296296,0.384567901234568
4,845,0,0,0,2,42,254,713,604,1615,0.0,0.0,0.0,0.001238390092879,0.026006191950464,0.157275541795666,0.441486068111455,0.373993808049536
4,846,0,0,0,0,30,210,702,668,1610,0.0,0.0,0.0,0.0,0.018633540372671,0.130434782608696,0.436024844720497,0.414906832298137
4,847,0,0,0,5,42,256,680,622,1605,0.0,0.0,0.0,0.003115264797508,0.026168224299065,0.159501557632399,0.423676012461059,0.387538940809969
4,848,1,0,0,2,32,235,659,671,1600,0.000625,0.0,0.0,0.00125,0.02,0.146875,0.411875,0.419375
4,849,0,0,0,5,47,232,679,632,1595,0.0,0.0,0.0,0.003134796238245,0.029467084639498,0.145454545454545,0.425705329153605,0.396238244514107
4,850,0,0,0,2,43,234,664,647,1590,0.0,0.0,0.0,0.00125786163522,0.027044025157233,0.147169811320755,0.417610062893082,0.406918238993711
4,851,0,0,0,0,46,211,653,675,1585,0.0,0.0,0.0,0.0,0.029022082018927,0.133123028391167,0.41198738170347,0.425867507886435
4,852,0,0,0,1,39,245,654,641,1580,0.0,0.0,0.0,0.000632911392405,0.024683544303797,0.155063291139241,0.413924050632911,0.405696202531646
4,853,0,0,0,2,35,227,676,635,1575,0.0,0.0,0.0,0.001269841269841,0.022222222222222,0.144126984126984,0.429206349206349,0.403174603174603
4,854,0,0,0,1,35,262,662,610,1570,0.0,0.0,0.0,0.000636942675159,0.022292993630573,0.16687898089172,0.421656050955414,0.388535031847134
4,855,0,0,0,3,35,259,656,612,1565,0.0,0.0,0.0,0.001916932907348,0.022364217252396,0.165495207667732,0.419169329073482,0.391054313099042
4,856,0,0,0,4,31,244,638,643,1560,0.0,0.0,0.0,0.002564102564103,0.019871794871795,0.156410256410256,0.408974358974359,0.412179487179487
4,857,0,0,0,1,32,247,640,635,1555,0.0,0.0,0.0,0.00064308681672,0.020578778135048,0.158842443729904,0.411575562700965,0.408360128617363
4,858,0,0,0,4,37,216,679,614,1550,0.0,0.0,0.0,0.00258064516129,0.023870967741935,0.139354838709677,0.438064516129032,0.396129032258065
4,859,0,0,0,7,30,250,649,609,1545,0.0,0.0,0.0,0.00453074433657,0.019417475728155,0.161812297734628,0.420064724919094,0.394174757281553
4,860,0,0,0,0,39,248,651,602,1540,0.0,0.0,0.0,0.0,0.025324675324675,0.161038961038961,0.422727272727273,0.390909090909091
4,861,0,0,0,1,26,234,648,626,1535,0.0,0.0,0.0,0.000651465798046,0.016938110749186,0.152442996742671,0.42214983713355,0.407817589576547
4,862,0,0,0,2,41,227,637,623,1530,0.0,0.0,0.0,0.001307189542484,0.026797385620915,0.148366013071895,0.416339869281046,0.40718954248366
4,863,0,0,0,2,27,208,680,608,1525,0.0,0.0,0.0,0.001311475409836,0.017704918032787,0.136393442622951,0.445901639344262,0.398688524590164
4,864,0,0,0,2,35,227,628,628,1520,0.0,0.0,0.0,0.001315789473684,0.023026315789474,0.149342105263158,0.413157894736842,0.413157894736842
4,865,0,0,0,1,41,201,632,640,1515,0.0,0.0,0.0,0.000660066006601,0.027062706270627,0.132673267326733,0.417161716171617,0.422442244224422
4,866,0,0,0,4,41,241,630,594,1510,0.0,0.0,0.0,0.002649006622517,0.027152317880795,0.159602649006623,0.417218543046358,0.393377483443709
4,867,0,0,0,3,39,200,638,625,1505,0.0,0.0,0.0,0.001993355481728,0.025913621262458,0.132890365448505,0.423920265780731,0.415282392026578
4,868,0,0,0,0,33,213,665,589,1500,0.0,0.0,0.0,0.0,0.022,0.142,0.443333333333333,0.392666666666667
4,869,0,0,0,2,34,218,604,637,1495,0.0,0.0,0.0,0.00133779264214,0.022742474916388,0.145819397993311,0.404013377926421,0.426086956521739
4,870,0,0,0,1,39,218,617,615,1490,0.0,0.0,0.0,0.000671140939597,0.026174496644295,0.146308724832215,0.414093959731544,0.412751677852349
4,871,0,0,0,2,32,217,619,615,1485,0.0,0.0,0.0,0.001346801346801,0.021548821548822,0.146127946127946,0.416835016835017,0.414141414141414
4,872,0,0,0,2,36,262,619,561,1480,0.0,0.0,0.0,0.001351351351351,0.024324324324324,0.177027027027027,0.418243243243243,0.379054054054054
4,873,0,0,0,3,29,225,635,583,1475,0.0,0.0,0.0,0.002033898305085,0.019661016949153,0.152542372881356,0.430508474576271,0.395254237288136
4,874,0,0,0,1,34,221,613,601,1470,0.0,0.0,0.0,0.000680272108844,0.02312925170068,0.150340136054422,0.417006802721088,0.408843537414966
4,875,0,0,0,2,33,225,609,596,1465,0.0,0.0,0.0,0.001365187713311,0.022525597269625,0.15358361774744,0.415699658703072,0.406825938566553
4,876,0,0,0,3,37,233,594,593,1460,0.0,0.0,0.0,0.002054794520548,0.025342465753425,0.15958904109589,0.406849315068493,0.406164383561644
4,877,0,0,0,2,29,226,586,612,1455,0.0,0.0,0.0,0.001374570446735,0.019931271477663,0.1553264604811,0.402749140893471,0.420618556701031
4,878,0,0,0,0,31,188,644,587,1450,0.0,0.0,0.0,0.0,0.021379310344828,0.129655172413793,0.444137931034483,0.404827586206897
4,879,0,0,0,3,34,225,610,573,1445,0.0,0.0,0.0,0.002076124567474,0.023529411764706,0.155709342560554,0.422145328719723,0.396539792387543
4,880,0,0,0,1,27,247,611,554,1440,0.0,0.0,0.0,0.000694444444444,0.01875,0.171527777777778,0.424305555555556,0.384722222222222
4,881,0,0,0,1,24,196,647,567,1435,0.0,0.0,0.0,0.000696864111498,0.016724738675958,0.136585365853659,0.450871080139373,0.395121951219512
4,882,0,0,0,3,37,212,621,557,1430,0.0,0.0,0.0,0.002097902097902,0.025874125874126,0.148251748251748,0.434265734265734,0.389510489510489
4,883,0,0,0,4,39,217,592,573,1425,0.0,0.0,0.0,0.00280701754386,0.027368421052632,0.152280701754386,0.415438596491228,0.402105263157895
4,884,0,0,0,0,44,210,629,537,1420,0.0,0.0,0.0,0.0,0.030985915492958,0.147887323943662,0.442957746478873,0.378169014084507
4,885,0,0,0,3,35,215,595,567,1415,0.0,0.0,0.0,0.002120141342756,0.024734982332155,0.151943462897526,0.420494699646643,0.400706713780919
4,886,0,0,0,1,26,228,602,553,1410,0.0,0.0,0.0,0.000709219858156,0.018439716312057,0.161702127659574,0.426950354609929,0.392198581560284
4,887,0,0,0,2,33,204,598,568,1405,0.0,0.0,0.0,0.001423487544484,0.023487544483986,0.145195729537367,0.425622775800712,0.404270462633452
4,888,0,0,0,3,29,174,600,594,1400,0.0,0.0,0.0,0.002142857142857,0.020714285714286,0.124285714285714,0.428571428571429,0.424285714285714
4,889,0,0,0,3,25,207,591,569,1395,0.0,0.0,0.0,0.002150537634409,0.017921146953405,0.148387096774194,0.423655913978495,0.407885304659498
4,890,0,0,0,0,41,242,561,546,1390,0.0,0.0,0.0,0.0,0.029496402877698,0.17410071942446,0.403597122302158,0.392805755395683
4,891,0,0,0,1,28,210,604,542,1385,0.0,0.0,0.0,0.00072202166065,0.020216606498195,0.151624548736462,0.436101083032491,0.391335740072202
4,892,0,0,0,3,34,216,565,562,1380,0.0,0.0,0.0,0.002173913043478,0.02463768115942,0.156521739130435,0.409420289855072,0.407246376811594
4,893,0,0,0,1,34,223,594,523,1375,0.0,0.0,0.0,0.000727272727273,0.024727272727273,0.162181818181818,0.432,0.380363636363636
4,894,0,0,0,2,33,219,590,526,1370,0.0,0.0,0.0,0.001459854014599,0.024087591240876,0.15985401459854,0.430656934306569,0.383941605839416
4,895,0,0,0,3,42,194,562,564,1365,0.0,0.0,0.0,0.002197802197802,0.030769230769231,0.142124542124542,0.411721611721612,0.413186813186813
4,896,0,0,0,4,35,210,601,510,1360,0.0,0.0,0.0,0.002941176470588,0.025735294117647,0.154411764705882,0.441911764705882,0.375
4,897,0,0,0,1,26,214,552,562,1355,0.0,0.0,0.0,0.000738007380074,0.019188191881919,0.157933579335793,0.407380073800738,0.414760147601476
4,898,0,0,0,1,29,205,609,506,1350,0.0,0.0,0.0,0.000740740740741,0.021481481481481,0.151851851851852,0.451111111111111,0.374814814814815
4,899,0,0,0,3,26,215,575,526,1345,0.0,0.0,0.0,0.002230483271375,0.019330855018587,0.159851301115242,0.427509293680297,0.391078066914498
4,900,0,0,0,5,25,198,584,528,1340,0.0,0.0,0.0,0.003731343283582,0.01865671641791,0.147761194029851,0.435820895522388,0.394029850746269
4,901,0,0,0,3,35,213,532,552,1335,0.0,0.0,0.0,0.002247191011236,0.026217228464419,0.159550561797753,0.398501872659176,0.413483146067416
4,902,0,0,0,1,22,200,535,572,1330,0.0,0.0,0.0,0.000751879699248,0.016541353383459,0.150375939849624,0.402255639097744,0.430075187969925
4,903,0,0,0,1,33,204,523,564,1325,0.0,0.0,0.0,0.000754716981132,0.024905660377358,0.153962264150943,0.394716981132075,0.425660377358491
4,904,0,0,0,1,33,184,532,570,1320,0.0,0.0,0.0,0.000757575757576,0.025,0.139393939393939,0.403030303030303,0.431818181818182
4,905,0,0,0,3,24,214,583,491,1315,0.0,0.0,0.0,0.002281368821293,0.018250950570342,0.162737642585551,0.443346007604563,0.373384030418251
4,906,0,0,0,1,28,195,551,535,1310,0.0,0.0,0.0,0.000763358778626,0.021374045801527,0.148854961832061,0.420610687022901,0.408396946564886
4,907,0,0,0,1,28,180,574,522,1305,0.0,0.0,0.0,0.000766283524904,0.021455938697318,0.137931034482759,0.439846743295019,0.4
4,908,0,0,0,3,23,195,556,523,1300,0.0,0.0,0.0,0.002307692307692,0.017692307692308,0.15,0.427692307692308,0.402307692307692
4,909,0,0,0,2,25,219,555,494,1295,0.0,0.0,0.0,0.001544401544402,0.019305019305019,0.169111969111969,0.428571428571429,0.381467181467181
4,910,0,0,0,1,25,184,570,510,1290,0.0,0.0,0.0,0.00077519379845,0.01937984496124,0.142635658914729,0.441860465116279,0.395348837209302
4,911,0,0,0,5,27,178,562,513,1285,0.0,0.0,0.0,0.003891050583658,0.021011673151751,0.13852140077821,0.437354085603113,0.399221789883269
4,912,0,0,0,0,19,200,537,524,1280,0.0,0.0,0.0,0.0,0.01484375,0.15625,0.41953125,0.409375
4,913,0,0,0,0,27,206,516,526,1275,0.0,0.0,0.0,0.0,0.021176470588235,0.16156862745098,0.404705882352941,0.412549019607843
4,914,0,0,0,0,29,186,534,521,1270,0.0,0.0,0.0,0.0,0.022834645669291,0.146456692913386,0.420472440944882,0.410236220472441
4,915,0,0,0,2,39,179,528,517,1265,0.0,0.0,0.0,0.001581027667984,0.030830039525692,0.141501976284585,0.417391304347826,0.408695652173913
4,916,0,0,0,1,27,193,519,520,1260,0.0,0.0,0.0,0.000793650793651,0.021428571428571,0.153174603174603,0.411904761904762,0.412698412698413
4,917,0,0,0,1,28,203,510,513,1255,0.0,0.0,0.0,0.000796812749004,0.022310756972112,0.161752988047809,0.406374501992032,0.408764940239044
4,918,0,0,0,0,35,201,508,506,1250,0.0,0.0,0.0,0.0,0.028,0.1608,0.4064,0.4048
4,919,0,0,0,1,36,205,516,487,1245,0.0,0.0,0.0,0.000803212851406,0.028915662650602,0.164658634538153,0.414457831325301,0.391164658634538
4,920,0,0,0,0,35,188,500,517,1240,0.0,0.0,0.0,0.0,0.028225806451613,0.151612903225806,0.403225806451613,0.416935483870968
4,921,0,0,0,1,24,193,532,485,1235,0.0,0.0,0.0,0.00080971659919,0.019433198380567,0.156275303643725,0.430769230769231,0.392712550607287
4,922,0,0,0,0,22,192,542,474,1230,0.0,0.0,0.0,0.0,0.017886178861789,0.15609756097561,0.440650406504065,0.385365853658537
4,923,0,0,0,2,23,197,507,496,1225,0.0,0.0,0.0,0.001632653061224,0.018775510204082,0.160816326530612,0.413877551020408,0.404897959183673
4,924,0,0,0,1,32,193,509,485,1220,0.0,0.0,0.0,0.000819672131148,0.026229508196721,0.158196721311475,0.417213114754098,0.397540983606557
4,925,0,0,0,1,31,159,542,482,1215,0.0,0.0,0.0,0.00082304526749,0.025514403292181,0.130864197530864,0.446090534979424,0.396707818930041
4,926,0,0,0,0,29,206,494,481,1210,0.0,0.0,0.0,0.0,0.02396694214876,0.170247933884298,0.408264462809917,0.397520661157025
4,927,0,0,0,1,18,211,492,483,1205,0.0,0.0,0.0,0.000829875518672,0.0149377593361,0.175103734439834,0.408298755186722,0.400829875518672
4,928,0,0,0,0,22,171,524,483,1200,0.0,0.0,0.0,0.0,0.018333333333333,0.1425,0.436666666666667,0.4025
4,929,0,0,0,0,28,168,504,495,1195,0.0,0.0,0.0,0.0,0.023430962343096,0.140585774058577,0.421757322175732,0.414225941422594
4,930,0,0,0,1,35,202,474,478,1190,0.0,0.0,0.0,0.000840336134454,0.029411764705882,0.169747899159664,0.398319327731092,0.401680672268908
4,931,0,0,0,5,24,170,519,467,1185,0.0,0.0,0.0,0.0042194092827,0.020253164556962,0.143459915611814,0.437974683544304,0.394092827004219
4,932,0,0,0,4,34,191,495,456,1180,0.0,0.0,0.0,0.003389830508475,0.028813559322034,0.161864406779661,0.419491525423729,0.386440677966102
4,933,0,0,0,1,21,179,509,465,1175,0.0,0.0,0.0,0.000851063829787,0.017872340425532,0.152340425531915,0.433191489361702,0.395744680851064
4,934,0,0,0,4,30,190,517,429,1170,0.0,0.0,0.0,0.003418803418803,0.025641025641026,0.162393162393162,0.441880341880342,0.366666666666667
4,935,0,0,0,3,20,174,503,465,1165,0.0,0.0,0.0,0.002575107296137,0.017167381974249,0.149356223175966,0.43175965665236,0.399141630901288
4,936,0,0,0,1,19,173,505,462,1160,0.0,0.0,0.0,0.000862068965517,0.016379310344828,0.149137931034483,0.435344827586207,0.398275862068966
4,937,0,0,0,0,31,174,510,440,1155,0.0,0.0,0.0,0.0,0.026839826839827,0.150649350649351,0.441558441558442,0.380952380952381
4,938,0,0,0,1,22,185,498,444,1150,0.0,0.0,0.0,0.000869565217391,0.019130434782609,0.160869565217391,0.43304347826087,0.386086956521739
4,939,0,0,0,1,21,167,482,474,1145,0.0,0.0,0.0,0.000873362445415,0.018340611353712,0.145851528384279,0.420960698689956,0.413973799126638
4,940,0,0,0,2,36,170,476,456,1140,0.0,0.0,0.0,0.001754385964912,0.031578947368421,0.149122807017544,0.417543859649123,0.4
4,941,0,0,0,1,29,164,487,454,1135,0.0,0.0,0.0,0.000881057268722,0.025550660792952,0.144493392070485,0.429074889867841,0.4
4,942,0,0,0,1,23,178,458,470,1130,0.0,0.0,0.0,0.000884955752212,0.020353982300885,0.157522123893805,0.405309734513274,0.415929203539823
4,943,0,0,0,1,24,159,510,431,1125,0.0,0.0,0.0,0.000888888888889,0.021333333333333,0.141333333333333,0.453333333333333,0.383111111111111
4,944,0,0,0,0,34,176,480,430,1120,0.0,0.0,0.0,0.0,0.030357142857143,0.157142857142857,0.428571428571429,0.383928571428571
4,945,0,0,0,0,24,175,475,441,1115,0.0,0.0,0.0,0.0,0.02152466367713,0.15695067264574,0.426008968609865,0.395515695067265
4,946,0,0,0,0,13,172,464,461,1110,0.0,0.0,0.0,0.0,0.011711711711712,0.154954954954955,0.418018018018018,0.415315315315315
4,947,0,0,0,0,23,168,474,440,1105,0.0,0.0,0.0,0.0,0.020814479638009,0.152036199095023,0.4289592760181,0.398190045248869
4,948,0,0,0,3,19,172,488,418,1100,0.0,0.0,0.0,0.002727272727273,0.017272727272727,0.156363636363636,0.443636363636364,0.38
4,949,0,0,0,1,28,181,438,447,1095,0.0,0.0,0.0,0.000913242009132,0.025570776255708,0.165296803652968,0.4,0.408219178082192
4,950,0,0,0,2,32,174,477,405,1090,0.0,0.0,0.0,0.001834862385321,0.029357798165138,0.159633027522936,0.437614678899083,0.371559633027523
4,951,0,0,0,1,24,147,470,443,1085,0.0,0.0,0.0,0.000921658986175,0.022119815668203,0.135483870967742,0.433179723502304,0.408294930875576
4,952,0,0,0,2,31,175,464,408,1080,0.0,0.0,0.0,0.001851851851852,0.028703703703704,0.162037037037037,0.42962962962963,0.377777777777778
4,953,0,0,0,2,23,155,446,449,1075,0.0,0.0,0.0,0.001860465116279,0.021395348837209,0.144186046511628,0.414883720930233,0.417674418604651
4,954,0,0,0,2,22,153,487,406,1070,0.0,0.0,0.0,0.001869158878505,0.020560747663551,0.142990654205607,0.455140186915888,0.379439252336449
4,955,0,0,0,1,26,167,456,415,1065,0.0,0.0,0.0,0.00093896713615,0.024413145539906,0.156807511737089,0.428169014084507,0.389671361502347
4,956,0,0,0,0,23,153,433,451,1060,0.0,0.0,0.0,0.0,0.021698113207547,0.144339622641509,0.408490566037736,0.425471698113208
4,957,0,0,0,3,21,170,436,425,1055,0.0,0.0,0.0,0.002843601895735,0.019905213270142,0.161137440758294,0.413270142180095,0.402843601895735
4,958,0,0,0,4,20,161,434,431,1050,0.0,0.0,0.0,0.003809523809524,0.019047619047619,0.153333333333333,0.413333333333333,0.41047619047619
4,959,0,0,0,1,27,160,449,408,1045,0.0,0.0,0.0,0.000956937799043,0.025837320574163,0.15311004784689,0.429665071770335,0.390430622009569
4,960,0,0,0,1,28,156,416,439,1040,0.0,0.0,0.0,0.000961538461538,0.026923076923077,0.15,0.4,0.422115384615385
4,961,0,0,0,3,21,160,445,406,1035,0.0,0.0,0.0,0.002898550724638,0.020289855072464,0.154589371980676,0.429951690821256,0.392270531400966
4,962,0,0,0,2,20,168,435,405,1030,0.0,0.0,0.0,0.001941747572816,0.019417475728155,0.163106796116505,0.422330097087379,0.393203883495146
4,963,0,0,0,0,30,129,441,425,1025,0.0,0.0,0.0,0.0,0.029268292682927,0.125853658536585,0.430243902439024,0.414634146341463
4,964,0,0,0,5,21,146,429,419,1020,0.0,0.0,0.0,0.004901960784314,0.020588235294118,0.143137254901961,0.420588235294118,0.41078431372549
4,965,0,0,0,1,25,147,431,411,1015,0.0,0.0,0.0,0.000985221674877,0.024630541871921,0.144827586206897,0.424630541871921,0.404926108374384
4,966,0,0,0,0,16,162,450,382,1010,0.0,0.0,0.0,0.0,0.015841584158416,0.16039603960396,0.445544554455446,0.378217821782178
4,967,0,0,0,1,31,157,411,405,1005,0.0,0.0,0.0,0.000995024875622,0.030845771144279,0.156218905472637,0.408955223880597,0.402985074626866
4,968,0,0,0,4,29,132,448,387,1000,0.0,0.0,0.0,0.004,0.029,0.132,0.448,0.387
4,969,0,0,0,2,20,150,448,375,995,0.0,0.0,0.0,0.002010050251256,0.020100502512563,0.150753768844221,0.450251256281407,0.376884422110553
4,970,0,0,0,3,18,134,441,394,990,0.0,0.0,0.0,0.003030303030303,0.018181818181818,0.135353535353535,0.445454545454545,0.397979797979798
4,971,0,0,0,1,23,150,401,410,985,0.0,0.0,0.0,0.001015228426396,0.023350253807107,0.152284263959391,0.407106598984772,0.416243654822335
4,972,0,0,0,1,13,141,415,410,980,0.0,0.0,0.0,0.001020408163265,0.013265306122449,0.143877551020408,0.423469387755102,0.418367346938776
4,973,0,0,0,2,19,147,425,382,975,0.0,0.0,0.0,0.002051282051282,0.019487179487179,0.150769230769231,0.435897435897436,0.391794871794872
4,974,0,0,0,1,22,141,411,395,970,0.0,0.0,0.0,0.001030927835052,0.022680412371134,0.145360824742268,0.423711340206186,0.407216494845361
4,975,0,0,0,0,18,145,424,378,965,0.0,0.0,0.0,0.0,0.018652849740933,0.150259067357513,0.439378238341969,0.391709844559586
4,976,0,0,0,1,27,158,392,382,960,0.0,0.0,0.0,0.001041666666667,0.028125,0.164583333333333,0.408333333333333,0.397916666666667
4,977,0,0,0,5,20,136,411,383,955,0.0,0.0,0.0,0.005235602094241,0.020942408376963,0.142408376963351,0.430366492146597,0.401047120418848
4,978,0,0,0,0,24,149,408,369,950,0.0,0.0,0.0,0.0,0.025263157894737,0.156842105263158,0.429473684210526,0.388421052631579
4,979,0,0,0,1,20,135,393,396,945,0.0,0.0,0.0,0.001058201058201,0.021164021164021,0.142857142857143,0.415873015873016,0.419047619047619
4,980,0,0,0,1,17,124,421,377,940,0.0,0.0,0.0,0.001063829787234,0.018085106382979,0.131914893617021,0.447872340425532,0.401063829787234
4,981,0,0,0,1,17,150,388,379,935,0.0,0.0,0.0,0.001069518716578,0.018181818181818,0.160427807486631,0.414973262032086,0.405347593582888
4,982,0,0,0,1,17,120,419,373,930,0.0,0.0,0.0,0.001075268817204,0.018279569892473,0.129032258064516,0.450537634408602,0.401075268817204
4,983,0,0,0,1,16,138,413,357,925,0.0,0.0,0.0,0.001081081081081,0.017297297297297,0.149189189189189,0.446486486486486,0.385945945945946
4,984,0,0,0,2,18,140,388,372,920,0.0,0.0,0.0,0.002173913043478,0.019565217391304,0.152173913043478,0.421739130434783,0.404347826086957
4,985,0,0,0,2,22,144,377,370,915,0.0,0.0,0.0,0.002185792349727,0.024043715846995,0.157377049180328,0.412021857923497,0.404371584699454
4,986,0,0,0,3,13,142,381,371,910,0.0,0.0,0.0,0.003296703296703,0.014285714285714,0.156043956043956,0.418681318681319,0.407692307692308
4,987,0,0,0,1,29,137,362,376,905,0.0,0.0,0.0,0.001104972375691,0.032044198895028,0.151381215469613,0.4,0.415469613259669
4,988,0,0,0,0,20,140,390,350,900,0.0,0.0,0.0,0.0,0.022222222222222,0.155555555555556,0.433333333333333,0.388888888888889
4,989,0,0,0,2,15,140,380,358,895,0.0,0.0,0.0,0.002234636871508,0.016759776536313,0.156424581005587,0.424581005586592,0.4
4,990,0,0,0,0,20,120,385,365,890,0.0,0.0,0.0,0.0,0.02247191011236,0.134831460674157,0.432584269662921,0.410112359550562
4,991,0,0,0,3,17,124,360,381,885,0.0,0.0,0.0,0.003389830508475,0.019209039548023,0.140112994350282,0.406779661016949,0.430508474576271
4,992,0,0,0,1,25,152,365,337,880,0.0,0.0,0.0,0.001136363636364,0.028409090909091,0.172727272727273,0.414772727272727,0.382954545454545
4,993,0,0,0,3,11,136,363,362,875,0.0,0.0,0.0,0.003428571428571,0.012571428571429,0.155428571428571,0.414857142857143,0.413714285714286
4,994,0,0,0,1,14,127,356,372,870,0.0,0.0,0.0,0.001149425287356,0.016091954022989,0.145977011494253,0.409195402298851,0.427586206896552
4,995,0,0,0,1,21,145,370,328,865,0.0,0.0,0.0,0.001156069364162,0.024277456647399,0.167630057803468,0.427745664739884,0.379190751445087
4,996,0,0,0,1,15,135,360,349,860,0.0,0.0,0.0,0.001162790697674,0.017441860465116,0.156976744186047,0.418604651162791,0.405813953488372
4,997,0,0,0,1,30,128,353,343,855,0.0,0.0,0.0,0.001169590643275,0.035087719298246,0.149707602339181,0.412865497076023,0.401169590643275
4,998,0,0,0,2,25,123,334,366,850,0.0,0.0,0.0,0.002352941176471,0.029411764705882,0.144705882352941,0.392941176470588,0.430588235294118
4,999,0,0,0,0,23,147,335,340,845,0.0,0.0,0.0,0.0,0.027218934911243,0.17396449704142,0.396449704142012,0.402366863905325
4,1000,0,0,0,0,23,145,344,328,840,0.0,0.0,0.0,0.0,0.027380952380952,0.172619047619048,0.40952380952381,0.39047619047619
4,1001,0,0,0,0,18,110,356,351,835,0.0,0.0,0.0,0.0,0.021556886227545,0.131736526946108,0.426347305389222,0.420359281437126
4,1002,0,0,0,0,14,128,361,327,830,0.0,0.0,0.0,0.0,0.016867469879518,0.15421686746988,0.434939759036145,0.393975903614458
4,1003,0,0,0,1,21,128,376,299,825,0.0,0.0,0.0,0.001212121212121,0.025454545454545,0.155151515151515,0.455757575757576,0.362424242424242
4,1004,0,0,0,0,17,115,344,344,820,0.0,0.0,0.0,0.0,0.020731707317073,0.140243902439024,0.419512195121951,0.419512195121951
4,1005,0,0,0,1,29,128,339,318,815,0.0,0.0,0.0,0.001226993865031,0.03558282208589,0.157055214723926,0.415950920245399,0.390184049079755
4,1006,0,0,0,1,24,119,340,326,810,0.0,0.0,0.0,0.001234567901235,0.02962962962963,0.146913580246914,0.419753086419753,0.402469135802469
4,1007,0,0,0,0,20,102,330,353,805,0.0,0.0,0.0,0.0,0.024844720496894,0.126708074534161,0.409937888198758,0.438509316770186
4,1008,0,0,0,1,24,117,360,298,800,0.0,0.0,0.0,0.00125,0.03,0.14625,0.45,0.3725
4,1009,0,0,0,1,20,124,345,305,795,0.0,0.0,0.0,0.00125786163522,0.025157232704403,0.155974842767296,0.433962264150943,0.383647798742138
4,1010,0,0,0,1,12,132,351,294,790,0.0,0.0,0.0,0.00126582278481,0.015189873417722,0.167088607594937,0.444303797468354,0.372151898734177
4,1011,0,0,0,1,16,122,345,301,785,0.0,0.0,0.0,0.001273885350318,0.020382165605096,0.155414012738853,0.439490445859873,0.38343949044586
4,1012,0,0,0,1,16,111,303,349,780,0.0,0.0,0.0,0.001282051282051,0.020512820512821,0.142307692307692,0.388461538461538,0.447435897435897
4,1013,0,0,0,5,14,121,338,297,775,0.0,0.0,0.0,0.006451612903226,0.018064516129032,0.156129032258065,0.436129032258065,0.383225806451613
4,1014,0,0,0,3,18,110,313,326,770,0.0,0.0,0.0,0.003896103896104,0.023376623376623,0.142857142857143,0.406493506493507,0.423376623376623
4,1015,0,0,0,2,16,117,338,292,765,0.0,0.0,0.0,0.002614379084967,0.020915032679739,0.152941176470588,0.441830065359477,0.381699346405229
4,1016,0,0,0,0,21,101,321,317,760,0.0,0.0,0.0,0.0,0.027631578947368,0.132894736842105,0.422368421052632,0.417105263157895
4,1017,0,0,0,0,11,107,325,312,755,0.0,0.0,0.0,0.0,0.014569536423841,0.141721854304636,0.43046357615894,0.413245033112583
4,1018,0,0,0,1,12,103,332,302,750,0.0,0.0,0.0,0.001333333333333,0.016,0.137333333333333,0.442666666666667,0.402666666666667
4,1019,0,0,0,1,12,112,311,309,745,0.0,0.0,0.0,0.001342281879195,0.016107382550336,0.150335570469799,0.41744966442953,0.414765100671141
4,1020,0,0,0,1,11,107,332,289,740,0.0,0.0,0.0,0.001351351351351,0.014864864864865,0.144594594594595,0.448648648648649,0.390540540540541
4,1021,0,0,0,2,17,115,314,287,735,0.0,0.0,0.0,0.002721088435374,0.02312925170068,0.156462585034014,0.427210884353741,0.39047619047619
4,1022,0,0,0,1,19,75,321,314,730,0.0,0.0,0.0,0.001369863013699,0.026027397260274,0.102739726027397,0.43972602739726,0.43013698630137
4,1023,0,0,0,0,19,89,319,298,725,0.0,0.0,0.0,0.0,0.026206896551724,0.122758620689655,0.44,0.411034482758621
4,1024,0,0,0,1,14,120,308,277,720,0.0,0.0,0.0,0.001388888888889,0.019444444444444,0.166666666666667,0.427777777777778,0.384722222222222
4,1025,0,0,0,2,22,97,306,288,715,0.0,0.0,0.0,0.002797202797203,0.030769230769231,0.135664335664336,0.427972027972028,0.402797202797203
4,1026,0,0,0,0,17,110,295,288,710,0.0,0.0,0.0,0.0,0.023943661971831,0.154929577464789,0.415492957746479,0.405633802816901
4,1027,0,0,0,2,13,107,321,262,705,0.0,0.0,0.0,0.002836879432624,0.018439716312057,0.15177304964539,0.45531914893617,0.371631205673759
4,1028,0,0,0,2,24,94,298,282,700,0.0,0.0,0.0,0.002857142857143,0.034285714285714,0.134285714285714,0.425714285714286,0.402857142857143
4,1029,0,0,0,1,13,107,280,294,695,0.0,0.0,0.0,0.001438848920863,0.018705035971223,0.153956834532374,0.402877697841727,0.423021582733813
4,1030,0,0,0,1,19,109,299,262,690,0.0,0.0,0.0,0.001449275362319,0.027536231884058,0.157971014492754,0.433333333333333,0.379710144927536
4,1031,0,0,0,0,20,105,274,286,685,0.0,0.0,0.0,0.0,0.029197080291971,0.153284671532847,0.4,0.417518248175182
4,1032,0,0,0,0,15,91,300,274,680,0.0,0.0,0.0,0.0,0.022058823529412,0.133823529411765,0.441176470588235,0.402941176470588
4,1033,0,0,0,2,17,122,283,251,675,0.0,0.0,0.0,0.002962962962963,0.025185185185185,0.180740740740741,0.419259259259259,0.371851851851852
4,1034,0,0,0,2,10,91,297,270,670,0.0,0.0,0.0,0.002985074626866,0.014925373134328,0.135820895522388,0.443283582089552,0.402985074626866
4,1035,0,0,0,0,14,108,293,250,665,0.0,0.0,0.0,0.0,0.021052631578947,0.162406015037594,0.440601503759398,0.37593984962406
4,1036,0,0,0,0,12,108,306,234,660,0.0,0.0,0.0,0.0,0.018181818181818,0.163636363636364,0.463636363636364,0.354545454545455
4,1037,0,0,0,2,12,112,281,248,655,0.0,0.0,0.0,0.003053435114504,0.018320610687023,0.170992366412214,0.429007633587786,0.378625954198473
4,1038,0,0,0,0,14,94,274,268,650,0.0,0.0,0.0,0.0,0.021538461538462,0.144615384615385,0.421538461538462,0.412307692307692
4,1039,0,0,0,0,12,113,270,250,645,0.0,0.0,0.0,0.0,0.018604651162791,0.175193798449612,0.418604651162791,0.387596899224806
4,1040,0,0,0,0,10,122,289,219,640,0.0,0.0,0.0,0.0,0.015625,0.190625,0.4515625,0.3421875
4,1041,0,0,0,0,16,97,263,259,635,0.0,0.0,0.0,0.0,0.025196850393701,0.152755905511811,0.414173228346457,0.407874015748032
4,1042,0,0,0,2,17,111,245,255,630,0.0,0.0,0.0,0.003174603174603,0.026984126984127,0.176190476190476,0.388888888888889,0.404761904761905
4,1043,0,0,0,0,17,90,262,256,625,0.0,0.0,0.0,0.0,0.0272,0.144,0.4192,0.4096
4,1044,0,0,0,0,10,103,255,252,620,0.0,0.0,0.0,0.0,0.016129032258065,0.166129032258065,0.411290322580645,0.406451612903226
4,1045,0,0,0,0,9,95,249,262,615,0.0,0.0,0.0,0.0,0.014634146341463,0.154471544715447,0.404878048780488,0.426016260162602
4,1046,0,0,0,2,12,109,274,213,610,0.0,0.0,0.0,0.00327868852459,0.019672131147541,0.178688524590164,0.449180327868852,0.349180327868852
4,1047,0,0,0,3,16,104,248,234,605,0.0,0.0,0.0,0.00495867768595,0.026446280991736,0.171900826446281,0.409917355371901,0.386776859504132
4,1048,0,0,0,0,14,81,274,231,600,0.0,0.0,0.0,0.0,0.023333333333333,0.135,0.456666666666667,0.385
4,1049,0,0,0,0,21,95,263,216,595,0.0,0.0,0.0,0.0,0.035294117647059,0.159663865546218,0.442016806722689,0.363025210084034
4,1050,0,0,0,1,22,90,246,231,590,0.0,0.0,0.0,0.001694915254237,0.03728813559322,0.152542372881356,0.416949152542373,0.391525423728814
4,1051,0,0,0,0,15,86,245,239,585,0.0,0.0,0.0,0.0,0.025641025641026,0.147008547008547,0.418803418803419,0.408547008547009
4,1052,0,0,0,0,16,81,266,217,580,0.0,0.0,0.0,0.0,0.027586206896552,0.139655172413793,0.458620689655172,0.374137931034483
4,1053,0,0,0,0,13,88,238,236,575,0.0,0.0,0.0,0.0,0.022608695652174,0.15304347826087,0.413913043478261,0.410434782608696
4,1054,0,0,0,0,13,98,240,219,570,0.0,0.0,0.0,0.0,0.02280701754386,0.171929824561404,0.421052631578947,0.384210526315789
4,1055,0,0,0,0,14,91,223,237,565,0.0,0.0,0.0,0.0,0.024778761061947,0.161061946902655,0.394690265486726,0.419469026548673
4,1056,0,0,1,1,7,85,253,213,560,0.0,0.0,0.001785714285714,0.001785714285714,0.0125,0.151785714285714,0.451785714285714,0.380357142857143
4,1057,0,0,0,2,7,80,239,227,555,0.0,0.0,0.0,0.003603603603604,0.012612612612613,0.144144144144144,0.430630630630631,0.409009009009009
4,1058,0,0,0,1,20,87,217,225,550,0.0,0.0,0.0,0.001818181818182,0.036363636363636,0.158181818181818,0.394545454545455,0.409090909090909
4,1059,0,0,0,2,11,81,233,218,545,0.0,0.0,0.0,0.003669724770642,0.020183486238532,0.148623853211009,0.427522935779817,0.4
4,1060,0,0,0,0,17,86,233,204,540,0.0,0.0,0.0,0.0,0.031481481481481,0.159259259259259,0.431481481481481,0.377777777777778
4,1061,0,0,0,1,10,89,222,213,535,0.0,0.0,0.0,0.001869158878505,0.018691588785047,0.166355140186916,0.414953271028037,0.398130841121495
4,1062,0,0,0,0,16,84,216,214,530,0.0,0.0,0.0,0.0,0.030188679245283,0.158490566037736,0.407547169811321,0.40377358490566
4,1063,0,0,0,1,9,89,222,204,525,0.0,0.0,0.0,0.001904761904762,0.017142857142857,0.16952380952381,0.422857142857143,0.388571428571429
4,1064,0,0,0,0,12,70,225,213,520,0.0,0.0,0.0,0.0,0.023076923076923,0.134615384615385,0.432692307692308,0.409615384615385
4,1065,0,0,0,0,11,66,228,210,515,0.0,0.0,0.0,0.0,0.021359223300971,0.128155339805825,0.442718446601942,0.407766990291262
4,1066,0,0,0,1,17,70,218,204,510,0.0,0.0,0.0,0.001960784313725,0.033333333333333,0.137254901960784,0.427450980392157,0.4
4,1067,0,0,0,1,9,75,222,198,505,0.0,0.0,0.0,0.001980198019802,0.017821782178218,0.148514851485149,0.43960396039604,0.392079207920792
4,1068,0,0,0,0,15,77,209,199,500,0.0,0.0,0.0,0.0,0.03,0.154,0.418,0.398
4,1069,0,0,0,1,11,78,211,194,495,0.0,0.0,0.0,0.002020202020202,0.022222222222222,0.157575757575758,0.426262626262626,0.391919191919192
4,1070,0,0,0,0,12,69,205,204,490,0.0,0.0,0.0,0.0,0.024489795918367,0.140816326530612,0.418367346938776,0.416326530612245
4,1071,0,0,0,1,9,86,208,181,485,0.0,0.0,0.0,0.002061855670103,0.018556701030928,0.177319587628866,0.428865979381443,0.37319587628866
4,1072,0,0,0,1,11,70,198,200,480,0.0,0.0,0.0,0.002083333333333,0.022916666666667,0.145833333333333,0.4125,0.416666666666667
4,1073,0,0,0,1,14,71,211,178,475,0.0,0.0,0.0,0.002105263157895,0.029473684210526,0.149473684210526,0.44421052631579,0.374736842105263
4,1074,0,0,0,0,5,75,197,193,470,0.0,0.0,0.0,0.0,0.01063829787234,0.159574468085106,0.419148936170213,0.41063829787234
4,1075,0,0,0,0,11,65,195,194,465,0.0,0.0,0.0,0.0,0.023655913978495,0.139784946236559,0.419354838709677,0.417204301075269
4,1076,0,0,0,2,13,67,190,188,460,0.0,0.0,0.0,0.004347826086957,0.028260869565217,0.145652173913043,0.41304347826087,0.408695652173913
4,1077,0,0,0,0,9,73,200,173,455,0.0,0.0,0.0,0.0,0.01978021978022,0.16043956043956,0.43956043956044,0.38021978021978
4,1078,0,0,0,0,12,61,208,169,450,0.0,0.0,0.0,0.0,0.026666666666667,0.135555555555556,0.462222222222222,0.375555555555556
4,1079,0,0,0,1,12,67,185,180,445,0.0,0.0,0.0,0.002247191011236,0.026966292134831,0.150561797752809,0.415730337078652,0.404494382022472
4,1080,0,0,0,0,13,63,177,187,440,0.0,0.0,0.0,0.0,0.029545454545455,0.143181818181818,0.402272727272727,0.425
4,1081,0,0,0,0,13,72,176,174,435,0.0,0.0,0.0,0.0,0.029885057471264,0.16551724137931,0.404597701149425,0.4
4,1082,0,0,0,0,11,74,189,156,430,0.0,0.0,0.0,0.0,0.025581395348837,0.172093023255814,0.43953488372093,0.362790697674419
4,1083,0,0,0,0,11,75,183,156,425,0.0,0.0,0.0,0.0,0.025882352941176,0.176470588235294,0.430588235294118,0.367058823529412
4,1084,0,0,0,0,4,73,165,178,420,0.0,0.0,0.0,0.0,0.00952380952381,0.173809523809524,0.392857142857143,0.423809523809524
4,1085,0,0,0,0,9,56,160,190,415,0.0,0.0,0.0,0.0,0.021686746987952,0.134939759036145,0.385542168674699,0.457831325301205
4,1086,0,0,0,0,11,73,161,165,410,0.0,0.0,0.0,0.0,0.026829268292683,0.178048780487805,0.392682926829268,0.402439024390244
4,1087,0,0,0,0,9,64,174,158,405,0.0,0.0,0.0,0.0,0.022222222222222,0.158024691358025,0.42962962962963,0.390123456790123
4,1088,0,0,0,0,9,57,166,168,400,0.0,0.0,0.0,0.0,0.0225,0.1425,0.415,0.42
4,1089,0,0,0,2,6,66,160,161,395,0.0,0.0,0.0,0.005063291139241,0.015189873417722,0.167088607594937,0.405063291139241,0.407594936708861
4,1090,0,0,0,0,12,46,175,157,390,0.0,0.0,0.0,0.0,0.030769230769231,0.117948717948718,0.448717948717949,0.402564102564103
4,1091,0,0,0,0,6,59,162,158,385,0.0,0.0,0.0,0.0,0.015584415584416,0.153246753246753,0.420779220779221,0.41038961038961
4,1092,0,0,0,0,9,66,152,153,380,0.0,0.0,0.0,0.0,0.023684210526316,0.173684210526316,0.4,0.402631578947368
4,1093,0,0,0,1,10,57,154,153,375,0.0,0.0,0.0,0.002666666666667,0.026666666666667,0.152,0.410666666666667,0.408
4,1094,0,0,0,0,11,58,151,150,370,0.0,0.0,0.0,0.0,0.02972972972973,0.156756756756757,0.408108108108108,0.405405405405405
4,1095,0,0,0,0,7,57,147,154,365,0.0,0.0,0.0,0.0,0.019178082191781,0.156164383561644,0.402739726027397,0.421917808219178
4,1096,0,0,0,1,8,57,153,141,360,0.0,0.0,0.0,0.002777777777778,0.022222222222222,0.158333333333333,0.425,0.391666666666667
4,1097,0,0,0,0,4,51,160,140,355,0.0,0.0,0.0,0.0,0.011267605633803,0.143661971830986,0.450704225352113,0.394366197183099
4,1098,0,0,0,0,9,49,145,147,350,0.0,0.0,0.0,0.0,0.025714285714286,0.14,0.414285714285714,0.42
4,1099,0,0,0,1,4,71,135,134,345,0.0,0.0,0.0,0.002898550724638,0.011594202898551,0.205797101449275,0.391304347826087,0.388405797101449
4,1100,0,0,0,2,6,54,132,146,340,0.0,0.0,0.0,0.005882352941176,0.017647058823529,0.158823529411765,0.388235294117647,0.429411764705882
4,1101,0,0,0,2,10,51,124,148,335,0.0,0.0,0.0,0.005970149253731,0.029850746268657,0.152238805970149,0.370149253731343,0.441791044776119
4,1102,0,0,0,2,5,48,135,140,330,0.0,0.0,0.0,0.006060606060606,0.015151515151515,0.145454545454545,0.409090909090909,0.424242424242424
4,1103,0,0,0,0,6,60,133,126,325,0.0,0.0,0.0,0.0,0.018461538461538,0.184615384615385,0.409230769230769,0.387692307692308
4,1104,0,0,0,0,2,42,136,140,320,0.0,0.0,0.0,0.0,0.00625,0.13125,0.425,0.4375
4,1105,0,0,0,1,7,43,143,121,315,0.0,0.0,0.0,0.003174603174603,0.022222222222222,0.136507936507936,0.453968253968254,0.384126984126984
4,1106,0,0,0,2,10,30,143,125,310,0.0,0.0,0.0,0.006451612903226,0.032258064516129,0.096774193548387,0.461290322580645,0.403225806451613
4,1107,0,0,0,1,5,45,140,114,305,0.0,0.0,0.0,0.00327868852459,0.016393442622951,0.147540983606557,0.459016393442623,0.373770491803279
4,1108,0,0,0,1,12,46,118,123,300,0.0,0.0,0.0,0.003333333333333,0.04,0.153333333333333,0.393333333333333,0.41
4,1109,0,0,0,0,10,47,122,116,295,0.0,0.0,0.0,0.0,0.033898305084746,0.159322033898305,0.413559322033898,0.393220338983051
4,1110,0,0,0,1,5,45,123,116,290,0.0,0.0,0.0,0.003448275862069,0.017241379310345,0.155172413793103,0.424137931034483,0.4
4,1111,0,0,0,1,5,43,131,105,285,0.0,0.0,0.0,0.003508771929825,0.017543859649123,0.150877192982456,0.459649122807018,0.368421052631579
4,1112,0,0,0,0,4,33,105,138,280,0.0,0.0,0.0,0.0,0.014285714285714,0.117857142857143,0.375,0.492857142857143
4,1113,0,0,0,1,4,43,128,99,275,0.0,0.0,0.0,0.003636363636364,0.014545454545455,0.156363636363636,0.465454545454545,0.36
4,1114,0,0,0,1,1,40,128,100,270,0.0,0.0,0.0,0.003703703703704,0.003703703703704,0.148148148148148,0.474074074074074,0.37037037037037
4,1115,0,0,0,1,9,42,104,109,265,0.0,0.0,0.0,0.00377358490566,0.033962264150943,0.158490566037736,0.392452830188679,0.411320754716981
4,1116,0,0,0,0,8,29,107,116,260,0.0,0.0,0.0,0.0,0.030769230769231,0.111538461538462,0.411538461538462,0.446153846153846
4,1117,0,0,0,1,7,37,113,97,255,0.0,0.0,0.0,0.003921568627451,0.027450980392157,0.145098039215686,0.443137254901961,0.380392156862745
4,1118,0,0,0,0,9,28,121,92,250,0.0,0.0,0.0,0.0,0.036,0.112,0.484,0.368
4,1119,0,0,0,0,7,35,105,98,245,0.0,0.0,0.0,0.0,0.028571428571429,0.142857142857143,0.428571428571429,0.4
4,1120,0,0,0,1,5,38,98,98,240,0.0,0.0,0.0,0.004166666666667,0.020833333333333,0.158333333333333,0.408333333333333,0.408333333333333
4,1121,0,0,0,1,3,34,98,99,235,0.0,0.0,0.0,0.004255319148936,0.012765957446809,0.14468085106383,0.417021276595745,0.421276595744681
4,1122,0,0,0,0,5,40,85,100,230,0.0,0.0,0.0,0.0,0.021739130434783,0.173913043478261,0.369565217391304,0.434782608695652
4,1123,0,0,0,0,3,35,100,87,225,0.0,0.0,0.0,0.0,0.013333333333333,0.155555555555556,0.444444444444444,0.386666666666667
4,1124,0,0,0,0,7,36,94,83,220,0.0,0.0,0.0,0.0,0.031818181818182,0.163636363636364,0.427272727272727,0.377272727272727
4,1125,0,0,0,0,2,33,88,92,215,0.0,0.0,0.0,0.0,0.009302325581395,0.153488372093023,0.409302325581395,0.427906976744186
4,1126,0,0,0,1,5,30,101,73,210,0.0,0.0,0.0,0.004761904761905,0.023809523809524,0.142857142857143,0.480952380952381,0.347619047619048
4,1127,0,0,0,0,5,28,71,101,205,0.0,0.0,0.0,0.0,0.024390243902439,0.136585365853659,0.346341463414634,0.492682926829268
4,1128,0,0,0,0,5,28,80,87,200,0.0,0.0,0.0,0.0,0.025,0.14,0.4,0.435
4,1129,0,0,0,0,12,28,86,69,195,0.0,0.0,0.0,0.0,0.061538461538462,0.143589743589744,0.441025641025641,0.353846153846154
4,1130,0,0,0,0,1,28,101,60,190,0.0,0.0,0.0,0.0,0.005263157894737,0.147368421052632,0.531578947368421,0.315789473684211
4,1131,0,0,0,0,1,32,80,72,185,0.0,0.0,0.0,0.0,0.005405405405405,0.172972972972973,0.432432432432432,0.389189189189189
4,1132,0,0,0,0,5,27,78,70,180,0.0,0.0,0.0,0.0,0.027777777777778,0.15,0.433333333333333,0.388888888888889
4,1133,0,0,0,0,5,26,72,72,175,0.0,0.0,0.0,0.0,0.028571428571429,0.148571428571429,0.411428571428571,0.411428571428571
4,1134,0,0,0,0,2,23,79,66,170,0.0,0.0,0.0,0.0,0.011764705882353,0.135294117647059,0.464705882352941,0.388235294117647
4,1135,0,0,0,0,7,18,66,74,165,0.0,0.0,0.0,0.0,0.042424242424242,0.109090909090909,0.4,0.448484848484848
4,1136,0,0,0,1,4,20,74,61,160,0.0,0.0,0.0,0.00625,0.025,0.125,0.4625,0.38125
4,1137,0,0,0,1,1,22,65,66,155,0.0,0.0,0.0,0.006451612903226,0.006451612903226,0.141935483870968,0.419354838709677,0.425806451612903
4,1138,0,0,0,0,6,31,51,62,150,0.0,0.0,0.0,0.0,0.04,0.206666666666667,0.34,0.413333333333333
4,1139,0,0,0,0,2,25,64,54,145,0.0,0.0,0.0,0.0,0.013793103448276,0.172413793103448,0.441379310344828,0.372413793103448
4,1140,0,0,0,0,6,19,52,63,140,0.0,0.0,0.0,0.0,0.042857142857143,0.135714285714286,0.371428571428571,0.45
4,1141,0,0,0,1,4,16,56,58,135,0.0,0.0,0.0,0.007407407407407,0.02962962962963,0.118518518518519,0.414814814814815,0.42962962962963
4,1142,0,0,0,0,3,22,47,58,130,0.0,0.0,0.0,0.0,0.023076923076923,0.169230769230769,0.361538461538462,0.446153846153846
4,1143,0,0,0,0,0,19,49,57,125,0.0,0.0,0.0,0.0,0.0,0.152,0.392,0.456
4,1144,0,0,0,0,2,25,43,50,120,0.0,0.0,0.0,0.0,0.016666666666667,0.208333333333333,0.358333333333333,0.416666666666667
4,1145,0,0,0,0,2,27,46,40,115,0.0,0.0,0.0,0.0,0.017391304347826,0.234782608695652,0.4,0.347826086956522
4,1146,0,0,0,1,2,25,51,31,110,0.0,0.0,0.0,0.009090909090909,0.018181818181818,0.227272727272727,0.463636363636364,0.281818181818182
4,1147,0,0,0,0,3,18,35,49,105,0.0,0.0,0.0,0.0,0.028571428571429,0.171428571428571,0.333333333333333,0.466666666666667
4,1148,0,0,0,0,2,18,49,31,100,0.0,0.0,0.0,0.0,0.02,0.18,0.49,0.31
4,1149,0,0,0,0,4,12,42,37,95,0.0,0.0,0.0,0.0,0.042105263157895,0.126315789473684,0.442105263157895,0.389473684210526
4,1150,0,0,0,1,2,10,41,36,90,0.0,0.0,0.0,0.011111111111111,0.022222222222222,0.111111111111111,0.455555555555556,0.4
4,1151,0,0,0,0,3,11,32,39,85,0.0,0.0,0.0,0.0,0.035294117647059,0.129411764705882,0.376470588235294,0.458823529411765
4,1152,0,0,0,0,1,15,36,28,80,0.0,0.0,0.0,0.0,0.0125,0.1875,0.45,0.35
4,1153,0,0,0,0,0,9,27,39,75,0.0,0.0,0.0,0.0,0.0,0.12,0.36,0.52
4,1154,0,0,0,0,3,11,37,19,70,0.0,0.0,0.0,0.0,0.042857142857143,0.157142857142857,0.528571428571429,0.271428571428571
4,1155,0,0,0,0,1,9,25,30,65,0.0,0.0,0.0,0.0,0.015384615384615,0.138461538461538,0.384615384615385,0.461538461538462
4,1156,0,0,0,0,0,10,29,21,60,0.0,0.0,0.0,0.0,0.0,0.166666666666667,0.483333333333333,0.35
4,1157,0,0,0,0,2,9,18,26,55,0.0,0.0,0.0,0.0,0.036363636363636,0.163636363636364,0.327272727272727,0.472727272727273
4,1158,0,0,0,1,0,7,31,11,50,0.0,0.0,0.0,0.02,0.0,0.14,0.62,0.22
4,1159,0,0,0,0,3,6,26,10,45,0.0,0.0,0.0,0.0,0.066666666666667,0.133333333333333,0.577777777777778,0.222222222222222
4,1160,0,0,0,0,0,9,18,13,40,0.0,0.0,0.0,0.0,0.0,0.225,0.45,0.325
4,1161,0,0,0,0,2,6,14,13,35,0.0,0.0,0.0,0.0,0.057142857142857,0.171428571428571,0.4,0.371428571428571
4,1162,0,0,0,0,0,6,17,7,30,0.0,0.0,0.0,0.0,0.0,0.2,0.566666666666667,0.233333333333333
4,1163,0,0,0,0,0,7,10,8,25,0.0,0.0,0.0,0.0,0.0,0.28,0.4,0.32
4,1164,0,0,0,0,1,0,8,11,20,0.0,0.0,0.0,0.0,0.05,0.0,0.4,0.55
4,1165,0,0,0,0,0,2,8,5,15,0.0,0.0,0.0,0.0,0.0,0.133333333333333,0.533333333333333,0.333333333333333
4,1166,0,0,0,0,0,1,6,3,10,0.0,0.0,0.0,0.0,0.0,0.1,0.6,0.3
4,1167,0,0,0,0,0,0,3,2,5,0.0,0.0,0.0,0.0,0.0,0.0,0.6,0.4
5,1,0,0,0,10,140,913,2500,2272,5835,0.0,0.0,0.0,0.001713796058269,0.023993144815767,0.156469580119966,0.428449014567266,0.389374464438732
5,2,0,0,0,8,134,910,2476,2302,5830,0.0,0.0,0.0,0.001372212692967,0.022984562607204,0.156089193825043,0.424699828473413,0.394854202401372
5,3,0,0,0,7,144,902,2450,2322,5825,0.0,0.0,0.0,0.001201716738197,0.024721030042918,0.154849785407725,0.420600858369099,0.39862660944206
5,4,0,0,0,9,135,878,2526,2272,5820,0.0,0.0,0.0,0.001546391752577,0.02319587628866,0.15085910652921,0.434020618556701,0.390378006872852
5,5,0,0,0,10,131,841,2473,2360,5815,0.0,0.0,0.0,0.001719690455718,0.022527944969905,0.144625967325881,0.425279449699054,0.405846947549441
5,6,0,0,0,7,132,919,2474,2278,5810,0.0,0.0,0.0,0.001204819277108,0.022719449225473,0.158175559380379,0.425817555938038,0.392082616179002
5,7,0,0,0,16,143,853,2448,2345,5805,0.0,0.0,0.0,0.00275624461671,0.024633936261843,0.146942291128338,0.421705426356589,0.40396210163652
5,8,0,0,0,10,106,883,2461,2340,5800,0.0,0.0,0.0,0.001724137931034,0.018275862068966,0.152241379310345,0.424310344827586,0.403448275862069
5,9,0,0,0,12,140,898,2424,2321,5795,0.0,0.0,0.0,0.00207075064711,0.024158757549612,0.154961173425367,0.418291630716135,0.400517687661777
5,10,0,0,0,8,126,911,2433,2312,5790,0.0,0.0,0.0,0.001381692573402,0.021761658031088,0.1573402417962,0.42020725388601,0.399309153713299
5,11,0,0,0,9,136,830,2435,2375,5785,0.0,0.0,0.0,0.001555747623163,0.023509075194468,0.143474503025065,0.420916162489196,0.410544511668107
5,12,0,0,0,6,120,823,2501,2330,5780,0.0,0.0,0.0,0.001038062283737,0.02076124567474,0.142387543252595,0.432698961937716,0.403114186851211
5,13,0,0,0,6,140,881,2453,2295,5775,0.0,0.0,0.0,0.001038961038961,0.024242424242424,0.152554112554113,0.424761904761905,0.397402597402597
5,14,0,0,0,9,126,854,2404,2377,5770,0.0,0.0,0.0,0.00155979202773,0.021837088388215,0.148006932409012,0.416637781629116,0.411958405545927
5,15,0,0,0,13,145,817,2453,2337,5765,0.0,0.0,0.0,0.00225498699046,0.025151777970512,0.141717259323504,0.425498699045967,0.405377276669558
5,16,0,0,0,9,130,847,2456,2318,5760,0.0,0.0,0.0,0.0015625,0.022569444444444,0.147048611111111,0.426388888888889,0.402430555555556
5,17,0,0,0,7,150,802,2434,2362,5755,0.0,0.0,0.0,0.001216333622937,0.02606429192007,0.139357080799305,0.422936576889661,0.410425716768028
5,18,0,0,0,6,130,880,2496,2238,5750,0.0,0.0,0.0,0.00104347826087,0.022608695652174,0.15304347826087,0.434086956521739,0.389217391304348
5,19,0,0,0,6,121,861,2415,2342,5745,0.0,0.0,0.0,0.001044386422977,0.021061792863359,0.149869451697128,0.420365535248042,0.407658833768494
5,20,0,0,0,6,133,828,2500,2273,5740,0.0,0.0,0.0,0.001045296167247,0.023170731707317,0.144250871080139,0.435540069686411,0.395993031358885
5,21,0,0,0,13,122,864,2457,2279,5735,0.0,0.0,0.0,0.002266782911944,0.021272885789015,0.150653879686138,0.428421970357454,0.397384481255449
5,22,0,0,0,10,131,909,2425,2255,5730,0.0,0.0,0.0,0.00174520069808,0.022862129144852,0.158638743455497,0.423211169284468,0.393542757417103
5,23,0,0,0,13,118,851,2461,2282,5725,0.0,0.0,0.0,0.002270742358079,0.02061135371179,0.148646288209607,0.429868995633188,0.398602620087336
5,24,0,0,0,7,133,852,2455,2273,5720,0.0,0.0,0.0,0.001223776223776,0.023251748251748,0.148951048951049,0.429195804195804,0.397377622377622
5,25,0,0,0,11,119,922,2407,2256,5715,0.0,0.0,0.0,0.001924759405074,0.02082239720035,0.161329833770779,0.421172353455818,0.394750656167979
5,26,0,0,1,11,124,858,2406,2310,5710,0.0,0.0,0.000175131348511,0.001926444833625,0.021716287215412,0.150262697022767,0.421366024518389,0.404553415061296
5,27,0,0,0,5,120,882,2436,2262,5705,0.0,0.0,0.0,0.000876424189308,0.021034180543383,0.154601226993865,0.426993865030675,0.39649430324277
5,28,0,0,0,12,109,904,2365,2310,5700,0.0,0.0,0.0,0.002105263157895,0.019122807017544,0.15859649122807,0.414912280701754,0.405263157894737
5,29,0,0,0,5,138,886,2456,2210,5695,0.0,0.0,0.0,0.000877963125549,0.024231782265145,0.155575065847234,0.431255487269535,0.388059701492537
5,30,0,0,0,10,129,864,2443,2244,5690,0.0,0.0,0.0,0.001757469244288,0.022671353251318,0.151845342706503,0.429349736379613,0.394376098418278
5,31,0,0,0,8,136,901,2349,2291,5685,0.0,0.0,0.0,0.001407211961302,0.023922603342128,0.158487247141601,0.413192612137203,0.402990325417766
5,32,0,0,0,7,146,870,2449,2208,5680,0.0,0.0,0.0,0.001232394366197,0.025704225352113,0.153169014084507,0.431161971830986,0.388732394366197
5,33,0,0,0,5,129,886,2410,2245,5675,0.0,0.0,0.0,0.000881057268722,0.02273127753304,0.156123348017621,0.424669603524229,0.395594713656388
5,34,0,0,0,9,117,888,2350,2306,5670,0.0,0.0,0.0,0.001587301587302,0.020634920634921,0.156613756613757,0.414462081128748,0.406701940035273
5,35,0,0,0,5,124,850,2385,2301,5665,0.0,0.0,0.0,0.000882612533098,0.02188879082083,0.150044130626655,0.421006178287732,0.406178287731686
5,36,0,0,0,10,125,880,2401,2244,5660,0.0,0.0,0.0,0.001766784452297,0.02208480565371,0.15547703180212,0.424204946996466,0.396466431095406
5,37,0,0,0,3,127,882,2371,2272,5655,0.0,0.0,0.0,0.00053050397878,0.022458001768347,0.155968169761273,0.419274977895668,0.401768346595933
5,38,0,0,0,7,115,876,2419,2233,5650,0.0,0.0,0.0,0.001238938053097,0.020353982300885,0.155044247787611,0.428141592920354,0.395221238938053
5,39,0,0,0,7,133,815,2467,2223,5645,0.0,0.0,0.0,0.001240035429584,0.02356067316209,0.144375553587245,0.437023914968999,0.393799822852081
5,40,0,0,0,11,124,835,2406,2264,5640,0.0,0.0,0.0,0.001950354609929,0.021985815602837,0.148049645390071,0.426595744680851,0.401418439716312
5,41,0,0,1,6,108,863,2362,2295,5635,0.0,0.0,0.000177462289264,0.001064773735581,0.019165927240461,0.153149955634428,0.419165927240461,0.407275953859805
5,42,0,0,0,6,139,883,2375,2227,5630,0.0,0.0,0.0,0.001065719360568,0.024689165186501,0.15683836589698,0.421847246891652,0.395559502664298
5,43,0,0,0,12,113,876,2364,2260,5625,0.0,0.0,0.0,0.002133333333333,0.020088888888889,0.155733333333333,0.420266666666667,0.401777777777778
5,44,0,0,0,6,109,844,2382,2279,5620,0.0,0.0,0.0,0.001067615658363,0.019395017793594,0.150177935943061,0.423843416370107,0.405516014234875
5,45,0,0,1,4,120,840,2397,2253,5615,0.0,0.0,0.000178094390027,0.000712377560107,0.021371326803206,0.14959928762244,0.426892252894034,0.401246660730187
5,46,0,0,0,13,135,872,2380,2210,5610,0.0,0.0,0.0,0.002317290552585,0.024064171122995,0.155436720142602,0.424242424242424,0.393939393939394
5,47,0,0,0,15,116,849,2406,2219,5605,0.0,0.0,0.0,0.002676181980375,0.020695807314897,0.151471900089206,0.429259589652096,0.395896520963426
5,48,0,0,0,11,103,806,2336,2344,5600,0.0,0.0,0.0,0.001964285714286,0.018392857142857,0.143928571428571,0.417142857142857,0.418571428571429
5,49,0,0,0,3,131,880,2341,2240,5595,0.0,0.0,0.0,0.000536193029491,0.023413762287757,0.157283288650581,0.418409294012511,0.40035746201966
5,50,0,0,0,6,146,835,2360,2243,5590,0.0,0.0,0.0,0.001073345259392,0.026118067978533,0.149373881932021,0.422182468694097,0.401252236135957
5,51,0,0,1,8,111,882,2360,2223,5585,0.0,0.0,0.000179051029543,0.001432408236347,0.01987466427932,0.157923008057296,0.422560429722471,0.398030438675022
5,52,0,0,0,3,133,847,2349,2248,5580,0.0,0.0,0.0,0.000537634408602,0.023835125448029,0.151792114695341,0.420967741935484,0.402867383512545
5,53,0,0,0,10,103,810,2397,2255,5575,0.0,0.0,0.0,0.001793721973094,0.01847533632287,0.145291479820628,0.429955156950673,0.404484304932735
5,54,0,0,1,9,116,841,2424,2179,5570,0.0,0.0,0.000179533213645,0.001615798922801,0.020825852782765,0.150987432675045,0.435188509874327,0.391202872531418
5,55,0,0,0,8,146,855,2341,2215,5565,0.0,0.0,0.0,0.001437556154537,0.026235399820305,0.153638814016173,0.420664869721473,0.398023360287511
5,56,0,0,0,6,114,779,2408,2253,5560,0.0,0.0,0.0,0.001079136690647,0.020503597122302,0.140107913669065,0.433093525179856,0.405215827338129
5,57,0,0,0,5,127,887,2299,2237,5555,0.0,0.0,0.0,0.000900090009001,0.022862286228623,0.15967596759676,0.413861386138614,0.402700270027003
5,58,0,0,1,8,127,853,2341,2220,5550,0.0,0.0,0.00018018018018,0.001441441441441,0.022882882882883,0.153693693693694,0.421801801801802,0.4
5,59,0,0,0,4,117,826,2372,2226,5545,0.0,0.0,0.0,0.000721370604148,0.021100090171326,0.148963029756537,0.427772768259693,0.401442741208296
5,60,0,0,0,8,112,832,2330,2258,5540,0.0,0.0,0.0,0.0014440433213,0.020216606498195,0.150180505415162,0.42057761732852,0.407581227436823
5,61,0,0,0,7,125,837,2381,2185,5535,0.0,0.0,0.0,0.00126467931346,0.022583559168925,0.151219512195122,0.430171635049684,0.394760614272809
5,62,0,0,0,4,105,859,2360,2202,5530,0.0,0.0,0.0,0.000723327305606,0.018987341772152,0.155334538878843,0.426763110307414,0.398191681735986
5,63,0,0,0,8,111,877,2299,2230,5525,0.0,0.0,0.0,0.001447963800905,0.020090497737557,0.158733031674208,0.416108597285068,0.403619909502262
5,64,0,0,1,9,123,831,2327,2229,5520,0.0,0.0,0.00018115942029,0.001630434782609,0.022282608695652,0.15054347826087,0.421557971014493,0.403804347826087
5,65,0,0,0,6,127,799,2311,2272,5515,0.0,0.0,0.0,0.001087941976428,0.023028105167724,0.144877606527652,0.419038984587489,0.411967361740707
5,66,0,0,0,9,120,842,2330,2209,5510,0.0,0.0,0.0,0.001633393829401,0.021778584392015,0.152813067150635,0.422867513611615,0.400907441016334
5,67,0,0,0,11,114,857,2312,2211,5505,0.0,0.0,0.0,0.001998183469573,0.020708446866485,0.155676657584015,0.419981834695731,0.401634877384196
5,68,0,0,0,12,123,857,2356,2152,5500,0.0,0.0,0.0,0.002181818181818,0.022363636363636,0.155818181818182,0.428363636363636,0.391272727272727
5,69,0,0,0,7,142,839,2313,2194,5495,0.0,0.0,0.0,0.001273885350318,0.025841674249318,0.152684258416742,0.420928116469518,0.399272065514104
5,70,0,0,0,12,133,830,2352,2163,5490,0.0,0.0,0.0,0.002185792349727,0.024225865209472,0.151183970856102,0.428415300546448,0.393989071038251
5,71,0,0,0,11,119,841,2321,2193,5485,0.0,0.0,0.0,0.00200546946217,0.021695533272562,0.153327256153145,0.423154056517776,0.399817684594348
5,72,0,0,0,6,125,858,2285,2206,5480,0.0,0.0,0.0,0.001094890510949,0.022810218978102,0.156569343065693,0.416970802919708,0.402554744525547
5,73,0,0,0,7,123,808,2351,2186,5475,0.0,0.0,0.0,0.001278538812785,0.022465753424658,0.147579908675799,0.429406392694064,0.399269406392694
5,74,0,0,1,4,133,790,2337,2205,5470,0.0,0.0,0.00018281535649,0.00073126142596,0.024314442413163,0.144424131627057,0.427239488117002,0.403107861060329
5,75,0,0,0,10,138,767,2300,2250,5465,0.0,0.0,0.0,0.001829826166514,0.025251601097896,0.140347666971638,0.420860018298262,0.411710887465691
5,76,0,0,0,5,120,837,2282,2216,5460,0.0,0.0,0.0,0.000915750915751,0.021978021978022,0.153296703296703,0.417948717948718,0.405860805860806
5,77,0,0,0,7,112,811,2356,2169,5455,0.0,0.0,0.0,0.0012832263978,0.020531622364803,0.148670944087993,0.431897341888176,0.397616865261228
5,78,0,0,0,4,123,843,2399,2081,5450,0.0,0.0,0.0,0.000733944954128,0.02256880733945,0.154678899082569,0.440183486238532,0.381834862385321
5,79,0,0,1,8,111,786,2336,2203,5445,0.0,0.0,0.000183654729109,0.001469237832874,0.020385674931129,0.14435261707989,0.429017447199265,0.404591368227732
5,80,0,0,0,6,120,844,2289,2181,5440,0.0,0.0,0.0,0.001102941176471,0.022058823529412,0.155147058823529,0.420772058823529,0.400919117647059
5,81,0,0,0,6,128,834,2333,2134,5435,0.0,0.0,0.0,0.001103955841766,0.023551057957682,0.15344986200552,0.429254829806808,0.392640294388224
5,82,0,0,0,10,118,847,2263,2192,5430,0.0,0.0,0.0,0.001841620626151,0.021731123388582,0.155985267034991,0.416758747697974,0.403683241252302
5,83,0,0,0,12,119,855,2298,2141,5425,0.0,0.0,0.0,0.00221198156682,0.021935483870968,0.157603686635945,0.423594470046083,0.394654377880184
5,84,0,0,0,10,118,816,2268,2208,5420,0.0,0.0,0.0,0.001845018450185,0.021771217712177,0.150553505535055,0.418450184501845,0.407380073800738
5,85,0,0,0,10,129,817,2297,2162,5415,0.0,0.0,0.0,0.001846722068329,0.02382271468144,0.150877192982456,0.424192059095106,0.399261311172668
5,86,0,0,0,8,119,797,2328,2158,5410,0.0,0.0,0.0,0.001478743068392,0.021996303142329,0.14731977818854,0.430314232902033,0.398890942698706
5,87,0,0,0,8,111,820,2372,2094,5405,0.0,0.0,0.0,0.001480111008326,0.020536540240518,0.151711378353377,0.438852913968548,0.387419056429232
5,88,0,0,0,9,132,836,2248,2175,5400,0.0,0.0,0.0,0.001666666666667,0.024444444444444,0.154814814814815,0.416296296296296,0.402777777777778
5,89,0,0,0,10,118,778,2325,2164,5395,0.0,0.0,0.0,0.001853568118628,0.021872103799815,0.144207599629286,0.430954587581094,0.401112140871177
5,90,0,0,1,8,121,808,2279,2173,5390,0.0,0.0,0.000185528756957,0.001484230055659,0.022448979591837,0.149907235621521,0.422820037105751,0.403153988868275
5,91,0,0,0,13,114,825,2325,2108,5385,0.0,0.0,0.0,0.002414113277623,0.02116991643454,0.153203342618384,0.431754874651811,0.391457753017642
5,92,0,0,1,8,104,783,2268,2216,5380,0.0,0.0,0.000185873605948,0.001486988847584,0.019330855018587,0.145539033457249,0.421561338289963,0.411895910780669
5,93,0,0,0,6,124,853,2283,2109,5375,0.0,0.0,0.0,0.001116279069767,0.02306976744186,0.158697674418605,0.424744186046512,0.392372093023256
5,94,0,0,1,5,118,796,2258,2192,5370,0.0,0.0,0.000186219739292,0.000931098696462,0.021973929236499,0.148230912476723,0.42048417132216,0.408193668528864
5,95,0,0,0,13,118,844,2274,2116,5365,0.0,0.0,0.0,0.00242311276794,0.021994408201305,0.157315936626281,0.42385834109972,0.394408201304753
5,96,0,0,0,4,130,822,2248,2156,5360,0.0,0.0,0.0,0.000746268656716,0.024253731343284,0.153358208955224,0.419402985074627,0.402238805970149
5,97,0,0,0,8,121,799,2339,2088,5355,0.0,0.0,0.0,0.001493930905696,0.022595704948646,0.149206349206349,0.436788048552754,0.389915966386555
5,98,0,0,0,1,127,801,2293,2128,5350,0.0,0.0,0.0,0.00018691588785,0.023738317757009,0.149719626168224,0.428598130841121,0.397757009345794
5,99,0,0,0,4,114,769,2266,2192,5345,0.0,0.0,0.0,0.000748362956034,0.02132834424696,0.143872778297474,0.423947614593078,0.410102899906455
5,100,0,0,0,7,127,750,2273,2183,5340,0.0,0.0,0.0,0.001310861423221,0.023782771535581,0.140449438202247,0.42565543071161,0.408801498127341
5,101,0,0,0,10,141,781,2290,2113,5335,0.0,0.0,0.0,0.001874414245548,0.026429240862231,0.14639175257732,0.429240862230553,0.396063730084349
5,102,0,0,0,8,124,829,2277,2092,5330,0.0,0.0,0.0,0.001500938086304,0.023264540337711,0.155534709193246,0.427204502814259,0.39249530956848
5,103,0,0,0,5,106,788,2264,2162,5325,0.0,0.0,0.0,0.00093896713615,0.019906103286385,0.147981220657277,0.425164319248826,0.406009389671362
5,104,0,0,0,7,106,822,2283,2102,5320,0.0,0.0,0.0,0.001315789473684,0.019924812030075,0.154511278195489,0.429135338345865,0.395112781954887
5,105,0,0,0,6,152,796,2198,2163,5315,0.0,0.0,0.0,0.001128880526811,0.02859830667921,0.149764816556914,0.413546566321731,0.406961429915334
5,106,0,0,0,7,128,774,2224,2177,5310,0.0,0.0,0.0,0.001318267419962,0.024105461393597,0.145762711864407,0.418832391713748,0.409981167608286
5,107,0,0,0,3,130,794,2270,2108,5305,0.0,0.0,0.0,0.000565504241282,0.024505183788878,0.149670122525919,0.427898209236569,0.397360980207352
5,108,0,0,0,10,123,782,2241,2144,5300,0.0,0.0,0.0,0.00188679245283,0.023207547169811,0.147547169811321,0.422830188679245,0.404528301886792
5,109,0,0,0,11,129,853,2219,2083,5295,0.0,0.0,0.0,0.002077431539188,0.024362606232295,0.16109537299339,0.419074598677998,0.393389990557129
5,110,0,0,0,3,133,820,2213,2121,5290,0.0,0.0,0.0,0.000567107750473,0.025141776937618,0.155009451795841,0.418336483931947,0.400945179584121
5,111,0,0,0,13,114,811,2246,2101,5285,0.0,0.0,0.0,0.002459791863765,0.021570482497635,0.153453169347209,0.424976348155156,0.397540208136235
5,112,0,0,0,4,112,812,2232,2120,5280,0.0,0.0,0.0,0.000757575757576,0.021212121212121,0.153787878787879,0.422727272727273,0.401515151515151
5,113,0,0,1,6,131,807,2224,2106,5275,0.0,0.0,0.000189573459716,0.001137440758294,0.024834123222749,0.152985781990521,0.421611374407583,0.399241706161137
5,114,0,0,0,6,117,796,2244,2107,5270,0.0,0.0,0.0,0.001138519924099,0.022201138519924,0.151043643263757,0.425806451612903,0.399810246679317
5,115,0,0,1,3,98,822,2195,2146,5265,0.0,0.0,0.000189933523267,0.000569800569801,0.018613485280152,0.156125356125356,0.41690408357075,0.407597340930674
5,116,0,0,0,5,117,804,2206,2128,5260,0.0,0.0,0.0,0.000950570342205,0.022243346007605,0.152851711026616,0.419391634980989,0.404562737642586
5,117,0,0,0,8,100,835,2197,2115,5255,0.0,0.0,0.0,0.001522359657469,0.019029495718363,0.158896289248335,0.418078020932445,0.402473834443387
5,118,0,0,0,7,115,803,2257,2068,5250,0.0,0.0,0.0,0.001333333333333,0.021904761904762,0.152952380952381,0.429904761904762,0.393904761904762
5,119,0,0,0,7,114,775,2253,2096,5245,0.0,0.0,0.0,0.001334604385129,0.021734985700667,0.147759771210677,0.429551954242135,0.399618684461392
5,120,0,0,0,7,95,801,2169,2168,5240,0.0,0.0,0.0,0.001335877862595,0.018129770992366,0.152862595419847,0.413931297709924,0.413740458015267
5,121,0,0,0,4,111,784,2174,2162,5235,0.0,0.0,0.0,0.000764087870105,0.021203438395415,0.149761222540592,0.415281757402101,0.412989493791786
5,122,0,0,0,6,111,776,2232,2105,5230,0.0,0.0,0.0,0.001147227533461,0.021223709369025,0.148374760994264,0.426768642447419,0.402485659655832
5,123,0,0,0,4,148,788,2269,2016,5225,0.0,0.0,0.0,0.000765550239234,0.028325358851675,0.150813397129187,0.434258373205742,0.385837320574163
5,124,0,0,0,11,130,796,2215,2068,5220,0.0,0.0,0.0,0.002107279693487,0.024904214559387,0.152490421455939,0.424329501915709,0.396168582375479
5,125,0,0,0,4,119,793,2220,2079,5215,0.0,0.0,0.0,0.000767018216683,0.022818791946309,0.152061361457335,0.425695110258869,0.398657718120805
5,126,0,0,0,4,115,816,2203,2072,5210,0.0,0.0,0.0,0.000767754318618,0.022072936660269,0.156621880998081,0.422840690978887,0.397696737044146
5,127,0,0,0,5,119,779,2215,2087,5205,0.0,0.0,0.0,0.000960614793468,0.022862632084534,0.149663784822286,0.425552353506244,0.400960614793468
5,128,0,0,0,11,129,769,2240,2051,5200,0.0,0.0,0.0,0.002115384615385,0.024807692307692,0.147884615384615,0.430769230769231,0.394423076923077
5,129,0,0,0,3,126,744,2232,2090,5195,0.0,0.0,0.0,0.000577478344562,0.024254090471607,0.143214629451396,0.429643888354187,0.402309913378248
5,130,0,0,1,10,91,824,2214,2050,5190,0.0,0.0,0.00019267822736,0.001926782273603,0.017533718689788,0.158766859344894,0.426589595375723,0.394990366088632
5,131,0,0,0,13,108,748,2207,2109,5185,0.0,0.0,0.0,0.002507232401157,0.02082931533269,0.144262295081967,0.425650916104147,0.406750241080039
5,132,0,0,0,7,117,754,2206,2096,5180,0.0,0.0,0.0,0.001351351351351,0.022586872586873,0.145559845559846,0.425868725868726,0.404633204633205
5,133,0,0,1,3,115,726,2307,2023,5175,0.0,0.0,0.000193236714976,0.000579710144928,0.022222222222222,0.140289855072464,0.445797101449275,0.390917874396135
5,134,0,0,0,4,104,782,2135,2145,5170,0.0,0.0,0.0,0.000773694390716,0.020116054158607,0.151257253384913,0.412959381044487,0.414893617021277
5,135,0,0,0,6,115,799,2179,2066,5165,0.0,0.0,0.0,0.001161665053243,0.022265246853824,0.154695062923524,0.421878025169409,0.4
5,136,0,0,0,6,133,815,2128,2078,5160,0.0,0.0,0.0,0.001162790697674,0.02577519379845,0.157945736434109,0.412403100775194,0.402713178294574
5,137,0,0,0,12,111,778,2164,2090,5155,0.0,0.0,0.0,0.002327837051406,0.021532492725509,0.150921435499515,0.419786614936954,0.405431619786615
5,138,0,0,1,7,139,772,2172,2059,5150,0.0,0.0,0.000194174757282,0.001359223300971,0.026990291262136,0.149902912621359,0.421747572815534,0.399805825242718
5,139,0,0,0,5,117,780,2233,2010,5145,0.0,0.0,0.0,0.000971817298348,0.022740524781341,0.151603498542274,0.434013605442177,0.39067055393586
5,140,0,0,0,9,108,798,2186,2039,5140,0.0,0.0,0.0,0.001750972762646,0.021011673151751,0.155252918287938,0.425291828793774,0.396692607003891
5,141,0,0,0,3,106,726,2164,2136,5135,0.0,0.0,0.0,0.000584225900682,0.02064264849075,0.141382667964946,0.421421616358325,0.415968841285297
5,142,0,0,1,4,108,782,2173,2062,5130,0.0,0.0,0.000194931773879,0.000779727095517,0.021052631578947,0.152436647173489,0.423586744639376,0.401949317738791
5,143,0,0,1,4,134,764,2202,2020,5125,0.0,0.0,0.00019512195122,0.000780487804878,0.026146341463415,0.149073170731707,0.429658536585366,0.394146341463415
5,144,0,0,0,4,100,746,2199,2071,5120,0.0,0.0,0.0,0.00078125,0.01953125,0.145703125,0.4294921875,0.4044921875
5,145,0,0,0,7,122,751,2210,2025,5115,0.0,0.0,0.0,0.001368523949169,0.023851417399804,0.146823069403715,0.432062561094819,0.395894428152493
5,146,0,0,0,10,121,721,2176,2082,5110,0.0,0.0,0.0,0.001956947162427,0.023679060665362,0.141095890410959,0.425831702544031,0.407436399217221
5,147,0,0,0,11,118,784,2140,2052,5105,0.0,0.0,0.0,0.002154750244858,0.023114593535749,0.153574926542605,0.419196865817826,0.401958863858962
5,148,0,0,0,6,129,820,2107,2038,5100,0.0,0.0,0.0,0.001176470588235,0.025294117647059,0.16078431372549,0.413137254901961,0.399607843137255
5,149,0,0,1,4,115,741,2202,2032,5095,0.0,0.0,0.000196270853778,0.000785083415113,0.022571148184495,0.145436702649657,0.432188420019627,0.398822374877331
5,150,0,0,0,7,121,790,2137,2035,5090,0.0,0.0,0.0,0.001375245579568,0.0237721021611,0.155206286836935,0.419842829076621,0.399803536345776
5,151,0,0,0,11,101,758,2200,2015,5085,0.0,0.0,0.0,0.002163225172075,0.019862340216323,0.149065880039331,0.432645034414946,0.396263520157325
5,152,0,0,0,6,117,741,2207,2009,5080,0.0,0.0,0.0,0.001181102362205,0.023031496062992,0.145866141732283,0.434448818897638,0.395472440944882
5,153,0,0,0,6,109,758,2144,2058,5075,0.0,0.0,0.0,0.001182266009852,0.021477832512315,0.14935960591133,0.422463054187192,0.40551724137931
5,154,0,0,0,7,127,719,2133,2084,5070,0.0,0.0,0.0,0.00138067061144,0.025049309664694,0.141814595660749,0.420710059171598,0.411045364891519
5,155,0,0,0,4,102,807,2111,2041,5065,0.0,0.0,0.0,0.000789733464956,0.020138203356367,0.159328726554788,0.416781836130306,0.402961500493583
5,156,0,0,0,5,97,740,2193,2025,5060,0.0,0.0,0.0,0.00098814229249,0.019169960474308,0.146245059288538,0.433399209486166,0.400197628458498
5,157,0,0,0,8,101,744,2102,2100,5055,0.0,0.0,0.0,0.001582591493571,0.01998021760633,0.147181008902077,0.415825914935707,0.415430267062315
5,158,0,0,0,4,125,744,2121,2056,5050,0.0,0.0,0.0,0.000792079207921,0.024752475247525,0.147326732673267,0.42,0.407128712871287
5,159,0,0,0,11,112,820,2108,1994,5045,0.0,0.0,0.0,0.002180376610505,0.022200198216056,0.162537165510406,0.417839444995045,0.395242814667988
5,160,0,0,0,9,104,799,2132,1996,5040,0.0,0.0,0.0,0.001785714285714,0.020634920634921,0.158531746031746,0.423015873015873,0.396031746031746
5,161,0,0,0,8,107,752,2143,2025,5035,0.0,0.0,0.0,0.001588877855015,0.021251241310824,0.1493545183714,0.425620655412115,0.402184707050645
5,162,0,0,0,5,132,788,2152,1953,5030,0.0,0.0,0.0,0.000994035785288,0.02624254473161,0.156660039761431,0.427833001988072,0.388270377733598
5,163,0,0,0,4,98,714,2186,2023,5025,0.0,0.0,0.0,0.000796019900498,0.019502487562189,0.142089552238806,0.435024875621891,0.402587064676617
5,164,0,0,0,8,111,780,2141,1980,5020,0.0,0.0,0.0,0.001593625498008,0.022111553784861,0.155378486055777,0.426494023904382,0.394422310756972
5,165,0,0,0,7,121,757,2136,1994,5015,0.0,0.0,0.0,0.001395812562313,0.024127617148554,0.150947158524427,0.4259222333001,0.397607178464606
5,166,0,0,0,8,122,789,2073,2018,5010,0.0,0.0,0.0,0.001596806387226,0.02435129740519,0.15748502994012,0.41377245508982,0.402794411177645
5,167,0,0,0,6,108,759,2055,2077,5005,0.0,0.0,0.0,0.001198801198801,0.021578421578422,0.151648351648352,0.410589410589411,0.414985014985015
5,168,0,0,1,9,125,787,2145,1933,5000,0.0,0.0,0.0002,0.0018,0.025,0.1574,0.429,0.3866
5,169,0,0,0,7,113,769,2030,2076,4995,0.0,0.0,0.0,0.001401401401401,0.022622622622623,0.153953953953954,0.406406406406406,0.415615615615616
5,170,0,0,0,10,119,741,2163,1957,4990,0.0,0.0,0.0,0.002004008016032,0.023847695390782,0.148496993987976,0.433466933867735,0.392184368737475
5,171,0,0,0,9,87,751,2170,1968,4985,0.0,0.0,0.0,0.001805416248746,0.017452357071214,0.150651955867603,0.43530591775326,0.394784353059178
5,172,0,0,1,8,133,752,2102,1984,4980,0.0,0.0,0.000200803212851,0.001606425702811,0.026706827309237,0.151004016064257,0.422088353413655,0.398393574297189
5,173,0,0,0,6,141,739,2122,1967,4975,0.0,0.0,0.0,0.001206030150754,0.028341708542714,0.148542713567839,0.426532663316583,0.395376884422111
5,174,0,0,0,6,103,720,2170,1971,4970,0.0,0.0,0.0,0.001207243460765,0.020724346076459,0.144869215291751,0.436619718309859,0.396579476861167
5,175,0,1,0,7,133,733,2139,1952,4965,0.0,0.000201409869084,0.0,0.001409869083585,0.026787512588117,0.147633434038268,0.430815709969789,0.393152064451158
5,176,0,0,0,9,103,739,2102,2007,4960,0.0,0.0,0.0,0.001814516129032,0.020766129032258,0.148991935483871,0.423790322580645,0.404637096774194
5,177,0,0,0,7,106,782,2054,2006,4955,0.0,0.0,0.0,0.001412714429869,0.021392532795156,0.15782038345106,0.414530776992936,0.404843592330979
5,178,0,0,0,3,103,743,2128,1973,4950,0.0,0.0,0.0,0.000606060606061,0.020808080808081,0.15010101010101,0.42989898989899,0.398585858585859
5,179,0,0,0,4,102,729,2163,1947,4945,0.0,0.0,0.0,0.000808897876643,0.020626895854398,0.1474216380182,0.437411526794742,0.393731041456016
5,180,0,0,0,7,102,771,2075,1985,4940,0.0,0.0,0.0,0.001417004048583,0.020647773279352,0.156072874493927,0.42004048582996,0.401821862348178
5,181,0,0,0,8,125,759,2106,1937,4935,0.0,0.0,0.0,0.001621073961499,0.02532928064843,0.153799392097264,0.426747720364742,0.392502532928065
5,182,0,0,0,5,122,685,2068,2050,4930,0.0,0.0,0.0,0.001014198782961,0.02474645030426,0.13894523326572,0.41947261663286,0.415821501014199
5,183,0,0,0,10,113,750,2006,2046,4925,0.0,0.0,0.0,0.002030456852792,0.022944162436548,0.152284263959391,0.407309644670051,0.415431472081218
5,184,0,0,0,6,116,776,2029,1993,4920,0.0,0.0,0.0,0.001219512195122,0.023577235772358,0.157723577235772,0.41239837398374,0.405081300813008
5,185,0,0,0,3,112,763,2080,1957,4915,0.0,0.0,0.0,0.000610376398779,0.022787385554425,0.155239064089522,0.423194303153611,0.398168870803662
5,186,0,0,0,7,107,716,2154,1926,4910,0.0,0.0,0.0,0.00142566191446,0.021792260692464,0.145824847250509,0.438696537678208,0.392260692464358
5,187,0,0,0,6,123,759,2067,1950,4905,0.0,0.0,0.0,0.001223241590214,0.025076452599388,0.15474006116208,0.421406727828746,0.397553516819572
5,188,0,0,0,10,118,697,2106,1969,4900,0.0,0.0,0.0,0.002040816326531,0.024081632653061,0.142244897959184,0.429795918367347,0.401836734693878
5,189,0,0,0,8,119,748,2072,1948,4895,0.0,0.0,0.0,0.001634320735444,0.024310520939734,0.152808988764045,0.423289070480082,0.397957099080695
5,190,0,0,0,5,119,715,2090,1961,4890,0.0,0.0,0.0,0.001022494887526,0.024335378323108,0.146216768916155,0.427402862985685,0.401022494887526
5,191,0,0,0,6,115,746,2084,1934,4885,0.0,0.0,0.0,0.001228249744115,0.023541453428864,0.152712384851587,0.42661207778915,0.395905834186285
5,192,0,0,0,7,101,714,2116,1942,4880,0.0,0.0,0.0,0.001434426229508,0.020696721311475,0.146311475409836,0.433606557377049,0.397950819672131
5,193,0,0,0,8,86,758,2109,1914,4875,0.0,0.0,0.0,0.001641025641026,0.017641025641026,0.155487179487179,0.432615384615385,0.392615384615385
5,194,0,0,0,8,115,776,2052,1919,4870,0.0,0.0,0.0,0.001642710472279,0.023613963039014,0.159342915811088,0.42135523613963,0.394045174537988
5,195,0,0,0,7,103,739,2107,1909,4865,0.0,0.0,0.0,0.001438848920863,0.021171634121274,0.151901336073998,0.433093525179856,0.392394655704008
5,196,0,0,0,6,110,712,2028,2004,4860,0.0,0.0,0.0,0.001234567901235,0.022633744855967,0.146502057613169,0.417283950617284,0.412345679012346
5,197,0,0,0,3,94,740,2112,1906,4855,0.0,0.0,0.0,0.000617919670443,0.019361483007209,0.152420185375901,0.435015447991761,0.392584963954686
5,198,0,0,0,11,119,703,2049,1968,4850,0.0,0.0,0.0,0.002268041237113,0.024536082474227,0.144948453608247,0.422474226804124,0.405773195876289
5,199,0,0,0,8,85,720,2065,1967,4845,0.0,0.0,0.0,0.001651186790506,0.017543859649123,0.148606811145511,0.426212590299278,0.405985552115583
5,200,0,0,0,8,121,743,2029,1939,4840,0.0,0.0,0.0,0.001652892561983,0.025,0.153512396694215,0.419214876033058,0.400619834710744
5,201,0,0,0,11,101,708,2034,1981,4835,0.0,0.0,0.0,0.002275077559462,0.020889348500517,0.146432264736298,0.420682523267839,0.409720785935884
5,202,0,0,0,9,92,744,2023,1962,4830,0.0,0.0,0.0,0.001863354037267,0.019047619047619,0.154037267080745,0.418840579710145,0.406211180124224
5,203,0,0,0,10,107,734,2062,1912,4825,0.0,0.0,0.0,0.002072538860104,0.022176165803109,0.152124352331606,0.427357512953368,0.396269430051813
5,204,0,0,1,7,109,729,2082,1892,4820,0.0,0.0,0.000207468879668,0.001452282157676,0.022614107883817,0.151244813278008,0.43195020746888,0.39253112033195
5,205,0,0,0,3,109,743,2052,1908,4815,0.0,0.0,0.0,0.000623052959502,0.02263759086189,0.154309449636552,0.426168224299065,0.396261682242991
5,206,0,0,0,9,108,684,2096,1913,4810,0.0,0.0,0.0,0.001871101871102,0.022453222453222,0.142203742203742,0.435758835758836,0.397713097713098
5,207,0,0,0,6,104,726,1997,1972,4805,0.0,0.0,0.0,0.001248699271592,0.021644120707596,0.151092611862643,0.415608740894901,0.410405827263267
5,208,0,0,0,8,106,759,1985,1942,4800,0.0,0.0,0.0,0.001666666666667,0.022083333333333,0.158125,0.413541666666667,0.404583333333333
5,209,0,0,1,4,112,731,2052,1895,4795,0.0,0.0,0.000208550573514,0.000834202294056,0.023357664233577,0.15245046923879,0.427945776850886,0.395203336809176
5,210,0,0,0,10,105,679,2072,1924,4790,0.0,0.0,0.0,0.002087682672234,0.021920668058455,0.141753653444676,0.432567849686848,0.401670146137787
5,211,0,0,1,8,96,736,2052,1892,4785,0.0,0.0,0.000208986415883,0.001671891327064,0.020062695924765,0.153814002089864,0.42884012539185,0.395402298850575
5,212,0,0,0,6,104,734,1989,1947,4780,0.0,0.0,0.0,0.001255230125523,0.021757322175732,0.153556485355649,0.416108786610879,0.407322175732218
5,213,0,0,1,4,109,739,2018,1904,4775,0.0,0.0,0.00020942408377,0.000837696335079,0.02282722513089,0.154764397905759,0.42261780104712,0.398743455497382
5,214,0,0,0,6,109,739,1947,1969,4770,0.0,0.0,0.0,0.00125786163522,0.022851153039832,0.154926624737945,0.408176100628931,0.412788259958071
5,215,0,0,0,9,98,714,2005,1939,4765,0.0,0.0,0.0,0.001888772298006,0.020566631689402,0.149842602308499,0.420776495278069,0.406925498426023
5,216,0,0,0,6,102,717,2074,1861,4760,0.0,0.0,0.0,0.001260504201681,0.021428571428571,0.15063025210084,0.435714285714286,0.390966386554622
5,217,0,0,0,6,111,728,2028,1882,4755,0.0,0.0,0.0,0.001261829652997,0.023343848580442,0.153101997896951,0.426498422712934,0.395793901156677
5,218,0,0,0,8,100,741,2022,1879,4750,0.0,0.0,0.0,0.001684210526316,0.021052631578947,0.156,0.425684210526316,0.395578947368421
5,219,0,0,1,4,104,719,1987,1930,4745,0.0,0.0,0.000210748155954,0.000842992623815,0.021917808219178,0.151527924130664,0.418756585879874,0.406743940990516
5,220,0,0,0,3,95,716,2053,1873,4740,0.0,0.0,0.0,0.000632911392405,0.020042194092827,0.151054852320675,0.433122362869198,0.395147679324895
5,221,0,0,0,5,114,720,2039,1857,4735,0.0,0.0,0.0,0.001055966209081,0.024076029567054,0.152059134107709,0.430623020063358,0.392185850052798
5,222,0,0,0,6,108,730,1986,1900,4730,0.0,0.0,0.0,0.001268498942918,0.022832980972516,0.154334038054968,0.419873150105708,0.40169133192389
5,223,0,0,0,4,120,691,2033,1877,4725,0.0,0.0,0.0,0.000846560846561,0.025396825396825,0.146243386243386,0.43026455026455,0.397248677248677
5,224,0,0,0,10,104,683,2026,1897,4720,0.0,0.0,0.0,0.002118644067797,0.022033898305085,0.144703389830508,0.429237288135593,0.401906779661017
5,225,0,0,0,10,102,737,2001,1865,4715,0.0,0.0,0.0,0.002120890774125,0.021633085896076,0.156309650053022,0.424390243902439,0.395546129374337
5,226,0,0,0,4,108,738,1986,1874,4710,0.0,0.0,0.0,0.000849256900212,0.022929936305732,0.156687898089172,0.421656050955414,0.397876857749469
5,227,0,0,0,2,113,691,2010,1889,4705,0.0,0.0,0.0,0.000425079702444,0.024017003188098,0.146865037194474,0.427205100956429,0.401487778958555
5,228,0,0,0,1,75,724,1988,1912,4700,0.0,0.0,0.0,0.000212765957447,0.015957446808511,0.154042553191489,0.422978723404255,0.406808510638298
5,229,0,0,1,3,116,679,2005,1891,4695,0.0,0.0,0.000212992545261,0.000638977635783,0.024707135250266,0.144621938232162,0.427050053248136,0.402768903088392
5,230,0,0,1,7,92,705,1992,1893,4690,0.0,0.0,0.000213219616205,0.001492537313433,0.019616204690832,0.150319829424307,0.424733475479744,0.40362473347548
5,231,0,0,0,4,105,774,1931,1871,4685,0.0,0.0,0.0,0.0008537886873,0.022411953041622,0.165208110992529,0.412166488794023,0.399359658484525
5,232,0,0,0,3,99,669,2089,1820,4680,0.0,0.0,0.0,0.000641025641026,0.021153846153846,0.142948717948718,0.446367521367521,0.388888888888889
5,233,0,0,0,9,127,678,2025,1836,4675,0.0,0.0,0.0,0.00192513368984,0.02716577540107,0.145026737967914,0.433155080213904,0.392727272727273
5,234,0,0,0,4,96,713,1986,1871,4670,0.0,0.0,0.0,0.000856531049251,0.020556745182013,0.152676659528908,0.425267665952891,0.400642398286938
5,235,0,0,0,6,105,751,1963,1840,4665,0.0,0.0,0.0,0.001286173633441,0.022508038585209,0.160986066452304,0.420793140407288,0.394426580921758
5,236,0,0,0,5,97,681,2061,1816,4660,0.0,0.0,0.0,0.001072961373391,0.020815450643777,0.146137339055794,0.442274678111588,0.389699570815451
5,237,0,0,0,11,116,696,1984,1848,4655,0.0,0.0,0.0,0.002363050483351,0.024919441460795,0.149516648764769,0.426208378088077,0.396992481203008
5,238,0,0,1,1,100,710,1976,1862,4650,0.0,0.0,0.000215053763441,0.000215053763441,0.021505376344086,0.152688172043011,0.42494623655914,0.400430107526882
5,239,0,0,0,7,100,688,1992,1858,4645,0.0,0.0,0.0,0.001506996770721,0.021528525296017,0.148116254036599,0.428848223896663,0.4
5,240,0,0,0,9,105,728,1960,1838,4640,0.0,0.0,0.0,0.001939655172414,0.022629310344828,0.156896551724138,0.422413793103448,0.396120689655172
5,241,0,0,1,9,110,702,1956,1857,4635,0.0,0.0,0.000215749730313,0.001941747572816,0.023732470334412,0.151456310679612,0.422006472491909,0.400647249190939
5,242,0,0,0,5,104,733,1939,1849,4630,0.0,0.0,0.0,0.001079913606911,0.022462203023758,0.158315334773218,0.418790496760259,0.399352051835853
5,243,0,0,0,6,88,677,1958,1896,4625,0.0,0.0,0.0,0.001297297297297,0.019027027027027,0.146378378378378,0.423351351351351,0.409945945945946
5,244,0,0,0,5,97,720,1944,1854,4620,0.0,0.0,0.0,0.001082251082251,0.020995670995671,0.155844155844156,0.420779220779221,0.401298701298701
5,245,0,0,0,6,111,657,1949,1892,4615,0.0,0.0,0.0,0.001300108342362,0.024052004333694,0.142361863488624,0.422318526543879,0.409967497291441
5,246,0,0,0,14,83,710,1938,1865,4610,0.0,0.0,0.0,0.003036876355748,0.018004338394794,0.154013015184382,0.420390455531453,0.404555314533623
5,247,0,0,0,4,106,710,1884,1901,4605,0.0,0.0,0.0,0.000868621064061,0.023018458197611,0.154180238870793,0.409120521172638,0.412812160694897
5,248,0,0,0,7,95,684,1959,1855,4600,0.0,0.0,0.0,0.001521739130435,0.020652173913043,0.148695652173913,0.425869565217391,0.403260869565217
5,249,0,0,0,2,112,681,1998,1802,4595,0.0,0.0,0.0,0.000435255712731,0.024374319912949,0.148204570184984,0.434820457018498,0.392165397170838
5,250,0,0,0,9,98,712,1988,1783,4590,0.0,0.0,0.0,0.001960784313725,0.021350762527233,0.155119825708061,0.433115468409586,0.388453159041394
5,251,0,0,1,2,100,653,1994,1835,4585,0.0,0.0,0.000218102508179,0.000436205016358,0.021810250817884,0.142420937840785,0.434896401308615,0.400218102508179
5,252,0,0,0,7,118,674,1991,1790,4580,0.0,0.0,0.0,0.001528384279476,0.025764192139738,0.147161572052402,0.43471615720524,0.390829694323144
5,253,0,0,0,12,119,639,1970,1835,4575,0.0,0.0,0.0,0.002622950819672,0.026010928961749,0.139672131147541,0.430601092896175,0.401092896174863
5,254,0,0,0,1,99,667,1913,1890,4570,0.0,0.0,0.0,0.000218818380744,0.021663019693654,0.145951859956236,0.418599562363239,0.413566739606127
5,255,0,0,0,6,113,685,1956,1805,4565,0.0,0.0,0.0,0.0013143483023,0.024753559693319,0.150054764512596,0.428477546549836,0.39539978094195
5,256,0,0,1,7,100,685,1920,1847,4560,0.0,0.0,0.000219298245614,0.001535087719298,0.021929824561404,0.150219298245614,0.421052631578947,0.405043859649123
5,257,0,0,0,7,103,684,1959,1802,4555,0.0,0.0,0.0,0.001536772777168,0.022612513721186,0.150164654226125,0.430076838638858,0.395609220636663
5,258,0,0,0,10,108,665,1948,1819,4550,0.0,0.0,0.0,0.002197802197802,0.023736263736264,0.146153846153846,0.428131868131868,0.39978021978022
5,259,0,0,0,5,95,657,1948,1840,4545,0.0,0.0,0.0,0.001100110011001,0.020902090209021,0.144554455445545,0.428602860286029,0.404840484048405
5,260,0,0,0,5,117,695,1889,1834,4540,0.0,0.0,0.0,0.001101321585903,0.025770925110132,0.153083700440529,0.416079295154185,0.403964757709251
5,261,0,0,0,6,98,708,1942,1781,4535,0.0,0.0,0.0,0.001323042998897,0.021609702315325,0.156119073869901,0.428224917309813,0.392723263506064
5,262,0,0,0,9,106,722,1902,1791,4530,0.0,0.0,0.0,0.001986754966887,0.023399558498896,0.159381898454746,0.419867549668874,0.395364238410596
5,263,0,0,0,11,106,672,1935,1801,4525,0.0,0.0,0.0,0.002430939226519,0.023425414364641,0.148508287292818,0.427624309392265,0.398011049723757
5,264,0,0,0,3,99,667,1895,1856,4520,0.0,0.0,0.0,0.000663716814159,0.021902654867257,0.147566371681416,0.419247787610619,0.410619469026549
5,265,0,0,1,9,88,724,1918,1775,4515,0.0,0.0,0.000221483942414,0.001993355481728,0.019490586932447,0.160354374307863,0.424806201550388,0.393133997785161
5,266,0,0,0,6,105,712,1910,1777,4510,0.0,0.0,0.0,0.001330376940133,0.023281596452328,0.157871396895787,0.42350332594235,0.394013303769401
5,267,0,0,0,9,114,658,1897,1827,4505,0.0,0.0,0.0,0.001997780244173,0.025305216426193,0.146059933407325,0.421087680355161,0.405549389567148
5,268,0,0,0,11,93,685,1906,1805,4500,0.0,0.0,0.0,0.002444444444444,0.020666666666667,0.152222222222222,0.423555555555556,0.401111111111111
5,269,0,0,0,5,99,672,1952,1767,4495,0.0,0.0,0.0,0.00111234705228,0.02202447163515,0.149499443826474,0.434260289210234,0.393103448275862
5,270,0,0,0,7,91,690,1918,1784,4490,0.0,0.0,0.0,0.001559020044543,0.020267260579065,0.153674832962138,0.4271714922049,0.397327394209354
5,271,0,0,0,5,91,637,1855,1897,4485,0.0,0.0,0.0,0.001114827201784,0.020289855072464,0.142028985507246,0.413600891861761,0.422965440356745
5,272,0,0,0,10,105,644,1943,1778,4480,0.0,0.0,0.0,0.002232142857143,0.0234375,0.14375,0.433705357142857,0.396875
5,273,0,0,0,8,82,700,1883,1802,4475,0.0,0.0,0.0,0.001787709497207,0.018324022346369,0.156424581005587,0.420782122905028,0.40268156424581
5,274,0,0,0,6,111,670,1870,1813,4470,0.0,0.0,0.0,0.001342281879195,0.024832214765101,0.149888143176734,0.41834451901566,0.405592841163311
5,275,0,0,0,2,97,686,1868,1812,4465,0.0,0.0,0.0,0.000447928331467,0.021724524076148,0.153639417693169,0.418365061590146,0.405823068309071
5,276,0,0,0,3,103,667,1839,1848,4460,0.0,0.0,0.0,0.00067264573991,0.023094170403587,0.149551569506726,0.412331838565022,0.414349775784753
5,277,0,0,0,6,114,697,1881,1757,4455,0.0,0.0,0.0,0.001346801346801,0.025589225589226,0.15645342312009,0.422222222222222,0.394388327721661
5,278,0,0,0,2,109,672,1854,1813,4450,0.0,0.0,0.0,0.000449438202247,0.024494382022472,0.151011235955056,0.416629213483146,0.407415730337079
5,279,0,0,0,3,84,688,1943,1727,4445,0.0,0.0,0.0,0.000674915635546,0.018897637795276,0.154780652418448,0.437120359955006,0.388526434195726
5,280,0,0,0,7,111,690,1853,1779,4440,0.0,0.0,0.0,0.001576576576577,0.025,0.155405405405405,0.417342342342342,0.400675675675676
5,281,0,0,0,4,90,692,1920,1729,4435,0.0,0.0,0.0,0.000901916572717,0.020293122886133,0.156031567080045,0.432919954904171,0.389853438556933
5,282,0,0,0,5,88,693,1849,1795,4430,0.0,0.0,0.0,0.001128668171558,0.019864559819413,0.156433408577878,0.417381489841986,0.405191873589165
5,283,0,0,1,7,82,697,1832,1806,4425,0.0,0.0,0.000225988700565,0.001581920903955,0.018531073446328,0.157514124293785,0.414011299435028,0.408135593220339
5,284,0,0,0,7,115,676,1888,1734,4420,0.0,0.0,0.0,0.00158371040724,0.026018099547511,0.152941176470588,0.427149321266968,0.392307692307692
5,285,0,0,0,11,99,664,1866,1775,4415,0.0,0.0,0.0,0.002491506228766,0.02242355605889,0.15039637599094,0.422650056625142,0.402038505096263
5,286,0,0,0,5,101,655,1851,1798,4410,0.0,0.0,0.0,0.001133786848073,0.022902494331066,0.148526077097506,0.419727891156463,0.407709750566893
5,287,0,0,0,6,93,664,1961,1681,4405,0.0,0.0,0.0,0.001362088535755,0.0211123723042,0.150737797956867,0.445175936435868,0.38161180476731
5,288,0,0,0,3,110,636,1860,1791,4400,0.0,0.0,0.0,0.000681818181818,0.025,0.144545454545455,0.422727272727273,0.407045454545455
5,289,0,0,0,7,99,666,1855,1768,4395,0.0,0.0,0.0,0.001592718998862,0.022525597269625,0.151535836177474,0.422070534698521,0.402275312855518
5,290,0,0,0,5,100,661,1765,1859,4390,0.0,0.0,0.0,0.001138952164009,0.022779043280182,0.150569476082005,0.402050113895216,0.423462414578588
5,291,0,0,0,7,106,621,1873,1778,4385,0.0,0.0,0.0,0.001596351197263,0.024173318129989,0.141619156214367,0.427137970353478,0.405473204104903
5,292,0,0,0,3,105,657,1895,1720,4380,0.0,0.0,0.0,0.000684931506849,0.023972602739726,0.15,0.432648401826484,0.392694063926941
5,293,0,0,0,8,87,693,1833,1754,4375,0.0,0.0,0.0,0.001828571428571,0.019885714285714,0.1584,0.418971428571429,0.400914285714286
5,294,0,0,0,6,97,667,1834,1766,4370,0.0,0.0,0.0,0.00137299771167,0.022196796338673,0.152631578947368,0.419679633867277,0.404118993135011
5,295,0,0,0,4,99,662,1826,1774,4365,0.0,0.0,0.0,0.000916380297824,0.022680412371134,0.151660939289805,0.418327605956472,0.406414662084765
5,296,0,0,0,3,97,644,1932,1684,4360,0.0,0.0,0.0,0.000688073394495,0.022247706422018,0.147706422018349,0.443119266055046,0.386238532110092
5,297,0,0,0,5,106,657,1847,1740,4355,0.0,0.0,0.0,0.001148105625718,0.024339839265212,0.150861079219288,0.424110218140069,0.399540757749713
5,298,0,0,0,8,119,626,1819,1778,4350,0.0,0.0,0.0,0.00183908045977,0.02735632183908,0.143908045977011,0.41816091954023,0.408735632183908
5,299,0,0,0,6,94,699,1841,1705,4345,0.0,0.0,0.0,0.001380897583429,0.021634062140391,0.160874568469505,0.423705408515535,0.392405063291139
5,300,0,0,0,6,87,670,1862,1715,4340,0.0,0.0,0.0,0.001382488479263,0.020046082949309,0.154377880184332,0.429032258064516,0.395161290322581
5,301,0,0,0,4,120,727,1742,1742,4335,0.0,0.0,0.0,0.000922722029988,0.027681660899654,0.167704728950404,0.401845444059977,0.401845444059977
5,302,0,0,0,3,96,650,1860,1721,4330,0.0,0.0,0.0,0.000692840646651,0.022170900692841,0.150115473441109,0.429561200923788,0.397459584295612
5,303,0,0,0,5,104,611,1864,1741,4325,0.0,0.0,0.0,0.001156069364162,0.024046242774566,0.141271676300578,0.430982658959538,0.402543352601156
5,304,0,0,1,5,103,686,1807,1718,4320,0.0,0.0,0.000231481481481,0.001157407407407,0.023842592592593,0.158796296296296,0.418287037037037,0.397685185185185
5,305,0,0,1,10,113,626,1778,1787,4315,0.0,0.0,0.000231749710313,0.002317497103129,0.026187717265353,0.145075318655852,0.412050984936269,0.414136732329085
5,306,0,0,0,7,98,682,1778,1745,4310,0.0,0.0,0.0,0.001624129930394,0.022737819025522,0.158236658932715,0.412529002320186,0.404872389791183
5,307,0,0,0,6,122,629,1840,1708,4305,0.0,0.0,0.0,0.001393728222997,0.028339140534262,0.146109175377468,0.427409988385598,0.396747967479675
5,308,0,0,0,6,98,595,1906,1695,4300,0.0,0.0,0.0,0.001395348837209,0.022790697674419,0.138372093023256,0.443255813953488,0.394186046511628
5,309,0,0,0,5,100,662,1815,1713,4295,0.0,0.0,0.0,0.0011641443539,0.023282887077998,0.154132712456345,0.422584400465658,0.3988358556461
5,310,0,0,0,3,110,676,1842,1659,4290,0.0,0.0,0.0,0.000699300699301,0.025641025641026,0.157575757575758,0.429370629370629,0.386713286713287
5,311,0,0,1,8,91,569,1787,1829,4285,0.0,0.0,0.000233372228705,0.001866977829638,0.021236872812135,0.132788798133022,0.417036172695449,0.42683780630105
5,312,0,0,0,3,89,697,1780,1711,4280,0.0,0.0,0.0,0.000700934579439,0.020794392523364,0.16285046728972,0.41588785046729,0.399766355140187
5,313,0,0,0,5,99,637,1829,1705,4275,0.0,0.0,0.0,0.001169590643275,0.023157894736842,0.149005847953216,0.427836257309942,0.398830409356725
5,314,0,0,0,6,95,654,1796,1719,4270,0.0,0.0,0.0,0.001405152224824,0.022248243559719,0.153161592505855,0.420608899297424,0.402576112412178
5,315,0,0,0,5,92,712,1736,1720,4265,0.0,0.0,0.0,0.001172332942556,0.021570926143025,0.16694021101993,0.407033997655334,0.403282532239156
5,316,0,0,0,7,87,627,1795,1744,4260,0.0,0.0,0.0,0.001643192488263,0.020422535211268,0.147183098591549,0.421361502347418,0.409389671361502
5,317,0,0,1,8,89,673,1780,1704,4255,0.0,0.0,0.000235017626322,0.001880141010576,0.020916568742656,0.158166862514689,0.418331374853114,0.400470035252644
5,318,0,0,0,3,99,694,1753,1701,4250,0.0,0.0,0.0,0.000705882352941,0.023294117647059,0.163294117647059,0.412470588235294,0.400235294117647
5,319,0,0,0,8,89,680,1733,1735,4245,0.0,0.0,0.0,0.00188457008245,0.020965842167256,0.160188457008245,0.408244994110719,0.408716136631331
5,320,0,0,0,4,100,637,1849,1650,4240,0.0,0.0,0.0,0.000943396226415,0.023584905660377,0.150235849056604,0.436084905660377,0.389150943396226
5,321,0,0,0,7,105,625,1857,1641,4235,0.0,0.0,0.0,0.001652892561983,0.024793388429752,0.147579693034238,0.438488783943329,0.387485242030697
5,322,0,0,0,11,115,663,1833,1608,4230,0.0,0.0,0.0,0.002600472813239,0.027186761229314,0.156737588652482,0.433333333333333,0.380141843971631
5,323,0,0,0,8,76,654,1756,1731,4225,0.0,0.0,0.0,0.00189349112426,0.017988165680473,0.154792899408284,0.415621301775148,0.409704142011834
5,324,0,0,0,7,94,646,1733,1740,4220,0.0,0.0,0.0,0.001658767772512,0.022274881516588,0.153080568720379,0.410663507109005,0.412322274881517
5,325,0,0,0,1,111,662,1755,1686,4215,0.0,0.0,0.0,0.000237247924081,0.026334519572954,0.1570581257414,0.416370106761566,0.4
5,326,0,0,0,3,92,647,1788,1680,4210,0.0,0.0,0.0,0.000712589073634,0.021852731591449,0.153681710213777,0.424703087885986,0.399049881235154
5,327,0,0,0,10,90,659,1810,1636,4205,0.0,0.0,0.0,0.002378121284185,0.021403091557669,0.156718192627824,0.430439952437574,0.389060642092747
5,328,0,0,0,9,105,608,1758,1720,4200,0.0,0.0,0.0,0.002142857142857,0.025,0.144761904761905,0.418571428571429,0.40952380952381
5,329,0,0,0,0,102,657,1737,1699,4195,0.0,0.0,0.0,0.0,0.024314660309893,0.156615017878427,0.414064362336114,0.405005959475566
5,330,0,0,0,9,90,625,1827,1639,4190,0.0,0.0,0.0,0.002147971360382,0.021479713603819,0.149164677804296,0.436038186157518,0.391169451073986
5,331,0,0,1,8,94,596,1749,1737,4185,0.0,0.0,0.000238948626045,0.001911589008363,0.022461170848268,0.142413381123059,0.417921146953405,0.41505376344086
5,332,0,0,0,5,76,639,1746,1714,4180,0.0,0.0,0.0,0.001196172248804,0.018181818181818,0.152870813397129,0.417703349282297,0.410047846889952
5,333,0,0,0,4,109,599,1795,1668,4175,0.0,0.0,0.0,0.000958083832335,0.026107784431138,0.143473053892216,0.429940119760479,0.399520958083832
5,334,0,0,0,6,96,633,1737,1698,4170,0.0,0.0,0.0,0.001438848920863,0.023021582733813,0.151798561151079,0.416546762589928,0.407194244604317
5,335,0,0,0,7,87,614,1794,1663,4165,0.0,0.0,0.0,0.001680672268908,0.020888355342137,0.147418967587035,0.430732292917167,0.399279711884754
5,336,0,0,0,8,88,637,1806,1621,4160,0.0,0.0,0.0,0.001923076923077,0.021153846153846,0.153125,0.434134615384615,0.389663461538462
5,337,0,0,0,4,94,605,1784,1668,4155,0.0,0.0,0.0,0.000962695547533,0.022623345367028,0.14560770156438,0.429362214199759,0.4014440433213
5,338,0,0,0,3,93,628,1741,1685,4150,0.0,0.0,0.0,0.000722891566265,0.022409638554217,0.151325301204819,0.419518072289157,0.406024096385542
5,339,0,0,0,6,108,606,1747,1678,4145,0.0,0.0,0.0,0.001447527141134,0.02605548854041,0.146200241254524,0.421471652593486,0.404825090470446
5,340,0,0,0,3,92,623,1745,1677,4140,0.0,0.0,0.0,0.000724637681159,0.022222222222222,0.15048309178744,0.421497584541063,0.405072463768116
5,341,0,0,0,5,107,612,1757,1654,4135,0.0,0.0,0.0,0.001209189842805,0.025876662636034,0.148004836759371,0.42490931076179,0.4
5,342,0,0,0,5,90,598,1769,1668,4130,0.0,0.0,0.0,0.001210653753027,0.021791767554479,0.144794188861985,0.428329297820823,0.403874092009685
5,343,0,0,0,4,94,614,1773,1640,4125,0.0,0.0,0.0,0.000969696969697,0.022787878787879,0.148848484848485,0.429818181818182,0.397575757575758
5,344,0,0,1,7,72,638,1812,1590,4120,0.0,0.0,0.000242718446602,0.001699029126214,0.01747572815534,0.154854368932039,0.439805825242718,0.385922330097087
5,345,0,0,0,7,91,634,1746,1637,4115,0.0,0.0,0.0,0.001701093560146,0.022114216281896,0.154070473876063,0.424301336573512,0.397812879708384
5,346,0,0,0,4,81,612,1722,1691,4110,0.0,0.0,0.0,0.000973236009732,0.01970802919708,0.148905109489051,0.418978102189781,0.411435523114355
5,347,0,0,0,7,91,609,1732,1666,4105,0.0,0.0,0.0,0.001705237515225,0.022168087697929,0.148355663824604,0.421924482338611,0.40584652862363
5,348,0,0,0,4,121,610,1748,1617,4100,0.0,0.0,0.0,0.000975609756098,0.029512195121951,0.148780487804878,0.426341463414634,0.394390243902439
5,349,0,0,0,5,96,616,1755,1623,4095,0.0,0.0,0.0,0.001221001221001,0.023443223443223,0.15042735042735,0.428571428571429,0.396336996336996
5,350,0,0,0,4,85,618,1763,1620,4090,0.0,0.0,0.0,0.000977995110024,0.02078239608802,0.151100244498778,0.431051344743276,0.396088019559902
5,351,0,0,0,7,91,600,1812,1575,4085,0.0,0.0,0.0,0.00171358629131,0.022276621787026,0.1468788249694,0.443574051407589,0.385556915544676
5,352,0,0,0,6,85,617,1746,1626,4080,0.0,0.0,0.0,0.001470588235294,0.020833333333333,0.151225490196078,0.427941176470588,0.398529411764706
5,353,0,0,0,3,99,632,1726,1615,4075,0.0,0.0,0.0,0.000736196319018,0.024294478527607,0.155092024539877,0.423558282208589,0.396319018404908
5,354,0,0,0,7,88,595,1714,1666,4070,0.0,0.0,0.0,0.001719901719902,0.021621621621622,0.146191646191646,0.421130221130221,0.409336609336609
5,355,0,0,0,2,119,629,1691,1624,4065,0.0,0.0,0.0,0.000492004920049,0.029274292742927,0.154735547355474,0.415990159901599,0.399507995079951
5,356,0,0,0,5,88,627,1695,1645,4060,0.0,0.0,0.0,0.001231527093596,0.021674876847291,0.154433497536946,0.417487684729064,0.405172413793103
5,357,0,0,0,9,96,608,1722,1620,4055,0.0,0.0,0.0,0.002219482120838,0.02367447595561,0.149938347718866,0.424660912453761,0.399506781750925
5,358,0,0,1,2,101,588,1787,1571,4050,0.0,0.0,0.000246913580247,0.000493827160494,0.024938271604938,0.145185185185185,0.441234567901235,0.387901234567901
5,359,0,0,0,4,101,611,1718,1611,4045,0.0,0.0,0.0,0.000988875154512,0.024969097651422,0.151050679851669,0.424721878862794,0.398269468479604
5,360,0,0,0,7,80,633,1732,1588,4040,0.0,0.0,0.0,0.001732673267327,0.01980198019802,0.156683168316832,0.428712871287129,0.393069306930693
5,361,0,0,0,10,88,560,1721,1656,4035,0.0,0.0,0.0,0.002478314745973,0.02180916976456,0.138785625774473,0.426517967781908,0.410408921933085
5,362,0,0,0,4,99,609,1716,1602,4030,0.0,0.0,0.0,0.000992555831266,0.024565756823821,0.151116625310174,0.425806451612903,0.397518610421836
5,363,0,0,0,4,88,637,1692,1604,4025,0.0,0.0,0.0,0.000993788819876,0.021863354037267,0.158260869565217,0.420372670807453,0.398509316770186
5,364,0,0,0,1,92,615,1707,1605,4020,0.0,0.0,0.0,0.000248756218905,0.022885572139303,0.152985074626866,0.424626865671642,0.399253731343284
5,365,0,0,0,4,75,620,1692,1624,4015,0.0,0.0,0.0,0.000996264009963,0.0186799501868,0.154420921544209,0.421419676214197,0.404483188044832
5,366,0,0,0,4,86,624,1750,1546,4010,0.0,0.0,0.0,0.000997506234414,0.0214463840399,0.155610972568579,0.43640897755611,0.385536159600998
5,367,0,0,0,8,94,579,1720,1604,4005,0.0,0.0,0.0,0.001997503121099,0.023470661672909,0.144569288389513,0.429463171036205,0.400499375780275
5,368,0,0,0,5,92,611,1674,1618,4000,0.0,0.0,0.0,0.00125,0.023,0.15275,0.4185,0.4045
5,369,0,0,0,6,80,592,1643,1674,3995,0.0,0.0,0.0,0.001501877346683,0.020025031289111,0.148185231539424,0.411264080100125,0.419023779724656
5,370,0,0,0,7,106,588,1704,1585,3990,0.0,0.0,0.0,0.001754385964912,0.0265664160401,0.147368421052632,0.427067669172932,0.397243107769424
5,371,0,0,0,4,96,623,1675,1587,3985,0.0,0.0,0.0,0.001003764115433,0.024090338770389,0.15633626097867,0.420326223337516,0.398243412797992
5,372,0,0,0,5,80,580,1733,1582,3980,0.0,0.0,0.0,0.001256281407035,0.020100502512563,0.14572864321608,0.435427135678392,0.39748743718593
5,373,0,0,0,6,97,586,1652,1634,3975,0.0,0.0,0.0,0.001509433962264,0.02440251572327,0.147421383647799,0.41559748427673,0.411069182389937
5,374,0,0,0,2,92,632,1684,1560,3970,0.0,0.0,0.0,0.000503778337531,0.023173803526448,0.15919395465995,0.424181360201511,0.392947103274559
5,375,0,0,0,2,90,626,1701,1546,3965,0.0,0.0,0.0,0.000504413619168,0.022698612862547,0.157881462799496,0.429003783102144,0.389911727616646
5,376,0,0,0,11,80,583,1658,1628,3960,0.0,0.0,0.0,0.002777777777778,0.02020202020202,0.147222222222222,0.418686868686869,0.411111111111111
5,377,0,0,0,5,88,611,1673,1578,3955,0.0,0.0,0.0,0.001264222503161,0.022250316055626,0.15448798988622,0.423008849557522,0.398988621997472
5,378,0,0,0,6,86,571,1664,1623,3950,0.0,0.0,0.0,0.001518987341772,0.021772151898734,0.144556962025316,0.42126582278481,0.410886075949367
5,379,0,0,0,5,79,620,1692,1549,3945,0.0,0.0,0.0,0.00126742712294,0.020025348542459,0.157160963244613,0.428897338403042,0.392648922686946
5,380,0,0,0,6,84,673,1616,1561,3940,0.0,0.0,0.0,0.001522842639594,0.021319796954315,0.170812182741117,0.410152284263959,0.396192893401015
5,381,0,0,0,6,88,594,1707,1540,3935,0.0,0.0,0.0,0.001524777636595,0.022363405336722,0.150952986022872,0.433799237611182,0.39135959339263
5,382,0,0,0,3,103,642,1594,1588,3930,0.0,0.0,0.0,0.000763358778626,0.026208651399491,0.163358778625954,0.40559796437659,0.404071246819338
5,383,0,0,0,6,97,535,1656,1631,3925,0.0,0.0,0.0,0.001528662420382,0.024713375796178,0.136305732484076,0.421910828025478,0.415541401273885
5,384,0,0,0,9,101,602,1645,1563,3920,0.0,0.0,0.0,0.002295918367347,0.025765306122449,0.153571428571429,0.419642857142857,0.398724489795918
5,385,0,0,0,4,99,577,1646,1589,3915,0.0,0.0,0.0,0.001021711366539,0.025287356321839,0.147381864623244,0.420434227330779,0.405874840357599
5,386,0,0,0,6,80,633,1632,1559,3910,0.0,0.0,0.0,0.00153452685422,0.020460358056266,0.161892583120205,0.417391304347826,0.398721227621483
5,387,0,0,0,6,89,628,1647,1535,3905,0.0,0.0,0.0,0.001536491677337,0.022791293213828,0.160819462227913,0.421766965428937,0.393085787451985
5,388,0,0,0,5,78,627,1653,1537,3900,0.0,0.0,0.0,0.001282051282051,0.02,0.160769230769231,0.423846153846154,0.394102564102564
5,389,0,0,0,4,84,571,1699,1537,3895,0.0,0.0,0.0,0.001026957637997,0.021566110397946,0.146598202824133,0.436200256739409,0.394608472400513
5,390,0,0,0,5,90,567,1661,1567,3890,0.0,0.0,0.0,0.001285347043702,0.023136246786632,0.145758354755784,0.426992287917738,0.402827763496144
5,391,0,0,0,3,87,577,1662,1556,3885,0.0,0.0,0.0,0.000772200772201,0.022393822393822,0.148519948519949,0.427799227799228,0.400514800514801
5,392,0,0,0,11,86,598,1673,1512,3880,0.0,0.0,0.0,0.002835051546392,0.022164948453608,0.154123711340206,0.431185567010309,0.389690721649485
5,393,0,0,0,7,73,602,1627,1566,3875,0.0,0.0,0.0,0.001806451612903,0.018838709677419,0.155354838709677,0.419870967741935,0.404129032258065
5,394,0,0,0,4,101,552,1641,1572,3870,0.0,0.0,0.0,0.001033591731266,0.02609819121447,0.142635658914729,0.424031007751938,0.406201550387597
5,395,0,0,0,4,92,601,1605,1563,3865,0.0,0.0,0.0,0.001034928848642,0.023803363518758,0.155498059508409,0.415265200517464,0.404398447606727
5,396,0,0,0,4,87,561,1682,1526,3860,0.0,0.0,0.0,0.001036269430052,0.022538860103627,0.145336787564767,0.435751295336788,0.395336787564767
5,397,0,0,0,5,85,613,1595,1557,3855,0.0,0.0,0.0,0.001297016861219,0.022049286640726,0.159014267185473,0.413748378728923,0.403891050583658
5,398,0,0,1,3,99,564,1660,1523,3850,0.0,0.0,0.00025974025974,0.000779220779221,0.025714285714286,0.146493506493506,0.431168831168831,0.395584415584416
5,399,0,0,0,6,97,569,1674,1499,3845,0.0,0.0,0.0,0.001560468140442,0.025227568270481,0.147984395318596,0.435370611183355,0.389856957087126
5,400,0,0,1,4,71,553,1619,1592,3840,0.0,0.0,0.000260416666667,0.001041666666667,0.018489583333333,0.144010416666667,0.421614583333333,0.414583333333333
5,401,0,0,0,5,99,551,1588,1592,3835,0.0,0.0,0.0,0.001303780964798,0.025814863102999,0.14367666232073,0.414080834419817,0.415123859191656
5,402,0,0,0,1,88,586,1611,1544,3830,0.0,0.0,0.0,0.000261096605744,0.022976501305483,0.153002610966057,0.420626631853786,0.40313315926893
5,403,0,0,0,5,80,576,1585,1579,3825,0.0,0.0,0.0,0.001307189542484,0.020915032679739,0.150588235294118,0.41437908496732,0.41281045751634
5,404,0,0,0,8,92,561,1604,1555,3820,0.0,0.0,0.0,0.002094240837696,0.024083769633508,0.146858638743456,0.419895287958115,0.407068062827225
5,405,0,0,0,3,91,542,1613,1566,3815,0.0,0.0,0.0,0.000786369593709,0.023853211009174,0.142070773263434,0.422804718217562,0.410484927916121
5,406,0,0,0,7,102,609,1633,1459,3810,0.0,0.0,0.0,0.001837270341207,0.026771653543307,0.159842519685039,0.428608923884514,0.382939632545932
5,407,0,0,0,6,84,599,1565,1551,3805,0.0,0.0,0.0,0.001576872536137,0.022076215505913,0.15742444152431,0.411300919842313,0.407621550591327
5,408,0,0,0,5,96,533,1616,1550,3800,0.0,0.0,0.0,0.001315789473684,0.025263157894737,0.140263157894737,0.425263157894737,0.407894736842105
5,409,0,0,0,4,93,556,1619,1523,3795,0.0,0.0,0.0,0.001054018445323,0.024505928853755,0.146508563899868,0.426613965744401,0.401317523056653
5,410,0,0,0,7,93,564,1600,1526,3790,0.0,0.0,0.0,0.001846965699208,0.024538258575198,0.148812664907652,0.422163588390501,0.402638522427441
5,411,0,0,0,6,89,564,1596,1530,3785,0.0,0.0,0.0,0.001585204755614,0.023513870541612,0.149009247027741,0.421664464993395,0.404227212681638
5,412,0,0,0,6,81,572,1611,1510,3780,0.0,0.0,0.0,0.001587301587302,0.021428571428571,0.151322751322751,0.426190476190476,0.399470899470899
5,413,0,0,0,8,86,591,1597,1493,3775,0.0,0.0,0.0,0.002119205298013,0.022781456953642,0.156556291390728,0.423046357615894,0.395496688741722
5,414,0,0,0,5,80,563,1609,1513,3770,0.0,0.0,0.0,0.00132625994695,0.021220159151194,0.149336870026525,0.426790450928382,0.40132625994695
5,415,0,0,0,7,85,528,1593,1552,3765,0.0,0.0,0.0,0.001859229747676,0.02257636122178,0.140239043824701,0.423107569721116,0.412217795484728
5,416,0,0,0,12,90,579,1581,1498,3760,0.0,0.0,0.0,0.003191489361702,0.023936170212766,0.153989361702128,0.420478723404255,0.398404255319149
5,417,0,0,0,4,97,592,1566,1496,3755,0.0,0.0,0.0,0.001065246338216,0.025832223701731,0.157656458055925,0.417043941411451,0.398402130492676
5,418,0,0,0,5,79,585,1585,1496,3750,0.0,0.0,0.0,0.001333333333333,0.021066666666667,0.156,0.422666666666667,0.398933333333333
5,419,0,0,0,10,80,578,1603,1474,3745,0.0,0.0,0.0,0.002670226969292,0.021361815754339,0.1543391188251,0.42803738317757,0.393591455273698
5,420,0,0,0,5,100,530,1567,1538,3740,0.0,0.0,0.0,0.001336898395722,0.026737967914439,0.141711229946524,0.418983957219251,0.411229946524064
5,421,0,0,0,7,84,548,1569,1527,3735,0.0,0.0,0.0,0.001874163319946,0.022489959839357,0.146720214190094,0.420080321285141,0.408835341365462
5,422,0,0,0,4,84,533,1627,1482,3730,0.0,0.0,0.0,0.001072386058981,0.022520107238606,0.142895442359249,0.436193029490617,0.397319034852547
5,423,0,0,1,5,87,582,1628,1422,3725,0.0,0.0,0.000268456375839,0.001342281879195,0.023355704697987,0.156241610738255,0.437046979865772,0.381744966442953
5,424,0,0,0,7,79,549,1603,1482,3720,0.0,0.0,0.0,0.001881720430108,0.021236559139785,0.14758064516129,0.430913978494624,0.398387096774194
5,425,0,0,0,3,81,551,1626,1454,3715,0.0,0.0,0.0,0.000807537012113,0.021803499327052,0.148317631224764,0.437685060565276,0.391386271870794
5,426,0,0,0,5,94,550,1619,1442,3710,0.0,0.0,0.0,0.001347708894879,0.02533692722372,0.148247978436658,0.436388140161725,0.388679245283019
5,427,0,0,0,8,80,541,1543,1533,3705,0.0,0.0,0.0,0.002159244264507,0.021592442645074,0.146018893387314,0.416464237516869,0.413765182186235
5,428,0,0,0,3,92,561,1507,1537,3700,0.0,0.0,0.0,0.000810810810811,0.024864864864865,0.151621621621622,0.407297297297297,0.415405405405405
5,429,0,0,0,8,79,584,1585,1439,3695,0.0,0.0,0.0,0.002165087956698,0.021380243572395,0.158051420838972,0.428958051420839,0.389445196211096
5,430,0,0,0,4,74,552,1563,1497,3690,0.0,0.0,0.0,0.001084010840108,0.020054200542005,0.149593495934959,0.423577235772358,0.405691056910569
5,431,0,0,0,6,82,551,1567,1479,3685,0.0,0.0,0.0,0.001628222523745,0.02225237449118,0.149525101763908,0.425237449118046,0.401356852103121
5,432,0,0,0,6,81,546,1573,1474,3680,0.0,0.0,0.0,0.001630434782609,0.022010869565217,0.148369565217391,0.427445652173913,0.40054347826087
5,433,0,0,0,6,82,559,1559,1469,3675,0.0,0.0,0.0,0.001632653061224,0.022312925170068,0.152108843537415,0.42421768707483,0.399727891156463
5,434,0,0,0,4,54,569,1570,1473,3670,0.0,0.0,0.0,0.001089918256131,0.014713896457766,0.155040871934605,0.427792915531335,0.401362397820163
5,435,0,0,0,6,89,561,1541,1468,3665,0.0,0.0,0.0,0.001637107776262,0.024283765347885,0.153069577080491,0.420463847203274,0.400545702592087
5,436,0,0,0,4,77,580,1575,1424,3660,0.0,0.0,0.0,0.001092896174863,0.02103825136612,0.158469945355191,0.430327868852459,0.389071038251366
5,437,0,0,0,4,70,559,1565,1457,3655,0.0,0.0,0.0,0.00109439124487,0.019151846785226,0.152941176470588,0.428180574555404,0.398632010943912
5,438,0,0,0,3,85,579,1501,1482,3650,0.0,0.0,0.0,0.000821917808219,0.023287671232877,0.158630136986301,0.411232876712329,0.406027397260274
5,439,0,0,0,5,70,583,1543,1444,3645,0.0,0.0,0.0,0.001371742112483,0.01920438957476,0.159945130315501,0.423319615912209,0.396159122085048
5,440,0,0,0,3,81,546,1557,1453,3640,0.0,0.0,0.0,0.000824175824176,0.022252747252747,0.15,0.427747252747253,0.399175824175824
5,441,0,0,0,4,90,546,1519,1476,3635,0.0,0.0,0.0,0.001100412654746,0.024759284731774,0.150206327372765,0.417881705639615,0.4060522696011
5,442,0,0,0,4,85,557,1547,1437,3630,0.0,0.0,0.0,0.001101928374656,0.023415977961433,0.153443526170799,0.426170798898072,0.395867768595041
5,443,0,0,0,5,86,584,1547,1403,3625,0.0,0.0,0.0,0.001379310344828,0.023724137931034,0.161103448275862,0.426758620689655,0.387034482758621
5,444,0,0,0,3,105,555,1489,1468,3620,0.0,0.0,0.0,0.000828729281768,0.029005524861878,0.153314917127072,0.411325966850829,0.405524861878453
5,445,0,0,0,10,78,561,1464,1502,3615,0.0,0.0,0.0,0.002766251728907,0.021576763485477,0.155186721991701,0.404979253112033,0.415491009681881
5,446,0,0,0,3,81,555,1515,1456,3610,0.0,0.0,0.0,0.000831024930748,0.022437673130194,0.153739612188366,0.419667590027701,0.403324099722992
5,447,0,0,1,2,94,571,1517,1420,3605,0.0,0.0,0.000277392510402,0.000554785020804,0.026074895977809,0.158391123439667,0.420804438280166,0.393897364771151
5,448,0,0,0,3,92,545,1529,1431,3600,0.0,0.0,0.0,0.000833333333333,0.025555555555556,0.151388888888889,0.424722222222222,0.3975
5,449,0,0,0,8,91,533,1511,1452,3595,0.0,0.0,0.0,0.002225312934631,0.025312934631433,0.148261474269819,0.420305980528512,0.403894297635605
5,450,0,0,0,2,83,528,1513,1464,3590,0.0,0.0,0.0,0.000557103064067,0.023119777158774,0.147075208913649,0.421448467966574,0.407799442896936
5,451,0,0,0,4,80,562,1502,1437,3585,0.0,0.0,0.0,0.001115760111576,0.02231520223152,0.15676429567643,0.418967921896792,0.400836820083682
5,452,0,0,0,4,74,547,1492,1463,3580,0.0,0.0,0.0,0.001117318435754,0.020670391061453,0.152793296089385,0.416759776536313,0.408659217877095
5,453,0,0,0,4,60,537,1530,1444,3575,0.0,0.0,0.0,0.001118881118881,0.016783216783217,0.15020979020979,0.427972027972028,0.403916083916084
5,454,0,0,0,5,72,560,1531,1402,3570,0.0,0.0,0.0,0.00140056022409,0.020168067226891,0.156862745098039,0.428851540616246,0.392717086834734
5,455,0,0,0,8,69,564,1483,1441,3565,0.0,0.0,0.0,0.002244039270687,0.019354838709677,0.15820476858345,0.415988779803647,0.404207573632539
5,456,0,0,0,5,82,500,1497,1476,3560,0.0,0.0,0.0,0.001404494382022,0.023033707865169,0.140449438202247,0.420505617977528,0.414606741573034
5,457,0,0,0,3,69,538,1525,1420,3555,0.0,0.0,0.0,0.00084388185654,0.019409282700422,0.151336146272855,0.428973277074543,0.39943741209564
5,458,0,0,0,7,101,523,1561,1358,3550,0.0,0.0,0.0,0.001971830985915,0.028450704225352,0.147323943661972,0.439718309859155,0.382535211267606
5,459,0,0,0,3,93,518,1542,1389,3545,0.0,0.0,0.0,0.000846262341326,0.0262341325811,0.146121297602257,0.434978843441467,0.39181946403385
5,460,0,0,0,1,71,556,1485,1427,3540,0.0,0.0,0.0,0.000282485875706,0.020056497175141,0.157062146892655,0.419491525423729,0.403107344632768
5,461,0,0,0,3,70,495,1572,1395,3535,0.0,0.0,0.0,0.000848656294201,0.01980198019802,0.14002828854314,0.444695898161245,0.394625176803395
5,462,0,0,1,4,91,535,1508,1391,3530,0.0,0.0,0.00028328611898,0.001133144475921,0.025779036827195,0.151558073654391,0.427195467422096,0.394050991501416
5,463,0,0,0,3,92,521,1512,1397,3525,0.0,0.0,0.0,0.000851063829787,0.026099290780142,0.147801418439716,0.428936170212766,0.396312056737589
5,464,0,0,0,7,95,521,1498,1399,3520,0.0,0.0,0.0,0.001988636363636,0.026988636363636,0.148011363636364,0.425568181818182,0.397443181818182
5,465,0,0,0,2,65,516,1502,1430,3515,0.0,0.0,0.0,0.000568990042674,0.018492176386913,0.146799431009957,0.427311522048364,0.406827880512091
5,466,0,0,0,4,79,541,1509,1377,3510,0.0,0.0,0.0,0.001139601139601,0.022507122507123,0.154131054131054,0.42991452991453,0.392307692307692
5,467,0,0,0,3,70,511,1462,1459,3505,0.0,0.0,0.0,0.000855920114123,0.019971469329529,0.145791726105563,0.417118402282454,0.416262482168331
5,468,0,0,0,4,76,536,1468,1416,3500,0.0,0.0,0.0,0.001142857142857,0.021714285714286,0.153142857142857,0.419428571428571,0.404571428571429
5,469,0,0,0,7,74,550,1480,1384,3495,0.0,0.0,0.0,0.002002861230329,0.021173104434907,0.157367668097282,0.42346208869814,0.395994277539342
5,470,0,0,0,6,71,505,1468,1440,3490,0.0,0.0,0.0,0.001719197707736,0.020343839541547,0.144699140401146,0.420630372492837,0.412607449856734
5,471,0,0,0,6,79,516,1477,1407,3485,0.0,0.0,0.0,0.001721664275466,0.022668579626973,0.1480631276901,0.423816355810617,0.403730272596844
5,472,0,0,0,7,65,541,1453,1414,3480,0.0,0.0,0.0,0.002011494252874,0.01867816091954,0.155459770114943,0.417528735632184,0.40632183908046
5,473,0,0,0,4,66,540,1471,1394,3475,0.0,0.0,0.0,0.001151079136691,0.018992805755396,0.155395683453237,0.423309352517986,0.401151079136691
5,474,0,0,0,2,84,546,1426,1412,3470,0.0,0.0,0.0,0.000576368876081,0.024207492795389,0.157348703170029,0.410951008645533,0.406916426512968
5,475,0,0,1,4,71,522,1474,1393,3465,0.0,0.0,0.0002886002886,0.001154401154401,0.02049062049062,0.150649350649351,0.425396825396825,0.402020202020202
5,476,0,0,0,4,88,491,1503,1374,3460,0.0,0.0,0.0,0.001156069364162,0.025433526011561,0.141907514450867,0.434393063583815,0.397109826589595
5,477,0,0,0,6,76,519,1456,1398,3455,0.0,0.0,0.0,0.001736613603473,0.021997105643994,0.150217076700434,0.421418234442836,0.404630969609262
5,478,0,0,0,3,83,543,1446,1375,3450,0.0,0.0,0.0,0.000869565217391,0.024057971014493,0.157391304347826,0.419130434782609,0.398550724637681
5,479,0,0,0,5,75,485,1465,1415,3445,0.0,0.0,0.0,0.001451378809869,0.021770682148041,0.140783744557329,0.425253991291727,0.410740203193033
5,480,0,0,0,7,87,501,1446,1399,3440,0.0,0.0,0.0,0.00203488372093,0.025290697674419,0.145639534883721,0.420348837209302,0.406686046511628
5,481,0,0,0,5,68,559,1452,1351,3435,0.0,0.0,0.0,0.001455604075691,0.019796215429403,0.1627365356623,0.422707423580786,0.39330422125182
5,482,0,0,0,3,79,501,1500,1347,3430,0.0,0.0,0.0,0.000874635568513,0.023032069970845,0.146064139941691,0.43731778425656,0.392711370262391
5,483,0,0,0,4,90,545,1408,1378,3425,0.0,0.0,0.0,0.001167883211679,0.026277372262774,0.159124087591241,0.411094890510949,0.402335766423358
5,484,0,0,0,5,73,526,1445,1371,3420,0.0,0.0,0.0,0.001461988304094,0.021345029239766,0.153801169590643,0.422514619883041,0.400877192982456
5,485,0,0,0,7,72,499,1443,1394,3415,0.0,0.0,0.0,0.002049780380673,0.02108345534407,0.146120058565154,0.422547584187409,0.408199121522694
5,486,0,0,0,6,79,528,1470,1327,3410,0.0,0.0,0.0,0.001759530791789,0.02316715542522,0.154838709677419,0.43108504398827,0.389149560117302
5,487,0,0,0,6,77,514,1449,1359,3405,0.0,0.0,0.0,0.001762114537445,0.022613803230543,0.150954478707783,0.425550660792952,0.399118942731278
5,488,0,0,0,12,63,511,1432,1382,3400,0.0,0.0,0.0,0.003529411764706,0.018529411764706,0.150294117647059,0.421176470588235,0.406470588235294
5,489,0,0,0,6,73,513,1411,1392,3395,0.0,0.0,0.0,0.001767304860088,0.021502209131075,0.151104565537555,0.415611192930781,0.410014727540501
5,490,0,0,0,3,85,506,1455,1341,3390,0.0,0.0,0.0,0.000884955752212,0.025073746312684,0.149262536873156,0.429203539823009,0.395575221238938
5,491,0,0,0,5,70,500,1466,1344,3385,0.0,0.0,0.0,0.001477104874446,0.020679468242245,0.147710487444609,0.433087149187592,0.397045790251108
5,492,0,0,0,4,77,534,1424,1341,3380,0.0,0.0,0.0,0.001183431952663,0.022781065088757,0.157988165680473,0.421301775147929,0.396745562130178
5,493,0,0,0,9,80,522,1403,1361,3375,0.0,0.0,0.0,0.002666666666667,0.023703703703704,0.154666666666667,0.415703703703704,0.403259259259259
5,494,0,0,0,7,87,529,1388,1359,3370,0.0,0.0,0.0,0.002077151335312,0.025816023738872,0.156973293768546,0.41186943620178,0.40326409495549
5,495,0,0,0,7,70,539,1425,1324,3365,0.0,0.0,0.0,0.002080237741456,0.020802377414562,0.160178306092125,0.423476968796434,0.393462109955423
5,496,0,0,0,4,52,536,1425,1343,3360,0.0,0.0,0.0,0.001190476190476,0.01547619047619,0.15952380952381,0.424107142857143,0.399702380952381
5,497,0,0,0,10,76,512,1450,1307,3355,0.0,0.0,0.0,0.002980625931446,0.022652757078987,0.152608047690015,0.432190760059613,0.38956780923994
5,498,0,0,0,6,84,524,1395,1341,3350,0.0,0.0,0.0,0.001791044776119,0.025074626865672,0.156417910447761,0.416417910447761,0.400298507462687
5,499,0,0,2,8,58,479,1388,1410,3345,0.0,0.0,0.000597907324365,0.002391629297459,0.017339312406577,0.143198804185351,0.414947683109118,0.42152466367713
5,500,0,0,0,5,80,545,1400,1310,3340,0.0,0.0,0.0,0.001497005988024,0.023952095808383,0.163173652694611,0.419161676646707,0.392215568862275
5,501,0,0,0,4,69,490,1454,1318,3335,0.0,0.0,0.0,0.00119940029985,0.020689655172414,0.146926536731634,0.435982008995502,0.3952023988006
5,502,0,0,0,5,83,492,1390,1360,3330,0.0,0.0,0.0,0.001501501501502,0.024924924924925,0.147747747747748,0.417417417417417,0.408408408408408
5,503,0,0,0,3,72,511,1414,1325,3325,0.0,0.0,0.0,0.000902255639098,0.021654135338346,0.153684210526316,0.425263157894737,0.398496240601504
5,504,0,0,1,1,79,506,1365,1368,3320,0.0,0.0,0.000301204819277,0.000301204819277,0.023795180722892,0.152409638554217,0.411144578313253,0.412048192771084
5,505,0,0,0,2,82,529,1391,1311,3315,0.0,0.0,0.0,0.000603318250377,0.02473604826546,0.159577677224736,0.419607843137255,0.395475113122172
5,506,0,0,0,7,72,493,1439,1299,3310,0.0,0.0,0.0,0.002114803625378,0.021752265861027,0.148942598187311,0.434743202416918,0.392447129909366
5,507,0,0,0,3,67,489,1413,1333,3305,0.0,0.0,0.0,0.000907715582451,0.020272314674735,0.147957639939486,0.427534039334342,0.403328290468986
5,508,0,0,0,5,76,521,1392,1306,3300,0.0,0.0,0.0,0.001515151515152,0.023030303030303,0.157878787878788,0.421818181818182,0.395757575757576
5,509,0,0,0,10,85,506,1398,1296,3295,0.0,0.0,0.0,0.003034901365706,0.025796661608498,0.153566009104704,0.424279210925645,0.393323216995448
5,510,0,0,0,4,52,475,1394,1365,3290,0.0,0.0,0.0,0.001215805471125,0.01580547112462,0.144376899696049,0.42370820668693,0.414893617021277
5,511,0,0,0,3,74,509,1380,1319,3285,0.0,0.0,0.0,0.000913242009132,0.022526636225266,0.154946727549467,0.420091324200913,0.401522070015221
5,512,0,0,0,5,68,517,1425,1265,3280,0.0,0.0,0.0,0.001524390243902,0.020731707317073,0.157621951219512,0.434451219512195,0.385670731707317
5,513,0,0,0,1,81,490,1420,1283,3275,0.0,0.0,0.0,0.00030534351145,0.024732824427481,0.149618320610687,0.433587786259542,0.39175572519084
5,514,0,0,0,4,68,473,1421,1304,3270,0.0,0.0,0.0,0.001223241590214,0.020795107033639,0.144648318042813,0.434556574923547,0.398776758409786
5,515,0,0,1,5,81,514,1367,1297,3265,0.0,0.0,0.000306278713629,0.001531393568147,0.024808575803982,0.157427258805513,0.418683001531394,0.397243491577335
5,516,0,0,0,2,62,469,1391,1336,3260,0.0,0.0,0.0,0.000613496932515,0.019018404907975,0.143865030674847,0.426687116564417,0.409815950920245
5,517,0,0,0,5,79,474,1429,1268,3255,0.0,0.0,0.0,0.001536098310292,0.024270353302611,0.145622119815668,0.439016897081413,0.389554531490015
5,518,0,0,0,7,78,475,1414,1276,3250,0.0,0.0,0.0,0.002153846153846,0.024,0.146153846153846,0.435076923076923,0.392615384615385
5,519,0,0,0,4,68,514,1352,1307,3245,0.0,0.0,0.0,0.001232665639445,0.02095531587057,0.158397534668721,0.416640986132512,0.402773497688752
5,520,0,0,0,6,67,508,1384,1275,3240,0.0,0.0,0.0,0.001851851851852,0.020679012345679,0.15679012345679,0.42716049382716,0.393518518518519
5,521,0,0,0,6,77,504,1392,1256,3235,0.0,0.0,0.0,0.001854714064915,0.023802163833076,0.155795981452859,0.430293663060278,0.388253477588872
5,522,0,0,0,4,66,487,1376,1297,3230,0.0,0.0,0.0,0.001238390092879,0.020433436532508,0.15077399380805,0.426006191950464,0.401547987616099
5,523,0,0,0,4,79,477,1342,1323,3225,0.0,0.0,0.0,0.001240310077519,0.024496124031008,0.147906976744186,0.416124031007752,0.410232558139535
5,524,0,0,0,2,62,472,1406,1278,3220,0.0,0.0,0.0,0.000621118012422,0.019254658385093,0.146583850931677,0.436645962732919,0.396894409937888
5,525,0,0,0,6,80,502,1315,1312,3215,0.0,0.0,0.0,0.001866251944012,0.024883359253499,0.156143079315708,0.409020217729393,0.408087091757387
5,526,0,0,0,3,74,513,1319,1301,3210,0.0,0.0,0.0,0.000934579439252,0.023052959501558,0.15981308411215,0.410903426791277,0.405295950155763
5,527,0,0,0,5,70,495,1347,1288,3205,0.0,0.0,0.0,0.001560062402496,0.021840873634945,0.154446177847114,0.420280811232449,0.401872074882995
5,528,0,0,0,4,75,463,1362,1296,3200,0.0,0.0,0.0,0.00125,0.0234375,0.1446875,0.425625,0.405
5,529,0,0,0,3,67,484,1362,1279,3195,0.0,0.0,0.0,0.00093896713615,0.020970266040689,0.151486697965571,0.426291079812207,0.400312989045383
5,530,0,0,0,7,82,493,1347,1261,3190,0.0,0.0,0.0,0.002194357366771,0.025705329153605,0.154545454545455,0.422257053291536,0.395297805642633
5,531,0,0,0,4,67,496,1348,1270,3185,0.0,0.0,0.0,0.001255886970173,0.021036106750392,0.155729984301413,0.423233908948195,0.398744113029827
5,532,0,0,0,2,71,485,1374,1248,3180,0.0,0.0,0.0,0.00062893081761,0.022327044025157,0.15251572327044,0.432075471698113,0.392452830188679
5,533,0,0,0,3,72,436,1401,1263,3175,0.0,0.0,0.0,0.000944881889764,0.022677165354331,0.137322834645669,0.441259842519685,0.397795275590551
5,534,0,0,0,4,81,476,1336,1273,3170,0.0,0.0,0.0,0.001261829652997,0.025552050473186,0.150157728706625,0.421451104100946,0.401577287066246
5,535,0,0,0,4,75,482,1338,1266,3165,0.0,0.0,0.0,0.001263823064771,0.023696682464455,0.152290679304897,0.422748815165877,0.4
5,536,0,0,0,8,69,480,1313,1290,3160,0.0,0.0,0.0,0.00253164556962,0.021835443037975,0.151898734177215,0.415506329113924,0.408227848101266
5,537,0,0,1,4,76,488,1371,1215,3155,0.0,0.0,0.000316957210777,0.001267828843106,0.024088748019017,0.154675118858954,0.434548335974643,0.385103011093502
5,538,0,0,0,0,84,500,1345,1221,3150,0.0,0.0,0.0,0.0,0.026666666666667,0.158730158730159,0.426984126984127,0.387619047619048
5,539,0,0,0,6,55,490,1366,1228,3145,0.0,0.0,0.0,0.001907790143084,0.017488076311606,0.155802861685215,0.434340222575517,0.390461049284579
5,540,0,0,0,5,58,465,1336,1276,3140,0.0,0.0,0.0,0.001592356687898,0.018471337579618,0.148089171974522,0.425477707006369,0.406369426751592
5,541,0,0,0,8,65,451,1336,1275,3135,0.0,0.0,0.0,0.002551834130781,0.0207336523126,0.143859649122807,0.42615629984051,0.406698564593301
5,542,0,0,0,0,74,474,1330,1252,3130,0.0,0.0,0.0,0.0,0.023642172523962,0.151437699680511,0.424920127795527,0.4
5,543,0,0,0,3,63,477,1367,1215,3125,0.0,0.0,0.0,0.00096,0.02016,0.15264,0.43744,0.3888
5,544,0,0,0,2,63,468,1333,1254,3120,0.0,0.0,0.0,0.000641025641026,0.020192307692308,0.15,0.42724358974359,0.401923076923077
5,545,0,0,0,2,70,463,1320,1260,3115,0.0,0.0,0.0,0.000642054574639,0.02247191011236,0.148635634028892,0.423756019261637,0.404494382022472
5,546,0,0,0,5,63,501,1330,1211,3110,0.0,0.0,0.0,0.001607717041801,0.020257234726688,0.161093247588424,0.427652733118971,0.389389067524116
5,547,0,0,0,4,63,494,1351,1193,3105,0.0,0.0,0.0,0.001288244766506,0.020289855072464,0.159098228663446,0.435104669887279,0.384219001610306
5,548,0,0,0,1,84,491,1334,1190,3100,0.0,0.0,0.0,0.000322580645161,0.027096774193548,0.158387096774194,0.430322580645161,0.383870967741935
5,549,0,0,0,3,91,467,1344,1190,3095,0.0,0.0,0.0,0.000969305331179,0.029402261712439,0.150888529886914,0.434248788368336,0.384491114701131
5,550,0,0,0,6,74,466,1270,1274,3090,0.0,0.0,0.0,0.001941747572816,0.023948220064725,0.150809061488673,0.411003236245955,0.412297734627832
5,551,0,0,1,2,66,446,1283,1287,3085,0.0,0.0,0.00032414910859,0.00064829821718,0.021393841166937,0.144570502431118,0.415883306320908,0.417179902755267
5,552,0,0,0,5,78,491,1272,1234,3080,0.0,0.0,0.0,0.001623376623377,0.025324675324675,0.159415584415584,0.412987012987013,0.400649350649351
5,553,0,0,0,6,57,495,1294,1223,3075,0.0,0.0,0.0,0.001951219512195,0.018536585365854,0.160975609756098,0.420813008130081,0.397723577235772
5,554,0,0,0,2,65,441,1313,1249,3070,0.0,0.0,0.0,0.000651465798046,0.021172638436482,0.143648208469055,0.427687296416938,0.406840390879479
5,555,0,0,0,3,69,443,1316,1234,3065,0.0,0.0,0.0,0.000978792822186,0.022512234910277,0.144535073409462,0.429363784665579,0.402610114192496
5,556,0,0,0,6,84,447,1313,1210,3060,0.0,0.0,0.0,0.001960784313725,0.027450980392157,0.146078431372549,0.429084967320261,0.395424836601307
5,557,0,0,0,4,61,463,1298,1229,3055,0.0,0.0,0.0,0.001309328968903,0.019967266775777,0.151554828150573,0.424877250409165,0.402291325695581
5,558,0,0,1,4,54,476,1299,1216,3050,0.0,0.0,0.000327868852459,0.001311475409836,0.017704918032787,0.156065573770492,0.425901639344262,0.398688524590164
5,559,0,0,0,4,65,450,1318,1208,3045,0.0,0.0,0.0,0.001313628899836,0.021346469622332,0.147783251231527,0.432840722495895,0.396715927750411
5,560,0,0,1,4,55,469,1298,1213,3040,0.0,0.0,0.000328947368421,0.001315789473684,0.018092105263158,0.154276315789474,0.426973684210526,0.399013157894737
5,561,0,0,0,1,60,459,1325,1190,3035,0.0,0.0,0.0,0.000329489291598,0.019769357495881,0.151235584843493,0.436573311367381,0.392092257001647
5,562,0,0,0,6,55,463,1292,1214,3030,0.0,0.0,0.0,0.001980198019802,0.018151815181518,0.152805280528053,0.426402640264026,0.400660066006601
5,563,0,0,0,3,61,472,1228,1261,3025,0.0,0.0,0.0,0.00099173553719,0.020165289256198,0.15603305785124,0.405950413223141,0.416859504132231
5,564,0,0,0,4,65,452,1242,1257,3020,0.0,0.0,0.0,0.001324503311258,0.021523178807947,0.149668874172185,0.411258278145695,0.416225165562914
5,565,0,0,0,6,81,423,1318,1187,3015,0.0,0.0,0.0,0.001990049751244,0.026865671641791,0.140298507462687,0.437147595356551,0.393698175787728
5,566,0,0,0,4,75,437,1338,1156,3010,0.0,0.0,0.0,0.001328903654485,0.024916943521595,0.145182724252492,0.444518272425249,0.384053156146179
5,567,0,0,0,5,54,455,1248,1243,3005,0.0,0.0,0.0,0.001663893510815,0.017970049916805,0.151414309484193,0.415307820299501,0.413643926788686
5,568,0,0,0,6,84,434,1282,1194,3000,0.0,0.0,0.0,0.002,0.028,0.144666666666667,0.427333333333333,0.398
5,569,0,0,1,3,55,422,1257,1257,2995,0.0,0.0,0.000333889816361,0.001001669449082,0.018363939899833,0.140901502504174,0.419699499165275,0.419699499165275
5,570,0,0,0,4,55,480,1251,1200,2990,0.0,0.0,0.0,0.00133779264214,0.018394648829431,0.160535117056856,0.418394648829431,0.40133779264214
5,571,0,0,0,7,66,462,1309,1141,2985,0.0,0.0,0.0,0.002345058626466,0.022110552763819,0.154773869346734,0.438525963149079,0.382244556113903
5,572,0,0,0,2,59,477,1234,1208,2980,0.0,0.0,0.0,0.000671140939597,0.019798657718121,0.16006711409396,0.414093959731544,0.405369127516779
5,573,0,0,0,6,61,497,1277,1134,2975,0.0,0.0,0.0,0.002016806722689,0.020504201680672,0.167058823529412,0.429243697478992,0.381176470588235
5,574,0,0,0,2,68,449,1261,1190,2970,0.0,0.0,0.0,0.000673400673401,0.022895622895623,0.151178451178451,0.424579124579125,0.400673400673401
5,575,0,0,0,4,75,457,1232,1197,2965,0.0,0.0,0.0,0.001349072512648,0.025295109612142,0.154131534569983,0.415514333895447,0.403709949409781
5,576,0,0,0,3,74,468,1231,1184,2960,0.0,0.0,0.0,0.001013513513514,0.025,0.158108108108108,0.415878378378378,0.4
5,577,0,0,0,4,66,435,1217,1233,2955,0.0,0.0,0.0,0.001353637901861,0.022335025380711,0.147208121827411,0.411844331641286,0.417258883248731
5,578,0,0,0,5,76,466,1234,1169,2950,0.0,0.0,0.0,0.001694915254237,0.025762711864407,0.157966101694915,0.418305084745763,0.396271186440678
5,579,0,0,0,4,62,446,1238,1195,2945,0.0,0.0,0.0,0.001358234295416,0.021052631578947,0.151443123938879,0.420373514431239,0.405772495755518
5,580,0,0,1,5,56,455,1265,1158,2940,0.0,0.0,0.000340136054422,0.001700680272109,0.019047619047619,0.154761904761905,0.430272108843537,0.393877551020408
5,581,0,0,0,5,66,443,1261,1160,2935,0.0,0.0,0.0,0.001703577512777,0.022487223168654,0.150936967632027,0.429642248722317,0.395229982964225
5,582,0,0,0,4,62,468,1202,1194,2930,0.0,0.0,0.0,0.001365187713311,0.021160409556314,0.159726962457338,0.410238907849829,0.407508532423208
5,583,0,0,0,3,68,452,1233,1169,2925,0.0,0.0,0.0,0.001025641025641,0.023247863247863,0.154529914529915,0.421538461538462,0.39965811965812
5,584,0,0,0,5,68,425,1228,1194,2920,0.0,0.0,0.0,0.001712328767123,0.023287671232877,0.145547945205479,0.420547945205479,0.408904109589041
5,585,0,0,0,2,59,422,1226,1206,2915,0.0,0.0,0.0,0.000686106346484,0.020240137221269,0.144768439108062,0.420583190394511,0.413722126929674
5,586,0,0,0,7,68,439,1253,1143,2910,0.0,0.0,0.0,0.002405498281787,0.023367697594502,0.15085910652921,0.430584192439863,0.392783505154639
5,587,0,0,0,2,69,433,1215,1186,2905,0.0,0.0,0.0,0.000688468158348,0.023752151462995,0.149053356282272,0.418244406196213,0.408261617900172
5,588,0,0,0,2,58,429,1258,1153,2900,0.0,0.0,0.0,0.000689655172414,0.02,0.147931034482759,0.433793103448276,0.397586206896552
5,589,0,0,0,2,59,433,1239,1162,2895,0.0,0.0,0.0,0.000690846286701,0.020379965457686,0.149568221070812,0.427979274611399,0.401381692573402
5,590,0,0,0,3,64,435,1209,1179,2890,0.0,0.0,0.0,0.001038062283737,0.022145328719723,0.150519031141869,0.418339100346021,0.40795847750865
5,591,0,0,0,2,69,417,1271,1126,2885,0.0,0.0,0.0,0.000693240901213,0.023916811091854,0.144540727902946,0.440554592720971,0.390294627383016
5,592,0,0,0,3,66,420,1213,1178,2880,0.0,0.0,0.0,0.001041666666667,0.022916666666667,0.145833333333333,0.421180555555556,0.409027777777778
5,593,0,0,0,2,65,465,1183,1160,2875,0.0,0.0,0.0,0.000695652173913,0.022608695652174,0.161739130434783,0.411478260869565,0.403478260869565
5,594,0,0,0,8,67,431,1178,1186,2870,0.0,0.0,0.0,0.002787456445993,0.023344947735192,0.150174216027875,0.410452961672474,0.413240418118467
5,595,0,0,0,4,73,443,1199,1146,2865,0.0,0.0,0.0,0.001396160558464,0.025479930191972,0.154624781849913,0.418499127399651,0.4
5,596,0,0,0,4,69,418,1258,1111,2860,0.0,0.0,0.0,0.001398601398601,0.024125874125874,0.146153846153846,0.43986013986014,0.388461538461538
5,597,0,0,0,2,76,421,1235,1121,2855,0.0,0.0,0.0,0.000700525394046,0.02661996497373,0.147460595446585,0.432574430823117,0.392644483362522
5,598,0,0,0,0,67,392,1204,1187,2850,0.0,0.0,0.0,0.0,0.023508771929825,0.137543859649123,0.422456140350877,0.416491228070175
5,599,0,0,0,7,69,435,1236,1098,2845,0.0,0.0,0.0,0.002460456942004,0.024253075571178,0.152899824253076,0.434446397188049,0.385940246045694
5,600,0,0,0,3,55,389,1240,1153,2840,0.0,0.0,0.0,0.001056338028169,0.019366197183099,0.136971830985916,0.436619718309859,0.405985915492958
5,601,0,0,0,4,56,425,1202,1148,2835,0.0,0.0,0.0,0.001410934744268,0.019753086419753,0.149911816578483,0.423985890652557,0.404938271604938
5,602,0,0,0,5,48,438,1218,1121,2830,0.0,0.0,0.0,0.001766784452297,0.016961130742049,0.154770318021201,0.430388692579505,0.396113074204947
5,603,0,0,0,6,65,413,1235,1106,2825,0.0,0.0,0.0,0.00212389380531,0.023008849557522,0.146194690265487,0.43716814159292,0.391504424778761
5,604,0,0,0,3,52,434,1177,1154,2820,0.0,0.0,0.0,0.001063829787234,0.018439716312057,0.153900709219858,0.417375886524823,0.409219858156028
5,605,0,0,0,3,70,449,1162,1131,2815,0.0,0.0,0.0,0.001065719360568,0.024866785079929,0.159502664298401,0.412788632326821,0.401776198934281
5,606,0,0,0,4,63,446,1171,1126,2810,0.0,0.0,0.0,0.001423487544484,0.022419928825623,0.158718861209964,0.416725978647687,0.400711743772242
5,607,0,0,0,5,54,446,1198,1102,2805,0.0,0.0,0.0,0.001782531194296,0.019251336898396,0.159001782531194,0.427094474153298,0.392869875222816
5,608,0,0,0,5,66,434,1198,1097,2800,0.0,0.0,0.0,0.001785714285714,0.023571428571429,0.155,0.427857142857143,0.391785714285714
5,609,0,0,0,5,60,447,1131,1152,2795,0.0,0.0,0.0,0.001788908765653,0.021466905187835,0.159928443649374,0.404651162790698,0.41216457960644
5,610,0,0,1,3,68,426,1177,1115,2790,0.0,0.0,0.000358422939068,0.001075268817204,0.024372759856631,0.152688172043011,0.421863799283154,0.399641577060932
5,611,0,0,0,2,65,432,1185,1101,2785,0.0,0.0,0.0,0.000718132854578,0.023339317773788,0.155116696588869,0.425493716337522,0.395332136445242
5,612,0,0,0,2,71,420,1204,1083,2780,0.0,0.0,0.0,0.000719424460432,0.025539568345324,0.151079136690647,0.433093525179856,0.389568345323741
5,613,0,0,0,6,52,436,1167,1114,2775,0.0,0.0,0.0,0.002162162162162,0.018738738738739,0.157117117117117,0.420540540540541,0.401441441441441
5,614,0,0,0,1,84,463,1166,1056,2770,0.0,0.0,0.0,0.000361010830325,0.030324909747292,0.167148014440433,0.420938628158845,0.381227436823105
5,615,0,0,0,3,47,410,1199,1106,2765,0.0,0.0,0.0,0.001084990958409,0.016998191681736,0.148282097649186,0.433634719710669,0.4
5,616,0,0,0,5,68,435,1154,1098,2760,0.0,0.0,0.0,0.001811594202899,0.02463768115942,0.157608695652174,0.418115942028985,0.397826086956522
5,617,0,0,0,7,51,418,1197,1082,2755,0.0,0.0,0.0,0.002540834845735,0.018511796733212,0.151724137931034,0.43448275862069,0.392740471869328
5,618,0,0,0,2,67,432,1207,1042,2750,0.0,0.0,0.0,0.000727272727273,0.024363636363636,0.157090909090909,0.438909090909091,0.378909090909091
5,619,0,0,0,2,62,435,1125,1121,2745,0.0,0.0,0.0,0.000728597449909,0.022586520947177,0.158469945355191,0.409836065573771,0.408378870673953
5,620,0,0,0,3,62,406,1166,1103,2740,0.0,0.0,0.0,0.001094890510949,0.022627737226277,0.148175182481752,0.425547445255474,0.402554744525547
5,621,0,0,0,3,73,397,1200,1062,2735,0.0,0.0,0.0,0.00109689213894,0.026691042047532,0.145155393053016,0.438756855575868,0.388299817184644
5,622,0,0,1,4,58,410,1150,1107,2730,0.0,0.0,0.0003663003663,0.001465201465201,0.021245421245421,0.15018315018315,0.421245421245421,0.405494505494505
5,623,0,0,0,2,55,429,1150,1089,2725,0.0,0.0,0.0,0.000733944954128,0.020183486238532,0.15743119266055,0.422018348623853,0.399633027522936
5,624,0,0,0,4,68,379,1189,1080,2720,0.0,0.0,0.0,0.001470588235294,0.025,0.139338235294118,0.437132352941176,0.397058823529412
5,625,0,0,1,1,78,424,1127,1084,2715,0.0,0.0,0.00036832412523,0.00036832412523,0.028729281767956,0.156169429097606,0.415101289134438,0.39926335174954
5,626,0,0,0,5,55,414,1138,1098,2710,0.0,0.0,0.0,0.001845018450185,0.02029520295203,0.152767527675277,0.419926199261993,0.405166051660517
5,627,0,0,0,10,53,433,1111,1098,2705,0.0,0.0,0.0,0.00369685767098,0.019593345656192,0.16007393715342,0.410720887245841,0.405914972273567
5,628,0,0,0,1,61,371,1159,1108,2700,0.0,0.0,0.0,0.00037037037037,0.022592592592593,0.137407407407407,0.429259259259259,0.41037037037037
5,629,0,0,0,4,49,413,1156,1073,2695,0.0,0.0,0.0,0.001484230055659,0.018181818181818,0.153246753246753,0.428942486085343,0.398144712430427
5,630,0,0,0,3,54,414,1141,1078,2690,0.0,0.0,0.0,0.001115241635688,0.020074349442379,0.153903345724907,0.424163568773234,0.400743494423792
5,631,0,0,0,5,59,408,1112,1101,2685,0.0,0.0,0.0,0.001862197392924,0.021973929236499,0.15195530726257,0.41415270018622,0.410055865921788
5,632,0,0,0,4,51,394,1170,1061,2680,0.0,0.0,0.0,0.001492537313433,0.019029850746269,0.147014925373134,0.436567164179104,0.39589552238806
5,633,0,0,0,3,48,428,1133,1063,2675,0.0,0.0,0.0,0.001121495327103,0.017943925233645,0.16,0.423551401869159,0.397383177570093
5,634,0,0,1,3,72,402,1134,1058,2670,0.0,0.0,0.000374531835206,0.001123595505618,0.026966292134831,0.150561797752809,0.424719101123596,0.39625468164794
5,635,0,0,0,4,59,412,1095,1095,2665,0.0,0.0,0.0,0.001500938086304,0.022138836772983,0.154596622889306,0.410881801125704,0.410881801125704
5,636,0,0,0,5,64,422,1116,1053,2660,0.0,0.0,0.0,0.00187969924812,0.02406015037594,0.158646616541353,0.419548872180451,0.395864661654135
5,637,0,0,0,4,51,376,1103,1121,2655,0.0,0.0,0.0,0.0015065913371,0.019209039548023,0.141619585687382,0.415442561205273,0.422222222222222
5,638,0,0,1,3,59,393,1119,1075,2650,0.0,0.0,0.000377358490566,0.001132075471698,0.022264150943396,0.148301886792453,0.422264150943396,0.405660377358491
5,639,0,0,0,4,65,420,1092,1064,2645,0.0,0.0,0.0,0.001512287334594,0.024574669187146,0.158790170132325,0.412854442344045,0.40226843100189
5,640,0,0,0,4,57,423,1141,1015,2640,0.0,0.0,0.0,0.001515151515152,0.021590909090909,0.160227272727273,0.43219696969697,0.384469696969697
5,641,0,0,0,3,49,409,1119,1055,2635,0.0,0.0,0.0,0.001138519924099,0.018595825426945,0.155218216318786,0.424667931688805,0.400379506641366
5,642,0,0,0,4,47,411,1102,1066,2630,0.0,0.0,0.0,0.001520912547529,0.01787072243346,0.156273764258555,0.419011406844106,0.40532319391635
5,643,0,0,0,2,51,381,1127,1064,2625,0.0,0.0,0.0,0.000761904761905,0.019428571428571,0.145142857142857,0.429333333333333,0.405333333333333
5,644,0,0,0,2,51,392,1100,1075,2620,0.0,0.0,0.0,0.000763358778626,0.019465648854962,0.149618320610687,0.419847328244275,0.41030534351145
5,645,0,0,0,0,70,390,1108,1047,2615,0.0,0.0,0.0,0.0,0.026768642447419,0.149139579349904,0.423709369024857,0.40038240917782
5,646,0,0,0,4,38,390,1141,1037,2610,0.0,0.0,0.0,0.001532567049808,0.01455938697318,0.149425287356322,0.437164750957854,0.397318007662835
5,647,0,0,1,4,63,416,1067,1054,2605,0.0,0.0,0.000383877159309,0.001535508637236,0.024184261036468,0.159692898272553,0.409596928982726,0.404606525911708
5,648,0,0,0,0,46,380,1109,1065,2600,0.0,0.0,0.0,0.0,0.017692307692308,0.146153846153846,0.426538461538462,0.409615384615385
5,649,0,0,0,5,43,368,1127,1052,2595,0.0,0.0,0.0,0.001926782273603,0.016570327552987,0.141811175337187,0.434296724470135,0.405394990366089
5,650,0,0,0,5,49,393,1110,1033,2590,0.0,0.0,0.0,0.001930501930502,0.018918918918919,0.151737451737452,0.428571428571429,0.398841698841699
5,651,0,0,0,4,69,401,1074,1037,2585,0.0,0.0,0.0,0.001547388781431,0.026692456479691,0.155125725338491,0.415473887814313,0.401160541586074
5,652,0,0,0,3,60,375,1115,1027,2580,0.0,0.0,0.0,0.001162790697674,0.023255813953488,0.145348837209302,0.432170542635659,0.398062015503876
5,653,0,0,0,4,39,407,1085,1040,2575,0.0,0.0,0.0,0.001553398058252,0.015145631067961,0.158058252427184,0.421359223300971,0.403883495145631
5,654,0,0,0,1,59,382,1100,1028,2570,0.0,0.0,0.0,0.000389105058366,0.02295719844358,0.14863813229572,0.428015564202335,0.4
5,655,0,0,0,4,52,376,1090,1043,2565,0.0,0.0,0.0,0.001559454191033,0.020272904483431,0.146588693957115,0.42495126705653,0.406627680311891
5,656,0,0,0,2,53,382,1139,984,2560,0.0,0.0,0.0,0.00078125,0.020703125,0.14921875,0.444921875,0.384375
5,657,0,0,0,2,68,390,1083,1012,2555,0.0,0.0,0.0,0.000782778864971,0.026614481409002,0.152641878669276,0.423874755381605,0.396086105675147
5,658,0,0,0,6,56,388,1047,1053,2550,0.0,0.0,0.0,0.002352941176471,0.021960784313725,0.152156862745098,0.410588235294118,0.412941176470588
5,659,0,0,0,4,66,359,1099,1017,2545,0.0,0.0,0.0,0.001571709233792,0.025933202357564,0.141060903732809,0.431827111984283,0.399607072691552
5,660,0,0,0,1,50,374,1086,1029,2540,0.0,0.0,0.0,0.000393700787402,0.019685039370079,0.147244094488189,0.42755905511811,0.40511811023622
5,661,0,0,0,5,59,371,1025,1075,2535,0.0,0.0,0.0,0.001972386587771,0.0232741617357,0.146351084812623,0.404339250493097,0.424063116370809
5,662,0,0,0,2,51,385,1050,1042,2530,0.0,0.0,0.0,0.000790513833992,0.020158102766798,0.152173913043478,0.41501976284585,0.411857707509881
5,663,0,0,0,4,77,381,1086,977,2525,0.0,0.0,0.0,0.001584158415842,0.03049504950495,0.150891089108911,0.43009900990099,0.386930693069307
5,664,0,0,0,1,56,352,1045,1066,2520,0.0,0.0,0.0,0.000396825396825,0.022222222222222,0.13968253968254,0.41468253968254,0.423015873015873
5,665,0,0,0,2,52,354,1101,1006,2515,0.0,0.0,0.0,0.000795228628231,0.020675944333996,0.140755467196819,0.437773359840954,0.4
5,666,0,0,0,2,53,363,1069,1023,2510,0.0,0.0,0.0,0.000796812749004,0.021115537848606,0.144621513944223,0.425896414342629,0.407569721115538
5,667,0,0,0,6,52,382,1084,981,2505,0.0,0.0,0.0,0.002395209580838,0.020758483033932,0.15249500998004,0.432734530938124,0.391616766467066
5,668,0,0,0,3,57,368,1050,1022,2500,0.0,0.0,0.0,0.0012,0.0228,0.1472,0.42,0.4088
5,669,0,0,0,2,53,383,1057,1000,2495,0.0,0.0,0.0,0.000801603206413,0.02124248496994,0.153507014028056,0.423647294589178,0.400801603206413
5,670,0,0,0,2,62,362,1081,983,2490,0.0,0.0,0.0,0.000803212851406,0.024899598393574,0.145381526104418,0.434136546184739,0.394779116465863
5,671,0,0,0,3,65,385,1070,962,2485,0.0,0.0,0.0,0.001207243460765,0.026156941649899,0.154929577464789,0.430583501006036,0.387122736418511
5,672,0,0,0,5,72,362,1061,980,2480,0.0,0.0,0.0,0.002016129032258,0.029032258064516,0.145967741935484,0.427822580645161,0.395161290322581
5,673,0,0,0,7,51,372,1051,994,2475,0.0,0.0,0.0,0.002828282828283,0.020606060606061,0.15030303030303,0.424646464646465,0.401616161616162
5,674,0,0,0,4,56,341,1044,1025,2470,0.0,0.0,0.0,0.001619433198381,0.022672064777328,0.138056680161943,0.422672064777328,0.41497975708502
5,675,0,0,0,4,56,379,1037,989,2465,0.0,0.0,0.0,0.001622718052738,0.022718052738337,0.153752535496957,0.420689655172414,0.401217038539554
5,676,0,0,0,3,57,392,1025,983,2460,0.0,0.0,0.0,0.001219512195122,0.023170731707317,0.159349593495935,0.416666666666667,0.399593495934959
5,677,0,0,0,4,59,330,1050,1012,2455,0.0,0.0,0.0,0.00162932790224,0.024032586558045,0.134419551934827,0.427698574338086,0.412219959266802
5,678,0,0,0,3,47,352,1043,1005,2450,0.0,0.0,0.0,0.001224489795918,0.019183673469388,0.143673469387755,0.425714285714286,0.410204081632653
5,679,0,0,0,2,54,398,1054,937,2445,0.0,0.0,0.0,0.00081799591002,0.022085889570552,0.16278118609407,0.431083844580777,0.383231083844581
5,680,0,0,0,6,48,355,1025,1006,2440,0.0,0.0,0.0,0.002459016393443,0.019672131147541,0.145491803278689,0.420081967213115,0.412295081967213
5,681,0,0,1,4,65,342,1032,991,2435,0.0,0.0,0.00041067761807,0.001642710472279,0.026694045174538,0.140451745379877,0.423819301848049,0.406981519507187
5,682,0,0,0,4,53,349,1038,986,2430,0.0,0.0,0.0,0.001646090534979,0.021810699588477,0.143621399176955,0.42716049382716,0.405761316872428
5,683,0,0,0,6,62,342,1016,999,2425,0.0,0.0,0.0,0.002474226804124,0.025567010309278,0.141030927835052,0.418969072164948,0.411958762886598
5,684,0,0,0,2,56,373,1025,964,2420,0.0,0.0,0.0,0.000826446280992,0.023140495867769,0.154132231404959,0.423553719008264,0.398347107438017
5,685,0,0,0,4,52,351,1043,965,2415,0.0,0.0,0.0,0.001656314699793,0.021532091097308,0.145341614906832,0.431884057971014,0.399585921325052
5,686,0,0,0,3,65,361,1023,958,2410,0.0,0.0,0.0,0.001244813278008,0.026970954356846,0.149792531120332,0.42448132780083,0.397510373443983
5,687,0,0,0,2,52,386,1038,927,2405,0.0,0.0,0.0,0.000831600831601,0.021621621621622,0.160498960498961,0.431600831600832,0.385446985446985
5,688,0,0,0,2,66,341,1042,949,2400,0.0,0.0,0.0,0.000833333333333,0.0275,0.142083333333333,0.434166666666667,0.395416666666667
5,689,0,0,0,2,39,360,996,998,2395,0.0,0.0,0.0,0.000835073068894,0.016283924843424,0.150313152400835,0.415866388308977,0.416701461377871
5,690,0,0,0,3,72,359,977,979,2390,0.0,0.0,0.0,0.001255230125523,0.030125523012552,0.15020920502092,0.408786610878661,0.409623430962343
5,691,0,0,0,2,55,387,973,968,2385,0.0,0.0,0.0,0.00083857442348,0.023060796645702,0.162264150943396,0.407966457023061,0.405870020964361
5,692,0,0,0,6,56,404,964,950,2380,0.0,0.0,0.0,0.002521008403361,0.023529411764706,0.169747899159664,0.405042016806723,0.399159663865546
5,693,0,0,0,3,47,323,1029,973,2375,0.0,0.0,0.0,0.001263157894737,0.019789473684211,0.136,0.433263157894737,0.409684210526316
5,694,0,0,0,3,54,380,988,945,2370,0.0,0.0,0.0,0.00126582278481,0.022784810126582,0.160337552742616,0.416877637130802,0.39873417721519
5,695,0,0,0,3,46,376,1029,911,2365,0.0,0.0,0.0,0.001268498942918,0.019450317124736,0.158985200845666,0.435095137420719,0.385200845665962
5,696,0,0,0,1,52,369,1021,917,2360,0.0,0.0,0.0,0.000423728813559,0.022033898305085,0.15635593220339,0.432627118644068,0.388559322033898
5,697,0,0,0,3,56,359,993,944,2355,0.0,0.0,0.0,0.001273885350318,0.023779193205945,0.15244161358811,0.421656050955414,0.400849256900212
5,698,0,0,0,4,50,363,1004,929,2350,0.0,0.0,0.0,0.001702127659574,0.021276595744681,0.154468085106383,0.427234042553191,0.39531914893617
5,699,0,0,0,3,49,357,1025,911,2345,0.0,0.0,0.0,0.001279317697228,0.02089552238806,0.152238805970149,0.437100213219616,0.388486140724947
5,700,0,0,0,5,50,363,981,941,2340,0.0,0.0,0.0,0.002136752136752,0.021367521367521,0.155128205128205,0.419230769230769,0.402136752136752
5,701,0,0,0,2,46,377,998,912,2335,0.0,0.0,0.0,0.000856531049251,0.019700214132762,0.161456102783726,0.427408993576017,0.390578158458244
5,702,0,0,0,3,43,367,1007,910,2330,0.0,0.0,0.0,0.001287553648069,0.018454935622318,0.157510729613734,0.432188841201717,0.390557939914163
5,703,0,0,0,4,47,342,1009,923,2325,0.0,0.0,0.0,0.001720430107527,0.020215053763441,0.147096774193548,0.433978494623656,0.396989247311828
5,704,0,0,0,6,52,378,960,924,2320,0.0,0.0,0.0,0.002586206896552,0.022413793103448,0.162931034482759,0.413793103448276,0.398275862068966
5,705,0,0,0,5,47,370,974,919,2315,0.0,0.0,0.0,0.002159827213823,0.020302375809935,0.159827213822894,0.4207343412527,0.396976241900648
5,706,0,0,0,3,64,353,947,943,2310,0.0,0.0,0.0,0.001298701298701,0.027705627705628,0.152813852813853,0.40995670995671,0.408225108225108
5,707,0,0,0,5,62,344,1017,877,2305,0.0,0.0,0.0,0.002169197396963,0.026898047722343,0.149240780911063,0.441214750542299,0.380477223427332
5,708,0,0,0,4,76,357,925,938,2300,0.0,0.0,0.0,0.001739130434783,0.03304347826087,0.155217391304348,0.402173913043478,0.407826086956522
5,709,0,0,0,2,52,335,1021,885,2295,0.0,0.0,0.0,0.000871459694989,0.022657952069717,0.145969498910675,0.444880174291939,0.38562091503268
5,710,0,0,0,4,57,328,974,927,2290,0.0,0.0,0.0,0.00174672489083,0.024890829694323,0.143231441048035,0.425327510917031,0.404803493449782
5,711,0,0,0,5,50,388,930,912,2285,0.0,0.0,0.0,0.00218818380744,0.021881838074398,0.16980306345733,0.407002188183807,0.399124726477024
5,712,0,0,0,3,56,384,944,893,2280,0.0,0.0,0.0,0.001315789473684,0.024561403508772,0.168421052631579,0.414035087719298,0.391666666666667
5,713,0,0,0,2,60,361,935,917,2275,0.0,0.0,0.0,0.000879120879121,0.026373626373626,0.158681318681319,0.410989010989011,0.403076923076923
5,714,0,0,0,3,44,335,980,908,2270,0.0,0.0,0.0,0.001321585903084,0.019383259911894,0.147577092511013,0.431718061674009,0.4
5,715,0,0,0,6,40,354,947,918,2265,0.0,0.0,0.0,0.002649006622517,0.01766004415011,0.156291390728477,0.418101545253863,0.405298013245033
5,716,0,0,0,0,45,339,979,897,2260,0.0,0.0,0.0,0.0,0.019911504424779,0.15,0.433185840707965,0.396902654867257
5,717,0,0,0,1,33,317,1007,897,2255,0.0,0.0,0.0,0.000443458980044,0.014634146341463,0.140576496674058,0.446563192904656,0.397782705099778
5,718,0,0,1,0,47,322,995,885,2250,0.0,0.0,0.000444444444444,0.0,0.020888888888889,0.143111111111111,0.442222222222222,0.393333333333333
5,719,0,0,0,6,53,364,959,863,2245,0.0,0.0,0.0,0.002672605790646,0.023608017817372,0.162138084632517,0.4271714922049,0.384409799554566
5,720,0,0,0,3,50,322,955,910,2240,0.0,0.0,0.0,0.001339285714286,0.022321428571429,0.14375,0.426339285714286,0.40625
5,721,0,0,0,0,62,345,967,861,2235,0.0,0.0,0.0,0.0,0.027740492170022,0.154362416107383,0.432662192393736,0.385234899328859
5,722,0,0,0,2,57,334,962,875,2230,0.0,0.0,0.0,0.000896860986547,0.025560538116592,0.149775784753363,0.431390134529148,0.39237668161435
5,723,0,0,0,2,46,325,916,936,2225,0.0,0.0,0.0,0.000898876404494,0.020674157303371,0.146067415730337,0.411685393258427,0.420674157303371
5,724,0,0,0,2,46,329,971,872,2220,0.0,0.0,0.0,0.000900900900901,0.020720720720721,0.148198198198198,0.437387387387387,0.392792792792793
5,725,0,0,0,1,45,335,923,911,2215,0.0,0.0,0.0,0.000451467268623,0.020316027088036,0.151241534988713,0.416704288939052,0.411286681715576
5,726,0,0,0,3,37,327,956,887,2210,0.0,0.0,0.0,0.001357466063348,0.016742081447964,0.147963800904977,0.432579185520362,0.401357466063348
5,727,0,0,0,0,45,332,948,880,2205,0.0,0.0,0.0,0.0,0.020408163265306,0.150566893424036,0.429931972789116,0.399092970521542
5,728,0,0,0,4,57,328,919,892,2200,0.0,0.0,0.0,0.001818181818182,0.025909090909091,0.149090909090909,0.417727272727273,0.405454545454545
5,729,0,0,0,3,51,328,893,920,2195,0.0,0.0,0.0,0.001366742596811,0.023234624145786,0.149430523917995,0.406833712984055,0.419134396355353
5,730,0,0,0,3,41,326,922,898,2190,0.0,0.0,0.0,0.001369863013699,0.018721461187215,0.148858447488584,0.421004566210046,0.410045662100457
5,731,0,0,0,1,48,333,950,853,2185,0.0,0.0,0.0,0.00045766590389,0.021967963386728,0.152402745995423,0.434782608695652,0.390389016018307
5,732,0,0,0,1,54,327,894,904,2180,0.0,0.0,0.0,0.00045871559633,0.024770642201835,0.15,0.410091743119266,0.414678899082569
5,733,0,0,0,2,38,333,949,853,2175,0.0,0.0,0.0,0.000919540229885,0.017471264367816,0.153103448275862,0.43632183908046,0.392183908045977
5,734,0,0,0,1,50,325,875,919,2170,0.0,0.0,0.0,0.000460829493088,0.023041474654378,0.149769585253456,0.403225806451613,0.423502304147465
5,735,0,0,0,6,39,336,919,865,2165,0.0,0.0,0.0,0.002771362586605,0.018013856812933,0.155196304849885,0.424480369515012,0.399538106235566
5,736,0,0,0,5,50,366,917,822,2160,0.0,0.0,0.0,0.002314814814815,0.023148148148148,0.169444444444444,0.424537037037037,0.380555555555556
5,737,0,0,0,2,51,301,953,848,2155,0.0,0.0,0.0,0.00092807424594,0.023665893271462,0.139675174013921,0.442227378190255,0.393503480278422
5,738,0,0,1,6,51,296,920,876,2150,0.0,0.0,0.00046511627907,0.002790697674419,0.023720930232558,0.137674418604651,0.427906976744186,0.407441860465116
5,739,0,0,0,2,53,291,905,894,2145,0.0,0.0,0.0,0.000932400932401,0.024708624708625,0.135664335664336,0.421911421911422,0.416783216783217
5,740,0,0,0,1,40,338,914,847,2140,0.0,0.0,0.0,0.000467289719626,0.018691588785047,0.157943925233645,0.427102803738318,0.395794392523365
5,741,0,0,0,2,44,313,960,816,2135,0.0,0.0,0.0,0.000936768149883,0.020608899297424,0.146604215456674,0.449648711943794,0.382201405152225
5,742,0,0,0,2,54,350,898,826,2130,0.0,0.0,0.0,0.00093896713615,0.025352112676056,0.164319248826291,0.421596244131455,0.387793427230047
5,743,0,0,0,2,36,327,907,853,2125,0.0,0.0,0.0,0.000941176470588,0.016941176470588,0.153882352941176,0.426823529411765,0.401411764705882
5,744,0,0,0,4,46,350,902,818,2120,0.0,0.0,0.0,0.00188679245283,0.021698113207547,0.165094339622642,0.425471698113208,0.385849056603774
5,745,0,0,1,1,56,320,900,837,2115,0.0,0.0,0.000472813238771,0.000472813238771,0.026477541371158,0.151300236406619,0.425531914893617,0.395744680851064
5,746,0,0,0,6,49,336,886,833,2110,0.0,0.0,0.0,0.002843601895735,0.023222748815166,0.159241706161137,0.419905213270142,0.39478672985782
5,747,0,0,0,6,49,312,922,816,2105,0.0,0.0,0.0,0.002850356294537,0.023277909738717,0.148218527315914,0.438004750593824,0.387648456057007
5,748,0,0,0,3,51,323,886,837,2100,0.0,0.0,0.0,0.001428571428571,0.024285714285714,0.153809523809524,0.421904761904762,0.398571428571429
5,749,0,0,0,5,57,332,845,856,2095,0.0,0.0,0.0,0.002386634844869,0.027207637231504,0.158472553699284,0.403341288782816,0.408591885441527
5,750,0,0,0,3,48,331,897,811,2090,0.0,0.0,0.0,0.001435406698565,0.022966507177033,0.158373205741627,0.429186602870813,0.388038277511962
5,751,0,0,0,4,41,334,876,830,2085,0.0,0.0,0.0,0.001918465227818,0.019664268585132,0.160191846522782,0.420143884892086,0.398081534772182
5,752,0,0,0,3,52,303,873,849,2080,0.0,0.0,0.0,0.001442307692308,0.025,0.145673076923077,0.419711538461538,0.408173076923077
5,753,0,0,0,3,46,324,914,788,2075,0.0,0.0,0.0,0.00144578313253,0.022168674698795,0.156144578313253,0.440481927710843,0.379759036144578
5,754,0,0,0,4,45,321,858,842,2070,0.0,0.0,0.0,0.001932367149758,0.021739130434783,0.155072463768116,0.414492753623188,0.406763285024155
5,755,0,0,0,5,37,305,918,800,2065,0.0,0.0,0.0,0.002421307506053,0.017917675544794,0.147699757869249,0.44455205811138,0.387409200968523
5,756,0,0,0,3,40,325,886,806,2060,0.0,0.0,0.0,0.001456310679612,0.019417475728155,0.157766990291262,0.430097087378641,0.39126213592233
5,757,0,0,0,2,43,304,827,879,2055,0.0,0.0,0.0,0.000973236009732,0.020924574209246,0.147931873479319,0.402433090024331,0.427737226277372
5,758,0,0,0,4,41,282,896,827,2050,0.0,0.0,0.0,0.001951219512195,0.02,0.137560975609756,0.437073170731707,0.403414634146341
5,759,0,0,0,3,35,330,863,814,2045,0.0,0.0,0.0,0.001466992665037,0.017114914425428,0.161369193154034,0.42200488997555,0.398044009779951
5,760,0,0,0,4,54,319,870,793,2040,0.0,0.0,0.0,0.001960784313725,0.026470588235294,0.156372549019608,0.426470588235294,0.388725490196078
5,761,0,0,0,1,43,336,883,772,2035,0.0,0.0,0.0,0.0004914004914,0.021130221130221,0.165110565110565,0.433906633906634,0.379361179361179
5,762,0,0,0,2,53,288,872,815,2030,0.0,0.0,0.0,0.000985221674877,0.026108374384236,0.141871921182266,0.429556650246305,0.401477832512315
5,763,0,0,0,4,40,310,876,795,2025,0.0,0.0,0.0,0.001975308641975,0.019753086419753,0.153086419753086,0.432592592592593,0.392592592592593
5,764,0,0,0,0,50,303,897,770,2020,0.0,0.0,0.0,0.0,0.024752475247525,0.15,0.444059405940594,0.381188118811881
5,765,0,0,0,0,41,272,895,807,2015,0.0,0.0,0.0,0.0,0.020347394540943,0.134987593052109,0.444168734491315,0.400496277915633
5,766,0,0,0,2,35,279,864,830,2010,0.0,0.0,0.0,0.000995024875622,0.017412935323383,0.138805970149254,0.429850746268657,0.412935323383085
5,767,0,0,0,1,53,325,825,801,2005,0.0,0.0,0.0,0.000498753117207,0.02643391521197,0.162094763092269,0.411471321695761,0.399501246882793
5,768,0,0,0,1,50,285,844,820,2000,0.0,0.0,0.0,0.0005,0.025,0.1425,0.422,0.41
5,769,0,0,0,0,44,311,850,790,1995,0.0,0.0,0.0,0.0,0.022055137844612,0.155889724310777,0.426065162907268,0.395989974937343
5,770,0,0,0,7,56,322,808,797,1990,0.0,0.0,0.0,0.003517587939698,0.028140703517588,0.161809045226131,0.406030150753769,0.400502512562814
5,771,0,0,0,5,44,315,852,769,1985,0.0,0.0,0.0,0.002518891687657,0.022166246851385,0.158690176322418,0.429219143576826,0.387405541561713
5,772,0,0,0,3,53,283,867,774,1980,0.0,0.0,0.0,0.001515151515152,0.026767676767677,0.142929292929293,0.437878787878788,0.390909090909091
5,773,0,0,0,2,53,295,861,764,1975,0.0,0.0,0.0,0.001012658227848,0.026835443037975,0.149367088607595,0.435949367088608,0.386835443037975
5,774,0,0,0,0,37,312,820,801,1970,0.0,0.0,0.0,0.0,0.018781725888325,0.158375634517766,0.416243654822335,0.406598984771574
5,775,0,0,0,1,39,297,833,795,1965,0.0,0.0,0.0,0.000508905852417,0.019847328244275,0.151145038167939,0.423918575063613,0.404580152671756
5,776,0,0,0,2,44,309,837,768,1960,0.0,0.0,0.0,0.001020408163265,0.022448979591837,0.15765306122449,0.427040816326531,0.391836734693878
5,777,0,0,0,2,46,305,802,800,1955,0.0,0.0,0.0,0.001023017902813,0.023529411764706,0.156010230179028,0.410230179028133,0.40920716112532
5,778,0,0,0,0,43,308,814,785,1950,0.0,0.0,0.0,0.0,0.022051282051282,0.157948717948718,0.417435897435897,0.402564102564103
5,779,0,0,0,1,37,280,812,815,1945,0.0,0.0,0.0,0.000514138817481,0.019023136246787,0.143958868894602,0.417480719794344,0.419023136246787
5,780,0,0,0,2,58,285,824,771,1940,0.0,0.0,0.0,0.001030927835052,0.029896907216495,0.146907216494845,0.424742268041237,0.397422680412371
5,781,0,0,0,4,35,267,829,800,1935,0.0,0.0,0.0,0.002067183462532,0.018087855297158,0.137984496124031,0.428423772609819,0.41343669250646
5,782,0,0,0,4,29,312,797,788,1930,0.0,0.0,0.0,0.002072538860104,0.015025906735751,0.161658031088083,0.412953367875648,0.408290155440415
5,783,0,0,0,1,44,279,825,776,1925,0.0,0.0,0.0,0.000519480519481,0.022857142857143,0.144935064935065,0.428571428571429,0.403116883116883
5,784,0,0,0,1,33,296,836,754,1920,0.0,0.0,0.0,0.000520833333333,0.0171875,0.154166666666667,0.435416666666667,0.392708333333333
5,785,0,0,0,2,39,304,790,780,1915,0.0,0.0,0.0,0.001044386422977,0.020365535248042,0.158746736292428,0.412532637075718,0.407310704960835
5,786,0,0,0,1,46,286,832,745,1910,0.0,0.0,0.0,0.000523560209424,0.024083769633508,0.149738219895288,0.435602094240838,0.390052356020942
5,787,0,0,0,2,50,269,809,775,1905,0.0,0.0,0.0,0.001049868766404,0.026246719160105,0.141207349081365,0.424671916010499,0.406824146981627
5,788,0,0,0,2,44,284,803,767,1900,0.0,0.0,0.0,0.001052631578947,0.023157894736842,0.149473684210526,0.422631578947368,0.403684210526316
5,789,0,0,0,2,38,294,814,747,1895,0.0,0.0,0.0,0.001055408970976,0.020052770448549,0.155145118733509,0.429551451187335,0.394195250659631
5,790,0,0,0,4,45,288,833,720,1890,0.0,0.0,0.0,0.002116402116402,0.023809523809524,0.152380952380952,0.440740740740741,0.380952380952381
5,791,0,0,0,2,39,282,778,784,1885,0.0,0.0,0.0,0.00106100795756,0.020689655172414,0.149602122015915,0.412732095490716,0.415915119363395
5,792,0,0,0,1,38,259,820,762,1880,0.0,0.0,0.0,0.000531914893617,0.020212765957447,0.137765957446809,0.436170212765957,0.40531914893617
5,793,0,0,0,4,53,294,825,699,1875,0.0,0.0,0.0,0.002133333333333,0.028266666666667,0.1568,0.44,0.3728
5,794,0,0,0,1,35,301,795,738,1870,0.0,0.0,0.0,0.000534759358289,0.018716577540107,0.16096256684492,0.425133689839572,0.394652406417112
5,795,0,0,0,4,34,306,788,733,1865,0.0,0.0,0.0,0.002144772117962,0.018230563002681,0.164075067024129,0.422520107238606,0.393029490616622
5,796,0,0,0,0,47,280,776,757,1860,0.0,0.0,0.0,0.0,0.025268817204301,0.150537634408602,0.417204301075269,0.406989247311828
5,797,0,0,0,2,41,285,781,746,1855,0.0,0.0,0.0,0.001078167115903,0.022102425876011,0.153638814016173,0.421024258760108,0.402156334231806
5,798,0,0,0,3,39,280,780,748,1850,0.0,0.0,0.0,0.001621621621622,0.021081081081081,0.151351351351351,0.421621621621622,0.404324324324324
5,799,0,0,1,2,44,264,816,718,1845,0.0,0.0,0.000542005420054,0.001084010840108,0.023848238482385,0.143089430894309,0.442276422764228,0.389159891598916
5,800,0,0,0,6,50,288,780,716,1840,0.0,0.0,0.0,0.003260869565217,0.027173913043478,0.156521739130435,0.423913043478261,0.389130434782609
5,801,0,0,0,3,38,274,755,765,1835,0.0,0.0,0.0,0.001634877384196,0.020708446866485,0.149318801089918,0.411444141689373,0.416893732970027
5,802,0,0,0,2,34,246,830,718,1830,0.0,0.0,0.0,0.001092896174863,0.018579234972678,0.134426229508197,0.453551912568306,0.392349726775956
5,803,0,0,0,3,50,296,743,733,1825,0.0,0.0,0.0,0.001643835616438,0.027397260273973,0.162191780821918,0.407123287671233,0.401643835616438
5,804,0,0,0,7,42,293,796,682,1820,0.0,0.0,0.0,0.003846153846154,0.023076923076923,0.160989010989011,0.437362637362637,0.374725274725275
5,805,0,0,0,0,27,284,781,723,1815,0.0,0.0,0.0,0.0,0.014876033057851,0.156473829201102,0.43030303030303,0.398347107438017
5,806,0,0,0,1,37,258,804,710,1810,0.0,0.0,0.0,0.000552486187845,0.020441988950276,0.142541436464088,0.444198895027624,0.392265193370166
5,807,0,0,0,3,41,275,760,726,1805,0.0,0.0,0.0,0.001662049861496,0.022714681440443,0.152354570637119,0.421052631578947,0.402216066481994
5,808,0,0,1,0,49,263,773,714,1800,0.0,0.0,0.000555555555556,0.0,0.027222222222222,0.146111111111111,0.429444444444444,0.396666666666667
5,809,0,0,0,2,38,270,771,714,1795,0.0,0.0,0.0,0.001114206128134,0.02116991643454,0.15041782729805,0.429526462395543,0.397771587743733
5,810,0,0,0,4,35,267,764,720,1790,0.0,0.0,0.0,0.002234636871508,0.019553072625698,0.149162011173184,0.426815642458101,0.402234636871508
5,811,0,0,0,5,37,279,723,741,1785,0.0,0.0,0.0,0.002801120448179,0.020728291316527,0.156302521008403,0.405042016806723,0.415126050420168
5,812,0,0,0,4,36,275,766,699,1780,0.0,0.0,0.0,0.002247191011236,0.020224719101124,0.154494382022472,0.430337078651685,0.392696629213483
5,813,0,0,0,2,41,254,757,721,1775,0.0,0.0,0.0,0.00112676056338,0.023098591549296,0.143098591549296,0.426478873239437,0.406197183098592
5,814,0,0,0,4,47,269,745,705,1770,0.0,0.0,0.0,0.00225988700565,0.026553672316384,0.151977401129944,0.42090395480226,0.398305084745763
5,815,0,0,0,1,53,265,712,734,1765,0.0,0.0,0.0,0.00056657223796,0.030028328611898,0.15014164305949,0.403399433427762,0.41586402266289
5,816,0,0,0,5,35,267,764,689,1760,0.0,0.0,0.0,0.002840909090909,0.019886363636364,0.151704545454545,0.434090909090909,0.391477272727273
5,817,0,0,0,5,39,291,719,701,1755,0.0,0.0,0.0,0.002849002849003,0.022222222222222,0.165811965811966,0.40968660968661,0.399430199430199
5,818,0,0,0,3,36,263,737,711,1750,0.0,0.0,0.0,0.001714285714286,0.020571428571429,0.150285714285714,0.421142857142857,0.406285714285714
5,819,0,0,0,1,38,263,732,711,1745,0.0,0.0,0.0,0.000573065902579,0.021776504297994,0.150716332378223,0.419484240687679,0.407449856733524
5,820,0,0,0,3,33,270,702,732,1740,0.0,0.0,0.0,0.001724137931034,0.018965517241379,0.155172413793103,0.403448275862069,0.420689655172414
5,821,0,0,0,3,43,251,775,663,1735,0.0,0.0,0.0,0.001729106628242,0.02478386167147,0.144668587896254,0.446685878962536,0.382132564841499
5,822,0,0,0,2,46,228,742,712,1730,0.0,0.0,0.0,0.001156069364162,0.026589595375723,0.131791907514451,0.428901734104046,0.411560693641619
5,823,0,0,0,5,39,269,719,693,1725,0.0,0.0,0.0,0.002898550724638,0.022608695652174,0.155942028985507,0.416811594202899,0.401739130434783
5,824,0,0,0,5,39,266,732,678,1720,0.0,0.0,0.0,0.002906976744186,0.022674418604651,0.154651162790698,0.425581395348837,0.394186046511628
5,825,0,0,0,4,29,231,734,717,1715,0.0,0.0,0.0,0.002332361516035,0.016909620991254,0.13469387755102,0.42798833819242,0.418075801749271
5,826,0,0,0,1,35,258,705,711,1710,0.0,0.0,0.0,0.000584795321637,0.02046783625731,0.150877192982456,0.412280701754386,0.415789473684211
5,827,0,0,0,3,56,272,688,686,1705,0.0,0.0,0.0,0.001759530791789,0.032844574780059,0.159530791788856,0.403519061583578,0.402346041055718
5,828,0,0,0,0,37,256,719,688,1700,0.0,0.0,0.0,0.0,0.021764705882353,0.150588235294118,0.422941176470588,0.404705882352941
5,829,0,0,0,2,39,286,709,659,1695,0.0,0.0,0.0,0.00117994100295,0.023008849557522,0.168731563421829,0.418289085545723,0.388790560471976
5,830,0,0,0,4,34,268,725,659,1690,0.0,0.0,0.0,0.002366863905325,0.020118343195266,0.158579881656805,0.428994082840237,0.389940828402367
5,831,0,0,0,1,34,247,721,682,1685,0.0,0.0,0.0,0.000593471810089,0.020178041543027,0.146587537091988,0.427893175074184,0.404747774480712
5,832,0,0,0,3,36,254,695,692,1680,0.0,0.0,0.0,0.001785714285714,0.021428571428571,0.151190476190476,0.413690476190476,0.411904761904762
5,833,0,0,0,0,34,267,713,661,1675,0.0,0.0,0.0,0.0,0.020298507462687,0.159402985074627,0.425671641791045,0.394626865671642
5,834,0,0,0,2,37,250,721,660,1670,0.0,0.0,0.0,0.001197604790419,0.022155688622754,0.149700598802395,0.431736526946108,0.395209580838323
5,835,0,0,0,4,42,253,704,662,1665,0.0,0.0,0.0,0.002402402402402,0.025225225225225,0.151951951951952,0.422822822822823,0.397597597597598
5,836,0,0,0,3,37,279,683,658,1660,0.0,0.0,0.0,0.001807228915663,0.022289156626506,0.168072289156627,0.41144578313253,0.396385542168675
5,837,0,0,0,2,43,263,665,682,1655,0.0,0.0,0.0,0.001208459214502,0.025981873111782,0.158912386706949,0.401812688821752,0.412084592145015
5,838,0,0,0,3,34,273,681,659,1650,0.0,0.0,0.0,0.001818181818182,0.020606060606061,0.165454545454545,0.412727272727273,0.399393939393939
5,839,0,0,1,3,37,259,706,639,1645,0.0,0.0,0.000607902735562,0.001823708206687,0.022492401215805,0.157446808510638,0.429179331306991,0.388449848024316
5,840,0,0,0,4,29,259,692,656,1640,0.0,0.0,0.0,0.002439024390244,0.017682926829268,0.157926829268293,0.421951219512195,0.4
5,841,0,0,0,2,30,246,688,669,1635,0.0,0.0,0.0,0.001223241590214,0.018348623853211,0.15045871559633,0.420795107033639,0.409174311926606
5,842,0,0,0,2,42,251,692,643,1630,0.0,0.0,0.0,0.001226993865031,0.025766871165644,0.15398773006135,0.424539877300613,0.394478527607362
5,843,0,0,0,1,36,251,690,647,1625,0.0,0.0,0.0,0.000615384615385,0.022153846153846,0.154461538461538,0.424615384615385,0.398153846153846
5,844,0,0,0,1,46,247,638,688,1620,0.0,0.0,0.0,0.000617283950617,0.028395061728395,0.152469135802469,0.393827160493827,0.424691358024691
5,845,0,0,0,1,37,258,681,638,1615,0.0,0.0,0.0,0.00061919504644,0.022910216718266,0.159752321981424,0.421671826625387,0.395046439628483
5,846,0,0,0,1,39,231,672,667,1610,0.0,0.0,0.0,0.000621118012422,0.024223602484472,0.143478260869565,0.417391304347826,0.414285714285714
5,847,0,0,0,2,46,261,676,620,1605,0.0,0.0,0.0,0.001246105919003,0.028660436137072,0.162616822429907,0.421183800623053,0.386292834890966
5,848,0,0,0,5,26,220,717,632,1600,0.0,0.0,0.0,0.003125,0.01625,0.1375,0.448125,0.395
5,849,0,0,0,4,43,248,629,671,1595,0.0,0.0,0.0,0.002507836990596,0.026959247648903,0.155485893416928,0.39435736677116,0.420689655172414
5,850,0,0,0,3,24,242,696,625,1590,0.0,0.0,0.0,0.00188679245283,0.015094339622642,0.152201257861635,0.437735849056604,0.393081761006289
5,851,0,0,0,2,35,250,662,636,1585,0.0,0.0,0.0,0.001261829652997,0.022082018927445,0.157728706624606,0.417665615141956,0.401261829652997
5,852,0,0,0,3,55,231,642,649,1580,0.0,0.0,0.0,0.001898734177215,0.034810126582278,0.14620253164557,0.406329113924051,0.410759493670886
5,853,0,0,0,1,22,233,666,653,1575,0.0,0.0,0.0,0.000634920634921,0.013968253968254,0.147936507936508,0.422857142857143,0.414603174603175
5,854,0,0,0,2,37,220,688,623,1570,0.0,0.0,0.0,0.001273885350318,0.023566878980892,0.140127388535032,0.438216560509554,0.396815286624204
5,855,0,0,1,2,36,226,712,588,1565,0.0,0.0,0.000638977635783,0.001277955271565,0.023003194888179,0.144408945686901,0.454952076677316,0.375718849840256
5,856,0,0,0,2,36,244,680,598,1560,0.0,0.0,0.0,0.001282051282051,0.023076923076923,0.156410256410256,0.435897435897436,0.383333333333333
5,857,0,0,0,2,32,211,701,609,1555,0.0,0.0,0.0,0.001286173633441,0.020578778135048,0.135691318327974,0.4508038585209,0.391639871382637
5,858,0,0,0,3,38,215,647,647,1550,0.0,0.0,0.0,0.001935483870968,0.024516129032258,0.138709677419355,0.41741935483871,0.41741935483871
5,859,0,0,0,1,39,236,647,622,1545,0.0,0.0,0.0,0.000647249190939,0.025242718446602,0.152750809061489,0.418770226537217,0.402588996763754
5,860,0,0,0,4,39,232,674,591,1540,0.0,0.0,0.0,0.002597402597403,0.025324675324675,0.150649350649351,0.437662337662338,0.383766233766234
5,861,0,0,0,3,32,232,643,625,1535,0.0,0.0,0.0,0.001954397394137,0.020846905537459,0.15114006514658,0.418892508143322,0.407166123778502
5,862,0,0,0,7,36,240,649,598,1530,0.0,0.0,0.0,0.004575163398693,0.023529411764706,0.156862745098039,0.424183006535948,0.390849673202614
5,863,0,0,0,4,32,249,642,598,1525,0.0,0.0,0.0,0.002622950819672,0.020983606557377,0.16327868852459,0.420983606557377,0.392131147540984
5,864,0,0,0,3,27,264,627,599,1520,0.0,0.0,0.0,0.001973684210526,0.017763157894737,0.173684210526316,0.4125,0.394078947368421
5,865,0,0,0,1,36,241,615,622,1515,0.0,0.0,0.0,0.000660066006601,0.023762376237624,0.159075907590759,0.405940594059406,0.410561056105611
5,866,0,0,0,3,32,225,651,599,1510,0.0,0.0,0.0,0.001986754966887,0.021192052980132,0.149006622516556,0.43112582781457,0.396688741721854
5,867,0,0,0,4,26,213,662,600,1505,0.0,0.0,0.0,0.00265780730897,0.017275747508306,0.141528239202658,0.439867109634552,0.398671096345515
5,868,0,0,0,2,35,214,641,608,1500,0.0,0.0,0.0,0.001333333333333,0.023333333333333,0.142666666666667,0.427333333333333,0.405333333333333
5,869,0,0,0,3,30,221,652,589,1495,0.0,0.0,0.0,0.002006688963211,0.020066889632107,0.147826086956522,0.436120401337793,0.393979933110368
5,870,0,0,0,3,33,232,620,602,1490,0.0,0.0,0.0,0.002013422818792,0.022147651006711,0.155704697986577,0.416107382550336,0.404026845637584
5,871,0,0,0,3,23,206,651,602,1485,0.0,0.0,0.0,0.002020202020202,0.015488215488215,0.138720538720539,0.438383838383838,0.405387205387205
5,872,0,0,0,2,37,215,632,594,1480,0.0,0.0,0.0,0.001351351351351,0.025,0.14527027027027,0.427027027027027,0.401351351351351
5,873,0,0,0,1,37,226,647,564,1475,0.0,0.0,0.0,0.000677966101695,0.025084745762712,0.153220338983051,0.43864406779661,0.382372881355932
5,874,0,0,0,1,36,214,636,583,1470,0.0,0.0,0.0,0.000680272108844,0.024489795918367,0.145578231292517,0.43265306122449,0.396598639455782
5,875,0,0,0,2,19,230,592,622,1465,0.0,0.0,0.0,0.001365187713311,0.012969283276451,0.156996587030717,0.404095563139932,0.42457337883959
5,876,0,0,0,0,32,215,644,569,1460,0.0,0.0,0.0,0.0,0.021917808219178,0.147260273972603,0.441095890410959,0.38972602739726
5,877,0,0,0,3,36,225,594,597,1455,0.0,0.0,0.0,0.002061855670103,0.024742268041237,0.154639175257732,0.408247422680412,0.410309278350515
5,878,0,0,0,3,30,224,577,616,1450,0.0,0.0,0.0,0.002068965517241,0.020689655172414,0.15448275862069,0.397931034482759,0.424827586206897
5,879,0,0,0,6,28,224,621,566,1445,0.0,0.0,0.0,0.004152249134948,0.019377162629758,0.155017301038062,0.429757785467128,0.391695501730104
5,880,0,0,0,3,39,243,565,590,1440,0.0,0.0,0.0,0.002083333333333,0.027083333333333,0.16875,0.392361111111111,0.409722222222222
5,881,0,1,0,3,36,212,640,543,1435,0.0,0.000696864111498,0.0,0.002090592334495,0.025087108013937,0.147735191637631,0.445993031358885,0.378397212543554
5,882,0,0,0,3,37,195,602,593,1430,0.0,0.0,0.0,0.002097902097902,0.025874125874126,0.136363636363636,0.420979020979021,0.414685314685315
5,883,0,0,0,1,24,215,631,554,1425,0.0,0.0,0.0,0.000701754385965,0.016842105263158,0.150877192982456,0.44280701754386,0.388771929824561
5,884,0,0,0,1,22,224,574,599,1420,0.0,0.0,0.0,0.000704225352113,0.015492957746479,0.157746478873239,0.404225352112676,0.421830985915493
5,885,0,0,0,1,29,225,592,568,1415,0.0,0.0,0.0,0.000706713780919,0.020494699646643,0.159010600706714,0.418374558303887,0.401413427561837
5,886,0,0,0,1,25,249,605,530,1410,0.0,0.0,0.0,0.000709219858156,0.017730496453901,0.176595744680851,0.429078014184397,0.375886524822695
5,887,0,0,0,1,26,210,600,568,1405,0.0,0.0,0.0,0.000711743772242,0.018505338078292,0.149466192170818,0.427046263345196,0.404270462633452
5,888,0,0,0,1,30,220,583,566,1400,0.0,0.0,0.0,0.000714285714286,0.021428571428571,0.157142857142857,0.416428571428571,0.404285714285714
5,889,0,0,0,0,40,219,610,526,1395,0.0,0.0,0.0,0.0,0.028673835125448,0.156989247311828,0.437275985663082,0.377060931899642
5,890,0,0,1,3,40,205,575,566,1390,0.0,0.0,0.000719424460432,0.002158273381295,0.028776978417266,0.147482014388489,0.413669064748201,0.407194244604317
5,891,0,0,0,0,27,222,577,559,1385,0.0,0.0,0.0,0.0,0.019494584837545,0.16028880866426,0.416606498194946,0.403610108303249
5,892,0,0,2,4,31,211,567,565,1380,0.0,0.0,0.001449275362319,0.002898550724638,0.022463768115942,0.152898550724638,0.410869565217391,0.409420289855072
5,893,0,0,0,3,38,194,586,554,1375,0.0,0.0,0.0,0.002181818181818,0.027636363636364,0.141090909090909,0.426181818181818,0.402909090909091
5,894,0,0,0,2,24,213,594,537,1370,0.0,0.0,0.0,0.001459854014599,0.017518248175182,0.155474452554745,0.433576642335766,0.391970802919708
5,895,0,0,0,2,30,207,581,545,1365,0.0,0.0,0.0,0.001465201465201,0.021978021978022,0.151648351648352,0.425641025641026,0.399267399267399
5,896,0,0,0,2,30,204,559,565,1360,0.0,0.0,0.0,0.001470588235294,0.022058823529412,0.15,0.411029411764706,0.415441176470588
5,897,0,0,1,2,26,221,560,545,1355,0.0,0.0,0.000738007380074,0.001476014760148,0.019188191881919,0.16309963099631,0.413284132841328,0.402214022140221
5,898,0,0,0,2,28,210,535,575,1350,0.0,0.0,0.0,0.001481481481481,0.020740740740741,0.155555555555556,0.396296296296296,0.425925925925926
5,899,0,0,0,3,29,202,562,549,1345,0.0,0.0,0.0,0.002230483271375,0.021561338289963,0.150185873605948,0.417843866171004,0.40817843866171
5,900,0,0,1,1,24,187,565,562,1340,0.0,0.0,0.000746268656716,0.000746268656716,0.017910447761194,0.13955223880597,0.421641791044776,0.419402985074627
5,901,0,0,0,0,33,207,566,529,1335,0.0,0.0,0.0,0.0,0.024719101123596,0.155056179775281,0.423970037453184,0.39625468164794
5,902,0,0,0,2,28,199,564,537,1330,0.0,0.0,0.0,0.001503759398496,0.021052631578947,0.149624060150376,0.42406015037594,0.403759398496241
5,903,0,0,0,0,30,209,526,560,1325,0.0,0.0,0.0,0.0,0.022641509433962,0.157735849056604,0.396981132075472,0.422641509433962
5,904,0,0,0,2,28,201,559,530,1320,0.0,0.0,0.0,0.001515151515152,0.021212121212121,0.152272727272727,0.423484848484848,0.401515151515151
5,905,0,0,0,0,34,192,550,539,1315,0.0,0.0,0.0,0.0,0.025855513307985,0.146007604562738,0.418250950570342,0.409885931558935
5,906,0,0,0,1,31,193,523,562,1310,0.0,0.0,0.0,0.000763358778626,0.023664122137405,0.147328244274809,0.399236641221374,0.429007633587786
5,907,0,0,0,1,23,214,542,525,1305,0.0,0.0,0.0,0.000766283524904,0.017624521072797,0.163984674329502,0.415325670498084,0.402298850574713
5,908,0,0,0,0,35,205,544,516,1300,0.0,0.0,0.0,0.0,0.026923076923077,0.157692307692308,0.418461538461538,0.396923076923077
5,909,0,0,0,4,25,179,560,527,1295,0.0,0.0,0.0,0.003088803088803,0.019305019305019,0.138223938223938,0.432432432432432,0.406949806949807
5,910,0,0,0,2,33,199,501,555,1290,0.0,0.0,0.0,0.001550387596899,0.025581395348837,0.154263565891473,0.388372093023256,0.430232558139535
5,911,0,0,0,1,35,192,546,511,1285,0.0,0.0,0.0,0.000778210116732,0.027237354085603,0.149416342412451,0.424902723735409,0.397665369649805
5,912,0,0,0,0,30,195,563,492,1280,0.0,0.0,0.0,0.0,0.0234375,0.15234375,0.43984375,0.384375
5,913,0,0,0,4,27,200,548,496,1275,0.0,0.0,0.0,0.003137254901961,0.021176470588235,0.156862745098039,0.429803921568627,0.389019607843137
5,914,0,0,0,1,23,186,528,532,1270,0.0,0.0,0.0,0.000787401574803,0.018110236220472,0.146456692913386,0.415748031496063,0.418897637795276
5,915,0,0,0,2,27,191,526,519,1265,0.0,0.0,0.0,0.001581027667984,0.021343873517787,0.15098814229249,0.415810276679842,0.410276679841897
5,916,0,0,0,2,25,184,562,487,1260,0.0,0.0,0.0,0.001587301587302,0.01984126984127,0.146031746031746,0.446031746031746,0.386507936507937
5,917,0,0,0,0,16,193,547,499,1255,0.0,0.0,0.0,0.0,0.012749003984064,0.153784860557769,0.435856573705179,0.397609561752988
5,918,0,0,0,0,23,191,508,528,1250,0.0,0.0,0.0,0.0,0.0184,0.1528,0.4064,0.4224
5,919,0,0,0,4,32,185,515,509,1245,0.0,0.0,0.0,0.003212851405622,0.02570281124498,0.14859437751004,0.413654618473896,0.408835341365462
5,920,0,0,0,1,26,186,519,508,1240,0.0,0.0,0.0,0.000806451612903,0.020967741935484,0.15,0.418548387096774,0.409677419354839
5,921,0,0,0,0,33,181,506,515,1235,0.0,0.0,0.0,0.0,0.026720647773279,0.146558704453441,0.409716599190283,0.417004048582996
5,922,0,0,0,1,25,213,512,479,1230,0.0,0.0,0.0,0.000813008130081,0.020325203252033,0.173170731707317,0.416260162601626,0.389430894308943
5,923,0,0,0,3,24,183,529,486,1225,0.0,0.0,0.0,0.002448979591837,0.019591836734694,0.149387755102041,0.431836734693878,0.396734693877551
5,924,0,0,0,3,26,184,530,477,1220,0.0,0.0,0.0,0.002459016393443,0.021311475409836,0.150819672131148,0.434426229508197,0.390983606557377
5,925,0,0,0,2,30,185,533,465,1215,0.0,0.0,0.0,0.001646090534979,0.024691358024691,0.152263374485597,0.438683127572016,0.382716049382716
5,926,0,0,0,2,26,165,506,511,1210,0.0,0.0,0.0,0.001652892561983,0.021487603305785,0.136363636363636,0.418181818181818,0.422314049586777
5,927,0,0,0,1,27,162,536,479,1205,0.0,0.0,0.0,0.000829875518672,0.022406639004149,0.134439834024896,0.444813278008299,0.397510373443983
5,928,0,0,0,1,24,209,499,467,1200,0.0,0.0,0.0,0.000833333333333,0.02,0.174166666666667,0.415833333333333,0.389166666666667
5,929,0,0,0,2,27,165,515,486,1195,0.0,0.0,0.0,0.001673640167364,0.022594142259414,0.138075313807531,0.430962343096234,0.406694560669456
5,930,0,0,0,3,31,182,514,460,1190,0.0,0.0,0.0,0.002521008403361,0.026050420168067,0.152941176470588,0.431932773109244,0.38655462184874
5,931,0,0,0,3,35,169,524,454,1185,0.0,0.0,0.0,0.00253164556962,0.029535864978903,0.142616033755274,0.442194092827004,0.383122362869198
5,932,0,0,0,1,28,174,500,477,1180,0.0,0.0,0.0,0.000847457627119,0.023728813559322,0.147457627118644,0.423728813559322,0.404237288135593
5,933,0,0,0,1,24,159,496,495,1175,0.0,0.0,0.0,0.000851063829787,0.020425531914894,0.13531914893617,0.422127659574468,0.421276595744681
5,934,0,0,0,1,32,178,502,457,1170,0.0,0.0,0.0,0.000854700854701,0.027350427350427,0.152136752136752,0.429059829059829,0.390598290598291
5,935,0,0,0,3,32,164,479,487,1165,0.0,0.0,0.0,0.002575107296137,0.027467811158798,0.140772532188841,0.411158798283262,0.418025751072961
5,936,0,0,0,2,26,161,495,476,1160,0.0,0.0,0.0,0.001724137931034,0.022413793103448,0.138793103448276,0.426724137931034,0.410344827586207
5,937,0,0,0,0,24,184,488,459,1155,0.0,0.0,0.0,0.0,0.020779220779221,0.159307359307359,0.422510822510823,0.397402597402597
5,938,0,0,0,2,25,160,479,484,1150,0.0,0.0,0.0,0.001739130434783,0.021739130434783,0.139130434782609,0.416521739130435,0.420869565217391
5,939,0,0,0,0,20,175,462,488,1145,0.0,0.0,0.0,0.0,0.017467248908297,0.152838427947598,0.403493449781659,0.426200873362445
5,940,0,0,0,1,23,182,480,454,1140,0.0,0.0,0.0,0.000877192982456,0.020175438596491,0.159649122807018,0.421052631578947,0.398245614035088
5,941,0,0,0,0,23,182,468,462,1135,0.0,0.0,0.0,0.0,0.020264317180617,0.160352422907489,0.412334801762115,0.40704845814978
5,942,0,0,0,0,30,157,484,459,1130,0.0,0.0,0.0,0.0,0.026548672566372,0.138938053097345,0.428318584070796,0.406194690265487
5,943,0,0,0,5,32,182,482,424,1125,0.0,0.0,0.0,0.004444444444444,0.028444444444444,0.161777777777778,0.428444444444444,0.376888888888889
5,944,0,0,0,1,22,181,444,472,1120,0.0,0.0,0.0,0.000892857142857,0.019642857142857,0.161607142857143,0.396428571428571,0.421428571428571
5,945,0,0,0,2,27,177,494,415,1115,0.0,0.0,0.0,0.001793721973094,0.024215246636771,0.158744394618834,0.44304932735426,0.37219730941704
5,946,0,0,0,0,12,158,480,460,1110,0.0,0.0,0.0,0.0,0.010810810810811,0.142342342342342,0.432432432432432,0.414414414414414
5,947,0,0,0,2,30,164,479,430,1105,0.0,0.0,0.0,0.001809954751131,0.027149321266968,0.14841628959276,0.433484162895928,0.389140271493213
5,948,0,0,0,1,14,151,468,466,1100,0.0,0.0,0.0,0.000909090909091,0.012727272727273,0.137272727272727,0.425454545454545,0.423636363636364
5,949,0,0,0,1,30,160,466,438,1095,0.0,0.0,0.0,0.000913242009132,0.027397260273973,0.146118721461187,0.425570776255708,0.4
5,950,0,0,0,1,22,150,472,445,1090,0.0,0.0,0.0,0.000917431192661,0.020183486238532,0.137614678899083,0.43302752293578,0.408256880733945
5,951,0,0,0,2,15,175,447,446,1085,0.0,0.0,0.0,0.00184331797235,0.013824884792627,0.161290322580645,0.411981566820276,0.411059907834101
5,952,0,0,0,0,17,173,464,426,1080,0.0,0.0,0.0,0.0,0.015740740740741,0.160185185185185,0.42962962962963,0.394444444444444
5,953,0,0,0,0,20,165,475,415,1075,0.0,0.0,0.0,0.0,0.018604651162791,0.153488372093023,0.441860465116279,0.386046511627907
5,954,0,0,0,2,29,168,454,417,1070,0.0,0.0,0.0,0.001869158878505,0.027102803738318,0.157009345794393,0.424299065420561,0.389719626168224
5,955,0,0,0,0,18,155,450,442,1065,0.0,0.0,0.0,0.0,0.016901408450704,0.145539906103286,0.422535211267606,0.415023474178404
5,956,0,0,0,1,23,162,468,406,1060,0.0,0.0,0.0,0.000943396226415,0.021698113207547,0.152830188679245,0.441509433962264,0.383018867924528
5,957,0,0,0,3,28,196,418,410,1055,0.0,0.0,0.0,0.002843601895735,0.02654028436019,0.185781990521327,0.396208530805687,0.388625592417062
5,958,0,0,0,0,20,167,434,429,1050,0.0,0.0,0.0,0.0,0.019047619047619,0.159047619047619,0.413333333333333,0.408571428571429
5,959,0,0,0,1,24,158,484,378,1045,0.0,0.0,0.0,0.000956937799043,0.022966507177033,0.151196172248804,0.463157894736842,0.361722488038278
5,960,0,0,0,1,18,158,431,432,1040,0.0,0.0,0.0,0.000961538461538,0.017307692307692,0.151923076923077,0.414423076923077,0.415384615384615
5,961,0,0,0,2,26,149,468,390,1035,0.0,0.0,0.0,0.001932367149758,0.02512077294686,0.143961352657005,0.452173913043478,0.376811594202899
5,962,0,0,0,3,23,145,454,405,1030,0.0,0.0,0.0,0.002912621359223,0.022330097087379,0.140776699029126,0.440776699029126,0.393203883495146
5,963,0,0,0,1,25,147,415,437,1025,0.0,0.0,0.0,0.000975609756098,0.024390243902439,0.143414634146341,0.404878048780488,0.426341463414634
5,964,0,0,0,2,22,160,423,413,1020,0.0,0.0,0.0,0.001960784313725,0.02156862745098,0.156862745098039,0.414705882352941,0.404901960784314
5,965,0,0,0,2,20,122,433,438,1015,0.0,0.0,0.0,0.001970443349754,0.019704433497537,0.120197044334975,0.426600985221675,0.431527093596059
5,966,0,0,0,1,21,155,450,383,1010,0.0,0.0,0.0,0.000990099009901,0.020792079207921,0.153465346534653,0.445544554455446,0.379207920792079
5,967,0,0,0,3,22,159,415,406,1005,0.0,0.0,0.0,0.002985074626866,0.021890547263682,0.158208955223881,0.412935323383085,0.403980099502488
5,968,0,0,0,0,30,164,425,381,1000,0.0,0.0,0.0,0.0,0.03,0.164,0.425,0.381
5,969,0,0,0,3,19,167,434,372,995,0.0,0.0,0.0,0.003015075376884,0.019095477386935,0.167839195979899,0.436180904522613,0.373869346733668
5,970,0,0,0,0,20,154,392,424,990,0.0,0.0,0.0,0.0,0.02020202020202,0.155555555555556,0.395959595959596,0.428282828282828
5,971,0,0,0,1,21,159,418,386,985,0.0,0.0,0.0,0.001015228426396,0.021319796954315,0.161421319796954,0.424365482233503,0.391878172588833
5,972,0,0,0,2,16,166,427,369,980,0.0,0.0,0.0,0.002040816326531,0.016326530612245,0.169387755102041,0.435714285714286,0.376530612244898
5,973,0,0,0,0,29,127,388,431,975,0.0,0.0,0.0,0.0,0.02974358974359,0.13025641025641,0.397948717948718,0.442051282051282
5,974,0,0,0,1,31,137,439,362,970,0.0,0.0,0.0,0.001030927835052,0.031958762886598,0.141237113402062,0.452577319587629,0.37319587628866
5,975,0,0,0,1,28,139,435,362,965,0.0,0.0,0.0,0.001036269430052,0.029015544041451,0.144041450777202,0.450777202072539,0.375129533678756
5,976,0,0,0,1,27,146,399,387,960,0.0,0.0,0.0,0.001041666666667,0.028125,0.152083333333333,0.415625,0.403125
5,977,0,0,0,2,21,132,420,380,955,0.0,0.0,0.0,0.002094240837696,0.021989528795812,0.138219895287958,0.43979057591623,0.397905759162304
5,978,0,0,0,3,23,167,383,374,950,0.0,0.0,0.0,0.003157894736842,0.024210526315789,0.175789473684211,0.403157894736842,0.393684210526316
5,979,0,0,0,1,22,146,389,387,945,0.0,0.0,0.0,0.001058201058201,0.023280423280423,0.154497354497354,0.411640211640212,0.40952380952381
5,980,0,0,0,4,19,134,401,382,940,0.0,0.0,0.0,0.004255319148936,0.020212765957447,0.142553191489362,0.426595744680851,0.406382978723404
5,981,0,0,0,0,23,153,372,387,935,0.0,0.0,0.0,0.0,0.024598930481283,0.163636363636364,0.397860962566845,0.413903743315508
5,982,0,0,0,2,23,147,393,365,930,0.0,0.0,0.0,0.002150537634409,0.024731182795699,0.158064516129032,0.42258064516129,0.39247311827957
5,983,0,0,0,2,17,128,400,378,925,0.0,0.0,0.0,0.002162162162162,0.018378378378378,0.138378378378378,0.432432432432432,0.408648648648649
5,984,0,0,0,1,16,130,407,366,920,0.0,0.0,0.0,0.001086956521739,0.017391304347826,0.141304347826087,0.442391304347826,0.397826086956522
5,985,0,0,0,1,18,137,384,375,915,0.0,0.0,0.0,0.001092896174863,0.019672131147541,0.149726775956284,0.419672131147541,0.409836065573771
5,986,0,0,0,1,24,133,396,356,910,0.0,0.0,0.0,0.001098901098901,0.026373626373626,0.146153846153846,0.435164835164835,0.391208791208791
5,987,0,0,0,0,19,136,394,356,905,0.0,0.0,0.0,0.0,0.020994475138122,0.150276243093923,0.435359116022099,0.393370165745856
5,988,0,0,0,1,21,119,373,386,900,0.0,0.0,0.0,0.001111111111111,0.023333333333333,0.132222222222222,0.414444444444444,0.428888888888889
5,989,0,0,0,0,22,136,401,336,895,0.0,0.0,0.0,0.0,0.024581005586592,0.15195530726257,0.44804469273743,0.375418994413408
5,990,0,0,0,1,22,126,376,365,890,0.0,0.0,0.0,0.001123595505618,0.024719101123596,0.141573033707865,0.42247191011236,0.410112359550562
5,991,0,0,0,0,11,128,375,371,885,0.0,0.0,0.0,0.0,0.012429378531073,0.144632768361582,0.423728813559322,0.419209039548023
5,992,0,0,0,1,25,150,382,322,880,0.0,0.0,0.0,0.001136363636364,0.028409090909091,0.170454545454545,0.434090909090909,0.365909090909091
5,993,0,0,0,2,16,102,395,360,875,0.0,0.0,0.0,0.002285714285714,0.018285714285714,0.116571428571429,0.451428571428571,0.411428571428571
5,994,0,0,0,2,20,132,361,355,870,0.0,0.0,0.0,0.002298850574713,0.022988505747126,0.151724137931034,0.414942528735632,0.408045977011494
5,995,0,0,0,1,12,127,391,334,865,0.0,0.0,0.0,0.001156069364162,0.013872832369942,0.146820809248555,0.452023121387283,0.386127167630058
5,996,0,0,0,0,16,132,345,367,860,0.0,0.0,0.0,0.0,0.018604651162791,0.153488372093023,0.401162790697674,0.426744186046512
5,997,0,0,0,0,22,109,370,354,855,0.0,0.0,0.0,0.0,0.025730994152047,0.127485380116959,0.432748538011696,0.414035087719298
5,998,0,0,0,1,13,135,352,349,850,0.0,0.0,0.0,0.001176470588235,0.015294117647059,0.158823529411765,0.414117647058824,0.410588235294118
5,999,0,0,0,1,23,134,362,325,845,0.0,0.0,0.0,0.001183431952663,0.027218934911243,0.158579881656805,0.428402366863905,0.384615384615385
5,1000,0,0,0,2,18,140,346,334,840,0.0,0.0,0.0,0.002380952380952,0.021428571428571,0.166666666666667,0.411904761904762,0.397619047619048
5,1001,0,0,0,1,19,124,380,311,835,0.0,0.0,0.0,0.001197604790419,0.022754491017964,0.148502994011976,0.455089820359281,0.372455089820359
5,1002,0,0,0,1,16,125,363,325,830,0.0,0.0,0.0,0.001204819277108,0.019277108433735,0.150602409638554,0.437349397590361,0.391566265060241
5,1003,0,0,0,2,17,135,343,328,825,0.0,0.0,0.0,0.002424242424242,0.020606060606061,0.163636363636364,0.415757575757576,0.397575757575758
5,1004,0,0,0,2,14,128,337,339,820,0.0,0.0,0.0,0.002439024390244,0.017073170731707,0.15609756097561,0.410975609756098,0.413414634146341
5,1005,0,0,0,1,20,131,378,285,815,0.0,0.0,0.0,0.001226993865031,0.024539877300613,0.160736196319018,0.463803680981595,0.349693251533742
5,1006,0,0,0,1,20,145,344,300,810,0.0,0.0,0.0,0.001234567901235,0.024691358024691,0.179012345679012,0.424691358024691,0.37037037037037
5,1007,0,0,0,0,25,113,351,316,805,0.0,0.0,0.0,0.0,0.031055900621118,0.140372670807453,0.436024844720497,0.392546583850932
5,1008,0,0,0,0,18,126,334,322,800,0.0,0.0,0.0,0.0,0.0225,0.1575,0.4175,0.4025
5,1009,0,0,0,4,20,102,345,324,795,0.0,0.0,0.0,0.005031446540881,0.025157232704403,0.128301886792453,0.433962264150943,0.407547169811321
5,1010,0,0,0,1,19,93,357,320,790,0.0,0.0,0.0,0.00126582278481,0.024050632911392,0.117721518987342,0.451898734177215,0.405063291139241
5,1011,0,0,0,0,13,108,356,308,785,0.0,0.0,0.0,0.0,0.01656050955414,0.137579617834395,0.453503184713376,0.392356687898089
5,1012,0,0,0,1,18,133,313,315,780,0.0,0.0,0.0,0.001282051282051,0.023076923076923,0.170512820512821,0.401282051282051,0.403846153846154
5,1013,0,0,0,0,18,110,333,314,775,0.0,0.0,0.0,0.0,0.023225806451613,0.141935483870968,0.429677419354839,0.405161290322581
5,1014,0,0,0,1,14,132,311,312,770,0.0,0.0,0.0,0.001298701298701,0.018181818181818,0.171428571428571,0.403896103896104,0.405194805194805
5,1015,0,0,0,3,20,96,337,309,765,0.0,0.0,0.0,0.003921568627451,0.026143790849673,0.125490196078431,0.440522875816993,0.403921568627451
5,1016,0,0,0,0,19,135,322,284,760,0.0,0.0,0.0,0.0,0.025,0.177631578947368,0.423684210526316,0.373684210526316
5,1017,0,0,0,1,15,129,315,295,755,0.0,0.0,0.0,0.001324503311258,0.019867549668874,0.170860927152318,0.417218543046358,0.390728476821192
5,1018,0,0,0,1,24,118,314,293,750,0.0,0.0,0.0,0.001333333333333,0.032,0.157333333333333,0.418666666666667,0.390666666666667
5,1019,0,0,0,2,23,102,301,317,745,0.0,0.0,0.0,0.002684563758389,0.030872483221477,0.136912751677852,0.404026845637584,0.425503355704698
5,1020,0,0,0,3,11,120,299,307,740,0.0,0.0,0.0,0.004054054054054,0.014864864864865,0.162162162162162,0.404054054054054,0.414864864864865
5,1021,0,0,0,3,24,98,296,314,735,0.0,0.0,0.0,0.004081632653061,0.03265306122449,0.133333333333333,0.402721088435374,0.427210884353741
5,1022,0,0,0,1,14,107,332,276,730,0.0,0.0,0.0,0.001369863013699,0.019178082191781,0.146575342465753,0.454794520547945,0.378082191780822
5,1023,0,0,1,1,15,118,304,286,725,0.0,0.0,0.001379310344828,0.001379310344828,0.020689655172414,0.162758620689655,0.419310344827586,0.39448275862069
5,1024,0,0,0,1,14,116,310,279,720,0.0,0.0,0.0,0.001388888888889,0.019444444444444,0.161111111111111,0.430555555555556,0.3875
5,1025,0,0,0,0,17,93,294,311,715,0.0,0.0,0.0,0.0,0.023776223776224,0.13006993006993,0.411188811188811,0.434965034965035
5,1026,0,0,0,1,10,122,291,286,710,0.0,0.0,0.0,0.001408450704225,0.014084507042254,0.171830985915493,0.409859154929577,0.402816901408451
5,1027,0,0,0,2,13,125,300,265,705,0.0,0.0,0.0,0.002836879432624,0.018439716312057,0.177304964539007,0.425531914893617,0.375886524822695
5,1028,0,0,0,1,22,86,287,304,700,0.0,0.0,0.0,0.001428571428571,0.031428571428571,0.122857142857143,0.41,0.434285714285714
5,1029,0,0,0,0,18,101,304,272,695,0.0,0.0,0.0,0.0,0.02589928057554,0.145323741007194,0.437410071942446,0.39136690647482
5,1030,0,0,0,0,15,105,284,286,690,0.0,0.0,0.0,0.0,0.021739130434783,0.152173913043478,0.411594202898551,0.414492753623188
5,1031,0,0,0,2,15,96,308,264,685,0.0,0.0,0.0,0.002919708029197,0.021897810218978,0.14014598540146,0.44963503649635,0.385401459854015
5,1032,0,0,0,0,14,97,301,268,680,0.0,0.0,0.0,0.0,0.020588235294118,0.142647058823529,0.442647058823529,0.394117647058824
5,1033,0,0,0,1,13,102,304,255,675,0.0,0.0,0.0,0.001481481481481,0.019259259259259,0.151111111111111,0.45037037037037,0.377777777777778
5,1034,0,0,0,0,20,91,269,290,670,0.0,0.0,0.0,0.0,0.029850746268657,0.135820895522388,0.401492537313433,0.432835820895522
5,1035,0,0,0,1,12,99,286,267,665,0.0,0.0,0.0,0.001503759398496,0.018045112781955,0.148872180451128,0.430075187969925,0.401503759398496
5,1036,0,0,0,0,11,95,304,250,660,0.0,0.0,0.0,0.0,0.016666666666667,0.143939393939394,0.460606060606061,0.378787878787879
5,1037,0,0,0,1,10,95,267,282,655,0.0,0.0,0.0,0.001526717557252,0.015267175572519,0.145038167938931,0.40763358778626,0.430534351145038
5,1038,0,0,0,0,11,100,276,263,650,0.0,0.0,0.0,0.0,0.016923076923077,0.153846153846154,0.424615384615385,0.404615384615385
5,1039,0,0,0,0,18,94,248,285,645,0.0,0.0,0.0,0.0,0.027906976744186,0.145736434108527,0.384496124031008,0.441860465116279
5,1040,0,0,0,1,9,117,256,257,640,0.0,0.0,0.0,0.0015625,0.0140625,0.1828125,0.4,0.4015625
5,1041,0,0,0,0,11,95,261,268,635,0.0,0.0,0.0,0.0,0.017322834645669,0.149606299212598,0.411023622047244,0.422047244094488
5,1042,0,0,0,0,11,96,272,251,630,0.0,0.0,0.0,0.0,0.017460317460317,0.152380952380952,0.431746031746032,0.398412698412698
5,1043,0,0,0,1,10,89,271,254,625,0.0,0.0,0.0,0.0016,0.016,0.1424,0.4336,0.4064
5,1044,0,0,0,0,18,98,267,237,620,0.0,0.0,0.0,0.0,0.029032258064516,0.158064516129032,0.430645161290323,0.382258064516129
5,1045,0,0,0,0,9,97,264,245,615,0.0,0.0,0.0,0.0,0.014634146341463,0.157723577235772,0.429268292682927,0.398373983739837
5,1046,0,0,0,0,12,103,263,232,610,0.0,0.0,0.0,0.0,0.019672131147541,0.168852459016393,0.431147540983607,0.380327868852459
5,1047,0,0,0,2,9,85,254,255,605,0.0,0.0,0.0,0.003305785123967,0.014876033057851,0.140495867768595,0.419834710743802,0.421487603305785
5,1048,0,0,0,3,11,85,265,236,600,0.0,0.0,0.0,0.005,0.018333333333333,0.141666666666667,0.441666666666667,0.393333333333333
5,1049,0,0,0,1,9,76,268,241,595,0.0,0.0,0.0,0.001680672268908,0.015126050420168,0.127731092436975,0.450420168067227,0.405042016806723
5,1050,0,0,0,1,12,86,248,243,590,0.0,0.0,0.0,0.001694915254237,0.020338983050847,0.145762711864407,0.420338983050847,0.411864406779661
5,1051,0,0,0,0,11,81,267,226,585,0.0,0.0,0.0,0.0,0.018803418803419,0.138461538461538,0.456410256410256,0.386324786324786
5,1052,0,0,0,1,7,85,247,240,580,0.0,0.0,0.0,0.001724137931034,0.012068965517241,0.146551724137931,0.425862068965517,0.413793103448276
5,1053,0,0,0,0,11,83,240,241,575,0.0,0.0,0.0,0.0,0.019130434782609,0.144347826086957,0.417391304347826,0.419130434782609
5,1054,0,0,1,0,10,90,235,234,570,0.0,0.0,0.001754385964912,0.0,0.017543859649123,0.157894736842105,0.412280701754386,0.410526315789474
5,1055,0,0,0,1,10,92,243,219,565,0.0,0.0,0.0,0.001769911504425,0.017699115044248,0.16283185840708,0.430088495575221,0.387610619469027
5,1056,0,0,0,1,8,93,231,227,560,0.0,0.0,0.0,0.001785714285714,0.014285714285714,0.166071428571429,0.4125,0.405357142857143
5,1057,0,0,0,0,7,78,240,230,555,0.0,0.0,0.0,0.0,0.012612612612613,0.140540540540541,0.432432432432432,0.414414414414414
5,1058,0,0,0,0,15,95,222,218,550,0.0,0.0,0.0,0.0,0.027272727272727,0.172727272727273,0.403636363636364,0.396363636363636
5,1059,0,0,0,1,14,83,240,207,545,0.0,0.0,0.0,0.001834862385321,0.025688073394495,0.152293577981651,0.440366972477064,0.379816513761468
5,1060,0,0,0,2,8,61,230,239,540,0.0,0.0,0.0,0.003703703703704,0.014814814814815,0.112962962962963,0.425925925925926,0.442592592592593
5,1061,0,0,0,0,14,79,253,189,535,0.0,0.0,0.0,0.0,0.026168224299065,0.147663551401869,0.472897196261682,0.353271028037383
5,1062,0,0,0,0,7,89,201,233,530,0.0,0.0,0.0,0.0,0.013207547169811,0.167924528301887,0.379245283018868,0.439622641509434
5,1063,0,0,0,1,10,86,216,212,525,0.0,0.0,0.0,0.001904761904762,0.019047619047619,0.163809523809524,0.411428571428571,0.403809523809524
5,1064,0,0,0,1,4,86,226,203,520,0.0,0.0,0.0,0.001923076923077,0.007692307692308,0.165384615384615,0.434615384615385,0.390384615384615
5,1065,0,0,0,1,14,70,212,218,515,0.0,0.0,0.0,0.001941747572816,0.027184466019417,0.135922330097087,0.411650485436893,0.423300970873786
5,1066,0,0,0,1,19,83,213,194,510,0.0,0.0,0.0,0.001960784313725,0.037254901960784,0.162745098039216,0.417647058823529,0.380392156862745
5,1067,0,0,0,1,9,82,236,177,505,0.0,0.0,0.0,0.001980198019802,0.017821782178218,0.162376237623762,0.467326732673267,0.35049504950495
5,1068,0,0,0,2,14,74,207,203,500,0.0,0.0,0.0,0.004,0.028,0.148,0.414,0.406
5,1069,0,0,0,0,10,72,216,197,495,0.0,0.0,0.0,0.0,0.02020202020202,0.145454545454545,0.436363636363636,0.397979797979798
5,1070,0,0,0,0,13,64,196,217,490,0.0,0.0,0.0,0.0,0.026530612244898,0.130612244897959,0.4,0.442857142857143
5,1071,0,0,0,0,12,71,204,198,485,0.0,0.0,0.0,0.0,0.024742268041237,0.14639175257732,0.420618556701031,0.408247422680412
5,1072,0,0,0,0,9,88,202,181,480,0.0,0.0,0.0,0.0,0.01875,0.183333333333333,0.420833333333333,0.377083333333333
5,1073,0,0,0,0,8,73,218,176,475,0.0,0.0,0.0,0.0,0.016842105263158,0.153684210526316,0.458947368421053,0.370526315789474
5,1074,0,0,0,2,10,76,188,194,470,0.0,0.0,0.0,0.004255319148936,0.021276595744681,0.161702127659574,0.4,0.412765957446808
5,1075,0,0,0,0,7,57,202,199,465,0.0,0.0,0.0,0.0,0.01505376344086,0.12258064516129,0.434408602150538,0.427956989247312
5,1076,0,0,0,2,16,63,192,187,460,0.0,0.0,0.0,0.004347826086957,0.034782608695652,0.13695652173913,0.417391304347826,0.406521739130435
5,1077,0,0,0,0,12,61,194,188,455,0.0,0.0,0.0,0.0,0.026373626373626,0.134065934065934,0.426373626373626,0.413186813186813
5,1078,0,0,0,0,11,67,195,177,450,0.0,0.0,0.0,0.0,0.024444444444444,0.148888888888889,0.433333333333333,0.393333333333333
5,1079,0,0,0,0,13,58,202,172,445,0.0,0.0,0.0,0.0,0.029213483146067,0.130337078651685,0.453932584269663,0.386516853932584
5,1080,0,0,0,0,10,92,163,175,440,0.0,0.0,0.0,0.0,0.022727272727273,0.209090909090909,0.370454545454545,0.397727272727273
5,1081,0,0,0,0,7,64,186,178,435,0.0,0.0,0.0,0.0,0.016091954022989,0.147126436781609,0.427586206896552,0.409195402298851
5,1082,0,0,0,0,8,64,194,164,430,0.0,0.0,0.0,0.0,0.018604651162791,0.148837209302326,0.451162790697674,0.381395348837209
5,1083,0,0,0,0,5,81,174,165,425,0.0,0.0,0.0,0.0,0.011764705882353,0.190588235294118,0.409411764705882,0.388235294117647
5,1084,0,0,0,0,13,60,155,192,420,0.0,0.0,0.0,0.0,0.030952380952381,0.142857142857143,0.369047619047619,0.457142857142857
5,1085,0,0,0,0,13,55,197,150,415,0.0,0.0,0.0,0.0,0.031325301204819,0.132530120481928,0.474698795180723,0.36144578313253
5,1086,0,0,0,1,8,66,158,177,410,0.0,0.0,0.0,0.002439024390244,0.019512195121951,0.160975609756098,0.385365853658537,0.431707317073171
5,1087,0,0,0,0,18,55,187,145,405,0.0,0.0,0.0,0.0,0.044444444444444,0.135802469135802,0.461728395061728,0.358024691358025
5,1088,0,0,0,1,12,51,177,159,400,0.0,0.0,0.0,0.0025,0.03,0.1275,0.4425,0.3975
5,1089,0,0,0,2,9,64,164,156,395,0.0,0.0,0.0,0.005063291139241,0.022784810126582,0.162025316455696,0.415189873417722,0.394936708860759
5,1090,0,0,0,0,7,71,145,167,390,0.0,0.0,0.0,0.0,0.017948717948718,0.182051282051282,0.371794871794872,0.428205128205128
5,1091,0,0,0,0,11,59,151,164,385,0.0,0.0,0.0,0.0,0.028571428571429,0.153246753246753,0.392207792207792,0.425974025974026
5,1092,0,0,0,0,10,46,168,156,380,0.0,0.0,0.0,0.0,0.026315789473684,0.121052631578947,0.442105263157895,0.410526315789474
5,1093,0,0,0,1,8,60,153,153,375,0.0,0.0,0.0,0.002666666666667,0.021333333333333,0.16,0.408,0.408
5,1094,0,0,0,0,10,43,162,155,370,0.0,0.0,0.0,0.0,0.027027027027027,0.116216216216216,0.437837837837838,0.418918918918919
5,1095,0,0,0,0,8,56,153,148,365,0.0,0.0,0.0,0.0,0.021917808219178,0.153424657534247,0.419178082191781,0.405479452054795
5,1096,0,0,0,1,9,53,147,150,360,0.0,0.0,0.0,0.002777777777778,0.025,0.147222222222222,0.408333333333333,0.416666666666667
5,1097,0,0,0,2,10,45,157,141,355,0.0,0.0,0.0,0.005633802816901,0.028169014084507,0.126760563380282,0.442253521126761,0.397183098591549
5,1098,0,0,0,0,13,37,172,128,350,0.0,0.0,0.0,0.0,0.037142857142857,0.105714285714286,0.491428571428571,0.365714285714286
5,1099,0,0,0,1,11,51,157,125,345,0.0,0.0,0.0,0.002898550724638,0.031884057971014,0.147826086956522,0.455072463768116,0.36231884057971
5,1100,0,0,0,0,12,48,146,134,340,0.0,0.0,0.0,0.0,0.035294117647059,0.141176470588235,0.429411764705882,0.394117647058824
5,1101,0,0,0,0,9,42,145,139,335,0.0,0.0,0.0,0.0,0.026865671641791,0.125373134328358,0.432835820895522,0.414925373134328
5,1102,0,0,0,0,4,50,142,134,330,0.0,0.0,0.0,0.0,0.012121212121212,0.151515151515152,0.43030303030303,0.406060606060606
5,1103,0,0,0,1,7,45,136,136,325,0.0,0.0,0.0,0.003076923076923,0.021538461538462,0.138461538461538,0.418461538461538,0.418461538461538
5,1104,0,0,0,0,6,52,130,132,320,0.0,0.0,0.0,0.0,0.01875,0.1625,0.40625,0.4125
5,1105,0,0,0,1,8,54,139,113,315,0.0,0.0,0.0,0.003174603174603,0.025396825396825,0.171428571428571,0.441269841269841,0.358730158730159
5,1106,0,0,0,0,11,42,137,120,310,0.0,0.0,0.0,0.0,0.035483870967742,0.135483870967742,0.441935483870968,0.387096774193548
5,1107,0,0,0,0,9,47,125,124,305,0.0,0.0,0.0,0.0,0.029508196721311,0.154098360655738,0.409836065573771,0.40655737704918
5,1108,0,0,0,0,14,51,124,111,300,0.0,0.0,0.0,0.0,0.046666666666667,0.17,0.413333333333333,0.37
5,1109,0,0,0,0,4,50,114,127,295,0.0,0.0,0.0,0.0,0.013559322033898,0.169491525423729,0.386440677966102,0.430508474576271
5,1110,0,0,0,0,11,37,119,123,290,0.0,0.0,0.0,0.0,0.037931034482759,0.127586206896552,0.410344827586207,0.424137931034483
5,1111,0,0,0,0,7,38,131,109,285,0.0,0.0,0.0,0.0,0.024561403508772,0.133333333333333,0.459649122807018,0.382456140350877
5,1112,0,0,0,1,7,43,120,109,280,0.0,0.0,0.0,0.003571428571429,0.025,0.153571428571429,0.428571428571429,0.389285714285714
5,1113,0,0,0,0,3,41,103,128,275,0.0,0.0,0.0,0.0,0.010909090909091,0.149090909090909,0.374545454545455,0.465454545454545
5,1114,0,0,0,0,2,46,113,109,270,0.0,0.0,0.0,0.0,0.007407407407407,0.17037037037037,0.418518518518519,0.403703703703704
5,1115,0,0,0,1,6,47,114,97,265,0.0,0.0,0.0,0.00377358490566,0.022641509433962,0.177358490566038,0.430188679245283,0.366037735849057
5,1116,0,0,0,0,5,30,113,112,260,0.0,0.0,0.0,0.0,0.019230769230769,0.115384615384615,0.434615384615385,0.430769230769231
5,1117,0,0,0,0,5,42,91,117,255,0.0,0.0,0.0,0.0,0.019607843137255,0.164705882352941,0.356862745098039,0.458823529411765
5,1118,0,0,0,0,3,38,115,94,250,0.0,0.0,0.0,0.0,0.012,0.152,0.46,0.376
5,1119,0,0,0,0,7,29,106,103,245,0.0,0.0,0.0,0.0,0.028571428571429,0.118367346938776,0.43265306122449,0.420408163265306
5,1120,0,0,0,1,8,36,106,89,240,0.0,0.0,0.0,0.004166666666667,0.033333333333333,0.15,0.441666666666667,0.370833333333333
5,1121,0,0,0,0,3,34,99,99,235,0.0,0.0,0.0,0.0,0.012765957446809,0.14468085106383,0.421276595744681,0.421276595744681
5,1122,0,0,0,0,4,34,108,84,230,0.0,0.0,0.0,0.0,0.017391304347826,0.147826086956522,0.469565217391304,0.365217391304348
5,1123,0,0,0,1,6,28,92,98,225,0.0,0.0,0.0,0.004444444444444,0.026666666666667,0.124444444444444,0.408888888888889,0.435555555555556
5,1124,0,0,0,0,6,31,95,88,220,0.0,0.0,0.0,0.0,0.027272727272727,0.140909090909091,0.431818181818182,0.4
5,1125,0,0,0,0,6,32,94,83,215,0.0,0.0,0.0,0.0,0.027906976744186,0.148837209302326,0.437209302325581,0.386046511627907
5,1126,0,0,0,0,1,32,84,93,210,0.0,0.0,0.0,0.0,0.004761904761905,0.152380952380952,0.4,0.442857142857143
5,1127,0,0,0,3,4,27,90,81,205,0.0,0.0,0.0,0.014634146341463,0.019512195121951,0.131707317073171,0.439024390243902,0.395121951219512
5,1128,0,0,0,1,3,30,101,65,200,0.0,0.0,0.0,0.005,0.015,0.15,0.505,0.325
5,1129,0,0,0,0,7,29,74,85,195,0.0,0.0,0.0,0.0,0.035897435897436,0.148717948717949,0.379487179487179,0.435897435897436
5,1130,0,0,0,0,6,20,75,89,190,0.0,0.0,0.0,0.0,0.031578947368421,0.105263157894737,0.394736842105263,0.468421052631579
5,1131,0,0,0,1,4,22,84,74,185,0.0,0.0,0.0,0.005405405405405,0.021621621621622,0.118918918918919,0.454054054054054,0.4
5,1132,0,0,0,0,3,31,71,75,180,0.0,0.0,0.0,0.0,0.016666666666667,0.172222222222222,0.394444444444444,0.416666666666667
5,1133,0,0,0,0,2,20,83,70,175,0.0,0.0,0.0,0.0,0.011428571428571,0.114285714285714,0.474285714285714,0.4
5,1134,0,0,0,0,2,24,67,77,170,0.0,0.0,0.0,0.0,0.011764705882353,0.141176470588235,0.394117647058824,0.452941176470588
5,1135,0,0,0,0,5,23,73,64,165,0.0,0.0,0.0,0.0,0.03030303030303,0.139393939393939,0.442424242424242,0.387878787878788
5,1136,0,0,0,0,5,27,63,65,160,0.0,0.0,0.0,0.0,0.03125,0.16875,0.39375,0.40625
5,1137,0,0,0,0,1,28,64,62,155,0.0,0.0,0.0,0.0,0.006451612903226,0.180645161290323,0.412903225806452,0.4
5,1138,0,0,0,1,7,23,64,55,150,0.0,0.0,0.0,0.006666666666667,0.046666666666667,0.153333333333333,0.426666666666667,0.366666666666667
5,1139,0,0,0,0,4,22,68,51,145,0.0,0.0,0.0,0.0,0.027586206896552,0.151724137931034,0.468965517241379,0.351724137931034
5,1140,0,0,0,0,2,20,70,48,140,0.0,0.0,0.0,0.0,0.014285714285714,0.142857142857143,0.5,0.342857142857143
5,1141,0,0,0,0,4,20,55,56,135,0.0,0.0,0.0,0.0,0.02962962962963,0.148148148148148,0.407407407407407,0.414814814814815
5,1142,0,0,0,0,2,17,68,43,130,0.0,0.0,0.0,0.0,0.015384615384615,0.130769230769231,0.523076923076923,0.330769230769231
5,1143,0,0,0,1,2,12,55,55,125,0.0,0.0,0.0,0.008,0.016,0.096,0.44,0.44
5,1144,0,0,0,0,1,20,49,50,120,0.0,0.0,0.0,0.0,0.008333333333333,0.166666666666667,0.408333333333333,0.416666666666667
5,1145,0,0,0,1,2,24,56,32,115,0.0,0.0,0.0,0.008695652173913,0.017391304347826,0.208695652173913,0.48695652173913,0.278260869565217
5,1146,0,0,0,0,0,15,48,47,110,0.0,0.0,0.0,0.0,0.0,0.136363636363636,0.436363636363636,0.427272727272727
5,1147,0,0,0,1,1,16,45,42,105,0.0,0.0,0.0,0.00952380952381,0.00952380952381,0.152380952380952,0.428571428571429,0.4
5,1148,0,0,0,0,2,16,41,41,100,0.0,0.0,0.0,0.0,0.02,0.16,0.41,0.41
5,1149,0,0,0,0,0,22,41,32,95,0.0,0.0,0.0,0.0,0.0,0.231578947368421,0.431578947368421,0.336842105263158
5,1150,0,0,0,0,1,17,40,32,90,0.0,0.0,0.0,0.0,0.011111111111111,0.188888888888889,0.444444444444444,0.355555555555556
5,1151,0,0,0,0,2,10,41,32,85,0.0,0.0,0.0,0.0,0.023529411764706,0.117647058823529,0.482352941176471,0.376470588235294
5,1152,0,0,0,0,1,8,42,29,80,0.0,0.0,0.0,0.0,0.0125,0.1,0.525,0.3625
5,1153,0,0,0,0,1,9,28,37,75,0.0,0.0,0.0,0.0,0.013333333333333,0.12,0.373333333333333,0.493333333333333
5,1154,0,0,0,0,1,7,33,29,70,0.0,0.0,0.0,0.0,0.014285714285714,0.1,0.471428571428571,0.414285714285714
5,1155,0,0,0,0,2,11,23,29,65,0.0,0.0,0.0,0.0,0.030769230769231,0.169230769230769,0.353846153846154,0.446153846153846
5,1156,0,0,0,0,2,8,28,22,60,0.0,0.0,0.0,0.0,0.033333333333333,0.133333333333333,0.466666666666667,0.366666666666667
5,1157,0,0,0,1,0,4,27,23,55,0.0,0.0,0.0,0.018181818181818,0.0,0.072727272727273,0.490909090909091,0.418181818181818
5,1158,0,0,0,0,1,10,28,11,50,0.0,0.0,0.0,0.0,0.02,0.2,0.56,0.22
5,1159,0,0,0,0,1,5,24,15,45,0.0,0.0,0.0,0.0,0.022222222222222,0.111111111111111,0.533333333333333,0.333333333333333
5,1160,0,0,0,0,0,9,20,11,40,0.0,0.0,0.0,0.0,0.0,0.225,0.5,0.275
5,1161,0,0,0,0,1,5,11,18,35,0.0,0.0,0.0,0.0,0.028571428571429,0.142857142857143,0.314285714285714,0.514285714285714
5,1162,0,0,0,0,1,3,13,13,30,0.0,0.0,0.0,0.0,0.033333333333333,0.1,0.433333333333333,0.433333333333333
5,1163,0,0,0,0,0,1,13,11,25,0.0,0.0,0.0,0.0,0.0,0.04,0.52,0.44
5,1164,0,0,0,0,0,2,8,10,20,0.0,0.0,0.0,0.0,0.0,0.1,0.4,0.5
5,1165,0,0,0,0,1,2,8,4,15,0.0,0.0,0.0,0.0,0.066666666666667,0.133333333333333,0.533333333333333,0.266666666666667
5,1166,0,0,0,0,0,1,3,6,10,0.0,0.0,0.0,0.0,0.0,0.1,0.3,0.6
5,1167,0,0,0,0,0,0,2,3,5,0.0,0.0,0.0,0.0,0.0,0.0,0.4,0.6
