반복번호,window_size,1등,2등,3등,4등,5등,2개맞음,1개맞음,0개맞음,총시행수,1등확률,2등확률,3등확률,4등확률,5등확률,2개맞은 확률,1개맞은 확률,0개 맞은 확률
1,1,0,0,0,10,115,980,2460,2270,5835,0.0,0.0,0.0,0.001713796058269,0.019708654670094,0.167952013710368,0.42159383033419,0.389031705227078
1,2,0,0,0,5,155,908,2554,2208,5830,0.0,0.0,0.0,0.000857632933105,0.026586620926244,0.155746140651801,0.438078902229846,0.378730703259005
1,3,0,0,1,12,162,973,2390,2287,5825,0.0,0.0,0.000171673819742,0.00206008583691,0.027811158798283,0.167038626609442,0.410300429184549,0.392618025751073
1,4,0,0,0,4,150,952,2462,2252,5820,0.0,0.0,0.0,0.000687285223368,0.025773195876289,0.163573883161512,0.423024054982818,0.386941580756014
1,5,0,0,1,17,136,946,2484,2231,5815,0.0,0.0,0.000171969045572,0.002923473774721,0.023387790197764,0.16268271711092,0.427171109200344,0.383662940670679
1,6,0,0,0,8,143,919,2455,2285,5810,0.0,0.0,0.0,0.001376936316695,0.024612736660929,0.158175559380379,0.422547332185886,0.39328743545611
1,7,0,0,0,11,141,873,2482,2298,5805,0.0,0.0,0.0,0.001894918173988,0.024289405684755,0.150387596899225,0.427562446167097,0.395865633074935
1,8,0,0,0,11,126,884,2460,2319,5800,0.0,0.0,0.0,0.001896551724138,0.021724137931034,0.152413793103448,0.424137931034483,0.399827586206897
1,9,0,0,0,10,151,844,2402,2388,5795,0.0,0.0,0.0,0.001725625539258,0.026056945642796,0.145642795513374,0.414495254529767,0.412079378774806
1,10,0,0,0,9,143,907,2425,2306,5790,0.0,0.0,0.0,0.001554404145078,0.024697754749568,0.156649395509499,0.418825561312608,0.398272884283247
1,11,0,1,0,8,143,877,2481,2275,5785,0.0,0.000172860847018,0.0,0.001382886776145,0.024719101123596,0.151598962834918,0.428867761452031,0.393258426966292
1,12,0,0,0,9,132,872,2476,2291,5780,0.0,0.0,0.0,0.001557093425606,0.022837370242215,0.150865051903114,0.428373702422145,0.39636678200692
1,13,0,0,0,7,122,910,2474,2262,5775,0.0,0.0,0.0,0.001212121212121,0.021125541125541,0.157575757575758,0.428398268398268,0.391688311688312
1,14,0,0,2,5,122,815,2474,2352,5770,0.0,0.0,0.000346620450607,0.000866551126516,0.021143847487002,0.141247833622184,0.428769497400347,0.407625649913345
1,15,0,0,1,3,116,908,2455,2282,5765,0.0,0.0,0.000173460537728,0.000520381613183,0.020121422376409,0.157502168256722,0.425845620121422,0.395836947094536
1,16,0,0,0,4,117,915,2451,2273,5760,0.0,0.0,0.0,0.000694444444444,0.0203125,0.158854166666667,0.425520833333333,0.394618055555556
1,17,0,0,0,10,132,875,2426,2312,5755,0.0,0.0,0.0,0.001737619461338,0.022936576889661,0.152041702867072,0.421546481320591,0.401737619461338
1,18,0,0,1,9,151,843,2472,2274,5750,0.0,0.0,0.000173913043478,0.001565217391304,0.026260869565217,0.146608695652174,0.429913043478261,0.395478260869565
1,19,0,0,0,7,139,859,2473,2267,5745,0.0,0.0,0.0,0.001218450826806,0.024194952132289,0.149521322889469,0.430461270670148,0.394604003481288
1,20,0,0,0,8,140,857,2495,2240,5740,0.0,0.0,0.0,0.001393728222997,0.024390243902439,0.149303135888502,0.434668989547038,0.390243902439024
1,21,0,0,0,6,139,828,2438,2324,5735,0.0,0.0,0.0,0.00104620749782,0.024237140366173,0.144376634699215,0.42510897994769,0.405231037489102
1,22,0,0,0,4,144,897,2461,2224,5730,0.0,0.0,0.0,0.000698080279232,0.025130890052356,0.156544502617801,0.429493891797557,0.388132635253054
1,23,0,0,0,8,139,877,2401,2300,5725,0.0,0.0,0.0,0.001397379912664,0.024279475982533,0.153187772925764,0.41938864628821,0.40174672489083
1,24,0,0,1,1,100,892,2410,2316,5720,0.0,0.0,0.000174825174825,0.000174825174825,0.017482517482517,0.155944055944056,0.421328671328671,0.404895104895105
1,25,0,0,1,9,120,848,2465,2272,5715,0.0,0.0,0.000174978127734,0.001574803149606,0.020997375328084,0.14838145231846,0.431321084864392,0.397550306211724
1,26,0,0,1,7,137,886,2417,2262,5710,0.0,0.0,0.000175131348511,0.00122591943958,0.02399299474606,0.155166374781086,0.423292469352014,0.39614711033275
1,27,0,0,0,4,128,857,2474,2242,5705,0.0,0.0,0.0,0.000701139351446,0.022436459246275,0.150219106047327,0.433654688869413,0.392988606485539
1,28,0,0,0,8,146,894,2378,2274,5700,0.0,0.0,0.0,0.00140350877193,0.025614035087719,0.156842105263158,0.41719298245614,0.398947368421053
1,29,0,0,0,5,142,830,2478,2240,5695,0.0,0.0,0.0,0.000877963125549,0.024934152765584,0.145741878841089,0.435118525021949,0.39332748024583
1,30,0,0,0,6,122,851,2446,2265,5690,0.0,0.0,0.0,0.001054481546573,0.021441124780316,0.149560632688928,0.4298769771529,0.398066783831283
1,31,0,0,0,6,134,895,2407,2243,5685,0.0,0.0,0.0,0.001055408970976,0.023570800351803,0.157431838170624,0.42339489885664,0.394547053649956
1,32,0,0,0,7,128,855,2465,2225,5680,0.0,0.0,0.0,0.001232394366197,0.022535211267606,0.150528169014085,0.433978873239437,0.391725352112676
1,33,0,0,0,7,126,878,2394,2270,5675,0.0,0.0,0.0,0.001233480176211,0.022202643171806,0.154713656387665,0.421850220264317,0.4
1,34,0,0,1,5,127,862,2420,2255,5670,0.0,0.0,0.000176366843034,0.000881834215168,0.022398589065256,0.152028218694885,0.426807760141093,0.397707231040564
1,35,0,0,0,7,133,854,2376,2295,5665,0.0,0.0,0.0,0.001235657546337,0.023477493380406,0.150750220653133,0.419417475728155,0.405119152691968
1,36,0,0,1,7,125,862,2424,2241,5660,0.0,0.0,0.00017667844523,0.001236749116608,0.02208480565371,0.152296819787986,0.428268551236749,0.395936395759717
1,37,0,0,0,4,123,853,2365,2310,5655,0.0,0.0,0.0,0.000707338638373,0.021750663129973,0.150839964633068,0.418213969938108,0.408488063660477
1,38,0,0,0,6,133,845,2332,2334,5650,0.0,0.0,0.0,0.001061946902655,0.02353982300885,0.149557522123894,0.412743362831858,0.413097345132743
1,39,0,0,0,12,134,837,2443,2219,5645,0.0,0.0,0.0,0.002125775022143,0.023737821080602,0.148272807794508,0.432772364924712,0.393091231178034
1,40,0,0,0,8,147,810,2384,2291,5640,0.0,0.0,0.0,0.001418439716312,0.026063829787234,0.143617021276596,0.422695035460993,0.406205673758865
1,41,0,0,0,10,139,816,2384,2286,5635,0.0,0.0,0.0,0.001774622892635,0.024667258207631,0.144809228039042,0.423070097604259,0.405678793256433
1,42,0,0,0,6,123,818,2437,2246,5630,0.0,0.0,0.0,0.001065719360568,0.021847246891652,0.145293072824156,0.432859680284192,0.398934280639432
1,43,0,0,0,2,139,842,2436,2206,5625,0.0,0.0,0.0,0.000355555555556,0.024711111111111,0.149688888888889,0.433066666666667,0.392177777777778
1,44,0,0,1,6,124,894,2281,2314,5620,0.0,0.0,0.00017793594306,0.001067615658363,0.022064056939502,0.159074733096085,0.405871886120996,0.411743772241993
1,45,0,0,0,7,133,841,2380,2254,5615,0.0,0.0,0.0,0.001246660730187,0.023686553873553,0.149777382012467,0.42386464826358,0.401424755120214
1,46,0,0,0,7,121,839,2376,2267,5610,0.0,0.0,0.0,0.001247771836007,0.02156862745098,0.149554367201426,0.423529411764706,0.404099821746881
1,47,0,0,0,6,127,793,2324,2355,5605,0.0,0.0,0.0,0.00107047279215,0.022658340767172,0.141480820695807,0.414629794826048,0.420160570918822
1,48,0,0,0,5,128,872,2326,2269,5600,0.0,0.0,0.0,0.000892857142857,0.022857142857143,0.155714285714286,0.415357142857143,0.405178571428571
1,49,0,0,0,9,135,886,2320,2245,5595,0.0,0.0,0.0,0.001608579088472,0.024128686327078,0.158355674709562,0.414655942806077,0.401251117068811
1,50,0,0,1,12,122,837,2358,2260,5590,0.0,0.0,0.000178890876565,0.002146690518784,0.021824686940966,0.149731663685152,0.421824686940966,0.404293381037567
1,51,0,0,1,10,130,834,2360,2250,5585,0.0,0.0,0.000179051029543,0.001790510295434,0.023276633840645,0.149328558639212,0.422560429722471,0.402864816472695
1,52,0,0,0,6,125,844,2404,2201,5580,0.0,0.0,0.0,0.001075268817204,0.022401433691756,0.151254480286738,0.430824372759857,0.394444444444444
1,53,0,0,0,3,116,866,2381,2209,5575,0.0,0.0,0.0,0.000538116591928,0.020807174887892,0.155336322869955,0.427085201793722,0.396233183856502
1,54,0,0,0,11,136,854,2373,2196,5570,0.0,0.0,0.0,0.00197486535009,0.024416517055655,0.153321364452424,0.426032315978456,0.394254937163375
1,55,0,0,1,8,120,860,2365,2211,5565,0.0,0.0,0.000179694519317,0.001437556154537,0.021563342318059,0.154537286612758,0.424977538185085,0.397304582210243
1,56,0,0,1,12,120,857,2372,2198,5560,0.0,0.0,0.000179856115108,0.002158273381295,0.02158273381295,0.154136690647482,0.426618705035971,0.395323741007194
1,57,0,0,0,10,140,813,2401,2191,5555,0.0,0.0,0.0,0.001800180018002,0.025202520252025,0.146354635463546,0.432223222322232,0.394419441944194
1,58,0,0,0,8,124,873,2345,2200,5550,0.0,0.0,0.0,0.001441441441441,0.022342342342342,0.157297297297297,0.422522522522523,0.396396396396396
1,59,0,0,0,8,114,821,2336,2266,5545,0.0,0.0,0.0,0.001442741208296,0.020559062218215,0.148061316501353,0.421280432822362,0.408656447249775
1,60,0,0,0,6,137,852,2336,2209,5540,0.0,0.0,0.0,0.001083032490975,0.024729241877256,0.153790613718412,0.421660649819495,0.398736462093863
1,61,0,0,0,7,124,815,2411,2178,5535,0.0,0.0,0.0,0.00126467931346,0.022402890695574,0.147244805781391,0.435591689250226,0.39349593495935
1,62,0,0,0,14,142,875,2332,2167,5530,0.0,0.0,0.0,0.00253164556962,0.025678119349005,0.158227848101266,0.421699819168174,0.391862567811935
1,63,0,0,0,5,128,856,2397,2139,5525,0.0,0.0,0.0,0.000904977375566,0.02316742081448,0.154932126696833,0.433846153846154,0.387149321266968
1,64,0,0,0,6,117,883,2334,2180,5520,0.0,0.0,0.0,0.001086956521739,0.021195652173913,0.159963768115942,0.422826086956522,0.394927536231884
1,65,0,0,0,11,120,815,2315,2254,5515,0.0,0.0,0.0,0.001994560290118,0.021758839528558,0.14777878513146,0.419764279238441,0.408703535811423
1,66,0,0,0,7,123,844,2348,2188,5510,0.0,0.0,0.0,0.001270417422868,0.022323049001815,0.153176043557169,0.426134301270417,0.397096188747731
1,67,0,0,0,6,130,835,2288,2246,5505,0.0,0.0,0.0,0.001089918256131,0.0236148955495,0.151680290644868,0.415622161671208,0.407992733878292
1,68,0,0,0,3,109,813,2339,2236,5500,0.0,0.0,0.0,0.000545454545455,0.019818181818182,0.147818181818182,0.425272727272727,0.406545454545455
1,69,0,0,0,9,113,864,2240,2269,5495,0.0,0.0,0.0,0.001637852593267,0.02056414922657,0.157233848953594,0.407643312101911,0.412920837124659
1,70,0,0,0,7,131,843,2273,2236,5490,0.0,0.0,0.0,0.001275045537341,0.023861566484517,0.153551912568306,0.414025500910747,0.407285974499089
1,71,0,0,0,6,117,869,2313,2180,5485,0.0,0.0,0.0,0.001093892433911,0.021330902461258,0.158432087511395,0.421695533272562,0.397447584320875
1,72,0,0,0,6,130,822,2357,2165,5480,0.0,0.0,0.0,0.001094890510949,0.023722627737226,0.15,0.430109489051095,0.39507299270073
1,73,0,0,0,5,123,835,2322,2190,5475,0.0,0.0,0.0,0.000913242009132,0.022465753424658,0.152511415525114,0.424109589041096,0.4
1,74,0,0,0,13,119,837,2379,2122,5470,0.0,0.0,0.0,0.002376599634369,0.021755027422303,0.153016453382084,0.43491773308958,0.387934186471664
1,75,0,0,0,7,126,857,2290,2185,5465,0.0,0.0,0.0,0.00128087831656,0.023055809698079,0.156816102470265,0.419030192131747,0.399817017383349
1,76,0,0,2,4,139,831,2309,2175,5460,0.0,0.0,0.0003663003663,0.000732600732601,0.025457875457875,0.152197802197802,0.422893772893773,0.398351648351648
1,77,0,0,0,6,123,807,2314,2205,5455,0.0,0.0,0.0,0.001099908340972,0.022548120989918,0.147937671860678,0.424197983501375,0.404216315307058
1,78,0,0,0,8,97,838,2296,2211,5450,0.0,0.0,0.0,0.001467889908257,0.017798165137615,0.153761467889908,0.421284403669725,0.405688073394495
1,79,0,0,0,9,115,834,2330,2157,5445,0.0,0.0,0.0,0.001652892561983,0.021120293847567,0.153168044077135,0.42791551882461,0.396143250688705
1,80,0,0,0,13,114,836,2306,2171,5440,0.0,0.0,0.0,0.002389705882353,0.020955882352941,0.153676470588235,0.423897058823529,0.399080882352941
1,81,0,0,1,13,128,816,2283,2194,5435,0.0,0.0,0.000183992640294,0.002391904323827,0.023551057957682,0.150137994480221,0.420055197792088,0.403679852805888
1,82,0,0,0,9,119,830,2282,2190,5430,0.0,0.0,0.0,0.001657458563536,0.021915285451197,0.152854511970534,0.420257826887661,0.403314917127072
1,83,0,0,0,4,114,805,2299,2203,5425,0.0,0.0,0.0,0.00073732718894,0.021013824884793,0.148387096774194,0.423778801843318,0.406082949308756
1,84,0,0,0,5,121,820,2306,2168,5420,0.0,0.0,0.0,0.000922509225092,0.022324723247232,0.151291512915129,0.425461254612546,0.4
1,85,0,0,1,15,124,799,2293,2183,5415,0.0,0.0,0.000184672206833,0.002770083102493,0.022899353647276,0.147553093259464,0.423453370267775,0.403139427516159
1,86,0,0,0,7,102,835,2353,2113,5410,0.0,0.0,0.0,0.001293900184843,0.018853974121996,0.154343807763401,0.434935304990758,0.390573012939002
1,87,0,0,0,6,131,829,2311,2128,5405,0.0,0.0,0.0,0.001110083256244,0.024236817761332,0.153376503237743,0.427567067530065,0.393709528214616
1,88,0,0,0,8,107,826,2274,2185,5400,0.0,0.0,0.0,0.001481481481481,0.019814814814815,0.152962962962963,0.421111111111111,0.40462962962963
1,89,0,0,0,4,131,846,2233,2181,5395,0.0,0.0,0.0,0.000741427247451,0.024281742354032,0.156811862835959,0.413901760889713,0.404263206672845
1,90,0,0,0,8,112,776,2312,2182,5390,0.0,0.0,0.0,0.001484230055659,0.020779220779221,0.143970315398887,0.428942486085343,0.404823747680891
1,91,0,0,0,10,106,821,2231,2217,5385,0.0,0.0,0.0,0.001857010213556,0.019684308263695,0.152460538532962,0.414298978644383,0.411699164345404
1,92,0,0,0,14,126,805,2200,2235,5380,0.0,0.0,0.0,0.002602230483271,0.023420074349442,0.149628252788104,0.408921933085502,0.41542750929368
1,93,0,0,0,10,127,876,2288,2074,5375,0.0,0.0,0.0,0.001860465116279,0.023627906976744,0.162976744186047,0.425674418604651,0.385860465116279
1,94,0,0,0,6,130,835,2257,2142,5370,0.0,0.0,0.0,0.001117318435754,0.024208566108007,0.155493482309125,0.420297951582868,0.398882681564246
1,95,0,0,0,11,134,766,2279,2175,5365,0.0,0.0,0.0,0.002050326188257,0.02497670083877,0.142777260018639,0.424790307548928,0.405405405405405
1,96,0,0,0,8,108,814,2282,2148,5360,0.0,0.0,0.0,0.001492537313433,0.020149253731343,0.151865671641791,0.425746268656716,0.400746268656716
1,97,0,0,2,11,113,774,2335,2120,5355,0.0,0.0,0.000373482726424,0.002054154995331,0.021101774042951,0.14453781512605,0.436041083099907,0.395891690009337
1,98,0,0,0,3,116,860,2238,2133,5350,0.0,0.0,0.0,0.000560747663551,0.021682242990654,0.160747663551402,0.418317757009346,0.398691588785047
1,99,0,0,0,7,122,827,2233,2156,5345,0.0,0.0,0.0,0.001309635173059,0.022825070159027,0.154724041159963,0.4177736202058,0.403367633302152
1,100,0,0,0,4,109,842,2228,2157,5340,0.0,0.0,0.0,0.000749063670412,0.020411985018727,0.157677902621723,0.417228464419476,0.403932584269663
1,101,0,0,0,3,112,821,2235,2164,5335,0.0,0.0,0.0,0.000562324273664,0.020993439550141,0.153889409559513,0.418931583880037,0.405623242736645
1,102,0,0,0,5,98,799,2298,2130,5330,0.0,0.0,0.0,0.00093808630394,0.018386491557223,0.149906191369606,0.431144465290807,0.399624765478424
1,103,0,0,0,12,113,845,2193,2162,5325,0.0,0.0,0.0,0.002253521126761,0.021220657276995,0.15868544600939,0.411830985915493,0.406009389671362
1,104,0,0,0,6,109,791,2266,2148,5320,0.0,0.0,0.0,0.001127819548872,0.020488721804511,0.148684210526316,0.42593984962406,0.403759398496241
1,105,0,0,0,5,130,813,2273,2094,5315,0.0,0.0,0.0,0.000940733772342,0.024459078080903,0.152963311382879,0.427657572906867,0.393979303857008
1,106,0,0,0,10,106,789,2275,2130,5310,0.0,0.0,0.0,0.001883239171375,0.019962335216573,0.148587570621469,0.428436911487759,0.401129943502825
1,107,0,0,0,11,107,805,2267,2115,5305,0.0,0.0,0.0,0.002073515551367,0.020169651272385,0.151743638077286,0.427332704995287,0.398680490103676
1,108,0,0,0,6,104,842,2194,2154,5300,0.0,0.0,0.0,0.001132075471698,0.019622641509434,0.158867924528302,0.413962264150943,0.406415094339623
1,109,0,0,0,11,120,823,2220,2121,5295,0.0,0.0,0.0,0.002077431539188,0.022662889518414,0.155429650613787,0.419263456090652,0.40056657223796
1,110,0,0,1,8,135,835,2165,2146,5290,0.0,0.0,0.000189035916824,0.001512287334594,0.025519848771267,0.157844990548204,0.409262759924386,0.405671077504726
1,111,0,0,1,6,128,800,2211,2139,5285,0.0,0.0,0.000189214758751,0.001135288552507,0.024219489120151,0.151371807000946,0.418353831598865,0.40473036896878
1,112,0,0,0,8,120,756,2226,2170,5280,0.0,0.0,0.0,0.001515151515152,0.022727272727273,0.143181818181818,0.421590909090909,0.410984848484849
1,113,0,0,0,7,100,822,2273,2073,5275,0.0,0.0,0.0,0.001327014218009,0.018957345971564,0.155829383886256,0.430900473933649,0.392985781990521
1,114,0,0,0,5,106,799,2307,2053,5270,0.0,0.0,0.0,0.000948766603416,0.02011385199241,0.151612903225806,0.437760910815939,0.389563567362429
1,115,0,0,0,8,122,740,2282,2113,5265,0.0,0.0,0.0,0.001519468186135,0.023171889838557,0.140550807217474,0.433428300094967,0.401329534662868
1,116,0,0,0,6,126,742,2289,2097,5260,0.0,0.0,0.0,0.001140684410646,0.023954372623574,0.14106463878327,0.435171102661597,0.398669201520913
1,117,0,0,0,3,143,828,2202,2079,5255,0.0,0.0,0.0,0.000570884871551,0.02721217887726,0.157564224548049,0.419029495718363,0.395623215984776
1,118,0,0,0,10,113,727,2218,2182,5250,0.0,0.0,0.0,0.001904761904762,0.02152380952381,0.13847619047619,0.42247619047619,0.415619047619048
1,119,0,0,0,6,109,795,2198,2137,5245,0.0,0.0,0.0,0.001143946615825,0.020781696854147,0.151572926596759,0.41906577693041,0.40743565300286
1,120,0,0,0,8,119,763,2209,2141,5240,0.0,0.0,0.0,0.001526717557252,0.022709923664122,0.145610687022901,0.421564885496183,0.408587786259542
1,121,0,0,0,8,114,766,2266,2081,5235,0.0,0.0,0.0,0.00152817574021,0.021776504297994,0.146322827125119,0.432855778414518,0.397516714422159
1,122,0,0,0,7,119,795,2221,2088,5230,0.0,0.0,0.0,0.001338432122371,0.022753346080306,0.152007648183556,0.424665391969407,0.399235181644359
1,123,0,0,1,9,133,773,2178,2131,5225,0.0,0.0,0.000191387559809,0.001722488038278,0.025454545454545,0.147942583732057,0.416842105263158,0.407846889952153
1,124,0,0,0,6,118,789,2222,2085,5220,0.0,0.0,0.0,0.001149425287356,0.022605363984674,0.151149425287356,0.425670498084291,0.399425287356322
1,125,0,0,0,10,118,742,2259,2086,5215,0.0,0.0,0.0,0.001917545541707,0.022627037392138,0.142281879194631,0.433173537871524,0.4
1,126,0,0,0,7,122,777,2245,2059,5210,0.0,0.0,0.0,0.001343570057582,0.02341650671785,0.149136276391555,0.430902111324376,0.395201535508637
1,127,0,0,0,7,118,740,2239,2101,5205,0.0,0.0,0.0,0.001344860710855,0.022670509125841,0.142170989433237,0.43016330451489,0.403650336215178
1,128,0,0,1,4,112,763,2200,2120,5200,0.0,0.0,0.000192307692308,0.000769230769231,0.021538461538462,0.146730769230769,0.423076923076923,0.407692307692308
1,129,0,0,0,4,128,825,2184,2054,5195,0.0,0.0,0.0,0.000769971126083,0.024639076034649,0.158806544754572,0.420404234841193,0.395380173243503
1,130,0,0,0,4,111,822,2120,2133,5190,0.0,0.0,0.0,0.000770712909441,0.021387283236994,0.158381502890173,0.408477842003854,0.410982658959538
1,131,0,0,0,3,116,781,2198,2087,5185,0.0,0.0,0.0,0.000578592092575,0.022372227579556,0.150626808100289,0.423915139826422,0.402507232401157
1,132,0,0,0,5,133,810,2214,2018,5180,0.0,0.0,0.0,0.000965250965251,0.025675675675676,0.156370656370656,0.427413127413127,0.38957528957529
1,133,0,0,0,10,107,812,2195,2051,5175,0.0,0.0,0.0,0.001932367149758,0.020676328502415,0.156908212560386,0.424154589371981,0.396328502415459
1,134,0,0,0,6,101,767,2248,2048,5170,0.0,0.0,0.0,0.001160541586074,0.019535783365571,0.148355899419729,0.434816247582205,0.396131528046422
1,135,0,0,0,14,118,769,2196,2068,5165,0.0,0.0,0.0,0.0027105517909,0.022846079380445,0.148886737657309,0.425169409486931,0.400387221684414
1,136,0,0,0,6,116,833,2184,2021,5160,0.0,0.0,0.0,0.001162790697674,0.022480620155039,0.161434108527132,0.423255813953488,0.391666666666667
1,137,0,0,0,7,124,792,2158,2074,5155,0.0,0.0,0.0,0.001357904946654,0.024054316197866,0.153637245392823,0.418622696411251,0.402327837051406
1,138,0,0,0,7,123,767,2190,2063,5150,0.0,0.0,0.0,0.001359223300971,0.023883495145631,0.148932038834951,0.425242718446602,0.400582524271845
1,139,0,0,0,5,130,771,2194,2045,5145,0.0,0.0,0.0,0.000971817298348,0.025267249757046,0.149854227405248,0.426433430515063,0.397473275024295
1,140,0,0,0,4,129,788,2119,2100,5140,0.0,0.0,0.0,0.000778210116732,0.025097276264591,0.153307392996109,0.412256809338521,0.408560311284047
1,141,0,0,0,9,107,751,2179,2089,5135,0.0,0.0,0.0,0.001752677702045,0.020837390457644,0.146251217137293,0.424342745861733,0.406815968841285
1,142,0,0,0,7,118,764,2160,2081,5130,0.0,0.0,0.0,0.001364522417154,0.023001949317739,0.148927875243665,0.421052631578947,0.405653021442495
1,143,0,0,0,11,126,798,2167,2023,5125,0.0,0.0,0.0,0.002146341463415,0.024585365853659,0.155707317073171,0.422829268292683,0.394731707317073
1,144,0,0,0,2,121,784,2142,2071,5120,0.0,0.0,0.0,0.000390625,0.0236328125,0.153125,0.418359375,0.4044921875
1,145,0,0,0,7,117,749,2176,2066,5115,0.0,0.0,0.0,0.001368523949169,0.022873900293255,0.146432062561095,0.425415444770283,0.403910068426197
1,146,0,0,1,7,113,779,2149,2061,5110,0.0,0.0,0.000195694716243,0.001369863013699,0.022113502935421,0.152446183953033,0.420547945205479,0.403326810176125
1,147,0,0,0,4,97,777,2197,2030,5105,0.0,0.0,0.0,0.000783545543585,0.019000979431929,0.152203721841332,0.430362389813908,0.397649363369246
1,148,0,0,0,8,116,763,2175,2038,5100,0.0,0.0,0.0,0.00156862745098,0.022745098039216,0.149607843137255,0.426470588235294,0.399607843137255
1,149,0,0,0,7,100,784,2110,2094,5095,0.0,0.0,0.0,0.001373895976447,0.019627085377821,0.15387634936212,0.414131501472031,0.41099116781158
1,150,0,0,0,7,93,745,2221,2024,5090,0.0,0.0,0.0,0.001375245579568,0.018271119842829,0.146365422396857,0.436345776031434,0.397642436149312
1,151,0,0,2,5,122,778,2092,2086,5085,0.0,0.0,0.00039331366765,0.000983284169125,0.023992133726647,0.152999016715831,0.411406096361849,0.410226155358899
1,152,0,0,0,7,112,740,2162,2059,5080,0.0,0.0,0.0,0.001377952755906,0.022047244094488,0.145669291338583,0.425590551181102,0.405314960629921
1,153,0,0,0,4,114,784,2152,2021,5075,0.0,0.0,0.0,0.000788177339901,0.022463054187192,0.15448275862069,0.424039408866995,0.398226600985222
1,154,0,0,0,9,119,790,2128,2024,5070,0.0,0.0,0.0,0.001775147928994,0.023471400394477,0.155818540433925,0.419723865877712,0.399211045364891
1,155,0,0,0,14,116,763,2114,2058,5065,0.0,0.0,0.0,0.002764067127345,0.022902270483712,0.150641658440276,0.417374136229023,0.406317867719645
1,156,0,0,1,9,113,744,2105,2088,5060,0.0,0.0,0.000197628458498,0.001778656126482,0.022332015810277,0.14703557312253,0.41600790513834,0.412648221343874
1,157,0,0,0,8,96,806,2170,1975,5055,0.0,0.0,0.0,0.001582591493571,0.018991097922849,0.15944609297725,0.429277942631058,0.390702274975272
1,158,0,0,0,3,108,766,2078,2095,5050,0.0,0.0,0.0,0.000594059405941,0.021386138613861,0.151683168316832,0.411485148514851,0.414851485148515
1,159,0,0,0,11,116,808,2131,1979,5045,0.0,0.0,0.0,0.002180376610505,0.022993062438057,0.1601585728444,0.422398414271556,0.392269573835481
1,160,0,0,0,3,101,767,2128,2041,5040,0.0,0.0,0.0,0.000595238095238,0.020039682539683,0.15218253968254,0.422222222222222,0.404960317460317
1,161,0,0,0,6,109,752,2161,2007,5035,0.0,0.0,0.0,0.001191658391261,0.021648460774578,0.1493545183714,0.429195630585899,0.398609731876862
1,162,0,0,0,7,119,786,2119,1999,5030,0.0,0.0,0.0,0.001391650099404,0.023658051689861,0.156262425447316,0.421272365805169,0.397415506958251
1,163,0,0,0,2,126,736,2221,1940,5025,0.0,0.0,0.0,0.000398009950249,0.025074626865672,0.146467661691542,0.441990049751244,0.386069651741294
1,164,0,0,1,6,139,726,2109,2039,5020,0.0,0.0,0.000199203187251,0.001195219123506,0.027689243027888,0.144621513944223,0.420119521912351,0.406175298804781
1,165,0,0,0,9,113,744,2132,2017,5015,0.0,0.0,0.0,0.001794616151545,0.022532402791625,0.148354935194417,0.425124626121635,0.402193419740778
1,166,0,0,0,8,101,805,2084,2012,5010,0.0,0.0,0.0,0.001596806387226,0.020159680638723,0.160678642714571,0.415968063872255,0.401596806387226
1,167,0,0,0,5,119,745,2116,2020,5005,0.0,0.0,0.0,0.000999000999001,0.023776223776224,0.148851148851149,0.422777222777223,0.403596403596404
1,168,0,0,0,5,98,765,2098,2034,5000,0.0,0.0,0.0,0.001,0.0196,0.153,0.4196,0.4068
1,169,0,0,0,4,103,742,2172,1974,4995,0.0,0.0,0.0,0.000800800800801,0.020620620620621,0.148548548548549,0.434834834834835,0.395195195195195
1,170,0,0,1,3,116,779,2071,2020,4990,0.0,0.0,0.000200400801603,0.00060120240481,0.023246492985972,0.156112224448898,0.41503006012024,0.404809619238477
1,171,0,0,0,4,115,680,2123,2063,4985,0.0,0.0,0.0,0.000802407221665,0.023069207622869,0.136409227683049,0.425877632898696,0.413841524573721
1,172,0,0,0,6,109,766,2133,1966,4980,0.0,0.0,0.0,0.001204819277108,0.021887550200803,0.153815261044177,0.428313253012048,0.394779116465863
1,173,0,0,0,9,126,760,2059,2021,4975,0.0,0.0,0.0,0.001809045226131,0.025326633165829,0.152763819095477,0.413869346733668,0.406231155778894
1,174,0,0,0,6,132,777,2144,1911,4970,0.0,0.0,0.0,0.001207243460765,0.026559356136821,0.156338028169014,0.431388329979879,0.384507042253521
1,175,0,0,0,4,123,758,2109,1971,4965,0.0,0.0,0.0,0.000805639476334,0.024773413897281,0.152668680765358,0.424773413897281,0.396978851963746
1,176,0,0,0,9,123,790,2060,1978,4960,0.0,0.0,0.0,0.001814516129032,0.024798387096774,0.159274193548387,0.415322580645161,0.398790322580645
1,177,0,0,0,7,101,733,2124,1990,4955,0.0,0.0,0.0,0.001412714429869,0.020383451059536,0.147931382441978,0.428657921291625,0.401614530776993
1,178,0,0,0,4,124,696,2118,2008,4950,0.0,0.0,0.0,0.000808080808081,0.025050505050505,0.140606060606061,0.427878787878788,0.405656565656566
1,179,0,0,1,7,102,687,2136,2012,4945,0.0,0.0,0.000202224469161,0.001415571284125,0.020626895854398,0.138928210313448,0.431951466127401,0.406875631951466
1,180,0,0,0,6,94,748,2106,1986,4940,0.0,0.0,0.0,0.001214574898785,0.019028340080972,0.151417004048583,0.426315789473684,0.402024291497976
1,181,0,0,0,9,102,719,2114,1991,4935,0.0,0.0,0.0,0.001823708206687,0.020668693009119,0.145694022289767,0.428368794326241,0.403444782168186
1,182,0,0,0,9,110,762,2081,1968,4930,0.0,0.0,0.0,0.001825557809331,0.022312373225152,0.154563894523327,0.42210953346856,0.399188640973631
1,183,0,0,0,6,119,765,2064,1971,4925,0.0,0.0,0.0,0.001218274111675,0.024162436548223,0.155329949238579,0.419086294416244,0.400203045685279
1,184,0,0,0,3,123,729,2154,1911,4920,0.0,0.0,0.0,0.000609756097561,0.025,0.148170731707317,0.43780487804878,0.388414634146341
1,185,0,0,0,3,110,807,2065,1930,4915,0.0,0.0,0.0,0.000610376398779,0.022380467955239,0.164191251271617,0.420142421159715,0.392675483214649
1,186,0,0,1,5,114,784,2094,1912,4910,0.0,0.0,0.00020366598778,0.0010183299389,0.023217922606925,0.159674134419552,0.426476578411405,0.389409368635438
1,187,0,0,1,6,123,733,2060,1982,4905,0.0,0.0,0.000203873598369,0.001223241590214,0.025076452599388,0.149439347604485,0.419979612640163,0.40407747196738
1,188,0,0,0,7,96,781,2060,1956,4900,0.0,0.0,0.0,0.001428571428571,0.019591836734694,0.159387755102041,0.420408163265306,0.399183673469388
1,189,0,0,0,4,132,746,2052,1961,4895,0.0,0.0,0.0,0.000817160367722,0.026966292134831,0.152400408580184,0.419203268641471,0.400612870275792
1,190,0,0,0,7,108,725,2077,1973,4890,0.0,0.0,0.0,0.001431492842536,0.022085889570552,0.148261758691207,0.424744376278119,0.403476482617587
1,191,0,0,0,3,108,728,2056,1990,4885,0.0,0.0,0.0,0.000614124872057,0.022108495394063,0.149027635619243,0.420880245649949,0.407369498464688
1,192,0,0,0,5,110,762,2046,1957,4880,0.0,0.0,0.0,0.001024590163934,0.022540983606557,0.156147540983607,0.419262295081967,0.401024590163934
1,193,0,0,0,9,107,732,2070,1957,4875,0.0,0.0,0.0,0.001846153846154,0.021948717948718,0.150153846153846,0.424615384615385,0.401435897435897
1,194,0,0,0,7,113,717,2020,2013,4870,0.0,0.0,0.0,0.001437371663244,0.023203285420945,0.147227926078029,0.414784394250513,0.413347022587269
1,195,0,0,0,9,104,745,2018,1989,4865,0.0,0.0,0.0,0.001849948612539,0.021377183967112,0.153134635149024,0.414799588900308,0.408838643371017
1,196,0,0,0,6,110,729,2041,1974,4860,0.0,0.0,0.0,0.001234567901235,0.022633744855967,0.15,0.419958847736626,0.406172839506173
1,197,0,0,0,9,107,753,2062,1924,4855,0.0,0.0,0.0,0.001853759011329,0.022039134912461,0.155097837281153,0.424716786817714,0.396292481977343
1,198,0,0,0,7,98,730,2106,1909,4850,0.0,0.0,0.0,0.001443298969072,0.02020618556701,0.150515463917526,0.434226804123711,0.39360824742268
1,199,0,0,0,8,126,769,2070,1872,4845,0.0,0.0,0.0,0.001651186790506,0.026006191950464,0.158720330237358,0.427244582043344,0.386377708978328
1,200,0,0,1,10,125,707,2048,1949,4840,0.0,0.0,0.000206611570248,0.002066115702479,0.025826446280992,0.146074380165289,0.423140495867769,0.402685950413223
1,201,0,0,0,7,125,756,2054,1893,4835,0.0,0.0,0.0,0.001447776628749,0.025853154084798,0.15635987590486,0.424819027921406,0.391520165460186
1,202,0,0,0,7,116,741,2054,1912,4830,0.0,0.0,0.0,0.001449275362319,0.024016563146998,0.153416149068323,0.425258799171843,0.395859213250518
1,203,0,0,1,8,92,726,2094,1904,4825,0.0,0.0,0.00020725388601,0.001658031088083,0.019067357512953,0.150466321243523,0.4339896373057,0.394611398963731
1,204,0,0,0,6,96,751,2020,1947,4820,0.0,0.0,0.0,0.001244813278008,0.019917012448133,0.155809128630705,0.419087136929461,0.403941908713693
1,205,0,0,0,7,98,733,2014,1963,4815,0.0,0.0,0.0,0.001453790238837,0.020353063343718,0.152232606438214,0.418276220145379,0.407684319833853
1,206,0,0,1,11,94,712,2015,1977,4810,0.0,0.0,0.0002079002079,0.002286902286902,0.01954261954262,0.148024948024948,0.418918918918919,0.411018711018711
1,207,0,0,0,6,112,761,2040,1886,4805,0.0,0.0,0.0,0.001248699271592,0.023309053069719,0.15837669094693,0.424557752341311,0.392507804370447
1,208,0,0,0,15,99,726,2033,1927,4800,0.0,0.0,0.0,0.003125,0.020625,0.15125,0.423541666666667,0.401458333333333
1,209,0,0,0,4,89,722,2071,1909,4795,0.0,0.0,0.0,0.000834202294056,0.018561001042753,0.150573514077164,0.431908237747654,0.398123044838373
1,210,0,0,0,6,85,739,2074,1886,4790,0.0,0.0,0.0,0.00125260960334,0.017745302713987,0.154279749478079,0.432985386221294,0.393736951983299
1,211,0,0,0,10,114,710,2076,1875,4785,0.0,0.0,0.0,0.00208986415883,0.023824451410658,0.148380355276907,0.433855799373041,0.391849529780564
1,212,0,0,0,6,103,717,2039,1915,4780,0.0,0.0,0.0,0.001255230125523,0.021548117154812,0.15,0.426569037656904,0.400627615062762
1,213,0,0,0,7,115,726,2012,1915,4775,0.0,0.0,0.0,0.001465968586387,0.024083769633508,0.152041884816754,0.421361256544503,0.401047120418848
1,214,0,0,0,5,108,735,2019,1903,4770,0.0,0.0,0.0,0.00104821802935,0.022641509433962,0.154088050314465,0.423270440251572,0.39895178197065
1,215,0,0,0,4,99,695,2050,1917,4765,0.0,0.0,0.0,0.000839454354669,0.020776495278069,0.14585519412382,0.430220356768101,0.402308499475341
1,216,0,0,0,8,85,707,2005,1955,4760,0.0,0.0,0.0,0.001680672268908,0.017857142857143,0.148529411764706,0.421218487394958,0.410714285714286
1,217,0,0,1,5,99,701,2032,1917,4755,0.0,0.0,0.000210304942166,0.001051524710831,0.020820189274448,0.147423764458465,0.427339642481598,0.403154574132492
1,218,0,0,0,9,101,757,1990,1893,4750,0.0,0.0,0.0,0.001894736842105,0.021263157894737,0.159368421052632,0.418947368421053,0.398526315789474
1,219,0,0,0,6,110,730,1956,1943,4745,0.0,0.0,0.0,0.001264488935722,0.0231822971549,0.153846153846154,0.412223393045311,0.409483667017914
1,220,0,0,1,10,111,750,1952,1916,4740,0.0,0.0,0.000210970464135,0.00210970464135,0.023417721518987,0.158227848101266,0.411814345991561,0.4042194092827
1,221,0,0,0,3,125,692,2026,1889,4735,0.0,0.0,0.0,0.000633579725449,0.026399155227033,0.146145723336853,0.427877507919747,0.398944033790919
1,222,0,0,0,10,117,736,1995,1872,4730,0.0,0.0,0.0,0.002114164904863,0.024735729386892,0.155602536997886,0.421775898520085,0.395771670190275
1,223,0,0,1,6,109,685,2038,1886,4725,0.0,0.0,0.00021164021164,0.001269841269841,0.023068783068783,0.144973544973545,0.431322751322751,0.399153439153439
1,224,0,0,0,7,103,670,2030,1910,4720,0.0,0.0,0.0,0.001483050847458,0.021822033898305,0.141949152542373,0.430084745762712,0.404661016949153
1,225,0,0,0,10,100,743,1971,1891,4715,0.0,0.0,0.0,0.002120890774125,0.021208907741251,0.157582184517497,0.418027571580064,0.401060445387063
1,226,0,0,0,5,101,675,2037,1892,4710,0.0,0.0,0.0,0.001061571125265,0.021443736730361,0.143312101910828,0.432484076433121,0.401698513800425
1,227,0,0,1,6,101,681,2065,1851,4705,0.0,0.0,0.000212539851222,0.001275239107333,0.021466524973433,0.144739638682253,0.438894792773645,0.393411264612115
1,228,0,0,0,2,111,686,2003,1898,4700,0.0,0.0,0.0,0.000425531914894,0.023617021276596,0.145957446808511,0.426170212765957,0.403829787234043
1,229,0,0,0,5,103,679,1946,1962,4695,0.0,0.0,0.0,0.001064962726305,0.021938232161874,0.144621938232162,0.414483493077742,0.417891373801917
1,230,0,0,0,7,98,706,1971,1908,4690,0.0,0.0,0.0,0.001492537313433,0.02089552238806,0.150533049040512,0.420255863539446,0.40682302771855
1,231,0,0,0,3,96,732,1970,1884,4685,0.0,0.0,0.0,0.000640341515475,0.020490928495197,0.15624332977588,0.420490928495197,0.40213447171825
1,232,0,0,0,6,114,680,2025,1855,4680,0.0,0.0,0.0,0.001282051282051,0.024358974358974,0.145299145299145,0.432692307692308,0.396367521367521
1,233,0,0,0,8,107,721,1984,1855,4675,0.0,0.0,0.0,0.001711229946524,0.022887700534759,0.154224598930481,0.424385026737968,0.396791443850267
1,234,0,0,0,5,112,663,2018,1872,4670,0.0,0.0,0.0,0.001070663811563,0.023982869379015,0.141970021413276,0.432119914346895,0.400856531049251
1,235,0,0,0,8,106,754,1917,1880,4665,0.0,0.0,0.0,0.001714898177921,0.022722400857449,0.161629153269025,0.410932475884244,0.403001071811361
1,236,0,0,0,6,106,723,1977,1848,4660,0.0,0.0,0.0,0.001287553648069,0.02274678111588,0.155150214592275,0.424248927038627,0.39656652360515
1,237,0,0,1,7,105,731,1926,1885,4655,0.0,0.0,0.000214822771214,0.001503759398496,0.022556390977444,0.15703544575725,0.41374865735768,0.404940923737916
1,238,0,0,0,8,107,691,2004,1840,4650,0.0,0.0,0.0,0.001720430107527,0.023010752688172,0.148602150537634,0.430967741935484,0.395698924731183
1,239,0,0,0,3,97,711,1967,1867,4645,0.0,0.0,0.0,0.000645855758881,0.020882669537137,0.153067814854682,0.423466092572659,0.401937567276642
1,240,0,0,1,9,126,664,1946,1894,4640,0.0,0.0,0.000215517241379,0.001939655172414,0.027155172413793,0.143103448275862,0.419396551724138,0.408189655172414
1,241,0,0,0,7,91,696,2019,1822,4635,0.0,0.0,0.0,0.00151024811219,0.019633225458468,0.150161812297735,0.435598705501618,0.393096008629989
1,242,0,0,0,7,102,647,1964,1910,4630,0.0,0.0,0.0,0.001511879049676,0.022030237580994,0.139740820734341,0.424190064794816,0.412526997840173
1,243,0,0,1,8,111,711,1971,1823,4625,0.0,0.0,0.000216216216216,0.00172972972973,0.024,0.15372972972973,0.426162162162162,0.394162162162162
1,244,0,0,0,5,98,741,1948,1828,4620,0.0,0.0,0.0,0.001082251082251,0.021212121212121,0.16038961038961,0.421645021645022,0.395670995670996
1,245,0,0,0,7,105,678,1964,1861,4615,0.0,0.0,0.0,0.001516793066089,0.022751895991333,0.146912242686891,0.425568797399783,0.403250270855905
1,246,0,0,1,4,99,652,1965,1889,4610,0.0,0.0,0.000216919739696,0.000867678958785,0.021475054229935,0.141431670281996,0.426247288503254,0.409761388286334
1,247,0,0,0,9,96,721,1916,1863,4605,0.0,0.0,0.0,0.001954397394137,0.020846905537459,0.15656894679696,0.416069489685125,0.404560260586319
1,248,0,0,1,12,86,702,1999,1800,4600,0.0,0.0,0.000217391304348,0.002608695652174,0.018695652173913,0.152608695652174,0.434565217391304,0.391304347826087
1,249,0,0,0,7,119,663,1946,1860,4595,0.0,0.0,0.0,0.001523394994559,0.025897714907508,0.144287268770403,0.423503808487486,0.404787812840044
1,250,0,0,0,9,117,684,1963,1817,4590,0.0,0.0,0.0,0.001960784313725,0.025490196078431,0.149019607843137,0.427668845315904,0.395860566448802
1,251,0,0,0,6,98,681,1922,1878,4585,0.0,0.0,0.0,0.001308615049073,0.021374045801527,0.148527808069793,0.419193020719738,0.409596510359869
1,252,0,0,0,6,106,704,1961,1803,4580,0.0,0.0,0.0,0.001310043668122,0.023144104803493,0.153711790393013,0.428165938864629,0.393668122270742
1,253,0,0,0,6,79,678,1913,1899,4575,0.0,0.0,0.0,0.001311475409836,0.017267759562842,0.148196721311475,0.418142076502732,0.415081967213115
1,254,0,0,0,7,89,685,1978,1811,4570,0.0,0.0,0.0,0.001531728665208,0.019474835886214,0.149890590809628,0.432822757111597,0.396280087527352
1,255,0,0,1,8,102,711,1925,1818,4565,0.0,0.0,0.000219058050383,0.001752464403067,0.022343921139102,0.155750273822563,0.421686746987952,0.398247535596933
1,256,0,0,0,5,114,672,1988,1781,4560,0.0,0.0,0.0,0.00109649122807,0.025,0.147368421052632,0.435964912280702,0.390570175438597
1,257,0,0,0,10,124,711,1907,1803,4555,0.0,0.0,0.0,0.002195389681668,0.027222832052689,0.15609220636663,0.418660812294182,0.39582875960483
1,258,0,0,0,7,122,655,1902,1864,4550,0.0,0.0,0.0,0.001538461538462,0.026813186813187,0.143956043956044,0.418021978021978,0.40967032967033
1,259,0,0,0,8,94,694,1895,1854,4545,0.0,0.0,0.0,0.001760176017602,0.020682068206821,0.152695269526953,0.416941694169417,0.407920792079208
1,260,0,0,0,8,97,724,1920,1791,4540,0.0,0.0,0.0,0.001762114537445,0.02136563876652,0.159471365638767,0.422907488986784,0.394493392070485
1,261,0,0,0,7,91,724,1843,1870,4535,0.0,0.0,0.0,0.00154355016538,0.020066152149945,0.159647188533627,0.406394707828004,0.412348401323043
1,262,0,0,0,5,108,670,1951,1796,4530,0.0,0.0,0.0,0.001103752759382,0.023841059602649,0.147902869757174,0.430684326710817,0.396467991169978
1,263,0,0,0,4,91,696,1953,1781,4525,0.0,0.0,0.0,0.000883977900552,0.020110497237569,0.153812154696133,0.431602209944751,0.393591160220994
1,264,0,0,0,6,99,625,1942,1848,4520,0.0,0.0,0.0,0.001327433628319,0.021902654867257,0.138274336283186,0.429646017699115,0.408849557522124
1,265,0,0,1,10,96,693,1940,1775,4515,0.0,0.0,0.000221483942414,0.002214839424142,0.021262458471761,0.153488372093023,0.429678848283499,0.393133997785161
1,266,0,0,0,7,110,715,1909,1769,4510,0.0,0.0,0.0,0.001552106430155,0.024390243902439,0.158536585365854,0.423281596452328,0.392239467849224
1,267,0,0,0,7,120,701,1851,1826,4505,0.0,0.0,0.0,0.001553829078801,0.026637069922309,0.155604883462819,0.410876803551609,0.405327413984462
1,268,0,0,0,4,98,710,1900,1788,4500,0.0,0.0,0.0,0.000888888888889,0.021777777777778,0.157777777777778,0.422222222222222,0.397333333333333
1,269,0,0,0,6,99,651,1936,1803,4495,0.0,0.0,0.0,0.001334816462736,0.02202447163515,0.144827586206897,0.430700778642937,0.40111234705228
1,270,0,0,0,3,89,657,1966,1775,4490,0.0,0.0,0.0,0.000668151447661,0.019821826280624,0.146325167037862,0.437861915367483,0.39532293986637
1,271,0,0,0,8,112,672,1869,1824,4485,0.0,0.0,0.0,0.001783723522854,0.024972129319955,0.149832775919732,0.416722408026756,0.406688963210702
1,272,0,0,0,7,100,632,1897,1844,4480,0.0,0.0,0.0,0.0015625,0.022321428571429,0.141071428571429,0.4234375,0.411607142857143
1,273,0,0,0,9,90,658,1921,1797,4475,0.0,0.0,0.0,0.002011173184358,0.020111731843575,0.147039106145251,0.42927374301676,0.401564245810056
1,274,0,0,0,7,93,706,1922,1742,4470,0.0,0.0,0.0,0.001565995525727,0.020805369127517,0.157941834451902,0.429977628635347,0.389709172259508
1,275,0,0,0,8,99,665,1884,1809,4465,0.0,0.0,0.0,0.001791713325868,0.022172452407615,0.148936170212766,0.421948488241881,0.40515117581187
1,276,0,0,0,7,111,666,1926,1750,4460,0.0,0.0,0.0,0.001569506726457,0.024887892376682,0.14932735426009,0.431838565022422,0.39237668161435
1,277,0,0,0,6,92,671,1857,1829,4455,0.0,0.0,0.0,0.001346801346801,0.020650953984287,0.150617283950617,0.416835016835017,0.410549943883277
1,278,0,0,0,5,107,690,1893,1755,4450,0.0,0.0,0.0,0.001123595505618,0.024044943820225,0.155056179775281,0.425393258426966,0.39438202247191
1,279,0,0,2,6,85,707,1892,1753,4445,0.0,0.0,0.00044994375703,0.001349831271091,0.019122609673791,0.159055118110236,0.425646794150731,0.39437570303712
1,280,0,0,0,7,106,674,1880,1773,4440,0.0,0.0,0.0,0.001576576576577,0.023873873873874,0.151801801801802,0.423423423423423,0.399324324324324
1,281,0,0,0,6,92,684,1923,1730,4435,0.0,0.0,0.0,0.001352874859076,0.020744081172492,0.154227733934611,0.433596392333709,0.390078917700113
1,282,0,0,0,2,93,693,1862,1780,4430,0.0,0.0,0.0,0.000451467268623,0.020993227990971,0.156433408577878,0.420316027088036,0.401805869074492
1,283,0,0,0,4,82,708,1871,1760,4425,0.0,0.0,0.0,0.00090395480226,0.018531073446328,0.16,0.422824858757062,0.39774011299435
1,284,0,0,0,9,112,633,1934,1732,4420,0.0,0.0,0.0,0.002036199095023,0.025339366515837,0.143212669683258,0.437556561085973,0.391855203619909
1,285,0,0,0,13,94,691,1858,1759,4415,0.0,0.0,0.0,0.002944507361268,0.021291053227633,0.156511891279728,0.42083805209513,0.39841449603624
1,286,0,0,0,5,100,664,1844,1797,4410,0.0,0.0,0.0,0.001133786848073,0.022675736961451,0.150566893424036,0.418140589569161,0.407482993197279
1,287,0,0,0,2,102,648,1818,1835,4405,0.0,0.0,0.0,0.000454029511918,0.023155505107832,0.147105561861521,0.412712826333712,0.416572077185017
1,288,0,0,0,5,96,685,1810,1804,4400,0.0,0.0,0.0,0.001136363636364,0.021818181818182,0.155681818181818,0.411363636363636,0.41
1,289,0,0,0,5,107,654,1931,1698,4395,0.0,0.0,0.0,0.001137656427759,0.024345847554039,0.148805460750853,0.439362912400455,0.386348122866894
1,290,0,0,0,7,113,645,1860,1765,4390,0.0,0.0,0.0,0.001594533029613,0.025740318906606,0.146924829157175,0.42369020501139,0.402050113895216
1,291,0,0,0,2,92,731,1805,1755,4385,0.0,0.0,0.0,0.000456100342075,0.020980615735462,0.166704675028506,0.411630558722919,0.400228050171038
1,292,0,0,0,4,117,670,1819,1770,4380,0.0,0.0,0.0,0.000913242009132,0.026712328767123,0.15296803652968,0.415296803652968,0.404109589041096
1,293,0,0,1,5,99,675,1875,1720,4375,0.0,0.0,0.000228571428571,0.001142857142857,0.022628571428571,0.154285714285714,0.428571428571429,0.393142857142857
1,294,0,0,0,9,108,684,1821,1748,4370,0.0,0.0,0.0,0.002059496567506,0.024713958810069,0.156521739130435,0.416704805491991,0.4
1,295,0,0,0,6,100,632,1882,1745,4365,0.0,0.0,0.0,0.001374570446735,0.02290950744559,0.144788087056128,0.431156930126002,0.399770904925544
1,296,0,0,0,11,96,642,1841,1770,4360,0.0,0.0,0.0,0.002522935779817,0.022018348623853,0.147247706422018,0.422247706422018,0.405963302752294
1,297,0,0,0,10,126,693,1831,1695,4355,0.0,0.0,0.0,0.002296211251435,0.028932261768083,0.159127439724455,0.420436280137773,0.389207807118255
1,298,0,0,2,3,108,653,1825,1759,4350,0.0,0.0,0.000459770114943,0.000689655172414,0.024827586206897,0.150114942528736,0.419540229885057,0.404367816091954
1,299,0,0,1,5,101,657,1844,1737,4345,0.0,0.0,0.000230149597238,0.001150747986191,0.023245109321059,0.151208285385501,0.42439585730725,0.399769850402762
1,300,0,0,0,3,90,647,1845,1755,4340,0.0,0.0,0.0,0.000691244239631,0.02073732718894,0.149078341013825,0.425115207373272,0.404377880184332
1,301,0,0,0,7,98,662,1866,1702,4335,0.0,0.0,0.0,0.00161476355248,0.022606689734717,0.152710495963091,0.430449826989619,0.392618223760092
1,302,0,0,0,5,106,640,1849,1730,4330,0.0,0.0,0.0,0.001154734411085,0.024480369515012,0.147806004618938,0.4270207852194,0.399538106235566
1,303,0,0,0,7,82,702,1803,1731,4325,0.0,0.0,0.0,0.001618497109827,0.018959537572254,0.162312138728324,0.416878612716763,0.400231213872832
1,304,0,0,0,9,95,631,1879,1706,4320,0.0,0.0,0.0,0.002083333333333,0.021990740740741,0.146064814814815,0.434953703703704,0.394907407407407
1,305,0,0,0,7,126,660,1770,1752,4315,0.0,0.0,0.0,0.00162224797219,0.029200463499421,0.152954808806489,0.410196987253766,0.406025492468134
1,306,0,0,1,2,106,669,1812,1720,4310,0.0,0.0,0.000232018561485,0.00046403712297,0.024593967517401,0.155220417633411,0.420417633410673,0.39907192575406
1,307,0,0,0,1,94,655,1831,1724,4305,0.0,0.0,0.0,0.000232288037166,0.021835075493612,0.152148664343786,0.425319396051103,0.400464576074332
1,308,0,0,0,6,108,628,1847,1711,4300,0.0,0.0,0.0,0.001395348837209,0.025116279069767,0.146046511627907,0.42953488372093,0.397906976744186
1,309,0,0,0,7,93,695,1813,1687,4295,0.0,0.0,0.0,0.00162980209546,0.021653084982538,0.161816065192084,0.422118742724098,0.392782305005821
1,310,0,0,0,4,113,630,1845,1698,4290,0.0,0.0,0.0,0.000932400932401,0.026340326340326,0.146853146853147,0.43006993006993,0.395804195804196
1,311,0,0,0,6,89,646,1814,1730,4285,0.0,0.0,0.0,0.001400233372229,0.020770128354726,0.150758459743291,0.423337222870478,0.403733955659277
1,312,0,0,0,3,97,638,1809,1733,4280,0.0,0.0,0.0,0.000700934579439,0.022663551401869,0.149065420560748,0.422663551401869,0.404906542056075
1,313,0,0,0,4,81,655,1774,1761,4275,0.0,0.0,0.0,0.00093567251462,0.018947368421053,0.153216374269006,0.414970760233918,0.411929824561404
1,314,0,0,0,7,86,676,1849,1652,4270,0.0,0.0,0.0,0.001639344262295,0.020140515222482,0.158313817330211,0.433021077283372,0.386885245901639
1,315,0,0,0,12,87,617,1813,1736,4265,0.0,0.0,0.0,0.002813599062134,0.020398593200469,0.144665885111372,0.425087924970692,0.407033997655334
1,316,0,0,0,12,98,661,1820,1669,4260,0.0,0.0,0.0,0.002816901408451,0.023004694835681,0.155164319248826,0.427230046948357,0.391784037558685
1,317,0,0,0,8,83,646,1840,1678,4255,0.0,0.0,0.0,0.001880141010576,0.019506462984724,0.151821386603995,0.432432432432432,0.394359576968273
1,318,0,0,0,5,96,618,1871,1660,4250,0.0,0.0,0.0,0.001176470588235,0.022588235294118,0.145411764705882,0.440235294117647,0.390588235294118
1,319,0,0,0,6,92,589,1823,1735,4245,0.0,0.0,0.0,0.001413427561837,0.021672555948174,0.138751472320377,0.42944640753828,0.408716136631331
1,320,0,0,0,5,79,658,1812,1686,4240,0.0,0.0,0.0,0.001179245283019,0.018632075471698,0.155188679245283,0.427358490566038,0.397641509433962
1,321,0,0,0,5,85,618,1772,1755,4235,0.0,0.0,0.0,0.001180637544274,0.020070838252656,0.145926800472255,0.418417945690673,0.414403778040142
1,322,0,0,0,7,105,640,1749,1729,4230,0.0,0.0,0.0,0.001654846335697,0.024822695035461,0.151300236406619,0.413475177304965,0.408747044917258
1,323,0,0,0,8,101,655,1784,1677,4225,0.0,0.0,0.0,0.00189349112426,0.023905325443787,0.155029585798817,0.422248520710059,0.396923076923077
1,324,0,0,0,5,104,618,1799,1694,4220,0.0,0.0,0.0,0.001184834123223,0.024644549763033,0.146445497630332,0.426303317535545,0.401421800947867
1,325,0,0,0,8,87,611,1801,1708,4215,0.0,0.0,0.0,0.001897983392645,0.020640569395018,0.144958481613286,0.427283511269276,0.405219454329775
1,326,0,0,0,6,83,618,1781,1722,4210,0.0,0.0,0.0,0.001425178147268,0.019714964370546,0.146793349168646,0.423040380047506,0.409026128266033
1,327,0,0,0,3,62,634,1846,1660,4205,0.0,0.0,0.0,0.000713436385256,0.01474435196195,0.15077288941736,0.439001189060642,0.394768133174792
1,328,0,0,0,8,84,618,1765,1725,4200,0.0,0.0,0.0,0.001904761904762,0.02,0.147142857142857,0.420238095238095,0.410714285714286
1,329,0,0,0,4,93,623,1754,1721,4195,0.0,0.0,0.0,0.000953516090584,0.022169249106079,0.148510131108462,0.418116805721097,0.410250297973778
1,330,0,0,1,5,92,642,1766,1684,4190,0.0,0.0,0.000238663484487,0.001193317422434,0.021957040572792,0.153221957040573,0.421479713603819,0.401909307875895
1,331,0,0,1,8,84,677,1722,1693,4185,0.0,0.0,0.000238948626045,0.001911589008363,0.020071684587814,0.161768219832736,0.411469534050179,0.404540023894863
1,332,0,0,0,5,78,652,1755,1690,4180,0.0,0.0,0.0,0.001196172248804,0.01866028708134,0.155980861244019,0.419856459330144,0.404306220095694
1,333,0,0,0,3,88,630,1810,1644,4175,0.0,0.0,0.0,0.000718562874251,0.021077844311377,0.150898203592814,0.433532934131737,0.39377245508982
1,334,0,0,1,6,85,670,1759,1649,4170,0.0,0.0,0.000239808153477,0.001438848920863,0.020383693045564,0.160671462829736,0.421822541966427,0.395443645083933
1,335,0,0,0,2,85,675,1787,1616,4165,0.0,0.0,0.0,0.000480192076831,0.020408163265306,0.162064825930372,0.429051620648259,0.387995198079232
1,336,0,0,0,6,100,636,1733,1685,4160,0.0,0.0,0.0,0.001442307692308,0.024038461538462,0.152884615384615,0.416586538461538,0.405048076923077
1,337,0,0,0,4,85,599,1758,1709,4155,0.0,0.0,0.0,0.000962695547533,0.020457280385078,0.144163658243081,0.423104693140794,0.411311672683514
1,338,0,0,0,3,111,630,1709,1697,4150,0.0,0.0,0.0,0.000722891566265,0.026746987951807,0.151807228915663,0.411807228915663,0.408915662650602
1,339,0,0,0,4,93,593,1795,1660,4145,0.0,0.0,0.0,0.000965018094089,0.022436670687575,0.143063932448733,0.433051869722557,0.400482509047045
1,340,0,0,0,5,102,622,1748,1663,4140,0.0,0.0,0.0,0.001207729468599,0.02463768115942,0.15024154589372,0.422222222222222,0.401690821256039
1,341,0,0,0,4,99,619,1796,1617,4135,0.0,0.0,0.0,0.000967351874244,0.023941958887545,0.149697702539299,0.434340991535671,0.391051995163241
1,342,0,0,0,7,93,647,1768,1615,4130,0.0,0.0,0.0,0.001694915254237,0.022518159806295,0.156658595641646,0.428087167070218,0.391041162227603
1,343,0,0,1,4,113,617,1732,1658,4125,0.0,0.0,0.000242424242424,0.000969696969697,0.027393939393939,0.149575757575758,0.419878787878788,0.401939393939394
1,344,0,0,0,6,87,614,1771,1642,4120,0.0,0.0,0.0,0.001456310679612,0.021116504854369,0.149029126213592,0.429854368932039,0.398543689320388
1,345,0,0,1,11,91,626,1745,1641,4115,0.0,0.0,0.000243013365735,0.002673147023086,0.022114216281896,0.152126366950182,0.424058323207776,0.398784933171324
1,346,0,0,0,11,92,630,1747,1630,4110,0.0,0.0,0.0,0.002676399026764,0.022384428223844,0.153284671532847,0.425060827250608,0.396593673965937
1,347,0,0,0,3,85,594,1781,1642,4105,0.0,0.0,0.0,0.000730816077954,0.020706455542022,0.144701583434836,0.433861144945189,0.4
1,348,0,0,0,8,95,604,1704,1689,4100,0.0,0.0,0.0,0.001951219512195,0.023170731707317,0.147317073170732,0.415609756097561,0.411951219512195
1,349,0,0,0,3,83,613,1775,1621,4095,0.0,0.0,0.0,0.000732600732601,0.02026862026862,0.14969474969475,0.433455433455433,0.395848595848596
1,350,0,0,0,4,106,601,1741,1638,4090,0.0,0.0,0.0,0.000977995110024,0.025916870415648,0.146943765281174,0.425672371638142,0.400488997555012
1,351,0,0,0,4,89,595,1751,1646,4085,0.0,0.0,0.0,0.000979192166463,0.021787025703794,0.145654834761322,0.428641370869033,0.402937576499388
1,352,0,0,0,6,85,587,1775,1627,4080,0.0,0.0,0.0,0.001470588235294,0.020833333333333,0.143872549019608,0.435049019607843,0.398774509803922
1,353,0,0,0,9,90,671,1666,1639,4075,0.0,0.0,0.0,0.002208588957055,0.022085889570552,0.164662576687117,0.408834355828221,0.402208588957055
1,354,0,0,0,8,94,658,1699,1611,4070,0.0,0.0,0.0,0.001965601965602,0.023095823095823,0.161670761670762,0.417444717444717,0.395823095823096
1,355,0,0,0,5,90,629,1686,1655,4065,0.0,0.0,0.0,0.001230012300123,0.022140221402214,0.154735547355474,0.414760147601476,0.407134071340713
1,356,0,0,0,4,112,575,1746,1623,4060,0.0,0.0,0.0,0.000985221674877,0.027586206896552,0.141625615763547,0.430049261083744,0.399753694581281
1,357,0,0,0,2,88,605,1750,1610,4055,0.0,0.0,0.0,0.000493218249075,0.021701602959309,0.149198520345253,0.431565967940814,0.397040690505549
1,358,0,0,0,6,104,609,1750,1581,4050,0.0,0.0,0.0,0.001481481481481,0.025679012345679,0.15037037037037,0.432098765432099,0.39037037037037
1,359,0,0,0,4,110,593,1717,1621,4045,0.0,0.0,0.0,0.000988875154512,0.027194066749073,0.146600741656366,0.424474660074166,0.400741656365884
1,360,0,0,0,5,90,611,1685,1649,4040,0.0,0.0,0.0,0.001237623762376,0.022277227722772,0.151237623762376,0.417079207920792,0.408168316831683
1,361,0,0,0,7,74,588,1719,1647,4035,0.0,0.0,0.0,0.001734820322181,0.018339529120198,0.145724907063197,0.426022304832714,0.40817843866171
1,362,0,0,0,7,79,607,1706,1631,4030,0.0,0.0,0.0,0.001736972704715,0.019602977667494,0.150620347394541,0.423325062034739,0.404714640198511
1,363,0,0,0,6,91,627,1628,1673,4025,0.0,0.0,0.0,0.001490683229814,0.022608695652174,0.155776397515528,0.404472049689441,0.415652173913043
1,364,0,0,0,4,89,613,1691,1623,4020,0.0,0.0,0.0,0.000995024875622,0.022139303482587,0.152487562189055,0.420646766169154,0.403731343283582
1,365,0,0,0,7,93,594,1747,1574,4015,0.0,0.0,0.0,0.001743462017435,0.023163138231631,0.147945205479452,0.435118306351183,0.392029887920299
1,366,0,0,0,4,96,634,1671,1605,4010,0.0,0.0,0.0,0.000997506234414,0.023940149625935,0.158104738154613,0.416708229426434,0.400249376558603
1,367,0,0,0,3,82,579,1707,1634,4005,0.0,0.0,0.0,0.000749063670412,0.020474406991261,0.144569288389513,0.426217228464419,0.407990012484394
1,368,0,0,0,7,100,590,1738,1565,4000,0.0,0.0,0.0,0.00175,0.025,0.1475,0.4345,0.39125
1,369,0,0,1,4,111,594,1672,1613,3995,0.0,0.0,0.000250312891114,0.001001251564456,0.027784730913642,0.148685857321652,0.418523153942428,0.403754693366708
1,370,0,0,0,3,94,638,1654,1601,3990,0.0,0.0,0.0,0.000751879699248,0.023558897243108,0.159899749373434,0.41453634085213,0.40125313283208
1,371,0,0,0,5,86,602,1657,1635,3985,0.0,0.0,0.0,0.001254705144291,0.021580928481807,0.151066499372647,0.415809284818068,0.410288582183187
1,372,0,0,0,7,98,620,1706,1549,3980,0.0,0.0,0.0,0.001758793969849,0.024623115577889,0.155778894472362,0.428643216080402,0.389195979899498
1,373,0,0,0,6,98,585,1695,1591,3975,0.0,0.0,0.0,0.001509433962264,0.024654088050314,0.147169811320755,0.426415094339623,0.400251572327044
1,374,0,0,0,8,104,600,1677,1581,3970,0.0,0.0,0.0,0.002015113350126,0.026196473551637,0.151133501259446,0.422418136020151,0.39823677581864
1,375,0,0,1,3,82,579,1704,1596,3965,0.0,0.0,0.000252206809584,0.000756620428752,0.020680958385876,0.146027742749054,0.429760403530895,0.402522068095839
1,376,0,0,0,3,91,555,1650,1661,3960,0.0,0.0,0.0,0.000757575757576,0.022979797979798,0.140151515151515,0.416666666666667,0.419444444444444
1,377,0,0,0,8,79,591,1698,1579,3955,0.0,0.0,0.0,0.002022756005057,0.019974715549937,0.149431099873578,0.429329962073325,0.399241466498104
1,378,0,0,0,8,77,567,1696,1602,3950,0.0,0.0,0.0,0.002025316455696,0.019493670886076,0.143544303797468,0.429367088607595,0.405569620253165
1,379,0,0,0,11,88,543,1743,1560,3945,0.0,0.0,0.0,0.002788339670469,0.022306717363752,0.137642585551331,0.441825095057034,0.395437262357414
1,380,0,0,0,6,84,621,1677,1552,3940,0.0,0.0,0.0,0.001522842639594,0.021319796954315,0.15761421319797,0.425634517766497,0.393908629441624
1,381,0,0,0,5,77,606,1684,1563,3935,0.0,0.0,0.0,0.001270648030496,0.019567979669632,0.154002541296061,0.427954256670902,0.39720457433291
1,382,0,0,0,9,85,598,1624,1614,3930,0.0,0.0,0.0,0.002290076335878,0.021628498727735,0.152162849872774,0.41323155216285,0.410687022900763
1,383,0,0,0,3,90,625,1657,1550,3925,0.0,0.0,0.0,0.000764331210191,0.022929936305732,0.159235668789809,0.422165605095541,0.394904458598726
1,384,0,0,0,5,93,605,1664,1553,3920,0.0,0.0,0.0,0.001275510204082,0.023724489795918,0.154336734693878,0.424489795918367,0.396173469387755
1,385,0,0,0,3,93,595,1600,1624,3915,0.0,0.0,0.0,0.000766283524904,0.023754789272031,0.151979565772669,0.408684546615581,0.414814814814815
1,386,0,0,0,7,81,579,1691,1552,3910,0.0,0.0,0.0,0.001790281329923,0.020716112531969,0.148081841432225,0.432480818414322,0.39693094629156
1,387,0,0,0,9,94,604,1663,1535,3905,0.0,0.0,0.0,0.002304737516005,0.024071702944942,0.154673495518566,0.425864276568502,0.393085787451985
1,388,0,0,0,2,89,603,1676,1530,3900,0.0,0.0,0.0,0.000512820512821,0.022820512820513,0.154615384615385,0.42974358974359,0.392307692307692
1,389,0,0,0,4,74,578,1670,1569,3895,0.0,0.0,0.0,0.001026957637997,0.018998716302953,0.148395378690629,0.428754813863928,0.402824133504493
1,390,0,0,1,4,77,606,1652,1550,3890,0.0,0.0,0.00025706940874,0.001028277634961,0.019794344473008,0.155784061696658,0.424678663239075,0.398457583547558
1,391,0,0,0,3,84,577,1653,1568,3885,0.0,0.0,0.0,0.000772200772201,0.021621621621622,0.148519948519949,0.425482625482625,0.403603603603604
1,392,0,0,0,5,92,576,1684,1523,3880,0.0,0.0,0.0,0.001288659793814,0.023711340206186,0.148453608247423,0.434020618556701,0.392525773195876
1,393,0,0,0,2,93,624,1638,1518,3875,0.0,0.0,0.0,0.000516129032258,0.024,0.161032258064516,0.422709677419355,0.391741935483871
1,394,0,0,0,5,86,615,1649,1515,3870,0.0,0.0,0.0,0.001291989664083,0.022222222222222,0.158914728682171,0.42609819121447,0.391472868217054
1,395,0,0,0,10,76,579,1633,1567,3865,0.0,0.0,0.0,0.002587322121604,0.019663648124191,0.14980595084088,0.422509702457956,0.405433376455369
1,396,0,0,1,2,68,587,1624,1578,3860,0.0,0.0,0.000259067357513,0.000518134715026,0.017616580310881,0.152072538860104,0.420725388601036,0.40880829015544
1,397,0,0,0,5,89,597,1657,1507,3855,0.0,0.0,0.0,0.001297016861219,0.023086900129702,0.154863813229572,0.429831387808042,0.390920881971466
1,398,0,0,0,4,90,640,1615,1501,3850,0.0,0.0,0.0,0.001038961038961,0.023376623376623,0.166233766233766,0.419480519480519,0.38987012987013
1,399,0,0,0,3,89,590,1620,1543,3845,0.0,0.0,0.0,0.000780234070221,0.023146944083225,0.153446033810143,0.421326397919376,0.401300390117035
1,400,0,0,0,4,88,577,1608,1563,3840,0.0,0.0,0.0,0.001041666666667,0.022916666666667,0.150260416666667,0.41875,0.40703125
1,401,0,0,0,5,89,612,1603,1526,3835,0.0,0.0,0.0,0.001303780964798,0.023207301173403,0.159582790091265,0.417992177314211,0.397913950456323
1,402,0,0,0,6,91,566,1655,1512,3830,0.0,0.0,0.0,0.001566579634465,0.023759791122715,0.147780678851175,0.432114882506527,0.394778067885117
1,403,0,0,0,2,98,561,1651,1513,3825,0.0,0.0,0.0,0.000522875816993,0.02562091503268,0.146666666666667,0.431633986928105,0.395555555555556
1,404,0,0,1,6,80,641,1574,1518,3820,0.0,0.0,0.000261780104712,0.001570680628272,0.020942408376963,0.167801047120419,0.412041884816754,0.39738219895288
1,405,0,0,0,4,91,568,1558,1594,3815,0.0,0.0,0.0,0.001048492791612,0.023853211009174,0.148885976408912,0.408387942332896,0.417824377457405
1,406,0,0,0,6,63,565,1670,1506,3810,0.0,0.0,0.0,0.001574803149606,0.016535433070866,0.148293963254593,0.438320209973753,0.395275590551181
1,407,0,0,0,5,76,556,1650,1518,3805,0.0,0.0,0.0,0.001314060446781,0.019973718791064,0.146123521681997,0.433639947437582,0.398948751642576
1,408,0,0,0,3,84,572,1610,1531,3800,0.0,0.0,0.0,0.000789473684211,0.022105263157895,0.150526315789474,0.423684210526316,0.402894736842105
1,409,0,0,0,10,80,582,1596,1527,3795,0.0,0.0,0.0,0.002635046113307,0.021080368906456,0.153359683794466,0.420553359683794,0.402371541501976
1,410,0,0,0,3,85,560,1630,1512,3790,0.0,0.0,0.0,0.000791556728232,0.022427440633245,0.147757255936675,0.430079155672823,0.398944591029024
1,411,0,1,0,5,80,572,1589,1538,3785,0.0,0.000264200792602,0.0,0.001321003963012,0.02113606340819,0.15112285336856,0.419815059445178,0.406340819022457
1,412,0,0,0,3,85,592,1613,1487,3780,0.0,0.0,0.0,0.000793650793651,0.022486772486772,0.156613756613757,0.426719576719577,0.393386243386243
1,413,0,0,1,4,65,605,1586,1514,3775,0.0,0.0,0.000264900662252,0.001059602649007,0.017218543046358,0.160264900662252,0.420132450331126,0.401059602649007
1,414,0,0,0,6,89,580,1571,1524,3770,0.0,0.0,0.0,0.00159151193634,0.023607427055703,0.153846153846154,0.416710875331565,0.404244031830239
1,415,0,0,0,9,73,542,1607,1534,3765,0.0,0.0,0.0,0.002390438247012,0.019389110225764,0.143957503320053,0.426826029216467,0.407436918990704
1,416,0,0,0,2,90,538,1631,1499,3760,0.0,0.0,0.0,0.000531914893617,0.023936170212766,0.143085106382979,0.433776595744681,0.398670212765957
1,417,0,0,0,6,95,547,1550,1557,3755,0.0,0.0,0.0,0.001597869507324,0.025299600532623,0.145672436750999,0.412782956058589,0.414647137150466
1,418,0,0,0,4,79,591,1582,1494,3750,0.0,0.0,0.0,0.001066666666667,0.021066666666667,0.1576,0.421866666666667,0.3984
1,419,0,0,0,6,100,566,1623,1450,3745,0.0,0.0,0.0,0.001602136181575,0.026702269692924,0.151134846461949,0.433377837116155,0.387182910547397
1,420,0,0,0,1,115,568,1581,1475,3740,0.0,0.0,0.0,0.000267379679144,0.030748663101604,0.151871657754011,0.422727272727273,0.394385026737968
1,421,0,0,0,4,79,563,1581,1508,3735,0.0,0.0,0.0,0.001070950468541,0.021151271753681,0.150736278447122,0.423293172690763,0.403748326639893
1,422,0,0,0,9,91,561,1569,1500,3730,0.0,0.0,0.0,0.002412868632708,0.024396782841823,0.150402144772118,0.420643431635389,0.402144772117962
1,423,0,0,1,7,78,517,1608,1514,3725,0.0,0.0,0.000268456375839,0.001879194630872,0.020939597315436,0.138791946308725,0.431677852348993,0.406442953020134
1,424,0,0,0,1,98,544,1597,1480,3720,0.0,0.0,0.0,0.000268817204301,0.026344086021505,0.146236559139785,0.429301075268817,0.397849462365591
1,425,0,0,0,4,83,558,1582,1488,3715,0.0,0.0,0.0,0.001076716016151,0.022341857335128,0.150201884253028,0.425841184387618,0.400538358008075
1,426,0,0,0,10,80,582,1584,1454,3710,0.0,0.0,0.0,0.002695417789757,0.021563342318059,0.156873315363881,0.426954177897574,0.391913746630728
1,427,0,0,0,8,81,534,1613,1469,3705,0.0,0.0,0.0,0.002159244264507,0.021862348178138,0.14412955465587,0.435357624831309,0.396491228070175
1,428,0,0,0,4,72,551,1590,1483,3700,0.0,0.0,0.0,0.001081081081081,0.019459459459459,0.148918918918919,0.42972972972973,0.400810810810811
1,429,0,0,0,9,82,524,1554,1526,3695,0.0,0.0,0.0,0.002435723951286,0.022192151556157,0.141813261163735,0.420568335588633,0.412990527740189
1,430,0,0,0,5,88,555,1557,1485,3690,0.0,0.0,0.0,0.001355013550136,0.023848238482385,0.150406504065041,0.421951219512195,0.402439024390244
1,431,0,0,0,3,88,519,1573,1502,3685,0.0,0.0,0.0,0.000814111261872,0.023880597014925,0.140841248303935,0.426865671641791,0.407598371777476
1,432,0,0,0,8,84,554,1561,1473,3680,0.0,0.0,0.0,0.002173913043478,0.022826086956522,0.15054347826087,0.424184782608696,0.400271739130435
1,433,0,0,1,3,76,542,1589,1464,3675,0.0,0.0,0.000272108843537,0.000816326530612,0.020680272108844,0.147482993197279,0.432380952380952,0.398367346938776
1,434,0,1,1,8,96,569,1567,1428,3670,0.0,0.000272479564033,0.000272479564033,0.002179836512262,0.026158038147139,0.155040871934605,0.426975476839237,0.389100817438692
1,435,0,0,0,6,87,582,1547,1443,3665,0.0,0.0,0.0,0.001637107776262,0.023738062755798,0.158799454297408,0.422100954979536,0.393724420190996
1,436,0,0,0,8,74,541,1533,1504,3660,0.0,0.0,0.0,0.002185792349727,0.020218579234973,0.147814207650273,0.418852459016393,0.410928961748634
1,437,0,0,0,3,84,531,1600,1437,3655,0.0,0.0,0.0,0.000820793433653,0.022982216142271,0.145280437756498,0.437756497948016,0.393160054719562
1,438,0,0,0,4,75,568,1527,1476,3650,0.0,0.0,0.0,0.001095890410959,0.020547945205479,0.155616438356164,0.418356164383562,0.404383561643836
1,439,0,0,0,3,89,569,1545,1439,3645,0.0,0.0,0.0,0.00082304526749,0.024417009602195,0.156104252400549,0.423868312757202,0.394787379972565
1,440,0,0,0,0,80,544,1567,1449,3640,0.0,0.0,0.0,0.0,0.021978021978022,0.149450549450549,0.430494505494506,0.398076923076923
1,441,0,0,0,11,84,537,1579,1424,3635,0.0,0.0,0.0,0.00302613480055,0.023108665749656,0.147730398899587,0.434387895460798,0.391746905089409
1,442,0,0,0,2,78,566,1565,1419,3630,0.0,0.0,0.0,0.000550964187328,0.021487603305785,0.155922865013774,0.431129476584022,0.390909090909091
1,443,0,0,0,4,89,552,1542,1438,3625,0.0,0.0,0.0,0.001103448275862,0.024551724137931,0.152275862068966,0.425379310344828,0.396689655172414
1,444,0,0,0,6,75,527,1552,1460,3620,0.0,0.0,0.0,0.001657458563536,0.020718232044199,0.145580110497238,0.428729281767956,0.403314917127072
1,445,0,0,1,1,59,553,1483,1518,3615,0.0,0.0,0.000276625172891,0.000276625172891,0.016320885200553,0.152973720608575,0.410235131396957,0.419917012448133
1,446,0,0,0,5,78,563,1539,1425,3610,0.0,0.0,0.0,0.001385041551247,0.021606648199446,0.15595567867036,0.426315789473684,0.394736842105263
1,447,0,0,0,4,83,542,1544,1432,3605,0.0,0.0,0.0,0.001109570041609,0.023023578363384,0.150346740638003,0.428294036061026,0.397226074895978
1,448,0,0,0,5,80,569,1510,1436,3600,0.0,0.0,0.0,0.001388888888889,0.022222222222222,0.158055555555556,0.419444444444444,0.398888888888889
1,449,0,0,0,4,77,556,1517,1441,3595,0.0,0.0,0.0,0.001112656467316,0.021418636995828,0.154659248956885,0.421974965229485,0.400834492350487
1,450,0,0,0,2,79,526,1520,1463,3590,0.0,0.0,0.0,0.000557103064067,0.022005571030641,0.146518105849582,0.423398328690808,0.407520891364902
1,451,0,0,0,6,81,549,1557,1392,3585,0.0,0.0,0.0,0.001673640167364,0.022594142259414,0.153138075313808,0.434309623430962,0.388284518828452
1,452,0,0,1,3,70,564,1541,1401,3580,0.0,0.0,0.000279329608939,0.000837988826816,0.019553072625698,0.157541899441341,0.430446927374302,0.391340782122905
1,453,0,0,0,1,89,489,1546,1450,3575,0.0,0.0,0.0,0.00027972027972,0.024895104895105,0.136783216783217,0.432447552447552,0.405594405594406
1,454,0,0,0,9,72,524,1473,1492,3570,0.0,0.0,0.0,0.002521008403361,0.020168067226891,0.146778711484594,0.412605042016807,0.417927170868347
1,455,0,0,0,5,72,514,1510,1464,3565,0.0,0.0,0.0,0.00140252454418,0.020196353436185,0.144179523141655,0.423562412342216,0.410659186535764
1,456,0,0,0,3,78,562,1525,1392,3560,0.0,0.0,0.0,0.000842696629213,0.021910112359551,0.157865168539326,0.428370786516854,0.391011235955056
1,457,0,0,0,4,89,564,1526,1372,3555,0.0,0.0,0.0,0.00112517580872,0.025035161744023,0.158649789029536,0.429254571026723,0.385935302390999
1,458,0,0,0,3,84,552,1507,1404,3550,0.0,0.0,0.0,0.000845070422535,0.023661971830986,0.155492957746479,0.424507042253521,0.395492957746479
1,459,0,0,1,1,93,501,1512,1437,3545,0.0,0.0,0.000282087447109,0.000282087447109,0.0262341325811,0.14132581100141,0.426516220028209,0.405359661495063
1,460,0,0,0,6,64,540,1529,1401,3540,0.0,0.0,0.0,0.001694915254237,0.018079096045198,0.152542372881356,0.431920903954802,0.395762711864407
1,461,0,0,0,8,66,544,1513,1404,3535,0.0,0.0,0.0,0.002263083451202,0.018670438472419,0.153889674681754,0.428005657708628,0.397171145685997
1,462,0,0,0,5,76,513,1554,1382,3530,0.0,0.0,0.0,0.001416430594901,0.021529745042493,0.145325779036827,0.440226628895184,0.391501416430595
1,463,0,0,0,7,81,532,1520,1385,3525,0.0,0.0,0.0,0.001985815602837,0.022978723404255,0.150921985815603,0.431205673758865,0.39290780141844
1,464,0,0,2,9,68,544,1503,1394,3520,0.0,0.0,0.000568181818182,0.002556818181818,0.019318181818182,0.154545454545455,0.426988636363636,0.396022727272727
1,465,0,0,0,6,94,516,1542,1357,3515,0.0,0.0,0.0,0.001706970128023,0.02674253200569,0.146799431009957,0.438691322901849,0.386059743954481
1,466,0,0,1,4,90,531,1485,1399,3510,0.0,0.0,0.0002849002849,0.001139601139601,0.025641025641026,0.151282051282051,0.423076923076923,0.398575498575499
1,467,0,0,0,4,98,508,1458,1437,3505,0.0,0.0,0.0,0.00114122681883,0.027960057061341,0.144935805991441,0.415977175463623,0.409985734664765
1,468,0,0,0,4,77,548,1480,1391,3500,0.0,0.0,0.0,0.001142857142857,0.022,0.156571428571429,0.422857142857143,0.397428571428571
1,469,0,0,0,4,59,573,1496,1363,3495,0.0,0.0,0.0,0.001144492131617,0.016881258941345,0.163948497854077,0.428040057224607,0.389985693848355
1,470,0,0,0,5,63,494,1474,1454,3490,0.0,0.0,0.0,0.001432664756447,0.018051575931232,0.141547277936963,0.422349570200573,0.416618911174785
1,471,0,0,0,11,64,513,1504,1393,3485,0.0,0.0,0.0,0.003156384505022,0.018364418938307,0.147202295552367,0.431563845050215,0.399713055954089
1,472,0,1,0,5,77,520,1474,1403,3480,0.0,0.000287356321839,0.0,0.001436781609195,0.022126436781609,0.149425287356322,0.423563218390805,0.40316091954023
1,473,0,0,0,7,77,528,1406,1457,3475,0.0,0.0,0.0,0.002014388489209,0.022158273381295,0.151942446043165,0.404604316546763,0.419280575539568
1,474,0,0,0,8,68,504,1445,1445,3470,0.0,0.0,0.0,0.002305475504323,0.019596541786744,0.145244956772334,0.4164265129683,0.4164265129683
1,475,0,0,0,4,70,518,1532,1341,3465,0.0,0.0,0.0,0.001154401154401,0.02020202020202,0.149494949494949,0.442135642135642,0.387012987012987
1,476,0,0,0,3,67,518,1457,1415,3460,0.0,0.0,0.0,0.000867052023121,0.019364161849711,0.14971098265896,0.421098265895954,0.408959537572254
1,477,0,0,0,4,82,521,1479,1369,3455,0.0,0.0,0.0,0.001157742402315,0.023733719247467,0.150795947901592,0.428075253256151,0.396237337192475
1,478,0,0,0,3,70,500,1530,1347,3450,0.0,0.0,0.0,0.000869565217391,0.020289855072464,0.144927536231884,0.443478260869565,0.390434782608696
1,479,0,0,0,5,81,519,1521,1319,3445,0.0,0.0,0.0,0.001451378809869,0.023512336719884,0.150653120464441,0.441509433962264,0.382873730043541
1,480,0,0,0,7,81,526,1424,1402,3440,0.0,0.0,0.0,0.00203488372093,0.023546511627907,0.152906976744186,0.413953488372093,0.407558139534884
1,481,0,0,0,8,58,534,1475,1360,3435,0.0,0.0,0.0,0.002328966521106,0.01688500727802,0.155458515283843,0.429403202328967,0.395924308588064
1,482,0,0,0,9,88,499,1420,1414,3430,0.0,0.0,0.0,0.002623906705539,0.025655976676385,0.145481049562682,0.41399416909621,0.412244897959184
1,483,0,0,0,7,92,492,1464,1370,3425,0.0,0.0,0.0,0.002043795620438,0.026861313868613,0.143649635036496,0.427445255474453,0.4
1,484,0,0,0,6,81,504,1450,1379,3420,0.0,0.0,0.0,0.001754385964912,0.023684210526316,0.147368421052632,0.423976608187135,0.403216374269006
1,485,0,0,0,1,74,565,1467,1308,3415,0.0,0.0,0.0,0.000292825768668,0.021669106881406,0.165446559297218,0.429575402635432,0.383016105417277
1,486,0,0,0,7,76,562,1446,1319,3410,0.0,0.0,0.0,0.002052785923754,0.022287390029326,0.164809384164223,0.424046920821114,0.386803519061584
1,487,0,0,0,2,72,486,1481,1364,3405,0.0,0.0,0.0,0.000587371512482,0.021145374449339,0.14273127753304,0.434948604992658,0.400587371512482
1,488,0,0,0,4,90,556,1375,1375,3400,0.0,0.0,0.0,0.001176470588235,0.026470588235294,0.163529411764706,0.404411764705882,0.404411764705882
1,489,0,0,0,7,63,530,1435,1360,3395,0.0,0.0,0.0,0.002061855670103,0.018556701030928,0.156111929307806,0.422680412371134,0.400589101620029
1,490,0,0,0,4,78,532,1451,1325,3390,0.0,0.0,0.0,0.00117994100295,0.023008849557522,0.15693215339233,0.428023598820059,0.390855457227139
1,491,0,0,0,1,66,511,1426,1381,3385,0.0,0.0,0.0,0.000295420974889,0.019497784342688,0.15096011816839,0.421270310192024,0.407976366322009
1,492,0,0,0,3,81,514,1403,1379,3380,0.0,0.0,0.0,0.000887573964497,0.02396449704142,0.15207100591716,0.41508875739645,0.407988165680473
1,493,0,0,0,11,76,523,1368,1397,3375,0.0,0.0,0.0,0.003259259259259,0.022518518518519,0.154962962962963,0.405333333333333,0.413925925925926
1,494,0,0,1,5,84,483,1445,1352,3370,0.0,0.0,0.000296735905045,0.001483679525223,0.024925816023739,0.143323442136499,0.428783382789317,0.401186943620178
1,495,0,0,0,5,92,524,1398,1346,3365,0.0,0.0,0.0,0.00148588410104,0.027340267459138,0.155720653789004,0.415453194650817,0.4
1,496,0,0,0,3,58,518,1452,1329,3360,0.0,0.0,0.0,0.000892857142857,0.017261904761905,0.154166666666667,0.432142857142857,0.395535714285714
1,497,0,0,0,8,62,510,1455,1320,3355,0.0,0.0,0.0,0.002384500745156,0.018479880774963,0.152011922503726,0.433681073025335,0.39344262295082
1,498,0,0,0,3,62,532,1391,1362,3350,0.0,0.0,0.0,0.00089552238806,0.018507462686567,0.158805970149254,0.415223880597015,0.406567164179104
1,499,0,0,0,5,94,517,1412,1317,3345,0.0,0.0,0.0,0.001494768310912,0.028101644245142,0.154559043348281,0.422122571001495,0.39372197309417
1,500,0,0,0,5,73,521,1425,1316,3340,0.0,0.0,0.0,0.001497005988024,0.02185628742515,0.155988023952096,0.426646706586826,0.394011976047904
1,501,0,0,0,3,69,520,1378,1365,3335,0.0,0.0,0.0,0.000899550224888,0.020689655172414,0.15592203898051,0.413193403298351,0.409295352323838
1,502,0,0,0,5,63,498,1423,1341,3330,0.0,0.0,0.0,0.001501501501502,0.018918918918919,0.14954954954955,0.427327327327327,0.402702702702703
1,503,0,0,0,7,62,524,1370,1362,3325,0.0,0.0,0.0,0.002105263157895,0.018646616541353,0.157593984962406,0.41203007518797,0.409624060150376
1,504,0,0,0,3,86,530,1387,1314,3320,0.0,0.0,0.0,0.000903614457831,0.025903614457831,0.159638554216867,0.417771084337349,0.39578313253012
1,505,0,1,0,2,75,535,1385,1317,3315,0.0,0.000301659125189,0.0,0.000603318250377,0.02262443438914,0.161387631975867,0.417797888386124,0.397285067873303
1,506,0,0,0,3,82,535,1379,1311,3310,0.0,0.0,0.0,0.000906344410876,0.024773413897281,0.161631419939577,0.416616314199396,0.39607250755287
1,507,0,0,0,1,98,476,1433,1297,3305,0.0,0.0,0.0,0.000302571860817,0.029652042360061,0.144024205748865,0.433585476550681,0.392435703479576
1,508,0,0,0,4,62,464,1437,1333,3300,0.0,0.0,0.0,0.001212121212121,0.018787878787879,0.140606060606061,0.435454545454545,0.403939393939394
1,509,0,0,0,2,63,504,1417,1309,3295,0.0,0.0,0.0,0.000606980273141,0.019119878603945,0.152959028831563,0.430045523520486,0.397268588770865
1,510,0,0,1,2,60,486,1381,1360,3290,0.0,0.0,0.000303951367781,0.000607902735562,0.018237082066869,0.147720364741641,0.419756838905775,0.413373860182371
1,511,0,0,0,4,69,514,1406,1292,3285,0.0,0.0,0.0,0.001217656012177,0.021004566210046,0.156468797564688,0.428006088280061,0.393302891933029
1,512,0,0,0,6,70,508,1445,1251,3280,0.0,0.0,0.0,0.001829268292683,0.021341463414634,0.154878048780488,0.440548780487805,0.38140243902439
1,513,0,0,0,2,103,522,1360,1288,3275,0.0,0.0,0.0,0.000610687022901,0.031450381679389,0.159389312977099,0.415267175572519,0.393282442748092
1,514,0,0,0,4,75,526,1339,1326,3270,0.0,0.0,0.0,0.001223241590214,0.022935779816514,0.16085626911315,0.409480122324159,0.405504587155963
1,515,0,0,0,6,69,525,1343,1322,3265,0.0,0.0,0.0,0.001837672281776,0.021133231240429,0.160796324655436,0.411332312404288,0.40490045941807
1,516,0,0,0,12,72,508,1375,1293,3260,0.0,0.0,0.0,0.003680981595092,0.022085889570552,0.155828220858896,0.421779141104294,0.396625766871166
1,517,0,0,0,5,74,498,1337,1341,3255,0.0,0.0,0.0,0.001536098310292,0.02273425499232,0.152995391705069,0.410752688172043,0.411981566820276
1,518,0,0,0,2,64,490,1374,1320,3250,0.0,0.0,0.0,0.000615384615385,0.019692307692308,0.150769230769231,0.422769230769231,0.406153846153846
1,519,0,0,0,1,62,492,1371,1319,3245,0.0,0.0,0.0,0.000308166409861,0.019106317411402,0.151617873651772,0.422496147919877,0.406471494607088
1,520,0,0,0,5,65,487,1352,1331,3240,0.0,0.0,0.0,0.001543209876543,0.020061728395062,0.150308641975309,0.417283950617284,0.410802469135802
1,521,0,0,0,3,60,460,1379,1333,3235,0.0,0.0,0.0,0.000927357032457,0.01854714064915,0.142194744976816,0.426275115919629,0.412055641421947
1,522,0,0,0,3,73,513,1321,1320,3230,0.0,0.0,0.0,0.000928792569659,0.022600619195046,0.158823529411765,0.408978328173375,0.408668730650155
1,523,0,0,0,4,85,507,1321,1308,3225,0.0,0.0,0.0,0.001240310077519,0.026356589147287,0.157209302325581,0.409612403100775,0.405581395348837
1,524,0,0,0,5,56,473,1339,1347,3220,0.0,0.0,0.0,0.001552795031056,0.017391304347826,0.146894409937888,0.41583850931677,0.41832298136646
1,525,0,0,0,6,85,491,1355,1278,3215,0.0,0.0,0.0,0.001866251944012,0.026438569206843,0.152721617418351,0.421461897356143,0.39751166407465
1,526,0,0,0,3,76,511,1344,1276,3210,0.0,0.0,0.0,0.000934579439252,0.023676012461059,0.159190031152648,0.418691588785047,0.397507788161994
1,527,0,0,0,4,62,473,1374,1292,3205,0.0,0.0,0.0,0.001248049921997,0.019344773790952,0.147581903276131,0.428705148205928,0.403120124804992
1,528,0,0,1,4,74,537,1345,1239,3200,0.0,0.0,0.0003125,0.00125,0.023125,0.1678125,0.4203125,0.3871875
1,529,0,0,0,9,69,486,1341,1290,3195,0.0,0.0,0.0,0.002816901408451,0.021596244131455,0.152112676056338,0.419718309859155,0.403755868544601
1,530,0,0,0,2,69,474,1387,1258,3190,0.0,0.0,0.0,0.000626959247649,0.021630094043887,0.14858934169279,0.434796238244514,0.39435736677116
1,531,0,0,0,5,76,491,1383,1230,3185,0.0,0.0,0.0,0.001569858712716,0.023861852433281,0.154160125588697,0.434222919937206,0.3861852433281
1,532,0,0,0,2,72,506,1356,1244,3180,0.0,0.0,0.0,0.00062893081761,0.022641509433962,0.159119496855346,0.426415094339623,0.391194968553459
1,533,0,0,0,8,84,471,1300,1312,3175,0.0,0.0,0.0,0.00251968503937,0.026456692913386,0.148346456692913,0.409448818897638,0.413228346456693
1,534,0,0,0,2,75,439,1357,1297,3170,0.0,0.0,0.0,0.000630914826498,0.023659305993691,0.138485804416404,0.42807570977918,0.409148264984227
1,535,0,0,0,8,79,483,1335,1260,3165,0.0,0.0,0.0,0.002527646129542,0.024960505529226,0.15260663507109,0.421800947867299,0.398104265402844
1,536,0,0,0,3,76,472,1297,1312,3160,0.0,0.0,0.0,0.000949367088608,0.024050632911392,0.149367088607595,0.410443037974684,0.415189873417722
1,537,0,0,1,10,82,467,1362,1233,3155,0.0,0.0,0.000316957210777,0.003169572107765,0.025990491283677,0.148019017432647,0.431695721077655,0.39080824088748
1,538,0,0,0,4,66,461,1342,1277,3150,0.0,0.0,0.0,0.001269841269841,0.020952380952381,0.146349206349206,0.426031746031746,0.405396825396825
1,539,0,0,0,4,61,516,1283,1281,3145,0.0,0.0,0.0,0.00127186009539,0.01939586645469,0.164069952305246,0.407949125596184,0.40731319554849
1,540,0,0,0,5,60,429,1380,1266,3140,0.0,0.0,0.0,0.001592356687898,0.019108280254777,0.136624203821656,0.439490445859873,0.403184713375796
1,541,0,0,0,5,75,477,1301,1277,3135,0.0,0.0,0.0,0.001594896331738,0.023923444976077,0.152153110047847,0.414992025518341,0.407336523125997
1,542,0,0,0,0,67,444,1358,1261,3130,0.0,0.0,0.0,0.0,0.021405750798722,0.14185303514377,0.433865814696486,0.402875399361022
1,543,0,0,0,6,81,456,1319,1263,3125,0.0,0.0,0.0,0.00192,0.02592,0.14592,0.42208,0.40416
1,544,0,0,0,3,78,468,1285,1286,3120,0.0,0.0,0.0,0.000961538461538,0.025,0.15,0.411858974358974,0.412179487179487
1,545,0,0,0,2,70,507,1271,1265,3115,0.0,0.0,0.0,0.000642054574639,0.02247191011236,0.162760834670947,0.408025682182986,0.406099518459069
1,546,0,0,0,4,74,419,1313,1300,3110,0.0,0.0,0.0,0.001286173633441,0.02379421221865,0.134726688102894,0.422186495176849,0.418006430868167
1,547,0,0,0,7,67,453,1304,1274,3105,0.0,0.0,0.0,0.002254428341385,0.021578099838969,0.145893719806763,0.419967793880837,0.410305958132045
1,548,0,0,0,6,82,469,1298,1245,3100,0.0,0.0,0.0,0.001935483870968,0.026451612903226,0.151290322580645,0.418709677419355,0.401612903225806
1,549,0,0,0,4,71,482,1283,1255,3095,0.0,0.0,0.0,0.001292407108239,0.022940226171244,0.155735056542811,0.41453957996769,0.405492730210016
1,550,0,0,0,3,77,489,1215,1306,3090,0.0,0.0,0.0,0.000970873786408,0.024919093851133,0.158252427184466,0.393203883495146,0.422653721682848
1,551,0,0,0,6,81,487,1294,1217,3085,0.0,0.0,0.0,0.00194489465154,0.026256077795786,0.157860615883306,0.419448946515397,0.394489465153971
1,552,0,0,0,6,77,483,1254,1260,3080,0.0,0.0,0.0,0.001948051948052,0.025,0.156818181818182,0.407142857142857,0.409090909090909
1,553,0,0,0,4,72,447,1296,1256,3075,0.0,0.0,0.0,0.00130081300813,0.023414634146341,0.145365853658537,0.421463414634146,0.408455284552846
1,554,0,0,0,6,74,458,1343,1189,3070,0.0,0.0,0.0,0.001954397394137,0.024104234527687,0.149185667752443,0.437459283387622,0.387296416938111
1,555,0,0,0,4,68,493,1289,1211,3065,0.0,0.0,0.0,0.001305057096248,0.022185970636215,0.160848287112561,0.420554649265905,0.39510603588907
1,556,0,0,0,4,64,467,1276,1249,3060,0.0,0.0,0.0,0.001307189542484,0.020915032679739,0.152614379084967,0.416993464052288,0.408169934640523
1,557,0,0,0,3,59,463,1325,1205,3055,0.0,0.0,0.0,0.000981996726678,0.019312602291326,0.151554828150573,0.433715220949264,0.39443535188216
1,558,0,0,0,6,97,424,1273,1250,3050,0.0,0.0,0.0,0.001967213114754,0.031803278688525,0.139016393442623,0.417377049180328,0.409836065573771
1,559,0,0,0,4,71,471,1275,1224,3045,0.0,0.0,0.0,0.001313628899836,0.023316912972085,0.154679802955665,0.41871921182266,0.401970443349754
1,560,0,0,0,3,73,447,1322,1195,3040,0.0,0.0,0.0,0.000986842105263,0.024013157894737,0.147039473684211,0.434868421052632,0.393092105263158
1,561,0,0,0,3,76,451,1268,1237,3035,0.0,0.0,0.0,0.000988467874794,0.02504118616145,0.148599670510708,0.417792421746293,0.407578253706755
1,562,0,0,0,2,59,413,1315,1241,3030,0.0,0.0,0.0,0.000660066006601,0.019471947194719,0.136303630363036,0.433993399339934,0.40957095709571
1,563,0,0,0,2,77,468,1328,1150,3025,0.0,0.0,0.0,0.000661157024793,0.025454545454545,0.154710743801653,0.43900826446281,0.380165289256198
1,564,0,0,0,3,65,434,1283,1235,3020,0.0,0.0,0.0,0.000993377483444,0.021523178807947,0.143708609271523,0.424834437086093,0.408940397350993
1,565,0,0,0,2,92,466,1262,1193,3015,0.0,0.0,0.0,0.000663349917081,0.030514096185738,0.154560530679934,0.418573797678275,0.395688225538972
1,566,0,0,1,3,86,436,1306,1178,3010,0.0,0.0,0.000332225913621,0.000996677740864,0.028571428571429,0.14485049833887,0.433887043189369,0.391362126245847
1,567,0,0,0,3,64,472,1251,1215,3005,0.0,0.0,0.0,0.000998336106489,0.021297836938436,0.157071547420965,0.41630615640599,0.40432612312812
1,568,0,0,0,3,62,455,1267,1213,3000,0.0,0.0,0.0,0.001,0.020666666666667,0.151666666666667,0.422333333333333,0.404333333333333
1,569,0,0,0,8,58,450,1294,1185,2995,0.0,0.0,0.0,0.002671118530885,0.019365609348915,0.15025041736227,0.432053422370618,0.395659432387312
1,570,0,0,0,4,62,449,1249,1226,2990,0.0,0.0,0.0,0.00133779264214,0.020735785953177,0.150167224080268,0.417725752508361,0.410033444816054
1,571,0,0,0,5,62,465,1253,1200,2985,0.0,0.0,0.0,0.001675041876047,0.020770519262982,0.155778894472362,0.419765494137353,0.402010050251256
1,572,0,0,0,3,64,425,1219,1269,2980,0.0,0.0,0.0,0.001006711409396,0.021476510067114,0.14261744966443,0.409060402684564,0.425838926174497
1,573,0,0,0,3,67,457,1262,1186,2975,0.0,0.0,0.0,0.001008403361345,0.022521008403361,0.153613445378151,0.424201680672269,0.398655462184874
1,574,0,0,0,1,79,425,1273,1192,2970,0.0,0.0,0.0,0.0003367003367,0.026599326599327,0.143097643097643,0.428619528619529,0.401346801346801
1,575,0,0,0,7,75,428,1306,1149,2965,0.0,0.0,0.0,0.002360876897133,0.025295109612142,0.144350758853288,0.440472175379427,0.38752107925801
1,576,0,0,0,3,67,420,1293,1177,2960,0.0,0.0,0.0,0.001013513513514,0.022635135135135,0.141891891891892,0.436824324324324,0.397635135135135
1,577,0,0,0,3,59,459,1273,1161,2955,0.0,0.0,0.0,0.001015228426396,0.019966159052453,0.155329949238579,0.430795262267343,0.392893401015228
1,578,0,0,0,2,73,440,1271,1164,2950,0.0,0.0,0.0,0.000677966101695,0.024745762711864,0.149152542372881,0.430847457627119,0.394576271186441
1,579,0,0,0,6,56,441,1281,1161,2945,0.0,0.0,0.0,0.002037351443124,0.019015280135823,0.149745331069609,0.434974533106961,0.394227504244482
1,580,0,0,0,3,58,442,1265,1172,2940,0.0,0.0,0.0,0.001020408163265,0.019727891156463,0.150340136054422,0.430272108843537,0.398639455782313
1,581,0,0,0,4,70,399,1243,1219,2935,0.0,0.0,0.0,0.001362862010221,0.023850085178876,0.135945485519591,0.42350936967632,0.415332197614991
1,582,0,0,0,10,65,413,1251,1191,2930,0.0,0.0,0.0,0.003412969283276,0.022184300341297,0.140955631399317,0.426962457337884,0.406484641638225
1,583,0,0,0,2,61,440,1260,1162,2925,0.0,0.0,0.0,0.000683760683761,0.020854700854701,0.15042735042735,0.430769230769231,0.397264957264957
1,584,0,0,0,3,58,432,1252,1175,2920,0.0,0.0,0.0,0.001027397260274,0.01986301369863,0.147945205479452,0.428767123287671,0.402397260273973
1,585,0,0,0,2,79,436,1231,1167,2915,0.0,0.0,0.0,0.000686106346484,0.027101200686106,0.149571183533448,0.42229845626072,0.400343053173242
1,586,0,0,1,6,80,447,1221,1155,2910,0.0,0.0,0.000343642611684,0.002061855670103,0.027491408934708,0.15360824742268,0.419587628865979,0.396907216494845
1,587,0,0,0,5,88,417,1231,1164,2905,0.0,0.0,0.0,0.001721170395869,0.030292598967298,0.143545611015491,0.423752151462995,0.400688468158348
1,588,0,0,0,2,68,479,1238,1113,2900,0.0,0.0,0.0,0.000689655172414,0.023448275862069,0.165172413793103,0.426896551724138,0.383793103448276
1,589,0,0,0,3,60,447,1220,1165,2895,0.0,0.0,0.0,0.001036269430052,0.020725388601036,0.15440414507772,0.421416234887737,0.402417962003454
1,590,0,0,1,5,63,453,1204,1164,2890,0.0,0.0,0.000346020761246,0.001730103806228,0.021799307958478,0.156747404844291,0.416608996539792,0.402768166089965
1,591,0,0,0,2,74,456,1200,1153,2885,0.0,0.0,0.0,0.000693240901213,0.025649913344887,0.158058925476603,0.415944540727903,0.399653379549393
1,592,0,0,0,6,67,430,1234,1143,2880,0.0,0.0,0.0,0.002083333333333,0.023263888888889,0.149305555555556,0.428472222222222,0.396875
1,593,0,0,0,2,77,474,1217,1105,2875,0.0,0.0,0.0,0.000695652173913,0.026782608695652,0.164869565217391,0.423304347826087,0.384347826086957
1,594,0,0,1,3,68,419,1229,1150,2870,0.0,0.0,0.000348432055749,0.001045296167247,0.023693379790941,0.145993031358885,0.428222996515679,0.400696864111498
1,595,0,0,0,4,67,417,1204,1173,2865,0.0,0.0,0.0,0.001396160558464,0.023385689354276,0.145549738219895,0.420244328097731,0.409424083769634
1,596,0,0,1,9,58,411,1258,1123,2860,0.0,0.0,0.00034965034965,0.003146853146853,0.02027972027972,0.143706293706294,0.43986013986014,0.392657342657343
1,597,0,0,0,5,65,460,1208,1117,2855,0.0,0.0,0.0,0.001751313485114,0.02276707530648,0.161120840630473,0.423117338003503,0.391243432574431
1,598,0,0,0,5,64,451,1156,1174,2850,0.0,0.0,0.0,0.001754385964912,0.022456140350877,0.158245614035088,0.405614035087719,0.411929824561404
1,599,0,0,0,3,66,467,1150,1159,2845,0.0,0.0,0.0,0.001054481546573,0.023198594024605,0.16414762741652,0.404217926186292,0.407381370826011
1,600,0,0,0,4,64,414,1185,1173,2840,0.0,0.0,0.0,0.001408450704225,0.022535211267606,0.145774647887324,0.417253521126761,0.413028169014085
1,601,0,0,0,2,58,413,1212,1150,2835,0.0,0.0,0.0,0.000705467372134,0.020458553791887,0.145679012345679,0.427513227513228,0.405643738977072
1,602,0,0,0,2,62,432,1197,1137,2830,0.0,0.0,0.0,0.000706713780919,0.021908127208481,0.152650176678445,0.422968197879859,0.401766784452297
1,603,0,0,0,4,59,432,1190,1140,2825,0.0,0.0,0.0,0.00141592920354,0.020884955752212,0.152920353982301,0.421238938053097,0.40353982300885
1,604,0,0,0,6,57,373,1231,1153,2820,0.0,0.0,0.0,0.002127659574468,0.020212765957447,0.132269503546099,0.436524822695035,0.40886524822695
1,605,0,0,0,3,70,418,1168,1156,2815,0.0,0.0,0.0,0.001065719360568,0.024866785079929,0.148490230905861,0.414920071047957,0.410657193605684
1,606,0,0,1,5,60,465,1140,1139,2810,0.0,0.0,0.000355871886121,0.001779359430605,0.02135231316726,0.165480427046263,0.405693950177936,0.405338078291815
1,607,0,0,0,2,78,417,1235,1073,2805,0.0,0.0,0.0,0.000713012477718,0.027807486631016,0.148663101604278,0.440285204991087,0.3825311942959
1,608,0,0,0,2,48,456,1165,1129,2800,0.0,0.0,0.0,0.000714285714286,0.017142857142857,0.162857142857143,0.416071428571429,0.403214285714286
1,609,0,0,0,7,61,424,1172,1131,2795,0.0,0.0,0.0,0.002504472271914,0.021824686940966,0.15169946332737,0.419320214669052,0.404651162790698
1,610,0,0,0,4,61,403,1181,1141,2790,0.0,0.0,0.0,0.001433691756272,0.021863799283154,0.144444444444444,0.423297491039427,0.408960573476703
1,611,0,0,0,7,69,397,1177,1135,2785,0.0,0.0,0.0,0.002513464991023,0.024775583482944,0.142549371633752,0.42262118491921,0.40754039497307
1,612,0,0,0,4,63,445,1164,1104,2780,0.0,0.0,0.0,0.001438848920863,0.022661870503597,0.160071942446043,0.418705035971223,0.397122302158273
1,613,0,0,0,3,58,416,1161,1137,2775,0.0,0.0,0.0,0.001081081081081,0.020900900900901,0.14990990990991,0.418378378378378,0.40972972972973
1,614,0,0,0,4,56,414,1158,1138,2770,0.0,0.0,0.0,0.0014440433213,0.020216606498195,0.149458483754513,0.418050541516245,0.410830324909747
1,615,0,0,0,4,59,411,1170,1121,2765,0.0,0.0,0.0,0.001446654611212,0.021338155515371,0.148643761301989,0.423146473779385,0.405424954792043
1,616,0,0,0,1,47,432,1147,1133,2760,0.0,0.0,0.0,0.00036231884058,0.017028985507246,0.156521739130435,0.415579710144928,0.410507246376812
1,617,0,0,0,3,62,385,1176,1129,2755,0.0,0.0,0.0,0.001088929219601,0.022504537205082,0.139745916515427,0.426860254083485,0.409800362976407
1,618,0,0,0,2,71,380,1204,1093,2750,0.0,0.0,0.0,0.000727272727273,0.025818181818182,0.138181818181818,0.437818181818182,0.397454545454545
1,619,0,0,0,6,68,388,1160,1123,2745,0.0,0.0,0.0,0.002185792349727,0.024772313296903,0.141347905282332,0.422586520947177,0.409107468123862
1,620,0,0,0,1,68,420,1193,1058,2740,0.0,0.0,0.0,0.00036496350365,0.024817518248175,0.153284671532847,0.435401459854015,0.386131386861314
1,621,0,0,0,4,58,396,1174,1103,2735,0.0,0.0,0.0,0.00146252285192,0.021206581352834,0.144789762340037,0.429250457038391,0.403290676416819
1,622,0,0,0,3,51,438,1147,1091,2730,0.0,0.0,0.0,0.001098901098901,0.018681318681319,0.16043956043956,0.42014652014652,0.3996336996337
1,623,0,0,0,3,57,410,1147,1108,2725,0.0,0.0,0.0,0.001100917431193,0.020917431192661,0.15045871559633,0.420917431192661,0.406605504587156
1,624,0,0,0,2,49,394,1191,1084,2720,0.0,0.0,0.0,0.000735294117647,0.018014705882353,0.144852941176471,0.437867647058824,0.398529411764706
1,625,0,0,1,3,51,401,1166,1093,2715,0.0,0.0,0.00036832412523,0.001104972375691,0.01878453038674,0.147697974217311,0.429465930018416,0.402578268876611
1,626,0,0,0,1,55,408,1186,1060,2710,0.0,0.0,0.0,0.000369003690037,0.02029520295203,0.150553505535055,0.437638376383764,0.391143911439114
1,627,0,0,0,4,52,411,1149,1089,2705,0.0,0.0,0.0,0.001478743068392,0.019223659889094,0.151940850277264,0.424768946395564,0.402587800369686
1,628,0,0,1,5,53,392,1150,1099,2700,0.0,0.0,0.00037037037037,0.001851851851852,0.01962962962963,0.145185185185185,0.425925925925926,0.407037037037037
1,629,0,0,0,2,56,422,1144,1071,2695,0.0,0.0,0.0,0.000742115027829,0.020779220779221,0.156586270871985,0.424489795918367,0.397402597402597
1,630,0,0,0,4,59,395,1104,1128,2690,0.0,0.0,0.0,0.001486988847584,0.021933085501859,0.146840148698885,0.410408921933085,0.419330855018587
1,631,0,0,0,4,59,383,1152,1087,2685,0.0,0.0,0.0,0.001489757914339,0.021973929236499,0.142644320297952,0.429050279329609,0.404841713221602
1,632,0,0,0,4,62,424,1127,1063,2680,0.0,0.0,0.0,0.001492537313433,0.023134328358209,0.158208955223881,0.420522388059701,0.396641791044776
1,633,0,0,0,6,61,405,1113,1090,2675,0.0,0.0,0.0,0.002242990654206,0.022803738317757,0.151401869158879,0.41607476635514,0.407476635514019
1,634,0,0,0,2,64,383,1144,1077,2670,0.0,0.0,0.0,0.000749063670412,0.023970037453184,0.143445692883895,0.428464419475655,0.403370786516854
1,635,0,0,0,1,51,392,1128,1093,2665,0.0,0.0,0.0,0.000375234521576,0.019136960600375,0.147091932457786,0.423264540337711,0.410131332082552
1,636,0,0,1,5,63,408,1168,1015,2660,0.0,0.0,0.000375939849624,0.00187969924812,0.023684210526316,0.153383458646617,0.439097744360902,0.381578947368421
1,637,0,0,0,3,62,440,1128,1022,2655,0.0,0.0,0.0,0.001129943502825,0.023352165725047,0.165725047080979,0.424858757062147,0.384934086629002
1,638,0,0,3,2,73,390,1108,1074,2650,0.0,0.0,0.001132075471698,0.000754716981132,0.027547169811321,0.147169811320755,0.41811320754717,0.405283018867925
1,639,0,0,0,6,64,399,1144,1032,2645,0.0,0.0,0.0,0.00226843100189,0.024196597353497,0.150850661625709,0.432514177693762,0.390170132325142
1,640,0,0,0,5,66,362,1177,1030,2640,0.0,0.0,0.0,0.001893939393939,0.025,0.137121212121212,0.445833333333333,0.390151515151515
1,641,0,0,0,5,56,396,1137,1041,2635,0.0,0.0,0.0,0.001897533206831,0.021252371916509,0.150284629981025,0.431499051233397,0.395066413662239
1,642,0,0,1,7,45,397,1116,1064,2630,0.0,0.0,0.000380228136882,0.002661596958175,0.017110266159696,0.150950570342205,0.424334600760456,0.404562737642586
1,643,0,0,0,4,63,394,1109,1055,2625,0.0,0.0,0.0,0.00152380952381,0.024,0.150095238095238,0.42247619047619,0.401904761904762
1,644,0,0,0,3,59,390,1149,1019,2620,0.0,0.0,0.0,0.001145038167939,0.022519083969466,0.148854961832061,0.438549618320611,0.388931297709924
1,645,0,0,0,8,63,390,1120,1034,2615,0.0,0.0,0.0,0.003059273422562,0.024091778202677,0.149139579349904,0.4282982791587,0.395411089866157
1,646,0,0,0,2,58,389,1114,1047,2610,0.0,0.0,0.0,0.000766283524904,0.022222222222222,0.14904214559387,0.426819923371648,0.401149425287356
1,647,0,0,0,2,69,385,1084,1065,2605,0.0,0.0,0.0,0.000767754318618,0.026487523992322,0.147792706333973,0.416122840690979,0.408829174664108
1,648,0,0,0,7,53,416,1088,1036,2600,0.0,0.0,0.0,0.002692307692308,0.020384615384615,0.16,0.418461538461538,0.398461538461538
1,649,0,0,0,3,70,370,1102,1050,2595,0.0,0.0,0.0,0.001156069364162,0.026974951830443,0.142581888246628,0.424662813102119,0.404624277456647
1,650,0,0,0,4,55,389,1124,1018,2590,0.0,0.0,0.0,0.001544401544402,0.021235521235521,0.15019305019305,0.433976833976834,0.393050193050193
1,651,0,0,0,5,57,404,1099,1020,2585,0.0,0.0,0.0,0.001934235976789,0.022050290135397,0.156286266924565,0.425145067698259,0.39458413926499
1,652,0,0,0,4,65,389,1086,1036,2580,0.0,0.0,0.0,0.001550387596899,0.025193798449612,0.15077519379845,0.42093023255814,0.401550387596899
1,653,0,0,0,4,59,410,1067,1035,2575,0.0,0.0,0.0,0.001553398058252,0.022912621359223,0.159223300970874,0.414368932038835,0.401941747572816
1,654,0,0,0,8,57,385,1083,1037,2570,0.0,0.0,0.0,0.003112840466926,0.022178988326848,0.149805447470817,0.421400778210117,0.403501945525292
1,655,0,0,0,4,61,390,1108,1002,2565,0.0,0.0,0.0,0.001559454191033,0.023781676413255,0.152046783625731,0.431968810916179,0.390643274853801
1,656,0,0,0,2,52,392,1096,1018,2560,0.0,0.0,0.0,0.00078125,0.0203125,0.153125,0.428125,0.39765625
1,657,0,0,0,3,70,392,1096,994,2555,0.0,0.0,0.0,0.001174168297456,0.027397260273973,0.153424657534247,0.428962818003914,0.389041095890411
1,658,0,0,0,3,55,422,1089,981,2550,0.0,0.0,0.0,0.001176470588235,0.02156862745098,0.165490196078431,0.427058823529412,0.384705882352941
1,659,0,0,0,5,62,371,1078,1029,2545,0.0,0.0,0.0,0.00196463654224,0.024361493123772,0.145776031434185,0.423575638506876,0.404322200392927
1,660,0,0,0,2,62,385,1057,1034,2540,0.0,0.0,0.0,0.000787401574803,0.024409448818898,0.151574803149606,0.416141732283465,0.407086614173228
1,661,0,0,1,3,62,359,1079,1031,2535,0.0,0.0,0.000394477317554,0.001183431952663,0.024457593688363,0.141617357001972,0.425641025641026,0.406706114398422
1,662,0,0,0,2,49,397,1040,1042,2530,0.0,0.0,0.0,0.000790513833992,0.019367588932806,0.156916996047431,0.411067193675889,0.411857707509881
1,663,0,0,0,8,48,393,1063,1013,2525,0.0,0.0,0.0,0.003168316831683,0.019009900990099,0.155643564356436,0.420990099009901,0.401188118811881
1,664,0,0,0,5,50,424,1043,998,2520,0.0,0.0,0.0,0.001984126984127,0.01984126984127,0.168253968253968,0.413888888888889,0.396031746031746
1,665,0,0,0,7,53,412,1035,1008,2515,0.0,0.0,0.0,0.002783300198807,0.021073558648111,0.163817097415507,0.411530815109344,0.400795228628231
1,666,0,0,0,5,50,387,1047,1021,2510,0.0,0.0,0.0,0.00199203187251,0.0199203187251,0.154183266932271,0.417131474103586,0.406772908366534
1,667,0,0,0,2,58,368,1088,989,2505,0.0,0.0,0.0,0.000798403193613,0.02315369261477,0.14690618762475,0.434331337325349,0.394810379241517
1,668,0,0,0,3,63,358,1087,989,2500,0.0,0.0,0.0,0.0012,0.0252,0.1432,0.4348,0.3956
1,669,0,0,0,3,50,392,1034,1016,2495,0.0,0.0,0.0,0.001202404809619,0.020040080160321,0.157114228456914,0.414428857715431,0.407214428857715
1,670,0,0,0,1,58,415,1039,977,2490,0.0,0.0,0.0,0.000401606425703,0.023293172690763,0.166666666666667,0.417269076305221,0.392369477911647
1,671,0,0,0,2,68,403,1058,954,2485,0.0,0.0,0.0,0.000804828973843,0.027364185110664,0.162173038229376,0.425754527162978,0.383903420523139
1,672,0,0,0,4,43,377,988,1068,2480,0.0,0.0,0.0,0.001612903225806,0.017338709677419,0.152016129032258,0.398387096774194,0.430645161290323
1,673,0,0,0,1,60,382,1040,992,2475,0.0,0.0,0.0,0.00040404040404,0.024242424242424,0.154343434343434,0.42020202020202,0.400808080808081
1,674,0,0,0,3,52,364,1076,975,2470,0.0,0.0,0.0,0.001214574898785,0.021052631578947,0.147368421052632,0.435627530364372,0.394736842105263
1,675,0,0,0,4,64,357,1051,989,2465,0.0,0.0,0.0,0.001622718052738,0.025963488843813,0.144827586206897,0.426369168356998,0.401217038539554
1,676,0,0,0,4,48,391,982,1035,2460,0.0,0.0,0.0,0.001626016260163,0.019512195121951,0.158943089430894,0.399186991869919,0.420731707317073
1,677,0,0,0,3,56,362,1039,995,2455,0.0,0.0,0.0,0.00122199592668,0.022810590631365,0.14745417515275,0.423217922606925,0.405295315682281
1,678,0,0,0,2,82,352,1058,956,2450,0.0,0.0,0.0,0.000816326530612,0.033469387755102,0.143673469387755,0.431836734693878,0.390204081632653
1,679,0,0,1,2,55,362,1055,970,2445,0.0,0.0,0.00040899795501,0.00081799591002,0.022494887525562,0.148057259713701,0.431492842535787,0.396728016359918
1,680,0,0,0,3,58,347,1035,997,2440,0.0,0.0,0.0,0.001229508196721,0.023770491803279,0.142213114754098,0.424180327868852,0.408606557377049
1,681,0,0,0,5,49,337,1013,1031,2435,0.0,0.0,0.0,0.002053388090349,0.020123203285421,0.138398357289528,0.416016427104723,0.423408624229979
1,682,0,0,0,2,57,372,1010,989,2430,0.0,0.0,0.0,0.00082304526749,0.023456790123457,0.153086419753086,0.415637860082305,0.406995884773663
1,683,0,0,0,3,57,377,1056,932,2425,0.0,0.0,0.0,0.001237113402062,0.023505154639175,0.155463917525773,0.435463917525773,0.384329896907216
1,684,0,0,0,5,54,347,1061,953,2420,0.0,0.0,0.0,0.002066115702479,0.022314049586777,0.143388429752066,0.438429752066116,0.393801652892562
1,685,0,0,0,4,47,365,1017,982,2415,0.0,0.0,0.0,0.001656314699793,0.019461697722567,0.151138716356108,0.42111801242236,0.406625258799172
1,686,0,0,1,4,59,378,998,970,2410,0.0,0.0,0.000414937759336,0.001659751037344,0.02448132780083,0.156846473029046,0.414107883817427,0.402489626556017
1,687,0,0,1,4,68,358,1035,939,2405,0.0,0.0,0.0004158004158,0.001663201663202,0.028274428274428,0.148856548856549,0.43035343035343,0.39043659043659
1,688,0,0,0,1,54,390,1021,934,2400,0.0,0.0,0.0,0.000416666666667,0.0225,0.1625,0.425416666666667,0.389166666666667
1,689,0,0,0,4,52,359,996,984,2395,0.0,0.0,0.0,0.001670146137787,0.021711899791232,0.149895615866388,0.415866388308977,0.410855949895616
1,690,0,0,0,4,57,395,1038,896,2390,0.0,0.0,0.0,0.001673640167364,0.023849372384937,0.165271966527197,0.434309623430962,0.37489539748954
1,691,0,0,0,5,58,372,971,979,2385,0.0,0.0,0.0,0.0020964360587,0.024318658280922,0.155974842767296,0.407127882599581,0.410482180293501
1,692,0,0,0,3,66,361,1021,929,2380,0.0,0.0,0.0,0.001260504201681,0.027731092436975,0.151680672268908,0.428991596638655,0.390336134453782
1,693,0,0,0,4,47,382,1018,924,2375,0.0,0.0,0.0,0.001684210526316,0.019789473684211,0.160842105263158,0.428631578947368,0.389052631578947
1,694,0,0,0,2,55,369,966,978,2370,0.0,0.0,0.0,0.00084388185654,0.023206751054852,0.155696202531646,0.407594936708861,0.412658227848101
1,695,0,0,0,5,50,356,1014,940,2365,0.0,0.0,0.0,0.002114164904863,0.021141649048626,0.150528541226216,0.428752642706131,0.397463002114165
1,696,0,0,0,4,47,352,1008,949,2360,0.0,0.0,0.0,0.001694915254237,0.019915254237288,0.149152542372881,0.427118644067797,0.402118644067797
1,697,0,0,0,5,52,358,1011,929,2355,0.0,0.0,0.0,0.002123142250531,0.02208067940552,0.152016985138004,0.429299363057325,0.39447983014862
1,698,0,0,0,0,49,337,1014,950,2350,0.0,0.0,0.0,0.0,0.020851063829787,0.143404255319149,0.431489361702128,0.404255319148936
1,699,0,0,0,2,49,340,983,971,2345,0.0,0.0,0.0,0.000852878464819,0.02089552238806,0.14498933901919,0.419189765458422,0.41407249466951
1,700,0,0,0,3,56,356,959,966,2340,0.0,0.0,0.0,0.001282051282051,0.023931623931624,0.152136752136752,0.40982905982906,0.412820512820513
1,701,0,0,0,0,52,337,1017,929,2335,0.0,0.0,0.0,0.0,0.022269807280514,0.144325481798715,0.435546038543897,0.397858672376874
1,702,0,0,0,0,52,335,993,950,2330,0.0,0.0,0.0,0.0,0.022317596566524,0.143776824034335,0.42618025751073,0.407725321888412
1,703,0,0,0,3,54,362,974,932,2325,0.0,0.0,0.0,0.001290322580645,0.023225806451613,0.155698924731183,0.418924731182796,0.400860215053763
1,704,0,0,1,3,43,363,995,915,2320,0.0,0.0,0.000431034482759,0.001293103448276,0.018534482758621,0.156465517241379,0.428879310344828,0.394396551724138
1,705,0,0,0,1,52,369,948,945,2315,0.0,0.0,0.0,0.000431965442765,0.022462203023758,0.15939524838013,0.409503239740821,0.408207343412527
1,706,0,0,0,6,53,351,969,931,2310,0.0,0.0,0.0,0.002597402597403,0.022943722943723,0.151948051948052,0.419480519480519,0.403030303030303
1,707,0,0,0,1,40,366,957,941,2305,0.0,0.0,0.0,0.000433839479393,0.017353579175705,0.158785249457701,0.415184381778742,0.40824295010846
1,708,0,0,0,3,52,349,955,941,2300,0.0,0.0,0.0,0.001304347826087,0.022608695652174,0.151739130434783,0.415217391304348,0.409130434782609
1,709,0,0,0,4,59,353,987,892,2295,0.0,0.0,0.0,0.001742919389978,0.025708061002179,0.153812636165577,0.430065359477124,0.388671023965142
1,710,0,0,0,3,53,330,936,968,2290,0.0,0.0,0.0,0.001310043668122,0.023144104803493,0.14410480349345,0.408733624454148,0.422707423580786
1,711,0,0,0,3,51,336,972,923,2285,0.0,0.0,0.0,0.001312910284464,0.022319474835886,0.147045951859956,0.425382932166302,0.403938730853392
1,712,0,0,1,4,54,332,946,943,2280,0.0,0.0,0.000438596491228,0.001754385964912,0.023684210526316,0.145614035087719,0.414912280701754,0.41359649122807
1,713,0,0,0,3,48,336,983,905,2275,0.0,0.0,0.0,0.001318681318681,0.021098901098901,0.147692307692308,0.432087912087912,0.397802197802198
1,714,0,0,0,3,54,339,983,891,2270,0.0,0.0,0.0,0.001321585903084,0.023788546255507,0.149339207048458,0.433039647577093,0.392511013215859
1,715,0,0,0,2,53,352,951,907,2265,0.0,0.0,0.0,0.000883002207506,0.023399558498896,0.155408388520971,0.419867549668874,0.400441501103753
1,716,0,0,0,3,33,333,978,913,2260,0.0,0.0,0.0,0.001327433628319,0.014601769911504,0.147345132743363,0.432743362831858,0.403982300884956
1,717,0,0,0,1,43,349,937,925,2255,0.0,0.0,0.0,0.000443458980044,0.019068736141907,0.154767184035477,0.415521064301552,0.41019955654102
1,718,0,0,0,1,59,318,980,892,2250,0.0,0.0,0.0,0.000444444444444,0.026222222222222,0.141333333333333,0.435555555555556,0.396444444444444
1,719,0,0,0,4,44,347,947,903,2245,0.0,0.0,0.0,0.001781737193764,0.019599109131403,0.15456570155902,0.421826280623608,0.402227171492205
1,720,0,0,0,4,57,345,970,864,2240,0.0,0.0,0.0,0.001785714285714,0.025446428571429,0.154017857142857,0.433035714285714,0.385714285714286
1,721,0,0,0,2,50,338,938,907,2235,0.0,0.0,0.0,0.00089485458613,0.022371364653244,0.151230425055928,0.419686800894855,0.405816554809843
1,722,0,0,0,5,46,322,926,931,2230,0.0,0.0,0.0,0.002242152466368,0.020627802690583,0.144394618834081,0.4152466367713,0.417488789237668
1,723,0,0,0,2,61,361,923,878,2225,0.0,0.0,0.0,0.000898876404494,0.027415730337079,0.162247191011236,0.414831460674157,0.394606741573034
1,724,0,0,0,5,45,303,924,943,2220,0.0,0.0,0.0,0.002252252252252,0.02027027027027,0.136486486486486,0.416216216216216,0.424774774774775
1,725,0,0,0,2,51,337,946,879,2215,0.0,0.0,0.0,0.000902934537246,0.023024830699774,0.152144469525959,0.427088036117381,0.396839729119639
1,726,0,0,0,0,36,350,933,891,2210,0.0,0.0,0.0,0.0,0.016289592760181,0.158371040723982,0.422171945701357,0.40316742081448
1,727,0,0,0,3,46,348,951,857,2205,0.0,0.0,0.0,0.001360544217687,0.020861678004535,0.157823129251701,0.431292517006803,0.388662131519274
1,728,0,0,0,9,58,330,923,880,2200,0.0,0.0,0.0,0.004090909090909,0.026363636363636,0.15,0.419545454545455,0.4
1,729,0,0,0,6,40,342,963,844,2195,0.0,0.0,0.0,0.002733485193622,0.018223234624146,0.155808656036446,0.43872437357631,0.384510250569476
1,730,0,0,0,4,50,365,907,864,2190,0.0,0.0,0.0,0.001826484018265,0.022831050228311,0.166666666666667,0.414155251141552,0.394520547945205
1,731,0,0,0,1,48,331,925,880,2185,0.0,0.0,0.0,0.00045766590389,0.021967963386728,0.151487414187643,0.423340961098398,0.402745995423341
1,732,0,0,0,0,42,323,927,888,2180,0.0,0.0,0.0,0.0,0.019266055045872,0.148165137614679,0.425229357798165,0.407339449541284
1,733,0,0,0,1,52,327,888,907,2175,0.0,0.0,0.0,0.000459770114943,0.023908045977011,0.150344827586207,0.408275862068966,0.417011494252874
1,734,0,0,0,5,51,324,924,866,2170,0.0,0.0,0.0,0.002304147465438,0.023502304147465,0.149308755760369,0.425806451612903,0.399078341013825
1,735,0,0,0,3,43,354,940,825,2165,0.0,0.0,0.0,0.001385681293303,0.01986143187067,0.1635103926097,0.434180138568129,0.381062355658199
1,736,0,0,0,1,39,308,929,883,2160,0.0,0.0,0.0,0.000462962962963,0.018055555555556,0.142592592592593,0.430092592592593,0.408796296296296
1,737,0,0,0,6,38,325,898,888,2155,0.0,0.0,0.0,0.002784222737819,0.017633410672854,0.150812064965197,0.416705336426914,0.412064965197216
1,738,0,0,0,8,63,319,891,869,2150,0.0,0.0,0.0,0.003720930232558,0.029302325581395,0.148372093023256,0.414418604651163,0.404186046511628
1,739,0,0,0,5,37,339,900,864,2145,0.0,0.0,0.0,0.002331002331002,0.017249417249417,0.158041958041958,0.41958041958042,0.402797202797203
1,740,0,0,0,4,50,334,879,873,2140,0.0,0.0,0.0,0.001869158878505,0.023364485981308,0.15607476635514,0.410747663551402,0.407943925233645
1,741,0,0,0,5,46,347,888,849,2135,0.0,0.0,0.0,0.002341920374707,0.021545667447307,0.162529274004684,0.415925058548009,0.397658079625293
1,742,0,0,0,5,43,315,898,869,2130,0.0,0.0,0.0,0.002347417840376,0.02018779342723,0.147887323943662,0.421596244131455,0.407981220657277
1,743,0,0,0,4,50,299,958,814,2125,0.0,0.0,0.0,0.001882352941176,0.023529411764706,0.140705882352941,0.450823529411765,0.383058823529412
1,744,0,0,0,4,44,315,905,852,2120,0.0,0.0,0.0,0.00188679245283,0.020754716981132,0.148584905660377,0.42688679245283,0.40188679245283
1,745,0,0,0,2,35,304,923,851,2115,0.0,0.0,0.0,0.000945626477541,0.016548463356974,0.143735224586288,0.436406619385343,0.402364066193853
1,746,0,0,1,3,54,346,876,830,2110,0.0,0.0,0.000473933649289,0.001421800947867,0.025592417061611,0.163981042654028,0.415165876777251,0.393364928909953
1,747,0,0,0,4,43,344,865,849,2105,0.0,0.0,0.0,0.001900237529691,0.020427553444181,0.163420427553444,0.410926365795724,0.40332541567696
1,748,0,0,0,2,43,335,871,849,2100,0.0,0.0,0.0,0.000952380952381,0.02047619047619,0.15952380952381,0.414761904761905,0.404285714285714
1,749,0,0,1,0,43,283,893,875,2095,0.0,0.0,0.000477326968974,0.0,0.020525059665871,0.13508353221957,0.426252983293556,0.417661097852029
1,750,0,0,0,2,34,312,901,841,2090,0.0,0.0,0.0,0.000956937799043,0.016267942583732,0.149282296650718,0.4311004784689,0.402392344497608
1,751,0,0,1,3,43,341,873,824,2085,0.0,0.0,0.000479616306954,0.001438848920863,0.020623501199041,0.163549160671463,0.418705035971223,0.395203836930456
1,752,0,0,0,1,55,295,854,875,2080,0.0,0.0,0.0,0.000480769230769,0.026442307692308,0.141826923076923,0.410576923076923,0.420673076923077
1,753,0,0,0,4,39,348,858,826,2075,0.0,0.0,0.0,0.001927710843373,0.018795180722892,0.167710843373494,0.413493975903614,0.398072289156627
1,754,0,0,0,3,54,325,861,827,2070,0.0,0.0,0.0,0.001449275362319,0.026086956521739,0.157004830917874,0.415942028985507,0.39951690821256
1,755,0,0,0,4,50,317,885,809,2065,0.0,0.0,0.0,0.001937046004843,0.024213075060533,0.153510895883777,0.428571428571429,0.391767554479419
1,756,0,0,0,1,50,310,911,788,2060,0.0,0.0,0.0,0.000485436893204,0.024271844660194,0.150485436893204,0.442233009708738,0.38252427184466
1,757,0,0,0,4,48,311,852,840,2055,0.0,0.0,0.0,0.001946472019465,0.023357664233577,0.151338199513382,0.414598540145985,0.408759124087591
1,758,0,0,0,5,44,294,836,871,2050,0.0,0.0,0.0,0.002439024390244,0.021463414634146,0.143414634146341,0.40780487804878,0.424878048780488
1,759,0,0,0,4,45,304,868,824,2045,0.0,0.0,0.0,0.001955990220049,0.02200488997555,0.148655256723716,0.424449877750611,0.402933985330073
1,760,0,0,0,0,47,331,857,805,2040,0.0,0.0,0.0,0.0,0.023039215686275,0.162254901960784,0.420098039215686,0.394607843137255
1,761,0,0,0,2,49,343,816,825,2035,0.0,0.0,0.0,0.000982800982801,0.024078624078624,0.168550368550369,0.400982800982801,0.405405405405405
1,762,0,0,0,2,46,296,873,813,2030,0.0,0.0,0.0,0.000985221674877,0.022660098522167,0.145812807881773,0.430049261083744,0.400492610837438
1,763,0,0,1,2,53,304,839,826,2025,0.0,0.0,0.000493827160494,0.000987654320988,0.026172839506173,0.150123456790123,0.414320987654321,0.407901234567901
1,764,0,0,0,3,50,298,862,807,2020,0.0,0.0,0.0,0.001485148514851,0.024752475247525,0.147524752475248,0.426732673267327,0.39950495049505
1,765,0,0,1,3,42,302,856,811,2015,0.0,0.0,0.000496277915633,0.001488833746898,0.020843672456576,0.149875930521092,0.424813895781638,0.402481389578164
1,766,0,0,1,4,49,296,868,792,2010,0.0,0.0,0.000497512437811,0.001990049751244,0.024378109452736,0.14726368159204,0.4318407960199,0.394029850746269
1,767,0,0,0,2,48,324,866,765,2005,0.0,0.0,0.0,0.000997506234414,0.023940149625935,0.161596009975062,0.431920199501247,0.381546134663342
1,768,0,0,0,2,41,294,854,809,2000,0.0,0.0,0.0,0.001,0.0205,0.147,0.427,0.4045
1,769,0,0,0,2,41,280,855,817,1995,0.0,0.0,0.0,0.001002506265664,0.020551378446115,0.140350877192982,0.428571428571429,0.40952380952381
1,770,0,0,0,5,41,283,840,821,1990,0.0,0.0,0.0,0.00251256281407,0.020603015075377,0.142211055276382,0.422110552763819,0.412562814070352
1,771,0,0,0,3,53,285,871,773,1985,0.0,0.0,0.0,0.001511335012594,0.026700251889169,0.143576826196474,0.438790931989924,0.389420654911839
1,772,0,0,0,1,45,297,853,784,1980,0.0,0.0,0.0,0.000505050505051,0.022727272727273,0.15,0.430808080808081,0.395959595959596
1,773,0,0,0,4,51,291,878,751,1975,0.0,0.0,0.0,0.002025316455696,0.025822784810127,0.147341772151899,0.444556962025316,0.380253164556962
1,774,0,0,0,4,49,317,805,795,1970,0.0,0.0,0.0,0.002030456852792,0.024873096446701,0.160913705583756,0.408629441624365,0.403553299492386
1,775,0,0,0,0,37,308,849,771,1965,0.0,0.0,0.0,0.0,0.01882951653944,0.156743002544529,0.43206106870229,0.39236641221374
1,776,0,0,0,2,39,297,831,791,1960,0.0,0.0,0.0,0.001020408163265,0.019897959183673,0.151530612244898,0.423979591836735,0.403571428571429
1,777,0,0,0,2,45,311,866,731,1955,0.0,0.0,0.0,0.001023017902813,0.023017902813299,0.159079283887468,0.442966751918159,0.373913043478261
1,778,0,0,0,2,53,309,847,739,1950,0.0,0.0,0.0,0.001025641025641,0.027179487179487,0.158461538461538,0.434358974358974,0.378974358974359
1,779,0,0,0,3,51,293,804,794,1945,0.0,0.0,0.0,0.001542416452442,0.026221079691517,0.150642673521851,0.413367609254499,0.408226221079692
1,780,0,0,0,1,44,284,830,781,1940,0.0,0.0,0.0,0.000515463917526,0.022680412371134,0.14639175257732,0.427835051546392,0.402577319587629
1,781,0,0,0,4,54,320,780,777,1935,0.0,0.0,0.0,0.002067183462532,0.027906976744186,0.165374677002584,0.403100775193798,0.401550387596899
1,782,0,0,0,3,40,284,803,800,1930,0.0,0.0,0.0,0.001554404145078,0.020725388601036,0.147150259067358,0.416062176165803,0.414507772020725
1,783,0,0,0,3,39,287,835,761,1925,0.0,0.0,0.0,0.001558441558442,0.02025974025974,0.149090909090909,0.433766233766234,0.395324675324675
1,784,0,0,0,1,45,275,851,748,1920,0.0,0.0,0.0,0.000520833333333,0.0234375,0.143229166666667,0.443229166666667,0.389583333333333
1,785,0,0,0,2,49,288,835,741,1915,0.0,0.0,0.0,0.001044386422977,0.025587467362924,0.150391644908616,0.436031331592689,0.386945169712794
1,786,0,0,0,3,41,300,779,787,1910,0.0,0.0,0.0,0.001570680628272,0.021465968586387,0.157068062827225,0.407853403141361,0.412041884816754
1,787,0,0,0,2,50,314,806,733,1905,0.0,0.0,0.0,0.001049868766404,0.026246719160105,0.164829396325459,0.423097112860892,0.384776902887139
1,788,0,0,0,3,48,304,776,769,1900,0.0,0.0,0.0,0.001578947368421,0.025263157894737,0.16,0.408421052631579,0.404736842105263
1,789,0,0,0,4,42,310,778,761,1895,0.0,0.0,0.0,0.002110817941953,0.022163588390501,0.163588390501319,0.410554089709763,0.401583113456464
1,790,0,0,0,5,38,305,779,763,1890,0.0,0.0,0.0,0.002645502645503,0.02010582010582,0.161375661375661,0.412169312169312,0.403703703703704
1,791,0,0,0,2,47,308,747,781,1885,0.0,0.0,0.0,0.00106100795756,0.024933687002653,0.163395225464191,0.396286472148541,0.414323607427056
1,792,0,0,0,2,44,270,790,774,1880,0.0,0.0,0.0,0.001063829787234,0.023404255319149,0.143617021276596,0.420212765957447,0.411702127659574
1,793,0,0,0,4,41,297,785,748,1875,0.0,0.0,0.0,0.002133333333333,0.021866666666667,0.1584,0.418666666666667,0.398933333333333
1,794,0,0,0,6,43,273,824,724,1870,0.0,0.0,0.0,0.003208556149733,0.022994652406417,0.145989304812834,0.440641711229946,0.38716577540107
1,795,0,0,0,5,36,303,763,758,1865,0.0,0.0,0.0,0.002680965147453,0.019302949061662,0.162466487935657,0.40911528150134,0.406434316353887
1,796,0,0,0,5,36,280,755,784,1860,0.0,0.0,0.0,0.002688172043011,0.019354838709677,0.150537634408602,0.405913978494624,0.421505376344086
1,797,0,0,1,2,38,272,750,792,1855,0.0,0.0,0.000539083557951,0.001078167115903,0.020485175202156,0.146630727762803,0.404312668463612,0.426954177897574
1,798,0,0,0,4,37,262,839,708,1850,0.0,0.0,0.0,0.002162162162162,0.02,0.141621621621622,0.453513513513513,0.382702702702703
1,799,0,0,0,0,30,287,784,744,1845,0.0,0.0,0.0,0.0,0.016260162601626,0.155555555555556,0.424932249322493,0.403252032520325
1,800,0,0,0,4,27,272,799,738,1840,0.0,0.0,0.0,0.002173913043478,0.014673913043478,0.147826086956522,0.434239130434783,0.401086956521739
1,801,0,0,0,4,43,285,769,734,1835,0.0,0.0,0.0,0.002179836512262,0.023433242506812,0.155313351498638,0.419073569482289,0.4
1,802,0,0,0,3,40,270,813,704,1830,0.0,0.0,0.0,0.001639344262295,0.021857923497268,0.147540983606557,0.444262295081967,0.384699453551913
1,803,0,0,0,0,50,292,751,732,1825,0.0,0.0,0.0,0.0,0.027397260273973,0.16,0.411506849315068,0.401095890410959
1,804,0,0,0,1,45,279,768,727,1820,0.0,0.0,0.0,0.000549450549451,0.024725274725275,0.153296703296703,0.421978021978022,0.399450549450549
1,805,0,0,0,3,41,265,767,739,1815,0.0,0.0,0.0,0.001652892561983,0.022589531680441,0.146005509641873,0.422589531680441,0.407162534435262
1,806,0,0,0,8,31,266,753,752,1810,0.0,0.0,0.0,0.004419889502762,0.017127071823204,0.146961325966851,0.416022099447514,0.415469613259669
1,807,0,0,0,1,46,269,743,746,1805,0.0,0.0,0.0,0.000554016620499,0.025484764542936,0.149030470914127,0.411634349030471,0.413296398891967
1,808,0,0,0,4,51,286,717,742,1800,0.0,0.0,0.0,0.002222222222222,0.028333333333333,0.158888888888889,0.398333333333333,0.412222222222222
1,809,0,0,0,0,42,260,760,733,1795,0.0,0.0,0.0,0.0,0.023398328690808,0.144846796657382,0.423398328690808,0.408356545961003
1,810,0,0,0,5,38,268,768,711,1790,0.0,0.0,0.0,0.002793296089385,0.02122905027933,0.149720670391061,0.429050279329609,0.397206703910615
1,811,0,0,0,3,44,304,727,707,1785,0.0,0.0,0.0,0.001680672268908,0.024649859943978,0.1703081232493,0.407282913165266,0.396078431372549
1,812,0,0,0,2,39,275,748,716,1780,0.0,0.0,0.0,0.001123595505618,0.021910112359551,0.154494382022472,0.420224719101124,0.402247191011236
1,813,0,0,0,4,34,294,747,696,1775,0.0,0.0,0.0,0.002253521126761,0.019154929577465,0.165633802816901,0.420845070422535,0.392112676056338
1,814,0,0,0,2,43,246,752,727,1770,0.0,0.0,0.0,0.001129943502825,0.024293785310734,0.138983050847458,0.424858757062147,0.410734463276836
1,815,0,0,0,1,39,270,717,738,1765,0.0,0.0,0.0,0.00056657223796,0.022096317280453,0.152974504249292,0.406232294617564,0.418130311614731
1,816,0,0,0,4,42,270,764,680,1760,0.0,0.0,0.0,0.002272727272727,0.023863636363636,0.153409090909091,0.434090909090909,0.386363636363636
1,817,0,0,0,1,49,248,745,712,1755,0.0,0.0,0.0,0.000569800569801,0.027920227920228,0.141310541310541,0.424501424501425,0.405698005698006
1,818,0,0,1,7,37,267,726,712,1750,0.0,0.0,0.000571428571429,0.004,0.021142857142857,0.152571428571429,0.414857142857143,0.406857142857143
1,819,0,0,1,4,45,244,745,706,1745,0.0,0.0,0.000573065902579,0.002292263610315,0.025787965616046,0.139828080229226,0.426934097421203,0.40458452722063
1,820,0,0,0,2,43,315,674,706,1740,0.0,0.0,0.0,0.001149425287356,0.024712643678161,0.181034482758621,0.38735632183908,0.405747126436782
1,821,0,0,0,1,33,244,749,708,1735,0.0,0.0,0.0,0.000576368876081,0.019020172910663,0.140634005763689,0.431700288184438,0.40806916426513
1,822,0,0,1,1,38,257,742,691,1730,0.0,0.0,0.000578034682081,0.000578034682081,0.021965317919075,0.148554913294798,0.428901734104046,0.399421965317919
1,823,0,0,0,5,40,259,741,680,1725,0.0,0.0,0.0,0.002898550724638,0.023188405797101,0.150144927536232,0.429565217391304,0.394202898550725
1,824,0,0,0,3,37,248,740,692,1720,0.0,0.0,0.0,0.001744186046512,0.021511627906977,0.144186046511628,0.430232558139535,0.402325581395349
1,825,0,0,0,4,32,248,708,723,1715,0.0,0.0,0.0,0.002332361516035,0.01865889212828,0.144606413994169,0.412827988338192,0.421574344023324
1,826,0,0,0,3,35,255,739,678,1710,0.0,0.0,0.0,0.001754385964912,0.02046783625731,0.149122807017544,0.432163742690058,0.396491228070175
1,827,0,0,0,3,37,251,743,671,1705,0.0,0.0,0.0,0.001759530791789,0.021700879765396,0.147214076246334,0.435777126099707,0.393548387096774
1,828,0,0,0,1,37,242,748,672,1700,0.0,0.0,0.0,0.000588235294118,0.021764705882353,0.142352941176471,0.44,0.395294117647059
1,829,0,0,0,6,42,253,736,658,1695,0.0,0.0,0.0,0.00353982300885,0.024778761061947,0.149262536873156,0.434218289085546,0.388200589970501
1,830,0,0,0,4,37,267,697,685,1690,0.0,0.0,0.0,0.002366863905325,0.02189349112426,0.157988165680473,0.412426035502959,0.405325443786982
1,831,0,0,0,4,32,258,689,702,1685,0.0,0.0,0.0,0.002373887240356,0.018991097922849,0.153115727002967,0.408902077151335,0.416617210682493
1,832,0,0,0,1,41,255,713,670,1680,0.0,0.0,0.0,0.000595238095238,0.024404761904762,0.151785714285714,0.424404761904762,0.398809523809524
1,833,0,0,0,3,33,254,699,686,1675,0.0,0.0,0.0,0.001791044776119,0.019701492537313,0.151641791044776,0.417313432835821,0.40955223880597
1,834,0,0,0,1,36,263,686,684,1670,0.0,0.0,0.0,0.00059880239521,0.021556886227545,0.15748502994012,0.410778443113772,0.409580838323353
1,835,0,0,0,3,45,238,717,662,1665,0.0,0.0,0.0,0.001801801801802,0.027027027027027,0.142942942942943,0.430630630630631,0.397597597597598
1,836,0,0,0,3,31,229,701,696,1660,0.0,0.0,0.0,0.001807228915663,0.018674698795181,0.137951807228916,0.422289156626506,0.419277108433735
1,837,0,0,0,3,34,265,691,662,1655,0.0,0.0,0.0,0.001812688821752,0.020543806646526,0.16012084592145,0.417522658610272,0.4
1,838,0,0,0,1,38,235,668,708,1650,0.0,0.0,0.0,0.000606060606061,0.023030303030303,0.142424242424242,0.404848484848485,0.429090909090909
1,839,0,0,0,4,42,253,688,658,1645,0.0,0.0,0.0,0.002431610942249,0.025531914893617,0.153799392097264,0.418237082066869,0.4
1,840,0,0,0,3,36,239,694,668,1640,0.0,0.0,0.0,0.001829268292683,0.021951219512195,0.145731707317073,0.423170731707317,0.407317073170732
1,841,0,0,0,3,38,239,663,692,1635,0.0,0.0,0.0,0.001834862385321,0.023241590214067,0.146177370030581,0.405504587155963,0.423241590214067
1,842,0,0,0,3,48,241,673,665,1630,0.0,0.0,0.0,0.001840490797546,0.029447852760736,0.147852760736196,0.412883435582822,0.407975460122699
1,843,0,0,0,4,44,235,688,654,1625,0.0,0.0,0.0,0.002461538461538,0.027076923076923,0.144615384615385,0.423384615384615,0.402461538461538
1,844,0,0,0,1,32,276,707,604,1620,0.0,0.0,0.0,0.000617283950617,0.019753086419753,0.17037037037037,0.43641975308642,0.37283950617284
1,845,0,0,0,2,28,272,691,622,1615,0.0,0.0,0.0,0.001238390092879,0.01733746130031,0.168421052631579,0.427863777089783,0.385139318885449
1,846,0,0,0,3,42,256,666,643,1610,0.0,0.0,0.0,0.001863354037267,0.026086956521739,0.159006211180124,0.413664596273292,0.399378881987578
1,847,0,0,0,4,42,265,705,589,1605,0.0,0.0,0.0,0.002492211838006,0.026168224299065,0.165109034267913,0.439252336448598,0.366978193146417
1,848,0,0,0,0,21,257,717,605,1600,0.0,0.0,0.0,0.0,0.013125,0.160625,0.448125,0.378125
1,849,0,0,0,1,38,235,685,636,1595,0.0,0.0,0.0,0.000626959247649,0.023824451410658,0.147335423197492,0.429467084639498,0.398746081504702
1,850,0,0,0,3,32,222,670,663,1590,0.0,0.0,0.0,0.00188679245283,0.020125786163522,0.139622641509434,0.421383647798742,0.416981132075472
1,851,0,0,0,2,33,273,666,611,1585,0.0,0.0,0.0,0.001261829652997,0.020820189274448,0.172239747634069,0.42018927444795,0.385488958990536
1,852,0,0,0,1,46,226,683,624,1580,0.0,0.0,0.0,0.000632911392405,0.029113924050633,0.143037974683544,0.432278481012658,0.394936708860759
1,853,0,0,0,3,34,239,630,669,1575,0.0,0.0,0.0,0.001904761904762,0.021587301587302,0.151746031746032,0.4,0.424761904761905
1,854,0,0,0,3,42,254,635,636,1570,0.0,0.0,0.0,0.001910828025478,0.026751592356688,0.161783439490446,0.404458598726115,0.405095541401274
1,855,0,0,0,2,37,223,652,651,1565,0.0,0.0,0.0,0.001277955271565,0.023642172523962,0.142492012779553,0.416613418530351,0.415974440894569
1,856,0,0,0,4,34,245,683,594,1560,0.0,0.0,0.0,0.002564102564103,0.021794871794872,0.157051282051282,0.437820512820513,0.380769230769231
1,857,0,0,0,2,31,234,687,601,1555,0.0,0.0,0.0,0.001286173633441,0.019935691318328,0.15048231511254,0.441800643086817,0.386495176848875
1,858,0,0,1,3,26,236,666,618,1550,0.0,0.0,0.000645161290323,0.001935483870968,0.016774193548387,0.152258064516129,0.429677419354839,0.398709677419355
1,859,0,0,0,0,39,221,683,602,1545,0.0,0.0,0.0,0.0,0.025242718446602,0.143042071197411,0.442071197411003,0.389644012944984
1,860,0,0,0,3,42,237,637,621,1540,0.0,0.0,0.0,0.001948051948052,0.027272727272727,0.153896103896104,0.413636363636364,0.403246753246753
1,861,0,0,0,2,43,207,657,626,1535,0.0,0.0,0.0,0.001302931596091,0.028013029315961,0.13485342019544,0.428013029315961,0.407817589576547
1,862,0,0,0,4,42,228,673,583,1530,0.0,0.0,0.0,0.002614379084967,0.027450980392157,0.149019607843137,0.439869281045752,0.381045751633987
1,863,0,0,0,2,42,250,616,615,1525,0.0,0.0,0.0,0.001311475409836,0.027540983606557,0.163934426229508,0.403934426229508,0.40327868852459
1,864,0,0,0,2,30,240,632,616,1520,0.0,0.0,0.0,0.001315789473684,0.019736842105263,0.157894736842105,0.415789473684211,0.405263157894737
1,865,0,0,0,0,34,233,666,582,1515,0.0,0.0,0.0,0.0,0.022442244224422,0.153795379537954,0.43960396039604,0.384158415841584
1,866,0,0,0,6,31,215,661,597,1510,0.0,0.0,0.0,0.003973509933775,0.020529801324503,0.142384105960265,0.437748344370861,0.395364238410596
1,867,0,0,0,3,27,202,652,621,1505,0.0,0.0,0.0,0.001993355481728,0.017940199335548,0.13421926910299,0.433222591362126,0.412624584717608
1,868,0,0,0,4,39,207,655,595,1500,0.0,0.0,0.0,0.002666666666667,0.026,0.138,0.436666666666667,0.396666666666667
1,869,0,0,0,1,25,252,633,584,1495,0.0,0.0,0.0,0.00066889632107,0.016722408026756,0.168561872909699,0.423411371237458,0.390635451505017
1,870,0,0,0,1,27,214,645,603,1490,0.0,0.0,0.0,0.000671140939597,0.018120805369128,0.143624161073826,0.432885906040268,0.404697986577181
1,871,0,0,0,1,28,240,592,624,1485,0.0,0.0,0.0,0.000673400673401,0.018855218855219,0.161616161616162,0.398653198653199,0.42020202020202
1,872,0,0,0,2,38,196,690,554,1480,0.0,0.0,0.0,0.001351351351351,0.025675675675676,0.132432432432432,0.466216216216216,0.374324324324324
1,873,0,0,0,2,33,216,619,605,1475,0.0,0.0,0.0,0.00135593220339,0.022372881355932,0.146440677966102,0.419661016949153,0.410169491525424
1,874,0,0,0,2,31,218,609,610,1470,0.0,0.0,0.0,0.001360544217687,0.02108843537415,0.148299319727891,0.414285714285714,0.414965986394558
1,875,0,0,0,0,31,243,601,590,1465,0.0,0.0,0.0,0.0,0.021160409556314,0.165870307167235,0.410238907849829,0.402730375426621
1,876,0,0,1,2,35,228,624,570,1460,0.0,0.0,0.000684931506849,0.001369863013699,0.023972602739726,0.156164383561644,0.427397260273973,0.39041095890411
1,877,0,0,1,3,47,228,579,597,1455,0.0,0.0,0.000687285223368,0.002061855670103,0.032302405498282,0.156701030927835,0.397938144329897,0.410309278350515
1,878,0,0,0,1,33,224,627,565,1450,0.0,0.0,0.0,0.000689655172414,0.022758620689655,0.15448275862069,0.432413793103448,0.389655172413793
1,879,0,0,0,2,37,216,596,594,1445,0.0,0.0,0.0,0.001384083044983,0.02560553633218,0.149480968858131,0.412456747404844,0.411072664359862
1,880,0,0,0,0,38,207,637,558,1440,0.0,0.0,0.0,0.0,0.026388888888889,0.14375,0.442361111111111,0.3875
1,881,0,0,0,3,35,203,585,609,1435,0.0,0.0,0.0,0.002090592334495,0.024390243902439,0.141463414634146,0.407665505226481,0.424390243902439
1,882,0,0,1,1,35,216,616,561,1430,0.0,0.0,0.000699300699301,0.000699300699301,0.024475524475524,0.151048951048951,0.430769230769231,0.392307692307692
1,883,0,0,0,2,35,213,629,546,1425,0.0,0.0,0.0,0.00140350877193,0.024561403508772,0.149473684210526,0.44140350877193,0.383157894736842
1,884,0,0,0,3,29,225,607,556,1420,0.0,0.0,0.0,0.002112676056338,0.020422535211268,0.158450704225352,0.427464788732394,0.391549295774648
1,885,0,0,0,0,36,209,578,592,1415,0.0,0.0,0.0,0.0,0.025441696113074,0.147703180212014,0.408480565371025,0.418374558303887
1,886,0,0,0,2,32,221,606,549,1410,0.0,0.0,0.0,0.001418439716312,0.022695035460993,0.156737588652482,0.429787234042553,0.38936170212766
1,887,0,0,0,2,40,214,613,536,1405,0.0,0.0,0.0,0.001423487544484,0.02846975088968,0.152313167259786,0.436298932384342,0.381494661921708
1,888,0,0,0,4,32,225,578,561,1400,0.0,0.0,0.0,0.002857142857143,0.022857142857143,0.160714285714286,0.412857142857143,0.400714285714286
1,889,0,0,0,2,27,222,613,531,1395,0.0,0.0,0.0,0.001433691756272,0.019354838709677,0.159139784946237,0.439426523297491,0.380645161290323
1,890,0,0,0,1,33,202,568,586,1390,0.0,0.0,0.0,0.000719424460432,0.023741007194245,0.145323741007194,0.40863309352518,0.42158273381295
1,891,0,0,0,0,28,216,590,551,1385,0.0,0.0,0.0,0.0,0.020216606498195,0.155956678700361,0.425992779783394,0.397833935018051
1,892,0,0,0,5,30,191,582,572,1380,0.0,0.0,0.0,0.003623188405797,0.021739130434783,0.138405797101449,0.421739130434783,0.414492753623188
1,893,0,0,1,4,29,205,554,582,1375,0.0,0.0,0.000727272727273,0.002909090909091,0.021090909090909,0.149090909090909,0.402909090909091,0.423272727272727
1,894,0,0,0,3,35,222,584,526,1370,0.0,0.0,0.0,0.002189781021898,0.025547445255474,0.162043795620438,0.426277372262774,0.383941605839416
1,895,0,0,0,2,31,194,602,536,1365,0.0,0.0,0.0,0.001465201465201,0.022710622710623,0.142124542124542,0.441025641025641,0.392673992673993
1,896,0,0,0,3,34,232,600,491,1360,0.0,0.0,0.0,0.002205882352941,0.025,0.170588235294118,0.441176470588235,0.361029411764706
1,897,0,0,0,0,36,209,581,529,1355,0.0,0.0,0.0,0.0,0.026568265682657,0.154243542435424,0.428782287822878,0.390405904059041
1,898,0,0,0,5,29,224,531,561,1350,0.0,0.0,0.0,0.003703703703704,0.021481481481481,0.165925925925926,0.393333333333333,0.415555555555556
1,899,0,0,0,2,39,208,586,510,1345,0.0,0.0,0.0,0.001486988847584,0.028996282527881,0.154646840148699,0.435687732342007,0.379182156133829
1,900,0,0,0,2,33,204,574,527,1340,0.0,0.0,0.0,0.001492537313433,0.024626865671642,0.152238805970149,0.428358208955224,0.393283582089552
1,901,0,0,0,4,18,208,546,559,1335,0.0,0.0,0.0,0.002996254681648,0.013483146067416,0.155805243445693,0.408988764044944,0.4187265917603
1,902,0,0,0,1,22,201,558,548,1330,0.0,0.0,0.0,0.000751879699248,0.016541353383459,0.151127819548872,0.419548872180451,0.41203007518797
1,903,0,0,0,1,24,201,580,519,1325,0.0,0.0,0.0,0.000754716981132,0.01811320754717,0.151698113207547,0.437735849056604,0.391698113207547
1,904,0,0,0,0,17,219,518,566,1320,0.0,0.0,0.0,0.0,0.012878787878788,0.165909090909091,0.392424242424242,0.428787878787879
1,905,0,0,0,1,26,189,560,539,1315,0.0,0.0,0.0,0.000760456273764,0.019771863117871,0.143726235741445,0.425855513307985,0.409885931558935
1,906,0,0,0,0,28,203,572,507,1310,0.0,0.0,0.0,0.0,0.021374045801527,0.154961832061069,0.436641221374046,0.387022900763359
1,907,0,0,0,3,28,213,556,505,1305,0.0,0.0,0.0,0.002298850574713,0.021455938697318,0.163218390804598,0.426053639846743,0.386973180076628
1,908,0,0,0,2,31,198,567,502,1300,0.0,0.0,0.0,0.001538461538462,0.023846153846154,0.152307692307692,0.436153846153846,0.386153846153846
1,909,0,0,0,1,25,203,545,521,1295,0.0,0.0,0.0,0.000772200772201,0.019305019305019,0.156756756756757,0.420849420849421,0.402316602316602
1,910,0,0,0,0,33,201,540,516,1290,0.0,0.0,0.0,0.0,0.025581395348837,0.155813953488372,0.418604651162791,0.4
1,911,0,0,0,0,30,191,576,488,1285,0.0,0.0,0.0,0.0,0.023346303501946,0.14863813229572,0.448249027237354,0.379766536964981
1,912,0,0,0,1,28,204,540,507,1280,0.0,0.0,0.0,0.00078125,0.021875,0.159375,0.421875,0.39609375
1,913,0,0,0,3,25,177,578,492,1275,0.0,0.0,0.0,0.002352941176471,0.019607843137255,0.138823529411765,0.453333333333333,0.385882352941176
1,914,0,0,0,3,29,197,565,476,1270,0.0,0.0,0.0,0.002362204724409,0.022834645669291,0.15511811023622,0.44488188976378,0.374803149606299
1,915,0,0,0,0,25,206,531,503,1265,0.0,0.0,0.0,0.0,0.019762845849802,0.162845849802372,0.419762845849802,0.397628458498024
1,916,0,0,0,0,28,176,546,510,1260,0.0,0.0,0.0,0.0,0.022222222222222,0.13968253968254,0.433333333333333,0.404761904761905
1,917,0,0,0,3,32,189,571,460,1255,0.0,0.0,0.0,0.002390438247012,0.025498007968127,0.150597609561753,0.454980079681275,0.366533864541833
1,918,0,0,0,0,25,177,499,549,1250,0.0,0.0,0.0,0.0,0.02,0.1416,0.3992,0.4392
1,919,0,0,0,2,32,186,541,484,1245,0.0,0.0,0.0,0.001606425702811,0.02570281124498,0.149397590361446,0.434538152610442,0.388755020080321
1,920,0,0,0,0,27,191,539,483,1240,0.0,0.0,0.0,0.0,0.021774193548387,0.154032258064516,0.434677419354839,0.389516129032258
1,921,0,0,0,1,29,190,517,498,1235,0.0,0.0,0.0,0.00080971659919,0.023481781376518,0.153846153846154,0.418623481781377,0.403238866396761
1,922,0,0,0,2,27,172,496,533,1230,0.0,0.0,0.0,0.001626016260163,0.021951219512195,0.139837398373984,0.403252032520325,0.433333333333333
1,923,0,0,0,1,33,175,509,507,1225,0.0,0.0,0.0,0.000816326530612,0.026938775510204,0.142857142857143,0.415510204081633,0.413877551020408
1,924,0,0,0,2,24,178,496,520,1220,0.0,0.0,0.0,0.001639344262295,0.019672131147541,0.145901639344262,0.40655737704918,0.426229508196721
1,925,0,0,0,0,33,173,520,489,1215,0.0,0.0,0.0,0.0,0.02716049382716,0.14238683127572,0.42798353909465,0.402469135802469
1,926,0,0,1,4,22,166,532,485,1210,0.0,0.0,0.000826446280992,0.003305785123967,0.018181818181818,0.137190082644628,0.439669421487603,0.400826446280992
1,927,0,0,0,1,29,172,487,516,1205,0.0,0.0,0.0,0.000829875518672,0.024066390041494,0.142738589211618,0.404149377593361,0.428215767634855
1,928,0,0,0,0,25,170,509,496,1200,0.0,0.0,0.0,0.0,0.020833333333333,0.141666666666667,0.424166666666667,0.413333333333333
1,929,0,0,0,1,34,178,505,477,1195,0.0,0.0,0.0,0.000836820083682,0.028451882845188,0.148953974895397,0.422594142259414,0.399163179916318
1,930,0,0,0,0,26,165,500,499,1190,0.0,0.0,0.0,0.0,0.021848739495798,0.138655462184874,0.420168067226891,0.419327731092437
1,931,0,0,0,1,32,186,510,456,1185,0.0,0.0,0.0,0.00084388185654,0.027004219409283,0.156962025316456,0.430379746835443,0.384810126582278
1,932,0,0,0,1,31,182,488,478,1180,0.0,0.0,0.0,0.000847457627119,0.026271186440678,0.154237288135593,0.413559322033898,0.405084745762712
1,933,0,0,0,4,17,166,524,464,1175,0.0,0.0,0.0,0.003404255319149,0.014468085106383,0.141276595744681,0.445957446808511,0.394893617021277
1,934,0,0,0,0,23,180,521,446,1170,0.0,0.0,0.0,0.0,0.01965811965812,0.153846153846154,0.445299145299145,0.381196581196581
1,935,0,0,0,2,25,157,470,511,1165,0.0,0.0,0.0,0.001716738197425,0.021459227467811,0.134763948497854,0.40343347639485,0.43862660944206
1,936,0,0,0,2,27,186,480,465,1160,0.0,0.0,0.0,0.001724137931034,0.023275862068966,0.160344827586207,0.413793103448276,0.400862068965517
1,937,0,0,0,4,24,159,467,501,1155,0.0,0.0,0.0,0.003463203463203,0.020779220779221,0.137662337662338,0.404329004329004,0.433766233766234
1,938,0,0,0,1,22,167,502,458,1150,0.0,0.0,0.0,0.000869565217391,0.019130434782609,0.145217391304348,0.436521739130435,0.398260869565217
1,939,0,0,0,0,25,156,476,488,1145,0.0,0.0,0.0,0.0,0.021834061135371,0.136244541484716,0.415720524017467,0.426200873362445
1,940,0,0,1,2,21,158,485,473,1140,0.0,0.0,0.000877192982456,0.001754385964912,0.018421052631579,0.13859649122807,0.425438596491228,0.414912280701754
1,941,0,0,0,2,29,185,466,453,1135,0.0,0.0,0.0,0.001762114537445,0.025550660792952,0.162995594713656,0.41057268722467,0.399118942731278
1,942,0,0,0,5,17,185,471,452,1130,0.0,0.0,0.0,0.004424778761062,0.015044247787611,0.163716814159292,0.416814159292035,0.4
1,943,0,0,0,2,36,170,467,450,1125,0.0,0.0,0.0,0.001777777777778,0.032,0.151111111111111,0.415111111111111,0.4
1,944,0,0,0,1,27,178,470,444,1120,0.0,0.0,0.0,0.000892857142857,0.024107142857143,0.158928571428571,0.419642857142857,0.396428571428571
1,945,0,0,0,2,17,189,466,441,1115,0.0,0.0,0.0,0.001793721973094,0.0152466367713,0.169506726457399,0.417937219730942,0.395515695067265
1,946,0,0,0,1,28,161,476,444,1110,0.0,0.0,0.0,0.000900900900901,0.025225225225225,0.145045045045045,0.428828828828829,0.4
1,947,0,0,0,2,30,176,450,447,1105,0.0,0.0,0.0,0.001809954751131,0.027149321266968,0.159276018099548,0.407239819004525,0.404524886877828
1,948,0,0,0,1,29,151,487,432,1100,0.0,0.0,0.0,0.000909090909091,0.026363636363636,0.137272727272727,0.442727272727273,0.392727272727273
1,949,0,0,0,2,20,160,430,483,1095,0.0,0.0,0.0,0.001826484018265,0.018264840182648,0.146118721461187,0.392694063926941,0.441095890410959
1,950,0,0,0,3,23,168,464,432,1090,0.0,0.0,0.0,0.002752293577982,0.021100917431193,0.154128440366972,0.425688073394495,0.396330275229358
1,951,0,0,0,3,27,172,454,429,1085,0.0,0.0,0.0,0.002764976958525,0.024884792626728,0.15852534562212,0.418433179723502,0.395391705069124
1,952,0,0,0,0,24,170,459,427,1080,0.0,0.0,0.0,0.0,0.022222222222222,0.157407407407407,0.425,0.39537037037037
1,953,0,0,0,4,25,176,449,421,1075,0.0,0.0,0.0,0.003720930232558,0.023255813953488,0.163720930232558,0.417674418604651,0.391627906976744
1,954,0,0,0,0,17,158,477,418,1070,0.0,0.0,0.0,0.0,0.01588785046729,0.147663551401869,0.445794392523365,0.390654205607477
1,955,0,0,0,0,18,167,443,437,1065,0.0,0.0,0.0,0.0,0.016901408450704,0.156807511737089,0.415962441314554,0.410328638497653
1,956,0,0,0,2,21,159,458,420,1060,0.0,0.0,0.0,0.00188679245283,0.019811320754717,0.15,0.432075471698113,0.39622641509434
1,957,0,0,0,3,22,163,452,415,1055,0.0,0.0,0.0,0.002843601895735,0.02085308056872,0.154502369668246,0.428436018957346,0.393364928909953
1,958,0,0,0,0,27,165,421,437,1050,0.0,0.0,0.0,0.0,0.025714285714286,0.157142857142857,0.400952380952381,0.416190476190476
1,959,0,0,0,1,25,140,435,444,1045,0.0,0.0,0.0,0.000956937799043,0.023923444976077,0.133971291866029,0.416267942583732,0.42488038277512
1,960,0,0,0,1,19,147,471,402,1040,0.0,0.0,0.0,0.000961538461538,0.018269230769231,0.141346153846154,0.452884615384615,0.386538461538462
1,961,0,0,0,2,28,154,421,430,1035,0.0,0.0,0.0,0.001932367149758,0.027053140096618,0.148792270531401,0.406763285024155,0.415458937198068
1,962,0,0,0,3,22,146,424,435,1030,0.0,0.0,0.0,0.002912621359223,0.021359223300971,0.141747572815534,0.411650485436893,0.422330097087379
1,963,0,0,0,3,21,166,459,376,1025,0.0,0.0,0.0,0.002926829268293,0.020487804878049,0.161951219512195,0.44780487804878,0.366829268292683
1,964,0,0,0,0,26,146,427,421,1020,0.0,0.0,0.0,0.0,0.025490196078431,0.143137254901961,0.418627450980392,0.412745098039216
1,965,0,0,0,1,31,151,462,370,1015,0.0,0.0,0.0,0.000985221674877,0.030541871921182,0.148768472906404,0.455172413793103,0.364532019704433
1,966,0,0,0,0,28,163,403,416,1010,0.0,0.0,0.0,0.0,0.027722772277228,0.161386138613861,0.399009900990099,0.411881188118812
1,967,0,0,0,1,25,140,444,395,1005,0.0,0.0,0.0,0.000995024875622,0.024875621890547,0.139303482587065,0.441791044776119,0.393034825870647
1,968,0,0,0,1,26,149,399,425,1000,0.0,0.0,0.0,0.001,0.026,0.149,0.399,0.425
1,969,0,0,0,0,20,142,417,416,995,0.0,0.0,0.0,0.0,0.020100502512563,0.142713567839196,0.419095477386935,0.418090452261307
1,970,0,0,0,0,27,147,391,425,990,0.0,0.0,0.0,0.0,0.027272727272727,0.148484848484848,0.394949494949495,0.429292929292929
1,971,0,0,0,1,23,145,429,387,985,0.0,0.0,0.0,0.001015228426396,0.023350253807107,0.147208121827411,0.435532994923858,0.392893401015228
1,972,0,0,0,1,20,160,399,400,980,0.0,0.0,0.0,0.001020408163265,0.020408163265306,0.163265306122449,0.407142857142857,0.408163265306122
1,973,0,0,0,2,28,136,412,397,975,0.0,0.0,0.0,0.002051282051282,0.028717948717949,0.139487179487179,0.422564102564103,0.407179487179487
1,974,0,0,0,2,18,147,425,378,970,0.0,0.0,0.0,0.002061855670103,0.018556701030928,0.151546391752577,0.438144329896907,0.389690721649485
1,975,0,1,0,0,16,126,416,406,965,0.0,0.001036269430052,0.0,0.0,0.016580310880829,0.130569948186529,0.431088082901554,0.420725388601036
1,976,0,0,0,2,20,162,401,375,960,0.0,0.0,0.0,0.002083333333333,0.020833333333333,0.16875,0.417708333333333,0.390625
1,977,0,0,0,0,18,151,398,388,955,0.0,0.0,0.0,0.0,0.018848167539267,0.158115183246073,0.416753926701571,0.406282722513089
1,978,0,0,0,1,15,151,405,378,950,0.0,0.0,0.0,0.001052631578947,0.015789473684211,0.158947368421053,0.426315789473684,0.397894736842105
1,979,0,0,0,1,16,141,426,361,945,0.0,0.0,0.0,0.001058201058201,0.016931216931217,0.149206349206349,0.450793650793651,0.382010582010582
1,980,0,0,0,1,22,145,410,362,940,0.0,0.0,0.0,0.001063829787234,0.023404255319149,0.154255319148936,0.436170212765957,0.385106382978723
1,981,0,0,0,0,16,134,393,392,935,0.0,0.0,0.0,0.0,0.017112299465241,0.14331550802139,0.420320855614973,0.419251336898396
1,982,0,0,0,6,10,139,381,394,930,0.0,0.0,0.0,0.006451612903226,0.010752688172043,0.149462365591398,0.409677419354839,0.423655913978495
1,983,0,0,0,2,22,128,396,377,925,0.0,0.0,0.0,0.002162162162162,0.023783783783784,0.138378378378378,0.428108108108108,0.407567567567568
1,984,0,0,0,0,22,149,388,361,920,0.0,0.0,0.0,0.0,0.023913043478261,0.16195652173913,0.421739130434783,0.392391304347826
1,985,0,0,0,2,24,138,384,367,915,0.0,0.0,0.0,0.002185792349727,0.026229508196721,0.150819672131148,0.419672131147541,0.401092896174863
1,986,0,0,0,0,23,136,370,381,910,0.0,0.0,0.0,0.0,0.025274725274725,0.149450549450549,0.406593406593407,0.418681318681319
1,987,0,0,0,0,14,138,368,385,905,0.0,0.0,0.0,0.0,0.015469613259669,0.152486187845304,0.406629834254144,0.425414364640884
1,988,0,0,0,2,16,133,406,343,900,0.0,0.0,0.0,0.002222222222222,0.017777777777778,0.147777777777778,0.451111111111111,0.381111111111111
1,989,0,0,0,1,24,139,393,338,895,0.0,0.0,0.0,0.001117318435754,0.026815642458101,0.155307262569832,0.439106145251397,0.377653631284916
1,990,0,0,0,2,29,138,373,348,890,0.0,0.0,0.0,0.002247191011236,0.032584269662921,0.155056179775281,0.419101123595506,0.391011235955056
1,991,0,0,0,0,17,127,383,358,885,0.0,0.0,0.0,0.0,0.019209039548023,0.143502824858757,0.432768361581921,0.404519774011299
1,992,0,0,0,2,22,143,374,339,880,0.0,0.0,0.0,0.002272727272727,0.025,0.1625,0.425,0.385227272727273
1,993,0,0,0,3,17,153,362,340,875,0.0,0.0,0.0,0.003428571428571,0.019428571428571,0.174857142857143,0.413714285714286,0.388571428571429
1,994,0,0,0,2,14,140,377,337,870,0.0,0.0,0.0,0.002298850574713,0.016091954022989,0.160919540229885,0.433333333333333,0.38735632183908
1,995,0,0,0,1,18,120,356,370,865,0.0,0.0,0.0,0.001156069364162,0.020809248554913,0.138728323699422,0.411560693641619,0.427745664739884
1,996,0,0,0,1,29,125,345,360,860,0.0,0.0,0.0,0.001162790697674,0.033720930232558,0.145348837209302,0.401162790697674,0.418604651162791
1,997,0,0,0,0,16,137,374,328,855,0.0,0.0,0.0,0.0,0.018713450292398,0.160233918128655,0.437426900584795,0.383625730994152
1,998,0,0,0,3,21,127,352,347,850,0.0,0.0,0.0,0.003529411764706,0.024705882352941,0.149411764705882,0.414117647058824,0.408235294117647
1,999,0,0,0,0,28,117,352,348,845,0.0,0.0,0.0,0.0,0.033136094674556,0.138461538461538,0.416568047337278,0.411834319526627
1,1000,0,0,0,2,23,117,354,344,840,0.0,0.0,0.0,0.002380952380952,0.027380952380952,0.139285714285714,0.421428571428571,0.40952380952381
1,1001,0,0,0,0,18,116,347,354,835,0.0,0.0,0.0,0.0,0.021556886227545,0.138922155688623,0.415568862275449,0.423952095808383
1,1002,0,0,0,0,18,129,358,325,830,0.0,0.0,0.0,0.0,0.021686746987952,0.155421686746988,0.431325301204819,0.391566265060241
1,1003,0,0,0,1,15,131,358,320,825,0.0,0.0,0.0,0.001212121212121,0.018181818181818,0.158787878787879,0.433939393939394,0.387878787878788
1,1004,0,0,0,3,23,133,340,321,820,0.0,0.0,0.0,0.003658536585366,0.028048780487805,0.16219512195122,0.414634146341463,0.391463414634146
1,1005,0,0,0,1,17,133,334,330,815,0.0,0.0,0.0,0.001226993865031,0.020858895705521,0.16319018404908,0.409815950920245,0.404907975460123
1,1006,0,0,0,0,11,133,346,320,810,0.0,0.0,0.0,0.0,0.01358024691358,0.164197530864198,0.42716049382716,0.395061728395062
1,1007,0,0,0,1,18,150,336,300,805,0.0,0.0,0.0,0.001242236024845,0.022360248447205,0.186335403726708,0.417391304347826,0.372670807453416
1,1008,0,0,0,2,19,120,331,328,800,0.0,0.0,0.0,0.0025,0.02375,0.15,0.41375,0.41
1,1009,0,0,0,2,17,123,340,313,795,0.0,0.0,0.0,0.00251572327044,0.021383647798742,0.154716981132075,0.427672955974843,0.393710691823899
1,1010,0,0,0,1,14,134,339,302,790,0.0,0.0,0.0,0.00126582278481,0.017721518987342,0.169620253164557,0.429113924050633,0.382278481012658
1,1011,0,0,0,0,15,131,345,294,785,0.0,0.0,0.0,0.0,0.019108280254777,0.16687898089172,0.439490445859873,0.374522292993631
1,1012,0,0,0,0,20,114,337,309,780,0.0,0.0,0.0,0.0,0.025641025641026,0.146153846153846,0.432051282051282,0.396153846153846
1,1013,0,0,0,2,12,120,318,323,775,0.0,0.0,0.0,0.00258064516129,0.015483870967742,0.154838709677419,0.410322580645161,0.416774193548387
1,1014,0,0,0,0,16,112,321,321,770,0.0,0.0,0.0,0.0,0.020779220779221,0.145454545454545,0.416883116883117,0.416883116883117
1,1015,0,0,0,0,22,111,320,312,765,0.0,0.0,0.0,0.0,0.028758169934641,0.145098039215686,0.418300653594771,0.407843137254902
1,1016,0,0,0,3,14,112,324,307,760,0.0,0.0,0.0,0.003947368421053,0.018421052631579,0.147368421052632,0.426315789473684,0.403947368421053
1,1017,0,0,0,1,19,117,327,291,755,0.0,0.0,0.0,0.001324503311258,0.025165562913907,0.154966887417219,0.433112582781457,0.385430463576159
1,1018,0,0,0,2,21,109,311,307,750,0.0,0.0,0.0,0.002666666666667,0.028,0.145333333333333,0.414666666666667,0.409333333333333
1,1019,0,0,0,0,20,112,326,287,745,0.0,0.0,0.0,0.0,0.026845637583893,0.150335570469799,0.43758389261745,0.385234899328859
1,1020,0,0,0,1,16,102,348,273,740,0.0,0.0,0.0,0.001351351351351,0.021621621621622,0.137837837837838,0.47027027027027,0.368918918918919
1,1021,0,0,0,2,17,100,297,319,735,0.0,0.0,0.0,0.002721088435374,0.02312925170068,0.136054421768707,0.404081632653061,0.434013605442177
1,1022,0,0,0,1,21,131,309,268,730,0.0,0.0,0.0,0.001369863013699,0.028767123287671,0.179452054794521,0.423287671232877,0.367123287671233
1,1023,0,0,0,0,16,106,322,281,725,0.0,0.0,0.0,0.0,0.022068965517241,0.146206896551724,0.444137931034483,0.387586206896552
1,1024,0,0,0,3,21,106,279,311,720,0.0,0.0,0.0,0.004166666666667,0.029166666666667,0.147222222222222,0.3875,0.431944444444444
1,1025,0,0,0,1,12,132,282,288,715,0.0,0.0,0.0,0.001398601398601,0.016783216783217,0.184615384615385,0.394405594405594,0.402797202797203
1,1026,0,0,0,0,22,100,286,302,710,0.0,0.0,0.0,0.0,0.030985915492958,0.140845070422535,0.402816901408451,0.425352112676056
1,1027,0,0,0,1,16,107,297,284,705,0.0,0.0,0.0,0.001418439716312,0.022695035460993,0.15177304964539,0.421276595744681,0.402836879432624
1,1028,0,0,0,1,16,108,295,280,700,0.0,0.0,0.0,0.001428571428571,0.022857142857143,0.154285714285714,0.421428571428571,0.4
1,1029,0,0,0,2,15,109,290,279,695,0.0,0.0,0.0,0.002877697841727,0.02158273381295,0.156834532374101,0.41726618705036,0.401438848920863
1,1030,0,0,0,0,18,107,294,271,690,0.0,0.0,0.0,0.0,0.026086956521739,0.155072463768116,0.426086956521739,0.392753623188406
1,1031,0,0,0,1,16,100,315,253,685,0.0,0.0,0.0,0.001459854014599,0.023357664233577,0.145985401459854,0.45985401459854,0.369343065693431
1,1032,0,0,0,2,18,91,297,272,680,0.0,0.0,0.0,0.002941176470588,0.026470588235294,0.133823529411765,0.436764705882353,0.4
1,1033,0,0,0,2,18,99,289,267,675,0.0,0.0,0.0,0.002962962962963,0.026666666666667,0.146666666666667,0.428148148148148,0.395555555555556
1,1034,0,0,0,1,14,120,272,263,670,0.0,0.0,0.0,0.001492537313433,0.02089552238806,0.17910447761194,0.405970149253731,0.392537313432836
1,1035,0,0,0,0,10,94,282,279,665,0.0,0.0,0.0,0.0,0.015037593984962,0.141353383458647,0.42406015037594,0.419548872180451
1,1036,0,0,0,3,12,115,279,251,660,0.0,0.0,0.0,0.004545454545455,0.018181818181818,0.174242424242424,0.422727272727273,0.38030303030303
1,1037,0,0,0,1,15,124,256,259,655,0.0,0.0,0.0,0.001526717557252,0.022900763358779,0.189312977099237,0.390839694656489,0.395419847328244
1,1038,0,0,0,2,9,84,282,273,650,0.0,0.0,0.0,0.003076923076923,0.013846153846154,0.129230769230769,0.433846153846154,0.42
1,1039,0,0,0,0,11,92,268,274,645,0.0,0.0,0.0,0.0,0.017054263565891,0.142635658914729,0.415503875968992,0.424806201550388
1,1040,0,0,0,1,7,103,250,279,640,0.0,0.0,0.0,0.0015625,0.0109375,0.1609375,0.390625,0.4359375
1,1041,0,0,0,1,16,102,261,255,635,0.0,0.0,0.0,0.001574803149606,0.025196850393701,0.160629921259843,0.411023622047244,0.401574803149606
1,1042,0,0,0,3,9,95,260,263,630,0.0,0.0,0.0,0.004761904761905,0.014285714285714,0.150793650793651,0.412698412698413,0.417460317460317
1,1043,0,0,0,2,15,93,260,255,625,0.0,0.0,0.0,0.0032,0.024,0.1488,0.416,0.408
1,1044,0,0,0,1,11,113,258,237,620,0.0,0.0,0.0,0.001612903225806,0.017741935483871,0.182258064516129,0.416129032258065,0.382258064516129
1,1045,0,0,0,0,15,93,265,242,615,0.0,0.0,0.0,0.0,0.024390243902439,0.151219512195122,0.430894308943089,0.39349593495935
1,1046,0,0,0,2,17,77,260,254,610,0.0,0.0,0.0,0.00327868852459,0.027868852459016,0.126229508196721,0.426229508196721,0.416393442622951
1,1047,0,0,0,0,16,102,268,219,605,0.0,0.0,0.0,0.0,0.026446280991736,0.168595041322314,0.44297520661157,0.36198347107438
1,1048,0,0,0,2,12,89,254,243,600,0.0,0.0,0.0,0.003333333333333,0.02,0.148333333333333,0.423333333333333,0.405
1,1049,0,0,0,0,16,85,262,232,595,0.0,0.0,0.0,0.0,0.026890756302521,0.142857142857143,0.440336134453782,0.389915966386555
1,1050,0,0,0,0,12,87,224,267,590,0.0,0.0,0.0,0.0,0.020338983050847,0.147457627118644,0.379661016949153,0.452542372881356
1,1051,0,0,0,0,11,95,251,228,585,0.0,0.0,0.0,0.0,0.018803418803419,0.162393162393162,0.429059829059829,0.38974358974359
1,1052,0,0,0,0,11,79,243,247,580,0.0,0.0,0.0,0.0,0.018965517241379,0.136206896551724,0.418965517241379,0.425862068965517
1,1053,0,0,0,1,16,88,234,236,575,0.0,0.0,0.0,0.001739130434783,0.027826086956522,0.15304347826087,0.40695652173913,0.410434782608696
1,1054,0,0,0,0,9,84,267,210,570,0.0,0.0,0.0,0.0,0.015789473684211,0.147368421052632,0.468421052631579,0.368421052631579
1,1055,0,0,0,0,16,95,221,233,565,0.0,0.0,0.0,0.0,0.028318584070796,0.168141592920354,0.391150442477876,0.412389380530973
1,1056,0,0,1,2,8,86,239,224,560,0.0,0.0,0.001785714285714,0.003571428571429,0.014285714285714,0.153571428571429,0.426785714285714,0.4
1,1057,0,0,0,2,11,68,238,236,555,0.0,0.0,0.0,0.003603603603604,0.01981981981982,0.122522522522523,0.428828828828829,0.425225225225225
1,1058,0,0,0,0,9,71,249,221,550,0.0,0.0,0.0,0.0,0.016363636363636,0.129090909090909,0.452727272727273,0.401818181818182
1,1059,0,0,0,2,19,92,220,212,545,0.0,0.0,0.0,0.003669724770642,0.034862385321101,0.168807339449541,0.403669724770642,0.388990825688073
1,1060,0,0,0,2,16,74,241,207,540,0.0,0.0,0.0,0.003703703703704,0.02962962962963,0.137037037037037,0.446296296296296,0.383333333333333
1,1061,0,0,0,3,10,77,235,210,535,0.0,0.0,0.0,0.005607476635514,0.018691588785047,0.14392523364486,0.439252336448598,0.392523364485981
1,1062,0,0,0,1,15,80,219,215,530,0.0,0.0,0.0,0.00188679245283,0.028301886792453,0.150943396226415,0.413207547169811,0.405660377358491
1,1063,0,0,0,1,6,89,224,205,525,0.0,0.0,0.0,0.001904761904762,0.011428571428571,0.16952380952381,0.426666666666667,0.39047619047619
1,1064,0,0,0,0,14,79,233,194,520,0.0,0.0,0.0,0.0,0.026923076923077,0.151923076923077,0.448076923076923,0.373076923076923
1,1065,0,0,0,1,11,88,230,185,515,0.0,0.0,0.0,0.001941747572816,0.021359223300971,0.170873786407767,0.446601941747573,0.359223300970874
1,1066,0,0,0,0,11,86,205,208,510,0.0,0.0,0.0,0.0,0.02156862745098,0.168627450980392,0.401960784313726,0.407843137254902
1,1067,0,0,0,0,16,91,190,208,505,0.0,0.0,0.0,0.0,0.031683168316832,0.18019801980198,0.376237623762376,0.411881188118812
1,1068,0,0,0,0,14,78,220,188,500,0.0,0.0,0.0,0.0,0.028,0.156,0.44,0.376
1,1069,0,0,0,2,15,77,194,207,495,0.0,0.0,0.0,0.004040404040404,0.03030303030303,0.155555555555556,0.391919191919192,0.418181818181818
1,1070,0,0,0,1,10,69,214,196,490,0.0,0.0,0.0,0.002040816326531,0.020408163265306,0.140816326530612,0.436734693877551,0.4
1,1071,0,0,0,0,12,81,209,183,485,0.0,0.0,0.0,0.0,0.024742268041237,0.167010309278351,0.430927835051546,0.377319587628866
1,1072,0,0,0,0,13,82,197,188,480,0.0,0.0,0.0,0.0,0.027083333333333,0.170833333333333,0.410416666666667,0.391666666666667
1,1073,0,0,0,1,8,74,191,201,475,0.0,0.0,0.0,0.002105263157895,0.016842105263158,0.155789473684211,0.402105263157895,0.423157894736842
1,1074,0,0,0,1,13,73,204,179,470,0.0,0.0,0.0,0.002127659574468,0.027659574468085,0.15531914893617,0.434042553191489,0.380851063829787
1,1075,0,0,0,0,7,72,200,186,465,0.0,0.0,0.0,0.0,0.01505376344086,0.154838709677419,0.43010752688172,0.4
1,1076,0,0,0,0,13,69,206,172,460,0.0,0.0,0.0,0.0,0.028260869565217,0.15,0.447826086956522,0.373913043478261
1,1077,0,0,0,1,11,84,169,190,455,0.0,0.0,0.0,0.002197802197802,0.024175824175824,0.184615384615385,0.371428571428571,0.417582417582418
1,1078,0,0,0,1,6,75,187,181,450,0.0,0.0,0.0,0.002222222222222,0.013333333333333,0.166666666666667,0.415555555555556,0.402222222222222
1,1079,0,0,0,2,12,56,198,177,445,0.0,0.0,0.0,0.004494382022472,0.026966292134831,0.125842696629213,0.444943820224719,0.397752808988764
1,1080,0,0,0,0,6,62,170,202,440,0.0,0.0,0.0,0.0,0.013636363636364,0.140909090909091,0.386363636363636,0.459090909090909
1,1081,0,0,0,1,11,77,172,174,435,0.0,0.0,0.0,0.002298850574713,0.025287356321839,0.177011494252874,0.395402298850575,0.4
1,1082,0,0,0,0,8,65,178,179,430,0.0,0.0,0.0,0.0,0.018604651162791,0.151162790697674,0.413953488372093,0.416279069767442
1,1083,0,0,0,1,8,65,179,172,425,0.0,0.0,0.0,0.002352941176471,0.018823529411765,0.152941176470588,0.421176470588235,0.404705882352941
1,1084,0,0,0,0,7,71,188,154,420,0.0,0.0,0.0,0.0,0.016666666666667,0.169047619047619,0.447619047619048,0.366666666666667
1,1085,0,0,0,0,11,66,171,167,415,0.0,0.0,0.0,0.0,0.026506024096386,0.159036144578313,0.412048192771084,0.402409638554217
1,1086,0,0,0,1,8,53,178,170,410,0.0,0.0,0.0,0.002439024390244,0.019512195121951,0.129268292682927,0.434146341463415,0.414634146341463
1,1087,0,0,0,1,7,56,173,168,405,0.0,0.0,0.0,0.002469135802469,0.017283950617284,0.138271604938272,0.42716049382716,0.414814814814815
1,1088,0,0,0,0,9,57,169,165,400,0.0,0.0,0.0,0.0,0.0225,0.1425,0.4225,0.4125
1,1089,0,0,0,1,3,57,166,168,395,0.0,0.0,0.0,0.00253164556962,0.007594936708861,0.144303797468354,0.420253164556962,0.425316455696203
1,1090,0,0,0,1,6,67,161,155,390,0.0,0.0,0.0,0.002564102564103,0.015384615384615,0.171794871794872,0.412820512820513,0.397435897435897
1,1091,0,0,0,1,9,50,170,155,385,0.0,0.0,0.0,0.002597402597403,0.023376623376623,0.12987012987013,0.441558441558442,0.402597402597403
1,1092,0,0,0,0,5,61,153,161,380,0.0,0.0,0.0,0.0,0.013157894736842,0.160526315789474,0.402631578947368,0.423684210526316
1,1093,0,0,0,1,11,53,164,146,375,0.0,0.0,0.0,0.002666666666667,0.029333333333333,0.141333333333333,0.437333333333333,0.389333333333333
1,1094,0,0,0,1,6,58,150,155,370,0.0,0.0,0.0,0.002702702702703,0.016216216216216,0.156756756756757,0.405405405405405,0.418918918918919
1,1095,0,0,0,1,11,59,134,160,365,0.0,0.0,0.0,0.002739726027397,0.03013698630137,0.161643835616438,0.367123287671233,0.438356164383562
1,1096,0,0,1,1,7,59,159,133,360,0.0,0.0,0.002777777777778,0.002777777777778,0.019444444444444,0.163888888888889,0.441666666666667,0.369444444444444
1,1097,0,0,0,2,7,54,142,150,355,0.0,0.0,0.0,0.005633802816901,0.019718309859155,0.152112676056338,0.4,0.422535211267606
1,1098,0,0,0,0,10,56,148,136,350,0.0,0.0,0.0,0.0,0.028571428571429,0.16,0.422857142857143,0.388571428571429
1,1099,0,0,0,0,9,50,149,137,345,0.0,0.0,0.0,0.0,0.026086956521739,0.144927536231884,0.431884057971014,0.397101449275362
1,1100,0,0,0,1,8,62,134,135,340,0.0,0.0,0.0,0.002941176470588,0.023529411764706,0.182352941176471,0.394117647058824,0.397058823529412
1,1101,0,0,0,0,4,52,144,135,335,0.0,0.0,0.0,0.0,0.011940298507463,0.155223880597015,0.429850746268657,0.402985074626866
1,1102,0,0,0,1,6,49,148,126,330,0.0,0.0,0.0,0.003030303030303,0.018181818181818,0.148484848484848,0.448484848484848,0.381818181818182
1,1103,0,0,0,0,8,45,145,127,325,0.0,0.0,0.0,0.0,0.024615384615385,0.138461538461538,0.446153846153846,0.390769230769231
1,1104,0,0,0,0,13,49,133,125,320,0.0,0.0,0.0,0.0,0.040625,0.153125,0.415625,0.390625
1,1105,0,0,0,2,10,52,124,127,315,0.0,0.0,0.0,0.006349206349206,0.031746031746032,0.165079365079365,0.393650793650794,0.403174603174603
1,1106,0,0,0,1,10,47,127,125,310,0.0,0.0,0.0,0.003225806451613,0.032258064516129,0.151612903225806,0.409677419354839,0.403225806451613
1,1107,0,0,0,1,5,41,128,130,305,0.0,0.0,0.0,0.00327868852459,0.016393442622951,0.134426229508197,0.419672131147541,0.426229508196721
1,1108,0,0,0,1,4,46,113,136,300,0.0,0.0,0.0,0.003333333333333,0.013333333333333,0.153333333333333,0.376666666666667,0.453333333333333
1,1109,0,0,1,0,7,53,109,125,295,0.0,0.0,0.003389830508475,0.0,0.023728813559322,0.179661016949153,0.369491525423729,0.423728813559322
1,1110,0,0,0,2,3,46,134,105,290,0.0,0.0,0.0,0.006896551724138,0.010344827586207,0.158620689655172,0.462068965517241,0.362068965517241
1,1111,0,0,0,0,8,39,119,119,285,0.0,0.0,0.0,0.0,0.028070175438596,0.136842105263158,0.417543859649123,0.417543859649123
1,1112,0,0,0,1,10,42,115,112,280,0.0,0.0,0.0,0.003571428571429,0.035714285714286,0.15,0.410714285714286,0.4
1,1113,0,0,0,0,12,40,129,94,275,0.0,0.0,0.0,0.0,0.043636363636364,0.145454545454545,0.469090909090909,0.341818181818182
1,1114,0,0,0,0,3,42,108,117,270,0.0,0.0,0.0,0.0,0.011111111111111,0.155555555555556,0.4,0.433333333333333
1,1115,0,0,0,0,8,37,109,111,265,0.0,0.0,0.0,0.0,0.030188679245283,0.139622641509434,0.411320754716981,0.418867924528302
1,1116,0,0,0,0,7,41,103,109,260,0.0,0.0,0.0,0.0,0.026923076923077,0.157692307692308,0.396153846153846,0.419230769230769
1,1117,0,0,0,0,2,53,106,94,255,0.0,0.0,0.0,0.0,0.007843137254902,0.207843137254902,0.415686274509804,0.368627450980392
1,1118,0,0,0,0,6,38,107,99,250,0.0,0.0,0.0,0.0,0.024,0.152,0.428,0.396
1,1119,0,0,0,0,5,46,108,86,245,0.0,0.0,0.0,0.0,0.020408163265306,0.187755102040816,0.440816326530612,0.351020408163265
1,1120,0,0,0,3,7,38,92,100,240,0.0,0.0,0.0,0.0125,0.029166666666667,0.158333333333333,0.383333333333333,0.416666666666667
1,1121,0,0,0,1,3,28,110,93,235,0.0,0.0,0.0,0.004255319148936,0.012765957446809,0.119148936170213,0.468085106382979,0.395744680851064
1,1122,0,0,0,0,7,28,101,94,230,0.0,0.0,0.0,0.0,0.030434782608696,0.121739130434783,0.439130434782609,0.408695652173913
1,1123,0,0,0,0,5,32,94,94,225,0.0,0.0,0.0,0.0,0.022222222222222,0.142222222222222,0.417777777777778,0.417777777777778
1,1124,0,0,0,0,4,35,102,79,220,0.0,0.0,0.0,0.0,0.018181818181818,0.159090909090909,0.463636363636364,0.359090909090909
1,1125,0,0,0,0,4,37,99,75,215,0.0,0.0,0.0,0.0,0.018604651162791,0.172093023255814,0.46046511627907,0.348837209302326
1,1126,0,0,0,0,0,29,94,87,210,0.0,0.0,0.0,0.0,0.0,0.138095238095238,0.447619047619048,0.414285714285714
1,1127,0,0,0,0,3,30,78,94,205,0.0,0.0,0.0,0.0,0.014634146341463,0.146341463414634,0.380487804878049,0.458536585365854
1,1128,0,0,0,0,4,36,89,71,200,0.0,0.0,0.0,0.0,0.02,0.18,0.445,0.355
1,1129,0,0,0,0,4,32,83,76,195,0.0,0.0,0.0,0.0,0.020512820512821,0.164102564102564,0.425641025641026,0.38974358974359
1,1130,0,0,0,0,5,31,82,72,190,0.0,0.0,0.0,0.0,0.026315789473684,0.163157894736842,0.431578947368421,0.378947368421053
1,1131,0,0,0,0,6,27,78,74,185,0.0,0.0,0.0,0.0,0.032432432432432,0.145945945945946,0.421621621621622,0.4
1,1132,0,0,0,0,3,30,77,70,180,0.0,0.0,0.0,0.0,0.016666666666667,0.166666666666667,0.427777777777778,0.388888888888889
1,1133,0,0,0,0,5,35,64,71,175,0.0,0.0,0.0,0.0,0.028571428571429,0.2,0.365714285714286,0.405714285714286
1,1134,0,0,0,0,2,21,76,71,170,0.0,0.0,0.0,0.0,0.011764705882353,0.123529411764706,0.447058823529412,0.417647058823529
1,1135,0,0,0,1,1,18,81,64,165,0.0,0.0,0.0,0.006060606060606,0.006060606060606,0.109090909090909,0.490909090909091,0.387878787878788
1,1136,0,0,1,1,4,25,58,71,160,0.0,0.0,0.00625,0.00625,0.025,0.15625,0.3625,0.44375
1,1137,0,0,0,0,1,24,63,67,155,0.0,0.0,0.0,0.0,0.006451612903226,0.154838709677419,0.406451612903226,0.432258064516129
1,1138,0,0,0,0,6,18,67,59,150,0.0,0.0,0.0,0.0,0.04,0.12,0.446666666666667,0.393333333333333
1,1139,0,0,0,0,3,13,65,64,145,0.0,0.0,0.0,0.0,0.020689655172414,0.089655172413793,0.448275862068966,0.441379310344828
1,1140,0,0,0,0,5,24,55,56,140,0.0,0.0,0.0,0.0,0.035714285714286,0.171428571428571,0.392857142857143,0.4
1,1141,0,0,0,1,4,30,55,45,135,0.0,0.0,0.0,0.007407407407407,0.02962962962963,0.222222222222222,0.407407407407407,0.333333333333333
1,1142,0,0,0,0,8,21,53,48,130,0.0,0.0,0.0,0.0,0.061538461538462,0.161538461538462,0.407692307692308,0.369230769230769
1,1143,0,0,0,0,0,22,57,46,125,0.0,0.0,0.0,0.0,0.0,0.176,0.456,0.368
1,1144,0,0,0,0,3,23,50,44,120,0.0,0.0,0.0,0.0,0.025,0.191666666666667,0.416666666666667,0.366666666666667
1,1145,0,0,0,1,1,17,55,41,115,0.0,0.0,0.0,0.008695652173913,0.008695652173913,0.147826086956522,0.478260869565217,0.356521739130435
1,1146,0,0,0,0,2,17,41,50,110,0.0,0.0,0.0,0.0,0.018181818181818,0.154545454545455,0.372727272727273,0.454545454545455
1,1147,0,0,0,0,1,19,48,37,105,0.0,0.0,0.0,0.0,0.00952380952381,0.180952380952381,0.457142857142857,0.352380952380952
1,1148,0,0,0,0,2,12,38,48,100,0.0,0.0,0.0,0.0,0.02,0.12,0.38,0.48
1,1149,0,0,0,0,1,14,43,37,95,0.0,0.0,0.0,0.0,0.010526315789474,0.147368421052632,0.452631578947368,0.389473684210526
1,1150,0,0,0,0,0,13,42,35,90,0.0,0.0,0.0,0.0,0.0,0.144444444444444,0.466666666666667,0.388888888888889
1,1151,0,0,0,0,2,11,42,30,85,0.0,0.0,0.0,0.0,0.023529411764706,0.129411764705882,0.494117647058824,0.352941176470588
1,1152,0,0,0,0,1,12,38,29,80,0.0,0.0,0.0,0.0,0.0125,0.15,0.475,0.3625
1,1153,0,0,0,0,1,14,36,24,75,0.0,0.0,0.0,0.0,0.013333333333333,0.186666666666667,0.48,0.32
1,1154,0,0,0,0,2,14,33,21,70,0.0,0.0,0.0,0.0,0.028571428571429,0.2,0.471428571428571,0.3
1,1155,0,0,0,0,1,8,31,25,65,0.0,0.0,0.0,0.0,0.015384615384615,0.123076923076923,0.476923076923077,0.384615384615385
1,1156,0,0,0,0,2,9,22,27,60,0.0,0.0,0.0,0.0,0.033333333333333,0.15,0.366666666666667,0.45
1,1157,0,0,0,0,1,5,26,23,55,0.0,0.0,0.0,0.0,0.018181818181818,0.090909090909091,0.472727272727273,0.418181818181818
1,1158,0,0,0,0,2,8,26,14,50,0.0,0.0,0.0,0.0,0.04,0.16,0.52,0.28
1,1159,0,0,0,0,3,4,23,15,45,0.0,0.0,0.0,0.0,0.066666666666667,0.088888888888889,0.511111111111111,0.333333333333333
1,1160,0,0,0,0,0,6,14,20,40,0.0,0.0,0.0,0.0,0.0,0.15,0.35,0.5
1,1161,0,0,0,0,1,6,15,13,35,0.0,0.0,0.0,0.0,0.028571428571429,0.171428571428571,0.428571428571429,0.371428571428571
1,1162,0,0,0,0,0,4,11,15,30,0.0,0.0,0.0,0.0,0.0,0.133333333333333,0.366666666666667,0.5
1,1163,0,0,0,0,0,3,12,10,25,0.0,0.0,0.0,0.0,0.0,0.12,0.48,0.4
1,1164,0,0,0,0,0,3,12,5,20,0.0,0.0,0.0,0.0,0.0,0.15,0.6,0.25
1,1165,0,0,0,0,0,1,7,7,15,0.0,0.0,0.0,0.0,0.0,0.066666666666667,0.466666666666667,0.466666666666667
1,1166,0,0,0,0,0,3,3,4,10,0.0,0.0,0.0,0.0,0.0,0.3,0.3,0.4
1,1167,0,0,0,0,1,1,0,3,5,0.0,0.0,0.0,0.0,0.2,0.2,0.0,0.6
2,1,0,0,0,10,115,980,2460,2270,5835,0.0,0.0,0.0,0.001713796058269,0.019708654670094,0.167952013710368,0.42159383033419,0.389031705227078
2,2,0,0,0,7,145,955,2545,2178,5830,0.0,0.0,0.0,0.001200686106346,0.024871355060034,0.163807890222985,0.436535162950257,0.373584905660377
2,3,0,0,0,7,145,898,2479,2296,5825,0.0,0.0,0.0,0.001201716738197,0.024892703862661,0.154163090128755,0.425579399141631,0.394163090128755
2,4,0,0,1,7,150,920,2443,2299,5820,0.0,0.0,0.000171821305842,0.001202749140893,0.025773195876289,0.15807560137457,0.419759450171821,0.395017182130584
2,5,0,0,0,6,141,891,2455,2322,5815,0.0,0.0,0.0,0.001031814273431,0.024247635425623,0.153224419604471,0.422184006878762,0.399312123817713
2,6,0,0,0,10,122,917,2479,2282,5810,0.0,0.0,0.0,0.001721170395869,0.020998278829604,0.157831325301205,0.426678141135972,0.392771084337349
2,7,0,0,0,10,118,870,2470,2337,5805,0.0,0.0,0.0,0.001722652885444,0.020327304048234,0.149870801033592,0.425495262704565,0.402583979328165
2,8,0,0,0,7,156,916,2423,2298,5800,0.0,0.0,0.0,0.001206896551724,0.026896551724138,0.157931034482759,0.417758620689655,0.396206896551724
2,9,0,0,0,11,131,876,2464,2313,5795,0.0,0.0,0.0,0.001898188093184,0.02260569456428,0.151164797238999,0.425194132873167,0.399137187230371
2,10,0,0,0,8,132,879,2495,2276,5790,0.0,0.0,0.0,0.001381692573402,0.02279792746114,0.151813471502591,0.430915371329879,0.393091537132988
2,11,0,0,0,7,132,920,2393,2333,5785,0.0,0.0,0.0,0.001210025929127,0.022817631806396,0.159031979256698,0.413656006914434,0.403284356093345
2,12,0,0,0,9,136,899,2422,2314,5780,0.0,0.0,0.0,0.001557093425606,0.023529411764706,0.155536332179931,0.419031141868512,0.400346020761246
2,13,0,0,0,6,141,871,2407,2350,5775,0.0,0.0,0.0,0.001038961038961,0.024415584415584,0.150822510822511,0.416796536796537,0.406926406926407
2,14,0,0,0,9,144,861,2419,2337,5770,0.0,0.0,0.0,0.00155979202773,0.024956672443674,0.149220103986135,0.419237435008666,0.405025996533796
2,15,0,0,0,6,139,865,2447,2308,5765,0.0,0.0,0.0,0.001040763226366,0.024111014744146,0.150043365134432,0.424457935819601,0.400346921075455
2,16,0,0,0,9,166,881,2404,2300,5760,0.0,0.0,0.0,0.0015625,0.028819444444444,0.152951388888889,0.417361111111111,0.399305555555556
2,17,0,0,0,3,121,919,2377,2335,5755,0.0,0.0,0.0,0.000521285838401,0.021025195482189,0.159687228496959,0.413032145960035,0.405734144222415
2,18,0,0,0,8,123,886,2395,2338,5750,0.0,0.0,0.0,0.001391304347826,0.021391304347826,0.154086956521739,0.416521739130435,0.406608695652174
2,19,0,0,0,11,134,877,2447,2276,5745,0.0,0.0,0.0,0.001914708442124,0.023324630113142,0.152654482158399,0.425935596170583,0.396170583115753
2,20,0,0,0,8,125,880,2451,2276,5740,0.0,0.0,0.0,0.001393728222997,0.021777003484321,0.153310104529617,0.427003484320558,0.396515679442509
2,21,0,0,0,12,132,872,2451,2268,5735,0.0,0.0,0.0,0.002092414995641,0.023016564952049,0.152048823016565,0.427375762859634,0.395466434176112
2,22,0,0,0,8,120,877,2498,2227,5730,0.0,0.0,0.0,0.001396160558464,0.020942408376963,0.15305410122164,0.435951134380454,0.388656195462478
2,23,0,0,0,15,153,861,2449,2247,5725,0.0,0.0,0.0,0.002620087336245,0.026724890829694,0.150393013100437,0.427772925764192,0.392489082969432
2,24,0,0,0,9,130,914,2410,2257,5720,0.0,0.0,0.0,0.001573426573427,0.022727272727273,0.15979020979021,0.421328671328671,0.39458041958042
2,25,0,0,1,8,134,821,2478,2273,5715,0.0,0.0,0.000174978127734,0.001399825021872,0.02344706911636,0.143657042869641,0.433595800524934,0.397725284339458
2,26,0,0,0,8,106,881,2433,2282,5710,0.0,0.0,0.0,0.001401050788091,0.018563922942207,0.154290718038529,0.426094570928196,0.399649737302977
2,27,0,0,0,6,151,841,2396,2311,5705,0.0,0.0,0.0,0.001051709027169,0.02646801051709,0.147414548641543,0.419982471516214,0.405083260297984
2,28,0,0,0,8,137,905,2426,2224,5700,0.0,0.0,0.0,0.00140350877193,0.024035087719298,0.158771929824561,0.425614035087719,0.390175438596491
2,29,0,0,0,7,138,866,2364,2320,5695,0.0,0.0,0.0,0.001229148375768,0.024231782265145,0.152063213345039,0.415100965759438,0.407374890254609
2,30,0,0,1,4,138,846,2409,2292,5690,0.0,0.0,0.000175746924429,0.000702987697715,0.024253075571178,0.148681898066784,0.423374340949033,0.402811950790861
2,31,0,0,0,6,154,863,2423,2239,5685,0.0,0.0,0.0,0.001055408970976,0.027088830255057,0.151802990325418,0.426209322779244,0.393843447669305
2,32,0,0,0,8,121,869,2389,2293,5680,0.0,0.0,0.0,0.001408450704225,0.021302816901408,0.152992957746479,0.420598591549296,0.403697183098592
2,33,0,0,0,8,137,838,2359,2333,5675,0.0,0.0,0.0,0.001409691629956,0.024140969162996,0.147665198237885,0.41568281938326,0.411101321585903
2,34,0,0,0,6,138,873,2402,2251,5670,0.0,0.0,0.0,0.001058201058201,0.024338624338624,0.153968253968254,0.42363315696649,0.39700176366843
2,35,0,0,0,9,142,869,2361,2284,5665,0.0,0.0,0.0,0.001588702559576,0.025066195939982,0.153398058252427,0.416769638128861,0.403177405119153
2,36,0,0,1,6,139,856,2361,2297,5660,0.0,0.0,0.00017667844523,0.001060070671378,0.024558303886926,0.151236749116608,0.417137809187279,0.405830388692579
2,37,0,0,0,9,137,858,2370,2281,5655,0.0,0.0,0.0,0.00159151193634,0.024226348364279,0.151724137931034,0.419098143236074,0.403359858532272
2,38,0,0,0,12,131,857,2353,2297,5650,0.0,0.0,0.0,0.00212389380531,0.023185840707965,0.151681415929204,0.41646017699115,0.406548672566372
2,39,0,0,0,7,138,875,2386,2239,5645,0.0,0.0,0.0,0.001240035429584,0.02444641275465,0.155004428697963,0.422674933569531,0.396634189548273
2,40,0,0,0,8,121,859,2480,2172,5640,0.0,0.0,0.0,0.001418439716312,0.02145390070922,0.152304964539007,0.439716312056738,0.385106382978723
2,41,0,0,0,7,119,835,2454,2220,5635,0.0,0.0,0.0,0.001242236024845,0.02111801242236,0.148181011535049,0.435492457852706,0.39396628216504
2,42,0,0,0,9,122,850,2391,2258,5630,0.0,0.0,0.0,0.001598579040853,0.021669626998224,0.150976909413854,0.424689165186501,0.401065719360568
2,43,0,0,0,1,130,833,2430,2231,5625,0.0,0.0,0.0,0.000177777777778,0.023111111111111,0.148088888888889,0.432,0.396622222222222
2,44,0,0,0,7,137,878,2329,2269,5620,0.0,0.0,0.0,0.001245551601423,0.024377224199288,0.156227758007117,0.4144128113879,0.40373665480427
2,45,0,0,0,8,120,850,2441,2196,5615,0.0,0.0,0.0,0.001424755120214,0.021371326803206,0.151380231522707,0.434728406055209,0.391095280498664
2,46,0,0,0,10,130,837,2445,2188,5610,0.0,0.0,0.0,0.001782531194296,0.023172905525847,0.149197860962567,0.435828877005348,0.390017825311943
2,47,0,0,0,10,99,883,2415,2198,5605,0.0,0.0,0.0,0.00178412132025,0.017662801070473,0.157537912578055,0.430865298840321,0.392149866190901
2,48,0,0,0,12,128,874,2356,2230,5600,0.0,0.0,0.0,0.002142857142857,0.022857142857143,0.156071428571429,0.420714285714286,0.398214285714286
2,49,0,0,0,6,130,815,2416,2228,5595,0.0,0.0,0.0,0.001072386058981,0.023235031277927,0.145665773011618,0.431814119749777,0.398212689901698
2,50,0,0,0,7,124,840,2392,2227,5590,0.0,0.0,0.0,0.001252236135957,0.022182468694097,0.150268336314848,0.427906976744186,0.398389982110912
2,51,0,0,0,2,127,805,2425,2226,5585,0.0,0.0,0.0,0.000358102059087,0.022739480752014,0.144136078782453,0.434198746642793,0.398567591763653
2,52,0,0,0,5,135,821,2378,2241,5580,0.0,0.0,0.0,0.00089605734767,0.024193548387097,0.147132616487455,0.426164874551971,0.401612903225806
2,53,0,0,0,4,132,860,2395,2184,5575,0.0,0.0,0.0,0.000717488789238,0.023677130044843,0.154260089686099,0.429596412556054,0.391748878923767
2,54,0,0,0,3,135,861,2358,2213,5570,0.0,0.0,0.0,0.000538599640934,0.024236983842011,0.154578096947935,0.423339317773788,0.397307001795332
2,55,0,0,0,10,140,833,2307,2275,5565,0.0,0.0,0.0,0.001796945193172,0.025157232704403,0.149685534591195,0.41455525606469,0.408805031446541
2,56,0,0,0,9,110,847,2388,2206,5560,0.0,0.0,0.0,0.001618705035971,0.019784172661871,0.152338129496403,0.429496402877698,0.396762589928058
2,57,0,0,0,5,121,860,2342,2227,5555,0.0,0.0,0.0,0.000900090009001,0.021782178217822,0.154815481548155,0.421602160216022,0.400900090009001
2,58,0,0,0,9,131,821,2372,2217,5550,0.0,0.0,0.0,0.001621621621622,0.023603603603604,0.147927927927928,0.427387387387387,0.399459459459459
2,59,0,0,0,6,115,799,2367,2258,5545,0.0,0.0,0.0,0.001082055906222,0.020739404869252,0.144093778178539,0.426871055004509,0.407213706041479
2,60,0,1,0,8,114,814,2352,2251,5540,0.0,0.000180505415162,0.0,0.0014440433213,0.02057761732852,0.146931407942238,0.424548736462094,0.406317689530686
2,61,0,0,0,4,131,856,2283,2261,5535,0.0,0.0,0.0,0.000722673893406,0.023667570009033,0.154652213188799,0.412466124661247,0.408491418247516
2,62,0,0,0,13,96,891,2400,2130,5530,0.0,0.0,0.0,0.002350813743219,0.017359855334539,0.161121157323689,0.433996383363472,0.385171790235081
2,63,0,0,0,6,125,849,2383,2162,5525,0.0,0.0,0.0,0.001085972850679,0.02262443438914,0.153665158371041,0.43131221719457,0.39131221719457
2,64,0,0,0,9,127,814,2403,2167,5520,0.0,0.0,0.0,0.001630434782609,0.023007246376812,0.147463768115942,0.435326086956522,0.392572463768116
2,65,0,0,0,9,119,850,2352,2185,5515,0.0,0.0,0.0,0.001631912964642,0.02157751586582,0.154125113327289,0.426473254759746,0.396192203082502
2,66,0,0,0,6,119,903,2264,2218,5510,0.0,0.0,0.0,0.001088929219601,0.021597096188748,0.163883847549909,0.410889292196007,0.402540834845735
2,67,0,0,0,4,130,804,2335,2232,5505,0.0,0.0,0.0,0.000726612170754,0.0236148955495,0.146049046321526,0.424159854677566,0.405449591280654
2,68,0,0,0,7,119,814,2342,2218,5500,0.0,0.0,0.0,0.001272727272727,0.021636363636364,0.148,0.425818181818182,0.403272727272727
2,69,0,0,1,11,110,834,2425,2114,5495,0.0,0.0,0.000181983621474,0.002001819836215,0.020018198362147,0.151774340309372,0.441310282074613,0.384713375796178
2,70,0,0,0,7,103,817,2329,2234,5490,0.0,0.0,0.0,0.001275045537341,0.018761384335155,0.148816029143898,0.424225865209472,0.406921675774135
2,71,0,0,0,6,130,844,2302,2203,5485,0.0,0.0,0.0,0.001093892433911,0.023701002734731,0.1538742023701,0.419690063810392,0.401640838650866
2,72,0,0,0,7,123,807,2305,2238,5480,0.0,0.0,0.0,0.001277372262774,0.022445255474453,0.147262773722628,0.420620437956204,0.408394160583942
2,73,0,0,0,6,133,830,2324,2182,5475,0.0,0.0,0.0,0.001095890410959,0.024292237442922,0.151598173515982,0.424474885844749,0.398538812785388
2,74,0,0,0,8,131,853,2323,2155,5470,0.0,0.0,0.0,0.00146252285192,0.023948811700183,0.155941499085923,0.424680073126143,0.393967093235832
2,75,0,0,0,4,104,849,2325,2183,5465,0.0,0.0,0.0,0.000731930466606,0.019030192131747,0.155352241537054,0.425434583714547,0.399451052150046
2,76,0,0,0,5,143,831,2293,2188,5460,0.0,0.0,0.0,0.000915750915751,0.026190476190476,0.152197802197802,0.41996336996337,0.400732600732601
2,77,0,0,0,7,131,864,2287,2166,5455,0.0,0.0,0.0,0.0012832263978,0.024014665444546,0.158386801099908,0.419248395967003,0.397066911090742
2,78,0,0,0,7,109,803,2329,2202,5450,0.0,0.0,0.0,0.001284403669725,0.02,0.147339449541284,0.427339449541284,0.404036697247706
2,79,0,0,0,8,111,855,2295,2176,5445,0.0,0.0,0.0,0.001469237832874,0.020385674931129,0.15702479338843,0.421487603305785,0.399632690541781
2,80,0,0,0,11,120,865,2365,2079,5440,0.0,0.0,0.0,0.002022058823529,0.022058823529412,0.159007352941176,0.434742647058824,0.382169117647059
2,81,0,0,0,7,130,808,2316,2174,5435,0.0,0.0,0.0,0.001287948482061,0.02391904323827,0.148666053357866,0.426126954921803,0.4
2,82,0,0,0,8,115,792,2338,2177,5430,0.0,0.0,0.0,0.001473296500921,0.021178637200737,0.14585635359116,0.430570902394107,0.400920810313076
2,83,0,0,1,10,121,851,2304,2138,5425,0.0,0.0,0.000184331797235,0.00184331797235,0.022304147465438,0.156866359447005,0.424700460829493,0.394101382488479
2,84,0,0,0,8,122,842,2305,2143,5420,0.0,0.0,0.0,0.001476014760148,0.022509225092251,0.155350553505535,0.425276752767528,0.395387453874539
2,85,0,0,0,7,149,847,2236,2176,5415,0.0,0.0,0.0,0.00129270544783,0.027516158818098,0.156417359187442,0.412927054478301,0.401846722068329
2,86,0,0,0,6,121,846,2311,2126,5410,0.0,0.0,0.0,0.001109057301294,0.022365988909427,0.15637707948244,0.427171903881701,0.392975970425139
2,87,0,0,0,10,128,831,2209,2227,5405,0.0,0.0,0.0,0.001850138760407,0.02368177613321,0.153746530989824,0.408695652173913,0.412025901942646
2,88,0,0,0,4,121,827,2288,2160,5400,0.0,0.0,0.0,0.000740740740741,0.022407407407407,0.153148148148148,0.423703703703704,0.4
2,89,0,0,0,14,128,817,2274,2162,5395,0.0,0.0,0.0,0.00259499536608,0.023725671918443,0.151436515291937,0.421501390176089,0.400741427247451
2,90,0,0,0,6,112,768,2331,2173,5390,0.0,0.0,0.0,0.001113172541744,0.020779220779221,0.142486085343228,0.432467532467532,0.403153988868275
2,91,0,0,0,7,125,804,2285,2164,5385,0.0,0.0,0.0,0.001299907149489,0.023212627669452,0.149303621169916,0.424326833797586,0.401857010213556
2,92,0,0,0,4,110,782,2258,2226,5380,0.0,0.0,0.0,0.000743494423792,0.020446096654275,0.145353159851301,0.419702602230483,0.413754646840149
2,93,0,0,0,2,111,790,2211,2261,5375,0.0,0.0,0.0,0.000372093023256,0.020651162790698,0.146976744186047,0.411348837209302,0.420651162790698
2,94,0,0,0,6,120,816,2251,2177,5370,0.0,0.0,0.0,0.001117318435754,0.022346368715084,0.15195530726257,0.419180633147114,0.405400372439479
2,95,0,0,0,5,131,811,2248,2170,5365,0.0,0.0,0.0,0.000931966449208,0.024417520969245,0.15116495806151,0.41901211556384,0.404473438956198
2,96,0,0,0,7,97,818,2261,2177,5360,0.0,0.0,0.0,0.001305970149254,0.018097014925373,0.152611940298507,0.421828358208955,0.40615671641791
2,97,0,0,1,7,124,810,2270,2143,5355,0.0,0.0,0.000186741363212,0.001307189542484,0.023155929038282,0.151260504201681,0.42390289449113,0.400186741363212
2,98,0,0,0,9,120,822,2279,2120,5350,0.0,0.0,0.0,0.001682242990654,0.022429906542056,0.153644859813084,0.425981308411215,0.396261682242991
2,99,0,0,0,13,114,814,2268,2136,5345,0.0,0.0,0.0,0.002432179607109,0.02132834424696,0.152291861552853,0.424321796071094,0.399625818521983
2,100,0,0,0,3,126,809,2308,2094,5340,0.0,0.0,0.0,0.000561797752809,0.023595505617978,0.151498127340824,0.432209737827715,0.392134831460674
2,101,0,0,0,6,113,813,2195,2208,5335,0.0,0.0,0.0,0.001124648547329,0.021180880974695,0.152389878163074,0.411433926897844,0.413870665417057
2,102,0,0,0,2,122,836,2171,2199,5330,0.0,0.0,0.0,0.000375234521576,0.022889305816135,0.156848030018762,0.407317073170732,0.412570356472795
2,103,0,0,0,9,125,832,2210,2149,5325,0.0,0.0,0.0,0.00169014084507,0.023474178403756,0.156244131455399,0.415023474178404,0.403568075117371
2,104,0,0,0,8,116,775,2272,2149,5320,0.0,0.0,0.0,0.001503759398496,0.021804511278195,0.145676691729323,0.427067669172932,0.403947368421053
2,105,0,0,0,6,116,851,2186,2156,5315,0.0,0.0,0.0,0.001128880526811,0.021825023518344,0.160112888052681,0.411288805268109,0.405644402634055
2,106,0,0,0,8,122,790,2333,2057,5310,0.0,0.0,0.0,0.0015065913371,0.022975517890772,0.148775894538606,0.439359698681733,0.387382297551789
2,107,0,0,0,0,115,797,2248,2145,5305,0.0,0.0,0.0,0.0,0.021677662582469,0.150235626767201,0.423751178133836,0.404335532516494
2,108,0,0,0,9,112,761,2302,2116,5300,0.0,0.0,0.0,0.001698113207547,0.021132075471698,0.143584905660377,0.434339622641509,0.399245283018868
2,109,0,0,0,6,134,790,2268,2097,5295,0.0,0.0,0.0,0.001133144475921,0.025306893295562,0.149197355996223,0.428328611898017,0.396033994334278
2,110,0,0,0,8,121,769,2305,2087,5290,0.0,0.0,0.0,0.001512287334594,0.022873345935728,0.145368620037807,0.435727788279773,0.394517958412098
2,111,0,0,1,5,123,783,2176,2197,5285,0.0,0.0,0.000189214758751,0.000946073793756,0.023273415326395,0.148155156102176,0.411731315042573,0.415704824976348
2,112,0,0,0,1,128,784,2291,2076,5280,0.0,0.0,0.0,0.000189393939394,0.024242424242424,0.148484848484848,0.433901515151515,0.393181818181818
2,113,0,0,0,9,120,839,2237,2070,5275,0.0,0.0,0.0,0.001706161137441,0.022748815165877,0.159052132701422,0.424075829383886,0.392417061611374
2,114,0,0,1,8,133,767,2253,2108,5270,0.0,0.0,0.000189753320683,0.001518026565465,0.025237191650854,0.145540796963947,0.427514231499051,0.4
2,115,0,0,0,8,127,795,2174,2161,5265,0.0,0.0,0.0,0.001519468186135,0.024121557454891,0.150997150997151,0.412915479582146,0.410446343779677
2,116,0,0,0,6,106,805,2264,2079,5260,0.0,0.0,0.0,0.001140684410646,0.020152091254753,0.153041825095057,0.43041825095057,0.395247148288973
2,117,0,0,0,6,126,796,2282,2045,5255,0.0,0.0,0.0,0.001141769743102,0.023977164605138,0.151474785918173,0.434253092293054,0.389153187440533
2,118,0,0,0,9,94,814,2278,2055,5250,0.0,0.0,0.0,0.001714285714286,0.017904761904762,0.155047619047619,0.433904761904762,0.391428571428571
2,119,0,0,1,4,109,765,2248,2118,5245,0.0,0.0,0.000190657769304,0.000762631077216,0.020781696854147,0.145853193517636,0.428598665395615,0.403813155386082
2,120,0,0,0,9,133,798,2257,2043,5240,0.0,0.0,0.0,0.001717557251908,0.025381679389313,0.152290076335878,0.430725190839695,0.389885496183206
2,121,0,0,0,7,107,775,2272,2074,5235,0.0,0.0,0.0,0.001337153772684,0.02043935052531,0.148042024832856,0.434001910219675,0.396179560649475
2,122,0,0,0,3,126,813,2144,2144,5230,0.0,0.0,0.0,0.00057361376673,0.024091778202677,0.155449330783939,0.409942638623327,0.409942638623327
2,123,0,0,0,6,108,783,2242,2086,5225,0.0,0.0,0.0,0.001148325358852,0.02066985645933,0.149856459330144,0.429090909090909,0.399234449760766
2,124,0,0,1,9,122,828,2196,2064,5220,0.0,0.0,0.000191570881226,0.001724137931034,0.023371647509579,0.158620689655172,0.420689655172414,0.395402298850575
2,125,0,0,0,7,96,784,2245,2083,5215,0.0,0.0,0.0,0.001342281879195,0.018408437200384,0.150335570469799,0.430488974113135,0.399424736337488
2,126,0,0,0,8,114,793,2197,2098,5210,0.0,0.0,0.0,0.001535508637236,0.021880998080614,0.152207293666027,0.42168905950096,0.402687140115163
2,127,0,0,1,5,110,800,2189,2100,5205,0.0,0.0,0.000192122958694,0.000960614793468,0.021133525456292,0.153698366954851,0.420557156580211,0.403458213256484
2,128,0,0,0,8,110,822,2148,2112,5200,0.0,0.0,0.0,0.001538461538462,0.021153846153846,0.158076923076923,0.413076923076923,0.406153846153846
2,129,0,0,0,13,102,768,2135,2177,5195,0.0,0.0,0.0,0.002502406159769,0.019634263715111,0.147834456207892,0.410972088546679,0.419056785370549
2,130,0,0,0,9,109,762,2213,2097,5190,0.0,0.0,0.0,0.001734104046243,0.021001926782274,0.146820809248555,0.426396917148362,0.404046242774566
2,131,0,0,0,7,126,768,2174,2110,5185,0.0,0.0,0.0,0.001350048216008,0.024300867888139,0.148119575699132,0.419286403085824,0.406943105110897
2,132,0,0,1,12,111,752,2238,2066,5180,0.0,0.0,0.00019305019305,0.002316602316602,0.021428571428571,0.145173745173745,0.432046332046332,0.398841698841699
2,133,0,0,0,6,132,807,2166,2064,5175,0.0,0.0,0.0,0.001159420289855,0.025507246376812,0.155942028985507,0.418550724637681,0.398840579710145
2,134,0,0,0,17,128,743,2186,2096,5170,0.0,0.0,0.0,0.003288201160542,0.024758220502901,0.143713733075435,0.422823984526112,0.40541586073501
2,135,0,0,0,7,110,802,2151,2095,5165,0.0,0.0,0.0,0.00135527589545,0.021297192642788,0.155275895450145,0.416456921587609,0.405614714424008
2,136,0,0,0,10,113,756,2205,2076,5160,0.0,0.0,0.0,0.001937984496124,0.021899224806202,0.146511627906977,0.427325581395349,0.402325581395349
2,137,0,0,1,6,123,747,2202,2076,5155,0.0,0.0,0.000193986420951,0.001163918525703,0.023860329776916,0.144907856450049,0.427158098933075,0.402715809893307
2,138,0,0,0,7,99,786,2144,2114,5150,0.0,0.0,0.0,0.001359223300971,0.019223300970874,0.152621359223301,0.41631067961165,0.410485436893204
2,139,0,0,0,4,108,762,2203,2068,5145,0.0,0.0,0.0,0.000777453838678,0.020991253644315,0.148104956268222,0.428182701652089,0.401943634596696
2,140,0,0,0,5,112,740,2226,2057,5140,0.0,0.0,0.0,0.000972762645914,0.021789883268482,0.143968871595331,0.43307392996109,0.400194552529183
2,141,0,0,1,9,118,742,2230,2035,5135,0.0,0.0,0.000194741966894,0.001752677702045,0.022979552093476,0.144498539435248,0.43427458617332,0.396299902629017
2,142,0,0,0,8,134,797,2137,2054,5130,0.0,0.0,0.0,0.001559454191033,0.026120857699805,0.155360623781676,0.416569200779727,0.400389863547758
2,143,0,0,0,9,112,776,2121,2107,5125,0.0,0.0,0.0,0.001756097560976,0.021853658536585,0.151414634146341,0.413853658536585,0.411121951219512
2,144,0,0,0,7,123,837,2162,1991,5120,0.0,0.0,0.0,0.0013671875,0.0240234375,0.1634765625,0.422265625,0.3888671875
2,145,0,0,0,14,106,821,2198,1976,5115,0.0,0.0,0.0,0.002737047898338,0.020723362658847,0.160508308895406,0.429716520039101,0.386314760508309
2,146,0,0,0,3,123,746,2148,2090,5110,0.0,0.0,0.0,0.000587084148728,0.024070450097847,0.145988258317025,0.420352250489237,0.409001956947162
2,147,0,0,0,10,120,738,2213,2024,5105,0.0,0.0,0.0,0.001958863858962,0.023506366307542,0.144564152791381,0.433496571988247,0.396474045053869
2,148,0,0,0,5,124,791,2204,1976,5100,0.0,0.0,0.0,0.000980392156863,0.024313725490196,0.155098039215686,0.432156862745098,0.387450980392157
2,149,0,0,0,6,93,767,2193,2036,5095,0.0,0.0,0.0,0.001177625122669,0.018253189401374,0.15053974484789,0.430421982335623,0.399607458292444
2,150,0,0,0,9,131,762,2150,2038,5090,0.0,0.0,0.0,0.001768172888016,0.02573673870334,0.149705304518664,0.422396856581532,0.400392927308448
2,151,0,0,0,5,129,807,2093,2051,5085,0.0,0.0,0.0,0.000983284169125,0.025368731563422,0.158702064896755,0.411602753195674,0.403343166175025
2,152,0,0,0,6,108,728,2177,2061,5080,0.0,0.0,0.0,0.001181102362205,0.021259842519685,0.143307086614173,0.428543307086614,0.405708661417323
2,153,0,0,0,7,123,786,2151,2008,5075,0.0,0.0,0.0,0.001379310344828,0.02423645320197,0.15487684729064,0.42384236453202,0.395665024630542
2,154,0,0,0,6,123,737,2228,1976,5070,0.0,0.0,0.0,0.001183431952663,0.024260355029586,0.145364891518738,0.439447731755424,0.38974358974359
2,155,0,0,0,7,126,764,2161,2007,5065,0.0,0.0,0.0,0.001382033563672,0.024876604146101,0.150839091806515,0.426653504442251,0.396248766041461
2,156,0,0,1,3,115,726,2169,2046,5060,0.0,0.0,0.000197628458498,0.000592885375494,0.022727272727273,0.143478260869565,0.428656126482213,0.404347826086957
2,157,0,0,0,9,112,753,2151,2030,5055,0.0,0.0,0.0,0.001780415430267,0.02215628090999,0.148961424332344,0.425519287833828,0.401582591493571
2,158,0,0,0,7,100,744,2179,2020,5050,0.0,0.0,0.0,0.001386138613861,0.01980198019802,0.147326732673267,0.431485148514851,0.4
2,159,0,0,0,8,136,752,2124,2025,5045,0.0,0.0,0.0,0.001585728444004,0.026957383548067,0.149058473736373,0.421010901883053,0.401387512388503
2,160,0,0,0,10,112,745,2130,2043,5040,0.0,0.0,0.0,0.001984126984127,0.022222222222222,0.14781746031746,0.422619047619048,0.405357142857143
2,161,0,0,1,8,103,744,2153,2026,5035,0.0,0.0,0.000198609731877,0.001588877855015,0.020456802383317,0.147765640516385,0.427606752730884,0.402383316782522
2,162,0,0,0,7,121,757,2160,1985,5030,0.0,0.0,0.0,0.001391650099404,0.024055666003976,0.150497017892644,0.429423459244533,0.394632206759443
2,163,0,0,0,7,121,760,2093,2044,5025,0.0,0.0,0.0,0.001393034825871,0.02407960199005,0.151243781094527,0.416517412935323,0.406766169154229
2,164,0,0,0,2,118,759,2089,2052,5020,0.0,0.0,0.0,0.000398406374502,0.023505976095618,0.151195219123506,0.416135458167331,0.408764940239044
2,165,0,0,0,5,113,756,2129,2012,5015,0.0,0.0,0.0,0.000997008973081,0.022532402791625,0.150747756729811,0.424526420737787,0.401196410767697
2,166,0,0,0,8,107,730,2176,1989,5010,0.0,0.0,0.0,0.001596806387226,0.021357285429142,0.145708582834331,0.434331337325349,0.397005988023952
2,167,0,0,0,4,124,785,2108,1984,5005,0.0,0.0,0.0,0.000799200799201,0.024775224775225,0.156843156843157,0.421178821178821,0.396403596403596
2,168,0,0,0,3,106,778,2147,1966,5000,0.0,0.0,0.0,0.0006,0.0212,0.1556,0.4294,0.3932
2,169,0,0,0,5,106,740,2145,1999,4995,0.0,0.0,0.0,0.001001001001001,0.021221221221221,0.148148148148148,0.429429429429429,0.4002002002002
2,170,0,0,0,4,114,757,2100,2015,4990,0.0,0.0,0.0,0.000801603206413,0.022845691382766,0.151703406813627,0.420841683366733,0.403807615230461
2,171,0,0,1,6,117,731,2173,1957,4985,0.0,0.0,0.000200601805416,0.001203610832497,0.023470411233701,0.146639919759278,0.435907723169509,0.392577733199599
2,172,0,0,0,9,128,763,2089,1991,4980,0.0,0.0,0.0,0.001807228915663,0.02570281124498,0.153212851405622,0.419477911646586,0.399799196787149
2,173,0,0,0,5,122,727,2094,2027,4975,0.0,0.0,0.0,0.001005025125628,0.024522613065327,0.146130653266332,0.420904522613065,0.407437185929648
2,174,0,0,0,3,108,767,2065,2027,4970,0.0,0.0,0.0,0.000603621730382,0.021730382293763,0.154325955734406,0.415492957746479,0.40784708249497
2,175,0,0,0,14,115,784,2087,1965,4965,0.0,0.0,0.0,0.00281973816717,0.023162134944612,0.157905337361531,0.420342396777442,0.395770392749245
2,176,0,0,0,4,107,742,2104,2003,4960,0.0,0.0,0.0,0.000806451612903,0.021572580645161,0.149596774193548,0.424193548387097,0.40383064516129
2,177,0,0,0,7,112,785,2123,1928,4955,0.0,0.0,0.0,0.001412714429869,0.022603430877901,0.158425832492432,0.4284561049445,0.389101917255298
2,178,0,0,0,7,103,750,2073,2017,4950,0.0,0.0,0.0,0.001414141414141,0.020808080808081,0.151515151515152,0.418787878787879,0.407474747474747
2,179,0,0,0,7,94,775,2128,1941,4945,0.0,0.0,0.0,0.001415571284125,0.019009100101112,0.156723963599596,0.430333670374115,0.392517694641052
2,180,0,0,0,7,113,721,2140,1959,4940,0.0,0.0,0.0,0.001417004048583,0.022874493927126,0.145951417004049,0.433198380566802,0.396558704453441
2,181,0,0,0,5,104,724,2128,1974,4935,0.0,0.0,0.0,0.001013171225937,0.021073961499493,0.146707193515704,0.431205673758865,0.4
2,182,0,0,0,6,97,729,2066,2032,4930,0.0,0.0,0.0,0.001217038539554,0.019675456389452,0.147870182555781,0.419066937119675,0.412170385395538
2,183,0,0,0,9,99,743,2134,1940,4925,0.0,0.0,0.0,0.001827411167513,0.02010152284264,0.150862944162437,0.433299492385787,0.393908629441624
2,184,0,0,0,4,117,729,2052,2018,4920,0.0,0.0,0.0,0.000813008130081,0.023780487804878,0.148170731707317,0.417073170731707,0.410162601626016
2,185,0,0,0,6,109,706,2028,2066,4915,0.0,0.0,0.0,0.001220752797558,0.022177009155646,0.143641912512716,0.412614445574771,0.420345879959308
2,186,0,0,0,7,104,735,2093,1971,4910,0.0,0.0,0.0,0.00142566191446,0.021181262729124,0.14969450101833,0.426272912423625,0.40142566191446
2,187,0,0,1,7,120,737,2059,1981,4905,0.0,0.0,0.000203873598369,0.001427115188583,0.024464831804281,0.150254841997961,0.419775739041794,0.403873598369011
2,188,0,0,0,3,115,766,2017,1999,4900,0.0,0.0,0.0,0.000612244897959,0.023469387755102,0.156326530612245,0.411632653061224,0.407959183673469
2,189,0,0,1,8,121,716,2064,1985,4895,0.0,0.0,0.000204290091931,0.001634320735444,0.024719101123596,0.146271705822268,0.421654749744637,0.405515832482125
2,190,0,0,0,8,123,731,2048,1980,4890,0.0,0.0,0.0,0.001635991820041,0.025153374233129,0.149488752556237,0.41881390593047,0.404907975460123
2,191,0,0,0,10,108,761,2077,1929,4885,0.0,0.0,0.0,0.002047082906858,0.022108495394063,0.155783009211873,0.42517911975435,0.394882292732856
2,192,0,0,0,9,110,763,2100,1898,4880,0.0,0.0,0.0,0.001844262295082,0.022540983606557,0.156352459016393,0.430327868852459,0.388934426229508
2,193,0,0,0,9,129,757,1999,1981,4875,0.0,0.0,0.0,0.001846153846154,0.026461538461538,0.155282051282051,0.410051282051282,0.406358974358974
2,194,0,0,1,9,106,773,2010,1971,4870,0.0,0.0,0.000205338809035,0.001848049281314,0.0217659137577,0.158726899383984,0.412731006160164,0.404722792607803
2,195,0,0,0,5,111,738,2114,1897,4865,0.0,0.0,0.0,0.001027749229188,0.022816032887975,0.15169578622816,0.434532374100719,0.389928057553957
2,196,0,0,0,5,123,808,2054,1870,4860,0.0,0.0,0.0,0.001028806584362,0.025308641975309,0.166255144032922,0.422633744855967,0.38477366255144
2,197,0,0,0,1,117,735,2086,1916,4855,0.0,0.0,0.0,0.000205973223481,0.024098867147271,0.151390319258496,0.429660144181256,0.394644696189495
2,198,0,0,0,7,102,688,2106,1947,4850,0.0,0.0,0.0,0.001443298969072,0.021030927835052,0.141855670103093,0.434226804123711,0.401443298969072
2,199,0,0,0,8,116,783,2040,1898,4845,0.0,0.0,0.0,0.001651186790506,0.023942208462332,0.161609907120743,0.421052631578947,0.391744066047472
2,200,0,0,0,4,107,724,2126,1879,4840,0.0,0.0,0.0,0.000826446280992,0.022107438016529,0.149586776859504,0.439256198347107,0.388223140495868
2,201,0,0,0,9,101,722,2104,1899,4835,0.0,0.0,0.0,0.001861427094105,0.020889348500517,0.149327817993795,0.435160289555326,0.392761116856256
2,202,0,0,0,5,118,737,2068,1902,4830,0.0,0.0,0.0,0.001035196687371,0.024430641821946,0.152587991718426,0.42815734989648,0.393788819875776
2,203,0,0,0,7,106,698,2024,1990,4825,0.0,0.0,0.0,0.001450777202073,0.021968911917098,0.144663212435233,0.419481865284974,0.412435233160622
2,204,0,0,0,5,111,711,2039,1954,4820,0.0,0.0,0.0,0.00103734439834,0.023029045643154,0.147510373443983,0.423029045643154,0.405394190871369
2,205,0,0,0,9,119,742,2057,1888,4815,0.0,0.0,0.0,0.001869158878505,0.024714434060228,0.154101765316719,0.427206645898235,0.392107995846314
2,206,0,0,0,5,110,715,1991,1989,4810,0.0,0.0,0.0,0.001039501039501,0.022869022869023,0.148648648648649,0.413929313929314,0.413513513513514
2,207,0,0,1,5,114,780,2004,1901,4805,0.0,0.0,0.000208116545265,0.001040582726327,0.02372528616025,0.162330905306972,0.417065556711759,0.395629552549428
2,208,0,0,1,10,112,711,1990,1976,4800,0.0,0.0,0.000208333333333,0.002083333333333,0.023333333333333,0.148125,0.414583333333333,0.411666666666667
2,209,0,0,0,7,97,706,2045,1940,4795,0.0,0.0,0.0,0.001459854014599,0.020229405630865,0.147236704900938,0.426485922836288,0.40458811261731
2,210,0,0,0,6,101,737,2044,1902,4790,0.0,0.0,0.0,0.00125260960334,0.021085594989562,0.153862212943633,0.426722338204593,0.397077244258873
2,211,0,0,0,6,115,727,2027,1910,4785,0.0,0.0,0.0,0.001253918495298,0.024033437826541,0.151933124346917,0.423615464994775,0.399164054336468
2,212,0,0,0,11,111,711,2044,1903,4780,0.0,0.0,0.0,0.002301255230126,0.023221757322176,0.148744769874477,0.427615062761506,0.398117154811716
2,213,0,0,0,3,108,713,2023,1928,4775,0.0,0.0,0.0,0.000628272251309,0.02261780104712,0.149319371727749,0.423664921465969,0.403769633507853
2,214,0,0,0,5,95,687,2058,1925,4770,0.0,0.0,0.0,0.00104821802935,0.019916142557652,0.144025157232704,0.431446540880503,0.40356394129979
2,215,0,0,0,6,118,738,1974,1929,4765,0.0,0.0,0.0,0.001259181532004,0.024763903462749,0.154879328436516,0.414270724029381,0.404826862539349
2,216,0,0,0,6,101,723,2062,1868,4760,0.0,0.0,0.0,0.001260504201681,0.021218487394958,0.151890756302521,0.433193277310924,0.392436974789916
2,217,0,0,0,6,100,736,2015,1898,4755,0.0,0.0,0.0,0.001261829652997,0.021030494216614,0.15478443743428,0.423764458464774,0.399158780231335
2,218,0,0,0,7,101,726,2048,1868,4750,0.0,0.0,0.0,0.001473684210526,0.021263157894737,0.152842105263158,0.431157894736842,0.393263157894737
2,219,0,0,0,5,106,681,2021,1932,4745,0.0,0.0,0.0,0.001053740779768,0.022339304531085,0.143519494204426,0.425922023182297,0.407165437302424
2,220,0,0,0,6,109,716,1998,1911,4740,0.0,0.0,0.0,0.00126582278481,0.022995780590717,0.151054852320675,0.421518987341772,0.403164556962025
2,221,0,0,0,8,97,711,1994,1925,4735,0.0,0.0,0.0,0.00168954593453,0.020485744456177,0.150158394931362,0.421119324181626,0.406546990496304
2,222,0,0,0,9,104,721,2013,1883,4730,0.0,0.0,0.0,0.001902748414376,0.021987315010571,0.152431289640592,0.425581395348837,0.398097251585624
2,223,0,0,0,10,111,735,2059,1810,4725,0.0,0.0,0.0,0.002116402116402,0.023492063492063,0.155555555555556,0.435767195767196,0.383068783068783
2,224,0,0,0,7,103,736,2052,1822,4720,0.0,0.0,0.0,0.001483050847458,0.021822033898305,0.155932203389831,0.434745762711864,0.386016949152542
2,225,0,0,0,8,83,726,2034,1864,4715,0.0,0.0,0.0,0.0016967126193,0.017603393425239,0.153976670201485,0.431389183457052,0.395334040296925
2,226,0,0,0,6,115,662,1980,1947,4710,0.0,0.0,0.0,0.001273885350318,0.024416135881104,0.140552016985138,0.420382165605096,0.413375796178344
2,227,0,0,0,8,82,736,1958,1921,4705,0.0,0.0,0.0,0.001700318809777,0.017428267800213,0.156429330499469,0.41615302869288,0.408289054197662
2,228,0,0,0,12,99,742,1973,1874,4700,0.0,0.0,0.0,0.002553191489362,0.021063829787234,0.157872340425532,0.419787234042553,0.398723404255319
2,229,0,0,0,3,99,691,2000,1902,4695,0.0,0.0,0.0,0.000638977635783,0.021086261980831,0.147177848775293,0.425985090521832,0.405111821086262
2,230,0,0,0,7,104,736,1975,1868,4690,0.0,0.0,0.0,0.001492537313433,0.022174840085288,0.156929637526652,0.421108742004264,0.398294243070362
2,231,0,0,0,8,95,683,1979,1920,4685,0.0,0.0,0.0,0.0017075773746,0.020277481323372,0.145784418356457,0.422411953041622,0.409818569903949
2,232,0,0,0,11,111,739,1983,1836,4680,0.0,0.0,0.0,0.002350427350427,0.023717948717949,0.157905982905983,0.423717948717949,0.392307692307692
2,233,0,0,0,8,104,731,1931,1901,4675,0.0,0.0,0.0,0.001711229946524,0.022245989304813,0.156363636363636,0.413048128342246,0.406631016042781
2,234,0,0,0,6,90,709,1973,1892,4670,0.0,0.0,0.0,0.001284796573876,0.019271948608137,0.151820128479657,0.422483940042827,0.405139186295503
2,235,0,0,0,7,95,670,1991,1902,4665,0.0,0.0,0.0,0.001500535905681,0.020364415862808,0.143622722400857,0.426795284030011,0.407717041800643
2,236,0,0,0,2,106,690,2013,1849,4660,0.0,0.0,0.0,0.000429184549356,0.02274678111588,0.148068669527897,0.431974248927039,0.396781115879828
2,237,0,0,0,3,123,666,2002,1861,4655,0.0,0.0,0.0,0.000644468313641,0.026423200859291,0.143071965628357,0.430075187969925,0.399785177228786
2,238,0,0,0,7,113,739,1889,1902,4650,0.0,0.0,0.0,0.001505376344086,0.024301075268817,0.158924731182796,0.406236559139785,0.409032258064516
2,239,0,0,0,4,95,676,2022,1848,4645,0.0,0.0,0.0,0.000861141011841,0.020452099031216,0.145532831001076,0.435306781485468,0.397847147470398
2,240,0,0,0,5,96,720,1951,1868,4640,0.0,0.0,0.0,0.001077586206897,0.020689655172414,0.155172413793103,0.420474137931034,0.402586206896552
2,241,0,0,1,7,93,765,1939,1830,4635,0.0,0.0,0.000215749730313,0.00151024811219,0.020064724919094,0.16504854368932,0.418338727076591,0.394822006472492
2,242,0,0,0,6,92,685,1931,1916,4630,0.0,0.0,0.0,0.001295896328294,0.019870410367171,0.147948164146868,0.417062634989201,0.413822894168467
2,243,0,0,0,4,112,676,2015,1818,4625,0.0,0.0,0.0,0.000864864864865,0.024216216216216,0.146162162162162,0.435675675675676,0.393081081081081
2,244,0,0,2,5,99,702,1961,1851,4620,0.0,0.0,0.0004329004329,0.001082251082251,0.021428571428571,0.151948051948052,0.424458874458874,0.400649350649351
2,245,0,0,1,4,105,670,1992,1843,4615,0.0,0.0,0.000216684723727,0.000866738894908,0.022751895991333,0.145178764897075,0.431635969664139,0.399349945828819
2,246,0,0,0,5,92,677,1951,1885,4610,0.0,0.0,0.0,0.001084598698482,0.019956616052061,0.146854663774403,0.423210412147505,0.408893709327549
2,247,0,0,0,4,95,705,1946,1855,4605,0.0,0.0,0.0,0.000868621064061,0.020629750271444,0.153094462540717,0.422584147665581,0.402823018458198
2,248,0,0,2,6,113,696,1957,1826,4600,0.0,0.0,0.000434782608696,0.001304347826087,0.024565217391304,0.151304347826087,0.425434782608696,0.39695652173913
2,249,0,0,0,3,97,695,1945,1855,4595,0.0,0.0,0.0,0.000652883569097,0.021109902067465,0.151251360174102,0.423286180631121,0.403699673558215
2,250,0,0,0,3,110,666,1970,1841,4590,0.0,0.0,0.0,0.000653594771242,0.0239651416122,0.145098039215686,0.429193899782135,0.401089324618736
2,251,0,0,0,8,98,704,1958,1817,4585,0.0,0.0,0.0,0.001744820065431,0.021374045801527,0.153544165757906,0.427044711014177,0.39629225736096
2,252,0,0,2,3,94,692,1955,1834,4580,0.0,0.0,0.000436681222707,0.000655021834061,0.020524017467249,0.151091703056769,0.426855895196507,0.400436681222707
2,253,0,0,0,5,102,696,1966,1806,4575,0.0,0.0,0.0,0.001092896174863,0.022295081967213,0.152131147540984,0.429726775956284,0.394754098360656
2,254,0,0,0,4,94,712,1941,1819,4570,0.0,0.0,0.0,0.000875273522976,0.020568927789934,0.155798687089716,0.42472647702407,0.398030634573304
2,255,0,0,0,8,106,685,1908,1858,4565,0.0,0.0,0.0,0.001752464403067,0.023220153340635,0.150054764512596,0.417962760131435,0.407009857612267
2,256,0,0,0,10,115,703,1929,1803,4560,0.0,0.0,0.0,0.00219298245614,0.025219298245614,0.154166666666667,0.423026315789474,0.395394736842105
2,257,0,0,0,2,100,697,1973,1783,4555,0.0,0.0,0.0,0.000439077936334,0.021953896816685,0.153018660812294,0.433150384193194,0.391437980241493
2,258,0,0,0,3,111,692,1914,1830,4550,0.0,0.0,0.0,0.000659340659341,0.024395604395604,0.152087912087912,0.420659340659341,0.402197802197802
2,259,0,0,0,2,99,665,1932,1847,4545,0.0,0.0,0.0,0.0004400440044,0.021782178217822,0.146314631463146,0.425082508250825,0.406380638063806
2,260,0,0,1,3,114,678,1956,1788,4540,0.0,0.0,0.000220264317181,0.000660792951542,0.02511013215859,0.149339207048458,0.430837004405286,0.393832599118943
2,261,0,0,0,7,111,696,1956,1765,4535,0.0,0.0,0.0,0.00154355016538,0.024476295479603,0.153472987872106,0.431312017640573,0.389195148842337
2,262,0,0,0,7,109,723,1908,1783,4530,0.0,0.0,0.0,0.001545253863135,0.024061810154525,0.159602649006623,0.421192052980132,0.393598233995585
2,263,0,0,0,8,109,634,1969,1805,4525,0.0,0.0,0.0,0.001767955801105,0.024088397790055,0.140110497237569,0.435138121546961,0.398895027624309
2,264,0,0,0,3,100,646,1921,1850,4520,0.0,0.0,0.0,0.000663716814159,0.02212389380531,0.142920353982301,0.425,0.40929203539823
2,265,0,0,0,7,96,694,1925,1793,4515,0.0,0.0,0.0,0.001550387596899,0.021262458471761,0.153709856035437,0.426356589147287,0.397120708748616
2,266,0,0,0,7,90,692,1890,1831,4510,0.0,0.0,0.0,0.001552106430155,0.019955654101996,0.153436807095344,0.419068736141907,0.405986696230599
2,267,0,0,1,2,87,688,1912,1815,4505,0.0,0.0,0.000221975582686,0.000443951165372,0.019311875693674,0.152719200887902,0.42441731409545,0.402885682574917
2,268,0,0,0,7,108,674,1888,1823,4500,0.0,0.0,0.0,0.001555555555556,0.024,0.149777777777778,0.419555555555556,0.405111111111111
2,269,0,0,0,7,90,693,1909,1796,4495,0.0,0.0,0.0,0.001557285873192,0.020022246941046,0.154171301446051,0.424694104560623,0.399555061179088
2,270,0,0,2,7,106,722,1857,1796,4490,0.0,0.0,0.000445434298441,0.001559020044543,0.023608017817372,0.160801781737194,0.41358574610245,0.4
2,271,0,0,0,6,112,631,1889,1847,4485,0.0,0.0,0.0,0.00133779264214,0.024972129319955,0.140691192865106,0.421181716833891,0.411817168338907
2,272,0,0,0,7,104,673,1941,1755,4480,0.0,0.0,0.0,0.0015625,0.023214285714286,0.150223214285714,0.433258928571429,0.391741071428571
2,273,0,0,0,6,116,669,1845,1839,4475,0.0,0.0,0.0,0.001340782122905,0.025921787709497,0.149497206703911,0.412290502793296,0.410949720670391
2,274,0,0,0,6,76,689,1927,1772,4470,0.0,0.0,0.0,0.001342281879195,0.017002237136465,0.15413870246085,0.431096196868009,0.396420581655481
2,275,0,0,0,3,94,670,1824,1874,4465,0.0,0.0,0.0,0.0006718924972,0.021052631578947,0.150055991041433,0.408510638297872,0.419708846584546
2,276,0,0,0,4,81,672,1896,1807,4460,0.0,0.0,0.0,0.000896860986547,0.018161434977578,0.15067264573991,0.425112107623318,0.405156950672646
2,277,0,0,0,9,87,656,1875,1828,4455,0.0,0.0,0.0,0.002020202020202,0.01952861952862,0.147250280583614,0.420875420875421,0.410325476992144
2,278,0,0,0,9,111,633,1849,1848,4450,0.0,0.0,0.0,0.002022471910112,0.024943820224719,0.142247191011236,0.415505617977528,0.415280898876405
2,279,0,0,0,7,120,651,1832,1835,4445,0.0,0.0,0.0,0.001574803149606,0.026996625421822,0.146456692913386,0.41214848143982,0.412823397075366
2,280,0,0,0,8,93,694,1874,1771,4440,0.0,0.0,0.0,0.001801801801802,0.020945945945946,0.156306306306306,0.422072072072072,0.398873873873874
2,281,0,0,0,4,86,683,1829,1833,4435,0.0,0.0,0.0,0.000901916572717,0.019391206313416,0.154002254791432,0.412401352874859,0.413303269447576
2,282,0,0,0,7,109,648,1897,1769,4430,0.0,0.0,0.0,0.001580135440181,0.024604966139955,0.14627539503386,0.428216704288939,0.399322799097065
2,283,0,0,0,5,101,682,1899,1738,4425,0.0,0.0,0.0,0.001129943502825,0.022824858757062,0.154124293785311,0.429152542372881,0.392768361581921
2,284,0,0,0,8,110,671,1835,1796,4420,0.0,0.0,0.0,0.001809954751131,0.024886877828054,0.151809954751131,0.415158371040724,0.406334841628959
2,285,0,0,0,7,102,662,1872,1772,4415,0.0,0.0,0.0,0.00158550396376,0.023103057757644,0.149943374858437,0.42400906002265,0.401359003397509
2,286,0,0,0,10,108,648,1831,1813,4410,0.0,0.0,0.0,0.002267573696145,0.024489795918367,0.146938775510204,0.415192743764172,0.411111111111111
2,287,0,0,0,5,101,633,1847,1819,4405,0.0,0.0,0.0,0.001135073779796,0.022928490351873,0.143700340522134,0.419296254256527,0.412939841089671
2,288,0,0,0,6,104,695,1851,1744,4400,0.0,0.0,0.0,0.001363636363636,0.023636363636364,0.157954545454545,0.420681818181818,0.396363636363636
2,289,0,0,1,2,115,683,1841,1753,4395,0.0,0.0,0.000227531285552,0.000455062571104,0.026166097838453,0.155403868031854,0.418885096700796,0.398862343572241
2,290,0,0,0,4,106,687,1817,1776,4390,0.0,0.0,0.0,0.000911161731207,0.024145785876993,0.156492027334852,0.413895216400911,0.404555808656036
2,291,0,0,0,5,105,728,1897,1650,4385,0.0,0.0,0.0,0.001140250855188,0.023945267958951,0.166020524515393,0.432611174458381,0.376282782212087
2,292,0,0,0,6,84,658,1868,1764,4380,0.0,0.0,0.0,0.001369863013699,0.019178082191781,0.150228310502283,0.42648401826484,0.402739726027397
2,293,0,0,0,8,100,643,1852,1772,4375,0.0,0.0,0.0,0.001828571428571,0.022857142857143,0.146971428571429,0.423314285714286,0.405028571428571
2,294,0,0,0,7,89,670,1853,1751,4370,0.0,0.0,0.0,0.001601830663616,0.020366132723112,0.153318077803204,0.424027459954233,0.400686498855835
2,295,0,0,0,3,91,663,1826,1782,4365,0.0,0.0,0.0,0.000687285223368,0.020847651775487,0.151890034364261,0.418327605956472,0.408247422680412
2,296,0,0,0,7,113,633,1888,1719,4360,0.0,0.0,0.0,0.001605504587156,0.025917431192661,0.145183486238532,0.43302752293578,0.394266055045872
2,297,0,0,0,12,95,689,1844,1715,4355,0.0,0.0,0.0,0.002755453501722,0.021814006888634,0.158208955223881,0.423421354764638,0.393800229621125
2,298,0,0,0,8,96,652,1897,1697,4350,0.0,0.0,0.0,0.00183908045977,0.022068965517241,0.149885057471264,0.436091954022989,0.390114942528736
2,299,0,0,0,8,104,676,1820,1737,4345,0.0,0.0,0.0,0.001841196777906,0.023935558112773,0.155581127733026,0.418872266973533,0.399769850402762
2,300,0,0,0,4,109,669,1855,1703,4340,0.0,0.0,0.0,0.000921658986175,0.025115207373272,0.154147465437788,0.42741935483871,0.392396313364055
2,301,0,0,0,4,90,652,1894,1695,4335,0.0,0.0,0.0,0.000922722029988,0.02076124567474,0.15040369088812,0.436908881199539,0.391003460207612
2,302,0,0,0,8,104,651,1838,1729,4330,0.0,0.0,0.0,0.001847575057737,0.024018475750577,0.150346420323326,0.424480369515012,0.399307159353349
2,303,0,0,0,6,91,657,1833,1738,4325,0.0,0.0,0.0,0.001387283236994,0.021040462427746,0.151907514450867,0.423815028901734,0.401849710982659
2,304,0,0,0,3,118,625,1789,1785,4320,0.0,0.0,0.0,0.000694444444444,0.027314814814815,0.144675925925926,0.41412037037037,0.413194444444444
2,305,0,0,0,8,100,689,1844,1674,4315,0.0,0.0,0.0,0.001853997682503,0.023174971031286,0.159675550405562,0.427346465816918,0.387949015063731
2,306,0,0,0,8,87,697,1799,1719,4310,0.0,0.0,0.0,0.001856148491879,0.020185614849188,0.161716937354988,0.417401392111369,0.398839907192575
2,307,0,0,0,7,90,655,1790,1763,4305,0.0,0.0,0.0,0.001626016260163,0.020905923344948,0.152148664343786,0.415795586527294,0.40952380952381
2,308,0,0,0,4,96,636,1878,1686,4300,0.0,0.0,0.0,0.00093023255814,0.022325581395349,0.147906976744186,0.436744186046512,0.392093023255814
2,309,0,0,0,3,92,721,1799,1680,4295,0.0,0.0,0.0,0.00069848661234,0.021420256111758,0.167869615832363,0.418859138533178,0.391152502910361
2,310,0,0,1,9,96,638,1807,1739,4290,0.0,0.0,0.0002331002331,0.002097902097902,0.022377622377622,0.148717948717949,0.421212121212121,0.405361305361305
2,311,0,0,0,3,80,664,1776,1762,4285,0.0,0.0,0.0,0.000700116686114,0.018669778296383,0.154959159859977,0.414469078179697,0.41120186697783
2,312,0,0,0,10,100,658,1818,1694,4280,0.0,0.0,0.0,0.002336448598131,0.023364485981308,0.153738317757009,0.424766355140187,0.395794392523365
2,313,0,0,0,5,87,685,1841,1657,4275,0.0,0.0,0.0,0.001169590643275,0.020350877192982,0.160233918128655,0.430643274853801,0.387602339181287
2,314,0,0,0,6,100,688,1779,1697,4270,0.0,0.0,0.0,0.001405152224824,0.023419203747073,0.161124121779859,0.416627634660422,0.397423887587822
2,315,0,0,0,8,92,667,1828,1670,4265,0.0,0.0,0.0,0.001875732708089,0.021570926143025,0.156389214536929,0.428604923798359,0.391559202813599
2,316,0,0,0,6,100,642,1785,1727,4260,0.0,0.0,0.0,0.001408450704225,0.023474178403756,0.150704225352113,0.419014084507042,0.405399061032864
2,317,0,0,0,4,115,616,1799,1721,4255,0.0,0.0,0.0,0.000940070505288,0.027027027027027,0.144770857814336,0.422796709753231,0.404465334900117
2,318,0,0,0,5,92,689,1745,1719,4250,0.0,0.0,0.0,0.001176470588235,0.021647058823529,0.162117647058824,0.410588235294118,0.404470588235294
2,319,0,0,0,0,89,632,1820,1704,4245,0.0,0.0,0.0,0.0,0.020965842167256,0.148881036513545,0.428739693757362,0.401413427561837
2,320,0,0,0,6,84,639,1804,1707,4240,0.0,0.0,0.0,0.001415094339623,0.019811320754717,0.150707547169811,0.425471698113208,0.402594339622642
2,321,0,0,0,3,95,631,1807,1699,4235,0.0,0.0,0.0,0.000708382526564,0.022432113341204,0.148996458087367,0.42668240850059,0.401180637544274
2,322,0,0,0,2,88,641,1837,1662,4230,0.0,0.0,0.0,0.000472813238771,0.02080378250591,0.151536643026005,0.434278959810875,0.39290780141844
2,323,0,0,0,6,105,645,1764,1705,4225,0.0,0.0,0.0,0.001420118343195,0.024852071005917,0.152662721893491,0.417514792899408,0.403550295857988
2,324,0,0,1,3,89,659,1801,1667,4220,0.0,0.0,0.000236966824645,0.000710900473934,0.021090047393365,0.156161137440758,0.426777251184834,0.395023696682464
2,325,0,0,1,7,116,668,1765,1658,4215,0.0,0.0,0.000237247924081,0.001660735468565,0.027520759193357,0.158481613285884,0.418742586002372,0.393357058125741
2,326,0,0,0,6,94,634,1774,1702,4210,0.0,0.0,0.0,0.001425178147268,0.022327790973872,0.150593824228028,0.421377672209026,0.404275534441805
2,327,0,0,0,3,81,640,1827,1654,4205,0.0,0.0,0.0,0.000713436385256,0.019262782401902,0.152199762187872,0.43448275862069,0.393341260404281
2,328,0,0,0,10,98,641,1778,1673,4200,0.0,0.0,0.0,0.002380952380952,0.023333333333333,0.152619047619048,0.423333333333333,0.398333333333333
2,329,0,0,0,8,82,605,1832,1668,4195,0.0,0.0,0.0,0.001907032181168,0.019547079856973,0.144219308700834,0.436710369487485,0.39761620977354
2,330,0,0,0,8,102,623,1775,1682,4190,0.0,0.0,0.0,0.001909307875895,0.024343675417661,0.148687350835322,0.423627684964201,0.401431980906921
2,331,0,0,0,3,93,657,1758,1674,4185,0.0,0.0,0.0,0.000716845878136,0.022222222222222,0.156989247311828,0.420071684587814,0.4
2,332,0,0,0,7,98,664,1733,1678,4180,0.0,0.0,0.0,0.001674641148325,0.023444976076555,0.158851674641148,0.414593301435407,0.401435406698565
2,333,0,0,0,6,83,645,1747,1694,4175,0.0,0.0,0.0,0.001437125748503,0.019880239520958,0.154491017964072,0.418443113772455,0.405748502994012
2,334,0,0,1,6,100,643,1758,1662,4170,0.0,0.0,0.000239808153477,0.001438848920863,0.023980815347722,0.154196642685851,0.42158273381295,0.398561151079137
2,335,0,0,0,8,82,638,1779,1658,4165,0.0,0.0,0.0,0.001920768307323,0.01968787515006,0.153181272509004,0.427130852340936,0.398079231692677
2,336,0,0,0,6,87,642,1838,1587,4160,0.0,0.0,0.0,0.001442307692308,0.020913461538462,0.154326923076923,0.441826923076923,0.381490384615385
2,337,0,0,1,9,81,589,1783,1692,4155,0.0,0.0,0.000240673886883,0.002166064981949,0.019494584837545,0.141756919374248,0.429121540312876,0.407220216606498
2,338,0,0,0,5,89,647,1711,1698,4150,0.0,0.0,0.0,0.001204819277108,0.02144578313253,0.155903614457831,0.412289156626506,0.409156626506024
2,339,0,0,1,5,97,630,1718,1694,4145,0.0,0.0,0.000241254523522,0.001206272617612,0.023401688781665,0.151990349819059,0.414475271411339,0.408685162846803
2,340,0,0,0,4,83,680,1756,1617,4140,0.0,0.0,0.0,0.000966183574879,0.020048309178744,0.164251207729469,0.424154589371981,0.390579710144928
2,341,0,0,0,6,84,618,1788,1639,4135,0.0,0.0,0.0,0.001451027811366,0.020314389359129,0.149455864570738,0.432406287787183,0.396372430471584
2,342,0,0,0,4,97,634,1757,1638,4130,0.0,0.0,0.0,0.000968523002421,0.023486682808717,0.153510895883777,0.425423728813559,0.396610169491525
2,343,0,0,0,1,110,608,1803,1603,4125,0.0,0.0,0.0,0.000242424242424,0.026666666666667,0.147393939393939,0.437090909090909,0.388606060606061
2,344,0,0,1,6,76,586,1834,1617,4120,0.0,0.0,0.000242718446602,0.001456310679612,0.018446601941748,0.142233009708738,0.445145631067961,0.39247572815534
2,345,0,0,0,5,77,641,1775,1617,4115,0.0,0.0,0.0,0.001215066828676,0.018712029161604,0.155771567436209,0.43134872417983,0.392952612393682
2,346,0,0,0,5,96,659,1766,1584,4110,0.0,0.0,0.0,0.001216545012165,0.023357664233577,0.160340632603406,0.429683698296837,0.385401459854015
2,347,0,0,1,4,92,601,1729,1678,4105,0.0,0.0,0.000243605359318,0.000974421437272,0.022411693057247,0.146406820950061,0.421193666260658,0.408769792935445
2,348,0,0,0,4,69,587,1783,1657,4100,0.0,0.0,0.0,0.000975609756098,0.016829268292683,0.143170731707317,0.434878048780488,0.404146341463415
2,349,0,0,1,8,104,612,1766,1604,4095,0.0,0.0,0.0002442002442,0.001953601953602,0.025396825396825,0.149450549450549,0.431257631257631,0.391697191697192
2,350,0,0,0,8,76,619,1738,1649,4090,0.0,0.0,0.0,0.001955990220049,0.018581907090465,0.151344743276284,0.424938875305623,0.403178484107579
2,351,0,0,0,7,82,611,1724,1661,4085,0.0,0.0,0.0,0.00171358629131,0.020073439412485,0.149571603427173,0.42203182374541,0.406609547123623
2,352,0,0,0,5,88,612,1764,1611,4080,0.0,0.0,0.0,0.001225490196078,0.02156862745098,0.15,0.432352941176471,0.394852941176471
2,353,0,0,0,4,73,636,1734,1628,4075,0.0,0.0,0.0,0.000981595092025,0.017914110429448,0.156073619631902,0.425521472392638,0.399509202453988
2,354,0,0,0,7,101,596,1776,1590,4070,0.0,0.0,0.0,0.001719901719902,0.024815724815725,0.146437346437346,0.436363636363636,0.390663390663391
2,355,0,0,0,6,92,679,1732,1556,4065,0.0,0.0,0.0,0.001476014760148,0.022632226322263,0.167035670356704,0.426076260762608,0.382779827798278
2,356,0,0,0,10,94,591,1702,1663,4060,0.0,0.0,0.0,0.002463054187192,0.023152709359606,0.145566502463054,0.419211822660099,0.409605911330049
2,357,0,0,0,4,96,621,1773,1561,4055,0.0,0.0,0.0,0.00098643649815,0.02367447595561,0.153144266337854,0.437237977805179,0.384956843403206
2,358,0,0,0,8,82,618,1676,1666,4050,0.0,0.0,0.0,0.001975308641975,0.020246913580247,0.152592592592593,0.413827160493827,0.411358024691358
2,359,0,0,1,6,84,575,1743,1636,4045,0.0,0.0,0.000247218788628,0.001483312731768,0.020766378244747,0.142150803461063,0.430902348578492,0.404449938195303
2,360,0,0,0,5,107,651,1664,1613,4040,0.0,0.0,0.0,0.001237623762376,0.026485148514851,0.161138613861386,0.411881188118812,0.399257425742574
2,361,0,0,0,2,83,610,1724,1616,4035,0.0,0.0,0.0,0.000495662949195,0.020570012391574,0.151177199504337,0.4272614622057,0.400495662949195
2,362,0,0,0,2,98,586,1706,1638,4030,0.0,0.0,0.0,0.000496277915633,0.024317617866005,0.145409429280397,0.423325062034739,0.406451612903226
2,363,0,0,0,4,87,609,1700,1625,4025,0.0,0.0,0.0,0.000993788819876,0.021614906832298,0.151304347826087,0.422360248447205,0.403726708074534
2,364,0,0,0,4,85,629,1725,1577,4020,0.0,0.0,0.0,0.000995024875622,0.021144278606965,0.156467661691542,0.42910447761194,0.39228855721393
2,365,0,0,0,2,91,568,1741,1613,4015,0.0,0.0,0.0,0.000498132004981,0.02266500622665,0.141469489414695,0.433623910336239,0.401743462017435
2,366,0,0,0,3,73,631,1707,1596,4010,0.0,0.0,0.0,0.00074812967581,0.018204488778055,0.157356608478803,0.42568578553616,0.398004987531172
2,367,0,0,0,5,79,579,1746,1596,4005,0.0,0.0,0.0,0.001248439450687,0.019725343320849,0.144569288389513,0.435955056179775,0.398501872659176
2,368,0,0,0,3,92,596,1726,1583,4000,0.0,0.0,0.0,0.00075,0.023,0.149,0.4315,0.39575
2,369,0,0,0,3,98,588,1670,1636,3995,0.0,0.0,0.0,0.000750938673342,0.024530663329161,0.147183979974969,0.4180225281602,0.409511889862328
2,370,0,0,0,7,76,632,1669,1606,3990,0.0,0.0,0.0,0.001754385964912,0.019047619047619,0.158395989974937,0.418295739348371,0.40250626566416
2,371,0,0,0,5,89,584,1641,1666,3985,0.0,0.0,0.0,0.001254705144291,0.022333751568381,0.1465495608532,0.411794228356336,0.418067754077792
2,372,0,0,1,2,78,626,1677,1596,3980,0.0,0.0,0.000251256281407,0.000502512562814,0.019597989949749,0.157286432160804,0.421356783919598,0.401005025125628
2,373,0,0,0,7,91,614,1724,1539,3975,0.0,0.0,0.0,0.001761006289308,0.022893081761006,0.154465408805031,0.433710691823899,0.387169811320755
2,374,0,0,0,4,79,609,1704,1574,3970,0.0,0.0,0.0,0.001007556675063,0.019899244332494,0.153400503778338,0.429219143576826,0.39647355163728
2,375,0,0,0,5,90,594,1628,1648,3965,0.0,0.0,0.0,0.001261034047919,0.022698612862547,0.149810844892812,0.410592686002522,0.415636822194199
2,376,0,0,0,8,104,571,1641,1636,3960,0.0,0.0,0.0,0.002020202020202,0.026262626262626,0.144191919191919,0.414393939393939,0.413131313131313
2,377,0,0,0,1,88,612,1645,1609,3955,0.0,0.0,0.0,0.000252844500632,0.022250316055626,0.154740834386852,0.415929203539823,0.406826801517067
2,378,0,0,0,4,95,574,1658,1619,3950,0.0,0.0,0.0,0.001012658227848,0.024050632911392,0.145316455696203,0.419746835443038,0.409873417721519
2,379,0,0,0,6,86,592,1712,1549,3945,0.0,0.0,0.0,0.001520912547529,0.021799746514575,0.150063371356147,0.433967046894804,0.392648922686946
2,380,0,0,0,4,89,620,1618,1609,3940,0.0,0.0,0.0,0.001015228426396,0.02258883248731,0.157360406091371,0.410659898477157,0.408375634517766
2,381,0,0,0,4,87,572,1714,1558,3935,0.0,0.0,0.0,0.001016518424396,0.022109275730623,0.145362134688691,0.435578144853875,0.395933926302414
2,382,0,0,0,5,66,586,1689,1584,3930,0.0,0.0,0.0,0.001272264631043,0.016793893129771,0.14910941475827,0.429770992366412,0.403053435114504
2,383,0,0,0,4,87,591,1632,1611,3925,0.0,0.0,0.0,0.001019108280255,0.022165605095541,0.150573248407643,0.415796178343949,0.410445859872611
2,384,0,0,0,5,79,606,1694,1536,3920,0.0,0.0,0.0,0.001275510204082,0.02015306122449,0.154591836734694,0.432142857142857,0.391836734693878
2,385,0,0,0,2,93,551,1656,1613,3915,0.0,0.0,0.0,0.000510855683269,0.023754789272031,0.140740740740741,0.422988505747126,0.412005108556833
2,386,0,0,0,9,97,576,1710,1518,3910,0.0,0.0,0.0,0.00230179028133,0.024808184143223,0.147314578005115,0.437340153452685,0.388235294117647
2,387,0,0,0,3,80,560,1615,1647,3905,0.0,0.0,0.0,0.000768245838668,0.020486555697823,0.143405889884763,0.413572343149808,0.421766965428937
2,388,0,0,0,5,98,602,1642,1553,3900,0.0,0.0,0.0,0.001282051282051,0.025128205128205,0.154358974358974,0.421025641025641,0.398205128205128
2,389,0,0,0,6,79,616,1667,1527,3895,0.0,0.0,0.0,0.001540436456996,0.020282413350449,0.158151476251605,0.42798459563543,0.39204107830552
2,390,0,0,0,6,85,579,1630,1590,3890,0.0,0.0,0.0,0.001542416452442,0.021850899742931,0.148843187660668,0.419023136246787,0.408740359897172
2,391,0,0,0,6,86,596,1675,1522,3885,0.0,0.0,0.0,0.001544401544402,0.022136422136422,0.153410553410553,0.431145431145431,0.391763191763192
2,392,0,0,0,9,82,548,1630,1611,3880,0.0,0.0,0.0,0.002319587628866,0.021134020618557,0.141237113402062,0.420103092783505,0.41520618556701
2,393,0,0,0,5,82,590,1612,1586,3875,0.0,0.0,0.0,0.001290322580645,0.021161290322581,0.152258064516129,0.416,0.409290322580645
2,394,0,0,0,5,84,577,1645,1559,3870,0.0,0.0,0.0,0.001291989664083,0.021705426356589,0.149095607235142,0.425064599483204,0.402842377260982
2,395,0,0,0,7,98,592,1659,1509,3865,0.0,0.0,0.0,0.001811125485123,0.025355756791721,0.153169469598965,0.429236739974127,0.390426908150065
2,396,0,0,0,6,99,609,1612,1534,3860,0.0,0.0,0.0,0.001554404145078,0.025647668393782,0.157772020725389,0.417616580310881,0.39740932642487
2,397,0,0,0,3,89,583,1672,1508,3855,0.0,0.0,0.0,0.000778210116732,0.023086900129702,0.151232166018158,0.433722438391699,0.391180285343709
2,398,0,0,0,4,78,586,1605,1577,3850,0.0,0.0,0.0,0.001038961038961,0.02025974025974,0.152207792207792,0.416883116883117,0.40961038961039
2,399,0,0,0,7,83,572,1628,1555,3845,0.0,0.0,0.0,0.001820546163849,0.021586475942783,0.148764629388817,0.423407022106632,0.404421326397919
2,400,0,0,0,7,76,610,1648,1499,3840,0.0,0.0,0.0,0.001822916666667,0.019791666666667,0.158854166666667,0.429166666666667,0.390364583333333
2,401,0,0,0,5,103,586,1602,1539,3835,0.0,0.0,0.0,0.001303780964798,0.026857887874837,0.152803129074316,0.417731421121252,0.401303780964798
2,402,0,0,0,3,70,575,1606,1576,3830,0.0,0.0,0.0,0.000783289817232,0.018276762402089,0.150130548302872,0.419321148825065,0.411488250652742
2,403,0,0,0,6,92,570,1591,1566,3825,0.0,0.0,0.0,0.00156862745098,0.024052287581699,0.149019607843137,0.415947712418301,0.409411764705882
2,404,0,0,0,9,82,565,1655,1509,3820,0.0,0.0,0.0,0.002356020942408,0.021465968586387,0.147905759162304,0.433246073298429,0.395026178010471
2,405,0,0,0,6,64,550,1629,1566,3815,0.0,0.0,0.0,0.001572739187418,0.016775884665793,0.144167758846658,0.42699868938401,0.410484927916121
2,406,0,0,0,8,74,587,1631,1510,3810,0.0,0.0,0.0,0.002099737532808,0.019422572178478,0.154068241469816,0.428083989501312,0.396325459317585
2,407,0,0,0,9,75,588,1568,1565,3805,0.0,0.0,0.0,0.002365308804205,0.019710906701708,0.154533508541393,0.412089356110381,0.411300919842313
2,408,0,0,0,2,81,579,1545,1593,3800,0.0,0.0,0.0,0.000526315789474,0.021315789473684,0.152368421052632,0.406578947368421,0.419210526315789
2,409,0,0,0,2,85,590,1593,1525,3795,0.0,0.0,0.0,0.000527009222661,0.022397891963109,0.155467720685112,0.419762845849802,0.401844532279315
2,410,0,0,0,4,81,578,1659,1468,3790,0.0,0.0,0.0,0.001055408970976,0.021372031662269,0.152506596306069,0.437730870712401,0.387335092348285
2,411,0,0,0,5,83,540,1584,1573,3785,0.0,0.0,0.0,0.001321003963012,0.021928665785997,0.142668428005284,0.418494055482166,0.41558784676354
2,412,0,0,0,8,77,557,1664,1474,3780,0.0,0.0,0.0,0.002116402116402,0.02037037037037,0.147354497354497,0.44021164021164,0.38994708994709
2,413,0,0,0,8,73,558,1597,1539,3775,0.0,0.0,0.0,0.002119205298013,0.019337748344371,0.147814569536424,0.423046357615894,0.407682119205298
2,414,0,0,0,6,82,581,1646,1455,3770,0.0,0.0,0.0,0.00159151193634,0.021750663129973,0.154111405835544,0.436604774535809,0.385941644562334
2,415,0,0,0,8,86,572,1549,1550,3765,0.0,0.0,0.0,0.002124833997344,0.022841965471448,0.151925630810093,0.411420982735724,0.411686586985392
2,416,0,0,0,7,91,583,1555,1524,3760,0.0,0.0,0.0,0.00186170212766,0.024202127659574,0.155053191489362,0.413563829787234,0.40531914893617
2,417,0,0,0,4,98,600,1579,1474,3755,0.0,0.0,0.0,0.001065246338216,0.026098535286285,0.159786950732357,0.420505992010652,0.39254327563249
2,418,0,0,0,4,90,584,1577,1495,3750,0.0,0.0,0.0,0.001066666666667,0.024,0.155733333333333,0.420533333333333,0.398666666666667
2,419,0,0,0,5,93,552,1643,1452,3745,0.0,0.0,0.0,0.001335113484646,0.024833110814419,0.14739652870494,0.43871829105474,0.387716955941255
2,420,0,0,0,10,85,578,1557,1510,3740,0.0,0.0,0.0,0.002673796791444,0.022727272727273,0.154545454545455,0.416310160427807,0.403743315508021
2,421,0,0,0,6,69,565,1577,1518,3735,0.0,0.0,0.0,0.001606425702811,0.018473895582329,0.151271753681392,0.422222222222222,0.406425702811245
2,422,0,0,0,8,74,555,1623,1470,3730,0.0,0.0,0.0,0.002144772117962,0.019839142091153,0.148793565683646,0.435120643431635,0.394101876675603
2,423,0,0,0,2,78,589,1590,1466,3725,0.0,0.0,0.0,0.000536912751678,0.020939597315436,0.158120805369128,0.426845637583893,0.393557046979866
2,424,0,0,0,8,84,566,1649,1413,3720,0.0,0.0,0.0,0.002150537634409,0.02258064516129,0.152150537634409,0.443279569892473,0.379838709677419
2,425,0,0,0,1,88,563,1535,1528,3715,0.0,0.0,0.0,0.000269179004038,0.023687752355316,0.151547779273217,0.413189771197847,0.411305518169583
2,426,0,0,0,5,78,570,1562,1495,3710,0.0,0.0,0.0,0.001347708894879,0.021024258760108,0.153638814016173,0.421024258760108,0.402964959568733
2,427,0,0,0,5,94,559,1581,1466,3705,0.0,0.0,0.0,0.001349527665317,0.025371120107962,0.150877192982456,0.426720647773279,0.395681511470985
2,428,0,0,0,8,72,564,1569,1487,3700,0.0,0.0,0.0,0.002162162162162,0.019459459459459,0.152432432432432,0.424054054054054,0.401891891891892
2,429,0,0,1,7,86,553,1547,1501,3695,0.0,0.0,0.000270635994587,0.001894451962111,0.023274695534506,0.149661705006766,0.418673883626522,0.406224627875507
2,430,0,0,0,3,96,559,1644,1388,3690,0.0,0.0,0.0,0.000813008130081,0.026016260162602,0.151490514905149,0.445528455284553,0.376151761517615
2,431,0,0,0,7,78,565,1591,1444,3685,0.0,0.0,0.0,0.001899592944369,0.021166892808684,0.153324287652646,0.431750339213026,0.391858887381275
2,432,0,0,0,1,79,578,1527,1495,3680,0.0,0.0,0.0,0.000271739130435,0.021467391304348,0.157065217391304,0.414945652173913,0.40625
2,433,0,0,0,3,89,537,1571,1475,3675,0.0,0.0,0.0,0.000816326530612,0.02421768707483,0.146122448979592,0.427482993197279,0.401360544217687
2,434,0,0,0,7,86,573,1496,1508,3670,0.0,0.0,0.0,0.001907356948229,0.023433242506812,0.156130790190736,0.407629427792916,0.410899182561308
2,435,0,0,0,6,84,586,1500,1489,3665,0.0,0.0,0.0,0.001637107776262,0.022919508867667,0.159890859481583,0.409276944065484,0.406275579809004
2,436,0,0,0,5,67,550,1585,1453,3660,0.0,0.0,0.0,0.001366120218579,0.018306010928962,0.150273224043716,0.433060109289617,0.396994535519126
2,437,0,0,0,7,84,553,1519,1492,3655,0.0,0.0,0.0,0.001915184678523,0.022982216142271,0.151299589603283,0.415595075239398,0.408207934336525
2,438,0,0,0,5,88,536,1511,1510,3650,0.0,0.0,0.0,0.001369863013699,0.024109589041096,0.146849315068493,0.413972602739726,0.413698630136986
2,439,0,0,0,1,77,628,1547,1392,3645,0.0,0.0,0.0,0.000274348422497,0.021124828532236,0.172290809327846,0.424417009602195,0.381893004115226
2,440,0,0,0,7,83,547,1552,1451,3640,0.0,0.0,0.0,0.001923076923077,0.022802197802198,0.150274725274725,0.426373626373626,0.398626373626374
2,441,0,0,0,4,79,519,1545,1488,3635,0.0,0.0,0.0,0.001100412654746,0.021733149931224,0.142778541953232,0.425034387895461,0.409353507565337
2,442,0,0,1,3,67,565,1547,1447,3630,0.0,0.0,0.000275482093664,0.000826446280992,0.018457300275482,0.15564738292011,0.426170798898072,0.39862258953168
2,443,0,0,0,3,71,522,1576,1453,3625,0.0,0.0,0.0,0.000827586206897,0.019586206896552,0.144,0.434758620689655,0.400827586206897
2,444,0,0,0,4,104,563,1510,1439,3620,0.0,0.0,0.0,0.001104972375691,0.028729281767956,0.155524861878453,0.417127071823204,0.397513812154696
2,445,0,0,1,3,79,580,1518,1434,3615,0.0,0.0,0.000276625172891,0.000829875518672,0.021853388658368,0.160442600276625,0.419917012448133,0.396680497925311
2,446,0,0,0,4,84,575,1487,1460,3610,0.0,0.0,0.0,0.001108033240997,0.023268698060942,0.159279778393352,0.41191135734072,0.404432132963989
2,447,0,0,0,9,69,555,1567,1405,3605,0.0,0.0,0.0,0.00249653259362,0.019140083217753,0.153952843273232,0.434674063800277,0.389736477115118
2,448,0,0,0,2,63,575,1563,1397,3600,0.0,0.0,0.0,0.000555555555556,0.0175,0.159722222222222,0.434166666666667,0.388055555555556
2,449,0,0,0,9,76,554,1525,1431,3595,0.0,0.0,0.0,0.00250347705146,0.021140472878999,0.154102920723227,0.424200278164117,0.398052851182198
2,450,0,0,0,6,72,548,1501,1463,3590,0.0,0.0,0.0,0.001671309192201,0.020055710306407,0.152646239554318,0.418105849582173,0.407520891364902
2,451,0,0,0,6,70,535,1520,1454,3585,0.0,0.0,0.0,0.001673640167364,0.01952580195258,0.149232914923291,0.423988842398884,0.40557880055788
2,452,0,0,0,10,94,537,1475,1464,3580,0.0,0.0,0.0,0.002793296089385,0.026256983240223,0.15,0.412011173184358,0.408938547486034
2,453,0,0,0,2,93,554,1478,1448,3575,0.0,0.0,0.0,0.000559440559441,0.026013986013986,0.154965034965035,0.413426573426573,0.405034965034965
2,454,0,0,1,2,78,519,1501,1469,3570,0.0,0.0,0.000280112044818,0.000560224089636,0.021848739495798,0.145378151260504,0.420448179271709,0.411484593837535
2,455,0,0,0,6,84,521,1534,1420,3565,0.0,0.0,0.0,0.001683029453015,0.023562412342216,0.146143057503506,0.430294530154278,0.398316970546985
2,456,0,0,0,4,78,530,1562,1386,3560,0.0,0.0,0.0,0.001123595505618,0.021910112359551,0.148876404494382,0.43876404494382,0.389325842696629
2,457,0,0,0,6,69,555,1457,1468,3555,0.0,0.0,0.0,0.00168776371308,0.019409282700422,0.156118143459916,0.409845288326301,0.412939521800281
2,458,0,0,0,3,96,554,1484,1413,3550,0.0,0.0,0.0,0.000845070422535,0.027042253521127,0.156056338028169,0.418028169014085,0.398028169014084
2,459,0,0,0,4,74,530,1523,1414,3545,0.0,0.0,0.0,0.001128349788434,0.020874471086037,0.14950634696756,0.429619181946403,0.398871650211566
2,460,0,0,1,6,94,526,1473,1440,3540,0.0,0.0,0.000282485875706,0.001694915254237,0.026553672316384,0.148587570621469,0.416101694915254,0.406779661016949
2,461,0,0,0,6,77,537,1504,1411,3535,0.0,0.0,0.0,0.001697312588402,0.021782178217822,0.151909476661952,0.425459688826025,0.399151343705799
2,462,0,0,0,2,79,505,1537,1407,3530,0.0,0.0,0.0,0.00056657223796,0.022379603399433,0.143059490084986,0.435410764872521,0.398583569405099
2,463,0,0,0,4,77,558,1489,1397,3525,0.0,0.0,0.0,0.00113475177305,0.021843971631206,0.158297872340426,0.422411347517731,0.396312056737589
2,464,0,0,0,4,81,532,1497,1406,3520,0.0,0.0,0.0,0.001136363636364,0.023011363636364,0.151136363636364,0.425284090909091,0.399431818181818
2,465,0,0,0,5,78,534,1483,1415,3515,0.0,0.0,0.0,0.001422475106686,0.022190611664296,0.151920341394026,0.421906116642959,0.402560455192034
2,466,0,0,0,8,95,568,1437,1402,3510,0.0,0.0,0.0,0.002279202279202,0.027065527065527,0.161823361823362,0.409401709401709,0.399430199430199
2,467,0,0,0,5,60,541,1478,1421,3505,0.0,0.0,0.0,0.001426533523538,0.017118402282454,0.15435092724679,0.421683309557775,0.405420827389444
2,468,0,0,0,6,64,532,1525,1373,3500,0.0,0.0,0.0,0.001714285714286,0.018285714285714,0.152,0.435714285714286,0.392285714285714
2,469,0,0,0,6,89,505,1466,1429,3495,0.0,0.0,0.0,0.001716738197425,0.025464949928469,0.144492131616595,0.419456366237482,0.408869814020029
2,470,0,0,0,6,75,548,1457,1404,3490,0.0,0.0,0.0,0.001719197707736,0.021489971346705,0.15702005730659,0.417478510028653,0.402292263610315
2,471,0,0,0,3,63,512,1499,1408,3485,0.0,0.0,0.0,0.000860832137733,0.018077474892396,0.146915351506456,0.43012912482066,0.404017216642755
2,472,0,0,0,3,75,538,1501,1363,3480,0.0,0.0,0.0,0.000862068965517,0.021551724137931,0.154597701149425,0.43132183908046,0.391666666666667
2,473,0,0,0,4,69,536,1464,1402,3475,0.0,0.0,0.0,0.001151079136691,0.019856115107914,0.154244604316547,0.421294964028777,0.403453237410072
2,474,0,0,0,8,74,522,1443,1423,3470,0.0,0.0,0.0,0.002305475504323,0.021325648414986,0.150432276657061,0.415850144092219,0.410086455331412
2,475,0,0,0,11,63,539,1485,1367,3465,0.0,0.0,0.0,0.003174603174603,0.018181818181818,0.155555555555556,0.428571428571429,0.394516594516595
2,476,0,0,0,4,87,570,1424,1375,3460,0.0,0.0,0.0,0.001156069364162,0.02514450867052,0.164739884393064,0.411560693641619,0.397398843930636
2,477,0,0,0,7,59,486,1503,1400,3455,0.0,0.0,0.0,0.002026049204052,0.017076700434153,0.140665701881331,0.435021707670043,0.40520984081042
2,478,0,0,0,6,86,495,1457,1406,3450,0.0,0.0,0.0,0.001739130434783,0.024927536231884,0.143478260869565,0.42231884057971,0.407536231884058
2,479,0,0,0,5,80,510,1457,1393,3445,0.0,0.0,0.0,0.001451378809869,0.02322206095791,0.148040638606676,0.422931785195936,0.404354136429608
2,480,0,0,0,6,68,562,1452,1352,3440,0.0,0.0,0.0,0.001744186046512,0.019767441860465,0.163372093023256,0.422093023255814,0.393023255813953
2,481,0,0,0,2,65,554,1459,1355,3435,0.0,0.0,0.0,0.000582241630277,0.018922852983988,0.161280931586608,0.424745269286754,0.394468704512373
2,482,0,0,0,4,77,541,1434,1374,3430,0.0,0.0,0.0,0.001166180758017,0.022448979591837,0.157725947521866,0.418075801749271,0.400583090379009
2,483,0,0,0,8,64,501,1451,1401,3425,0.0,0.0,0.0,0.002335766423358,0.018686131386861,0.146277372262774,0.423649635036496,0.409051094890511
2,484,0,0,0,2,90,535,1506,1287,3420,0.0,0.0,0.0,0.000584795321637,0.026315789473684,0.156432748538012,0.440350877192982,0.376315789473684
2,485,0,0,0,6,68,534,1471,1336,3415,0.0,0.0,0.0,0.001756954612006,0.0199121522694,0.156368960468521,0.430746705710102,0.391215226939971
2,486,0,0,0,3,67,518,1434,1388,3410,0.0,0.0,0.0,0.000879765395894,0.019648093841642,0.151906158357771,0.420527859237537,0.407038123167155
2,487,0,0,0,6,86,525,1460,1328,3405,0.0,0.0,0.0,0.001762114537445,0.025256975036711,0.154185022026432,0.428781204111601,0.390014684287812
2,488,0,0,0,5,87,527,1406,1375,3400,0.0,0.0,0.0,0.001470588235294,0.025588235294118,0.155,0.413529411764706,0.404411764705882
2,489,0,0,0,8,68,504,1421,1394,3395,0.0,0.0,0.0,0.002356406480118,0.020029455081001,0.148453608247423,0.418556701030928,0.41060382916053
2,490,0,0,0,3,83,520,1453,1331,3390,0.0,0.0,0.0,0.000884955752212,0.024483775811209,0.153392330383481,0.428613569321534,0.392625368731563
2,491,0,0,0,5,69,532,1447,1332,3385,0.0,0.0,0.0,0.001477104874446,0.020384047267356,0.157163958641064,0.427474150664697,0.393500738552437
2,492,0,0,0,4,64,526,1435,1351,3380,0.0,0.0,0.0,0.001183431952663,0.018934911242604,0.155621301775148,0.424556213017751,0.399704142011834
2,493,0,0,0,3,74,527,1430,1341,3375,0.0,0.0,0.0,0.000888888888889,0.021925925925926,0.156148148148148,0.423703703703704,0.397333333333333
2,494,0,0,0,2,81,503,1403,1381,3370,0.0,0.0,0.0,0.000593471810089,0.024035608308605,0.149258160237389,0.416320474777448,0.409792284866469
2,495,0,0,0,3,86,525,1393,1358,3365,0.0,0.0,0.0,0.000891530460624,0.02555720653789,0.156017830609212,0.413967310549777,0.403566121842496
2,496,0,0,0,1,68,533,1447,1311,3360,0.0,0.0,0.0,0.000297619047619,0.020238095238095,0.158630952380952,0.430654761904762,0.390178571428571
2,497,0,0,0,5,65,500,1404,1381,3355,0.0,0.0,0.0,0.001490312965723,0.019374068554396,0.14903129657228,0.418479880774963,0.411624441132638
2,498,0,0,0,4,73,529,1403,1341,3350,0.0,0.0,0.0,0.001194029850746,0.021791044776119,0.157910447761194,0.418805970149254,0.400298507462687
2,499,0,0,0,4,88,515,1430,1308,3345,0.0,0.0,0.0,0.001195814648729,0.026307922272048,0.153961136023916,0.427503736920777,0.391031390134529
2,500,0,0,0,5,73,493,1397,1372,3340,0.0,0.0,0.0,0.001497005988024,0.02185628742515,0.147604790419162,0.418263473053892,0.410778443113772
2,501,0,0,1,3,64,520,1420,1327,3335,0.0,0.0,0.000299850074963,0.000899550224888,0.019190404797601,0.15592203898051,0.425787106446777,0.397901049475262
2,502,0,0,0,1,70,496,1414,1349,3330,0.0,0.0,0.0,0.0003003003003,0.021021021021021,0.148948948948949,0.424624624624625,0.405105105105105
2,503,0,0,0,2,74,524,1394,1331,3325,0.0,0.0,0.0,0.000601503759398,0.022255639097744,0.157593984962406,0.419248120300752,0.400300751879699
2,504,0,0,0,5,82,484,1449,1300,3320,0.0,0.0,0.0,0.001506024096386,0.024698795180723,0.14578313253012,0.43644578313253,0.391566265060241
2,505,0,0,1,2,68,510,1424,1310,3315,0.0,0.0,0.000301659125189,0.000603318250377,0.020512820512821,0.153846153846154,0.429562594268477,0.395173453996983
2,506,0,0,0,0,75,469,1416,1350,3310,0.0,0.0,0.0,0.0,0.022658610271903,0.141691842900302,0.427794561933535,0.40785498489426
2,507,0,0,0,3,93,513,1401,1295,3305,0.0,0.0,0.0,0.000907715582451,0.028139183055976,0.155219364599092,0.423903177004539,0.391830559757943
2,508,0,0,0,3,71,488,1391,1347,3300,0.0,0.0,0.0,0.000909090909091,0.021515151515152,0.147878787878788,0.421515151515152,0.408181818181818
2,509,0,0,0,6,78,538,1322,1351,3295,0.0,0.0,0.0,0.001820940819423,0.023672230652504,0.163277693474962,0.401213960546282,0.410015174506829
2,510,0,0,0,5,82,499,1368,1336,3290,0.0,0.0,0.0,0.001519756838906,0.024924012158055,0.151671732522796,0.41580547112462,0.406079027355623
2,511,0,0,0,8,64,494,1380,1339,3285,0.0,0.0,0.0,0.002435312024353,0.019482496194825,0.150380517503805,0.420091324200913,0.407610350076104
2,512,0,0,0,5,60,487,1380,1348,3280,0.0,0.0,0.0,0.001524390243902,0.018292682926829,0.148475609756098,0.420731707317073,0.410975609756098
2,513,0,0,0,3,74,478,1346,1374,3275,0.0,0.0,0.0,0.000916030534351,0.022595419847328,0.145954198473282,0.410992366412214,0.419541984732824
2,514,0,0,0,7,81,483,1364,1335,3270,0.0,0.0,0.0,0.002140672782875,0.024770642201835,0.147706422018349,0.417125382262997,0.408256880733945
2,515,0,0,1,4,78,512,1433,1237,3265,0.0,0.0,0.000306278713629,0.001225114854518,0.023889739663093,0.156814701378254,0.438897396630934,0.378866768759571
2,516,0,0,0,5,58,456,1359,1382,3260,0.0,0.0,0.0,0.001533742331288,0.017791411042945,0.139877300613497,0.416871165644172,0.423926380368098
2,517,0,0,0,5,65,507,1388,1290,3255,0.0,0.0,0.0,0.001536098310292,0.019969278033794,0.155760368663594,0.42642089093702,0.3963133640553
2,518,0,0,0,5,55,473,1410,1307,3250,0.0,0.0,0.0,0.001538461538462,0.016923076923077,0.145538461538462,0.433846153846154,0.402153846153846
2,519,0,0,0,3,71,526,1363,1282,3245,0.0,0.0,0.0,0.000924499229584,0.021879815100154,0.162095531587057,0.420030816640986,0.395069337442219
2,520,0,0,1,6,86,451,1386,1310,3240,0.0,0.0,0.000308641975309,0.001851851851852,0.026543209876543,0.139197530864198,0.427777777777778,0.404320987654321
2,521,0,0,0,2,98,491,1337,1307,3235,0.0,0.0,0.0,0.000618238021638,0.030293663060278,0.15177743431221,0.413292117465224,0.404018547140649
2,522,0,0,0,4,74,507,1374,1271,3230,0.0,0.0,0.0,0.001238390092879,0.022910216718266,0.156965944272446,0.425386996904025,0.393498452012384
2,523,0,0,0,8,84,481,1373,1279,3225,0.0,0.0,0.0,0.002480620155039,0.026046511627907,0.149147286821705,0.425736434108527,0.396589147286822
2,524,0,0,0,7,70,472,1388,1283,3220,0.0,0.0,0.0,0.002173913043478,0.021739130434783,0.146583850931677,0.431055900621118,0.398447204968944
2,525,0,0,0,6,73,472,1359,1305,3215,0.0,0.0,0.0,0.001866251944012,0.022706065318818,0.146811819595645,0.422706065318818,0.405909797822706
2,526,0,0,0,6,75,494,1327,1308,3210,0.0,0.0,0.0,0.001869158878505,0.023364485981308,0.153894080996885,0.413395638629283,0.407476635514019
2,527,0,0,0,6,72,472,1382,1273,3205,0.0,0.0,0.0,0.001872074882995,0.022464898595944,0.147269890795632,0.431201248049922,0.397191887675507
2,528,0,0,0,6,78,443,1369,1304,3200,0.0,0.0,0.0,0.001875,0.024375,0.1384375,0.4278125,0.4075
2,529,0,0,0,5,91,471,1317,1311,3195,0.0,0.0,0.0,0.001564945226917,0.02848200312989,0.147417840375587,0.412206572769953,0.410328638497653
2,530,0,0,0,6,70,485,1331,1298,3190,0.0,0.0,0.0,0.001880877742947,0.021943573667712,0.152037617554859,0.417241379310345,0.406896551724138
2,531,0,0,0,6,59,461,1354,1305,3185,0.0,0.0,0.0,0.001883830455259,0.018524332810047,0.144740973312402,0.425117739403454,0.409733124018838
2,532,0,0,0,4,83,493,1337,1263,3180,0.0,0.0,0.0,0.00125786163522,0.026100628930818,0.15503144654088,0.420440251572327,0.397169811320755
2,533,0,0,0,7,61,477,1373,1257,3175,0.0,0.0,0.0,0.002204724409449,0.019212598425197,0.150236220472441,0.43244094488189,0.395905511811024
2,534,0,0,1,4,69,489,1320,1287,3170,0.0,0.0,0.000315457413249,0.001261829652997,0.021766561514196,0.154258675078864,0.416403785488959,0.405993690851735
2,535,0,0,0,3,55,499,1334,1274,3165,0.0,0.0,0.0,0.000947867298578,0.0173775671406,0.157661927330174,0.421484992101106,0.402527646129542
2,536,0,0,0,9,72,513,1337,1229,3160,0.0,0.0,0.0,0.002848101265823,0.022784810126582,0.162341772151899,0.423101265822785,0.388924050632911
2,537,0,0,0,4,67,468,1330,1286,3155,0.0,0.0,0.0,0.001267828843106,0.021236133122029,0.148335974643423,0.421553090332805,0.407606973058637
2,538,0,0,0,6,74,490,1336,1244,3150,0.0,0.0,0.0,0.001904761904762,0.023492063492063,0.155555555555556,0.424126984126984,0.394920634920635
2,539,0,0,0,7,73,483,1318,1264,3145,0.0,0.0,0.0,0.002225755166932,0.023211446740859,0.153577106518283,0.419077901430843,0.401907790143084
2,540,0,0,0,1,78,456,1403,1202,3140,0.0,0.0,0.0,0.00031847133758,0.02484076433121,0.145222929936306,0.446815286624204,0.382802547770701
2,541,0,0,0,5,87,464,1334,1245,3135,0.0,0.0,0.0,0.001594896331738,0.027751196172249,0.148006379585327,0.425518341307815,0.397129186602871
2,542,0,0,0,5,79,500,1288,1258,3130,0.0,0.0,0.0,0.001597444089457,0.025239616613419,0.159744408945687,0.411501597444089,0.401916932907348
2,543,0,0,1,3,58,505,1356,1202,3125,0.0,0.0,0.00032,0.00096,0.01856,0.1616,0.43392,0.38464
2,544,0,0,0,5,69,461,1327,1258,3120,0.0,0.0,0.0,0.001602564102564,0.022115384615385,0.14775641025641,0.425320512820513,0.403205128205128
2,545,0,0,1,2,55,441,1386,1230,3115,0.0,0.0,0.000321027287319,0.000642054574639,0.017656500802568,0.141573033707865,0.444943820224719,0.394863563402889
2,546,0,0,0,4,75,485,1301,1245,3110,0.0,0.0,0.0,0.001286173633441,0.02411575562701,0.155948553054662,0.418327974276527,0.40032154340836
2,547,0,0,0,3,68,473,1329,1232,3105,0.0,0.0,0.0,0.000966183574879,0.021900161030596,0.152334943639291,0.428019323671498,0.396779388083736
2,548,0,0,0,5,58,483,1324,1230,3100,0.0,0.0,0.0,0.001612903225806,0.018709677419355,0.155806451612903,0.427096774193548,0.396774193548387
2,549,0,0,0,3,77,480,1313,1222,3095,0.0,0.0,0.0,0.000969305331179,0.024878836833603,0.155088852988691,0.424232633279483,0.394830371567044
2,550,0,0,0,7,67,450,1316,1250,3090,0.0,0.0,0.0,0.002265372168285,0.02168284789644,0.145631067961165,0.42588996763754,0.40453074433657
2,551,0,0,0,2,56,490,1319,1218,3085,0.0,0.0,0.0,0.00064829821718,0.018152350081037,0.158833063209076,0.427552674230146,0.394813614262561
2,552,0,0,1,4,71,478,1344,1182,3080,0.0,0.0,0.000324675324675,0.001298701298701,0.023051948051948,0.155194805194805,0.436363636363636,0.383766233766234
2,553,0,0,0,5,64,459,1318,1229,3075,0.0,0.0,0.0,0.001626016260163,0.020813008130081,0.149268292682927,0.428617886178862,0.399674796747967
2,554,0,0,0,4,79,457,1288,1242,3070,0.0,0.0,0.0,0.001302931596091,0.025732899022801,0.14885993485342,0.419543973941368,0.404560260586319
2,555,0,0,0,5,71,476,1267,1246,3065,0.0,0.0,0.0,0.00163132137031,0.023164763458401,0.155301794453507,0.413376835236542,0.40652528548124
2,556,0,0,0,4,69,482,1315,1190,3060,0.0,0.0,0.0,0.001307189542484,0.022549019607843,0.157516339869281,0.429738562091503,0.388888888888889
2,557,0,0,0,3,58,468,1262,1264,3055,0.0,0.0,0.0,0.000981996726678,0.0189852700491,0.153191489361702,0.413093289689034,0.413747954173486
2,558,0,0,0,6,80,461,1273,1230,3050,0.0,0.0,0.0,0.001967213114754,0.026229508196721,0.151147540983607,0.417377049180328,0.40327868852459
2,559,0,0,0,8,53,493,1257,1234,3045,0.0,0.0,0.0,0.002627257799672,0.017405582922824,0.161904761904762,0.412807881773399,0.405254515599343
2,560,0,0,0,5,69,486,1318,1162,3040,0.0,0.0,0.0,0.001644736842105,0.022697368421053,0.159868421052632,0.433552631578947,0.382236842105263
2,561,0,0,0,4,72,443,1325,1191,3035,0.0,0.0,0.0,0.001317957166392,0.023723228995058,0.145963756177924,0.436573311367381,0.392421746293245
2,562,0,0,0,7,81,465,1296,1181,3030,0.0,0.0,0.0,0.002310231023102,0.026732673267327,0.153465346534653,0.427722772277228,0.38976897689769
2,563,0,0,2,6,63,481,1247,1226,3025,0.0,0.0,0.000661157024793,0.00198347107438,0.020826446280992,0.15900826446281,0.412231404958678,0.405289256198347
2,564,0,0,0,3,69,458,1292,1198,3020,0.0,0.0,0.0,0.000993377483444,0.022847682119205,0.151655629139073,0.427814569536424,0.396688741721854
2,565,0,0,1,4,63,444,1304,1199,3015,0.0,0.0,0.000331674958541,0.001326699834163,0.02089552238806,0.14726368159204,0.432504145936982,0.397678275290216
2,566,0,0,0,4,71,467,1246,1222,3010,0.0,0.0,0.0,0.001328903654485,0.02358803986711,0.15514950166113,0.413953488372093,0.405980066445183
2,567,0,0,0,3,75,440,1275,1212,3005,0.0,0.0,0.0,0.000998336106489,0.02495840266223,0.146422628951747,0.424292845257904,0.403327787021631
2,568,0,0,0,3,75,456,1314,1152,3000,0.0,0.0,0.0,0.001,0.025,0.152,0.438,0.384
2,569,0,0,1,4,75,449,1288,1178,2995,0.0,0.0,0.000333889816361,0.001335559265442,0.025041736227045,0.14991652754591,0.430050083472454,0.393322203672788
2,570,0,0,0,2,74,432,1263,1219,2990,0.0,0.0,0.0,0.00066889632107,0.024749163879599,0.144481605351171,0.422408026755853,0.407692307692308
2,571,0,0,0,2,77,465,1233,1208,2985,0.0,0.0,0.0,0.000670016750419,0.025795644891122,0.155778894472362,0.413065326633166,0.404690117252931
2,572,0,0,0,3,63,440,1286,1188,2980,0.0,0.0,0.0,0.001006711409396,0.021140939597315,0.147651006711409,0.431543624161074,0.398657718120805
2,573,0,0,0,8,73,447,1271,1176,2975,0.0,0.0,0.0,0.002689075630252,0.02453781512605,0.150252100840336,0.427226890756303,0.395294117647059
2,574,0,0,0,5,76,437,1251,1201,2970,0.0,0.0,0.0,0.001683501683502,0.025589225589226,0.147138047138047,0.421212121212121,0.404377104377104
2,575,0,0,0,0,69,457,1253,1186,2965,0.0,0.0,0.0,0.0,0.02327150084317,0.154131534569983,0.422596964586847,0.4
2,576,0,0,0,3,67,467,1220,1203,2960,0.0,0.0,0.0,0.001013513513514,0.022635135135135,0.15777027027027,0.412162162162162,0.406418918918919
2,577,0,0,1,2,57,455,1262,1178,2955,0.0,0.0,0.000338409475465,0.000676818950931,0.019289340101523,0.153976311336717,0.427072758037225,0.398646362098139
2,578,0,0,0,2,54,447,1268,1179,2950,0.0,0.0,0.0,0.000677966101695,0.018305084745763,0.151525423728814,0.429830508474576,0.399661016949153
2,579,0,0,0,5,59,451,1227,1203,2945,0.0,0.0,0.0,0.00169779286927,0.020033955857385,0.153140916808149,0.416638370118846,0.40848896434635
2,580,0,0,1,3,56,441,1269,1170,2940,0.0,0.0,0.000340136054422,0.001020408163265,0.019047619047619,0.15,0.431632653061225,0.397959183673469
2,581,0,0,0,7,65,387,1262,1214,2935,0.0,0.0,0.0,0.002385008517888,0.022146507666099,0.131856899488927,0.429982964224872,0.413628620102215
2,582,0,0,0,6,68,464,1211,1181,2930,0.0,0.0,0.0,0.002047781569966,0.02320819112628,0.158361774744027,0.413310580204778,0.403071672354949
2,583,0,0,0,4,54,416,1272,1179,2925,0.0,0.0,0.0,0.001367521367521,0.018461538461538,0.142222222222222,0.434871794871795,0.403076923076923
2,584,0,0,0,4,43,432,1238,1203,2920,0.0,0.0,0.0,0.001369863013699,0.01472602739726,0.147945205479452,0.423972602739726,0.411986301369863
2,585,0,0,0,0,64,468,1219,1164,2915,0.0,0.0,0.0,0.0,0.021955403087479,0.160548885077187,0.418181818181818,0.399313893653516
2,586,0,0,0,7,67,454,1228,1154,2910,0.0,0.0,0.0,0.002405498281787,0.023024054982818,0.156013745704467,0.421993127147766,0.396563573883161
2,587,0,0,0,1,73,421,1191,1219,2905,0.0,0.0,0.0,0.000344234079174,0.02512908777969,0.144922547332186,0.409982788296041,0.419621342512909
2,588,0,0,0,4,74,435,1234,1153,2900,0.0,0.0,0.0,0.001379310344828,0.02551724137931,0.15,0.42551724137931,0.397586206896552
2,589,0,0,0,6,67,438,1227,1157,2895,0.0,0.0,0.0,0.002072538860104,0.02314335060449,0.151295336787565,0.423834196891192,0.399654576856649
2,590,0,0,0,5,66,422,1225,1172,2890,0.0,0.0,0.0,0.001730103806228,0.022837370242215,0.146020761245675,0.423875432525952,0.405536332179931
2,591,0,0,0,1,69,422,1230,1163,2885,0.0,0.0,0.0,0.000346620450607,0.023916811091854,0.146273830155979,0.426343154246101,0.403119584055459
2,592,0,0,0,4,65,428,1190,1193,2880,0.0,0.0,0.0,0.001388888888889,0.022569444444444,0.148611111111111,0.413194444444444,0.414236111111111
2,593,0,0,0,3,62,451,1218,1141,2875,0.0,0.0,0.0,0.00104347826087,0.021565217391304,0.156869565217391,0.423652173913043,0.396869565217391
2,594,0,0,0,4,69,417,1201,1179,2870,0.0,0.0,0.0,0.001393728222997,0.02404181184669,0.145296167247387,0.418466898954704,0.410801393728223
2,595,0,0,0,2,73,442,1165,1183,2865,0.0,0.0,0.0,0.000698080279232,0.025479930191972,0.154275741710297,0.406631762652705,0.412914485165794
2,596,0,0,0,4,64,468,1238,1086,2860,0.0,0.0,0.0,0.001398601398601,0.022377622377622,0.163636363636364,0.432867132867133,0.37972027972028
2,597,0,0,0,7,64,426,1208,1150,2855,0.0,0.0,0.0,0.002451838879159,0.022416812609457,0.149211908931699,0.423117338003503,0.402802101576182
2,598,0,0,0,2,52,433,1225,1138,2850,0.0,0.0,0.0,0.000701754385965,0.018245614035088,0.151929824561403,0.429824561403509,0.399298245614035
2,599,0,0,0,4,59,449,1196,1137,2845,0.0,0.0,0.0,0.001405975395431,0.020738137082601,0.157820738137083,0.420386643233743,0.399648506151142
2,600,0,0,0,7,72,429,1215,1117,2840,0.0,0.0,0.0,0.002464788732394,0.025352112676056,0.151056338028169,0.427816901408451,0.39330985915493
2,601,0,0,0,5,76,455,1194,1105,2835,0.0,0.0,0.0,0.001763668430335,0.026807760141093,0.160493827160494,0.421164021164021,0.389770723104056
2,602,0,0,0,3,65,383,1240,1139,2830,0.0,0.0,0.0,0.001060070671378,0.022968197879859,0.135335689045936,0.438162544169611,0.402473498233216
2,603,0,0,0,7,60,442,1199,1117,2825,0.0,0.0,0.0,0.002477876106195,0.021238938053097,0.15646017699115,0.424424778761062,0.395398230088496
2,604,0,0,1,9,66,449,1195,1100,2820,0.0,0.0,0.000354609929078,0.003191489361702,0.023404255319149,0.159219858156028,0.423758865248227,0.390070921985816
2,605,0,0,0,4,65,399,1219,1128,2815,0.0,0.0,0.0,0.001420959147425,0.023090586145648,0.141740674955595,0.43303730017762,0.400710479573712
2,606,0,0,0,4,66,429,1183,1128,2810,0.0,0.0,0.0,0.001423487544484,0.023487544483986,0.152669039145907,0.420996441281139,0.401423487544484
2,607,0,0,1,5,61,423,1187,1128,2805,0.0,0.0,0.000356506238859,0.001782531194296,0.02174688057041,0.150802139037433,0.423172905525847,0.402139037433155
2,608,0,0,0,5,58,406,1171,1160,2800,0.0,0.0,0.0,0.001785714285714,0.020714285714286,0.145,0.418214285714286,0.414285714285714
2,609,0,0,0,3,66,422,1149,1155,2795,0.0,0.0,0.0,0.001073345259392,0.023613595706619,0.150983899821109,0.411091234347048,0.413237924865832
2,610,0,0,0,4,59,419,1205,1103,2790,0.0,0.0,0.0,0.001433691756272,0.021146953405018,0.150179211469534,0.431899641577061,0.395340501792115
2,611,0,0,0,6,71,387,1220,1101,2785,0.0,0.0,0.0,0.002154398563734,0.025493716337522,0.138958707360862,0.438061041292639,0.395332136445242
2,612,0,0,0,6,62,413,1163,1136,2780,0.0,0.0,0.0,0.002158273381295,0.022302158273381,0.148561151079137,0.418345323741007,0.40863309352518
2,613,0,0,1,4,62,396,1201,1111,2775,0.0,0.0,0.00036036036036,0.001441441441441,0.022342342342342,0.142702702702703,0.432792792792793,0.40036036036036
2,614,0,0,0,2,60,431,1209,1068,2770,0.0,0.0,0.0,0.00072202166065,0.021660649819495,0.155595667870036,0.436462093862816,0.385559566787004
2,615,0,0,0,3,69,395,1191,1107,2765,0.0,0.0,0.0,0.001084990958409,0.0249547920434,0.142857142857143,0.430741410488246,0.400361663652803
2,616,0,0,0,5,70,415,1137,1133,2760,0.0,0.0,0.0,0.001811594202899,0.02536231884058,0.15036231884058,0.41195652173913,0.410507246376812
2,617,0,0,0,3,57,434,1177,1084,2755,0.0,0.0,0.0,0.001088929219601,0.020689655172414,0.157531760435572,0.427223230490018,0.393466424682396
2,618,0,0,0,5,58,397,1164,1126,2750,0.0,0.0,0.0,0.001818181818182,0.021090909090909,0.144363636363636,0.423272727272727,0.409454545454545
2,619,0,0,0,2,69,402,1179,1093,2745,0.0,0.0,0.0,0.000728597449909,0.025136612021858,0.146448087431694,0.429508196721311,0.398178506375228
2,620,0,0,0,1,53,415,1158,1113,2740,0.0,0.0,0.0,0.00036496350365,0.019343065693431,0.151459854014599,0.422627737226277,0.406204379562044
2,621,0,0,0,6,72,386,1141,1130,2735,0.0,0.0,0.0,0.002193784277879,0.026325411334552,0.141133455210238,0.417184643510055,0.413162705667276
2,622,0,0,0,3,58,430,1173,1066,2730,0.0,0.0,0.0,0.001098901098901,0.021245421245421,0.157509157509158,0.42967032967033,0.39047619047619
2,623,0,0,0,2,55,380,1158,1130,2725,0.0,0.0,0.0,0.000733944954128,0.020183486238532,0.139449541284404,0.424954128440367,0.414678899082569
2,624,0,0,0,0,74,390,1162,1094,2720,0.0,0.0,0.0,0.0,0.027205882352941,0.143382352941176,0.427205882352941,0.402205882352941
2,625,0,0,0,3,72,401,1150,1089,2715,0.0,0.0,0.0,0.001104972375691,0.026519337016575,0.147697974217311,0.423572744014733,0.401104972375691
2,626,0,0,0,3,57,410,1183,1057,2710,0.0,0.0,0.0,0.001107011070111,0.021033210332103,0.151291512915129,0.436531365313653,0.390036900369004
2,627,0,0,0,3,53,408,1135,1106,2705,0.0,0.0,0.0,0.001109057301294,0.019593345656192,0.15083179297597,0.419593345656192,0.408872458410351
2,628,0,0,1,2,55,373,1181,1088,2700,0.0,0.0,0.00037037037037,0.000740740740741,0.02037037037037,0.138148148148148,0.437407407407407,0.402962962962963
2,629,0,0,1,4,59,412,1128,1091,2695,0.0,0.0,0.000371057513915,0.001484230055659,0.021892393320965,0.152875695732839,0.418552875695733,0.404823747680891
2,630,0,0,0,7,74,420,1097,1092,2690,0.0,0.0,0.0,0.002602230483271,0.027509293680297,0.156133828996283,0.407806691449814,0.405947955390335
2,631,0,0,0,3,56,387,1158,1081,2685,0.0,0.0,0.0,0.001117318435754,0.020856610800745,0.14413407821229,0.431284916201117,0.402607076350093
2,632,0,0,0,1,59,418,1165,1037,2680,0.0,0.0,0.0,0.000373134328358,0.022014925373134,0.155970149253731,0.434701492537313,0.386940298507463
2,633,0,0,0,5,58,408,1147,1057,2675,0.0,0.0,0.0,0.001869158878505,0.021682242990654,0.152523364485981,0.428785046728972,0.395140186915888
2,634,0,0,1,8,51,399,1138,1073,2670,0.0,0.0,0.000374531835206,0.002996254681648,0.019101123595506,0.149438202247191,0.426217228464419,0.40187265917603
2,635,0,0,0,2,47,416,1080,1120,2665,0.0,0.0,0.0,0.000750469043152,0.017636022514071,0.15609756097561,0.405253283302064,0.420262664165103
2,636,0,0,0,4,61,387,1148,1060,2660,0.0,0.0,0.0,0.001503759398496,0.022932330827068,0.145488721804511,0.431578947368421,0.398496240601504
2,637,0,0,0,4,58,400,1108,1085,2655,0.0,0.0,0.0,0.0015065913371,0.021845574387947,0.150659133709981,0.417325800376648,0.408662900188324
2,638,0,0,0,1,56,382,1089,1122,2650,0.0,0.0,0.0,0.000377358490566,0.021132075471698,0.144150943396226,0.410943396226415,0.423396226415094
2,639,0,0,0,3,64,391,1190,997,2645,0.0,0.0,0.0,0.001134215500945,0.024196597353497,0.147826086956522,0.449905482041588,0.376937618147448
2,640,0,0,0,4,62,417,1083,1074,2640,0.0,0.0,0.0,0.001515151515152,0.023484848484848,0.157954545454545,0.410227272727273,0.406818181818182
2,641,0,0,0,2,51,420,1095,1067,2635,0.0,0.0,0.0,0.000759013282732,0.019354838709677,0.159392789373814,0.415559772296015,0.404933586337761
2,642,0,0,0,1,45,384,1129,1071,2630,0.0,0.0,0.0,0.000380228136882,0.017110266159696,0.146007604562738,0.429277566539924,0.40722433460076
2,643,0,0,1,1,66,397,1153,1007,2625,0.0,0.0,0.000380952380952,0.000380952380952,0.025142857142857,0.151238095238095,0.439238095238095,0.383619047619048
2,644,0,0,0,3,58,363,1129,1067,2620,0.0,0.0,0.0,0.001145038167939,0.022137404580153,0.138549618320611,0.430916030534351,0.407251908396947
2,645,0,0,0,5,57,405,1116,1032,2615,0.0,0.0,0.0,0.001912045889101,0.021797323135755,0.154875717017208,0.426768642447419,0.394646271510516
2,646,0,0,0,3,53,425,1080,1049,2610,0.0,0.0,0.0,0.001149425287356,0.020306513409962,0.162835249042146,0.413793103448276,0.401915708812261
2,647,0,0,0,3,65,384,1094,1059,2605,0.0,0.0,0.0,0.001151631477927,0.024952015355086,0.147408829174664,0.419961612284069,0.406525911708253
2,648,0,0,0,0,55,387,1089,1069,2600,0.0,0.0,0.0,0.0,0.021153846153846,0.148846153846154,0.418846153846154,0.411153846153846
2,649,0,0,0,5,56,394,1109,1031,2595,0.0,0.0,0.0,0.001926782273603,0.021579961464355,0.151830443159923,0.427360308285164,0.397302504816956
2,650,0,0,0,4,49,399,1069,1069,2590,0.0,0.0,0.0,0.001544401544402,0.018918918918919,0.154054054054054,0.412741312741313,0.412741312741313
2,651,0,0,0,6,76,363,1094,1046,2585,0.0,0.0,0.0,0.002321083172147,0.029400386847195,0.140425531914894,0.42321083172147,0.404642166344294
2,652,0,0,0,6,57,384,1108,1025,2580,0.0,0.0,0.0,0.002325581395349,0.022093023255814,0.148837209302326,0.429457364341085,0.397286821705426
2,653,0,0,0,2,51,396,1109,1017,2575,0.0,0.0,0.0,0.000776699029126,0.019805825242718,0.15378640776699,0.430679611650485,0.39495145631068
2,654,0,0,0,4,71,398,1057,1040,2570,0.0,0.0,0.0,0.001556420233463,0.027626459143969,0.154863813229572,0.411284046692607,0.404669260700389
2,655,0,0,0,5,56,376,1080,1048,2565,0.0,0.0,0.0,0.001949317738791,0.021832358674464,0.146588693957115,0.421052631578947,0.408576998050682
2,656,0,0,0,6,55,391,1050,1058,2560,0.0,0.0,0.0,0.00234375,0.021484375,0.152734375,0.41015625,0.41328125
2,657,0,0,0,2,59,405,1075,1014,2555,0.0,0.0,0.0,0.000782778864971,0.023091976516634,0.158512720156556,0.420743639921722,0.396868884540117
2,658,0,0,0,0,62,364,1082,1042,2550,0.0,0.0,0.0,0.0,0.024313725490196,0.142745098039216,0.424313725490196,0.408627450980392
2,659,0,0,0,2,58,377,1096,1012,2545,0.0,0.0,0.0,0.000785854616896,0.02278978388998,0.148133595284872,0.430648330058939,0.397642436149312
2,660,0,0,0,5,50,396,1027,1062,2540,0.0,0.0,0.0,0.001968503937008,0.019685039370079,0.155905511811024,0.404330708661417,0.418110236220472
2,661,0,0,0,5,66,402,1051,1011,2535,0.0,0.0,0.0,0.001972386587771,0.02603550295858,0.158579881656805,0.414595660749507,0.398816568047337
2,662,0,0,0,2,61,366,1074,1027,2530,0.0,0.0,0.0,0.000790513833992,0.024110671936759,0.144664031620553,0.424505928853755,0.405928853754941
2,663,0,0,0,3,55,405,1052,1010,2525,0.0,0.0,0.0,0.001188118811881,0.021782178217822,0.16039603960396,0.416633663366337,0.4
2,664,0,0,0,5,55,376,1058,1026,2520,0.0,0.0,0.0,0.001984126984127,0.021825396825397,0.149206349206349,0.41984126984127,0.407142857142857
2,665,0,0,0,5,43,379,1055,1033,2515,0.0,0.0,0.0,0.001988071570577,0.017097415506958,0.150695825049702,0.41948310139165,0.410735586481113
2,666,0,0,0,2,58,362,1047,1041,2510,0.0,0.0,0.0,0.000796812749004,0.023107569721116,0.144223107569721,0.417131474103586,0.414741035856574
2,667,0,0,0,4,45,382,1058,1016,2505,0.0,0.0,0.0,0.001596806387226,0.017964071856287,0.15249500998004,0.422355289421158,0.405588822355289
2,668,0,0,0,2,66,379,1034,1019,2500,0.0,0.0,0.0,0.0008,0.0264,0.1516,0.4136,0.4076
2,669,0,0,0,3,52,379,1064,997,2495,0.0,0.0,0.0,0.001202404809619,0.020841683366733,0.15190380761523,0.426452905811623,0.399599198396794
2,670,0,0,0,1,58,393,1054,984,2490,0.0,0.0,0.0,0.000401606425703,0.023293172690763,0.157831325301205,0.423293172690763,0.395180722891566
2,671,0,0,0,2,53,378,1077,975,2485,0.0,0.0,0.0,0.000804828973843,0.021327967806841,0.152112676056338,0.433400402414487,0.392354124748491
2,672,0,0,0,4,53,398,1019,1006,2480,0.0,0.0,0.0,0.001612903225806,0.021370967741935,0.160483870967742,0.410887096774194,0.405645161290323
2,673,0,0,0,4,49,376,1035,1011,2475,0.0,0.0,0.0,0.001616161616162,0.01979797979798,0.151919191919192,0.418181818181818,0.408484848484849
2,674,0,0,0,5,62,346,1062,995,2470,0.0,0.0,0.0,0.002024291497976,0.025101214574899,0.140080971659919,0.42995951417004,0.402834008097166
2,675,0,0,0,6,57,370,1002,1030,2465,0.0,0.0,0.0,0.002434077079108,0.023123732251521,0.150101419878296,0.406490872210953,0.417849898580122
2,676,0,0,0,3,54,387,1037,979,2460,0.0,0.0,0.0,0.001219512195122,0.021951219512195,0.157317073170732,0.421544715447154,0.397967479674797
2,677,0,0,0,2,57,367,1101,928,2455,0.0,0.0,0.0,0.00081466395112,0.023217922606925,0.14949083503055,0.44847250509165,0.378004073319756
2,678,0,0,0,4,58,389,1000,999,2450,0.0,0.0,0.0,0.001632653061224,0.023673469387755,0.158775510204082,0.408163265306122,0.407755102040816
2,679,0,0,0,1,55,363,1071,955,2445,0.0,0.0,0.0,0.00040899795501,0.022494887525562,0.148466257668712,0.438036809815951,0.390593047034765
2,680,0,0,0,1,51,375,1023,990,2440,0.0,0.0,0.0,0.000409836065574,0.020901639344262,0.153688524590164,0.419262295081967,0.405737704918033
2,681,0,0,0,3,61,381,1010,980,2435,0.0,0.0,0.0,0.001232032854209,0.025051334702259,0.1564681724846,0.414784394250513,0.402464065708419
2,682,0,0,0,8,52,367,1042,961,2430,0.0,0.0,0.0,0.003292181069959,0.021399176954733,0.151028806584362,0.42880658436214,0.395473251028807
2,683,0,0,0,5,41,384,1061,934,2425,0.0,0.0,0.0,0.002061855670103,0.016907216494845,0.158350515463918,0.437525773195876,0.385154639175258
2,684,0,0,0,5,50,363,1053,949,2420,0.0,0.0,0.0,0.002066115702479,0.020661157024793,0.15,0.435123966942149,0.392148760330578
2,685,0,0,0,0,49,371,1035,960,2415,0.0,0.0,0.0,0.0,0.020289855072464,0.153623188405797,0.428571428571429,0.397515527950311
2,686,0,0,0,5,56,389,1033,927,2410,0.0,0.0,0.0,0.00207468879668,0.023236514522822,0.161410788381743,0.428630705394191,0.384647302904564
2,687,0,0,0,4,53,363,1004,981,2405,0.0,0.0,0.0,0.001663201663202,0.022037422037422,0.150935550935551,0.417463617463617,0.407900207900208
2,688,0,0,0,2,49,393,1011,945,2400,0.0,0.0,0.0,0.000833333333333,0.020416666666667,0.16375,0.42125,0.39375
2,689,0,0,0,4,54,366,1014,957,2395,0.0,0.0,0.0,0.001670146137787,0.022546972860125,0.152818371607516,0.423382045929019,0.399582463465553
2,690,0,0,0,4,60,331,1016,979,2390,0.0,0.0,0.0,0.001673640167364,0.02510460251046,0.138493723849372,0.42510460251046,0.409623430962343
2,691,0,0,0,5,53,360,972,995,2385,0.0,0.0,0.0,0.0020964360587,0.022222222222222,0.150943396226415,0.407547169811321,0.417190775681342
2,692,0,0,0,8,57,354,1013,948,2380,0.0,0.0,0.0,0.003361344537815,0.023949579831933,0.148739495798319,0.42563025210084,0.398319327731092
2,693,0,0,0,5,43,340,1016,971,2375,0.0,0.0,0.0,0.002105263157895,0.018105263157895,0.143157894736842,0.427789473684211,0.408842105263158
2,694,0,0,0,3,66,343,981,977,2370,0.0,0.0,0.0,0.00126582278481,0.027848101265823,0.144725738396624,0.413924050632911,0.412236286919831
2,695,0,0,0,0,53,355,972,985,2365,0.0,0.0,0.0,0.0,0.022410147991543,0.150105708245243,0.410993657505285,0.416490486257928
2,696,0,0,0,1,55,350,983,971,2360,0.0,0.0,0.0,0.000423728813559,0.023305084745763,0.148305084745763,0.416525423728814,0.411440677966102
2,697,0,0,0,4,50,346,983,972,2355,0.0,0.0,0.0,0.001698513800425,0.021231422505308,0.14692144373673,0.417409766454352,0.412738853503185
2,698,0,0,0,2,57,367,1008,916,2350,0.0,0.0,0.0,0.000851063829787,0.024255319148936,0.156170212765957,0.428936170212766,0.389787234042553
2,699,0,0,0,3,61,341,1005,935,2345,0.0,0.0,0.0,0.001279317697228,0.026012793176972,0.145415778251599,0.428571428571429,0.398720682302772
2,700,0,0,0,1,43,332,1010,954,2340,0.0,0.0,0.0,0.00042735042735,0.018376068376068,0.141880341880342,0.431623931623932,0.407692307692308
2,701,0,0,0,2,49,355,1013,916,2335,0.0,0.0,0.0,0.000856531049251,0.020985010706638,0.15203426124197,0.433832976445396,0.392291220556745
2,702,0,0,0,3,56,371,958,942,2330,0.0,0.0,0.0,0.001287553648069,0.024034334763948,0.159227467811159,0.411158798283262,0.404291845493562
2,703,0,0,0,3,69,326,982,945,2325,0.0,0.0,0.0,0.001290322580645,0.029677419354839,0.140215053763441,0.422365591397849,0.406451612903226
2,704,0,0,0,2,58,362,986,912,2320,0.0,0.0,0.0,0.000862068965517,0.025,0.156034482758621,0.425,0.393103448275862
2,705,0,0,0,4,53,321,1007,930,2315,0.0,0.0,0.0,0.001727861771058,0.022894168466523,0.13866090712743,0.434989200863931,0.401727861771058
2,706,0,0,0,4,53,345,1000,908,2310,0.0,0.0,0.0,0.001731601731602,0.022943722943723,0.149350649350649,0.432900432900433,0.393073593073593
2,707,0,0,0,1,58,334,938,974,2305,0.0,0.0,0.0,0.000433839479393,0.025162689804772,0.144902386117137,0.406941431670282,0.422559652928416
2,708,0,0,1,6,56,317,979,941,2300,0.0,0.0,0.000434782608696,0.002608695652174,0.024347826086957,0.137826086956522,0.425652173913043,0.409130434782609
2,709,0,0,0,1,45,357,996,896,2295,0.0,0.0,0.0,0.000435729847495,0.019607843137255,0.155555555555556,0.433986928104575,0.39041394335512
2,710,0,0,0,1,51,353,945,940,2290,0.0,0.0,0.0,0.000436681222707,0.022270742358079,0.154148471615721,0.412663755458515,0.410480349344978
2,711,0,0,0,1,54,331,954,945,2285,0.0,0.0,0.0,0.000437636761488,0.02363238512035,0.144857768052516,0.417505470459519,0.413566739606127
2,712,0,0,0,2,53,343,988,894,2280,0.0,0.0,0.0,0.000877192982456,0.023245614035088,0.150438596491228,0.433333333333333,0.392105263157895
2,713,0,0,0,2,38,321,987,927,2275,0.0,0.0,0.0,0.000879120879121,0.016703296703297,0.141098901098901,0.433846153846154,0.407472527472527
2,714,0,0,0,2,52,311,967,938,2270,0.0,0.0,0.0,0.000881057268722,0.022907488986784,0.137004405286344,0.425991189427313,0.413215859030837
2,715,0,0,0,2,40,354,999,870,2265,0.0,0.0,0.0,0.000883002207506,0.01766004415011,0.156291390728477,0.441059602649007,0.384105960264901
2,716,0,0,0,4,46,305,984,921,2260,0.0,0.0,0.0,0.001769911504425,0.020353982300885,0.134955752212389,0.435398230088496,0.407522123893805
2,717,0,0,0,5,62,317,942,929,2255,0.0,0.0,0.0,0.002217294900222,0.027494456762749,0.140576496674058,0.417738359201774,0.411973392461197
2,718,0,0,1,1,55,373,943,877,2250,0.0,0.0,0.000444444444444,0.000444444444444,0.024444444444444,0.165777777777778,0.419111111111111,0.389777777777778
2,719,0,0,0,2,51,327,993,872,2245,0.0,0.0,0.0,0.000890868596882,0.02271714922049,0.1456570155902,0.442316258351893,0.388418708240535
2,720,0,0,0,4,42,351,945,898,2240,0.0,0.0,0.0,0.001785714285714,0.01875,0.156696428571429,0.421875,0.400892857142857
2,721,0,0,0,3,54,344,947,887,2235,0.0,0.0,0.0,0.001342281879195,0.024161073825503,0.153914988814318,0.423713646532438,0.396868008948546
2,722,0,0,0,4,36,360,936,894,2230,0.0,0.0,0.0,0.001793721973094,0.016143497757848,0.161434977578475,0.419730941704036,0.400896860986547
2,723,0,0,0,3,55,365,963,839,2225,0.0,0.0,0.0,0.001348314606742,0.024719101123596,0.164044943820225,0.432808988764045,0.377078651685393
2,724,0,0,0,4,44,350,972,850,2220,0.0,0.0,0.0,0.001801801801802,0.01981981981982,0.157657657657658,0.437837837837838,0.382882882882883
2,725,0,0,0,1,39,361,902,912,2215,0.0,0.0,0.0,0.000451467268623,0.017607223476298,0.162979683972912,0.407223476297968,0.411738148984199
2,726,0,0,1,4,39,318,954,894,2210,0.0,0.0,0.000452488687783,0.001809954751131,0.017647058823529,0.143891402714932,0.431674208144796,0.404524886877828
2,727,0,0,0,5,50,341,931,878,2205,0.0,0.0,0.0,0.002267573696145,0.022675736961451,0.154648526077098,0.422222222222222,0.398185941043084
2,728,0,0,0,4,52,326,958,860,2200,0.0,0.0,0.0,0.001818181818182,0.023636363636364,0.148181818181818,0.435454545454545,0.390909090909091
2,729,0,0,0,3,39,318,928,907,2195,0.0,0.0,0.0,0.001366742596811,0.017767653758542,0.144874715261959,0.422779043280182,0.413211845102506
2,730,0,0,0,3,62,344,905,876,2190,0.0,0.0,0.0,0.001369863013699,0.028310502283105,0.157077625570776,0.41324200913242,0.4
2,731,0,0,0,0,52,329,945,859,2185,0.0,0.0,0.0,0.0,0.023798627002288,0.150572082379863,0.432494279176201,0.393135011441648
2,732,0,0,0,1,45,329,891,914,2180,0.0,0.0,0.0,0.00045871559633,0.020642201834862,0.150917431192661,0.408715596330275,0.419266055045872
2,733,0,0,0,2,52,317,917,887,2175,0.0,0.0,0.0,0.000919540229885,0.023908045977011,0.145747126436782,0.421609195402299,0.407816091954023
2,734,0,0,0,3,46,320,951,850,2170,0.0,0.0,0.0,0.001382488479263,0.021198156682028,0.147465437788018,0.438248847926267,0.391705069124424
2,735,0,0,0,1,42,305,926,891,2165,0.0,0.0,0.0,0.000461893764434,0.019399538106236,0.140877598152425,0.427713625866051,0.411547344110855
2,736,0,0,0,1,54,360,889,856,2160,0.0,0.0,0.0,0.000462962962963,0.025,0.166666666666667,0.411574074074074,0.396296296296296
2,737,0,0,0,0,65,305,947,838,2155,0.0,0.0,0.0,0.0,0.030162412993039,0.1415313225058,0.439443155452436,0.388863109048724
2,738,0,0,0,4,62,338,918,828,2150,0.0,0.0,0.0,0.001860465116279,0.028837209302326,0.157209302325581,0.426976744186047,0.385116279069767
2,739,0,0,0,2,55,334,918,836,2145,0.0,0.0,0.0,0.000932400932401,0.025641025641026,0.155710955710956,0.427972027972028,0.38974358974359
2,740,0,0,0,2,57,310,942,829,2140,0.0,0.0,0.0,0.000934579439252,0.026635514018692,0.144859813084112,0.44018691588785,0.387383177570093
2,741,0,0,0,3,50,313,884,885,2135,0.0,0.0,0.0,0.001405152224824,0.023419203747073,0.146604215456674,0.414051522248244,0.414519906323185
2,742,0,0,0,5,43,347,860,875,2130,0.0,0.0,0.0,0.002347417840376,0.02018779342723,0.162910798122066,0.403755868544601,0.410798122065728
2,743,0,0,0,2,43,329,917,834,2125,0.0,0.0,0.0,0.000941176470588,0.020235294117647,0.154823529411765,0.431529411764706,0.392470588235294
2,744,0,0,0,1,51,336,888,844,2120,0.0,0.0,0.0,0.000471698113208,0.024056603773585,0.158490566037736,0.418867924528302,0.39811320754717
2,745,0,0,0,1,34,329,900,851,2115,0.0,0.0,0.0,0.000472813238771,0.016075650118203,0.155555555555556,0.425531914893617,0.402364066193853
2,746,0,0,0,1,48,339,868,854,2110,0.0,0.0,0.0,0.000473933649289,0.022748815165877,0.160663507109005,0.411374407582938,0.404739336492891
2,747,0,0,0,3,47,340,874,841,2105,0.0,0.0,0.0,0.001425178147268,0.022327790973872,0.161520190023753,0.41520190023753,0.399524940617577
2,748,0,0,0,2,46,305,900,847,2100,0.0,0.0,0.0,0.000952380952381,0.021904761904762,0.145238095238095,0.428571428571429,0.403333333333333
2,749,0,0,0,3,28,320,870,874,2095,0.0,0.0,0.0,0.001431980906921,0.013365155131265,0.152744630071599,0.41527446300716,0.417183770883055
2,750,0,0,0,1,58,314,874,843,2090,0.0,0.0,0.0,0.000478468899522,0.027751196172249,0.150239234449761,0.418181818181818,0.403349282296651
2,751,0,0,0,1,44,335,891,814,2085,0.0,0.0,0.0,0.000479616306954,0.021103117505995,0.160671462829736,0.427338129496403,0.390407673860911
2,752,0,0,0,4,51,310,872,843,2080,0.0,0.0,0.0,0.001923076923077,0.024519230769231,0.149038461538462,0.419230769230769,0.405288461538462
2,753,0,0,0,3,37,330,873,832,2075,0.0,0.0,0.0,0.00144578313253,0.017831325301205,0.159036144578313,0.420722891566265,0.400963855421687
2,754,0,0,0,3,52,300,889,826,2070,0.0,0.0,0.0,0.001449275362319,0.02512077294686,0.144927536231884,0.429468599033816,0.399033816425121
2,755,0,0,0,1,52,329,864,819,2065,0.0,0.0,0.0,0.000484261501211,0.025181598062954,0.159322033898305,0.418401937046005,0.396610169491525
2,756,0,0,0,3,51,297,904,805,2060,0.0,0.0,0.0,0.001456310679612,0.024757281553398,0.144174757281553,0.438834951456311,0.390776699029126
2,757,0,0,0,3,49,311,859,833,2055,0.0,0.0,0.0,0.001459854014599,0.023844282238443,0.151338199513382,0.418004866180049,0.405352798053528
2,758,0,0,0,1,33,323,882,811,2050,0.0,0.0,0.0,0.000487804878049,0.01609756097561,0.157560975609756,0.430243902439024,0.395609756097561
2,759,0,0,0,4,41,316,852,832,2045,0.0,0.0,0.0,0.001955990220049,0.020048899755501,0.154523227383863,0.416625916870416,0.406845965770171
2,760,0,0,0,3,44,311,836,846,2040,0.0,0.0,0.0,0.001470588235294,0.02156862745098,0.152450980392157,0.409803921568627,0.414705882352941
2,761,0,0,0,4,37,310,829,855,2035,0.0,0.0,0.0,0.001965601965602,0.018181818181818,0.152334152334152,0.407371007371007,0.42014742014742
2,762,0,0,0,2,48,314,881,785,2030,0.0,0.0,0.0,0.000985221674877,0.023645320197044,0.154679802955665,0.433990147783251,0.386699507389163
2,763,0,0,0,2,45,306,849,823,2025,0.0,0.0,0.0,0.000987654320988,0.022222222222222,0.151111111111111,0.419259259259259,0.40641975308642
2,764,0,0,0,5,33,313,855,814,2020,0.0,0.0,0.0,0.002475247524752,0.016336633663366,0.154950495049505,0.423267326732673,0.402970297029703
2,765,0,0,0,6,42,322,843,802,2015,0.0,0.0,0.0,0.002977667493797,0.020843672456576,0.159801488833747,0.418362282878412,0.398014888337469
2,766,0,0,0,1,35,301,814,859,2010,0.0,0.0,0.0,0.000497512437811,0.017412935323383,0.149751243781095,0.404975124378109,0.427363184079602
2,767,0,0,0,4,43,303,868,787,2005,0.0,0.0,0.0,0.001995012468828,0.0214463840399,0.151122194513716,0.432917705735661,0.392518703241895
2,768,0,0,0,1,41,319,837,802,2000,0.0,0.0,0.0,0.0005,0.0205,0.1595,0.4185,0.401
2,769,0,0,0,6,38,296,835,820,1995,0.0,0.0,0.0,0.003007518796992,0.019047619047619,0.148370927318296,0.418546365914787,0.411027568922306
2,770,0,0,0,7,37,303,790,853,1990,0.0,0.0,0.0,0.003517587939698,0.018592964824121,0.152261306532663,0.396984924623116,0.428643216080402
2,771,0,0,0,4,50,308,862,761,1985,0.0,0.0,0.0,0.002015113350126,0.025188916876574,0.155163727959698,0.434256926952141,0.383375314861461
2,772,0,0,0,1,39,320,804,816,1980,0.0,0.0,0.0,0.000505050505051,0.01969696969697,0.161616161616162,0.406060606060606,0.412121212121212
2,773,0,0,0,3,36,334,811,791,1975,0.0,0.0,0.0,0.001518987341772,0.018227848101266,0.169113924050633,0.410632911392405,0.400506329113924
2,774,0,0,0,1,36,328,805,800,1970,0.0,0.0,0.0,0.000507614213198,0.018274111675127,0.166497461928934,0.408629441624365,0.406091370558376
2,775,0,0,0,1,54,315,832,763,1965,0.0,0.0,0.0,0.000508905852417,0.027480916030534,0.16030534351145,0.423409669211196,0.388295165394402
2,776,0,0,0,3,47,312,818,780,1960,0.0,0.0,0.0,0.001530612244898,0.023979591836735,0.159183673469388,0.41734693877551,0.397959183673469
2,777,0,0,0,4,44,299,804,804,1955,0.0,0.0,0.0,0.002046035805627,0.022506393861893,0.152941176470588,0.411253196930946,0.411253196930946
2,778,0,0,0,6,50,300,806,788,1950,0.0,0.0,0.0,0.003076923076923,0.025641025641026,0.153846153846154,0.413333333333333,0.404102564102564
2,779,0,0,0,2,41,286,845,771,1945,0.0,0.0,0.0,0.001028277634961,0.02107969151671,0.147043701799486,0.434447300771208,0.396401028277635
2,780,0,0,0,2,34,288,825,791,1940,0.0,0.0,0.0,0.001030927835052,0.017525773195876,0.148453608247423,0.425257731958763,0.407731958762887
2,781,0,0,0,3,48,286,792,806,1935,0.0,0.0,0.0,0.001550387596899,0.024806201550388,0.147803617571059,0.409302325581395,0.416537467700258
2,782,0,0,0,3,44,299,834,750,1930,0.0,0.0,0.0,0.001554404145078,0.02279792746114,0.154922279792746,0.432124352331606,0.38860103626943
2,783,0,0,1,2,37,305,803,777,1925,0.0,0.0,0.000519480519481,0.001038961038961,0.019220779220779,0.158441558441558,0.417142857142857,0.403636363636364
2,784,0,0,0,5,51,254,803,807,1920,0.0,0.0,0.0,0.002604166666667,0.0265625,0.132291666666667,0.418229166666667,0.4203125
2,785,0,0,0,1,51,283,807,773,1915,0.0,0.0,0.0,0.000522193211488,0.026631853785901,0.147780678851175,0.421409921671018,0.403655352480418
2,786,0,0,0,1,52,273,836,748,1910,0.0,0.0,0.0,0.000523560209424,0.027225130890052,0.142931937172775,0.437696335078534,0.391623036649215
2,787,0,0,0,0,34,330,805,736,1905,0.0,0.0,0.0,0.0,0.017847769028871,0.173228346456693,0.42257217847769,0.386351706036745
2,788,0,0,0,2,41,274,848,735,1900,0.0,0.0,0.0,0.001052631578947,0.021578947368421,0.144210526315789,0.446315789473684,0.386842105263158
2,789,0,0,0,2,52,296,796,749,1895,0.0,0.0,0.0,0.001055408970976,0.027440633245383,0.156200527704485,0.420052770448549,0.395250659630607
2,790,0,0,0,3,42,285,815,745,1890,0.0,0.0,0.0,0.001587301587302,0.022222222222222,0.150793650793651,0.431216931216931,0.394179894179894
2,791,0,0,0,2,42,285,803,753,1885,0.0,0.0,0.0,0.00106100795756,0.022281167108753,0.151193633952255,0.425994694960212,0.39946949602122
2,792,0,0,0,2,46,290,783,759,1880,0.0,0.0,0.0,0.001063829787234,0.024468085106383,0.154255319148936,0.416489361702128,0.403723404255319
2,793,0,0,0,2,35,288,768,782,1875,0.0,0.0,0.0,0.001066666666667,0.018666666666667,0.1536,0.4096,0.417066666666667
2,794,0,0,0,6,44,291,823,706,1870,0.0,0.0,0.0,0.003208556149733,0.023529411764706,0.155614973262032,0.440106951871658,0.377540106951872
2,795,0,0,0,2,32,263,808,760,1865,0.0,0.0,0.0,0.001072386058981,0.0171581769437,0.141018766756032,0.433243967828418,0.407506702412869
2,796,0,0,0,3,38,284,782,753,1860,0.0,0.0,0.0,0.001612903225806,0.020430107526882,0.152688172043011,0.420430107526882,0.404838709677419
2,797,0,0,0,4,44,275,815,717,1855,0.0,0.0,0.0,0.002156334231806,0.023719676549865,0.148247978436658,0.439353099730458,0.386522911051213
2,798,0,0,0,3,25,255,796,771,1850,0.0,0.0,0.0,0.001621621621622,0.013513513513514,0.137837837837838,0.43027027027027,0.416756756756757
2,799,0,0,0,4,42,271,796,732,1845,0.0,0.0,0.0,0.002168021680217,0.022764227642276,0.146883468834688,0.431436314363144,0.396747967479675
2,800,0,0,1,5,40,306,765,723,1840,0.0,0.0,0.00054347826087,0.002717391304348,0.021739130434783,0.166304347826087,0.415760869565217,0.392934782608696
2,801,0,0,0,3,39,287,753,753,1835,0.0,0.0,0.0,0.001634877384196,0.02125340599455,0.156403269754768,0.410354223433243,0.410354223433243
2,802,0,0,0,3,50,271,757,749,1830,0.0,0.0,0.0,0.001639344262295,0.027322404371585,0.148087431693989,0.413661202185792,0.409289617486339
2,803,0,0,0,0,41,257,762,765,1825,0.0,0.0,0.0,0.0,0.022465753424658,0.140821917808219,0.417534246575342,0.419178082191781
2,804,0,0,0,0,39,292,772,717,1820,0.0,0.0,0.0,0.0,0.021428571428571,0.16043956043956,0.424175824175824,0.393956043956044
2,805,0,0,0,1,44,286,762,722,1815,0.0,0.0,0.0,0.000550964187328,0.024242424242424,0.157575757575758,0.419834710743802,0.397796143250689
2,806,0,0,0,1,44,287,738,740,1810,0.0,0.0,0.0,0.000552486187845,0.024309392265193,0.158563535911602,0.407734806629834,0.408839779005525
2,807,0,0,0,1,41,261,780,722,1805,0.0,0.0,0.0,0.000554016620499,0.022714681440443,0.144598337950139,0.43213296398892,0.4
2,808,0,0,0,2,36,268,768,726,1800,0.0,0.0,0.0,0.001111111111111,0.02,0.148888888888889,0.426666666666667,0.403333333333333
2,809,0,0,1,4,32,284,768,706,1795,0.0,0.0,0.000557103064067,0.002228412256267,0.017827298050139,0.158217270194986,0.427855153203343,0.393314763231198
2,810,0,0,0,4,35,281,795,675,1790,0.0,0.0,0.0,0.002234636871508,0.019553072625698,0.156983240223464,0.444134078212291,0.377094972067039
2,811,0,0,0,4,46,261,732,742,1785,0.0,0.0,0.0,0.002240896358543,0.025770308123249,0.146218487394958,0.410084033613445,0.415686274509804
2,812,0,0,0,2,36,270,753,719,1780,0.0,0.0,0.0,0.001123595505618,0.020224719101124,0.151685393258427,0.423033707865169,0.403932584269663
2,813,0,0,0,1,54,268,751,701,1775,0.0,0.0,0.0,0.00056338028169,0.030422535211268,0.150985915492958,0.423098591549296,0.394929577464789
2,814,0,0,0,1,33,285,780,671,1770,0.0,0.0,0.0,0.000564971751412,0.01864406779661,0.161016949152542,0.440677966101695,0.37909604519774
2,815,0,0,1,0,46,279,725,714,1765,0.0,0.0,0.00056657223796,0.0,0.026062322946176,0.158073654390935,0.410764872521246,0.404532577903683
2,816,0,0,0,0,39,264,763,694,1760,0.0,0.0,0.0,0.0,0.022159090909091,0.15,0.433522727272727,0.394318181818182
2,817,0,0,0,2,41,265,759,688,1755,0.0,0.0,0.0,0.001139601139601,0.023361823361823,0.150997150997151,0.432478632478632,0.392022792022792
2,818,0,0,0,6,40,262,753,689,1750,0.0,0.0,0.0,0.003428571428571,0.022857142857143,0.149714285714286,0.430285714285714,0.393714285714286
2,819,0,0,0,0,32,253,747,713,1745,0.0,0.0,0.0,0.0,0.018338108882521,0.144985673352436,0.428080229226361,0.408595988538682
2,820,0,0,0,4,37,289,715,695,1740,0.0,0.0,0.0,0.002298850574713,0.021264367816092,0.166091954022989,0.410919540229885,0.399425287356322
2,821,0,0,0,1,35,258,753,688,1735,0.0,0.0,0.0,0.000576368876081,0.020172910662824,0.148703170028818,0.434005763688761,0.396541786743516
2,822,0,0,0,4,33,259,697,737,1730,0.0,0.0,0.0,0.002312138728324,0.019075144508671,0.14971098265896,0.402890173410405,0.426011560693642
2,823,0,0,0,1,37,282,722,683,1725,0.0,0.0,0.0,0.000579710144928,0.021449275362319,0.163478260869565,0.418550724637681,0.395942028985507
2,824,0,0,0,2,33,243,742,700,1720,0.0,0.0,0.0,0.001162790697674,0.019186046511628,0.141279069767442,0.431395348837209,0.406976744186047
2,825,0,0,0,1,30,250,736,698,1715,0.0,0.0,0.0,0.000583090379009,0.017492711370262,0.145772594752187,0.429154518950437,0.406997084548105
2,826,0,0,1,1,39,236,704,729,1710,0.0,0.0,0.000584795321637,0.000584795321637,0.02280701754386,0.138011695906433,0.411695906432749,0.426315789473684
2,827,0,0,0,2,31,272,717,683,1705,0.0,0.0,0.0,0.001173020527859,0.018181818181818,0.159530791788856,0.420527859237537,0.40058651026393
2,828,0,0,0,1,32,242,747,678,1700,0.0,0.0,0.0,0.000588235294118,0.018823529411765,0.142352941176471,0.439411764705882,0.398823529411765
2,829,0,0,0,0,35,261,742,657,1695,0.0,0.0,0.0,0.0,0.020648967551622,0.153982300884956,0.437758112094395,0.387610619469027
2,830,0,0,0,2,46,264,757,621,1690,0.0,0.0,0.0,0.001183431952663,0.027218934911243,0.156213017751479,0.44792899408284,0.367455621301775
2,831,0,0,0,1,40,262,707,675,1685,0.0,0.0,0.0,0.000593471810089,0.023738872403561,0.155489614243323,0.419584569732938,0.400593471810089
2,832,0,0,0,3,41,256,695,685,1680,0.0,0.0,0.0,0.001785714285714,0.024404761904762,0.152380952380952,0.413690476190476,0.407738095238095
2,833,0,0,0,3,37,248,735,652,1675,0.0,0.0,0.0,0.001791044776119,0.022089552238806,0.148059701492537,0.438805970149254,0.389253731343284
2,834,0,0,0,4,28,274,697,667,1670,0.0,0.0,0.0,0.002395209580838,0.016766467065868,0.164071856287425,0.417365269461078,0.39940119760479
2,835,0,0,0,4,41,245,746,629,1665,0.0,0.0,0.0,0.002402402402402,0.024624624624625,0.147147147147147,0.448048048048048,0.377777777777778
2,836,0,0,0,3,41,280,709,627,1660,0.0,0.0,0.0,0.001807228915663,0.024698795180723,0.168674698795181,0.42710843373494,0.377710843373494
2,837,0,0,0,0,26,263,710,656,1655,0.0,0.0,0.0,0.0,0.01570996978852,0.158912386706949,0.429003021148036,0.396374622356495
2,838,0,0,0,4,29,266,695,656,1650,0.0,0.0,0.0,0.002424242424242,0.017575757575758,0.161212121212121,0.421212121212121,0.397575757575758
2,839,0,0,0,2,41,260,689,653,1645,0.0,0.0,0.0,0.001215805471125,0.024924012158055,0.158054711246201,0.418844984802432,0.396960486322188
2,840,0,0,0,3,26,244,721,646,1640,0.0,0.0,0.0,0.001829268292683,0.015853658536585,0.148780487804878,0.439634146341463,0.39390243902439
2,841,0,0,0,6,28,241,703,657,1635,0.0,0.0,0.0,0.003669724770642,0.017125382262997,0.147400611620795,0.429969418960245,0.401834862385321
2,842,0,0,0,1,35,247,722,625,1630,0.0,0.0,0.0,0.000613496932515,0.021472392638037,0.151533742331288,0.442944785276074,0.383435582822086
2,843,0,0,0,2,35,260,688,640,1625,0.0,0.0,0.0,0.001230769230769,0.021538461538462,0.16,0.423384615384615,0.393846153846154
2,844,0,0,0,0,30,220,707,663,1620,0.0,0.0,0.0,0.0,0.018518518518519,0.135802469135802,0.43641975308642,0.409259259259259
2,845,0,0,0,2,33,216,711,653,1615,0.0,0.0,0.0,0.001238390092879,0.020433436532508,0.13374613003096,0.440247678018576,0.404334365325077
2,846,0,0,1,5,30,244,695,635,1610,0.0,0.0,0.000621118012422,0.003105590062112,0.018633540372671,0.151552795031056,0.43167701863354,0.394409937888199
2,847,0,0,0,0,35,247,679,644,1605,0.0,0.0,0.0,0.0,0.021806853582555,0.153894080996885,0.423052959501558,0.401246105919003
2,848,0,0,0,4,44,225,660,667,1600,0.0,0.0,0.0,0.0025,0.0275,0.140625,0.4125,0.416875
2,849,0,0,0,1,23,238,666,667,1595,0.0,0.0,0.0,0.000626959247649,0.014420062695925,0.149216300940439,0.417554858934169,0.418181818181818
2,850,0,0,0,4,39,246,644,657,1590,0.0,0.0,0.0,0.00251572327044,0.024528301886792,0.154716981132075,0.405031446540881,0.413207547169811
2,851,0,0,0,2,29,277,670,607,1585,0.0,0.0,0.0,0.001261829652997,0.018296529968454,0.174763406940063,0.422712933753943,0.382965299684543
2,852,0,0,0,5,41,231,662,641,1580,0.0,0.0,0.0,0.003164556962025,0.025949367088608,0.14620253164557,0.418987341772152,0.405696202531646
2,853,0,0,0,2,26,226,680,641,1575,0.0,0.0,0.0,0.001269841269841,0.016507936507937,0.143492063492064,0.431746031746032,0.406984126984127
2,854,0,0,0,2,30,233,667,638,1570,0.0,0.0,0.0,0.001273885350318,0.019108280254777,0.148407643312102,0.42484076433121,0.406369426751592
2,855,0,0,0,1,38,213,646,667,1565,0.0,0.0,0.0,0.000638977635783,0.024281150159744,0.136102236421725,0.412779552715655,0.426198083067093
2,856,0,0,0,4,42,248,630,636,1560,0.0,0.0,0.0,0.002564102564103,0.026923076923077,0.158974358974359,0.403846153846154,0.407692307692308
2,857,0,0,0,0,25,241,653,636,1555,0.0,0.0,0.0,0.0,0.016077170418006,0.154983922829582,0.419935691318328,0.409003215434084
2,858,0,0,0,3,29,212,672,634,1550,0.0,0.0,0.0,0.001935483870968,0.018709677419355,0.136774193548387,0.433548387096774,0.409032258064516
2,859,0,0,0,4,39,234,656,612,1545,0.0,0.0,0.0,0.002588996763754,0.025242718446602,0.151456310679612,0.424595469255663,0.396116504854369
2,860,0,0,0,4,33,249,649,605,1540,0.0,0.0,0.0,0.002597402597403,0.021428571428571,0.161688311688312,0.421428571428571,0.392857142857143
2,861,0,0,0,1,31,244,671,588,1535,0.0,0.0,0.0,0.000651465798046,0.020195439739414,0.158957654723127,0.437133550488599,0.383061889250814
2,862,0,0,0,0,28,239,664,599,1530,0.0,0.0,0.0,0.0,0.018300653594771,0.156209150326797,0.433986928104575,0.391503267973856
2,863,0,0,0,0,31,210,648,636,1525,0.0,0.0,0.0,0.0,0.020327868852459,0.137704918032787,0.424918032786885,0.417049180327869
2,864,0,0,0,0,37,217,631,635,1520,0.0,0.0,0.0,0.0,0.024342105263158,0.142763157894737,0.415131578947368,0.417763157894737
2,865,0,0,0,2,32,226,660,595,1515,0.0,0.0,0.0,0.001320132013201,0.021122112211221,0.149174917491749,0.435643564356436,0.392739273927393
2,866,0,0,0,2,31,219,641,617,1510,0.0,0.0,0.0,0.001324503311258,0.020529801324503,0.145033112582781,0.424503311258278,0.408609271523179
2,867,0,0,0,2,22,236,639,606,1505,0.0,0.0,0.0,0.001328903654485,0.014617940199336,0.156810631229236,0.424584717607973,0.40265780730897
2,868,0,0,0,3,25,210,650,612,1500,0.0,0.0,0.0,0.002,0.016666666666667,0.14,0.433333333333333,0.408
2,869,0,0,0,2,35,211,645,602,1495,0.0,0.0,0.0,0.00133779264214,0.023411371237458,0.141137123745819,0.431438127090301,0.402675585284281
2,870,0,0,0,2,17,243,644,584,1490,0.0,0.0,0.0,0.001342281879195,0.011409395973154,0.163087248322148,0.432214765100671,0.391946308724832
2,871,0,0,0,0,32,211,659,583,1485,0.0,0.0,0.0,0.0,0.021548821548822,0.142087542087542,0.443771043771044,0.392592592592593
2,872,0,0,0,0,35,243,647,555,1480,0.0,0.0,0.0,0.0,0.023648648648649,0.164189189189189,0.437162162162162,0.375
2,873,0,0,0,1,26,234,626,588,1475,0.0,0.0,0.0,0.000677966101695,0.017627118644068,0.15864406779661,0.424406779661017,0.39864406779661
2,874,0,0,0,2,27,218,644,579,1470,0.0,0.0,0.0,0.001360544217687,0.018367346938776,0.148299319727891,0.438095238095238,0.393877551020408
2,875,0,0,0,2,31,208,636,588,1465,0.0,0.0,0.0,0.001365187713311,0.021160409556314,0.1419795221843,0.434129692832764,0.401365187713311
2,876,0,0,0,2,34,209,640,575,1460,0.0,0.0,0.0,0.001369863013699,0.023287671232877,0.143150684931507,0.438356164383562,0.393835616438356
2,877,0,0,0,1,27,225,609,593,1455,0.0,0.0,0.0,0.000687285223368,0.018556701030928,0.154639175257732,0.418556701030928,0.407560137457045
2,878,0,0,0,3,31,229,606,581,1450,0.0,0.0,0.0,0.002068965517241,0.021379310344828,0.157931034482759,0.417931034482759,0.400689655172414
2,879,0,0,0,4,31,238,618,554,1445,0.0,0.0,0.0,0.002768166089965,0.021453287197232,0.164705882352941,0.427681660899654,0.383391003460208
2,880,0,0,0,1,40,229,573,597,1440,0.0,0.0,0.0,0.000694444444444,0.027777777777778,0.159027777777778,0.397916666666667,0.414583333333333
2,881,0,0,0,1,27,234,580,593,1435,0.0,0.0,0.0,0.000696864111498,0.018815331010453,0.163066202090592,0.40418118466899,0.413240418118467
2,882,0,0,0,1,30,190,621,588,1430,0.0,0.0,0.0,0.000699300699301,0.020979020979021,0.132867132867133,0.434265734265734,0.411188811188811
2,883,0,0,0,1,36,236,577,575,1425,0.0,0.0,0.0,0.000701754385965,0.025263157894737,0.165614035087719,0.404912280701754,0.403508771929825
2,884,0,0,0,3,30,210,602,575,1420,0.0,0.0,0.0,0.002112676056338,0.02112676056338,0.147887323943662,0.423943661971831,0.404929577464789
2,885,0,0,0,3,36,206,571,599,1415,0.0,0.0,0.0,0.002120141342756,0.025441696113074,0.145583038869258,0.403533568904594,0.423321554770318
2,886,0,0,0,1,41,222,610,536,1410,0.0,0.0,0.0,0.000709219858156,0.029078014184397,0.157446808510638,0.432624113475177,0.380141843971631
2,887,0,0,0,2,30,218,574,581,1405,0.0,0.0,0.0,0.001423487544484,0.02135231316726,0.155160142348754,0.408540925266904,0.413523131672598
2,888,0,0,0,0,30,205,576,589,1400,0.0,0.0,0.0,0.0,0.021428571428571,0.146428571428571,0.411428571428571,0.420714285714286
2,889,0,0,0,2,32,217,609,535,1395,0.0,0.0,0.0,0.001433691756272,0.022939068100358,0.155555555555556,0.436559139784946,0.383512544802867
2,890,0,0,0,5,27,217,598,543,1390,0.0,0.0,0.0,0.003597122302158,0.019424460431655,0.156115107913669,0.43021582733813,0.390647482014388
2,891,0,0,0,5,29,228,573,550,1385,0.0,0.0,0.0,0.003610108303249,0.020938628158845,0.164620938628159,0.413718411552347,0.397111913357401
2,892,0,0,0,1,27,218,598,536,1380,0.0,0.0,0.0,0.000724637681159,0.019565217391304,0.157971014492754,0.433333333333333,0.388405797101449
2,893,0,0,0,1,29,204,582,559,1375,0.0,0.0,0.0,0.000727272727273,0.021090909090909,0.148363636363636,0.423272727272727,0.406545454545455
2,894,0,0,0,2,27,213,609,519,1370,0.0,0.0,0.0,0.001459854014599,0.01970802919708,0.155474452554745,0.444525547445255,0.378832116788321
2,895,0,0,0,4,27,209,586,539,1365,0.0,0.0,0.0,0.002930402930403,0.01978021978022,0.153113553113553,0.429304029304029,0.394871794871795
2,896,0,0,0,2,36,225,549,548,1360,0.0,0.0,0.0,0.001470588235294,0.026470588235294,0.165441176470588,0.403676470588235,0.402941176470588
2,897,0,0,0,0,21,186,571,577,1355,0.0,0.0,0.0,0.0,0.01549815498155,0.137269372693727,0.42140221402214,0.425830258302583
2,898,0,0,0,1,30,201,566,552,1350,0.0,0.0,0.0,0.000740740740741,0.022222222222222,0.148888888888889,0.419259259259259,0.408888888888889
2,899,0,0,0,3,29,223,565,525,1345,0.0,0.0,0.0,0.002230483271375,0.021561338289963,0.165799256505576,0.420074349442379,0.390334572490706
2,900,0,0,0,0,19,207,579,535,1340,0.0,0.0,0.0,0.0,0.014179104477612,0.154477611940299,0.432089552238806,0.399253731343284
2,901,0,0,0,2,27,199,606,501,1335,0.0,0.0,0.0,0.001498127340824,0.020224719101124,0.149063670411985,0.453932584269663,0.375280898876404
2,902,0,0,0,0,27,200,551,552,1330,0.0,0.0,0.0,0.0,0.020300751879699,0.150375939849624,0.414285714285714,0.415037593984962
2,903,0,0,1,3,35,186,555,545,1325,0.0,0.0,0.000754716981132,0.002264150943396,0.026415094339623,0.140377358490566,0.418867924528302,0.411320754716981
2,904,0,0,0,1,24,192,541,562,1320,0.0,0.0,0.0,0.000757575757576,0.018181818181818,0.145454545454545,0.409848484848485,0.425757575757576
2,905,0,0,0,0,39,207,555,514,1315,0.0,0.0,0.0,0.0,0.029657794676806,0.157414448669202,0.422053231939163,0.390874524714829
2,906,0,0,1,1,26,184,562,536,1310,0.0,0.0,0.000763358778626,0.000763358778626,0.019847328244275,0.140458015267176,0.429007633587786,0.409160305343511
2,907,0,0,0,0,26,189,551,539,1305,0.0,0.0,0.0,0.0,0.01992337164751,0.144827586206897,0.422222222222222,0.413026819923372
2,908,0,0,0,1,31,166,567,535,1300,0.0,0.0,0.0,0.000769230769231,0.023846153846154,0.127692307692308,0.436153846153846,0.411538461538462
2,909,0,0,0,0,31,190,553,521,1295,0.0,0.0,0.0,0.0,0.023938223938224,0.146718146718147,0.427027027027027,0.402316602316602
2,910,0,0,0,5,30,214,503,538,1290,0.0,0.0,0.0,0.003875968992248,0.023255813953488,0.165891472868217,0.389922480620155,0.417054263565891
2,911,0,0,0,2,28,193,548,514,1285,0.0,0.0,0.0,0.001556420233463,0.021789883268482,0.150194552529183,0.426459143968872,0.4
2,912,0,0,0,2,43,194,523,518,1280,0.0,0.0,0.0,0.0015625,0.03359375,0.1515625,0.40859375,0.4046875
2,913,0,1,0,4,33,205,512,520,1275,0.0,0.00078431372549,0.0,0.003137254901961,0.025882352941176,0.16078431372549,0.40156862745098,0.407843137254902
2,914,0,0,0,1,22,205,537,505,1270,0.0,0.0,0.0,0.000787401574803,0.017322834645669,0.161417322834646,0.422834645669291,0.397637795275591
2,915,0,0,0,3,22,171,588,481,1265,0.0,0.0,0.0,0.002371541501976,0.017391304347826,0.135177865612648,0.464822134387352,0.380237154150198
2,916,0,0,0,1,23,214,513,509,1260,0.0,0.0,0.0,0.000793650793651,0.018253968253968,0.16984126984127,0.407142857142857,0.403968253968254
2,917,0,0,0,2,34,201,533,485,1255,0.0,0.0,0.0,0.001593625498008,0.027091633466135,0.160159362549801,0.424701195219124,0.386454183266932
2,918,0,0,0,1,32,172,536,509,1250,0.0,0.0,0.0,0.0008,0.0256,0.1376,0.4288,0.4072
2,919,0,0,0,2,38,188,528,489,1245,0.0,0.0,0.0,0.001606425702811,0.030522088353414,0.151004016064257,0.424096385542169,0.392771084337349
2,920,0,0,0,3,28,203,557,449,1240,0.0,0.0,0.0,0.00241935483871,0.02258064516129,0.163709677419355,0.449193548387097,0.362096774193548
2,921,0,0,0,0,22,182,532,499,1235,0.0,0.0,0.0,0.0,0.017813765182186,0.147368421052632,0.430769230769231,0.404048582995951
2,922,0,0,0,4,32,176,536,482,1230,0.0,0.0,0.0,0.003252032520325,0.026016260162602,0.143089430894309,0.435772357723577,0.391869918699187
2,923,0,0,0,1,33,164,566,461,1225,0.0,0.0,0.0,0.000816326530612,0.026938775510204,0.133877551020408,0.462040816326531,0.376326530612245
2,924,0,0,0,3,23,189,512,493,1220,0.0,0.0,0.0,0.002459016393443,0.018852459016393,0.154918032786885,0.419672131147541,0.404098360655738
2,925,0,0,0,1,18,200,485,511,1215,0.0,0.0,0.0,0.00082304526749,0.014814814814815,0.164609053497942,0.39917695473251,0.420576131687243
2,926,0,0,0,1,30,185,496,498,1210,0.0,0.0,0.0,0.000826446280992,0.024793388429752,0.152892561983471,0.409917355371901,0.411570247933884
2,927,0,0,0,0,24,168,528,485,1205,0.0,0.0,0.0,0.0,0.019917012448133,0.139419087136929,0.438174273858921,0.402489626556017
2,928,0,0,0,1,17,175,505,502,1200,0.0,0.0,0.0,0.000833333333333,0.014166666666667,0.145833333333333,0.420833333333333,0.418333333333333
2,929,0,0,0,0,34,184,480,497,1195,0.0,0.0,0.0,0.0,0.028451882845188,0.15397489539749,0.401673640167364,0.415899581589958
2,930,0,0,0,0,35,181,522,452,1190,0.0,0.0,0.0,0.0,0.029411764705882,0.152100840336134,0.438655462184874,0.379831932773109
2,931,0,0,0,1,23,166,520,475,1185,0.0,0.0,0.0,0.00084388185654,0.019409282700422,0.140084388185654,0.438818565400844,0.40084388185654
2,932,0,0,0,0,20,168,501,491,1180,0.0,0.0,0.0,0.0,0.016949152542373,0.142372881355932,0.424576271186441,0.416101694915254
2,933,0,0,0,0,36,176,519,444,1175,0.0,0.0,0.0,0.0,0.03063829787234,0.149787234042553,0.441702127659574,0.377872340425532
2,934,0,0,0,0,27,193,503,447,1170,0.0,0.0,0.0,0.0,0.023076923076923,0.164957264957265,0.42991452991453,0.382051282051282
2,935,0,0,0,0,25,171,490,479,1165,0.0,0.0,0.0,0.0,0.021459227467811,0.146781115879828,0.420600858369099,0.411158798283262
2,936,0,0,0,4,27,159,510,460,1160,0.0,0.0,0.0,0.003448275862069,0.023275862068966,0.137068965517241,0.439655172413793,0.396551724137931
2,937,0,0,0,1,19,163,506,466,1155,0.0,0.0,0.0,0.000865800865801,0.016450216450216,0.141125541125541,0.438095238095238,0.403463203463203
2,938,0,0,0,1,28,178,471,472,1150,0.0,0.0,0.0,0.000869565217391,0.024347826086957,0.154782608695652,0.409565217391304,0.410434782608696
2,939,0,0,0,1,25,164,510,445,1145,0.0,0.0,0.0,0.000873362445415,0.021834061135371,0.143231441048035,0.445414847161572,0.388646288209607
2,940,0,0,0,3,30,192,463,452,1140,0.0,0.0,0.0,0.002631578947368,0.026315789473684,0.168421052631579,0.406140350877193,0.396491228070175
2,941,0,0,0,1,22,161,494,457,1135,0.0,0.0,0.0,0.000881057268722,0.019383259911894,0.141850220264317,0.435242290748899,0.402643171806167
2,942,0,0,0,3,35,169,491,432,1130,0.0,0.0,0.0,0.002654867256637,0.030973451327434,0.149557522123894,0.434513274336283,0.382300884955752
2,943,0,0,0,5,29,171,472,448,1125,0.0,0.0,0.0,0.004444444444444,0.025777777777778,0.152,0.419555555555556,0.398222222222222
2,944,0,0,0,1,23,149,475,472,1120,0.0,0.0,0.0,0.000892857142857,0.020535714285714,0.133035714285714,0.424107142857143,0.421428571428571
2,945,0,0,0,1,23,155,522,414,1115,0.0,0.0,0.0,0.000896860986547,0.020627802690583,0.139013452914798,0.468161434977578,0.371300448430493
2,946,0,0,0,0,26,164,460,460,1110,0.0,0.0,0.0,0.0,0.023423423423423,0.147747747747748,0.414414414414414,0.414414414414414
2,947,1,0,0,0,27,182,477,418,1105,0.000904977375566,0.0,0.0,0.0,0.024434389140271,0.164705882352941,0.431674208144796,0.378280542986425
2,948,0,0,0,2,28,148,455,467,1100,0.0,0.0,0.0,0.001818181818182,0.025454545454545,0.134545454545455,0.413636363636364,0.424545454545455
2,949,0,0,0,0,20,168,509,398,1095,0.0,0.0,0.0,0.0,0.018264840182648,0.153424657534247,0.464840182648402,0.363470319634703
2,950,0,0,0,2,31,169,452,436,1090,0.0,0.0,0.0,0.001834862385321,0.028440366972477,0.155045871559633,0.414678899082569,0.4
2,951,0,0,0,1,19,156,471,438,1085,0.0,0.0,0.0,0.000921658986175,0.017511520737327,0.143778801843318,0.434101382488479,0.4036866359447
2,952,0,0,0,1,24,148,500,407,1080,0.0,0.0,0.0,0.000925925925926,0.022222222222222,0.137037037037037,0.462962962962963,0.376851851851852
2,953,0,0,0,1,28,156,456,434,1075,0.0,0.0,0.0,0.00093023255814,0.026046511627907,0.145116279069767,0.424186046511628,0.403720930232558
2,954,0,0,0,4,14,183,423,446,1070,0.0,0.0,0.0,0.003738317757009,0.013084112149533,0.171028037383178,0.395327102803738,0.416822429906542
2,955,0,0,0,1,19,164,470,411,1065,0.0,0.0,0.0,0.00093896713615,0.017840375586854,0.153990610328639,0.44131455399061,0.385915492957746
2,956,0,0,0,0,32,155,467,406,1060,0.0,0.0,0.0,0.0,0.030188679245283,0.14622641509434,0.440566037735849,0.383018867924528
2,957,0,0,0,1,20,152,462,420,1055,0.0,0.0,0.0,0.000947867298578,0.018957345971564,0.144075829383886,0.437914691943128,0.398104265402844
2,958,0,0,0,1,25,159,465,400,1050,0.0,0.0,0.0,0.000952380952381,0.023809523809524,0.151428571428571,0.442857142857143,0.380952380952381
2,959,0,0,0,3,20,158,435,429,1045,0.0,0.0,0.0,0.002870813397129,0.019138755980861,0.151196172248804,0.416267942583732,0.410526315789474
2,960,0,0,0,0,29,148,455,408,1040,0.0,0.0,0.0,0.0,0.027884615384615,0.142307692307692,0.4375,0.392307692307692
2,961,0,0,0,0,25,156,419,435,1035,0.0,0.0,0.0,0.0,0.024154589371981,0.150724637681159,0.404830917874396,0.420289855072464
2,962,0,0,0,1,19,145,419,446,1030,0.0,0.0,0.0,0.000970873786408,0.018446601941748,0.140776699029126,0.406796116504854,0.433009708737864
2,963,0,0,0,1,17,141,426,440,1025,0.0,0.0,0.0,0.000975609756098,0.016585365853659,0.137560975609756,0.415609756097561,0.429268292682927
2,964,0,0,0,0,19,160,450,391,1020,0.0,0.0,0.0,0.0,0.018627450980392,0.156862745098039,0.441176470588235,0.383333333333333
2,965,0,0,0,0,17,175,404,419,1015,0.0,0.0,0.0,0.0,0.016748768472906,0.172413793103448,0.398029556650246,0.412807881773399
2,966,0,0,0,1,21,162,408,418,1010,0.0,0.0,0.0,0.000990099009901,0.020792079207921,0.16039603960396,0.403960396039604,0.413861386138614
2,967,0,0,0,1,17,140,410,437,1005,0.0,0.0,0.0,0.000995024875622,0.016915422885572,0.139303482587065,0.407960199004975,0.434825870646766
2,968,0,0,0,1,24,142,412,421,1000,0.0,0.0,0.0,0.001,0.024,0.142,0.412,0.421
2,969,0,0,0,0,25,139,418,413,995,0.0,0.0,0.0,0.0,0.025125628140704,0.139698492462312,0.420100502512563,0.415075376884422
2,970,0,0,0,1,30,125,421,413,990,0.0,0.0,0.0,0.001010101010101,0.03030303030303,0.126262626262626,0.425252525252525,0.417171717171717
2,971,0,0,0,2,25,125,422,411,985,0.0,0.0,0.0,0.002030456852792,0.025380710659898,0.126903553299492,0.428426395939086,0.417258883248731
2,972,0,0,0,3,26,150,430,371,980,0.0,0.0,0.0,0.003061224489796,0.026530612244898,0.153061224489796,0.438775510204082,0.378571428571429
2,973,0,0,0,1,23,156,432,363,975,0.0,0.0,0.0,0.001025641025641,0.023589743589744,0.16,0.443076923076923,0.372307692307692
2,974,0,0,0,3,15,150,426,376,970,0.0,0.0,0.0,0.003092783505155,0.015463917525773,0.154639175257732,0.439175257731959,0.387628865979381
2,975,0,0,1,2,20,119,419,404,965,0.0,0.0,0.001036269430052,0.002072538860104,0.020725388601036,0.123316062176166,0.43419689119171,0.418652849740933
2,976,0,0,0,2,19,137,434,368,960,0.0,0.0,0.0,0.002083333333333,0.019791666666667,0.142708333333333,0.452083333333333,0.383333333333333
2,977,0,0,0,1,23,160,411,360,955,0.0,0.0,0.0,0.001047120418848,0.024083769633508,0.167539267015707,0.430366492146597,0.37696335078534
2,978,0,0,0,3,18,159,412,358,950,0.0,0.0,0.0,0.003157894736842,0.018947368421053,0.167368421052632,0.433684210526316,0.376842105263158
2,979,0,0,0,1,16,136,410,382,945,0.0,0.0,0.0,0.001058201058201,0.016931216931217,0.143915343915344,0.433862433862434,0.404232804232804
2,980,0,0,0,2,20,140,432,346,940,0.0,0.0,0.0,0.002127659574468,0.021276595744681,0.148936170212766,0.459574468085106,0.368085106382979
2,981,0,0,0,0,30,150,414,341,935,0.0,0.0,0.0,0.0,0.032085561497326,0.160427807486631,0.442780748663102,0.364705882352941
2,982,0,0,0,2,16,134,409,369,930,0.0,0.0,0.0,0.002150537634409,0.017204301075269,0.144086021505376,0.439784946236559,0.396774193548387
2,983,0,0,0,2,17,146,366,394,925,0.0,0.0,0.0,0.002162162162162,0.018378378378378,0.157837837837838,0.395675675675676,0.425945945945946
2,984,0,0,0,0,20,134,378,388,920,0.0,0.0,0.0,0.0,0.021739130434783,0.145652173913043,0.410869565217391,0.421739130434783
2,985,0,0,0,1,21,139,409,345,915,0.0,0.0,0.0,0.001092896174863,0.022950819672131,0.151912568306011,0.446994535519126,0.377049180327869
2,986,0,0,0,1,28,150,368,363,910,0.0,0.0,0.0,0.001098901098901,0.030769230769231,0.164835164835165,0.404395604395604,0.398901098901099
2,987,0,0,0,1,17,133,374,380,905,0.0,0.0,0.0,0.001104972375691,0.01878453038674,0.146961325966851,0.413259668508287,0.419889502762431
2,988,0,0,0,0,20,131,384,365,900,0.0,0.0,0.0,0.0,0.022222222222222,0.145555555555556,0.426666666666667,0.405555555555556
2,989,0,0,0,3,23,135,367,367,895,0.0,0.0,0.0,0.003351955307263,0.025698324022346,0.150837988826816,0.410055865921788,0.410055865921788
2,990,0,0,0,1,17,118,399,355,890,0.0,0.0,0.0,0.001123595505618,0.019101123595506,0.132584269662921,0.448314606741573,0.398876404494382
2,991,0,0,0,1,26,132,363,363,885,0.0,0.0,0.0,0.001129943502825,0.029378531073446,0.149152542372881,0.410169491525424,0.410169491525424
2,992,0,0,0,1,21,109,402,347,880,0.0,0.0,0.0,0.001136363636364,0.023863636363636,0.123863636363636,0.456818181818182,0.394318181818182
2,993,0,0,0,2,15,137,369,352,875,0.0,0.0,0.0,0.002285714285714,0.017142857142857,0.156571428571429,0.421714285714286,0.402285714285714
2,994,0,0,0,0,21,146,359,344,870,0.0,0.0,0.0,0.0,0.024137931034483,0.167816091954023,0.41264367816092,0.395402298850575
2,995,0,0,0,1,26,131,352,355,865,0.0,0.0,0.0,0.001156069364162,0.030057803468208,0.151445086705202,0.406936416184971,0.410404624277457
2,996,0,0,0,1,19,132,375,333,860,0.0,0.0,0.0,0.001162790697674,0.022093023255814,0.153488372093023,0.436046511627907,0.387209302325581
2,997,0,0,0,0,22,147,350,336,855,0.0,0.0,0.0,0.0,0.025730994152047,0.171929824561404,0.409356725146199,0.392982456140351
2,998,0,0,0,2,16,137,361,334,850,0.0,0.0,0.0,0.002352941176471,0.018823529411765,0.161176470588235,0.424705882352941,0.392941176470588
2,999,0,0,0,2,18,135,375,315,845,0.0,0.0,0.0,0.002366863905325,0.021301775147929,0.159763313609467,0.443786982248521,0.372781065088757
2,1000,0,0,0,1,19,123,342,355,840,0.0,0.0,0.0,0.001190476190476,0.022619047619048,0.146428571428571,0.407142857142857,0.422619047619048
2,1001,0,0,0,3,21,121,381,309,835,0.0,0.0,0.0,0.003592814371257,0.025149700598802,0.144910179640719,0.456287425149701,0.370059880239521
2,1002,0,0,0,2,15,112,377,324,830,0.0,0.0,0.0,0.002409638554217,0.018072289156627,0.134939759036145,0.454216867469879,0.390361445783133
2,1003,0,0,0,0,23,137,348,317,825,0.0,0.0,0.0,0.0,0.027878787878788,0.166060606060606,0.421818181818182,0.384242424242424
2,1004,0,0,0,1,15,132,343,329,820,0.0,0.0,0.0,0.001219512195122,0.018292682926829,0.160975609756098,0.418292682926829,0.401219512195122
2,1005,0,0,0,0,23,131,339,322,815,0.0,0.0,0.0,0.0,0.028220858895706,0.160736196319018,0.415950920245399,0.395092024539877
2,1006,0,0,0,0,18,131,346,315,810,0.0,0.0,0.0,0.0,0.022222222222222,0.161728395061728,0.42716049382716,0.388888888888889
2,1007,0,0,0,1,13,127,339,325,805,0.0,0.0,0.0,0.001242236024845,0.016149068322981,0.15776397515528,0.42111801242236,0.403726708074534
2,1008,0,0,0,2,16,127,325,330,800,0.0,0.0,0.0,0.0025,0.02,0.15875,0.40625,0.4125
2,1009,0,0,0,1,18,117,336,323,795,0.0,0.0,0.0,0.00125786163522,0.022641509433962,0.147169811320755,0.422641509433962,0.406289308176101
2,1010,0,0,0,0,21,125,347,297,790,0.0,0.0,0.0,0.0,0.026582278481013,0.158227848101266,0.439240506329114,0.375949367088608
2,1011,0,0,0,3,16,130,324,312,785,0.0,0.0,0.0,0.003821656050955,0.020382165605096,0.165605095541401,0.412738853503185,0.397452229299363
2,1012,0,0,0,1,20,118,329,312,780,0.0,0.0,0.0,0.001282051282051,0.025641025641026,0.151282051282051,0.421794871794872,0.4
2,1013,0,0,0,3,19,122,341,290,775,0.0,0.0,0.0,0.003870967741935,0.024516129032258,0.15741935483871,0.44,0.374193548387097
2,1014,0,0,0,2,16,115,339,298,770,0.0,0.0,0.0,0.002597402597403,0.020779220779221,0.149350649350649,0.44025974025974,0.387012987012987
2,1015,0,0,0,0,33,115,325,292,765,0.0,0.0,0.0,0.0,0.043137254901961,0.150326797385621,0.42483660130719,0.381699346405229
2,1016,0,0,0,1,24,100,342,293,760,0.0,0.0,0.0,0.001315789473684,0.031578947368421,0.131578947368421,0.45,0.385526315789474
2,1017,0,0,0,0,16,113,312,314,755,0.0,0.0,0.0,0.0,0.021192052980132,0.149668874172185,0.413245033112583,0.415894039735099
2,1018,0,0,0,0,18,135,305,292,750,0.0,0.0,0.0,0.0,0.024,0.18,0.406666666666667,0.389333333333333
2,1019,0,0,0,0,21,111,294,319,745,0.0,0.0,0.0,0.0,0.028187919463087,0.148993288590604,0.394630872483221,0.428187919463087
2,1020,0,0,1,1,13,116,332,277,740,0.0,0.0,0.001351351351351,0.001351351351351,0.017567567567568,0.156756756756757,0.448648648648649,0.374324324324324
2,1021,0,0,0,2,12,119,319,283,735,0.0,0.0,0.0,0.002721088435374,0.016326530612245,0.161904761904762,0.434013605442177,0.385034013605442
2,1022,0,0,0,0,20,115,310,285,730,0.0,0.0,0.0,0.0,0.027397260273973,0.157534246575342,0.424657534246575,0.39041095890411
2,1023,0,0,0,2,16,97,326,284,725,0.0,0.0,0.0,0.002758620689655,0.022068965517241,0.133793103448276,0.449655172413793,0.391724137931034
2,1024,0,0,0,2,14,105,317,282,720,0.0,0.0,0.0,0.002777777777778,0.019444444444444,0.145833333333333,0.440277777777778,0.391666666666667
2,1025,0,0,0,0,14,106,305,290,715,0.0,0.0,0.0,0.0,0.01958041958042,0.148251748251748,0.426573426573427,0.405594405594406
2,1026,0,0,0,2,23,93,307,285,710,0.0,0.0,0.0,0.002816901408451,0.032394366197183,0.130985915492958,0.432394366197183,0.401408450704225
2,1027,0,0,0,1,13,97,288,306,705,0.0,0.0,0.0,0.001418439716312,0.018439716312057,0.13758865248227,0.408510638297872,0.434042553191489
2,1028,0,0,0,0,11,122,287,280,700,0.0,0.0,0.0,0.0,0.015714285714286,0.174285714285714,0.41,0.4
2,1029,0,0,0,4,17,105,267,302,695,0.0,0.0,0.0,0.005755395683453,0.024460431654676,0.151079136690647,0.384172661870504,0.434532374100719
2,1030,0,0,0,1,17,111,290,271,690,0.0,0.0,0.0,0.001449275362319,0.02463768115942,0.160869565217391,0.420289855072464,0.392753623188406
2,1031,0,0,0,3,22,92,285,283,685,0.0,0.0,0.0,0.004379562043796,0.032116788321168,0.134306569343066,0.416058394160584,0.413138686131387
2,1032,0,0,0,1,11,98,292,278,680,0.0,0.0,0.0,0.001470588235294,0.016176470588235,0.144117647058824,0.429411764705882,0.408823529411765
2,1033,0,0,0,1,8,117,300,249,675,0.0,0.0,0.0,0.001481481481481,0.011851851851852,0.173333333333333,0.444444444444444,0.368888888888889
2,1034,0,0,0,3,17,96,294,260,670,0.0,0.0,0.0,0.004477611940299,0.025373134328358,0.143283582089552,0.438805970149254,0.388059701492537
2,1035,0,0,0,0,10,109,272,274,665,0.0,0.0,0.0,0.0,0.015037593984962,0.16390977443609,0.409022556390977,0.41203007518797
2,1036,0,0,0,1,11,118,281,249,660,0.0,0.0,0.0,0.001515151515152,0.016666666666667,0.178787878787879,0.425757575757576,0.377272727272727
2,1037,0,0,0,1,15,102,265,272,655,0.0,0.0,0.0,0.001526717557252,0.022900763358779,0.155725190839695,0.404580152671756,0.415267175572519
2,1038,0,0,0,1,12,95,283,259,650,0.0,0.0,0.0,0.001538461538462,0.018461538461538,0.146153846153846,0.435384615384615,0.398461538461538
2,1039,0,0,0,0,18,102,280,245,645,0.0,0.0,0.0,0.0,0.027906976744186,0.158139534883721,0.434108527131783,0.37984496124031
2,1040,0,0,0,1,17,98,264,260,640,0.0,0.0,0.0,0.0015625,0.0265625,0.153125,0.4125,0.40625
2,1041,0,0,0,2,16,90,266,261,635,0.0,0.0,0.0,0.003149606299213,0.025196850393701,0.141732283464567,0.418897637795276,0.411023622047244
2,1042,0,0,0,2,17,89,283,239,630,0.0,0.0,0.0,0.003174603174603,0.026984126984127,0.141269841269841,0.449206349206349,0.379365079365079
2,1043,0,0,0,0,10,94,249,272,625,0.0,0.0,0.0,0.0,0.016,0.1504,0.3984,0.4352
2,1044,0,0,0,0,17,100,251,252,620,0.0,0.0,0.0,0.0,0.02741935483871,0.161290322580645,0.404838709677419,0.406451612903226
2,1045,0,0,0,0,16,77,268,254,615,0.0,0.0,0.0,0.0,0.026016260162602,0.12520325203252,0.435772357723577,0.413008130081301
2,1046,0,0,0,0,14,99,258,239,610,0.0,0.0,0.0,0.0,0.022950819672131,0.162295081967213,0.422950819672131,0.391803278688525
2,1047,0,0,0,1,16,101,244,243,605,0.0,0.0,0.0,0.001652892561983,0.026446280991736,0.166942148760331,0.403305785123967,0.401652892561983
2,1048,0,0,0,1,9,83,254,253,600,0.0,0.0,0.0,0.001666666666667,0.015,0.138333333333333,0.423333333333333,0.421666666666667
2,1049,0,0,0,0,13,78,234,270,595,0.0,0.0,0.0,0.0,0.021848739495798,0.13109243697479,0.39327731092437,0.453781512605042
2,1050,0,0,0,0,9,87,286,208,590,0.0,0.0,0.0,0.0,0.015254237288136,0.147457627118644,0.484745762711864,0.352542372881356
2,1051,0,0,0,1,13,85,252,234,585,0.0,0.0,0.0,0.001709401709402,0.022222222222222,0.145299145299145,0.430769230769231,0.4
2,1052,0,0,0,1,18,103,240,218,580,0.0,0.0,0.0,0.001724137931034,0.031034482758621,0.177586206896552,0.413793103448276,0.375862068965517
2,1053,0,0,0,1,11,91,221,251,575,0.0,0.0,0.0,0.001739130434783,0.019130434782609,0.158260869565217,0.384347826086957,0.436521739130435
2,1054,0,0,0,2,10,86,245,227,570,0.0,0.0,0.0,0.003508771929825,0.017543859649123,0.150877192982456,0.429824561403509,0.398245614035088
2,1055,0,0,0,2,10,94,229,230,565,0.0,0.0,0.0,0.00353982300885,0.017699115044248,0.166371681415929,0.405309734513274,0.407079646017699
2,1056,0,0,0,0,15,71,251,223,560,0.0,0.0,0.0,0.0,0.026785714285714,0.126785714285714,0.448214285714286,0.398214285714286
2,1057,0,0,0,1,15,93,242,204,555,0.0,0.0,0.0,0.001801801801802,0.027027027027027,0.167567567567568,0.436036036036036,0.367567567567568
2,1058,0,0,0,2,15,87,236,210,550,0.0,0.0,0.0,0.003636363636364,0.027272727272727,0.158181818181818,0.429090909090909,0.381818181818182
2,1059,0,0,0,0,13,88,232,212,545,0.0,0.0,0.0,0.0,0.023853211009174,0.161467889908257,0.425688073394495,0.388990825688073
2,1060,0,0,0,0,15,86,208,231,540,0.0,0.0,0.0,0.0,0.027777777777778,0.159259259259259,0.385185185185185,0.427777777777778
2,1061,0,0,0,0,12,85,225,213,535,0.0,0.0,0.0,0.0,0.022429906542056,0.158878504672897,0.420560747663551,0.398130841121495
2,1062,0,0,0,0,14,86,218,212,530,0.0,0.0,0.0,0.0,0.026415094339623,0.162264150943396,0.411320754716981,0.4
2,1063,0,0,0,2,9,65,233,216,525,0.0,0.0,0.0,0.003809523809524,0.017142857142857,0.123809523809524,0.443809523809524,0.411428571428571
2,1064,0,0,0,2,12,61,221,224,520,0.0,0.0,0.0,0.003846153846154,0.023076923076923,0.117307692307692,0.425,0.430769230769231
2,1065,0,0,0,0,12,86,212,205,515,0.0,0.0,0.0,0.0,0.023300970873786,0.166990291262136,0.411650485436893,0.398058252427184
2,1066,0,0,0,1,16,70,210,213,510,0.0,0.0,0.0,0.001960784313725,0.031372549019608,0.137254901960784,0.411764705882353,0.417647058823529
2,1067,0,0,0,0,12,83,206,204,505,0.0,0.0,0.0,0.0,0.023762376237624,0.164356435643564,0.407920792079208,0.403960396039604
2,1068,0,0,0,0,12,80,225,183,500,0.0,0.0,0.0,0.0,0.024,0.16,0.45,0.366
2,1069,0,0,0,0,16,64,197,218,495,0.0,0.0,0.0,0.0,0.032323232323232,0.129292929292929,0.397979797979798,0.44040404040404
2,1070,0,0,0,2,2,83,235,168,490,0.0,0.0,0.0,0.004081632653061,0.004081632653061,0.169387755102041,0.479591836734694,0.342857142857143
2,1071,0,0,0,1,11,74,196,203,485,0.0,0.0,0.0,0.002061855670103,0.022680412371134,0.152577319587629,0.404123711340206,0.418556701030928
2,1072,0,0,0,1,13,67,213,186,480,0.0,0.0,0.0,0.002083333333333,0.027083333333333,0.139583333333333,0.44375,0.3875
2,1073,0,0,0,1,13,65,213,183,475,0.0,0.0,0.0,0.002105263157895,0.027368421052632,0.136842105263158,0.448421052631579,0.385263157894737
2,1074,0,0,0,0,7,79,209,175,470,0.0,0.0,0.0,0.0,0.014893617021277,0.168085106382979,0.44468085106383,0.372340425531915
2,1075,0,0,0,1,6,71,201,186,465,0.0,0.0,0.0,0.002150537634409,0.012903225806452,0.152688172043011,0.432258064516129,0.4
2,1076,0,0,0,0,15,65,190,190,460,0.0,0.0,0.0,0.0,0.032608695652174,0.141304347826087,0.41304347826087,0.41304347826087
2,1077,0,0,0,1,5,68,204,177,455,0.0,0.0,0.0,0.002197802197802,0.010989010989011,0.149450549450549,0.448351648351648,0.389010989010989
2,1078,0,0,0,0,12,67,195,176,450,0.0,0.0,0.0,0.0,0.026666666666667,0.148888888888889,0.433333333333333,0.391111111111111
2,1079,0,0,0,1,10,69,192,173,445,0.0,0.0,0.0,0.002247191011236,0.02247191011236,0.155056179775281,0.431460674157303,0.38876404494382
2,1080,0,0,0,2,18,71,183,166,440,0.0,0.0,0.0,0.004545454545455,0.040909090909091,0.161363636363636,0.415909090909091,0.377272727272727
2,1081,0,0,0,0,7,64,196,168,435,0.0,0.0,0.0,0.0,0.016091954022989,0.147126436781609,0.450574712643678,0.386206896551724
2,1082,0,0,0,1,11,53,177,188,430,0.0,0.0,0.0,0.002325581395349,0.025581395348837,0.123255813953488,0.411627906976744,0.437209302325581
2,1083,0,0,0,0,8,76,180,161,425,0.0,0.0,0.0,0.0,0.018823529411765,0.178823529411765,0.423529411764706,0.378823529411765
2,1084,0,0,0,0,11,65,172,172,420,0.0,0.0,0.0,0.0,0.026190476190476,0.154761904761905,0.40952380952381,0.40952380952381
2,1085,0,0,0,0,6,67,158,184,415,0.0,0.0,0.0,0.0,0.014457831325301,0.16144578313253,0.380722891566265,0.443373493975904
2,1086,0,0,0,0,8,58,167,177,410,0.0,0.0,0.0,0.0,0.019512195121951,0.141463414634146,0.407317073170732,0.431707317073171
2,1087,0,0,0,1,10,60,183,151,405,0.0,0.0,0.0,0.002469135802469,0.024691358024691,0.148148148148148,0.451851851851852,0.37283950617284
2,1088,0,0,0,0,19,46,167,168,400,0.0,0.0,0.0,0.0,0.0475,0.115,0.4175,0.42
2,1089,0,0,0,0,3,59,170,163,395,0.0,0.0,0.0,0.0,0.007594936708861,0.149367088607595,0.430379746835443,0.412658227848101
2,1090,0,0,0,1,12,61,136,180,390,0.0,0.0,0.0,0.002564102564103,0.030769230769231,0.156410256410256,0.348717948717949,0.461538461538462
2,1091,0,0,0,0,12,49,174,150,385,0.0,0.0,0.0,0.0,0.031168831168831,0.127272727272727,0.451948051948052,0.38961038961039
2,1092,0,0,0,2,6,57,162,153,380,0.0,0.0,0.0,0.005263157894737,0.015789473684211,0.15,0.426315789473684,0.402631578947368
2,1093,0,0,0,1,13,60,152,149,375,0.0,0.0,0.0,0.002666666666667,0.034666666666667,0.16,0.405333333333333,0.397333333333333
2,1094,0,0,0,0,1,69,159,141,370,0.0,0.0,0.0,0.0,0.002702702702703,0.186486486486486,0.42972972972973,0.381081081081081
2,1095,0,0,0,0,8,55,156,146,365,0.0,0.0,0.0,0.0,0.021917808219178,0.150684931506849,0.427397260273973,0.4
2,1096,0,0,0,1,14,62,154,129,360,0.0,0.0,0.0,0.002777777777778,0.038888888888889,0.172222222222222,0.427777777777778,0.358333333333333
2,1097,0,0,0,0,10,55,156,134,355,0.0,0.0,0.0,0.0,0.028169014084507,0.154929577464789,0.43943661971831,0.377464788732394
2,1098,0,0,0,0,7,47,149,147,350,0.0,0.0,0.0,0.0,0.02,0.134285714285714,0.425714285714286,0.42
2,1099,0,0,0,0,10,52,139,144,345,0.0,0.0,0.0,0.0,0.028985507246377,0.150724637681159,0.402898550724638,0.417391304347826
2,1100,0,0,0,0,6,46,152,136,340,0.0,0.0,0.0,0.0,0.017647058823529,0.135294117647059,0.447058823529412,0.4
2,1101,0,0,0,0,6,58,140,131,335,0.0,0.0,0.0,0.0,0.017910447761194,0.173134328358209,0.417910447761194,0.391044776119403
2,1102,0,0,0,1,3,56,145,125,330,0.0,0.0,0.0,0.003030303030303,0.009090909090909,0.16969696969697,0.439393939393939,0.378787878787879
2,1103,0,0,0,0,9,49,143,124,325,0.0,0.0,0.0,0.0,0.027692307692308,0.150769230769231,0.44,0.381538461538462
2,1104,0,0,0,0,11,39,138,132,320,0.0,0.0,0.0,0.0,0.034375,0.121875,0.43125,0.4125
2,1105,0,0,0,2,6,55,125,127,315,0.0,0.0,0.0,0.006349206349206,0.019047619047619,0.174603174603175,0.396825396825397,0.403174603174603
2,1106,0,0,0,1,1,47,132,129,310,0.0,0.0,0.0,0.003225806451613,0.003225806451613,0.151612903225806,0.425806451612903,0.416129032258065
2,1107,0,0,0,1,7,41,132,124,305,0.0,0.0,0.0,0.00327868852459,0.022950819672131,0.134426229508197,0.432786885245902,0.40655737704918
2,1108,0,0,0,1,5,46,121,127,300,0.0,0.0,0.0,0.003333333333333,0.016666666666667,0.153333333333333,0.403333333333333,0.423333333333333
2,1109,0,0,0,0,5,44,134,112,295,0.0,0.0,0.0,0.0,0.016949152542373,0.149152542372881,0.454237288135593,0.379661016949153
2,1110,0,0,0,0,7,45,121,117,290,0.0,0.0,0.0,0.0,0.024137931034483,0.155172413793103,0.417241379310345,0.403448275862069
2,1111,0,0,0,0,10,39,123,113,285,0.0,0.0,0.0,0.0,0.035087719298246,0.136842105263158,0.431578947368421,0.396491228070175
2,1112,0,0,0,0,7,54,102,117,280,0.0,0.0,0.0,0.0,0.025,0.192857142857143,0.364285714285714,0.417857142857143
2,1113,0,0,0,0,8,39,113,115,275,0.0,0.0,0.0,0.0,0.029090909090909,0.141818181818182,0.410909090909091,0.418181818181818
2,1114,0,0,0,0,4,31,128,107,270,0.0,0.0,0.0,0.0,0.014814814814815,0.114814814814815,0.474074074074074,0.396296296296296
2,1115,0,0,0,0,5,38,103,119,265,0.0,0.0,0.0,0.0,0.018867924528302,0.143396226415094,0.388679245283019,0.449056603773585
2,1116,0,0,0,0,10,48,96,106,260,0.0,0.0,0.0,0.0,0.038461538461538,0.184615384615385,0.369230769230769,0.407692307692308
2,1117,0,0,0,1,11,42,101,100,255,0.0,0.0,0.0,0.003921568627451,0.043137254901961,0.164705882352941,0.396078431372549,0.392156862745098
2,1118,0,0,0,0,6,37,108,99,250,0.0,0.0,0.0,0.0,0.024,0.148,0.432,0.396
2,1119,0,0,0,0,5,40,107,93,245,0.0,0.0,0.0,0.0,0.020408163265306,0.163265306122449,0.436734693877551,0.379591836734694
2,1120,0,0,0,0,5,29,110,96,240,0.0,0.0,0.0,0.0,0.020833333333333,0.120833333333333,0.458333333333333,0.4
2,1121,0,0,0,0,7,25,103,100,235,0.0,0.0,0.0,0.0,0.029787234042553,0.106382978723404,0.438297872340426,0.425531914893617
2,1122,0,0,0,0,8,25,101,96,230,0.0,0.0,0.0,0.0,0.034782608695652,0.108695652173913,0.439130434782609,0.417391304347826
2,1123,0,0,0,0,5,29,88,103,225,0.0,0.0,0.0,0.0,0.022222222222222,0.128888888888889,0.391111111111111,0.457777777777778
2,1124,0,0,0,0,6,39,82,93,220,0.0,0.0,0.0,0.0,0.027272727272727,0.177272727272727,0.372727272727273,0.422727272727273
2,1125,0,0,0,1,6,28,96,84,215,0.0,0.0,0.0,0.004651162790698,0.027906976744186,0.130232558139535,0.446511627906977,0.390697674418605
2,1126,0,0,0,0,4,34,99,73,210,0.0,0.0,0.0,0.0,0.019047619047619,0.161904761904762,0.471428571428571,0.347619047619048
2,1127,0,0,0,0,5,31,95,74,205,0.0,0.0,0.0,0.0,0.024390243902439,0.151219512195122,0.463414634146341,0.360975609756098
2,1128,0,0,0,0,0,24,93,83,200,0.0,0.0,0.0,0.0,0.0,0.12,0.465,0.415
2,1129,0,0,0,0,2,31,93,69,195,0.0,0.0,0.0,0.0,0.01025641025641,0.158974358974359,0.476923076923077,0.353846153846154
2,1130,0,0,0,0,3,32,78,77,190,0.0,0.0,0.0,0.0,0.015789473684211,0.168421052631579,0.410526315789474,0.405263157894737
2,1131,0,0,0,0,6,20,88,71,185,0.0,0.0,0.0,0.0,0.032432432432432,0.108108108108108,0.475675675675676,0.383783783783784
2,1132,0,0,0,0,3,27,76,74,180,0.0,0.0,0.0,0.0,0.016666666666667,0.15,0.422222222222222,0.411111111111111
2,1133,0,0,0,0,4,31,76,64,175,0.0,0.0,0.0,0.0,0.022857142857143,0.177142857142857,0.434285714285714,0.365714285714286
2,1134,0,0,0,0,5,19,74,72,170,0.0,0.0,0.0,0.0,0.029411764705882,0.111764705882353,0.435294117647059,0.423529411764706
2,1135,0,0,0,0,5,22,64,74,165,0.0,0.0,0.0,0.0,0.03030303030303,0.133333333333333,0.387878787878788,0.448484848484848
2,1136,0,0,0,1,4,24,55,76,160,0.0,0.0,0.0,0.00625,0.025,0.15,0.34375,0.475
2,1137,0,0,0,0,1,24,80,50,155,0.0,0.0,0.0,0.0,0.006451612903226,0.154838709677419,0.516129032258065,0.32258064516129
2,1138,0,0,0,0,3,28,62,57,150,0.0,0.0,0.0,0.0,0.02,0.186666666666667,0.413333333333333,0.38
2,1139,0,0,0,0,8,23,54,60,145,0.0,0.0,0.0,0.0,0.055172413793103,0.158620689655172,0.372413793103448,0.413793103448276
2,1140,0,0,0,0,2,15,64,59,140,0.0,0.0,0.0,0.0,0.014285714285714,0.107142857142857,0.457142857142857,0.421428571428571
2,1141,0,0,0,1,5,18,54,57,135,0.0,0.0,0.0,0.007407407407407,0.037037037037037,0.133333333333333,0.4,0.422222222222222
2,1142,0,0,0,0,2,28,55,45,130,0.0,0.0,0.0,0.0,0.015384615384615,0.215384615384615,0.423076923076923,0.346153846153846
2,1143,0,0,0,0,4,18,59,44,125,0.0,0.0,0.0,0.0,0.032,0.144,0.472,0.352
2,1144,0,0,0,1,1,20,53,45,120,0.0,0.0,0.0,0.008333333333333,0.008333333333333,0.166666666666667,0.441666666666667,0.375
2,1145,0,0,0,1,4,16,47,47,115,0.0,0.0,0.0,0.008695652173913,0.034782608695652,0.139130434782609,0.408695652173913,0.408695652173913
2,1146,0,0,0,1,1,17,46,45,110,0.0,0.0,0.0,0.009090909090909,0.009090909090909,0.154545454545455,0.418181818181818,0.409090909090909
2,1147,0,0,0,0,0,15,45,45,105,0.0,0.0,0.0,0.0,0.0,0.142857142857143,0.428571428571429,0.428571428571429
2,1148,0,0,0,0,1,15,46,38,100,0.0,0.0,0.0,0.0,0.01,0.15,0.46,0.38
2,1149,0,0,0,0,1,13,45,36,95,0.0,0.0,0.0,0.0,0.010526315789474,0.136842105263158,0.473684210526316,0.378947368421053
2,1150,0,0,0,0,1,15,33,41,90,0.0,0.0,0.0,0.0,0.011111111111111,0.166666666666667,0.366666666666667,0.455555555555556
2,1151,0,0,0,0,3,15,40,27,85,0.0,0.0,0.0,0.0,0.035294117647059,0.176470588235294,0.470588235294118,0.317647058823529
2,1152,0,0,0,0,1,13,34,32,80,0.0,0.0,0.0,0.0,0.0125,0.1625,0.425,0.4
2,1153,0,0,0,0,2,15,31,27,75,0.0,0.0,0.0,0.0,0.026666666666667,0.2,0.413333333333333,0.36
2,1154,0,0,0,0,2,9,29,30,70,0.0,0.0,0.0,0.0,0.028571428571429,0.128571428571429,0.414285714285714,0.428571428571429
2,1155,0,0,0,0,2,6,34,23,65,0.0,0.0,0.0,0.0,0.030769230769231,0.092307692307692,0.523076923076923,0.353846153846154
2,1156,0,0,0,0,2,15,15,28,60,0.0,0.0,0.0,0.0,0.033333333333333,0.25,0.25,0.466666666666667
2,1157,0,0,0,0,0,12,19,24,55,0.0,0.0,0.0,0.0,0.0,0.218181818181818,0.345454545454545,0.436363636363636
2,1158,0,0,0,0,1,9,14,26,50,0.0,0.0,0.0,0.0,0.02,0.18,0.28,0.52
2,1159,0,0,0,0,2,10,18,15,45,0.0,0.0,0.0,0.0,0.044444444444444,0.222222222222222,0.4,0.333333333333333
2,1160,0,0,0,0,0,7,13,20,40,0.0,0.0,0.0,0.0,0.0,0.175,0.325,0.5
2,1161,0,0,0,0,0,2,18,15,35,0.0,0.0,0.0,0.0,0.0,0.057142857142857,0.514285714285714,0.428571428571429
2,1162,0,0,0,0,0,5,16,9,30,0.0,0.0,0.0,0.0,0.0,0.166666666666667,0.533333333333333,0.3
2,1163,0,0,0,0,1,1,8,15,25,0.0,0.0,0.0,0.0,0.04,0.04,0.32,0.6
2,1164,0,0,0,0,0,6,8,6,20,0.0,0.0,0.0,0.0,0.0,0.3,0.4,0.3
2,1165,0,0,0,0,1,2,5,7,15,0.0,0.0,0.0,0.0,0.066666666666667,0.133333333333333,0.333333333333333,0.466666666666667
2,1166,0,0,0,0,0,1,7,2,10,0.0,0.0,0.0,0.0,0.0,0.1,0.7,0.2
2,1167,0,0,0,0,0,0,3,2,5,0.0,0.0,0.0,0.0,0.0,0.0,0.6,0.4
3,1,0,0,0,10,115,980,2460,2270,5835,0.0,0.0,0.0,0.001713796058269,0.019708654670094,0.167952013710368,0.42159383033419,0.389031705227078
3,2,0,0,0,6,161,930,2505,2228,5830,0.0,0.0,0.0,0.001029159519726,0.027615780445969,0.159519725557461,0.42967409948542,0.382161234991424
3,3,0,0,0,9,145,941,2420,2310,5825,0.0,0.0,0.0,0.001545064377682,0.024892703862661,0.161545064377682,0.415450643776824,0.39656652360515
3,4,0,0,0,14,116,855,2459,2376,5820,0.0,0.0,0.0,0.002405498281787,0.019931271477663,0.146907216494845,0.422508591065292,0.408247422680412
3,5,0,0,0,9,126,933,2454,2293,5815,0.0,0.0,0.0,0.001547721410146,0.021668099742046,0.160447119518487,0.42201203783319,0.394325021496131
3,6,0,0,0,7,135,889,2454,2325,5810,0.0,0.0,0.0,0.001204819277108,0.023235800344234,0.153012048192771,0.422375215146299,0.400172117039587
3,7,0,0,0,6,148,890,2471,2290,5805,0.0,0.0,0.0,0.001033591731266,0.025495262704565,0.153316106804479,0.425667527993109,0.394487510766581
3,8,0,0,0,7,136,879,2457,2321,5800,0.0,0.0,0.0,0.001206896551724,0.023448275862069,0.151551724137931,0.423620689655172,0.400172413793103
3,9,0,0,1,5,140,881,2420,2348,5795,0.0,0.0,0.000172562553926,0.000862812769629,0.024158757549612,0.152027610008628,0.417601380500431,0.405176876617774
3,10,0,0,0,8,140,916,2437,2289,5790,0.0,0.0,0.0,0.001381692573402,0.024179620034542,0.158203799654577,0.420898100172712,0.395336787564767
3,11,0,0,2,11,136,911,2449,2276,5785,0.0,0.0,0.000345721694036,0.0019014693172,0.023509075194468,0.157476231633535,0.42333621434745,0.39343128781331
3,12,0,0,0,13,133,916,2466,2252,5780,0.0,0.0,0.0,0.002249134948097,0.023010380622837,0.158477508650519,0.426643598615917,0.38961937716263
3,13,0,0,0,8,126,921,2466,2254,5775,0.0,0.0,0.0,0.001385281385281,0.021818181818182,0.159480519480519,0.427012987012987,0.39030303030303
3,14,0,0,0,9,127,864,2496,2274,5770,0.0,0.0,0.0,0.00155979202773,0.022010398613518,0.149740034662045,0.432582322357019,0.394107452339688
3,15,0,0,0,8,121,847,2471,2318,5765,0.0,0.0,0.0,0.001387684301821,0.020988725065048,0.146921075455334,0.428620988725065,0.402081526452732
3,16,0,0,0,7,144,884,2428,2297,5760,0.0,0.0,0.0,0.001215277777778,0.025,0.153472222222222,0.421527777777778,0.398784722222222
3,17,0,0,0,5,147,817,2467,2319,5755,0.0,0.0,0.0,0.000868809730669,0.025543006081668,0.141963509991312,0.428670721112076,0.402953953084275
3,18,0,0,0,11,136,881,2480,2242,5750,0.0,0.0,0.0,0.001913043478261,0.023652173913043,0.153217391304348,0.431304347826087,0.389913043478261
3,19,0,0,0,12,123,892,2376,2342,5745,0.0,0.0,0.0,0.002088772845953,0.021409921671018,0.15526544821584,0.413577023498695,0.407658833768494
3,20,0,0,0,6,122,871,2460,2281,5740,0.0,0.0,0.0,0.001045296167247,0.021254355400697,0.151742160278746,0.428571428571429,0.397386759581882
3,21,0,0,1,13,122,884,2451,2264,5735,0.0,0.0,0.000174367916303,0.002266782911944,0.021272885789015,0.154141238012206,0.427375762859634,0.394768962510898
3,22,0,0,1,5,132,892,2512,2188,5730,0.0,0.0,0.000174520069808,0.00087260034904,0.02303664921466,0.155671902268761,0.438394415357766,0.381849912739965
3,23,0,0,0,8,128,909,2388,2292,5725,0.0,0.0,0.0,0.001397379912664,0.02235807860262,0.158777292576419,0.417117903930131,0.400349344978166
3,24,0,0,0,8,106,868,2451,2287,5720,0.0,0.0,0.0,0.001398601398601,0.018531468531469,0.151748251748252,0.428496503496503,0.399825174825175
3,25,0,0,0,11,127,863,2482,2232,5715,0.0,0.0,0.0,0.001924759405074,0.022222222222222,0.151006124234471,0.434295713035871,0.390551181102362
3,26,0,0,1,4,140,839,2396,2330,5710,0.0,0.0,0.000175131348511,0.000700525394046,0.024518388791594,0.146935201401051,0.419614711033275,0.408056042031524
3,27,0,0,1,11,133,874,2447,2239,5705,0.0,0.0,0.000175284837862,0.001928133216477,0.023312883435583,0.153198948290973,0.428921998247152,0.392462751971954
3,28,0,0,0,9,134,884,2407,2266,5700,0.0,0.0,0.0,0.001578947368421,0.023508771929825,0.155087719298246,0.422280701754386,0.397543859649123
3,29,0,0,0,6,137,881,2402,2269,5695,0.0,0.0,0.0,0.001053555750658,0.024056189640035,0.154697102721686,0.421773485513608,0.398419666374012
3,30,0,0,0,1,124,869,2393,2303,5690,0.0,0.0,0.0,0.000175746924429,0.021792618629174,0.152724077328647,0.420562390158172,0.404745166959578
3,31,0,0,0,9,129,855,2403,2289,5685,0.0,0.0,0.0,0.001583113456464,0.022691292875989,0.150395778364116,0.422691292875989,0.402638522427441
3,32,0,0,0,4,140,908,2419,2209,5680,0.0,0.0,0.0,0.000704225352113,0.024647887323944,0.159859154929577,0.425880281690141,0.388908450704225
3,33,0,0,0,17,121,830,2414,2293,5675,0.0,0.0,0.0,0.002995594713656,0.021321585903084,0.14625550660793,0.425374449339207,0.404052863436123
3,34,0,0,0,14,141,888,2369,2258,5670,0.0,0.0,0.0,0.002469135802469,0.024867724867725,0.156613756613757,0.417813051146385,0.398236331569665
3,35,0,0,0,14,125,850,2431,2245,5665,0.0,0.0,0.0,0.002471315092674,0.022065313327449,0.150044130626655,0.429126213592233,0.396293027360989
3,36,0,0,0,8,140,844,2433,2235,5660,0.0,0.0,0.0,0.001413427561837,0.024734982332155,0.149116607773852,0.429858657243816,0.394876325088339
3,37,0,0,1,9,112,883,2428,2222,5655,0.0,0.0,0.000176834659593,0.00159151193634,0.019805481874447,0.156145004420866,0.429354553492485,0.392926613616269
3,38,0,0,0,13,128,907,2329,2273,5650,0.0,0.0,0.0,0.002300884955752,0.022654867256637,0.160530973451327,0.412212389380531,0.402300884955752
3,39,0,0,0,7,116,879,2361,2282,5645,0.0,0.0,0.0,0.001240035429584,0.020549158547387,0.155713020372011,0.418246235606732,0.404251550044287
3,40,0,0,1,7,121,874,2400,2237,5640,0.0,0.0,0.000177304964539,0.001241134751773,0.02145390070922,0.154964539007092,0.425531914893617,0.396631205673759
3,41,0,0,0,11,140,795,2426,2263,5635,0.0,0.0,0.0,0.001952085181899,0.024844720496894,0.141082519964508,0.430523513753327,0.401597160603372
3,42,0,0,0,6,112,831,2387,2294,5630,0.0,0.0,0.0,0.001065719360568,0.019893428063943,0.147602131438721,0.423978685612789,0.407460035523979
3,43,0,0,1,13,132,836,2374,2269,5625,0.0,0.0,0.000177777777778,0.002311111111111,0.023466666666667,0.148622222222222,0.422044444444444,0.403377777777778
3,44,0,0,0,10,131,849,2442,2188,5620,0.0,0.0,0.0,0.001779359430605,0.023309608540925,0.151067615658363,0.434519572953737,0.38932384341637
3,45,0,0,0,6,127,902,2381,2199,5615,0.0,0.0,0.0,0.00106856634016,0.022617987533393,0.160641139804096,0.424042742653606,0.391629563668744
3,46,0,0,0,5,106,838,2380,2281,5610,0.0,0.0,0.0,0.000891265597148,0.018894830659537,0.149376114081996,0.424242424242424,0.406595365418895
3,47,0,0,0,3,133,883,2365,2221,5605,0.0,0.0,0.0,0.000535236396075,0.023728813559322,0.157537912578055,0.421944692239072,0.396253345227475
3,48,0,0,0,7,131,828,2419,2215,5600,0.0,0.0,0.0,0.00125,0.023392857142857,0.147857142857143,0.431964285714286,0.395535714285714
3,49,0,0,0,8,129,819,2359,2280,5595,0.0,0.0,0.0,0.001429848078642,0.023056300268097,0.146380697050938,0.421626452189455,0.407506702412869
3,50,0,0,0,8,136,868,2335,2243,5590,0.0,0.0,0.0,0.001431127012522,0.02432915921288,0.155277280858676,0.417710196779964,0.401252236135957
3,51,0,0,0,11,118,829,2395,2232,5585,0.0,0.0,0.0,0.001969561324978,0.021128021486124,0.148433303491495,0.428827215756491,0.399641897940913
3,52,0,0,1,12,147,869,2339,2212,5580,0.0,0.0,0.000179211469534,0.002150537634409,0.026344086021505,0.15573476702509,0.419175627240143,0.396415770609319
3,53,0,0,0,4,139,819,2379,2234,5575,0.0,0.0,0.0,0.000717488789238,0.024932735426009,0.146905829596413,0.426726457399103,0.400717488789238
3,54,0,0,0,7,134,817,2456,2156,5570,0.0,0.0,0.0,0.001256732495512,0.024057450628366,0.146678635547576,0.440933572710952,0.387073608617594
3,55,0,0,0,4,110,876,2354,2221,5565,0.0,0.0,0.0,0.000718778077269,0.019766397124888,0.157412398921833,0.423000898472597,0.399101527403414
3,56,0,0,0,6,131,848,2403,2172,5560,0.0,0.0,0.0,0.001079136690647,0.023561151079137,0.152517985611511,0.432194244604317,0.390647482014388
3,57,0,0,0,10,119,844,2347,2235,5555,0.0,0.0,0.0,0.001800180018002,0.021422142214221,0.151935193519352,0.422502250225023,0.402340234023402
3,58,0,0,0,5,134,831,2415,2165,5550,0.0,0.0,0.0,0.000900900900901,0.024144144144144,0.14972972972973,0.435135135135135,0.39009009009009
3,59,0,0,0,2,119,801,2392,2231,5545,0.0,0.0,0.0,0.000360685302074,0.021460775473399,0.144454463480613,0.431379621280433,0.402344454463481
3,60,0,0,0,6,144,844,2360,2186,5540,0.0,0.0,0.0,0.001083032490975,0.025992779783394,0.152346570397112,0.425992779783394,0.394584837545126
3,61,0,0,0,5,124,811,2350,2245,5535,0.0,0.0,0.0,0.000903342366757,0.022402890695574,0.146522131887986,0.42457091237579,0.405600722673893
3,62,0,0,0,11,119,837,2366,2197,5530,0.0,0.0,0.0,0.001989150090416,0.021518987341772,0.151356238698011,0.427848101265823,0.397287522603978
3,63,0,0,0,5,118,863,2396,2143,5525,0.0,0.0,0.0,0.000904977375566,0.021357466063348,0.156199095022624,0.433665158371041,0.387873303167421
3,64,0,0,0,8,128,892,2277,2215,5520,0.0,0.0,0.0,0.001449275362319,0.023188405797101,0.161594202898551,0.4125,0.401268115942029
3,65,0,0,0,8,114,826,2359,2208,5515,0.0,0.0,0.0,0.001450589301904,0.020670897552131,0.149773345421578,0.427742520398912,0.400362647325476
3,66,0,0,0,7,151,777,2380,2195,5510,0.0,0.0,0.0,0.001270417422868,0.027404718693285,0.141016333938294,0.431941923774955,0.398366606170599
3,67,0,0,0,7,130,834,2352,2182,5505,0.0,0.0,0.0,0.001271571298819,0.0236148955495,0.15149863760218,0.42724795640327,0.396366939146231
3,68,0,0,0,4,110,805,2352,2229,5500,0.0,0.0,0.0,0.000727272727273,0.02,0.146363636363636,0.427636363636364,0.405272727272727
3,69,0,0,0,7,113,853,2372,2150,5495,0.0,0.0,0.0,0.001273885350318,0.02056414922657,0.155232029117379,0.431665150136488,0.391264786169245
3,70,0,0,0,13,128,817,2395,2137,5490,0.0,0.0,0.0,0.002367941712204,0.023315118397086,0.148816029143898,0.436247723132969,0.389253187613843
3,71,0,0,0,2,118,895,2288,2182,5485,0.0,0.0,0.0,0.000364630811304,0.02151321786691,0.163172288058341,0.417137648131267,0.397812215132179
3,72,0,0,2,4,109,830,2363,2172,5480,0.0,0.0,0.00036496350365,0.000729927007299,0.019890510948905,0.151459854014599,0.431204379562044,0.396350364963504
3,73,0,0,0,8,118,865,2320,2164,5475,0.0,0.0,0.0,0.001461187214612,0.021552511415525,0.157990867579909,0.423744292237443,0.395251141552511
3,74,0,0,0,7,129,814,2356,2164,5470,0.0,0.0,0.0,0.00127970749543,0.023583180987203,0.148811700182815,0.430712979890311,0.395612431444241
3,75,0,0,0,8,96,849,2286,2226,5465,0.0,0.0,0.0,0.001463860933211,0.017566331198536,0.155352241537054,0.418298261665142,0.407319304666057
3,76,0,0,0,10,132,797,2349,2172,5460,0.0,0.0,0.0,0.001831501831502,0.024175824175824,0.145970695970696,0.43021978021978,0.397802197802198
3,77,0,0,0,5,118,814,2332,2186,5455,0.0,0.0,0.0,0.000916590284143,0.021631530705775,0.149220898258478,0.42749770852429,0.400733272227314
3,78,0,0,0,3,123,786,2356,2182,5450,0.0,0.0,0.0,0.000550458715596,0.02256880733945,0.144220183486239,0.432293577981651,0.400366972477064
3,79,0,0,0,8,118,830,2349,2140,5445,0.0,0.0,0.0,0.001469237832874,0.021671258034894,0.152433425160698,0.431404958677686,0.393021120293848
3,80,0,0,0,4,121,890,2227,2198,5440,0.0,0.0,0.0,0.000735294117647,0.022242647058824,0.163602941176471,0.409375,0.404044117647059
3,81,0,0,0,5,122,874,2258,2176,5435,0.0,0.0,0.0,0.000919963201472,0.022447102115915,0.160809567617295,0.415455381784729,0.400367985280589
3,82,0,0,0,7,104,849,2251,2219,5430,0.0,0.0,0.0,0.001289134438306,0.019152854511971,0.156353591160221,0.414548802946593,0.40865561694291
3,83,0,0,0,3,123,843,2256,2200,5425,0.0,0.0,0.0,0.000552995391705,0.022672811059908,0.155391705069124,0.415852534562212,0.405529953917051
3,84,0,0,0,14,117,823,2238,2228,5420,0.0,0.0,0.0,0.002583025830258,0.021586715867159,0.151845018450184,0.412915129151292,0.411070110701107
3,85,0,0,1,4,117,828,2348,2117,5415,0.0,0.0,0.000184672206833,0.000738688827331,0.021606648199446,0.152908587257618,0.433610341643583,0.390951061865189
3,86,0,0,0,7,125,831,2251,2196,5410,0.0,0.0,0.0,0.001293900184843,0.023105360443623,0.153604436229205,0.416081330868762,0.405914972273567
3,87,0,0,1,8,114,843,2288,2151,5405,0.0,0.0,0.000185013876041,0.001480111008326,0.02109158186864,0.155966697502313,0.423311748381129,0.397964847363552
3,88,0,0,0,10,117,779,2327,2167,5400,0.0,0.0,0.0,0.001851851851852,0.021666666666667,0.144259259259259,0.430925925925926,0.401296296296296
3,89,0,0,0,8,126,800,2223,2238,5395,0.0,0.0,0.0,0.001482854494903,0.023354958294717,0.148285449490269,0.412048192771084,0.414828544949027
3,90,0,0,0,7,114,822,2224,2223,5390,0.0,0.0,0.0,0.001298701298701,0.021150278293135,0.152504638218924,0.412615955473098,0.412430426716141
3,91,0,0,0,12,117,842,2276,2138,5385,0.0,0.0,0.0,0.002228412256267,0.021727019498607,0.15636025998143,0.422655524605385,0.39702878365831
3,92,0,0,0,9,111,820,2298,2142,5380,0.0,0.0,0.0,0.001672862453532,0.020631970260223,0.152416356877323,0.427137546468401,0.39814126394052
3,93,0,0,0,13,123,818,2268,2153,5375,0.0,0.0,0.0,0.002418604651163,0.022883720930233,0.152186046511628,0.421953488372093,0.400558139534884
3,94,0,0,0,9,110,787,2275,2189,5370,0.0,0.0,0.0,0.001675977653631,0.02048417132216,0.146554934823091,0.42364990689013,0.407635009310987
3,95,0,0,1,6,136,785,2345,2092,5365,0.0,0.0,0.000186393289842,0.001118359739049,0.025349487418453,0.146318732525629,0.437092264678472,0.389934762348555
3,96,0,0,0,11,118,848,2286,2097,5360,0.0,0.0,0.0,0.00205223880597,0.022014925373134,0.158208955223881,0.426492537313433,0.391231343283582
3,97,0,0,0,12,108,774,2340,2121,5355,0.0,0.0,0.0,0.002240896358543,0.020168067226891,0.14453781512605,0.436974789915966,0.396078431372549
3,98,0,0,0,12,105,793,2351,2089,5350,0.0,0.0,0.0,0.002242990654206,0.019626168224299,0.148224299065421,0.439439252336449,0.390467289719626
3,99,0,0,1,12,131,855,2300,2046,5345,0.0,0.0,0.000187090739008,0.002245088868101,0.024508886810103,0.159962581852198,0.430308699719364,0.382787652011225
3,100,0,0,0,8,117,816,2323,2076,5340,0.0,0.0,0.0,0.001498127340824,0.021910112359551,0.152808988764045,0.43501872659176,0.38876404494382
3,101,0,0,0,9,102,816,2238,2170,5335,0.0,0.0,0.0,0.001686972820993,0.019119025304592,0.152952202436739,0.419493908153702,0.406747891283974
3,102,0,0,0,8,108,849,2206,2159,5330,0.0,0.0,0.0,0.001500938086304,0.020262664165103,0.159287054409006,0.413883677298311,0.405065666041276
3,103,0,0,1,10,123,778,2287,2126,5325,0.0,0.0,0.00018779342723,0.0018779342723,0.023098591549296,0.146103286384977,0.429483568075117,0.39924882629108
3,104,0,0,1,9,128,808,2276,2098,5320,0.0,0.0,0.000187969924812,0.001691729323308,0.02406015037594,0.15187969924812,0.42781954887218,0.394360902255639
3,105,0,0,0,10,110,826,2274,2095,5315,0.0,0.0,0.0,0.001881467544685,0.020696142991533,0.155409219190969,0.427845719661336,0.394167450611477
3,106,0,0,1,11,124,784,2241,2149,5310,0.0,0.0,0.000188323917137,0.002071563088512,0.023352165725047,0.147645951035782,0.422033898305085,0.404708097928437
3,107,0,0,0,9,110,831,2251,2104,5305,0.0,0.0,0.0,0.001696512723845,0.020735155513666,0.156644674835061,0.424316682375118,0.396606974552309
3,108,0,0,0,3,134,791,2290,2082,5300,0.0,0.0,0.0,0.000566037735849,0.025283018867925,0.149245283018868,0.432075471698113,0.392830188679245
3,109,0,0,0,7,97,817,2266,2108,5295,0.0,0.0,0.0,0.001322001888574,0.018319169027384,0.154296506137866,0.42795089707271,0.398111425873466
3,110,0,0,1,13,124,782,2274,2096,5290,0.0,0.0,0.000189035916824,0.002457466918715,0.0234404536862,0.147826086956522,0.429867674858223,0.396219281663516
3,111,0,0,1,9,117,761,2234,2163,5285,0.0,0.0,0.000189214758751,0.001702932828761,0.022138126773888,0.14399243140965,0.422705771050142,0.409271523178808
3,112,0,0,1,9,106,801,2291,2072,5280,0.0,0.0,0.000189393939394,0.001704545454545,0.020075757575758,0.151704545454545,0.433901515151515,0.392424242424242
3,113,0,0,0,6,85,807,2262,2115,5275,0.0,0.0,0.0,0.001137440758294,0.016113744075829,0.152985781990521,0.428815165876777,0.400947867298578
3,114,0,0,0,5,127,775,2246,2117,5270,0.0,0.0,0.0,0.000948766603416,0.024098671726755,0.147058823529412,0.426185958254269,0.401707779886148
3,115,0,0,0,8,113,816,2181,2147,5265,0.0,0.0,0.0,0.001519468186135,0.021462488129155,0.154985754985755,0.414245014245014,0.407787274453941
3,116,0,0,0,6,116,807,2216,2115,5260,0.0,0.0,0.0,0.001140684410646,0.022053231939163,0.153422053231939,0.421292775665399,0.402091254752852
3,117,0,0,1,8,115,769,2194,2168,5255,0.0,0.0,0.000190294957184,0.001522359657469,0.021883920076118,0.146336822074215,0.417507136060894,0.41255946717412
3,118,0,0,1,5,116,785,2233,2110,5250,0.0,0.0,0.000190476190476,0.000952380952381,0.022095238095238,0.14952380952381,0.425333333333333,0.401904761904762
3,119,0,0,0,6,129,808,2211,2091,5245,0.0,0.0,0.0,0.001143946615825,0.024594852240229,0.154051477597712,0.421544327931363,0.398665395614871
3,120,0,0,0,6,104,828,2174,2128,5240,0.0,0.0,0.0,0.001145038167939,0.019847328244275,0.158015267175573,0.414885496183206,0.406106870229008
3,121,0,0,0,2,133,762,2199,2139,5235,0.0,0.0,0.0,0.000382043935053,0.025405921680993,0.145558739255014,0.420057306590258,0.408595988538682
3,122,0,0,0,7,112,808,2217,2086,5230,0.0,0.0,0.0,0.001338432122371,0.021414913957935,0.154493307839388,0.423900573613767,0.398852772466539
3,123,0,0,1,5,130,807,2217,2065,5225,0.0,0.0,0.000191387559809,0.000956937799043,0.02488038277512,0.15444976076555,0.424306220095694,0.395215311004785
3,124,0,0,0,8,115,801,2175,2121,5220,0.0,0.0,0.0,0.001532567049808,0.022030651340996,0.153448275862069,0.416666666666667,0.40632183908046
3,125,0,0,1,11,114,766,2291,2032,5215,0.0,0.0,0.000191754554171,0.002109300095877,0.021860019175455,0.146883988494727,0.439309683604986,0.389645254074784
3,126,0,0,0,4,118,795,2159,2134,5210,0.0,0.0,0.0,0.000767754318618,0.022648752399232,0.152591170825336,0.414395393474088,0.409596928982726
3,127,0,0,0,9,125,829,2107,2135,5205,0.0,0.0,0.0,0.001729106628242,0.024015369836695,0.159269932756964,0.404803073967339,0.410182516810759
3,128,0,0,0,8,111,743,2239,2099,5200,0.0,0.0,0.0,0.001538461538462,0.021346153846154,0.142884615384615,0.430576923076923,0.403653846153846
3,129,0,0,0,6,130,784,2176,2099,5195,0.0,0.0,0.0,0.001154956689124,0.02502406159769,0.150914340712223,0.418864292589028,0.404042348411935
3,130,0,0,0,12,105,770,2207,2096,5190,0.0,0.0,0.0,0.002312138728324,0.020231213872832,0.148362235067437,0.4252408477842,0.403853564547206
3,131,0,0,0,6,119,783,2228,2049,5185,0.0,0.0,0.0,0.001157184185149,0.022950819672131,0.151012536162006,0.42970106075217,0.395178399228544
3,132,0,0,0,7,97,802,2190,2084,5180,0.0,0.0,0.0,0.001351351351351,0.018725868725869,0.154826254826255,0.422779922779923,0.402316602316602
3,133,0,0,0,9,118,757,2168,2123,5175,0.0,0.0,0.0,0.001739130434783,0.02280193236715,0.146280193236715,0.418937198067633,0.41024154589372
3,134,0,0,0,7,114,804,2231,2014,5170,0.0,0.0,0.0,0.001353965183752,0.022050290135397,0.155512572533849,0.431528046421663,0.389555125725339
3,135,0,0,0,7,123,801,2135,2099,5165,0.0,0.0,0.0,0.00135527589545,0.023814133591481,0.155082284607938,0.413359148112294,0.406389157792836
3,136,0,0,0,6,100,787,2255,2012,5160,0.0,0.0,0.0,0.001162790697674,0.01937984496124,0.152519379844961,0.437015503875969,0.389922480620155
3,137,0,0,0,9,104,800,2226,2016,5155,0.0,0.0,0.0,0.001745877788555,0.020174587778855,0.155189136760427,0.431813773035887,0.391076624636275
3,138,0,0,0,6,118,794,2167,2065,5150,0.0,0.0,0.0,0.001165048543689,0.022912621359223,0.154174757281553,0.420776699029126,0.400970873786408
3,139,0,0,1,7,107,772,2153,2105,5145,0.0,0.0,0.00019436345967,0.001360544217687,0.020796890184645,0.150048590864917,0.41846452866861,0.40913508260447
3,140,0,0,0,8,117,758,2195,2062,5140,0.0,0.0,0.0,0.001556420233463,0.022762645914397,0.147470817120623,0.42704280155642,0.401167315175097
3,141,0,0,1,9,98,794,2176,2057,5135,0.0,0.0,0.000194741966894,0.001752677702045,0.019084712755599,0.154625121713729,0.423758519961052,0.400584225900682
3,142,0,0,0,5,125,775,2194,2031,5130,0.0,0.0,0.0,0.000974658869396,0.024366471734893,0.151072124756335,0.427680311890838,0.395906432748538
3,143,0,0,0,8,108,749,2184,2076,5125,0.0,0.0,0.0,0.001560975609756,0.021073170731707,0.146146341463415,0.426146341463415,0.405073170731707
3,144,0,0,0,10,124,750,2185,2051,5120,0.0,0.0,0.0,0.001953125,0.02421875,0.146484375,0.4267578125,0.4005859375
3,145,0,0,0,10,130,778,2154,2043,5115,0.0,0.0,0.0,0.001955034213099,0.025415444770283,0.152101661779081,0.421114369501466,0.39941348973607
3,146,0,0,1,7,125,789,2138,2050,5110,0.0,0.0,0.000195694716243,0.001369863013699,0.024461839530333,0.15440313111546,0.41839530332681,0.401174168297456
3,147,0,0,0,9,98,774,2109,2115,5105,0.0,0.0,0.0,0.001762977473066,0.019196865817826,0.151616062683643,0.413124387855044,0.414299706170421
3,148,0,0,0,10,102,765,2219,2004,5100,0.0,0.0,0.0,0.001960784313725,0.02,0.15,0.435098039215686,0.392941176470588
3,149,0,0,0,8,105,746,2142,2094,5095,0.0,0.0,0.0,0.001570166830226,0.020608439646712,0.146418056918548,0.420412168792934,0.41099116781158
3,150,0,0,0,10,117,781,2194,1988,5090,0.0,0.0,0.0,0.00196463654224,0.022986247544204,0.153438113948919,0.431041257367387,0.39056974459725
3,151,0,0,0,2,123,782,2163,2015,5085,0.0,0.0,0.0,0.00039331366765,0.024188790560472,0.153785644051131,0.425368731563422,0.396263520157325
3,152,0,0,1,7,120,776,2110,2066,5080,0.0,0.0,0.000196850393701,0.001377952755906,0.023622047244094,0.152755905511811,0.415354330708661,0.406692913385827
3,153,0,0,1,8,128,735,2145,2058,5075,0.0,0.0,0.000197044334975,0.001576354679803,0.025221674876847,0.144827586206897,0.422660098522167,0.40551724137931
3,154,0,0,0,7,124,801,2143,1995,5070,0.0,0.0,0.0,0.00138067061144,0.024457593688363,0.157988165680473,0.422682445759369,0.393491124260355
3,155,0,0,0,8,115,776,2163,2003,5065,0.0,0.0,0.0,0.001579466929911,0.022704837117473,0.153208292201382,0.427048371174729,0.395459032576505
3,156,0,0,1,9,110,776,2136,2028,5060,0.0,0.0,0.000197628458498,0.001778656126482,0.021739130434783,0.153359683794466,0.422134387351779,0.400790513833992
3,157,0,0,0,5,104,776,2183,1987,5055,0.0,0.0,0.0,0.000989119683482,0.020573689416419,0.15351137487636,0.431849653808111,0.393076162215628
3,158,0,0,0,10,102,775,2141,2022,5050,0.0,0.0,0.0,0.001980198019802,0.02019801980198,0.153465346534653,0.423960396039604,0.40039603960396
3,159,0,0,1,10,99,748,2110,2077,5045,0.0,0.0,0.0001982160555,0.001982160555005,0.019623389494549,0.148265609514371,0.418235877106046,0.411694747274529
3,160,0,0,0,5,118,772,2063,2082,5040,0.0,0.0,0.0,0.000992063492063,0.023412698412698,0.153174603174603,0.409325396825397,0.413095238095238
3,161,0,0,0,7,111,751,2152,2014,5035,0.0,0.0,0.0,0.001390268123138,0.022045680238332,0.149155908639523,0.427408142999007,0.4
3,162,0,0,0,8,141,781,2103,1997,5030,0.0,0.0,0.0,0.001590457256461,0.028031809145129,0.155268389662028,0.418091451292247,0.397017892644135
3,163,0,0,0,10,131,782,2079,2023,5025,0.0,0.0,0.0,0.001990049751244,0.026069651741294,0.155621890547264,0.413731343283582,0.402587064676617
3,164,0,0,0,8,128,720,2206,1958,5020,0.0,0.0,0.0,0.001593625498008,0.025498007968127,0.143426294820717,0.439442231075697,0.39003984063745
3,165,0,0,0,7,114,775,2111,2008,5015,0.0,0.0,0.0,0.001395812562313,0.022731804586241,0.154536390827517,0.420937188434696,0.400398803589232
3,166,0,0,0,9,111,769,2080,2041,5010,0.0,0.0,0.0,0.001796407185629,0.022155688622754,0.153493013972056,0.415169660678643,0.407385229540918
3,167,0,0,0,4,119,771,2173,1938,5005,0.0,0.0,0.0,0.000799200799201,0.023776223776224,0.154045954045954,0.434165834165834,0.387212787212787
3,168,0,0,1,8,116,768,2103,2004,5000,0.0,0.0,0.0002,0.0016,0.0232,0.1536,0.4206,0.4008
3,169,0,0,1,7,114,779,2161,1933,4995,0.0,0.0,0.0002002002002,0.001401401401401,0.022822822822823,0.155955955955956,0.432632632632633,0.386986986986987
3,170,0,0,1,11,115,764,2131,1968,4990,0.0,0.0,0.000200400801603,0.002204408817635,0.023046092184369,0.15310621242485,0.427054108216433,0.39438877755511
3,171,0,0,0,4,121,737,2097,2026,4985,0.0,0.0,0.0,0.000802407221665,0.024272818455366,0.147843530591775,0.420661985957874,0.40641925777332
3,172,0,0,0,7,113,754,2119,1987,4980,0.0,0.0,0.0,0.00140562248996,0.022690763052209,0.15140562248996,0.425502008032129,0.398995983935743
3,173,0,0,0,11,115,748,2137,1964,4975,0.0,0.0,0.0,0.002211055276382,0.023115577889447,0.15035175879397,0.429547738693467,0.394773869346734
3,174,0,0,0,15,119,773,2045,2018,4970,0.0,0.0,0.0,0.003018108651911,0.023943661971831,0.155533199195171,0.411468812877264,0.406036217303823
3,175,0,0,0,13,113,746,2093,2000,4965,0.0,0.0,0.0,0.002618328298087,0.022759315206445,0.150251762336354,0.421550855991944,0.40281973816717
3,176,0,0,0,9,114,748,2085,2004,4960,0.0,0.0,0.0,0.001814516129032,0.022983870967742,0.150806451612903,0.420362903225806,0.404032258064516
3,177,0,0,0,8,115,710,2087,2035,4955,0.0,0.0,0.0,0.001614530776993,0.023208879919273,0.143289606458123,0.421190716448032,0.410696266397578
3,178,0,0,0,5,122,727,2135,1961,4950,0.0,0.0,0.0,0.001010101010101,0.024646464646465,0.146868686868687,0.431313131313131,0.396161616161616
3,179,0,0,0,7,126,754,2084,1974,4945,0.0,0.0,0.0,0.001415571284125,0.025480283114257,0.152477249747219,0.421435793731041,0.399191102123357
3,180,0,0,0,9,90,759,2085,1997,4940,0.0,0.0,0.0,0.001821862348178,0.018218623481781,0.153643724696356,0.422064777327935,0.404251012145749
3,181,0,0,1,5,107,754,2071,1997,4935,0.0,0.0,0.000202634245187,0.001013171225937,0.021681864235056,0.152786220871327,0.419655521783181,0.404660587639311
3,182,0,0,0,10,104,752,2058,2006,4930,0.0,0.0,0.0,0.002028397565923,0.021095334685598,0.152535496957404,0.417444219066937,0.406896551724138
3,183,0,0,1,4,101,768,2015,2036,4925,0.0,0.0,0.000203045685279,0.000812182741117,0.020507614213198,0.155939086294416,0.409137055837563,0.413401015228426
3,184,0,0,0,9,119,765,2060,1967,4920,0.0,0.0,0.0,0.001829268292683,0.024186991869919,0.155487804878049,0.41869918699187,0.39979674796748
3,185,0,0,0,9,96,701,2122,1987,4915,0.0,0.0,0.0,0.001831129196338,0.019532044760936,0.142624618514751,0.431739572736521,0.404272634791455
3,186,0,0,0,3,108,744,2058,1997,4910,0.0,0.0,0.0,0.00061099796334,0.021995926680244,0.15152749490835,0.419144602851324,0.406720977596741
3,187,0,0,0,6,106,787,2056,1950,4905,0.0,0.0,0.0,0.001223241590214,0.021610601427115,0.160448521916412,0.419164118246687,0.397553516819572
3,188,0,0,0,7,104,744,2058,1987,4900,0.0,0.0,0.0,0.001428571428571,0.021224489795918,0.151836734693878,0.42,0.405510204081633
3,189,0,0,0,11,103,721,2103,1957,4895,0.0,0.0,0.0,0.002247191011236,0.021041879468846,0.14729315628192,0.429622063329928,0.399795709908069
3,190,0,0,0,5,109,751,2075,1950,4890,0.0,0.0,0.0,0.001022494887526,0.022290388548057,0.153578732106339,0.424335378323108,0.398773006134969
3,191,0,0,0,10,109,721,2074,1971,4885,0.0,0.0,0.0,0.002047082906858,0.022313203684749,0.147594677584442,0.424564994882293,0.403480040941658
3,192,0,0,0,9,126,744,2038,1963,4880,0.0,0.0,0.0,0.001844262295082,0.025819672131148,0.152459016393443,0.417622950819672,0.402254098360656
3,193,0,0,0,6,100,731,2064,1974,4875,0.0,0.0,0.0,0.001230769230769,0.020512820512821,0.149948717948718,0.423384615384615,0.404923076923077
3,194,0,0,0,8,96,726,2082,1958,4870,0.0,0.0,0.0,0.001642710472279,0.019712525667351,0.149075975359343,0.427515400410678,0.402053388090349
3,195,0,0,0,10,108,800,2034,1913,4865,0.0,0.0,0.0,0.002055498458376,0.022199383350462,0.164439876670092,0.41808838643371,0.393216855087359
3,196,0,0,0,3,113,770,2032,1942,4860,0.0,0.0,0.0,0.000617283950617,0.023251028806584,0.15843621399177,0.418106995884774,0.399588477366255
3,197,0,0,0,3,105,731,2098,1918,4855,0.0,0.0,0.0,0.000617919670443,0.021627188465499,0.150566426364573,0.432131822863028,0.395056642636457
3,198,0,0,0,7,101,723,2022,1997,4850,0.0,0.0,0.0,0.001443298969072,0.020824742268041,0.149072164948454,0.416907216494845,0.411752577319588
3,199,0,0,0,7,110,746,2046,1936,4845,0.0,0.0,0.0,0.001444788441692,0.022703818369453,0.153973168214654,0.422291021671827,0.399587203302374
3,200,0,0,0,12,109,688,2074,1957,4840,0.0,0.0,0.0,0.002479338842975,0.022520661157025,0.142148760330579,0.428512396694215,0.404338842975207
3,201,0,0,0,6,93,783,2086,1867,4835,0.0,0.0,0.0,0.00124095139607,0.01923474663909,0.161944157187177,0.431437435367115,0.386142709410548
3,202,0,0,0,7,109,746,2031,1937,4830,0.0,0.0,0.0,0.001449275362319,0.022567287784679,0.154451345755694,0.420496894409938,0.401035196687371
3,203,0,0,1,5,96,701,2097,1925,4825,0.0,0.0,0.00020725388601,0.001036269430052,0.019896373056995,0.145284974093264,0.434611398963731,0.398963730569948
3,204,0,0,1,11,119,754,1955,1980,4820,0.0,0.0,0.000207468879668,0.002282157676349,0.024688796680498,0.15643153526971,0.405601659751037,0.410788381742739
3,205,0,1,0,6,114,774,1995,1925,4815,0.0,0.000207684319834,0.0,0.001246105919003,0.023676012461059,0.160747663551402,0.414330218068536,0.399792315680166
3,206,0,0,0,5,101,751,2008,1945,4810,0.0,0.0,0.0,0.001039501039501,0.020997920997921,0.156133056133056,0.417463617463617,0.404365904365904
3,207,0,0,0,3,103,743,2025,1931,4805,0.0,0.0,0.0,0.000624349635796,0.021436004162331,0.154630593132154,0.421436004162331,0.401873048907388
3,208,0,0,0,4,133,723,1963,1977,4800,0.0,0.0,0.0,0.000833333333333,0.027708333333333,0.150625,0.408958333333333,0.411875
3,209,0,0,0,4,126,746,2020,1899,4795,0.0,0.0,0.0,0.000834202294056,0.026277372262774,0.155578727841502,0.421272158498436,0.396037539103233
3,210,0,0,0,8,102,718,2036,1926,4790,0.0,0.0,0.0,0.001670146137787,0.021294363256785,0.149895615866388,0.425052192066806,0.402087682672234
3,211,0,0,1,4,121,734,2021,1904,4785,0.0,0.0,0.000208986415883,0.000835945663532,0.025287356321839,0.153396029258098,0.422361546499478,0.39791013584117
3,212,0,0,0,8,87,774,2048,1863,4780,0.0,0.0,0.0,0.001673640167364,0.018200836820084,0.161924686192469,0.428451882845188,0.389748953974895
3,213,0,0,0,13,109,738,2024,1891,4775,0.0,0.0,0.0,0.002722513089005,0.02282722513089,0.15455497382199,0.423874345549738,0.396020942408377
3,214,0,0,0,8,109,731,1991,1931,4770,0.0,0.0,0.0,0.00167714884696,0.022851153039832,0.153249475890985,0.417400419287212,0.40482180293501
3,215,0,0,0,2,103,744,2028,1888,4765,0.0,0.0,0.0,0.000419727177335,0.021615949632739,0.15613850996852,0.425603357817419,0.396222455403987
3,216,0,0,0,8,107,731,1973,1941,4760,0.0,0.0,0.0,0.001680672268908,0.022478991596639,0.153571428571429,0.414495798319328,0.407773109243697
3,217,0,0,0,4,113,739,1995,1904,4755,0.0,0.0,0.0,0.000841219768665,0.023764458464774,0.155415352260778,0.419558359621451,0.400420609884332
3,218,0,0,0,6,115,689,1997,1943,4750,0.0,0.0,0.0,0.001263157894737,0.024210526315789,0.145052631578947,0.420421052631579,0.409052631578947
3,219,0,0,0,7,119,712,2034,1873,4745,0.0,0.0,0.0,0.001475237091675,0.025079030558483,0.150052687038988,0.428661749209694,0.394731296101159
3,220,0,0,1,5,96,715,2025,1898,4740,0.0,0.0,0.000210970464135,0.001054852320675,0.020253164556962,0.15084388185654,0.427215189873418,0.40042194092827
3,221,0,0,0,4,87,718,2008,1918,4735,0.0,0.0,0.0,0.000844772967265,0.018373812038015,0.151636747624076,0.424076029567054,0.40506863780359
3,222,0,0,0,3,93,744,1969,1921,4730,0.0,0.0,0.0,0.000634249471459,0.019661733615222,0.157293868921776,0.416279069767442,0.406131078224101
3,223,0,0,0,9,100,708,2055,1853,4725,0.0,0.0,0.0,0.001904761904762,0.021164021164021,0.14984126984127,0.434920634920635,0.392169312169312
3,224,0,0,0,6,112,736,1939,1927,4720,0.0,0.0,0.0,0.001271186440678,0.023728813559322,0.155932203389831,0.410805084745763,0.408262711864407
3,225,0,0,0,8,113,690,2016,1888,4715,0.0,0.0,0.0,0.0016967126193,0.023966065747614,0.146341463414634,0.427571580063627,0.400424178154825
3,226,0,0,0,7,95,721,2004,1883,4710,0.0,0.0,0.0,0.001486199575372,0.020169851380042,0.15307855626327,0.425477707006369,0.399787685774947
3,227,0,0,0,7,110,713,1985,1890,4705,0.0,0.0,0.0,0.001487778958555,0.023379383634431,0.15154091392136,0.421891604675877,0.401700318809777
3,228,0,0,1,5,89,695,1983,1927,4700,0.0,0.0,0.000212765957447,0.001063829787234,0.018936170212766,0.147872340425532,0.421914893617021,0.41
3,229,0,0,0,7,93,692,1991,1912,4695,0.0,0.0,0.0,0.001490947816826,0.019808306709265,0.147390841320554,0.424068157614484,0.407241746538871
3,230,0,0,0,7,102,743,2010,1828,4690,0.0,0.0,0.0,0.001492537313433,0.021748400852878,0.158422174840085,0.428571428571429,0.389765458422175
3,231,0,0,0,7,116,721,2015,1826,4685,0.0,0.0,0.0,0.001494130202775,0.024759871931697,0.153895410885806,0.430096051227321,0.389754535752401
3,232,0,0,0,6,76,689,1977,1932,4680,0.0,0.0,0.0,0.001282051282051,0.016239316239316,0.147222222222222,0.422435897435897,0.412820512820513
3,233,0,0,0,11,113,700,2004,1847,4675,0.0,0.0,0.0,0.002352941176471,0.024171122994652,0.149732620320856,0.428663101604278,0.395080213903743
3,234,0,0,0,4,111,731,1981,1843,4670,0.0,0.0,0.0,0.000856531049251,0.023768736616702,0.156531049250535,0.424197002141328,0.394646680942184
3,235,0,0,0,7,130,688,1978,1862,4665,0.0,0.0,0.0,0.001500535905681,0.027867095391211,0.147481243301179,0.42400857449089,0.39914255091104
3,236,0,0,0,6,97,672,2024,1861,4660,0.0,0.0,0.0,0.001287553648069,0.020815450643777,0.144206008583691,0.434334763948498,0.399356223175966
3,237,0,0,0,4,114,642,2019,1876,4655,0.0,0.0,0.0,0.000859291084855,0.024489795918367,0.137916219119227,0.433727175080559,0.403007518796992
3,238,0,0,0,7,116,682,2029,1816,4650,0.0,0.0,0.0,0.001505376344086,0.02494623655914,0.146666666666667,0.436344086021505,0.390537634408602
3,239,0,0,0,7,123,708,1921,1886,4645,0.0,0.0,0.0,0.001506996770721,0.026480086114101,0.152421959095802,0.413562970936491,0.406027987082885
3,240,0,0,0,5,100,710,1943,1882,4640,0.0,0.0,0.0,0.001077586206897,0.021551724137931,0.15301724137931,0.41875,0.405603448275862
3,241,0,0,0,4,106,717,2029,1779,4635,0.0,0.0,0.0,0.000862998921251,0.022869471413161,0.154692556634304,0.437756202804746,0.383818770226537
3,242,0,0,0,6,108,716,1983,1817,4630,0.0,0.0,0.0,0.001295896328294,0.023326133909287,0.154643628509719,0.42829373650108,0.39244060475162
3,243,0,0,0,6,112,686,1950,1871,4625,0.0,0.0,0.0,0.001297297297297,0.024216216216216,0.148324324324324,0.421621621621622,0.404540540540541
3,244,0,0,1,3,104,715,1976,1821,4620,0.0,0.0,0.00021645021645,0.000649350649351,0.022510822510823,0.154761904761905,0.427705627705628,0.394155844155844
3,245,0,0,0,6,114,746,1927,1822,4615,0.0,0.0,0.0,0.001300108342362,0.024702058504875,0.161646803900325,0.417551462621885,0.394799566630553
3,246,0,0,0,8,105,669,1942,1886,4610,0.0,0.0,0.0,0.00173535791757,0.022776572668113,0.145119305856833,0.421258134490239,0.409110629067245
3,247,0,0,0,7,94,697,1957,1850,4605,0.0,0.0,0.0,0.001520086862106,0.020412595005429,0.151357220412595,0.424972855591748,0.401737242128122
3,248,0,0,0,6,96,682,1995,1821,4600,0.0,0.0,0.0,0.001304347826087,0.020869565217391,0.148260869565217,0.433695652173913,0.395869565217391
3,249,0,0,1,6,103,741,1924,1820,4595,0.0,0.0,0.000217627856366,0.001305767138194,0.022415669205658,0.161262241566921,0.418715995647443,0.396082698585419
3,250,0,0,0,9,85,719,1920,1857,4590,0.0,0.0,0.0,0.001960784313725,0.018518518518519,0.156644880174292,0.418300653594771,0.404575163398693
3,251,0,0,0,6,112,669,1958,1840,4585,0.0,0.0,0.0,0.001308615049073,0.024427480916031,0.145910577971647,0.427044711014177,0.401308615049073
3,252,0,0,0,3,110,721,1894,1852,4580,0.0,0.0,0.0,0.000655021834061,0.024017467248908,0.157423580786026,0.41353711790393,0.404366812227074
3,253,0,0,2,4,81,744,1930,1814,4575,0.0,0.0,0.000437158469945,0.000874316939891,0.017704918032787,0.162622950819672,0.421857923497268,0.396502732240437
3,254,0,0,0,2,122,722,1933,1791,4570,0.0,0.0,0.0,0.000437636761488,0.026695842450766,0.157986870897155,0.422975929978118,0.391903719912473
3,255,0,0,0,7,112,726,1921,1799,4565,0.0,0.0,0.0,0.001533406352683,0.024534501642935,0.159036144578313,0.420810514786418,0.39408543263965
3,256,0,0,0,1,105,723,1932,1799,4560,0.0,0.0,0.0,0.000219298245614,0.023026315789474,0.158552631578947,0.423684210526316,0.394517543859649
3,257,0,0,0,4,107,670,1932,1842,4555,0.0,0.0,0.0,0.000878155872667,0.023490669593853,0.147091108671789,0.424149286498353,0.404390779363337
3,258,0,0,0,2,89,668,1917,1874,4550,0.0,0.0,0.0,0.00043956043956,0.01956043956044,0.146813186813187,0.421318681318681,0.411868131868132
3,259,0,0,1,2,97,682,1868,1895,4545,0.0,0.0,0.0002200220022,0.0004400440044,0.021342134213421,0.15005500550055,0.411001100110011,0.416941694169417
3,260,0,0,0,3,102,681,1910,1844,4540,0.0,0.0,0.0,0.000660792951542,0.022466960352423,0.15,0.420704845814978,0.406167400881057
3,261,0,0,0,2,95,654,1970,1814,4535,0.0,0.0,0.0,0.000441014332966,0.020948180815877,0.144211686879824,0.434399117971334,0.4
3,262,0,0,0,6,107,690,1956,1771,4530,0.0,0.0,0.0,0.001324503311258,0.023620309050773,0.152317880794702,0.431788079470199,0.390949227373068
3,263,0,0,1,6,95,680,1935,1808,4525,0.0,0.0,0.000220994475138,0.001325966850829,0.020994475138122,0.150276243093923,0.427624309392265,0.399558011049724
3,264,0,0,0,9,91,665,1951,1804,4520,0.0,0.0,0.0,0.001991150442478,0.020132743362832,0.14712389380531,0.431637168141593,0.399115044247788
3,265,0,1,0,4,106,648,1952,1804,4515,0.0,0.000221483942414,0.0,0.000885935769657,0.023477297895903,0.143521594684385,0.43233665559247,0.399557032115172
3,266,0,0,0,7,108,702,1883,1810,4510,0.0,0.0,0.0,0.001552106430155,0.023946784922395,0.155654101995565,0.417516629711752,0.401330376940133
3,267,0,0,0,2,115,730,1834,1824,4505,0.0,0.0,0.0,0.000443951165372,0.025527192008879,0.16204217536071,0.407103218645949,0.40488346281909
3,268,0,0,0,9,91,662,1912,1826,4500,0.0,0.0,0.0,0.002,0.020222222222222,0.147111111111111,0.424888888888889,0.405777777777778
3,269,0,0,0,7,124,682,1886,1796,4495,0.0,0.0,0.0,0.001557285873192,0.027586206896552,0.151724137931034,0.419577308120133,0.399555061179088
3,270,0,0,1,9,102,644,1927,1807,4490,0.0,0.0,0.00022271714922,0.002004454342984,0.02271714922049,0.143429844097996,0.429175946547884,0.402449888641425
3,271,0,0,0,8,92,708,1928,1749,4485,0.0,0.0,0.0,0.001783723522854,0.020512820512821,0.157859531772575,0.429877369007804,0.389966555183946
3,272,0,0,1,8,99,634,1861,1877,4480,0.0,0.0,0.000223214285714,0.001785714285714,0.022098214285714,0.141517857142857,0.415401785714286,0.418973214285714
3,273,0,0,0,3,103,670,1902,1797,4475,0.0,0.0,0.0,0.000670391061453,0.023016759776536,0.149720670391061,0.425027932960894,0.401564245810056
3,274,0,0,0,11,92,647,1919,1801,4470,0.0,0.0,0.0,0.002460850111857,0.020581655480984,0.144742729306488,0.429306487695749,0.402908277404922
3,275,0,0,0,2,98,687,1883,1795,4465,0.0,0.0,0.0,0.000447928331467,0.021948488241881,0.153863381858903,0.421724524076148,0.402015677491601
3,276,0,0,0,7,104,680,1935,1734,4460,0.0,0.0,0.0,0.001569506726457,0.023318385650224,0.152466367713004,0.433856502242152,0.388789237668161
3,277,0,0,0,7,87,677,1910,1774,4455,0.0,0.0,0.0,0.001571268237935,0.01952861952862,0.151964085297419,0.428731762065095,0.398204264870932
3,278,0,0,0,6,99,673,1911,1761,4450,0.0,0.0,0.0,0.001348314606742,0.022247191011236,0.15123595505618,0.429438202247191,0.395730337078652
3,279,0,0,0,7,119,686,1865,1768,4445,0.0,0.0,0.0,0.001574803149606,0.026771653543307,0.154330708661417,0.419572553430821,0.397750281214848
3,280,0,0,1,5,97,674,1852,1811,4440,0.0,0.0,0.000225225225225,0.001126126126126,0.021846846846847,0.151801801801802,0.417117117117117,0.407882882882883
3,281,0,0,0,7,104,636,1923,1765,4435,0.0,0.0,0.0,0.001578354002255,0.023449830890643,0.143404735062007,0.433596392333709,0.397970687711387
3,282,0,0,0,3,118,658,1856,1795,4430,0.0,0.0,0.0,0.000677200902935,0.026636568848758,0.148532731376975,0.418961625282167,0.405191873589165
3,283,0,0,1,4,108,681,1852,1779,4425,0.0,0.0,0.000225988700565,0.00090395480226,0.024406779661017,0.153898305084746,0.418531073446328,0.402033898305085
3,284,0,0,0,10,103,671,1856,1780,4420,0.0,0.0,0.0,0.002262443438914,0.023303167420814,0.151809954751131,0.419909502262443,0.402714932126697
3,285,0,0,0,7,115,666,1890,1737,4415,0.0,0.0,0.0,0.00158550396376,0.026047565118913,0.150849377123443,0.428086070215176,0.393431483578709
3,286,0,0,0,5,104,648,1913,1740,4410,0.0,0.0,0.0,0.001133786848073,0.023582766439909,0.146938775510204,0.433786848072562,0.394557823129252
3,287,0,0,0,10,99,665,1859,1772,4405,0.0,0.0,0.0,0.002270147559591,0.022474460839955,0.150964812712826,0.422020431328036,0.402270147559591
3,288,0,0,0,5,90,672,1903,1730,4400,0.0,0.0,0.0,0.001136363636364,0.020454545454545,0.152727272727273,0.4325,0.393181818181818
3,289,0,0,0,9,99,612,1883,1792,4395,0.0,0.0,0.0,0.002047781569966,0.022525597269625,0.139249146757679,0.42844141069397,0.40773606370876
3,290,0,0,0,5,93,712,1815,1765,4390,0.0,0.0,0.0,0.001138952164009,0.021184510250569,0.162186788154897,0.413439635535307,0.402050113895216
3,291,0,0,1,3,114,680,1889,1698,4385,0.0,0.0,0.000228050171038,0.000684150513113,0.02599771949829,0.155074116305587,0.43078677309008,0.387229190421893
3,292,0,0,0,6,102,646,1855,1771,4380,0.0,0.0,0.0,0.001369863013699,0.023287671232877,0.147488584474886,0.42351598173516,0.404337899543379
3,293,0,0,1,7,88,631,1840,1808,4375,0.0,0.0,0.000228571428571,0.0016,0.020114285714286,0.144228571428571,0.420571428571429,0.413257142857143
3,294,0,0,0,6,99,656,1884,1725,4370,0.0,0.0,0.0,0.00137299771167,0.022654462242563,0.150114416475973,0.431121281464531,0.394736842105263
3,295,0,0,0,4,92,653,1837,1779,4365,0.0,0.0,0.0,0.000916380297824,0.021076746849943,0.149599083619702,0.420847651775487,0.407560137457045
3,296,0,0,0,7,94,728,1802,1729,4360,0.0,0.0,0.0,0.001605504587156,0.021559633027523,0.16697247706422,0.413302752293578,0.396559633027523
3,297,0,0,0,5,100,684,1795,1771,4355,0.0,0.0,0.0,0.001148105625718,0.022962112514351,0.157060849598163,0.412169919632606,0.406659012629162
3,298,0,0,0,5,115,650,1869,1711,4350,0.0,0.0,0.0,0.001149425287356,0.026436781609195,0.149425287356322,0.429655172413793,0.393333333333333
3,299,0,0,0,2,110,621,1852,1760,4345,0.0,0.0,0.0,0.000460299194476,0.025316455696203,0.142922899884925,0.426237054085155,0.405063291139241
3,300,0,0,0,8,103,599,1886,1744,4340,0.0,0.0,0.0,0.00184331797235,0.023732718894009,0.138018433179724,0.434562211981567,0.40184331797235
3,301,0,0,0,7,90,670,1848,1720,4335,0.0,0.0,0.0,0.00161476355248,0.02076124567474,0.154555940023068,0.426297577854671,0.39677047289504
3,302,0,0,0,5,103,625,1814,1783,4330,0.0,0.0,0.0,0.001154734411085,0.02378752886836,0.144341801385681,0.418937644341801,0.411778290993072
3,303,0,0,0,9,76,654,1814,1772,4325,0.0,0.0,0.0,0.002080924855491,0.01757225433526,0.15121387283237,0.419421965317919,0.40971098265896
3,304,0,0,2,6,101,662,1849,1700,4320,0.0,0.0,0.000462962962963,0.001388888888889,0.02337962962963,0.153240740740741,0.428009259259259,0.393518518518519
3,305,0,0,1,6,77,655,1819,1757,4315,0.0,0.0,0.000231749710313,0.001390498261877,0.01784472769409,0.151796060254925,0.421552723059096,0.407184241019699
3,306,0,0,0,5,86,621,1801,1797,4310,0.0,0.0,0.0,0.001160092807425,0.019953596287703,0.144083526682135,0.417865429234339,0.416937354988399
3,307,0,0,0,4,88,641,1876,1696,4305,0.0,0.0,0.0,0.000929152148664,0.020441347270616,0.148896631823461,0.435772357723577,0.393960511033682
3,308,0,0,1,5,104,656,1795,1739,4300,0.0,0.0,0.000232558139535,0.001162790697674,0.024186046511628,0.152558139534884,0.417441860465116,0.404418604651163
3,309,0,0,0,6,75,642,1832,1740,4295,0.0,0.0,0.0,0.00139697322468,0.017462165308498,0.149476135040745,0.426542491268917,0.40512223515716
3,310,0,0,0,3,117,620,1798,1752,4290,0.0,0.0,0.0,0.000699300699301,0.027272727272727,0.144522144522145,0.419114219114219,0.408391608391608
3,311,0,0,0,3,104,644,1772,1762,4285,0.0,0.0,0.0,0.000700116686114,0.024270711785298,0.150291715285881,0.413535589264877,0.41120186697783
3,312,0,0,0,9,96,663,1773,1739,4280,0.0,0.0,0.0,0.002102803738318,0.022429906542056,0.154906542056075,0.414252336448598,0.406308411214953
3,313,0,0,0,12,105,611,1858,1689,4275,0.0,0.0,0.0,0.00280701754386,0.024561403508772,0.142923976608187,0.434619883040936,0.395087719298246
3,314,0,0,0,9,98,645,1832,1686,4270,0.0,0.0,0.0,0.002107728337237,0.022950819672131,0.151053864168618,0.42903981264637,0.394847775175644
3,315,0,0,1,4,94,651,1795,1720,4265,0.0,0.0,0.000234466588511,0.000937866354045,0.022039859320047,0.15263774912075,0.420867526377491,0.403282532239156
3,316,0,0,0,4,87,626,1806,1737,4260,0.0,0.0,0.0,0.00093896713615,0.020422535211268,0.146948356807512,0.423943661971831,0.407746478873239
3,317,0,0,0,5,81,649,1833,1687,4255,0.0,0.0,0.0,0.00117508813161,0.01903642773208,0.152526439482961,0.430787309048179,0.39647473560517
3,318,0,0,0,9,105,617,1781,1738,4250,0.0,0.0,0.0,0.002117647058824,0.024705882352941,0.145176470588235,0.419058823529412,0.408941176470588
3,319,0,0,0,2,92,644,1775,1732,4245,0.0,0.0,0.0,0.000471142520612,0.021672555948174,0.15170789163722,0.418138987043581,0.408009422850412
3,320,0,0,0,8,97,648,1850,1637,4240,0.0,0.0,0.0,0.00188679245283,0.022877358490566,0.152830188679245,0.436320754716981,0.386084905660377
3,321,0,0,0,7,81,621,1790,1736,4235,0.0,0.0,0.0,0.001652892561983,0.019126328217237,0.146635182998819,0.422668240850059,0.409917355371901
3,322,0,0,1,5,93,610,1831,1690,4230,0.0,0.0,0.000236406619385,0.001182033096927,0.021985815602837,0.144208037825059,0.432860520094563,0.399527186761229
3,323,0,0,0,6,89,651,1766,1713,4225,0.0,0.0,0.0,0.001420118343195,0.021065088757396,0.154082840236686,0.417988165680473,0.405443786982249
3,324,0,0,0,6,98,612,1769,1735,4220,0.0,0.0,0.0,0.001421800947867,0.023222748815166,0.145023696682464,0.419194312796209,0.411137440758294
3,325,0,0,0,6,97,630,1845,1637,4215,0.0,0.0,0.0,0.001423487544484,0.023013048635824,0.149466192170818,0.437722419928826,0.388374851720047
3,326,0,0,0,5,76,643,1836,1650,4210,0.0,0.0,0.0,0.001187648456057,0.018052256532067,0.152731591448931,0.436104513064133,0.391923990498812
3,327,0,0,0,14,99,610,1823,1659,4205,0.0,0.0,0.0,0.00332936979786,0.023543400713436,0.145065398335315,0.433531510107015,0.394530321046373
3,328,0,0,0,5,94,617,1788,1696,4200,0.0,0.0,0.0,0.001190476190476,0.022380952380952,0.146904761904762,0.425714285714286,0.403809523809524
3,329,0,0,1,8,96,665,1728,1697,4195,0.0,0.0,0.000238379022646,0.001907032181168,0.022884386174017,0.158522050059595,0.4119189511323,0.404529201430274
3,330,0,0,0,7,107,658,1777,1641,4190,0.0,0.0,0.0,0.001670644391408,0.025536992840095,0.157040572792363,0.424105011933174,0.391646778042959
3,331,0,0,0,9,110,610,1783,1673,4185,0.0,0.0,0.0,0.002150537634409,0.026284348864994,0.145758661887694,0.426045400238949,0.399761051373955
3,332,0,0,0,3,75,626,1772,1704,4180,0.0,0.0,0.0,0.000717703349282,0.017942583732057,0.149760765550239,0.423923444976077,0.407655502392344
3,333,0,0,0,9,88,616,1778,1684,4175,0.0,0.0,0.0,0.002155688622754,0.021077844311377,0.147544910179641,0.425868263473054,0.403353293413174
3,334,0,0,0,11,98,671,1737,1653,4170,0.0,0.0,0.0,0.002637889688249,0.023501199040767,0.160911270983213,0.416546762589928,0.396402877697842
3,335,0,0,0,9,105,600,1813,1638,4165,0.0,0.0,0.0,0.002160864345738,0.025210084033613,0.14405762304922,0.435294117647059,0.39327731092437
3,336,0,0,0,7,81,658,1733,1681,4160,0.0,0.0,0.0,0.001682692307692,0.019471153846154,0.158173076923077,0.416586538461538,0.404086538461538
3,337,0,0,0,4,111,605,1733,1702,4155,0.0,0.0,0.0,0.000962695547533,0.026714801444043,0.14560770156438,0.417087845968712,0.409626955475331
3,338,0,0,0,1,98,617,1744,1690,4150,0.0,0.0,0.0,0.000240963855422,0.023614457831325,0.148674698795181,0.420240963855422,0.407228915662651
3,339,0,0,0,4,95,625,1742,1679,4145,0.0,0.0,0.0,0.000965018094089,0.02291917973462,0.150784077201448,0.420265379975875,0.405066344993969
3,340,0,0,0,3,108,620,1752,1657,4140,0.0,0.0,0.0,0.000724637681159,0.026086956521739,0.14975845410628,0.423188405797101,0.40024154589372
3,341,0,0,0,5,104,637,1738,1651,4135,0.0,0.0,0.0,0.001209189842805,0.025151148730351,0.154050785973398,0.420314389359129,0.399274486094317
3,342,0,0,0,6,98,636,1779,1611,4130,0.0,0.0,0.0,0.001452784503632,0.023728813559322,0.153995157384988,0.430750605326877,0.390072639225182
3,343,0,0,0,6,115,633,1737,1634,4125,0.0,0.0,0.0,0.001454545454545,0.027878787878788,0.153454545454545,0.421090909090909,0.396121212121212
3,344,0,0,0,6,83,594,1747,1690,4120,0.0,0.0,0.0,0.001456310679612,0.020145631067961,0.144174757281553,0.424029126213592,0.410194174757282
3,345,0,0,0,6,83,621,1738,1667,4115,0.0,0.0,0.0,0.001458080194411,0.020170109356015,0.150911300121507,0.422357229647631,0.405103280680437
3,346,0,0,0,8,69,613,1756,1664,4110,0.0,0.0,0.0,0.001946472019465,0.016788321167883,0.149148418491484,0.427250608272506,0.404866180048662
3,347,0,0,0,2,90,586,1767,1660,4105,0.0,0.0,0.0,0.000487210718636,0.021924482338611,0.142752740560292,0.430450669914738,0.404384896467722
3,348,0,0,0,8,102,598,1709,1683,4100,0.0,0.0,0.0,0.001951219512195,0.024878048780488,0.145853658536585,0.416829268292683,0.410487804878049
3,349,0,0,0,9,86,634,1711,1655,4095,0.0,0.0,0.0,0.002197802197802,0.021001221001221,0.154822954822955,0.417826617826618,0.404151404151404
3,350,0,0,0,7,80,644,1724,1635,4090,0.0,0.0,0.0,0.001711491442543,0.019559902200489,0.157457212713936,0.421515892420538,0.399755501222494
3,351,0,0,0,6,100,617,1720,1642,4085,0.0,0.0,0.0,0.001468788249694,0.024479804161567,0.151040391676867,0.421052631578947,0.401958384332925
3,352,0,0,0,4,82,619,1696,1679,4080,0.0,0.0,0.0,0.000980392156863,0.020098039215686,0.15171568627451,0.415686274509804,0.411519607843137
3,353,0,0,0,6,99,603,1731,1636,4075,0.0,0.0,0.0,0.001472392638037,0.024294478527607,0.147975460122699,0.42478527607362,0.401472392638037
3,354,0,0,0,3,81,608,1710,1668,4070,0.0,0.0,0.0,0.000737100737101,0.01990171990172,0.149385749385749,0.42014742014742,0.40982800982801
3,355,0,0,0,6,78,613,1771,1597,4065,0.0,0.0,0.0,0.001476014760148,0.019188191881919,0.15079950799508,0.435670356703567,0.392865928659287
3,356,0,0,0,8,87,637,1690,1638,4060,0.0,0.0,0.0,0.001970443349754,0.021428571428571,0.156896551724138,0.416256157635468,0.403448275862069
3,357,0,0,0,0,91,651,1659,1654,4055,0.0,0.0,0.0,0.0,0.022441430332922,0.160542540073983,0.409124537607891,0.407891491985203
3,358,0,0,1,3,94,626,1702,1624,4050,0.0,0.0,0.000246913580247,0.000740740740741,0.02320987654321,0.154567901234568,0.420246913580247,0.400987654320988
3,359,0,0,0,3,89,593,1712,1648,4045,0.0,0.0,0.0,0.000741656365884,0.022002472187886,0.146600741656366,0.423238566131026,0.407416563658838
3,360,0,0,0,3,77,648,1745,1567,4040,0.0,0.0,0.0,0.000742574257426,0.019059405940594,0.16039603960396,0.431930693069307,0.387871287128713
3,361,0,0,0,1,88,619,1742,1585,4035,0.0,0.0,0.0,0.000247831474597,0.02180916976456,0.153407682775713,0.431722428748451,0.392812887236679
3,362,0,0,0,6,91,636,1659,1638,4030,0.0,0.0,0.0,0.001488833746898,0.02258064516129,0.157816377171216,0.41166253101737,0.406451612903226
3,363,0,0,0,9,116,578,1729,1593,4025,0.0,0.0,0.0,0.00223602484472,0.028819875776398,0.14360248447205,0.429565217391304,0.395776397515528
3,364,0,0,0,3,92,600,1724,1601,4020,0.0,0.0,0.0,0.000746268656716,0.022885572139303,0.149253731343284,0.428855721393035,0.398258706467662
3,365,0,0,1,14,87,581,1746,1586,4015,0.0,0.0,0.000249066002491,0.003486924034869,0.021668742216687,0.144707347447073,0.434869240348692,0.395018679950187
3,366,0,0,0,7,68,621,1708,1606,4010,0.0,0.0,0.0,0.001745635910224,0.016957605985037,0.154862842892768,0.425935162094763,0.400498753117207
3,367,0,0,0,3,68,616,1728,1590,4005,0.0,0.0,0.0,0.000749063670412,0.016978776529338,0.153807740324594,0.431460674157303,0.397003745318352
3,368,0,0,1,7,83,579,1688,1642,4000,0.0,0.0,0.00025,0.00175,0.02075,0.14475,0.422,0.4105
3,369,0,0,0,2,78,601,1670,1644,3995,0.0,0.0,0.0,0.000500625782228,0.019524405506884,0.150438047559449,0.4180225281602,0.411514392991239
3,370,0,0,0,4,98,612,1663,1613,3990,0.0,0.0,0.0,0.001002506265664,0.024561403508772,0.153383458646617,0.416791979949875,0.404260651629073
3,371,0,0,1,13,81,606,1690,1594,3985,0.0,0.0,0.000250941028858,0.003262233375157,0.020326223337516,0.15207026348808,0.424090338770389,0.4
3,372,0,0,0,6,93,644,1649,1588,3980,0.0,0.0,0.0,0.001507537688442,0.023366834170854,0.161809045226131,0.414321608040201,0.398994974874372
3,373,0,0,0,7,98,651,1613,1606,3975,0.0,0.0,0.0,0.001761006289308,0.024654088050314,0.16377358490566,0.405786163522013,0.404025157232704
3,374,0,0,0,6,82,635,1642,1605,3970,0.0,0.0,0.0,0.001511335012594,0.020654911838791,0.159949622166247,0.41360201511335,0.404282115869018
3,375,0,0,0,2,103,609,1626,1625,3965,0.0,0.0,0.0,0.000504413619168,0.025977301387137,0.15359394703657,0.410088272383354,0.409836065573771
3,376,0,0,0,7,72,614,1672,1595,3960,0.0,0.0,0.0,0.001767676767677,0.018181818181818,0.155050505050505,0.422222222222222,0.402777777777778
3,377,0,0,0,1,84,617,1659,1594,3955,0.0,0.0,0.0,0.000252844500632,0.021238938053097,0.156005056890013,0.419469026548673,0.403034134007585
3,378,0,0,0,2,94,591,1671,1592,3950,0.0,0.0,0.0,0.000506329113924,0.02379746835443,0.149620253164557,0.423037974683544,0.403037974683544
3,379,0,0,0,8,96,550,1702,1589,3945,0.0,0.0,0.0,0.002027883396705,0.024334600760456,0.139416983523447,0.431432192648923,0.402788339670469
3,380,0,0,0,2,93,563,1708,1574,3940,0.0,0.0,0.0,0.000507614213198,0.023604060913706,0.142893401015228,0.433502538071066,0.399492385786802
3,381,0,0,1,10,73,609,1681,1561,3935,0.0,0.0,0.000254129606099,0.002541296060991,0.018551461245235,0.154764930114358,0.427191867852605,0.396696315120712
3,382,0,0,0,4,96,608,1631,1591,3930,0.0,0.0,0.0,0.001017811704835,0.024427480916031,0.15470737913486,0.41501272264631,0.404834605597964
3,383,0,0,0,5,92,582,1660,1586,3925,0.0,0.0,0.0,0.001273885350318,0.02343949044586,0.14828025477707,0.422929936305733,0.404076433121019
3,384,0,0,1,6,87,593,1689,1544,3920,0.0,0.0,0.000255102040816,0.001530612244898,0.02219387755102,0.151275510204082,0.430867346938775,0.393877551020408
3,385,0,0,1,3,88,572,1685,1566,3915,0.0,0.0,0.000255427841635,0.000766283524904,0.022477650063857,0.14610472541507,0.430395913154534,0.4
3,386,0,0,0,3,89,587,1591,1640,3910,0.0,0.0,0.0,0.00076726342711,0.022762148337596,0.150127877237852,0.40690537084399,0.419437340153453
3,387,0,0,0,4,88,585,1698,1530,3905,0.0,0.0,0.0,0.001024327784891,0.022535211267606,0.149807938540333,0.4348271446863,0.391805377720871
3,388,0,0,0,6,87,587,1636,1584,3900,0.0,0.0,0.0,0.001538461538462,0.022307692307692,0.15051282051282,0.41948717948718,0.406153846153846
3,389,0,0,0,4,61,571,1696,1563,3895,0.0,0.0,0.0,0.001026957637997,0.015661103979461,0.146598202824133,0.435430038510911,0.401283697047497
3,390,0,0,0,4,99,564,1653,1570,3890,0.0,0.0,0.0,0.001028277634961,0.025449871465296,0.144987146529563,0.424935732647815,0.403598971722365
3,391,0,0,0,6,84,595,1622,1578,3885,0.0,0.0,0.0,0.001544401544402,0.021621621621622,0.153153153153153,0.417503217503218,0.406177606177606
3,392,0,0,0,6,96,598,1572,1608,3880,0.0,0.0,0.0,0.001546391752577,0.024742268041237,0.154123711340206,0.405154639175258,0.414432989690722
3,393,0,0,0,4,67,559,1664,1581,3875,0.0,0.0,0.0,0.001032258064516,0.017290322580645,0.144258064516129,0.42941935483871,0.408
3,394,0,0,0,4,86,579,1642,1559,3870,0.0,0.0,0.0,0.001033591731266,0.022222222222222,0.149612403100775,0.424289405684755,0.402842377260982
3,395,0,0,1,6,92,625,1619,1522,3865,0.0,0.0,0.00025873221216,0.001552393272962,0.023803363518758,0.161707632600259,0.41888745148771,0.39379042690815
3,396,0,0,0,6,97,590,1658,1509,3860,0.0,0.0,0.0,0.001554404145078,0.025129533678756,0.152849740932642,0.429533678756477,0.390932642487047
3,397,0,0,0,8,75,571,1626,1575,3855,0.0,0.0,0.0,0.002075226977951,0.019455252918288,0.148119325551232,0.421789883268482,0.408560311284047
3,398,0,0,0,4,84,577,1632,1553,3850,0.0,0.0,0.0,0.001038961038961,0.021818181818182,0.14987012987013,0.423896103896104,0.403376623376623
3,399,0,0,0,5,82,556,1658,1544,3845,0.0,0.0,0.0,0.001300390117035,0.021326397919376,0.144603381014304,0.431209362808843,0.401560468140442
3,400,0,0,0,3,87,573,1611,1566,3840,0.0,0.0,0.0,0.00078125,0.02265625,0.14921875,0.41953125,0.4078125
3,401,0,0,0,5,66,581,1617,1566,3835,0.0,0.0,0.0,0.001303780964798,0.017209908735332,0.151499348109518,0.421642764015645,0.408344198174707
3,402,0,0,0,5,78,622,1629,1496,3830,0.0,0.0,0.0,0.001305483028721,0.020365535248042,0.162402088772846,0.42532637075718,0.390600522193212
3,403,0,0,0,11,97,573,1597,1547,3825,0.0,0.0,0.0,0.002875816993464,0.025359477124183,0.149803921568627,0.417516339869281,0.404444444444444
3,404,0,0,1,3,93,588,1587,1548,3820,0.0,0.0,0.000261780104712,0.000785340314136,0.02434554973822,0.153926701570681,0.41544502617801,0.405235602094241
3,405,0,0,0,10,80,603,1649,1473,3815,0.0,0.0,0.0,0.00262123197903,0.020969855832241,0.158060288335518,0.432241153342071,0.38610747051114
3,406,0,0,0,2,78,584,1605,1541,3810,0.0,0.0,0.0,0.000524934383202,0.020472440944882,0.153280839895013,0.421259842519685,0.404461942257218
3,407,0,0,0,3,90,588,1623,1501,3805,0.0,0.0,0.0,0.000788436268068,0.02365308804205,0.154533508541393,0.426544021024967,0.394480946123522
3,408,0,0,0,5,79,509,1632,1575,3800,0.0,0.0,0.0,0.001315789473684,0.020789473684211,0.133947368421053,0.429473684210526,0.414473684210526
3,409,0,0,0,4,89,532,1612,1558,3795,0.0,0.0,0.0,0.001054018445323,0.023451910408432,0.140184453227931,0.424769433465086,0.410540184453228
3,410,0,0,0,3,79,561,1621,1526,3790,0.0,0.0,0.0,0.000791556728232,0.020844327176781,0.14802110817942,0.427704485488127,0.402638522427441
3,411,0,0,0,3,88,586,1623,1485,3785,0.0,0.0,0.0,0.000792602377807,0.023249669749009,0.154821664464993,0.428797886393659,0.392338177014531
3,412,0,0,0,1,72,585,1568,1554,3780,0.0,0.0,0.0,0.00026455026455,0.019047619047619,0.154761904761905,0.414814814814815,0.411111111111111
3,413,0,0,0,2,67,558,1572,1576,3775,0.0,0.0,0.0,0.000529801324503,0.017748344370861,0.147814569536424,0.416423841059603,0.417483443708609
3,414,0,0,1,6,101,564,1616,1482,3770,0.0,0.0,0.00026525198939,0.00159151193634,0.026790450928382,0.149602122015915,0.428647214854111,0.393103448275862
3,415,0,0,0,10,74,532,1609,1540,3765,0.0,0.0,0.0,0.00265604249668,0.019654714475432,0.141301460823373,0.427357237715803,0.409030544488712
3,416,0,0,0,5,91,557,1597,1510,3760,0.0,0.0,0.0,0.001329787234043,0.024202127659574,0.14813829787234,0.424734042553191,0.401595744680851
3,417,0,0,0,1,76,570,1575,1533,3755,0.0,0.0,0.0,0.000266311584554,0.020239680426099,0.151797603195739,0.419440745672437,0.408255659121172
3,418,0,0,0,3,86,557,1553,1551,3750,0.0,0.0,0.0,0.0008,0.022933333333333,0.148533333333333,0.414133333333333,0.4136
3,419,0,0,0,6,81,572,1547,1539,3745,0.0,0.0,0.0,0.001602136181575,0.021628838451268,0.152736982643525,0.413084112149533,0.410947930574099
3,420,0,0,0,5,75,560,1572,1528,3740,0.0,0.0,0.0,0.001336898395722,0.020053475935829,0.149732620320856,0.420320855614973,0.40855614973262
3,421,0,0,0,7,78,565,1608,1477,3735,0.0,0.0,0.0,0.001874163319946,0.020883534136546,0.151271753681392,0.430522088353414,0.395448460508701
3,422,0,0,0,1,80,544,1623,1482,3730,0.0,0.0,0.0,0.000268096514745,0.021447721179625,0.145844504021448,0.435120643431635,0.397319034852547
3,423,0,0,1,2,78,551,1575,1518,3725,0.0,0.0,0.000268456375839,0.000536912751678,0.020939597315436,0.147919463087248,0.422818791946309,0.40751677852349
3,424,0,0,0,6,107,555,1565,1487,3720,0.0,0.0,0.0,0.001612903225806,0.028763440860215,0.149193548387097,0.420698924731183,0.399731182795699
3,425,0,0,0,5,94,539,1591,1486,3715,0.0,0.0,0.0,0.001345895020188,0.025302826379542,0.145087483176312,0.428263795423957,0.4
3,426,0,0,0,4,96,559,1556,1495,3710,0.0,0.0,0.0,0.001078167115903,0.025876010781671,0.150673854447439,0.419407008086253,0.402964959568733
3,427,0,0,1,4,89,566,1574,1471,3705,0.0,0.0,0.000269905533063,0.001079622132254,0.024021592442645,0.1527665317139,0.424831309041835,0.397031039136302
3,428,0,0,0,4,95,544,1528,1529,3700,0.0,0.0,0.0,0.001081081081081,0.025675675675676,0.147027027027027,0.412972972972973,0.413243243243243
3,429,0,0,0,3,82,585,1605,1420,3695,0.0,0.0,0.0,0.000811907983762,0.022192151556157,0.158322056833559,0.434370771312585,0.384303112313938
3,430,0,0,0,5,83,614,1572,1416,3690,0.0,0.0,0.0,0.001355013550136,0.022493224932249,0.16639566395664,0.426016260162602,0.383739837398374
3,431,0,0,0,4,79,544,1602,1456,3685,0.0,0.0,0.0,0.001085481682497,0.021438263229308,0.147625508819539,0.434735413839891,0.395115332428765
3,432,0,0,1,9,88,553,1563,1466,3680,0.0,0.0,0.000271739130435,0.002445652173913,0.023913043478261,0.150271739130435,0.424728260869565,0.398369565217391
3,433,0,0,0,4,61,562,1578,1470,3675,0.0,0.0,0.0,0.00108843537415,0.016598639455782,0.152925170068027,0.429387755102041,0.4
3,434,0,0,0,6,88,535,1514,1527,3670,0.0,0.0,0.0,0.001634877384196,0.023978201634877,0.145776566757493,0.412534059945504,0.416076294277929
3,435,0,0,0,6,81,557,1486,1535,3665,0.0,0.0,0.0,0.001637107776262,0.022100954979536,0.151978171896317,0.405457025920873,0.418826739427012
3,436,0,0,0,4,81,552,1517,1506,3660,0.0,0.0,0.0,0.001092896174863,0.022131147540984,0.150819672131148,0.41448087431694,0.411475409836066
3,437,0,0,0,8,83,525,1536,1503,3655,0.0,0.0,0.0,0.00218878248974,0.022708618331053,0.143638850889193,0.420246238030096,0.411217510259918
3,438,0,0,0,5,86,570,1513,1476,3650,0.0,0.0,0.0,0.001369863013699,0.023561643835616,0.156164383561644,0.414520547945205,0.404383561643836
3,439,0,0,0,5,86,558,1535,1461,3645,0.0,0.0,0.0,0.001371742112483,0.023593964334705,0.153086419753086,0.421124828532236,0.40082304526749
3,440,0,0,0,4,91,535,1509,1501,3640,0.0,0.0,0.0,0.001098901098901,0.025,0.146978021978022,0.41456043956044,0.412362637362637
3,441,0,0,0,4,85,572,1550,1424,3635,0.0,0.0,0.0,0.001100412654746,0.023383768913343,0.157359009628611,0.426409903713893,0.391746905089409
3,442,0,0,0,7,86,573,1476,1488,3630,0.0,0.0,0.0,0.001928374655647,0.023691460055096,0.157851239669421,0.406611570247934,0.409917355371901
3,443,0,0,0,8,91,546,1554,1426,3625,0.0,0.0,0.0,0.002206896551724,0.025103448275862,0.150620689655172,0.428689655172414,0.393379310344828
3,444,0,0,0,1,81,523,1562,1453,3620,0.0,0.0,0.0,0.000276243093923,0.022375690607735,0.144475138121547,0.431491712707182,0.401381215469613
3,445,0,0,0,3,80,554,1573,1405,3615,0.0,0.0,0.0,0.000829875518672,0.022130013831259,0.153250345781466,0.435131396957123,0.38865836791148
3,446,0,0,0,4,76,575,1491,1464,3610,0.0,0.0,0.0,0.001108033240997,0.021052631578947,0.159279778393352,0.413019390581717,0.405540166204986
3,447,0,0,0,4,64,583,1533,1421,3605,0.0,0.0,0.0,0.001109570041609,0.017753120665742,0.161719833564494,0.425242718446602,0.394174757281553
3,448,0,0,0,3,75,519,1540,1463,3600,0.0,0.0,0.0,0.000833333333333,0.020833333333333,0.144166666666667,0.427777777777778,0.406388888888889
3,449,0,0,0,7,64,541,1519,1464,3595,0.0,0.0,0.0,0.001947148817803,0.017802503477051,0.150486787204451,0.422531293463143,0.407232267037552
3,450,0,0,0,3,82,543,1515,1447,3590,0.0,0.0,0.0,0.0008356545961,0.022841225626741,0.15125348189415,0.422005571030641,0.403064066852368
3,451,0,0,0,3,94,575,1461,1452,3585,0.0,0.0,0.0,0.000836820083682,0.026220362622036,0.160390516039052,0.407531380753138,0.405020920502092
3,452,0,0,0,2,96,543,1487,1452,3580,0.0,0.0,0.0,0.000558659217877,0.026815642458101,0.151675977653631,0.41536312849162,0.405586592178771
3,453,0,0,0,3,66,493,1534,1479,3575,0.0,0.0,0.0,0.000839160839161,0.018461538461538,0.137902097902098,0.429090909090909,0.413706293706294
3,454,0,0,0,5,75,543,1480,1467,3570,0.0,0.0,0.0,0.00140056022409,0.021008403361345,0.152100840336134,0.414565826330532,0.410924369747899
3,455,0,0,0,5,100,533,1499,1428,3565,0.0,0.0,0.0,0.00140252454418,0.02805049088359,0.149509116409537,0.420476858345021,0.400561009817672
3,456,0,0,1,1,82,562,1529,1385,3560,0.0,0.0,0.000280898876404,0.000280898876404,0.023033707865169,0.157865168539326,0.429494382022472,0.389044943820225
3,457,0,0,0,3,77,508,1487,1480,3555,0.0,0.0,0.0,0.00084388185654,0.021659634317862,0.142897327707454,0.418284106891702,0.416315049226442
3,458,0,0,0,4,92,578,1464,1412,3550,0.0,0.0,0.0,0.00112676056338,0.025915492957746,0.162816901408451,0.412394366197183,0.397746478873239
3,459,0,0,0,4,70,528,1490,1453,3545,0.0,0.0,0.0,0.001128349788434,0.019746121297602,0.148942172073343,0.420310296191819,0.409873060648801
3,460,0,0,0,4,84,539,1535,1378,3540,0.0,0.0,0.0,0.001129943502825,0.023728813559322,0.15225988700565,0.43361581920904,0.389265536723164
3,461,0,0,0,5,86,550,1501,1393,3535,0.0,0.0,0.0,0.001414427157001,0.024328147100424,0.155586987270156,0.424611032531825,0.394059405940594
3,462,0,0,0,4,88,506,1538,1394,3530,0.0,0.0,0.0,0.001133144475921,0.024929178470255,0.143342776203966,0.435694050991501,0.394900849858357
3,463,0,0,0,2,81,496,1520,1426,3525,0.0,0.0,0.0,0.000567375886525,0.022978723404255,0.140709219858156,0.431205673758865,0.404539007092199
3,464,0,0,0,9,85,537,1482,1407,3520,0.0,0.0,0.0,0.002556818181818,0.024147727272727,0.152556818181818,0.421022727272727,0.399715909090909
3,465,0,0,0,4,76,493,1483,1459,3515,0.0,0.0,0.0,0.001137980085349,0.021621621621622,0.140256045519203,0.421906116642959,0.415078236130868
3,466,0,0,0,3,86,520,1486,1415,3510,0.0,0.0,0.0,0.000854700854701,0.024501424501424,0.148148148148148,0.423361823361823,0.403133903133903
3,467,0,0,0,6,75,491,1483,1450,3505,0.0,0.0,0.0,0.001711840228245,0.021398002853067,0.140085592011412,0.423109843081312,0.413694721825963
3,468,0,0,0,4,73,567,1441,1415,3500,0.0,0.0,0.0,0.001142857142857,0.020857142857143,0.162,0.411714285714286,0.404285714285714
3,469,0,0,0,6,83,523,1483,1400,3495,0.0,0.0,0.0,0.001716738197425,0.023748211731044,0.14964234620887,0.424320457796853,0.400572246065808
3,470,0,0,0,5,84,530,1496,1375,3490,0.0,0.0,0.0,0.001432664756447,0.024068767908309,0.151862464183381,0.42865329512894,0.393982808022923
3,471,0,0,0,3,80,553,1479,1370,3485,0.0,0.0,0.0,0.000860832137733,0.022955523672884,0.158680057388809,0.424390243902439,0.393113342898135
3,472,0,0,1,3,83,521,1450,1422,3480,0.0,0.0,0.000287356321839,0.000862068965517,0.023850574712644,0.149712643678161,0.416666666666667,0.408620689655172
3,473,0,0,0,5,78,520,1516,1356,3475,0.0,0.0,0.0,0.001438848920863,0.022446043165468,0.149640287769784,0.436258992805755,0.390215827338129
3,474,0,0,0,4,74,522,1501,1369,3470,0.0,0.0,0.0,0.001152737752161,0.021325648414986,0.150432276657061,0.432564841498559,0.394524495677233
3,475,0,0,0,4,83,502,1480,1396,3465,0.0,0.0,0.0,0.001154401154401,0.023953823953824,0.144877344877345,0.427128427128427,0.402886002886003
3,476,0,0,0,3,75,543,1458,1381,3460,0.0,0.0,0.0,0.000867052023121,0.021676300578035,0.156936416184971,0.421387283236994,0.399132947976879
3,477,0,0,1,3,71,524,1462,1394,3455,0.0,0.0,0.000289435600579,0.000868306801737,0.0205499276411,0.151664254703329,0.42315484804631,0.403473227206946
3,478,0,0,0,10,90,535,1452,1363,3450,0.0,0.0,0.0,0.002898550724638,0.026086956521739,0.155072463768116,0.420869565217391,0.395072463768116
3,479,0,0,0,5,84,542,1419,1395,3445,0.0,0.0,0.0,0.001451378809869,0.024383164005806,0.15732946298984,0.411901306240929,0.404934687953556
3,480,0,0,0,4,82,531,1451,1372,3440,0.0,0.0,0.0,0.001162790697674,0.023837209302326,0.154360465116279,0.421802325581395,0.398837209302326
3,481,0,0,0,2,82,512,1458,1381,3435,0.0,0.0,0.0,0.000582241630277,0.023871906841339,0.149053857350801,0.424454148471616,0.402037845705968
3,482,0,0,0,6,86,518,1474,1346,3430,0.0,0.0,0.0,0.001749271137026,0.025072886297376,0.151020408163265,0.429737609329446,0.392419825072886
3,483,0,0,0,9,72,497,1499,1348,3425,0.0,0.0,0.0,0.002627737226277,0.021021897810219,0.145109489051095,0.437664233576642,0.393576642335766
3,484,0,0,0,5,84,554,1430,1347,3420,0.0,0.0,0.0,0.001461988304094,0.024561403508772,0.161988304093567,0.41812865497076,0.393859649122807
3,485,0,0,0,5,81,488,1449,1392,3415,0.0,0.0,0.0,0.001464128843338,0.023718887262079,0.14289897510981,0.424304538799414,0.407613469985359
3,486,0,0,0,7,76,519,1432,1376,3410,0.0,0.0,0.0,0.002052785923754,0.022287390029326,0.152199413489736,0.419941348973607,0.403519061583578
3,487,0,0,0,5,74,492,1467,1367,3405,0.0,0.0,0.0,0.001468428781204,0.021732745961821,0.144493392070485,0.430837004405286,0.401468428781204
3,488,0,0,0,4,75,527,1409,1385,3400,0.0,0.0,0.0,0.001176470588235,0.022058823529412,0.155,0.414411764705882,0.407352941176471
3,489,0,0,0,4,79,528,1453,1331,3395,0.0,0.0,0.0,0.001178203240059,0.023269513991163,0.155522827687776,0.427982326951399,0.392047128129602
3,490,0,0,0,6,70,487,1425,1402,3390,0.0,0.0,0.0,0.001769911504425,0.020648967551622,0.143657817109145,0.420353982300885,0.413569321533923
3,491,0,0,0,2,75,503,1498,1307,3385,0.0,0.0,0.0,0.000590841949778,0.022156573116691,0.148596750369276,0.442540620384047,0.386115214180207
3,492,0,0,0,4,73,527,1450,1326,3380,0.0,0.0,0.0,0.001183431952663,0.021597633136095,0.155917159763314,0.428994082840237,0.392307692307692
3,493,0,0,0,3,59,511,1444,1358,3375,0.0,0.0,0.0,0.000888888888889,0.017481481481481,0.151407407407407,0.427851851851852,0.40237037037037
3,494,0,0,0,5,77,499,1416,1373,3370,0.0,0.0,0.0,0.001483679525223,0.022848664688427,0.148071216617211,0.420178041543027,0.407418397626113
3,495,0,0,0,6,76,514,1355,1414,3365,0.0,0.0,0.0,0.001783060921248,0.02258543833581,0.152748885586924,0.402674591381872,0.420208023774146
3,496,0,0,0,6,75,492,1418,1369,3360,0.0,0.0,0.0,0.001785714285714,0.022321428571429,0.146428571428571,0.42202380952381,0.407440476190476
3,497,0,0,0,0,69,530,1407,1349,3355,0.0,0.0,0.0,0.0,0.020566318926975,0.157973174366617,0.419374068554396,0.402086438152012
3,498,0,0,0,5,66,536,1422,1321,3350,0.0,0.0,0.0,0.001492537313433,0.019701492537313,0.16,0.424477611940298,0.394328358208955
3,499,0,0,0,4,72,528,1416,1325,3345,0.0,0.0,0.0,0.001195814648729,0.02152466367713,0.157847533632287,0.423318385650224,0.396113602391629
3,500,0,0,0,5,69,498,1354,1414,3340,0.0,0.0,0.0,0.001497005988024,0.020658682634731,0.149101796407186,0.405389221556886,0.423353293413174
3,501,0,0,0,2,81,526,1441,1285,3335,0.0,0.0,0.0,0.000599700149925,0.024287856071964,0.157721139430285,0.432083958020989,0.385307346326837
3,502,0,0,0,6,72,490,1399,1363,3330,0.0,0.0,0.0,0.001801801801802,0.021621621621622,0.147147147147147,0.42012012012012,0.409309309309309
3,503,0,0,0,4,69,455,1444,1353,3325,0.0,0.0,0.0,0.001203007518797,0.020751879699248,0.136842105263158,0.434285714285714,0.406917293233083
3,504,0,0,1,4,69,489,1366,1391,3320,0.0,0.0,0.000301204819277,0.001204819277108,0.02078313253012,0.147289156626506,0.41144578313253,0.418975903614458
3,505,0,0,0,3,69,527,1411,1305,3315,0.0,0.0,0.0,0.000904977375566,0.020814479638009,0.158974358974359,0.425641025641026,0.393665158371041
3,506,0,0,0,4,78,533,1317,1378,3310,0.0,0.0,0.0,0.001208459214502,0.023564954682779,0.161027190332326,0.397885196374622,0.41631419939577
3,507,0,0,0,4,70,464,1469,1298,3305,0.0,0.0,0.0,0.001210287443268,0.021180030257186,0.140393343419062,0.444478063540091,0.392738275340393
3,508,0,0,0,4,72,520,1375,1329,3300,0.0,0.0,0.0,0.001212121212121,0.021818181818182,0.157575757575758,0.416666666666667,0.402727272727273
3,509,0,0,0,5,80,530,1347,1333,3295,0.0,0.0,0.0,0.001517450682853,0.024279210925645,0.160849772382398,0.408801213960546,0.404552352048558
3,510,0,0,0,9,75,539,1398,1269,3290,0.0,0.0,0.0,0.00273556231003,0.022796352583587,0.163829787234043,0.424924012158055,0.385714285714286
3,511,0,0,0,8,77,509,1379,1312,3285,0.0,0.0,0.0,0.002435312024353,0.023439878234399,0.154946727549467,0.419786910197869,0.399391171993912
3,512,0,0,0,3,81,538,1355,1303,3280,0.0,0.0,0.0,0.000914634146341,0.02469512195122,0.164024390243902,0.413109756097561,0.397256097560976
3,513,0,0,1,6,66,477,1401,1324,3275,0.0,0.0,0.00030534351145,0.001832061068702,0.020152671755725,0.145648854961832,0.427786259541985,0.404274809160305
3,514,0,1,0,7,64,527,1376,1295,3270,0.0,0.000305810397554,0.0,0.002140672782875,0.019571865443425,0.161162079510703,0.420795107033639,0.396024464831804
3,515,0,0,0,6,84,496,1329,1350,3265,0.0,0.0,0.0,0.001837672281776,0.02572741194487,0.151914241960184,0.407044410413476,0.413476263399694
3,516,0,0,0,5,66,480,1385,1324,3260,0.0,0.0,0.0,0.001533742331288,0.020245398773006,0.147239263803681,0.424846625766871,0.406134969325153
3,517,0,0,0,8,63,513,1374,1297,3255,0.0,0.0,0.0,0.002457757296467,0.019354838709677,0.157603686635945,0.422119815668203,0.398463901689708
3,518,0,0,0,7,74,472,1376,1321,3250,0.0,0.0,0.0,0.002153846153846,0.022769230769231,0.145230769230769,0.423384615384615,0.406461538461538
3,519,0,0,0,2,72,478,1371,1322,3245,0.0,0.0,0.0,0.000616332819723,0.022187981510015,0.147303543913713,0.422496147919877,0.407395993836672
3,520,0,0,0,4,74,499,1308,1355,3240,0.0,0.0,0.0,0.001234567901235,0.02283950617284,0.154012345679012,0.403703703703704,0.41820987654321
3,521,0,0,1,2,64,502,1387,1279,3235,0.0,0.0,0.000309119010819,0.000618238021638,0.019783616692427,0.155177743431221,0.428748068006182,0.395363214837713
3,522,0,0,0,2,79,484,1359,1306,3230,0.0,0.0,0.0,0.00061919504644,0.024458204334365,0.14984520123839,0.420743034055728,0.404334365325077
3,523,0,0,0,10,85,490,1366,1274,3225,0.0,0.0,0.0,0.003100775193798,0.026356589147287,0.151937984496124,0.423565891472868,0.395038759689922
3,524,0,0,0,4,63,515,1393,1245,3220,0.0,0.0,0.0,0.001242236024845,0.019565217391304,0.159937888198758,0.432608695652174,0.386645962732919
3,525,0,0,0,4,67,483,1376,1285,3215,0.0,0.0,0.0,0.001244167962675,0.020839813374806,0.150233281493002,0.427993779160187,0.399688958009331
3,526,0,0,0,3,77,500,1296,1334,3210,0.0,0.0,0.0,0.000934579439252,0.02398753894081,0.155763239875389,0.403738317757009,0.415576323987539
3,527,0,0,0,3,53,487,1354,1308,3205,0.0,0.0,0.0,0.000936037441498,0.016536661466459,0.15195007800312,0.422464898595944,0.40811232449298
3,528,0,0,0,7,69,492,1321,1311,3200,0.0,0.0,0.0,0.0021875,0.0215625,0.15375,0.4128125,0.4096875
3,529,0,0,0,6,64,488,1344,1293,3195,0.0,0.0,0.0,0.0018779342723,0.020031298904538,0.152738654147105,0.420657276995305,0.404694835680751
3,530,0,0,0,5,74,496,1310,1305,3190,0.0,0.0,0.0,0.001567398119122,0.023197492163009,0.155485893416928,0.410658307210031,0.409090909090909
3,531,0,0,0,4,75,503,1302,1301,3185,0.0,0.0,0.0,0.001255886970173,0.023547880690738,0.157927786499215,0.408791208791209,0.408477237048666
3,532,0,0,0,2,66,460,1400,1252,3180,0.0,0.0,0.0,0.00062893081761,0.020754716981132,0.144654088050314,0.440251572327044,0.393710691823899
3,533,0,0,0,2,75,483,1352,1263,3175,0.0,0.0,0.0,0.000629921259843,0.023622047244094,0.152125984251968,0.425826771653543,0.397795275590551
3,534,0,0,0,4,82,457,1373,1254,3170,0.0,0.0,0.0,0.001261829652997,0.025867507886435,0.14416403785489,0.433123028391167,0.395583596214511
3,535,0,0,0,5,58,444,1344,1314,3165,0.0,0.0,0.0,0.001579778830964,0.018325434439179,0.140284360189573,0.424644549763033,0.415165876777251
3,536,0,0,0,0,78,462,1364,1256,3160,0.0,0.0,0.0,0.0,0.024683544303797,0.14620253164557,0.431645569620253,0.39746835443038
3,537,0,0,0,6,72,446,1331,1300,3155,0.0,0.0,0.0,0.001901743264659,0.022820919175911,0.141362916006339,0.421870047543582,0.412044374009509
3,538,0,0,0,5,79,481,1358,1227,3150,0.0,0.0,0.0,0.001587301587302,0.025079365079365,0.152698412698413,0.431111111111111,0.38952380952381
3,539,0,0,1,3,72,491,1326,1252,3145,0.0,0.0,0.000317965023847,0.000953895071542,0.022893481717011,0.156120826709062,0.421621621621622,0.398092209856916
3,540,0,0,0,7,62,435,1355,1281,3140,0.0,0.0,0.0,0.002229299363057,0.019745222929936,0.138535031847134,0.431528662420382,0.40796178343949
3,541,0,0,0,5,96,465,1312,1257,3135,0.0,0.0,0.0,0.001594896331738,0.030622009569378,0.148325358851675,0.418500797448166,0.400956937799043
3,542,0,0,0,1,83,478,1303,1265,3130,0.0,0.0,0.0,0.000319488817891,0.026517571884984,0.152715654952077,0.41629392971246,0.404153354632588
3,543,0,0,1,4,74,482,1312,1252,3125,0.0,0.0,0.00032,0.00128,0.02368,0.15424,0.41984,0.40064
3,544,0,0,1,8,51,478,1387,1195,3120,0.0,0.0,0.000320512820513,0.002564102564103,0.016346153846154,0.153205128205128,0.444551282051282,0.383012820512821
3,545,0,0,0,6,83,462,1301,1263,3115,0.0,0.0,0.0,0.001926163723917,0.026645264847512,0.148314606741573,0.417656500802568,0.40545746388443
3,546,0,0,0,4,63,495,1299,1249,3110,0.0,0.0,0.0,0.001286173633441,0.020257234726688,0.159163987138264,0.417684887459807,0.401607717041801
3,547,0,0,1,3,62,470,1331,1238,3105,0.0,0.0,0.000322061191626,0.000966183574879,0.019967793880837,0.151368760064412,0.42866344605475,0.398711755233494
3,548,0,0,0,3,84,467,1269,1277,3100,0.0,0.0,0.0,0.000967741935484,0.027096774193548,0.150645161290323,0.409354838709677,0.411935483870968
3,549,0,0,0,2,69,475,1288,1261,3095,0.0,0.0,0.0,0.00064620355412,0.022294022617124,0.153473344103393,0.416155088852989,0.407431340872375
3,550,0,0,0,4,73,454,1368,1191,3090,0.0,0.0,0.0,0.001294498381877,0.023624595469256,0.146925566343042,0.442718446601942,0.385436893203883
3,551,0,0,0,6,71,482,1294,1232,3085,0.0,0.0,0.0,0.00194489465154,0.023014586709887,0.156239870340357,0.419448946515397,0.39935170178282
3,552,0,0,0,4,64,451,1315,1246,3080,0.0,0.0,0.0,0.001298701298701,0.020779220779221,0.146428571428571,0.426948051948052,0.404545454545455
3,553,0,0,0,1,58,468,1317,1231,3075,0.0,0.0,0.0,0.000325203252033,0.018861788617886,0.15219512195122,0.428292682926829,0.400325203252033
3,554,0,0,0,2,61,531,1292,1184,3070,0.0,0.0,0.0,0.000651465798046,0.019869706840391,0.172964169381107,0.420846905537459,0.385667752442997
3,555,0,0,0,2,82,464,1309,1208,3065,0.0,0.0,0.0,0.000652528548124,0.026753670473083,0.151386623164763,0.427079934747145,0.394127243066884
3,556,0,0,0,7,79,466,1329,1179,3060,0.0,0.0,0.0,0.002287581699346,0.025816993464052,0.152287581699346,0.434313725490196,0.385294117647059
3,557,0,0,1,3,62,448,1308,1233,3055,0.0,0.0,0.000327332242226,0.000981996726678,0.020294599018003,0.146644844517185,0.428150572831424,0.403600654664484
3,558,0,0,0,3,63,468,1296,1220,3050,0.0,0.0,0.0,0.000983606557377,0.020655737704918,0.15344262295082,0.424918032786885,0.4
3,559,0,0,0,5,64,478,1304,1194,3045,0.0,0.0,0.0,0.001642036124795,0.021018062397373,0.156978653530378,0.42824302134647,0.392118226600985
3,560,0,0,0,5,61,480,1264,1230,3040,0.0,0.0,0.0,0.001644736842105,0.020065789473684,0.157894736842105,0.415789473684211,0.404605263157895
3,561,0,0,0,6,67,441,1308,1213,3035,0.0,0.0,0.0,0.001976935749588,0.022075782537068,0.145304777594728,0.430971993410214,0.399670510708402
3,562,0,0,0,2,61,462,1308,1197,3030,0.0,0.0,0.0,0.000660066006601,0.02013201320132,0.152475247524752,0.431683168316832,0.395049504950495
3,563,0,0,0,1,75,448,1281,1220,3025,0.0,0.0,0.0,0.000330578512397,0.024793388429752,0.148099173553719,0.423471074380165,0.403305785123967
3,564,0,0,0,2,65,470,1274,1209,3020,0.0,0.0,0.0,0.000662251655629,0.021523178807947,0.155629139072848,0.421854304635762,0.400331125827815
3,565,0,0,0,5,69,475,1275,1191,3015,0.0,0.0,0.0,0.001658374792703,0.022885572139303,0.157545605306799,0.422885572139304,0.395024875621891
3,566,0,0,0,4,68,448,1253,1237,3010,0.0,0.0,0.0,0.001328903654485,0.022591362126246,0.148837209302326,0.416279069767442,0.410963455149502
3,567,0,0,1,6,58,441,1308,1191,3005,0.0,0.0,0.000332778702163,0.001996672212978,0.019301164725458,0.14675540765391,0.435274542429285,0.396339434276206
3,568,0,0,0,7,52,424,1275,1242,3000,0.0,0.0,0.0,0.002333333333333,0.017333333333333,0.141333333333333,0.425,0.414
3,569,0,0,0,7,74,428,1281,1205,2995,0.0,0.0,0.0,0.002337228714524,0.024707846410684,0.142904841402337,0.42771285475793,0.402337228714524
3,570,0,0,0,1,72,439,1309,1169,2990,0.0,0.0,0.0,0.000334448160535,0.024080267558528,0.146822742474916,0.437792642140468,0.390969899665552
3,571,0,0,0,8,64,456,1223,1234,2985,0.0,0.0,0.0,0.002680067001675,0.0214405360134,0.152763819095477,0.409715242881072,0.413400335008375
3,572,0,0,0,6,69,487,1289,1129,2980,0.0,0.0,0.0,0.002013422818792,0.023154362416107,0.163422818791946,0.43255033557047,0.378859060402685
3,573,0,0,0,3,57,427,1280,1208,2975,0.0,0.0,0.0,0.001008403361345,0.019159663865546,0.143529411764706,0.430252100840336,0.406050420168067
3,574,0,0,0,2,61,464,1272,1171,2970,0.0,0.0,0.0,0.000673400673401,0.020538720538721,0.156228956228956,0.428282828282828,0.394276094276094
3,575,0,0,0,7,65,431,1278,1184,2965,0.0,0.0,0.0,0.002360876897133,0.021922428330523,0.145362563237774,0.431028667790894,0.399325463743676
3,576,0,0,0,4,51,441,1295,1169,2960,0.0,0.0,0.0,0.001351351351351,0.01722972972973,0.148986486486486,0.4375,0.394932432432432
3,577,0,0,0,4,54,444,1249,1204,2955,0.0,0.0,0.0,0.001353637901861,0.018274111675127,0.150253807106599,0.422673434856176,0.407445008460237
3,578,0,0,0,6,81,490,1238,1135,2950,0.0,0.0,0.0,0.002033898305085,0.027457627118644,0.166101694915254,0.419661016949153,0.384745762711864
3,579,0,0,1,4,77,453,1202,1208,2945,0.0,0.0,0.000339558573854,0.001358234295416,0.026146010186757,0.153820033955857,0.408149405772496,0.41018675721562
3,580,0,0,1,4,59,452,1242,1182,2940,0.0,0.0,0.000340136054422,0.001360544217687,0.020068027210884,0.153741496598639,0.422448979591837,0.402040816326531
3,581,0,0,0,3,60,447,1290,1135,2935,0.0,0.0,0.0,0.001022146507666,0.020442930153322,0.152299829642249,0.439522998296422,0.386712095400341
3,582,0,0,0,2,72,441,1253,1162,2930,0.0,0.0,0.0,0.000682593856655,0.02457337883959,0.150511945392491,0.427645051194539,0.396587030716724
3,583,0,0,0,3,70,429,1272,1151,2925,0.0,0.0,0.0,0.001025641025641,0.023931623931624,0.146666666666667,0.434871794871795,0.393504273504274
3,584,0,0,0,2,71,443,1204,1200,2920,0.0,0.0,0.0,0.000684931506849,0.024315068493151,0.151712328767123,0.412328767123288,0.410958904109589
3,585,0,0,0,3,59,447,1238,1168,2915,0.0,0.0,0.0,0.001029159519726,0.020240137221269,0.153344768439108,0.424699828473413,0.400686106346484
3,586,0,0,0,4,65,453,1216,1172,2910,0.0,0.0,0.0,0.001374570446735,0.02233676975945,0.155670103092784,0.41786941580756,0.402749140893471
3,587,0,0,0,2,63,455,1188,1197,2905,0.0,0.0,0.0,0.000688468158348,0.021686746987952,0.156626506024096,0.40895008605852,0.412048192771084
3,588,0,0,0,7,75,459,1230,1129,2900,0.0,0.0,0.0,0.002413793103448,0.025862068965517,0.158275862068966,0.424137931034483,0.389310344827586
3,589,0,0,0,4,72,457,1242,1120,2895,0.0,0.0,0.0,0.001381692573402,0.024870466321244,0.157858376511226,0.429015544041451,0.386873920552677
3,590,0,0,0,6,61,442,1269,1112,2890,0.0,0.0,0.0,0.002076124567474,0.021107266435986,0.152941176470588,0.439100346020761,0.38477508650519
3,591,0,0,0,3,51,409,1242,1180,2885,0.0,0.0,0.0,0.00103986135182,0.017677642980936,0.141767764298094,0.43050259965338,0.409012131715771
3,592,0,0,0,2,60,453,1219,1146,2880,0.0,0.0,0.0,0.000694444444444,0.020833333333333,0.157291666666667,0.423263888888889,0.397916666666667
3,593,0,0,1,4,73,447,1164,1186,2875,0.0,0.0,0.000347826086957,0.001391304347826,0.025391304347826,0.155478260869565,0.404869565217391,0.412521739130435
3,594,0,0,0,5,71,422,1208,1164,2870,0.0,0.0,0.0,0.001742160278746,0.024738675958188,0.147038327526132,0.420905923344948,0.405574912891986
3,595,0,0,0,5,54,430,1234,1142,2865,0.0,0.0,0.0,0.00174520069808,0.018848167539267,0.150087260034904,0.430715532286213,0.398603839441536
3,596,0,0,0,2,56,420,1264,1118,2860,0.0,0.0,0.0,0.000699300699301,0.01958041958042,0.146853146853147,0.441958041958042,0.390909090909091
3,597,0,0,0,6,67,449,1172,1161,2855,0.0,0.0,0.0,0.002101576182137,0.023467600700525,0.157267950963222,0.410507880910683,0.406654991243433
3,598,0,0,0,4,72,452,1211,1111,2850,0.0,0.0,0.0,0.00140350877193,0.025263157894737,0.15859649122807,0.424912280701754,0.389824561403509
3,599,0,0,0,7,63,439,1250,1086,2845,0.0,0.0,0.0,0.002460456942004,0.022144112478032,0.154305799648506,0.439367311072056,0.381722319859402
3,600,0,0,0,5,72,408,1244,1111,2840,0.0,0.0,0.0,0.001760563380282,0.025352112676056,0.143661971830986,0.438028169014085,0.391197183098592
3,601,0,0,0,4,60,415,1234,1122,2835,0.0,0.0,0.0,0.001410934744268,0.021164021164021,0.146384479717813,0.435273368606702,0.395767195767196
3,602,0,0,2,6,54,475,1178,1115,2830,0.0,0.0,0.000706713780919,0.002120141342756,0.019081272084806,0.167844522968198,0.416254416961131,0.393992932862191
3,603,0,0,0,1,57,448,1200,1119,2825,0.0,0.0,0.0,0.000353982300885,0.020176991150442,0.15858407079646,0.424778761061947,0.396106194690265
3,604,0,0,0,6,64,409,1214,1127,2820,0.0,0.0,0.0,0.002127659574468,0.022695035460993,0.145035460992908,0.430496453900709,0.399645390070922
3,605,0,0,1,2,69,426,1171,1146,2815,0.0,0.0,0.000355239786856,0.000710479573712,0.024511545293073,0.15133214920071,0.415985790408526,0.407104795737123
3,606,0,0,0,2,60,433,1224,1091,2810,0.0,0.0,0.0,0.000711743772242,0.02135231316726,0.154092526690391,0.4355871886121,0.388256227758007
3,607,0,0,0,6,65,413,1174,1147,2805,0.0,0.0,0.0,0.002139037433155,0.023172905525847,0.147237076648841,0.418538324420677,0.40891265597148
3,608,0,0,1,3,54,412,1185,1145,2800,0.0,0.0,0.000357142857143,0.001071428571429,0.019285714285714,0.147142857142857,0.423214285714286,0.408928571428571
3,609,0,0,0,3,64,473,1185,1070,2795,0.0,0.0,0.0,0.001073345259392,0.022898032200358,0.169230769230769,0.42397137745975,0.382826475849732
3,610,0,0,0,2,63,469,1159,1097,2790,0.0,0.0,0.0,0.000716845878136,0.02258064516129,0.168100358422939,0.415412186379928,0.393189964157706
3,611,0,0,0,7,55,392,1154,1177,2785,0.0,0.0,0.0,0.002513464991023,0.019748653500898,0.140754039497307,0.414362657091562,0.42262118491921
3,612,0,0,0,5,56,428,1167,1124,2780,0.0,0.0,0.0,0.001798561151079,0.020143884892086,0.153956834532374,0.419784172661871,0.40431654676259
3,613,0,0,0,9,60,434,1132,1140,2775,0.0,0.0,0.0,0.003243243243243,0.021621621621622,0.156396396396396,0.407927927927928,0.410810810810811
3,614,0,0,0,5,50,408,1216,1091,2770,0.0,0.0,0.0,0.001805054151625,0.018050541516245,0.147292418772563,0.43898916967509,0.393862815884477
3,615,0,0,0,4,61,432,1168,1100,2765,0.0,0.0,0.0,0.001446654611212,0.022061482820976,0.15623869801085,0.422423146473779,0.397830018083183
3,616,0,0,0,2,63,420,1170,1105,2760,0.0,0.0,0.0,0.000724637681159,0.022826086956522,0.152173913043478,0.423913043478261,0.40036231884058
3,617,0,0,0,4,56,416,1156,1123,2755,0.0,0.0,0.0,0.001451905626134,0.02032667876588,0.150998185117967,0.419600725952813,0.407622504537205
3,618,0,0,0,3,55,410,1181,1101,2750,0.0,0.0,0.0,0.001090909090909,0.02,0.149090909090909,0.429454545454545,0.400363636363636
3,619,0,0,0,4,66,381,1174,1120,2745,0.0,0.0,0.0,0.001457194899818,0.024043715846995,0.13879781420765,0.427686703096539,0.408014571948998
3,620,0,0,0,3,65,434,1128,1110,2740,0.0,0.0,0.0,0.001094890510949,0.023722627737226,0.158394160583942,0.411678832116788,0.405109489051095
3,621,0,0,0,1,65,386,1210,1073,2735,0.0,0.0,0.0,0.00036563071298,0.023765996343693,0.141133455210238,0.442413162705667,0.392321755027422
3,622,0,0,0,3,54,433,1113,1127,2730,0.0,0.0,0.0,0.001098901098901,0.01978021978022,0.158608058608059,0.407692307692308,0.412820512820513
3,623,0,0,0,4,66,419,1172,1064,2725,0.0,0.0,0.0,0.001467889908257,0.024220183486239,0.153761467889908,0.430091743119266,0.39045871559633
3,624,0,0,0,3,46,393,1147,1131,2720,0.0,0.0,0.0,0.001102941176471,0.016911764705882,0.144485294117647,0.421691176470588,0.415808823529412
3,625,0,0,0,5,63,429,1137,1081,2715,0.0,0.0,0.0,0.001841620626151,0.023204419889503,0.158011049723757,0.41878453038674,0.398158379373849
3,626,0,0,0,4,60,414,1167,1065,2710,0.0,0.0,0.0,0.001476014760148,0.022140221402214,0.152767527675277,0.430627306273063,0.392988929889299
3,627,0,0,0,4,55,395,1128,1123,2705,0.0,0.0,0.0,0.001478743068392,0.020332717190388,0.146025878003697,0.417005545286506,0.415157116451017
3,628,0,0,0,5,62,398,1110,1125,2700,0.0,0.0,0.0,0.001851851851852,0.022962962962963,0.147407407407407,0.411111111111111,0.416666666666667
3,629,0,0,0,4,65,376,1172,1078,2695,0.0,0.0,0.0,0.001484230055659,0.024118738404453,0.139517625231911,0.434879406307978,0.4
3,630,0,0,0,5,54,434,1162,1035,2690,0.0,0.0,0.0,0.00185873605948,0.020074349442379,0.161338289962825,0.431970260223048,0.384758364312268
3,631,0,0,0,3,47,421,1156,1058,2685,0.0,0.0,0.0,0.001117318435754,0.017504655493482,0.156797020484171,0.430540037243948,0.394040968342644
3,632,0,0,0,3,66,389,1113,1109,2680,0.0,0.0,0.0,0.001119402985075,0.024626865671642,0.145149253731343,0.415298507462687,0.413805970149254
3,633,0,0,0,0,78,412,1092,1093,2675,0.0,0.0,0.0,0.0,0.029158878504673,0.154018691588785,0.408224299065421,0.408598130841122
3,634,0,0,0,5,53,432,1148,1032,2670,0.0,0.0,0.0,0.00187265917603,0.019850187265918,0.161797752808989,0.429962546816479,0.386516853932584
3,635,0,0,0,3,49,361,1203,1049,2665,0.0,0.0,0.0,0.001125703564728,0.018386491557223,0.135459662288931,0.45140712945591,0.393621013133208
3,636,0,0,0,2,76,390,1111,1081,2660,0.0,0.0,0.0,0.000751879699248,0.028571428571429,0.146616541353383,0.417669172932331,0.406390977443609
3,637,0,0,0,5,61,415,1129,1045,2655,0.0,0.0,0.0,0.001883239171375,0.022975517890772,0.156308851224105,0.425235404896422,0.393596986817326
3,638,0,0,0,3,57,381,1180,1029,2650,0.0,0.0,0.0,0.001132075471698,0.021509433962264,0.14377358490566,0.445283018867925,0.388301886792453
3,639,0,0,0,2,57,386,1094,1106,2645,0.0,0.0,0.0,0.000756143667297,0.021550094517958,0.14593572778828,0.413610586011342,0.418147448015123
3,640,0,0,0,4,64,408,1154,1010,2640,0.0,0.0,0.0,0.001515151515152,0.024242424242424,0.154545454545455,0.437121212121212,0.382575757575758
3,641,0,0,0,1,53,404,1063,1114,2635,0.0,0.0,0.0,0.000379506641366,0.02011385199241,0.153320683111954,0.403415559772296,0.422770398481973
3,642,0,0,0,6,65,371,1118,1070,2630,0.0,0.0,0.0,0.002281368821293,0.024714828897338,0.14106463878327,0.425095057034221,0.406844106463878
3,643,0,0,0,7,50,400,1088,1080,2625,0.0,0.0,0.0,0.002666666666667,0.019047619047619,0.152380952380952,0.41447619047619,0.411428571428571
3,644,0,0,0,3,58,402,1085,1072,2620,0.0,0.0,0.0,0.001145038167939,0.022137404580153,0.153435114503817,0.41412213740458,0.409160305343511
3,645,0,0,0,3,67,366,1139,1040,2615,0.0,0.0,0.0,0.001147227533461,0.025621414913958,0.139961759082218,0.435564053537285,0.397705544933078
3,646,0,0,0,7,57,405,1123,1018,2610,0.0,0.0,0.0,0.002681992337165,0.02183908045977,0.155172413793103,0.430268199233716,0.390038314176245
3,647,0,0,0,4,58,406,1141,996,2605,0.0,0.0,0.0,0.001535508637236,0.022264875239923,0.155854126679463,0.438003838771593,0.382341650671785
3,648,0,0,0,6,57,379,1121,1037,2600,0.0,0.0,0.0,0.002307692307692,0.021923076923077,0.145769230769231,0.431153846153846,0.398846153846154
3,649,0,0,0,5,49,383,1104,1054,2595,0.0,0.0,0.0,0.001926782273603,0.01888246628131,0.147591522157996,0.425433526011561,0.40616570327553
3,650,0,0,0,2,48,420,1091,1029,2590,0.0,0.0,0.0,0.000772200772201,0.018532818532819,0.162162162162162,0.421235521235521,0.397297297297297
3,651,0,0,0,3,60,390,1097,1035,2585,0.0,0.0,0.0,0.001160541586074,0.02321083172147,0.150870406189555,0.424371373307544,0.400386847195358
3,652,0,0,0,4,46,418,1078,1034,2580,0.0,0.0,0.0,0.001550387596899,0.017829457364341,0.162015503875969,0.417829457364341,0.40077519379845
3,653,0,0,0,3,51,416,1087,1018,2575,0.0,0.0,0.0,0.001165048543689,0.019805825242718,0.161553398058252,0.422135922330097,0.395339805825243
3,654,0,0,0,4,64,374,1111,1017,2570,0.0,0.0,0.0,0.001556420233463,0.024902723735409,0.145525291828794,0.432295719844358,0.395719844357977
3,655,0,0,0,5,45,392,1070,1053,2565,0.0,0.0,0.0,0.001949317738791,0.017543859649123,0.152826510721248,0.417153996101364,0.410526315789474
3,656,0,0,1,2,67,402,1080,1008,2560,0.0,0.0,0.000390625,0.00078125,0.026171875,0.15703125,0.421875,0.39375
3,657,0,0,0,2,53,366,1137,997,2555,0.0,0.0,0.0,0.000782778864971,0.020743639921722,0.143248532289628,0.445009784735812,0.390215264187867
3,658,0,0,0,5,57,380,1054,1054,2550,0.0,0.0,0.0,0.001960784313725,0.022352941176471,0.149019607843137,0.413333333333333,0.413333333333333
3,659,0,0,0,3,55,413,1097,977,2545,0.0,0.0,0.0,0.001178781925344,0.021611001964637,0.162278978388998,0.431041257367387,0.383889980353635
3,660,0,0,0,1,49,409,1071,1010,2540,0.0,0.0,0.0,0.000393700787402,0.019291338582677,0.161023622047244,0.421653543307087,0.397637795275591
3,661,0,0,0,3,55,360,1068,1049,2535,0.0,0.0,0.0,0.001183431952663,0.021696252465483,0.142011834319527,0.421301775147929,0.413806706114398
3,662,0,0,0,4,46,364,1076,1040,2530,0.0,0.0,0.0,0.001581027667984,0.018181818181818,0.143873517786561,0.425296442687747,0.411067193675889
3,663,0,0,0,4,57,382,1034,1048,2525,0.0,0.0,0.0,0.001584158415842,0.022574257425743,0.151287128712871,0.409504950495049,0.415049504950495
3,664,0,0,0,2,66,384,1066,1002,2520,0.0,0.0,0.0,0.000793650793651,0.026190476190476,0.152380952380952,0.423015873015873,0.397619047619048
3,665,0,0,0,0,57,377,1049,1032,2515,0.0,0.0,0.0,0.0,0.022664015904573,0.149900596421471,0.417097415506958,0.410337972166998
3,666,0,0,0,7,66,386,1039,1012,2510,0.0,0.0,0.0,0.002788844621514,0.026294820717131,0.153784860557769,0.41394422310757,0.403187250996016
3,667,0,0,0,2,44,364,1058,1037,2505,0.0,0.0,0.0,0.000798403193613,0.017564870259481,0.145309381237525,0.422355289421158,0.413972055888224
3,668,0,0,0,2,52,375,1058,1013,2500,0.0,0.0,0.0,0.0008,0.0208,0.15,0.4232,0.4052
3,669,0,0,0,2,53,402,1024,1014,2495,0.0,0.0,0.0,0.000801603206413,0.02124248496994,0.161122244488978,0.410420841683367,0.406412825651303
3,670,0,0,0,2,64,335,1101,988,2490,0.0,0.0,0.0,0.000803212851406,0.02570281124498,0.134538152610442,0.442168674698795,0.396787148594378
3,671,0,0,0,8,48,348,1037,1044,2485,0.0,0.0,0.0,0.003219315895372,0.019315895372233,0.140040241448692,0.417303822937626,0.420120724346076
3,672,0,0,0,2,48,403,1027,1000,2480,0.0,0.0,0.0,0.000806451612903,0.019354838709677,0.1625,0.414112903225806,0.403225806451613
3,673,0,0,0,5,46,377,1049,998,2475,0.0,0.0,0.0,0.002020202020202,0.018585858585859,0.152323232323232,0.423838383838384,0.403232323232323
3,674,0,0,0,1,62,395,1056,956,2470,0.0,0.0,0.0,0.000404858299595,0.025101214574899,0.159919028340081,0.42753036437247,0.387044534412955
3,675,0,0,0,1,52,388,1046,978,2465,0.0,0.0,0.0,0.000405679513185,0.021095334685598,0.157403651115619,0.424340770791075,0.396754563894523
3,676,0,0,0,1,59,361,1034,1005,2460,0.0,0.0,0.0,0.000406504065041,0.023983739837398,0.146747967479675,0.420325203252033,0.408536585365854
3,677,0,0,0,3,46,386,1042,978,2455,0.0,0.0,0.0,0.00122199592668,0.018737270875764,0.157230142566191,0.424439918533605,0.39837067209776
3,678,0,0,0,2,58,366,1055,969,2450,0.0,0.0,0.0,0.000816326530612,0.023673469387755,0.149387755102041,0.430612244897959,0.395510204081633
3,679,0,0,0,2,56,365,1034,988,2445,0.0,0.0,0.0,0.00081799591002,0.022903885480573,0.149284253578732,0.422903885480573,0.404089979550102
3,680,0,0,0,7,64,348,1033,988,2440,0.0,0.0,0.0,0.002868852459016,0.026229508196721,0.142622950819672,0.423360655737705,0.404918032786885
3,681,0,0,0,3,54,382,1046,950,2435,0.0,0.0,0.0,0.001232032854209,0.02217659137577,0.156878850102669,0.429568788501027,0.390143737166324
3,682,0,0,0,1,50,363,1046,970,2430,0.0,0.0,0.0,0.000411522633745,0.020576131687243,0.149382716049383,0.430452674897119,0.39917695473251
3,683,0,0,0,3,60,372,1056,934,2425,0.0,0.0,0.0,0.001237113402062,0.024742268041237,0.15340206185567,0.435463917525773,0.385154639175258
3,684,0,0,0,4,49,379,1034,954,2420,0.0,0.0,0.0,0.001652892561983,0.020247933884298,0.156611570247934,0.427272727272727,0.394214876033058
3,685,0,0,0,5,54,371,961,1024,2415,0.0,0.0,0.0,0.002070393374741,0.022360248447205,0.153623188405797,0.397929606625259,0.424016563146998
3,686,0,0,0,7,52,375,1043,933,2410,0.0,0.0,0.0,0.002904564315353,0.021576763485477,0.155601659751037,0.432780082987552,0.387136929460581
3,687,0,0,1,7,50,366,997,984,2405,0.0,0.0,0.0004158004158,0.002910602910603,0.020790020790021,0.152182952182952,0.414553014553015,0.409147609147609
3,688,0,0,0,2,64,365,1026,943,2400,0.0,0.0,0.0,0.000833333333333,0.026666666666667,0.152083333333333,0.4275,0.392916666666667
3,689,0,0,0,5,41,368,968,1013,2395,0.0,0.0,0.0,0.002087682672234,0.017118997912317,0.153653444676409,0.404175365344468,0.422964509394572
3,690,0,0,0,7,39,344,1006,994,2390,0.0,0.0,0.0,0.002928870292887,0.016317991631799,0.143933054393305,0.42092050209205,0.415899581589958
3,691,0,0,0,2,53,320,1012,998,2385,0.0,0.0,0.0,0.00083857442348,0.022222222222222,0.134171907756813,0.424318658280922,0.418448637316562
3,692,0,0,0,4,47,359,997,973,2380,0.0,0.0,0.0,0.001680672268908,0.019747899159664,0.150840336134454,0.41890756302521,0.408823529411765
3,693,0,0,0,5,60,361,1047,902,2375,0.0,0.0,0.0,0.002105263157895,0.025263157894737,0.152,0.440842105263158,0.379789473684211
3,694,0,0,0,3,51,354,1034,928,2370,0.0,0.0,0.0,0.00126582278481,0.021518987341772,0.149367088607595,0.436286919831224,0.391561181434599
3,695,0,0,1,0,57,333,1028,946,2365,0.0,0.0,0.000422832980973,0.0,0.024101479915433,0.140803382663848,0.434672304439746,0.4
3,696,0,0,0,4,48,340,1035,933,2360,0.0,0.0,0.0,0.001694915254237,0.020338983050847,0.144067796610169,0.438559322033898,0.395338983050847
3,697,0,0,0,2,42,330,1030,951,2355,0.0,0.0,0.0,0.000849256900212,0.017834394904459,0.140127388535032,0.437367303609342,0.403821656050955
3,698,0,0,0,1,57,346,1005,941,2350,0.0,0.0,0.0,0.000425531914894,0.024255319148936,0.147234042553192,0.427659574468085,0.400425531914894
3,699,0,0,0,3,62,364,944,972,2345,0.0,0.0,0.0,0.001279317697228,0.026439232409382,0.155223880597015,0.402558635394456,0.414498933901919
3,700,0,0,0,2,54,347,977,960,2340,0.0,0.0,0.0,0.000854700854701,0.023076923076923,0.148290598290598,0.417521367521368,0.41025641025641
3,701,0,0,0,6,36,397,997,899,2335,0.0,0.0,0.0,0.002569593147752,0.01541755888651,0.170021413276231,0.426980728051392,0.385010706638116
3,702,0,0,0,4,64,376,997,889,2330,0.0,0.0,0.0,0.001716738197425,0.027467811158798,0.16137339055794,0.427896995708154,0.381545064377682
3,703,0,0,0,0,58,363,971,933,2325,0.0,0.0,0.0,0.0,0.02494623655914,0.156129032258065,0.417634408602151,0.401290322580645
3,704,0,0,0,2,46,342,966,964,2320,0.0,0.0,0.0,0.000862068965517,0.019827586206897,0.147413793103448,0.416379310344828,0.41551724137931
3,705,0,0,0,4,44,358,1004,905,2315,0.0,0.0,0.0,0.001727861771058,0.019006479481641,0.154643628509719,0.433693304535637,0.390928725701944
3,706,0,0,0,3,56,387,961,903,2310,0.0,0.0,0.0,0.001298701298701,0.024242424242424,0.167532467532468,0.416017316017316,0.390909090909091
3,707,0,0,0,3,53,345,932,972,2305,0.0,0.0,0.0,0.001301518438178,0.022993492407809,0.149674620390456,0.404338394793926,0.421691973969631
3,708,0,0,0,2,56,370,969,903,2300,0.0,0.0,0.0,0.000869565217391,0.024347826086957,0.160869565217391,0.421304347826087,0.392608695652174
3,709,0,0,0,2,61,331,983,918,2295,0.0,0.0,0.0,0.000871459694989,0.026579520697168,0.144226579520697,0.428322440087146,0.4
3,710,0,0,0,4,56,353,930,947,2290,0.0,0.0,0.0,0.00174672489083,0.024454148471616,0.154148471615721,0.406113537117904,0.41353711790393
3,711,0,0,0,8,62,335,1015,865,2285,0.0,0.0,0.0,0.003501094091904,0.027133479212254,0.146608315098468,0.444201312910284,0.37855579868709
3,712,0,0,0,2,59,335,982,902,2280,0.0,0.0,0.0,0.000877192982456,0.025877192982456,0.146929824561404,0.430701754385965,0.395614035087719
3,713,0,0,0,2,56,328,937,952,2275,0.0,0.0,0.0,0.000879120879121,0.024615384615385,0.144175824175824,0.411868131868132,0.418461538461538
3,714,0,0,0,4,58,300,1026,882,2270,0.0,0.0,0.0,0.001762114537445,0.025550660792952,0.13215859030837,0.451982378854626,0.388546255506608
3,715,0,0,0,3,51,359,961,891,2265,0.0,0.0,0.0,0.001324503311258,0.022516556291391,0.158498896247241,0.424282560706402,0.393377483443709
3,716,0,0,0,3,46,343,968,900,2260,0.0,0.0,0.0,0.001327433628319,0.020353982300885,0.151769911504425,0.428318584070796,0.398230088495575
3,717,0,0,1,3,54,325,970,902,2255,0.0,0.0,0.000443458980044,0.001330376940133,0.023946784922395,0.144124168514412,0.430155210643016,0.4
3,718,0,0,0,3,43,331,962,911,2250,0.0,0.0,0.0,0.001333333333333,0.019111111111111,0.147111111111111,0.427555555555556,0.404888888888889
3,719,0,0,0,3,36,333,963,910,2245,0.0,0.0,0.0,0.001336302895323,0.016035634743875,0.148329621380846,0.428953229398664,0.405345211581292
3,720,0,0,0,5,50,343,916,926,2240,0.0,0.0,0.0,0.002232142857143,0.022321428571429,0.153125,0.408928571428571,0.413392857142857
3,721,0,0,0,0,42,350,920,923,2235,0.0,0.0,0.0,0.0,0.018791946308725,0.156599552572707,0.411633109619687,0.412975391498881
3,722,0,0,0,3,55,368,930,874,2230,0.0,0.0,0.0,0.001345291479821,0.024663677130045,0.165022421524664,0.417040358744395,0.391928251121076
3,723,0,0,0,3,48,316,963,895,2225,0.0,0.0,0.0,0.001348314606742,0.021573033707865,0.142022471910112,0.432808988764045,0.402247191011236
3,724,0,0,0,5,40,340,952,883,2220,0.0,0.0,0.0,0.002252252252252,0.018018018018018,0.153153153153153,0.428828828828829,0.397747747747748
3,725,0,0,0,2,55,336,943,879,2215,0.0,0.0,0.0,0.000902934537246,0.024830699774266,0.151693002257336,0.425733634311512,0.396839729119639
3,726,0,0,0,6,41,327,943,893,2210,0.0,0.0,0.0,0.002714932126697,0.018552036199095,0.147963800904977,0.426696832579186,0.404072398190045
3,727,0,0,0,2,47,332,965,859,2205,0.0,0.0,0.0,0.000907029478458,0.021315192743764,0.150566893424036,0.437641723356009,0.389569160997732
3,728,0,0,0,0,53,331,929,887,2200,0.0,0.0,0.0,0.0,0.024090909090909,0.150454545454545,0.422272727272727,0.403181818181818
3,729,0,0,1,2,62,341,926,863,2195,0.0,0.0,0.000455580865604,0.000911161731207,0.028246013667426,0.155353075170843,0.421867881548975,0.393166287015945
3,730,0,0,0,3,44,331,912,900,2190,0.0,0.0,0.0,0.001369863013699,0.020091324200913,0.151141552511416,0.416438356164384,0.410958904109589
3,731,0,0,0,4,47,329,950,855,2185,0.0,0.0,0.0,0.001830663615561,0.021510297482838,0.150572082379863,0.434782608695652,0.391304347826087
3,732,0,0,0,3,43,320,920,894,2180,0.0,0.0,0.0,0.001376146788991,0.019724770642202,0.146788990825688,0.422018348623853,0.410091743119266
3,733,0,0,0,2,35,332,944,862,2175,0.0,0.0,0.0,0.000919540229885,0.016091954022989,0.15264367816092,0.434022988505747,0.39632183908046
3,734,0,0,0,3,34,291,959,883,2170,0.0,0.0,0.0,0.001382488479263,0.015668202764977,0.134101382488479,0.441935483870968,0.406912442396313
3,735,0,0,0,3,44,334,924,860,2165,0.0,0.0,0.0,0.001385681293303,0.020323325635104,0.154272517321016,0.426789838337182,0.397228637413395
3,736,0,0,1,1,49,333,851,925,2160,0.0,0.0,0.000462962962963,0.000462962962963,0.022685185185185,0.154166666666667,0.393981481481481,0.428240740740741
3,737,0,0,0,4,45,338,907,861,2155,0.0,0.0,0.0,0.001856148491879,0.020881670533643,0.156844547563805,0.420881670533643,0.39953596287703
3,738,0,0,0,4,35,343,933,835,2150,0.0,0.0,0.0,0.001860465116279,0.016279069767442,0.15953488372093,0.433953488372093,0.388372093023256
3,739,0,0,0,2,51,293,918,881,2145,0.0,0.0,0.0,0.000932400932401,0.023776223776224,0.136596736596737,0.427972027972028,0.410722610722611
3,740,0,0,0,4,54,297,902,883,2140,0.0,0.0,0.0,0.001869158878505,0.025233644859813,0.138785046728972,0.421495327102804,0.412616822429907
3,741,0,0,0,8,49,344,880,854,2135,0.0,0.0,0.0,0.003747072599532,0.022950819672131,0.161124121779859,0.412177985948478,0.4
3,742,0,0,0,4,39,330,920,837,2130,0.0,0.0,0.0,0.0018779342723,0.01830985915493,0.154929577464789,0.431924882629108,0.392957746478873
3,743,0,0,0,2,51,326,902,844,2125,0.0,0.0,0.0,0.000941176470588,0.024,0.153411764705882,0.424470588235294,0.397176470588235
3,744,0,0,0,2,36,322,893,867,2120,0.0,0.0,0.0,0.000943396226415,0.016981132075472,0.15188679245283,0.42122641509434,0.408962264150943
3,745,0,0,0,2,50,319,903,841,2115,0.0,0.0,0.0,0.000945626477541,0.023640661938534,0.150827423167849,0.426950354609929,0.397635933806147
3,746,0,0,0,0,35,319,892,864,2110,0.0,0.0,0.0,0.0,0.016587677725118,0.151184834123223,0.422748815165877,0.409478672985782
3,747,0,0,1,4,50,324,901,825,2105,0.0,0.0,0.000475059382423,0.001900237529691,0.02375296912114,0.153919239904988,0.428028503562945,0.391923990498812
3,748,0,0,0,2,37,310,893,858,2100,0.0,0.0,0.0,0.000952380952381,0.017619047619048,0.147619047619048,0.425238095238095,0.408571428571429
3,749,0,0,0,5,47,331,871,841,2095,0.0,0.0,0.0,0.002386634844869,0.022434367541766,0.15799522673031,0.415751789976134,0.401431980906921
3,750,0,0,0,4,44,299,859,884,2090,0.0,0.0,0.0,0.001913875598086,0.021052631578947,0.143062200956938,0.411004784688995,0.422966507177033
3,751,0,0,0,0,41,331,881,832,2085,0.0,0.0,0.0,0.0,0.019664268585132,0.158752997601918,0.422541966426859,0.399040767386091
3,752,0,0,0,3,45,294,915,823,2080,0.0,0.0,0.0,0.001442307692308,0.021634615384615,0.141346153846154,0.439903846153846,0.395673076923077
3,753,0,0,0,4,47,309,889,826,2075,0.0,0.0,0.0,0.001927710843373,0.022650602409639,0.148915662650602,0.428433734939759,0.398072289156627
3,754,0,0,0,2,40,316,896,816,2070,0.0,0.0,0.0,0.000966183574879,0.019323671497585,0.152657004830918,0.432850241545894,0.394202898550725
3,755,0,0,0,3,49,324,854,835,2065,0.0,0.0,0.0,0.001452784503632,0.023728813559322,0.156900726392252,0.413559322033898,0.404358353510896
3,756,0,0,0,1,57,308,835,859,2060,0.0,0.0,0.0,0.000485436893204,0.027669902912621,0.149514563106796,0.405339805825243,0.416990291262136
3,757,0,0,0,5,51,301,875,823,2055,0.0,0.0,0.0,0.002433090024331,0.024817518248175,0.14647201946472,0.425790754257908,0.400486618004866
3,758,0,0,0,4,43,343,812,848,2050,0.0,0.0,0.0,0.001951219512195,0.020975609756098,0.167317073170732,0.39609756097561,0.413658536585366
3,759,0,0,0,1,57,297,857,833,2045,0.0,0.0,0.0,0.000488997555012,0.027872860635697,0.145232273838631,0.419070904645477,0.407334963325183
3,760,0,0,0,3,44,285,912,796,2040,0.0,0.0,0.0,0.001470588235294,0.02156862745098,0.139705882352941,0.447058823529412,0.390196078431373
3,761,0,0,0,6,40,316,869,804,2035,0.0,0.0,0.0,0.002948402948403,0.01965601965602,0.155282555282555,0.427027027027027,0.395085995085995
3,762,0,0,0,1,41,292,919,777,2030,0.0,0.0,0.0,0.000492610837438,0.020197044334975,0.14384236453202,0.452709359605911,0.382758620689655
3,763,0,0,0,4,46,284,851,840,2025,0.0,0.0,0.0,0.001975308641975,0.022716049382716,0.140246913580247,0.420246913580247,0.414814814814815
3,764,0,0,0,2,50,331,832,805,2020,0.0,0.0,0.0,0.000990099009901,0.024752475247525,0.163861386138614,0.411881188118812,0.398514851485149
3,765,0,0,0,5,37,298,832,843,2015,0.0,0.0,0.0,0.002481389578164,0.018362282878412,0.147890818858561,0.412903225806452,0.418362282878412
3,766,0,0,0,1,38,314,846,811,2010,0.0,0.0,0.0,0.000497512437811,0.018905472636816,0.156218905472637,0.42089552238806,0.403482587064677
3,767,0,0,0,0,44,302,854,805,2005,0.0,0.0,0.0,0.0,0.021945137157107,0.150623441396509,0.425935162094763,0.401496259351621
3,768,0,0,0,3,41,286,855,815,2000,0.0,0.0,0.0,0.0015,0.0205,0.143,0.4275,0.4075
3,769,0,0,0,2,45,335,869,744,1995,0.0,0.0,0.0,0.001002506265664,0.022556390977444,0.167919799498747,0.435588972431078,0.372932330827068
3,770,0,0,0,3,53,331,807,796,1990,0.0,0.0,0.0,0.001507537688442,0.026633165829146,0.166331658291457,0.405527638190955,0.4
3,771,0,0,1,1,29,322,834,798,1985,0.0,0.0,0.000503778337531,0.000503778337531,0.014609571788413,0.162216624685139,0.420151133501259,0.402015113350126
3,772,0,0,0,1,42,291,822,824,1980,0.0,0.0,0.0,0.000505050505051,0.021212121212121,0.146969696969697,0.415151515151515,0.416161616161616
3,773,0,0,0,3,44,315,824,789,1975,0.0,0.0,0.0,0.001518987341772,0.022278481012658,0.159493670886076,0.417215189873418,0.399493670886076
3,774,0,0,1,3,56,279,841,790,1970,0.0,0.0,0.000507614213198,0.001522842639594,0.028426395939086,0.141624365482234,0.426903553299492,0.401015228426396
3,775,0,0,0,2,34,287,854,788,1965,0.0,0.0,0.0,0.001017811704835,0.017302798982188,0.146055979643766,0.434605597964377,0.401017811704835
3,776,0,0,0,2,38,309,838,773,1960,0.0,0.0,0.0,0.001020408163265,0.019387755102041,0.15765306122449,0.427551020408163,0.394387755102041
3,777,0,0,0,1,39,283,819,813,1955,0.0,0.0,0.0,0.000511508951407,0.019948849104859,0.144757033248082,0.418925831202046,0.415856777493606
3,778,0,0,0,2,34,324,828,762,1950,0.0,0.0,0.0,0.001025641025641,0.017435897435897,0.166153846153846,0.424615384615385,0.390769230769231
3,779,0,0,0,1,49,263,817,815,1945,0.0,0.0,0.0,0.000514138817481,0.025192802056555,0.135218508997429,0.420051413881748,0.419023136246787
3,780,0,0,0,2,45,297,819,777,1940,0.0,0.0,0.0,0.001030927835052,0.02319587628866,0.153092783505155,0.422164948453608,0.400515463917526
3,781,0,0,0,0,29,302,830,774,1935,0.0,0.0,0.0,0.0,0.014987080103359,0.156072351421189,0.428940568475452,0.4
3,782,0,0,0,1,38,300,856,735,1930,0.0,0.0,0.0,0.000518134715026,0.019689119170984,0.155440414507772,0.443523316062176,0.380829015544041
3,783,0,0,0,2,40,335,801,747,1925,0.0,0.0,0.0,0.001038961038961,0.020779220779221,0.174025974025974,0.416103896103896,0.388051948051948
3,784,0,0,0,2,48,290,807,773,1920,0.0,0.0,0.0,0.001041666666667,0.025,0.151041666666667,0.4203125,0.402604166666667
3,785,0,0,0,1,44,298,828,744,1915,0.0,0.0,0.0,0.000522193211488,0.022976501305483,0.155613577023499,0.432375979112272,0.388511749347258
3,786,0,0,0,4,41,285,798,782,1910,0.0,0.0,0.0,0.002094240837696,0.021465968586387,0.149214659685864,0.417801047120419,0.409424083769634
3,787,0,0,0,3,48,281,801,772,1905,0.0,0.0,0.0,0.001574803149606,0.025196850393701,0.14750656167979,0.420472440944882,0.405249343832021
3,788,0,0,0,1,39,329,783,748,1900,0.0,0.0,0.0,0.000526315789474,0.020526315789474,0.173157894736842,0.412105263157895,0.393684210526316
3,789,0,0,0,2,37,301,768,787,1895,0.0,0.0,0.0,0.001055408970976,0.019525065963061,0.158839050131926,0.405277044854881,0.415303430079156
3,790,0,0,0,1,27,285,787,790,1890,0.0,0.0,0.0,0.000529100529101,0.014285714285714,0.150793650793651,0.416402116402116,0.417989417989418
3,791,0,0,0,2,43,302,817,721,1885,0.0,0.0,0.0,0.00106100795756,0.022811671087533,0.160212201591512,0.43342175066313,0.382493368700265
3,792,0,0,0,1,45,269,804,761,1880,0.0,0.0,0.0,0.000531914893617,0.023936170212766,0.143085106382979,0.427659574468085,0.404787234042553
3,793,0,0,0,5,44,279,776,771,1875,0.0,0.0,0.0,0.002666666666667,0.023466666666667,0.1488,0.413866666666667,0.4112
3,794,0,0,0,6,37,251,844,732,1870,0.0,0.0,0.0,0.003208556149733,0.019786096256684,0.134224598930481,0.451336898395722,0.39144385026738
3,795,0,0,0,2,44,294,782,743,1865,0.0,0.0,0.0,0.001072386058981,0.023592493297587,0.157640750670241,0.419302949061662,0.398391420911528
3,796,0,0,0,2,48,283,794,733,1860,0.0,0.0,0.0,0.001075268817204,0.025806451612903,0.152150537634409,0.426881720430108,0.394086021505376
3,797,0,0,0,1,57,275,774,748,1855,0.0,0.0,0.0,0.000539083557951,0.030727762803235,0.148247978436658,0.417250673854447,0.403234501347709
3,798,0,0,0,3,45,273,814,715,1850,0.0,0.0,0.0,0.001621621621622,0.024324324324324,0.147567567567568,0.44,0.386486486486486
3,799,0,0,0,8,35,266,801,735,1845,0.0,0.0,0.0,0.004336043360434,0.018970189701897,0.144173441734417,0.434146341463415,0.398373983739837
3,800,0,0,2,1,38,257,802,740,1840,0.0,0.0,0.001086956521739,0.00054347826087,0.020652173913043,0.139673913043478,0.435869565217391,0.402173913043478
3,801,0,0,0,4,45,280,781,725,1835,0.0,0.0,0.0,0.002179836512262,0.024523160762943,0.152588555858311,0.425613079019074,0.395095367847411
3,802,0,0,0,2,47,269,776,736,1830,0.0,0.0,0.0,0.001092896174863,0.02568306010929,0.146994535519126,0.424043715846995,0.402185792349727
3,803,0,0,1,5,51,267,776,725,1825,0.0,0.0,0.000547945205479,0.002739726027397,0.027945205479452,0.146301369863014,0.425205479452055,0.397260273972603
3,804,0,0,0,4,41,278,752,745,1820,0.0,0.0,0.0,0.002197802197802,0.022527472527473,0.152747252747253,0.413186813186813,0.409340659340659
3,805,0,0,0,6,31,288,773,717,1815,0.0,0.0,0.0,0.003305785123967,0.017079889807163,0.158677685950413,0.425895316804408,0.39504132231405
3,806,0,0,0,3,42,278,738,749,1810,0.0,0.0,0.0,0.001657458563536,0.023204419889503,0.153591160220994,0.407734806629834,0.413812154696133
3,807,0,0,0,1,47,284,768,705,1805,0.0,0.0,0.0,0.000554016620499,0.026038781163435,0.157340720221607,0.425484764542936,0.390581717451524
3,808,0,0,0,8,41,273,811,667,1800,0.0,0.0,0.0,0.004444444444444,0.022777777777778,0.151666666666667,0.450555555555556,0.370555555555556
3,809,0,0,0,1,38,254,754,748,1795,0.0,0.0,0.0,0.000557103064067,0.02116991643454,0.141504178272981,0.420055710306407,0.416713091922006
3,810,0,0,0,3,50,285,764,688,1790,0.0,0.0,0.0,0.001675977653631,0.027932960893855,0.159217877094972,0.426815642458101,0.384357541899441
3,811,0,0,0,6,48,256,739,736,1785,0.0,0.0,0.0,0.003361344537815,0.026890756302521,0.143417366946779,0.414005602240896,0.412324929971989
3,812,0,0,0,1,38,259,747,735,1780,0.0,0.0,0.0,0.000561797752809,0.021348314606742,0.145505617977528,0.419662921348315,0.412921348314607
3,813,0,0,0,2,38,267,758,710,1775,0.0,0.0,0.0,0.00112676056338,0.021408450704225,0.150422535211268,0.427042253521127,0.4
3,814,0,0,0,2,41,271,777,679,1770,0.0,0.0,0.0,0.001129943502825,0.02316384180791,0.153107344632768,0.438983050847458,0.38361581920904
3,815,0,0,0,3,41,252,755,714,1765,0.0,0.0,0.0,0.001699716713881,0.023229461756374,0.142776203966006,0.427762039660057,0.404532577903683
3,816,0,0,0,3,42,278,753,684,1760,0.0,0.0,0.0,0.001704545454545,0.023863636363636,0.157954545454545,0.427840909090909,0.388636363636364
3,817,0,0,0,1,41,279,711,723,1755,0.0,0.0,0.0,0.000569800569801,0.023361823361823,0.158974358974359,0.405128205128205,0.411965811965812
3,818,0,0,1,2,49,273,713,712,1750,0.0,0.0,0.000571428571429,0.001142857142857,0.028,0.156,0.407428571428571,0.406857142857143
3,819,0,0,0,4,25,250,719,747,1745,0.0,0.0,0.0,0.002292263610315,0.01432664756447,0.143266475644699,0.412034383954155,0.428080229226361
3,820,0,0,0,5,39,264,790,642,1740,0.0,0.0,0.0,0.002873563218391,0.022413793103448,0.151724137931034,0.454022988505747,0.368965517241379
3,821,0,0,0,2,34,267,754,678,1735,0.0,0.0,0.0,0.001152737752161,0.019596541786744,0.153890489913545,0.434582132564842,0.390778097982709
3,822,0,0,0,0,37,245,735,713,1730,0.0,0.0,0.0,0.0,0.021387283236994,0.141618497109827,0.42485549132948,0.412138728323699
3,823,0,0,0,5,35,273,702,710,1725,0.0,0.0,0.0,0.002898550724638,0.020289855072464,0.158260869565217,0.40695652173913,0.411594202898551
3,824,0,0,0,4,34,276,723,683,1720,0.0,0.0,0.0,0.002325581395349,0.019767441860465,0.16046511627907,0.420348837209302,0.397093023255814
3,825,0,0,0,0,27,262,776,650,1715,0.0,0.0,0.0,0.0,0.015743440233236,0.152769679300292,0.452478134110787,0.379008746355685
3,826,0,0,0,2,38,257,690,723,1710,0.0,0.0,0.0,0.001169590643275,0.022222222222222,0.150292397660819,0.403508771929825,0.42280701754386
3,827,0,0,1,3,40,251,755,655,1705,0.0,0.0,0.00058651026393,0.001759530791789,0.023460410557185,0.147214076246334,0.442815249266862,0.3841642228739
3,828,0,0,0,2,31,248,726,693,1700,0.0,0.0,0.0,0.001176470588235,0.018235294117647,0.145882352941176,0.427058823529412,0.407647058823529
3,829,0,0,0,2,26,252,739,676,1695,0.0,0.0,0.0,0.00117994100295,0.015339233038348,0.148672566371681,0.435988200589971,0.39882005899705
3,830,0,0,0,1,34,256,723,676,1690,0.0,0.0,0.0,0.000591715976331,0.020118343195266,0.151479289940828,0.427810650887574,0.4
3,831,1,0,0,2,40,259,685,698,1685,0.000593471810089,0.0,0.0,0.001186943620178,0.023738872403561,0.153709198813056,0.406528189910979,0.414243323442136
3,832,0,0,1,4,36,282,656,701,1680,0.0,0.0,0.000595238095238,0.002380952380952,0.021428571428571,0.167857142857143,0.39047619047619,0.417261904761905
3,833,0,0,0,6,34,268,731,636,1675,0.0,0.0,0.0,0.003582089552239,0.020298507462687,0.16,0.436417910447761,0.379701492537313
3,834,0,0,0,2,33,229,767,639,1670,0.0,0.0,0.0,0.001197604790419,0.019760479041916,0.137125748502994,0.459281437125748,0.382634730538922
3,835,0,0,0,0,29,217,717,702,1665,0.0,0.0,0.0,0.0,0.017417417417417,0.13033033033033,0.430630630630631,0.421621621621622
3,836,0,0,0,3,25,226,707,699,1660,0.0,0.0,0.0,0.001807228915663,0.015060240963855,0.136144578313253,0.425903614457831,0.421084337349398
3,837,0,0,0,2,30,259,702,662,1655,0.0,0.0,0.0,0.001208459214502,0.018126888217523,0.156495468277946,0.42416918429003,0.4
3,838,0,0,0,3,35,262,697,653,1650,0.0,0.0,0.0,0.001818181818182,0.021212121212121,0.158787878787879,0.422424242424242,0.395757575757576
3,839,0,0,0,1,27,238,719,660,1645,0.0,0.0,0.0,0.000607902735562,0.016413373860182,0.14468085106383,0.437082066869301,0.401215805471125
3,840,0,0,0,1,35,263,693,648,1640,0.0,0.0,0.0,0.000609756097561,0.021341463414634,0.160365853658537,0.422560975609756,0.395121951219512
3,841,0,0,0,1,47,265,703,619,1635,0.0,0.0,0.0,0.000611620795107,0.028746177370031,0.162079510703364,0.429969418960245,0.378593272171254
3,842,0,0,0,2,50,232,679,667,1630,0.0,0.0,0.0,0.001226993865031,0.030674846625767,0.142331288343558,0.416564417177914,0.40920245398773
3,843,0,0,0,3,33,243,694,652,1625,0.0,0.0,0.0,0.001846153846154,0.020307692307692,0.149538461538462,0.427076923076923,0.401230769230769
3,844,0,0,0,4,42,216,688,670,1620,0.0,0.0,0.0,0.002469135802469,0.025925925925926,0.133333333333333,0.424691358024691,0.41358024691358
3,845,0,0,1,0,44,249,688,633,1615,0.0,0.0,0.00061919504644,0.0,0.027244582043344,0.154179566563467,0.426006191950464,0.391950464396285
3,846,0,0,0,1,38,270,625,676,1610,0.0,0.0,0.0,0.000621118012422,0.02360248447205,0.167701863354037,0.388198757763975,0.419875776397516
3,847,0,0,0,3,34,253,690,625,1605,0.0,0.0,0.0,0.001869158878505,0.021183800623053,0.157632398753894,0.429906542056075,0.389408099688474
3,848,0,0,0,4,28,230,705,633,1600,0.0,0.0,0.0,0.0025,0.0175,0.14375,0.440625,0.395625
3,849,0,0,0,4,44,236,694,617,1595,0.0,0.0,0.0,0.002507836990596,0.027586206896552,0.147962382445141,0.435109717868339,0.386833855799373
3,850,0,0,0,2,31,265,675,617,1590,0.0,0.0,0.0,0.00125786163522,0.019496855345912,0.166666666666667,0.424528301886792,0.388050314465409
3,851,0,0,0,1,29,239,669,647,1585,0.0,0.0,0.0,0.000630914826498,0.018296529968454,0.150788643533123,0.422082018927445,0.408201892744479
3,852,0,0,0,5,32,248,659,636,1580,0.0,0.0,0.0,0.003164556962025,0.020253164556962,0.156962025316456,0.417088607594937,0.40253164556962
3,853,0,0,0,4,42,238,671,620,1575,0.0,0.0,0.0,0.002539682539683,0.026666666666667,0.151111111111111,0.426031746031746,0.393650793650794
3,854,0,0,0,1,32,236,699,602,1570,0.0,0.0,0.0,0.000636942675159,0.020382165605096,0.15031847133758,0.445222929936306,0.38343949044586
3,855,0,0,0,2,33,240,676,614,1565,0.0,0.0,0.0,0.001277955271565,0.021086261980831,0.153354632587859,0.431948881789137,0.392332268370607
3,856,0,0,0,2,46,247,676,589,1560,0.0,0.0,0.0,0.001282051282051,0.029487179487179,0.158333333333333,0.433333333333333,0.377564102564103
3,857,0,0,0,0,40,223,657,635,1555,0.0,0.0,0.0,0.0,0.02572347266881,0.143408360128617,0.422508038585209,0.408360128617363
3,858,0,0,0,4,39,232,637,638,1550,0.0,0.0,0.0,0.00258064516129,0.025161290322581,0.149677419354839,0.410967741935484,0.411612903225806
3,859,0,0,0,2,30,222,631,660,1545,0.0,0.0,0.0,0.001294498381877,0.019417475728155,0.14368932038835,0.408414239482201,0.427184466019417
3,860,0,0,0,4,34,236,668,598,1540,0.0,0.0,0.0,0.002597402597403,0.022077922077922,0.153246753246753,0.433766233766234,0.388311688311688
3,861,0,0,0,1,33,227,657,617,1535,0.0,0.0,0.0,0.000651465798046,0.021498371335505,0.147882736156352,0.428013029315961,0.401954397394137
3,862,0,0,0,1,24,288,608,609,1530,0.0,0.0,0.0,0.000653594771242,0.015686274509804,0.188235294117647,0.397385620915033,0.398039215686274
3,863,0,0,0,2,30,225,651,617,1525,0.0,0.0,0.0,0.001311475409836,0.019672131147541,0.147540983606557,0.426885245901639,0.404590163934426
3,864,0,0,0,2,41,218,642,617,1520,0.0,0.0,0.0,0.001315789473684,0.026973684210526,0.143421052631579,0.422368421052632,0.405921052631579
3,865,0,0,0,2,32,222,665,594,1515,0.0,0.0,0.0,0.001320132013201,0.021122112211221,0.146534653465347,0.438943894389439,0.392079207920792
3,866,0,0,0,3,32,257,633,585,1510,0.0,0.0,0.0,0.001986754966887,0.021192052980132,0.170198675496689,0.419205298013245,0.387417218543046
3,867,0,0,0,2,32,234,633,604,1505,0.0,0.0,0.0,0.001328903654485,0.021262458471761,0.155481727574751,0.420598006644518,0.401328903654485
3,868,0,0,0,2,39,239,630,590,1500,0.0,0.0,0.0,0.001333333333333,0.026,0.159333333333333,0.42,0.393333333333333
3,869,0,0,0,3,44,213,609,626,1495,0.0,0.0,0.0,0.002006688963211,0.02943143812709,0.14247491638796,0.407357859531773,0.418729096989967
3,870,0,0,0,3,35,201,669,582,1490,0.0,0.0,0.0,0.002013422818792,0.023489932885906,0.13489932885906,0.448993288590604,0.390604026845638
3,871,0,0,0,3,32,220,596,634,1485,0.0,0.0,0.0,0.002020202020202,0.021548821548822,0.148148148148148,0.401346801346801,0.426936026936027
3,872,0,0,0,2,31,221,611,615,1480,0.0,0.0,0.0,0.001351351351351,0.020945945945946,0.149324324324324,0.412837837837838,0.415540540540541
3,873,0,0,0,2,27,258,642,546,1475,0.0,0.0,0.0,0.00135593220339,0.018305084745763,0.174915254237288,0.435254237288136,0.370169491525424
3,874,0,0,0,0,41,223,618,588,1470,0.0,0.0,0.0,0.0,0.027891156462585,0.151700680272109,0.420408163265306,0.4
3,875,0,0,0,2,31,225,638,569,1465,0.0,0.0,0.0,0.001365187713311,0.021160409556314,0.15358361774744,0.435494880546075,0.38839590443686
3,876,0,0,0,1,30,228,610,591,1460,0.0,0.0,0.0,0.000684931506849,0.020547945205479,0.156164383561644,0.417808219178082,0.404794520547945
3,877,0,0,0,3,28,233,606,585,1455,0.0,0.0,0.0,0.002061855670103,0.019243986254296,0.160137457044674,0.416494845360825,0.402061855670103
3,878,0,0,0,4,27,208,648,563,1450,0.0,0.0,0.0,0.002758620689655,0.018620689655172,0.143448275862069,0.446896551724138,0.388275862068966
3,879,0,0,0,1,32,207,642,563,1445,0.0,0.0,0.0,0.000692041522491,0.022145328719723,0.143252595155709,0.444290657439446,0.38961937716263
3,880,0,0,0,2,32,196,587,623,1440,0.0,0.0,0.0,0.001388888888889,0.022222222222222,0.136111111111111,0.407638888888889,0.432638888888889
3,881,0,0,0,2,39,202,606,586,1435,0.0,0.0,0.0,0.001393728222997,0.027177700348432,0.140766550522648,0.422299651567944,0.408362369337979
3,882,0,0,0,2,33,225,633,537,1430,0.0,0.0,0.0,0.001398601398601,0.023076923076923,0.157342657342657,0.442657342657343,0.375524475524476
3,883,0,0,0,3,34,223,562,603,1425,0.0,0.0,0.0,0.002105263157895,0.023859649122807,0.156491228070175,0.394385964912281,0.423157894736842
3,884,0,0,0,2,36,219,585,578,1420,0.0,0.0,0.0,0.001408450704225,0.025352112676056,0.154225352112676,0.411971830985915,0.407042253521127
3,885,0,0,0,5,35,217,597,561,1415,0.0,0.0,0.0,0.003533568904594,0.024734982332155,0.153356890459364,0.421908127208481,0.396466431095406
3,886,0,0,0,1,29,231,583,566,1410,0.0,0.0,0.0,0.000709219858156,0.020567375886525,0.163829787234043,0.413475177304965,0.401418439716312
3,887,0,0,0,0,31,231,569,574,1405,0.0,0.0,0.0,0.0,0.022064056939502,0.1644128113879,0.404982206405694,0.408540925266904
3,888,0,0,0,2,52,225,564,557,1400,0.0,0.0,0.0,0.001428571428571,0.037142857142857,0.160714285714286,0.402857142857143,0.397857142857143
3,889,0,0,0,2,28,218,590,557,1395,0.0,0.0,0.0,0.001433691756272,0.020071684587814,0.156272401433692,0.422939068100358,0.399283154121864
3,890,0,0,0,3,34,198,618,537,1390,0.0,0.0,0.0,0.002158273381295,0.024460431654676,0.142446043165468,0.444604316546763,0.386330935251799
3,891,0,0,0,1,22,221,581,560,1385,0.0,0.0,0.0,0.00072202166065,0.015884476534296,0.15956678700361,0.419494584837545,0.404332129963899
3,892,0,0,0,0,34,211,600,535,1380,0.0,0.0,0.0,0.0,0.02463768115942,0.152898550724638,0.434782608695652,0.38768115942029
3,893,0,0,0,1,30,202,579,563,1375,0.0,0.0,0.0,0.000727272727273,0.021818181818182,0.146909090909091,0.421090909090909,0.409454545454545
3,894,0,0,0,0,25,211,562,572,1370,0.0,0.0,0.0,0.0,0.018248175182482,0.154014598540146,0.41021897810219,0.417518248175182
3,895,0,0,0,3,34,200,573,555,1365,0.0,0.0,0.0,0.002197802197802,0.024908424908425,0.146520146520147,0.41978021978022,0.406593406593407
3,896,0,0,0,2,35,189,541,593,1360,0.0,0.0,0.0,0.001470588235294,0.025735294117647,0.138970588235294,0.397794117647059,0.436029411764706
3,897,0,0,0,1,37,198,556,563,1355,0.0,0.0,0.0,0.000738007380074,0.027306273062731,0.146125461254613,0.410332103321033,0.41549815498155
3,898,0,0,0,1,33,185,563,568,1350,0.0,0.0,0.0,0.000740740740741,0.024444444444444,0.137037037037037,0.417037037037037,0.420740740740741
3,899,0,0,0,2,26,207,560,550,1345,0.0,0.0,0.0,0.001486988847584,0.019330855018587,0.153903345724907,0.41635687732342,0.408921933085502
3,900,0,0,0,0,29,225,587,499,1340,0.0,0.0,0.0,0.0,0.021641791044776,0.167910447761194,0.438059701492537,0.372388059701493
3,901,0,0,0,2,23,200,563,547,1335,0.0,0.0,0.0,0.001498127340824,0.017228464419476,0.149812734082397,0.421722846441948,0.409737827715356
3,902,0,0,0,1,22,218,602,487,1330,0.0,0.0,0.0,0.000751879699248,0.016541353383459,0.16390977443609,0.452631578947368,0.366165413533835
3,903,0,0,0,2,37,179,565,542,1325,0.0,0.0,0.0,0.001509433962264,0.027924528301887,0.135094339622642,0.426415094339623,0.409056603773585
3,904,0,0,0,3,25,217,553,522,1320,0.0,0.0,0.0,0.002272727272727,0.018939393939394,0.164393939393939,0.418939393939394,0.395454545454545
3,905,0,0,0,0,22,183,592,518,1315,0.0,0.0,0.0,0.0,0.016730038022814,0.139163498098859,0.450190114068441,0.393916349809886
3,906,0,0,1,0,16,193,591,509,1310,0.0,0.0,0.000763358778626,0.0,0.012213740458015,0.147328244274809,0.451145038167939,0.388549618320611
3,907,0,0,0,2,30,190,569,514,1305,0.0,0.0,0.0,0.001532567049808,0.022988505747126,0.145593869731801,0.436015325670498,0.393869731800766
3,908,0,0,0,1,22,186,574,517,1300,0.0,0.0,0.0,0.000769230769231,0.016923076923077,0.143076923076923,0.441538461538462,0.397692307692308
3,909,0,0,0,0,30,184,561,520,1295,0.0,0.0,0.0,0.0,0.023166023166023,0.142084942084942,0.433204633204633,0.401544401544402
3,910,0,0,0,0,22,166,573,529,1290,0.0,0.0,0.0,0.0,0.017054263565891,0.128682170542636,0.444186046511628,0.410077519379845
3,911,0,0,0,0,27,215,542,501,1285,0.0,0.0,0.0,0.0,0.021011673151751,0.167315175097276,0.421789883268482,0.38988326848249
3,912,0,0,0,0,27,190,558,505,1280,0.0,0.0,0.0,0.0,0.02109375,0.1484375,0.4359375,0.39453125
3,913,0,0,0,3,30,191,550,501,1275,0.0,0.0,0.0,0.002352941176471,0.023529411764706,0.149803921568627,0.431372549019608,0.392941176470588
3,914,0,0,0,1,34,192,536,507,1270,0.0,0.0,0.0,0.000787401574803,0.026771653543307,0.151181102362205,0.422047244094488,0.399212598425197
3,915,0,0,0,1,29,185,525,525,1265,0.0,0.0,0.0,0.000790513833992,0.022924901185771,0.146245059288538,0.41501976284585,0.41501976284585
3,916,0,0,0,3,30,197,521,509,1260,0.0,0.0,0.0,0.002380952380952,0.023809523809524,0.156349206349206,0.413492063492063,0.403968253968254
3,917,0,0,0,3,31,197,541,483,1255,0.0,0.0,0.0,0.002390438247012,0.024701195219124,0.156972111553785,0.431075697211155,0.384860557768924
3,918,0,0,0,3,27,200,504,516,1250,0.0,0.0,0.0,0.0024,0.0216,0.16,0.4032,0.4128
3,919,0,0,0,3,32,182,521,507,1245,0.0,0.0,0.0,0.002409638554217,0.02570281124498,0.146184738955823,0.418473895582329,0.407228915662651
3,920,0,0,0,2,38,195,514,491,1240,0.0,0.0,0.0,0.001612903225806,0.030645161290323,0.157258064516129,0.414516129032258,0.395967741935484
3,921,0,0,0,2,34,169,548,482,1235,0.0,0.0,0.0,0.001619433198381,0.02753036437247,0.136842105263158,0.443724696356275,0.390283400809717
3,922,0,0,0,4,22,187,527,490,1230,0.0,0.0,0.0,0.003252032520325,0.017886178861789,0.152032520325203,0.428455284552846,0.398373983739837
3,923,0,0,0,2,32,192,530,469,1225,0.0,0.0,0.0,0.001632653061224,0.026122448979592,0.156734693877551,0.43265306122449,0.382857142857143
3,924,0,0,0,4,20,200,522,474,1220,0.0,0.0,0.0,0.00327868852459,0.016393442622951,0.163934426229508,0.427868852459016,0.388524590163934
3,925,0,0,0,1,28,168,513,505,1215,0.0,0.0,0.0,0.00082304526749,0.023045267489712,0.138271604938272,0.422222222222222,0.415637860082305
3,926,0,0,0,0,31,171,527,481,1210,0.0,0.0,0.0,0.0,0.025619834710744,0.141322314049587,0.435537190082645,0.397520661157025
3,927,0,0,0,2,35,181,510,477,1205,0.0,0.0,0.0,0.001659751037344,0.029045643153527,0.150207468879668,0.423236514522822,0.395850622406639
3,928,0,0,0,1,23,195,484,497,1200,0.0,0.0,0.0,0.000833333333333,0.019166666666667,0.1625,0.403333333333333,0.414166666666667
3,929,0,0,0,0,29,191,517,458,1195,0.0,0.0,0.0,0.0,0.024267782426778,0.159832635983264,0.432635983263598,0.38326359832636
3,930,0,0,0,0,26,184,506,474,1190,0.0,0.0,0.0,0.0,0.021848739495798,0.154621848739496,0.425210084033613,0.398319327731092
3,931,0,0,0,2,21,175,518,469,1185,0.0,0.0,0.0,0.00168776371308,0.017721518987342,0.147679324894515,0.437130801687764,0.3957805907173
3,932,0,0,0,3,16,160,504,497,1180,0.0,0.0,0.0,0.002542372881356,0.013559322033898,0.135593220338983,0.427118644067797,0.421186440677966
3,933,0,0,0,0,25,169,512,469,1175,0.0,0.0,0.0,0.0,0.021276595744681,0.143829787234043,0.435744680851064,0.399148936170213
3,934,0,0,0,0,28,154,534,454,1170,0.0,0.0,0.0,0.0,0.023931623931624,0.131623931623932,0.456410256410256,0.388034188034188
3,935,0,0,0,0,36,180,508,441,1165,0.0,0.0,0.0,0.0,0.030901287553648,0.15450643776824,0.436051502145923,0.378540772532189
3,936,0,0,0,1,31,163,508,457,1160,0.0,0.0,0.0,0.000862068965517,0.026724137931034,0.14051724137931,0.437931034482759,0.393965517241379
3,937,0,0,0,0,20,183,462,490,1155,0.0,0.0,0.0,0.0,0.017316017316017,0.158441558441558,0.4,0.424242424242424
3,938,0,0,0,2,33,178,507,430,1150,0.0,0.0,0.0,0.001739130434783,0.028695652173913,0.154782608695652,0.440869565217391,0.373913043478261
3,939,0,0,0,2,27,179,478,459,1145,0.0,0.0,0.0,0.00174672489083,0.023580786026201,0.156331877729258,0.417467248908297,0.400873362445415
3,940,0,0,0,3,22,161,492,462,1140,0.0,0.0,0.0,0.002631578947368,0.019298245614035,0.141228070175439,0.431578947368421,0.405263157894737
3,941,0,0,0,3,25,164,502,441,1135,0.0,0.0,0.0,0.002643171806167,0.022026431718062,0.144493392070485,0.442290748898678,0.388546255506608
3,942,0,0,0,4,28,175,435,488,1130,0.0,0.0,0.0,0.00353982300885,0.024778761061947,0.154867256637168,0.384955752212389,0.431858407079646
3,943,0,0,0,0,29,171,491,434,1125,0.0,0.0,0.0,0.0,0.025777777777778,0.152,0.436444444444444,0.385777777777778
3,944,0,0,0,3,22,176,488,431,1120,0.0,0.0,0.0,0.002678571428571,0.019642857142857,0.157142857142857,0.435714285714286,0.384821428571429
3,945,0,0,0,1,27,169,465,453,1115,0.0,0.0,0.0,0.000896860986547,0.024215246636771,0.151569506726457,0.417040358744395,0.40627802690583
3,946,0,0,0,1,28,163,471,447,1110,0.0,0.0,0.0,0.000900900900901,0.025225225225225,0.146846846846847,0.424324324324324,0.402702702702703
3,947,0,0,0,1,36,153,470,445,1105,0.0,0.0,0.0,0.000904977375566,0.032579185520362,0.138461538461538,0.425339366515837,0.402714932126697
3,948,0,0,0,0,26,170,478,426,1100,0.0,0.0,0.0,0.0,0.023636363636364,0.154545454545455,0.434545454545455,0.387272727272727
3,949,0,0,0,2,29,154,503,407,1095,0.0,0.0,0.0,0.001826484018265,0.02648401826484,0.140639269406393,0.459360730593607,0.371689497716895
3,950,0,0,0,3,25,146,473,443,1090,0.0,0.0,0.0,0.002752293577982,0.022935779816514,0.13394495412844,0.43394495412844,0.406422018348624
3,951,0,0,0,3,25,183,446,428,1085,0.0,0.0,0.0,0.002764976958525,0.023041474654378,0.168663594470046,0.411059907834101,0.394470046082949
3,952,0,0,1,2,37,175,428,437,1080,0.0,0.0,0.000925925925926,0.001851851851852,0.034259259259259,0.162037037037037,0.396296296296296,0.40462962962963
3,953,0,0,0,1,18,160,453,443,1075,0.0,0.0,0.0,0.00093023255814,0.016744186046512,0.148837209302326,0.421395348837209,0.412093023255814
3,954,0,0,0,3,30,169,453,415,1070,0.0,0.0,0.0,0.002803738317757,0.02803738317757,0.157943925233645,0.423364485981308,0.38785046728972
3,955,0,0,0,2,30,172,449,412,1065,0.0,0.0,0.0,0.0018779342723,0.028169014084507,0.16150234741784,0.421596244131455,0.386854460093897
3,956,0,0,0,1,22,151,457,429,1060,0.0,0.0,0.0,0.000943396226415,0.020754716981132,0.142452830188679,0.431132075471698,0.404716981132075
3,957,0,0,0,1,24,178,436,416,1055,0.0,0.0,0.0,0.000947867298578,0.022748815165877,0.168720379146919,0.413270142180095,0.394312796208531
3,958,0,0,0,1,23,162,409,455,1050,0.0,0.0,0.0,0.000952380952381,0.021904761904762,0.154285714285714,0.38952380952381,0.433333333333333
3,959,0,0,0,0,30,164,437,414,1045,0.0,0.0,0.0,0.0,0.028708133971292,0.156937799043062,0.418181818181818,0.396172248803828
3,960,0,0,0,2,34,150,428,426,1040,0.0,0.0,0.0,0.001923076923077,0.032692307692308,0.144230769230769,0.411538461538462,0.409615384615385
3,961,0,0,0,1,17,165,469,383,1035,0.0,0.0,0.0,0.000966183574879,0.016425120772947,0.159420289855072,0.453140096618357,0.370048309178744
3,962,0,0,0,1,19,151,441,418,1030,0.0,0.0,0.0,0.000970873786408,0.018446601941748,0.146601941747573,0.428155339805825,0.405825242718447
3,963,0,0,0,2,21,156,442,404,1025,0.0,0.0,0.0,0.001951219512195,0.020487804878049,0.15219512195122,0.431219512195122,0.394146341463415
3,964,0,0,0,2,18,148,450,402,1020,0.0,0.0,0.0,0.001960784313725,0.017647058823529,0.145098039215686,0.441176470588235,0.394117647058824
3,965,0,0,0,1,29,165,411,409,1015,0.0,0.0,0.0,0.000985221674877,0.028571428571429,0.16256157635468,0.404926108374384,0.402955665024631
3,966,0,0,0,0,26,145,419,420,1010,0.0,0.0,0.0,0.0,0.025742574257426,0.143564356435644,0.414851485148515,0.415841584158416
3,967,0,0,0,2,24,141,439,399,1005,0.0,0.0,0.0,0.001990049751244,0.023880597014925,0.140298507462687,0.43681592039801,0.397014925373134
3,968,0,0,0,0,21,160,406,413,1000,0.0,0.0,0.0,0.0,0.021,0.16,0.406,0.413
3,969,0,0,0,2,36,129,403,425,995,0.0,0.0,0.0,0.002010050251256,0.036180904522613,0.12964824120603,0.405025125628141,0.42713567839196
3,970,0,0,0,2,29,152,444,363,990,0.0,0.0,0.0,0.002020202020202,0.029292929292929,0.153535353535354,0.448484848484848,0.366666666666667
3,971,0,0,0,1,17,155,390,422,985,0.0,0.0,0.0,0.001015228426396,0.017258883248731,0.157360406091371,0.395939086294416,0.428426395939086
3,972,0,0,0,2,23,152,403,400,980,0.0,0.0,0.0,0.002040816326531,0.023469387755102,0.155102040816327,0.411224489795918,0.408163265306122
3,973,0,0,0,3,24,173,396,379,975,0.0,0.0,0.0,0.003076923076923,0.024615384615385,0.177435897435897,0.406153846153846,0.388717948717949
3,974,0,0,0,1,21,144,438,366,970,0.0,0.0,0.0,0.001030927835052,0.021649484536082,0.148453608247423,0.451546391752577,0.377319587628866
3,975,0,0,0,1,22,150,412,380,965,0.0,0.0,0.0,0.001036269430052,0.02279792746114,0.155440414507772,0.426943005181347,0.393782383419689
3,976,0,0,0,2,21,158,378,401,960,0.0,0.0,0.0,0.002083333333333,0.021875,0.164583333333333,0.39375,0.417708333333333
3,977,0,0,0,0,17,162,394,382,955,0.0,0.0,0.0,0.0,0.017801047120419,0.169633507853403,0.412565445026178,0.4
3,978,0,0,0,0,19,140,427,364,950,0.0,0.0,0.0,0.0,0.02,0.147368421052632,0.449473684210526,0.383157894736842
3,979,0,0,0,0,25,151,398,371,945,0.0,0.0,0.0,0.0,0.026455026455026,0.15978835978836,0.421164021164021,0.392592592592593
3,980,0,0,0,2,32,144,381,381,940,0.0,0.0,0.0,0.002127659574468,0.034042553191489,0.153191489361702,0.40531914893617,0.40531914893617
3,981,0,0,0,1,28,145,380,381,935,0.0,0.0,0.0,0.001069518716578,0.029946524064171,0.155080213903743,0.406417112299465,0.407486631016043
3,982,0,0,0,1,26,143,393,367,930,0.0,0.0,0.0,0.001075268817204,0.027956989247312,0.153763440860215,0.42258064516129,0.394623655913979
3,983,0,0,0,2,27,152,390,354,925,0.0,0.0,0.0,0.002162162162162,0.029189189189189,0.164324324324324,0.421621621621622,0.382702702702703
3,984,0,0,0,2,25,142,401,350,920,0.0,0.0,0.0,0.002173913043478,0.027173913043478,0.154347826086957,0.435869565217391,0.380434782608696
3,985,0,0,0,2,14,153,386,360,915,0.0,0.0,0.0,0.002185792349727,0.015300546448087,0.167213114754098,0.421857923497268,0.39344262295082
3,986,0,0,0,1,21,154,367,367,910,0.0,0.0,0.0,0.001098901098901,0.023076923076923,0.169230769230769,0.403296703296703,0.403296703296703
3,987,0,0,0,1,17,142,396,349,905,0.0,0.0,0.0,0.001104972375691,0.01878453038674,0.156906077348066,0.437569060773481,0.385635359116022
3,988,0,0,0,1,23,142,359,375,900,0.0,0.0,0.0,0.001111111111111,0.025555555555556,0.157777777777778,0.398888888888889,0.416666666666667
3,989,0,0,0,4,22,137,365,367,895,0.0,0.0,0.0,0.004469273743017,0.024581005586592,0.153072625698324,0.407821229050279,0.410055865921788
3,990,0,0,0,0,24,125,374,367,890,0.0,0.0,0.0,0.0,0.026966292134831,0.140449438202247,0.420224719101124,0.412359550561798
3,991,0,0,0,1,19,148,359,358,885,0.0,0.0,0.0,0.001129943502825,0.021468926553672,0.167231638418079,0.405649717514124,0.404519774011299
3,992,0,0,0,2,14,133,381,350,880,0.0,0.0,0.0,0.002272727272727,0.015909090909091,0.151136363636364,0.432954545454545,0.397727272727273
3,993,0,0,0,1,19,117,387,351,875,0.0,0.0,0.0,0.001142857142857,0.021714285714286,0.133714285714286,0.442285714285714,0.401142857142857
3,994,0,0,0,2,21,146,357,344,870,0.0,0.0,0.0,0.002298850574713,0.024137931034483,0.167816091954023,0.410344827586207,0.395402298850575
3,995,0,0,0,1,17,127,374,346,865,0.0,0.0,0.0,0.001156069364162,0.019653179190751,0.146820809248555,0.432369942196532,0.4
3,996,0,0,0,0,15,143,376,326,860,0.0,0.0,0.0,0.0,0.017441860465116,0.166279069767442,0.437209302325581,0.37906976744186
3,997,0,0,0,0,18,115,367,355,855,0.0,0.0,0.0,0.0,0.021052631578947,0.134502923976608,0.429239766081871,0.415204678362573
3,998,0,0,0,0,20,105,385,340,850,0.0,0.0,0.0,0.0,0.023529411764706,0.123529411764706,0.452941176470588,0.4
3,999,0,0,0,0,19,118,360,348,845,0.0,0.0,0.0,0.0,0.022485207100592,0.139644970414201,0.42603550295858,0.411834319526627
3,1000,0,0,0,1,12,134,342,351,840,0.0,0.0,0.0,0.001190476190476,0.014285714285714,0.15952380952381,0.407142857142857,0.417857142857143
3,1001,0,0,0,1,12,122,353,347,835,0.0,0.0,0.0,0.001197604790419,0.01437125748503,0.146107784431138,0.422754491017964,0.415568862275449
3,1002,0,0,0,1,16,147,331,335,830,0.0,0.0,0.0,0.001204819277108,0.019277108433735,0.17710843373494,0.398795180722892,0.403614457831325
3,1003,0,0,0,2,25,113,343,342,825,0.0,0.0,0.0,0.002424242424242,0.03030303030303,0.136969696969697,0.415757575757576,0.414545454545455
3,1004,0,0,0,1,14,111,370,324,820,0.0,0.0,0.0,0.001219512195122,0.017073170731707,0.135365853658537,0.451219512195122,0.395121951219512
3,1005,0,0,0,1,25,112,341,336,815,0.0,0.0,0.0,0.001226993865031,0.030674846625767,0.137423312883436,0.41840490797546,0.412269938650307
3,1006,0,0,0,2,22,119,328,339,810,0.0,0.0,0.0,0.002469135802469,0.02716049382716,0.146913580246914,0.404938271604938,0.418518518518519
3,1007,0,0,0,0,18,132,360,295,805,0.0,0.0,0.0,0.0,0.022360248447205,0.163975155279503,0.447204968944099,0.366459627329193
3,1008,0,0,0,1,15,129,321,334,800,0.0,0.0,0.0,0.00125,0.01875,0.16125,0.40125,0.4175
3,1009,0,0,0,2,18,116,329,330,795,0.0,0.0,0.0,0.00251572327044,0.022641509433962,0.145911949685535,0.413836477987421,0.415094339622642
3,1010,0,0,0,2,9,119,354,306,790,0.0,0.0,0.0,0.00253164556962,0.011392405063291,0.150632911392405,0.448101265822785,0.387341772151899
3,1011,0,0,0,2,17,123,337,306,785,0.0,0.0,0.0,0.002547770700637,0.021656050955414,0.156687898089172,0.429299363057325,0.389808917197452
3,1012,0,0,0,1,16,127,312,324,780,0.0,0.0,0.0,0.001282051282051,0.020512820512821,0.162820512820513,0.4,0.415384615384615
3,1013,0,0,0,0,11,107,322,335,775,0.0,0.0,0.0,0.0,0.014193548387097,0.138064516129032,0.415483870967742,0.432258064516129
3,1014,0,0,0,1,16,122,318,313,770,0.0,0.0,0.0,0.001298701298701,0.020779220779221,0.158441558441558,0.412987012987013,0.406493506493507
3,1015,0,0,0,0,14,125,305,321,765,0.0,0.0,0.0,0.0,0.018300653594771,0.163398692810458,0.398692810457516,0.419607843137255
3,1016,0,0,0,2,21,111,312,314,760,0.0,0.0,0.0,0.002631578947368,0.027631578947368,0.146052631578947,0.410526315789474,0.413157894736842
3,1017,0,0,0,2,18,104,336,295,755,0.0,0.0,0.0,0.002649006622517,0.023841059602649,0.137748344370861,0.445033112582781,0.390728476821192
3,1018,0,0,0,2,17,109,316,306,750,0.0,0.0,0.0,0.002666666666667,0.022666666666667,0.145333333333333,0.421333333333333,0.408
3,1019,0,0,0,0,18,120,302,305,745,0.0,0.0,0.0,0.0,0.024161073825503,0.161073825503356,0.405369127516779,0.409395973154362
3,1020,0,0,0,0,19,107,320,294,740,0.0,0.0,0.0,0.0,0.025675675675676,0.144594594594595,0.432432432432432,0.397297297297297
3,1021,0,0,0,1,13,110,316,295,735,0.0,0.0,0.0,0.001360544217687,0.017687074829932,0.149659863945578,0.429931972789116,0.401360544217687
3,1022,0,0,0,1,13,121,309,286,730,0.0,0.0,0.0,0.001369863013699,0.017808219178082,0.165753424657534,0.423287671232877,0.391780821917808
3,1023,0,0,0,1,9,104,303,308,725,0.0,0.0,0.0,0.001379310344828,0.012413793103448,0.143448275862069,0.417931034482759,0.424827586206897
3,1024,0,0,0,1,8,118,306,287,720,0.0,0.0,0.0,0.001388888888889,0.011111111111111,0.163888888888889,0.425,0.398611111111111
3,1025,0,0,0,1,12,101,297,304,715,0.0,0.0,0.0,0.001398601398601,0.016783216783217,0.141258741258741,0.415384615384615,0.425174825174825
3,1026,0,0,0,1,11,107,312,279,710,0.0,0.0,0.0,0.001408450704225,0.015492957746479,0.150704225352113,0.43943661971831,0.392957746478873
3,1027,0,0,0,1,13,99,294,298,705,0.0,0.0,0.0,0.001418439716312,0.018439716312057,0.140425531914894,0.417021276595745,0.422695035460993
3,1028,0,0,0,1,14,101,310,274,700,0.0,0.0,0.0,0.001428571428571,0.02,0.144285714285714,0.442857142857143,0.391428571428571
3,1029,0,0,0,4,10,128,287,266,695,0.0,0.0,0.0,0.005755395683453,0.014388489208633,0.184172661870504,0.41294964028777,0.38273381294964
3,1030,0,0,0,1,10,89,316,274,690,0.0,0.0,0.0,0.001449275362319,0.014492753623188,0.128985507246377,0.457971014492754,0.397101449275362
3,1031,0,0,0,2,17,110,275,281,685,0.0,0.0,0.0,0.002919708029197,0.024817518248175,0.160583941605839,0.401459854014599,0.41021897810219
3,1032,0,0,0,0,15,107,278,280,680,0.0,0.0,0.0,0.0,0.022058823529412,0.157352941176471,0.408823529411765,0.411764705882353
3,1033,0,0,0,2,20,104,282,267,675,0.0,0.0,0.0,0.002962962962963,0.02962962962963,0.154074074074074,0.417777777777778,0.395555555555556
3,1034,0,0,0,3,18,102,287,260,670,0.0,0.0,0.0,0.004477611940299,0.026865671641791,0.152238805970149,0.428358208955224,0.388059701492537
3,1035,0,0,1,0,16,106,254,288,665,0.0,0.0,0.001503759398496,0.0,0.02406015037594,0.159398496240602,0.381954887218045,0.433082706766917
3,1036,0,0,0,1,16,105,281,257,660,0.0,0.0,0.0,0.001515151515152,0.024242424242424,0.159090909090909,0.425757575757576,0.389393939393939
3,1037,0,0,0,2,12,100,302,239,655,0.0,0.0,0.0,0.003053435114504,0.018320610687023,0.152671755725191,0.461068702290076,0.364885496183206
3,1038,0,0,0,2,16,98,277,257,650,0.0,0.0,0.0,0.003076923076923,0.024615384615385,0.150769230769231,0.426153846153846,0.395384615384615
3,1039,0,0,0,0,23,95,247,280,645,0.0,0.0,0.0,0.0,0.035658914728682,0.147286821705426,0.382945736434109,0.434108527131783
3,1040,0,0,0,1,9,84,281,265,640,0.0,0.0,0.0,0.0015625,0.0140625,0.13125,0.4390625,0.4140625
3,1041,0,0,0,0,14,121,247,253,635,0.0,0.0,0.0,0.0,0.022047244094488,0.190551181102362,0.388976377952756,0.398425196850394
3,1042,0,0,0,0,15,93,272,250,630,0.0,0.0,0.0,0.0,0.023809523809524,0.147619047619048,0.431746031746032,0.396825396825397
3,1043,0,0,0,0,12,88,246,279,625,0.0,0.0,0.0,0.0,0.0192,0.1408,0.3936,0.4464
3,1044,0,0,0,2,11,111,257,239,620,0.0,0.0,0.0,0.003225806451613,0.017741935483871,0.179032258064516,0.414516129032258,0.385483870967742
3,1045,0,0,0,0,12,86,265,252,615,0.0,0.0,0.0,0.0,0.019512195121951,0.139837398373984,0.430894308943089,0.409756097560976
3,1046,0,0,0,0,18,101,249,242,610,0.0,0.0,0.0,0.0,0.029508196721311,0.165573770491803,0.408196721311475,0.39672131147541
3,1047,0,0,0,3,11,91,262,238,605,0.0,0.0,0.0,0.00495867768595,0.018181818181818,0.150413223140496,0.433057851239669,0.393388429752066
3,1048,0,0,0,0,11,82,260,247,600,0.0,0.0,0.0,0.0,0.018333333333333,0.136666666666667,0.433333333333333,0.411666666666667
3,1049,0,0,0,0,14,97,273,211,595,0.0,0.0,0.0,0.0,0.023529411764706,0.163025210084034,0.458823529411765,0.354621848739496
3,1050,0,0,0,0,16,89,249,236,590,0.0,0.0,0.0,0.0,0.027118644067797,0.150847457627119,0.422033898305085,0.4
3,1051,0,0,0,0,12,89,242,242,585,0.0,0.0,0.0,0.0,0.020512820512821,0.152136752136752,0.413675213675214,0.413675213675214
3,1052,0,0,0,0,5,88,251,236,580,0.0,0.0,0.0,0.0,0.008620689655172,0.151724137931034,0.432758620689655,0.406896551724138
3,1053,0,0,0,0,11,82,241,241,575,0.0,0.0,0.0,0.0,0.019130434782609,0.142608695652174,0.419130434782609,0.419130434782609
3,1054,0,0,0,0,21,91,244,214,570,0.0,0.0,0.0,0.0,0.036842105263158,0.159649122807018,0.428070175438596,0.375438596491228
3,1055,0,0,0,0,7,95,223,240,565,0.0,0.0,0.0,0.0,0.012389380530973,0.168141592920354,0.394690265486726,0.424778761061947
3,1056,0,0,0,0,9,79,234,238,560,0.0,0.0,0.0,0.0,0.016071428571429,0.141071428571429,0.417857142857143,0.425
3,1057,0,0,0,0,11,82,236,226,555,0.0,0.0,0.0,0.0,0.01981981981982,0.147747747747748,0.425225225225225,0.407207207207207
3,1058,0,0,0,3,10,96,219,222,550,0.0,0.0,0.0,0.005454545454545,0.018181818181818,0.174545454545455,0.398181818181818,0.403636363636364
3,1059,0,0,0,0,13,78,238,216,545,0.0,0.0,0.0,0.0,0.023853211009174,0.143119266055046,0.436697247706422,0.396330275229358
3,1060,0,0,0,0,18,63,224,235,540,0.0,0.0,0.0,0.0,0.033333333333333,0.116666666666667,0.414814814814815,0.435185185185185
3,1061,0,0,0,1,11,81,220,222,535,0.0,0.0,0.0,0.001869158878505,0.020560747663551,0.151401869158879,0.411214953271028,0.414953271028037
3,1062,0,0,0,1,15,85,231,198,530,0.0,0.0,0.0,0.00188679245283,0.028301886792453,0.160377358490566,0.435849056603774,0.373584905660377
3,1063,0,0,0,0,14,79,212,220,525,0.0,0.0,0.0,0.0,0.026666666666667,0.15047619047619,0.403809523809524,0.419047619047619
3,1064,0,0,0,0,9,81,233,197,520,0.0,0.0,0.0,0.0,0.017307692307692,0.155769230769231,0.448076923076923,0.378846153846154
3,1065,0,0,0,0,5,79,208,223,515,0.0,0.0,0.0,0.0,0.009708737864078,0.153398058252427,0.403883495145631,0.433009708737864
3,1066,0,0,0,0,11,76,198,225,510,0.0,0.0,0.0,0.0,0.02156862745098,0.149019607843137,0.388235294117647,0.441176470588235
3,1067,0,0,0,0,10,88,214,193,505,0.0,0.0,0.0,0.0,0.01980198019802,0.174257425742574,0.423762376237624,0.382178217821782
3,1068,0,0,0,1,11,68,215,205,500,0.0,0.0,0.0,0.002,0.022,0.136,0.43,0.41
3,1069,0,0,0,1,20,75,194,205,495,0.0,0.0,0.0,0.002020202020202,0.04040404040404,0.151515151515152,0.391919191919192,0.414141414141414
3,1070,0,0,0,0,13,71,226,180,490,0.0,0.0,0.0,0.0,0.026530612244898,0.144897959183673,0.461224489795918,0.36734693877551
3,1071,0,0,0,0,6,77,216,186,485,0.0,0.0,0.0,0.0,0.012371134020619,0.158762886597938,0.445360824742268,0.383505154639175
3,1072,0,0,0,1,13,87,199,180,480,0.0,0.0,0.0,0.002083333333333,0.027083333333333,0.18125,0.414583333333333,0.375
3,1073,0,0,0,0,6,68,221,180,475,0.0,0.0,0.0,0.0,0.012631578947368,0.143157894736842,0.465263157894737,0.378947368421053
3,1074,0,0,0,0,9,67,192,202,470,0.0,0.0,0.0,0.0,0.019148936170213,0.142553191489362,0.408510638297872,0.429787234042553
3,1075,0,0,0,0,9,81,185,190,465,0.0,0.0,0.0,0.0,0.019354838709677,0.174193548387097,0.397849462365591,0.408602150537634
3,1076,0,0,0,1,11,73,193,182,460,0.0,0.0,0.0,0.002173913043478,0.023913043478261,0.158695652173913,0.419565217391304,0.395652173913043
3,1077,0,0,1,1,8,62,196,187,455,0.0,0.0,0.002197802197802,0.002197802197802,0.017582417582418,0.136263736263736,0.430769230769231,0.410989010989011
3,1078,0,0,0,2,11,63,195,179,450,0.0,0.0,0.0,0.004444444444444,0.024444444444444,0.14,0.433333333333333,0.397777777777778
3,1079,0,0,0,0,13,53,179,200,445,0.0,0.0,0.0,0.0,0.029213483146067,0.119101123595506,0.402247191011236,0.449438202247191
3,1080,0,0,0,0,14,75,175,176,440,0.0,0.0,0.0,0.0,0.031818181818182,0.170454545454545,0.397727272727273,0.4
3,1081,0,0,0,1,8,68,190,168,435,0.0,0.0,0.0,0.002298850574713,0.018390804597701,0.15632183908046,0.436781609195402,0.386206896551724
3,1082,0,0,0,0,4,66,181,179,430,0.0,0.0,0.0,0.0,0.009302325581395,0.153488372093023,0.42093023255814,0.416279069767442
3,1083,0,0,0,0,4,48,194,179,425,0.0,0.0,0.0,0.0,0.009411764705882,0.112941176470588,0.456470588235294,0.421176470588235
3,1084,0,0,0,1,11,54,184,170,420,0.0,0.0,0.0,0.002380952380952,0.026190476190476,0.128571428571429,0.438095238095238,0.404761904761905
3,1085,0,0,0,0,11,70,169,165,415,0.0,0.0,0.0,0.0,0.026506024096386,0.168674698795181,0.407228915662651,0.397590361445783
3,1086,0,0,0,1,11,64,157,177,410,0.0,0.0,0.0,0.002439024390244,0.026829268292683,0.15609756097561,0.382926829268293,0.431707317073171
3,1087,0,0,0,2,10,65,171,157,405,0.0,0.0,0.0,0.004938271604938,0.024691358024691,0.160493827160494,0.422222222222222,0.387654320987654
3,1088,0,0,0,1,7,60,172,160,400,0.0,0.0,0.0,0.0025,0.0175,0.15,0.43,0.4
3,1089,0,0,0,0,7,66,177,145,395,0.0,0.0,0.0,0.0,0.017721518987342,0.167088607594937,0.448101265822785,0.367088607594937
3,1090,0,0,0,0,6,55,177,152,390,0.0,0.0,0.0,0.0,0.015384615384615,0.141025641025641,0.453846153846154,0.38974358974359
3,1091,0,0,0,0,9,65,161,150,385,0.0,0.0,0.0,0.0,0.023376623376623,0.168831168831169,0.418181818181818,0.38961038961039
3,1092,0,0,0,0,8,73,164,135,380,0.0,0.0,0.0,0.0,0.021052631578947,0.192105263157895,0.431578947368421,0.355263157894737
3,1093,0,0,0,0,14,57,162,142,375,0.0,0.0,0.0,0.0,0.037333333333333,0.152,0.432,0.378666666666667
3,1094,0,0,0,0,4,54,177,135,370,0.0,0.0,0.0,0.0,0.010810810810811,0.145945945945946,0.478378378378378,0.364864864864865
3,1095,0,0,0,1,6,50,148,160,365,0.0,0.0,0.0,0.002739726027397,0.016438356164384,0.136986301369863,0.405479452054795,0.438356164383562
3,1096,0,0,0,1,8,48,162,141,360,0.0,0.0,0.0,0.002777777777778,0.022222222222222,0.133333333333333,0.45,0.391666666666667
3,1097,0,0,0,4,3,48,140,160,355,0.0,0.0,0.0,0.011267605633803,0.008450704225352,0.135211267605634,0.394366197183099,0.450704225352113
3,1098,0,0,0,0,9,47,150,144,350,0.0,0.0,0.0,0.0,0.025714285714286,0.134285714285714,0.428571428571429,0.411428571428571
3,1099,0,0,0,1,7,52,134,151,345,0.0,0.0,0.0,0.002898550724638,0.020289855072464,0.150724637681159,0.388405797101449,0.43768115942029
3,1100,0,0,0,0,6,47,141,146,340,0.0,0.0,0.0,0.0,0.017647058823529,0.138235294117647,0.414705882352941,0.429411764705882
3,1101,0,0,0,1,10,45,141,138,335,0.0,0.0,0.0,0.002985074626866,0.029850746268657,0.134328358208955,0.42089552238806,0.411940298507463
3,1102,0,0,0,0,4,53,145,128,330,0.0,0.0,0.0,0.0,0.012121212121212,0.160606060606061,0.439393939393939,0.387878787878788
3,1103,0,0,0,0,4,47,137,137,325,0.0,0.0,0.0,0.0,0.012307692307692,0.144615384615385,0.421538461538462,0.421538461538462
3,1104,0,0,0,0,10,48,131,131,320,0.0,0.0,0.0,0.0,0.03125,0.15,0.409375,0.409375
3,1105,0,0,0,2,7,44,127,135,315,0.0,0.0,0.0,0.006349206349206,0.022222222222222,0.13968253968254,0.403174603174603,0.428571428571429
3,1106,0,0,0,0,5,49,132,124,310,0.0,0.0,0.0,0.0,0.016129032258065,0.158064516129032,0.425806451612903,0.4
3,1107,0,0,0,0,7,41,125,132,305,0.0,0.0,0.0,0.0,0.022950819672131,0.134426229508197,0.409836065573771,0.432786885245902
3,1108,0,0,0,0,8,42,127,123,300,0.0,0.0,0.0,0.0,0.026666666666667,0.14,0.423333333333333,0.41
3,1109,0,0,0,0,9,39,141,106,295,0.0,0.0,0.0,0.0,0.030508474576271,0.132203389830508,0.477966101694915,0.359322033898305
3,1110,0,0,0,1,4,32,134,119,290,0.0,0.0,0.0,0.003448275862069,0.013793103448276,0.110344827586207,0.462068965517241,0.410344827586207
3,1111,0,0,0,0,10,50,120,105,285,0.0,0.0,0.0,0.0,0.035087719298246,0.175438596491228,0.421052631578947,0.368421052631579
3,1112,0,0,0,0,4,50,118,108,280,0.0,0.0,0.0,0.0,0.014285714285714,0.178571428571429,0.421428571428571,0.385714285714286
3,1113,0,0,0,0,4,38,127,106,275,0.0,0.0,0.0,0.0,0.014545454545455,0.138181818181818,0.461818181818182,0.385454545454545
3,1114,0,0,0,0,7,44,115,104,270,0.0,0.0,0.0,0.0,0.025925925925926,0.162962962962963,0.425925925925926,0.385185185185185
3,1115,0,0,0,0,5,32,124,104,265,0.0,0.0,0.0,0.0,0.018867924528302,0.120754716981132,0.467924528301887,0.392452830188679
3,1116,0,0,0,0,9,44,106,101,260,0.0,0.0,0.0,0.0,0.034615384615385,0.169230769230769,0.407692307692308,0.388461538461538
3,1117,0,0,0,1,8,37,108,101,255,0.0,0.0,0.0,0.003921568627451,0.031372549019608,0.145098039215686,0.423529411764706,0.396078431372549
3,1118,0,0,0,1,2,26,107,114,250,0.0,0.0,0.0,0.004,0.008,0.104,0.428,0.456
3,1119,0,0,0,0,3,40,106,96,245,0.0,0.0,0.0,0.0,0.012244897959184,0.163265306122449,0.43265306122449,0.391836734693878
3,1120,0,0,0,2,6,41,91,100,240,0.0,0.0,0.0,0.008333333333333,0.025,0.170833333333333,0.379166666666667,0.416666666666667
3,1121,0,0,0,0,4,37,101,93,235,0.0,0.0,0.0,0.0,0.017021276595745,0.157446808510638,0.429787234042553,0.395744680851064
3,1122,0,0,0,0,8,42,104,76,230,0.0,0.0,0.0,0.0,0.034782608695652,0.182608695652174,0.452173913043478,0.330434782608696
3,1123,0,0,0,0,3,23,92,107,225,0.0,0.0,0.0,0.0,0.013333333333333,0.102222222222222,0.408888888888889,0.475555555555556
3,1124,0,0,0,0,8,31,93,88,220,0.0,0.0,0.0,0.0,0.036363636363636,0.140909090909091,0.422727272727273,0.4
3,1125,0,0,0,0,4,32,87,92,215,0.0,0.0,0.0,0.0,0.018604651162791,0.148837209302326,0.404651162790698,0.427906976744186
3,1126,0,0,0,0,2,23,84,101,210,0.0,0.0,0.0,0.0,0.00952380952381,0.10952380952381,0.4,0.480952380952381
3,1127,0,0,0,0,2,26,88,89,205,0.0,0.0,0.0,0.0,0.009756097560976,0.126829268292683,0.429268292682927,0.434146341463415
3,1128,0,0,0,0,9,28,87,76,200,0.0,0.0,0.0,0.0,0.045,0.14,0.435,0.38
3,1129,0,0,0,0,4,36,72,83,195,0.0,0.0,0.0,0.0,0.020512820512821,0.184615384615385,0.369230769230769,0.425641025641026
3,1130,0,0,0,0,5,27,71,87,190,0.0,0.0,0.0,0.0,0.026315789473684,0.142105263157895,0.373684210526316,0.457894736842105
3,1131,0,0,0,0,3,21,81,80,185,0.0,0.0,0.0,0.0,0.016216216216216,0.113513513513514,0.437837837837838,0.432432432432432
3,1132,0,0,0,0,3,21,88,68,180,0.0,0.0,0.0,0.0,0.016666666666667,0.116666666666667,0.488888888888889,0.377777777777778
3,1133,0,0,0,0,4,25,76,70,175,0.0,0.0,0.0,0.0,0.022857142857143,0.142857142857143,0.434285714285714,0.4
3,1134,0,0,0,0,3,23,78,66,170,0.0,0.0,0.0,0.0,0.017647058823529,0.135294117647059,0.458823529411765,0.388235294117647
3,1135,0,0,0,0,2,7,80,76,165,0.0,0.0,0.0,0.0,0.012121212121212,0.042424242424242,0.484848484848485,0.460606060606061
3,1136,0,0,0,0,2,27,63,68,160,0.0,0.0,0.0,0.0,0.0125,0.16875,0.39375,0.425
3,1137,0,0,0,0,7,26,59,63,155,0.0,0.0,0.0,0.0,0.045161290322581,0.167741935483871,0.380645161290323,0.406451612903226
3,1138,0,0,0,0,4,22,56,68,150,0.0,0.0,0.0,0.0,0.026666666666667,0.146666666666667,0.373333333333333,0.453333333333333
3,1139,0,0,0,0,1,25,55,64,145,0.0,0.0,0.0,0.0,0.006896551724138,0.172413793103448,0.379310344827586,0.441379310344828
3,1140,0,0,0,0,7,20,64,49,140,0.0,0.0,0.0,0.0,0.05,0.142857142857143,0.457142857142857,0.35
3,1141,0,0,0,0,4,17,62,52,135,0.0,0.0,0.0,0.0,0.02962962962963,0.125925925925926,0.459259259259259,0.385185185185185
3,1142,0,0,0,0,3,13,46,68,130,0.0,0.0,0.0,0.0,0.023076923076923,0.1,0.353846153846154,0.523076923076923
3,1143,0,0,0,0,2,19,49,55,125,0.0,0.0,0.0,0.0,0.016,0.152,0.392,0.44
3,1144,0,0,0,0,2,19,54,45,120,0.0,0.0,0.0,0.0,0.016666666666667,0.158333333333333,0.45,0.375
3,1145,0,0,0,1,1,17,47,49,115,0.0,0.0,0.0,0.008695652173913,0.008695652173913,0.147826086956522,0.408695652173913,0.426086956521739
3,1146,0,0,0,0,1,21,48,40,110,0.0,0.0,0.0,0.0,0.009090909090909,0.190909090909091,0.436363636363636,0.363636363636364
3,1147,0,0,0,0,1,10,48,46,105,0.0,0.0,0.0,0.0,0.00952380952381,0.095238095238095,0.457142857142857,0.438095238095238
3,1148,0,0,0,0,1,10,47,42,100,0.0,0.0,0.0,0.0,0.01,0.1,0.47,0.42
3,1149,0,0,0,0,0,16,40,39,95,0.0,0.0,0.0,0.0,0.0,0.168421052631579,0.421052631578947,0.410526315789474
3,1150,0,0,0,0,1,15,36,38,90,0.0,0.0,0.0,0.0,0.011111111111111,0.166666666666667,0.4,0.422222222222222
3,1151,0,0,0,1,1,20,32,31,85,0.0,0.0,0.0,0.011764705882353,0.011764705882353,0.235294117647059,0.376470588235294,0.364705882352941
3,1152,0,0,0,0,1,11,35,33,80,0.0,0.0,0.0,0.0,0.0125,0.1375,0.4375,0.4125
3,1153,0,0,0,0,4,14,31,26,75,0.0,0.0,0.0,0.0,0.053333333333333,0.186666666666667,0.413333333333333,0.346666666666667
3,1154,0,0,0,0,1,13,23,33,70,0.0,0.0,0.0,0.0,0.014285714285714,0.185714285714286,0.328571428571429,0.471428571428571
3,1155,0,0,0,0,0,13,27,25,65,0.0,0.0,0.0,0.0,0.0,0.2,0.415384615384615,0.384615384615385
3,1156,0,0,0,0,2,12,26,20,60,0.0,0.0,0.0,0.0,0.033333333333333,0.2,0.433333333333333,0.333333333333333
3,1157,0,0,0,1,1,9,18,26,55,0.0,0.0,0.0,0.018181818181818,0.018181818181818,0.163636363636364,0.327272727272727,0.472727272727273
3,1158,0,0,0,0,0,7,23,20,50,0.0,0.0,0.0,0.0,0.0,0.14,0.46,0.4
3,1159,0,0,0,0,1,7,20,17,45,0.0,0.0,0.0,0.0,0.022222222222222,0.155555555555556,0.444444444444444,0.377777777777778
3,1160,0,0,0,0,1,7,15,17,40,0.0,0.0,0.0,0.0,0.025,0.175,0.375,0.425
3,1161,0,0,0,0,0,4,9,22,35,0.0,0.0,0.0,0.0,0.0,0.114285714285714,0.257142857142857,0.628571428571429
3,1162,0,0,0,0,0,7,15,8,30,0.0,0.0,0.0,0.0,0.0,0.233333333333333,0.5,0.266666666666667
3,1163,0,0,0,0,0,4,6,15,25,0.0,0.0,0.0,0.0,0.0,0.16,0.24,0.6
3,1164,0,0,0,0,2,3,9,6,20,0.0,0.0,0.0,0.0,0.1,0.15,0.45,0.3
3,1165,0,0,0,0,3,3,3,6,15,0.0,0.0,0.0,0.0,0.2,0.2,0.2,0.4
3,1166,0,0,0,0,0,1,5,4,10,0.0,0.0,0.0,0.0,0.0,0.1,0.5,0.4
3,1167,0,0,0,0,0,0,2,3,5,0.0,0.0,0.0,0.0,0.0,0.0,0.4,0.6
4,1,0,0,0,10,115,980,2460,2270,5835,0.0,0.0,0.0,0.001713796058269,0.019708654670094,0.167952013710368,0.42159383033419,0.389031705227078
4,2,0,0,0,5,151,963,2515,2196,5830,0.0,0.0,0.0,0.000857632933105,0.02590051457976,0.165180102915952,0.43138936535163,0.376672384219554
4,3,0,0,0,11,138,929,2553,2194,5825,0.0,0.0,0.0,0.001888412017167,0.023690987124464,0.159484978540773,0.438283261802575,0.376652360515021
4,4,0,0,0,8,127,886,2482,2317,5820,0.0,0.0,0.0,0.001374570446735,0.021821305841924,0.152233676975945,0.426460481099656,0.398109965635739
4,5,0,0,0,9,144,899,2495,2268,5815,0.0,0.0,0.0,0.001547721410146,0.024763542562339,0.154600171969046,0.429062768701634,0.390025795356836
4,6,0,0,0,5,127,872,2477,2329,5810,0.0,0.0,0.0,0.000860585197935,0.021858864027539,0.150086058519793,0.426333907056799,0.400860585197935
4,7,0,0,0,10,116,853,2545,2281,5805,0.0,0.0,0.0,0.001722652885444,0.019982773471146,0.146942291128338,0.438415159345392,0.392937123169681
4,8,0,0,0,5,135,888,2427,2345,5800,0.0,0.0,0.0,0.000862068965517,0.023275862068966,0.153103448275862,0.418448275862069,0.404310344827586
4,9,0,0,1,8,120,899,2445,2322,5795,0.0,0.0,0.000172562553926,0.001380500431406,0.020707506471096,0.155133735979293,0.421915444348576,0.400690250215703
4,10,0,0,0,8,130,915,2445,2292,5790,0.0,0.0,0.0,0.001381692573402,0.022452504317789,0.158031088082902,0.422279792746114,0.395854922279793
4,11,0,0,0,5,144,912,2388,2336,5785,0.0,0.0,0.0,0.000864304235091,0.024891961970614,0.157649092480553,0.412791702679343,0.403802938634399
4,12,0,0,0,13,136,868,2462,2301,5780,0.0,0.0,0.0,0.002249134948097,0.023529411764706,0.150173010380623,0.425951557093426,0.398096885813149
4,13,0,0,0,3,141,920,2394,2317,5775,0.0,0.0,0.0,0.000519480519481,0.024415584415584,0.159307359307359,0.414545454545455,0.401212121212121
4,14,0,0,0,2,119,842,2520,2287,5770,0.0,0.0,0.0,0.000346620450607,0.020623916811092,0.145927209705373,0.436741767764298,0.396360485268631
4,15,0,0,0,7,145,859,2510,2244,5765,0.0,0.0,0.0,0.001214223764094,0.025151777970512,0.149002601908066,0.435385949696444,0.389245446660885
4,16,0,0,0,10,147,879,2467,2257,5760,0.0,0.0,0.0,0.001736111111111,0.025520833333333,0.152604166666667,0.428298611111111,0.391840277777778
4,17,0,0,0,7,140,872,2386,2350,5755,0.0,0.0,0.0,0.001216333622937,0.024326672458732,0.151520417028671,0.414596003475239,0.408340573414422
4,18,0,0,0,7,141,857,2429,2316,5750,0.0,0.0,0.0,0.001217391304348,0.024521739130435,0.14904347826087,0.422434782608696,0.402782608695652
4,19,0,0,0,7,129,926,2423,2260,5745,0.0,0.0,0.0,0.001218450826806,0.022454308093995,0.16118363794604,0.421758050478677,0.393385552654482
4,20,0,0,0,5,138,885,2460,2252,5740,0.0,0.0,0.0,0.000871080139373,0.02404181184669,0.15418118466899,0.428571428571429,0.392334494773519
4,21,0,0,0,10,134,897,2469,2225,5735,0.0,0.0,0.0,0.001743679163034,0.023365300784656,0.15640802092415,0.430514385353095,0.387968613775065
4,22,0,0,0,7,129,846,2487,2261,5730,0.0,0.0,0.0,0.001221640488656,0.022513089005236,0.147643979057592,0.434031413612565,0.394589877835951
4,23,0,0,0,9,138,855,2438,2285,5725,0.0,0.0,0.0,0.001572052401747,0.02410480349345,0.149344978165939,0.425851528384279,0.399126637554585
4,24,0,0,0,8,134,846,2425,2307,5720,0.0,0.0,0.0,0.001398601398601,0.023426573426573,0.147902097902098,0.423951048951049,0.403321678321678
4,25,0,0,0,11,126,883,2422,2273,5715,0.0,0.0,0.0,0.001924759405074,0.022047244094488,0.154505686789151,0.423797025371829,0.397725284339458
4,26,0,0,1,4,137,830,2503,2235,5710,0.0,0.0,0.000175131348511,0.000700525394046,0.02399299474606,0.145359019264448,0.438353765323993,0.391418563922942
4,27,0,0,0,9,133,864,2462,2237,5705,0.0,0.0,0.0,0.001577563540754,0.023312883435583,0.151446099912358,0.431551270815074,0.392112182296231
4,28,0,0,1,12,136,899,2387,2265,5700,0.0,0.0,0.000175438596491,0.002105263157895,0.023859649122807,0.157719298245614,0.418771929824561,0.397368421052632
4,29,0,0,1,6,144,856,2443,2245,5695,0.0,0.0,0.00017559262511,0.001053555750658,0.025285338015803,0.150307287093942,0.428972783143108,0.394205443371378
4,30,0,0,1,13,144,847,2409,2276,5690,0.0,0.0,0.000175746924429,0.002284710017575,0.02530755711775,0.148857644991213,0.423374340949033,0.4
4,31,0,0,0,8,134,839,2409,2295,5685,0.0,0.0,0.0,0.001407211961302,0.023570800351803,0.147581354441513,0.423746701846966,0.403693931398417
4,32,0,0,0,8,136,886,2424,2226,5680,0.0,0.0,0.0,0.001408450704225,0.023943661971831,0.155985915492958,0.426760563380282,0.391901408450704
4,33,0,0,0,7,131,906,2370,2261,5675,0.0,0.0,0.0,0.001233480176211,0.023083700440529,0.159647577092511,0.417621145374449,0.3984140969163
4,34,0,0,0,9,111,867,2375,2308,5670,0.0,0.0,0.0,0.001587301587302,0.01957671957672,0.152910052910053,0.418871252204586,0.40705467372134
4,35,0,0,0,6,131,847,2473,2208,5665,0.0,0.0,0.0,0.001059135039718,0.023124448367167,0.149514563106796,0.436540158870256,0.389761694616064
4,36,0,0,0,1,138,892,2358,2271,5660,0.0,0.0,0.0,0.00017667844523,0.024381625441696,0.157597173144876,0.41660777385159,0.401236749116608
4,37,0,0,0,6,130,867,2349,2303,5655,0.0,0.0,0.0,0.00106100795756,0.022988505747126,0.153315649867374,0.415384615384615,0.407250221043324
4,38,0,0,1,8,109,856,2412,2264,5650,0.0,0.0,0.000176991150442,0.00141592920354,0.01929203539823,0.151504424778761,0.426902654867257,0.40070796460177
4,39,0,0,0,12,149,862,2426,2196,5645,0.0,0.0,0.0,0.002125775022143,0.026395039858282,0.152701505757307,0.429760850310009,0.389016829052259
4,40,0,0,0,8,125,852,2444,2211,5640,0.0,0.0,0.0,0.001418439716312,0.022163120567376,0.151063829787234,0.433333333333333,0.392021276595745
4,41,0,0,1,5,116,857,2427,2229,5635,0.0,0.0,0.000177462289264,0.000887311446318,0.02058562555457,0.152085181898846,0.430700976042591,0.395563442768412
4,42,0,0,0,2,116,850,2429,2233,5630,0.0,0.0,0.0,0.000355239786856,0.020603907637655,0.150976909413854,0.431438721136767,0.396625222024867
4,43,0,0,0,10,122,841,2387,2265,5625,0.0,0.0,0.0,0.001777777777778,0.021688888888889,0.149511111111111,0.424355555555556,0.402666666666667
4,44,0,0,0,13,145,847,2343,2272,5620,0.0,0.0,0.0,0.002313167259786,0.025800711743772,0.150711743772242,0.416903914590747,0.404270462633452
4,45,0,0,0,8,126,838,2322,2321,5615,0.0,0.0,0.0,0.001424755120214,0.022439893143366,0.149243098842386,0.41353517364203,0.413357079252004
4,46,0,0,0,8,122,843,2425,2212,5610,0.0,0.0,0.0,0.001426024955437,0.02174688057041,0.150267379679144,0.432263814616756,0.394295900178253
4,47,0,0,0,8,128,864,2376,2229,5605,0.0,0.0,0.0,0.0014272970562,0.022836752899197,0.154148082069581,0.423907225691347,0.397680642283675
4,48,0,0,0,9,132,867,2351,2241,5600,0.0,0.0,0.0,0.001607142857143,0.023571428571429,0.154821428571429,0.419821428571429,0.400178571428571
4,49,0,1,0,11,111,857,2392,2223,5595,0.0,0.00017873100983,0.0,0.001966041108132,0.019839142091153,0.153172475424486,0.427524575513852,0.397319034852547
4,50,0,0,0,7,125,875,2324,2259,5590,0.0,0.0,0.0,0.001252236135957,0.022361359570662,0.156529516994633,0.415742397137746,0.404114490161002
4,51,0,0,0,7,139,832,2316,2291,5585,0.0,0.0,0.0,0.001253357206804,0.024888093106535,0.148970456580125,0.41468218442256,0.410205908683975
4,52,0,0,0,10,132,830,2397,2211,5580,0.0,0.0,0.0,0.001792114695341,0.023655913978495,0.148745519713262,0.429569892473118,0.396236559139785
4,53,0,0,0,10,133,869,2328,2235,5575,0.0,0.0,0.0,0.001793721973094,0.023856502242152,0.155874439461883,0.417578475336323,0.400896860986547
4,54,0,0,0,8,106,856,2375,2225,5570,0.0,0.0,0.0,0.001436265709156,0.01903052064632,0.153680430879713,0.426391382405745,0.399461400359066
4,55,0,0,1,7,122,818,2352,2265,5565,0.0,0.0,0.000179694519317,0.00125786163522,0.021922731356694,0.146990116801438,0.422641509433962,0.407008086253369
4,56,0,0,0,8,133,840,2377,2202,5560,0.0,0.0,0.0,0.001438848920863,0.023920863309353,0.151079136690647,0.427517985611511,0.396043165467626
4,57,0,0,0,12,107,903,2320,2213,5555,0.0,0.0,0.0,0.002160216021602,0.019261926192619,0.162556255625563,0.417641764176418,0.398379837983798
4,58,0,0,0,5,115,857,2360,2213,5550,0.0,0.0,0.0,0.000900900900901,0.020720720720721,0.154414414414414,0.425225225225225,0.398738738738739
4,59,0,0,0,7,113,864,2371,2190,5545,0.0,0.0,0.0,0.001262398557259,0.020378719567178,0.155816050495942,0.427592425608656,0.394950405770965
4,60,0,0,0,7,146,871,2347,2169,5540,0.0,0.0,0.0,0.001263537906137,0.026353790613718,0.157220216606498,0.423646209386282,0.391516245487365
4,61,0,0,0,10,123,851,2332,2219,5535,0.0,0.0,0.0,0.001806684733514,0.022222222222222,0.153748870822042,0.421318879855465,0.400903342366757
4,62,0,0,0,7,117,817,2370,2219,5530,0.0,0.0,0.0,0.00126582278481,0.021157323688969,0.147739602169982,0.428571428571429,0.40126582278481
4,63,0,0,0,8,119,857,2299,2242,5525,0.0,0.0,0.0,0.001447963800905,0.021538461538462,0.155113122171946,0.416108597285068,0.40579185520362
4,64,0,0,0,5,123,815,2309,2268,5520,0.0,0.0,0.0,0.000905797101449,0.022282608695652,0.147644927536232,0.418297101449275,0.410869565217391
4,65,0,0,0,8,131,825,2389,2162,5515,0.0,0.0,0.0,0.001450589301904,0.023753399818676,0.14959202175884,0.433182230281052,0.392021758839529
4,66,0,0,0,6,129,866,2349,2160,5510,0.0,0.0,0.0,0.001088929219601,0.023411978221416,0.157168784029038,0.426315789473684,0.392014519056261
4,67,0,0,0,7,133,875,2297,2193,5505,0.0,0.0,0.0,0.001271571298819,0.024159854677566,0.158946412352407,0.417257039055404,0.398365122615804
4,68,0,0,0,4,111,826,2374,2185,5500,0.0,0.0,0.0,0.000727272727273,0.020181818181818,0.150181818181818,0.431636363636364,0.397272727272727
4,69,0,0,0,6,114,800,2408,2167,5495,0.0,0.0,0.0,0.001091901728844,0.020746132848044,0.145586897179254,0.438216560509554,0.394358507734304
4,70,0,0,0,7,116,853,2284,2230,5490,0.0,0.0,0.0,0.001275045537341,0.021129326047359,0.155373406193078,0.416029143897996,0.406193078324226
4,71,0,0,0,9,119,792,2301,2264,5485,0.0,0.0,0.0,0.001640838650866,0.021695533272562,0.144393801276208,0.41950774840474,0.412762078395624
4,72,0,0,0,5,136,823,2351,2165,5480,0.0,0.0,0.0,0.000912408759124,0.024817518248175,0.150182481751825,0.429014598540146,0.39507299270073
4,73,0,0,0,7,115,912,2262,2179,5475,0.0,0.0,0.0,0.001278538812785,0.021004566210046,0.166575342465753,0.413150684931507,0.397990867579909
4,74,0,0,0,9,127,817,2365,2152,5470,0.0,0.0,0.0,0.00164533820841,0.023217550274223,0.149360146252285,0.43235831809872,0.393418647166362
4,75,0,0,0,5,126,847,2324,2163,5465,0.0,0.0,0.0,0.000914913083257,0.023055809698079,0.154986276303751,0.425251601097896,0.395791399817017
4,76,0,0,0,4,109,816,2353,2178,5460,0.0,0.0,0.0,0.000732600732601,0.01996336996337,0.149450549450549,0.430952380952381,0.398901098901099
4,77,0,0,0,12,110,861,2266,2206,5455,0.0,0.0,0.0,0.002199816681943,0.020164986251146,0.157836846929423,0.415398716773602,0.404399633363886
4,78,0,0,0,9,130,756,2360,2195,5450,0.0,0.0,0.0,0.001651376146789,0.023853211009174,0.138715596330275,0.43302752293578,0.402752293577982
4,79,0,0,0,9,122,814,2365,2135,5445,0.0,0.0,0.0,0.001652892561983,0.022405876951331,0.149494949494949,0.434343434343434,0.392102846648301
4,80,0,0,0,6,141,822,2319,2152,5440,0.0,0.0,0.0,0.001102941176471,0.025919117647059,0.151102941176471,0.426286764705882,0.395588235294118
4,81,0,0,0,4,135,803,2337,2156,5435,0.0,0.0,0.0,0.000735970561178,0.024839006439742,0.147746090156394,0.429990800367985,0.396688132474701
4,82,0,0,0,10,121,792,2329,2178,5430,0.0,0.0,0.0,0.001841620626151,0.022283609576427,0.14585635359116,0.428913443830571,0.401104972375691
4,83,0,0,1,7,118,825,2247,2227,5425,0.0,0.0,0.000184331797235,0.001290322580645,0.021751152073733,0.152073732718894,0.414193548387097,0.410506912442396
4,84,0,0,1,11,126,796,2315,2171,5420,0.0,0.0,0.000184501845018,0.002029520295203,0.023247232472325,0.146863468634686,0.427121771217712,0.400553505535055
4,85,0,0,0,5,122,785,2326,2177,5415,0.0,0.0,0.0,0.000923361034164,0.02253000923361,0.144967682363804,0.429547553093259,0.402031394275162
4,86,0,0,1,11,115,835,2290,2158,5410,0.0,0.0,0.000184842883549,0.002033271719039,0.021256931608133,0.154343807763401,0.423290203327172,0.398890942698706
4,87,0,0,0,11,143,787,2263,2201,5405,0.0,0.0,0.0,0.002035152636448,0.026456984273821,0.145605920444033,0.418686401480111,0.407215541165587
4,88,0,0,0,7,107,794,2328,2164,5400,0.0,0.0,0.0,0.001296296296296,0.019814814814815,0.147037037037037,0.431111111111111,0.400740740740741
4,89,0,0,0,6,132,798,2326,2133,5395,0.0,0.0,0.0,0.001112140871177,0.024467099165894,0.147914735866543,0.431139944392956,0.395366079703429
4,90,0,0,0,4,131,836,2273,2146,5390,0.0,0.0,0.0,0.000742115027829,0.02430426716141,0.155102040816327,0.421706864564007,0.398144712430427
4,91,0,0,0,4,118,815,2315,2133,5385,0.0,0.0,0.0,0.000742804085422,0.021912720519963,0.151346332404828,0.429897864438254,0.396100278551532
4,92,0,0,0,4,126,852,2291,2107,5380,0.0,0.0,0.0,0.000743494423792,0.023420074349442,0.158364312267658,0.425836431226766,0.391635687732342
4,93,0,0,0,5,117,819,2234,2200,5375,0.0,0.0,0.0,0.00093023255814,0.021767441860465,0.152372093023256,0.415627906976744,0.409302325581395
4,94,0,0,0,10,115,860,2271,2114,5370,0.0,0.0,0.0,0.001862197392924,0.021415270018622,0.160148975791434,0.422905027932961,0.39366852886406
4,95,0,0,2,6,112,778,2330,2137,5365,0.0,0.0,0.000372786579683,0.001118359739049,0.020876048462255,0.145013979496738,0.434296365330848,0.398322460391426
4,96,0,0,0,8,142,805,2249,2156,5360,0.0,0.0,0.0,0.001492537313433,0.026492537313433,0.150186567164179,0.419589552238806,0.402238805970149
4,97,0,0,0,6,111,850,2289,2099,5355,0.0,0.0,0.0,0.001120448179272,0.020728291316527,0.158730158730159,0.427450980392157,0.391970121381886
4,98,0,0,0,4,134,835,2253,2124,5350,0.0,0.0,0.0,0.000747663551402,0.025046728971963,0.15607476635514,0.421121495327103,0.397009345794393
4,99,0,0,0,7,128,783,2254,2173,5345,0.0,0.0,0.0,0.001309635173059,0.023947614593078,0.146492048643592,0.421702525724977,0.406548175865295
4,100,0,0,0,6,110,836,2280,2108,5340,0.0,0.0,0.0,0.001123595505618,0.02059925093633,0.156554307116105,0.426966292134831,0.394756554307116
4,101,0,0,0,11,113,801,2287,2123,5335,0.0,0.0,0.0,0.002061855670103,0.021180880974695,0.150140581068416,0.428678537956888,0.397938144329897
4,102,0,0,0,10,110,793,2269,2148,5330,0.0,0.0,0.0,0.00187617260788,0.020637898686679,0.148780487804878,0.425703564727955,0.403001876172608
4,103,0,0,0,11,118,816,2245,2135,5325,0.0,0.0,0.0,0.002065727699531,0.022159624413146,0.153239436619718,0.421596244131455,0.40093896713615
4,104,0,0,0,7,113,767,2329,2104,5320,0.0,0.0,0.0,0.001315789473684,0.021240601503759,0.144172932330827,0.437781954887218,0.395488721804511
4,105,0,0,0,6,117,806,2228,2158,5315,0.0,0.0,0.0,0.001128880526811,0.022013170272813,0.151646284101599,0.419190968955786,0.406020696142992
4,106,0,0,1,8,138,778,2218,2167,5310,0.0,0.0,0.000188323917137,0.0015065913371,0.025988700564972,0.146516007532957,0.417702448210923,0.408097928436912
4,107,0,0,0,12,130,821,2241,2101,5305,0.0,0.0,0.0,0.002262016965127,0.024505183788878,0.154759660697455,0.422431668237512,0.396041470311027
4,108,0,0,0,9,126,815,2192,2158,5300,0.0,0.0,0.0,0.001698113207547,0.02377358490566,0.15377358490566,0.413584905660377,0.407169811320755
4,109,0,0,0,6,126,819,2245,2099,5295,0.0,0.0,0.0,0.001133144475921,0.023796033994334,0.154674220963173,0.423984891406988,0.396411709159585
4,110,0,0,0,7,125,803,2268,2087,5290,0.0,0.0,0.0,0.001323251417769,0.023629489603025,0.15179584120983,0.428733459357278,0.394517958412098
4,111,0,0,0,14,122,768,2293,2088,5285,0.0,0.0,0.0,0.002649006622517,0.023084200567644,0.145316934720908,0.433869441816462,0.395080416272469
4,112,0,0,1,8,101,806,2220,2144,5280,0.0,0.0,0.000189393939394,0.001515151515152,0.019128787878788,0.152651515151515,0.420454545454545,0.406060606060606
4,113,0,0,0,4,111,852,2197,2111,5275,0.0,0.0,0.0,0.000758293838863,0.021042654028436,0.161516587677725,0.416492890995261,0.400189573459716
4,114,0,0,1,8,114,805,2252,2090,5270,0.0,0.0,0.000189753320683,0.001518026565465,0.021631878557875,0.152751423149905,0.427324478178368,0.396584440227704
4,115,0,0,0,7,119,832,2234,2073,5265,0.0,0.0,0.0,0.001329534662868,0.022602089268756,0.158024691358025,0.424311490978158,0.393732193732194
4,116,0,0,0,8,117,777,2317,2041,5260,0.0,0.0,0.0,0.001520912547529,0.022243346007605,0.147718631178707,0.440494296577947,0.388022813688213
4,117,0,0,0,9,102,758,2245,2141,5255,0.0,0.0,0.0,0.001712654614653,0.019410085632731,0.144243577545195,0.42721217887726,0.407421503330162
4,118,0,0,1,4,114,781,2297,2053,5250,0.0,0.0,0.000190476190476,0.000761904761905,0.021714285714286,0.148761904761905,0.43752380952381,0.391047619047619
4,119,0,0,0,7,116,780,2259,2083,5245,0.0,0.0,0.0,0.001334604385129,0.022116301239276,0.148713060057197,0.43069590085796,0.397140133460439
4,120,0,0,0,10,104,794,2295,2037,5240,0.0,0.0,0.0,0.001908396946565,0.019847328244275,0.151526717557252,0.437977099236641,0.388740458015267
4,121,0,0,0,9,111,791,2201,2123,5235,0.0,0.0,0.0,0.001719197707736,0.021203438395415,0.151098376313276,0.42043935052531,0.405539637058262
4,122,0,0,0,4,129,836,2189,2072,5230,0.0,0.0,0.0,0.000764818355641,0.024665391969407,0.159847036328872,0.418546845124283,0.396175908221797
4,123,0,0,1,4,109,796,2271,2044,5225,0.0,0.0,0.000191387559809,0.000765550239234,0.020861244019139,0.152344497607656,0.434641148325359,0.391196172248804
4,124,0,0,0,9,113,825,2190,2083,5220,0.0,0.0,0.0,0.001724137931034,0.021647509578544,0.158045977011494,0.419540229885057,0.39904214559387
4,125,0,0,0,6,113,815,2213,2068,5215,0.0,0.0,0.0,0.001150527325024,0.021668264621285,0.156279961649089,0.424352828379674,0.396548418024928
4,126,0,0,0,5,107,795,2209,2094,5210,0.0,0.0,0.0,0.000959692898273,0.020537428023033,0.152591170825336,0.423992322456814,0.401919385796545
4,127,0,0,0,3,123,801,2207,2071,5205,0.0,0.0,0.0,0.000576368876081,0.023631123919308,0.153890489913545,0.424015369836695,0.397886647454371
4,128,0,0,1,9,114,783,2224,2069,5200,0.0,0.0,0.000192307692308,0.001730769230769,0.021923076923077,0.150576923076923,0.427692307692308,0.397884615384615
4,129,0,0,0,4,117,787,2164,2123,5195,0.0,0.0,0.0,0.000769971126083,0.022521655437921,0.151491819056785,0.41655437921078,0.408662175168431
4,130,0,0,1,9,124,771,2193,2092,5190,0.0,0.0,0.00019267822736,0.001734104046243,0.023892100192678,0.148554913294798,0.422543352601156,0.403082851637765
4,131,0,0,0,4,109,846,2204,2022,5185,0.0,0.0,0.0,0.000771456123433,0.021022179363549,0.163162970106075,0.425072324011572,0.389971070395371
4,132,0,0,0,8,109,825,2170,2068,5180,0.0,0.0,0.0,0.001544401544402,0.021042471042471,0.159266409266409,0.418918918918919,0.399227799227799
4,133,0,0,1,9,105,803,2257,2000,5175,0.0,0.0,0.000193236714976,0.001739130434783,0.020289855072464,0.155169082125604,0.436135265700483,0.386473429951691
4,134,0,0,0,4,120,764,2202,2080,5170,0.0,0.0,0.0,0.000773694390716,0.02321083172147,0.147775628626692,0.425918762088975,0.402321083172147
4,135,0,0,1,5,113,758,2209,2079,5165,0.0,0.0,0.000193610842207,0.000968054211036,0.021878025169409,0.14675701839303,0.427686350435624,0.402516940948693
4,136,0,0,0,7,132,752,2245,2024,5160,0.0,0.0,0.0,0.001356589147287,0.025581395348837,0.145736434108527,0.435077519379845,0.392248062015504
4,137,0,0,0,5,124,808,2189,2029,5155,0.0,0.0,0.0,0.000969932104753,0.024054316197866,0.156741028128031,0.424636275460718,0.393598448108632
4,138,0,0,0,3,111,733,2268,2035,5150,0.0,0.0,0.0,0.000582524271845,0.021553398058252,0.142330097087379,0.440388349514563,0.395145631067961
4,139,0,0,0,4,140,796,2132,2073,5145,0.0,0.0,0.0,0.000777453838678,0.027210884353741,0.154713313896987,0.414382896015549,0.402915451895044
4,140,0,0,0,7,116,771,2173,2073,5140,0.0,0.0,0.0,0.00136186770428,0.022568093385214,0.15,0.422762645914397,0.403307392996109
4,141,0,0,0,8,109,793,2201,2024,5135,0.0,0.0,0.0,0.001557935735151,0.021226874391431,0.154430379746835,0.428627069133398,0.394157740993184
4,142,0,0,0,7,125,756,2194,2048,5130,0.0,0.0,0.0,0.001364522417154,0.024366471734893,0.147368421052632,0.427680311890838,0.399220272904483
4,143,0,0,0,5,112,777,2157,2074,5125,0.0,0.0,0.0,0.000975609756098,0.021853658536585,0.151609756097561,0.420878048780488,0.404682926829268
4,144,0,0,1,9,101,835,2130,2044,5120,0.0,0.0,0.0001953125,0.0017578125,0.0197265625,0.1630859375,0.416015625,0.39921875
4,145,0,0,0,7,98,771,2171,2068,5115,0.0,0.0,0.0,0.001368523949169,0.019159335288368,0.150733137829912,0.424437927663734,0.404301075268817
4,146,0,0,0,4,119,782,2141,2064,5110,0.0,0.0,0.0,0.000782778864971,0.023287671232877,0.153033268101761,0.418982387475538,0.403913894324853
4,147,0,0,0,8,110,752,2162,2073,5105,0.0,0.0,0.0,0.001567091087169,0.02154750244858,0.147306562193928,0.423506366307542,0.406072477962782
4,148,0,0,0,6,106,761,2126,2101,5100,0.0,0.0,0.0,0.001176470588235,0.02078431372549,0.14921568627451,0.416862745098039,0.411960784313726
4,149,0,0,0,8,111,759,2164,2053,5095,0.0,0.0,0.0,0.001570166830226,0.021786064769382,0.148969578017664,0.424730127576055,0.402944062806673
4,150,0,0,0,8,125,755,2198,2004,5090,0.0,0.0,0.0,0.001571709233792,0.024557956777996,0.148330058939096,0.431827111984283,0.393713163064833
4,151,0,0,0,10,109,761,2221,1984,5085,0.0,0.0,0.0,0.00196656833825,0.021435594886922,0.149655850540806,0.43677482792527,0.390167158308751
4,152,0,0,0,6,120,769,2164,2021,5080,0.0,0.0,0.0,0.001181102362205,0.023622047244094,0.151377952755906,0.425984251968504,0.397834645669291
4,153,0,0,1,4,102,738,2175,2055,5075,0.0,0.0,0.000197044334975,0.000788177339901,0.020098522167488,0.145418719211823,0.428571428571429,0.404926108374384
4,154,0,0,0,8,110,789,2150,2013,5070,0.0,0.0,0.0,0.001577909270217,0.021696252465483,0.155621301775148,0.424063116370809,0.397041420118343
4,155,0,0,0,6,104,767,2166,2022,5065,0.0,0.0,0.0,0.001184600197433,0.020533070088845,0.151431391905232,0.427640671273445,0.399210266535044
4,156,0,0,0,15,106,793,2120,2026,5060,0.0,0.0,0.0,0.00296442687747,0.020948616600791,0.156719367588933,0.41897233201581,0.400395256916996
4,157,0,0,0,4,122,753,2095,2081,5055,0.0,0.0,0.0,0.000791295746785,0.024134520276954,0.148961424332344,0.414441147378833,0.411671612265084
4,158,0,0,0,12,117,772,2144,2005,5050,0.0,0.0,0.0,0.002376237623762,0.023168316831683,0.152871287128713,0.424554455445545,0.397029702970297
4,159,0,0,1,4,105,803,2084,2048,5045,0.0,0.0,0.0001982160555,0.000792864222002,0.020812685827552,0.159167492566898,0.413082259663033,0.405946481665015
4,160,0,0,0,6,117,734,2185,1998,5040,0.0,0.0,0.0,0.001190476190476,0.023214285714286,0.145634920634921,0.433531746031746,0.396428571428571
4,161,0,0,0,6,107,783,2086,2053,5035,0.0,0.0,0.0,0.001191658391261,0.021251241310824,0.155511420059583,0.414299900695134,0.407745779543198
4,162,0,0,0,8,98,770,2149,2005,5030,0.0,0.0,0.0,0.001590457256461,0.01948310139165,0.153081510934394,0.427236580516899,0.398608349900596
4,163,0,0,0,5,112,759,2106,2043,5025,0.0,0.0,0.0,0.000995024875622,0.02228855721393,0.151044776119403,0.41910447761194,0.406567164179104
4,164,0,0,1,7,115,750,2092,2055,5020,0.0,0.0,0.000199203187251,0.001394422310757,0.022908366533865,0.149402390438247,0.416733067729084,0.409362549800797
4,165,0,0,0,8,98,767,2128,2014,5015,0.0,0.0,0.0,0.001595214356929,0.019541375872383,0.152941176470588,0.42432701894317,0.401595214356929
4,166,0,0,0,6,116,793,2100,1995,5010,0.0,0.0,0.0,0.001197604790419,0.02315369261477,0.158283433133733,0.419161676646707,0.398203592814371
4,167,0,0,0,1,105,784,2131,1984,5005,0.0,0.0,0.0,0.0001998001998,0.020979020979021,0.156643356643357,0.425774225774226,0.396403596403596
4,168,0,0,0,4,103,757,2160,1976,5000,0.0,0.0,0.0,0.0008,0.0206,0.1514,0.432,0.3952
4,169,0,0,0,3,114,780,2119,1979,4995,0.0,0.0,0.0,0.000600600600601,0.022822822822823,0.156156156156156,0.424224224224224,0.396196196196196
4,170,0,0,0,8,123,784,2114,1961,4990,0.0,0.0,0.0,0.001603206412826,0.024649298597194,0.157114228456914,0.423647294589178,0.392985971943888
4,171,0,0,1,6,103,741,2083,2051,4985,0.0,0.0,0.000200601805416,0.001203610832497,0.020661985957874,0.14864593781344,0.417853560682046,0.411434302908726
4,172,0,0,0,8,103,736,2154,1979,4980,0.0,0.0,0.0,0.001606425702811,0.020682730923695,0.147791164658635,0.432530120481928,0.397389558232932
4,173,0,0,0,5,115,686,2176,1993,4975,0.0,0.0,0.0,0.001005025125628,0.023115577889447,0.137889447236181,0.437386934673367,0.400603015075377
4,174,0,0,0,7,123,793,2026,2021,4970,0.0,0.0,0.0,0.001408450704225,0.024748490945674,0.159557344064386,0.407645875251509,0.406639839034205
4,175,0,0,1,10,108,738,2103,2005,4965,0.0,0.0,0.000201409869084,0.002014098690836,0.021752265861027,0.148640483383686,0.423564954682779,0.403826787512588
4,176,0,0,0,5,110,767,2098,1980,4960,0.0,0.0,0.0,0.001008064516129,0.022177419354839,0.154637096774194,0.422983870967742,0.399193548387097
4,177,0,0,0,6,113,783,2113,1940,4955,0.0,0.0,0.0,0.001210898082745,0.022805247225025,0.158022199798184,0.426437941473259,0.391523713420787
4,178,0,0,0,8,111,772,2109,1950,4950,0.0,0.0,0.0,0.001616161616162,0.022424242424242,0.155959595959596,0.426060606060606,0.393939393939394
4,179,0,0,0,10,108,759,2080,1988,4945,0.0,0.0,0.0,0.002022244691608,0.021840242669363,0.153488372093023,0.420626895854398,0.402022244691608
4,180,0,0,0,3,109,782,2050,1996,4940,0.0,0.0,0.0,0.000607287449393,0.022064777327935,0.1582995951417,0.41497975708502,0.404048582995951
4,181,0,0,0,5,102,732,2148,1948,4935,0.0,0.0,0.0,0.001013171225937,0.020668693009119,0.148328267477204,0.435258358662614,0.394731509625127
4,182,0,0,0,3,120,717,2070,2020,4930,0.0,0.0,0.0,0.000608519269777,0.024340770791075,0.145436105476673,0.419878296146045,0.40973630831643
4,183,0,0,0,6,108,711,2081,2019,4925,0.0,0.0,0.0,0.001218274111675,0.021928934010152,0.144365482233503,0.42253807106599,0.40994923857868
4,184,0,0,0,4,105,783,2037,1991,4920,0.0,0.0,0.0,0.000813008130081,0.021341463414634,0.159146341463415,0.414024390243902,0.404674796747967
4,185,0,0,0,5,129,764,2101,1916,4915,0.0,0.0,0.0,0.001017293997965,0.026246185147508,0.155442522889115,0.427466937945066,0.389827060020346
4,186,0,0,0,5,120,763,2122,1900,4910,0.0,0.0,0.0,0.0010183299389,0.024439918533605,0.155397148676171,0.432179226069246,0.386965376782077
4,187,0,0,0,7,115,732,2066,1985,4905,0.0,0.0,0.0,0.001427115188583,0.023445463812436,0.149235474006116,0.421202854230377,0.404689092762487
4,188,0,0,0,7,128,671,2087,2007,4900,0.0,0.0,0.0,0.001428571428571,0.026122448979592,0.136938775510204,0.425918367346939,0.409591836734694
4,189,0,0,0,8,119,734,2078,1956,4895,0.0,0.0,0.0,0.001634320735444,0.024310520939734,0.149948927477017,0.424514811031665,0.399591419816139
4,190,0,0,0,11,123,709,2061,1986,4890,0.0,0.0,0.0,0.002249488752556,0.025153374233129,0.144989775051125,0.421472392638037,0.406134969325153
4,191,0,0,0,5,109,742,2056,1973,4885,0.0,0.0,0.0,0.001023541453429,0.022313203684749,0.151893551688843,0.420880245649949,0.40388945752303
4,192,0,0,2,6,114,773,2061,1924,4880,0.0,0.0,0.000409836065574,0.001229508196721,0.023360655737705,0.158401639344262,0.422336065573771,0.394262295081967
4,193,0,0,0,3,99,763,2047,1963,4875,0.0,0.0,0.0,0.000615384615385,0.020307692307692,0.156512820512821,0.419897435897436,0.402666666666667
4,194,0,0,0,8,90,737,2004,2031,4870,0.0,0.0,0.0,0.001642710472279,0.018480492813142,0.151334702258727,0.411498973305955,0.417043121149897
4,195,0,0,0,5,122,734,2084,1920,4865,0.0,0.0,0.0,0.001027749229188,0.025077081192189,0.15087358684481,0.428365878725591,0.394655704008222
4,196,0,0,0,8,97,744,2058,1953,4860,0.0,0.0,0.0,0.001646090534979,0.019958847736626,0.153086419753086,0.423456790123457,0.401851851851852
4,197,0,1,0,6,123,683,2076,1966,4855,0.0,0.000205973223481,0.0,0.001235839340886,0.025334706488157,0.140679711637487,0.427600411946447,0.404943357363543
4,198,0,0,0,9,99,745,2052,1945,4850,0.0,0.0,0.0,0.001855670103093,0.020412371134021,0.15360824742268,0.423092783505155,0.401030927835052
4,199,0,0,0,10,110,728,2050,1947,4845,0.0,0.0,0.0,0.002063983488132,0.022703818369453,0.150257997936017,0.423116615067079,0.401857585139319
4,200,0,0,0,7,99,751,2075,1908,4840,0.0,0.0,0.0,0.001446280991736,0.020454545454545,0.155165289256198,0.428719008264463,0.394214876033058
4,201,0,0,0,8,118,709,2069,1931,4835,0.0,0.0,0.0,0.001654601861427,0.02440537745605,0.146639089968976,0.427921406411582,0.399379524301965
4,202,0,0,0,10,104,724,2014,1978,4830,0.0,0.0,0.0,0.002070393374741,0.021532091097308,0.149896480331263,0.416977225672878,0.40952380952381
4,203,0,0,0,4,108,771,2023,1919,4825,0.0,0.0,0.0,0.000829015544041,0.022383419689119,0.15979274611399,0.419274611398964,0.397720207253886
4,204,0,0,0,12,110,707,1978,2013,4820,0.0,0.0,0.0,0.002489626556017,0.022821576763485,0.146680497925311,0.410373443983402,0.417634854771784
4,205,0,0,0,8,119,727,2032,1929,4815,0.0,0.0,0.0,0.001661474558671,0.024714434060228,0.150986500519211,0.422014537902388,0.400623052959502
4,206,0,0,0,7,111,766,2082,1844,4810,0.0,0.0,0.0,0.001455301455301,0.023076923076923,0.159251559251559,0.432848232848233,0.383367983367983
4,207,0,0,0,6,102,672,2080,1945,4805,0.0,0.0,0.0,0.001248699271592,0.021227887617066,0.139854318418314,0.432882414151925,0.404786680541103
4,208,0,0,0,7,111,717,2072,1893,4800,0.0,0.0,0.0,0.001458333333333,0.023125,0.149375,0.431666666666667,0.394375
4,209,0,0,0,3,115,740,2023,1914,4795,0.0,0.0,0.0,0.000625651720542,0.023983315954119,0.154327424400417,0.421897810218978,0.399165797705944
4,210,0,0,2,6,110,719,2020,1933,4790,0.0,0.0,0.000417536534447,0.00125260960334,0.022964509394572,0.150104384133612,0.421711899791232,0.403549060542797
4,211,0,0,0,6,104,725,2024,1926,4785,0.0,0.0,0.0,0.001253918495298,0.021734587251829,0.151515151515152,0.422988505747126,0.402507836990596
4,212,0,0,0,9,102,734,2007,1928,4780,0.0,0.0,0.0,0.001882845188285,0.021338912133891,0.153556485355649,0.419874476987448,0.403347280334728
4,213,0,0,0,7,107,679,2037,1945,4775,0.0,0.0,0.0,0.001465968586387,0.022408376963351,0.142198952879581,0.426596858638743,0.407329842931937
4,214,0,0,0,5,109,723,1997,1936,4770,0.0,0.0,0.0,0.00104821802935,0.022851153039832,0.151572327044025,0.418658280922432,0.405870020964361
4,215,0,0,0,6,100,700,2035,1924,4765,0.0,0.0,0.0,0.001259181532004,0.020986358866737,0.146904512067156,0.42707240293809,0.403777544596013
4,216,0,0,0,4,106,742,2001,1907,4760,0.0,0.0,0.0,0.000840336134454,0.022268907563025,0.155882352941176,0.420378151260504,0.40063025210084
4,217,0,0,0,8,103,723,2011,1910,4755,0.0,0.0,0.0,0.001682439537329,0.021661409043113,0.15205047318612,0.422923238696109,0.401682439537329
4,218,0,0,0,6,122,678,2041,1903,4750,0.0,0.0,0.0,0.001263157894737,0.025684210526316,0.142736842105263,0.429684210526316,0.400631578947368
4,219,0,0,0,4,120,729,1966,1926,4745,0.0,0.0,0.0,0.000842992623815,0.025289778714436,0.1536354056902,0.414330874604847,0.405900948366702
4,220,0,0,0,6,98,695,2059,1882,4740,0.0,0.0,0.0,0.00126582278481,0.020675105485232,0.14662447257384,0.434388185654008,0.39704641350211
4,221,0,0,1,10,101,718,2005,1900,4735,0.0,0.0,0.000211193241816,0.002111932418163,0.021330517423442,0.151636747624076,0.423442449841605,0.401267159450898
4,222,0,0,0,9,98,747,1946,1930,4730,0.0,0.0,0.0,0.001902748414376,0.020718816067653,0.157928118393235,0.411416490486258,0.408033826638478
4,223,0,0,0,9,94,688,2015,1919,4725,0.0,0.0,0.0,0.001904761904762,0.01989417989418,0.145608465608466,0.426455026455026,0.406137566137566
4,224,0,0,1,7,128,706,1930,1948,4720,0.0,0.0,0.00021186440678,0.001483050847458,0.027118644067797,0.149576271186441,0.408898305084746,0.41271186440678
4,225,0,0,1,6,108,679,1992,1929,4715,0.0,0.0,0.000212089077413,0.001272534464475,0.022905620360551,0.144008483563097,0.422481442205726,0.409119830328738
4,226,0,0,0,5,96,745,2009,1855,4710,0.0,0.0,0.0,0.001061571125265,0.020382165605096,0.158174097664544,0.426539278131635,0.393842887473461
4,227,0,0,0,7,127,689,2022,1860,4705,0.0,0.0,0.0,0.001487778958555,0.026992561105207,0.14643995749203,0.429755579171095,0.395324123273114
4,228,0,0,0,2,111,679,1979,1929,4700,0.0,0.0,0.0,0.000425531914894,0.023617021276596,0.144468085106383,0.421063829787234,0.410425531914894
4,229,0,0,0,6,118,696,1959,1916,4695,0.0,0.0,0.0,0.001277955271565,0.025133120340788,0.148242811501597,0.417252396166134,0.408093716719915
4,230,0,0,0,8,105,706,2039,1832,4690,0.0,0.0,0.0,0.001705756929638,0.022388059701493,0.150533049040512,0.434754797441365,0.390618336886994
4,231,0,0,0,9,114,662,1923,1977,4685,0.0,0.0,0.0,0.001921024546425,0.024332977588047,0.141302027748132,0.410458911419424,0.421985058697972
4,232,0,0,0,8,118,684,2046,1824,4680,0.0,0.0,0.0,0.001709401709402,0.025213675213675,0.146153846153846,0.437179487179487,0.38974358974359
4,233,0,0,0,5,120,655,1944,1951,4675,0.0,0.0,0.0,0.001069518716578,0.025668449197861,0.140106951871658,0.415828877005348,0.417326203208556
4,234,0,0,0,7,92,729,1972,1870,4670,0.0,0.0,0.0,0.001498929336188,0.019700214132762,0.15610278372591,0.422269807280514,0.400428265524625
4,235,0,0,1,5,106,690,1951,1912,4665,0.0,0.0,0.00021436227224,0.0010718113612,0.022722400857449,0.147909967845659,0.418220793140407,0.409860664523044
4,236,0,0,0,6,97,693,1949,1915,4660,0.0,0.0,0.0,0.001287553648069,0.020815450643777,0.148712446351931,0.418240343347639,0.410944206008584
4,237,0,0,0,8,99,747,1927,1874,4655,0.0,0.0,0.0,0.00171858216971,0.021267454350161,0.16047261009667,0.413963480128894,0.402577873254565
4,238,0,0,0,7,92,706,1993,1852,4650,0.0,0.0,0.0,0.001505376344086,0.019784946236559,0.151827956989247,0.428602150537634,0.398279569892473
4,239,0,0,0,6,126,723,1969,1821,4645,0.0,0.0,0.0,0.001291711517761,0.027125941872982,0.155651237890205,0.423896663078579,0.392034445640474
4,240,0,0,0,3,105,719,1980,1833,4640,0.0,0.0,0.0,0.000646551724138,0.022629310344828,0.154956896551724,0.426724137931034,0.395043103448276
4,241,0,0,0,4,120,719,1921,1871,4635,0.0,0.0,0.0,0.000862998921251,0.02588996763754,0.15512405609493,0.41445523193096,0.403667745415318
4,242,0,0,1,5,95,704,2048,1777,4630,0.0,0.0,0.000215982721382,0.001079913606911,0.020518358531317,0.152051835853132,0.442332613390929,0.383801295896328
4,243,0,0,0,8,93,716,1954,1854,4625,0.0,0.0,0.0,0.00172972972973,0.020108108108108,0.154810810810811,0.422486486486487,0.400864864864865
4,244,0,0,0,10,96,731,1912,1871,4620,0.0,0.0,0.0,0.002164502164502,0.020779220779221,0.158225108225108,0.413852813852814,0.404978354978355
4,245,0,0,0,11,116,662,1924,1902,4615,0.0,0.0,0.0,0.002383531960997,0.025135427952329,0.143445287107259,0.416901408450704,0.412134344528711
4,246,0,0,0,3,119,721,1960,1807,4610,0.0,0.0,0.0,0.000650759219089,0.025813449023861,0.156399132321041,0.425162689804772,0.391973969631236
4,247,0,0,0,4,84,678,1924,1915,4605,0.0,0.0,0.0,0.000868621064061,0.018241042345277,0.147231270358306,0.417806731813246,0.41585233441911
4,248,0,0,0,7,93,639,1974,1887,4600,0.0,0.0,0.0,0.001521739130435,0.020217391304348,0.138913043478261,0.429130434782609,0.410217391304348
4,249,0,0,0,7,105,672,1947,1864,4595,0.0,0.0,0.0,0.001523394994559,0.02285092491839,0.146245919477693,0.423721436343852,0.405658324265506
4,250,0,0,0,5,95,687,1935,1868,4590,0.0,0.0,0.0,0.001089324618736,0.020697167755991,0.149673202614379,0.42156862745098,0.406971677559913
4,251,0,0,0,11,109,711,1953,1801,4585,0.0,0.0,0.0,0.002399127589967,0.023773173391494,0.155070883315158,0.425954198473282,0.392802617230098
4,252,0,0,1,6,102,678,1984,1809,4580,0.0,0.0,0.000218340611354,0.001310043668122,0.022270742358079,0.148034934497817,0.433187772925764,0.394978165938865
4,253,0,0,0,6,109,656,1931,1873,4575,0.0,0.0,0.0,0.001311475409836,0.023825136612022,0.143387978142077,0.42207650273224,0.409398907103825
4,254,0,0,0,10,96,673,1971,1820,4570,0.0,0.0,0.0,0.00218818380744,0.021006564551422,0.1472647702407,0.43129102844639,0.398249452954048
4,255,0,0,0,8,102,688,1957,1810,4565,0.0,0.0,0.0,0.001752464403067,0.022343921139102,0.150711938663746,0.428696604600219,0.396495071193866
4,256,0,0,0,5,98,692,1894,1871,4560,0.0,0.0,0.0,0.00109649122807,0.021491228070175,0.151754385964912,0.415350877192982,0.41030701754386
4,257,0,0,0,7,103,691,1901,1853,4555,0.0,0.0,0.0,0.001536772777168,0.022612513721186,0.151701427003293,0.417343578485181,0.406805708013172
4,258,0,0,0,10,107,698,1957,1778,4550,0.0,0.0,0.0,0.002197802197802,0.023516483516484,0.153406593406593,0.43010989010989,0.390769230769231
4,259,0,0,1,6,109,656,1950,1823,4545,0.0,0.0,0.0002200220022,0.001320132013201,0.023982398239824,0.144334433443344,0.429042904290429,0.401100110011001
4,260,0,0,0,5,98,706,1888,1843,4540,0.0,0.0,0.0,0.001101321585903,0.0215859030837,0.155506607929515,0.415859030837004,0.405947136563877
4,261,0,0,0,5,103,713,1899,1815,4535,0.0,0.0,0.0,0.001102535832415,0.02271223814774,0.157221609702315,0.418743109151047,0.400220507166483
4,262,0,0,0,4,97,693,1926,1810,4530,0.0,0.0,0.0,0.000883002207506,0.021412803532009,0.152980132450331,0.425165562913907,0.399558498896247
4,263,0,0,0,4,94,702,1923,1802,4525,0.0,0.0,0.0,0.000883977900552,0.020773480662983,0.155138121546961,0.424972375690608,0.398232044198895
4,264,0,0,0,7,101,686,1959,1767,4520,0.0,0.0,0.0,0.001548672566372,0.022345132743363,0.151769911504425,0.433407079646018,0.390929203539823
4,265,0,0,0,3,98,671,1982,1761,4515,0.0,0.0,0.0,0.000664451827243,0.021705426356589,0.148615725359911,0.438981173864895,0.390033222591362
4,266,0,0,0,6,110,675,1831,1888,4510,0.0,0.0,0.0,0.001330376940133,0.024390243902439,0.149667405764967,0.405986696230599,0.418625277161863
4,267,0,0,1,8,93,685,1891,1827,4505,0.0,0.0,0.000221975582686,0.001775804661487,0.020643729189789,0.152053274139845,0.419755826859045,0.405549389567148
4,268,0,0,0,8,91,680,1910,1811,4500,0.0,0.0,0.0,0.001777777777778,0.020222222222222,0.151111111111111,0.424444444444444,0.402444444444444
4,269,0,0,0,6,99,635,1892,1863,4495,0.0,0.0,0.0,0.001334816462736,0.02202447163515,0.1412680756396,0.42091212458287,0.414460511679644
4,270,0,0,0,3,98,693,1960,1736,4490,0.0,0.0,0.0,0.000668151447661,0.021826280623608,0.1543429844098,0.43652561247216,0.386636971046771
4,271,0,0,0,7,107,692,1888,1791,4485,0.0,0.0,0.0,0.001560758082497,0.023857302118172,0.154292084726867,0.420958751393534,0.39933110367893
4,272,0,0,0,7,92,662,1898,1821,4480,0.0,0.0,0.0,0.0015625,0.020535714285714,0.147767857142857,0.423660714285714,0.406473214285714
4,273,0,0,0,2,86,668,1923,1796,4475,0.0,0.0,0.0,0.000446927374302,0.019217877094972,0.14927374301676,0.429720670391061,0.401340782122905
4,274,0,0,1,5,99,683,1909,1773,4470,0.0,0.0,0.000223713646532,0.001118568232662,0.022147651006711,0.152796420581655,0.427069351230425,0.396644295302013
4,275,0,0,0,4,101,660,1916,1784,4465,0.0,0.0,0.0,0.000895856662934,0.022620380739082,0.147816349384099,0.429115341545353,0.399552071668533
4,276,0,0,0,7,91,704,1902,1756,4460,0.0,0.0,0.0,0.001569506726457,0.020403587443946,0.157847533632287,0.426457399103139,0.39372197309417
4,277,0,1,0,7,72,638,1888,1849,4455,0.0,0.000224466891134,0.0,0.001571268237935,0.016161616161616,0.14320987654321,0.423793490460157,0.415039281705948
4,278,0,0,0,9,92,741,1825,1783,4450,0.0,0.0,0.0,0.002022471910112,0.020674157303371,0.166516853932584,0.410112359550562,0.400674157303371
4,279,0,0,0,1,95,700,1888,1761,4445,0.0,0.0,0.0,0.000224971878515,0.021372328458943,0.15748031496063,0.42474690663667,0.396175478065242
4,280,0,0,0,9,114,664,1872,1781,4440,0.0,0.0,0.0,0.002027027027027,0.025675675675676,0.14954954954955,0.421621621621622,0.401126126126126
4,281,0,0,0,4,98,697,1869,1767,4435,0.0,0.0,0.0,0.000901916572717,0.022096956031567,0.157158962795941,0.421420518602029,0.398421645997745
4,282,0,0,0,5,116,713,1814,1782,4430,0.0,0.0,0.0,0.001128668171558,0.026185101580135,0.160948081264108,0.409480812641084,0.402257336343115
4,283,0,0,0,6,99,647,1947,1726,4425,0.0,0.0,0.0,0.00135593220339,0.022372881355932,0.146214689265537,0.44,0.390056497175141
4,284,0,0,0,8,113,660,1868,1771,4420,0.0,0.0,0.0,0.001809954751131,0.025565610859729,0.149321266968326,0.42262443438914,0.400678733031674
4,285,0,0,0,6,93,686,1826,1804,4415,0.0,0.0,0.0,0.001359003397508,0.021064552661382,0.155379388448471,0.413590033975085,0.408607021517554
4,286,0,0,0,9,101,644,1864,1792,4410,0.0,0.0,0.0,0.002040816326531,0.022902494331066,0.146031746031746,0.422675736961451,0.406349206349206
4,287,0,0,1,7,111,662,1857,1767,4405,0.0,0.0,0.000227014755959,0.001589103291714,0.025198637911464,0.150283768444949,0.421566401816118,0.401135073779796
4,288,0,0,0,4,103,644,1918,1731,4400,0.0,0.0,0.0,0.000909090909091,0.023409090909091,0.146363636363636,0.435909090909091,0.393409090909091
4,289,0,0,1,5,95,719,1879,1696,4395,0.0,0.0,0.000227531285552,0.001137656427759,0.021615472127418,0.163594994311718,0.427531285551763,0.385893060295791
4,290,0,0,0,4,92,653,1887,1754,4390,0.0,0.0,0.0,0.000911161731207,0.020956719817768,0.14874715261959,0.429840546697039,0.399544419134396
4,291,0,0,0,4,94,678,1888,1721,4385,0.0,0.0,0.0,0.000912200684151,0.021436716077537,0.154618015963512,0.430558722919042,0.392474344355758
4,292,0,0,0,3,95,652,1921,1709,4380,0.0,0.0,0.0,0.000684931506849,0.021689497716895,0.148858447488584,0.438584474885845,0.390182648401826
4,293,0,0,0,5,97,649,1888,1736,4375,0.0,0.0,0.0,0.001142857142857,0.022171428571429,0.148342857142857,0.431542857142857,0.3968
4,294,0,0,0,6,97,644,1877,1746,4370,0.0,0.0,0.0,0.00137299771167,0.022196796338673,0.147368421052632,0.429519450800915,0.39954233409611
4,295,0,0,1,4,121,666,1842,1731,4365,0.0,0.0,0.000229095074456,0.000916380297824,0.027720504009164,0.152577319587629,0.421993127147766,0.396563573883161
4,296,0,0,0,5,94,631,1851,1779,4360,0.0,0.0,0.0,0.001146788990826,0.021559633027523,0.144724770642202,0.42454128440367,0.40802752293578
4,297,0,0,0,2,97,633,1892,1731,4355,0.0,0.0,0.0,0.000459242250287,0.022273249138921,0.145350172215844,0.434443168771527,0.397474167623421
4,298,0,0,0,7,74,661,1814,1794,4350,0.0,0.0,0.0,0.001609195402299,0.017011494252874,0.151954022988506,0.417011494252874,0.412413793103448
4,299,0,0,0,10,107,616,1926,1686,4345,0.0,0.0,0.0,0.002301495972382,0.024626006904488,0.141772151898734,0.443268124280782,0.388032220943613
4,300,0,0,0,5,101,644,1868,1722,4340,0.0,0.0,0.0,0.001152073732719,0.023271889400922,0.148387096774194,0.430414746543779,0.396774193548387
4,301,0,0,0,7,80,629,1909,1710,4335,0.0,0.0,0.0,0.00161476355248,0.018454440599769,0.145098039215686,0.440369088811995,0.394463667820069
4,302,0,0,0,5,93,682,1873,1677,4330,0.0,0.0,0.0,0.001154734411085,0.021478060046189,0.157505773672055,0.43256351039261,0.38729792147806
4,303,0,0,0,9,111,656,1845,1704,4325,0.0,0.0,0.0,0.002080924855491,0.025664739884393,0.151676300578035,0.426589595375723,0.393988439306358
4,304,0,0,0,7,112,642,1832,1727,4320,0.0,0.0,0.0,0.00162037037037,0.025925925925926,0.148611111111111,0.424074074074074,0.399768518518519
4,305,0,0,0,3,104,653,1843,1712,4315,0.0,0.0,0.0,0.000695249130939,0.024101969872538,0.151332560834299,0.427114716106605,0.39675550405562
4,306,0,0,0,8,95,638,1837,1732,4310,0.0,0.0,0.0,0.001856148491879,0.022041763341067,0.148027842227378,0.426218097447796,0.401856148491879
4,307,0,0,0,3,93,635,1810,1764,4305,0.0,0.0,0.0,0.000696864111498,0.021602787456446,0.147502903600465,0.420441347270616,0.409756097560976
4,308,0,0,2,5,113,654,1836,1690,4300,0.0,0.0,0.00046511627907,0.001162790697674,0.026279069767442,0.152093023255814,0.426976744186047,0.393023255813953
4,309,0,0,1,3,80,648,1820,1743,4295,0.0,0.0,0.00023282887078,0.00069848661234,0.018626309662398,0.150873108265425,0.423748544819558,0.405820721769499
4,310,0,0,0,10,99,631,1858,1692,4290,0.0,0.0,0.0,0.002331002331002,0.023076923076923,0.147086247086247,0.433100233100233,0.394405594405594
4,311,0,0,0,3,104,626,1851,1701,4285,0.0,0.0,0.0,0.000700116686114,0.024270711785298,0.146091015169195,0.431971995332555,0.396966161026838
4,312,0,0,0,6,110,658,1803,1703,4280,0.0,0.0,0.0,0.001401869158879,0.025700934579439,0.153738317757009,0.421261682242991,0.397897196261682
4,313,0,0,0,7,90,613,1868,1697,4275,0.0,0.0,0.0,0.001637426900585,0.021052631578947,0.143391812865497,0.436959064327485,0.396959064327485
4,314,0,0,0,5,94,677,1759,1735,4270,0.0,0.0,0.0,0.001170960187354,0.022014051522248,0.158548009367681,0.411943793911007,0.40632318501171
4,315,0,0,0,2,85,634,1826,1718,4265,0.0,0.0,0.0,0.000468933177022,0.019929660023447,0.148651817116061,0.428135990621336,0.402813599062134
4,316,0,0,0,4,87,654,1791,1724,4260,0.0,0.0,0.0,0.00093896713615,0.020422535211268,0.153521126760563,0.420422535211268,0.404694835680751
4,317,0,0,0,2,100,658,1852,1643,4255,0.0,0.0,0.0,0.000470035252644,0.023501762632197,0.154641598119859,0.435252643948296,0.386133960047004
4,318,0,0,0,7,96,643,1829,1675,4250,0.0,0.0,0.0,0.001647058823529,0.022588235294118,0.151294117647059,0.430352941176471,0.394117647058824
4,319,0,0,0,8,79,676,1794,1688,4245,0.0,0.0,0.0,0.00188457008245,0.018610129564193,0.15924617196702,0.422614840989399,0.397644287396938
4,320,0,0,0,5,94,658,1751,1732,4240,0.0,0.0,0.0,0.001179245283019,0.022169811320755,0.155188679245283,0.412971698113208,0.408490566037736
4,321,0,0,1,8,104,635,1859,1628,4235,0.0,0.0,0.000236127508855,0.001889020070838,0.024557260920897,0.149940968122786,0.438961038961039,0.384415584415584
4,322,0,0,0,7,87,629,1825,1682,4230,0.0,0.0,0.0,0.001654846335697,0.020567375886525,0.148699763593381,0.431442080378251,0.397635933806147
4,323,0,0,0,5,83,645,1797,1695,4225,0.0,0.0,0.0,0.001183431952663,0.019644970414201,0.152662721893491,0.425325443786982,0.401183431952663
4,324,0,0,1,1,92,595,1812,1719,4220,0.0,0.0,0.000236966824645,0.000236966824645,0.021800947867299,0.140995260663507,0.429383886255924,0.407345971563981
4,325,0,0,0,6,111,666,1787,1645,4215,0.0,0.0,0.0,0.001423487544484,0.026334519572954,0.158007117437722,0.423962040332147,0.390272835112693
4,326,0,0,0,4,78,591,1841,1696,4210,0.0,0.0,0.0,0.000950118764846,0.018527315914489,0.140380047505938,0.43729216152019,0.402850356294537
4,327,0,0,0,4,94,630,1751,1726,4205,0.0,0.0,0.0,0.000951248513674,0.022354340071344,0.149821640903686,0.41640903686088,0.410463733650416
4,328,0,0,0,4,99,616,1860,1621,4200,0.0,0.0,0.0,0.000952380952381,0.023571428571429,0.146666666666667,0.442857142857143,0.385952380952381
4,329,0,0,0,10,93,629,1842,1621,4195,0.0,0.0,0.0,0.00238379022646,0.022169249106079,0.149940405244338,0.439094159713945,0.386412395709178
4,330,0,0,1,11,99,660,1800,1619,4190,0.0,0.0,0.000238663484487,0.002625298329356,0.0236276849642,0.157517899761337,0.429594272076372,0.386396181384248
4,331,0,0,0,4,81,651,1753,1696,4185,0.0,0.0,0.0,0.000955794504182,0.019354838709677,0.155555555555556,0.418876941457587,0.405256869772999
4,332,0,0,0,8,100,653,1782,1637,4180,0.0,0.0,0.0,0.001913875598086,0.023923444976077,0.15622009569378,0.426315789473684,0.391626794258373
4,333,0,0,0,9,103,625,1752,1686,4175,0.0,0.0,0.0,0.002155688622754,0.024670658682635,0.149700598802395,0.419640718562874,0.403832335329341
4,334,0,0,0,6,83,669,1793,1619,4170,0.0,0.0,0.0,0.001438848920863,0.019904076738609,0.160431654676259,0.429976019184652,0.388249400479616
4,335,0,0,0,7,92,628,1770,1668,4165,0.0,0.0,0.0,0.001680672268908,0.022088835534214,0.15078031212485,0.424969987995198,0.400480192076831
4,336,0,0,1,5,93,647,1773,1641,4160,0.0,0.0,0.000240384615385,0.001201923076923,0.022355769230769,0.155528846153846,0.426201923076923,0.394471153846154
4,337,0,0,0,7,85,606,1741,1716,4155,0.0,0.0,0.0,0.001684717208183,0.020457280385078,0.145848375451264,0.419013237063779,0.412996389891697
4,338,0,0,0,6,91,643,1729,1681,4150,0.0,0.0,0.0,0.00144578313253,0.021927710843373,0.154939759036145,0.416626506024096,0.405060240963855
4,339,0,0,0,4,105,625,1755,1656,4145,0.0,0.0,0.0,0.000965018094089,0.025331724969843,0.150784077201448,0.423401688781665,0.399517490952955
4,340,0,0,1,2,85,606,1804,1642,4140,0.0,0.0,0.00024154589372,0.00048309178744,0.020531400966184,0.146376811594203,0.435748792270531,0.396618357487923
4,341,0,0,0,3,86,632,1743,1671,4135,0.0,0.0,0.0,0.000725513905683,0.020798065296252,0.152841596130593,0.421523579201935,0.404111245465538
4,342,0,0,0,6,114,597,1744,1669,4130,0.0,0.0,0.0,0.001452784503632,0.027602905569007,0.14455205811138,0.42227602905569,0.404116222760291
4,343,0,0,0,3,103,649,1739,1631,4125,0.0,0.0,0.0,0.000727272727273,0.024969696969697,0.157333333333333,0.421575757575758,0.395393939393939
4,344,0,0,1,8,106,597,1803,1605,4120,0.0,0.0,0.000242718446602,0.001941747572816,0.025728155339806,0.144902912621359,0.437621359223301,0.389563106796116
4,345,0,0,0,5,109,645,1737,1619,4115,0.0,0.0,0.0,0.001215066828676,0.026488456865128,0.156743620899149,0.422114216281895,0.393438639125152
4,346,0,0,1,4,101,617,1737,1650,4110,0.0,0.0,0.000243309002433,0.000973236009732,0.024574209245742,0.150121654501217,0.422627737226277,0.401459854014599
4,347,0,0,1,6,109,656,1719,1614,4105,0.0,0.0,0.000243605359318,0.001461632155907,0.026552984165652,0.159805115712546,0.418757612667479,0.393179049939099
4,348,0,0,1,6,88,594,1714,1697,4100,0.0,0.0,0.000243902439024,0.001463414634146,0.021463414634146,0.144878048780488,0.418048780487805,0.41390243902439
4,349,0,0,0,6,87,635,1730,1637,4095,0.0,0.0,0.0,0.001465201465201,0.021245421245421,0.155067155067155,0.422466422466422,0.3997557997558
4,350,0,0,0,7,77,630,1709,1667,4090,0.0,0.0,0.0,0.001711491442543,0.018826405867971,0.154034229828851,0.417848410757946,0.407579462102689
4,351,0,0,0,6,87,647,1724,1621,4085,0.0,0.0,0.0,0.001468788249694,0.021297429620563,0.158384332925337,0.42203182374541,0.396817625458996
4,352,0,0,0,6,111,612,1680,1671,4080,0.0,0.0,0.0,0.001470588235294,0.027205882352941,0.15,0.411764705882353,0.409558823529412
4,353,0,0,0,5,87,624,1709,1650,4075,0.0,0.0,0.0,0.001226993865031,0.021349693251534,0.153128834355828,0.419386503067485,0.404907975460123
4,354,0,0,0,4,100,612,1729,1625,4070,0.0,0.0,0.0,0.000982800982801,0.024570024570025,0.15036855036855,0.424815724815725,0.399262899262899
4,355,0,0,0,3,115,561,1758,1628,4065,0.0,0.0,0.0,0.000738007380074,0.028290282902829,0.138007380073801,0.432472324723247,0.400492004920049
4,356,0,0,0,5,75,626,1788,1566,4060,0.0,0.0,0.0,0.001231527093596,0.018472906403941,0.154187192118227,0.440394088669951,0.385714285714286
4,357,0,0,0,5,88,615,1674,1673,4055,0.0,0.0,0.0,0.001233045622688,0.021701602959309,0.151664611590629,0.412823674475956,0.412577065351418
4,358,0,0,0,2,92,610,1736,1610,4050,0.0,0.0,0.0,0.000493827160494,0.022716049382716,0.150617283950617,0.428641975308642,0.397530864197531
4,359,0,0,1,5,82,603,1763,1591,4045,0.0,0.0,0.000247218788628,0.00123609394314,0.020271940667491,0.149072929542645,0.435846724351051,0.393325092707046
4,360,0,0,0,6,93,615,1670,1656,4040,0.0,0.0,0.0,0.001485148514851,0.023019801980198,0.152227722772277,0.413366336633663,0.40990099009901
4,361,0,0,0,7,75,620,1802,1531,4035,0.0,0.0,0.0,0.001734820322181,0.018587360594796,0.15365551425031,0.446592317224287,0.379429987608426
4,362,0,0,0,6,73,598,1698,1655,4030,0.0,0.0,0.0,0.001488833746898,0.018114143920596,0.148387096774194,0.421339950372208,0.410669975186104
4,363,0,0,0,5,97,598,1675,1650,4025,0.0,0.0,0.0,0.001242236024845,0.024099378881988,0.148571428571429,0.416149068322981,0.409937888198758
4,364,0,0,0,6,110,581,1696,1627,4020,0.0,0.0,0.0,0.001492537313433,0.027363184079602,0.14452736318408,0.421890547263682,0.404726368159204
4,365,0,0,0,8,85,610,1694,1618,4015,0.0,0.0,0.0,0.001992528019925,0.021170610211706,0.151930261519303,0.421917808219178,0.402988792029888
4,366,0,0,0,4,95,615,1702,1594,4010,0.0,0.0,0.0,0.000997506234414,0.023690773067332,0.153366583541147,0.424438902743142,0.397506234413965
4,367,0,0,1,7,88,583,1708,1618,4005,0.0,0.0,0.000249687890137,0.001747815230961,0.021972534332085,0.145568039950062,0.426466916354557,0.403995006242197
4,368,0,0,0,3,75,622,1656,1644,4000,0.0,0.0,0.0,0.00075,0.01875,0.1555,0.414,0.411
4,369,0,0,0,4,69,569,1672,1681,3995,0.0,0.0,0.0,0.001001251564456,0.017271589486859,0.142428035043805,0.418523153942428,0.420775969962453
4,370,0,0,0,5,96,536,1740,1613,3990,0.0,0.0,0.0,0.00125313283208,0.02406015037594,0.134335839598998,0.43609022556391,0.404260651629073
4,371,0,0,0,7,87,586,1743,1562,3985,0.0,0.0,0.0,0.001756587202008,0.021831869510665,0.147051442910916,0.437390213299875,0.391969887076537
4,372,0,0,0,8,107,582,1676,1607,3980,0.0,0.0,0.0,0.002010050251256,0.026884422110553,0.146231155778894,0.421105527638191,0.403768844221106
4,373,0,0,0,5,82,585,1668,1635,3975,0.0,0.0,0.0,0.00125786163522,0.02062893081761,0.147169811320755,0.419622641509434,0.411320754716981
4,374,0,0,0,8,102,569,1764,1527,3970,0.0,0.0,0.0,0.002015113350126,0.025692695214106,0.143324937027708,0.444332493702771,0.38463476070529
4,375,0,0,0,2,77,569,1691,1626,3965,0.0,0.0,0.0,0.000504413619168,0.019419924337957,0.143505674653216,0.426481715006305,0.410088272383354
4,376,0,0,0,2,72,589,1744,1553,3960,0.0,0.0,0.0,0.000505050505051,0.018181818181818,0.148737373737374,0.44040404040404,0.392171717171717
4,377,0,0,1,7,94,560,1673,1620,3955,0.0,0.0,0.000252844500632,0.001769911504425,0.023767383059418,0.141592920353982,0.423008849557522,0.40960809102402
4,378,0,0,1,4,76,637,1619,1613,3950,0.0,0.0,0.000253164556962,0.001012658227848,0.019240506329114,0.16126582278481,0.409873417721519,0.408354430379747
4,379,0,0,0,6,100,576,1694,1569,3945,0.0,0.0,0.0,0.001520912547529,0.025348542458809,0.146007604562738,0.429404309252218,0.397718631178707
4,380,0,0,0,8,93,580,1687,1572,3940,0.0,0.0,0.0,0.002030456852792,0.023604060913706,0.147208121827411,0.428172588832487,0.398984771573604
4,381,0,0,0,7,89,573,1690,1576,3935,0.0,0.0,0.0,0.001778907242694,0.022617534942821,0.14561626429479,0.429479034307497,0.400508259212198
4,382,0,0,0,4,77,608,1680,1561,3930,0.0,0.0,0.0,0.001017811704835,0.019592875318066,0.15470737913486,0.427480916030534,0.397201017811705
4,383,0,0,0,4,84,578,1649,1610,3925,0.0,0.0,0.0,0.001019108280255,0.02140127388535,0.147261146496815,0.420127388535032,0.410191082802548
4,384,0,0,0,4,88,611,1656,1561,3920,0.0,0.0,0.0,0.001020408163265,0.022448979591837,0.155867346938776,0.422448979591837,0.398214285714286
4,385,0,0,0,8,86,613,1674,1534,3915,0.0,0.0,0.0,0.002043422733078,0.021966794380587,0.156577266922095,0.427586206896552,0.391826309067688
4,386,0,0,1,7,91,550,1686,1575,3910,0.0,0.0,0.000255754475703,0.001790281329923,0.023273657289003,0.140664961636829,0.431202046035806,0.402813299232737
4,387,0,0,2,8,78,597,1630,1590,3905,0.0,0.0,0.000512163892446,0.002048655569782,0.019974391805378,0.152880921895006,0.41741357234315,0.407170294494238
4,388,0,0,0,6,95,580,1663,1556,3900,0.0,0.0,0.0,0.001538461538462,0.024358974358974,0.148717948717949,0.426410256410256,0.398974358974359
4,389,0,0,0,8,100,570,1682,1535,3895,0.0,0.0,0.0,0.002053915275995,0.025673940949936,0.146341463414634,0.43183568677792,0.394094993581515
4,390,0,0,0,4,83,593,1658,1552,3890,0.0,0.0,0.0,0.001028277634961,0.02133676092545,0.152442159383033,0.426221079691517,0.398971722365039
4,391,0,0,0,9,73,612,1661,1530,3885,0.0,0.0,0.0,0.002316602316602,0.018790218790219,0.157528957528958,0.427541827541828,0.393822393822394
4,392,0,0,0,2,93,607,1644,1534,3880,0.0,0.0,0.0,0.000515463917526,0.023969072164948,0.156443298969072,0.423711340206186,0.395360824742268
4,393,0,0,0,7,80,612,1628,1548,3875,0.0,0.0,0.0,0.001806451612903,0.020645161290323,0.157935483870968,0.420129032258065,0.399483870967742
4,394,0,0,0,6,83,587,1640,1554,3870,0.0,0.0,0.0,0.001550387596899,0.021447028423773,0.151679586563307,0.423772609819121,0.401550387596899
4,395,0,0,0,3,89,647,1539,1587,3865,0.0,0.0,0.0,0.000776196636481,0.023027166882277,0.167399741267788,0.398188874514877,0.410608020698577
4,396,0,0,0,3,91,584,1633,1549,3860,0.0,0.0,0.0,0.000777202072539,0.023575129533679,0.151295336787565,0.423056994818653,0.401295336787565
4,397,0,0,0,10,98,546,1636,1565,3855,0.0,0.0,0.0,0.002594033722438,0.025421530479896,0.141634241245136,0.424383916990921,0.405966277561608
4,398,0,0,0,10,84,579,1644,1533,3850,0.0,0.0,0.0,0.002597402597403,0.021818181818182,0.15038961038961,0.427012987012987,0.398181818181818
4,399,0,0,1,3,90,576,1668,1507,3845,0.0,0.0,0.000260078023407,0.000780234070221,0.023407022106632,0.149804941482445,0.433810143042913,0.391937581274382
4,400,0,0,0,3,80,585,1603,1569,3840,0.0,0.0,0.0,0.00078125,0.020833333333333,0.15234375,0.417447916666667,0.40859375
4,401,0,0,0,1,90,584,1645,1515,3835,0.0,0.0,0.0,0.00026075619296,0.023468057366362,0.152281616688396,0.428943937418514,0.395045632333768
4,402,0,0,0,4,98,592,1586,1550,3830,0.0,0.0,0.0,0.001044386422977,0.025587467362924,0.154569190600522,0.414099216710183,0.404699738903394
4,403,0,0,0,3,90,598,1586,1548,3825,0.0,0.0,0.0,0.00078431372549,0.023529411764706,0.156339869281046,0.414640522875817,0.404705882352941
4,404,0,0,1,2,78,574,1610,1555,3820,0.0,0.0,0.000261780104712,0.000523560209424,0.020418848167539,0.150261780104712,0.421465968586387,0.407068062827225
4,405,0,0,0,8,86,570,1586,1565,3815,0.0,0.0,0.0,0.002096985583224,0.022542595019659,0.149410222804718,0.415727391874181,0.410222804718218
4,406,0,0,0,8,96,574,1601,1531,3810,0.0,0.0,0.0,0.002099737532808,0.025196850393701,0.150656167979003,0.420209973753281,0.401837270341207
4,407,0,0,0,9,82,575,1565,1574,3805,0.0,0.0,0.0,0.002365308804205,0.021550591327201,0.151116951379763,0.411300919842313,0.413666228646518
4,408,0,0,0,7,73,573,1617,1530,3800,0.0,0.0,0.0,0.001842105263158,0.019210526315789,0.150789473684211,0.425526315789474,0.402631578947368
4,409,0,0,0,8,91,539,1627,1530,3795,0.0,0.0,0.0,0.002108036890646,0.023978919631094,0.142028985507246,0.428722002635046,0.403162055335968
4,410,0,0,0,2,71,553,1583,1581,3790,0.0,0.0,0.0,0.000527704485488,0.018733509234828,0.145910290237467,0.417678100263852,0.417150395778364
4,411,0,0,0,8,74,578,1617,1508,3785,0.0,0.0,0.0,0.002113606340819,0.019550858652576,0.152708058124174,0.427212681638045,0.398414795244386
4,412,0,0,0,6,82,554,1592,1546,3780,0.0,0.0,0.0,0.001587301587302,0.021693121693122,0.146560846560847,0.421164021164021,0.408994708994709
4,413,0,0,0,6,67,567,1582,1553,3775,0.0,0.0,0.0,0.00158940397351,0.017748344370861,0.150198675496689,0.419072847682119,0.411390728476821
4,414,0,0,1,10,91,568,1524,1576,3770,0.0,0.0,0.00026525198939,0.002652519893899,0.024137931034483,0.150663129973475,0.404244031830239,0.418037135278515
4,415,0,0,0,3,72,530,1530,1630,3765,0.0,0.0,0.0,0.000796812749004,0.019123505976096,0.140770252324037,0.406374501992032,0.432934926958831
4,416,0,0,0,9,83,556,1621,1491,3760,0.0,0.0,0.0,0.002393617021277,0.022074468085106,0.147872340425532,0.431117021276596,0.396542553191489
4,417,0,0,0,5,93,579,1604,1474,3755,0.0,0.0,0.0,0.00133155792277,0.024766977363515,0.154194407456724,0.427163781624501,0.39254327563249
4,418,0,0,0,11,86,575,1607,1471,3750,0.0,0.0,0.0,0.002933333333333,0.022933333333333,0.153333333333333,0.428533333333333,0.392266666666667
4,419,0,0,0,2,96,592,1556,1499,3745,0.0,0.0,0.0,0.000534045393858,0.025634178905207,0.158077436582109,0.415487316421896,0.400267022696929
4,420,0,0,0,8,98,553,1587,1494,3740,0.0,0.0,0.0,0.002139037433155,0.02620320855615,0.147860962566845,0.424331550802139,0.399465240641711
4,421,0,0,0,3,81,539,1586,1526,3735,0.0,0.0,0.0,0.000803212851406,0.021686746987952,0.144310575635877,0.424631860776439,0.408567603748327
4,422,0,0,0,4,97,542,1556,1531,3730,0.0,0.0,0.0,0.001072386058981,0.026005361930295,0.145308310991957,0.4171581769437,0.410455764075067
4,423,0,0,0,4,79,530,1606,1506,3725,0.0,0.0,0.0,0.001073825503356,0.021208053691275,0.142281879194631,0.431140939597315,0.404295302013423
4,424,0,0,0,7,83,579,1567,1484,3720,0.0,0.0,0.0,0.001881720430108,0.022311827956989,0.155645161290323,0.421236559139785,0.398924731182796
4,425,0,0,0,6,90,567,1575,1477,3715,0.0,0.0,0.0,0.001615074024226,0.024226110363392,0.152624495289367,0.423956931359354,0.397577388963661
4,426,0,0,0,4,75,585,1544,1502,3710,0.0,0.0,0.0,0.001078167115903,0.020215633423181,0.157681940700809,0.416172506738545,0.404851752021563
4,427,0,0,0,5,89,573,1540,1498,3705,0.0,0.0,0.0,0.001349527665317,0.024021592442645,0.154655870445344,0.415654520917679,0.404318488529015
4,428,0,0,0,6,92,553,1579,1470,3700,0.0,0.0,0.0,0.001621621621622,0.024864864864865,0.149459459459459,0.426756756756757,0.397297297297297
4,429,0,0,0,7,80,572,1502,1534,3695,0.0,0.0,0.0,0.001894451962111,0.021650879566982,0.154803788903924,0.406495263870095,0.415155615696888
4,430,0,0,1,5,89,571,1558,1466,3690,0.0,0.0,0.000271002710027,0.001355013550136,0.024119241192412,0.154742547425474,0.422222222222222,0.397289972899729
4,431,0,0,0,6,77,550,1583,1469,3685,0.0,0.0,0.0,0.001628222523745,0.02089552238806,0.149253731343284,0.429579375848033,0.398643147896879
4,432,0,0,0,7,82,575,1561,1455,3680,0.0,0.0,0.0,0.001902173913043,0.022282608695652,0.15625,0.424184782608696,0.395380434782609
4,433,0,0,0,5,81,562,1579,1448,3675,0.0,0.0,0.0,0.001360544217687,0.022040816326531,0.152925170068027,0.429659863945578,0.394013605442177
4,434,0,0,0,10,73,548,1581,1458,3670,0.0,0.0,0.0,0.002724795640327,0.019891008174387,0.149318801089918,0.430790190735695,0.397275204359673
4,435,0,0,0,6,70,565,1543,1481,3665,0.0,0.0,0.0,0.001637107776262,0.019099590723056,0.154160982264666,0.421009549795362,0.404092769440655
4,436,0,0,0,5,79,568,1586,1422,3660,0.0,0.0,0.0,0.001366120218579,0.021584699453552,0.155191256830601,0.433333333333333,0.388524590163934
4,437,0,0,0,7,74,548,1530,1496,3655,0.0,0.0,0.0,0.001915184678523,0.020246238030096,0.149931600547196,0.418604651162791,0.409302325581395
4,438,0,0,0,8,79,566,1542,1455,3650,0.0,0.0,0.0,0.002191780821918,0.021643835616438,0.155068493150685,0.422465753424658,0.398630136986301
4,439,0,0,0,4,102,569,1551,1419,3645,0.0,0.0,0.0,0.001097393689986,0.02798353909465,0.156104252400549,0.425514403292181,0.389300411522634
4,440,0,0,0,3,71,566,1535,1465,3640,0.0,0.0,0.0,0.000824175824176,0.019505494505495,0.155494505494505,0.421703296703297,0.402472527472527
4,441,0,0,0,2,108,541,1537,1447,3635,0.0,0.0,0.0,0.000550206327373,0.029711141678129,0.148830811554333,0.42283356258597,0.398074277854195
4,442,0,0,1,7,77,531,1547,1467,3630,0.0,0.0,0.000275482093664,0.001928374655647,0.021212121212121,0.146280991735537,0.426170798898072,0.404132231404959
4,443,0,0,1,4,93,556,1474,1497,3625,0.0,0.0,0.000275862068966,0.001103448275862,0.025655172413793,0.153379310344828,0.406620689655172,0.412965517241379
4,444,0,0,1,2,85,564,1517,1451,3620,0.0,0.0,0.000276243093923,0.000552486187845,0.023480662983425,0.155801104972376,0.419060773480663,0.400828729281768
4,445,0,0,0,3,83,531,1573,1425,3615,0.0,0.0,0.0,0.000829875518672,0.022959889349931,0.146887966804979,0.435131396957123,0.394190871369295
4,446,0,0,1,3,81,547,1531,1447,3610,0.0,0.0,0.000277008310249,0.000831024930748,0.022437673130194,0.151523545706371,0.42409972299169,0.400831024930748
4,447,0,0,0,4,82,531,1523,1465,3605,0.0,0.0,0.0,0.001109570041609,0.022746185852982,0.147295423023578,0.42246879334258,0.406380027739251
4,448,0,0,0,4,91,564,1499,1442,3600,0.0,0.0,0.0,0.001111111111111,0.025277777777778,0.156666666666667,0.416388888888889,0.400555555555556
4,449,0,0,0,4,75,533,1490,1493,3595,0.0,0.0,0.0,0.001112656467316,0.02086230876217,0.148261474269819,0.414464534075104,0.415299026425591
4,450,0,0,0,2,73,541,1487,1487,3590,0.0,0.0,0.0,0.000557103064067,0.02033426183844,0.150696378830084,0.414206128133705,0.414206128133705
4,451,0,0,0,3,84,541,1503,1454,3585,0.0,0.0,0.0,0.000836820083682,0.023430962343096,0.150906555090656,0.419246861924686,0.40557880055788
4,452,0,0,3,4,76,509,1512,1476,3580,0.0,0.0,0.000837988826816,0.001117318435754,0.02122905027933,0.142178770949721,0.422346368715084,0.412290502793296
4,453,0,0,0,6,83,531,1560,1395,3575,0.0,0.0,0.0,0.001678321678322,0.023216783216783,0.148531468531469,0.436363636363636,0.39020979020979
4,454,0,0,0,10,68,529,1488,1475,3570,0.0,0.0,0.0,0.002801120448179,0.019047619047619,0.148179271708683,0.416806722689076,0.413165266106443
4,455,0,0,0,5,68,539,1475,1478,3565,0.0,0.0,0.0,0.00140252454418,0.019074333800842,0.151192145862553,0.413744740532959,0.414586255259467
4,456,0,0,1,6,89,493,1555,1416,3560,0.0,0.0,0.000280898876404,0.001685393258427,0.025,0.138483146067416,0.436797752808989,0.397752808988764
4,457,0,0,0,9,83,531,1470,1462,3555,0.0,0.0,0.0,0.00253164556962,0.023347398030942,0.149367088607595,0.413502109704641,0.411251758087201
4,458,0,0,0,3,76,541,1504,1426,3550,0.0,0.0,0.0,0.000845070422535,0.021408450704225,0.152394366197183,0.423661971830986,0.40169014084507
4,459,0,0,0,3,80,565,1526,1371,3545,0.0,0.0,0.0,0.000846262341326,0.022566995768688,0.159379407616361,0.430465444287729,0.386741889985896
4,460,0,0,1,3,80,513,1496,1447,3540,0.0,0.0,0.000282485875706,0.000847457627119,0.022598870056497,0.144915254237288,0.422598870056497,0.408757062146893
4,461,0,0,0,8,83,521,1535,1388,3535,0.0,0.0,0.0,0.002263083451202,0.023479490806223,0.147383309759547,0.434229137199434,0.392644978783593
4,462,0,0,0,8,86,565,1496,1375,3530,0.0,0.0,0.0,0.002266288951841,0.024362606232295,0.160056657223796,0.423796033994334,0.389518413597734
4,463,0,0,0,6,80,495,1525,1419,3525,0.0,0.0,0.0,0.001702127659574,0.022695035460993,0.140425531914894,0.432624113475177,0.402553191489362
4,464,0,0,0,4,84,535,1470,1427,3520,0.0,0.0,0.0,0.001136363636364,0.023863636363636,0.151988636363636,0.417613636363636,0.405397727272727
4,465,0,0,0,8,82,531,1476,1418,3515,0.0,0.0,0.0,0.002275960170697,0.023328591749644,0.151066856330014,0.419914651493599,0.403413940256046
4,466,0,0,0,4,87,529,1496,1394,3510,0.0,0.0,0.0,0.001139601139601,0.024786324786325,0.150712250712251,0.426210826210826,0.397150997150997
4,467,0,0,0,5,85,556,1458,1401,3505,0.0,0.0,0.0,0.001426533523538,0.024251069900143,0.158630527817404,0.415977175463623,0.399714693295292
4,468,0,0,0,5,64,521,1503,1407,3500,0.0,0.0,0.0,0.001428571428571,0.018285714285714,0.148857142857143,0.429428571428571,0.402
4,469,0,0,0,7,84,517,1465,1422,3495,0.0,0.0,0.0,0.002002861230329,0.024034334763948,0.147925608011445,0.419170243204578,0.4068669527897
4,470,0,0,0,7,89,527,1524,1343,3490,0.0,0.0,0.0,0.002005730659026,0.025501432664756,0.151002865329513,0.436676217765043,0.384813753581662
4,471,0,0,0,5,75,554,1459,1392,3485,0.0,0.0,0.0,0.001434720229555,0.021520803443329,0.15896700143472,0.418651362984218,0.399426111908178
4,472,0,0,0,4,81,541,1464,1390,3480,0.0,0.0,0.0,0.001149425287356,0.023275862068966,0.155459770114943,0.420689655172414,0.399425287356322
4,473,0,0,0,1,90,514,1467,1403,3475,0.0,0.0,0.0,0.000287769784173,0.02589928057554,0.147913669064748,0.422158273381295,0.403741007194245
4,474,0,0,0,4,84,534,1454,1394,3470,0.0,0.0,0.0,0.001152737752161,0.024207492795389,0.153890489913545,0.419020172910663,0.401729106628242
4,475,0,0,0,3,84,498,1485,1395,3465,0.0,0.0,0.0,0.000865800865801,0.024242424242424,0.143722943722944,0.428571428571429,0.402597402597403
4,476,0,0,1,3,82,531,1487,1356,3460,0.0,0.0,0.00028901734104,0.000867052023121,0.023699421965318,0.153468208092486,0.429768786127168,0.391907514450867
4,477,0,0,0,9,78,527,1424,1417,3455,0.0,0.0,0.0,0.00260492040521,0.022575976845152,0.152532561505065,0.412156295224313,0.41013024602026
4,478,0,0,0,6,61,534,1427,1422,3450,0.0,0.0,0.0,0.001739130434783,0.01768115942029,0.154782608695652,0.413623188405797,0.412173913043478
4,479,0,0,0,0,76,495,1523,1351,3445,0.0,0.0,0.0,0.0,0.022060957910015,0.143686502177068,0.442089985486212,0.392162554426705
4,480,0,0,0,7,82,511,1459,1381,3440,0.0,0.0,0.0,0.00203488372093,0.023837209302326,0.148546511627907,0.424127906976744,0.401453488372093
4,481,0,0,0,3,75,515,1462,1380,3435,0.0,0.0,0.0,0.000873362445415,0.021834061135371,0.149927219796215,0.425618631732169,0.40174672489083
4,482,0,0,0,4,81,548,1434,1363,3430,0.0,0.0,0.0,0.001166180758017,0.023615160349854,0.159766763848396,0.418075801749271,0.397376093294461
4,483,0,0,0,4,74,515,1462,1370,3425,0.0,0.0,0.0,0.001167883211679,0.021605839416058,0.15036496350365,0.426861313868613,0.4
4,484,0,0,0,7,76,548,1417,1372,3420,0.0,0.0,0.0,0.002046783625731,0.022222222222222,0.160233918128655,0.414327485380117,0.401169590643275
4,485,0,0,0,7,73,526,1456,1353,3415,0.0,0.0,0.0,0.002049780380673,0.021376281112738,0.15402635431918,0.426354319180088,0.396193265007321
4,486,0,0,0,5,79,509,1439,1378,3410,0.0,0.0,0.0,0.001466275659824,0.02316715542522,0.149266862170088,0.421994134897361,0.404105571847507
4,487,0,0,0,5,76,521,1467,1336,3405,0.0,0.0,0.0,0.001468428781204,0.022320117474302,0.153010279001468,0.430837004405286,0.392364170337739
4,488,0,0,0,5,64,523,1377,1431,3400,0.0,0.0,0.0,0.001470588235294,0.018823529411765,0.153823529411765,0.405,0.420882352941176
4,489,0,0,0,5,85,501,1408,1396,3395,0.0,0.0,0.0,0.001472754050074,0.025036818851252,0.147569955817379,0.414727540500736,0.41119293078056
4,490,0,0,0,5,70,534,1399,1382,3390,0.0,0.0,0.0,0.001474926253687,0.020648967551622,0.157522123893805,0.412684365781711,0.407669616519174
4,491,0,0,1,3,77,515,1425,1364,3385,0.0,0.0,0.000295420974889,0.000886262924668,0.02274741506647,0.152141802067947,0.420974889217134,0.402954209748892
4,492,0,0,0,3,76,531,1435,1335,3380,0.0,0.0,0.0,0.000887573964497,0.022485207100592,0.157100591715976,0.424556213017751,0.394970414201183
4,493,0,0,0,5,96,524,1417,1333,3375,0.0,0.0,0.0,0.001481481481481,0.028444444444444,0.155259259259259,0.419851851851852,0.394962962962963
4,494,0,0,0,4,69,513,1451,1333,3370,0.0,0.0,0.0,0.001186943620178,0.020474777448071,0.152225519287834,0.430563798219585,0.395548961424332
4,495,0,0,0,4,74,461,1466,1360,3365,0.0,0.0,0.0,0.001188707280832,0.021991084695394,0.136998514115899,0.435661218424963,0.404160475482912
4,496,0,0,0,6,87,532,1424,1311,3360,0.0,0.0,0.0,0.001785714285714,0.025892857142857,0.158333333333333,0.423809523809524,0.390178571428571
4,497,0,0,0,4,78,545,1420,1308,3355,0.0,0.0,0.0,0.001192250372578,0.023248882265276,0.162444113263785,0.423248882265276,0.389865871833085
4,498,0,0,0,3,74,550,1372,1351,3350,0.0,0.0,0.0,0.00089552238806,0.022089552238806,0.164179104477612,0.40955223880597,0.403283582089552
4,499,0,0,0,5,66,502,1434,1338,3345,0.0,0.0,0.0,0.001494768310912,0.019730941704036,0.150074738415546,0.428699551569507,0.4
4,500,0,0,0,6,77,493,1469,1295,3340,0.0,0.0,0.0,0.001796407185629,0.023053892215569,0.147604790419162,0.439820359281437,0.387724550898204
4,501,0,0,0,5,78,516,1425,1311,3335,0.0,0.0,0.0,0.001499250374813,0.023388305847076,0.15472263868066,0.427286356821589,0.393103448275862
4,502,0,0,0,1,81,458,1408,1382,3330,0.0,0.0,0.0,0.0003003003003,0.024324324324324,0.137537537537538,0.422822822822823,0.415015015015015
4,503,0,0,0,7,69,515,1367,1367,3325,0.0,0.0,0.0,0.002105263157895,0.020751879699248,0.154887218045113,0.411127819548872,0.411127819548872
4,504,0,0,0,6,75,465,1475,1299,3320,0.0,0.0,0.0,0.001807228915663,0.022590361445783,0.140060240963855,0.444277108433735,0.391265060240964
4,505,0,0,0,7,91,474,1452,1291,3315,0.0,0.0,0.0,0.00211161387632,0.027450980392157,0.142986425339367,0.438009049773756,0.389441930618401
4,506,0,0,0,2,69,562,1406,1271,3310,0.0,0.0,0.0,0.000604229607251,0.020845921450151,0.169788519637462,0.424773413897281,0.383987915407855
4,507,0,0,0,7,70,510,1435,1283,3305,0.0,0.0,0.0,0.002118003025719,0.021180030257186,0.154311649016641,0.434190620272315,0.388199697428139
4,508,0,0,0,5,72,506,1427,1290,3300,0.0,0.0,0.0,0.001515151515152,0.021818181818182,0.153333333333333,0.432424242424242,0.390909090909091
4,509,0,0,0,4,68,477,1392,1354,3295,0.0,0.0,0.0,0.001213960546282,0.020637329286798,0.144764795144158,0.422458270106222,0.41092564491654
4,510,0,0,0,5,84,518,1362,1321,3290,0.0,0.0,0.0,0.001519756838906,0.025531914893617,0.157446808510638,0.413981762917933,0.401519756838906
4,511,0,0,0,5,62,470,1417,1331,3285,0.0,0.0,0.0,0.001522070015221,0.018873668188737,0.143074581430746,0.431354642313546,0.40517503805175
4,512,0,0,0,4,67,509,1361,1339,3280,0.0,0.0,0.0,0.001219512195122,0.020426829268293,0.155182926829268,0.414939024390244,0.408231707317073
4,513,0,0,0,2,69,516,1381,1307,3275,0.0,0.0,0.0,0.000610687022901,0.021068702290076,0.157557251908397,0.421679389312977,0.399083969465649
4,514,0,0,0,3,77,520,1342,1328,3270,0.0,0.0,0.0,0.000917431192661,0.023547400611621,0.159021406727829,0.41039755351682,0.40611620795107
4,515,0,0,0,1,72,537,1344,1311,3265,0.0,0.0,0.0,0.000306278713629,0.022052067381317,0.164471669218989,0.411638591117917,0.401531393568147
4,516,0,0,0,4,54,504,1392,1306,3260,0.0,0.0,0.0,0.001226993865031,0.016564417177914,0.154601226993865,0.426993865030675,0.400613496932515
4,517,0,0,0,8,79,471,1377,1320,3255,0.0,0.0,0.0,0.002457757296467,0.024270353302611,0.144700460829493,0.423041474654378,0.405529953917051
4,518,0,0,0,2,74,500,1375,1299,3250,0.0,0.0,0.0,0.000615384615385,0.022769230769231,0.153846153846154,0.423076923076923,0.399692307692308
4,519,0,0,0,7,74,484,1362,1318,3245,0.0,0.0,0.0,0.002157164869029,0.022804314329738,0.149152542372881,0.419722650231125,0.406163328197227
4,520,0,0,0,4,69,476,1374,1317,3240,0.0,0.0,0.0,0.001234567901235,0.021296296296296,0.146913580246914,0.424074074074074,0.406481481481481
4,521,0,0,0,5,70,486,1377,1297,3235,0.0,0.0,0.0,0.001545595054096,0.021638330757342,0.150231839258114,0.425656877897991,0.400927357032458
4,522,0,0,0,7,69,503,1328,1323,3230,0.0,0.0,0.0,0.002167182662539,0.021362229102167,0.155727554179567,0.411145510835913,0.409597523219814
4,523,0,0,0,8,86,475,1386,1270,3225,0.0,0.0,0.0,0.002480620155039,0.026666666666667,0.147286821705426,0.429767441860465,0.393798449612403
4,524,0,0,0,6,68,503,1347,1296,3220,0.0,0.0,0.0,0.001863354037267,0.02111801242236,0.156211180124224,0.41832298136646,0.402484472049689
4,525,0,0,0,2,73,501,1391,1248,3215,0.0,0.0,0.0,0.000622083981337,0.022706065318818,0.155832037325039,0.432659409020218,0.388180404354588
4,526,0,0,0,5,77,484,1364,1280,3210,0.0,0.0,0.0,0.001557632398754,0.02398753894081,0.150778816199377,0.424922118380062,0.398753894080997
4,527,0,0,0,4,62,471,1402,1266,3205,0.0,0.0,0.0,0.001248049921997,0.019344773790952,0.146957878315133,0.437441497659906,0.395007800312012
4,528,0,0,0,2,74,457,1350,1317,3200,0.0,0.0,0.0,0.000625,0.023125,0.1428125,0.421875,0.4115625
4,529,0,0,0,8,64,479,1370,1274,3195,0.0,0.0,0.0,0.002503912363067,0.020031298904538,0.149921752738654,0.428794992175274,0.398748043818466
4,530,0,0,0,6,60,478,1306,1340,3190,0.0,0.0,0.0,0.001880877742947,0.018808777429467,0.149843260188088,0.409404388714734,0.420062695924765
4,531,0,0,0,7,62,503,1338,1275,3185,0.0,0.0,0.0,0.002197802197802,0.019466248037677,0.157927786499215,0.420094191522763,0.400313971742543
4,532,0,0,0,5,70,495,1326,1284,3180,0.0,0.0,0.0,0.001572327044025,0.022012578616352,0.155660377358491,0.416981132075472,0.40377358490566
4,533,0,0,0,4,59,463,1353,1296,3175,0.0,0.0,0.0,0.001259842519685,0.018582677165354,0.145826771653543,0.426141732283465,0.408188976377953
4,534,0,0,0,5,68,480,1334,1283,3170,0.0,0.0,0.0,0.001577287066246,0.021451104100946,0.151419558359621,0.420820189274448,0.404731861198738
4,535,0,0,1,6,72,481,1270,1335,3165,0.0,0.0,0.000315955766193,0.001895734597156,0.022748815165877,0.151974723538705,0.401263823064771,0.421800947867299
4,536,0,0,0,7,65,474,1354,1260,3160,0.0,0.0,0.0,0.002215189873418,0.020569620253165,0.15,0.428481012658228,0.39873417721519
4,537,0,0,0,7,68,503,1331,1246,3155,0.0,0.0,0.0,0.002218700475436,0.021553090332805,0.159429477020602,0.421870047543582,0.394928684627575
4,538,0,0,0,1,60,469,1318,1302,3150,0.0,0.0,0.0,0.00031746031746,0.019047619047619,0.148888888888889,0.418412698412698,0.413333333333333
4,539,0,0,0,1,76,445,1343,1280,3145,0.0,0.0,0.0,0.000317965023847,0.024165341812401,0.141494435612083,0.427027027027027,0.406995230524642
4,540,0,0,0,6,68,469,1340,1257,3140,0.0,0.0,0.0,0.001910828025478,0.021656050955414,0.149363057324841,0.426751592356688,0.40031847133758
4,541,0,0,0,5,72,438,1366,1254,3135,0.0,0.0,0.0,0.001594896331738,0.022966507177033,0.139712918660287,0.435725677830941,0.4
4,542,0,0,0,2,70,452,1377,1229,3130,0.0,0.0,0.0,0.000638977635783,0.022364217252396,0.144408945686901,0.439936102236422,0.392651757188498
4,543,0,0,0,3,62,429,1337,1294,3125,0.0,0.0,0.0,0.00096,0.01984,0.13728,0.42784,0.41408
4,544,0,0,0,3,76,511,1317,1213,3120,0.0,0.0,0.0,0.000961538461538,0.024358974358974,0.163782051282051,0.422115384615385,0.388782051282051
4,545,0,0,0,3,66,453,1318,1275,3115,0.0,0.0,0.0,0.000963081861958,0.021187800963082,0.145425361155698,0.423113964686998,0.409309791332263
4,546,0,0,0,5,65,460,1371,1209,3110,0.0,0.0,0.0,0.001607717041801,0.020900321543408,0.147909967845659,0.440836012861736,0.388745980707396
4,547,0,0,0,7,60,483,1264,1291,3105,0.0,0.0,0.0,0.002254428341385,0.019323671497585,0.155555555555556,0.407085346215781,0.415780998389694
4,548,0,0,0,2,78,460,1301,1259,3100,0.0,0.0,0.0,0.000645161290323,0.025161290322581,0.148387096774194,0.419677419354839,0.406129032258065
4,549,0,0,0,6,63,487,1275,1264,3095,0.0,0.0,0.0,0.001938610662359,0.020355411954766,0.15735056542811,0.411954765751212,0.408400646203554
4,550,0,0,0,3,79,474,1284,1250,3090,0.0,0.0,0.0,0.000970873786408,0.025566343042071,0.153398058252427,0.415533980582524,0.40453074433657
4,551,0,0,0,1,78,472,1298,1236,3085,0.0,0.0,0.0,0.00032414910859,0.025283630470016,0.152998379254457,0.420745542949757,0.40064829821718
4,552,0,0,0,3,59,502,1302,1214,3080,0.0,0.0,0.0,0.000974025974026,0.019155844155844,0.162987012987013,0.422727272727273,0.394155844155844
4,553,0,0,0,4,78,485,1311,1197,3075,0.0,0.0,0.0,0.00130081300813,0.025365853658537,0.157723577235772,0.426341463414634,0.389268292682927
4,554,0,0,0,7,66,486,1289,1222,3070,0.0,0.0,0.0,0.00228013029316,0.021498371335505,0.158306188925081,0.419869706840391,0.398045602605863
4,555,0,0,0,5,71,469,1302,1218,3065,0.0,0.0,0.0,0.00163132137031,0.023164763458401,0.153017944535073,0.424796084828711,0.397389885807504
4,556,0,0,0,2,69,441,1338,1210,3060,0.0,0.0,0.0,0.000653594771242,0.022549019607843,0.144117647058824,0.437254901960784,0.395424836601307
4,557,0,0,0,6,67,454,1304,1224,3055,0.0,0.0,0.0,0.001963993453355,0.021931260229133,0.14860883797054,0.42684124386252,0.400654664484452
4,558,0,0,0,6,77,490,1222,1255,3050,0.0,0.0,0.0,0.001967213114754,0.025245901639344,0.160655737704918,0.400655737704918,0.411475409836066
4,559,0,0,0,5,66,439,1312,1223,3045,0.0,0.0,0.0,0.001642036124795,0.021674876847291,0.144170771756979,0.430870279146141,0.401642036124795
4,560,0,0,0,5,76,485,1271,1203,3040,0.0,0.0,0.0,0.001644736842105,0.025,0.159539473684211,0.418092105263158,0.395723684210526
4,561,0,0,0,4,58,462,1298,1213,3035,0.0,0.0,0.0,0.001317957166392,0.019110378912685,0.152224052718287,0.427677100494234,0.399670510708402
4,562,0,0,1,2,71,493,1264,1199,3030,0.0,0.0,0.0003300330033,0.000660066006601,0.023432343234323,0.162706270627063,0.417161716171617,0.395709570957096
4,563,0,0,0,1,69,454,1262,1239,3025,0.0,0.0,0.0,0.000330578512397,0.022809917355372,0.150082644628099,0.417190082644628,0.409586776859504
4,564,0,0,0,3,72,461,1316,1168,3020,0.0,0.0,0.0,0.000993377483444,0.023841059602649,0.152649006622517,0.435761589403974,0.386754966887417
4,565,0,0,0,1,59,436,1255,1264,3015,0.0,0.0,0.0,0.000331674958541,0.019568822553897,0.144610281923715,0.416252072968491,0.419237147595357
4,566,0,0,1,5,62,472,1284,1186,3010,0.0,0.0,0.000332225913621,0.001661129568106,0.020598006644518,0.156810631229236,0.426578073089701,0.394019933554817
4,567,0,0,0,1,72,457,1268,1207,3005,0.0,0.0,0.0,0.000332778702163,0.02396006655574,0.152079866888519,0.421963394342762,0.401663893510815
4,568,0,0,0,2,67,448,1281,1202,3000,0.0,0.0,0.0,0.000666666666667,0.022333333333333,0.149333333333333,0.427,0.400666666666667
4,569,0,0,0,3,57,448,1305,1182,2995,0.0,0.0,0.0,0.001001669449082,0.019031719532554,0.149582637729549,0.435726210350584,0.39465776293823
4,570,0,0,0,7,68,447,1257,1211,2990,0.0,0.0,0.0,0.002341137123746,0.022742474916388,0.149498327759197,0.420401337792642,0.405016722408027
4,571,0,0,0,1,64,441,1281,1198,2985,0.0,0.0,0.0,0.000335008375209,0.0214405360134,0.147738693467337,0.429145728643216,0.401340033500838
4,572,0,0,0,5,73,478,1251,1173,2980,0.0,0.0,0.0,0.001677852348993,0.024496644295302,0.160402684563758,0.419798657718121,0.393624161073826
4,573,0,0,0,5,63,467,1264,1176,2975,0.0,0.0,0.0,0.001680672268908,0.021176470588235,0.156974789915966,0.424873949579832,0.395294117647059
4,574,0,0,0,3,57,474,1213,1223,2970,0.0,0.0,0.0,0.001010101010101,0.019191919191919,0.15959595959596,0.408417508417508,0.411784511784512
4,575,0,0,0,3,64,465,1232,1201,2965,0.0,0.0,0.0,0.001011804384486,0.021585160202361,0.156829679595278,0.415514333895447,0.405059021922428
4,576,0,0,0,4,72,414,1278,1192,2960,0.0,0.0,0.0,0.001351351351351,0.024324324324324,0.139864864864865,0.431756756756757,0.402702702702703
4,577,0,0,0,4,76,433,1277,1165,2955,0.0,0.0,0.0,0.001353637901861,0.025719120135364,0.146531302876481,0.432148900169205,0.39424703891709
4,578,0,0,0,4,71,465,1264,1146,2950,0.0,0.0,0.0,0.00135593220339,0.024067796610169,0.157627118644068,0.428474576271186,0.388474576271186
4,579,0,0,0,7,76,461,1225,1176,2945,0.0,0.0,0.0,0.002376910016978,0.025806451612903,0.156536502546689,0.415959252971138,0.399320882852292
4,580,0,0,0,2,66,452,1234,1186,2940,0.0,0.0,0.0,0.000680272108844,0.022448979591837,0.153741496598639,0.419727891156463,0.403401360544218
4,581,0,0,0,4,72,438,1253,1168,2935,0.0,0.0,0.0,0.001362862010221,0.024531516183986,0.14923339011925,0.426916524701874,0.397955706984668
4,582,0,0,0,4,61,404,1326,1135,2930,0.0,0.0,0.0,0.001365187713311,0.020819112627986,0.137883959044369,0.452559726962457,0.387372013651877
4,583,0,0,0,9,57,425,1185,1249,2925,0.0,0.0,0.0,0.003076923076923,0.019487179487179,0.145299145299145,0.405128205128205,0.427008547008547
4,584,0,0,1,3,67,466,1188,1195,2920,0.0,0.0,0.000342465753425,0.001027397260274,0.022945205479452,0.15958904109589,0.406849315068493,0.409246575342466
4,585,0,0,0,6,66,418,1236,1189,2915,0.0,0.0,0.0,0.002058319039451,0.022641509433962,0.143396226415094,0.42401372212693,0.407890222984563
4,586,0,0,0,5,56,420,1262,1167,2910,0.0,0.0,0.0,0.001718213058419,0.019243986254296,0.144329896907216,0.433676975945017,0.401030927835052
4,587,0,0,0,5,67,470,1208,1155,2905,0.0,0.0,0.0,0.001721170395869,0.023063683304647,0.161790017211704,0.415834767641997,0.397590361445783
4,588,0,0,0,2,64,448,1264,1122,2900,0.0,0.0,0.0,0.000689655172414,0.022068965517241,0.15448275862069,0.435862068965517,0.386896551724138
4,589,0,0,0,5,72,463,1182,1173,2895,0.0,0.0,0.0,0.001727115716753,0.024870466321244,0.15993091537133,0.408290155440415,0.405181347150259
4,590,0,0,0,7,54,419,1260,1150,2890,0.0,0.0,0.0,0.00242214532872,0.018685121107266,0.144982698961938,0.43598615916955,0.397923875432526
4,591,0,0,0,3,61,437,1239,1145,2885,0.0,0.0,0.0,0.00103986135182,0.021143847487002,0.151473136915078,0.42946273830156,0.396880415944541
4,592,0,0,0,4,66,445,1246,1119,2880,0.0,0.0,0.0,0.001388888888889,0.022916666666667,0.154513888888889,0.432638888888889,0.388541666666667
4,593,0,0,0,2,57,454,1231,1131,2875,0.0,0.0,0.0,0.000695652173913,0.019826086956522,0.157913043478261,0.428173913043478,0.393391304347826
4,594,0,0,0,2,61,423,1202,1182,2870,0.0,0.0,0.0,0.000696864111498,0.021254355400697,0.147386759581882,0.418815331010453,0.41184668989547
4,595,0,0,0,4,59,439,1164,1199,2865,0.0,0.0,0.0,0.001396160558464,0.020593368237347,0.153228621291449,0.406282722513089,0.418499127399651
4,596,0,0,0,4,58,434,1176,1188,2860,0.0,0.0,0.0,0.001398601398601,0.02027972027972,0.151748251748252,0.411188811188811,0.415384615384615
4,597,0,0,0,6,72,434,1188,1155,2855,0.0,0.0,0.0,0.002101576182137,0.025218914185639,0.152014010507881,0.416112084063047,0.404553415061296
4,598,0,0,0,3,70,414,1225,1138,2850,0.0,0.0,0.0,0.001052631578947,0.024561403508772,0.145263157894737,0.429824561403509,0.399298245614035
4,599,0,0,0,7,71,405,1187,1175,2845,0.0,0.0,0.0,0.002460456942004,0.024956063268893,0.142355008787346,0.417223198594025,0.413005272407733
4,600,0,0,0,7,44,423,1195,1171,2840,0.0,0.0,0.0,0.002464788732394,0.015492957746479,0.148943661971831,0.420774647887324,0.412323943661972
4,601,0,0,0,3,51,417,1209,1155,2835,0.0,0.0,0.0,0.001058201058201,0.017989417989418,0.147089947089947,0.426455026455026,0.407407407407407
4,602,0,0,0,1,67,440,1197,1125,2830,0.0,0.0,0.0,0.000353356890459,0.023674911660777,0.15547703180212,0.422968197879859,0.397526501766784
4,603,0,0,0,1,54,430,1197,1143,2825,0.0,0.0,0.0,0.000353982300885,0.019115044247788,0.152212389380531,0.423716814159292,0.404601769911504
4,604,0,0,0,4,65,411,1193,1147,2820,0.0,0.0,0.0,0.001418439716312,0.023049645390071,0.145744680851064,0.423049645390071,0.406737588652482
4,605,0,0,0,0,54,434,1155,1172,2815,0.0,0.0,0.0,0.0,0.019182948490231,0.15417406749556,0.410301953818828,0.416341030195382
4,606,0,0,0,4,69,418,1188,1131,2810,0.0,0.0,0.0,0.001423487544484,0.024555160142349,0.148754448398577,0.422775800711744,0.402491103202847
4,607,0,0,1,5,73,407,1169,1150,2805,0.0,0.0,0.000356506238859,0.001782531194296,0.02602495543672,0.145098039215686,0.416755793226381,0.409982174688057
4,608,0,0,2,6,54,408,1187,1143,2800,0.0,0.0,0.000714285714286,0.002142857142857,0.019285714285714,0.145714285714286,0.423928571428571,0.408214285714286
4,609,0,0,0,3,62,412,1148,1170,2795,0.0,0.0,0.0,0.001073345259392,0.022182468694097,0.147406082289803,0.410733452593918,0.418604651162791
4,610,0,0,0,5,68,402,1182,1133,2790,0.0,0.0,0.0,0.001792114695341,0.024372759856631,0.144086021505376,0.423655913978495,0.406093189964158
4,611,0,0,1,7,64,405,1185,1123,2785,0.0,0.0,0.000359066427289,0.002513464991023,0.022980251346499,0.145421903052065,0.425493716337522,0.403231597845601
4,612,0,0,0,3,66,416,1179,1116,2780,0.0,0.0,0.0,0.001079136690647,0.023741007194245,0.149640287769784,0.42410071942446,0.401438848920863
4,613,0,0,0,5,59,430,1177,1104,2775,0.0,0.0,0.0,0.001801801801802,0.021261261261261,0.154954954954955,0.424144144144144,0.397837837837838
4,614,0,0,0,5,56,422,1180,1107,2770,0.0,0.0,0.0,0.001805054151625,0.020216606498195,0.152346570397112,0.425992779783394,0.399638989169675
4,615,0,0,0,4,68,400,1169,1124,2765,0.0,0.0,0.0,0.001446654611212,0.024593128390597,0.144665461121157,0.422784810126582,0.406509945750452
4,616,0,0,0,6,59,397,1155,1143,2760,0.0,0.0,0.0,0.002173913043478,0.021376811594203,0.143840579710145,0.418478260869565,0.414130434782609
4,617,0,0,0,4,54,413,1164,1120,2755,0.0,0.0,0.0,0.001451905626134,0.019600725952813,0.149909255898367,0.422504537205082,0.406533575317604
4,618,0,0,0,3,57,396,1143,1151,2750,0.0,0.0,0.0,0.001090909090909,0.020727272727273,0.144,0.415636363636364,0.418545454545455
4,619,0,0,0,7,58,410,1137,1133,2745,0.0,0.0,0.0,0.002550091074681,0.021129326047359,0.14936247723133,0.414207650273224,0.412750455373406
4,620,0,0,0,7,59,425,1168,1081,2740,0.0,0.0,0.0,0.002554744525547,0.021532846715328,0.155109489051095,0.426277372262774,0.394525547445255
4,621,0,0,1,6,60,425,1168,1075,2735,0.0,0.0,0.00036563071298,0.002193784277879,0.021937842778793,0.155393053016453,0.427056672760512,0.393053016453382
4,622,0,0,0,5,59,410,1196,1060,2730,0.0,0.0,0.0,0.001831501831502,0.021611721611722,0.15018315018315,0.438095238095238,0.388278388278388
4,623,0,0,0,4,61,408,1145,1107,2725,0.0,0.0,0.0,0.001467889908257,0.022385321100917,0.149724770642202,0.420183486238532,0.406238532110092
4,624,0,0,0,2,60,421,1183,1054,2720,0.0,0.0,0.0,0.000735294117647,0.022058823529412,0.154779411764706,0.434926470588235,0.3875
4,625,0,0,0,1,63,412,1131,1108,2715,0.0,0.0,0.0,0.00036832412523,0.023204419889503,0.151749539594843,0.416574585635359,0.408103130755064
4,626,0,0,0,4,62,406,1177,1061,2710,0.0,0.0,0.0,0.001476014760148,0.022878228782288,0.149815498154982,0.434317343173432,0.391512915129151
4,627,0,0,0,2,57,388,1158,1100,2705,0.0,0.0,0.0,0.000739371534196,0.021072088724584,0.143438077634011,0.428096118299445,0.406654343807763
4,628,0,0,0,8,64,394,1160,1074,2700,0.0,0.0,0.0,0.002962962962963,0.023703703703704,0.145925925925926,0.42962962962963,0.397777777777778
4,629,0,0,0,3,62,433,1108,1089,2695,0.0,0.0,0.0,0.001113172541744,0.023005565862709,0.160667903525046,0.41113172541744,0.404081632653061
4,630,0,0,0,1,66,394,1158,1071,2690,0.0,0.0,0.0,0.000371747211896,0.02453531598513,0.146468401486989,0.430483271375465,0.39814126394052
4,631,0,0,0,2,60,408,1151,1064,2685,0.0,0.0,0.0,0.000744878957169,0.022346368715084,0.15195530726257,0.428677839851024,0.396275605214153
4,632,0,0,0,2,52,388,1148,1090,2680,0.0,0.0,0.0,0.000746268656716,0.019402985074627,0.144776119402985,0.428358208955224,0.406716417910448
4,633,0,0,0,3,52,387,1159,1074,2675,0.0,0.0,0.0,0.001121495327103,0.019439252336449,0.144672897196262,0.433271028037383,0.401495327102804
4,634,0,0,0,0,63,376,1115,1116,2670,0.0,0.0,0.0,0.0,0.023595505617978,0.140823970037453,0.417602996254682,0.417977528089888
4,635,0,0,0,0,58,416,1127,1064,2665,0.0,0.0,0.0,0.0,0.021763602251407,0.15609756097561,0.422889305816135,0.399249530956848
4,636,0,0,0,4,57,395,1145,1059,2660,0.0,0.0,0.0,0.001503759398496,0.021428571428571,0.148496240601504,0.430451127819549,0.39812030075188
4,637,0,0,0,4,66,412,1144,1029,2655,0.0,0.0,0.0,0.0015065913371,0.024858757062147,0.155178907721281,0.430885122410546,0.387570621468927
4,638,0,0,0,4,57,394,1118,1077,2650,0.0,0.0,0.0,0.001509433962264,0.021509433962264,0.148679245283019,0.42188679245283,0.406415094339623
4,639,0,0,0,1,64,383,1119,1078,2645,0.0,0.0,0.0,0.000378071833648,0.024196597353497,0.144801512287335,0.423062381852552,0.407561436672968
4,640,0,0,0,1,69,411,1101,1058,2640,0.0,0.0,0.0,0.000378787878788,0.026136363636364,0.155681818181818,0.417045454545455,0.400757575757576
4,641,0,0,0,4,50,394,1129,1058,2635,0.0,0.0,0.0,0.001518026565465,0.018975332068311,0.149525616698292,0.428462998102467,0.401518026565465
4,642,0,0,0,3,64,416,1134,1013,2630,0.0,0.0,0.0,0.001140684410646,0.024334600760456,0.158174904942966,0.431178707224335,0.385171102661597
4,643,0,0,0,2,54,398,1110,1061,2625,0.0,0.0,0.0,0.000761904761905,0.020571428571429,0.151619047619048,0.422857142857143,0.404190476190476
4,644,0,0,0,3,52,403,1103,1059,2620,0.0,0.0,0.0,0.001145038167939,0.019847328244275,0.15381679389313,0.420992366412214,0.404198473282443
4,645,0,0,0,1,51,425,1130,1008,2615,0.0,0.0,0.0,0.00038240917782,0.019502868068834,0.162523900573614,0.432122370936902,0.38546845124283
4,646,0,0,0,3,56,392,1124,1035,2610,0.0,0.0,0.0,0.001149425287356,0.021455938697318,0.150191570881226,0.430651340996169,0.396551724137931
4,647,0,0,1,3,63,373,1116,1049,2605,0.0,0.0,0.000383877159309,0.001151631477927,0.024184261036468,0.143186180422265,0.428406909788868,0.402687140115163
4,648,0,0,0,4,65,397,1126,1008,2600,0.0,0.0,0.0,0.001538461538462,0.025,0.152692307692308,0.433076923076923,0.387692307692308
4,649,0,0,0,8,48,365,1124,1050,2595,0.0,0.0,0.0,0.003082851637765,0.01849710982659,0.140655105973025,0.433140655105973,0.404624277456647
4,650,0,0,0,6,48,388,1073,1075,2590,0.0,0.0,0.0,0.002316602316602,0.018532818532819,0.14980694980695,0.414285714285714,0.415057915057915
4,651,0,0,0,4,75,384,1060,1062,2585,0.0,0.0,0.0,0.001547388781431,0.029013539651838,0.148549323017408,0.410058027079304,0.410831721470019
4,652,0,0,0,1,66,361,1060,1092,2580,0.0,0.0,0.0,0.000387596899225,0.025581395348837,0.139922480620155,0.410852713178295,0.423255813953488
4,653,0,0,0,2,56,385,1097,1035,2575,0.0,0.0,0.0,0.000776699029126,0.021747572815534,0.149514563106796,0.426019417475728,0.401941747572816
4,654,0,0,0,2,50,387,1122,1009,2570,0.0,0.0,0.0,0.000778210116732,0.019455252918288,0.150583657587549,0.436575875486381,0.392607003891051
4,655,0,0,0,2,57,389,1060,1057,2565,0.0,0.0,0.0,0.000779727095517,0.022222222222222,0.151656920077973,0.413255360623782,0.412085769980507
4,656,0,0,0,5,61,386,1091,1017,2560,0.0,0.0,0.0,0.001953125,0.023828125,0.15078125,0.426171875,0.397265625
4,657,0,0,0,3,57,403,1041,1051,2555,0.0,0.0,0.0,0.001174168297456,0.022309197651663,0.157729941291585,0.407436399217221,0.411350293542074
4,658,0,0,0,3,66,397,1117,967,2550,0.0,0.0,0.0,0.001176470588235,0.025882352941176,0.155686274509804,0.438039215686275,0.37921568627451
4,659,0,0,1,5,58,380,1083,1018,2545,0.0,0.0,0.000392927308448,0.00196463654224,0.02278978388998,0.149312377210216,0.425540275049116,0.4
4,660,0,0,0,4,53,405,1063,1015,2540,0.0,0.0,0.0,0.001574803149606,0.020866141732283,0.159448818897638,0.418503937007874,0.399606299212598
4,661,0,0,0,4,59,361,1100,1011,2535,0.0,0.0,0.0,0.001577909270217,0.0232741617357,0.142406311637081,0.433925049309665,0.398816568047337
4,662,0,0,0,1,45,387,1031,1066,2530,0.0,0.0,0.0,0.000395256916996,0.017786561264822,0.15296442687747,0.407509881422925,0.421343873517787
4,663,0,0,0,6,53,365,1052,1049,2525,0.0,0.0,0.0,0.002376237623762,0.020990099009901,0.144554455445545,0.416633663366337,0.415445544554455
4,664,0,0,0,7,58,395,1028,1032,2520,0.0,0.0,0.0,0.002777777777778,0.023015873015873,0.156746031746032,0.407936507936508,0.40952380952381
4,665,0,0,0,3,68,345,1097,1002,2515,0.0,0.0,0.0,0.001192842942346,0.027037773359841,0.137176938369781,0.436182902584493,0.398409542743539
4,666,0,0,0,3,57,389,1084,977,2510,0.0,0.0,0.0,0.001195219123506,0.022709163346614,0.154980079681275,0.431872509960159,0.389243027888446
4,667,0,0,1,3,54,397,1057,993,2505,0.0,0.0,0.000399201596806,0.001197604790419,0.021556886227545,0.158483033932136,0.421956087824351,0.396407185628742
4,668,0,0,0,3,51,364,1101,981,2500,0.0,0.0,0.0,0.0012,0.0204,0.1456,0.4404,0.3924
4,669,0,0,0,1,61,415,1032,986,2495,0.0,0.0,0.0,0.000400801603206,0.024448897795591,0.166332665330661,0.413627254509018,0.395190380761523
4,670,0,0,0,2,62,384,1024,1018,2490,0.0,0.0,0.0,0.000803212851406,0.024899598393574,0.15421686746988,0.411244979919679,0.408835341365462
4,671,0,0,0,6,64,397,1083,935,2485,0.0,0.0,0.0,0.002414486921529,0.025754527162978,0.159758551307847,0.435814889336016,0.37625754527163
4,672,0,0,0,7,59,343,1120,951,2480,0.0,0.0,0.0,0.002822580645161,0.023790322580645,0.138306451612903,0.451612903225806,0.383467741935484
4,673,0,0,0,3,54,361,1050,1007,2475,0.0,0.0,0.0,0.001212121212121,0.021818181818182,0.145858585858586,0.424242424242424,0.406868686868687
4,674,0,0,0,5,52,415,1015,983,2470,0.0,0.0,0.0,0.002024291497976,0.021052631578947,0.168016194331984,0.410931174089069,0.397975708502024
4,675,0,0,1,4,56,358,1033,1013,2465,0.0,0.0,0.000405679513185,0.001622718052738,0.022718052738337,0.145233265720081,0.419066937119675,0.410953346855984
4,676,0,0,0,4,60,369,997,1030,2460,0.0,0.0,0.0,0.001626016260163,0.024390243902439,0.15,0.405284552845528,0.41869918699187
4,677,0,0,0,1,51,386,1051,966,2455,0.0,0.0,0.0,0.00040733197556,0.020773930753564,0.157230142566191,0.428105906313646,0.393482688391039
4,678,0,0,0,4,61,373,1057,955,2450,0.0,0.0,0.0,0.001632653061224,0.024897959183673,0.152244897959184,0.431428571428571,0.389795918367347
4,679,0,0,0,2,65,350,1035,993,2445,0.0,0.0,0.0,0.00081799591002,0.026584867075665,0.143149284253579,0.423312883435583,0.406134969325153
4,680,0,0,1,3,70,413,1005,948,2440,0.0,0.0,0.000409836065574,0.001229508196721,0.028688524590164,0.169262295081967,0.411885245901639,0.388524590163934
4,681,0,0,0,4,54,347,1070,960,2435,0.0,0.0,0.0,0.001642710472279,0.02217659137577,0.142505133470226,0.439425051334702,0.394250513347023
4,682,0,0,1,2,53,362,1052,960,2430,0.0,0.0,0.000411522633745,0.00082304526749,0.021810699588477,0.148971193415638,0.432921810699588,0.395061728395062
4,683,0,0,0,3,57,374,1017,974,2425,0.0,0.0,0.0,0.001237113402062,0.023505154639175,0.154226804123711,0.419381443298969,0.401649484536082
4,684,0,0,0,2,34,358,1037,989,2420,0.0,0.0,0.0,0.000826446280992,0.01404958677686,0.147933884297521,0.428512396694215,0.408677685950413
4,685,0,0,0,2,59,361,1023,970,2415,0.0,0.0,0.0,0.000828157349896,0.024430641821946,0.149482401656315,0.42360248447205,0.401656314699793
4,686,0,0,0,3,47,405,1027,928,2410,0.0,0.0,0.0,0.001244813278008,0.019502074688797,0.16804979253112,0.426141078838174,0.3850622406639
4,687,0,0,0,5,61,372,1029,938,2405,0.0,0.0,0.0,0.002079002079002,0.025363825363825,0.154677754677755,0.427858627858628,0.39002079002079
4,688,0,0,1,4,55,363,1003,974,2400,0.0,0.0,0.000416666666667,0.001666666666667,0.022916666666667,0.15125,0.417916666666667,0.405833333333333
4,689,0,0,0,1,52,364,1011,967,2395,0.0,0.0,0.0,0.000417536534447,0.021711899791232,0.151983298538622,0.422129436325679,0.403757828810021
4,690,0,0,0,2,63,344,1015,966,2390,0.0,0.0,0.0,0.000836820083682,0.026359832635983,0.143933054393305,0.424686192468619,0.40418410041841
4,691,0,0,0,2,54,325,1023,981,2385,0.0,0.0,0.0,0.00083857442348,0.022641509433962,0.136268343815514,0.428930817610063,0.411320754716981
4,692,0,0,0,2,47,349,1023,959,2380,0.0,0.0,0.0,0.000840336134454,0.019747899159664,0.146638655462185,0.429831932773109,0.402941176470588
4,693,0,0,0,3,48,377,1003,944,2375,0.0,0.0,0.0,0.001263157894737,0.020210526315789,0.158736842105263,0.422315789473684,0.397473684210526
4,694,0,0,0,6,52,379,1008,925,2370,0.0,0.0,0.0,0.00253164556962,0.021940928270042,0.159915611814346,0.425316455696203,0.390295358649789
4,695,0,0,1,8,50,361,929,1016,2365,0.0,0.0,0.000422832980973,0.00338266384778,0.021141649048626,0.152642706131078,0.392811839323467,0.429598308668076
4,696,0,0,0,4,57,348,978,973,2360,0.0,0.0,0.0,0.001694915254237,0.024152542372881,0.147457627118644,0.414406779661017,0.41228813559322
4,697,0,0,0,4,67,385,979,920,2355,0.0,0.0,0.0,0.001698513800425,0.028450106157113,0.16348195329087,0.415711252653928,0.390658174097665
4,698,0,0,1,3,62,362,992,930,2350,0.0,0.0,0.000425531914894,0.001276595744681,0.026382978723404,0.154042553191489,0.422127659574468,0.395744680851064
4,699,0,0,0,1,50,342,1007,945,2345,0.0,0.0,0.0,0.000426439232409,0.021321961620469,0.145842217484009,0.429424307036247,0.402985074626866
4,700,0,0,0,4,48,346,1018,924,2340,0.0,0.0,0.0,0.001709401709402,0.020512820512821,0.147863247863248,0.435042735042735,0.394871794871795
4,701,0,0,0,3,60,365,991,916,2335,0.0,0.0,0.0,0.001284796573876,0.025695931477516,0.156316916488223,0.42441113490364,0.392291220556745
4,702,0,0,0,4,53,342,982,949,2330,0.0,0.0,0.0,0.001716738197425,0.02274678111588,0.146781115879828,0.421459227467811,0.407296137339056
4,703,0,0,0,2,56,337,1013,917,2325,0.0,0.0,0.0,0.000860215053763,0.024086021505376,0.14494623655914,0.435698924731183,0.394408602150538
4,704,0,0,0,2,45,328,990,955,2320,0.0,0.0,0.0,0.000862068965517,0.019396551724138,0.141379310344828,0.426724137931034,0.411637931034483
4,705,0,0,0,3,49,334,1045,884,2315,0.0,0.0,0.0,0.001295896328294,0.021166306695464,0.144276457883369,0.451403887688985,0.381857451403888
4,706,0,0,0,7,37,347,988,931,2310,0.0,0.0,0.0,0.003030303030303,0.016017316017316,0.15021645021645,0.427705627705628,0.403030303030303
4,707,0,0,0,2,60,309,979,955,2305,0.0,0.0,0.0,0.000867678958785,0.026030368763557,0.134056399132321,0.42472885032538,0.414316702819957
4,708,0,0,0,3,45,332,1032,888,2300,0.0,0.0,0.0,0.001304347826087,0.019565217391304,0.144347826086957,0.448695652173913,0.386086956521739
4,709,0,0,0,3,63,347,980,902,2295,0.0,0.0,0.0,0.001307189542484,0.027450980392157,0.15119825708061,0.427015250544662,0.393028322440087
4,710,0,0,0,2,48,342,1005,893,2290,0.0,0.0,0.0,0.000873362445415,0.020960698689956,0.149344978165939,0.438864628820961,0.389956331877729
4,711,0,0,0,2,32,369,993,889,2285,0.0,0.0,0.0,0.000875273522976,0.014004376367615,0.161487964989059,0.434573304157549,0.389059080962801
4,712,0,0,0,5,58,340,957,920,2280,0.0,0.0,0.0,0.00219298245614,0.025438596491228,0.149122807017544,0.419736842105263,0.403508771929825
4,713,0,0,0,2,54,357,970,892,2275,0.0,0.0,0.0,0.000879120879121,0.023736263736264,0.156923076923077,0.426373626373626,0.392087912087912
4,714,0,0,0,4,58,322,971,915,2270,0.0,0.0,0.0,0.001762114537445,0.025550660792952,0.141850220264317,0.427753303964758,0.403083700440529
4,715,0,0,0,4,53,341,966,901,2265,0.0,0.0,0.0,0.001766004415011,0.023399558498896,0.150551876379691,0.426490066225166,0.397792494481236
4,716,0,0,0,4,44,322,972,918,2260,0.0,0.0,0.0,0.001769911504425,0.019469026548673,0.142477876106195,0.430088495575221,0.406194690265487
4,717,0,0,1,3,41,322,958,930,2255,0.0,0.0,0.000443458980044,0.001330376940133,0.018181818181818,0.142793791574279,0.424833702882483,0.412416851441242
4,718,0,0,0,4,52,337,959,898,2250,0.0,0.0,0.0,0.001777777777778,0.023111111111111,0.149777777777778,0.426222222222222,0.399111111111111
4,719,0,0,0,5,52,348,944,896,2245,0.0,0.0,0.0,0.002227171492205,0.023162583518931,0.155011135857461,0.420489977728285,0.399109131403118
4,720,0,0,0,2,41,336,962,899,2240,0.0,0.0,0.0,0.000892857142857,0.018303571428571,0.15,0.429464285714286,0.401339285714286
4,721,0,0,0,2,41,352,982,858,2235,0.0,0.0,0.0,0.00089485458613,0.01834451901566,0.157494407158837,0.439373601789709,0.383892617449664
4,722,0,0,0,0,38,382,938,872,2230,0.0,0.0,0.0,0.0,0.017040358744395,0.171300448430493,0.420627802690583,0.391031390134529
4,723,0,0,0,5,46,340,919,915,2225,0.0,0.0,0.0,0.002247191011236,0.020674157303371,0.152808988764045,0.413033707865169,0.41123595505618
4,724,0,0,0,7,41,327,968,877,2220,0.0,0.0,0.0,0.003153153153153,0.018468468468468,0.147297297297297,0.436036036036036,0.395045045045045
4,725,0,0,1,1,56,316,986,855,2215,0.0,0.0,0.000451467268623,0.000451467268623,0.025282167042889,0.142663656884876,0.445146726862302,0.386004514672686
4,726,0,0,0,5,44,320,977,864,2210,0.0,0.0,0.0,0.002262443438914,0.019909502262443,0.144796380090498,0.442081447963801,0.390950226244344
4,727,0,0,0,7,47,356,921,874,2205,0.0,0.0,0.0,0.003174603174603,0.021315192743764,0.161451247165533,0.417687074829932,0.396371882086168
4,728,0,0,0,4,43,326,936,891,2200,0.0,0.0,0.0,0.001818181818182,0.019545454545455,0.148181818181818,0.425454545454545,0.405
4,729,0,0,0,0,55,316,923,901,2195,0.0,0.0,0.0,0.0,0.0250569476082,0.143963553530752,0.420501138952164,0.410478359908884
4,730,0,0,0,4,47,326,922,891,2190,0.0,0.0,0.0,0.001826484018265,0.021461187214612,0.148858447488584,0.421004566210046,0.406849315068493
4,731,0,0,0,5,52,336,893,899,2185,0.0,0.0,0.0,0.002288329519451,0.023798627002288,0.153775743707094,0.408695652173913,0.411441647597254
4,732,0,0,0,2,46,331,937,864,2180,0.0,0.0,0.0,0.000917431192661,0.021100917431193,0.151834862385321,0.429816513761468,0.396330275229358
4,733,0,0,0,6,56,313,889,911,2175,0.0,0.0,0.0,0.002758620689655,0.025747126436782,0.143908045977011,0.408735632183908,0.418850574712644
4,734,0,0,0,1,52,310,921,886,2170,0.0,0.0,0.0,0.000460829493088,0.023963133640553,0.142857142857143,0.424423963133641,0.408294930875576
4,735,0,0,0,2,45,307,917,894,2165,0.0,0.0,0.0,0.000923787528868,0.020785219399538,0.141801385681293,0.423556581986143,0.412933025404157
4,736,0,0,0,4,51,352,873,880,2160,0.0,0.0,0.0,0.001851851851852,0.023611111111111,0.162962962962963,0.404166666666667,0.407407407407407
4,737,0,0,0,2,45,310,932,866,2155,0.0,0.0,0.0,0.00092807424594,0.020881670533643,0.14385150812065,0.432482598607889,0.401856148491879
4,738,0,0,0,1,41,316,931,861,2150,0.0,0.0,0.0,0.00046511627907,0.01906976744186,0.146976744186047,0.433023255813954,0.40046511627907
4,739,0,0,0,4,47,318,905,871,2145,0.0,0.0,0.0,0.001864801864802,0.021911421911422,0.148251748251748,0.421911421911422,0.406060606060606
4,740,0,0,0,1,57,291,951,840,2140,0.0,0.0,0.0,0.000467289719626,0.026635514018692,0.135981308411215,0.444392523364486,0.392523364485981
4,741,0,0,0,2,47,320,930,836,2135,0.0,0.0,0.0,0.000936768149883,0.022014051522248,0.149882903981265,0.43559718969555,0.391569086651054
4,742,0,0,0,3,53,314,927,833,2130,0.0,0.0,0.0,0.001408450704225,0.024882629107981,0.147417840375587,0.435211267605634,0.391079812206573
4,743,0,0,0,3,62,301,911,848,2125,0.0,0.0,0.0,0.001411764705882,0.029176470588235,0.141647058823529,0.428705882352941,0.399058823529412
4,744,0,0,0,5,54,311,914,836,2120,0.0,0.0,0.0,0.002358490566038,0.025471698113208,0.146698113207547,0.431132075471698,0.394339622641509
4,745,0,0,0,1,50,294,935,835,2115,0.0,0.0,0.0,0.000472813238771,0.023640661938534,0.139007092198582,0.442080378250591,0.394799054373522
4,746,0,0,0,3,32,313,874,888,2110,0.0,0.0,0.0,0.001421800947867,0.015165876777251,0.148341232227488,0.414218009478673,0.42085308056872
4,747,0,0,0,2,40,311,914,838,2105,0.0,0.0,0.0,0.000950118764846,0.019002375296912,0.147743467933492,0.434204275534442,0.398099762470309
4,748,0,0,0,4,37,328,891,840,2100,0.0,0.0,0.0,0.001904761904762,0.017619047619048,0.156190476190476,0.424285714285714,0.4
4,749,0,0,0,2,49,344,866,834,2095,0.0,0.0,0.0,0.000954653937947,0.023389021479714,0.164200477326969,0.413365155131265,0.398090692124105
4,750,0,0,0,3,41,280,914,852,2090,0.0,0.0,0.0,0.001435406698565,0.019617224880383,0.133971291866029,0.437320574162679,0.407655502392344
4,751,0,0,0,2,47,324,889,823,2085,0.0,0.0,0.0,0.000959232613909,0.022541966426859,0.155395683453237,0.426378896882494,0.394724220623501
4,752,0,0,0,1,45,315,878,841,2080,0.0,0.0,0.0,0.000480769230769,0.021634615384615,0.151442307692308,0.422115384615385,0.404326923076923
4,753,0,0,0,6,48,317,892,812,2075,0.0,0.0,0.0,0.00289156626506,0.023132530120482,0.152771084337349,0.429879518072289,0.391325301204819
4,754,0,0,0,4,45,321,908,792,2070,0.0,0.0,0.0,0.001932367149758,0.021739130434783,0.155072463768116,0.438647342995169,0.382608695652174
4,755,0,0,0,1,58,322,885,799,2065,0.0,0.0,0.0,0.000484261501211,0.028087167070218,0.155932203389831,0.428571428571429,0.386924939467312
4,756,0,0,0,5,50,334,833,838,2060,0.0,0.0,0.0,0.002427184466019,0.024271844660194,0.162135922330097,0.404368932038835,0.406796116504854
4,757,0,0,0,3,40,319,849,844,2055,0.0,0.0,0.0,0.001459854014599,0.019464720194647,0.155231143552311,0.413138686131387,0.410705596107056
4,758,0,0,0,5,46,335,855,809,2050,0.0,0.0,0.0,0.002439024390244,0.022439024390244,0.163414634146341,0.417073170731707,0.394634146341463
4,759,0,0,0,0,36,335,884,790,2045,0.0,0.0,0.0,0.0,0.01760391198044,0.163814180929095,0.432273838630807,0.386308068459658
4,760,0,0,0,2,52,294,890,802,2040,0.0,0.0,0.0,0.000980392156863,0.025490196078431,0.144117647058824,0.436274509803922,0.393137254901961
4,761,0,0,1,9,39,317,893,776,2035,0.0,0.0,0.0004914004914,0.004422604422604,0.019164619164619,0.155773955773956,0.438820638820639,0.381326781326781
4,762,0,0,0,3,42,290,874,821,2030,0.0,0.0,0.0,0.001477832512315,0.020689655172414,0.142857142857143,0.430541871921182,0.404433497536946
4,763,0,0,0,0,31,311,844,839,2025,0.0,0.0,0.0,0.0,0.015308641975309,0.15358024691358,0.41679012345679,0.414320987654321
4,764,0,0,0,3,34,301,859,823,2020,0.0,0.0,0.0,0.001485148514851,0.016831683168317,0.149009900990099,0.425247524752475,0.407425742574257
4,765,0,0,0,1,44,321,858,791,2015,0.0,0.0,0.0,0.000496277915633,0.021836228287841,0.159305210918114,0.425806451612903,0.392555831265509
4,766,0,0,0,2,34,301,876,797,2010,0.0,0.0,0.0,0.000995024875622,0.016915422885572,0.149751243781095,0.435820895522388,0.396517412935323
4,767,0,0,0,3,35,326,815,826,2005,0.0,0.0,0.0,0.001496259351621,0.017456359102244,0.162593516209476,0.406483790523691,0.411970074812968
4,768,0,0,0,2,49,312,847,790,2000,0.0,0.0,0.0,0.001,0.0245,0.156,0.4235,0.395
4,769,0,0,1,1,45,349,856,743,1995,0.0,0.0,0.000501253132832,0.000501253132832,0.022556390977444,0.174937343358396,0.429072681704261,0.372431077694236
4,770,0,0,0,3,42,307,815,823,1990,0.0,0.0,0.0,0.001507537688442,0.021105527638191,0.15427135678392,0.409547738693467,0.41356783919598
4,771,0,0,0,4,44,325,794,818,1985,0.0,0.0,0.0,0.002015113350126,0.022166246851385,0.163727959697733,0.4,0.412090680100756
4,772,0,0,0,2,47,283,815,833,1980,0.0,0.0,0.0,0.001010101010101,0.023737373737374,0.142929292929293,0.411616161616162,0.420707070707071
4,773,0,0,0,2,38,284,849,802,1975,0.0,0.0,0.0,0.001012658227848,0.019240506329114,0.14379746835443,0.429873417721519,0.406075949367089
4,774,0,0,0,0,42,276,853,799,1970,0.0,0.0,0.0,0.0,0.021319796954315,0.14010152284264,0.432994923857868,0.405583756345178
4,775,0,0,0,4,35,294,855,777,1965,0.0,0.0,0.0,0.002035623409669,0.017811704834606,0.149618320610687,0.435114503816794,0.395419847328244
4,776,0,0,0,2,50,306,796,806,1960,0.0,0.0,0.0,0.001020408163265,0.025510204081633,0.156122448979592,0.406122448979592,0.411224489795918
4,777,0,0,1,4,33,307,841,769,1955,0.0,0.0,0.000511508951407,0.002046035805627,0.016879795396419,0.157033248081841,0.430179028132992,0.393350383631714
4,778,0,0,0,3,30,307,817,793,1950,0.0,0.0,0.0,0.001538461538462,0.015384615384615,0.157435897435897,0.418974358974359,0.406666666666667
4,779,0,0,0,6,40,281,814,804,1945,0.0,0.0,0.0,0.003084832904884,0.020565552699229,0.144473007712082,0.418508997429306,0.413367609254499
4,780,0,0,0,0,41,306,776,817,1940,0.0,0.0,0.0,0.0,0.021134020618557,0.157731958762887,0.4,0.421134020618557
4,781,0,0,0,2,42,286,837,768,1935,0.0,0.0,0.0,0.001033591731266,0.021705426356589,0.147803617571059,0.432558139534884,0.396899224806202
4,782,0,0,0,2,35,304,736,853,1930,0.0,0.0,0.0,0.001036269430052,0.018134715025907,0.157512953367876,0.381347150259067,0.441968911917098
4,783,0,0,0,4,46,291,827,757,1925,0.0,0.0,0.0,0.002077922077922,0.023896103896104,0.151168831168831,0.42961038961039,0.393246753246753
4,784,0,0,0,2,42,284,826,766,1920,0.0,0.0,0.0,0.001041666666667,0.021875,0.147916666666667,0.430208333333333,0.398958333333333
4,785,0,0,0,5,34,268,822,786,1915,0.0,0.0,0.0,0.002610966057441,0.017754569190601,0.139947780678851,0.429242819843342,0.410443864229765
4,786,0,0,0,0,50,279,783,798,1910,0.0,0.0,0.0,0.0,0.026178010471204,0.146073298429319,0.409947643979058,0.417801047120419
4,787,0,0,0,2,41,261,828,773,1905,0.0,0.0,0.0,0.001049868766404,0.021522309711286,0.137007874015748,0.434645669291339,0.405774278215223
4,788,0,0,0,3,34,264,819,780,1900,0.0,0.0,0.0,0.001578947368421,0.017894736842105,0.138947368421053,0.431052631578947,0.410526315789474
4,789,0,0,1,0,44,281,823,746,1895,0.0,0.0,0.000527704485488,0.0,0.023218997361478,0.148284960422164,0.434300791556728,0.393667546174142
4,790,0,0,0,3,53,280,777,777,1890,0.0,0.0,0.0,0.001587301587302,0.028042328042328,0.148148148148148,0.411111111111111,0.411111111111111
4,791,0,0,0,2,44,259,796,784,1885,0.0,0.0,0.0,0.00106100795756,0.023342175066313,0.137400530503979,0.422281167108753,0.415915119363395
4,792,0,0,0,7,46,306,786,735,1880,0.0,0.0,0.0,0.003723404255319,0.024468085106383,0.162765957446809,0.418085106382979,0.390957446808511
4,793,0,0,0,1,44,298,765,767,1875,0.0,0.0,0.0,0.000533333333333,0.023466666666667,0.158933333333333,0.408,0.409066666666667
4,794,0,0,0,2,39,264,789,776,1870,0.0,0.0,0.0,0.001069518716578,0.020855614973262,0.141176470588235,0.42192513368984,0.414973262032086
4,795,0,0,0,3,39,289,794,740,1865,0.0,0.0,0.0,0.001608579088472,0.020911528150134,0.154959785522788,0.42573726541555,0.396782841823056
4,796,0,0,1,3,47,263,829,717,1860,0.0,0.0,0.000537634408602,0.001612903225806,0.025268817204301,0.141397849462366,0.445698924731183,0.385483870967742
4,797,0,0,0,2,39,275,803,736,1855,0.0,0.0,0.0,0.001078167115903,0.021024258760108,0.148247978436658,0.43288409703504,0.396765498652291
4,798,0,0,0,0,39,295,798,718,1850,0.0,0.0,0.0,0.0,0.021081081081081,0.159459459459459,0.431351351351351,0.388108108108108
4,799,0,0,0,0,49,281,793,722,1845,0.0,0.0,0.0,0.0,0.026558265582656,0.15230352303523,0.429810298102981,0.391327913279133
4,800,0,0,0,7,47,287,798,701,1840,0.0,0.0,0.0,0.003804347826087,0.02554347826087,0.155978260869565,0.433695652173913,0.380978260869565
4,801,0,0,0,2,48,267,814,704,1835,0.0,0.0,0.0,0.001089918256131,0.026158038147139,0.145504087193461,0.443596730245232,0.383651226158038
4,802,0,0,0,1,56,275,798,700,1830,0.0,0.0,0.0,0.000546448087432,0.030601092896175,0.150273224043716,0.436065573770492,0.382513661202186
4,803,0,0,1,0,47,263,810,704,1825,0.0,0.0,0.000547945205479,0.0,0.025753424657534,0.144109589041096,0.443835616438356,0.385753424657534
4,804,0,0,0,5,34,308,708,765,1820,0.0,0.0,0.0,0.002747252747253,0.018681318681319,0.169230769230769,0.389010989010989,0.42032967032967
4,805,0,0,0,2,45,263,747,758,1815,0.0,0.0,0.0,0.001101928374656,0.024793388429752,0.144903581267218,0.411570247933884,0.41763085399449
4,806,0,0,1,1,40,275,767,726,1810,0.0,0.0,0.000552486187845,0.000552486187845,0.022099447513812,0.151933701657459,0.423756906077348,0.401104972375691
4,807,0,0,0,1,46,241,736,781,1805,0.0,0.0,0.0,0.000554016620499,0.025484764542936,0.133518005540166,0.407756232686981,0.432686980609418
4,808,0,0,0,2,39,281,763,715,1800,0.0,0.0,0.0,0.001111111111111,0.021666666666667,0.156111111111111,0.423888888888889,0.397222222222222
4,809,0,0,0,1,42,279,747,726,1795,0.0,0.0,0.0,0.000557103064067,0.023398328690808,0.155431754874652,0.416155988857939,0.404456824512535
4,810,0,0,0,2,47,262,758,721,1790,0.0,0.0,0.0,0.001117318435754,0.026256983240223,0.146368715083799,0.423463687150838,0.402793296089385
4,811,0,0,0,1,41,274,758,711,1785,0.0,0.0,0.0,0.000560224089636,0.02296918767507,0.153501400560224,0.424649859943978,0.398319327731092
4,812,0,0,0,0,28,237,792,723,1780,0.0,0.0,0.0,0.0,0.015730337078652,0.13314606741573,0.444943820224719,0.406179775280899
4,813,0,0,0,2,42,271,750,710,1775,0.0,0.0,0.0,0.00112676056338,0.023661971830986,0.152676056338028,0.422535211267606,0.4
4,814,0,0,0,3,43,271,751,702,1770,0.0,0.0,0.0,0.001694915254237,0.024293785310734,0.153107344632768,0.424293785310734,0.396610169491525
4,815,0,0,0,2,34,272,733,724,1765,0.0,0.0,0.0,0.001133144475921,0.019263456090652,0.154107648725212,0.415297450424929,0.410198300283286
4,816,0,0,0,5,30,281,731,713,1760,0.0,0.0,0.0,0.002840909090909,0.017045454545455,0.159659090909091,0.415340909090909,0.405113636363636
4,817,0,0,0,4,49,250,758,694,1755,0.0,0.0,0.0,0.002279202279202,0.027920227920228,0.142450142450142,0.431908831908832,0.395441595441595
4,818,0,0,0,2,44,271,749,684,1750,0.0,0.0,0.0,0.001142857142857,0.025142857142857,0.154857142857143,0.428,0.390857142857143
4,819,0,0,0,0,49,239,752,705,1745,0.0,0.0,0.0,0.0,0.028080229226361,0.136962750716332,0.430945558739255,0.404011461318052
4,820,0,0,0,2,41,239,762,696,1740,0.0,0.0,0.0,0.001149425287356,0.023563218390805,0.13735632183908,0.437931034482759,0.4
4,821,0,0,0,3,49,279,697,707,1735,0.0,0.0,0.0,0.001729106628242,0.028242074927954,0.160806916426513,0.401729106628242,0.407492795389049
4,822,0,0,0,2,45,258,728,697,1730,0.0,0.0,0.0,0.001156069364162,0.026011560693642,0.149132947976879,0.420809248554913,0.402890173410405
4,823,0,0,0,4,44,272,701,704,1725,0.0,0.0,0.0,0.00231884057971,0.025507246376812,0.15768115942029,0.406376811594203,0.408115942028985
4,824,0,0,0,4,36,252,721,707,1720,0.0,0.0,0.0,0.002325581395349,0.02093023255814,0.146511627906977,0.419186046511628,0.411046511627907
4,825,0,0,0,3,37,261,734,680,1715,0.0,0.0,0.0,0.001749271137026,0.021574344023324,0.152186588921283,0.42798833819242,0.396501457725948
4,826,0,0,1,0,32,253,750,674,1710,0.0,0.0,0.000584795321637,0.0,0.018713450292398,0.147953216374269,0.43859649122807,0.394152046783626
4,827,0,0,0,1,33,251,745,675,1705,0.0,0.0,0.0,0.00058651026393,0.019354838709677,0.147214076246334,0.436950146627566,0.395894428152493
4,828,0,0,0,4,36,262,703,695,1700,0.0,0.0,0.0,0.002352941176471,0.021176470588235,0.154117647058824,0.413529411764706,0.408823529411765
4,829,0,0,0,4,25,250,715,701,1695,0.0,0.0,0.0,0.0023598820059,0.014749262536873,0.147492625368732,0.421828908554572,0.413569321533923
4,830,0,0,0,1,53,283,702,651,1690,0.0,0.0,0.0,0.000591715976331,0.031360946745562,0.167455621301775,0.415384615384615,0.385207100591716
4,831,0,0,0,1,43,264,700,677,1685,0.0,0.0,0.0,0.000593471810089,0.025519287833828,0.156676557863501,0.415430267062315,0.401780415430267
4,832,0,0,0,1,36,278,699,666,1680,0.0,0.0,0.0,0.000595238095238,0.021428571428571,0.16547619047619,0.416071428571429,0.396428571428571
4,833,0,0,0,1,42,267,696,669,1675,0.0,0.0,0.0,0.000597014925373,0.025074626865672,0.159402985074627,0.415522388059701,0.399402985074627
4,834,0,0,0,6,29,240,724,671,1670,0.0,0.0,0.0,0.003592814371257,0.017365269461078,0.143712574850299,0.433532934131737,0.401796407185629
4,835,0,0,0,2,39,241,726,657,1665,0.0,0.0,0.0,0.001201201201201,0.023423423423423,0.144744744744745,0.436036036036036,0.394594594594595
4,836,0,0,0,2,36,255,686,681,1660,0.0,0.0,0.0,0.001204819277108,0.021686746987952,0.153614457831325,0.413253012048193,0.410240963855422
4,837,0,0,0,3,38,263,694,657,1655,0.0,0.0,0.0,0.001812688821752,0.022960725075529,0.158912386706949,0.419335347432024,0.396978851963746
4,838,0,0,0,2,30,264,698,656,1650,0.0,0.0,0.0,0.001212121212121,0.018181818181818,0.16,0.423030303030303,0.397575757575758
4,839,0,0,0,1,39,248,674,683,1645,0.0,0.0,0.0,0.000607902735562,0.02370820668693,0.150759878419453,0.409726443768997,0.415197568389058
4,840,0,0,0,2,35,267,700,636,1640,0.0,0.0,0.0,0.001219512195122,0.021341463414634,0.16280487804878,0.426829268292683,0.38780487804878
4,841,0,0,0,2,47,249,666,671,1635,0.0,0.0,0.0,0.001223241590214,0.028746177370031,0.152293577981651,0.407339449541284,0.41039755351682
4,842,0,0,0,4,37,261,686,642,1630,0.0,0.0,0.0,0.002453987730061,0.022699386503067,0.160122699386503,0.420858895705521,0.393865030674847
4,843,0,0,0,6,39,262,672,646,1625,0.0,0.0,0.0,0.003692307692308,0.024,0.161230769230769,0.413538461538462,0.397538461538462
4,844,0,0,0,0,34,231,675,680,1620,0.0,0.0,0.0,0.0,0.020987654320988,0.142592592592593,0.416666666666667,0.419753086419753
4,845,0,0,1,1,33,263,693,624,1615,0.0,0.0,0.00061919504644,0.00061919504644,0.020433436532508,0.162848297213622,0.429102167182663,0.386377708978328
4,846,0,0,0,1,43,266,647,653,1610,0.0,0.0,0.0,0.000621118012422,0.026708074534161,0.165217391304348,0.401863354037267,0.405590062111801
4,847,0,0,0,3,32,242,685,643,1605,0.0,0.0,0.0,0.001869158878505,0.01993769470405,0.150778816199377,0.426791277258567,0.400623052959502
4,848,0,0,0,0,38,264,690,608,1600,0.0,0.0,0.0,0.0,0.02375,0.165,0.43125,0.38
4,849,0,0,0,4,37,239,653,662,1595,0.0,0.0,0.0,0.002507836990596,0.023197492163009,0.149843260188088,0.409404388714734,0.415047021943574
4,850,0,0,1,1,35,244,678,631,1590,0.0,0.0,0.00062893081761,0.00062893081761,0.022012578616352,0.153459119496855,0.426415094339623,0.39685534591195
4,851,0,0,0,2,40,237,652,654,1585,0.0,0.0,0.0,0.001261829652997,0.025236593059937,0.149526813880126,0.411356466876972,0.412618296529968
4,852,0,0,0,0,43,207,679,651,1580,0.0,0.0,0.0,0.0,0.027215189873418,0.131012658227848,0.429746835443038,0.412025316455696
4,853,0,0,0,1,33,234,670,637,1575,0.0,0.0,0.0,0.000634920634921,0.020952380952381,0.148571428571429,0.425396825396825,0.404444444444444
4,854,0,0,0,4,33,235,705,593,1570,0.0,0.0,0.0,0.002547770700637,0.021019108280255,0.14968152866242,0.449044585987261,0.377707006369427
4,855,0,0,0,4,51,232,617,661,1565,0.0,0.0,0.0,0.002555910543131,0.03258785942492,0.148242811501597,0.394249201277955,0.422364217252396
4,856,0,0,0,1,26,211,661,661,1560,0.0,0.0,0.0,0.000641025641026,0.016666666666667,0.13525641025641,0.423717948717949,0.423717948717949
4,857,0,0,0,1,45,226,657,626,1555,0.0,0.0,0.0,0.00064308681672,0.028938906752412,0.145337620578778,0.422508038585209,0.402572347266881
4,858,0,0,0,2,33,217,656,642,1550,0.0,0.0,0.0,0.001290322580645,0.021290322580645,0.14,0.423225806451613,0.414193548387097
4,859,0,0,0,1,36,222,682,604,1545,0.0,0.0,0.0,0.000647249190939,0.023300970873786,0.14368932038835,0.441423948220065,0.390938511326861
4,860,0,0,0,8,28,230,642,632,1540,0.0,0.0,0.0,0.005194805194805,0.018181818181818,0.149350649350649,0.416883116883117,0.41038961038961
4,861,0,0,0,2,30,224,697,582,1535,0.0,0.0,0.0,0.001302931596091,0.019543973941368,0.145928338762215,0.454071661237785,0.379153094462541
4,862,0,0,0,1,39,233,661,596,1530,0.0,0.0,0.0,0.000653594771242,0.025490196078431,0.152287581699346,0.43202614379085,0.389542483660131
4,863,0,0,0,2,28,241,632,622,1525,0.0,0.0,0.0,0.001311475409836,0.018360655737705,0.158032786885246,0.414426229508197,0.407868852459016
4,864,0,0,0,1,28,245,612,634,1520,0.0,0.0,0.0,0.000657894736842,0.018421052631579,0.161184210526316,0.402631578947368,0.417105263157895
4,865,0,0,0,2,26,221,665,601,1515,0.0,0.0,0.0,0.001320132013201,0.017161716171617,0.145874587458746,0.438943894389439,0.396699669966997
4,866,0,0,0,2,33,214,624,637,1510,0.0,0.0,0.0,0.001324503311258,0.021854304635762,0.141721854304636,0.413245033112583,0.421854304635762
4,867,0,0,0,1,34,211,646,613,1505,0.0,0.0,0.0,0.000664451827243,0.022591362126246,0.140199335548173,0.429235880398671,0.407308970099668
4,868,0,0,0,4,34,230,646,586,1500,0.0,0.0,0.0,0.002666666666667,0.022666666666667,0.153333333333333,0.430666666666667,0.390666666666667
4,869,0,0,0,0,35,224,634,602,1495,0.0,0.0,0.0,0.0,0.023411371237458,0.149832775919732,0.424080267558528,0.402675585284281
4,870,0,0,0,2,35,247,610,596,1490,0.0,0.0,0.0,0.001342281879195,0.023489932885906,0.165771812080537,0.409395973154362,0.4
4,871,0,0,0,1,36,188,685,575,1485,0.0,0.0,0.0,0.000673400673401,0.024242424242424,0.126599326599327,0.461279461279461,0.387205387205387
4,872,0,0,0,2,37,202,621,618,1480,0.0,0.0,0.0,0.001351351351351,0.025,0.136486486486486,0.419594594594595,0.417567567567568
4,873,0,0,0,1,39,210,629,596,1475,0.0,0.0,0.0,0.000677966101695,0.026440677966102,0.142372881355932,0.426440677966102,0.40406779661017
4,874,0,0,0,0,34,212,614,610,1470,0.0,0.0,0.0,0.0,0.02312925170068,0.14421768707483,0.417687074829932,0.414965986394558
4,875,0,0,0,1,33,224,620,587,1465,0.0,0.0,0.0,0.000682593856655,0.022525597269625,0.152901023890785,0.42320819112628,0.400682593856655
4,876,0,0,0,4,38,244,603,571,1460,0.0,0.0,0.0,0.002739726027397,0.026027397260274,0.167123287671233,0.413013698630137,0.391095890410959
4,877,0,0,0,0,34,241,612,568,1455,0.0,0.0,0.0,0.0,0.023367697594502,0.165635738831615,0.420618556701031,0.390378006872852
4,878,0,0,0,2,39,211,564,634,1450,0.0,0.0,0.0,0.001379310344828,0.026896551724138,0.14551724137931,0.388965517241379,0.437241379310345
4,879,0,0,0,2,32,209,616,586,1445,0.0,0.0,0.0,0.001384083044983,0.022145328719723,0.144636678200692,0.426297577854671,0.405536332179931
4,880,0,0,0,0,29,228,617,566,1440,0.0,0.0,0.0,0.0,0.020138888888889,0.158333333333333,0.428472222222222,0.393055555555556
4,881,0,0,0,2,30,203,642,558,1435,0.0,0.0,0.0,0.001393728222997,0.020905923344948,0.141463414634146,0.447386759581882,0.388850174216028
4,882,0,0,0,3,33,220,623,551,1430,0.0,0.0,0.0,0.002097902097902,0.023076923076923,0.153846153846154,0.435664335664336,0.385314685314685
4,883,0,0,0,0,32,241,587,565,1425,0.0,0.0,0.0,0.0,0.022456140350877,0.169122807017544,0.411929824561404,0.396491228070175
4,884,0,0,0,2,32,199,584,603,1420,0.0,0.0,0.0,0.001408450704225,0.022535211267606,0.140140845070423,0.411267605633803,0.424647887323944
4,885,0,0,0,5,33,212,596,569,1415,0.0,0.0,0.0,0.003533568904594,0.023321554770318,0.14982332155477,0.421201413427562,0.402120141342756
4,886,0,0,0,2,31,230,603,544,1410,0.0,0.0,0.0,0.001418439716312,0.021985815602837,0.163120567375887,0.427659574468085,0.385815602836879
4,887,0,0,0,2,27,201,579,596,1405,0.0,0.0,0.0,0.001423487544484,0.019217081850534,0.143060498220641,0.412099644128114,0.424199288256228
4,888,0,0,0,2,38,192,592,576,1400,0.0,0.0,0.0,0.001428571428571,0.027142857142857,0.137142857142857,0.422857142857143,0.411428571428571
4,889,0,0,0,3,29,209,595,559,1395,0.0,0.0,0.0,0.002150537634409,0.02078853046595,0.149820788530466,0.426523297491039,0.400716845878136
4,890,0,0,0,6,32,210,558,584,1390,0.0,0.0,0.0,0.00431654676259,0.023021582733813,0.151079136690647,0.401438848920863,0.420143884892086
4,891,0,0,0,3,39,197,582,564,1385,0.0,0.0,0.0,0.002166064981949,0.028158844765343,0.142238267148014,0.420216606498195,0.407220216606498
4,892,0,0,0,1,22,195,562,600,1380,0.0,0.0,0.0,0.000724637681159,0.015942028985507,0.141304347826087,0.407246376811594,0.434782608695652
4,893,0,0,0,3,39,214,559,560,1375,0.0,0.0,0.0,0.002181818181818,0.028363636363636,0.155636363636364,0.406545454545455,0.407272727272727
4,894,0,0,0,0,28,235,543,564,1370,0.0,0.0,0.0,0.0,0.02043795620438,0.171532846715328,0.396350364963504,0.411678832116788
4,895,0,0,0,0,31,229,566,539,1365,0.0,0.0,0.0,0.0,0.022710622710623,0.167765567765568,0.414652014652015,0.394871794871795
4,896,0,0,0,1,19,200,593,547,1360,0.0,0.0,0.0,0.000735294117647,0.013970588235294,0.147058823529412,0.436029411764706,0.402205882352941
4,897,0,0,1,2,31,194,592,535,1355,0.0,0.0,0.000738007380074,0.001476014760148,0.022878228782288,0.143173431734317,0.43690036900369,0.394833948339483
4,898,0,0,0,3,25,211,561,550,1350,0.0,0.0,0.0,0.002222222222222,0.018518518518519,0.156296296296296,0.415555555555556,0.407407407407407
4,899,0,0,0,2,32,201,583,527,1345,0.0,0.0,0.0,0.001486988847584,0.023791821561338,0.149442379182156,0.433457249070632,0.39182156133829
4,900,0,0,0,3,29,226,535,547,1340,0.0,0.0,0.0,0.002238805970149,0.021641791044776,0.16865671641791,0.399253731343284,0.408208955223881
4,901,0,0,0,2,37,191,567,538,1335,0.0,0.0,0.0,0.001498127340824,0.027715355805243,0.143071161048689,0.424719101123596,0.402996254681648
4,902,0,0,0,2,35,211,552,530,1330,0.0,0.0,0.0,0.001503759398496,0.026315789473684,0.158646616541353,0.415037593984962,0.398496240601504
4,903,0,0,0,9,26,194,542,554,1325,0.0,0.0,0.0,0.006792452830189,0.019622641509434,0.146415094339623,0.409056603773585,0.41811320754717
4,904,0,0,0,1,31,198,573,517,1320,0.0,0.0,0.0,0.000757575757576,0.023484848484848,0.15,0.434090909090909,0.391666666666667
4,905,0,0,0,5,31,196,564,519,1315,0.0,0.0,0.0,0.003802281368821,0.023574144486692,0.149049429657795,0.428897338403042,0.39467680608365
4,906,0,0,0,2,29,182,549,548,1310,0.0,0.0,0.0,0.001526717557252,0.022137404580153,0.138931297709924,0.419083969465649,0.418320610687023
4,907,0,0,0,0,32,205,547,521,1305,0.0,0.0,0.0,0.0,0.024521072796935,0.157088122605364,0.419157088122605,0.399233716475096
4,908,0,0,0,3,44,194,560,499,1300,0.0,0.0,0.0,0.002307692307692,0.033846153846154,0.149230769230769,0.430769230769231,0.383846153846154
4,909,0,0,0,1,27,197,553,517,1295,0.0,0.0,0.0,0.000772200772201,0.020849420849421,0.152123552123552,0.427027027027027,0.399227799227799
4,910,0,0,0,3,30,192,545,520,1290,0.0,0.0,0.0,0.002325581395349,0.023255813953488,0.148837209302326,0.422480620155039,0.403100775193798
4,911,0,0,0,3,33,202,571,476,1285,0.0,0.0,0.0,0.002334630350195,0.02568093385214,0.157198443579767,0.444357976653696,0.370428015564202
4,912,0,0,0,0,29,199,522,530,1280,0.0,0.0,0.0,0.0,0.02265625,0.15546875,0.4078125,0.4140625
4,913,0,0,0,2,27,186,543,517,1275,0.0,0.0,0.0,0.00156862745098,0.021176470588235,0.145882352941176,0.425882352941176,0.405490196078431
4,914,0,0,0,1,28,198,572,471,1270,0.0,0.0,0.0,0.000787401574803,0.022047244094488,0.155905511811024,0.450393700787402,0.370866141732283
4,915,0,0,0,1,24,201,523,516,1265,0.0,0.0,0.0,0.000790513833992,0.01897233201581,0.158893280632411,0.413438735177866,0.407905138339921
4,916,0,0,0,5,28,192,530,505,1260,0.0,0.0,0.0,0.003968253968254,0.022222222222222,0.152380952380952,0.420634920634921,0.400793650793651
4,917,0,0,0,1,28,191,562,473,1255,0.0,0.0,0.0,0.000796812749004,0.022310756972112,0.152191235059761,0.447808764940239,0.376892430278884
4,918,0,0,0,0,30,202,524,494,1250,0.0,0.0,0.0,0.0,0.024,0.1616,0.4192,0.3952
4,919,0,0,0,1,22,192,534,496,1245,0.0,0.0,0.0,0.000803212851406,0.017670682730924,0.15421686746988,0.428915662650602,0.398393574297189
4,920,0,0,0,3,28,170,538,501,1240,0.0,0.0,0.0,0.00241935483871,0.02258064516129,0.137096774193548,0.433870967741936,0.404032258064516
4,921,0,0,0,0,25,204,521,485,1235,0.0,0.0,0.0,0.0,0.020242914979757,0.165182186234818,0.421862348178138,0.392712550607287
4,922,0,0,0,2,26,181,544,477,1230,0.0,0.0,0.0,0.001626016260163,0.021138211382114,0.147154471544715,0.442276422764228,0.38780487804878
4,923,0,0,0,3,21,164,522,515,1225,0.0,0.0,0.0,0.002448979591837,0.017142857142857,0.133877551020408,0.426122448979592,0.420408163265306
4,924,0,0,0,1,32,191,515,481,1220,0.0,0.0,0.0,0.000819672131148,0.026229508196721,0.15655737704918,0.422131147540984,0.394262295081967
4,925,0,0,0,3,28,200,499,485,1215,0.0,0.0,0.0,0.002469135802469,0.023045267489712,0.164609053497942,0.410699588477366,0.39917695473251
4,926,0,0,1,2,27,167,523,490,1210,0.0,0.0,0.000826446280992,0.001652892561983,0.022314049586777,0.13801652892562,0.432231404958678,0.40495867768595
4,927,0,0,0,0,33,188,517,467,1205,0.0,0.0,0.0,0.0,0.027385892116183,0.156016597510373,0.429045643153527,0.387551867219917
4,928,0,0,0,1,32,182,510,475,1200,0.0,0.0,0.0,0.000833333333333,0.026666666666667,0.151666666666667,0.425,0.395833333333333
4,929,0,0,0,3,16,180,495,501,1195,0.0,0.0,0.0,0.002510460251046,0.013389121338912,0.150627615062762,0.414225941422594,0.419246861924686
4,930,0,0,0,1,28,171,499,491,1190,0.0,0.0,0.0,0.000840336134454,0.023529411764706,0.143697478991597,0.419327731092437,0.412605042016807
4,931,0,0,0,1,25,185,510,464,1185,0.0,0.0,0.0,0.00084388185654,0.021097046413502,0.156118143459916,0.430379746835443,0.391561181434599
4,932,0,0,0,2,17,175,510,476,1180,0.0,0.0,0.0,0.001694915254237,0.014406779661017,0.148305084745763,0.432203389830508,0.403389830508475
4,933,0,0,0,1,28,173,471,502,1175,0.0,0.0,0.0,0.000851063829787,0.023829787234043,0.147234042553192,0.400851063829787,0.427234042553191
4,934,0,0,0,2,25,154,519,470,1170,0.0,0.0,0.0,0.001709401709402,0.021367521367521,0.131623931623932,0.443589743589744,0.401709401709402
4,935,0,0,1,1,26,202,485,450,1165,0.0,0.0,0.000858369098712,0.000858369098712,0.022317596566524,0.173390557939914,0.416309012875536,0.386266094420601
4,936,0,0,0,3,31,181,502,443,1160,0.0,0.0,0.0,0.002586206896552,0.026724137931034,0.156034482758621,0.432758620689655,0.381896551724138
4,937,0,0,0,2,31,164,491,467,1155,0.0,0.0,0.0,0.001731601731602,0.026839826839827,0.141991341991342,0.425108225108225,0.404329004329004
4,938,0,0,0,1,26,191,455,477,1150,0.0,0.0,0.0,0.000869565217391,0.022608695652174,0.166086956521739,0.395652173913043,0.414782608695652
4,939,0,0,0,0,24,162,475,484,1145,0.0,0.0,0.0,0.0,0.020960698689956,0.141484716157205,0.414847161572052,0.422707423580786
4,940,0,0,0,3,23,191,448,475,1140,0.0,0.0,0.0,0.002631578947368,0.020175438596491,0.167543859649123,0.392982456140351,0.416666666666667
4,941,0,0,0,1,20,164,482,468,1135,0.0,0.0,0.0,0.000881057268722,0.017621145374449,0.144493392070485,0.424669603524229,0.412334801762115
4,942,0,0,0,5,32,196,430,467,1130,0.0,0.0,0.0,0.004424778761062,0.028318584070796,0.173451327433628,0.380530973451327,0.413274336283186
4,943,0,0,0,0,27,168,461,469,1125,0.0,0.0,0.0,0.0,0.024,0.149333333333333,0.409777777777778,0.416888888888889
4,944,0,0,0,2,23,163,462,470,1120,0.0,0.0,0.0,0.001785714285714,0.020535714285714,0.145535714285714,0.4125,0.419642857142857
4,945,0,0,1,1,25,180,452,456,1115,0.0,0.0,0.000896860986547,0.000896860986547,0.022421524663677,0.161434977578475,0.405381165919283,0.408968609865471
4,946,0,0,0,0,27,167,473,443,1110,0.0,0.0,0.0,0.0,0.024324324324324,0.15045045045045,0.426126126126126,0.399099099099099
4,947,0,0,0,1,24,168,464,448,1105,0.0,0.0,0.0,0.000904977375566,0.021719457013575,0.152036199095023,0.419909502262443,0.405429864253394
4,948,0,0,0,1,19,166,474,440,1100,0.0,0.0,0.0,0.000909090909091,0.017272727272727,0.150909090909091,0.430909090909091,0.4
4,949,0,0,0,2,29,166,502,396,1095,0.0,0.0,0.0,0.001826484018265,0.02648401826484,0.151598173515982,0.458447488584475,0.361643835616438
4,950,0,0,0,2,32,158,460,438,1090,0.0,0.0,0.0,0.001834862385321,0.029357798165138,0.144954128440367,0.422018348623853,0.401834862385321
4,951,0,0,0,3,22,176,453,431,1085,0.0,0.0,0.0,0.002764976958525,0.020276497695853,0.16221198156682,0.417511520737327,0.397235023041475
4,952,0,0,0,1,26,185,461,407,1080,0.0,0.0,0.0,0.000925925925926,0.024074074074074,0.171296296296296,0.426851851851852,0.376851851851852
4,953,0,0,0,3,31,155,464,422,1075,0.0,0.0,0.0,0.002790697674419,0.028837209302326,0.144186046511628,0.431627906976744,0.392558139534884
4,954,0,0,0,0,25,159,466,420,1070,0.0,0.0,0.0,0.0,0.023364485981308,0.148598130841122,0.435514018691589,0.392523364485981
4,955,0,0,0,1,32,152,441,439,1065,0.0,0.0,0.0,0.00093896713615,0.030046948356808,0.142723004694836,0.414084507042254,0.412206572769953
4,956,0,0,0,1,30,174,445,410,1060,0.0,0.0,0.0,0.000943396226415,0.028301886792453,0.164150943396226,0.419811320754717,0.386792452830189
4,957,0,0,0,1,22,162,432,438,1055,0.0,0.0,0.0,0.000947867298578,0.02085308056872,0.153554502369668,0.409478672985782,0.415165876777251
4,958,0,0,0,2,26,169,462,391,1050,0.0,0.0,0.0,0.001904761904762,0.024761904761905,0.160952380952381,0.44,0.372380952380952
4,959,0,0,0,1,22,170,436,416,1045,0.0,0.0,0.0,0.000956937799043,0.021052631578947,0.162679425837321,0.417224880382775,0.398086124401914
4,960,0,0,0,3,23,155,435,424,1040,0.0,0.0,0.0,0.002884615384615,0.022115384615385,0.149038461538462,0.418269230769231,0.407692307692308
4,961,0,0,0,1,21,151,419,443,1035,0.0,0.0,0.0,0.000966183574879,0.020289855072464,0.145893719806763,0.404830917874396,0.428019323671498
4,962,0,0,0,0,26,161,378,465,1030,0.0,0.0,0.0,0.0,0.025242718446602,0.15631067961165,0.366990291262136,0.451456310679612
4,963,0,0,0,3,19,162,435,406,1025,0.0,0.0,0.0,0.002926829268293,0.018536585365854,0.158048780487805,0.424390243902439,0.39609756097561
4,964,0,0,0,2,13,160,446,399,1020,0.0,0.0,0.0,0.001960784313725,0.012745098039216,0.156862745098039,0.437254901960784,0.391176470588235
4,965,0,0,0,0,17,158,433,407,1015,0.0,0.0,0.0,0.0,0.016748768472906,0.155665024630542,0.426600985221675,0.400985221674877
4,966,0,0,0,0,27,147,437,399,1010,0.0,0.0,0.0,0.0,0.026732673267327,0.145544554455446,0.432673267326733,0.395049504950495
4,967,0,0,0,1,17,144,454,389,1005,0.0,0.0,0.0,0.000995024875622,0.016915422885572,0.143283582089552,0.451741293532338,0.387064676616915
4,968,0,0,0,0,21,149,397,433,1000,0.0,0.0,0.0,0.0,0.021,0.149,0.397,0.433
4,969,0,0,0,2,26,146,418,403,995,0.0,0.0,0.0,0.002010050251256,0.026130653266332,0.146733668341709,0.420100502512563,0.405025125628141
4,970,0,0,0,2,20,154,410,404,990,0.0,0.0,0.0,0.002020202020202,0.02020202020202,0.155555555555556,0.414141414141414,0.408080808080808
4,971,0,0,0,0,13,134,446,392,985,0.0,0.0,0.0,0.0,0.013197969543147,0.136040609137056,0.452791878172589,0.397969543147208
4,972,0,0,0,1,19,127,438,395,980,0.0,0.0,0.0,0.001020408163265,0.019387755102041,0.129591836734694,0.446938775510204,0.403061224489796
4,973,0,0,0,0,34,113,432,396,975,0.0,0.0,0.0,0.0,0.034871794871795,0.115897435897436,0.443076923076923,0.406153846153846
4,974,0,0,0,1,16,147,414,392,970,0.0,0.0,0.0,0.001030927835052,0.016494845360825,0.151546391752577,0.42680412371134,0.404123711340206
4,975,0,0,0,1,24,161,397,382,965,0.0,0.0,0.0,0.001036269430052,0.024870466321244,0.166839378238342,0.41139896373057,0.395854922279793
4,976,0,0,0,2,15,132,429,382,960,0.0,0.0,0.0,0.002083333333333,0.015625,0.1375,0.446875,0.397916666666667
4,977,0,0,0,1,22,155,397,380,955,0.0,0.0,0.0,0.001047120418848,0.02303664921466,0.162303664921466,0.415706806282722,0.397905759162304
4,978,0,0,0,2,23,143,411,371,950,0.0,0.0,0.0,0.002105263157895,0.024210526315789,0.150526315789474,0.432631578947368,0.390526315789474
4,979,0,0,0,1,28,152,376,388,945,0.0,0.0,0.0,0.001058201058201,0.02962962962963,0.160846560846561,0.397883597883598,0.410582010582011
4,980,0,0,0,1,21,155,394,369,940,0.0,0.0,0.0,0.001063829787234,0.022340425531915,0.164893617021277,0.419148936170213,0.392553191489362
4,981,0,0,0,0,21,129,402,383,935,0.0,0.0,0.0,0.0,0.022459893048128,0.137967914438503,0.429946524064171,0.409625668449198
4,982,0,0,0,2,28,143,420,337,930,0.0,0.0,0.0,0.002150537634409,0.03010752688172,0.153763440860215,0.451612903225806,0.362365591397849
4,983,0,0,0,0,24,137,372,392,925,0.0,0.0,0.0,0.0,0.025945945945946,0.148108108108108,0.402162162162162,0.423783783783784
4,984,0,0,0,1,15,139,377,388,920,0.0,0.0,0.0,0.001086956521739,0.016304347826087,0.151086956521739,0.409782608695652,0.421739130434783
4,985,0,0,0,1,18,158,382,356,915,0.0,0.0,0.0,0.001092896174863,0.019672131147541,0.172677595628415,0.417486338797814,0.389071038251366
4,986,0,0,0,3,22,144,394,347,910,0.0,0.0,0.0,0.003296703296703,0.024175824175824,0.158241758241758,0.432967032967033,0.381318681318681
4,987,0,0,0,1,17,136,384,367,905,0.0,0.0,0.0,0.001104972375691,0.01878453038674,0.150276243093923,0.424309392265193,0.405524861878453
4,988,0,0,0,3,22,124,414,337,900,0.0,0.0,0.0,0.003333333333333,0.024444444444444,0.137777777777778,0.46,0.374444444444444
4,989,0,0,0,1,15,167,352,360,895,0.0,0.0,0.0,0.001117318435754,0.016759776536313,0.18659217877095,0.393296089385475,0.402234636871508
4,990,0,0,0,3,18,143,381,345,890,0.0,0.0,0.0,0.003370786516854,0.020224719101124,0.160674157303371,0.428089887640449,0.387640449438202
4,991,0,0,0,2,23,124,389,347,885,0.0,0.0,0.0,0.00225988700565,0.025988700564972,0.140112994350282,0.43954802259887,0.392090395480226
4,992,0,0,0,1,14,124,384,357,880,0.0,0.0,0.0,0.001136363636364,0.015909090909091,0.140909090909091,0.436363636363636,0.405681818181818
4,993,0,0,0,2,18,134,354,367,875,0.0,0.0,0.0,0.002285714285714,0.020571428571429,0.153142857142857,0.404571428571429,0.419428571428571
4,994,0,0,0,1,19,133,384,333,870,0.0,0.0,0.0,0.001149425287356,0.02183908045977,0.152873563218391,0.441379310344828,0.382758620689655
4,995,0,0,0,2,22,136,363,342,865,0.0,0.0,0.0,0.002312138728324,0.025433526011561,0.157225433526012,0.419653179190751,0.395375722543353
4,996,0,0,0,4,16,139,352,349,860,0.0,0.0,0.0,0.004651162790698,0.018604651162791,0.161627906976744,0.409302325581395,0.405813953488372
4,997,0,0,0,2,17,141,353,342,855,0.0,0.0,0.0,0.00233918128655,0.019883040935673,0.164912280701754,0.412865497076023,0.4
4,998,0,0,0,0,16,126,364,344,850,0.0,0.0,0.0,0.0,0.018823529411765,0.148235294117647,0.428235294117647,0.404705882352941
4,999,0,0,0,0,24,131,363,327,845,0.0,0.0,0.0,0.0,0.028402366863905,0.155029585798817,0.429585798816568,0.38698224852071
4,1000,0,0,0,1,17,140,353,329,840,0.0,0.0,0.0,0.001190476190476,0.020238095238095,0.166666666666667,0.420238095238095,0.391666666666667
4,1001,0,0,0,1,19,128,361,326,835,0.0,0.0,0.0,0.001197604790419,0.022754491017964,0.153293413173653,0.432335329341317,0.390419161676647
4,1002,0,0,0,0,18,123,351,338,830,0.0,0.0,0.0,0.0,0.021686746987952,0.148192771084337,0.42289156626506,0.407228915662651
4,1003,0,0,0,1,22,118,346,338,825,0.0,0.0,0.0,0.001212121212121,0.026666666666667,0.143030303030303,0.419393939393939,0.40969696969697
4,1004,0,0,0,0,17,131,339,333,820,0.0,0.0,0.0,0.0,0.020731707317073,0.159756097560976,0.413414634146341,0.40609756097561
4,1005,0,0,0,1,17,120,350,327,815,0.0,0.0,0.0,0.001226993865031,0.020858895705521,0.147239263803681,0.429447852760736,0.401226993865031
4,1006,0,0,0,1,16,109,331,353,810,0.0,0.0,0.0,0.001234567901235,0.019753086419753,0.134567901234568,0.408641975308642,0.435802469135802
4,1007,0,0,0,1,14,101,388,301,805,0.0,0.0,0.0,0.001242236024845,0.017391304347826,0.125465838509317,0.481987577639752,0.373913043478261
4,1008,0,0,0,1,18,111,355,315,800,0.0,0.0,0.0,0.00125,0.0225,0.13875,0.44375,0.39375
4,1009,0,0,0,0,21,120,347,307,795,0.0,0.0,0.0,0.0,0.026415094339623,0.150943396226415,0.436477987421384,0.386163522012579
4,1010,0,0,0,2,13,140,337,298,790,0.0,0.0,0.0,0.00253164556962,0.016455696202532,0.177215189873418,0.426582278481013,0.377215189873418
4,1011,0,0,0,1,17,126,337,304,785,0.0,0.0,0.0,0.001273885350318,0.021656050955414,0.160509554140127,0.429299363057325,0.387261146496815
4,1012,0,0,0,1,11,126,311,331,780,0.0,0.0,0.0,0.001282051282051,0.014102564102564,0.161538461538462,0.398717948717949,0.424358974358974
4,1013,0,0,0,0,17,109,334,315,775,0.0,0.0,0.0,0.0,0.021935483870968,0.140645161290323,0.430967741935484,0.406451612903226
4,1014,0,0,0,0,21,111,332,306,770,0.0,0.0,0.0,0.0,0.027272727272727,0.144155844155844,0.431168831168831,0.397402597402597
4,1015,0,0,0,0,26,113,317,309,765,0.0,0.0,0.0,0.0,0.033986928104575,0.147712418300654,0.41437908496732,0.403921568627451
4,1016,0,0,0,3,21,122,324,290,760,0.0,0.0,0.0,0.003947368421053,0.027631578947368,0.160526315789474,0.426315789473684,0.381578947368421
4,1017,0,0,0,1,14,116,297,327,755,0.0,0.0,0.0,0.001324503311258,0.018543046357616,0.15364238410596,0.393377483443709,0.433112582781457
4,1018,0,0,0,1,21,120,312,296,750,0.0,0.0,0.0,0.001333333333333,0.028,0.16,0.416,0.394666666666667
4,1019,0,0,0,0,17,113,321,294,745,0.0,0.0,0.0,0.0,0.022818791946309,0.151677852348993,0.430872483221477,0.394630872483221
4,1020,0,0,0,1,20,112,313,294,740,0.0,0.0,0.0,0.001351351351351,0.027027027027027,0.151351351351351,0.422972972972973,0.397297297297297
4,1021,0,0,0,1,19,108,314,293,735,0.0,0.0,0.0,0.001360544217687,0.025850340136054,0.146938775510204,0.427210884353741,0.398639455782313
4,1022,0,0,0,2,13,114,304,297,730,0.0,0.0,0.0,0.002739726027397,0.017808219178082,0.156164383561644,0.416438356164384,0.406849315068493
4,1023,0,0,0,0,19,130,301,275,725,0.0,0.0,0.0,0.0,0.026206896551724,0.179310344827586,0.415172413793103,0.379310344827586
4,1024,0,0,0,0,9,105,321,285,720,0.0,0.0,0.0,0.0,0.0125,0.145833333333333,0.445833333333333,0.395833333333333
4,1025,0,0,0,2,17,108,295,293,715,0.0,0.0,0.0,0.002797202797203,0.023776223776224,0.151048951048951,0.412587412587413,0.40979020979021
4,1026,0,0,0,0,10,106,302,292,710,0.0,0.0,0.0,0.0,0.014084507042254,0.149295774647887,0.425352112676056,0.411267605633803
4,1027,0,0,0,0,20,100,318,267,705,0.0,0.0,0.0,0.0,0.028368794326241,0.141843971631206,0.451063829787234,0.378723404255319
4,1028,0,0,0,1,15,99,305,280,700,0.0,0.0,0.0,0.001428571428571,0.021428571428571,0.141428571428571,0.435714285714286,0.4
4,1029,0,0,0,0,21,103,280,291,695,0.0,0.0,0.0,0.0,0.030215827338129,0.148201438848921,0.402877697841727,0.418705035971223
4,1030,0,0,0,1,17,126,279,267,690,0.0,0.0,0.0,0.001449275362319,0.02463768115942,0.182608695652174,0.404347826086957,0.38695652173913
4,1031,0,0,0,1,20,91,306,267,685,0.0,0.0,0.0,0.001459854014599,0.029197080291971,0.132846715328467,0.446715328467153,0.38978102189781
4,1032,0,0,0,2,14,90,289,285,680,0.0,0.0,0.0,0.002941176470588,0.020588235294118,0.132352941176471,0.425,0.419117647058824
4,1033,0,0,0,2,16,102,284,271,675,0.0,0.0,0.0,0.002962962962963,0.023703703703704,0.151111111111111,0.420740740740741,0.401481481481481
4,1034,0,0,0,1,10,93,281,285,670,0.0,0.0,0.0,0.001492537313433,0.014925373134328,0.138805970149254,0.419402985074627,0.425373134328358
4,1035,0,0,0,1,16,96,270,282,665,0.0,0.0,0.0,0.001503759398496,0.02406015037594,0.144360902255639,0.406015037593985,0.42406015037594
4,1036,0,0,0,3,16,100,277,264,660,0.0,0.0,0.0,0.004545454545455,0.024242424242424,0.151515151515152,0.41969696969697,0.4
4,1037,0,0,0,0,20,107,264,264,655,0.0,0.0,0.0,0.0,0.030534351145038,0.163358778625954,0.403053435114504,0.403053435114504
4,1038,0,0,0,0,17,88,285,260,650,0.0,0.0,0.0,0.0,0.026153846153846,0.135384615384615,0.438461538461538,0.4
4,1039,0,0,0,1,11,91,292,250,645,0.0,0.0,0.0,0.001550387596899,0.017054263565891,0.141085271317829,0.452713178294574,0.387596899224806
4,1040,0,0,0,1,18,95,269,257,640,0.0,0.0,0.0,0.0015625,0.028125,0.1484375,0.4203125,0.4015625
4,1041,0,0,0,1,13,96,278,247,635,0.0,0.0,0.0,0.001574803149606,0.020472440944882,0.151181102362205,0.437795275590551,0.388976377952756
4,1042,0,0,0,0,15,107,276,232,630,0.0,0.0,0.0,0.0,0.023809523809524,0.16984126984127,0.438095238095238,0.368253968253968
4,1043,0,0,0,0,13,102,264,246,625,0.0,0.0,0.0,0.0,0.0208,0.1632,0.4224,0.3936
4,1044,0,0,0,1,11,80,253,275,620,0.0,0.0,0.0,0.001612903225806,0.017741935483871,0.129032258064516,0.408064516129032,0.443548387096774
4,1045,0,0,0,2,9,92,263,249,615,0.0,0.0,0.0,0.003252032520325,0.014634146341463,0.149593495934959,0.427642276422764,0.404878048780488
4,1046,0,0,0,1,10,90,257,252,610,0.0,0.0,0.0,0.001639344262295,0.016393442622951,0.147540983606557,0.421311475409836,0.413114754098361
4,1047,0,0,0,0,10,91,243,261,605,0.0,0.0,0.0,0.0,0.016528925619835,0.150413223140496,0.401652892561983,0.431404958677686
4,1048,0,0,0,0,10,98,265,227,600,0.0,0.0,0.0,0.0,0.016666666666667,0.163333333333333,0.441666666666667,0.378333333333333
4,1049,0,0,0,0,17,81,249,248,595,0.0,0.0,0.0,0.0,0.028571428571429,0.136134453781513,0.418487394957983,0.416806722689076
4,1050,0,0,0,1,18,82,260,229,590,0.0,0.0,0.0,0.001694915254237,0.030508474576271,0.138983050847458,0.440677966101695,0.388135593220339
4,1051,0,0,0,0,13,101,251,220,585,0.0,0.0,0.0,0.0,0.022222222222222,0.172649572649573,0.429059829059829,0.376068376068376
4,1052,0,0,0,1,3,86,260,230,580,0.0,0.0,0.0,0.001724137931034,0.005172413793103,0.148275862068966,0.448275862068966,0.396551724137931
4,1053,0,0,0,0,14,79,240,242,575,0.0,0.0,0.0,0.0,0.024347826086957,0.137391304347826,0.417391304347826,0.420869565217391
4,1054,0,0,0,0,13,98,231,228,570,0.0,0.0,0.0,0.0,0.02280701754386,0.171929824561404,0.405263157894737,0.4
4,1055,0,0,0,1,13,105,230,216,565,0.0,0.0,0.0,0.001769911504425,0.023008849557522,0.185840707964602,0.407079646017699,0.382300884955752
4,1056,0,0,0,0,17,89,236,218,560,0.0,0.0,0.0,0.0,0.030357142857143,0.158928571428571,0.421428571428571,0.389285714285714
4,1057,0,0,0,0,4,102,210,239,555,0.0,0.0,0.0,0.0,0.007207207207207,0.183783783783784,0.378378378378378,0.430630630630631
4,1058,0,0,0,2,13,82,245,208,550,0.0,0.0,0.0,0.003636363636364,0.023636363636364,0.149090909090909,0.445454545454545,0.378181818181818
4,1059,0,0,0,1,15,78,248,203,545,0.0,0.0,0.0,0.001834862385321,0.027522935779817,0.143119266055046,0.455045871559633,0.372477064220184
4,1060,0,0,0,0,14,78,229,219,540,0.0,0.0,0.0,0.0,0.025925925925926,0.144444444444444,0.424074074074074,0.405555555555556
4,1061,0,0,0,0,9,99,215,212,535,0.0,0.0,0.0,0.0,0.016822429906542,0.185046728971963,0.401869158878505,0.396261682242991
4,1062,0,0,0,1,10,74,228,217,530,0.0,0.0,0.0,0.00188679245283,0.018867924528302,0.139622641509434,0.430188679245283,0.409433962264151
4,1063,0,0,0,0,6,64,256,199,525,0.0,0.0,0.0,0.0,0.011428571428571,0.121904761904762,0.487619047619048,0.379047619047619
4,1064,0,0,0,0,17,87,226,190,520,0.0,0.0,0.0,0.0,0.032692307692308,0.167307692307692,0.434615384615385,0.365384615384615
4,1065,0,0,0,1,11,84,216,203,515,0.0,0.0,0.0,0.001941747572816,0.021359223300971,0.163106796116505,0.419417475728155,0.394174757281553
4,1066,0,0,0,0,7,82,202,219,510,0.0,0.0,0.0,0.0,0.013725490196078,0.16078431372549,0.396078431372549,0.429411764705882
4,1067,0,0,0,1,8,77,221,198,505,0.0,0.0,0.0,0.001980198019802,0.015841584158416,0.152475247524752,0.437623762376238,0.392079207920792
4,1068,0,0,0,0,13,78,221,188,500,0.0,0.0,0.0,0.0,0.026,0.156,0.442,0.376
4,1069,0,0,0,0,15,71,220,189,495,0.0,0.0,0.0,0.0,0.03030303030303,0.143434343434343,0.444444444444444,0.381818181818182
4,1070,0,0,0,0,13,77,193,207,490,0.0,0.0,0.0,0.0,0.026530612244898,0.157142857142857,0.393877551020408,0.422448979591837
4,1071,0,0,0,0,10,69,196,210,485,0.0,0.0,0.0,0.0,0.020618556701031,0.142268041237113,0.404123711340206,0.43298969072165
4,1072,0,0,0,0,12,74,207,187,480,0.0,0.0,0.0,0.0,0.025,0.154166666666667,0.43125,0.389583333333333
4,1073,0,0,0,1,11,59,216,188,475,0.0,0.0,0.0,0.002105263157895,0.023157894736842,0.124210526315789,0.454736842105263,0.395789473684211
4,1074,0,0,0,0,12,60,208,190,470,0.0,0.0,0.0,0.0,0.025531914893617,0.127659574468085,0.442553191489362,0.404255319148936
4,1075,0,0,0,0,8,71,185,201,465,0.0,0.0,0.0,0.0,0.017204301075269,0.152688172043011,0.397849462365591,0.432258064516129
4,1076,0,0,0,1,17,64,180,198,460,0.0,0.0,0.0,0.002173913043478,0.03695652173913,0.139130434782609,0.391304347826087,0.430434782608696
4,1077,0,0,0,0,9,66,198,182,455,0.0,0.0,0.0,0.0,0.01978021978022,0.145054945054945,0.435164835164835,0.4
4,1078,0,0,0,2,11,61,193,183,450,0.0,0.0,0.0,0.004444444444444,0.024444444444444,0.135555555555556,0.428888888888889,0.406666666666667
4,1079,0,0,0,0,9,75,175,186,445,0.0,0.0,0.0,0.0,0.020224719101124,0.168539325842697,0.393258426966292,0.417977528089888
4,1080,0,0,0,0,10,60,199,171,440,0.0,0.0,0.0,0.0,0.022727272727273,0.136363636363636,0.452272727272727,0.388636363636364
4,1081,0,0,0,0,14,68,186,167,435,0.0,0.0,0.0,0.0,0.032183908045977,0.15632183908046,0.427586206896552,0.383908045977012
4,1082,0,0,0,1,3,67,182,177,430,0.0,0.0,0.0,0.002325581395349,0.006976744186047,0.155813953488372,0.423255813953488,0.411627906976744
4,1083,0,0,0,1,17,69,194,144,425,0.0,0.0,0.0,0.002352941176471,0.04,0.162352941176471,0.456470588235294,0.338823529411765
4,1084,0,0,0,0,13,65,182,160,420,0.0,0.0,0.0,0.0,0.030952380952381,0.154761904761905,0.433333333333333,0.380952380952381
4,1085,0,0,0,0,9,76,169,161,415,0.0,0.0,0.0,0.0,0.021686746987952,0.183132530120482,0.407228915662651,0.387951807228916
4,1086,0,0,0,0,9,51,184,166,410,0.0,0.0,0.0,0.0,0.021951219512195,0.124390243902439,0.448780487804878,0.404878048780488
4,1087,0,0,0,0,9,54,183,159,405,0.0,0.0,0.0,0.0,0.022222222222222,0.133333333333333,0.451851851851852,0.392592592592593
4,1088,0,0,0,1,7,74,165,153,400,0.0,0.0,0.0,0.0025,0.0175,0.185,0.4125,0.3825
4,1089,0,0,0,0,13,49,162,171,395,0.0,0.0,0.0,0.0,0.032911392405063,0.124050632911392,0.410126582278481,0.432911392405063
4,1090,0,0,0,1,8,70,162,149,390,0.0,0.0,0.0,0.002564102564103,0.020512820512821,0.179487179487179,0.415384615384615,0.382051282051282
4,1091,0,0,0,1,4,52,182,146,385,0.0,0.0,0.0,0.002597402597403,0.01038961038961,0.135064935064935,0.472727272727273,0.379220779220779
4,1092,0,0,0,0,7,63,165,145,380,0.0,0.0,0.0,0.0,0.018421052631579,0.165789473684211,0.434210526315789,0.381578947368421
4,1093,0,0,0,0,7,59,145,164,375,0.0,0.0,0.0,0.0,0.018666666666667,0.157333333333333,0.386666666666667,0.437333333333333
4,1094,0,0,1,0,14,53,136,166,370,0.0,0.0,0.002702702702703,0.0,0.037837837837838,0.143243243243243,0.367567567567568,0.448648648648649
4,1095,0,0,0,0,11,52,143,159,365,0.0,0.0,0.0,0.0,0.03013698630137,0.142465753424658,0.391780821917808,0.435616438356164
4,1096,0,0,0,1,4,57,152,146,360,0.0,0.0,0.0,0.002777777777778,0.011111111111111,0.158333333333333,0.422222222222222,0.405555555555556
4,1097,0,0,0,1,9,56,176,113,355,0.0,0.0,0.0,0.002816901408451,0.025352112676056,0.157746478873239,0.495774647887324,0.31830985915493
4,1098,0,0,0,0,7,54,148,141,350,0.0,0.0,0.0,0.0,0.02,0.154285714285714,0.422857142857143,0.402857142857143
4,1099,0,0,0,0,11,48,137,149,345,0.0,0.0,0.0,0.0,0.031884057971014,0.139130434782609,0.397101449275362,0.431884057971014
4,1100,0,0,0,0,11,52,147,130,340,0.0,0.0,0.0,0.0,0.032352941176471,0.152941176470588,0.432352941176471,0.382352941176471
4,1101,0,0,0,1,5,54,138,137,335,0.0,0.0,0.0,0.002985074626866,0.014925373134328,0.161194029850746,0.411940298507463,0.408955223880597
4,1102,0,0,0,1,7,47,135,140,330,0.0,0.0,0.0,0.003030303030303,0.021212121212121,0.142424242424242,0.409090909090909,0.424242424242424
4,1103,0,0,0,0,9,43,147,126,325,0.0,0.0,0.0,0.0,0.027692307692308,0.132307692307692,0.452307692307692,0.387692307692308
4,1104,0,0,0,0,6,44,146,124,320,0.0,0.0,0.0,0.0,0.01875,0.1375,0.45625,0.3875
4,1105,0,0,0,0,8,49,139,119,315,0.0,0.0,0.0,0.0,0.025396825396825,0.155555555555556,0.441269841269841,0.377777777777778
4,1106,0,0,0,2,7,38,139,124,310,0.0,0.0,0.0,0.006451612903226,0.02258064516129,0.12258064516129,0.448387096774194,0.4
4,1107,0,0,0,1,6,56,130,112,305,0.0,0.0,0.0,0.00327868852459,0.019672131147541,0.183606557377049,0.426229508196721,0.367213114754098
4,1108,0,0,0,0,9,40,133,118,300,0.0,0.0,0.0,0.0,0.03,0.133333333333333,0.443333333333333,0.393333333333333
4,1109,0,0,0,1,9,44,126,115,295,0.0,0.0,0.0,0.003389830508475,0.030508474576271,0.149152542372881,0.427118644067797,0.389830508474576
4,1110,0,0,0,0,4,45,138,103,290,0.0,0.0,0.0,0.0,0.013793103448276,0.155172413793103,0.475862068965517,0.355172413793103
4,1111,0,0,0,1,8,55,109,112,285,0.0,0.0,0.0,0.003508771929825,0.028070175438596,0.192982456140351,0.382456140350877,0.392982456140351
4,1112,0,0,0,0,2,44,129,105,280,0.0,0.0,0.0,0.0,0.007142857142857,0.157142857142857,0.460714285714286,0.375
4,1113,0,0,0,0,6,40,126,103,275,0.0,0.0,0.0,0.0,0.021818181818182,0.145454545454545,0.458181818181818,0.374545454545455
4,1114,0,0,0,1,6,24,132,107,270,0.0,0.0,0.0,0.003703703703704,0.022222222222222,0.088888888888889,0.488888888888889,0.396296296296296
4,1115,0,0,0,0,4,43,101,117,265,0.0,0.0,0.0,0.0,0.015094339622642,0.162264150943396,0.381132075471698,0.441509433962264
4,1116,0,0,0,0,3,40,114,103,260,0.0,0.0,0.0,0.0,0.011538461538462,0.153846153846154,0.438461538461538,0.396153846153846
4,1117,0,0,0,0,4,35,121,95,255,0.0,0.0,0.0,0.0,0.015686274509804,0.137254901960784,0.474509803921569,0.372549019607843
4,1118,0,0,0,0,9,39,112,90,250,0.0,0.0,0.0,0.0,0.036,0.156,0.448,0.36
4,1119,0,0,0,2,2,36,99,106,245,0.0,0.0,0.0,0.008163265306122,0.008163265306122,0.146938775510204,0.404081632653061,0.43265306122449
4,1120,0,0,0,0,6,30,102,102,240,0.0,0.0,0.0,0.0,0.025,0.125,0.425,0.425
4,1121,0,0,0,1,10,33,102,89,235,0.0,0.0,0.0,0.004255319148936,0.042553191489362,0.140425531914894,0.434042553191489,0.378723404255319
4,1122,0,0,0,0,5,26,106,93,230,0.0,0.0,0.0,0.0,0.021739130434783,0.11304347826087,0.460869565217391,0.404347826086957
4,1123,0,0,0,0,2,35,99,89,225,0.0,0.0,0.0,0.0,0.008888888888889,0.155555555555556,0.44,0.395555555555556
4,1124,0,0,0,0,1,33,90,96,220,0.0,0.0,0.0,0.0,0.004545454545455,0.15,0.409090909090909,0.436363636363636
4,1125,0,0,0,2,2,32,102,77,215,0.0,0.0,0.0,0.009302325581395,0.009302325581395,0.148837209302326,0.474418604651163,0.358139534883721
4,1126,0,0,0,0,2,31,98,79,210,0.0,0.0,0.0,0.0,0.00952380952381,0.147619047619048,0.466666666666667,0.376190476190476
4,1127,0,0,0,1,9,29,93,73,205,0.0,0.0,0.0,0.004878048780488,0.04390243902439,0.141463414634146,0.453658536585366,0.35609756097561
4,1128,0,0,0,0,8,30,76,86,200,0.0,0.0,0.0,0.0,0.04,0.15,0.38,0.43
4,1129,0,0,0,1,2,37,84,71,195,0.0,0.0,0.0,0.005128205128205,0.01025641025641,0.18974358974359,0.430769230769231,0.364102564102564
4,1130,0,0,0,1,2,34,84,69,190,0.0,0.0,0.0,0.005263157894737,0.010526315789474,0.178947368421053,0.442105263157895,0.363157894736842
4,1131,0,0,0,0,3,26,79,77,185,0.0,0.0,0.0,0.0,0.016216216216216,0.140540540540541,0.427027027027027,0.416216216216216
4,1132,0,0,0,0,1,31,80,68,180,0.0,0.0,0.0,0.0,0.005555555555556,0.172222222222222,0.444444444444444,0.377777777777778
4,1133,0,0,0,0,3,33,70,69,175,0.0,0.0,0.0,0.0,0.017142857142857,0.188571428571429,0.4,0.394285714285714
4,1134,0,0,0,0,5,21,57,87,170,0.0,0.0,0.0,0.0,0.029411764705882,0.123529411764706,0.335294117647059,0.511764705882353
4,1135,0,0,0,0,4,25,76,60,165,0.0,0.0,0.0,0.0,0.024242424242424,0.151515151515152,0.460606060606061,0.363636363636364
4,1136,0,0,0,0,5,29,59,67,160,0.0,0.0,0.0,0.0,0.03125,0.18125,0.36875,0.41875
4,1137,0,0,0,0,1,22,79,53,155,0.0,0.0,0.0,0.0,0.006451612903226,0.141935483870968,0.509677419354839,0.341935483870968
4,1138,0,0,0,0,5,29,64,52,150,0.0,0.0,0.0,0.0,0.033333333333333,0.193333333333333,0.426666666666667,0.346666666666667
4,1139,0,0,0,0,3,21,62,59,145,0.0,0.0,0.0,0.0,0.020689655172414,0.144827586206897,0.427586206896552,0.406896551724138
4,1140,0,0,0,1,2,23,58,56,140,0.0,0.0,0.0,0.007142857142857,0.014285714285714,0.164285714285714,0.414285714285714,0.4
4,1141,0,0,0,0,2,20,49,64,135,0.0,0.0,0.0,0.0,0.014814814814815,0.148148148148148,0.362962962962963,0.474074074074074
4,1142,0,0,0,1,7,16,66,40,130,0.0,0.0,0.0,0.007692307692308,0.053846153846154,0.123076923076923,0.507692307692308,0.307692307692308
4,1143,0,0,0,1,6,15,45,58,125,0.0,0.0,0.0,0.008,0.048,0.12,0.36,0.464
4,1144,0,0,0,0,2,18,55,45,120,0.0,0.0,0.0,0.0,0.016666666666667,0.15,0.458333333333333,0.375
4,1145,0,0,0,0,4,17,46,48,115,0.0,0.0,0.0,0.0,0.034782608695652,0.147826086956522,0.4,0.417391304347826
4,1146,0,0,0,0,3,15,39,53,110,0.0,0.0,0.0,0.0,0.027272727272727,0.136363636363636,0.354545454545455,0.481818181818182
4,1147,0,0,0,0,3,12,47,43,105,0.0,0.0,0.0,0.0,0.028571428571429,0.114285714285714,0.447619047619048,0.40952380952381
4,1148,0,0,0,0,5,11,36,48,100,0.0,0.0,0.0,0.0,0.05,0.11,0.36,0.48
4,1149,0,0,0,0,2,14,37,42,95,0.0,0.0,0.0,0.0,0.021052631578947,0.147368421052632,0.389473684210526,0.442105263157895
4,1150,0,0,0,0,1,9,43,37,90,0.0,0.0,0.0,0.0,0.011111111111111,0.1,0.477777777777778,0.411111111111111
4,1151,0,0,0,0,4,18,28,35,85,0.0,0.0,0.0,0.0,0.047058823529412,0.211764705882353,0.329411764705882,0.411764705882353
4,1152,0,0,0,0,2,14,34,30,80,0.0,0.0,0.0,0.0,0.025,0.175,0.425,0.375
4,1153,0,0,0,0,3,11,32,29,75,0.0,0.0,0.0,0.0,0.04,0.146666666666667,0.426666666666667,0.386666666666667
4,1154,0,0,0,0,0,8,34,28,70,0.0,0.0,0.0,0.0,0.0,0.114285714285714,0.485714285714286,0.4
4,1155,0,0,0,0,1,9,35,20,65,0.0,0.0,0.0,0.0,0.015384615384615,0.138461538461538,0.538461538461538,0.307692307692308
4,1156,0,0,0,0,1,9,24,26,60,0.0,0.0,0.0,0.0,0.016666666666667,0.15,0.4,0.433333333333333
4,1157,0,0,0,0,0,7,26,22,55,0.0,0.0,0.0,0.0,0.0,0.127272727272727,0.472727272727273,0.4
4,1158,0,0,0,0,1,10,23,16,50,0.0,0.0,0.0,0.0,0.02,0.2,0.46,0.32
4,1159,0,0,0,0,1,9,17,18,45,0.0,0.0,0.0,0.0,0.022222222222222,0.2,0.377777777777778,0.4
4,1160,0,0,0,0,1,2,17,20,40,0.0,0.0,0.0,0.0,0.025,0.05,0.425,0.5
4,1161,0,0,0,0,0,5,12,18,35,0.0,0.0,0.0,0.0,0.0,0.142857142857143,0.342857142857143,0.514285714285714
4,1162,0,0,0,0,1,4,13,12,30,0.0,0.0,0.0,0.0,0.033333333333333,0.133333333333333,0.433333333333333,0.4
4,1163,0,0,0,0,2,4,9,10,25,0.0,0.0,0.0,0.0,0.08,0.16,0.36,0.4
4,1164,0,0,0,0,0,4,10,6,20,0.0,0.0,0.0,0.0,0.0,0.2,0.5,0.3
4,1165,0,0,0,0,0,4,5,6,15,0.0,0.0,0.0,0.0,0.0,0.266666666666667,0.333333333333333,0.4
4,1166,0,0,0,0,0,3,5,2,10,0.0,0.0,0.0,0.0,0.0,0.3,0.5,0.2
4,1167,0,0,0,0,0,0,2,3,5,0.0,0.0,0.0,0.0,0.0,0.0,0.4,0.6
5,1,0,0,0,10,115,980,2460,2270,5835,0.0,0.0,0.0,0.001713796058269,0.019708654670094,0.167952013710368,0.42159383033419,0.389031705227078
5,2,0,0,0,4,155,907,2550,2214,5830,0.0,0.0,0.0,0.000686106346484,0.026586620926244,0.15557461406518,0.437392795883362,0.379759862778731
5,3,0,0,0,7,139,869,2529,2281,5825,0.0,0.0,0.0,0.001201716738197,0.023862660944206,0.149184549356223,0.434163090128755,0.391587982832618
5,4,0,0,0,7,138,880,2542,2253,5820,0.0,0.0,0.0,0.001202749140893,0.023711340206186,0.151202749140893,0.436769759450172,0.387113402061856
5,5,0,0,0,6,134,896,2529,2250,5815,0.0,0.0,0.0,0.001031814273431,0.023043852106621,0.15408426483233,0.434909716251075,0.386930352536543
5,6,0,0,0,6,132,905,2446,2321,5810,0.0,0.0,0.0,0.001032702237522,0.022719449225473,0.155765920826162,0.420998278829604,0.399483648881239
5,7,0,0,0,10,152,891,2445,2307,5805,0.0,0.0,0.0,0.001722652885444,0.026184323858742,0.153488372093023,0.421188630490956,0.397416020671835
5,8,0,0,0,7,137,916,2439,2301,5800,0.0,0.0,0.0,0.001206896551724,0.023620689655172,0.157931034482759,0.42051724137931,0.396724137931035
5,9,0,0,0,15,135,916,2463,2266,5795,0.0,0.0,0.0,0.002588438308887,0.023295944779983,0.158067299396031,0.425021570319241,0.391026747195859
5,10,0,0,0,5,134,899,2497,2255,5790,0.0,0.0,0.0,0.000863557858377,0.02314335060449,0.155267702936097,0.43126079447323,0.389464594127807
5,11,0,0,1,5,130,914,2385,2350,5785,0.0,0.0,0.000172860847018,0.000864304235091,0.02247191011236,0.157994814174589,0.412273120138289,0.406222990492653
5,12,0,0,0,12,126,842,2435,2365,5780,0.0,0.0,0.0,0.002076124567474,0.021799307958478,0.145674740484429,0.421280276816609,0.40916955017301
5,13,0,0,0,8,143,884,2497,2243,5775,0.0,0.0,0.0,0.001385281385281,0.024761904761905,0.153073593073593,0.432380952380952,0.388398268398268
5,14,0,0,1,13,117,881,2426,2332,5770,0.0,0.0,0.000173310225303,0.002253032928943,0.020277296360485,0.152686308492201,0.420450606585789,0.404159445407279
5,15,0,0,0,11,154,861,2409,2330,5765,0.0,0.0,0.0,0.001908065915004,0.026712922810061,0.149349522983521,0.41786643538595,0.404163052905464
5,16,0,0,0,5,132,929,2428,2266,5760,0.0,0.0,0.0,0.000868055555556,0.022916666666667,0.161284722222222,0.421527777777778,0.393402777777778
5,17,0,0,0,5,128,876,2402,2344,5755,0.0,0.0,0.0,0.000868809730669,0.022241529105126,0.152215464813206,0.41737619461338,0.407298001737619
5,18,0,0,0,10,126,849,2464,2301,5750,0.0,0.0,0.0,0.001739130434783,0.021913043478261,0.147652173913043,0.428521739130435,0.400173913043478
5,19,0,0,0,10,132,894,2414,2295,5745,0.0,0.0,0.0,0.001740644038294,0.022976501305483,0.155613577023499,0.420191470844212,0.399477806788512
5,20,0,0,0,9,132,865,2444,2290,5740,0.0,0.0,0.0,0.001567944250871,0.022996515679443,0.150696864111498,0.425783972125436,0.398954703832753
5,21,0,0,0,8,126,828,2462,2311,5735,0.0,0.0,0.0,0.001394943330427,0.021970357454228,0.144376634699215,0.429293809938971,0.402964254577158
5,22,0,0,0,3,126,883,2473,2245,5730,0.0,0.0,0.0,0.000523560209424,0.021989528795812,0.154101221640489,0.431588132635253,0.391797556719023
5,23,0,0,2,8,132,844,2485,2254,5725,0.0,0.0,0.000349344978166,0.001397379912664,0.023056768558952,0.147423580786026,0.434061135371179,0.393711790393013
5,24,0,0,0,9,119,834,2422,2336,5720,0.0,0.0,0.0,0.001573426573427,0.020804195804196,0.145804195804196,0.423426573426573,0.408391608391608
5,25,0,0,0,4,144,871,2410,2286,5715,0.0,0.0,0.0,0.000699912510936,0.025196850393701,0.152405949256343,0.42169728783902,0.4
5,26,0,0,0,6,129,883,2425,2267,5710,0.0,0.0,0.0,0.001050788091068,0.022591943957968,0.154640980735552,0.424693520140105,0.397022767075306
5,27,0,0,0,9,128,899,2420,2249,5705,0.0,0.0,0.0,0.001577563540754,0.022436459246275,0.157581069237511,0.42418930762489,0.39421560035057
5,28,0,0,0,10,141,870,2402,2277,5700,0.0,0.0,0.0,0.001754385964912,0.024736842105263,0.152631578947368,0.42140350877193,0.399473684210526
5,29,0,0,0,9,128,880,2451,2227,5695,0.0,0.0,0.0,0.001580333625988,0.022475856014047,0.154521510096576,0.430377524143986,0.391044776119403
5,30,0,0,0,6,128,866,2431,2259,5690,0.0,0.0,0.0,0.001054481546573,0.022495606326889,0.15219683655536,0.427240773286467,0.39701230228471
5,31,0,0,0,4,112,866,2423,2280,5685,0.0,0.0,0.0,0.000703605980651,0.019700967458223,0.152330694810906,0.426209322779244,0.401055408970976
5,32,0,0,0,8,132,895,2388,2257,5680,0.0,0.0,0.0,0.001408450704225,0.023239436619718,0.157570422535211,0.420422535211268,0.397359154929577
5,33,0,0,0,9,97,872,2463,2234,5675,0.0,0.0,0.0,0.0015859030837,0.017092511013216,0.153656387665198,0.434008810572687,0.393656387665198
5,34,0,0,0,5,136,863,2395,2271,5670,0.0,0.0,0.0,0.000881834215168,0.023985890652557,0.152204585537919,0.422398589065256,0.400529100529101
5,35,0,0,1,5,121,900,2382,2256,5665,0.0,0.0,0.00017652250662,0.000882612533098,0.021359223300971,0.158870255957635,0.420476610767873,0.398234774933804
5,36,0,0,1,14,134,861,2397,2253,5660,0.0,0.0,0.00017667844523,0.002473498233216,0.023674911660777,0.152120141342756,0.423498233215548,0.398056537102474
5,37,0,0,0,7,134,854,2361,2299,5655,0.0,0.0,0.0,0.001237842617153,0.0236958443855,0.151016799292661,0.417506631299735,0.406542882404951
5,38,0,0,0,9,112,886,2323,2320,5650,0.0,0.0,0.0,0.001592920353982,0.019823008849558,0.156814159292035,0.411150442477876,0.410619469026549
5,39,0,0,0,7,129,867,2372,2270,5645,0.0,0.0,0.0,0.001240035429584,0.022852081488043,0.153587245349867,0.420194862710363,0.402125775022143
5,40,0,0,0,10,119,896,2388,2227,5640,0.0,0.0,0.0,0.00177304964539,0.021099290780142,0.15886524822695,0.423404255319149,0.394858156028369
5,41,0,0,1,5,129,820,2364,2316,5635,0.0,0.0,0.000177462289264,0.000887311446318,0.022892635314996,0.145519077196096,0.419520851818988,0.411002661934339
5,42,0,0,0,10,120,827,2411,2262,5630,0.0,0.0,0.0,0.001776198934281,0.021314387211368,0.146891651865009,0.428241563055062,0.401776198934281
5,43,0,0,0,5,135,858,2381,2246,5625,0.0,0.0,0.0,0.000888888888889,0.024,0.152533333333333,0.423288888888889,0.399288888888889
5,44,0,0,1,8,107,900,2366,2238,5620,0.0,0.0,0.00017793594306,0.001423487544484,0.019039145907473,0.160142348754448,0.420996441281139,0.398220640569395
5,45,0,0,1,8,128,841,2386,2251,5615,0.0,0.0,0.000178094390027,0.001424755120214,0.022796081923419,0.149777382012467,0.42493321460374,0.400890471950134
5,46,0,0,0,7,131,821,2366,2285,5610,0.0,0.0,0.0,0.001247771836007,0.023351158645276,0.146345811051693,0.42174688057041,0.407308377896613
5,47,0,0,0,4,119,833,2364,2285,5605,0.0,0.0,0.0,0.0007136485281,0.021231043710972,0.148617305976806,0.421766280107047,0.407671721677074
5,48,0,0,0,11,143,894,2329,2223,5600,0.0,0.0,0.0,0.001964285714286,0.025535714285714,0.159642857142857,0.415892857142857,0.396964285714286
5,49,0,0,0,6,134,871,2342,2242,5595,0.0,0.0,0.0,0.001072386058981,0.023949955317248,0.155674709562109,0.418588025022341,0.400714924039321
5,50,0,0,0,8,147,853,2373,2209,5590,0.0,0.0,0.0,0.001431127012522,0.026296958855098,0.152593917710197,0.424508050089445,0.395169946332737
5,51,0,0,0,7,128,805,2327,2318,5585,0.0,0.0,0.0,0.001253357206804,0.022918531781558,0.144136078782453,0.416651745747538,0.415040286481647
5,52,0,0,0,7,128,789,2394,2262,5580,0.0,0.0,0.0,0.001254480286738,0.022939068100358,0.141397849462366,0.429032258064516,0.405376344086022
5,53,0,1,0,8,127,837,2337,2265,5575,0.0,0.000179372197309,0.0,0.001434977578475,0.022780269058296,0.150134529147982,0.419192825112108,0.40627802690583
5,54,0,0,0,7,117,790,2432,2224,5570,0.0,0.0,0.0,0.001256732495512,0.021005385996409,0.141831238779174,0.436624775583483,0.399281867145422
5,55,0,0,0,13,124,762,2386,2280,5565,0.0,0.0,0.0,0.002336028751123,0.022282120395328,0.136927223719677,0.428751123090746,0.409703504043127
5,56,0,0,0,10,131,868,2308,2243,5560,0.0,0.0,0.0,0.001798561151079,0.023561151079137,0.156115107913669,0.415107913669065,0.40341726618705
5,57,0,0,0,6,121,900,2278,2250,5555,0.0,0.0,0.0,0.001080108010801,0.021782178217822,0.162016201620162,0.41008100810081,0.405040504050405
5,58,0,0,0,7,129,830,2331,2253,5550,0.0,0.0,0.0,0.001261261261261,0.023243243243243,0.14954954954955,0.42,0.405945945945946
5,59,0,0,0,13,116,821,2388,2207,5545,0.0,0.0,0.0,0.002344454463481,0.020919747520289,0.148061316501353,0.430658250676285,0.398016230838593
5,60,0,0,0,8,115,804,2331,2282,5540,0.0,0.0,0.0,0.0014440433213,0.020758122743682,0.145126353790614,0.420758122743682,0.411913357400722
5,61,0,0,0,7,136,842,2346,2204,5535,0.0,0.0,0.0,0.00126467931346,0.02457091237579,0.152122854561879,0.423848238482385,0.398193315266486
5,62,0,0,1,10,115,844,2361,2199,5530,0.0,0.0,0.000180831826401,0.001808318264014,0.020795660036166,0.152622061482821,0.426943942133816,0.397649186256781
5,63,0,0,0,8,132,852,2341,2192,5525,0.0,0.0,0.0,0.001447963800905,0.023891402714932,0.15420814479638,0.423710407239819,0.396742081447964
5,64,0,0,0,6,109,855,2366,2184,5520,0.0,0.0,0.0,0.001086956521739,0.019746376811594,0.154891304347826,0.428623188405797,0.395652173913043
5,65,0,0,0,8,102,883,2367,2155,5515,0.0,0.0,0.0,0.001450589301904,0.018495013599275,0.160108794197643,0.429193109700816,0.390752493200363
5,66,0,0,0,5,117,826,2332,2230,5510,0.0,0.0,0.0,0.000907441016334,0.021234119782214,0.149909255898367,0.423230490018149,0.404718693284936
5,67,0,0,0,7,114,868,2306,2210,5505,0.0,0.0,0.0,0.001271571298819,0.020708446866485,0.157674841053588,0.4188919164396,0.401453224341508
5,68,0,0,0,7,109,794,2356,2234,5500,0.0,0.0,0.0,0.001272727272727,0.019818181818182,0.144363636363636,0.428363636363636,0.406181818181818
5,69,0,0,1,9,118,801,2396,2170,5495,0.0,0.0,0.000181983621474,0.001637852593267,0.02147406733394,0.145768880800728,0.436032757051865,0.394904458598726
5,70,0,0,0,9,129,812,2377,2163,5490,0.0,0.0,0.0,0.001639344262295,0.023497267759563,0.147905282331512,0.432969034608379,0.393989071038251
5,71,0,0,1,3,121,852,2351,2157,5485,0.0,0.0,0.000182315405652,0.000546946216955,0.022060164083865,0.155332725615314,0.428623518687329,0.393254329990884
5,72,0,0,0,6,122,805,2315,2232,5480,0.0,0.0,0.0,0.001094890510949,0.022262773722628,0.146897810218978,0.422445255474453,0.407299270072993
5,73,0,0,0,12,136,832,2313,2182,5475,0.0,0.0,0.0,0.002191780821918,0.024840182648402,0.151963470319635,0.422465753424658,0.398538812785388
5,74,0,0,0,9,119,815,2285,2242,5470,0.0,0.0,0.0,0.00164533820841,0.021755027422303,0.148994515539305,0.417733089579525,0.409872029250457
5,75,0,0,0,12,131,774,2312,2236,5465,0.0,0.0,0.0,0.002195791399817,0.023970722781336,0.141628545288198,0.423055809698079,0.409149130832571
5,76,0,0,0,3,127,785,2367,2178,5460,0.0,0.0,0.0,0.000549450549451,0.023260073260073,0.143772893772894,0.433516483516484,0.398901098901099
5,77,0,0,0,8,118,844,2303,2182,5455,0.0,0.0,0.0,0.001466544454629,0.021631530705775,0.154720439963336,0.42218148487626,0.4
5,78,0,0,0,10,129,816,2313,2182,5450,0.0,0.0,0.0,0.001834862385321,0.023669724770642,0.149724770642202,0.424403669724771,0.400366972477064
5,79,0,0,0,5,126,844,2220,2250,5445,0.0,0.0,0.0,0.000918273645546,0.023140495867769,0.155004591368228,0.40771349862259,0.413223140495868
5,80,0,0,1,3,114,835,2354,2133,5440,0.0,0.0,0.000183823529412,0.000551470588235,0.020955882352941,0.153492647058824,0.432720588235294,0.392095588235294
5,81,0,0,0,7,122,812,2321,2173,5435,0.0,0.0,0.0,0.001287948482061,0.022447102115915,0.149402023919043,0.427046918123275,0.399816007359706
5,82,0,0,0,7,112,840,2294,2177,5430,0.0,0.0,0.0,0.001289134438306,0.020626151012891,0.154696132596685,0.422467771639042,0.400920810313076
5,83,0,0,0,4,108,828,2333,2152,5425,0.0,0.0,0.0,0.00073732718894,0.019907834101382,0.152626728110599,0.430046082949309,0.39668202764977
5,84,0,0,0,7,125,859,2285,2144,5420,0.0,0.0,0.0,0.001291512915129,0.023062730627306,0.158487084870849,0.421586715867159,0.395571955719557
5,85,0,0,0,6,118,849,2298,2144,5415,0.0,0.0,0.0,0.001108033240997,0.021791320406279,0.156786703601108,0.424376731301939,0.395937211449677
5,86,0,0,0,9,148,789,2312,2152,5410,0.0,0.0,0.0,0.001663585951941,0.02735674676525,0.145841035120148,0.42735674676525,0.397781885397412
5,87,0,0,0,7,147,869,2243,2139,5405,0.0,0.0,0.0,0.001295097132285,0.027197039777983,0.160777058279371,0.414986123959297,0.395744680851064
5,88,0,0,1,3,114,794,2297,2191,5400,0.0,0.0,0.000185185185185,0.000555555555556,0.021111111111111,0.147037037037037,0.42537037037037,0.405740740740741
5,89,0,0,1,3,142,842,2256,2151,5395,0.0,0.0,0.000185356811863,0.000556070435589,0.026320667284523,0.156070435588508,0.418164967562558,0.39870250231696
5,90,0,0,0,8,111,807,2265,2199,5390,0.0,0.0,0.0,0.001484230055659,0.020593692022263,0.149721706864564,0.420222634508349,0.407977736549165
5,91,0,0,0,5,121,816,2321,2122,5385,0.0,0.0,0.0,0.000928505106778,0.02246982358403,0.151532033426184,0.431012070566388,0.39405756731662
5,92,0,0,0,12,112,834,2258,2164,5380,0.0,0.0,0.0,0.002230483271375,0.020817843866171,0.155018587360595,0.419702602230483,0.402230483271375
5,93,0,0,0,8,131,792,2276,2168,5375,0.0,0.0,0.0,0.001488372093023,0.024372093023256,0.147348837209302,0.423441860465116,0.403348837209302
5,94,0,0,0,6,113,864,2266,2121,5370,0.0,0.0,0.0,0.001117318435754,0.021042830540037,0.160893854748603,0.421973929236499,0.394972067039106
5,95,0,0,1,3,129,769,2280,2183,5365,0.0,0.0,0.000186393289842,0.000559179869525,0.024044734389562,0.143336439888164,0.42497670083877,0.406896551724138
5,96,0,0,0,6,123,798,2229,2204,5360,0.0,0.0,0.0,0.001119402985075,0.02294776119403,0.148880597014925,0.415858208955224,0.411194029850746
5,97,0,0,0,6,118,858,2274,2099,5355,0.0,0.0,0.0,0.001120448179272,0.02203548085901,0.160224089635854,0.424649859943978,0.391970121381886
5,98,0,0,0,3,127,788,2259,2173,5350,0.0,0.0,0.0,0.000560747663551,0.023738317757009,0.147289719626168,0.422242990654206,0.406168224299065
5,99,0,0,0,8,127,800,2292,2118,5345,0.0,0.0,0.0,0.001496725912067,0.023760523854069,0.149672591206735,0.428811973807297,0.396258185219832
5,100,0,0,0,6,121,769,2296,2148,5340,0.0,0.0,0.0,0.001123595505618,0.022659176029963,0.144007490636704,0.429962546816479,0.402247191011236
5,101,0,0,0,10,122,776,2315,2112,5335,0.0,0.0,0.0,0.001874414245548,0.022867853795689,0.145454545454545,0.433926897844424,0.395876288659794
5,102,0,0,0,10,114,804,2264,2138,5330,0.0,0.0,0.0,0.00187617260788,0.021388367729831,0.150844277673546,0.424765478424015,0.401125703564728
5,103,0,0,0,6,122,798,2260,2139,5325,0.0,0.0,0.0,0.00112676056338,0.022910798122066,0.149859154929577,0.424413145539906,0.40169014084507
5,104,0,0,1,11,134,809,2199,2166,5320,0.0,0.0,0.000187969924812,0.002067669172932,0.025187969924812,0.152067669172932,0.413345864661654,0.407142857142857
5,105,0,0,0,7,114,791,2290,2113,5315,0.0,0.0,0.0,0.001317027281279,0.021448730009407,0.148824082784572,0.430856067732832,0.39755409219191
5,106,0,0,0,6,114,781,2286,2123,5310,0.0,0.0,0.0,0.001129943502825,0.021468926553672,0.147080979284369,0.430508474576271,0.399811676082862
5,107,0,0,1,7,110,771,2239,2177,5305,0.0,0.0,0.000188501413761,0.001319509896324,0.020735155513666,0.145334590009425,0.422054665409991,0.410367577756833
5,108,0,0,0,8,101,789,2285,2117,5300,0.0,0.0,0.0,0.001509433962264,0.019056603773585,0.148867924528302,0.431132075471698,0.399433962264151
5,109,0,0,0,6,111,816,2291,2071,5295,0.0,0.0,0.0,0.001133144475921,0.020963172804533,0.154107648725212,0.432672332389046,0.391123701605288
5,110,0,0,1,4,133,803,2241,2108,5290,0.0,0.0,0.000189035916824,0.000756143667297,0.025141776937618,0.15179584120983,0.423629489603025,0.398487712665406
5,111,0,0,1,9,130,784,2209,2152,5285,0.0,0.0,0.000189214758751,0.001702932828761,0.024597918637654,0.148344370860927,0.417975402081362,0.407190160832545
5,112,0,0,0,7,101,816,2246,2110,5280,0.0,0.0,0.0,0.001325757575758,0.019128787878788,0.154545454545455,0.425378787878788,0.399621212121212
5,113,0,0,0,7,117,771,2259,2121,5275,0.0,0.0,0.0,0.001327014218009,0.02218009478673,0.146161137440758,0.42824644549763,0.402085308056872
5,114,0,0,0,10,121,805,2259,2075,5270,0.0,0.0,0.0,0.001897533206831,0.022960151802657,0.152751423149905,0.42865275142315,0.393738140417457
5,115,0,0,0,9,107,790,2218,2141,5265,0.0,0.0,0.0,0.001709401709402,0.020322886989554,0.150047483380817,0.421272554605888,0.40664767331434
5,116,0,0,0,7,111,791,2230,2121,5260,0.0,0.0,0.0,0.001330798479087,0.021102661596958,0.150380228136882,0.423954372623574,0.403231939163498
5,117,0,0,0,5,124,771,2287,2068,5255,0.0,0.0,0.0,0.000951474785918,0.023596574690771,0.146717411988582,0.435204567078972,0.393529971455756
5,118,0,0,1,6,120,788,2259,2076,5250,0.0,0.0,0.000190476190476,0.001142857142857,0.022857142857143,0.150095238095238,0.430285714285714,0.395428571428571
5,119,0,0,0,7,109,799,2234,2096,5245,0.0,0.0,0.0,0.001334604385129,0.020781696854147,0.152335557673975,0.425929456625357,0.399618684461392
5,120,0,0,0,7,114,819,2234,2066,5240,0.0,0.0,0.0,0.001335877862595,0.02175572519084,0.156297709923664,0.426335877862595,0.394274809160305
5,121,0,0,0,7,130,796,2180,2122,5235,0.0,0.0,0.0,0.001337153772684,0.024832855778415,0.152053486150907,0.416427889207259,0.405348615090735
5,122,0,0,0,14,118,803,2199,2096,5230,0.0,0.0,0.0,0.002676864244742,0.022562141491396,0.153537284894837,0.420458891013384,0.400764818355641
5,123,0,0,0,8,109,778,2233,2097,5225,0.0,0.0,0.0,0.001531100478469,0.020861244019139,0.1488995215311,0.427368421052632,0.40133971291866
5,124,0,0,1,4,107,769,2249,2090,5220,0.0,0.0,0.000191570881226,0.000766283524904,0.020498084291188,0.147318007662835,0.430842911877395,0.400383141762452
5,125,0,0,0,5,109,796,2209,2096,5215,0.0,0.0,0.0,0.000958772770853,0.020901246404602,0.152636625119847,0.423585810162991,0.401917545541707
5,126,0,0,1,6,94,762,2233,2114,5210,0.0,0.0,0.000191938579655,0.001151631477927,0.018042226487524,0.146257197696737,0.428598848368522,0.405758157389635
5,127,0,0,0,5,110,762,2223,2105,5205,0.0,0.0,0.0,0.000960614793468,0.021133525456292,0.146397694524496,0.427089337175793,0.404418828049952
5,128,0,0,1,7,109,785,2205,2093,5200,0.0,0.0,0.000192307692308,0.001346153846154,0.020961538461538,0.150961538461538,0.424038461538462,0.4025
5,129,0,0,0,11,125,758,2230,2071,5195,0.0,0.0,0.0,0.002117420596728,0.024061597690087,0.145909528392685,0.429258902791145,0.398652550529355
5,130,0,0,1,13,99,847,2192,2038,5190,0.0,0.0,0.00019267822736,0.002504816955684,0.019075144508671,0.163198458574181,0.422350674373796,0.392678227360308
5,131,0,0,1,10,103,806,2189,2076,5185,0.0,0.0,0.000192864030858,0.001928640308582,0.019864995178399,0.155448408871745,0.422179363548698,0.400385728061717
5,132,0,0,0,10,129,791,2199,2051,5180,0.0,0.0,0.0,0.001930501930502,0.024903474903475,0.152702702702703,0.424517374517375,0.395945945945946
5,133,0,0,0,7,97,804,2205,2062,5175,0.0,0.0,0.0,0.001352657004831,0.018743961352657,0.15536231884058,0.426086956521739,0.398454106280193
5,134,0,0,0,4,115,794,2178,2079,5170,0.0,0.0,0.0,0.000773694390716,0.022243713733075,0.15357833655706,0.421276595744681,0.402127659574468
5,135,0,0,0,7,107,783,2238,2030,5165,0.0,0.0,0.0,0.00135527589545,0.020716360116167,0.151597289448209,0.433301064859632,0.393030009680542
5,136,0,0,0,5,118,769,2263,2005,5160,0.0,0.0,0.0,0.000968992248062,0.022868217054264,0.149031007751938,0.438565891472868,0.388565891472868
5,137,0,0,0,7,129,753,2187,2079,5155,0.0,0.0,0.0,0.001357904946654,0.025024248302619,0.146071774975752,0.424248302618817,0.403297769156159
5,138,0,0,0,3,127,761,2126,2133,5150,0.0,0.0,0.0,0.000582524271845,0.024660194174757,0.147766990291262,0.412815533980583,0.414174757281553
5,139,0,0,0,9,118,763,2184,2071,5145,0.0,0.0,0.0,0.001749271137026,0.022934888241011,0.148299319727891,0.424489795918367,0.402526724975705
5,140,0,0,0,12,110,802,2172,2044,5140,0.0,0.0,0.0,0.002334630350195,0.021400778210117,0.156031128404669,0.422568093385214,0.397665369649805
5,141,0,0,0,6,118,751,2166,2094,5135,0.0,0.0,0.0,0.001168451801363,0.022979552093476,0.146251217137293,0.421811100292113,0.407789678675755
5,142,0,0,0,5,125,814,2191,1995,5130,0.0,0.0,0.0,0.000974658869396,0.024366471734893,0.158674463937622,0.427095516569201,0.388888888888889
5,143,0,0,0,2,130,795,2142,2056,5125,0.0,0.0,0.0,0.000390243902439,0.025365853658537,0.155121951219512,0.417951219512195,0.401170731707317
5,144,0,0,1,4,104,829,2143,2039,5120,0.0,0.0,0.0001953125,0.00078125,0.0203125,0.1619140625,0.4185546875,0.3982421875
5,145,0,0,0,10,115,803,2150,2037,5115,0.0,0.0,0.0,0.001955034213099,0.022482893450635,0.156989247311828,0.420332355816227,0.398240469208211
5,146,0,0,0,12,108,775,2144,2071,5110,0.0,0.0,0.0,0.002348336594912,0.021135029354207,0.151663405088063,0.419569471624266,0.405283757338552
5,147,0,0,1,6,125,751,2175,2047,5105,0.0,0.0,0.000195886385896,0.001175318315377,0.024485798237023,0.147110675808031,0.426052889324192,0.400979431929481
5,148,0,0,0,9,105,751,2191,2044,5100,0.0,0.0,0.0,0.001764705882353,0.020588235294118,0.147254901960784,0.429607843137255,0.40078431372549
5,149,0,0,0,8,106,746,2157,2078,5095,0.0,0.0,0.0,0.001570166830226,0.020804710500491,0.146418056918548,0.423356231599607,0.407850834151129
5,150,0,0,0,7,121,788,2139,2035,5090,0.0,0.0,0.0,0.001375245579568,0.0237721021611,0.154813359528487,0.420235756385069,0.399803536345776
5,151,0,0,0,3,125,751,2177,2029,5085,0.0,0.0,0.0,0.000589970501475,0.024582104228122,0.147689282202557,0.428121927236972,0.399016715830875
5,152,0,1,0,13,113,755,2183,2015,5080,0.0,0.000196850393701,0.0,0.00255905511811,0.022244094488189,0.148622047244095,0.429724409448819,0.396653543307087
5,153,0,0,0,8,123,750,2121,2073,5075,0.0,0.0,0.0,0.001576354679803,0.02423645320197,0.147783251231527,0.417931034482759,0.408472906403941
5,154,0,0,0,3,108,784,2136,2039,5070,0.0,0.0,0.0,0.000591715976331,0.021301775147929,0.154635108481262,0.421301775147929,0.402169625246548
5,155,0,0,0,5,108,689,2194,2069,5065,0.0,0.0,0.0,0.000987166831194,0.021322803553801,0.136031589338598,0.433168805528134,0.408489634748272
5,156,0,0,0,9,103,813,2132,2003,5060,0.0,0.0,0.0,0.001778656126482,0.020355731225296,0.160671936758893,0.421343873517787,0.395849802371541
5,157,0,0,0,6,117,766,2170,1996,5055,0.0,0.0,0.0,0.001186943620178,0.023145400593472,0.151533135509397,0.429277942631058,0.394856577645895
5,158,0,0,0,9,113,764,2122,2042,5050,0.0,0.0,0.0,0.001782178217822,0.022376237623762,0.151287128712871,0.42019801980198,0.404356435643564
5,159,0,0,0,6,98,759,2153,2029,5045,0.0,0.0,0.0,0.001189296333003,0.019425173439049,0.150445986124876,0.426759167492567,0.402180376610505
5,160,0,0,0,5,115,787,2134,1999,5040,0.0,0.0,0.0,0.000992063492063,0.02281746031746,0.156150793650794,0.423412698412698,0.396626984126984
5,161,0,0,0,13,105,819,2133,1965,5035,0.0,0.0,0.0,0.002581926514399,0.020854021847071,0.16266137040715,0.423634558093347,0.390268123138034
5,162,0,0,0,10,120,760,2093,2047,5030,0.0,0.0,0.0,0.001988071570577,0.023856858846918,0.151093439363817,0.41610337972167,0.406958250497018
5,163,0,0,0,10,112,710,2154,2039,5025,0.0,0.0,0.0,0.001990049751244,0.02228855721393,0.141293532338308,0.42865671641791,0.405771144278607
5,164,0,0,0,9,126,753,2102,2030,5020,0.0,0.0,0.0,0.001792828685259,0.025099601593625,0.15,0.418725099601594,0.404382470119522
5,165,0,0,0,4,106,743,2165,1997,5015,0.0,0.0,0.0,0.000797607178465,0.021136590229312,0.148155533399801,0.431704885343968,0.398205383848455
5,166,0,0,0,10,120,791,2133,1956,5010,0.0,0.0,0.0,0.001996007984032,0.023952095808383,0.157884231536926,0.425748502994012,0.390419161676647
5,167,0,0,0,9,120,747,2097,2032,5005,0.0,0.0,0.0,0.001798201798202,0.023976023976024,0.149250749250749,0.418981018981019,0.405994005994006
5,168,0,0,0,2,114,769,2073,2042,5000,0.0,0.0,0.0,0.0004,0.0228,0.1538,0.4146,0.4084
5,169,0,0,0,9,105,740,2200,1941,4995,0.0,0.0,0.0,0.001801801801802,0.021021021021021,0.148148148148148,0.44044044044044,0.388588588588589
5,170,0,0,0,8,102,771,2144,1965,4990,0.0,0.0,0.0,0.001603206412826,0.020440881763527,0.154509018036072,0.429659318637275,0.393787575150301
5,171,0,0,0,10,116,773,2125,1961,4985,0.0,0.0,0.0,0.002006018054162,0.023269809428285,0.15506519558676,0.426278836509529,0.393380140421264
5,172,0,0,0,6,99,747,2143,1985,4980,0.0,0.0,0.0,0.001204819277108,0.019879518072289,0.15,0.430321285140562,0.39859437751004
5,173,0,0,0,9,108,781,2136,1941,4975,0.0,0.0,0.0,0.001809045226131,0.021708542713568,0.156984924623116,0.429346733668342,0.390150753768844
5,174,0,0,0,5,111,758,2100,1996,4970,0.0,0.0,0.0,0.001006036217304,0.022334004024145,0.15251509054326,0.422535211267606,0.401609657947686
5,175,0,0,0,7,104,795,2083,1976,4965,0.0,0.0,0.0,0.001409869083585,0.020946626384693,0.16012084592145,0.419536757301108,0.397985901309164
5,176,0,0,0,7,131,765,2123,1934,4960,0.0,0.0,0.0,0.001411290322581,0.026411290322581,0.154233870967742,0.428024193548387,0.38991935483871
5,177,0,0,0,7,115,740,2101,1992,4955,0.0,0.0,0.0,0.001412714429869,0.023208879919273,0.149344096871847,0.42401614530777,0.402018163471241
5,178,0,0,1,8,111,756,2105,1969,4950,0.0,0.0,0.00020202020202,0.001616161616162,0.022424242424242,0.152727272727273,0.425252525252525,0.397777777777778
5,179,0,0,0,7,95,766,2023,2054,4945,0.0,0.0,0.0,0.001415571284125,0.019211324570273,0.154903943377149,0.409100101112235,0.415369059656218
5,180,0,0,0,4,90,744,2089,2013,4940,0.0,0.0,0.0,0.00080971659919,0.018218623481781,0.150607287449393,0.422874493927126,0.40748987854251
5,181,0,0,0,3,113,756,2073,1990,4935,0.0,0.0,0.0,0.000607902735562,0.02289766970618,0.153191489361702,0.420060790273556,0.403242147922999
5,182,0,0,0,8,105,745,2052,2020,4930,0.0,0.0,0.0,0.001622718052738,0.021298174442191,0.151115618661258,0.416227180527383,0.40973630831643
5,183,0,0,1,10,91,744,2072,2007,4925,0.0,0.0,0.000203045685279,0.002030456852792,0.018477157360406,0.151065989847716,0.420710659898477,0.40751269035533
5,184,0,0,0,4,110,767,2094,1945,4920,0.0,0.0,0.0,0.000813008130081,0.022357723577236,0.155894308943089,0.425609756097561,0.395325203252033
5,185,0,0,0,7,130,741,2049,1988,4915,0.0,0.0,0.0,0.001424211597152,0.026449643947101,0.150762970498474,0.416887080366226,0.404476093591048
5,186,0,0,0,8,116,776,2072,1938,4910,0.0,0.0,0.0,0.00162932790224,0.023625254582485,0.158044806517312,0.421995926680244,0.394704684317719
5,187,0,0,0,3,113,718,2074,1997,4905,0.0,0.0,0.0,0.000611620795107,0.023037716615698,0.14638124362895,0.422833843017329,0.407135575942915
5,188,0,0,0,8,114,770,2043,1965,4900,0.0,0.0,0.0,0.001632653061224,0.023265306122449,0.157142857142857,0.416938775510204,0.401020408163265
5,189,0,0,1,4,113,777,2049,1951,4895,0.0,0.0,0.000204290091931,0.000817160367722,0.023084780388151,0.158733401430031,0.418590398365679,0.398569969356486
5,190,0,0,0,7,110,750,2065,1958,4890,0.0,0.0,0.0,0.001431492842536,0.022494887525562,0.153374233128834,0.422290388548057,0.40040899795501
5,191,0,0,0,8,109,736,2071,1961,4885,0.0,0.0,0.0,0.001637666325486,0.022313203684749,0.150665301944729,0.423950870010235,0.4014329580348
5,192,0,0,0,5,102,780,2045,1948,4880,0.0,0.0,0.0,0.001024590163934,0.020901639344262,0.159836065573771,0.41905737704918,0.399180327868852
5,193,0,0,0,5,116,704,2113,1937,4875,0.0,0.0,0.0,0.001025641025641,0.023794871794872,0.144410256410256,0.433435897435897,0.397333333333333
5,194,0,0,0,8,108,757,2137,1860,4870,0.0,0.0,0.0,0.001642710472279,0.02217659137577,0.155441478439425,0.438809034907598,0.381930184804928
5,195,0,0,1,8,106,804,2088,1858,4865,0.0,0.0,0.000205549845838,0.001644398766701,0.021788283658787,0.165262076053443,0.429188078108941,0.38191161356629
5,196,0,0,0,1,109,710,2066,1974,4860,0.0,0.0,0.0,0.000205761316872,0.022427983539095,0.146090534979424,0.425102880658436,0.406172839506173
5,197,0,0,0,12,95,772,2063,1913,4855,0.0,0.0,0.0,0.002471678681771,0.01956745623069,0.159011328527291,0.424922760041195,0.394026776519053
5,198,0,0,0,4,117,732,2059,1938,4850,0.0,0.0,0.0,0.000824742268041,0.024123711340206,0.150927835051546,0.424536082474227,0.399587628865979
5,199,0,0,0,2,112,729,2020,1982,4845,0.0,0.0,0.0,0.000412796697626,0.023116615067079,0.15046439628483,0.416924664602683,0.409081527347781
5,200,0,0,0,3,109,750,2024,1954,4840,0.0,0.0,0.0,0.000619834710744,0.022520661157025,0.15495867768595,0.418181818181818,0.403719008264463
5,201,0,0,2,6,113,721,2092,1901,4835,0.0,0.0,0.000413650465357,0.00124095139607,0.023371251292658,0.149120992761117,0.432678386763185,0.393174767321613
5,202,0,0,0,8,121,725,2081,1895,4830,0.0,0.0,0.0,0.001656314699793,0.025051759834369,0.150103519668737,0.430848861283644,0.392339544513458
5,203,0,0,0,8,114,728,1990,1985,4825,0.0,0.0,0.0,0.001658031088083,0.023626943005181,0.150880829015544,0.412435233160622,0.41139896373057
5,204,0,0,0,6,104,742,2070,1898,4820,0.0,0.0,0.0,0.001244813278008,0.021576763485477,0.153941908713693,0.429460580912863,0.393775933609958
5,205,0,0,0,12,109,671,2074,1949,4815,0.0,0.0,0.0,0.002492211838006,0.02263759086189,0.139356178608515,0.43073727933541,0.404776739356179
5,206,0,0,0,4,108,729,2065,1904,4810,0.0,0.0,0.0,0.000831600831601,0.022453222453222,0.151559251559252,0.429313929313929,0.395841995841996
5,207,0,0,0,6,107,765,2041,1886,4805,0.0,0.0,0.0,0.001248699271592,0.022268470343392,0.159209157127992,0.424765868886576,0.392507804370447
5,208,0,0,0,7,98,723,2069,1903,4800,0.0,0.0,0.0,0.001458333333333,0.020416666666667,0.150625,0.431041666666667,0.396458333333333
5,209,0,0,0,9,105,714,1983,1984,4795,0.0,0.0,0.0,0.001876955161627,0.021897810218978,0.148905109489051,0.413555787278415,0.413764337851929
5,210,0,0,0,8,109,739,2033,1901,4790,0.0,0.0,0.0,0.001670146137787,0.022755741127349,0.154279749478079,0.424425887265136,0.396868475991649
5,211,0,0,0,10,113,708,1992,1962,4785,0.0,0.0,0.0,0.00208986415883,0.023615464994775,0.147962382445141,0.416300940438871,0.410031347962382
5,212,0,0,1,6,100,740,1999,1934,4780,0.0,0.0,0.000209205020921,0.001255230125523,0.02092050209205,0.154811715481172,0.418200836820084,0.404602510460251
5,213,0,0,0,3,100,704,2072,1896,4775,0.0,0.0,0.0,0.000628272251309,0.020942408376963,0.147434554973822,0.433926701570681,0.397068062827225
5,214,0,0,0,7,120,735,2002,1906,4770,0.0,0.0,0.0,0.00146750524109,0.025157232704403,0.154088050314465,0.419706498951782,0.39958071278826
5,215,0,0,0,5,98,754,2034,1874,4765,0.0,0.0,0.0,0.001049317943337,0.020566631689402,0.158237145855194,0.426862539349423,0.393284365162644
5,216,0,0,0,4,103,667,2040,1946,4760,0.0,0.0,0.0,0.000840336134454,0.021638655462185,0.140126050420168,0.428571428571429,0.408823529411765
5,217,0,0,1,8,107,696,2055,1888,4755,0.0,0.0,0.000210304942166,0.001682439537329,0.022502628811777,0.146372239747634,0.43217665615142,0.397055730809674
5,218,0,0,0,7,120,718,1981,1924,4750,0.0,0.0,0.0,0.001473684210526,0.025263157894737,0.151157894736842,0.417052631578947,0.405052631578947
5,219,0,0,0,6,114,745,2014,1866,4745,0.0,0.0,0.0,0.001264488935722,0.024025289778714,0.157007376185458,0.424446786090622,0.393256059009484
5,220,0,0,1,5,96,709,2016,1913,4740,0.0,0.0,0.000210970464135,0.001054852320675,0.020253164556962,0.14957805907173,0.425316455696203,0.403586497890295
5,221,0,0,0,11,110,712,2047,1855,4735,0.0,0.0,0.0,0.002323125659979,0.023231256599789,0.150369588173178,0.432312565997888,0.391763463569166
5,222,0,0,0,7,119,727,2012,1865,4730,0.0,0.0,0.0,0.001479915433404,0.025158562367865,0.15369978858351,0.425369978858351,0.394291754756871
5,223,0,0,0,5,111,735,1939,1935,4725,0.0,0.0,0.0,0.001058201058201,0.023492063492063,0.155555555555556,0.41037037037037,0.40952380952381
5,224,0,0,0,6,112,728,2042,1832,4720,0.0,0.0,0.0,0.001271186440678,0.023728813559322,0.154237288135593,0.432627118644068,0.388135593220339
5,225,0,0,0,8,105,680,2061,1861,4715,0.0,0.0,0.0,0.0016967126193,0.022269353128314,0.144220572640509,0.43711558854719,0.394697773064687
5,226,0,0,0,6,102,700,2007,1895,4710,0.0,0.0,0.0,0.001273885350318,0.021656050955414,0.148619957537155,0.426114649681529,0.402335456475584
5,227,0,0,0,7,122,682,2001,1893,4705,0.0,0.0,0.0,0.001487778958555,0.025929861849097,0.144952178533475,0.42529224229543,0.402337938363443
5,228,0,0,0,7,100,663,1934,1996,4700,0.0,0.0,0.0,0.001489361702128,0.021276595744681,0.141063829787234,0.411489361702128,0.42468085106383
5,229,0,0,0,5,101,725,2040,1824,4695,0.0,0.0,0.0,0.001064962726305,0.021512247071353,0.154419595314164,0.434504792332268,0.388498402555911
5,230,0,0,0,9,103,666,1975,1937,4690,0.0,0.0,0.0,0.001918976545842,0.021961620469083,0.142004264392324,0.421108742004264,0.413006396588486
5,231,0,0,0,4,105,735,1957,1884,4685,0.0,0.0,0.0,0.0008537886873,0.022411953041622,0.156883671291355,0.417716115261473,0.40213447171825
5,232,0,0,0,6,86,691,2020,1877,4680,0.0,0.0,0.0,0.001282051282051,0.018376068376068,0.147649572649573,0.431623931623932,0.401068376068376
5,233,0,0,0,4,113,730,1930,1898,4675,0.0,0.0,0.0,0.000855614973262,0.024171122994652,0.156149732620321,0.41283422459893,0.405989304812834
5,234,0,0,0,3,92,693,1987,1895,4670,0.0,0.0,0.0,0.000642398286938,0.019700214132762,0.148394004282655,0.425481798715203,0.405781584582441
5,235,0,0,0,5,114,710,1949,1887,4665,0.0,0.0,0.0,0.0010718113612,0.02443729903537,0.152197213290461,0.417792068595927,0.404501607717042
5,236,0,0,0,5,93,732,1906,1924,4660,0.0,0.0,0.0,0.001072961373391,0.019957081545064,0.157081545064378,0.409012875536481,0.412875536480687
5,237,0,0,1,7,82,682,2021,1862,4655,0.0,0.0,0.000214822771214,0.001503759398496,0.017615467239527,0.146509129967777,0.434156820622986,0.4
5,238,0,0,0,9,93,681,1990,1877,4650,0.0,0.0,0.0,0.001935483870968,0.02,0.146451612903226,0.427956989247312,0.403655913978495
5,239,0,0,1,9,102,722,1982,1829,4645,0.0,0.0,0.00021528525296,0.001937567276642,0.021959095801938,0.155435952637244,0.426695371367061,0.393756727664155
5,240,0,0,0,7,117,641,1964,1911,4640,0.0,0.0,0.0,0.001508620689655,0.025215517241379,0.138146551724138,0.423275862068966,0.411853448275862
5,241,0,0,0,10,96,711,1964,1854,4635,0.0,0.0,0.0,0.002157497303128,0.020711974110032,0.153398058252427,0.423732470334412,0.4
5,242,0,0,0,9,110,650,1963,1898,4630,0.0,0.0,0.0,0.001943844492441,0.023758099352052,0.140388768898488,0.423974082073434,0.409935205183585
5,243,0,0,0,6,89,700,1909,1921,4625,0.0,0.0,0.0,0.001297297297297,0.019243243243243,0.151351351351351,0.412756756756757,0.415351351351351
5,244,0,0,0,4,96,666,1917,1937,4620,0.0,0.0,0.0,0.000865800865801,0.020779220779221,0.144155844155844,0.414935064935065,0.419264069264069
5,245,0,0,0,8,97,707,1963,1840,4615,0.0,0.0,0.0,0.001733477789816,0.021018418201517,0.153196099674973,0.425352112676056,0.398699891657638
5,246,0,0,0,8,119,706,1892,1885,4610,0.0,0.0,0.0,0.00173535791757,0.025813449023861,0.153145336225597,0.410412147505423,0.408893709327549
5,247,0,0,0,7,99,663,1962,1874,4605,0.0,0.0,0.0,0.001520086862106,0.021498371335505,0.143973941368078,0.426058631921824,0.406948968512486
5,248,0,0,0,8,115,691,1935,1851,4600,0.0,0.0,0.0,0.001739130434783,0.025,0.150217391304348,0.420652173913043,0.402391304347826
5,249,0,0,1,9,103,684,1932,1866,4595,0.0,0.0,0.000217627856366,0.001958650707291,0.022415669205658,0.148857453754081,0.420457018498368,0.406093579978237
5,250,0,0,0,8,104,733,1953,1792,4590,0.0,0.0,0.0,0.001742919389978,0.022657952069717,0.159694989106754,0.425490196078431,0.39041394335512
5,251,0,0,0,4,101,666,1986,1828,4585,0.0,0.0,0.0,0.000872410032715,0.022028353326063,0.14525627044711,0.433151581243184,0.398691384950927
5,252,0,0,1,7,89,700,1979,1804,4580,0.0,0.0,0.000218340611354,0.001528384279476,0.01943231441048,0.152838427947598,0.432096069868996,0.393886462882096
5,253,0,0,0,7,103,716,1963,1786,4575,0.0,0.0,0.0,0.001530054644809,0.022513661202186,0.156502732240437,0.429071038251366,0.390382513661202
5,254,0,0,0,10,102,721,1908,1829,4570,0.0,0.0,0.0,0.00218818380744,0.022319474835886,0.157768052516411,0.417505470459519,0.400218818380744
5,255,0,0,0,4,91,677,1958,1835,4565,0.0,0.0,0.0,0.000876232201533,0.019934282584885,0.148302300109529,0.428915662650602,0.40197152245345
5,256,0,0,0,5,90,767,1904,1794,4560,0.0,0.0,0.0,0.00109649122807,0.019736842105263,0.168201754385965,0.417543859649123,0.393421052631579
5,257,0,0,0,8,115,707,1880,1845,4555,0.0,0.0,0.0,0.001756311745335,0.025246981339188,0.155214050493963,0.412733260153677,0.405049396267838
5,258,0,0,0,7,115,673,1918,1837,4550,0.0,0.0,0.0,0.001538461538462,0.025274725274725,0.147912087912088,0.421538461538462,0.403736263736264
5,259,0,0,0,6,116,688,1931,1804,4545,0.0,0.0,0.0,0.001320132013201,0.025522552255226,0.151375137513751,0.424862486248625,0.396919691969197
5,260,0,0,0,2,112,763,1891,1772,4540,0.0,0.0,0.0,0.000440528634361,0.024669603524229,0.168061674008811,0.416519823788546,0.390308370044053
5,261,0,0,0,5,92,723,1882,1833,4535,0.0,0.0,0.0,0.001102535832415,0.020286659316428,0.159426681367144,0.414994487320838,0.404189636163175
5,262,0,0,0,7,92,736,1898,1797,4530,0.0,0.0,0.0,0.001545253863135,0.020309050772627,0.162472406181015,0.418984547461369,0.396688741721854
5,263,0,0,0,9,100,659,1937,1820,4525,0.0,0.0,0.0,0.001988950276243,0.022099447513812,0.145635359116022,0.428066298342541,0.402209944751381
5,264,0,0,0,4,121,667,1829,1899,4520,0.0,0.0,0.0,0.000884955752212,0.026769911504425,0.147566371681416,0.404646017699115,0.420132743362832
5,265,0,0,0,7,97,645,1920,1846,4515,0.0,0.0,0.0,0.001550387596899,0.021483942414175,0.142857142857143,0.425249169435216,0.408859357696567
5,266,0,0,1,4,102,666,1906,1831,4510,0.0,0.0,0.000221729490022,0.000886917960089,0.022616407982262,0.147671840354767,0.422616407982262,0.405986696230599
5,267,0,0,0,7,92,643,1879,1884,4505,0.0,0.0,0.0,0.001553829078801,0.020421753607103,0.142730299667037,0.417092119866815,0.418201997780244
5,268,0,0,0,7,104,684,1893,1812,4500,0.0,0.0,0.0,0.001555555555556,0.023111111111111,0.152,0.420666666666667,0.402666666666667
5,269,0,0,1,6,80,714,1949,1745,4495,0.0,0.0,0.000222469410456,0.001334816462736,0.017797552836485,0.158843159065628,0.433592880978865,0.388209121245829
5,270,0,0,1,6,107,662,1966,1748,4490,0.0,0.0,0.00022271714922,0.001336302895323,0.023830734966592,0.147438752783964,0.437861915367483,0.389309576837416
5,271,0,0,0,5,95,684,1852,1849,4485,0.0,0.0,0.0,0.001114827201784,0.021181716833891,0.152508361204013,0.412931995540691,0.412263099219621
5,272,0,0,0,4,102,687,1920,1767,4480,0.0,0.0,0.0,0.000892857142857,0.022767857142857,0.153348214285714,0.428571428571429,0.394419642857143
5,273,0,0,0,2,116,667,1894,1796,4475,0.0,0.0,0.0,0.000446927374302,0.025921787709497,0.149050279329609,0.423240223463687,0.401340782122905
5,274,0,0,0,4,102,649,1887,1828,4470,0.0,0.0,0.0,0.00089485458613,0.022818791946309,0.145190156599553,0.422147651006711,0.408948545861298
5,275,0,0,0,10,105,680,1848,1822,4465,0.0,0.0,0.0,0.002239641657335,0.023516237402016,0.152295632698768,0.413885778275476,0.408062709966405
5,276,0,0,0,9,99,676,1896,1780,4460,0.0,0.0,0.0,0.002017937219731,0.02219730941704,0.151569506726457,0.425112107623318,0.399103139013453
5,277,0,0,0,7,104,666,1885,1793,4455,0.0,0.0,0.0,0.001571268237935,0.02334455667789,0.149494949494949,0.423120089786756,0.402469135802469
5,278,0,0,0,8,104,716,1851,1771,4450,0.0,0.0,0.0,0.001797752808989,0.023370786516854,0.160898876404494,0.415955056179775,0.397977528089888
5,279,0,0,0,7,103,680,1913,1742,4445,0.0,0.0,0.0,0.001574803149606,0.023172103487064,0.152980877390326,0.43037120359955,0.391901012373453
5,280,0,0,0,7,98,697,1903,1735,4440,0.0,0.0,0.0,0.001576576576577,0.022072072072072,0.156981981981982,0.428603603603604,0.390765765765766
5,281,0,0,0,6,90,695,1890,1754,4435,0.0,0.0,0.0,0.001352874859076,0.020293122886133,0.156708004509583,0.426155580608794,0.395490417136415
5,282,0,0,1,6,95,636,1867,1825,4430,0.0,0.0,0.000225733634312,0.001354401805869,0.021444695259594,0.143566591422122,0.421444695259594,0.41196388261851
5,283,0,0,0,11,95,670,1913,1736,4425,0.0,0.0,0.0,0.002485875706215,0.021468926553672,0.151412429378531,0.432316384180791,0.392316384180791
5,284,0,0,0,4,100,697,1851,1768,4420,0.0,0.0,0.0,0.000904977375566,0.02262443438914,0.157692307692308,0.418778280542986,0.4
5,285,0,0,0,8,81,642,1860,1824,4415,0.0,0.0,0.0,0.001812004530011,0.018346545866365,0.145413363533409,0.421291053227633,0.413137032842582
5,286,0,0,1,7,98,651,1894,1759,4410,0.0,0.0,0.000226757369615,0.001587301587302,0.022222222222222,0.147619047619048,0.429478458049887,0.398866213151927
5,287,0,0,0,12,109,687,1842,1755,4405,0.0,0.0,0.0,0.00272417707151,0.024744608399546,0.155959137343927,0.418161180476731,0.398410896708286
5,288,0,0,0,5,102,652,1878,1763,4400,0.0,0.0,0.0,0.001136363636364,0.023181818181818,0.148181818181818,0.426818181818182,0.400681818181818
5,289,0,0,0,8,111,668,1821,1787,4395,0.0,0.0,0.0,0.001820250284414,0.025255972696246,0.151990898748578,0.414334470989761,0.406598407281001
5,290,0,0,0,8,111,658,1940,1673,4390,0.0,0.0,0.0,0.001822323462415,0.025284738041002,0.149886104783599,0.441913439635535,0.381093394077449
5,291,0,0,0,7,104,680,1868,1726,4385,0.0,0.0,0.0,0.001596351197263,0.023717217787913,0.155074116305587,0.42599771949829,0.393614595210946
5,292,0,0,0,7,107,654,1882,1730,4380,0.0,0.0,0.0,0.001598173515982,0.024429223744292,0.149315068493151,0.429680365296804,0.394977168949772
5,293,0,0,0,5,89,675,1844,1762,4375,0.0,0.0,0.0,0.001142857142857,0.020342857142857,0.154285714285714,0.421485714285714,0.402742857142857
5,294,0,0,0,6,92,666,1875,1731,4370,0.0,0.0,0.0,0.00137299771167,0.021052631578947,0.152402745995423,0.429061784897025,0.396109839816934
5,295,0,0,0,7,101,685,1837,1735,4365,0.0,0.0,0.0,0.001603665521191,0.023138602520046,0.156930126002291,0.420847651775487,0.397479954180985
5,296,0,0,0,8,101,659,1835,1757,4360,0.0,0.0,0.0,0.001834862385321,0.023165137614679,0.151146788990826,0.420871559633028,0.402981651376147
5,297,0,0,0,4,91,657,1845,1758,4355,0.0,0.0,0.0,0.000918484500574,0.02089552238806,0.150861079219288,0.423650975889782,0.403673938002296
5,298,0,0,0,6,76,605,1874,1789,4350,0.0,0.0,0.0,0.001379310344828,0.017471264367816,0.139080459770115,0.430804597701149,0.411264367816092
5,299,0,0,1,7,87,635,1882,1733,4345,0.0,0.0,0.000230149597238,0.001611047180667,0.020023014959724,0.14614499424626,0.433141542002301,0.398849252013809
5,300,0,0,0,9,94,604,1879,1754,4340,0.0,0.0,0.0,0.002073732718894,0.021658986175115,0.139170506912442,0.43294930875576,0.404147465437788
5,301,0,0,0,8,104,653,1781,1789,4335,0.0,0.0,0.0,0.001845444059977,0.0239907727797,0.150634371395617,0.410841983852364,0.412687427912341
5,302,0,0,0,5,119,643,1795,1768,4330,0.0,0.0,0.0,0.001154734411085,0.027482678983834,0.148498845265589,0.414549653579677,0.408314087759815
5,303,0,0,0,9,85,677,1827,1727,4325,0.0,0.0,0.0,0.002080924855491,0.019653179190751,0.156531791907514,0.42242774566474,0.399306358381503
5,304,0,0,0,7,106,665,1828,1714,4320,0.0,0.0,0.0,0.00162037037037,0.024537037037037,0.153935185185185,0.423148148148148,0.396759259259259
5,305,0,0,0,8,106,675,1784,1742,4315,0.0,0.0,0.0,0.001853997682503,0.024565469293163,0.156431054461182,0.413441483198146,0.403707995365006
5,306,0,0,0,2,93,665,1803,1747,4310,0.0,0.0,0.0,0.00046403712297,0.021577726218097,0.154292343387471,0.418329466357309,0.405336426914153
5,307,0,0,0,11,84,630,1818,1762,4305,0.0,0.0,0.0,0.002555168408827,0.019512195121951,0.146341463414634,0.422299651567944,0.409291521486643
5,308,0,0,0,6,100,651,1799,1744,4300,0.0,0.0,0.0,0.001395348837209,0.023255813953488,0.151395348837209,0.418372093023256,0.405581395348837
5,309,0,0,0,4,97,588,1843,1763,4295,0.0,0.0,0.0,0.00093131548312,0.022584400465658,0.136903376018626,0.429103608847497,0.410477299185099
5,310,0,0,2,1,92,649,1832,1714,4290,0.0,0.0,0.0004662004662,0.0002331002331,0.021445221445221,0.151282051282051,0.427039627039627,0.3995337995338
5,311,0,0,0,2,101,665,1800,1717,4285,0.0,0.0,0.0,0.00046674445741,0.023570595099183,0.155192532088681,0.420070011668611,0.400700116686114
5,312,0,0,0,7,102,626,1797,1748,4280,0.0,0.0,0.0,0.001635514018692,0.023831775700935,0.146261682242991,0.419859813084112,0.408411214953271
5,313,0,0,0,3,95,632,1794,1751,4275,0.0,0.0,0.0,0.000701754385965,0.022222222222222,0.147836257309942,0.419649122807018,0.409590643274854
5,314,0,0,1,5,104,626,1797,1737,4270,0.0,0.0,0.000234192037471,0.001170960187354,0.024355971896956,0.146604215456674,0.420843091334895,0.406791569086651
5,315,0,0,0,4,90,660,1801,1710,4265,0.0,0.0,0.0,0.000937866354045,0.021101992966002,0.154747948417351,0.422274325908558,0.400937866354045
5,316,0,0,0,7,116,668,1820,1649,4260,0.0,0.0,0.0,0.001643192488263,0.027230046948357,0.156807511737089,0.427230046948357,0.387089201877934
5,317,0,0,0,5,95,648,1784,1723,4255,0.0,0.0,0.0,0.00117508813161,0.022326674500588,0.152291421856639,0.419271445358402,0.404935370152761
5,318,0,0,0,6,99,615,1803,1727,4250,0.0,0.0,0.0,0.001411764705882,0.023294117647059,0.144705882352941,0.424235294117647,0.406352941176471
5,319,0,0,0,10,105,679,1833,1618,4245,0.0,0.0,0.0,0.002355712603062,0.024734982332155,0.159952885747939,0.431802120141343,0.381154299175501
5,320,0,0,0,2,93,650,1804,1691,4240,0.0,0.0,0.0,0.000471698113208,0.021933962264151,0.153301886792453,0.425471698113208,0.398820754716981
5,321,0,0,1,4,98,599,1750,1783,4235,0.0,0.0,0.000236127508855,0.000944510035419,0.023140495867769,0.141440377804014,0.413223140495868,0.421015348288076
5,322,0,0,0,9,90,627,1844,1660,4230,0.0,0.0,0.0,0.002127659574468,0.021276595744681,0.14822695035461,0.435933806146572,0.392434988179669
5,323,0,0,0,8,82,659,1780,1696,4225,0.0,0.0,0.0,0.00189349112426,0.019408284023669,0.155976331360947,0.421301775147929,0.401420118343195
5,324,0,0,0,7,85,627,1782,1719,4220,0.0,0.0,0.0,0.001658767772512,0.020142180094787,0.148578199052133,0.422274881516588,0.407345971563981
5,325,0,0,0,5,84,646,1766,1714,4215,0.0,0.0,0.0,0.001186239620403,0.019928825622776,0.153262158956109,0.418979833926453,0.406642941874259
5,326,0,0,0,4,96,637,1814,1659,4210,0.0,0.0,0.0,0.000950118764846,0.022802850356295,0.151306413301663,0.430878859857482,0.394061757719715
5,327,0,0,0,8,92,611,1750,1744,4205,0.0,0.0,0.0,0.001902497027348,0.021878715814507,0.145303210463734,0.416171224732461,0.41474435196195
5,328,0,0,0,6,100,649,1721,1724,4200,0.0,0.0,0.0,0.001428571428571,0.023809523809524,0.15452380952381,0.409761904761905,0.41047619047619
5,329,0,0,0,8,93,650,1811,1633,4195,0.0,0.0,0.0,0.001907032181168,0.022169249106079,0.154946364719905,0.431704410011919,0.38927294398093
5,330,0,0,0,3,98,651,1776,1662,4190,0.0,0.0,0.0,0.000715990453461,0.023389021479714,0.155369928400955,0.423866348448687,0.396658711217184
5,331,0,0,0,5,101,633,1817,1629,4185,0.0,0.0,0.0,0.001194743130227,0.024133811230585,0.151254480286738,0.434169653524492,0.389247311827957
5,332,0,0,0,6,90,643,1793,1648,4180,0.0,0.0,0.0,0.001435406698565,0.021531100478469,0.153827751196172,0.428947368421053,0.394258373205742
5,333,0,0,0,7,104,641,1743,1680,4175,0.0,0.0,0.0,0.001676646706587,0.024910179640719,0.153532934131737,0.41748502994012,0.402395209580838
5,334,0,0,0,4,101,635,1777,1653,4170,0.0,0.0,0.0,0.000959232613909,0.024220623501199,0.152278177458034,0.426139088729017,0.396402877697842
5,335,0,0,1,6,99,635,1782,1642,4165,0.0,0.0,0.000240096038415,0.001440576230492,0.023769507803121,0.152460984393757,0.427851140456182,0.394237695078031
5,336,0,0,0,6,91,631,1812,1620,4160,0.0,0.0,0.0,0.001442307692308,0.021875,0.151682692307692,0.435576923076923,0.389423076923077
5,337,0,0,0,6,90,606,1738,1715,4155,0.0,0.0,0.0,0.0014440433213,0.021660649819495,0.145848375451264,0.418291215403129,0.412755716004813
5,338,0,0,0,7,87,640,1756,1660,4150,0.0,0.0,0.0,0.001686746987952,0.020963855421687,0.15421686746988,0.423132530120482,0.4
5,339,0,0,0,6,93,632,1716,1698,4145,0.0,0.0,0.0,0.001447527141134,0.022436670687575,0.152472858866104,0.413992762364294,0.409650180940893
5,340,0,0,0,6,94,610,1800,1630,4140,0.0,0.0,0.0,0.001449275362319,0.022705314009662,0.147342995169082,0.434782608695652,0.393719806763285
5,341,0,0,0,7,109,622,1698,1699,4135,0.0,0.0,0.0,0.001692865779927,0.026360338573156,0.150423216444982,0.410640870616687,0.410882708585248
5,342,0,0,0,4,93,615,1758,1660,4130,0.0,0.0,0.0,0.000968523002421,0.022518159806295,0.148910411622276,0.425665859564165,0.401937046004843
5,343,0,0,0,6,82,645,1743,1649,4125,0.0,0.0,0.0,0.001454545454545,0.019878787878788,0.156363636363636,0.422545454545455,0.399757575757576
5,344,0,0,0,10,97,657,1714,1642,4120,0.0,0.0,0.0,0.002427184466019,0.023543689320388,0.159466019417476,0.416019417475728,0.398543689320388
5,345,0,0,1,5,98,613,1793,1605,4115,0.0,0.0,0.000243013365735,0.001215066828676,0.023815309842041,0.148967193195626,0.435722964763062,0.39003645200486
5,346,0,0,0,4,99,628,1771,1608,4110,0.0,0.0,0.0,0.000973236009732,0.024087591240876,0.152798053527981,0.430900243309002,0.391240875912409
5,347,0,0,1,5,95,637,1744,1623,4105,0.0,0.0,0.000243605359318,0.00121802679659,0.023142509135201,0.155176613885505,0.424847746650426,0.39537149817296
5,348,0,0,0,5,87,622,1768,1618,4100,0.0,0.0,0.0,0.001219512195122,0.021219512195122,0.151707317073171,0.431219512195122,0.394634146341463
5,349,0,0,0,11,68,600,1740,1676,4095,0.0,0.0,0.0,0.002686202686203,0.016605616605617,0.146520146520147,0.424908424908425,0.409279609279609
5,350,0,0,1,7,75,624,1748,1635,4090,0.0,0.0,0.000244498777506,0.001711491442543,0.018337408312958,0.152567237163814,0.427383863080685,0.399755501222494
5,351,0,0,0,4,92,621,1771,1597,4085,0.0,0.0,0.0,0.000979192166463,0.022521419828641,0.152019583843329,0.433537331701346,0.39094247246022
5,352,0,0,0,9,104,558,1721,1688,4080,0.0,0.0,0.0,0.002205882352941,0.025490196078431,0.136764705882353,0.421813725490196,0.413725490196078
5,353,0,0,1,13,83,576,1730,1672,4075,0.0,0.0,0.000245398773006,0.00319018404908,0.020368098159509,0.141349693251534,0.424539877300613,0.410306748466258
5,354,0,0,0,7,92,641,1742,1588,4070,0.0,0.0,0.0,0.001719901719902,0.022604422604423,0.157493857493857,0.428009828009828,0.39017199017199
5,355,0,0,0,3,108,612,1726,1616,4065,0.0,0.0,0.0,0.000738007380074,0.026568265682657,0.150553505535055,0.42460024600246,0.397539975399754
5,356,0,0,0,7,100,585,1744,1624,4060,0.0,0.0,0.0,0.001724137931034,0.024630541871921,0.144088669950739,0.429556650246305,0.4
5,357,0,0,0,7,103,582,1750,1613,4055,0.0,0.0,0.0,0.001726263871763,0.025400739827374,0.143526510480888,0.431565967940814,0.397780517879162
5,358,0,0,0,4,99,597,1685,1665,4050,0.0,0.0,0.0,0.000987654320988,0.024444444444444,0.147407407407407,0.416049382716049,0.411111111111111
5,359,0,0,0,7,95,629,1694,1620,4045,0.0,0.0,0.0,0.001730531520396,0.023485784919654,0.155500618046972,0.418788627935723,0.400494437577256
5,360,0,0,1,4,101,605,1689,1640,4040,0.0,0.0,0.000247524752475,0.000990099009901,0.025,0.149752475247525,0.418069306930693,0.405940594059406
5,361,0,0,0,3,90,595,1762,1585,4035,0.0,0.0,0.0,0.000743494423792,0.022304832713755,0.147459727385378,0.436679058240397,0.392812887236679
5,362,0,0,0,5,86,598,1729,1612,4030,0.0,0.0,0.0,0.001240694789082,0.021339950372208,0.148387096774194,0.429032258064516,0.4
5,363,0,0,0,5,72,613,1697,1638,4025,0.0,0.0,0.0,0.001242236024845,0.017888198757764,0.152298136645963,0.421614906832298,0.40695652173913
5,364,0,0,0,2,94,587,1689,1648,4020,0.0,0.0,0.0,0.000497512437811,0.023383084577114,0.146019900497512,0.420149253731343,0.409950248756219
5,365,0,0,0,5,96,625,1643,1646,4015,0.0,0.0,0.0,0.001245330012453,0.023910336239103,0.155666251556663,0.409215442092154,0.409962640099626
5,366,0,0,0,8,90,560,1760,1592,4010,0.0,0.0,0.0,0.001995012468828,0.022443890274314,0.139650872817955,0.438902743142145,0.397007481296758
5,367,0,0,0,9,95,589,1692,1620,4005,0.0,0.0,0.0,0.002247191011236,0.023720349563046,0.147066167290886,0.42247191011236,0.404494382022472
5,368,0,0,0,6,87,615,1687,1605,4000,0.0,0.0,0.0,0.0015,0.02175,0.15375,0.42175,0.40125
5,369,0,0,0,2,95,588,1650,1660,3995,0.0,0.0,0.0,0.000500625782228,0.02377972465582,0.147183979974969,0.413016270337922,0.415519399249061
5,370,0,0,0,2,100,608,1681,1599,3990,0.0,0.0,0.0,0.000501253132832,0.025062656641604,0.152380952380952,0.421303258145363,0.400751879699248
5,371,0,0,0,12,88,594,1672,1619,3985,0.0,0.0,0.0,0.003011292346299,0.022082810539523,0.149058971141782,0.419573400250941,0.406273525721455
5,372,0,0,0,3,80,588,1677,1632,3980,0.0,0.0,0.0,0.000753768844221,0.020100502512563,0.147738693467337,0.421356783919598,0.410050251256281
5,373,0,0,0,6,90,580,1681,1618,3975,0.0,0.0,0.0,0.001509433962264,0.022641509433962,0.145911949685535,0.422893081761006,0.407044025157233
5,374,0,0,0,2,92,563,1688,1625,3970,0.0,0.0,0.0,0.000503778337531,0.023173803526448,0.141813602015113,0.425188916876574,0.409319899244332
5,375,0,0,0,8,90,594,1666,1607,3965,0.0,0.0,0.0,0.002017654476671,0.022698612862547,0.149810844892812,0.420176544766709,0.405296343001261
5,376,0,0,0,2,79,620,1612,1647,3960,0.0,0.0,0.0,0.000505050505051,0.019949494949495,0.156565656565657,0.407070707070707,0.415909090909091
5,377,0,0,0,6,86,595,1659,1609,3955,0.0,0.0,0.0,0.001517067003793,0.021744627054362,0.150442477876106,0.419469026548673,0.406826801517067
5,378,0,0,0,0,80,602,1668,1600,3950,0.0,0.0,0.0,0.0,0.020253164556962,0.152405063291139,0.422278481012658,0.405063291139241
5,379,0,0,0,6,95,620,1605,1619,3945,0.0,0.0,0.0,0.001520912547529,0.024081115335868,0.157160963244613,0.406844106463878,0.410392902408112
5,380,0,0,0,5,84,640,1680,1531,3940,0.0,0.0,0.0,0.001269035532995,0.021319796954315,0.16243654822335,0.426395939086294,0.388578680203046
5,381,0,0,0,5,96,599,1666,1569,3935,0.0,0.0,0.0,0.001270648030496,0.024396442185515,0.152223634053367,0.423379923761118,0.398729351969504
5,382,0,0,0,1,79,555,1680,1615,3930,0.0,0.0,0.0,0.000254452926209,0.020101781170483,0.141221374045802,0.427480916030534,0.410941475826972
5,383,0,0,0,2,78,588,1685,1572,3925,0.0,0.0,0.0,0.000509554140127,0.019872611464968,0.149808917197452,0.429299363057325,0.400509554140127
5,384,0,0,0,6,88,585,1628,1613,3920,0.0,0.0,0.0,0.001530612244898,0.022448979591837,0.149234693877551,0.41530612244898,0.411479591836735
5,385,0,0,0,5,96,597,1608,1609,3915,0.0,0.0,0.0,0.001277139208174,0.024521072796935,0.152490421455939,0.410727969348659,0.410983397190294
5,386,0,0,0,8,103,583,1624,1592,3910,0.0,0.0,0.0,0.002046035805627,0.026342710997442,0.149104859335038,0.415345268542199,0.407161125319693
5,387,0,0,1,8,88,579,1704,1525,3905,0.0,0.0,0.000256081946223,0.002048655569782,0.022535211267606,0.148271446862996,0.436363636363636,0.390524967989757
5,388,0,0,0,4,72,628,1658,1538,3900,0.0,0.0,0.0,0.001025641025641,0.018461538461538,0.161025641025641,0.425128205128205,0.394358974358974
5,389,0,0,0,2,80,614,1688,1511,3895,0.0,0.0,0.0,0.000513478818999,0.020539152759949,0.157637997432606,0.433376123234917,0.38793324775353
5,390,0,0,0,3,74,576,1662,1575,3890,0.0,0.0,0.0,0.000771208226221,0.019023136246787,0.148071979434447,0.427249357326478,0.404884318766067
5,391,0,0,0,7,87,602,1676,1513,3885,0.0,0.0,0.0,0.001801801801802,0.022393822393822,0.154954954954955,0.431402831402831,0.389446589446589
5,392,0,0,0,9,79,602,1616,1574,3880,0.0,0.0,0.0,0.002319587628866,0.020360824742268,0.155154639175258,0.416494845360825,0.405670103092784
5,393,0,0,0,6,88,612,1612,1557,3875,0.0,0.0,0.0,0.001548387096774,0.022709677419355,0.157935483870968,0.416,0.401806451612903
5,394,0,0,0,2,86,547,1681,1554,3870,0.0,0.0,0.0,0.000516795865633,0.022222222222222,0.141343669250646,0.4343669250646,0.401550387596899
5,395,0,0,0,1,76,591,1658,1539,3865,0.0,0.0,0.0,0.00025873221216,0.019663648124191,0.152910737386805,0.428978007761966,0.398188874514877
5,396,0,0,0,5,75,624,1568,1588,3860,0.0,0.0,0.0,0.001295336787565,0.019430051813472,0.161658031088083,0.406217616580311,0.41139896373057
5,397,0,0,0,8,80,532,1683,1552,3855,0.0,0.0,0.0,0.002075226977951,0.020752269779507,0.138002594033722,0.436575875486381,0.402594033722438
5,398,0,0,0,6,89,581,1620,1554,3850,0.0,0.0,0.0,0.001558441558442,0.023116883116883,0.150909090909091,0.420779220779221,0.403636363636364
5,399,0,0,0,4,89,590,1587,1575,3845,0.0,0.0,0.0,0.001040312093628,0.023146944083225,0.153446033810143,0.412743823146944,0.40962288686606
5,400,0,0,0,2,88,604,1662,1484,3840,0.0,0.0,0.0,0.000520833333333,0.022916666666667,0.157291666666667,0.4328125,0.386458333333333
5,401,0,0,0,1,77,593,1636,1528,3835,0.0,0.0,0.0,0.00026075619296,0.020078226857888,0.154628422425033,0.426597131681877,0.398435462842243
5,402,0,0,0,4,98,559,1593,1576,3830,0.0,0.0,0.0,0.001044386422977,0.025587467362924,0.145953002610966,0.415926892950392,0.411488250652742
5,403,0,0,0,4,79,553,1629,1560,3825,0.0,0.0,0.0,0.001045751633987,0.020653594771242,0.144575163398693,0.425882352941176,0.407843137254902
5,404,0,0,0,8,81,593,1678,1460,3820,0.0,0.0,0.0,0.002094240837696,0.021204188481675,0.155235602094241,0.439267015706806,0.382198952879581
5,405,0,0,0,6,78,557,1607,1567,3815,0.0,0.0,0.0,0.001572739187418,0.020445609436435,0.146002621231979,0.421231979030144,0.410747051114024
5,406,0,0,1,4,78,574,1617,1536,3810,0.0,0.0,0.000262467191601,0.001049868766404,0.020472440944882,0.150656167979003,0.424409448818898,0.403149606299213
5,407,0,0,0,11,94,575,1587,1538,3805,0.0,0.0,0.0,0.002890932982917,0.024704336399474,0.151116951379763,0.417082785808147,0.404204993429698
5,408,0,0,0,5,96,537,1581,1581,3800,0.0,0.0,0.0,0.001315789473684,0.025263157894737,0.141315789473684,0.416052631578947,0.416052631578947
5,409,0,0,0,4,95,578,1594,1524,3795,0.0,0.0,0.0,0.001054018445323,0.025032938076416,0.152305665349144,0.420026350461133,0.401581027667984
5,410,0,0,1,3,75,562,1623,1526,3790,0.0,0.0,0.000263852242744,0.000791556728232,0.019788918205805,0.148284960422164,0.428232189973615,0.402638522427441
5,411,0,0,0,2,77,570,1628,1508,3785,0.0,0.0,0.0,0.000528401585205,0.020343461030383,0.150594451783355,0.430118890356671,0.398414795244386
5,412,0,0,0,5,77,580,1624,1494,3780,0.0,0.0,0.0,0.001322751322751,0.02037037037037,0.153439153439153,0.42962962962963,0.395238095238095
5,413,0,0,0,4,71,578,1636,1486,3775,0.0,0.0,0.0,0.001059602649007,0.018807947019868,0.153112582781457,0.433377483443709,0.39364238410596
5,414,0,0,0,4,85,582,1640,1459,3770,0.0,0.0,0.0,0.00106100795756,0.022546419098143,0.154376657824934,0.435013262599469,0.387002652519894
5,415,0,0,0,6,86,559,1575,1539,3765,0.0,0.0,0.0,0.001593625498008,0.022841965471448,0.148472775564409,0.418326693227092,0.408764940239044
5,416,0,0,0,3,80,550,1658,1469,3760,0.0,0.0,0.0,0.000797872340426,0.021276595744681,0.146276595744681,0.440957446808511,0.390691489361702
5,417,0,0,0,4,96,565,1585,1505,3755,0.0,0.0,0.0,0.001065246338216,0.025565912117177,0.150466045272969,0.422103861517976,0.400798934753662
5,418,0,0,0,3,78,557,1586,1526,3750,0.0,0.0,0.0,0.0008,0.0208,0.148533333333333,0.422933333333333,0.406933333333333
5,419,0,0,0,6,100,548,1632,1459,3745,0.0,0.0,0.0,0.001602136181575,0.026702269692924,0.146328437917223,0.435781041388518,0.38958611481976
5,420,0,0,0,7,85,587,1595,1466,3740,0.0,0.0,0.0,0.001871657754011,0.022727272727273,0.156951871657754,0.426470588235294,0.391978609625668
5,421,0,0,0,3,81,599,1586,1466,3735,0.0,0.0,0.0,0.000803212851406,0.021686746987952,0.160374832663989,0.424631860776439,0.392503346720214
5,422,0,0,0,6,92,527,1603,1502,3730,0.0,0.0,0.0,0.001608579088472,0.024664879356568,0.141286863270777,0.429758713136729,0.402680965147453
5,423,0,0,0,3,82,568,1608,1464,3725,0.0,0.0,0.0,0.000805369127517,0.022013422818792,0.15248322147651,0.431677852348993,0.393020134228188
5,424,0,0,1,7,76,541,1615,1480,3720,0.0,0.0,0.000268817204301,0.001881720430108,0.020430107526882,0.145430107526882,0.434139784946237,0.397849462365591
5,425,0,0,0,4,76,590,1568,1477,3715,0.0,0.0,0.0,0.001076716016151,0.020457604306864,0.158815612382234,0.42207267833109,0.397577388963661
5,426,0,0,0,6,85,580,1540,1499,3710,0.0,0.0,0.0,0.001617250673854,0.022911051212938,0.15633423180593,0.415094339622642,0.404043126684636
5,427,0,0,0,4,68,591,1556,1486,3705,0.0,0.0,0.0,0.001079622132254,0.018353576248313,0.159514170040486,0.419973009446694,0.401079622132254
5,428,0,0,0,5,79,577,1538,1501,3700,0.0,0.0,0.0,0.001351351351351,0.021351351351351,0.155945945945946,0.415675675675676,0.405675675675676
5,429,0,0,0,2,86,577,1556,1474,3695,0.0,0.0,0.0,0.000541271989175,0.023274695534506,0.156156968876861,0.421109607577808,0.398917456021651
5,430,0,0,0,7,81,527,1565,1510,3690,0.0,0.0,0.0,0.00189701897019,0.021951219512195,0.142818428184282,0.424119241192412,0.409214092140921
5,431,0,0,0,4,84,533,1543,1521,3685,0.0,0.0,0.0,0.001085481682497,0.022795115332429,0.144640434192673,0.418724559023066,0.412754409769335
5,432,0,0,0,6,90,549,1555,1480,3680,0.0,0.0,0.0,0.001630434782609,0.02445652173913,0.149184782608696,0.422554347826087,0.402173913043478
5,433,0,0,0,7,83,544,1505,1536,3675,0.0,0.0,0.0,0.001904761904762,0.022585034013605,0.148027210884354,0.40952380952381,0.417959183673469
5,434,0,0,0,5,80,560,1535,1490,3670,0.0,0.0,0.0,0.001362397820163,0.021798365122616,0.152588555858311,0.418256130790191,0.405994550408719
5,435,0,0,0,4,67,536,1566,1492,3665,0.0,0.0,0.0,0.001091405184175,0.018281036834925,0.1462482946794,0.427285129604366,0.407094133697135
5,436,0,0,0,6,75,566,1531,1482,3660,0.0,0.0,0.0,0.001639344262295,0.020491803278689,0.154644808743169,0.418306010928962,0.404918032786885
5,437,0,0,0,4,87,566,1547,1451,3655,0.0,0.0,0.0,0.00109439124487,0.023803009575923,0.154856361149111,0.423255813953488,0.396990424076607
5,438,0,0,0,7,89,530,1570,1454,3650,0.0,0.0,0.0,0.001917808219178,0.024383561643836,0.145205479452055,0.43013698630137,0.398356164383562
5,439,0,0,1,5,76,528,1529,1506,3645,0.0,0.0,0.000274348422497,0.001371742112483,0.020850480109739,0.144855967078189,0.419478737997256,0.413168724279835
5,440,0,0,0,2,86,561,1550,1441,3640,0.0,0.0,0.0,0.000549450549451,0.023626373626374,0.154120879120879,0.425824175824176,0.395879120879121
5,441,0,0,0,5,78,562,1515,1475,3635,0.0,0.0,0.0,0.001375515818432,0.021458046767538,0.154607977991747,0.416781292984869,0.405777166437414
5,442,0,0,0,1,86,539,1577,1427,3630,0.0,0.0,0.0,0.000275482093664,0.023691460055096,0.148484848484848,0.434435261707989,0.393112947658402
5,443,0,0,0,9,87,505,1570,1454,3625,0.0,0.0,0.0,0.00248275862069,0.024,0.139310344827586,0.433103448275862,0.401103448275862
5,444,0,0,0,4,84,540,1535,1457,3620,0.0,0.0,0.0,0.001104972375691,0.023204419889503,0.149171270718232,0.424033149171271,0.402486187845304
5,445,0,0,0,8,90,564,1519,1434,3615,0.0,0.0,0.0,0.002213001383126,0.024896265560166,0.156016597510373,0.420193637621024,0.396680497925311
5,446,0,0,0,4,69,557,1550,1430,3610,0.0,0.0,0.0,0.001108033240997,0.019113573407202,0.154293628808864,0.429362880886427,0.39612188365651
5,447,0,0,0,3,93,601,1445,1463,3605,0.0,0.0,0.0,0.000832177531207,0.025797503467406,0.166712898751734,0.400832177531207,0.405825242718447
5,448,0,0,0,4,74,523,1553,1446,3600,0.0,0.0,0.0,0.001111111111111,0.020555555555556,0.145277777777778,0.431388888888889,0.401666666666667
5,449,0,0,0,6,77,545,1499,1468,3595,0.0,0.0,0.0,0.001668984700974,0.021418636995828,0.151599443671766,0.416968011126565,0.408344923504868
5,450,0,0,0,3,77,509,1573,1428,3590,0.0,0.0,0.0,0.0008356545961,0.021448467966574,0.141782729805014,0.438161559888579,0.397771587743733
5,451,0,0,0,4,67,581,1478,1455,3585,0.0,0.0,0.0,0.001115760111576,0.018688981868898,0.162064156206416,0.412273361227336,0.405857740585774
5,452,0,0,0,5,77,540,1524,1434,3580,0.0,0.0,0.0,0.001396648044693,0.021508379888268,0.150837988826816,0.425698324022346,0.400558659217877
5,453,0,0,1,4,68,523,1570,1409,3575,0.0,0.0,0.00027972027972,0.001118881118881,0.019020979020979,0.146293706293706,0.439160839160839,0.394125874125874
5,454,0,0,0,8,69,548,1533,1412,3570,0.0,0.0,0.0,0.002240896358543,0.019327731092437,0.153501400560224,0.429411764705882,0.395518207282913
5,455,0,0,0,4,73,555,1439,1494,3565,0.0,0.0,0.0,0.001122019635344,0.020476858345021,0.155680224403927,0.403646563814867,0.419074333800842
5,456,0,0,0,2,81,538,1483,1456,3560,0.0,0.0,0.0,0.000561797752809,0.022752808988764,0.151123595505618,0.416573033707865,0.408988764044944
5,457,0,0,0,11,82,536,1517,1409,3555,0.0,0.0,0.0,0.00309423347398,0.023066104078762,0.150773558368495,0.426722925457103,0.39634317862166
5,458,0,0,0,7,89,563,1475,1416,3550,0.0,0.0,0.0,0.001971830985915,0.025070422535211,0.158591549295775,0.415492957746479,0.39887323943662
5,459,0,0,0,5,65,514,1523,1438,3545,0.0,0.0,0.0,0.001410437235543,0.018335684062059,0.144992947813822,0.429619181946403,0.405641748942172
5,460,0,0,1,3,87,525,1485,1439,3540,0.0,0.0,0.000282485875706,0.000847457627119,0.024576271186441,0.148305084745763,0.419491525423729,0.406497175141243
5,461,0,0,0,5,79,568,1521,1362,3535,0.0,0.0,0.0,0.001414427157001,0.022347949080622,0.160678925035361,0.43026874115983,0.385289957567185
5,462,0,0,0,5,78,510,1529,1408,3530,0.0,0.0,0.0,0.001416430594901,0.022096317280453,0.144475920679887,0.43314447592068,0.398866855524079
5,463,0,0,0,3,80,542,1472,1428,3525,0.0,0.0,0.0,0.000851063829787,0.022695035460993,0.153758865248227,0.41758865248227,0.405106382978723
5,464,0,0,0,4,75,576,1494,1371,3520,0.0,0.0,0.0,0.001136363636364,0.021306818181818,0.163636363636364,0.424431818181818,0.389488636363636
5,465,0,0,0,7,87,531,1392,1498,3515,0.0,0.0,0.0,0.00199146514936,0.02475106685633,0.151066856330014,0.39601706970128,0.426173541963016
5,466,0,0,0,2,76,552,1464,1416,3510,0.0,0.0,0.0,0.000569800569801,0.021652421652422,0.157264957264957,0.417094017094017,0.403418803418803
5,467,0,0,0,4,82,527,1530,1362,3505,0.0,0.0,0.0,0.00114122681883,0.02339514978602,0.150356633380884,0.436519258202568,0.388587731811698
5,468,0,0,0,3,73,529,1474,1421,3500,0.0,0.0,0.0,0.000857142857143,0.020857142857143,0.151142857142857,0.421142857142857,0.406
5,469,0,0,0,5,55,538,1476,1421,3495,0.0,0.0,0.0,0.001430615164521,0.015736766809728,0.153934191702432,0.422317596566524,0.406580829756795
5,470,0,0,0,7,75,558,1477,1373,3490,0.0,0.0,0.0,0.002005730659026,0.021489971346705,0.159885386819484,0.423209169054441,0.393409742120344
5,471,0,0,0,7,77,517,1493,1391,3485,0.0,0.0,0.0,0.002008608321377,0.022094691535151,0.148350071736011,0.428407460545194,0.399139167862267
5,472,0,0,0,8,82,519,1466,1405,3480,0.0,0.0,0.0,0.002298850574713,0.023563218390805,0.149137931034483,0.421264367816092,0.403735632183908
5,473,0,0,2,5,79,517,1491,1381,3475,0.0,0.0,0.000575539568345,0.001438848920863,0.02273381294964,0.148776978417266,0.429064748201439,0.397410071942446
5,474,0,0,0,2,73,520,1471,1404,3470,0.0,0.0,0.0,0.000576368876081,0.021037463976945,0.14985590778098,0.423919308357349,0.404610951008646
5,475,0,0,0,6,84,546,1442,1387,3465,0.0,0.0,0.0,0.001731601731602,0.024242424242424,0.157575757575758,0.416161616161616,0.4002886002886
5,476,0,0,0,3,90,500,1498,1369,3460,0.0,0.0,0.0,0.000867052023121,0.026011560693642,0.144508670520231,0.432947976878613,0.395664739884393
5,477,0,0,0,2,70,496,1496,1391,3455,0.0,0.0,0.0,0.000578871201158,0.020260492040521,0.14356005788712,0.432995658465991,0.40260492040521
5,478,0,0,0,5,76,490,1498,1381,3450,0.0,0.0,0.0,0.001449275362319,0.022028985507246,0.142028985507246,0.434202898550725,0.400289855072464
5,479,0,0,0,5,77,541,1447,1375,3445,0.0,0.0,0.0,0.001451378809869,0.022351233671988,0.157039187227866,0.420029027576197,0.399129172714078
5,480,0,0,0,7,76,532,1409,1416,3440,0.0,0.0,0.0,0.00203488372093,0.022093023255814,0.154651162790698,0.409593023255814,0.411627906976744
5,481,0,0,0,1,69,537,1464,1364,3435,0.0,0.0,0.0,0.000291120815138,0.020087336244541,0.156331877729258,0.426200873362445,0.397088791848617
5,482,0,0,0,4,82,477,1484,1383,3430,0.0,0.0,0.0,0.001166180758017,0.023906705539359,0.139067055393586,0.43265306122449,0.403206997084548
5,483,0,0,0,3,73,497,1475,1377,3425,0.0,0.0,0.0,0.000875912408759,0.021313868613139,0.145109489051095,0.430656934306569,0.402043795620438
5,484,0,0,0,3,62,545,1473,1337,3420,0.0,0.0,0.0,0.000877192982456,0.01812865497076,0.159356725146199,0.430701754385965,0.39093567251462
5,485,0,0,0,5,69,527,1448,1366,3415,0.0,0.0,0.0,0.001464128843338,0.020204978038067,0.154319180087848,0.424011713030747,0.4
5,486,0,0,0,1,78,503,1427,1401,3410,0.0,0.0,0.0,0.000293255131965,0.022873900293255,0.147507331378299,0.418475073313783,0.410850439882698
5,487,0,0,0,1,79,515,1476,1334,3405,0.0,0.0,0.0,0.000293685756241,0.023201174743025,0.151248164464024,0.433480176211454,0.391776798825257
5,488,0,0,0,4,86,510,1466,1334,3400,0.0,0.0,0.0,0.001176470588235,0.025294117647059,0.15,0.431176470588235,0.392352941176471
5,489,0,0,0,9,67,510,1428,1381,3395,0.0,0.0,0.0,0.002650957290133,0.019734904270987,0.150220913107511,0.420618556701031,0.406774668630339
5,490,0,0,0,3,71,511,1434,1371,3390,0.0,0.0,0.0,0.000884955752212,0.02094395280236,0.150737463126844,0.423008849557522,0.404424778761062
5,491,0,0,0,7,73,523,1460,1322,3385,0.0,0.0,0.0,0.002067946824225,0.021565731166913,0.154505169867061,0.431314623338257,0.390546528803545
5,492,0,0,0,6,64,497,1450,1363,3380,0.0,0.0,0.0,0.001775147928994,0.018934911242604,0.147041420118343,0.428994082840237,0.403254437869823
5,493,0,0,0,4,62,497,1386,1426,3375,0.0,0.0,0.0,0.001185185185185,0.01837037037037,0.147259259259259,0.410666666666667,0.422518518518519
5,494,0,0,0,4,81,528,1438,1319,3370,0.0,0.0,0.0,0.001186943620178,0.024035608308605,0.156676557863501,0.426706231454006,0.391394658753709
5,495,0,0,0,4,77,481,1380,1423,3365,0.0,0.0,0.0,0.001188707280832,0.022882615156018,0.142942050520059,0.410104011887073,0.422882615156018
5,496,0,0,0,4,85,504,1389,1378,3360,0.0,0.0,0.0,0.001190476190476,0.025297619047619,0.15,0.413392857142857,0.410119047619048
5,497,0,0,0,3,88,504,1386,1374,3355,0.0,0.0,0.0,0.000894187779434,0.026229508196721,0.150223546944858,0.413114754098361,0.409538002980626
5,498,0,0,0,9,72,511,1442,1316,3350,0.0,0.0,0.0,0.002686567164179,0.021492537313433,0.152537313432836,0.43044776119403,0.392835820895522
5,499,0,0,0,5,69,518,1389,1364,3345,0.0,0.0,0.0,0.001494768310912,0.020627802690583,0.154857997010463,0.4152466367713,0.407772795216741
5,500,0,0,1,4,76,516,1388,1355,3340,0.0,0.0,0.000299401197605,0.001197604790419,0.022754491017964,0.154491017964072,0.415568862275449,0.405688622754491
5,501,0,0,0,3,75,511,1417,1329,3335,0.0,0.0,0.0,0.000899550224888,0.022488755622189,0.153223388305847,0.424887556221889,0.398500749625187
5,502,0,0,0,9,75,492,1402,1352,3330,0.0,0.0,0.0,0.002702702702703,0.022522522522523,0.147747747747748,0.421021021021021,0.406006006006006
5,503,0,0,0,2,71,498,1395,1359,3325,0.0,0.0,0.0,0.000601503759398,0.021353383458647,0.149774436090226,0.419548872180451,0.408721804511278
5,504,0,0,0,5,76,541,1348,1350,3320,0.0,0.0,0.0,0.001506024096386,0.02289156626506,0.162951807228916,0.406024096385542,0.406626506024096
5,505,0,0,0,4,84,462,1403,1362,3315,0.0,0.0,0.0,0.001206636500754,0.025339366515837,0.139366515837104,0.423227752639517,0.410859728506787
5,506,0,0,0,2,68,509,1367,1364,3310,0.0,0.0,0.0,0.000604229607251,0.020543806646526,0.153776435045317,0.412990936555891,0.412084592145015
5,507,0,0,0,5,83,509,1310,1398,3305,0.0,0.0,0.0,0.001512859304085,0.025113464447806,0.154009077155825,0.396369137670197,0.422995461422088
5,508,0,0,0,3,66,475,1364,1392,3300,0.0,0.0,0.0,0.000909090909091,0.02,0.143939393939394,0.413333333333333,0.421818181818182
5,509,0,0,0,1,71,456,1411,1356,3295,0.0,0.0,0.0,0.000303490136571,0.02154779969651,0.138391502276176,0.428224582701062,0.411532625189681
5,510,0,0,0,3,65,519,1387,1316,3290,0.0,0.0,0.0,0.000911854103343,0.019756838905775,0.157750759878419,0.421580547112462,0.4
5,511,0,0,0,4,77,519,1365,1320,3285,0.0,0.0,0.0,0.001217656012177,0.023439878234399,0.157990867579909,0.415525114155251,0.401826484018265
5,512,0,0,0,5,70,500,1370,1335,3280,0.0,0.0,0.0,0.001524390243902,0.021341463414634,0.152439024390244,0.417682926829268,0.407012195121951
5,513,0,0,0,2,68,541,1329,1335,3275,0.0,0.0,0.0,0.000610687022901,0.020763358778626,0.165190839694656,0.405801526717557,0.40763358778626
5,514,0,0,0,2,76,515,1318,1359,3270,0.0,0.0,0.0,0.000611620795107,0.023241590214067,0.157492354740061,0.403058103975535,0.415596330275229
5,515,0,0,0,2,106,490,1357,1310,3265,0.0,0.0,0.0,0.000612557427259,0.032465543644717,0.150076569678407,0.4156202143951,0.401225114854518
5,516,0,0,1,2,65,486,1406,1300,3260,0.0,0.0,0.000306748466258,0.000613496932515,0.019938650306748,0.149079754601227,0.431288343558282,0.398773006134969
5,517,0,0,0,8,74,482,1369,1322,3255,0.0,0.0,0.0,0.002457757296467,0.02273425499232,0.148079877112135,0.420583717357911,0.406144393241167
5,518,0,0,1,5,69,493,1329,1353,3250,0.0,0.0,0.000307692307692,0.001538461538462,0.021230769230769,0.151692307692308,0.408923076923077,0.416307692307692
5,519,0,0,0,4,65,472,1388,1316,3245,0.0,0.0,0.0,0.001232665639445,0.020030816640986,0.145454545454545,0.427734976887519,0.405546995377504
5,520,0,0,0,2,78,477,1326,1357,3240,0.0,0.0,0.0,0.000617283950617,0.024074074074074,0.147222222222222,0.409259259259259,0.418827160493827
5,521,0,0,0,2,59,479,1403,1292,3235,0.0,0.0,0.0,0.000618238021638,0.018238021638331,0.14806800618238,0.433693972179289,0.399381761978362
5,522,0,0,0,6,55,496,1320,1353,3230,0.0,0.0,0.0,0.001857585139319,0.01702786377709,0.153560371517028,0.408668730650155,0.418885448916409
5,523,0,0,0,7,66,534,1352,1266,3225,0.0,0.0,0.0,0.002170542635659,0.02046511627907,0.165581395348837,0.41922480620155,0.392558139534884
5,524,0,0,0,2,72,495,1318,1333,3220,0.0,0.0,0.0,0.000621118012422,0.022360248447205,0.153726708074534,0.409316770186335,0.413975155279503
5,525,0,0,0,5,67,475,1404,1264,3215,0.0,0.0,0.0,0.001555209953344,0.020839813374806,0.147744945567652,0.436702954898911,0.393157076205288
5,526,0,0,0,1,71,499,1390,1249,3210,0.0,0.0,0.0,0.000311526479751,0.022118380062305,0.155451713395639,0.433021806853583,0.389096573208723
5,527,0,0,0,4,77,488,1354,1282,3205,0.0,0.0,0.0,0.001248049921997,0.02402496099844,0.152262090483619,0.422464898595944,0.4
5,528,0,0,0,6,64,466,1381,1283,3200,0.0,0.0,0.0,0.001875,0.02,0.145625,0.4315625,0.4009375
5,529,0,0,0,1,54,487,1334,1319,3195,0.0,0.0,0.0,0.000312989045383,0.016901408450704,0.152425665101721,0.417527386541471,0.41283255086072
5,530,0,0,0,4,65,501,1375,1245,3190,0.0,0.0,0.0,0.001253918495298,0.020376175548589,0.15705329153605,0.431034482758621,0.390282131661442
5,531,0,0,1,8,69,484,1332,1291,3185,0.0,0.0,0.000313971742543,0.002511773940345,0.021664050235479,0.151962323390895,0.418210361067504,0.405337519623234
5,532,0,0,0,2,84,470,1360,1264,3180,0.0,0.0,0.0,0.00062893081761,0.026415094339623,0.147798742138365,0.427672955974843,0.39748427672956
5,533,0,0,0,5,87,457,1346,1280,3175,0.0,0.0,0.0,0.001574803149606,0.02740157480315,0.143937007874016,0.423937007874016,0.403149606299213
5,534,0,0,0,9,81,473,1314,1293,3170,0.0,0.0,0.0,0.002839116719243,0.025552050473186,0.149211356466877,0.414511041009464,0.40788643533123
5,535,0,0,0,1,57,459,1358,1290,3165,0.0,0.0,0.0,0.000315955766193,0.018009478672986,0.145023696682464,0.429067930489731,0.407582938388626
5,536,0,0,0,5,58,515,1357,1225,3160,0.0,0.0,0.0,0.001582278481013,0.018354430379747,0.162974683544304,0.429430379746835,0.387658227848101
5,537,0,0,0,4,66,486,1379,1220,3155,0.0,0.0,0.0,0.001267828843106,0.020919175911252,0.154041204437401,0.437083993660856,0.386687797147385
5,538,0,0,0,6,54,499,1367,1224,3150,0.0,0.0,0.0,0.001904761904762,0.017142857142857,0.158412698412698,0.433968253968254,0.388571428571429
5,539,0,0,0,6,64,455,1321,1299,3145,0.0,0.0,0.0,0.001907790143084,0.020349761526232,0.144674085850556,0.420031796502385,0.413036565977742
5,540,0,0,0,3,67,493,1339,1238,3140,0.0,0.0,0.0,0.000955414012739,0.021337579617834,0.157006369426752,0.426433121019108,0.394267515923567
5,541,0,0,0,9,78,485,1259,1304,3135,0.0,0.0,0.0,0.002870813397129,0.02488038277512,0.154704944178628,0.401594896331738,0.415948963317384
5,542,0,0,0,6,76,458,1337,1253,3130,0.0,0.0,0.0,0.001916932907348,0.024281150159744,0.146325878594249,0.427156549520767,0.400319488817891
5,543,0,0,0,6,71,477,1358,1213,3125,0.0,0.0,0.0,0.00192,0.02272,0.15264,0.43456,0.38816
5,544,0,0,0,4,58,489,1283,1286,3120,0.0,0.0,0.0,0.001282051282051,0.018589743589744,0.156730769230769,0.411217948717949,0.412179487179487
5,545,0,0,0,8,85,479,1350,1193,3115,0.0,0.0,0.0,0.002568218298555,0.027287319422151,0.153772070626003,0.43338683788122,0.382985553772071
5,546,0,0,0,4,69,425,1329,1283,3110,0.0,0.0,0.0,0.001286173633441,0.022186495176849,0.136655948553055,0.427331189710611,0.412540192926045
5,547,0,0,0,7,68,479,1312,1239,3105,0.0,0.0,0.0,0.002254428341385,0.021900161030596,0.15426731078905,0.422544283413849,0.399033816425121
5,548,0,0,0,1,71,451,1344,1233,3100,0.0,0.0,0.0,0.000322580645161,0.022903225806452,0.145483870967742,0.433548387096774,0.397741935483871
5,549,0,0,0,5,70,465,1319,1236,3095,0.0,0.0,0.0,0.001615508885299,0.022617124394184,0.150242326332795,0.426171243941842,0.39935379644588
5,550,0,0,0,4,60,485,1326,1215,3090,0.0,0.0,0.0,0.001294498381877,0.019417475728155,0.156957928802589,0.429126213592233,0.393203883495146
5,551,0,0,0,7,56,477,1303,1242,3085,0.0,0.0,0.0,0.00226904376013,0.018152350081037,0.154619124797407,0.422366288492707,0.40259319286872
5,552,0,0,0,6,74,456,1332,1212,3080,0.0,0.0,0.0,0.001948051948052,0.024025974025974,0.148051948051948,0.432467532467532,0.393506493506494
5,553,0,0,0,3,78,449,1306,1239,3075,0.0,0.0,0.0,0.000975609756098,0.025365853658537,0.146016260162602,0.424715447154472,0.402926829268293
5,554,0,0,0,3,54,477,1262,1274,3070,0.0,0.0,0.0,0.000977198697068,0.017589576547231,0.155374592833876,0.411074918566775,0.414983713355049
5,555,0,0,0,5,58,487,1280,1235,3065,0.0,0.0,0.0,0.00163132137031,0.018923327895595,0.158890701468189,0.417618270799347,0.402936378466558
5,556,0,0,0,3,60,462,1283,1252,3060,0.0,0.0,0.0,0.000980392156863,0.019607843137255,0.150980392156863,0.419281045751634,0.409150326797386
5,557,0,0,0,1,83,470,1325,1176,3055,0.0,0.0,0.0,0.000327332242226,0.027168576104746,0.153846153846154,0.433715220949264,0.384942716857611
5,558,0,0,1,4,59,476,1278,1232,3050,0.0,0.0,0.000327868852459,0.001311475409836,0.019344262295082,0.156065573770492,0.419016393442623,0.403934426229508
5,559,0,0,0,6,56,428,1294,1261,3045,0.0,0.0,0.0,0.001970443349754,0.018390804597701,0.14055829228243,0.42495894909688,0.414121510673235
5,560,0,0,1,2,63,455,1311,1208,3040,0.0,0.0,0.000328947368421,0.000657894736842,0.020723684210526,0.149671052631579,0.43125,0.397368421052632
5,561,0,0,0,6,65,432,1272,1260,3035,0.0,0.0,0.0,0.001976935749588,0.021416803953872,0.142339373970346,0.419110378912685,0.415156507413509
5,562,0,0,0,6,72,467,1318,1167,3030,0.0,0.0,0.0,0.001980198019802,0.023762376237624,0.154125412541254,0.434983498349835,0.385148514851485
5,563,0,0,0,3,71,415,1302,1234,3025,0.0,0.0,0.0,0.00099173553719,0.023471074380165,0.137190082644628,0.430413223140496,0.407933884297521
5,564,0,0,0,2,69,449,1295,1205,3020,0.0,0.0,0.0,0.000662251655629,0.022847682119205,0.148675496688742,0.428807947019868,0.399006622516556
5,565,0,0,1,3,71,451,1239,1250,3015,0.0,0.0,0.000331674958541,0.000995024875622,0.023548922056385,0.149585406301824,0.410945273631841,0.414593698175788
5,566,0,0,0,1,70,483,1256,1200,3010,0.0,0.0,0.0,0.000332225913621,0.023255813953488,0.16046511627907,0.417275747508306,0.398671096345515
5,567,0,0,0,2,78,467,1253,1205,3005,0.0,0.0,0.0,0.000665557404326,0.025956738768719,0.15540765391015,0.416971713810316,0.400998336106489
5,568,0,0,1,2,70,451,1254,1222,3000,0.0,0.0,0.000333333333333,0.000666666666667,0.023333333333333,0.150333333333333,0.418,0.407333333333333
5,569,0,0,0,7,60,447,1290,1191,2995,0.0,0.0,0.0,0.002337228714524,0.020033388981636,0.149248747913189,0.430717863105175,0.397662771285476
5,570,0,0,0,4,66,445,1290,1185,2990,0.0,0.0,0.0,0.00133779264214,0.022073578595318,0.148829431438127,0.431438127090301,0.396321070234114
5,571,0,0,0,3,66,467,1283,1166,2985,0.0,0.0,0.0,0.001005025125628,0.022110552763819,0.156448911222781,0.429815745393635,0.390619765494137
5,572,0,0,0,1,75,493,1216,1195,2980,0.0,0.0,0.0,0.000335570469799,0.025167785234899,0.165436241610738,0.408053691275168,0.401006711409396
5,573,0,0,0,3,60,435,1243,1234,2975,0.0,0.0,0.0,0.001008403361345,0.020168067226891,0.146218487394958,0.41781512605042,0.414789915966387
5,574,0,0,0,3,69,426,1253,1219,2970,0.0,0.0,0.0,0.001010101010101,0.023232323232323,0.143434343434343,0.421885521885522,0.41043771043771
5,575,0,0,0,5,65,426,1254,1215,2965,0.0,0.0,0.0,0.001686340640809,0.021922428330523,0.143676222596965,0.422934232715008,0.409780775716695
5,576,0,0,0,6,64,422,1231,1237,2960,0.0,0.0,0.0,0.002027027027027,0.021621621621622,0.142567567567568,0.415878378378378,0.417905405405405
5,577,0,0,0,3,62,472,1254,1164,2955,0.0,0.0,0.0,0.001015228426396,0.020981387478849,0.159729272419628,0.424365482233503,0.393908629441624
5,578,0,0,0,6,67,430,1239,1208,2950,0.0,0.0,0.0,0.002033898305085,0.02271186440678,0.145762711864407,0.42,0.409491525423729
5,579,0,0,0,6,66,451,1235,1187,2945,0.0,0.0,0.0,0.002037351443124,0.022410865874363,0.153140916808149,0.419354838709677,0.403056027164686
5,580,0,0,0,1,68,430,1260,1181,2940,0.0,0.0,0.0,0.000340136054422,0.02312925170068,0.146258503401361,0.428571428571429,0.401700680272109
5,581,0,0,0,5,69,471,1256,1134,2935,0.0,0.0,0.0,0.001703577512777,0.02350936967632,0.160477001703578,0.42793867120954,0.386371379897785
5,582,0,0,0,5,57,405,1218,1245,2930,0.0,0.0,0.0,0.001706484641638,0.019453924914676,0.138225255972696,0.415699658703072,0.424914675767918
5,583,0,0,0,8,66,448,1273,1130,2925,0.0,0.0,0.0,0.002735042735043,0.022564102564103,0.153162393162393,0.435213675213675,0.386324786324786
5,584,0,0,0,6,48,421,1275,1170,2920,0.0,0.0,0.0,0.002054794520548,0.016438356164384,0.144178082191781,0.436643835616438,0.400684931506849
5,585,0,0,0,2,74,457,1213,1169,2915,0.0,0.0,0.0,0.000686106346484,0.025385934819897,0.156775300171527,0.416123499142367,0.401029159519726
5,586,0,0,0,6,63,412,1276,1153,2910,0.0,0.0,0.0,0.002061855670103,0.021649484536082,0.141580756013746,0.438487972508591,0.396219931271478
5,587,0,0,0,3,64,450,1206,1182,2905,0.0,0.0,0.0,0.001032702237522,0.022030981067126,0.154905335628227,0.415146299483649,0.406884681583477
5,588,0,0,1,4,83,439,1212,1161,2900,0.0,0.0,0.000344827586207,0.001379310344828,0.028620689655172,0.151379310344828,0.417931034482759,0.400344827586207
5,589,0,0,0,6,66,413,1235,1175,2895,0.0,0.0,0.0,0.002072538860104,0.02279792746114,0.1426597582038,0.426597582037997,0.40587219343696
5,590,0,0,0,5,78,486,1156,1165,2890,0.0,0.0,0.0,0.001730103806228,0.026989619377163,0.168166089965398,0.4,0.403114186851211
5,591,0,0,0,4,57,445,1261,1118,2885,0.0,0.0,0.0,0.001386481802426,0.019757365684575,0.154246100519931,0.437088388214905,0.387521663778163
5,592,0,0,0,5,70,429,1220,1156,2880,0.0,0.0,0.0,0.001736111111111,0.024305555555556,0.148958333333333,0.423611111111111,0.401388888888889
5,593,0,0,0,1,56,431,1221,1166,2875,0.0,0.0,0.0,0.000347826086957,0.019478260869565,0.149913043478261,0.424695652173913,0.405565217391304
5,594,0,0,0,4,66,449,1209,1142,2870,0.0,0.0,0.0,0.001393728222997,0.022996515679443,0.156445993031359,0.421254355400697,0.397909407665505
5,595,0,0,0,4,58,454,1214,1135,2865,0.0,0.0,0.0,0.001396160558464,0.020244328097731,0.158464223385689,0.423734729493892,0.396160558464223
5,596,0,0,0,6,80,438,1226,1110,2860,0.0,0.0,0.0,0.002097902097902,0.027972027972028,0.153146853146853,0.428671328671329,0.388111888111888
5,597,0,0,2,3,54,444,1184,1168,2855,0.0,0.0,0.000700525394046,0.001050788091068,0.018914185639229,0.155516637478109,0.414711033274956,0.409106830122592
5,598,0,0,0,4,65,430,1218,1133,2850,0.0,0.0,0.0,0.00140350877193,0.02280701754386,0.150877192982456,0.427368421052632,0.397543859649123
5,599,0,0,0,4,55,471,1184,1131,2845,0.0,0.0,0.0,0.001405975395431,0.01933216168717,0.165553602811951,0.416168717047452,0.397539543057996
5,600,0,0,0,1,70,441,1171,1157,2840,0.0,0.0,0.0,0.000352112676056,0.024647887323944,0.155281690140845,0.412323943661972,0.407394366197183
5,601,0,0,0,6,67,442,1198,1122,2835,0.0,0.0,0.0,0.002116402116402,0.02363315696649,0.155908289241623,0.422574955908289,0.395767195767196
5,602,0,0,0,5,68,413,1244,1100,2830,0.0,0.0,0.0,0.001766784452297,0.024028268551237,0.145936395759717,0.439575971731449,0.3886925795053
5,603,0,0,0,2,65,426,1201,1131,2825,0.0,0.0,0.0,0.00070796460177,0.023008849557522,0.150796460176991,0.425132743362832,0.400353982300885
5,604,0,0,0,7,61,413,1192,1147,2820,0.0,0.0,0.0,0.002482269503546,0.021631205673759,0.14645390070922,0.422695035460993,0.406737588652482
5,605,0,0,0,2,48,420,1214,1131,2815,0.0,0.0,0.0,0.000710479573712,0.017051509769094,0.149200710479574,0.431261101243339,0.401776198934281
5,606,0,0,0,5,65,452,1189,1099,2810,0.0,0.0,0.0,0.001779359430605,0.023131672597865,0.16085409252669,0.423131672597865,0.391103202846975
5,607,0,0,0,8,66,412,1212,1107,2805,0.0,0.0,0.0,0.002852049910873,0.023529411764706,0.146880570409982,0.432085561497326,0.394652406417112
5,608,0,0,0,3,54,427,1221,1095,2800,0.0,0.0,0.0,0.001071428571429,0.019285714285714,0.1525,0.436071428571429,0.391071428571429
5,609,0,0,1,4,72,426,1229,1063,2795,0.0,0.0,0.000357781753131,0.001431127012522,0.025760286225403,0.152415026833631,0.439713774597496,0.380322003577818
5,610,0,0,0,7,51,431,1199,1102,2790,0.0,0.0,0.0,0.002508960573477,0.018279569892473,0.154480286738351,0.429749103942652,0.394982078853047
5,611,0,0,0,3,70,432,1162,1118,2785,0.0,0.0,0.0,0.001077199281867,0.025134649910233,0.155116696588869,0.417235188509874,0.401436265709156
5,612,0,0,0,6,67,406,1249,1052,2780,0.0,0.0,0.0,0.002158273381295,0.02410071942446,0.146043165467626,0.449280575539568,0.37841726618705
5,613,0,0,0,2,60,402,1198,1113,2775,0.0,0.0,0.0,0.000720720720721,0.021621621621622,0.144864864864865,0.431711711711712,0.401081081081081
5,614,0,0,0,5,68,435,1178,1084,2770,0.0,0.0,0.0,0.001805054151625,0.024548736462094,0.157039711191336,0.425270758122744,0.391335740072202
5,615,0,0,0,2,72,423,1167,1101,2765,0.0,0.0,0.0,0.000723327305606,0.026039783001808,0.152983725135624,0.422061482820976,0.398191681735986
5,616,0,0,0,2,61,408,1182,1107,2760,0.0,0.0,0.0,0.000724637681159,0.022101449275362,0.147826086956522,0.428260869565217,0.401086956521739
5,617,0,0,1,4,52,412,1173,1113,2755,0.0,0.0,0.000362976406534,0.001451905626134,0.018874773139746,0.149546279491833,0.425771324863884,0.403992740471869
5,618,0,0,0,3,66,429,1180,1072,2750,0.0,0.0,0.0,0.001090909090909,0.024,0.156,0.429090909090909,0.389818181818182
5,619,0,0,0,7,65,443,1131,1099,2745,0.0,0.0,0.0,0.002550091074681,0.02367941712204,0.161384335154827,0.412021857923497,0.400364298724954
5,620,0,0,0,5,60,413,1175,1087,2740,0.0,0.0,0.0,0.001824817518248,0.021897810218978,0.150729927007299,0.428832116788321,0.396715328467153
5,621,0,0,0,2,65,443,1164,1061,2735,0.0,0.0,0.0,0.00073126142596,0.023765996343693,0.161974405850091,0.425594149908592,0.387934186471664
5,622,0,0,0,4,63,418,1145,1100,2730,0.0,0.0,0.0,0.001465201465201,0.023076923076923,0.153113553113553,0.419413919413919,0.402930402930403
5,623,0,0,0,2,63,381,1144,1135,2725,0.0,0.0,0.0,0.000733944954128,0.023119266055046,0.139816513761468,0.419816513761468,0.41651376146789
5,624,0,0,0,3,59,399,1097,1162,2720,0.0,0.0,0.0,0.001102941176471,0.021691176470588,0.146691176470588,0.403308823529412,0.427205882352941
5,625,0,0,0,6,70,416,1105,1118,2715,0.0,0.0,0.0,0.002209944751381,0.025782688766114,0.153222836095764,0.406998158379374,0.411786372007367
5,626,0,0,0,4,68,394,1167,1077,2710,0.0,0.0,0.0,0.001476014760148,0.025092250922509,0.145387453874539,0.430627306273063,0.397416974169742
5,627,0,0,0,3,52,430,1157,1063,2705,0.0,0.0,0.0,0.001109057301294,0.019223659889094,0.158964879852126,0.427726432532347,0.392975970425139
5,628,0,0,0,4,60,402,1132,1102,2700,0.0,0.0,0.0,0.001481481481481,0.022222222222222,0.148888888888889,0.419259259259259,0.408148148148148
5,629,0,0,0,2,60,394,1160,1079,2695,0.0,0.0,0.0,0.000742115027829,0.022263450834879,0.146196660482375,0.430426716141002,0.400371057513915
5,630,0,0,0,2,43,380,1134,1131,2690,0.0,0.0,0.0,0.000743494423792,0.015985130111524,0.141263940520446,0.421561338289963,0.420446096654275
5,631,0,0,0,4,53,421,1141,1066,2685,0.0,0.0,0.0,0.001489757914339,0.019739292364991,0.156797020484171,0.424953445065177,0.397020484171322
5,632,0,0,0,2,49,413,1164,1052,2680,0.0,0.0,0.0,0.000746268656716,0.018283582089552,0.15410447761194,0.434328358208955,0.392537313432836
5,633,0,0,0,6,63,416,1143,1047,2675,0.0,0.0,0.0,0.002242990654206,0.023551401869159,0.155514018691589,0.427289719626168,0.391401869158878
5,634,0,0,0,6,58,412,1109,1085,2670,0.0,0.0,0.0,0.002247191011236,0.021722846441948,0.154307116104869,0.415355805243446,0.406367041198502
5,635,0,0,0,2,57,400,1096,1110,2665,0.0,0.0,0.0,0.000750469043152,0.021388367729831,0.150093808630394,0.41125703564728,0.416510318949343
5,636,0,0,0,1,51,379,1212,1017,2660,0.0,0.0,0.0,0.000375939849624,0.019172932330827,0.142481203007519,0.455639097744361,0.382330827067669
5,637,0,0,0,3,51,397,1116,1088,2655,0.0,0.0,0.0,0.001129943502825,0.019209039548023,0.149529190207156,0.420338983050847,0.409792843691149
5,638,0,0,0,6,74,394,1119,1057,2650,0.0,0.0,0.0,0.002264150943396,0.027924528301887,0.148679245283019,0.422264150943396,0.398867924528302
5,639,0,0,0,1,54,371,1171,1048,2645,0.0,0.0,0.0,0.000378071833648,0.020415879017013,0.140264650283554,0.442722117202268,0.396219281663516
5,640,0,0,0,3,53,379,1131,1074,2640,0.0,0.0,0.0,0.001136363636364,0.020075757575758,0.143560606060606,0.428409090909091,0.406818181818182
5,641,0,0,1,3,44,397,1139,1051,2635,0.0,0.0,0.000379506641366,0.001138519924099,0.016698292220114,0.150664136622391,0.432258064516129,0.398861480075901
5,642,0,0,0,8,66,397,1096,1063,2630,0.0,0.0,0.0,0.003041825095057,0.025095057034221,0.150950570342205,0.416730038022814,0.404182509505703
5,643,0,0,0,2,59,427,1061,1076,2625,0.0,0.0,0.0,0.000761904761905,0.02247619047619,0.162666666666667,0.404190476190476,0.409904761904762
5,644,0,0,0,4,65,348,1144,1059,2620,0.0,0.0,0.0,0.001526717557252,0.024809160305344,0.132824427480916,0.436641221374046,0.404198473282443
5,645,0,0,0,3,46,427,1090,1049,2615,0.0,0.0,0.0,0.001147227533461,0.017590822179732,0.163288718929254,0.416826003824092,0.401147227533461
5,646,0,0,0,6,63,392,1132,1017,2610,0.0,0.0,0.0,0.002298850574713,0.024137931034483,0.150191570881226,0.433716475095785,0.389655172413793
5,647,0,0,0,4,53,428,1084,1036,2605,0.0,0.0,0.0,0.001535508637236,0.020345489443378,0.164299424184261,0.416122840690979,0.397696737044146
5,648,0,0,0,6,59,362,1108,1065,2600,0.0,0.0,0.0,0.002307692307692,0.022692307692308,0.139230769230769,0.426153846153846,0.409615384615385
5,649,0,0,0,3,51,408,1081,1052,2595,0.0,0.0,0.0,0.001156069364162,0.019653179190751,0.157225433526012,0.416570327552987,0.405394990366089
5,650,0,0,0,4,63,375,1091,1057,2590,0.0,0.0,0.0,0.001544401544402,0.024324324324324,0.144787644787645,0.421235521235521,0.408108108108108
5,651,0,0,0,2,54,345,1080,1104,2585,0.0,0.0,0.0,0.000773694390716,0.020889748549323,0.133462282398453,0.41779497098646,0.427079303675048
5,652,0,0,0,4,54,362,1141,1019,2580,0.0,0.0,0.0,0.001550387596899,0.02093023255814,0.14031007751938,0.442248062015504,0.394961240310078
5,653,0,0,0,4,60,397,1065,1049,2575,0.0,0.0,0.0,0.001553398058252,0.023300970873786,0.154174757281553,0.413592233009709,0.407378640776699
5,654,0,0,0,6,77,385,1097,1005,2570,0.0,0.0,0.0,0.002334630350195,0.029961089494163,0.149805447470817,0.426848249027237,0.391050583657588
5,655,0,0,0,5,59,370,1120,1011,2565,0.0,0.0,0.0,0.001949317738791,0.023001949317739,0.144249512670565,0.436647173489279,0.394152046783626
5,656,0,0,0,2,59,397,1087,1015,2560,0.0,0.0,0.0,0.00078125,0.023046875,0.155078125,0.424609375,0.396484375
5,657,0,0,0,5,52,387,1074,1037,2555,0.0,0.0,0.0,0.001956947162427,0.020352250489237,0.15146771037182,0.420352250489237,0.40587084148728
5,658,0,0,0,5,67,391,1072,1015,2550,0.0,0.0,0.0,0.001960784313725,0.026274509803922,0.153333333333333,0.420392156862745,0.398039215686274
5,659,0,0,0,2,66,360,1107,1010,2545,0.0,0.0,0.0,0.000785854616896,0.025933202357564,0.141453831041257,0.434970530451866,0.396856581532416
5,660,0,0,0,5,50,359,1103,1023,2540,0.0,0.0,0.0,0.001968503937008,0.019685039370079,0.141338582677165,0.434251968503937,0.402755905511811
5,661,0,0,0,7,54,366,1047,1061,2535,0.0,0.0,0.0,0.00276134122288,0.021301775147929,0.144378698224852,0.41301775147929,0.418540433925049
5,662,0,0,1,2,50,404,1096,977,2530,0.0,0.0,0.000395256916996,0.000790513833992,0.019762845849802,0.159683794466403,0.433201581027668,0.386166007905138
5,663,0,0,0,2,65,385,1029,1044,2525,0.0,0.0,0.0,0.000792079207921,0.025742574257426,0.152475247524752,0.407524752475247,0.413465346534653
5,664,0,0,1,4,61,398,1041,1015,2520,0.0,0.0,0.000396825396825,0.001587301587302,0.024206349206349,0.157936507936508,0.413095238095238,0.402777777777778
5,665,0,0,0,2,54,384,1025,1050,2515,0.0,0.0,0.0,0.000795228628231,0.021471172962227,0.152683896620278,0.407554671968191,0.417495029821074
5,666,0,0,0,3,68,406,1052,981,2510,0.0,0.0,0.0,0.001195219123506,0.027091633466135,0.161752988047809,0.419123505976096,0.390836653386454
5,667,0,0,0,2,47,366,1072,1018,2505,0.0,0.0,0.0,0.000798403193613,0.0187624750499,0.146107784431138,0.427944111776447,0.406387225548902
5,668,0,0,0,4,54,377,1075,990,2500,0.0,0.0,0.0,0.0016,0.0216,0.1508,0.43,0.396
5,669,0,0,0,5,70,409,1023,988,2495,0.0,0.0,0.0,0.002004008016032,0.028056112224449,0.163927855711423,0.41002004008016,0.395991983967936
5,670,0,0,0,4,52,363,1060,1011,2490,0.0,0.0,0.0,0.001606425702811,0.020883534136546,0.14578313253012,0.42570281124498,0.406024096385542
5,671,0,0,0,0,48,387,1061,989,2485,0.0,0.0,0.0,0.0,0.019315895372233,0.155734406438632,0.426961770623742,0.397987927565392
5,672,0,0,0,2,61,376,1052,989,2480,0.0,0.0,0.0,0.000806451612903,0.024596774193548,0.151612903225806,0.424193548387097,0.398790322580645
5,673,0,0,0,4,43,397,1038,993,2475,0.0,0.0,0.0,0.001616161616162,0.017373737373737,0.16040404040404,0.419393939393939,0.401212121212121
5,674,0,0,0,4,72,365,1020,1009,2470,0.0,0.0,0.0,0.001619433198381,0.02914979757085,0.147773279352227,0.412955465587045,0.408502024291498
5,675,0,0,0,8,53,359,1038,1007,2465,0.0,0.0,0.0,0.003245436105477,0.021501014198783,0.145638945233266,0.421095334685598,0.408519269776876
5,676,0,0,0,3,49,381,1081,946,2460,0.0,0.0,0.0,0.001219512195122,0.019918699186992,0.154878048780488,0.439430894308943,0.384552845528455
5,677,0,0,0,5,48,377,1004,1021,2455,0.0,0.0,0.0,0.0020366598778,0.019551934826884,0.153564154786151,0.408961303462322,0.415885947046843
5,678,0,0,0,1,54,360,1034,1001,2450,0.0,0.0,0.0,0.000408163265306,0.022040816326531,0.146938775510204,0.422040816326531,0.408571428571429
5,679,0,0,0,1,54,356,1025,1009,2445,0.0,0.0,0.0,0.00040899795501,0.022085889570552,0.14560327198364,0.419222903885481,0.412678936605317
5,680,0,0,0,2,59,359,1058,962,2440,0.0,0.0,0.0,0.000819672131148,0.024180327868852,0.147131147540984,0.433606557377049,0.394262295081967
5,681,0,0,0,4,53,372,1037,969,2435,0.0,0.0,0.0,0.001642710472279,0.0217659137577,0.152772073921971,0.425872689938398,0.397946611909651
5,682,0,0,0,4,51,358,1014,1003,2430,0.0,0.0,0.0,0.001646090534979,0.020987654320988,0.147325102880658,0.417283950617284,0.412757201646091
5,683,0,0,0,2,52,365,1058,948,2425,0.0,0.0,0.0,0.000824742268041,0.021443298969072,0.150515463917526,0.436288659793814,0.390927835051546
5,684,0,0,0,3,63,360,1066,928,2420,0.0,0.0,0.0,0.001239669421488,0.02603305785124,0.148760330578512,0.440495867768595,0.383471074380165
5,685,0,0,0,4,54,363,1024,970,2415,0.0,0.0,0.0,0.001656314699793,0.022360248447205,0.150310559006211,0.424016563146998,0.401656314699793
5,686,0,0,0,0,52,348,1030,980,2410,0.0,0.0,0.0,0.0,0.021576763485477,0.144398340248963,0.427385892116183,0.406639004149378
5,687,0,0,0,4,56,415,1028,902,2405,0.0,0.0,0.0,0.001663201663202,0.023284823284823,0.172557172557173,0.427442827442827,0.375051975051975
5,688,0,0,0,7,35,355,1054,949,2400,0.0,0.0,0.0,0.002916666666667,0.014583333333333,0.147916666666667,0.439166666666667,0.395416666666667
5,689,0,0,0,2,65,340,1023,965,2395,0.0,0.0,0.0,0.000835073068894,0.02713987473904,0.1419624217119,0.42713987473904,0.402922755741127
5,690,0,0,0,3,58,352,1028,949,2390,0.0,0.0,0.0,0.001255230125523,0.024267782426778,0.147280334728033,0.430125523012552,0.397071129707113
5,691,0,0,0,1,49,348,1022,965,2385,0.0,0.0,0.0,0.00041928721174,0.020545073375262,0.145911949685535,0.428511530398323,0.40461215932914
5,692,0,0,0,4,53,346,1020,957,2380,0.0,0.0,0.0,0.001680672268908,0.022268907563025,0.145378151260504,0.428571428571429,0.402100840336134
5,693,0,0,0,6,66,340,1005,958,2375,0.0,0.0,0.0,0.002526315789474,0.027789473684211,0.143157894736842,0.423157894736842,0.403368421052632
5,694,0,0,0,2,54,361,977,976,2370,0.0,0.0,0.0,0.00084388185654,0.022784810126582,0.152320675105485,0.412236286919831,0.411814345991561
5,695,0,0,0,2,44,382,965,972,2365,0.0,0.0,0.0,0.000845665961945,0.018604651162791,0.161522198731501,0.408033826638478,0.410993657505285
5,696,0,0,1,3,44,396,972,944,2360,0.0,0.0,0.000423728813559,0.001271186440678,0.01864406779661,0.167796610169492,0.411864406779661,0.4
5,697,0,0,0,6,51,330,1016,952,2355,0.0,0.0,0.0,0.002547770700637,0.021656050955414,0.140127388535032,0.431422505307856,0.404246284501062
5,698,0,0,0,0,48,336,1025,941,2350,0.0,0.0,0.0,0.0,0.020425531914894,0.142978723404255,0.436170212765957,0.400425531914894
5,699,0,0,0,2,55,374,974,940,2345,0.0,0.0,0.0,0.000852878464819,0.023454157782516,0.159488272921109,0.415351812366738,0.400852878464819
5,700,0,0,0,2,51,348,991,948,2340,0.0,0.0,0.0,0.000854700854701,0.021794871794872,0.148717948717949,0.423504273504273,0.405128205128205
5,701,0,0,0,3,51,386,1019,876,2335,0.0,0.0,0.0,0.001284796573876,0.021841541755889,0.165310492505353,0.436402569593148,0.375160599571734
5,702,0,0,0,1,34,339,982,974,2330,0.0,0.0,0.0,0.000429184549356,0.014592274678112,0.14549356223176,0.421459227467811,0.418025751072961
5,703,0,0,1,5,51,367,1034,867,2325,0.0,0.0,0.000430107526882,0.002150537634409,0.021935483870968,0.157849462365591,0.444731182795699,0.372903225806452
5,704,0,0,0,7,66,354,949,944,2320,0.0,0.0,0.0,0.00301724137931,0.028448275862069,0.152586206896552,0.409051724137931,0.406896551724138
5,705,0,0,0,4,60,349,964,938,2315,0.0,0.0,0.0,0.001727861771058,0.025917926565875,0.150755939524838,0.416414686825054,0.405183585313175
5,706,0,0,0,3,47,346,959,955,2310,0.0,0.0,0.0,0.001298701298701,0.02034632034632,0.14978354978355,0.415151515151515,0.413419913419913
5,707,0,0,0,1,54,379,988,883,2305,0.0,0.0,0.0,0.000433839479393,0.023427331887202,0.164425162689805,0.428633405639913,0.383080260303688
5,708,0,0,1,3,56,328,959,953,2300,0.0,0.0,0.000434782608696,0.001304347826087,0.024347826086957,0.142608695652174,0.41695652173913,0.414347826086957
5,709,0,0,0,3,40,349,986,917,2295,0.0,0.0,0.0,0.001307189542484,0.017429193899782,0.152069716775599,0.42962962962963,0.399564270152505
5,710,0,0,0,7,50,328,989,916,2290,0.0,0.0,0.0,0.003056768558952,0.021834061135371,0.143231441048035,0.431877729257642,0.4
5,711,0,0,0,3,50,364,943,925,2285,0.0,0.0,0.0,0.001312910284464,0.021881838074398,0.159299781181619,0.412691466083151,0.404814004376368
5,712,0,0,0,2,55,365,974,884,2280,0.0,0.0,0.0,0.000877192982456,0.024122807017544,0.160087719298246,0.42719298245614,0.387719298245614
5,713,0,0,0,2,52,350,936,935,2275,0.0,0.0,0.0,0.000879120879121,0.022857142857143,0.153846153846154,0.411428571428571,0.410989010989011
5,714,0,0,0,4,54,342,970,900,2270,0.0,0.0,0.0,0.001762114537445,0.023788546255507,0.150660792951542,0.427312775330396,0.39647577092511
5,715,0,0,0,2,53,333,966,911,2265,0.0,0.0,0.0,0.000883002207506,0.023399558498896,0.147019867549669,0.426490066225166,0.402207505518764
5,716,0,0,0,2,48,336,956,918,2260,0.0,0.0,0.0,0.000884955752212,0.021238938053097,0.148672566371681,0.423008849557522,0.406194690265487
5,717,0,0,0,3,55,327,940,930,2255,0.0,0.0,0.0,0.001330376940133,0.024390243902439,0.145011086474501,0.416851441241685,0.412416851441242
5,718,0,0,0,5,59,322,953,911,2250,0.0,0.0,0.0,0.002222222222222,0.026222222222222,0.143111111111111,0.423555555555556,0.404888888888889
5,719,0,0,0,2,55,332,928,928,2245,0.0,0.0,0.0,0.000890868596882,0.024498886414254,0.147884187082405,0.413363028953229,0.413363028953229
5,720,0,0,0,5,47,348,934,906,2240,0.0,0.0,0.0,0.002232142857143,0.020982142857143,0.155357142857143,0.416964285714286,0.404464285714286
5,721,0,0,0,0,53,344,929,909,2235,0.0,0.0,0.0,0.0,0.023713646532438,0.153914988814318,0.415659955257271,0.406711409395973
5,722,0,0,0,3,55,356,926,890,2230,0.0,0.0,0.0,0.001345291479821,0.024663677130045,0.159641255605381,0.4152466367713,0.399103139013453
5,723,0,0,0,2,57,350,934,882,2225,0.0,0.0,0.0,0.000898876404494,0.02561797752809,0.157303370786517,0.419775280898876,0.396404494382022
5,724,0,0,0,6,61,317,974,862,2220,0.0,0.0,0.0,0.002702702702703,0.027477477477477,0.142792792792793,0.438738738738739,0.388288288288288
5,725,0,0,0,2,30,341,944,898,2215,0.0,0.0,0.0,0.000902934537246,0.013544018058691,0.153950338600451,0.426185101580135,0.405417607223476
5,726,0,0,0,2,49,291,970,898,2210,0.0,0.0,0.0,0.000904977375566,0.022171945701357,0.131674208144796,0.438914027149321,0.406334841628959
5,727,0,0,0,4,52,322,916,911,2205,0.0,0.0,0.0,0.001814058956916,0.023582766439909,0.146031746031746,0.415419501133787,0.413151927437642
5,728,0,0,1,3,43,292,969,892,2200,0.0,0.0,0.000454545454545,0.001363636363636,0.019545454545455,0.132727272727273,0.440454545454545,0.405454545454545
5,729,0,0,0,2,50,338,948,857,2195,0.0,0.0,0.0,0.000911161731207,0.022779043280182,0.153986332574032,0.431890660592255,0.390432801822323
5,730,0,0,0,4,52,351,973,810,2190,0.0,0.0,0.0,0.001826484018265,0.023744292237443,0.16027397260274,0.444292237442922,0.36986301369863
5,731,0,0,0,0,49,324,916,896,2185,0.0,0.0,0.0,0.0,0.022425629290618,0.148283752860412,0.419221967963387,0.410068649885584
5,732,0,0,0,2,65,328,895,890,2180,0.0,0.0,0.0,0.000917431192661,0.029816513761468,0.15045871559633,0.410550458715596,0.408256880733945
5,733,0,0,0,5,53,324,913,880,2175,0.0,0.0,0.0,0.002298850574713,0.024367816091954,0.148965517241379,0.419770114942529,0.404597701149425
5,734,0,0,0,3,61,358,888,860,2170,0.0,0.0,0.0,0.001382488479263,0.028110599078341,0.164976958525346,0.409216589861751,0.3963133640553
5,735,0,0,0,4,44,312,964,841,2165,0.0,0.0,0.0,0.001847575057737,0.020323325635104,0.144110854503464,0.44526558891455,0.388452655889146
5,736,0,0,0,3,47,328,900,882,2160,0.0,0.0,0.0,0.001388888888889,0.021759259259259,0.151851851851852,0.416666666666667,0.408333333333333
5,737,0,0,0,2,47,327,947,832,2155,0.0,0.0,0.0,0.00092807424594,0.021809744779582,0.151740139211137,0.439443155452436,0.386078886310905
5,738,0,0,0,3,57,347,897,846,2150,0.0,0.0,0.0,0.001395348837209,0.026511627906977,0.161395348837209,0.417209302325581,0.393488372093023
5,739,0,0,0,4,55,302,890,894,2145,0.0,0.0,0.0,0.001864801864802,0.025641025641026,0.140792540792541,0.414918414918415,0.416783216783217
5,740,0,0,0,2,46,338,902,852,2140,0.0,0.0,0.0,0.000934579439252,0.021495327102804,0.157943925233645,0.421495327102804,0.398130841121495
5,741,0,0,0,4,40,327,895,869,2135,0.0,0.0,0.0,0.001873536299766,0.018735362997658,0.153161592505855,0.4192037470726,0.407025761124122
5,742,0,0,0,2,41,345,869,873,2130,0.0,0.0,0.0,0.00093896713615,0.01924882629108,0.161971830985915,0.407981220657277,0.409859154929577
5,743,0,0,0,1,59,315,870,880,2125,0.0,0.0,0.0,0.000470588235294,0.027764705882353,0.148235294117647,0.409411764705882,0.414117647058824
5,744,0,0,0,1,52,353,865,849,2120,0.0,0.0,0.0,0.000471698113208,0.024528301886792,0.166509433962264,0.408018867924528,0.400471698113208
5,745,0,0,0,2,44,329,873,867,2115,0.0,0.0,0.0,0.000945626477541,0.02080378250591,0.155555555555556,0.412765957446808,0.409929078014184
5,746,0,0,0,4,55,314,898,839,2110,0.0,0.0,0.0,0.001895734597156,0.0260663507109,0.148815165876777,0.425592417061611,0.397630331753555
5,747,0,0,0,1,41,334,876,853,2105,0.0,0.0,0.0,0.000475059382423,0.019477434679335,0.158669833729216,0.416152019002375,0.405225653206651
5,748,0,0,0,2,44,326,891,837,2100,0.0,0.0,0.0,0.000952380952381,0.020952380952381,0.155238095238095,0.424285714285714,0.398571428571429
5,749,0,0,0,1,53,351,821,869,2095,0.0,0.0,0.0,0.000477326968974,0.025298329355609,0.167541766109785,0.391885441527446,0.414797136038186
5,750,0,0,1,2,49,326,937,775,2090,0.0,0.0,0.000478468899522,0.000956937799043,0.023444976076555,0.155980861244019,0.448325358851675,0.370813397129187
5,751,0,0,0,1,45,283,896,860,2085,0.0,0.0,0.0,0.000479616306954,0.02158273381295,0.135731414868106,0.429736211031175,0.412470023980815
5,752,0,0,0,5,55,302,875,843,2080,0.0,0.0,0.0,0.002403846153846,0.026442307692308,0.145192307692308,0.420673076923077,0.405288461538462
5,753,0,0,0,3,56,303,886,827,2075,0.0,0.0,0.0,0.00144578313253,0.026987951807229,0.146024096385542,0.426987951807229,0.39855421686747
5,754,0,0,0,2,45,302,910,811,2070,0.0,0.0,0.0,0.000966183574879,0.021739130434783,0.145893719806763,0.439613526570048,0.391787439613527
5,755,0,0,1,3,44,295,872,850,2065,0.0,0.0,0.000484261501211,0.001452784503632,0.021307506053269,0.142857142857143,0.42227602905569,0.411622276029056
5,756,0,0,0,3,41,321,909,786,2060,0.0,0.0,0.0,0.001456310679612,0.019902912621359,0.155825242718447,0.44126213592233,0.381553398058252
5,757,0,0,0,3,54,338,835,825,2055,0.0,0.0,0.0,0.001459854014599,0.026277372262774,0.164476885644769,0.40632603406326,0.401459854014599
5,758,0,0,0,4,44,306,863,833,2050,0.0,0.0,0.0,0.001951219512195,0.021463414634146,0.149268292682927,0.420975609756098,0.406341463414634
5,759,0,0,0,7,44,274,906,814,2045,0.0,0.0,0.0,0.003422982885086,0.021515892420538,0.13398533007335,0.443031784841076,0.398044009779951
5,760,0,0,1,1,46,318,889,785,2040,0.0,0.0,0.000490196078431,0.000490196078431,0.022549019607843,0.155882352941176,0.43578431372549,0.384803921568627
5,761,0,0,0,0,41,283,814,897,2035,0.0,0.0,0.0,0.0,0.02014742014742,0.139066339066339,0.4,0.440786240786241
5,762,0,0,0,1,50,308,894,777,2030,0.0,0.0,0.0,0.000492610837438,0.024630541871921,0.151724137931034,0.440394088669951,0.382758620689655
5,763,0,0,0,1,63,324,797,840,2025,0.0,0.0,0.0,0.000493827160494,0.031111111111111,0.16,0.39358024691358,0.414814814814815
5,764,0,0,0,0,38,329,836,817,2020,0.0,0.0,0.0,0.0,0.018811881188119,0.162871287128713,0.413861386138614,0.404455445544554
5,765,0,0,0,3,52,296,862,802,2015,0.0,0.0,0.0,0.001488833746898,0.025806451612903,0.146898263027295,0.427791563275434,0.398014888337469
5,766,0,0,0,4,41,298,833,834,2010,0.0,0.0,0.0,0.001990049751244,0.020398009950249,0.148258706467662,0.414427860696517,0.414925373134328
5,767,0,0,0,3,47,305,859,791,2005,0.0,0.0,0.0,0.001496259351621,0.023441396508728,0.15211970074813,0.428428927680798,0.394513715710723
5,768,0,0,0,4,46,323,816,811,2000,0.0,0.0,0.0,0.002,0.023,0.1615,0.408,0.4055
5,769,0,0,1,5,50,296,866,777,1995,0.0,0.0,0.000501253132832,0.00250626566416,0.025062656641604,0.148370927318296,0.434085213032581,0.389473684210526
5,770,0,0,0,2,44,312,805,827,1990,0.0,0.0,0.0,0.001005025125628,0.022110552763819,0.15678391959799,0.404522613065327,0.415577889447236
5,771,0,0,0,4,35,315,839,792,1985,0.0,0.0,0.0,0.002015113350126,0.017632241813602,0.158690176322418,0.422670025188917,0.398992443324937
5,772,0,0,0,4,49,296,875,756,1980,0.0,0.0,0.0,0.002020202020202,0.024747474747475,0.149494949494949,0.441919191919192,0.381818181818182
5,773,0,0,1,2,39,311,834,788,1975,0.0,0.0,0.000506329113924,0.001012658227848,0.019746835443038,0.15746835443038,0.422278481012658,0.398987341772152
5,774,0,0,0,2,57,289,856,766,1970,0.0,0.0,0.0,0.001015228426396,0.028934010152284,0.146700507614213,0.434517766497462,0.388832487309645
5,775,0,0,0,3,57,313,818,774,1965,0.0,0.0,0.0,0.001526717557252,0.029007633587786,0.159287531806616,0.416284987277354,0.393893129770992
5,776,0,0,0,0,56,310,795,799,1960,0.0,0.0,0.0,0.0,0.028571428571429,0.158163265306122,0.405612244897959,0.40765306122449
5,777,0,0,0,3,43,296,824,789,1955,0.0,0.0,0.0,0.00153452685422,0.021994884910486,0.151406649616368,0.421483375959079,0.403580562659847
5,778,0,0,0,2,39,307,799,803,1950,0.0,0.0,0.0,0.001025641025641,0.02,0.157435897435897,0.40974358974359,0.411794871794872
5,779,0,0,1,3,47,278,847,769,1945,0.0,0.0,0.000514138817481,0.001542416452442,0.024164524421594,0.14293059125964,0.43547557840617,0.395372750642674
5,780,0,0,0,1,51,295,819,774,1940,0.0,0.0,0.0,0.000515463917526,0.026288659793814,0.152061855670103,0.422164948453608,0.398969072164948
5,781,0,0,0,3,43,288,829,772,1935,0.0,0.0,0.0,0.001550387596899,0.022222222222222,0.148837209302326,0.428423772609819,0.398966408268734
5,782,0,0,0,5,40,285,826,774,1930,0.0,0.0,0.0,0.00259067357513,0.020725388601036,0.147668393782383,0.427979274611399,0.401036269430052
5,783,0,0,0,2,56,288,822,757,1925,0.0,0.0,0.0,0.001038961038961,0.029090909090909,0.14961038961039,0.427012987012987,0.393246753246753
5,784,0,0,0,0,36,277,822,785,1920,0.0,0.0,0.0,0.0,0.01875,0.144270833333333,0.428125,0.408854166666667
5,785,0,0,0,3,40,278,833,761,1915,0.0,0.0,0.0,0.001566579634465,0.02088772845953,0.145169712793734,0.434986945169713,0.397389033942559
5,786,0,0,0,2,53,309,812,734,1910,0.0,0.0,0.0,0.001047120418848,0.027748691099476,0.161780104712042,0.425130890052356,0.384293193717277
5,787,0,0,0,3,36,309,774,783,1905,0.0,0.0,0.0,0.001574803149606,0.018897637795276,0.162204724409449,0.406299212598425,0.411023622047244
5,788,0,0,1,2,38,294,803,762,1900,0.0,0.0,0.000526315789474,0.001052631578947,0.02,0.154736842105263,0.422631578947368,0.401052631578947
5,789,0,0,0,3,39,265,800,788,1895,0.0,0.0,0.0,0.001583113456464,0.020580474934037,0.139841688654354,0.422163588390501,0.415831134564644
5,790,0,0,0,6,31,295,812,746,1890,0.0,0.0,0.0,0.003174603174603,0.016402116402116,0.156084656084656,0.42962962962963,0.394708994708995
5,791,0,0,0,1,36,267,837,744,1885,0.0,0.0,0.0,0.00053050397878,0.019098143236074,0.141644562334218,0.444031830238727,0.394694960212202
5,792,0,0,0,1,31,295,820,733,1880,0.0,0.0,0.0,0.000531914893617,0.016489361702128,0.156914893617021,0.436170212765957,0.389893617021277
5,793,0,0,0,1,49,269,795,761,1875,0.0,0.0,0.0,0.000533333333333,0.026133333333333,0.143466666666667,0.424,0.405866666666667
5,794,0,0,0,3,40,265,786,776,1870,0.0,0.0,0.0,0.001604278074866,0.021390374331551,0.141711229946524,0.420320855614973,0.414973262032086
5,795,0,0,0,4,42,268,781,770,1865,0.0,0.0,0.0,0.002144772117962,0.022520107238606,0.143699731903485,0.418766756032172,0.412868632707775
5,796,0,0,0,6,42,267,803,742,1860,0.0,0.0,0.0,0.003225806451613,0.02258064516129,0.143548387096774,0.431720430107527,0.398924731182796
5,797,0,0,0,5,40,278,817,715,1855,0.0,0.0,0.0,0.002695417789757,0.021563342318059,0.149865229110512,0.440431266846361,0.38544474393531
5,798,0,0,0,1,34,284,798,733,1850,0.0,0.0,0.0,0.000540540540541,0.018378378378378,0.153513513513513,0.431351351351351,0.396216216216216
5,799,0,0,0,1,30,304,747,763,1845,0.0,0.0,0.0,0.000542005420054,0.016260162601626,0.164769647696477,0.404878048780488,0.413550135501355
5,800,0,0,0,1,42,296,779,722,1840,0.0,0.0,0.0,0.00054347826087,0.022826086956522,0.160869565217391,0.423369565217391,0.392391304347826
5,801,0,0,0,2,40,301,772,720,1835,0.0,0.0,0.0,0.001089918256131,0.021798365122616,0.164032697547684,0.420708446866485,0.392370572207084
5,802,0,0,0,2,35,303,774,716,1830,0.0,0.0,0.0,0.001092896174863,0.019125683060109,0.165573770491803,0.422950819672131,0.391256830601093
5,803,0,0,1,0,41,267,781,735,1825,0.0,0.0,0.000547945205479,0.0,0.022465753424658,0.146301369863014,0.427945205479452,0.402739726027397
5,804,0,0,0,0,35,284,791,710,1820,0.0,0.0,0.0,0.0,0.019230769230769,0.156043956043956,0.434615384615385,0.39010989010989
5,805,0,0,0,4,51,299,768,693,1815,0.0,0.0,0.0,0.002203856749311,0.028099173553719,0.164738292011019,0.423140495867769,0.381818181818182
5,806,0,0,0,3,45,251,796,715,1810,0.0,0.0,0.0,0.001657458563536,0.024861878453039,0.138674033149171,0.439779005524862,0.395027624309392
5,807,0,0,0,3,39,266,748,749,1805,0.0,0.0,0.0,0.001662049861496,0.021606648199446,0.147368421052632,0.414404432132964,0.414958448753463
5,808,0,0,0,2,31,277,738,752,1800,0.0,0.0,0.0,0.001111111111111,0.017222222222222,0.153888888888889,0.41,0.417777777777778
5,809,0,0,0,3,37,259,804,692,1795,0.0,0.0,0.0,0.001671309192201,0.020612813370474,0.144289693593315,0.447910863509749,0.385515320334262
5,810,0,0,0,3,38,261,795,693,1790,0.0,0.0,0.0,0.001675977653631,0.02122905027933,0.145810055865922,0.444134078212291,0.387150837988827
5,811,0,0,0,5,45,269,746,720,1785,0.0,0.0,0.0,0.002801120448179,0.025210084033613,0.150700280112045,0.417927170868347,0.403361344537815
5,812,0,0,0,2,40,247,784,707,1780,0.0,0.0,0.0,0.001123595505618,0.02247191011236,0.13876404494382,0.440449438202247,0.397191011235955
5,813,0,0,0,2,48,266,721,738,1775,0.0,0.0,0.0,0.00112676056338,0.027042253521127,0.149859154929577,0.406197183098592,0.415774647887324
5,814,0,0,0,5,29,277,745,714,1770,0.0,0.0,0.0,0.002824858757062,0.01638418079096,0.156497175141243,0.42090395480226,0.403389830508475
5,815,0,0,0,6,41,298,694,726,1765,0.0,0.0,0.0,0.003399433427762,0.023229461756374,0.168838526912181,0.393201133144476,0.411331444759207
5,816,0,0,0,1,39,250,788,682,1760,0.0,0.0,0.0,0.000568181818182,0.022159090909091,0.142045454545455,0.447727272727273,0.3875
5,817,0,0,0,4,41,274,717,719,1755,0.0,0.0,0.0,0.002279202279202,0.023361823361823,0.156125356125356,0.408547008547009,0.40968660968661
5,818,0,0,0,3,41,291,717,698,1750,0.0,0.0,0.0,0.001714285714286,0.023428571428571,0.166285714285714,0.409714285714286,0.398857142857143
5,819,0,0,1,2,37,277,752,676,1745,0.0,0.0,0.000573065902579,0.001146131805158,0.021203438395415,0.158739255014327,0.430945558739255,0.387392550143266
5,820,0,0,0,3,30,269,707,731,1740,0.0,0.0,0.0,0.001724137931034,0.017241379310345,0.154597701149425,0.40632183908046,0.420114942528736
5,821,0,0,0,2,42,288,708,695,1735,0.0,0.0,0.0,0.001152737752161,0.024207492795389,0.165994236311239,0.40806916426513,0.400576368876081
5,822,0,0,0,0,39,260,753,678,1730,0.0,0.0,0.0,0.0,0.022543352601156,0.15028901734104,0.435260115606936,0.391907514450867
5,823,0,0,0,0,41,266,742,676,1725,0.0,0.0,0.0,0.0,0.023768115942029,0.154202898550725,0.430144927536232,0.391884057971014
5,824,0,0,0,4,40,289,694,693,1720,0.0,0.0,0.0,0.002325581395349,0.023255813953488,0.168023255813953,0.403488372093023,0.402906976744186
5,825,0,0,0,2,45,244,770,654,1715,0.0,0.0,0.0,0.001166180758017,0.026239067055394,0.142274052478134,0.448979591836735,0.38134110787172
5,826,0,0,0,3,35,250,706,716,1710,0.0,0.0,0.0,0.001754385964912,0.02046783625731,0.146198830409357,0.412865497076023,0.418713450292398
5,827,0,0,0,4,39,224,707,731,1705,0.0,0.0,0.0,0.002346041055718,0.022873900293255,0.131378299120235,0.41466275659824,0.428739002932551
5,828,0,0,0,2,42,286,699,671,1700,0.0,0.0,0.0,0.001176470588235,0.024705882352941,0.168235294117647,0.411176470588235,0.394705882352941
5,829,0,0,0,1,36,234,750,674,1695,0.0,0.0,0.0,0.000589970501475,0.021238938053097,0.138053097345133,0.442477876106195,0.3976401179941
5,830,0,0,0,2,38,273,678,699,1690,0.0,0.0,0.0,0.001183431952663,0.022485207100592,0.161538461538462,0.401183431952663,0.413609467455621
5,831,0,0,0,3,36,235,739,672,1685,0.0,0.0,0.0,0.001780415430267,0.021364985163205,0.13946587537092,0.438575667655786,0.398813056379822
5,832,0,0,0,4,33,267,692,684,1680,0.0,0.0,0.0,0.002380952380952,0.019642857142857,0.158928571428571,0.411904761904762,0.407142857142857
5,833,0,0,0,3,43,236,719,674,1675,0.0,0.0,0.0,0.001791044776119,0.025671641791045,0.14089552238806,0.429253731343284,0.402388059701493
5,834,0,0,0,3,35,252,704,676,1670,0.0,0.0,0.0,0.001796407185629,0.020958083832335,0.150898203592814,0.421556886227545,0.404790419161677
5,835,0,0,0,2,36,278,737,612,1665,0.0,0.0,0.0,0.001201201201201,0.021621621621622,0.166966966966967,0.442642642642643,0.367567567567568
5,836,0,0,0,3,30,235,719,673,1660,0.0,0.0,0.0,0.001807228915663,0.018072289156627,0.141566265060241,0.433132530120482,0.405421686746988
5,837,0,0,0,1,28,221,738,667,1655,0.0,0.0,0.0,0.000604229607251,0.016918429003021,0.133534743202417,0.445921450151057,0.403021148036254
5,838,0,0,0,2,29,251,722,646,1650,0.0,0.0,0.0,0.001212121212121,0.017575757575758,0.152121212121212,0.437575757575758,0.391515151515152
5,839,0,0,0,3,36,234,720,652,1645,0.0,0.0,0.0,0.001823708206687,0.021884498480243,0.142249240121581,0.437689969604863,0.396352583586626
5,840,0,0,0,4,39,244,670,683,1640,0.0,0.0,0.0,0.002439024390244,0.023780487804878,0.148780487804878,0.408536585365854,0.416463414634146
5,841,0,0,0,5,35,245,672,678,1635,0.0,0.0,0.0,0.003058103975535,0.021406727828746,0.149847094801223,0.411009174311927,0.414678899082569
5,842,0,0,0,3,31,226,699,671,1630,0.0,0.0,0.0,0.001840490797546,0.019018404907975,0.138650306748466,0.428834355828221,0.411656441717791
5,843,0,0,0,0,50,254,665,656,1625,0.0,0.0,0.0,0.0,0.030769230769231,0.156307692307692,0.409230769230769,0.403692307692308
5,844,0,0,0,1,35,230,713,641,1620,0.0,0.0,0.0,0.000617283950617,0.021604938271605,0.141975308641975,0.440123456790123,0.395679012345679
5,845,0,0,0,1,39,237,678,660,1615,0.0,0.0,0.0,0.00061919504644,0.024148606811146,0.146749226006192,0.419814241486068,0.408668730650155
5,846,0,0,0,2,36,227,682,663,1610,0.0,0.0,0.0,0.001242236024845,0.022360248447205,0.140993788819876,0.42360248447205,0.411801242236025
5,847,0,0,0,0,48,224,699,634,1605,0.0,0.0,0.0,0.0,0.029906542056075,0.139563862928349,0.435514018691589,0.395015576323988
5,848,0,0,0,5,27,224,713,631,1600,0.0,0.0,0.0,0.003125,0.016875,0.14,0.445625,0.394375
5,849,0,0,0,2,25,252,675,641,1595,0.0,0.0,0.0,0.001253918495298,0.015673981191223,0.157993730407524,0.423197492163009,0.401880877742947
5,850,0,0,0,3,31,221,674,661,1590,0.0,0.0,0.0,0.00188679245283,0.019496855345912,0.138993710691824,0.423899371069182,0.415723270440252
5,851,0,0,0,3,25,220,710,627,1585,0.0,0.0,0.0,0.001892744479495,0.015772870662461,0.138801261829653,0.44794952681388,0.395583596214511
5,852,0,0,0,3,45,225,673,634,1580,0.0,0.0,0.0,0.001898734177215,0.028481012658228,0.142405063291139,0.425949367088608,0.40126582278481
5,853,0,0,0,4,44,222,667,638,1575,0.0,0.0,0.0,0.002539682539683,0.027936507936508,0.140952380952381,0.423492063492063,0.405079365079365
5,854,0,0,0,3,43,213,667,644,1570,0.0,0.0,0.0,0.001910828025478,0.027388535031847,0.135668789808917,0.42484076433121,0.410191082802548
5,855,0,0,0,2,36,242,657,628,1565,0.0,0.0,0.0,0.001277955271565,0.023003194888179,0.154632587859425,0.419808306709265,0.401277955271566
5,856,0,0,0,1,31,236,658,634,1560,0.0,0.0,0.0,0.000641025641026,0.019871794871795,0.151282051282051,0.421794871794872,0.406410256410256
5,857,0,0,0,0,35,260,627,633,1555,0.0,0.0,0.0,0.0,0.022508038585209,0.167202572347267,0.403215434083601,0.407073954983923
5,858,0,0,0,1,39,243,646,621,1550,0.0,0.0,0.0,0.000645161290323,0.025161290322581,0.156774193548387,0.416774193548387,0.400645161290323
5,859,0,0,0,0,28,229,648,640,1545,0.0,0.0,0.0,0.0,0.018122977346278,0.148220064724919,0.419417475728155,0.414239482200647
5,860,0,0,0,1,41,234,655,609,1540,0.0,0.0,0.0,0.000649350649351,0.026623376623377,0.151948051948052,0.425324675324675,0.395454545454545
5,861,0,0,0,3,40,235,657,600,1535,0.0,0.0,0.0,0.001954397394137,0.026058631921824,0.153094462540717,0.428013029315961,0.390879478827362
5,862,0,0,0,2,43,227,645,613,1530,0.0,0.0,0.0,0.001307189542484,0.028104575163399,0.148366013071895,0.42156862745098,0.400653594771242
5,863,0,0,0,2,27,229,674,593,1525,0.0,0.0,0.0,0.001311475409836,0.017704918032787,0.150163934426229,0.441967213114754,0.388852459016393
5,864,0,0,0,3,24,245,634,614,1520,0.0,0.0,0.0,0.001973684210526,0.015789473684211,0.161184210526316,0.417105263157895,0.403947368421053
5,865,0,0,0,2,40,223,633,617,1515,0.0,0.0,0.0,0.001320132013201,0.026402640264026,0.147194719471947,0.417821782178218,0.407260726072607
5,866,0,0,0,2,35,229,649,595,1510,0.0,0.0,0.0,0.001324503311258,0.02317880794702,0.151655629139073,0.429801324503311,0.394039735099338
5,867,0,0,0,5,33,232,660,575,1505,0.0,0.0,0.0,0.003322259136213,0.021926910299003,0.154152823920266,0.438538205980066,0.382059800664452
5,868,0,0,0,5,39,239,648,569,1500,0.0,0.0,0.0,0.003333333333333,0.026,0.159333333333333,0.432,0.379333333333333
5,869,0,0,0,3,36,221,662,573,1495,0.0,0.0,0.0,0.002006688963211,0.024080267558528,0.147826086956522,0.442809364548495,0.383277591973244
5,870,0,0,0,1,26,195,669,599,1490,0.0,0.0,0.0,0.000671140939597,0.01744966442953,0.130872483221477,0.448993288590604,0.402013422818792
5,871,0,0,0,2,38,230,654,561,1485,0.0,0.0,0.0,0.001346801346801,0.025589225589226,0.154882154882155,0.44040404040404,0.377777777777778
5,872,0,0,0,4,25,241,600,610,1480,0.0,0.0,0.0,0.002702702702703,0.016891891891892,0.162837837837838,0.405405405405405,0.412162162162162
5,873,0,0,0,3,30,216,612,614,1475,0.0,0.0,0.0,0.002033898305085,0.020338983050847,0.146440677966102,0.414915254237288,0.416271186440678
5,874,0,0,0,2,28,218,623,599,1470,0.0,0.0,0.0,0.001360544217687,0.019047619047619,0.148299319727891,0.423809523809524,0.407482993197279
5,875,0,0,0,4,29,212,649,571,1465,0.0,0.0,0.0,0.002730375426621,0.019795221843003,0.144709897610922,0.443003412969283,0.389761092150171
5,876,0,0,0,3,35,231,601,590,1460,0.0,0.0,0.0,0.002054794520548,0.023972602739726,0.158219178082192,0.411643835616438,0.404109589041096
5,877,0,0,0,2,32,215,614,592,1455,0.0,0.0,0.0,0.001374570446735,0.021993127147766,0.147766323024055,0.421993127147766,0.406872852233677
5,878,0,0,0,2,30,237,595,586,1450,0.0,0.0,0.0,0.001379310344828,0.020689655172414,0.163448275862069,0.410344827586207,0.404137931034483
5,879,0,0,0,1,26,237,618,563,1445,0.0,0.0,0.0,0.000692041522491,0.017993079584775,0.16401384083045,0.427681660899654,0.38961937716263
5,880,0,0,0,0,21,219,604,596,1440,0.0,0.0,0.0,0.0,0.014583333333333,0.152083333333333,0.419444444444444,0.413888888888889
5,881,0,0,0,2,32,175,605,621,1435,0.0,0.0,0.0,0.001393728222997,0.022299651567944,0.121951219512195,0.421602787456446,0.432752613240418
5,882,0,0,0,4,26,203,635,562,1430,0.0,0.0,0.0,0.002797202797203,0.018181818181818,0.141958041958042,0.444055944055944,0.393006993006993
5,883,0,0,0,1,33,219,590,582,1425,0.0,0.0,0.0,0.000701754385965,0.023157894736842,0.153684210526316,0.414035087719298,0.408421052631579
5,884,0,0,0,0,35,212,594,579,1420,0.0,0.0,0.0,0.0,0.024647887323944,0.149295774647887,0.41830985915493,0.407746478873239
5,885,0,0,0,2,30,208,615,560,1415,0.0,0.0,0.0,0.001413427561837,0.021201413427562,0.146996466431095,0.434628975265018,0.395759717314488
5,886,0,0,0,3,33,229,562,583,1410,0.0,0.0,0.0,0.002127659574468,0.023404255319149,0.162411347517731,0.398581560283688,0.413475177304965
5,887,0,0,0,3,35,231,589,547,1405,0.0,0.0,0.0,0.002135231316726,0.02491103202847,0.1644128113879,0.419217081850534,0.38932384341637
5,888,0,0,0,0,27,198,625,550,1400,0.0,0.0,0.0,0.0,0.019285714285714,0.141428571428571,0.446428571428571,0.392857142857143
5,889,0,0,0,4,26,205,614,546,1395,0.0,0.0,0.0,0.002867383512545,0.018637992831541,0.146953405017921,0.440143369175627,0.391397849462366
5,890,0,0,0,1,32,232,622,503,1390,0.0,0.0,0.0,0.000719424460432,0.023021582733813,0.166906474820144,0.447482014388489,0.361870503597122
5,891,0,0,0,2,29,197,589,568,1385,0.0,0.0,0.0,0.0014440433213,0.020938628158845,0.142238267148014,0.425270758122744,0.410108303249097
5,892,0,0,0,1,22,197,613,547,1380,0.0,0.0,0.0,0.000724637681159,0.015942028985507,0.142753623188406,0.444202898550725,0.396376811594203
5,893,0,0,0,3,33,203,594,542,1375,0.0,0.0,0.0,0.002181818181818,0.024,0.147636363636364,0.432,0.394181818181818
5,894,0,0,0,2,30,228,606,504,1370,0.0,0.0,0.0,0.001459854014599,0.021897810218978,0.166423357664234,0.442335766423358,0.367883211678832
5,895,0,0,0,1,36,197,569,562,1365,0.0,0.0,0.0,0.000732600732601,0.026373626373626,0.144322344322344,0.416849816849817,0.411721611721612
5,896,0,0,0,3,20,203,604,530,1360,0.0,0.0,0.0,0.002205882352941,0.014705882352941,0.149264705882353,0.444117647058824,0.389705882352941
5,897,0,0,0,3,24,200,586,542,1355,0.0,0.0,0.0,0.002214022140221,0.017712177121771,0.14760147601476,0.432472324723247,0.4
5,898,0,0,0,1,30,199,586,534,1350,0.0,0.0,0.0,0.000740740740741,0.022222222222222,0.147407407407407,0.434074074074074,0.395555555555556
5,899,0,0,0,3,30,184,573,555,1345,0.0,0.0,0.0,0.002230483271375,0.022304832713755,0.136802973977695,0.426022304832714,0.412639405204461
5,900,0,0,1,0,23,194,577,545,1340,0.0,0.0,0.000746268656716,0.0,0.017164179104478,0.144776119402985,0.430597014925373,0.406716417910448
5,901,0,0,0,2,30,206,564,533,1335,0.0,0.0,0.0,0.001498127340824,0.02247191011236,0.154307116104869,0.42247191011236,0.399250936329588
5,902,0,0,0,2,41,199,555,533,1330,0.0,0.0,0.0,0.001503759398496,0.030827067669173,0.149624060150376,0.417293233082707,0.400751879699248
5,903,0,0,0,4,26,192,586,517,1325,0.0,0.0,0.0,0.003018867924528,0.019622641509434,0.144905660377358,0.442264150943396,0.390188679245283
5,904,0,0,1,3,26,202,566,522,1320,0.0,0.0,0.000757575757576,0.002272727272727,0.01969696969697,0.153030303030303,0.428787878787879,0.395454545454545
5,905,0,0,0,1,29,187,570,528,1315,0.0,0.0,0.0,0.000760456273764,0.022053231939163,0.142205323193916,0.433460076045627,0.401520912547529
5,906,0,0,1,2,30,180,593,504,1310,0.0,0.0,0.000763358778626,0.001526717557252,0.022900763358779,0.137404580152672,0.452671755725191,0.384732824427481
5,907,0,0,0,1,31,187,546,540,1305,0.0,0.0,0.0,0.000766283524904,0.023754789272031,0.143295019157088,0.418390804597701,0.413793103448276
5,908,0,0,0,1,35,176,549,539,1300,0.0,0.0,0.0,0.000769230769231,0.026923076923077,0.135384615384615,0.422307692307692,0.414615384615385
5,909,0,0,0,3,29,206,552,505,1295,0.0,0.0,0.0,0.002316602316602,0.022393822393822,0.159073359073359,0.426254826254826,0.38996138996139
5,910,0,0,1,1,26,190,568,504,1290,0.0,0.0,0.00077519379845,0.00077519379845,0.02015503875969,0.147286821705426,0.44031007751938,0.390697674418605
5,911,0,0,0,3,31,198,538,515,1285,0.0,0.0,0.0,0.002334630350195,0.024124513618677,0.15408560311284,0.418677042801556,0.400778210116732
5,912,0,0,1,2,29,176,529,543,1280,0.0,0.0,0.00078125,0.0015625,0.02265625,0.1375,0.41328125,0.42421875
5,913,0,0,0,2,37,190,535,511,1275,0.0,0.0,0.0,0.00156862745098,0.029019607843137,0.149019607843137,0.419607843137255,0.40078431372549
5,914,0,0,0,3,17,206,526,518,1270,0.0,0.0,0.0,0.002362204724409,0.013385826771654,0.162204724409449,0.414173228346457,0.407874015748032
5,915,0,0,0,3,28,184,554,496,1265,0.0,0.0,0.0,0.002371541501976,0.022134387351779,0.145454545454545,0.437944664031621,0.392094861660079
5,916,0,0,0,1,35,172,537,515,1260,0.0,0.0,0.0,0.000793650793651,0.027777777777778,0.136507936507936,0.426190476190476,0.408730158730159
5,917,0,0,0,3,32,186,511,523,1255,0.0,0.0,0.0,0.002390438247012,0.025498007968127,0.148207171314741,0.407171314741036,0.416733067729084
5,918,0,0,1,3,30,187,543,486,1250,0.0,0.0,0.0008,0.0024,0.024,0.1496,0.4344,0.3888
5,919,0,0,0,4,34,194,532,481,1245,0.0,0.0,0.0,0.003212851405622,0.027309236947791,0.155823293172691,0.427309236947791,0.386345381526104
5,920,0,0,0,3,30,196,525,486,1240,0.0,0.0,0.0,0.00241935483871,0.024193548387097,0.158064516129032,0.423387096774194,0.391935483870968
5,921,0,0,0,1,30,192,536,476,1235,0.0,0.0,0.0,0.00080971659919,0.024291497975709,0.155465587044534,0.434008097165992,0.385425101214575
5,922,0,0,0,3,20,199,497,511,1230,0.0,0.0,0.0,0.002439024390244,0.016260162601626,0.161788617886179,0.404065040650406,0.415447154471545
5,923,0,0,0,1,25,174,561,464,1225,0.0,0.0,0.0,0.000816326530612,0.020408163265306,0.142040816326531,0.457959183673469,0.378775510204082
5,924,0,0,0,1,35,194,507,483,1220,0.0,0.0,0.0,0.000819672131148,0.028688524590164,0.159016393442623,0.415573770491803,0.395901639344262
5,925,0,0,0,1,26,187,523,478,1215,0.0,0.0,0.0,0.00082304526749,0.021399176954733,0.153909465020576,0.430452674897119,0.393415637860082
5,926,0,0,0,1,22,178,520,489,1210,0.0,0.0,0.0,0.000826446280992,0.018181818181818,0.147107438016529,0.429752066115702,0.404132231404959
5,927,0,0,0,2,27,198,484,494,1205,0.0,0.0,0.0,0.001659751037344,0.022406639004149,0.164315352697095,0.401659751037344,0.409958506224066
5,928,0,0,0,0,36,176,525,463,1200,0.0,0.0,0.0,0.0,0.03,0.146666666666667,0.4375,0.385833333333333
5,929,0,0,0,2,30,191,494,478,1195,0.0,0.0,0.0,0.001673640167364,0.02510460251046,0.159832635983264,0.413389121338912,0.4
5,930,0,0,0,4,25,168,506,487,1190,0.0,0.0,0.0,0.003361344537815,0.021008403361345,0.141176470588235,0.425210084033613,0.409243697478992
5,931,0,0,0,4,25,176,512,468,1185,0.0,0.0,0.0,0.00337552742616,0.021097046413502,0.148523206751055,0.432067510548523,0.394936708860759
5,932,0,0,0,4,24,184,510,458,1180,0.0,0.0,0.0,0.003389830508475,0.020338983050847,0.155932203389831,0.432203389830508,0.388135593220339
5,933,0,0,0,2,28,172,487,486,1175,0.0,0.0,0.0,0.001702127659574,0.023829787234043,0.146382978723404,0.414468085106383,0.413617021276596
5,934,0,0,0,3,23,184,509,451,1170,0.0,0.0,0.0,0.002564102564103,0.01965811965812,0.157264957264957,0.435042735042735,0.385470085470085
5,935,0,0,0,3,26,169,506,461,1165,0.0,0.0,0.0,0.002575107296137,0.022317596566524,0.145064377682403,0.434334763948498,0.395708154506438
5,936,0,0,0,1,22,165,471,501,1160,0.0,0.0,0.0,0.000862068965517,0.018965517241379,0.142241379310345,0.406034482758621,0.431896551724138
5,937,0,0,0,1,28,176,476,474,1155,0.0,0.0,0.0,0.000865800865801,0.024242424242424,0.152380952380952,0.412121212121212,0.41038961038961
5,938,0,0,0,3,27,162,509,449,1150,0.0,0.0,0.0,0.002608695652174,0.023478260869565,0.140869565217391,0.442608695652174,0.390434782608696
5,939,0,0,0,2,26,171,478,468,1145,0.0,0.0,0.0,0.00174672489083,0.022707423580786,0.149344978165939,0.417467248908297,0.408733624454148
5,940,0,0,0,3,18,149,500,470,1140,0.0,0.0,0.0,0.002631578947368,0.015789473684211,0.130701754385965,0.43859649122807,0.412280701754386
5,941,0,0,0,1,31,168,517,418,1135,0.0,0.0,0.0,0.000881057268722,0.027312775330396,0.148017621145374,0.455506607929515,0.368281938325991
5,942,0,0,0,1,28,174,490,437,1130,0.0,0.0,0.0,0.000884955752212,0.024778761061947,0.153982300884956,0.433628318584071,0.386725663716814
5,943,0,0,0,0,23,168,474,460,1125,0.0,0.0,0.0,0.0,0.020444444444444,0.149333333333333,0.421333333333333,0.408888888888889
5,944,0,0,0,1,25,156,502,436,1120,0.0,0.0,0.0,0.000892857142857,0.022321428571429,0.139285714285714,0.448214285714286,0.389285714285714
5,945,0,0,0,2,21,160,483,449,1115,0.0,0.0,0.0,0.001793721973094,0.018834080717489,0.143497757847534,0.433183856502242,0.402690582959641
5,946,0,0,0,0,18,184,465,443,1110,0.0,0.0,0.0,0.0,0.016216216216216,0.165765765765766,0.418918918918919,0.399099099099099
5,947,0,0,1,1,32,159,469,443,1105,0.0,0.0,0.000904977375566,0.000904977375566,0.0289592760181,0.143891402714932,0.424434389140271,0.400904977375566
5,948,0,0,0,1,24,157,483,435,1100,0.0,0.0,0.0,0.000909090909091,0.021818181818182,0.142727272727273,0.439090909090909,0.395454545454545
5,949,0,0,0,3,27,140,473,452,1095,0.0,0.0,0.0,0.002739726027397,0.024657534246575,0.127853881278539,0.431963470319635,0.412785388127854
5,950,0,0,0,2,21,185,462,420,1090,0.0,0.0,0.0,0.001834862385321,0.019266055045872,0.169724770642202,0.423853211009174,0.385321100917431
5,951,0,0,0,1,19,169,453,443,1085,0.0,0.0,0.0,0.000921658986175,0.017511520737327,0.155760368663594,0.417511520737327,0.408294930875576
5,952,0,0,0,2,26,147,484,421,1080,0.0,0.0,0.0,0.001851851851852,0.024074074074074,0.136111111111111,0.448148148148148,0.389814814814815
5,953,0,0,0,1,20,182,462,410,1075,0.0,0.0,0.0,0.00093023255814,0.018604651162791,0.169302325581395,0.429767441860465,0.381395348837209
5,954,0,0,0,0,15,167,456,432,1070,0.0,0.0,0.0,0.0,0.014018691588785,0.15607476635514,0.426168224299065,0.403738317757009
5,955,0,0,0,0,26,164,475,400,1065,0.0,0.0,0.0,0.0,0.024413145539906,0.153990610328639,0.446009389671362,0.375586854460094
5,956,0,0,0,1,25,156,434,444,1060,0.0,0.0,0.0,0.000943396226415,0.023584905660377,0.147169811320755,0.409433962264151,0.418867924528302
5,957,0,0,0,1,30,169,441,414,1055,0.0,0.0,0.0,0.000947867298578,0.028436018957346,0.160189573459716,0.418009478672986,0.392417061611374
5,958,0,0,0,2,32,156,462,398,1050,0.0,0.0,0.0,0.001904761904762,0.03047619047619,0.148571428571429,0.44,0.379047619047619
5,959,0,0,0,1,21,164,442,417,1045,0.0,0.0,0.0,0.000956937799043,0.020095693779904,0.156937799043062,0.422966507177033,0.399043062200957
5,960,0,0,0,1,17,163,446,413,1040,0.0,0.0,0.0,0.000961538461538,0.016346153846154,0.156730769230769,0.428846153846154,0.397115384615385
5,961,0,0,0,0,20,159,419,437,1035,0.0,0.0,0.0,0.0,0.019323671497585,0.153623188405797,0.404830917874396,0.422222222222222
5,962,0,0,0,1,20,159,418,432,1030,0.0,0.0,0.0,0.000970873786408,0.019417475728155,0.154368932038835,0.405825242718447,0.419417475728155
5,963,0,0,0,1,22,169,452,381,1025,0.0,0.0,0.0,0.000975609756098,0.021463414634146,0.164878048780488,0.440975609756098,0.371707317073171
5,964,0,0,0,1,27,145,443,404,1020,0.0,0.0,0.0,0.000980392156863,0.026470588235294,0.142156862745098,0.434313725490196,0.396078431372549
5,965,0,0,0,0,23,143,457,392,1015,0.0,0.0,0.0,0.0,0.022660098522167,0.140886699507389,0.450246305418719,0.386206896551724
5,966,0,0,0,1,22,143,412,432,1010,0.0,0.0,0.0,0.000990099009901,0.021782178217822,0.141584158415842,0.407920792079208,0.427722772277228
5,967,0,0,0,2,25,159,424,395,1005,0.0,0.0,0.0,0.001990049751244,0.024875621890547,0.158208955223881,0.421890547263682,0.393034825870647
5,968,0,0,0,0,22,148,416,414,1000,0.0,0.0,0.0,0.0,0.022,0.148,0.416,0.414
5,969,0,0,0,1,18,153,444,379,995,0.0,0.0,0.0,0.001005025125628,0.018090452261307,0.153768844221106,0.446231155778894,0.380904522613065
5,970,0,0,0,1,27,173,408,381,990,0.0,0.0,0.0,0.001010101010101,0.027272727272727,0.174747474747475,0.412121212121212,0.384848484848485
5,971,0,0,1,2,12,151,439,380,985,0.0,0.0,0.001015228426396,0.002030456852792,0.012182741116751,0.153299492385787,0.445685279187817,0.385786802030457
5,972,0,0,0,0,23,140,411,406,980,0.0,0.0,0.0,0.0,0.023469387755102,0.142857142857143,0.419387755102041,0.414285714285714
5,973,0,0,0,4,21,151,428,371,975,0.0,0.0,0.0,0.004102564102564,0.021538461538462,0.154871794871795,0.438974358974359,0.380512820512821
5,974,0,0,0,2,19,146,430,373,970,0.0,0.0,0.0,0.002061855670103,0.019587628865979,0.150515463917526,0.443298969072165,0.384536082474227
5,975,0,0,0,0,25,153,397,390,965,0.0,0.0,0.0,0.0,0.025906735751295,0.158549222797927,0.41139896373057,0.404145077720207
5,976,0,0,0,0,16,154,404,386,960,0.0,0.0,0.0,0.0,0.016666666666667,0.160416666666667,0.420833333333333,0.402083333333333
5,977,0,0,0,1,20,144,422,368,955,0.0,0.0,0.0,0.001047120418848,0.020942408376963,0.150785340314136,0.441884816753927,0.385340314136126
5,978,0,0,0,2,14,145,411,378,950,0.0,0.0,0.0,0.002105263157895,0.014736842105263,0.152631578947368,0.432631578947368,0.397894736842105
5,979,0,0,0,2,40,152,406,345,945,0.0,0.0,0.0,0.002116402116402,0.042328042328042,0.160846560846561,0.42962962962963,0.365079365079365
5,980,0,0,0,1,20,137,397,385,940,0.0,0.0,0.0,0.001063829787234,0.021276595744681,0.145744680851064,0.422340425531915,0.409574468085106
5,981,0,0,0,0,15,139,411,370,935,0.0,0.0,0.0,0.0,0.016042780748663,0.148663101604278,0.439572192513369,0.39572192513369
5,982,0,0,1,1,17,140,391,380,930,0.0,0.0,0.001075268817204,0.001075268817204,0.018279569892473,0.150537634408602,0.420430107526882,0.408602150537634
5,983,0,0,0,3,20,118,381,403,925,0.0,0.0,0.0,0.003243243243243,0.021621621621622,0.127567567567568,0.411891891891892,0.435675675675676
5,984,0,0,0,3,25,153,381,358,920,0.0,0.0,0.0,0.003260869565217,0.027173913043478,0.166304347826087,0.414130434782609,0.389130434782609
5,985,0,0,0,2,24,154,371,364,915,0.0,0.0,0.0,0.002185792349727,0.026229508196721,0.168306010928962,0.405464480874317,0.397814207650273
5,986,0,0,0,1,18,136,364,391,910,0.0,0.0,0.0,0.001098901098901,0.01978021978022,0.149450549450549,0.4,0.42967032967033
5,987,0,0,0,2,28,165,369,341,905,0.0,0.0,0.0,0.002209944751381,0.030939226519337,0.18232044198895,0.407734806629834,0.376795580110497
5,988,0,0,0,1,23,147,380,349,900,0.0,0.0,0.0,0.001111111111111,0.025555555555556,0.163333333333333,0.422222222222222,0.387777777777778
5,989,0,0,0,0,26,128,387,354,895,0.0,0.0,0.0,0.0,0.029050279329609,0.143016759776536,0.432402234636871,0.395530726256983
5,990,0,0,0,2,21,122,383,362,890,0.0,0.0,0.0,0.002247191011236,0.023595505617978,0.137078651685393,0.430337078651685,0.406741573033708
5,991,0,0,0,2,20,127,360,376,885,0.0,0.0,0.0,0.00225988700565,0.022598870056497,0.143502824858757,0.406779661016949,0.424858757062147
5,992,0,0,0,1,14,120,385,360,880,0.0,0.0,0.0,0.001136363636364,0.015909090909091,0.136363636363636,0.4375,0.409090909090909
5,993,0,0,0,1,17,133,376,348,875,0.0,0.0,0.0,0.001142857142857,0.019428571428571,0.152,0.429714285714286,0.397714285714286
5,994,0,0,0,7,23,138,355,347,870,0.0,0.0,0.0,0.008045977011494,0.026436781609195,0.158620689655172,0.408045977011494,0.398850574712644
5,995,0,0,0,0,20,111,385,349,865,0.0,0.0,0.0,0.0,0.023121387283237,0.128323699421965,0.445086705202312,0.403468208092486
5,996,0,0,0,0,16,142,389,313,860,0.0,0.0,0.0,0.0,0.018604651162791,0.165116279069767,0.452325581395349,0.363953488372093
5,997,0,0,0,0,22,147,347,339,855,0.0,0.0,0.0,0.0,0.025730994152047,0.171929824561404,0.405847953216374,0.396491228070175
5,998,0,0,0,3,12,126,375,334,850,0.0,0.0,0.0,0.003529411764706,0.014117647058824,0.148235294117647,0.441176470588235,0.392941176470588
5,999,0,0,0,3,13,138,350,341,845,0.0,0.0,0.0,0.003550295857988,0.015384615384615,0.163313609467456,0.414201183431953,0.403550295857988
5,1000,0,0,0,0,15,129,372,324,840,0.0,0.0,0.0,0.0,0.017857142857143,0.153571428571429,0.442857142857143,0.385714285714286
5,1001,0,0,0,1,23,129,365,317,835,0.0,0.0,0.0,0.001197604790419,0.027544910179641,0.154491017964072,0.437125748502994,0.379640718562874
5,1002,0,0,0,1,22,132,351,324,830,0.0,0.0,0.0,0.001204819277108,0.026506024096386,0.159036144578313,0.42289156626506,0.390361445783133
5,1003,0,0,0,1,14,145,348,317,825,0.0,0.0,0.0,0.001212121212121,0.016969696969697,0.175757575757576,0.421818181818182,0.384242424242424
5,1004,0,0,0,1,22,111,359,327,820,0.0,0.0,0.0,0.001219512195122,0.026829268292683,0.135365853658537,0.43780487804878,0.398780487804878
5,1005,0,0,0,1,16,130,354,314,815,0.0,0.0,0.0,0.001226993865031,0.019631901840491,0.159509202453988,0.434355828220859,0.385276073619632
5,1006,0,0,0,2,23,116,342,327,810,0.0,0.0,0.0,0.002469135802469,0.028395061728395,0.14320987654321,0.422222222222222,0.403703703703704
5,1007,0,0,0,1,17,116,351,320,805,0.0,0.0,0.0,0.001242236024845,0.02111801242236,0.144099378881988,0.436024844720497,0.397515527950311
5,1008,0,0,0,1,22,143,326,308,800,0.0,0.0,0.0,0.00125,0.0275,0.17875,0.4075,0.385
5,1009,0,0,0,0,19,129,325,322,795,0.0,0.0,0.0,0.0,0.023899371069182,0.162264150943396,0.408805031446541,0.405031446540881
5,1010,0,0,0,2,14,114,363,297,790,0.0,0.0,0.0,0.00253164556962,0.017721518987342,0.144303797468354,0.459493670886076,0.375949367088608
5,1011,0,0,0,0,15,127,324,319,785,0.0,0.0,0.0,0.0,0.019108280254777,0.161783439490446,0.412738853503185,0.406369426751592
5,1012,0,0,0,3,20,126,313,318,780,0.0,0.0,0.0,0.003846153846154,0.025641025641026,0.161538461538462,0.401282051282051,0.407692307692308
5,1013,0,0,0,3,18,121,313,320,775,0.0,0.0,0.0,0.003870967741935,0.023225806451613,0.156129032258065,0.403870967741935,0.412903225806452
5,1014,0,0,0,0,8,126,342,294,770,0.0,0.0,0.0,0.0,0.01038961038961,0.163636363636364,0.444155844155844,0.381818181818182
5,1015,0,0,0,1,14,110,333,307,765,0.0,0.0,0.0,0.001307189542484,0.018300653594771,0.143790849673203,0.435294117647059,0.401307189542484
5,1016,0,0,0,2,15,109,351,283,760,0.0,0.0,0.0,0.002631578947368,0.019736842105263,0.143421052631579,0.461842105263158,0.372368421052632
5,1017,0,0,0,3,24,117,304,307,755,0.0,0.0,0.0,0.003973509933775,0.031788079470199,0.154966887417219,0.402649006622517,0.406622516556291
5,1018,0,0,0,1,25,105,330,289,750,0.0,0.0,0.0,0.001333333333333,0.033333333333333,0.14,0.44,0.385333333333333
5,1019,0,0,0,0,19,113,302,311,745,0.0,0.0,0.0,0.0,0.025503355704698,0.151677852348993,0.405369127516779,0.41744966442953
5,1020,0,0,0,0,19,121,278,322,740,0.0,0.0,0.0,0.0,0.025675675675676,0.163513513513514,0.375675675675676,0.435135135135135
5,1021,0,0,0,4,11,113,328,279,735,0.0,0.0,0.0,0.005442176870748,0.014965986394558,0.153741496598639,0.446258503401361,0.379591836734694
5,1022,0,0,0,0,17,108,303,302,730,0.0,0.0,0.0,0.0,0.023287671232877,0.147945205479452,0.415068493150685,0.413698630136986
5,1023,0,0,0,0,12,127,285,301,725,0.0,0.0,0.0,0.0,0.016551724137931,0.175172413793103,0.393103448275862,0.415172413793103
5,1024,0,0,0,0,17,105,313,285,720,0.0,0.0,0.0,0.0,0.023611111111111,0.145833333333333,0.434722222222222,0.395833333333333
5,1025,0,0,0,3,22,111,286,293,715,0.0,0.0,0.0,0.004195804195804,0.030769230769231,0.155244755244755,0.4,0.40979020979021
5,1026,0,0,0,3,21,104,284,298,710,0.0,0.0,0.0,0.004225352112676,0.029577464788732,0.146478873239437,0.4,0.419718309859155
5,1027,0,0,0,1,19,98,292,295,705,0.0,0.0,0.0,0.001418439716312,0.026950354609929,0.139007092198582,0.414184397163121,0.418439716312057
5,1028,0,0,0,1,12,117,300,270,700,0.0,0.0,0.0,0.001428571428571,0.017142857142857,0.167142857142857,0.428571428571429,0.385714285714286
5,1029,0,0,0,1,18,108,296,272,695,0.0,0.0,0.0,0.001438848920863,0.02589928057554,0.155395683453237,0.42589928057554,0.39136690647482
5,1030,0,0,0,1,13,123,280,273,690,0.0,0.0,0.0,0.001449275362319,0.018840579710145,0.178260869565217,0.405797101449275,0.395652173913043
5,1031,0,0,0,1,15,107,277,285,685,0.0,0.0,0.0,0.001459854014599,0.021897810218978,0.156204379562044,0.404379562043796,0.416058394160584
5,1032,0,0,0,1,15,117,288,259,680,0.0,0.0,0.0,0.001470588235294,0.022058823529412,0.172058823529412,0.423529411764706,0.380882352941176
5,1033,0,0,0,3,10,99,296,267,675,0.0,0.0,0.0,0.004444444444444,0.014814814814815,0.146666666666667,0.438518518518519,0.395555555555556
5,1034,0,0,0,2,19,127,268,254,670,0.0,0.0,0.0,0.002985074626866,0.028358208955224,0.18955223880597,0.4,0.37910447761194
5,1035,0,0,0,3,9,106,279,268,665,0.0,0.0,0.0,0.004511278195489,0.013533834586466,0.159398496240602,0.419548872180451,0.403007518796992
5,1036,0,0,0,1,19,104,283,253,660,0.0,0.0,0.0,0.001515151515152,0.028787878787879,0.157575757575758,0.428787878787879,0.383333333333333
5,1037,0,0,0,1,12,82,287,273,655,0.0,0.0,0.0,0.001526717557252,0.018320610687023,0.125190839694656,0.438167938931298,0.416793893129771
5,1038,0,0,0,0,18,100,281,251,650,0.0,0.0,0.0,0.0,0.027692307692308,0.153846153846154,0.432307692307692,0.386153846153846
5,1039,0,0,0,1,13,98,281,252,645,0.0,0.0,0.0,0.001550387596899,0.02015503875969,0.151937984496124,0.435658914728682,0.390697674418605
5,1040,0,0,0,0,10,103,270,257,640,0.0,0.0,0.0,0.0,0.015625,0.1609375,0.421875,0.4015625
5,1041,0,0,0,0,9,95,260,271,635,0.0,0.0,0.0,0.0,0.014173228346457,0.149606299212598,0.409448818897638,0.426771653543307
5,1042,0,0,0,0,18,88,260,264,630,0.0,0.0,0.0,0.0,0.028571428571429,0.13968253968254,0.412698412698413,0.419047619047619
5,1043,0,0,0,0,14,95,272,244,625,0.0,0.0,0.0,0.0,0.0224,0.152,0.4352,0.3904
5,1044,0,0,0,0,13,97,239,271,620,0.0,0.0,0.0,0.0,0.020967741935484,0.156451612903226,0.385483870967742,0.437096774193548
5,1045,0,0,0,0,16,66,289,244,615,0.0,0.0,0.0,0.0,0.026016260162602,0.107317073170732,0.469918699186992,0.396747967479675
5,1046,0,0,0,1,19,113,248,229,610,0.0,0.0,0.0,0.001639344262295,0.031147540983607,0.185245901639344,0.40655737704918,0.375409836065574
5,1047,0,0,0,1,9,88,261,246,605,0.0,0.0,0.0,0.001652892561983,0.014876033057851,0.145454545454545,0.431404958677686,0.406611570247934
5,1048,0,0,0,0,15,99,255,231,600,0.0,0.0,0.0,0.0,0.025,0.165,0.425,0.385
5,1049,0,0,0,3,14,84,246,248,595,0.0,0.0,0.0,0.005042016806723,0.023529411764706,0.141176470588235,0.41344537815126,0.416806722689076
5,1050,0,0,0,1,15,102,234,238,590,0.0,0.0,0.0,0.001694915254237,0.025423728813559,0.172881355932203,0.396610169491525,0.403389830508475
5,1051,0,0,0,1,14,93,256,221,585,0.0,0.0,0.0,0.001709401709402,0.023931623931624,0.158974358974359,0.437606837606838,0.377777777777778
5,1052,0,0,0,0,15,93,222,250,580,0.0,0.0,0.0,0.0,0.025862068965517,0.160344827586207,0.382758620689655,0.431034482758621
5,1053,0,0,0,0,15,79,257,224,575,0.0,0.0,0.0,0.0,0.026086956521739,0.137391304347826,0.44695652173913,0.389565217391304
5,1054,0,0,0,0,12,95,244,219,570,0.0,0.0,0.0,0.0,0.021052631578947,0.166666666666667,0.428070175438596,0.384210526315789
5,1055,0,0,0,1,14,81,256,213,565,0.0,0.0,0.0,0.001769911504425,0.024778761061947,0.143362831858407,0.453097345132743,0.376991150442478
5,1056,0,0,0,0,13,84,236,227,560,0.0,0.0,0.0,0.0,0.023214285714286,0.15,0.421428571428571,0.405357142857143
5,1057,0,0,0,2,12,80,229,232,555,0.0,0.0,0.0,0.003603603603604,0.021621621621622,0.144144144144144,0.412612612612613,0.418018018018018
5,1058,0,0,0,2,11,87,225,225,550,0.0,0.0,0.0,0.003636363636364,0.02,0.158181818181818,0.409090909090909,0.409090909090909
5,1059,0,0,0,3,14,79,251,198,545,0.0,0.0,0.0,0.005504587155963,0.025688073394495,0.144954128440367,0.460550458715596,0.363302752293578
5,1060,0,0,0,0,17,81,223,219,540,0.0,0.0,0.0,0.0,0.031481481481481,0.15,0.412962962962963,0.405555555555556
5,1061,0,0,0,0,14,79,229,213,535,0.0,0.0,0.0,0.0,0.026168224299065,0.147663551401869,0.42803738317757,0.398130841121495
5,1062,0,0,0,1,16,72,223,218,530,0.0,0.0,0.0,0.00188679245283,0.030188679245283,0.135849056603774,0.420754716981132,0.411320754716981
5,1063,0,0,0,2,5,83,234,201,525,0.0,0.0,0.0,0.003809523809524,0.00952380952381,0.158095238095238,0.445714285714286,0.382857142857143
5,1064,0,0,0,1,5,78,237,199,520,0.0,0.0,0.0,0.001923076923077,0.009615384615385,0.15,0.455769230769231,0.382692307692308
5,1065,0,0,0,0,13,84,218,200,515,0.0,0.0,0.0,0.0,0.025242718446602,0.163106796116505,0.423300970873786,0.388349514563107
5,1066,0,0,0,0,13,79,208,210,510,0.0,0.0,0.0,0.0,0.025490196078431,0.154901960784314,0.407843137254902,0.411764705882353
5,1067,0,0,0,0,17,72,213,203,505,0.0,0.0,0.0,0.0,0.033663366336634,0.142574257425743,0.421782178217822,0.401980198019802
5,1068,0,0,0,1,12,68,226,193,500,0.0,0.0,0.0,0.002,0.024,0.136,0.452,0.386
5,1069,0,0,0,1,12,84,199,199,495,0.0,0.0,0.0,0.002020202020202,0.024242424242424,0.16969696969697,0.402020202020202,0.402020202020202
5,1070,0,0,0,1,9,66,217,197,490,0.0,0.0,0.0,0.002040816326531,0.018367346938776,0.13469387755102,0.442857142857143,0.402040816326531
5,1071,0,0,0,0,9,72,218,186,485,0.0,0.0,0.0,0.0,0.018556701030928,0.148453608247423,0.449484536082474,0.383505154639175
5,1072,0,0,0,1,11,65,221,182,480,0.0,0.0,0.0,0.002083333333333,0.022916666666667,0.135416666666667,0.460416666666667,0.379166666666667
5,1073,0,0,0,3,13,69,199,191,475,0.0,0.0,0.0,0.006315789473684,0.027368421052632,0.145263157894737,0.418947368421053,0.402105263157895
5,1074,0,0,0,0,13,67,215,175,470,0.0,0.0,0.0,0.0,0.027659574468085,0.142553191489362,0.457446808510638,0.372340425531915
5,1075,0,0,0,3,9,79,203,171,465,0.0,0.0,0.0,0.006451612903226,0.019354838709677,0.16989247311828,0.436559139784946,0.367741935483871
5,1076,0,0,0,1,15,76,175,193,460,0.0,0.0,0.0,0.002173913043478,0.032608695652174,0.165217391304348,0.380434782608696,0.419565217391304
5,1077,0,0,0,1,16,64,201,173,455,0.0,0.0,0.0,0.002197802197802,0.035164835164835,0.140659340659341,0.441758241758242,0.38021978021978
5,1078,0,0,0,2,14,62,192,180,450,0.0,0.0,0.0,0.004444444444444,0.031111111111111,0.137777777777778,0.426666666666667,0.4
5,1079,0,0,0,0,12,62,181,190,445,0.0,0.0,0.0,0.0,0.026966292134831,0.139325842696629,0.406741573033708,0.426966292134831
5,1080,0,0,0,1,17,76,185,161,440,0.0,0.0,0.0,0.002272727272727,0.038636363636364,0.172727272727273,0.420454545454545,0.365909090909091
5,1081,0,0,0,2,14,64,183,172,435,0.0,0.0,0.0,0.004597701149425,0.032183908045977,0.147126436781609,0.420689655172414,0.395402298850575
5,1082,0,0,0,0,10,53,199,168,430,0.0,0.0,0.0,0.0,0.023255813953488,0.123255813953488,0.462790697674419,0.390697674418605
5,1083,0,0,0,0,9,65,191,160,425,0.0,0.0,0.0,0.0,0.021176470588235,0.152941176470588,0.449411764705882,0.376470588235294
5,1084,0,0,0,0,8,67,182,163,420,0.0,0.0,0.0,0.0,0.019047619047619,0.15952380952381,0.433333333333333,0.388095238095238
5,1085,0,0,0,1,9,69,179,157,415,0.0,0.0,0.0,0.002409638554217,0.021686746987952,0.166265060240964,0.431325301204819,0.378313253012048
5,1086,0,0,0,1,7,63,166,173,410,0.0,0.0,0.0,0.002439024390244,0.017073170731707,0.153658536585366,0.404878048780488,0.421951219512195
5,1087,0,0,0,0,8,64,171,162,405,0.0,0.0,0.0,0.0,0.019753086419753,0.158024691358025,0.422222222222222,0.4
5,1088,0,0,0,0,3,64,164,169,400,0.0,0.0,0.0,0.0,0.0075,0.16,0.41,0.4225
5,1089,0,0,0,0,12,54,185,144,395,0.0,0.0,0.0,0.0,0.030379746835443,0.136708860759494,0.468354430379747,0.364556962025316
5,1090,0,0,0,0,10,58,145,177,390,0.0,0.0,0.0,0.0,0.025641025641026,0.148717948717949,0.371794871794872,0.453846153846154
5,1091,0,0,0,0,3,54,172,156,385,0.0,0.0,0.0,0.0,0.007792207792208,0.14025974025974,0.446753246753247,0.405194805194805
5,1092,0,0,0,0,11,65,174,130,380,0.0,0.0,0.0,0.0,0.028947368421053,0.171052631578947,0.457894736842105,0.342105263157895
5,1093,0,0,0,0,11,50,158,156,375,0.0,0.0,0.0,0.0,0.029333333333333,0.133333333333333,0.421333333333333,0.416
5,1094,0,0,0,1,11,56,159,143,370,0.0,0.0,0.0,0.002702702702703,0.02972972972973,0.151351351351351,0.42972972972973,0.386486486486486
5,1095,0,0,0,2,9,62,149,143,365,0.0,0.0,0.0,0.005479452054795,0.024657534246575,0.16986301369863,0.408219178082192,0.391780821917808
5,1096,0,0,0,1,13,56,155,135,360,0.0,0.0,0.0,0.002777777777778,0.036111111111111,0.155555555555556,0.430555555555556,0.375
5,1097,0,0,0,0,11,51,155,138,355,0.0,0.0,0.0,0.0,0.030985915492958,0.143661971830986,0.436619718309859,0.388732394366197
5,1098,0,0,0,0,11,50,149,140,350,0.0,0.0,0.0,0.0,0.031428571428571,0.142857142857143,0.425714285714286,0.4
5,1099,0,0,0,0,11,59,136,139,345,0.0,0.0,0.0,0.0,0.031884057971014,0.171014492753623,0.394202898550725,0.402898550724638
5,1100,0,0,0,0,11,45,154,130,340,0.0,0.0,0.0,0.0,0.032352941176471,0.132352941176471,0.452941176470588,0.382352941176471
5,1101,0,0,0,0,12,53,138,132,335,0.0,0.0,0.0,0.0,0.035820895522388,0.158208955223881,0.411940298507463,0.394029850746269
5,1102,0,0,0,0,13,54,142,121,330,0.0,0.0,0.0,0.0,0.039393939393939,0.163636363636364,0.43030303030303,0.366666666666667
5,1103,0,0,0,0,7,40,146,132,325,0.0,0.0,0.0,0.0,0.021538461538462,0.123076923076923,0.449230769230769,0.406153846153846
5,1104,0,0,0,1,9,49,125,136,320,0.0,0.0,0.0,0.003125,0.028125,0.153125,0.390625,0.425
5,1105,0,0,0,1,11,42,140,121,315,0.0,0.0,0.0,0.003174603174603,0.034920634920635,0.133333333333333,0.444444444444444,0.384126984126984
5,1106,0,0,0,2,6,47,140,115,310,0.0,0.0,0.0,0.006451612903226,0.019354838709677,0.151612903225806,0.451612903225806,0.370967741935484
5,1107,0,0,0,0,4,49,140,112,305,0.0,0.0,0.0,0.0,0.013114754098361,0.160655737704918,0.459016393442623,0.367213114754098
5,1108,0,0,0,0,5,41,127,127,300,0.0,0.0,0.0,0.0,0.016666666666667,0.136666666666667,0.423333333333333,0.423333333333333
5,1109,0,0,0,0,4,41,114,136,295,0.0,0.0,0.0,0.0,0.013559322033898,0.138983050847458,0.386440677966102,0.461016949152542
5,1110,0,0,0,0,7,41,125,117,290,0.0,0.0,0.0,0.0,0.024137931034483,0.141379310344828,0.431034482758621,0.403448275862069
5,1111,0,0,0,0,10,41,107,127,285,0.0,0.0,0.0,0.0,0.035087719298246,0.143859649122807,0.375438596491228,0.445614035087719
5,1112,0,0,0,1,4,43,120,112,280,0.0,0.0,0.0,0.003571428571429,0.014285714285714,0.153571428571429,0.428571428571429,0.4
5,1113,0,0,0,1,9,42,124,99,275,0.0,0.0,0.0,0.003636363636364,0.032727272727273,0.152727272727273,0.450909090909091,0.36
5,1114,0,0,0,0,3,41,119,107,270,0.0,0.0,0.0,0.0,0.011111111111111,0.151851851851852,0.440740740740741,0.396296296296296
5,1115,0,0,0,0,3,47,113,102,265,0.0,0.0,0.0,0.0,0.011320754716981,0.177358490566038,0.426415094339623,0.384905660377359
5,1116,0,0,0,1,5,32,119,103,260,0.0,0.0,0.0,0.003846153846154,0.019230769230769,0.123076923076923,0.457692307692308,0.396153846153846
5,1117,0,0,0,0,2,46,106,101,255,0.0,0.0,0.0,0.0,0.007843137254902,0.180392156862745,0.415686274509804,0.396078431372549
5,1118,0,0,0,0,6,44,104,96,250,0.0,0.0,0.0,0.0,0.024,0.176,0.416,0.384
5,1119,0,0,0,0,3,34,110,98,245,0.0,0.0,0.0,0.0,0.012244897959184,0.138775510204082,0.448979591836735,0.4
5,1120,0,0,0,0,5,36,106,93,240,0.0,0.0,0.0,0.0,0.020833333333333,0.15,0.441666666666667,0.3875
5,1121,0,0,0,1,10,32,95,97,235,0.0,0.0,0.0,0.004255319148936,0.042553191489362,0.136170212765957,0.404255319148936,0.412765957446808
5,1122,0,0,0,0,4,31,97,98,230,0.0,0.0,0.0,0.0,0.017391304347826,0.134782608695652,0.421739130434783,0.426086956521739
5,1123,0,0,0,0,5,37,84,99,225,0.0,0.0,0.0,0.0,0.022222222222222,0.164444444444444,0.373333333333333,0.44
5,1124,0,0,0,0,4,41,101,74,220,0.0,0.0,0.0,0.0,0.018181818181818,0.186363636363636,0.459090909090909,0.336363636363636
5,1125,0,0,0,0,9,28,99,79,215,0.0,0.0,0.0,0.0,0.041860465116279,0.130232558139535,0.46046511627907,0.367441860465116
5,1126,0,0,0,0,4,35,83,88,210,0.0,0.0,0.0,0.0,0.019047619047619,0.166666666666667,0.395238095238095,0.419047619047619
5,1127,0,0,0,0,4,27,81,93,205,0.0,0.0,0.0,0.0,0.019512195121951,0.131707317073171,0.395121951219512,0.453658536585366
5,1128,0,0,0,0,4,26,97,73,200,0.0,0.0,0.0,0.0,0.02,0.13,0.485,0.365
5,1129,0,0,0,0,3,22,84,86,195,0.0,0.0,0.0,0.0,0.015384615384615,0.112820512820513,0.430769230769231,0.441025641025641
5,1130,0,0,0,0,2,26,88,74,190,0.0,0.0,0.0,0.0,0.010526315789474,0.136842105263158,0.463157894736842,0.389473684210526
5,1131,0,0,0,1,6,28,83,67,185,0.0,0.0,0.0,0.005405405405405,0.032432432432432,0.151351351351351,0.448648648648649,0.362162162162162
5,1132,0,0,0,1,5,22,75,77,180,0.0,0.0,0.0,0.005555555555556,0.027777777777778,0.122222222222222,0.416666666666667,0.427777777777778
5,1133,0,0,0,2,5,20,79,69,175,0.0,0.0,0.0,0.011428571428571,0.028571428571429,0.114285714285714,0.451428571428571,0.394285714285714
5,1134,0,0,0,0,1,26,68,75,170,0.0,0.0,0.0,0.0,0.005882352941176,0.152941176470588,0.4,0.441176470588235
5,1135,0,0,0,0,2,15,82,66,165,0.0,0.0,0.0,0.0,0.012121212121212,0.090909090909091,0.496969696969697,0.4
5,1136,0,0,0,0,3,24,75,58,160,0.0,0.0,0.0,0.0,0.01875,0.15,0.46875,0.3625
5,1137,0,0,0,0,2,20,70,63,155,0.0,0.0,0.0,0.0,0.012903225806452,0.129032258064516,0.451612903225806,0.406451612903226
5,1138,0,0,0,0,2,24,63,61,150,0.0,0.0,0.0,0.0,0.013333333333333,0.16,0.42,0.406666666666667
5,1139,0,0,0,0,3,21,61,60,145,0.0,0.0,0.0,0.0,0.020689655172414,0.144827586206897,0.420689655172414,0.413793103448276
5,1140,0,0,0,0,2,22,53,63,140,0.0,0.0,0.0,0.0,0.014285714285714,0.157142857142857,0.378571428571429,0.45
5,1141,0,0,0,0,5,19,51,60,135,0.0,0.0,0.0,0.0,0.037037037037037,0.140740740740741,0.377777777777778,0.444444444444444
5,1142,0,0,0,0,4,17,59,50,130,0.0,0.0,0.0,0.0,0.030769230769231,0.130769230769231,0.453846153846154,0.384615384615385
5,1143,0,0,0,0,6,19,53,47,125,0.0,0.0,0.0,0.0,0.048,0.152,0.424,0.376
5,1144,0,0,0,0,1,16,53,50,120,0.0,0.0,0.0,0.0,0.008333333333333,0.133333333333333,0.441666666666667,0.416666666666667
5,1145,0,0,0,1,0,12,55,47,115,0.0,0.0,0.0,0.008695652173913,0.0,0.104347826086957,0.478260869565217,0.408695652173913
5,1146,0,0,0,0,2,8,51,49,110,0.0,0.0,0.0,0.0,0.018181818181818,0.072727272727273,0.463636363636364,0.445454545454545
5,1147,0,0,0,0,2,7,55,41,105,0.0,0.0,0.0,0.0,0.019047619047619,0.066666666666667,0.523809523809524,0.39047619047619
5,1148,0,0,0,0,2,13,42,43,100,0.0,0.0,0.0,0.0,0.02,0.13,0.42,0.43
5,1149,0,0,0,0,2,21,42,30,95,0.0,0.0,0.0,0.0,0.021052631578947,0.221052631578947,0.442105263157895,0.315789473684211
5,1150,0,0,0,0,1,20,40,29,90,0.0,0.0,0.0,0.0,0.011111111111111,0.222222222222222,0.444444444444444,0.322222222222222
5,1151,0,0,0,0,4,20,33,28,85,0.0,0.0,0.0,0.0,0.047058823529412,0.235294117647059,0.388235294117647,0.329411764705882
5,1152,0,0,0,1,1,15,39,24,80,0.0,0.0,0.0,0.0125,0.0125,0.1875,0.4875,0.3
5,1153,0,0,0,0,0,9,39,27,75,0.0,0.0,0.0,0.0,0.0,0.12,0.52,0.36
5,1154,0,0,0,0,0,9,31,30,70,0.0,0.0,0.0,0.0,0.0,0.128571428571429,0.442857142857143,0.428571428571429
5,1155,0,0,0,1,1,12,29,22,65,0.0,0.0,0.0,0.015384615384615,0.015384615384615,0.184615384615385,0.446153846153846,0.338461538461538
5,1156,0,0,0,0,0,7,29,24,60,0.0,0.0,0.0,0.0,0.0,0.116666666666667,0.483333333333333,0.4
5,1157,0,0,0,0,2,10,24,19,55,0.0,0.0,0.0,0.0,0.036363636363636,0.181818181818182,0.436363636363636,0.345454545454545
5,1158,0,0,0,0,1,11,23,15,50,0.0,0.0,0.0,0.0,0.02,0.22,0.46,0.3
5,1159,0,0,0,0,0,6,15,24,45,0.0,0.0,0.0,0.0,0.0,0.133333333333333,0.333333333333333,0.533333333333333
5,1160,0,0,0,0,0,4,19,17,40,0.0,0.0,0.0,0.0,0.0,0.1,0.475,0.425
5,1161,0,0,0,0,1,6,16,12,35,0.0,0.0,0.0,0.0,0.028571428571429,0.171428571428571,0.457142857142857,0.342857142857143
5,1162,0,0,0,0,1,7,10,12,30,0.0,0.0,0.0,0.0,0.033333333333333,0.233333333333333,0.333333333333333,0.4
5,1163,0,0,0,0,0,4,12,9,25,0.0,0.0,0.0,0.0,0.0,0.16,0.48,0.36
5,1164,0,0,0,0,0,5,7,8,20,0.0,0.0,0.0,0.0,0.0,0.25,0.35,0.4
5,1165,0,0,0,0,1,2,4,8,15,0.0,0.0,0.0,0.0,0.066666666666667,0.133333333333333,0.266666666666667,0.533333333333333
5,1166,0,0,0,0,0,1,2,7,10,0.0,0.0,0.0,0.0,0.0,0.1,0.2,0.7
5,1167,0,0,0,0,0,1,2,2,5,0.0,0.0,0.0,0.0,0.0,0.2,0.4,0.4
