회차,번호1,번호2,번호3,번호4,번호5,번호6,보너스,번호1_순위,번호2_순위,번호3_순위,번호4_순위,번호5_순위,번호6_순위,순위정렬1,순위정렬2,순위정렬3,순위정렬4,순위정렬5,순위정렬6,전체정렬1,전체정렬2,전체정렬3,전체정렬4,전체정렬5,전체정렬6,전체정렬7,전체정렬8,전체정렬9,전체정렬10,전체정렬11,전체정렬12,전체정렬13,전체정렬14,전체정렬15,전체정렬16,전체정렬17,전체정렬18,전체정렬19,전체정렬20,전체정렬21,전체정렬22,전체정렬23,전체정렬24,전체정렬25,전체정렬26,전체정렬27,전체정렬28,전체정렬29,전체정렬30,전체정렬31,전체정렬32,전체정렬33,전체정렬34,전체정렬35,전체정렬36,전체정렬37,전체정렬38,전체정렬39,전체정렬40,전체정렬41,전체정렬42,전체정렬43,전체정렬44,전체정렬45
1,10,23,29,33,37,40,16,0,0,0,0,0,0,0,0,0,0,0,0,1,2,3,4,5,6,7,8,9,10,11,12,13,14,15,16,17,18,19,20,21,22,23,24,25,26,27,28,29,30,31,32,33,34,35,36,37,38,39,40,41,42,43,44,45
2,9,13,21,25,32,42,2,7,7,7,7,7,7,7,7,7,7,7,7,10,23,29,33,37,40,1,2,3,4,5,6,7,8,9,11,12,13,14,15,16,17,18,19,20,21,22,24,25,26,27,28,30,31,32,34,35,36,38,39,41,42,43,44,45
3,11,16,19,21,27,31,30,21,25,28,4,33,36,4,21,25,28,33,36,9,10,13,21,23,25,29,32,33,37,40,42,1,2,3,4,5,6,7,8,11,12,14,15,16,17,18,19,20,22,24,26,27,28,30,31,34,35,36,38,39,41,43,44,45
4,14,27,30,31,40,42,2,27,10,36,12,16,17,10,12,16,17,27,36,21,9,10,11,13,16,19,23,25,27,29,31,32,33,37,40,42,1,2,3,4,5,6,7,8,12,14,15,17,18,20,22,24,26,28,30,34,35,36,38,39,41,43,44,45
5,16,24,29,40,41,42,3,11,34,15,4,42,5,4,5,11,15,34,42,21,27,31,40,42,9,10,11,13,14,16,19,23,25,29,30,32,33,37,1,2,3,4,5,6,7,8,12,15,17,18,20,22,24,26,28,34,35,36,38,39,41,43,44,45
6,14,15,26,27,40,42,34,12,31,36,5,1,2,1,2,5,12,31,36,40,42,16,21,27,29,31,9,10,11,13,14,19,23,24,25,30,32,33,37,41,1,2,3,4,5,6,7,8,12,15,17,18,20,22,26,28,34,35,36,38,39,43,44,45
7,2,9,16,25,26,40,42,25,9,5,17,18,1,1,5,9,17,18,25,40,42,27,14,16,21,29,31,9,10,11,13,15,19,23,24,25,26,30,32,33,37,41,1,2,3,4,5,6,7,8,12,17,18,20,22,28,34,35,36,38,39,43,44,45
8,8,19,25,34,37,39,9,31,17,8,38,23,42,8,17,23,31,38,42,40,42,16,27,9,14,21,25,26,29,31,2,10,11,13,15,19,23,24,30,32,33,37,41,1,3,4,5,6,7,8,12,17,18,20,22,28,34,35,36,38,39,43,44,45
9,2,4,16,17,36,39,14,14,30,3,35,41,26,3,14,26,30,35,41,40,42,16,25,27,9,14,19,21,26,29,31,37,2,8,10,11,13,15,23,24,30,32,33,34,39,41,1,3,4,5,6,7,12,17,18,20,22,28,35,36,38,43,44,45
10,9,25,30,33,41,44,6,7,4,25,27,30,44,4,7,25,27,30,44,40,16,42,25,27,2,9,14,19,21,26,29,31,37,39,4,8,10,11,13,15,17,23,24,30,32,33,34,36,41,1,3,5,6,7,12,18,20,22,28,35,38,43,44,45
11,1,7,36,37,41,42,14,32,36,30,16,18,4,4,16,18,30,32,36,40,16,25,42,9,27,2,14,19,21,26,29,30,31,33,37,39,41,4,8,10,11,13,15,17,23,24,32,34,36,44,1,3,5,6,7,12,18,20,22,28,35,38,43,45
12,2,11,21,25,39,45,44,9,25,12,4,19,45,4,9,12,19,25,45,40,42,16,25,9,27,37,41,2,14,19,21,26,29,30,31,33,36,39,1,4,7,8,10,11,13,15,17,23,24,32,34,44,3,5,6,12,18,20,22,28,35,38,43,45
13,22,23,25,37,38,42,26,41,29,1,9,44,3,1,3,9,29,41,44,25,40,42,16,2,9,21,27,37,39,41,11,14,19,26,29,30,31,33,36,1,4,7,8,10,13,15,17,23,24,32,34,44,45,3,5,6,12,18,20,22,28,35,38,43
14,2,6,12,31,33,40,15,6,39,40,19,20,3,3,6,19,20,39,40,25,42,40,16,37,2,9,21,27,39,41,11,14,19,23,26,29,30,31,33,36,1,4,7,8,10,13,15,17,22,24,32,34,38,44,45,3,5,6,12,18,20,28,35,43
15,3,4,16,30,31,37,13,39,23,5,20,10,6,5,6,10,20,23,39,25,40,42,2,16,37,9,21,27,31,33,39,41,11,14,19,23,26,29,30,36,1,4,6,7,8,10,12,13,15,17,22,24,32,34,38,44,45,3,5,18,20,28,35,43
16,6,7,24,37,38,40,33,25,26,34,5,37,2,2,5,25,26,34,37,25,40,42,16,37,2,31,9,21,27,30,33,39,41,4,11,14,19,23,26,29,36,1,3,6,7,8,10,12,13,15,17,22,24,32,34,38,44,45,5,18,20,28,35,43
17,3,4,9,17,32,37,1,28,15,8,34,36,3,3,8,15,28,34,36,40,25,37,42,16,2,31,9,21,27,30,33,39,41,4,6,7,11,14,19,23,24,26,29,36,38,1,3,8,10,12,13,15,17,22,32,34,44,45,5,18,20,28,35,43
18,3,12,13,19,32,35,29,16,33,34,22,27,44,16,22,27,33,34,44,37,40,25,42,16,2,9,31,4,21,27,30,33,39,41,3,6,7,11,14,17,19,23,24,26,29,32,36,38,1,8,10,12,13,15,22,34,44,45,5,18,20,28,35,43
19,6,30,38,39,40,43,26,19,14,31,17,2,45,2,14,17,19,31,45,37,40,25,42,16,2,9,31,3,4,19,21,27,30,32,33,39,41,6,7,11,12,13,14,17,23,24,26,29,36,38,1,8,10,15,22,34,35,44,45,5,18,20,28,43
20,10,14,18,20,23,30,41,34,25,43,44,27,8,8,25,27,34,43,44,40,37,25,42,16,2,9,30,31,39,3,4,6,19,21,27,32,33,38,41,7,11,12,13,14,17,23,24,26,29,36,1,8,10,15,22,34,35,43,44,45,5,18,20,28
21,6,12,17,18,31,32,21,13,26,28,36,9,19,9,13,19,26,28,36,40,37,25,42,16,30,2,9,31,39,3,4,6,14,19,21,23,27,32,33,38,41,7,10,11,12,13,17,24,26,29,36,1,8,15,18,20,22,34,35,43,44,45,5,28
22,4,5,6,8,17,39,25,14,44,9,35,17,12,9,12,14,17,35,44,40,37,25,42,16,30,31,2,6,9,32,39,3,4,12,14,17,19,21,23,27,33,38,41,7,10,11,13,18,24,26,29,36,1,8,15,20,22,34,35,43,44,45,5,28
23,5,13,17,18,33,42,44,36,29,13,30,22,4,4,13,22,29,30,36,40,37,25,42,6,16,30,31,39,2,4,9,17,32,3,12,14,19,21,23,27,33,38,41,7,8,10,11,13,18,24,26,29,36,1,5,15,20,22,34,35,43,44,45,28
24,7,8,27,29,36,43,6,28,29,24,34,35,42,24,28,29,34,35,42,40,37,42,25,6,16,17,30,31,39,2,4,9,32,33,3,12,13,14,18,19,21,23,27,38,41,5,7,8,10,11,24,26,29,36,1,15,20,22,34,35,43,44,45,28
25,2,4,21,26,43,44,16,11,12,25,35,36,43,11,12,25,35,36,43,40,37,42,25,6,16,17,30,31,39,2,4,9,27,32,33,3,7,8,12,13,14,18,19,21,23,29,36,38,41,5,10,11,24,26,43,1,15,20,22,34,35,44,45,28
26,4,5,7,18,20,25,31,6,33,19,24,40,4,4,6,19,24,33,40,40,37,42,25,2,4,6,16,17,30,31,39,9,21,27,32,33,3,7,8,12,13,14,18,19,23,26,29,36,38,41,43,5,10,11,24,44,1,15,20,22,34,35,45,28
27,1,20,26,28,37,43,27,39,36,28,45,3,33,3,28,33,36,39,45,40,25,37,42,4,2,6,16,17,30,31,39,7,9,18,21,27,32,33,3,5,8,12,13,14,19,23,26,29,36,38,41,43,10,11,20,24,44,1,15,22,34,35,45,28
28,9,18,23,25,35,37,1,14,15,30,3,44,1,1,3,14,15,30,44,37,40,25,42,4,2,6,16,17,30,31,39,7,9,18,21,26,27,32,33,43,3,5,8,12,13,14,19,20,23,29,36,38,41,1,10,11,24,44,15,22,28,34,35,45
29,1,5,13,34,39,40,11,35,24,27,44,14,3,3,14,24,27,35,44,37,25,40,42,4,2,6,9,16,17,18,30,31,39,7,21,23,26,27,32,33,43,3,5,8,12,13,14,19,20,29,36,38,41,1,10,11,24,35,44,15,22,28,34,45
30,8,17,20,35,36,44,4,27,11,31,40,33,41,11,27,31,33,40,41,37,40,25,42,4,39,2,6,9,16,17,18,30,31,5,7,13,21,23,26,27,32,33,43,1,3,8,12,14,19,20,29,36,38,41,10,11,24,34,35,44,15,22,28,45
31,7,9,18,23,28,35,32,16,10,12,21,44,34,10,12,16,21,34,44,37,40,25,42,4,17,39,2,6,9,16,18,30,31,5,7,8,13,20,21,23,26,27,32,33,36,43,1,3,12,14,19,29,35,38,41,44,10,11,24,34,15,22,28,45
32,6,14,19,25,34,44,11,11,32,33,3,42,37,3,11,32,33,37,42,37,40,25,42,4,9,17,18,39,2,6,7,16,23,30,31,5,8,13,20,21,26,27,32,33,35,36,43,1,3,12,14,19,29,38,41,44,10,11,24,28,34,15,22,45
33,4,7,32,33,40,41,9,5,12,26,27,3,38,3,5,12,26,27,38,25,37,40,42,4,6,9,17,18,39,2,7,16,23,30,31,5,8,13,14,19,20,21,26,27,32,33,35,36,43,44,1,3,12,29,34,38,41,10,11,24,28,15,22,45
34,9,26,35,37,40,42,2,8,26,28,3,1,5,1,3,5,8,26,28,40,25,37,4,42,6,7,9,17,18,39,2,16,23,30,31,32,33,5,8,13,14,19,20,21,26,27,35,36,41,43,44,1,3,12,29,34,38,10,11,24,28,15,22,45
35,2,3,11,26,37,43,39,12,34,40,15,2,31,2,12,15,31,34,40,40,37,25,42,4,9,6,7,17,18,39,2,16,23,26,30,31,32,33,35,5,8,13,14,19,20,21,27,36,41,43,44,1,3,12,29,34,38,10,11,24,28,15,22,45
36,1,10,23,26,28,40,31,34,40,15,12,42,2,2,12,15,34,40,42,37,40,25,42,4,9,2,6,7,17,18,26,39,16,23,30,31,32,33,35,43,3,5,8,13,14,19,20,21,27,36,41,44,1,11,12,29,34,38,10,24,28,15,22,45
37,7,27,30,33,35,37,42,10,31,16,19,20,2,2,10,16,19,20,31,40,37,25,42,4,9,26,2,6,7,17,18,23,39,16,30,31,32,33,35,43,1,3,5,8,13,14,19,20,21,27,36,41,44,10,11,12,28,29,34,38,24,15,22,45
38,16,17,22,30,37,43,36,18,11,44,14,1,22,1,11,14,18,22,44,37,40,25,42,4,7,9,26,2,6,17,18,23,30,33,35,39,16,27,31,32,43,1,3,5,8,13,14,19,20,21,36,41,44,10,11,12,28,29,34,38,24,15,22,45
39,6,7,13,15,21,43,8,12,6,27,44,31,19,6,12,19,27,31,44,37,40,25,42,4,7,9,17,26,30,2,6,16,18,23,33,35,39,43,27,31,32,1,3,5,8,13,14,19,20,21,36,41,44,10,11,12,28,29,34,38,22,24,15,45
40,7,13,18,19,25,26,6,4,20,15,30,3,10,3,4,10,15,20,30,37,40,25,7,42,4,6,9,17,26,30,43,2,16,18,23,33,35,39,13,21,27,31,32,1,3,5,8,14,19,20,36,41,44,10,11,12,28,29,34,38,15,22,24,45
41,13,20,23,35,38,43,34,15,31,17,19,41,13,13,15,17,19,31,41,37,40,25,7,26,42,4,6,9,17,18,30,43,2,13,16,23,33,35,39,19,21,27,31,32,1,3,5,8,14,20,36,41,44,10,11,12,28,29,34,38,15,22,24,45
42,17,18,19,21,23,32,1,12,13,21,23,14,26,12,13,14,21,23,26,37,40,25,7,26,42,43,4,6,9,13,17,18,23,30,35,2,16,33,39,19,20,21,27,31,32,1,3,5,8,14,36,38,41,44,10,11,12,28,29,34,15,22,24,45
43,6,31,35,38,39,44,1,12,26,16,33,23,35,12,16,23,26,33,35,37,40,25,7,17,18,23,26,42,43,4,6,9,13,30,35,2,16,19,21,32,33,39,20,27,31,1,3,5,8,14,36,38,41,44,10,11,12,28,29,34,15,22,24,45
44,3,11,21,30,38,45,39,30,37,21,16,27,45,16,21,27,30,37,45,37,40,25,7,6,17,18,23,26,35,42,43,4,9,13,30,39,2,16,19,21,31,32,33,20,27,38,44,1,3,5,8,14,36,41,10,11,12,28,29,34,15,22,24,45
45,1,10,20,27,33,35,17,30,37,27,28,24,11,11,24,27,28,30,37,37,40,25,7,6,17,18,23,26,30,35,42,43,4,9,13,21,39,2,16,19,31,32,33,38,3,20,27,44,1,5,8,11,14,36,41,10,12,28,29,34,15,22,24,45
46,8,13,15,23,31,38,39,32,16,42,9,25,27,9,16,25,27,32,42,37,40,25,7,35,6,17,18,23,26,30,42,43,4,9,13,21,33,39,2,16,19,20,27,31,32,38,1,3,44,5,8,10,11,14,36,41,12,28,29,34,15,22,24,45
47,14,17,26,31,36,45,27,35,9,11,18,36,45,9,11,18,35,36,45,37,40,25,7,23,35,6,13,17,18,26,30,42,43,4,9,21,31,33,38,39,2,16,19,20,27,32,1,3,8,44,5,10,11,14,36,41,12,15,28,29,34,22,24,45
48,6,10,18,26,37,38,3,9,35,11,7,1,20,1,7,9,11,20,35,37,40,25,7,17,23,26,35,6,13,18,30,31,42,43,4,9,21,33,38,39,2,16,19,20,27,32,1,3,8,14,36,44,5,10,11,41,12,15,28,29,34,45,22,24
49,4,7,16,19,33,40,30,17,6,23,24,20,2,2,6,17,20,23,24,37,40,25,26,6,7,17,18,23,35,13,30,31,38,42,43,4,9,21,33,39,2,16,19,20,27,32,1,3,8,10,14,36,44,5,11,41,12,15,28,29,34,45,22,24
50,2,10,12,15,22,44,1,24,31,38,39,44,34,24,31,34,38,39,44,37,40,7,25,26,6,17,18,23,35,4,13,30,31,33,38,42,43,9,16,19,21,39,2,20,27,32,1,3,8,10,14,36,44,5,11,41,12,15,28,29,34,45,22,24
51,2,3,11,16,26,44,35,19,31,36,21,5,29,5,19,21,29,31,36,37,40,7,25,26,6,17,18,23,35,4,13,30,31,33,38,42,43,2,9,16,19,21,39,10,20,27,32,44,1,3,8,14,36,5,11,12,15,41,22,28,29,34,45,24
52,2,4,15,16,20,29,1,11,12,38,14,28,42,11,12,14,28,38,42,37,40,26,7,25,6,17,18,23,35,2,4,13,16,30,31,33,38,42,43,9,19,21,39,44,3,10,20,27,32,1,8,11,14,36,5,12,15,41,22,28,29,34,45,24
53,7,8,14,32,33,39,42,4,32,34,30,17,25,4,17,25,30,32,34,37,40,26,7,25,2,4,6,16,17,18,23,35,13,30,31,33,38,42,43,9,19,20,21,39,44,3,10,27,32,1,8,11,14,15,36,5,12,29,41,22,28,34,45,24
54,1,8,21,27,36,39,37,33,29,25,32,36,19,19,25,29,32,33,36,37,40,7,26,25,2,4,6,16,17,18,23,33,35,13,30,31,38,39,42,43,9,19,20,21,32,44,3,8,10,14,27,1,11,15,36,5,12,29,41,22,28,34,45,24
55,17,21,31,37,40,44,7,10,17,19,1,2,29,1,2,10,17,19,29,37,40,7,26,25,2,4,6,16,17,18,23,33,35,39,13,21,30,31,38,42,43,8,9,19,20,27,32,44,1,3,10,14,36,11,15,5,12,29,41,22,28,34,45,24
56,10,14,30,31,33,37,19,32,33,19,14,15,1,1,14,15,19,32,33,37,40,7,26,17,25,2,4,6,16,18,21,23,31,33,35,39,13,30,38,42,43,44,8,9,19,20,27,32,1,3,10,14,36,11,15,5,12,29,41,22,28,34,45,24
57,7,10,16,25,29,44,6,3,26,12,6,39,23,3,6,12,23,26,39,37,40,7,26,17,25,31,33,2,4,6,16,18,21,23,30,35,39,13,38,42,43,44,8,9,10,14,19,20,27,32,1,3,36,11,15,5,12,29,41,22,28,34,45,24
58,10,24,25,33,40,44,1,20,45,4,9,2,19,2,4,9,19,20,45,37,40,7,25,26,16,17,31,33,2,4,6,18,21,23,30,35,39,44,10,13,38,42,43,8,9,14,19,20,27,32,1,3,36,11,15,29,5,12,41,22,28,34,45,24
59,6,29,36,39,41,45,13,13,37,34,20,40,45,13,20,34,37,40,45,37,40,7,25,26,33,16,17,31,44,2,4,6,10,18,21,23,30,35,39,13,38,42,43,8,9,14,19,20,27,32,1,3,36,11,15,29,5,12,41,22,24,28,34,45
60,2,8,25,36,39,42,11,13,25,4,32,11,23,4,11,13,23,25,32,37,40,7,25,26,33,6,16,17,31,39,44,2,4,10,18,21,23,30,35,13,38,42,43,8,9,14,19,20,27,32,36,1,3,29,11,15,41,5,12,45,22,24,28,34
61,14,15,19,30,38,43,8,28,37,29,19,25,26,19,25,26,28,29,37,37,40,25,7,26,33,39,2,6,16,17,31,44,4,10,18,21,23,30,35,42,8,13,36,38,43,9,14,19,20,27,32,1,3,29,11,15,41,5,12,45,22,24,28,34
62,3,8,15,27,29,35,21,34,24,35,31,36,20,20,24,31,34,35,36,37,40,25,7,26,33,39,2,6,16,17,30,31,44,4,10,18,21,23,35,38,42,43,8,13,14,19,36,9,20,27,32,1,3,15,29,11,41,5,12,45,22,24,28,34
63,3,20,23,36,38,40,5,30,33,21,29,22,2,2,21,22,29,30,33,37,40,25,7,26,33,39,2,6,16,17,30,31,35,44,4,8,10,18,21,23,38,42,43,13,14,19,27,36,3,9,15,20,29,32,1,11,41,5,12,45,22,24,28,34
64,14,15,18,21,26,36,39,28,33,21,22,5,23,5,21,22,23,28,33,37,40,25,7,26,33,39,2,6,16,17,23,30,31,35,38,44,4,8,10,18,21,36,42,43,3,13,14,19,20,27,9,15,29,32,1,11,41,5,12,45,22,24,28,34
65,4,25,33,36,40,43,39,21,3,6,18,2,26,2,3,6,18,21,26,37,40,25,7,26,33,39,2,6,16,17,18,21,23,30,31,35,36,38,44,4,8,10,14,42,43,3,13,15,19,20,27,9,29,32,1,11,41,5,12,45,22,24,28,34
66,2,3,7,17,22,24,45,9,27,4,13,42,43,4,9,13,27,42,43,40,37,25,7,26,33,36,39,2,4,6,16,17,18,21,23,30,31,35,38,43,44,8,10,14,42,3,13,15,19,20,27,9,29,32,1,11,41,5,12,45,22,24,28,34
67,3,7,10,15,36,38,33,23,4,25,29,9,20,4,9,20,23,25,29,40,37,25,7,26,33,2,17,36,39,4,6,16,18,21,23,30,31,35,38,43,44,3,8,10,14,42,13,15,19,20,27,9,29,32,1,11,41,5,12,22,24,45,28,34
68,10,12,15,16,26,39,38,15,40,27,16,5,11,5,11,15,16,27,40,40,37,7,25,26,33,36,2,17,38,39,3,4,6,10,16,18,21,23,30,31,35,43,44,8,14,15,42,13,19,20,27,9,29,32,1,11,41,5,12,22,24,45,28,34
69,5,8,14,15,19,39,35,40,26,27,17,30,8,8,17,26,27,30,40,40,37,7,25,26,33,36,39,2,10,16,17,38,3,4,6,15,18,21,23,30,31,35,43,44,8,14,42,13,19,20,27,9,29,32,1,11,12,41,5,22,24,45,28,34
70,5,19,22,25,28,43,26,37,28,41,4,44,26,4,26,28,37,41,44,40,37,7,25,26,39,33,36,2,10,15,16,17,38,3,4,6,8,14,18,21,23,30,31,35,43,44,19,42,13,20,27,9,29,32,1,5,11,12,41,22,24,45,28,34
71,5,9,12,16,29,41,21,37,33,39,12,34,41,12,33,34,37,39,41,40,37,25,7,26,39,33,36,2,10,15,16,17,38,43,3,4,6,8,14,18,19,21,23,30,31,35,44,42,13,20,27,9,29,32,1,5,11,12,22,41,24,28,45,34
72,2,4,11,17,26,27,1,10,17,40,13,5,33,5,10,13,17,33,40,40,37,25,7,26,39,16,33,36,2,10,15,17,38,43,3,4,6,8,14,18,19,21,23,30,31,35,44,42,9,13,20,27,29,5,32,1,12,41,11,22,24,28,45,34
73,3,12,18,32,40,43,38,17,39,21,36,1,16,1,16,17,21,36,39,40,37,25,7,26,39,2,16,17,33,36,4,10,15,38,43,3,6,8,14,18,19,21,23,30,31,35,44,27,42,9,13,20,29,5,32,1,11,12,41,22,24,28,45,34
74,6,15,17,18,35,40,23,19,16,9,17,27,1,1,9,16,17,19,27,40,37,25,7,26,39,2,16,17,33,36,43,3,4,10,15,18,38,6,8,14,19,21,23,30,31,35,44,27,42,9,13,20,29,32,5,12,1,11,41,22,24,28,45,34
75,2,5,24,32,34,44,28,8,36,42,35,45,28,8,28,35,36,42,45,40,37,25,7,26,17,39,2,15,16,18,33,36,43,3,4,6,10,35,38,8,14,19,21,23,30,31,44,27,42,9,13,20,29,32,5,12,1,11,41,22,24,28,45,34
76,1,3,15,22,25,37,43,38,15,9,41,3,2,2,3,9,15,38,41,40,37,25,7,26,2,17,39,15,16,18,33,36,43,3,4,6,10,35,38,44,8,14,19,21,23,30,31,27,32,42,5,9,13,20,29,12,1,11,41,22,24,28,34,45
77,2,18,29,32,43,44,37,6,12,36,30,15,21,6,12,15,21,30,36,40,37,25,7,26,2,15,17,39,3,16,18,33,36,43,4,6,10,35,38,44,8,14,19,21,23,30,31,27,32,42,5,9,13,20,29,1,12,11,22,41,24,28,34,45
78,10,13,25,29,33,35,38,19,35,3,31,14,20,3,14,19,20,31,35,40,37,25,2,7,26,15,17,18,39,43,3,16,33,36,44,4,6,10,35,38,8,14,19,21,23,30,31,32,27,29,42,5,9,13,20,1,12,11,22,41,24,28,34,45
79,3,12,24,27,30,32,14,13,38,42,32,28,30,13,28,30,32,38,42,40,25,37,2,7,26,15,17,18,33,39,43,3,10,16,35,36,44,4,6,38,8,14,19,21,23,29,30,31,32,13,27,42,5,9,20,1,12,11,22,41,24,28,34,45
80,17,18,24,25,26,30,1,9,10,41,2,6,21,2,6,9,10,21,41,40,25,37,2,7,26,3,15,17,18,33,39,43,10,16,35,36,44,4,6,30,32,38,8,14,19,21,23,27,29,31,13,42,5,9,12,20,1,11,22,24,41,28,34,45
81,5,7,11,13,20,33,6,34,6,40,32,37,11,6,11,32,34,37,40,40,25,37,26,2,7,17,18,3,15,33,39,43,10,16,30,35,36,44,4,6,32,38,8,14,19,21,23,27,29,31,13,42,5,9,12,20,1,24,11,22,41,28,34,45
82,1,2,3,14,27,42,39,38,6,10,26,30,35,6,10,26,30,35,38,40,25,37,7,26,2,17,18,33,3,15,39,43,10,16,30,35,36,44,4,6,32,38,8,13,14,19,21,23,27,29,31,5,20,42,9,12,1,11,24,22,41,28,34,45
83,6,10,15,17,19,34,14,21,14,11,8,28,44,8,11,14,21,28,44,40,25,37,2,7,26,3,17,18,33,15,39,43,10,16,30,35,36,44,4,6,14,27,32,38,8,13,19,21,23,29,31,42,5,20,1,9,12,11,24,22,41,28,34,45
84,16,23,27,34,42,45,11,16,30,24,43,33,45,16,24,30,33,43,45,40,25,37,2,7,17,26,3,15,18,33,10,39,43,6,16,30,35,36,44,4,14,19,27,32,38,8,13,21,23,29,31,42,5,20,1,9,12,11,24,22,41,34,28,45
85,6,8,13,23,31,36,21,16,29,30,25,33,20,16,20,25,29,30,33,40,25,37,2,7,17,26,3,15,18,33,10,16,39,43,6,27,30,35,36,44,4,14,19,23,32,38,42,8,13,21,29,31,5,20,1,9,12,11,24,22,34,41,45,28
86,2,12,37,39,41,45,33,4,38,3,16,43,44,3,4,16,38,43,44,40,25,37,2,7,17,26,3,15,18,33,6,10,16,36,39,43,23,27,30,35,44,4,8,13,14,19,31,32,38,42,21,29,5,20,1,9,12,11,24,22,34,41,45,28
87,4,12,16,23,34,43,26,23,35,15,18,43,17,15,17,18,23,35,43,40,25,37,2,7,17,26,3,15,18,33,39,6,10,16,36,43,23,27,30,35,44,4,8,13,14,19,31,32,38,42,21,29,5,12,20,1,9,11,24,41,22,34,45,28
88,1,17,20,24,30,41,27,37,6,36,40,21,42,6,21,36,37,40,42,40,25,37,2,7,17,26,3,15,16,18,33,39,43,6,10,23,36,4,27,30,35,44,8,13,14,19,31,32,38,42,12,21,29,5,20,1,9,11,24,34,41,22,45,28
89,4,26,28,29,33,40,37,20,7,45,35,12,1,1,7,12,20,35,45,40,25,37,2,17,7,26,3,15,16,18,33,39,43,6,10,23,30,36,4,27,35,44,8,13,14,19,31,32,38,42,12,20,21,29,1,5,9,24,41,11,34,22,45,28
90,17,20,29,35,38,44,10,5,34,28,22,31,23,5,22,23,28,31,34,40,25,37,2,17,26,7,33,3,15,16,18,39,43,4,6,10,23,30,36,27,35,44,8,13,14,19,29,31,32,38,42,12,20,21,1,5,9,24,41,11,34,22,45,28
91,1,21,24,26,29,42,27,36,35,39,6,24,33,6,24,33,35,36,39,40,25,37,17,2,26,7,33,3,15,16,18,39,43,4,6,10,23,30,35,36,44,27,29,38,8,13,14,19,20,31,32,42,12,21,1,5,9,24,41,11,34,22,45,28
92,3,14,24,33,35,36,17,9,29,38,8,21,22,8,9,21,22,29,38,40,25,37,17,26,2,7,33,3,15,16,18,39,43,4,6,10,23,29,30,35,36,44,27,38,42,8,13,14,19,20,21,31,32,1,12,5,24,9,41,11,34,22,45,28
93,6,22,24,36,38,44,19,18,43,37,14,26,23,14,18,23,26,37,43,40,25,37,17,26,2,33,3,7,15,16,18,35,36,39,43,4,6,10,23,29,30,44,14,27,38,42,8,13,19,20,21,31,32,1,12,24,5,9,41,11,34,22,45,28
94,5,32,34,40,41,45,6,38,35,43,1,40,44,1,35,38,40,43,44,40,25,37,17,26,2,33,3,7,36,6,15,16,18,35,39,43,44,4,10,23,29,30,38,14,27,42,8,13,19,20,21,24,31,32,1,12,5,9,41,11,22,34,45,28
95,8,17,27,31,34,43,14,29,4,26,35,41,17,4,17,26,29,35,41,40,25,37,17,26,2,33,3,7,36,6,15,16,18,35,39,43,44,4,10,23,29,30,38,14,27,32,42,8,13,19,20,21,24,31,1,5,12,41,9,34,11,22,45,28
96,1,3,8,21,22,31,20,36,8,26,34,43,28,8,26,28,34,36,43,40,17,25,37,26,2,33,3,7,36,43,6,15,16,18,35,39,44,4,10,23,27,29,30,38,8,14,31,32,42,13,19,20,21,24,1,5,12,34,41,9,11,22,45,28
97,6,7,14,15,20,36,3,12,9,28,13,35,10,9,10,12,13,28,35,40,17,25,37,26,2,3,33,7,36,43,6,15,16,18,35,39,44,4,8,10,23,27,29,30,31,38,14,21,32,42,1,13,19,20,24,5,12,34,41,9,22,11,45,28
98,6,9,16,23,24,32,43,11,41,14,23,36,31,11,14,23,31,36,41,40,17,25,37,26,2,3,7,33,36,6,15,43,16,18,35,39,44,4,8,10,14,23,27,29,30,31,38,20,21,32,42,1,13,19,24,5,12,34,41,9,22,11,45,28
99,1,3,10,27,29,37,11,34,7,22,24,25,4,4,7,22,24,25,34,40,17,25,37,26,2,3,6,7,33,36,15,16,43,18,23,35,39,44,4,8,10,14,27,29,30,31,32,38,20,21,24,42,1,13,19,5,12,9,34,41,22,11,45,28
100,1,7,11,23,37,42,6,30,9,43,17,2,34,2,9,17,30,34,43,40,37,17,25,3,26,2,6,7,33,36,15,16,43,10,18,23,27,29,35,39,44,4,8,14,30,31,32,38,1,20,21,24,42,13,19,5,12,9,34,41,22,11,45,28
101,1,3,17,32,35,45,8,23,5,3,29,20,44,3,5,20,23,29,44,40,37,17,25,3,7,26,2,6,33,36,15,16,23,43,10,18,27,29,35,39,44,1,4,8,14,30,31,32,38,42,20,21,24,13,19,5,12,9,34,41,11,22,45,28
102,17,22,24,26,35,40,42,3,43,34,7,15,1,1,3,7,15,34,43,40,37,17,3,25,7,26,2,6,33,36,15,16,23,35,43,1,10,18,27,29,32,39,44,4,8,14,30,31,38,42,20,21,24,13,19,5,12,9,34,41,11,22,45,28
103,5,14,15,27,30,45,10,37,27,13,20,29,44,13,20,27,29,37,44,40,17,37,3,25,26,7,2,6,33,35,36,15,16,23,43,1,10,18,27,29,32,39,44,4,8,14,24,30,31,38,42,20,21,13,19,5,12,9,22,34,41,11,45,28
104,17,32,33,34,42,44,35,2,24,11,41,32,26,2,11,24,26,32,41,40,17,37,3,25,26,7,2,6,15,33,35,36,16,23,27,43,1,10,14,18,29,30,32,39,44,4,8,24,31,38,42,20,21,5,13,19,12,9,22,34,41,45,11,28
105,8,10,20,34,41,45,28,29,21,33,39,42,43,21,29,33,39,42,43,40,17,37,3,25,26,7,33,2,6,15,35,36,16,23,27,32,43,44,1,10,14,18,29,30,39,42,4,8,24,31,38,20,21,5,13,19,12,34,9,22,41,45,11,28
106,4,10,12,22,24,33,29,29,14,39,43,31,8,8,14,29,31,39,43,40,17,37,3,25,26,7,33,2,6,15,35,36,10,16,23,27,32,43,44,1,8,14,18,29,30,39,42,4,20,24,31,38,21,5,13,19,34,12,41,45,9,22,11,28
107,1,4,5,6,9,31,17,21,22,35,10,43,32,10,21,22,32,35,43,40,17,37,3,25,26,33,7,2,6,10,15,35,36,16,23,27,32,43,44,1,4,8,14,18,24,29,30,39,42,20,31,38,21,5,12,13,19,34,22,41,45,9,11,28
108,7,18,22,23,29,44,12,9,25,41,18,27,22,9,18,22,25,27,41,40,17,37,3,25,26,33,6,7,2,10,15,35,36,1,4,16,23,27,32,43,44,8,14,18,24,29,30,31,39,42,20,38,5,21,12,13,19,34,9,22,41,45,11,28
109,1,5,34,36,42,44,33,17,34,40,15,31,16,15,16,17,31,34,40,40,17,37,3,7,25,26,33,6,2,10,15,23,35,36,44,1,4,16,18,27,29,32,43,8,14,24,30,31,39,42,20,38,5,21,12,13,19,22,34,9,41,45,11,28
110,7,20,22,23,29,43,1,5,33,40,16,22,25,5,16,22,25,33,40,40,17,37,3,7,25,26,33,6,36,44,1,2,10,15,23,35,4,16,18,27,29,32,42,43,8,14,24,30,31,39,5,20,38,21,34,12,13,19,22,9,41,45,11,28
111,7,18,31,33,36,40,27,4,22,31,8,11,1,1,4,8,11,22,31,40,17,37,7,3,25,26,33,6,23,36,44,1,2,10,15,29,35,43,4,16,18,27,32,42,8,14,20,24,30,31,39,5,38,21,22,34,12,13,19,9,41,45,11,28
112,26,29,30,33,41,42,43,8,18,31,5,42,26,5,8,18,26,31,42,40,17,7,37,33,3,25,26,36,6,23,44,1,2,10,15,18,29,35,43,4,16,27,31,32,42,8,14,20,24,30,39,5,38,21,22,34,12,13,19,9,41,45,11,28
113,4,9,28,33,36,45,26,22,42,45,4,9,43,4,9,22,42,43,45,40,17,7,33,37,26,3,25,36,6,23,29,44,1,2,10,15,18,35,42,43,4,16,27,30,31,32,8,14,20,24,39,5,38,21,22,34,12,13,19,41,9,45,11,28
114,11,14,19,26,28,41,2,44,29,41,6,45,42,6,29,41,42,44,45,40,17,33,7,37,26,36,3,25,6,23,29,44,1,2,4,10,15,18,35,42,43,16,27,30,31,32,8,14,20,24,39,5,38,21,22,34,9,12,13,19,41,45,11,28
115,1,2,6,9,25,28,31,14,15,10,40,9,45,9,10,14,15,40,45,40,17,33,7,26,37,36,3,25,6,23,29,44,1,2,4,10,15,18,35,42,43,14,16,27,30,31,32,8,20,24,39,5,38,19,21,22,34,41,9,12,13,45,11,28
116,2,4,25,31,34,37,17,12,16,7,27,39,6,6,7,12,16,27,39,40,17,33,7,26,37,25,36,3,6,1,2,23,29,44,4,10,15,18,35,42,43,14,16,27,30,31,32,8,20,24,39,5,38,9,19,21,22,34,41,12,13,45,11,28
117,5,10,22,34,36,44,35,33,17,39,34,8,16,8,16,17,33,34,39,40,17,33,37,7,25,26,36,2,3,6,1,4,23,29,44,10,15,18,31,35,42,43,14,16,27,30,32,8,20,24,39,5,34,38,9,19,21,22,41,12,13,45,11,28
118,3,4,10,17,19,22,38,10,14,15,2,38,35,2,10,14,15,35,38,40,17,33,37,7,25,26,36,2,3,6,44,1,4,10,23,29,15,18,31,35,42,43,14,16,27,30,32,5,8,20,24,34,39,22,38,9,19,21,41,12,13,45,11,28
119,3,11,13,14,17,21,38,9,44,42,24,2,39,2,9,24,39,42,44,40,17,33,37,7,25,26,36,3,2,4,6,10,44,1,23,29,15,18,31,35,42,43,14,16,27,30,32,5,8,20,22,24,34,39,19,38,9,21,41,12,13,45,11,28
120,4,6,10,11,32,37,30,11,12,13,44,28,4,4,11,12,13,28,44,17,40,33,37,3,7,25,26,36,2,4,6,10,44,1,23,29,14,15,18,31,35,42,43,16,27,30,32,5,8,20,22,24,34,39,19,21,38,9,13,41,12,45,11,28
121,12,28,30,34,38,43,9,43,45,28,34,38,25,25,28,34,38,43,45,17,40,37,33,3,7,25,26,36,4,6,10,2,44,1,23,29,14,15,18,31,32,35,42,43,16,27,30,5,8,20,22,24,34,39,19,21,38,9,13,41,11,12,45,28
122,1,11,16,17,36,40,8,15,43,27,1,9,2,1,2,9,15,27,43,17,40,37,33,3,7,25,26,36,4,6,10,2,44,1,23,29,43,14,15,18,30,31,32,35,42,16,27,34,5,8,20,22,24,38,39,19,21,9,12,13,41,11,45,28
123,7,17,18,28,30,45,27,7,1,22,45,23,44,1,7,22,23,44,45,17,40,37,33,36,3,7,25,26,4,6,10,1,2,44,23,29,43,14,15,16,18,30,31,32,35,42,27,34,5,8,20,22,24,38,39,19,21,9,11,12,13,41,45,28
124,4,16,23,25,29,42,1,10,23,17,8,18,27,8,10,17,18,23,27,17,40,37,7,33,36,3,25,26,4,6,10,1,2,44,18,23,29,30,43,14,15,16,31,32,35,42,27,34,5,8,20,22,24,38,39,19,21,9,11,12,13,41,45,28
125,2,8,32,33,35,36,18,14,31,26,6,27,7,6,7,14,26,27,31,17,40,37,7,25,33,36,3,4,26,6,10,1,2,23,29,44,16,18,30,42,43,14,15,31,32,35,27,34,5,8,20,22,24,38,39,19,21,9,11,12,13,41,45,28
126,7,20,22,27,40,43,1,6,32,33,29,2,24,2,6,24,29,32,33,17,40,33,36,37,7,25,3,4,26,2,6,10,1,23,29,44,16,18,30,32,35,42,43,14,15,31,8,27,34,5,20,22,24,38,39,19,21,9,11,12,13,41,45,28
127,3,5,10,29,32,43,35,8,33,13,16,22,17,8,13,16,17,22,33,17,40,7,33,36,37,25,3,4,26,2,6,10,1,23,29,43,44,16,18,30,32,35,42,14,15,27,31,8,20,22,34,5,24,38,39,19,21,9,11,12,13,41,45,28
128,12,30,34,36,37,45,39,41,22,33,5,6,44,5,6,22,33,41,44,17,40,7,33,36,37,3,25,4,10,26,2,6,29,43,1,23,32,44,16,18,30,35,42,14,15,27,31,5,8,20,22,34,24,38,39,19,21,9,11,12,13,41,45,28
129,19,23,25,28,38,42,17,38,17,8,45,35,24,8,17,24,35,38,45,17,40,36,37,7,33,3,25,4,10,26,2,6,29,43,1,23,30,32,44,16,18,35,42,14,15,27,31,34,5,8,20,22,24,38,39,12,19,21,45,9,11,13,41,28
130,7,19,24,27,42,45,31,5,35,36,27,20,40,5,20,27,35,36,40,17,40,36,37,7,25,33,3,4,10,26,2,6,23,29,43,1,30,32,42,44,16,18,35,14,15,27,31,34,5,8,20,22,38,19,24,39,12,21,45,9,11,13,41,28
131,8,10,11,14,15,21,37,31,10,42,26,27,40,10,26,27,31,40,42,17,40,7,36,37,25,33,3,4,10,26,2,6,23,29,42,43,1,30,32,44,16,18,27,35,14,15,31,34,5,8,19,20,22,24,38,39,45,12,21,9,11,13,41,28
132,3,17,23,34,41,45,43,8,1,14,30,44,39,1,8,14,30,39,44,17,40,7,36,37,25,33,3,10,4,26,2,6,23,29,42,43,1,30,32,44,14,15,16,18,27,35,8,31,34,5,19,20,22,24,38,21,39,45,11,12,9,13,41,28
133,4,7,15,18,23,26,13,10,3,23,25,11,12,3,10,11,12,23,25,17,40,7,36,37,3,25,33,10,4,23,26,2,6,29,42,43,1,30,32,44,14,15,16,18,27,34,35,8,31,5,19,20,22,24,38,45,21,39,11,12,41,9,13,28
134,3,12,20,23,31,35,43,6,41,33,11,30,28,6,11,28,30,33,41,17,40,7,36,37,3,25,33,4,10,23,26,2,6,29,42,43,1,15,18,30,32,44,14,16,27,34,35,8,31,5,19,20,22,24,38,45,21,39,11,12,41,9,13,28
135,6,14,22,28,35,39,16,14,25,34,45,23,40,14,23,25,34,40,45,17,40,7,3,36,37,23,25,33,4,10,26,2,6,29,42,43,1,15,18,30,32,35,44,14,16,27,31,34,8,20,5,19,22,24,38,45,12,21,39,11,41,9,13,28
136,2,16,30,36,41,42,11,14,26,23,5,42,17,5,14,17,23,26,42,17,40,7,3,36,37,23,25,33,4,10,26,6,2,29,35,42,43,1,14,15,18,30,32,44,16,27,31,34,8,20,22,5,19,24,38,39,45,12,21,11,41,9,13,28
137,7,9,20,25,36,39,15,3,43,31,8,4,37,3,4,8,31,37,43,17,40,7,36,3,37,23,25,33,4,10,26,2,6,42,29,30,35,43,1,14,15,16,18,32,44,27,31,34,8,20,22,5,19,24,38,39,45,12,21,41,11,9,13,28
138,10,11,27,28,37,39,19,11,43,28,45,7,33,7,11,28,33,43,45,17,7,36,40,3,25,37,23,33,4,10,26,2,6,42,29,30,35,43,1,14,15,16,18,32,44,20,27,31,34,8,22,39,5,19,24,38,45,12,21,41,9,11,13,28
139,9,11,15,20,28,43,13,43,39,22,28,44,19,19,22,28,39,43,44,17,7,36,40,37,3,25,10,23,33,4,26,2,6,42,29,30,35,43,1,14,15,16,18,27,32,44,20,31,34,39,8,22,5,19,24,38,45,11,12,21,41,9,28,13
140,3,13,17,18,19,28,8,6,45,1,24,36,43,1,6,24,36,43,45,17,7,36,40,37,3,25,10,23,33,4,26,2,6,42,43,15,29,30,35,1,14,16,18,20,27,32,44,31,34,39,8,22,5,11,19,24,38,45,9,12,21,28,41,13
141,8,12,29,31,42,43,2,32,42,19,29,15,16,15,16,19,29,32,42,17,7,36,40,3,37,25,10,23,33,4,26,2,6,42,43,15,18,29,30,35,1,14,16,20,27,32,44,31,34,39,8,19,22,5,11,24,28,38,45,9,12,21,41,13
142,12,16,30,34,40,44,19,37,24,20,31,4,29,4,20,24,29,31,37,17,7,36,40,3,37,25,10,23,33,4,26,42,43,2,6,29,15,18,30,35,1,14,16,20,27,31,32,44,8,34,39,19,22,5,11,12,24,28,38,45,9,21,41,13
143,26,27,28,42,43,45,8,12,27,39,13,14,41,12,13,14,27,39,41,17,40,7,36,3,37,25,10,23,33,4,26,42,43,2,6,29,30,15,16,18,35,44,1,14,20,27,31,32,34,8,39,12,19,22,5,11,24,28,38,45,9,21,41,13
144,4,15,17,26,36,37,43,14,19,1,10,4,6,1,4,6,10,14,19,17,40,7,36,3,37,25,10,23,26,33,42,43,4,2,6,29,30,15,16,18,27,35,44,1,14,20,31,32,34,8,39,12,19,22,28,45,5,11,24,38,9,21,41,13
145,2,3,13,20,27,44,9,15,6,45,27,22,24,6,15,22,24,27,45,17,36,40,7,37,3,25,26,4,10,23,33,42,43,2,6,15,29,30,16,18,27,35,44,1,14,20,31,32,34,8,39,12,19,22,28,45,5,11,24,38,9,21,41,13
146,2,19,27,35,41,42,25,15,34,18,25,45,13,13,15,18,25,34,45,17,36,40,3,7,37,25,26,4,10,23,33,42,43,2,6,15,27,29,30,44,16,18,20,35,1,14,31,32,34,8,39,12,19,22,28,45,5,11,24,38,9,13,21,41
147,4,6,13,21,40,42,36,11,17,44,45,3,9,3,9,11,17,44,45,17,36,40,3,7,37,25,26,42,2,4,10,23,33,43,27,6,15,29,30,35,44,16,18,20,1,14,31,32,34,8,19,39,12,22,28,45,5,11,24,38,41,9,13,21
148,21,25,33,34,35,36,17,41,9,14,30,21,3,3,9,14,21,30,41,17,40,36,3,7,37,42,4,25,26,2,10,23,33,43,6,27,15,29,30,35,44,16,18,20,1,14,31,32,34,8,19,39,12,22,28,45,5,11,13,21,24,38,41,9
149,2,11,21,34,41,42,27,12,40,35,26,44,8,8,12,26,35,40,44,17,36,40,3,7,37,25,42,4,26,33,2,10,23,43,6,27,35,15,29,30,44,16,18,20,34,1,14,31,32,8,19,39,12,21,22,28,45,5,11,13,24,38,41,9
150,2,18,25,28,37,39,16,9,25,8,38,6,34,6,8,9,25,34,38,17,36,40,3,7,37,42,25,2,4,26,33,10,23,43,6,27,35,15,29,30,34,44,16,18,20,1,14,31,32,8,19,21,39,11,12,22,28,41,45,5,13,24,38,9
151,1,2,10,13,18,19,15,27,9,13,42,20,33,9,13,20,27,33,42,17,36,40,37,3,7,25,42,2,4,26,33,10,23,43,6,27,35,15,18,29,30,34,44,16,20,1,14,31,32,39,8,19,21,28,11,12,22,41,45,5,13,24,38,9
152,1,5,13,26,29,34,43,25,42,38,12,21,23,12,21,23,25,38,42,17,36,40,37,2,3,7,25,42,4,10,26,33,23,43,6,18,27,35,15,29,30,34,44,1,16,20,14,19,31,32,39,8,21,28,11,12,13,22,41,45,5,24,38,9
153,3,8,11,12,13,36,33,6,33,38,39,34,2,2,6,33,34,38,39,17,36,40,37,2,3,7,25,42,26,4,10,33,23,43,6,18,27,29,34,35,1,15,30,44,16,20,14,19,31,32,39,8,13,21,28,5,11,12,22,41,45,24,38,9
154,6,19,21,35,40,45,20,16,31,37,21,3,42,3,16,21,31,37,42,17,36,40,3,37,2,7,25,42,26,4,10,33,23,43,6,18,27,29,34,35,1,15,30,44,16,20,8,13,14,19,31,32,39,11,12,21,28,5,22,41,45,24,38,9
155,16,19,20,32,33,41,4,26,27,28,34,13,42,13,26,27,28,34,42,17,36,40,3,37,2,7,25,42,26,4,10,33,6,23,35,43,18,27,29,34,1,15,30,44,16,19,20,8,13,14,21,31,32,39,11,12,28,45,5,22,41,24,38,9
156,5,18,28,30,42,45,2,41,18,38,27,9,40,9,18,27,38,40,41,17,36,40,3,37,2,7,25,42,26,33,4,10,6,23,35,43,18,27,29,34,1,15,16,19,20,30,44,32,8,13,14,21,31,39,11,12,28,41,45,5,22,24,38,9
157,19,26,30,33,35,39,37,26,10,21,11,17,36,10,11,17,21,26,36,17,36,40,3,37,42,2,7,25,26,33,4,10,6,18,23,35,43,27,29,30,34,1,15,16,19,20,44,32,8,13,14,21,28,31,39,45,5,11,12,41,22,24,38,9
158,4,9,13,18,21,34,7,12,45,32,16,34,23,12,16,23,32,34,45,17,36,40,3,37,42,2,7,25,26,33,4,10,35,6,18,23,30,43,19,27,29,34,1,15,16,20,44,32,39,8,13,14,21,28,31,45,5,11,12,41,22,24,38,9
159,1,18,30,41,42,43,32,24,14,18,41,6,20,6,14,18,20,24,41,17,36,40,3,37,42,2,7,25,26,33,4,10,18,35,6,23,30,34,43,19,27,29,1,15,16,20,44,13,21,32,39,8,14,28,31,45,5,11,12,41,22,9,24,38
160,3,7,8,34,39,41,1,5,8,33,20,32,37,5,8,20,32,33,37,17,36,40,42,3,37,2,7,25,26,33,4,18,10,30,35,43,6,23,34,1,19,27,29,15,16,20,44,13,21,32,39,8,14,28,31,41,45,5,11,12,22,9,24,38
161,22,34,36,40,42,45,44,42,16,2,3,5,38,2,3,5,16,38,42,17,36,40,3,42,7,37,2,25,26,33,4,18,10,30,34,35,43,6,23,1,19,27,29,15,16,20,39,44,8,13,21,32,41,14,28,31,45,5,11,12,22,9,24,38
162,1,5,21,25,38,41,24,21,39,32,9,45,34,9,21,32,34,39,45,36,40,17,42,3,7,37,2,25,26,33,4,18,34,10,30,35,43,6,23,1,19,27,29,15,16,20,39,44,8,13,21,32,41,45,14,28,31,5,11,12,22,9,24,38
163,7,11,26,28,29,44,16,6,40,10,38,24,31,6,10,24,31,38,40,36,40,17,42,3,7,25,37,2,26,33,4,18,34,10,30,35,43,1,6,23,19,27,29,15,16,20,21,39,41,44,8,13,32,45,5,14,28,31,11,12,22,38,9,24
164,6,9,10,11,39,41,27,20,44,15,38,30,31,15,20,30,31,38,44,36,40,17,42,3,7,25,26,37,2,33,4,18,34,10,30,35,43,1,6,23,29,19,27,44,15,16,20,21,39,41,8,13,28,32,45,5,11,14,31,12,22,38,9,24
165,5,13,18,19,22,42,31,38,34,14,23,42,4,4,14,23,34,38,42,36,40,17,42,3,7,25,26,37,2,33,4,10,18,34,6,30,35,43,1,23,29,19,27,39,41,44,15,16,20,21,8,11,13,28,32,45,5,14,31,12,22,9,38,24
166,9,12,27,36,39,45,14,43,42,24,1,25,38,1,24,25,38,42,43,36,40,42,17,3,7,25,26,37,2,18,33,4,10,34,6,30,35,43,1,19,23,29,27,39,41,44,13,15,16,20,21,5,8,11,28,32,45,14,22,31,12,9,38,24
167,24,27,28,30,36,39,4,45,23,37,17,1,25,1,17,23,25,37,45,36,40,42,17,3,7,25,26,37,2,18,33,4,10,34,6,30,35,43,1,19,23,27,29,39,41,44,13,15,16,20,21,45,5,8,11,28,32,12,14,22,31,9,38,24
168,3,10,31,40,42,43,30,5,14,42,2,3,21,2,3,5,14,21,42,36,40,42,17,3,7,25,26,37,2,18,33,4,10,30,34,6,27,35,39,43,1,19,23,29,41,44,13,15,16,20,21,28,45,5,8,11,32,12,14,22,31,9,24,38
169,16,27,35,37,43,45,19,30,19,20,9,17,34,9,17,19,20,30,34,36,40,42,3,17,7,25,26,37,2,10,18,33,4,30,34,43,6,27,35,39,1,19,23,29,41,44,13,15,16,20,21,28,45,5,8,11,31,32,12,14,22,9,24,38
170,2,11,13,15,31,42,10,10,37,30,31,38,3,3,10,30,31,37,38,36,40,42,3,17,7,37,25,26,2,10,18,33,43,4,27,30,34,35,6,39,1,19,23,29,16,41,44,45,13,15,20,21,28,5,8,11,31,32,12,14,22,9,24,38
171,4,16,25,29,34,35,1,15,28,9,25,18,19,9,15,18,19,25,28,36,42,40,3,17,7,37,2,25,26,10,18,33,43,4,27,30,34,35,6,39,1,19,23,29,13,15,16,41,44,45,11,20,21,28,31,5,8,32,12,14,22,9,24,38
172,4,19,21,24,26,41,35,11,25,34,44,10,29,10,11,25,29,34,44,36,42,40,3,17,7,25,37,2,26,4,10,18,33,34,35,43,27,30,6,29,39,1,16,19,23,13,15,41,44,45,11,20,21,28,31,5,8,32,12,14,22,9,24,38
173,3,9,24,30,33,34,18,4,43,44,19,14,15,4,14,15,19,43,44,36,42,40,3,17,7,25,26,37,2,4,10,18,33,34,35,43,27,30,6,19,29,39,1,16,23,41,13,15,21,44,45,11,20,28,31,5,8,32,12,14,22,9,24,38
174,13,14,18,22,35,39,16,28,42,15,43,17,23,15,17,23,28,42,43,36,42,40,3,17,7,25,26,37,2,4,33,34,10,18,30,35,43,27,6,19,29,39,1,16,23,41,13,15,21,44,45,11,20,28,31,5,8,32,9,12,14,22,24,38
175,19,26,28,31,33,36,17,22,8,35,36,13,1,1,8,13,22,35,36,36,42,40,3,17,7,25,26,37,2,4,18,33,34,35,10,30,43,27,39,6,19,29,1,13,16,23,41,15,21,44,45,11,20,28,31,5,8,14,22,32,9,12,24,38
176,4,17,30,32,33,34,15,12,5,17,41,9,14,5,9,12,14,17,41,36,42,40,3,17,26,7,25,33,37,2,4,18,34,35,10,30,43,19,27,39,6,29,1,13,16,23,41,15,21,28,31,44,45,11,20,5,8,14,22,32,9,12,24,38
177,1,10,13,16,37,43,6,24,17,25,26,12,18,12,17,18,24,25,26,36,42,40,3,17,26,33,4,7,25,34,37,2,18,30,35,10,43,19,27,39,6,29,1,13,16,23,41,15,21,28,31,44,45,11,20,32,5,8,14,22,9,12,24,38
178,1,5,11,12,18,23,9,22,38,35,43,15,27,15,22,27,35,38,43,36,42,40,3,17,26,33,37,4,7,25,34,2,10,18,30,35,43,19,27,39,1,6,13,16,29,23,41,15,21,28,31,44,45,11,20,32,5,8,14,22,9,12,24,38
179,5,9,17,25,39,43,32,36,43,5,12,22,18,5,12,18,22,36,43,36,42,40,3,17,26,33,37,4,7,18,25,34,2,10,30,35,43,1,19,27,39,6,13,16,23,29,41,11,15,21,28,31,44,45,5,20,32,8,12,14,22,9,24,38
180,2,15,20,21,29,34,22,15,31,37,32,27,13,13,15,27,31,32,37,36,42,17,40,3,25,26,33,37,4,7,18,34,43,2,10,30,35,39,1,19,27,6,13,16,23,29,41,5,11,15,21,28,31,44,45,20,32,8,9,12,14,22,24,38
181,14,21,23,32,40,45,44,42,29,27,38,4,37,4,27,29,37,38,42,36,42,17,40,3,25,26,33,34,37,2,4,7,18,43,10,30,35,39,1,19,27,29,6,13,16,23,15,21,41,5,11,20,28,31,44,45,32,8,9,12,14,22,24,38
182,13,15,27,29,34,40,35,26,29,23,24,9,2,2,9,23,24,26,29,36,40,42,17,3,25,26,33,34,37,2,4,7,18,43,10,30,35,39,1,19,23,27,29,6,13,16,21,15,41,45,5,11,20,28,31,32,44,14,8,9,12,22,24,38
183,2,18,24,34,40,42,5,11,14,44,6,2,3,2,3,6,11,14,44,36,40,42,17,3,34,25,26,33,37,2,4,7,18,43,10,30,35,27,29,39,1,13,19,23,6,15,16,21,41,45,5,11,20,28,31,32,44,14,8,9,12,22,24,38
184,1,2,6,16,20,33,41,22,7,26,28,34,11,7,11,22,26,28,34,40,36,42,17,34,3,2,18,25,26,33,37,4,7,43,10,30,35,27,29,39,1,13,19,23,6,15,16,21,41,45,5,11,20,28,31,32,44,14,8,9,12,22,24,38
185,1,2,4,8,19,38,14,19,6,13,40,26,45,6,13,19,26,40,45,40,36,42,17,34,2,3,33,18,25,26,37,4,7,43,10,30,35,1,27,29,39,6,13,16,19,23,15,21,20,41,45,5,11,28,31,32,44,14,8,9,12,22,24,38
186,4,10,14,19,21,45,9,9,17,40,20,29,32,9,17,20,29,32,40,40,36,42,2,17,34,3,33,4,18,25,26,37,7,43,1,10,30,35,19,27,29,39,6,13,16,23,15,21,20,41,45,5,11,28,31,32,44,8,14,9,12,22,24,38
187,1,2,8,18,29,38,42,17,4,40,10,22,45,4,10,17,22,40,45,40,36,42,2,17,34,3,4,33,18,25,26,37,7,10,43,1,19,30,35,27,29,39,6,13,16,21,23,15,45,20,41,5,11,14,28,31,32,44,8,9,12,22,24,38
188,19,24,27,30,31,34,36,18,44,22,20,38,6,6,18,20,22,38,44,40,36,42,2,17,34,3,4,18,33,25,26,37,1,7,10,43,19,29,30,35,27,39,6,13,16,21,23,15,45,20,41,5,8,11,14,28,31,32,44,9,12,22,24,38
189,8,14,32,35,37,45,28,35,37,39,22,13,30,13,22,30,35,37,39,40,36,42,2,34,17,3,4,18,33,25,26,37,1,7,10,19,30,43,27,29,35,39,6,13,16,21,23,15,45,20,31,41,5,8,11,14,28,32,44,24,9,12,22,38
190,8,14,18,30,31,44,15,31,32,9,18,34,40,9,18,31,32,34,40,40,36,42,2,34,17,3,4,18,33,37,25,26,1,7,10,19,30,35,43,27,29,39,6,13,16,21,23,45,15,8,14,20,31,32,41,5,11,28,44,24,9,12,22,38
191,5,6,24,25,32,37,8,38,24,41,12,35,11,11,12,24,35,38,41,40,36,42,2,34,17,18,3,4,33,37,25,26,30,1,7,10,19,35,43,27,29,39,6,13,16,21,23,45,8,14,15,31,20,32,41,44,5,11,28,24,9,12,22,38
192,4,8,11,18,37,45,33,10,30,39,7,8,29,7,8,10,29,30,39,40,36,42,2,34,17,18,37,3,4,25,33,26,30,1,7,10,19,35,43,27,29,6,39,13,16,21,23,45,8,14,15,31,32,5,20,41,44,11,24,28,9,12,22,38
193,6,14,18,26,36,39,13,23,31,5,13,2,24,2,5,13,23,24,31,40,36,42,2,18,34,37,4,17,3,25,33,26,30,1,7,10,19,35,43,27,29,6,39,45,8,13,16,21,23,14,15,31,32,5,11,20,41,44,24,28,9,12,22,38
194,15,20,23,26,39,44,28,32,37,31,12,24,39,12,24,31,32,37,39,36,40,18,42,2,34,37,4,17,3,25,26,33,30,1,7,10,19,35,43,6,27,29,39,45,8,13,14,16,21,23,15,31,32,5,11,20,41,44,24,28,9,12,22,38
195,7,10,19,22,35,40,31,16,17,18,44,19,2,2,16,17,18,19,44,36,40,18,42,2,34,37,4,17,26,3,25,33,30,1,7,10,19,35,39,43,6,27,29,23,45,8,13,14,15,16,21,20,31,32,44,5,11,41,24,28,9,12,22,38
196,35,36,37,41,44,45,30,18,2,7,39,36,26,2,7,18,26,36,39,40,36,18,42,2,34,37,4,17,26,3,25,33,7,10,19,30,35,1,39,43,6,27,29,23,45,8,13,14,15,16,21,20,31,32,44,5,11,41,24,28,22,9,12,38
197,7,12,16,34,42,45,4,15,44,31,7,5,25,5,7,15,25,31,44,36,40,18,37,42,2,34,4,17,26,3,25,33,35,7,10,19,30,1,39,43,6,27,29,45,23,8,13,14,15,16,21,44,20,31,32,41,5,11,24,28,22,9,12,38
198,12,19,20,25,41,45,2,42,17,34,13,37,22,13,17,22,34,37,42,36,40,42,18,34,37,2,4,17,26,3,7,25,33,35,10,19,30,1,39,43,45,6,27,29,16,23,8,13,14,15,21,44,20,31,32,41,5,11,24,28,12,22,9,38
199,14,21,22,25,30,36,43,30,33,43,10,18,1,1,10,18,30,33,43,36,40,42,18,34,37,2,4,17,25,26,3,7,19,33,35,10,30,45,1,39,43,6,27,29,16,23,8,13,14,15,20,21,41,44,31,32,5,11,12,24,28,22,9,38
200,5,6,13,14,17,20,7,38,23,31,26,10,33,10,23,26,31,33,38,36,40,42,18,34,37,2,25,4,17,26,3,7,19,30,33,35,10,45,1,39,43,6,27,29,14,16,21,23,8,13,15,20,41,44,31,32,5,11,12,22,24,28,9,38
201,3,11,24,38,39,44,26,12,39,42,45,22,35,12,22,35,39,42,45,36,40,42,18,34,37,2,17,25,4,26,3,7,19,30,33,35,10,45,1,6,39,43,14,27,29,13,16,20,21,23,8,15,41,44,5,31,32,11,12,22,24,28,9,38
202,12,14,27,33,39,44,17,41,24,25,16,19,32,16,19,24,25,32,41,36,40,42,18,34,37,2,17,25,3,4,26,7,19,30,33,35,10,39,45,1,6,43,14,27,29,13,16,20,21,23,44,8,15,41,5,11,31,32,24,12,22,28,9,38
203,1,3,11,24,30,32,7,21,10,37,41,16,39,10,16,21,37,39,41,36,40,42,18,34,37,2,17,25,3,4,26,33,7,19,30,35,39,10,45,1,6,14,27,43,29,44,13,16,20,21,23,8,15,41,5,11,31,32,12,24,22,28,9,38
204,3,12,14,35,40,45,5,8,41,23,17,2,21,2,8,17,21,23,41,36,40,42,18,34,37,2,3,17,25,4,26,30,33,7,19,35,39,1,10,45,6,14,27,43,29,44,13,16,20,21,23,8,11,15,32,41,5,24,31,12,22,28,9,38
205,1,3,21,29,35,37,30,20,4,31,26,15,7,4,7,15,20,26,31,36,40,42,3,18,34,37,2,17,25,4,26,30,33,35,7,19,39,45,1,10,14,6,27,43,29,44,13,16,20,21,23,8,11,15,32,41,5,12,24,31,22,28,9,38
206,1,2,3,15,20,25,43,16,8,3,35,31,10,3,8,10,16,31,35,36,40,3,37,42,18,34,2,17,25,35,4,26,30,33,1,7,19,39,45,10,14,6,27,29,43,21,44,13,16,20,23,8,11,15,32,41,5,12,24,31,22,28,9,38
207,3,11,14,31,32,37,38,3,35,22,41,36,4,3,4,22,35,36,41,36,40,3,37,42,2,18,25,34,17,35,1,4,26,30,33,7,19,39,45,10,14,6,27,29,43,20,21,44,13,15,16,23,8,11,32,41,5,12,24,31,22,28,9,38
208,14,25,31,34,40,44,24,18,8,37,9,3,29,3,8,9,18,29,37,3,36,40,37,42,2,18,25,34,17,35,1,4,26,30,33,7,14,19,39,45,10,6,27,29,43,20,21,44,11,13,15,16,23,32,8,31,41,5,12,24,22,28,9,38
209,2,7,18,20,24,33,37,8,18,9,28,41,17,8,9,17,18,28,41,40,3,36,37,25,34,42,2,18,17,35,1,4,14,26,30,33,7,19,39,45,10,6,27,29,43,44,20,21,11,13,15,16,23,31,32,8,41,5,12,24,22,28,9,38
210,10,19,22,23,25,37,39,22,19,42,34,7,4,4,7,19,22,34,42,40,3,36,37,2,18,25,34,42,17,33,35,1,4,7,14,26,30,19,39,45,10,6,20,27,29,43,44,21,11,13,15,16,23,31,32,8,24,41,5,12,22,28,9,38
211,12,13,17,20,33,41,8,41,32,10,24,11,39,10,11,24,32,39,41,40,3,36,37,25,2,18,34,42,17,33,35,1,4,7,14,19,26,30,10,39,45,6,20,27,29,43,44,21,23,11,13,15,16,31,32,8,24,41,5,12,22,28,9,38
212,11,12,18,21,31,38,8,32,39,7,30,35,45,7,30,32,35,39,45,40,3,36,37,25,2,18,34,42,17,33,35,1,4,7,14,19,26,30,10,39,45,20,6,27,29,43,44,13,21,23,11,15,16,31,32,41,8,12,24,5,22,28,9,38
213,2,3,4,5,20,24,42,7,2,14,41,23,40,2,7,14,23,40,41,40,3,36,37,18,25,2,34,42,17,33,35,1,4,7,14,19,26,30,10,39,45,20,6,21,27,29,43,44,11,13,23,31,12,15,16,32,41,8,24,5,22,28,38,9
214,5,7,20,25,28,37,32,40,15,21,7,43,4,4,7,15,21,40,43,3,40,36,37,2,18,25,34,42,17,33,4,35,1,7,14,19,26,30,10,20,39,45,6,21,27,29,43,44,11,13,23,31,12,15,16,24,32,41,5,8,22,28,38,9
215,2,3,7,15,43,44,4,6,1,13,36,28,29,1,6,13,28,29,36,3,37,40,25,36,2,18,34,42,17,33,4,7,35,1,14,19,20,26,30,10,39,45,6,21,27,29,43,44,11,13,23,31,5,12,15,16,24,32,41,8,22,28,38,9
216,7,16,17,33,36,40,1,10,37,11,12,6,3,3,6,10,11,12,37,3,37,40,2,25,36,18,34,42,7,17,33,4,35,1,14,19,20,26,30,10,39,45,43,44,6,21,27,29,11,13,15,23,31,5,12,16,24,32,41,8,22,28,38,9
217,16,20,27,33,35,39,38,33,18,28,10,14,22,10,14,18,22,28,33,3,40,36,37,2,25,18,7,17,33,34,42,4,35,1,14,19,20,26,30,10,39,45,43,44,6,21,27,29,11,13,15,16,23,31,5,12,24,32,41,8,22,28,38,9
218,1,8,14,18,29,44,20,16,41,17,7,30,26,7,16,17,26,30,41,3,40,36,37,2,25,18,33,7,17,34,42,35,4,20,1,14,19,26,30,39,10,45,27,43,44,6,16,21,29,11,13,15,23,31,5,12,24,32,41,8,22,28,38,9
219,4,11,20,26,35,37,16,15,31,17,19,13,4,4,13,15,17,19,31,3,40,36,37,2,18,25,33,7,17,34,42,35,1,4,14,20,19,26,30,39,10,44,45,27,29,43,6,16,21,11,13,15,23,31,5,8,12,24,32,41,22,28,38,9
220,5,11,19,21,34,43,31,36,29,19,31,11,27,11,19,27,29,31,36,3,37,40,36,2,18,25,33,7,17,34,35,42,4,20,1,14,26,19,30,39,10,44,45,27,29,43,6,11,16,21,13,15,23,31,5,8,12,24,32,41,22,28,38,9
221,2,20,33,35,37,40,10,5,15,8,12,2,3,2,3,5,8,12,15,3,37,40,36,2,18,25,33,34,7,17,35,42,4,20,1,14,19,26,30,39,10,43,44,45,11,21,27,29,6,16,5,13,15,23,31,8,12,24,32,41,22,28,38,9
222,5,7,28,29,39,43,44,32,11,43,29,21,23,11,21,23,29,32,43,37,40,3,2,36,18,25,33,34,35,7,17,20,42,4,1,14,19,26,30,39,10,43,44,45,11,21,27,29,6,16,5,13,15,23,31,8,12,24,32,41,22,28,38,9
223,1,3,18,20,26,27,38,16,3,6,13,19,29,3,6,13,16,19,29,37,40,3,2,36,18,25,33,7,34,35,17,20,42,4,1,14,19,26,39,30,43,10,29,44,45,11,21,27,5,6,16,13,15,23,31,8,12,24,32,41,28,22,38,9
224,4,19,26,27,30,42,7,16,19,17,24,21,14,14,16,17,19,21,24,3,37,40,2,18,36,25,33,7,20,34,35,17,42,1,4,26,14,19,39,30,43,10,27,29,44,45,11,21,5,6,16,13,15,23,31,8,12,24,32,41,28,22,38,9
225,5,11,13,19,31,36,7,30,28,33,18,36,6,6,18,28,30,33,36,3,37,40,2,18,36,25,33,7,20,34,35,42,4,17,26,1,19,14,30,39,27,43,10,29,44,45,11,21,5,6,16,13,15,23,31,8,12,24,32,41,28,22,38,9
226,2,6,8,14,21,22,34,5,31,37,19,30,43,5,19,30,31,37,43,3,37,40,36,2,18,25,33,7,20,34,35,42,4,17,19,26,1,14,30,39,27,43,10,11,29,44,45,5,21,6,13,16,31,15,23,8,12,24,32,41,28,22,38,9
227,4,5,15,16,22,42,2,14,30,36,33,42,13,13,14,30,33,36,42,3,37,40,2,36,18,25,33,7,20,34,35,42,4,17,19,26,1,14,30,39,27,43,10,11,21,29,44,45,5,6,13,16,31,8,15,23,12,24,32,41,22,28,38,9
228,17,25,35,36,39,44,23,15,7,14,5,21,29,5,7,14,15,21,29,3,37,40,2,36,18,25,33,42,4,7,20,34,35,17,19,26,1,14,30,39,27,43,5,10,11,21,29,44,45,6,16,13,15,31,8,23,12,24,32,41,22,28,38,9
229,4,5,9,11,23,38,35,11,25,45,27,37,44,11,25,27,37,44,45,3,36,37,40,2,18,25,33,35,42,4,7,17,20,34,19,26,1,14,39,30,27,43,44,5,10,11,21,29,45,6,16,13,15,31,8,23,12,24,32,41,22,28,38,9
230,5,11,14,29,32,33,12,22,23,19,29,40,9,9,19,22,23,29,40,3,36,37,40,2,18,25,4,33,35,42,7,17,20,34,19,26,1,14,39,30,5,11,27,43,44,10,21,29,45,6,16,13,15,23,31,8,12,24,32,41,22,28,38,9
231,5,10,19,31,44,45,27,21,28,17,36,27,30,17,21,27,28,30,36,3,36,37,40,2,18,25,33,4,35,42,7,17,20,34,14,19,26,1,39,5,11,30,27,29,43,44,10,21,45,6,16,13,15,23,31,8,32,12,24,41,22,28,38,9
232,8,9,10,12,24,44,35,37,45,25,39,40,24,24,25,37,39,40,45,3,36,37,40,2,18,25,33,4,35,42,7,17,19,20,34,14,26,1,5,39,11,30,44,10,27,29,43,45,21,6,16,31,13,15,23,8,32,12,24,41,22,28,38,9
233,4,6,13,17,28,40,39,9,31,35,13,43,4,4,9,13,31,35,43,3,36,37,40,2,18,25,33,4,35,42,7,17,19,20,34,14,26,1,5,39,44,10,11,30,27,29,43,45,21,6,16,31,8,13,15,23,12,24,32,41,22,28,9,38
234,13,21,22,24,26,37,4,32,31,42,39,18,4,4,18,31,32,39,42,40,3,36,37,2,4,18,25,33,17,35,42,7,19,20,34,14,26,1,5,39,44,10,11,30,27,29,43,45,6,21,13,16,31,8,15,23,12,24,32,41,22,28,9,38
235,21,22,26,27,31,37,8,26,41,16,27,34,1,1,16,26,27,34,41,37,40,3,36,2,4,18,25,33,17,35,42,7,19,20,26,34,14,1,5,39,44,10,11,30,21,27,29,43,45,6,13,16,31,8,15,23,24,12,32,22,41,28,9,38
236,1,4,8,13,37,39,7,19,6,35,32,1,21,1,6,19,21,32,35,37,40,3,36,2,4,18,25,33,17,26,35,42,7,19,20,34,14,1,5,39,44,10,11,21,27,30,29,43,45,6,13,31,16,8,15,23,24,12,22,32,41,28,9,38
237,1,11,17,21,24,44,33,18,24,10,25,38,22,10,18,22,24,25,38,37,40,3,36,2,4,18,25,33,17,26,35,42,7,19,20,34,1,14,39,5,44,10,11,21,27,30,13,29,43,45,6,31,8,16,15,23,24,12,22,32,41,28,9,38
238,2,4,15,28,31,34,35,5,6,37,43,33,18,5,6,18,33,37,43,37,40,3,36,2,4,17,18,25,33,26,35,42,1,7,19,20,34,14,39,44,5,11,21,10,27,30,13,29,43,45,6,31,8,16,24,15,23,12,22,32,41,28,9,38
239,11,15,24,39,41,44,7,23,35,37,20,43,21,20,21,23,35,37,43,37,40,2,3,4,36,17,18,25,33,26,34,35,42,1,7,19,20,14,39,44,5,11,21,10,27,30,13,29,31,43,45,6,8,15,16,24,23,12,22,32,28,41,9,38
240,6,10,16,40,41,43,21,33,25,37,2,42,31,2,25,31,33,37,42,37,40,2,3,4,36,17,18,25,33,26,34,35,42,1,7,19,20,39,44,11,14,5,21,10,27,30,13,29,31,43,45,6,15,24,8,16,23,12,22,32,41,28,9,38
241,2,16,24,27,28,35,21,3,35,36,26,43,13,3,13,26,35,36,43,37,40,2,3,4,36,17,18,25,33,26,34,35,42,1,7,19,20,39,44,11,14,5,10,21,27,30,43,6,13,29,31,45,15,16,24,8,23,41,12,22,32,28,9,38
242,4,19,20,21,32,34,43,5,17,18,25,43,13,5,13,17,18,25,43,37,40,2,3,4,36,17,18,25,33,35,26,34,42,1,7,19,20,39,44,11,14,5,10,21,27,30,43,6,13,16,24,29,31,45,15,8,23,41,12,22,28,32,9,38
243,2,12,17,19,28,42,34,3,41,7,13,43,16,3,7,13,16,41,43,37,40,2,4,3,36,17,18,25,33,34,35,19,20,26,42,1,7,39,44,11,14,21,5,10,27,30,43,6,13,16,24,29,31,45,15,8,23,32,41,12,22,28,9,38
244,13,16,25,36,37,38,19,30,31,10,6,1,45,1,6,10,30,31,45,37,2,40,4,3,36,17,18,19,25,33,34,35,42,20,26,1,7,39,44,11,14,21,5,10,27,30,43,6,13,16,24,29,31,45,15,8,12,23,28,32,41,22,9,38
245,9,11,27,31,32,38,22,45,21,26,34,41,44,21,26,34,41,44,45,37,2,40,4,36,3,17,25,18,19,33,34,35,42,20,26,1,7,39,44,11,14,21,5,10,27,13,16,30,43,6,24,29,31,45,15,8,12,23,28,32,41,22,38,9
246,13,18,21,23,26,39,15,27,9,23,40,16,20,9,16,20,23,27,40,37,2,40,4,36,3,17,25,18,19,33,34,35,42,20,26,1,7,11,39,44,14,21,27,5,10,13,16,30,31,43,6,24,29,45,15,8,32,12,23,28,41,22,38,9
247,12,15,28,36,39,40,13,40,36,41,5,17,3,3,5,17,36,40,41,37,2,40,4,36,3,17,18,25,19,26,33,34,35,42,20,39,1,7,11,21,44,14,27,5,10,13,16,30,31,43,6,24,29,45,15,8,23,32,12,28,41,22,38,9
248,3,8,17,23,38,45,13,6,37,7,39,44,36,6,7,36,37,39,44,37,40,2,36,4,3,17,18,25,19,26,33,34,35,39,42,20,1,7,11,21,44,14,27,5,10,13,16,30,31,43,6,15,24,29,45,8,12,23,28,32,41,22,38,9
249,3,8,27,31,41,44,11,5,37,24,30,42,22,5,22,24,30,37,42,37,40,2,36,3,4,17,18,25,19,26,33,34,35,39,42,20,1,7,11,21,44,14,27,5,10,13,16,30,31,43,45,6,15,24,29,8,23,12,28,32,41,22,38,9
250,19,23,30,37,43,45,38,10,38,30,1,31,32,1,10,30,31,32,38,37,40,2,3,36,4,17,18,25,19,26,33,34,35,39,42,20,44,1,7,11,21,27,14,5,10,13,31,16,30,43,45,6,8,15,24,29,23,12,28,32,41,22,38,9
251,6,7,19,25,28,38,45,33,20,9,10,40,44,9,10,20,33,40,44,37,40,2,3,36,4,17,18,19,25,26,33,34,35,39,42,20,44,1,7,11,21,27,14,5,10,13,30,31,43,45,16,6,8,15,23,24,29,12,28,32,41,22,38,9
252,14,23,26,31,39,45,28,24,36,11,29,15,31,11,15,24,29,31,36,37,40,2,3,36,4,17,19,25,18,26,33,34,35,39,42,7,20,44,1,11,21,27,14,5,10,13,30,31,43,45,6,16,8,15,23,24,29,28,12,32,41,22,38,9
253,8,19,25,31,34,36,33,35,8,9,25,14,5,5,8,9,14,25,35,37,40,2,3,36,4,17,19,25,18,26,39,33,34,35,42,7,20,44,1,11,14,21,27,31,45,5,10,13,30,43,6,16,23,8,15,24,29,28,12,32,41,22,38,9
254,1,5,19,20,24,30,27,20,27,7,18,37,30,7,18,20,27,30,37,37,36,40,2,3,4,19,25,17,18,26,34,39,33,35,42,7,20,44,1,11,14,21,27,31,45,5,10,13,30,43,6,8,16,23,15,24,29,28,12,32,41,22,38,9
255,1,5,6,24,27,42,32,18,26,32,36,24,17,17,18,24,26,32,36,37,36,40,2,3,19,4,25,17,18,26,34,39,20,33,35,42,1,7,44,11,14,21,27,31,5,30,45,10,13,43,6,8,16,23,24,15,29,28,12,32,41,22,38,9
256,4,11,14,21,23,43,32,7,23,24,25,36,33,7,23,24,25,33,36,37,36,40,2,3,19,4,25,17,18,26,34,39,42,1,20,33,35,7,27,44,5,11,14,21,31,30,45,6,10,13,24,43,8,16,23,15,29,28,12,32,41,22,38,9
257,6,13,27,31,32,37,4,30,32,23,26,41,1,1,23,26,30,32,41,37,36,40,2,3,4,19,25,17,18,26,34,39,42,1,20,33,35,7,11,14,21,27,44,5,31,30,43,45,6,10,13,23,24,8,16,15,29,28,12,32,41,22,38,9
258,14,27,30,31,38,40,17,22,17,29,24,44,3,3,17,22,24,29,44,37,36,40,2,3,4,19,25,17,18,26,34,39,42,1,20,27,33,35,7,11,14,21,31,44,5,6,13,30,43,45,10,23,24,8,16,15,29,28,32,12,41,22,38,9
259,4,5,14,35,42,45,34,6,26,17,21,15,31,6,15,17,21,26,31,37,40,36,2,3,4,19,25,17,18,26,27,34,39,42,1,14,20,31,33,35,7,11,21,44,5,30,6,13,43,45,10,23,24,8,16,15,29,28,32,12,41,22,38,9
260,7,12,15,24,37,40,43,23,41,37,34,1,2,1,2,23,34,37,41,37,40,4,36,2,3,19,25,17,42,14,18,26,27,34,35,39,1,20,31,33,5,7,11,21,44,30,45,6,13,43,10,23,24,8,16,15,29,28,32,12,41,22,38,9
261,6,11,16,18,31,43,2,29,24,37,12,21,32,12,21,24,29,32,37,37,40,4,36,2,3,19,25,17,42,14,18,26,27,34,35,39,1,7,20,31,33,5,11,21,44,30,45,6,13,24,43,10,23,8,15,16,29,12,28,32,41,22,38,9
262,9,12,24,25,29,31,36,45,39,32,8,38,15,8,15,32,38,39,45,37,40,4,36,2,3,19,25,17,18,42,14,26,27,31,34,35,39,1,7,11,20,33,5,21,44,6,30,43,45,13,24,10,16,23,8,15,29,12,28,32,41,22,38,9
263,1,27,28,32,37,40,18,19,15,40,41,1,2,1,2,15,19,40,41,37,40,4,36,2,3,19,25,17,18,31,42,14,26,27,34,35,39,1,7,11,20,33,5,21,44,6,24,30,43,45,13,10,16,23,8,15,29,12,28,32,41,22,38,9
264,9,16,27,36,41,44,5,45,34,11,4,42,26,4,11,26,34,42,45,37,40,4,36,2,3,19,25,17,18,27,31,42,1,14,26,34,35,39,7,11,20,33,5,21,44,6,24,30,43,45,13,10,16,23,8,15,29,12,28,32,41,22,38,9
265,5,9,34,37,38,39,12,25,45,17,1,44,19,1,17,19,25,44,45,37,40,36,4,2,3,19,25,27,17,18,31,42,1,14,26,34,35,39,7,11,20,33,44,5,21,6,24,30,43,45,13,16,10,23,8,15,29,12,28,32,41,22,38,9
266,3,4,9,11,22,42,37,6,4,45,22,44,15,4,6,15,22,44,45,37,40,36,4,2,3,19,25,27,17,18,31,34,39,42,1,14,26,35,5,7,11,20,33,44,21,6,24,30,43,45,13,16,10,23,8,15,29,12,28,32,41,38,22,9
267,7,8,24,34,36,41,1,22,36,28,14,4,42,4,14,22,28,36,42,37,40,4,36,3,2,19,25,27,42,17,18,31,34,39,1,11,14,26,35,5,7,20,33,44,21,6,24,30,43,45,13,16,10,23,8,15,29,12,28,32,41,22,38,9
268,3,10,19,24,32,45,12,5,35,7,27,41,31,5,7,27,31,35,41,37,40,36,4,3,2,19,25,27,34,42,17,18,31,39,1,7,11,14,26,35,5,20,33,44,21,24,6,30,43,45,13,16,8,10,23,15,29,12,28,32,41,22,38,9
269,5,18,20,36,42,43,32,22,13,23,3,11,31,3,11,13,22,23,31,37,40,36,3,4,19,2,25,27,34,42,17,18,31,39,1,7,11,14,26,35,5,20,24,33,44,21,45,6,30,43,10,13,16,8,23,15,29,32,12,28,41,22,38,9
270,5,9,12,20,21,26,27,17,45,40,21,27,22,17,21,22,27,40,45,37,36,40,3,4,19,2,25,42,18,27,34,17,31,39,1,5,7,11,14,20,26,35,24,33,44,21,43,45,6,30,10,13,16,8,23,15,29,32,12,28,41,22,38,9
271,3,8,9,27,29,40,36,4,35,43,11,39,3,3,4,11,35,39,43,37,36,40,3,4,19,2,25,42,18,27,34,5,17,20,26,31,39,1,7,11,14,35,21,24,33,44,43,45,6,30,10,13,16,8,23,12,15,29,32,28,41,9,22,38
272,7,9,12,27,39,43,28,20,43,38,9,18,28,9,18,20,28,38,43,37,40,36,3,4,19,2,25,27,42,18,34,5,17,20,26,31,39,1,7,11,14,35,21,24,33,44,43,45,6,30,8,10,13,16,23,29,12,15,32,28,41,9,22,38
273,1,8,24,31,34,44,6,20,32,25,19,12,28,12,19,20,25,28,32,37,40,36,3,4,19,27,2,25,42,18,34,39,5,7,17,20,26,31,1,11,14,35,21,24,33,43,44,45,6,30,8,10,13,16,12,23,29,15,32,28,41,9,22,38
274,13,14,15,26,35,39,25,34,22,39,20,24,14,14,20,22,24,34,39,37,40,36,3,4,19,27,2,25,34,42,18,31,39,1,5,7,17,20,26,11,14,24,35,44,21,33,43,45,6,8,30,10,13,16,12,23,29,15,32,28,41,9,22,38
275,14,19,20,35,38,40,26,19,6,21,22,45,2,2,6,19,21,22,45,37,40,36,3,4,19,27,2,25,34,39,42,18,26,31,1,5,7,14,17,20,35,11,24,44,21,33,43,45,6,8,13,30,10,16,12,15,23,29,32,28,41,9,22,38
276,4,15,21,33,39,41,25,5,37,26,27,11,42,5,11,26,27,37,42,37,40,36,3,4,19,27,2,25,34,39,42,14,18,20,26,31,35,1,5,7,17,11,24,44,21,33,43,45,6,8,13,30,10,16,12,15,23,29,32,28,41,9,38,22
277,10,12,13,15,25,29,20,34,37,32,35,10,39,10,32,34,35,37,39,37,40,36,3,4,19,27,39,2,25,34,42,14,18,20,26,31,35,1,5,7,17,11,21,24,33,44,43,45,6,8,13,30,10,15,16,12,23,29,32,41,28,9,38,22
278,3,11,37,39,41,43,13,4,23,1,9,41,28,1,4,9,23,28,41,37,40,36,3,4,19,25,27,39,2,34,42,14,18,20,26,31,35,1,5,7,17,11,21,24,33,44,43,13,45,6,8,10,15,30,12,16,29,23,32,41,28,9,38,22
279,7,16,31,36,37,38,11,21,37,17,4,1,44,1,4,17,21,37,44,37,40,3,36,4,19,39,25,27,2,34,42,14,18,20,26,31,35,1,5,7,11,17,21,24,33,43,44,13,45,6,8,10,15,30,12,16,29,23,41,32,28,9,38,22
280,10,11,23,24,36,37,35,33,22,39,25,3,1,1,3,22,25,33,39,37,40,36,3,4,19,39,25,27,2,31,34,42,7,14,18,20,26,35,1,5,11,17,21,24,33,43,44,13,45,6,8,10,15,16,30,12,29,23,41,32,28,9,38,22
281,1,3,4,6,14,41,12,21,4,5,32,16,40,4,5,16,21,32,40,37,36,40,3,4,19,39,25,27,2,31,34,42,7,11,14,18,20,26,35,1,5,17,24,21,33,43,44,10,13,45,6,8,15,16,30,12,23,29,41,32,28,9,38,22
282,2,5,10,18,31,32,30,10,22,30,18,12,41,10,12,18,22,30,41,37,36,40,3,4,19,39,25,27,2,14,31,34,42,1,7,11,18,20,26,35,5,17,24,21,33,43,44,6,10,13,45,8,15,16,30,12,23,29,41,32,28,9,38,22
283,6,8,18,31,38,45,42,30,33,13,11,44,32,11,13,30,32,33,44,37,36,40,3,4,19,39,2,25,27,31,14,18,34,42,1,5,7,11,20,26,35,17,24,21,33,43,44,10,6,13,45,8,15,16,30,12,23,29,41,32,28,9,38,22
284,2,7,15,24,30,45,28,9,18,34,24,36,31,9,18,24,31,34,36,37,36,40,3,4,19,31,39,2,18,25,27,14,34,42,1,5,7,11,20,26,35,17,24,21,33,43,44,6,10,45,8,13,15,16,30,12,23,29,41,32,28,38,9,22
285,13,33,37,40,41,45,2,33,26,1,3,40,29,1,3,26,29,33,40,37,36,40,3,4,2,19,31,39,18,25,27,7,14,34,42,1,5,11,20,24,26,35,17,21,33,43,44,45,6,10,8,13,15,30,16,12,23,29,41,32,28,38,9,22
286,1,15,19,40,42,44,17,17,34,7,2,16,29,2,7,16,17,29,34,37,40,36,3,4,2,19,31,39,18,25,27,7,14,34,42,1,5,11,20,24,26,35,17,33,45,21,43,44,6,10,13,8,15,30,16,41,12,23,29,32,28,38,9,22
287,6,12,24,27,35,37,41,30,38,21,12,23,1,1,12,21,23,30,38,37,40,36,3,4,19,2,31,39,18,25,27,42,1,7,14,34,5,11,20,24,26,35,17,33,44,45,21,43,6,10,13,15,8,30,16,41,12,23,29,32,28,38,9,22
288,1,12,17,28,35,41,10,14,36,24,42,19,38,14,19,24,36,38,42,37,40,36,3,4,19,2,27,31,39,18,25,42,1,7,14,24,34,35,5,11,20,26,17,33,44,45,6,21,43,10,13,15,8,30,12,16,41,23,29,32,28,38,9,22
289,3,14,33,37,38,42,10,4,17,25,1,43,15,1,4,15,17,25,43,37,40,36,3,4,19,2,27,31,39,1,18,25,35,42,7,14,24,34,5,11,17,20,26,33,44,45,6,21,43,10,13,15,8,12,30,41,16,23,29,32,28,38,9,22
290,8,13,18,32,39,45,7,34,32,14,41,10,27,10,14,27,32,34,41,37,40,3,36,4,19,2,27,31,39,42,1,14,18,25,35,7,24,34,5,11,17,20,26,33,44,45,6,21,43,10,13,15,8,12,30,41,16,23,29,32,28,38,9,22
291,3,7,8,18,20,42,45,3,17,32,9,23,12,3,9,12,17,23,32,37,40,3,36,4,19,39,2,18,27,31,42,1,14,25,35,7,24,34,5,11,17,20,26,33,45,44,6,13,21,43,8,10,15,12,30,41,16,23,29,32,28,38,9,22
292,17,18,31,32,33,34,10,23,6,12,41,25,20,6,12,20,23,25,41,37,40,3,36,4,18,19,39,42,2,27,31,1,7,14,25,35,20,24,34,5,11,17,26,33,45,44,6,8,13,21,43,10,15,12,30,41,16,23,29,32,28,38,9,22
293,1,9,17,21,29,33,24,13,44,19,31,41,22,13,19,22,31,41,44,37,40,3,36,4,18,19,31,39,42,2,27,1,7,14,25,34,35,17,20,24,33,5,11,26,45,44,6,8,13,21,43,10,15,12,30,41,16,32,23,29,28,38,9,22
294,6,10,17,30,37,38,40,29,33,16,36,1,43,1,16,29,33,36,43,37,40,3,36,4,18,19,31,39,42,1,2,27,7,14,17,25,33,34,35,20,24,5,11,26,45,21,44,6,8,13,43,10,15,12,30,41,16,29,32,23,28,38,9,22
295,1,4,12,16,18,38,8,11,5,36,38,6,42,5,6,11,36,38,42,37,40,3,36,4,18,19,31,39,42,1,2,17,27,7,14,25,33,34,35,20,24,5,11,26,45,6,21,44,8,10,13,43,15,30,12,41,16,29,32,23,38,28,9,22
296,3,8,15,27,30,45,44,3,30,35,14,36,26,3,14,26,30,35,36,37,40,3,36,4,18,1,19,31,39,42,2,17,27,7,14,25,33,34,35,20,24,5,11,26,45,6,21,44,8,10,13,43,12,15,30,16,41,29,32,23,38,28,9,22
297,6,11,19,20,28,32,34,27,25,8,21,43,40,8,21,25,27,40,43,37,3,40,36,4,18,1,19,27,31,39,42,2,17,7,14,25,33,34,35,20,24,45,5,11,26,6,8,21,44,10,13,15,30,43,12,16,41,29,32,23,38,28,9,22
298,5,9,27,29,37,40,19,25,44,9,40,1,3,1,3,9,25,40,44,37,3,40,36,4,18,19,1,27,31,39,42,2,17,7,14,20,25,33,34,35,11,24,45,5,6,26,8,21,44,10,13,15,30,43,12,16,32,41,29,23,38,28,9,22
299,1,3,20,25,36,45,24,9,3,17,18,4,25,3,4,9,17,18,25,37,40,3,36,4,18,19,27,1,31,39,42,2,17,7,14,20,25,33,34,35,5,11,24,45,6,26,8,21,44,10,13,15,30,43,12,16,29,32,41,23,38,28,9,22
300,7,9,10,12,26,38,39,17,44,31,36,27,42,17,27,31,36,42,44,37,3,40,36,4,18,1,19,27,31,39,42,2,17,20,25,7,14,33,34,35,45,5,11,24,6,26,8,21,44,10,13,15,30,43,12,16,29,32,41,23,38,28,9,22
301,7,11,13,33,37,43,26,14,24,33,19,1,36,1,14,19,24,33,36,37,3,40,36,4,18,1,19,27,31,39,42,2,7,17,20,25,14,33,34,35,45,5,11,24,26,6,8,10,21,44,12,13,15,30,43,16,29,32,41,38,23,9,28,22
302,13,19,20,32,38,42,4,30,8,16,39,41,13,8,13,16,30,39,41,37,3,40,36,4,18,1,19,27,7,31,39,42,2,17,20,25,33,11,14,34,35,45,5,24,26,6,8,10,13,21,43,44,12,15,30,16,29,32,41,38,23,9,28,22
303,2,14,17,30,38,45,43,15,20,16,36,40,23,15,16,20,23,36,40,37,3,40,36,4,18,19,1,27,42,7,20,31,39,2,17,25,33,11,14,34,35,45,5,24,26,6,13,8,10,21,43,44,12,15,30,32,16,29,38,41,23,9,28,22
304,4,10,16,26,33,41,38,5,30,39,26,19,41,5,19,26,30,39,41,37,3,40,36,4,18,19,1,27,42,2,7,17,20,31,39,14,25,33,45,11,34,35,5,24,26,6,13,8,10,21,30,43,44,12,15,32,38,16,29,41,23,9,28,22
305,7,8,18,21,23,39,9,12,30,6,31,42,17,6,12,17,30,31,42,37,3,40,36,4,18,19,1,27,42,2,7,17,20,31,33,39,14,25,45,11,26,34,35,5,24,6,10,13,8,21,30,43,44,12,15,16,32,38,41,29,23,9,28,22
306,4,18,23,30,34,41,19,5,6,42,32,23,40,5,6,23,32,40,42,37,3,40,36,4,18,19,1,7,27,39,42,2,17,20,31,33,14,25,45,11,26,34,35,5,24,6,8,10,13,21,30,43,44,12,15,16,32,38,41,29,23,9,28,22
307,5,15,21,23,25,45,12,25,36,31,41,19,21,19,21,25,31,36,41,37,3,40,4,18,36,19,1,7,27,39,42,2,17,20,31,33,14,25,34,45,11,26,35,5,24,6,8,10,13,21,30,43,44,12,15,41,16,32,38,23,29,9,28,22
308,14,15,17,19,37,45,40,20,33,14,7,1,19,1,7,14,19,20,33,37,3,40,4,18,36,19,1,7,27,39,42,2,17,20,25,31,33,45,14,34,5,11,26,35,21,24,6,8,10,13,30,15,43,44,12,41,16,23,32,38,29,9,28,22
309,1,2,5,11,18,36,22,8,15,22,23,5,6,5,6,8,15,22,23,37,3,40,4,18,36,19,1,7,17,27,39,42,45,2,14,20,25,31,33,34,5,11,26,35,21,24,6,8,10,13,15,30,43,44,12,41,16,23,32,38,29,9,28,22
310,1,5,19,28,34,41,16,8,21,7,44,23,37,7,8,21,23,37,44,37,3,40,18,36,4,19,1,2,7,17,27,39,42,45,14,20,25,31,33,5,11,34,26,35,21,24,6,8,10,13,15,30,43,44,12,41,16,23,32,38,29,9,28,22
311,4,12,24,27,28,32,10,6,37,27,12,43,40,6,12,27,37,40,43,37,3,40,18,36,4,19,1,2,7,17,27,39,42,45,5,14,20,25,31,33,34,11,26,35,21,24,6,8,10,13,15,30,41,43,44,12,16,23,32,38,29,28,9,22
312,2,3,5,6,12,20,25,10,2,16,28,34,18,2,10,16,18,28,34,37,3,40,4,18,36,19,1,27,2,7,17,39,42,45,5,14,20,25,31,33,34,11,24,26,35,21,6,8,10,13,15,30,12,41,43,44,32,16,23,38,29,28,9,22
313,9,17,34,35,43,45,2,44,13,22,26,36,17,13,17,22,26,36,44,37,3,40,4,18,36,19,1,2,27,5,7,17,20,39,42,45,14,25,31,33,34,11,24,26,35,6,21,8,10,12,13,15,30,41,43,44,32,16,23,38,29,28,9,22
314,15,17,19,34,38,41,2,33,10,7,16,41,36,7,10,16,33,36,41,37,3,40,4,18,36,19,1,2,17,27,45,5,7,20,34,39,42,14,25,31,33,11,35,24,26,6,21,8,10,12,13,15,30,43,41,44,32,16,23,38,29,28,9,22
315,1,13,33,35,43,45,23,8,33,22,24,36,13,8,13,22,24,33,36,37,3,40,4,18,19,36,1,17,2,27,34,45,5,7,20,39,42,14,25,31,33,11,35,24,26,6,15,21,8,10,12,13,30,41,43,44,32,38,16,23,29,28,9,22
316,10,11,21,27,31,39,43,33,24,30,12,22,18,12,18,22,24,30,33,37,3,40,4,18,19,36,1,17,45,2,27,34,5,7,20,33,39,42,14,25,31,35,11,24,26,6,13,15,21,43,8,10,12,30,41,44,32,38,16,23,29,28,9,22
317,3,10,11,22,36,39,8,2,29,21,45,7,14,2,7,14,21,29,45,37,3,40,4,18,19,36,1,17,27,45,2,34,39,5,7,20,31,33,42,11,14,25,35,21,24,26,6,10,13,15,43,8,12,30,41,44,32,38,16,23,29,28,9,22
318,2,17,19,20,34,45,21,13,9,7,18,14,12,7,9,12,13,14,18,37,3,36,40,4,18,19,1,17,27,39,45,2,34,5,7,11,20,31,33,42,14,25,35,10,21,24,26,6,13,15,43,8,12,30,41,44,32,38,16,23,29,28,9,22
319,5,8,22,28,33,42,37,16,33,45,43,20,21,16,20,21,33,43,45,37,3,19,36,40,4,18,1,17,45,2,27,34,39,20,5,7,11,31,33,42,14,25,35,10,21,24,26,6,13,15,43,8,12,30,41,44,32,38,16,23,29,28,9,22
320,16,19,23,25,41,45,3,40,3,41,23,36,10,3,10,23,36,40,41,37,3,19,36,40,4,18,1,17,45,2,27,34,39,5,20,33,42,7,11,31,14,25,35,10,21,24,26,6,8,13,15,43,12,30,41,44,32,38,16,23,28,29,9,22
321,12,18,20,21,25,34,42,35,7,16,26,21,13,7,13,16,21,26,35,37,3,19,36,40,4,18,45,1,17,2,27,34,39,5,20,33,42,7,11,25,31,14,35,10,21,24,26,6,8,13,15,41,43,12,30,44,16,23,32,38,28,29,9,22
322,9,18,29,32,38,43,20,44,4,43,40,41,35,4,35,40,41,43,44,37,3,19,18,36,40,4,45,1,17,34,2,20,27,39,5,25,33,42,7,11,31,14,35,21,10,24,26,6,8,12,13,15,41,43,30,44,16,23,32,38,28,29,9,22
323,10,14,15,32,36,42,3,26,23,34,37,5,19,5,19,23,26,34,37,37,3,18,19,36,40,4,45,1,17,34,2,20,27,39,5,25,33,42,7,11,31,14,35,21,10,24,26,43,6,8,12,13,15,41,30,32,38,44,16,23,29,28,9,22
324,2,4,21,25,33,36,17,12,7,26,18,19,5,5,7,12,18,19,26,37,3,18,19,36,40,4,45,1,17,34,2,20,27,39,42,5,25,33,7,11,14,31,35,10,21,15,24,26,43,6,8,12,13,41,30,32,38,44,16,23,29,28,9,22
325,7,17,20,32,44,45,33,20,11,13,37,39,8,8,11,13,20,37,39,37,3,36,18,19,4,40,45,1,2,17,34,20,25,27,33,39,42,5,7,11,14,31,21,35,10,15,24,26,43,6,8,12,13,41,30,32,38,44,16,23,29,28,9,22
326,16,23,25,33,36,39,40,40,41,14,16,3,17,3,14,16,17,40,41,37,3,36,18,19,4,40,45,17,1,2,20,34,25,27,33,39,42,5,7,11,14,31,21,35,10,15,24,26,43,6,8,12,13,32,41,30,44,38,16,23,29,28,9,22
327,6,12,13,17,32,44,24,31,33,34,9,35,38,9,31,33,34,35,38,37,36,3,18,19,4,40,45,17,1,2,20,25,33,34,39,27,42,5,7,11,14,31,21,35,10,15,24,26,43,6,8,12,13,32,41,30,44,16,23,38,29,28,9,22
328,1,6,9,16,17,28,24,10,27,44,39,7,43,7,10,27,39,43,44,37,36,3,18,19,4,17,40,45,1,2,20,25,33,34,39,27,42,5,7,11,14,31,21,35,10,6,12,13,15,24,26,32,43,8,41,44,30,16,23,38,29,28,9,22
329,9,17,19,30,35,42,4,44,4,6,39,25,18,4,6,18,25,39,44,37,36,3,17,18,19,4,40,45,1,2,20,25,33,34,39,27,42,5,7,11,14,31,21,35,6,10,12,13,15,24,26,32,43,8,41,44,16,30,23,38,28,29,9,22
330,3,4,16,17,19,20,23,3,7,39,4,5,12,3,4,5,7,12,39,37,36,3,17,19,18,4,40,45,1,2,20,25,33,34,39,42,27,5,7,11,14,31,35,21,6,10,12,13,15,24,26,32,43,8,30,41,44,16,23,38,9,28,29,22
331,4,9,14,26,31,44,39,6,42,22,32,23,39,6,22,23,32,39,42,37,3,17,19,36,4,18,40,45,1,20,2,25,33,34,39,42,27,5,7,11,14,31,35,21,6,10,12,13,15,24,26,32,43,8,16,30,41,44,23,38,9,28,29,22
332,16,17,34,36,42,45,3,37,3,15,5,17,9,3,5,9,15,17,37,37,3,17,19,36,4,18,40,45,1,20,2,25,33,34,39,42,27,5,7,14,31,11,35,21,6,10,26,12,13,15,24,32,43,44,8,16,30,41,23,38,9,28,29,22
333,5,14,27,30,39,43,35,19,21,18,38,17,35,17,18,19,21,35,38,37,17,36,3,19,4,18,45,40,1,20,34,42,2,25,33,39,27,5,7,14,31,11,35,21,6,10,26,12,13,15,16,24,32,43,44,8,30,41,23,38,9,28,29,22
334,13,15,21,29,39,43,33,31,32,25,44,13,29,13,25,29,31,32,44,37,17,36,3,19,4,18,45,40,1,20,34,39,42,2,25,27,33,5,14,7,31,11,35,21,6,10,26,43,12,13,15,16,24,30,32,44,8,41,23,38,9,28,29,22
335,5,9,16,23,26,45,21,19,42,33,40,31,8,8,19,31,33,40,42,37,17,36,3,19,4,18,45,39,40,1,20,34,42,2,25,27,33,5,14,7,31,11,21,35,43,6,10,13,15,26,12,16,24,30,32,44,8,41,23,38,9,29,28,22
336,3,5,20,34,35,44,16,4,16,12,13,25,37,4,12,13,16,25,37,37,17,36,3,19,4,45,18,39,40,1,20,34,42,2,5,25,27,33,14,7,31,11,21,35,26,43,6,10,13,15,16,12,24,30,32,44,8,41,23,9,38,29,28,22
337,1,5,14,18,32,37,4,13,14,20,8,37,1,1,8,13,14,20,37,37,3,17,36,19,4,45,18,20,34,39,40,1,5,42,2,25,27,33,14,7,31,35,11,21,26,43,6,10,13,15,16,44,12,24,30,32,8,41,23,9,38,29,28,22
338,2,13,34,38,42,45,16,16,30,12,42,15,8,8,12,15,16,30,42,37,3,17,36,19,4,18,45,1,5,20,34,39,40,42,2,14,25,27,33,7,31,35,11,21,26,43,6,10,13,15,16,32,44,12,24,30,8,41,23,9,38,29,28,22
339,6,8,14,21,30,37,45,29,38,17,25,37,1,1,17,25,29,37,38,37,3,17,36,19,45,4,18,34,1,5,20,39,40,42,2,14,25,27,33,7,31,35,11,21,13,26,43,6,10,15,16,32,44,12,24,30,8,41,23,38,9,29,28,22
340,18,24,26,29,34,38,32,8,38,28,43,9,41,8,9,28,38,41,43,37,3,17,36,19,45,4,18,34,1,5,20,39,40,42,2,14,25,27,33,7,21,31,35,11,6,13,26,43,10,15,16,30,32,44,8,12,24,41,23,38,9,29,28,22
341,1,8,19,34,39,43,41,10,37,6,9,13,29,6,9,10,13,29,37,37,3,17,36,18,19,45,4,34,1,5,20,39,40,42,2,14,25,27,33,7,21,31,35,11,26,6,13,43,10,15,16,24,30,32,44,8,12,38,41,23,9,29,28,22
342,1,13,14,33,34,43,25,10,29,17,20,7,27,7,10,17,20,27,29,37,3,17,19,36,18,34,45,4,1,39,5,20,40,42,2,14,25,27,33,7,21,31,35,11,26,43,6,13,8,10,15,16,24,30,32,44,12,38,41,23,9,29,28,22
343,1,10,17,29,31,43,15,9,31,3,43,23,25,3,9,23,25,31,43,37,3,17,19,34,36,18,45,1,4,39,5,14,20,40,42,2,33,25,27,7,21,31,35,43,11,13,26,6,8,10,15,16,24,30,32,44,12,38,41,23,9,29,28,22
344,1,2,15,28,34,45,38,7,17,32,44,5,9,5,7,9,17,32,44,37,17,3,19,34,36,1,18,45,4,39,5,14,20,40,42,2,33,25,27,31,43,7,21,35,11,13,26,6,10,8,15,16,24,30,32,44,12,38,41,23,29,9,28,22
345,15,20,23,29,39,42,2,31,15,41,42,11,17,11,15,17,31,41,42,37,17,34,1,3,19,36,45,18,4,39,2,5,14,20,40,42,33,25,27,31,43,7,21,35,11,13,26,6,10,15,8,16,24,30,32,44,12,38,41,23,29,9,28,22
346,5,13,14,22,44,45,33,15,27,16,45,37,8,8,15,16,27,37,45,37,17,34,1,3,19,36,45,18,4,39,20,42,2,5,14,40,33,25,27,31,43,7,21,35,11,13,15,26,6,10,8,16,24,30,32,44,12,23,29,38,41,9,28,22
347,3,8,13,27,32,42,10,6,33,24,20,37,15,6,15,20,24,33,37,37,17,34,45,1,3,19,36,18,4,39,5,14,20,42,2,40,33,25,27,31,43,7,13,21,35,11,15,26,6,10,44,8,16,24,30,32,12,23,29,38,41,9,28,22
348,3,14,17,20,24,31,34,2,14,3,15,36,22,2,3,14,15,22,36,37,3,17,34,45,1,19,36,18,4,39,42,5,14,20,2,40,27,33,25,13,31,43,7,21,35,11,15,26,6,8,10,32,44,16,24,30,12,23,29,38,41,9,28,22
349,5,13,14,20,24,25,36,15,22,11,12,33,20,11,12,15,20,22,33,37,3,17,34,45,1,19,36,18,4,14,20,39,42,5,2,40,27,33,25,31,13,43,7,21,35,11,15,26,6,8,10,24,32,44,16,30,12,23,29,38,41,9,28,22
350,1,8,18,24,29,33,35,6,32,10,29,40,20,6,10,20,29,32,40,37,3,17,34,45,1,19,36,14,18,20,4,5,39,42,2,40,25,27,33,13,31,43,7,21,35,11,15,24,26,6,8,10,32,44,16,30,12,23,29,38,41,9,28,22
351,5,25,27,29,34,36,33,13,19,20,39,5,9,5,9,13,19,20,39,37,3,17,1,34,45,18,19,36,14,20,4,5,39,42,2,33,40,25,27,13,31,43,7,21,24,35,8,11,15,26,6,10,32,44,16,30,12,29,23,38,41,9,28,22
352,5,16,17,20,26,41,24,10,36,3,12,31,42,3,10,12,31,36,42,37,3,17,34,1,36,45,18,19,5,14,20,4,39,42,2,25,27,33,40,13,31,43,7,21,24,35,8,11,15,26,6,10,32,44,16,29,30,12,23,38,41,9,28,22
353,11,16,19,22,29,36,26,30,34,10,45,37,6,6,10,30,34,37,45,37,17,3,34,1,36,45,5,18,19,20,14,4,39,42,2,25,27,33,40,13,31,43,7,21,24,26,35,8,11,15,6,10,16,32,44,29,30,12,41,23,38,9,28,22
354,14,19,36,43,44,45,1,12,7,5,23,37,8,5,7,8,12,23,37,37,17,3,34,36,1,19,45,5,18,20,14,4,39,42,2,25,27,33,40,13,31,43,7,11,21,24,26,35,8,15,16,6,10,29,32,44,30,12,41,23,38,9,28,22
355,5,8,29,30,35,44,38,9,30,36,38,29,33,9,29,30,33,36,38,37,17,36,3,19,34,45,1,5,14,18,20,4,39,42,2,25,27,33,40,13,31,43,7,11,21,24,26,35,8,15,16,44,6,10,29,32,30,12,41,23,38,9,28,22
356,2,8,14,25,29,45,24,16,26,10,17,34,7,7,10,16,17,26,34,37,17,36,3,19,34,45,1,5,14,18,20,4,39,42,2,25,27,33,40,13,31,43,35,7,8,11,21,24,26,44,15,16,29,6,10,30,32,12,41,23,38,9,28,22
357,10,14,18,21,36,37,5,36,10,11,28,3,1,1,3,10,11,28,36,37,17,36,45,3,19,34,1,5,14,18,20,4,39,42,2,25,27,33,40,13,31,43,8,35,7,11,21,24,26,29,44,15,16,6,10,30,32,12,41,23,38,9,28,22
358,1,9,10,12,21,40,37,9,43,33,39,25,20,9,20,25,33,39,43,37,36,17,45,3,14,19,34,1,5,18,20,4,39,42,2,25,27,33,40,13,31,43,8,21,35,7,11,24,26,29,44,10,15,16,6,30,32,12,41,23,38,9,28,22
359,1,10,19,20,24,40,23,5,28,8,12,30,18,5,8,12,18,28,30,37,36,17,45,1,3,14,19,34,5,18,20,4,39,42,2,25,40,27,33,13,21,31,43,8,35,7,10,11,24,26,29,44,15,16,6,30,32,12,41,23,38,9,28,22
360,4,16,23,25,35,40,27,13,35,41,18,28,15,13,15,18,28,35,41,37,36,1,17,19,45,3,14,34,5,18,20,4,39,40,42,2,25,27,33,13,21,31,43,8,10,24,35,7,11,26,29,44,15,16,6,30,32,12,41,23,38,9,28,22
361,5,10,16,24,27,35,33,10,27,31,28,19,24,10,19,24,27,28,31,37,36,1,17,19,45,3,14,34,5,18,20,4,40,25,39,42,2,27,33,13,21,31,35,43,8,10,24,7,11,16,26,29,44,15,6,30,32,12,23,41,38,9,28,22
362,2,3,22,27,30,40,29,18,7,45,19,37,14,7,14,18,19,37,45,37,36,1,17,19,45,3,5,14,34,18,20,4,40,25,39,42,2,27,33,35,10,13,21,24,31,43,8,16,7,11,26,29,44,15,6,30,32,12,23,41,38,9,28,22
363,11,12,14,21,32,38,6,31,39,9,24,38,42,9,24,31,38,39,42,37,36,1,3,17,19,45,5,14,34,18,20,40,4,2,25,27,39,42,33,35,10,13,21,24,31,43,8,16,7,11,26,29,44,15,30,6,32,12,23,41,38,9,28,22
364,2,5,7,14,16,40,4,15,9,31,5,30,13,5,9,13,15,30,31,37,36,1,3,14,17,19,45,5,34,18,20,40,4,2,25,27,39,42,33,21,35,10,13,24,31,43,8,11,16,7,26,29,44,15,30,32,6,12,23,38,41,9,28,22
365,5,15,21,25,26,30,31,6,35,21,16,32,36,6,16,21,32,35,36,37,14,36,1,3,5,17,19,45,34,18,20,40,2,4,25,27,39,42,33,21,35,10,13,16,24,31,43,7,8,11,26,29,44,15,30,32,6,12,23,38,41,9,28,22
366,5,12,19,26,27,44,38,2,39,8,32,17,36,2,8,17,32,36,39,37,5,14,36,1,3,17,19,45,34,18,20,40,2,4,25,27,39,42,21,33,35,10,13,16,24,31,43,7,8,11,26,15,29,30,44,32,6,12,23,38,41,9,28,22
367,3,22,25,29,32,44,19,7,45,16,35,38,33,7,16,33,35,38,45,37,5,14,19,36,1,3,17,45,34,18,20,40,2,4,25,27,39,42,21,33,35,10,13,16,24,26,31,43,7,8,11,44,15,29,30,12,32,6,23,38,41,9,28,22
368,11,21,24,30,39,45,26,33,20,26,36,18,9,9,18,20,26,33,36,37,5,3,14,19,36,1,17,45,34,18,20,40,25,2,4,27,39,42,21,33,35,10,13,16,24,26,31,43,44,7,8,11,29,15,30,32,12,6,23,38,41,9,28,22
369,17,20,35,36,41,43,21,9,12,23,6,42,30,6,9,12,23,30,42,37,5,3,14,19,36,45,1,17,34,18,20,40,25,2,4,27,39,42,21,33,24,35,10,11,13,16,26,31,43,44,7,8,29,30,15,32,12,6,23,38,41,9,28,22
370,16,18,24,42,44,45,17,28,12,23,19,31,8,8,12,19,23,28,31,37,5,36,3,14,17,19,45,1,20,34,18,40,25,2,4,27,39,42,21,33,35,24,43,10,11,13,16,26,31,44,7,8,29,30,15,32,12,6,41,23,38,9,28,22
371,7,9,15,26,27,42,18,32,43,36,30,17,19,17,19,30,32,36,43,37,5,36,45,3,14,17,19,1,18,20,34,40,25,2,4,27,39,42,21,24,33,35,16,43,44,10,11,13,26,31,7,8,29,30,15,32,12,6,41,23,38,9,28,22
372,8,11,14,16,18,21,13,33,30,6,24,10,20,6,10,20,24,30,33,37,5,36,45,3,14,17,19,1,18,20,34,40,25,27,42,2,4,39,21,24,33,35,16,26,43,44,7,10,11,13,31,8,15,29,30,32,12,6,41,23,38,9,28,22
373,15,26,37,42,43,45,9,34,26,1,16,27,5,1,5,16,26,27,34,37,5,14,36,45,3,17,19,1,18,20,34,40,25,27,42,2,4,39,21,16,24,33,35,11,26,43,44,7,8,10,13,31,15,29,30,32,12,6,41,23,38,9,28,22
374,11,13,15,17,25,34,26,27,32,33,7,15,12,7,12,15,27,32,33,37,45,5,14,36,3,17,19,1,18,20,34,40,42,25,27,2,4,39,21,16,24,26,33,35,43,11,44,7,8,10,13,15,31,29,30,32,12,6,41,23,38,9,28,22
375,4,8,19,25,27,45,7,18,32,8,13,16,2,2,8,13,16,18,32,37,45,5,14,17,36,3,19,1,18,34,20,25,40,42,27,2,4,39,21,11,16,24,26,33,35,43,13,15,44,7,8,10,31,29,30,32,12,6,41,23,38,9,28,22
376,1,11,13,24,28,40,7,9,21,29,23,44,15,9,15,21,23,29,44,37,45,5,14,17,19,36,3,1,18,34,20,25,27,40,42,4,2,39,21,11,16,24,26,33,35,43,8,13,15,44,7,10,31,29,30,32,12,6,41,23,38,9,28,22
377,6,22,29,37,43,45,23,39,45,35,1,28,2,1,2,28,35,39,45,37,45,5,14,17,19,36,1,3,18,34,20,25,40,27,42,4,2,39,21,11,24,13,16,26,33,35,43,8,15,44,7,10,31,29,30,32,12,6,41,23,38,9,28,22
378,5,22,29,31,34,39,43,3,45,34,35,11,19,3,11,19,34,35,45,37,45,5,14,17,19,36,1,3,18,34,20,25,40,27,42,4,2,39,21,11,24,43,13,16,26,33,35,8,15,44,7,10,29,31,30,32,6,12,41,23,38,9,28,22
379,6,10,22,31,35,40,19,38,35,45,32,28,14,14,28,32,35,38,45,37,45,5,14,17,19,36,1,3,34,18,20,25,40,27,42,4,39,2,21,11,24,43,13,16,26,33,35,8,15,29,31,44,7,10,30,32,6,12,41,23,38,9,28,22
380,1,2,8,17,26,37,27,8,19,30,5,27,1,1,5,8,19,27,30,37,45,5,14,17,19,36,1,3,34,18,40,20,25,27,42,4,39,2,21,11,24,35,43,13,16,26,31,33,8,10,15,29,44,7,30,6,32,12,41,23,38,9,28,22
381,1,5,10,12,16,20,11,5,3,31,39,28,13,3,5,13,28,31,39,37,45,5,17,1,14,19,36,3,34,18,40,20,25,27,42,2,4,39,21,11,24,26,35,43,8,13,16,31,33,10,15,29,44,7,30,6,32,12,41,23,38,9,28,22
382,10,15,22,24,27,42,19,28,32,45,23,15,16,15,16,23,28,32,45,37,45,5,1,17,14,19,36,3,34,18,20,40,25,27,42,2,4,39,21,11,16,24,26,35,43,8,10,13,31,33,15,29,44,7,30,6,12,32,41,23,38,9,28,22
383,4,15,28,33,37,40,25,18,30,44,32,1,13,1,13,18,30,32,44,37,45,5,1,17,14,19,36,3,34,18,20,40,25,27,42,2,4,39,21,24,10,11,16,26,35,43,8,13,15,31,33,29,44,7,30,6,12,32,41,23,38,9,28,22
384,11,22,24,32,36,38,7,23,45,21,39,8,42,8,21,23,39,42,45,37,45,5,1,17,14,19,36,3,34,40,18,20,25,27,42,4,2,39,21,24,10,11,15,16,26,33,35,43,8,13,31,29,44,7,30,6,12,32,41,23,38,9,28,22
385,7,12,19,21,29,32,9,35,39,8,22,33,37,8,22,33,35,37,39,37,45,5,1,17,36,14,19,3,34,40,18,20,25,27,42,4,2,39,24,11,21,10,15,16,26,33,35,43,8,13,31,29,44,7,30,32,6,12,38,41,23,9,28,22
386,4,7,10,19,31,40,26,17,34,23,6,33,11,6,11,17,23,33,34,37,45,5,1,17,19,36,14,3,34,40,18,20,25,27,42,4,2,39,21,24,11,10,15,16,26,33,35,43,8,13,29,31,7,44,32,12,30,6,38,41,23,9,28,22
387,1,26,31,34,40,43,20,5,26,27,11,9,30,5,9,11,26,27,30,37,45,5,19,1,17,36,14,40,3,34,18,20,4,25,27,42,2,39,21,24,10,11,15,16,26,31,33,35,43,7,8,13,29,44,32,12,30,6,38,41,23,9,28,22
388,1,8,9,17,29,32,45,3,32,43,6,34,36,3,6,32,34,36,43,37,45,1,5,19,17,36,40,14,34,3,18,20,4,25,27,42,2,39,21,24,10,11,26,31,43,15,16,33,35,7,8,13,29,44,32,12,30,6,38,41,23,9,28,22
389,7,16,18,20,23,26,3,33,29,12,13,43,24,12,13,24,29,33,43,37,1,45,5,17,19,36,40,14,34,3,18,20,4,25,27,42,2,39,21,24,10,11,26,31,43,8,15,16,29,33,35,7,13,32,44,12,30,6,38,41,9,23,28,22
390,16,17,28,37,39,40,15,25,5,44,1,19,8,1,5,8,19,25,44,37,1,45,5,17,19,36,40,14,34,3,18,20,4,25,27,42,2,39,21,24,26,10,11,16,31,43,7,8,15,29,33,35,13,32,44,12,30,6,23,38,41,9,28,22
391,10,11,18,22,28,39,30,24,25,12,45,44,18,12,18,24,25,44,45,37,1,17,45,5,19,40,36,14,34,3,18,20,4,25,27,42,39,2,16,21,24,26,10,11,31,43,7,8,15,29,33,35,13,32,44,12,30,6,23,38,41,9,28,22
392,1,3,7,8,24,42,43,2,12,28,29,24,18,2,12,18,24,28,29,37,1,17,45,5,19,40,36,14,18,34,3,20,4,25,27,39,42,2,10,11,16,21,24,26,31,43,7,8,15,29,33,35,13,32,44,12,30,6,23,38,41,9,28,22
393,9,16,28,40,41,43,21,43,23,44,7,42,29,7,23,29,42,43,44,37,1,17,45,5,19,40,36,3,14,18,34,20,42,4,25,27,39,2,24,10,11,16,21,26,7,8,31,43,15,29,33,35,13,32,44,12,30,6,23,38,41,9,28,22
394,1,13,20,22,25,28,15,2,34,13,45,16,43,2,13,16,34,43,45,37,1,17,40,45,5,19,36,3,14,18,34,20,42,4,25,27,39,2,16,24,10,11,21,26,43,7,8,31,15,29,33,35,13,32,44,12,30,6,41,9,23,28,38,22
395,11,15,20,26,31,35,7,23,31,12,25,29,34,12,23,25,29,31,34,37,1,17,40,45,5,19,36,3,14,18,20,34,25,42,4,27,39,2,16,24,10,11,21,26,43,7,8,31,13,15,29,33,35,32,44,12,30,6,28,41,9,23,38,22
396,18,20,31,34,40,45,30,12,8,26,13,4,5,4,5,8,12,13,26,37,1,17,40,45,5,19,20,36,3,14,18,34,25,42,4,27,39,2,11,16,24,26,10,21,31,43,7,8,15,35,13,29,33,32,44,12,30,6,28,41,9,23,38,22
397,12,13,17,22,25,33,8,37,32,5,45,14,34,5,14,32,34,37,45,37,1,40,45,17,5,19,20,18,34,36,3,14,25,42,4,27,39,2,11,16,24,26,31,10,21,43,7,8,15,35,13,29,33,32,44,12,30,6,28,41,9,23,38,22
398,10,15,20,23,42,44,7,25,31,8,43,15,36,8,15,25,31,36,43,37,1,17,40,45,5,19,20,18,34,36,3,14,25,42,4,27,39,2,11,16,24,26,31,10,21,43,7,8,13,15,33,35,29,32,44,12,30,6,28,41,9,23,38,22
399,1,2,9,17,19,42,20,2,19,43,3,8,15,2,3,8,15,19,43,37,1,17,40,45,20,5,19,18,34,36,3,14,25,42,4,27,39,2,10,11,16,24,26,31,15,21,43,7,8,13,33,35,29,44,32,12,30,6,23,28,41,9,38,22
400,9,21,27,34,41,43,2,40,27,17,10,43,28,10,17,27,28,40,43,37,1,17,40,45,19,20,5,18,34,36,3,14,42,25,4,27,39,2,10,11,16,24,26,31,15,21,43,7,8,13,33,35,29,44,32,12,30,6,9,23,28,41,38,22
401,6,12,18,31,38,43,9,39,37,10,26,44,27,10,26,27,37,39,44,37,1,17,40,45,19,20,5,34,18,36,3,14,42,25,27,4,39,2,10,11,16,21,24,26,31,43,15,7,8,13,33,35,29,44,32,12,30,6,9,41,23,28,38,22
402,5,9,15,19,22,36,32,8,40,28,6,45,11,6,8,11,28,40,45,37,1,17,40,45,19,20,5,18,34,36,3,14,42,25,27,4,39,2,31,43,10,11,16,21,24,26,15,7,8,13,33,35,29,44,12,32,6,30,9,41,23,28,38,22
403,10,14,22,24,28,37,26,22,13,45,27,43,1,1,13,22,27,43,45,37,1,17,19,40,45,5,20,18,34,36,3,14,42,25,27,4,39,2,31,43,10,11,15,16,21,24,26,7,8,13,33,35,29,44,12,32,6,30,9,41,23,28,38,22
404,5,20,21,24,33,40,36,7,8,27,21,32,5,5,7,8,21,27,32,37,1,17,19,40,45,5,20,18,34,36,14,3,42,25,27,4,39,2,10,24,31,43,11,15,16,21,26,7,8,13,33,35,29,44,12,32,6,30,9,28,41,22,23,38
405,1,2,10,25,26,44,4,2,20,21,15,28,35,2,15,20,21,28,35,37,1,17,40,5,19,20,45,18,34,36,14,3,42,25,27,4,24,39,2,10,21,31,43,11,15,16,26,33,7,8,13,35,29,44,12,32,6,30,9,28,41,22,23,38
406,7,12,21,24,27,36,45,30,36,22,20,16,11,11,16,20,22,30,36,37,1,17,40,5,19,20,45,18,34,36,14,3,25,42,27,2,4,10,24,39,21,26,31,43,11,15,16,33,7,8,13,35,29,44,12,32,6,30,9,28,41,22,23,38
407,6,7,13,16,24,25,1,38,29,32,28,17,14,14,17,28,29,32,38,37,1,17,40,5,19,20,45,36,18,34,14,3,25,42,27,24,2,4,10,21,39,26,31,43,11,15,16,7,33,8,13,35,29,44,12,32,6,30,9,28,41,22,23,38
408,9,20,21,22,30,37,16,40,7,21,43,39,1,1,7,21,39,40,43,37,1,17,40,5,19,20,45,36,18,34,14,25,3,42,24,27,2,4,10,21,39,16,26,31,43,7,11,15,13,33,8,35,29,44,12,32,6,30,9,28,41,22,23,38
409,6,9,21,31,32,40,38,38,40,18,25,37,5,5,18,25,37,38,40,37,1,17,20,40,5,19,45,36,18,34,14,25,3,42,24,27,21,2,4,10,39,16,26,31,43,7,11,15,13,33,8,35,29,44,12,32,6,30,9,22,28,41,23,38
410,1,3,18,32,40,41,16,2,14,10,37,3,43,2,3,10,14,37,43,37,1,40,17,20,5,19,45,36,18,34,14,25,3,42,21,24,27,2,4,10,31,39,16,26,43,7,11,15,13,33,8,35,29,44,12,32,6,9,30,22,28,41,23,38
411,11,14,22,35,37,39,5,28,13,42,33,1,23,1,13,23,28,33,42,37,1,40,17,20,5,19,45,18,36,34,3,14,25,42,21,24,27,2,4,10,31,39,16,26,43,7,11,15,13,33,8,35,29,32,44,12,6,9,30,41,22,28,23,38
412,4,7,39,41,42,45,40,21,28,19,42,15,8,8,15,19,21,28,42,37,1,40,17,20,5,19,45,18,36,14,34,3,25,42,21,24,27,39,2,4,10,31,11,16,26,43,7,15,13,33,35,8,29,32,44,12,6,9,30,22,41,28,23,38
413,2,9,15,23,34,40,3,21,39,29,44,12,3,3,12,21,29,39,44,37,1,40,17,20,45,5,19,18,36,14,34,3,25,42,21,24,27,39,4,2,10,31,7,11,16,26,43,15,13,33,35,8,29,32,44,12,6,9,30,41,22,28,23,38
414,2,14,15,22,23,44,43,20,12,26,42,43,36,12,20,26,36,42,43,37,1,40,17,20,45,5,19,18,34,36,14,3,25,42,21,24,27,39,2,4,10,31,7,11,15,16,26,43,13,33,35,8,29,32,44,12,6,9,30,41,22,23,28,38
415,7,17,20,26,30,40,24,25,4,5,28,40,3,3,4,5,25,28,40,37,1,40,17,20,45,5,19,14,18,34,36,3,25,42,2,21,24,27,39,4,10,15,31,7,11,16,26,43,13,33,35,8,44,29,32,12,6,9,30,22,41,23,28,38
416,5,6,8,11,22,26,44,7,38,33,27,41,25,7,25,27,33,38,41,37,40,1,17,20,45,5,19,14,18,34,36,3,25,42,2,21,24,27,39,4,7,10,15,26,31,11,16,43,13,33,35,8,44,29,32,12,6,9,30,22,41,23,28,38
417,4,5,14,20,22,43,44,21,6,9,5,41,29,5,6,9,21,29,41,37,40,1,17,20,5,45,19,14,18,34,36,3,25,42,2,21,24,27,39,4,26,7,10,11,15,31,16,43,8,13,33,35,44,29,32,6,12,9,30,22,41,23,28,38
418,11,13,15,26,28,34,31,25,31,26,22,44,11,11,22,25,26,31,44,37,40,1,20,5,17,45,14,19,18,34,36,3,25,42,2,4,21,24,27,39,26,7,10,11,15,31,43,16,8,13,33,35,44,29,32,6,12,9,22,30,41,23,28,38
419,2,11,13,14,28,30,7,16,23,30,8,44,41,8,16,23,30,41,44,37,40,1,20,5,17,45,14,19,34,18,36,3,25,42,2,4,21,24,26,27,39,11,15,7,10,31,43,16,13,8,33,35,44,29,32,6,12,9,22,30,41,23,28,38
420,4,9,10,29,31,34,27,17,40,26,35,27,10,10,17,26,27,35,40,37,40,1,20,5,17,14,45,19,34,18,36,3,25,42,2,4,11,21,24,26,27,39,15,7,10,31,43,13,16,8,33,35,44,29,32,6,12,30,9,22,28,41,23,38
421,6,11,26,27,28,44,30,37,18,21,22,42,35,18,21,22,35,37,42,37,40,1,20,5,17,14,34,45,19,18,36,3,25,42,2,4,11,21,24,26,27,39,10,15,31,7,43,13,16,8,33,35,29,44,32,6,9,12,30,22,28,41,23,38
422,8,15,19,21,34,44,12,31,25,10,21,8,34,8,10,21,25,31,34,37,40,1,20,5,17,14,34,45,19,18,36,3,25,42,2,4,11,26,27,21,24,39,10,15,31,7,43,13,16,8,33,35,44,29,6,32,9,12,30,22,28,41,23,38
423,1,17,27,28,29,40,5,3,6,21,42,35,2,2,3,6,21,35,42,37,40,1,20,5,17,34,14,19,45,18,36,3,25,42,2,4,11,21,26,27,15,24,39,10,31,7,43,13,16,8,44,33,35,29,6,32,9,12,30,22,28,41,23,38
424,10,11,26,31,34,44,30,25,19,21,26,7,32,7,19,21,25,26,32,37,40,1,17,20,5,34,14,19,45,18,36,3,25,27,42,2,4,11,21,26,15,24,39,10,31,7,43,13,16,8,44,29,33,35,6,32,9,12,30,22,28,41,23,38
425,8,10,14,27,33,38,3,32,22,8,17,34,45,8,17,22,32,34,45,37,40,1,17,20,34,5,14,19,45,18,36,3,11,25,26,27,42,2,4,21,10,15,24,31,39,7,43,13,16,44,8,29,33,35,6,32,9,12,30,22,28,41,23,38
426,4,17,18,27,39,43,19,20,4,11,13,26,28,4,11,13,20,26,28,37,40,1,17,20,34,5,14,19,45,18,36,27,3,11,25,26,42,2,4,10,21,15,24,31,39,7,43,8,13,16,44,33,29,35,6,32,9,12,30,22,28,41,23,38
427,6,7,15,24,28,30,21,36,28,24,25,42,40,24,25,28,36,40,42,37,40,1,17,20,34,5,14,19,45,18,27,36,3,4,11,25,26,42,2,10,21,39,15,24,31,43,7,8,13,16,44,33,29,35,6,32,9,12,30,22,28,41,23,38
428,12,16,19,22,37,40,8,40,31,9,42,1,2,1,2,9,31,40,42,37,40,1,17,20,34,5,14,19,45,18,27,36,3,4,11,25,26,42,2,10,15,21,24,39,31,7,43,8,13,16,44,33,29,35,6,30,32,9,12,28,22,41,23,38
429,3,23,28,34,39,42,16,14,44,42,6,25,19,6,14,19,25,42,44,37,40,1,17,20,34,5,14,19,45,18,27,36,3,4,11,25,26,42,2,10,15,21,24,39,31,7,43,16,8,13,44,33,29,35,6,12,30,32,9,22,28,41,23,38
430,1,3,16,18,30,34,44,3,14,29,11,39,5,3,5,11,14,29,39,37,40,1,17,34,20,5,14,19,45,18,27,36,3,42,4,11,25,26,39,2,10,15,21,24,31,7,43,16,8,13,44,33,29,35,6,12,28,30,32,9,22,23,41,38
431,18,22,25,31,38,45,6,10,42,18,26,45,11,10,11,18,26,42,45,37,40,1,34,17,20,5,14,19,18,45,3,27,36,42,4,11,25,26,39,2,10,15,21,24,31,7,16,43,8,13,44,33,29,35,6,30,12,28,32,9,22,23,41,38
432,2,3,5,11,27,39,33,21,12,7,18,13,20,7,12,13,18,20,21,37,40,1,34,17,20,5,14,18,19,45,3,27,36,25,42,4,11,26,39,2,10,15,21,24,31,7,16,43,8,13,44,33,29,35,6,30,12,22,28,32,9,23,41,38
433,19,23,29,33,35,43,27,10,43,34,33,35,29,10,29,33,34,35,43,37,40,1,34,17,5,20,14,18,19,45,3,27,36,11,25,39,42,2,4,26,10,15,21,24,31,7,16,43,8,13,44,33,29,35,6,30,12,22,28,32,9,23,41,38
434,3,13,20,24,33,37,35,12,31,8,25,32,1,1,8,12,25,31,32,37,40,1,34,17,5,19,20,14,18,45,3,27,36,11,25,39,42,2,4,26,10,15,21,24,31,43,7,16,8,13,33,44,29,35,6,30,12,22,28,32,9,23,41,38
435,8,16,26,30,38,45,42,32,29,22,37,45,11,11,22,29,32,37,45,37,40,1,34,17,20,5,19,14,18,45,3,27,36,11,25,39,42,2,4,24,26,10,15,21,31,43,7,16,13,33,8,44,29,35,6,30,12,22,28,32,9,23,41,38
436,9,14,20,22,33,34,28,42,10,6,39,32,4,4,6,10,32,39,42,37,40,1,34,17,20,5,19,45,14,18,3,27,36,11,25,26,39,42,2,4,24,10,15,21,31,16,43,7,8,13,33,44,29,35,30,6,12,22,28,32,9,23,38,41
437,11,16,29,38,41,44,21,15,27,34,44,45,33,15,27,33,34,44,45,37,40,1,34,20,17,5,14,19,45,18,3,27,36,11,25,26,39,42,2,4,24,10,15,21,31,16,43,7,33,8,13,44,29,35,30,6,22,9,12,28,32,23,38,41
438,6,12,20,26,29,38,45,37,40,5,17,34,44,5,17,34,37,40,44,37,40,1,34,20,17,5,14,19,45,18,3,27,11,36,25,26,39,42,2,4,24,10,15,16,21,31,43,7,33,8,13,44,29,35,30,6,22,9,12,28,32,23,38,41
439,17,20,30,31,37,40,25,6,4,37,27,1,2,1,2,4,6,27,37,37,40,1,20,34,17,5,14,19,45,18,3,27,11,26,36,25,39,42,2,4,24,10,15,16,21,31,43,7,33,8,13,29,44,35,6,30,12,22,9,28,32,38,23,41
440,10,22,28,34,36,44,2,24,39,41,5,16,34,5,16,24,34,39,41,37,40,20,1,34,17,5,14,19,45,18,3,27,11,26,36,25,39,42,2,4,24,31,10,15,16,21,43,7,33,8,13,29,44,30,35,6,12,22,9,28,32,38,23,41
441,1,23,28,30,34,35,9,5,44,40,35,4,36,4,5,35,36,40,44,37,40,20,34,1,17,5,14,19,45,18,3,27,36,11,26,25,39,42,2,4,10,24,31,15,16,21,43,7,33,44,8,13,29,30,35,6,22,12,28,9,32,38,23,41
442,25,27,29,36,38,40,41,17,13,34,14,44,3,3,13,14,17,34,44,37,34,40,1,20,17,5,14,19,45,18,3,27,36,11,26,25,39,42,2,4,10,24,31,15,16,21,43,7,33,44,8,13,29,30,35,6,22,28,12,9,32,23,38,41
443,4,6,10,19,20,44,14,21,37,22,9,5,32,5,9,21,22,32,37,37,40,34,1,20,17,5,14,19,45,18,3,27,36,11,25,26,39,42,2,4,10,24,31,15,16,21,43,7,29,33,44,8,13,30,35,6,22,28,12,9,32,38,23,41
444,11,13,23,35,43,45,17,15,34,44,36,28,10,10,15,28,34,36,44,37,40,20,34,1,17,19,5,14,45,18,3,27,36,11,25,26,4,10,39,42,2,24,31,15,16,21,43,44,7,29,33,8,13,30,35,6,22,28,12,9,32,38,23,41
445,13,20,21,30,39,45,32,31,3,27,36,20,8,3,8,20,27,31,36,37,40,20,34,1,17,19,45,5,14,18,3,27,36,11,25,26,4,10,39,42,2,24,31,15,16,21,43,44,7,13,29,33,8,35,30,6,22,28,12,9,32,23,38,41
446,1,11,12,14,26,35,6,5,15,40,10,17,36,5,10,15,17,36,40,20,37,40,34,1,17,45,19,5,14,18,3,27,36,11,25,26,39,4,10,42,2,21,24,31,15,16,43,13,44,7,29,33,8,30,35,6,22,28,12,9,32,23,38,41
447,2,7,8,9,17,33,34,22,31,35,41,6,33,6,22,31,33,35,41,20,37,40,1,34,17,45,14,19,5,18,3,11,27,36,26,25,39,4,10,42,2,21,24,31,15,16,43,13,44,7,29,33,35,8,30,6,12,22,28,9,32,23,38,41
448,3,7,13,27,40,41,36,12,29,30,14,3,45,3,12,14,29,30,45,20,37,40,1,34,17,45,14,19,5,18,3,11,27,36,26,25,39,2,4,10,42,21,24,31,15,16,43,7,13,33,44,8,29,35,30,6,12,22,28,9,32,23,38,41
449,3,10,20,26,35,43,36,11,21,2,16,35,30,2,11,16,21,30,35,40,20,37,1,34,17,45,14,19,5,3,18,27,11,36,26,25,39,2,4,10,42,21,24,31,7,13,15,16,43,33,44,8,29,35,30,6,12,22,28,9,32,23,38,41
450,6,14,19,21,23,31,13,37,8,9,23,43,25,8,9,23,25,37,43,20,40,37,1,34,17,45,14,19,3,5,18,27,11,26,36,10,25,39,2,4,42,21,24,31,43,7,13,15,16,33,35,44,8,29,30,6,12,22,28,9,32,23,38,41
451,12,15,20,24,30,38,29,38,29,1,25,36,44,1,25,29,36,38,44,20,40,37,1,34,17,14,19,45,3,5,18,27,11,26,36,10,25,39,2,4,21,31,42,24,43,7,13,15,16,33,35,44,8,29,30,6,12,22,28,9,23,32,38,41
452,8,10,18,30,32,34,27,34,17,12,36,43,5,5,12,17,34,36,43,20,40,37,1,34,17,14,19,45,3,5,18,27,11,26,36,10,25,39,2,4,21,24,31,42,15,43,7,13,16,33,35,44,8,29,30,6,12,22,28,9,23,32,38,41
453,12,24,33,38,40,42,30,38,23,33,44,2,25,2,23,25,33,38,44,20,40,34,37,1,17,14,19,45,3,5,18,27,11,26,36,10,25,39,2,4,21,24,31,42,15,43,7,13,16,8,30,33,35,44,29,6,12,22,28,9,32,23,38,41
454,13,25,27,34,38,41,10,29,19,13,3,43,45,3,13,19,29,43,45,20,40,34,37,1,17,14,19,45,3,5,18,27,11,26,36,10,24,25,39,42,2,4,21,31,15,43,7,13,16,33,8,30,35,44,29,6,12,22,28,9,32,38,23,41
455,4,19,20,26,30,35,24,23,8,1,15,33,34,1,8,15,23,33,34,20,40,34,37,1,17,14,19,45,3,5,18,27,11,26,36,10,25,24,39,42,2,4,21,31,13,15,43,7,16,33,8,30,35,44,29,6,12,22,28,38,9,32,23,41
456,1,7,12,18,23,27,44,5,29,38,12,44,13,5,12,13,29,38,44,20,40,34,37,1,17,19,14,45,3,5,18,27,26,11,36,10,25,4,24,39,42,2,21,31,13,15,43,7,16,30,33,35,8,44,29,6,12,22,28,38,9,32,23,41
457,8,10,18,23,27,40,33,34,17,10,43,11,2,2,10,11,17,34,43,20,40,34,1,37,17,19,14,45,18,27,3,5,26,11,36,10,25,4,24,39,42,2,21,31,7,13,15,43,16,30,33,35,8,44,29,12,6,22,28,38,9,23,32,41
458,4,9,10,32,36,40,18,19,43,15,44,17,2,2,15,17,19,43,44,20,40,34,1,37,17,19,14,18,27,45,3,5,26,10,11,36,25,4,24,39,42,2,21,31,7,13,15,43,8,16,30,33,35,44,29,12,6,22,23,28,38,9,32,41
459,4,6,10,14,25,40,12,18,38,14,8,19,1,1,8,14,18,19,38,40,20,34,1,37,17,19,14,18,27,45,3,5,10,26,36,11,4,25,24,39,42,2,21,31,7,13,15,43,8,16,30,33,35,44,29,12,6,9,22,23,28,32,38,41
460,8,11,28,30,43,45,41,30,18,42,32,29,11,11,18,29,30,32,42,40,20,34,1,37,14,17,19,18,27,45,3,5,10,26,36,4,11,25,24,39,42,2,21,31,7,13,15,43,8,16,30,33,35,44,29,6,12,9,22,23,28,32,38,41
461,11,18,26,31,37,40,43,15,10,16,25,5,1,1,5,10,15,16,25,40,20,34,1,37,14,17,19,45,18,27,3,5,10,11,26,36,4,25,24,39,42,2,21,31,43,7,8,13,15,30,16,33,35,44,29,6,12,28,9,22,23,32,38,41
462,3,20,24,32,37,45,4,12,2,20,43,4,10,2,4,10,12,20,43,40,20,34,37,1,14,17,18,19,45,27,3,5,10,11,26,36,4,25,24,31,39,42,2,21,43,7,8,13,15,30,16,33,35,44,29,6,12,28,9,22,23,32,38,41
463,23,29,31,33,34,44,40,43,36,21,33,4,35,4,21,33,35,36,43,40,20,37,34,1,45,14,17,18,19,27,3,5,10,11,26,36,4,25,24,31,39,42,2,21,43,7,8,13,15,30,16,33,35,44,29,6,12,28,32,9,22,23,38,41
464,6,12,15,34,42,44,4,37,38,30,3,23,35,3,23,30,35,37,38,40,20,34,37,1,45,14,17,18,19,27,3,5,10,11,26,36,4,25,24,31,39,42,2,21,43,7,8,13,15,30,33,16,35,44,29,6,12,23,28,32,9,22,38,41
465,1,8,11,13,22,38,31,5,29,15,30,43,44,5,15,29,30,43,44,40,20,34,37,1,45,14,17,18,19,27,3,5,10,11,26,36,4,25,24,31,42,39,2,15,21,43,7,8,13,30,33,44,16,35,29,6,12,23,28,32,9,22,38,41
466,4,10,13,23,32,44,20,18,15,26,40,42,33,15,18,26,33,40,42,40,20,34,37,1,45,14,17,18,19,27,3,11,5,10,26,36,4,25,24,31,42,39,2,8,13,15,21,43,7,30,33,44,16,35,29,6,12,22,23,28,32,38,9,41
467,2,12,14,17,24,40,39,25,38,7,8,20,1,1,7,8,20,25,38,40,20,34,37,1,45,14,17,18,19,27,3,10,11,5,26,4,36,25,24,31,42,13,39,2,8,15,21,43,44,7,30,33,16,35,29,6,12,23,32,22,28,38,9,41
468,8,13,15,28,37,43,17,26,24,27,42,4,29,4,24,26,27,29,42,40,20,34,37,1,14,17,45,18,19,27,3,10,11,5,26,4,36,24,25,31,42,2,13,39,8,15,21,43,44,7,30,33,16,35,12,29,6,23,32,22,28,38,9,41
469,4,21,22,34,37,38,33,17,29,42,3,4,43,3,4,17,29,42,43,40,20,34,37,1,14,17,45,18,19,27,3,10,11,5,26,4,36,24,25,13,31,42,2,8,15,39,43,21,44,7,30,33,16,35,12,29,6,23,28,32,22,38,9,41
470,10,16,20,39,41,42,27,13,34,2,28,45,23,2,13,23,28,34,45,40,20,34,37,1,14,17,45,18,19,27,3,10,11,4,5,26,36,24,25,13,31,42,2,8,15,21,39,43,44,7,30,33,16,35,12,29,6,22,23,28,32,38,9,41
471,6,13,29,37,39,41,43,38,22,37,4,24,45,4,22,24,37,38,45,40,20,34,37,1,14,17,45,18,19,10,27,3,11,4,5,26,36,24,25,42,13,31,39,2,8,15,21,43,44,7,16,30,33,35,12,29,6,22,23,28,32,38,9,41
472,16,25,26,31,36,43,44,32,21,17,24,18,29,17,18,21,24,29,32,40,20,37,34,1,14,17,45,18,19,10,27,3,11,4,5,26,36,13,24,25,39,42,31,2,8,15,21,43,44,7,16,30,33,29,35,6,12,22,23,28,32,38,9,41
473,8,13,20,22,23,36,34,27,20,2,39,40,18,2,18,20,27,39,40,40,20,37,34,1,14,17,45,18,19,10,27,3,11,26,4,5,36,25,13,24,31,39,42,43,2,8,15,21,16,44,7,30,33,29,35,6,12,22,23,28,32,38,9,41
474,4,13,18,31,33,45,43,17,19,9,22,34,8,8,9,17,19,22,34,40,20,37,34,1,14,17,45,18,19,10,27,3,11,26,36,4,5,13,25,24,31,39,42,8,43,2,15,21,16,44,7,30,33,29,35,6,12,22,23,28,32,38,9,41
475,1,9,14,16,21,29,3,5,44,7,30,29,35,5,7,29,30,35,44,40,20,37,34,1,45,14,17,18,19,10,27,3,4,11,26,36,5,13,25,31,24,39,42,8,43,2,15,21,16,33,44,7,30,29,35,6,12,22,23,28,32,38,9,41
476,9,12,13,15,37,38,27,44,38,19,29,3,43,3,19,29,38,43,44,40,20,37,34,1,14,45,17,18,19,10,27,3,4,11,26,36,5,13,25,31,24,39,42,8,21,43,2,15,16,33,44,7,29,30,35,6,12,22,23,28,32,38,9,41
477,14,25,29,32,33,45,37,6,20,34,44,31,7,6,7,20,31,34,44,40,20,37,34,1,14,45,17,18,19,10,27,3,4,11,13,26,36,5,25,31,24,39,42,8,15,21,43,2,16,33,44,7,29,30,12,35,6,22,23,38,9,28,32,41
478,18,29,30,37,39,43,8,9,32,35,3,23,28,3,9,23,28,32,35,40,20,37,34,1,14,45,17,18,19,10,27,3,4,11,13,26,36,5,25,31,24,39,42,8,15,21,43,2,16,33,29,44,7,30,12,35,6,22,23,32,38,9,28,41
479,8,23,25,27,35,44,24,26,40,20,12,37,34,12,20,26,34,37,40,37,40,20,34,1,14,45,18,17,19,10,27,3,4,11,13,26,36,5,25,31,39,24,42,43,8,15,21,2,16,29,33,30,44,7,12,35,6,22,23,32,38,9,28,41
480,3,5,10,17,30,31,16,13,20,12,9,34,21,9,12,13,20,21,34,37,40,20,34,1,14,45,18,17,19,27,10,3,4,11,13,25,26,36,5,31,39,8,24,42,43,15,21,2,16,29,33,44,30,7,35,12,6,23,22,32,38,9,28,41
481,3,4,23,29,40,41,20,13,14,39,31,2,45,2,13,14,31,39,45,37,40,20,34,1,14,45,17,18,10,19,27,3,4,5,11,13,25,26,36,31,39,8,24,42,43,15,21,2,16,29,30,33,44,7,35,12,6,23,22,32,38,9,28,41
482,1,10,16,24,25,35,43,5,11,31,24,18,36,5,11,18,24,31,36,40,37,20,34,1,14,45,17,18,3,10,19,27,4,5,11,13,25,26,36,31,39,8,24,42,43,15,21,29,2,16,30,33,44,7,35,12,6,23,22,32,38,9,28,41
483,12,15,19,22,28,34,5,37,27,12,40,44,4,4,12,27,37,40,44,40,37,20,34,1,14,45,17,18,10,3,19,27,4,25,5,11,13,26,36,31,24,39,8,42,43,15,16,21,29,2,30,33,44,35,7,12,6,23,22,32,38,9,28,41
484,1,3,27,28,32,45,11,5,12,13,41,42,7,5,7,12,13,41,42,40,37,20,34,1,14,45,17,18,10,19,3,27,4,25,5,11,13,26,36,31,24,39,8,15,42,43,16,21,29,2,30,33,44,35,7,12,6,23,22,28,32,38,9,41
485,17,22,26,27,36,39,20,8,40,19,13,20,23,8,13,19,20,23,40,40,37,20,34,1,45,14,17,18,3,10,19,27,4,25,5,11,13,26,36,31,24,39,8,15,42,43,16,21,29,2,30,33,44,35,7,12,6,23,22,28,32,38,9,41
486,1,2,23,25,38,40,43,5,31,40,15,43,1,1,5,15,31,40,43,40,37,20,34,1,45,14,17,18,27,3,10,19,4,25,26,36,5,11,13,31,39,24,8,15,42,43,16,21,29,2,30,33,44,35,7,12,6,22,23,28,32,38,9,41
487,4,8,25,27,37,41,21,15,24,14,10,2,45,2,10,14,15,24,45,40,37,20,1,34,45,14,17,18,27,3,10,19,25,4,26,36,5,11,13,31,39,24,8,15,42,43,2,16,21,29,30,33,44,35,7,12,23,6,22,28,32,38,9,41
488,2,8,17,30,31,38,25,28,23,8,32,21,43,8,21,23,28,32,43,40,37,20,1,34,45,14,17,27,18,3,10,19,25,4,26,36,5,11,13,31,39,8,24,15,42,43,2,16,21,29,30,33,44,35,7,12,23,6,22,28,32,38,9,41
489,2,4,8,15,20,27,11,25,15,22,26,3,9,3,9,15,22,25,26,40,37,20,1,34,17,45,14,27,18,3,10,19,25,4,26,36,5,11,13,31,8,39,24,2,15,42,43,16,21,29,30,33,44,35,7,12,23,6,22,38,28,32,9,41
490,2,7,26,29,40,43,42,24,36,16,31,1,28,1,16,24,28,31,36,40,37,20,1,34,17,27,45,14,18,3,4,10,19,25,26,36,5,8,11,13,31,39,2,15,24,42,43,16,21,29,30,33,44,35,7,12,23,6,22,38,28,32,9,41
491,8,17,35,36,39,42,4,19,6,36,17,24,29,6,17,19,24,29,36,40,37,20,1,34,17,27,45,14,18,3,4,10,19,25,26,36,5,8,11,13,31,2,39,15,24,43,29,42,16,21,30,33,44,7,35,12,23,6,22,38,28,32,9,41
492,22,27,31,35,37,40,42,40,7,22,34,2,1,1,2,7,22,34,40,40,37,20,1,34,17,27,45,14,18,3,4,10,19,25,26,36,8,5,11,13,31,39,2,15,24,42,43,29,16,21,30,33,35,44,7,12,23,6,22,38,28,32,9,41
493,20,22,26,33,36,37,25,3,38,16,34,17,2,2,3,16,17,34,38,40,37,20,1,34,17,27,45,14,18,3,4,10,19,25,26,36,8,31,5,11,13,39,2,15,24,42,43,29,16,21,30,35,33,44,7,12,22,23,6,38,28,32,9,41
494,5,7,8,15,30,43,22,20,36,18,25,32,28,18,20,25,28,32,36,40,37,20,1,34,17,27,45,14,18,3,4,10,19,25,26,36,8,31,5,11,13,39,2,15,24,42,43,29,16,21,30,33,35,44,7,12,22,23,6,38,28,32,9,41
495,4,13,22,27,34,44,6,12,22,38,7,5,36,5,7,12,22,36,38,40,37,20,1,34,17,27,45,14,18,3,4,10,19,25,26,36,8,5,31,11,13,39,2,15,43,24,42,29,30,16,21,33,35,7,44,12,22,23,6,38,28,32,9,41
496,4,13,20,29,36,41,39,10,20,3,29,17,45,3,10,17,20,29,45,40,37,20,34,1,27,17,45,14,4,18,3,10,19,25,26,36,8,5,13,31,11,39,2,15,43,24,42,29,30,16,21,33,35,44,7,22,12,23,6,38,28,32,9,41
497,19,20,23,24,43,44,13,15,3,39,27,26,35,3,15,26,27,35,39,40,37,20,34,1,27,17,45,4,14,18,36,3,10,19,25,26,8,13,5,31,11,39,2,15,43,24,29,42,30,16,21,33,35,44,7,22,12,23,6,38,28,32,9,41
498,13,14,24,32,39,41,3,19,10,27,43,23,45,10,19,23,27,43,45,40,20,37,34,1,27,17,45,4,14,18,19,36,3,10,25,26,8,13,5,31,11,39,43,2,15,24,29,42,30,44,16,21,33,35,7,22,12,23,6,38,28,32,9,41
499,5,20,23,27,35,40,43,20,2,39,6,35,1,1,2,6,20,35,39,40,20,37,34,1,27,17,14,45,4,18,19,36,3,10,13,25,26,8,5,31,39,11,24,43,2,15,29,42,30,44,16,21,33,35,7,22,12,23,6,32,38,28,41,9
500,3,4,12,20,24,34,41,14,10,39,2,24,4,2,4,10,14,24,39,40,20,37,34,1,27,17,14,45,4,18,19,36,3,10,13,25,26,5,8,31,39,11,24,43,2,15,29,42,30,35,44,16,21,33,7,22,23,12,6,32,38,28,41,9
501,1,4,10,17,31,42,2,5,8,15,7,22,29,5,7,8,15,22,29,20,40,37,34,1,27,17,4,14,45,3,18,19,36,10,13,25,26,5,8,24,31,39,11,43,2,15,29,42,30,35,44,16,21,33,7,12,22,23,6,32,38,28,41,9
502,6,22,28,32,34,40,26,40,38,43,41,4,2,2,4,38,40,41,43,20,40,37,34,1,27,17,4,14,45,3,10,18,19,36,13,25,26,5,8,31,24,39,11,43,2,15,42,29,30,35,44,16,21,33,7,12,22,23,6,32,38,28,41,9
503,1,5,27,30,34,36,40,5,19,6,30,4,15,4,5,6,15,19,30,40,20,37,34,1,27,17,4,14,45,3,10,18,19,36,13,25,26,5,8,31,24,39,11,43,2,15,42,29,30,35,44,16,21,33,7,22,12,23,6,32,28,38,41,9
504,6,14,22,26,43,44,31,40,9,37,19,25,32,9,19,25,32,37,40,40,20,37,34,1,27,17,4,14,45,36,3,10,18,19,5,13,25,26,8,31,24,39,11,43,2,15,42,29,30,35,44,16,21,33,7,22,12,23,6,32,28,38,41,9
505,7,20,22,25,38,40,44,37,2,35,19,43,1,1,2,19,35,37,43,40,20,37,34,1,27,17,4,14,45,36,3,10,18,19,26,5,13,25,8,31,24,39,43,11,2,15,42,29,30,44,35,16,21,22,33,7,12,23,6,32,28,38,41,9
506,6,9,11,22,24,30,31,40,45,25,32,22,30,22,25,30,32,40,45,40,20,37,34,1,27,17,4,14,45,36,3,10,18,19,25,26,5,13,8,31,24,39,43,11,2,15,42,29,30,44,22,35,7,16,21,33,12,23,6,32,38,28,41,9
507,12,13,32,33,40,41,4,39,19,41,37,1,45,1,19,37,39,41,45,40,20,37,34,1,27,17,4,14,45,36,3,10,18,19,25,26,5,13,8,24,31,11,39,43,2,15,30,42,22,29,44,35,7,16,21,33,6,12,23,32,38,28,9,41
508,5,27,31,34,35,43,37,19,6,22,4,34,25,4,6,19,22,25,34,40,20,37,34,1,27,17,4,14,45,36,3,10,13,18,19,25,26,5,8,24,31,11,39,43,2,15,30,42,22,29,44,33,35,7,16,21,12,6,23,32,38,28,41,9
509,12,25,29,35,42,43,24,38,18,31,32,29,23,18,23,29,31,32,38,40,20,34,37,1,27,17,4,14,45,36,3,5,10,13,18,19,25,26,31,8,24,43,11,39,2,15,30,42,22,29,35,44,33,7,16,21,12,6,23,32,38,28,41,9
510,12,29,32,33,39,40,42,36,29,41,34,25,1,1,25,29,34,36,41,40,20,34,37,1,27,17,4,14,45,25,36,3,5,10,13,18,19,26,31,43,8,24,11,39,42,2,15,29,30,35,22,44,33,7,12,16,21,6,23,32,38,28,41,9
511,3,7,14,23,26,42,24,13,36,9,40,19,27,9,13,19,27,36,40,40,20,34,37,1,27,17,4,14,45,25,36,3,5,10,13,18,19,26,31,43,8,24,39,11,29,42,2,15,30,35,22,33,44,12,7,16,21,6,23,32,38,28,41,9
512,4,5,9,13,26,27,1,9,15,45,17,13,6,6,9,13,15,17,45,40,20,34,37,1,27,14,17,4,45,3,25,26,36,5,10,13,18,19,31,43,8,24,39,11,42,29,2,15,30,35,22,33,44,7,12,16,21,23,6,32,38,28,41,9
513,5,8,21,23,27,33,12,13,22,38,39,6,33,6,13,22,33,38,39,40,20,34,37,1,27,4,14,17,26,45,3,5,13,25,36,10,18,19,31,43,8,24,39,11,42,29,2,15,30,35,22,33,44,7,12,16,21,23,6,32,38,28,9,41
514,1,15,20,26,35,42,9,6,29,2,11,32,26,2,6,11,26,29,32,40,20,34,37,27,1,4,14,17,5,26,45,3,13,25,36,10,18,19,8,31,43,24,39,11,42,29,2,15,30,33,35,22,44,7,12,21,16,23,6,32,38,28,9,41
515,2,11,12,15,23,37,8,30,26,36,27,39,4,4,26,27,30,36,39,40,20,34,37,1,27,4,14,17,26,5,45,3,13,25,36,10,18,19,8,31,43,24,39,42,11,15,29,35,2,30,33,22,44,7,12,21,16,23,6,32,38,28,9,41
516,2,8,23,41,43,44,30,28,20,38,45,22,35,20,22,28,35,38,45,40,20,37,34,1,27,4,14,17,26,5,45,3,13,25,36,10,18,19,8,31,43,11,24,39,42,15,2,29,35,30,33,12,22,44,7,21,23,16,6,32,38,28,9,41
517,1,9,12,28,36,41,10,5,45,34,43,16,44,5,16,34,43,44,45,40,20,37,34,1,27,4,14,17,26,5,45,3,13,25,36,8,10,18,19,43,31,11,24,39,42,2,15,29,35,30,33,44,12,22,23,7,21,16,6,32,38,28,41,9
518,14,23,30,32,34,38,6,8,36,32,41,4,43,4,8,32,36,41,43,40,20,37,34,1,27,4,14,17,26,5,36,45,3,13,25,8,10,18,19,43,31,11,24,39,42,2,15,29,35,12,30,33,44,22,23,7,21,16,6,32,28,38,41,9
519,6,8,13,16,30,43,3,41,17,15,39,30,21,15,17,21,30,39,41,40,20,34,37,1,27,14,4,17,26,5,36,45,3,13,25,8,10,18,19,43,31,11,24,39,42,2,15,29,30,35,12,23,33,44,22,7,21,16,32,6,38,28,41,9
520,4,22,27,28,38,40,1,8,36,6,43,42,1,1,6,8,36,42,43,40,20,34,37,1,27,14,4,17,26,5,13,36,45,3,8,25,43,10,18,19,31,11,24,39,42,2,15,30,29,35,12,23,33,44,22,7,16,21,6,32,38,28,41,9
521,3,7,18,29,32,36,19,15,37,20,30,41,13,13,15,20,30,37,41,40,20,34,37,1,27,4,14,17,26,5,13,36,45,3,8,25,43,10,18,19,31,11,24,39,42,2,15,30,29,35,12,22,23,33,44,7,16,21,6,32,38,28,41,9
522,4,5,13,14,37,41,11,7,13,14,8,4,44,4,7,8,13,14,44,40,20,34,37,1,27,4,14,17,26,36,3,5,13,45,8,18,25,43,10,19,31,11,24,39,42,2,15,29,30,35,12,22,23,33,44,7,16,21,32,6,38,28,41,9
523,1,4,37,38,40,45,7,5,7,3,42,1,15,1,3,5,7,15,42,40,20,37,34,1,27,4,14,17,5,13,26,36,3,45,8,18,25,43,10,19,31,11,24,39,42,2,15,29,30,35,12,22,23,33,44,7,16,21,32,6,38,28,41,9
524,10,11,29,38,41,45,21,20,23,29,42,44,14,14,20,23,29,42,44,40,20,37,34,1,27,4,14,17,5,13,26,36,45,3,8,18,25,43,10,19,31,11,24,39,42,2,15,29,30,35,12,22,23,33,44,7,16,21,32,6,38,28,41,9
525,11,23,26,29,39,44,22,22,34,13,25,26,36,13,22,25,26,34,36,40,20,37,34,1,27,4,14,17,45,5,13,26,36,3,8,10,18,25,43,19,11,31,24,29,39,42,2,15,30,35,12,22,23,33,44,7,16,21,32,38,6,41,28,9
526,7,14,17,20,35,39,31,37,8,9,2,32,25,2,8,9,25,32,37,40,20,37,34,1,27,4,14,17,26,45,5,13,36,3,8,10,18,25,43,11,19,29,31,39,24,42,2,15,30,23,35,44,12,22,33,7,16,21,32,38,6,41,28,9
527,1,12,22,32,33,42,38,5,35,36,40,37,27,5,27,35,36,37,40,40,20,37,34,1,27,4,14,17,26,45,5,13,36,3,8,10,18,25,43,11,19,39,29,31,24,42,2,15,30,35,23,44,7,12,22,33,16,21,32,38,6,41,28,9
528,5,17,25,31,39,40,10,12,9,19,25,23,1,1,9,12,19,23,25,40,20,37,1,34,27,4,14,17,26,45,5,13,36,3,8,10,18,25,43,11,19,39,29,31,42,24,2,15,30,35,12,22,23,33,44,7,16,21,32,38,6,41,28,9
529,18,20,24,27,31,42,39,19,2,27,6,24,26,2,6,19,24,26,27,40,20,37,1,34,27,4,14,17,5,26,45,13,36,3,25,8,10,18,39,43,11,19,31,29,42,24,2,15,30,35,12,22,23,33,44,7,16,21,32,38,6,41,28,9
530,16,23,27,29,33,41,22,38,34,6,27,35,43,6,27,34,35,38,43,40,20,37,1,34,27,4,14,17,5,26,45,13,36,3,18,25,8,10,31,39,43,11,19,42,24,29,2,15,30,35,12,22,23,33,44,7,16,21,32,38,6,41,28,9
531,1,5,9,21,27,35,45,4,10,45,39,5,33,4,5,10,33,39,45,40,20,37,1,27,34,4,14,17,5,26,45,13,36,3,18,25,8,10,31,39,43,11,19,29,42,24,2,15,23,30,33,35,12,22,44,7,16,21,32,38,6,41,28,9
532,16,17,23,24,29,44,3,38,9,31,27,25,36,9,25,27,31,36,38,40,20,37,1,27,34,4,14,17,5,26,45,13,36,3,18,25,8,10,31,39,43,11,19,29,42,24,35,2,15,23,30,33,12,22,44,7,16,21,32,38,6,41,28,9
533,9,14,15,17,31,33,23,45,8,31,9,21,33,8,9,21,31,33,45,40,20,37,1,27,34,4,14,17,5,26,45,13,36,3,18,25,8,10,29,31,39,43,11,19,24,42,23,35,2,15,30,33,44,12,22,7,16,21,32,38,6,41,28,9
534,10,24,26,29,37,38,32,20,26,11,21,3,41,3,11,20,21,26,41,40,20,37,1,27,34,14,17,4,5,26,45,13,36,3,18,25,31,8,10,29,39,43,11,19,24,42,15,23,33,35,2,30,44,12,22,7,16,21,32,38,6,41,9,28
535,11,12,14,15,18,39,34,25,35,7,28,17,23,7,17,23,25,28,35,40,20,37,1,27,34,14,17,4,5,26,45,13,36,3,10,18,25,29,31,8,24,39,43,11,19,42,15,23,33,35,2,30,44,12,22,7,16,21,32,38,6,41,9,28
536,7,8,18,32,37,43,12,37,22,14,40,3,25,3,14,22,25,37,40,40,20,37,1,27,34,14,17,4,5,26,45,13,18,36,3,10,25,29,31,39,8,11,24,43,19,42,15,23,33,35,2,12,30,44,22,7,16,21,32,38,6,41,9,28
537,12,23,26,30,36,43,11,33,29,11,34,15,23,11,15,23,29,33,34,40,20,37,1,27,34,14,17,4,5,26,18,45,13,36,3,8,10,25,29,31,39,43,11,24,19,42,15,23,33,35,2,12,30,44,7,22,16,21,32,38,6,41,9,28
538,6,10,18,31,32,34,11,42,19,12,22,40,6,6,12,19,22,40,42,40,20,37,1,27,34,14,17,4,26,5,18,36,45,13,43,3,8,10,25,29,31,39,11,24,19,42,15,23,12,30,33,35,2,44,7,22,16,21,32,38,6,41,9,28
539,3,19,22,31,42,43,26,19,26,37,17,27,18,17,18,19,26,27,37,40,20,37,1,27,34,14,17,4,26,5,18,36,45,10,13,31,43,3,8,25,29,39,11,24,19,42,15,23,12,30,33,35,2,44,7,22,16,32,21,38,6,41,9,28
540,3,12,13,15,34,36,14,17,30,19,28,6,14,6,14,17,19,28,30,40,20,37,1,27,34,14,17,4,26,5,18,31,36,43,45,3,10,13,8,25,29,39,11,19,24,42,15,23,12,30,33,35,2,22,44,7,16,32,21,38,6,41,9,28
541,8,13,26,28,32,34,43,20,15,10,45,39,4,4,10,15,20,39,45,40,20,37,34,1,27,14,17,4,26,5,18,36,3,13,31,43,45,10,8,25,29,39,11,19,24,42,15,12,23,30,33,35,2,22,44,7,16,32,21,38,6,41,9,28
542,5,6,19,26,41,45,34,11,42,25,10,43,18,10,11,18,25,42,43,40,20,37,34,1,27,14,17,4,26,5,13,18,36,3,31,43,45,8,10,25,29,39,11,19,24,42,15,12,23,30,33,35,2,22,44,7,32,16,21,38,6,41,28,9
543,13,18,26,31,34,44,12,12,13,9,17,4,36,4,9,12,13,17,36,40,20,37,34,1,27,14,17,26,4,5,13,18,36,45,3,31,43,8,10,19,25,29,39,11,24,42,15,12,23,30,33,35,2,22,44,7,32,16,21,6,38,41,28,9
544,5,17,21,25,36,44,10,11,9,40,22,15,34,9,11,15,22,34,40,40,20,34,37,1,27,14,26,17,4,5,13,18,31,36,45,3,43,8,10,19,25,29,39,11,24,42,15,12,23,30,33,35,44,2,22,7,32,16,21,6,38,41,28,9
545,4,24,25,27,34,35,2,10,26,21,6,3,34,3,6,10,21,26,34,40,20,34,37,1,27,14,17,26,4,5,13,18,36,31,45,3,43,8,10,25,19,29,39,11,24,42,15,12,23,44,30,33,35,2,22,7,32,16,21,6,38,41,28,9
546,8,17,20,27,37,43,6,20,8,2,5,4,19,2,4,5,8,19,20,40,20,34,37,27,1,14,17,26,4,5,13,18,36,31,45,3,25,43,8,10,19,24,29,39,11,42,15,12,23,35,44,30,33,2,22,7,32,16,21,6,38,41,28,9
547,6,7,15,22,34,39,28,41,37,28,36,3,25,3,25,28,36,37,41,40,20,34,37,27,1,17,14,26,4,5,13,18,36,31,43,45,3,8,25,10,19,24,29,39,11,42,15,12,23,35,44,30,33,2,22,7,32,16,21,6,38,41,28,9
548,1,12,13,21,32,45,14,6,29,12,40,38,17,6,12,17,29,38,40,40,20,34,37,27,1,17,14,26,4,5,13,18,36,31,43,45,3,8,25,10,39,19,24,29,11,15,42,12,23,35,44,22,30,33,2,7,32,16,21,6,38,41,28,9
549,29,31,35,38,40,44,17,25,16,31,42,1,32,1,16,25,31,32,42,40,20,34,37,27,1,17,14,26,4,5,13,18,36,45,31,43,3,8,25,10,39,19,24,29,11,15,42,12,23,35,44,22,30,33,2,7,32,21,16,6,38,41,28,9
550,1,7,14,20,34,37,41,6,37,8,2,3,4,2,3,4,6,8,37,40,20,34,37,27,1,17,14,26,4,5,13,18,31,36,45,43,3,8,25,10,29,39,19,24,11,15,42,12,35,44,23,22,30,33,2,7,32,21,16,6,38,41,28,9
551,3,6,20,24,27,44,25,18,41,2,25,6,31,2,6,18,25,31,41,40,20,34,37,1,27,14,17,26,4,5,13,18,31,36,45,43,3,8,25,10,29,39,19,24,11,15,42,12,35,44,23,7,22,30,33,2,32,21,16,6,38,41,28,9
552,1,10,20,32,35,40,43,6,21,2,38,31,1,1,2,6,21,31,38,40,20,34,37,27,1,14,17,26,4,5,13,18,31,36,45,3,43,8,25,10,24,29,39,19,11,15,42,44,12,35,23,7,22,30,33,2,32,21,6,16,38,41,28,9
553,2,7,17,28,29,39,37,38,33,8,44,23,24,8,23,24,33,38,44,40,20,34,37,1,27,14,17,26,4,5,13,18,31,36,45,3,43,8,10,25,24,29,39,19,11,15,35,42,44,12,23,7,22,30,32,33,2,21,6,16,38,41,28,9
554,13,14,17,32,41,42,6,12,8,7,37,43,29,7,8,12,29,37,43,40,20,34,37,1,27,17,14,26,4,5,13,18,31,36,45,3,43,8,10,25,29,39,24,19,11,15,35,42,44,12,7,23,2,22,30,32,33,21,6,16,38,41,28,9
555,11,17,21,24,26,36,12,27,7,39,24,9,15,7,9,15,24,27,39,40,20,34,37,1,27,17,14,26,4,13,5,18,31,36,45,3,43,8,10,25,29,39,24,19,42,11,15,35,44,12,7,23,32,2,22,30,33,21,6,16,38,41,28,9
556,12,20,23,28,30,44,43,31,2,33,44,37,30,2,30,31,33,37,44,40,20,34,37,1,27,17,14,26,4,13,5,36,18,31,45,3,43,8,10,24,25,29,39,11,19,42,15,35,44,12,7,23,32,2,22,30,33,21,6,16,38,41,28,9
557,4,20,26,28,35,40,31,10,1,9,44,31,2,1,2,9,10,31,44,20,40,34,37,1,27,17,14,26,4,13,5,36,18,31,45,3,43,8,10,24,25,29,39,11,19,42,44,12,15,35,23,7,30,32,2,22,33,21,6,16,38,41,28,9
558,12,15,19,26,40,43,29,30,31,26,9,2,18,2,9,18,26,30,31,20,40,34,37,1,27,17,14,26,4,13,5,36,18,31,45,3,43,8,10,24,25,29,39,11,19,35,42,44,12,15,23,7,30,32,2,22,33,21,6,16,38,28,41,9
559,11,12,25,32,44,45,23,26,27,22,35,31,17,17,22,26,27,31,35,40,20,34,37,1,27,17,26,14,4,13,5,36,18,31,43,45,3,8,10,24,25,29,39,19,11,12,15,35,42,44,23,7,30,32,2,22,33,21,6,16,38,28,41,9
560,1,4,20,23,29,45,28,5,10,2,32,23,14,2,5,10,14,23,32,40,20,34,37,1,27,17,26,14,4,13,5,36,45,18,31,43,3,25,8,10,24,29,39,11,12,19,44,15,35,42,23,32,7,30,2,22,33,21,6,16,38,28,41,9
561,5,7,18,37,42,45,20,13,34,15,4,31,12,4,12,13,15,31,34,20,40,34,37,1,27,17,26,14,4,13,45,5,36,18,31,43,3,25,29,8,10,24,39,11,12,19,44,15,35,42,23,32,7,30,2,22,33,21,6,16,38,28,41,9
562,4,11,13,17,20,31,33,10,25,13,7,1,16,1,7,10,13,16,25,20,40,34,37,1,27,17,26,14,4,45,5,13,18,36,31,43,3,25,29,8,10,24,39,11,12,19,42,44,15,35,23,7,32,30,2,22,33,21,6,16,38,28,41,9
563,5,10,16,17,31,32,21,13,22,41,7,15,34,7,13,15,22,34,41,20,40,34,37,1,27,17,26,4,14,13,45,5,18,31,36,43,3,25,29,8,10,11,24,39,12,19,42,44,15,35,23,7,32,30,2,22,33,21,6,16,38,28,41,9
564,14,19,25,26,27,34,2,10,27,20,8,6,3,3,6,8,10,20,27,20,40,34,37,1,27,17,26,4,14,5,13,45,31,18,36,43,3,10,25,29,8,11,24,39,12,19,42,44,15,35,23,32,7,30,2,22,33,21,16,6,38,28,41,9
565,4,10,18,27,40,45,38,10,20,15,6,2,13,2,6,10,13,15,20,20,40,34,37,1,27,17,26,14,4,5,13,45,31,18,36,25,43,3,10,29,8,11,19,24,39,12,42,44,15,35,23,32,7,30,2,22,33,21,16,6,38,28,41,9
566,4,5,6,25,26,43,41,9,12,41,18,8,19,8,9,12,18,19,41,20,40,34,37,27,1,17,26,4,14,45,5,13,18,31,36,10,25,43,3,29,8,11,19,24,39,12,42,44,15,35,23,32,7,30,2,22,33,21,16,6,38,28,41,9
567,1,10,15,16,32,41,28,6,19,30,41,33,44,6,19,30,33,41,44,20,40,34,37,27,1,17,26,4,14,5,45,13,18,31,25,36,43,10,3,29,8,11,19,24,39,12,42,44,15,35,23,32,7,30,2,22,33,21,6,16,38,28,41,9
568,1,3,17,20,31,44,40,5,20,7,1,15,30,1,5,7,15,20,30,20,40,34,37,1,27,17,26,4,14,5,45,13,18,31,10,25,36,43,3,29,8,11,19,24,39,12,15,42,44,32,35,23,7,30,2,22,33,16,21,6,38,41,28,9
569,3,6,13,23,24,35,1,20,41,13,33,25,32,13,20,25,32,33,41,20,40,34,1,37,27,17,26,4,14,5,45,13,31,18,10,25,36,43,3,29,8,11,19,24,39,44,12,15,42,32,35,23,7,30,2,22,33,16,21,6,38,41,28,9
570,1,12,26,27,29,33,42,4,28,8,6,22,38,4,6,8,22,28,38,20,40,34,1,37,27,17,26,4,14,5,13,45,31,18,3,10,25,36,43,24,29,8,11,19,39,44,12,15,35,42,23,32,7,30,2,22,33,6,16,21,38,41,28,9
571,11,18,21,26,38,43,29,24,15,41,8,42,20,8,15,20,24,41,42,20,40,1,34,27,37,17,26,4,14,5,13,45,31,18,3,10,25,36,43,29,24,8,11,12,19,39,44,15,35,42,23,32,7,30,33,2,22,6,16,21,38,41,28,9
572,3,13,18,33,37,45,1,17,12,14,36,6,13,6,12,13,14,17,36,20,40,1,34,27,37,17,26,4,14,5,13,45,18,31,43,3,10,25,36,29,11,24,8,12,19,39,44,15,35,42,23,32,7,30,33,2,21,22,6,16,38,41,28,9
573,2,4,20,34,35,43,14,37,9,1,4,30,17,1,4,9,17,30,37,20,40,1,34,37,27,17,26,4,14,13,45,5,18,31,3,43,10,25,36,29,11,24,8,12,19,39,44,15,35,42,23,32,7,33,30,2,21,22,6,16,38,41,28,9
574,14,15,16,19,25,43,2,10,30,41,26,19,16,10,16,19,26,30,41,20,40,34,1,37,27,17,26,4,14,13,45,5,18,31,43,3,10,25,36,29,11,24,8,12,19,35,39,44,15,42,23,32,7,33,2,30,21,22,6,16,38,41,28,9
575,2,8,20,30,33,34,6,36,25,1,37,35,3,1,3,25,35,36,37,20,40,34,1,37,27,17,26,4,14,13,45,5,18,43,31,3,25,10,36,29,11,19,24,8,12,15,35,39,44,42,23,32,7,33,2,30,16,21,22,6,38,41,28,9
576,10,11,15,25,35,41,13,19,23,27,18,28,43,18,19,23,27,28,43,20,40,34,1,37,27,17,26,4,14,13,45,5,18,43,31,3,25,10,36,29,8,11,19,24,12,15,35,39,44,42,23,32,33,2,7,30,16,21,22,6,38,41,28,9
577,16,17,22,31,34,37,33,38,7,40,17,3,5,3,5,7,17,38,40,20,40,34,1,37,27,17,26,4,14,13,45,5,18,43,25,31,3,10,36,11,29,8,15,19,24,35,12,39,44,42,23,32,33,2,7,30,16,21,22,6,38,41,28,9
578,5,12,14,32,34,42,16,13,28,10,33,3,31,3,10,13,28,31,33,20,40,34,37,1,27,17,26,4,14,13,45,5,18,31,43,25,3,10,36,11,29,8,15,19,24,35,12,39,44,42,23,32,33,2,7,30,16,22,21,6,38,41,28,9
579,5,7,20,22,37,42,39,11,36,1,39,4,30,1,4,11,30,36,39,20,40,34,37,1,27,17,26,4,14,5,13,45,18,31,43,25,3,10,36,11,29,8,12,15,19,24,35,39,42,44,32,23,33,2,7,30,16,22,21,6,38,41,28,9
580,5,7,9,11,32,35,33,11,34,45,21,32,28,11,21,28,32,34,45,20,40,34,37,1,27,17,26,4,14,5,13,45,18,31,43,25,3,10,36,11,29,8,12,15,19,24,35,42,39,44,32,23,7,33,2,22,30,16,21,6,38,41,28,9
581,3,5,14,20,42,44,33,18,11,10,1,29,32,1,10,11,18,29,32,20,40,34,37,1,27,17,26,4,14,5,13,45,18,31,43,25,3,10,11,36,29,35,8,12,15,19,24,42,32,39,44,7,23,33,2,22,30,16,21,6,38,41,28,9
582,2,12,14,33,40,41,25,36,26,9,35,2,43,2,9,26,35,36,43,20,40,34,37,1,27,17,26,14,4,5,13,45,18,31,43,3,25,10,11,36,29,35,42,8,12,15,19,24,44,32,39,7,23,33,2,22,30,16,21,6,38,41,28,9
583,8,17,27,33,40,44,24,26,7,6,35,2,30,2,6,7,26,30,35,20,40,34,37,1,27,17,14,26,4,5,13,45,18,31,43,3,25,10,11,36,12,29,35,42,8,15,19,24,44,32,39,7,23,33,2,22,30,16,21,6,41,38,28,9
584,7,18,30,39,40,41,36,34,14,38,32,2,42,2,14,32,34,38,42,20,40,34,37,1,27,17,14,26,4,5,13,45,18,31,43,3,25,10,11,36,8,12,29,35,42,44,15,19,24,32,39,33,7,23,2,22,30,16,21,6,41,38,28,9
585,6,7,10,16,38,41,4,41,33,19,39,43,42,19,33,39,41,42,43,20,40,34,37,1,27,17,14,26,4,5,13,18,45,31,43,3,25,10,11,36,8,12,29,35,42,44,15,19,24,39,32,7,33,23,2,30,22,16,21,6,41,38,28,9
586,2,7,12,15,21,34,5,36,32,23,28,41,3,3,23,28,32,36,41,20,40,34,37,1,27,17,14,26,4,5,13,18,45,31,43,3,10,25,11,36,8,12,29,35,42,44,15,19,24,39,7,32,33,23,2,30,16,22,6,21,41,38,28,9
587,14,21,29,31,32,37,17,8,40,25,15,33,4,4,8,15,25,33,40,20,40,34,37,1,27,17,14,26,4,5,13,18,45,31,43,3,10,25,11,12,36,8,15,29,35,42,44,7,19,24,39,32,33,2,23,30,16,22,21,6,41,38,28,9
588,2,8,15,22,25,41,30,35,24,25,40,19,42,19,24,25,35,40,42,20,40,34,37,1,27,17,14,26,4,5,13,18,31,45,43,3,10,25,11,12,29,36,8,15,35,42,44,7,19,24,32,39,33,2,23,30,16,21,22,6,41,38,28,9
589,6,8,28,33,38,39,22,42,20,44,35,43,33,20,33,35,42,43,44,20,40,34,37,1,27,17,14,26,4,5,13,18,31,45,25,43,3,10,8,11,12,15,29,36,35,42,44,7,19,24,32,39,2,33,23,22,30,16,21,41,6,38,28,9
590,20,30,36,38,41,45,23,1,38,25,43,42,15,1,15,25,38,42,43,20,40,34,37,1,27,17,14,26,4,5,13,18,31,45,25,43,3,10,8,11,12,15,29,36,35,39,42,44,7,19,24,32,33,2,23,22,30,16,21,6,41,38,28,9
591,8,13,14,30,38,39,5,20,13,8,37,43,27,8,13,20,27,37,43,20,40,34,37,1,27,17,14,26,4,5,45,13,18,31,25,43,3,10,8,36,11,12,15,29,35,39,42,44,7,19,24,32,33,2,23,30,22,16,21,41,6,38,28,9
592,2,5,6,13,28,44,43,35,11,42,12,44,29,11,12,29,35,42,44,20,40,34,37,1,27,14,17,26,4,5,13,45,18,31,25,43,3,8,10,36,11,12,15,29,39,35,42,44,7,19,24,32,33,2,30,23,22,16,21,41,6,38,28,9
593,9,10,13,24,33,38,28,45,20,12,32,35,43,12,20,32,35,43,45,20,40,34,37,1,27,14,17,26,5,4,13,45,18,31,25,43,3,8,10,36,11,12,15,29,39,44,35,42,7,19,24,32,2,33,30,23,22,6,16,21,41,38,28,9
594,2,8,13,25,28,37,3,35,20,12,17,44,4,4,12,17,20,35,44,20,40,34,37,1,27,14,17,26,5,4,13,45,18,31,10,25,43,3,8,36,11,12,15,29,39,44,24,35,42,7,19,32,33,2,30,23,22,6,16,21,38,41,28,9
595,8,24,28,35,38,40,5,17,28,44,29,42,2,2,17,28,29,42,44,20,40,34,37,1,27,14,17,26,5,13,4,45,18,25,31,8,10,43,3,36,11,12,15,29,39,44,24,35,42,2,7,19,32,33,30,23,22,6,16,21,38,41,28,9
596,3,4,12,14,25,43,17,20,12,23,7,16,19,7,12,16,19,20,23,20,40,34,37,1,27,14,17,26,5,13,4,45,8,18,25,31,10,43,3,36,11,12,15,24,29,35,39,44,42,2,7,19,32,33,30,23,22,38,6,16,21,41,28,9
597,8,10,23,24,35,43,37,15,20,37,25,27,18,15,18,20,25,27,37,20,40,34,37,1,27,14,17,26,4,5,13,25,45,8,18,31,43,3,10,12,36,11,15,24,29,35,39,44,42,2,7,19,32,33,30,23,22,38,6,16,21,41,28,9
598,4,12,24,33,38,45,22,10,21,22,35,39,16,10,16,21,22,35,39,20,40,34,37,1,27,14,17,26,4,5,13,8,25,43,45,10,18,31,3,12,24,35,36,11,15,29,39,44,42,2,7,19,32,33,23,30,22,38,6,16,21,41,28,9
599,5,12,17,29,34,35,27,11,21,8,27,3,23,3,8,11,21,23,27,20,40,34,37,1,27,14,17,4,26,5,13,45,8,25,43,10,18,31,3,12,24,35,36,11,15,29,39,44,33,42,2,7,19,32,23,30,38,22,6,16,21,41,28,9
600,5,11,14,27,29,36,44,10,26,7,6,24,25,6,7,10,24,25,26,20,40,34,37,1,27,14,17,4,5,26,13,45,8,25,43,10,18,31,3,12,24,35,29,36,11,15,39,44,33,42,2,7,19,32,23,30,38,22,6,16,21,41,28,9
601,2,16,19,31,34,35,37,32,41,34,19,3,24,3,19,24,32,34,41,20,40,34,37,27,1,14,17,5,4,26,13,45,8,25,43,10,18,31,3,12,24,29,35,36,11,15,39,44,33,42,2,7,19,32,23,30,38,22,6,16,21,41,28,9
602,13,14,22,27,30,38,2,12,7,40,5,37,38,5,7,12,37,38,40,20,40,34,37,27,1,14,17,5,4,26,13,45,8,25,31,43,10,18,3,12,35,24,29,36,11,15,39,44,2,19,33,42,7,32,23,30,38,16,22,6,21,41,28,9
603,2,19,25,26,27,43,28,30,31,15,12,5,17,5,12,15,17,30,31,20,40,34,37,27,14,1,17,5,4,13,26,45,8,25,31,43,10,18,3,12,35,24,29,36,11,15,39,44,2,19,33,42,7,32,30,23,38,22,16,6,21,41,28,9
604,2,6,18,21,33,34,30,27,41,19,42,32,3,3,19,27,32,41,42,20,40,34,37,27,14,1,17,5,26,4,13,25,43,45,8,31,10,18,3,12,35,24,29,36,11,2,15,19,39,44,33,42,7,32,30,23,38,22,16,6,21,41,28,9
605,1,2,7,9,10,38,42,7,26,34,45,19,38,7,19,26,34,38,45,20,40,34,37,27,14,1,17,5,26,4,13,25,43,45,8,18,31,10,3,12,35,24,29,36,2,11,15,19,33,39,44,42,7,32,30,23,38,22,6,16,21,41,28,9
606,1,5,6,14,20,39,22,6,9,40,7,1,31,1,6,7,9,31,40,20,40,34,37,27,1,14,17,5,26,4,13,25,43,45,8,10,18,31,3,12,35,2,24,29,36,11,15,19,33,39,44,7,42,32,30,38,23,22,6,16,21,41,28,9
607,8,14,23,36,38,39,13,16,7,38,26,37,28,7,16,26,28,37,38,20,40,34,37,27,1,14,17,5,26,4,13,25,43,45,8,10,18,31,3,12,35,2,24,29,36,11,39,15,19,33,44,7,42,32,30,38,23,6,22,16,21,41,28,9
608,4,8,18,19,39,44,41,11,13,18,30,27,32,11,13,18,27,30,32,20,40,34,37,14,27,1,17,5,26,4,13,8,25,43,45,10,18,31,3,12,35,36,2,24,29,39,11,15,19,33,44,7,42,32,38,23,30,6,22,16,21,41,28,9
609,4,8,27,34,39,40,13,10,13,6,3,24,2,2,3,6,10,13,24,20,40,34,37,14,27,1,17,5,4,26,13,8,18,25,43,45,10,31,3,12,35,36,39,2,24,29,11,19,44,15,33,7,42,32,38,23,30,6,22,16,21,41,28,9
610,14,18,20,23,28,36,33,6,14,1,37,44,24,1,6,14,24,37,44,20,40,34,27,37,14,1,17,4,5,26,13,8,18,25,43,45,10,31,39,3,12,35,36,2,24,29,11,19,44,15,33,7,42,32,38,23,30,6,22,16,21,41,28,9
611,2,22,27,33,36,37,14,25,40,5,32,20,6,5,6,20,25,32,40,20,40,34,14,27,37,1,17,4,5,26,13,8,18,25,43,45,10,31,36,39,3,12,35,2,24,29,11,19,44,15,33,7,42,23,32,38,30,6,22,16,21,41,28,9
612,6,9,18,19,25,33,40,40,45,14,29,15,30,14,15,29,30,40,45,20,40,34,27,37,14,1,17,4,5,26,13,8,18,25,43,45,10,31,36,39,2,3,12,35,24,29,11,19,33,44,15,7,42,23,32,38,30,22,6,16,21,41,28,9
613,7,8,11,16,41,44,35,33,13,30,41,43,31,13,30,31,33,41,43,20,40,34,27,37,14,1,17,4,5,26,13,8,18,25,43,45,10,31,36,39,2,3,12,35,19,24,29,33,11,44,15,7,42,23,32,38,30,6,22,16,21,41,28,9
614,8,21,25,39,40,44,18,12,42,15,21,2,31,2,12,15,21,31,42,20,40,34,27,37,14,1,17,4,5,26,8,13,18,25,43,45,10,31,36,39,2,3,12,35,11,19,24,29,33,44,7,15,42,23,32,38,30,6,22,16,21,41,28,9
615,10,17,18,19,23,27,35,18,8,14,28,35,4,4,8,14,18,28,35,20,40,34,27,37,14,1,17,4,5,8,26,13,18,25,43,45,10,31,36,39,2,3,12,35,44,11,19,24,29,33,7,15,42,23,32,38,30,6,22,16,21,41,28,9
616,5,13,18,23,40,45,3,10,13,14,34,2,18,2,10,13,14,18,34,20,40,34,27,37,14,1,17,4,5,8,26,13,18,25,10,43,45,31,36,39,2,3,12,19,35,44,11,24,29,33,7,15,23,42,32,38,30,6,22,16,21,41,28,9
617,4,5,11,12,24,27,28,10,9,28,24,29,4,4,9,10,24,28,29,20,40,34,27,37,14,1,17,5,4,8,13,18,26,25,45,10,43,31,36,39,2,3,12,19,35,44,11,24,29,33,7,15,23,42,32,38,30,6,22,16,21,41,28,9
618,8,16,25,30,42,43,15,11,41,15,38,35,18,11,15,18,35,38,41,20,40,34,27,37,14,1,5,17,4,8,13,18,26,25,45,10,43,31,36,39,12,2,3,11,19,24,35,44,29,33,7,15,23,42,32,38,30,6,22,16,21,41,28,9
619,6,8,13,30,35,40,21,39,11,12,36,28,2,2,11,12,28,36,39,20,40,34,27,37,14,1,5,17,4,8,13,18,26,25,43,45,10,31,36,39,12,2,3,11,19,24,35,44,29,33,7,15,23,42,30,32,38,6,16,22,21,41,28,9
620,2,16,17,32,39,45,40,24,40,9,37,21,17,9,17,21,24,37,40,20,40,34,27,37,14,1,5,17,4,8,13,18,26,25,43,45,10,31,36,39,12,35,2,3,11,19,24,44,29,33,7,15,23,42,30,32,38,6,16,22,21,41,28,9
621,1,2,6,16,19,42,9,7,22,39,40,27,35,7,22,27,35,39,40,20,40,34,27,37,14,1,17,5,4,8,13,18,26,25,45,43,10,39,31,36,2,12,35,3,11,19,24,44,29,33,7,15,23,42,30,32,38,6,16,22,21,41,28,9
622,9,15,16,21,28,34,24,45,34,39,42,44,3,3,34,39,42,44,45,20,40,34,27,37,14,1,17,5,4,8,13,18,26,25,45,43,10,39,2,31,36,12,19,35,3,11,24,44,29,33,42,7,15,23,30,32,6,16,38,22,21,41,28,9
623,7,13,30,39,41,45,25,34,12,37,19,43,16,12,16,19,34,37,43,20,40,34,27,37,14,1,17,5,4,8,13,18,26,25,45,43,10,39,2,31,36,12,19,35,3,11,24,44,29,33,15,42,7,23,16,30,32,6,38,21,22,41,28,9
624,1,7,19,26,27,35,16,7,32,24,14,4,25,4,7,14,24,25,32,20,40,34,27,37,14,1,17,5,4,8,13,18,26,25,45,39,43,10,2,31,36,12,19,35,3,11,24,44,29,33,7,15,42,23,30,16,32,6,38,21,22,41,28,9
625,3,6,7,20,21,39,13,26,39,30,1,41,17,1,17,26,30,39,41,20,40,34,27,37,1,14,17,5,4,8,13,26,18,25,45,39,43,10,2,19,31,35,36,12,3,11,24,44,7,29,33,15,42,23,30,16,32,6,38,21,22,41,28,9
626,13,14,26,33,40,43,15,12,7,13,32,2,18,2,7,12,13,18,32,20,40,34,27,37,1,14,17,5,4,8,13,26,18,25,45,39,43,10,2,19,31,35,36,3,12,7,11,24,44,29,33,15,42,23,30,6,16,32,38,21,22,41,28,9
627,2,9,22,25,31,45,12,20,45,42,15,22,16,15,16,20,22,42,45,20,40,34,27,14,37,1,17,5,13,4,8,26,18,25,45,39,43,10,2,19,31,35,36,3,12,7,11,24,33,44,29,15,42,23,30,6,16,32,38,21,22,41,28,9
628,1,7,12,15,23,42,11,7,27,26,33,35,34,7,26,27,33,34,35,20,40,34,27,14,37,1,17,5,13,4,8,26,18,25,45,39,43,2,10,31,19,35,36,3,12,7,11,24,33,44,29,15,42,23,30,6,16,32,38,21,22,41,28,9
629,19,28,31,38,43,44,1,23,44,21,40,18,31,18,21,23,31,40,44,20,40,34,27,1,14,37,17,5,13,4,8,26,18,25,45,39,43,2,10,31,12,19,35,36,3,7,11,24,33,44,15,29,42,23,30,6,16,32,38,21,22,41,28,9
630,8,17,21,24,27,31,15,12,8,41,30,4,19,4,8,12,19,30,41,20,40,34,27,1,14,37,17,5,13,4,8,26,18,25,45,43,39,31,2,10,19,12,35,36,3,7,44,11,24,33,15,29,42,23,30,6,16,32,38,21,22,41,28,9
631,1,2,4,23,31,34,8,5,20,12,35,18,3,3,5,12,18,20,35,20,40,34,27,1,14,37,17,5,8,13,4,26,18,25,45,43,31,39,2,10,19,12,35,36,3,7,24,44,11,33,15,29,42,23,30,6,16,32,38,21,22,41,28,9
632,15,18,21,32,35,44,6,32,14,41,39,24,29,14,24,29,32,39,41,20,40,34,27,1,14,37,17,4,5,8,13,26,18,25,45,31,43,39,2,10,19,12,35,36,3,7,24,44,11,33,15,23,29,42,30,6,16,32,38,21,22,41,28,9
633,9,12,19,20,39,41,13,45,24,22,1,19,43,1,19,22,24,43,45,20,40,34,27,1,14,37,17,4,5,8,13,26,18,25,45,31,43,39,2,10,19,35,12,36,44,3,7,24,11,15,33,23,29,42,30,32,6,16,21,38,22,41,28,9
634,4,10,11,12,20,27,38,9,22,30,23,1,4,1,4,9,22,23,30,20,40,34,27,1,14,37,17,4,5,8,13,26,18,25,45,31,39,43,2,19,10,12,35,36,44,3,7,24,11,15,33,23,29,42,30,32,6,16,21,38,22,41,28,9
635,11,13,25,26,29,33,32,29,12,15,13,34,32,12,13,15,29,32,34,20,40,34,27,1,14,37,17,4,5,8,13,26,18,25,45,31,39,43,2,10,12,19,35,36,44,3,7,11,24,15,33,23,29,42,30,32,6,16,21,38,22,41,28,9
636,6,7,15,16,20,31,26,38,29,32,39,1,17,1,17,29,32,38,39,20,40,34,27,1,14,37,17,4,13,5,8,26,18,25,45,31,39,43,2,10,12,19,35,11,36,44,3,7,24,33,15,29,23,42,30,32,6,16,21,38,22,41,28,9
637,3,16,22,37,38,44,23,29,37,42,7,41,28,7,28,29,37,41,42,20,40,34,27,1,14,37,17,4,13,5,8,26,18,25,31,45,39,43,2,10,12,19,35,7,11,36,44,3,15,24,33,29,23,42,6,16,30,32,21,38,22,41,28,9
638,7,18,22,24,31,34,6,27,14,42,31,16,3,3,14,16,27,31,42,20,40,34,27,1,37,14,17,4,13,5,8,26,18,25,31,45,39,43,2,10,12,19,35,44,3,7,11,36,15,24,33,29,23,42,16,6,30,32,38,21,22,41,28,9
639,6,15,22,23,25,32,40,37,31,42,34,15,39,15,31,34,37,39,42,20,40,34,27,1,37,14,17,4,13,5,8,26,18,25,31,45,39,43,2,10,12,19,7,35,44,3,11,24,36,15,33,29,23,42,16,6,30,32,38,21,22,41,28,9
640,14,15,18,21,26,35,23,7,29,14,42,13,25,7,13,14,25,29,42,20,40,34,27,1,37,14,17,4,13,5,8,26,18,25,31,45,39,43,2,10,12,19,7,35,44,3,11,15,24,36,33,23,29,42,6,16,32,22,30,38,21,41,28,9
641,11,18,21,36,37,43,12,29,14,39,31,7,19,7,14,19,29,31,39,20,40,34,27,1,14,37,17,4,13,26,5,8,18,25,31,45,39,43,2,10,12,19,35,7,15,44,3,11,24,36,33,23,29,42,6,16,32,21,22,30,38,41,28,9
642,8,17,18,24,39,45,32,14,8,11,31,19,18,8,11,14,18,19,31,20,40,34,27,37,1,14,17,4,13,18,26,5,8,25,31,43,45,39,2,10,12,19,35,7,11,15,36,44,3,24,33,23,29,42,6,16,21,32,22,30,38,41,28,9
643,15,24,31,32,33,40,13,27,28,16,39,32,2,2,16,27,28,32,39,20,40,34,27,37,1,14,17,18,4,8,13,26,5,25,31,45,39,43,2,10,12,19,35,7,11,15,24,36,44,3,33,23,29,42,6,16,21,32,22,30,38,41,28,9
644,5,13,17,23,28,36,8,14,12,8,33,44,29,8,12,14,29,33,44,20,40,34,27,37,1,14,17,18,4,8,13,26,5,25,31,45,39,43,2,10,12,15,19,24,35,7,11,36,44,3,33,23,29,32,42,6,16,21,22,30,38,41,28,9
645,1,4,16,26,40,41,31,6,11,38,14,2,43,2,6,11,14,38,43,20,40,34,27,37,1,14,17,13,18,4,5,8,26,25,31,45,39,43,2,10,12,15,19,24,35,36,7,11,44,3,33,23,29,32,42,6,16,21,22,30,38,41,28,9
646,2,9,24,41,43,45,30,20,45,25,43,19,17,17,19,20,25,43,45,20,40,34,27,1,37,14,17,4,13,18,26,5,8,25,31,45,39,43,2,10,12,15,19,24,35,36,7,11,44,3,33,23,29,16,32,42,6,21,22,30,38,41,28,9
647,5,16,21,23,24,30,29,13,35,39,33,21,41,13,21,33,35,39,41,20,40,34,27,1,37,14,17,4,13,18,26,5,8,25,31,45,43,39,2,24,10,12,15,19,35,36,7,11,44,3,33,23,29,16,32,42,6,21,22,30,38,41,28,9
648,13,19,28,37,38,43,4,11,25,44,6,42,18,6,11,18,25,42,44,20,40,34,27,1,37,14,17,4,5,13,18,26,8,25,31,45,43,39,24,2,10,12,15,19,35,36,7,11,44,3,23,33,16,29,21,32,42,6,30,22,38,41,28,9
649,3,21,22,33,41,42,20,31,36,42,33,43,38,31,33,36,38,42,43,20,40,34,27,37,1,14,17,13,4,5,18,26,8,25,31,43,45,39,24,2,19,10,12,15,35,36,7,11,44,3,23,33,16,29,21,32,42,6,30,38,22,41,28,9
650,3,4,7,11,31,41,35,28,10,29,30,16,43,10,16,28,29,30,43,20,40,34,27,37,1,14,17,13,4,5,18,26,8,25,31,43,45,39,24,2,19,10,12,15,35,36,3,7,11,33,44,23,16,21,29,42,32,6,22,30,38,41,28,9
651,11,12,16,26,29,44,18,26,27,34,13,36,32,13,26,27,32,34,36,20,40,34,27,37,1,14,17,4,13,5,18,26,8,31,25,43,45,39,24,2,19,3,7,10,11,12,15,35,36,33,44,23,16,21,29,42,32,6,22,30,38,41,28,9
652,3,13,15,40,41,44,20,25,10,28,2,43,31,2,10,25,28,31,43,20,40,34,27,37,1,14,17,4,13,26,5,18,8,31,25,43,45,39,24,2,11,12,19,3,7,10,15,35,36,44,33,23,16,29,21,42,32,6,22,30,38,41,28,9
653,5,6,26,27,38,39,1,12,39,11,4,42,19,4,11,12,19,39,42,20,40,34,27,37,1,14,13,17,4,26,5,18,8,31,25,43,45,39,24,2,3,11,12,15,19,44,7,10,35,36,33,23,16,29,21,42,32,6,22,30,38,41,28,9
654,16,21,26,31,36,43,6,34,36,10,15,31,17,10,15,17,31,34,36,20,40,34,27,37,1,14,13,17,26,4,5,18,8,31,25,43,45,39,24,2,3,11,12,15,19,44,7,10,35,36,33,23,16,29,21,42,6,32,38,22,30,41,28,9
655,7,37,38,39,40,44,18,29,5,40,19,2,28,2,5,19,28,29,40,20,40,34,27,37,1,14,26,13,17,4,5,18,8,31,43,25,45,39,24,2,3,11,12,15,19,36,44,7,10,35,33,16,23,21,29,42,6,32,38,22,30,41,28,9
656,3,7,14,16,31,40,39,23,24,7,33,15,1,1,7,15,23,24,33,40,20,34,27,37,1,14,26,13,17,4,5,18,8,31,43,25,39,45,24,44,2,3,7,11,12,15,19,36,10,35,33,16,23,21,29,38,42,6,32,22,30,41,28,9
657,10,14,19,39,40,43,23,30,7,28,18,1,16,1,7,16,18,28,30,40,20,34,27,37,1,14,26,13,17,4,5,18,31,8,43,25,39,45,3,7,24,44,2,11,12,15,19,36,10,35,16,33,23,21,29,38,42,6,32,22,30,41,28,9
658,8,19,25,28,32,36,37,15,22,18,44,40,30,15,18,22,30,40,44,40,20,34,27,37,14,1,26,13,17,4,5,18,31,8,43,39,25,45,3,7,19,24,44,2,10,11,12,15,36,35,16,33,23,21,29,38,42,6,32,22,30,41,28,9
659,7,18,19,27,29,42,45,22,14,20,4,36,39,4,14,20,22,36,39,40,20,34,27,37,14,1,26,13,17,4,5,8,18,31,43,25,39,45,19,3,7,24,36,44,2,10,11,12,15,35,16,33,23,21,29,32,38,42,6,22,30,41,28,9
660,4,9,23,33,39,44,14,11,45,34,33,18,25,11,18,25,33,34,45,40,20,27,34,37,14,1,26,13,17,4,5,18,8,31,43,25,39,45,19,7,3,24,36,44,2,10,11,12,15,35,16,33,23,29,21,42,32,38,6,22,30,41,28,9
661,2,3,12,20,27,38,40,26,23,29,2,3,39,2,3,23,26,29,39,40,20,27,34,37,14,1,26,4,13,17,5,18,8,31,39,43,25,45,19,7,44,3,24,36,2,10,11,12,15,33,35,16,23,29,21,42,32,38,6,22,30,41,28,9
662,5,6,9,11,15,37,26,12,40,45,29,30,5,5,12,29,30,40,45,40,20,27,34,37,14,1,26,4,13,17,5,18,8,31,39,43,25,45,19,3,7,44,2,12,24,36,10,11,15,33,35,16,23,29,21,38,42,32,6,22,30,41,28,9
663,3,5,8,19,38,42,20,21,10,14,20,37,38,10,14,20,21,37,38,40,20,27,34,37,14,1,26,4,5,13,17,18,8,31,39,43,25,45,19,3,7,44,2,11,12,15,24,36,10,33,35,16,23,29,21,38,42,6,32,22,30,41,28,9
664,10,20,33,36,41,44,5,30,2,31,29,43,23,2,23,29,30,31,43,40,20,27,34,37,14,1,5,26,4,13,17,8,18,31,39,43,25,19,45,3,7,44,2,11,12,15,24,36,10,33,35,16,23,29,38,42,21,6,32,22,30,41,28,9
665,5,6,11,17,38,44,13,8,39,27,12,36,22,8,12,22,27,36,39,40,20,27,34,37,14,1,5,26,4,13,17,8,18,31,39,43,25,19,45,3,44,7,36,2,10,11,12,15,24,33,35,16,23,29,38,42,21,6,32,41,22,30,28,9
666,2,4,6,11,17,28,16,26,11,38,24,9,44,9,11,24,26,38,44,40,20,27,34,37,14,1,5,17,26,4,13,8,18,31,39,43,25,19,44,45,3,7,11,36,2,10,12,15,24,33,35,16,23,38,29,42,6,21,32,41,22,30,28,9
667,15,17,25,37,42,43,13,29,9,18,5,38,17,5,9,17,18,29,38,40,20,27,34,37,14,1,5,17,4,26,13,8,18,31,39,43,25,19,44,45,3,11,2,7,36,10,12,15,24,33,35,16,23,38,6,29,42,21,32,41,22,30,28,9
668,12,14,15,24,27,32,3,29,6,26,30,3,40,3,6,26,29,30,40,40,20,27,34,37,14,1,17,5,4,26,13,8,18,31,43,25,39,19,44,45,3,11,2,7,15,36,10,12,24,33,35,16,23,38,42,6,29,21,32,41,22,30,28,9
669,7,8,20,29,33,38,9,26,13,2,38,31,35,2,13,26,31,35,38,40,20,27,34,37,14,1,17,5,4,26,13,8,18,31,43,25,39,19,44,45,3,11,15,2,7,12,24,36,10,33,35,16,23,38,42,6,29,21,32,41,22,30,28,9
670,11,18,26,27,40,41,25,24,14,11,3,2,41,2,3,11,14,24,41,20,40,27,34,37,14,1,17,5,4,26,8,13,18,31,43,25,39,19,44,45,3,7,11,15,2,12,24,36,10,33,35,38,16,23,29,42,6,21,32,41,22,30,28,9
671,7,9,10,13,31,35,24,24,45,30,13,15,32,13,15,24,30,32,45,40,20,27,34,37,14,1,17,5,26,4,8,13,18,31,43,25,39,11,19,44,45,3,7,15,2,12,24,36,10,33,35,38,16,23,29,42,6,21,32,41,22,30,28,9
672,8,21,28,31,36,45,43,13,39,44,15,30,23,13,15,23,30,39,44,40,20,27,34,37,14,1,17,5,26,4,13,8,18,31,43,25,39,7,11,19,44,45,3,15,2,10,12,24,36,33,35,38,16,23,29,42,6,21,32,41,22,30,28,9
673,7,10,17,29,33,44,5,20,28,8,36,31,23,8,20,23,28,31,36,40,20,27,34,37,14,1,17,5,26,4,8,13,18,31,43,25,39,45,7,11,19,44,3,15,36,2,10,12,24,33,35,38,16,23,29,42,6,21,32,41,22,30,28,9
674,9,10,14,25,27,31,11,45,25,6,17,3,15,3,6,15,17,25,45,40,20,27,34,37,14,17,1,5,26,4,8,13,18,31,43,25,39,7,44,45,11,19,3,10,15,36,2,12,24,33,35,29,38,16,23,42,6,21,32,41,22,30,28,9
675,1,8,11,15,18,45,7,8,12,23,26,15,21,8,12,15,21,23,26,40,20,27,34,37,14,17,1,5,26,4,8,13,31,18,25,43,39,7,44,45,10,11,19,3,15,36,2,12,24,33,35,29,38,16,23,42,6,21,32,41,22,30,28,9
676,1,8,17,34,39,45,27,7,10,8,4,18,19,4,7,8,10,18,19,40,20,27,34,37,14,1,17,5,8,26,4,13,18,31,25,43,39,45,7,11,44,10,15,19,3,36,2,12,24,33,35,29,38,16,23,42,6,21,32,41,22,30,28,9
677,12,15,24,36,41,44,42,29,24,30,27,41,22,22,24,27,29,30,41,40,20,27,34,37,14,1,17,8,5,26,4,13,18,31,25,39,43,45,7,11,44,10,15,19,3,36,2,12,24,33,35,29,38,16,23,42,6,21,32,41,22,30,28,9
678,4,5,6,12,25,37,45,12,10,38,28,16,5,5,10,12,16,28,38,40,20,27,34,37,14,1,17,8,5,26,4,13,18,31,25,39,43,45,44,7,11,15,10,19,36,3,12,24,2,33,35,29,38,16,23,42,6,21,32,41,22,30,28,9
679,3,5,7,14,26,34,35,28,9,21,6,12,4,4,6,9,12,21,28,40,20,27,34,37,14,1,17,5,8,4,26,13,18,31,25,39,43,45,44,7,11,15,10,12,19,36,3,24,2,33,35,29,38,6,16,23,42,21,32,41,22,30,28,9
680,4,10,19,29,32,42,30,12,25,27,33,40,38,12,25,27,33,38,40,40,20,27,34,37,14,1,17,5,8,26,4,13,18,31,25,39,43,45,7,44,11,15,3,10,12,19,36,24,2,33,35,29,38,6,16,23,42,21,32,41,22,30,28,9
681,21,24,27,29,43,44,7,39,29,3,32,18,21,3,18,21,29,32,39,40,20,27,34,37,14,1,17,5,4,8,26,13,18,31,25,39,43,45,7,44,10,11,15,19,3,12,36,24,2,33,29,35,38,42,6,16,23,21,32,41,22,30,28,9
682,17,23,27,35,38,43,2,8,39,3,33,34,17,3,8,17,33,34,39,40,20,27,34,37,14,1,17,5,4,8,26,13,18,31,25,43,39,44,45,7,10,11,15,19,3,12,24,36,2,33,29,35,38,42,6,16,21,23,32,41,22,30,28,9
683,6,13,20,27,28,40,15,37,13,2,3,44,1,1,2,3,13,37,44,40,20,27,34,37,14,17,1,5,4,8,26,13,18,31,43,25,39,44,45,7,10,11,15,19,3,12,24,36,2,33,29,35,38,23,42,6,16,21,32,41,22,30,28,9
684,1,11,15,17,25,39,40,8,23,24,7,17,18,7,8,17,18,23,24,40,20,27,34,37,14,17,1,5,4,8,26,13,18,31,43,25,39,44,45,7,10,11,15,19,3,12,24,36,2,33,29,35,38,6,23,42,16,21,32,41,22,30,28,9
685,6,7,12,28,38,40,18,35,21,27,44,34,1,1,21,27,34,35,44,40,20,27,34,37,14,17,1,5,4,8,26,13,18,31,25,43,39,44,45,7,11,15,10,19,3,12,24,36,2,33,29,35,38,6,23,42,16,21,32,41,22,30,28,9
686,7,12,15,24,25,43,13,19,25,23,28,16,17,16,17,19,23,25,28,40,20,27,34,37,14,17,1,5,4,8,26,13,18,31,25,43,39,7,44,45,11,15,10,12,19,3,24,36,2,33,29,35,38,6,23,42,16,21,32,41,22,30,28,9
687,1,8,10,13,28,42,45,8,11,25,13,44,37,8,11,13,25,37,44,40,20,27,34,37,14,17,1,5,4,8,26,13,18,25,31,43,7,39,15,44,45,11,12,10,19,24,3,36,2,33,29,35,38,6,23,42,16,21,32,41,22,30,28,9
688,5,15,22,23,34,35,2,9,20,42,37,4,33,4,9,20,33,37,42,40,20,27,34,37,1,14,17,5,8,4,13,26,18,25,31,43,7,39,15,44,45,10,11,12,19,24,3,36,2,33,29,35,38,6,42,23,16,21,32,41,22,28,30,9
689,7,17,19,30,36,38,34,18,8,26,44,29,34,8,18,26,29,34,44,40,20,27,34,37,1,14,17,5,8,4,13,26,18,25,31,43,7,15,39,44,45,10,11,12,19,24,3,36,2,33,35,29,38,6,23,42,16,21,32,41,22,28,30,9
690,24,25,33,34,38,39,43,27,15,31,4,33,20,4,15,20,27,31,33,40,20,27,34,17,37,1,14,5,8,4,13,26,18,25,31,43,7,15,39,44,45,10,11,12,19,24,36,3,2,33,35,38,29,6,23,42,16,21,32,41,22,30,28,9
691,15,27,33,35,43,45,16,20,3,30,33,17,22,3,17,20,22,30,33,40,20,27,34,17,37,1,14,5,8,4,13,26,25,18,31,43,7,39,15,44,45,10,11,12,19,24,36,3,33,38,2,35,29,6,23,42,16,21,32,41,22,30,28,9
692,3,11,14,15,32,36,44,29,24,8,19,40,28,8,19,24,28,29,40,40,20,27,34,17,37,1,14,5,8,4,13,26,25,43,18,31,7,15,39,45,44,10,11,12,19,24,36,3,33,35,38,2,29,6,23,42,16,21,32,41,22,30,28,9
693,1,6,11,28,34,42,30,8,35,22,44,4,37,4,8,22,35,37,44,40,20,27,34,14,17,37,1,5,8,4,13,26,25,43,15,18,31,7,39,45,11,44,10,12,19,24,36,3,33,35,38,2,29,6,23,42,16,21,32,41,22,30,28,9
694,7,15,20,25,33,43,12,19,16,2,14,30,15,2,14,15,16,19,30,40,20,27,34,1,14,17,37,5,8,4,13,26,25,43,15,18,31,7,39,11,45,44,10,12,19,24,36,3,33,35,38,2,6,29,42,23,16,21,32,41,22,28,30,9
695,4,18,26,33,34,38,14,11,18,14,30,4,32,4,11,14,18,30,32,40,20,27,34,1,14,17,37,5,8,4,13,25,26,43,15,7,18,31,39,11,45,44,10,12,19,24,36,3,33,35,38,2,6,29,42,23,16,21,32,41,22,28,30,9
696,1,7,16,18,34,38,21,5,18,38,17,4,31,4,5,17,18,31,38,40,20,27,34,1,14,17,37,5,4,8,26,13,25,43,15,18,7,31,39,11,45,44,10,12,19,24,33,36,3,38,35,2,6,29,42,23,16,21,32,41,22,28,30,9
697,2,5,8,11,33,39,31,33,9,11,21,28,20,9,11,20,21,28,33,40,20,27,34,1,14,17,37,5,4,8,26,13,18,25,43,7,15,31,39,11,45,44,10,12,19,24,33,36,3,38,35,2,6,29,42,23,16,21,32,41,22,28,30,9
698,3,11,13,21,33,37,18,30,21,13,39,23,8,8,13,21,23,30,39,40,20,27,34,1,14,17,37,5,8,4,26,13,18,25,43,7,15,31,39,11,45,33,44,10,12,19,24,36,3,38,2,35,6,29,42,23,16,21,32,41,22,28,30,9
699,4,5,8,16,21,29,3,11,9,10,38,39,35,9,10,11,35,38,39,40,20,27,34,1,37,14,17,5,8,4,13,26,18,25,43,7,15,11,31,39,33,45,44,3,10,12,19,24,36,38,2,35,6,29,42,23,16,21,32,41,22,28,30,9
700,11,23,28,29,30,44,13,19,39,43,34,44,24,19,24,34,39,43,44,40,20,27,34,1,37,14,17,5,8,4,13,26,18,25,43,7,15,11,31,39,33,45,44,3,10,12,19,24,36,38,2,35,29,6,42,16,21,23,32,41,22,28,30,9
701,3,10,14,16,36,38,35,25,26,7,38,30,31,7,25,26,30,31,38,40,20,27,34,1,37,14,17,5,8,4,13,26,18,25,43,7,11,15,31,39,33,44,45,3,10,12,19,24,36,38,2,29,35,6,23,42,16,21,32,41,28,30,22,9
702,3,13,16,24,26,29,9,25,12,36,30,13,33,12,13,25,30,33,36,40,20,27,34,1,14,37,17,5,8,4,13,26,18,25,43,7,11,15,31,39,33,44,45,3,10,36,12,19,24,38,2,29,35,6,16,23,42,21,32,41,28,30,22,9
703,10,28,31,33,41,44,21,26,42,20,23,41,24,20,23,24,26,41,42,40,20,27,34,1,14,37,17,5,8,4,13,26,18,25,43,7,11,15,31,39,3,33,44,45,10,24,36,12,19,38,29,2,35,16,6,23,42,21,32,41,28,30,22,9
704,1,4,8,23,33,42,45,5,11,10,37,22,38,5,10,11,22,37,38,40,20,27,34,1,14,37,17,5,8,4,13,26,18,25,43,7,11,15,31,39,33,44,3,10,45,24,36,12,19,38,29,2,35,16,6,23,42,21,32,41,28,30,22,9
705,1,6,17,22,28,45,23,5,38,8,44,42,26,5,8,26,38,42,44,40,20,27,34,1,14,37,17,5,8,4,13,26,18,25,43,7,11,15,31,33,39,44,3,10,45,24,36,12,19,38,29,2,35,16,23,42,6,21,32,41,28,30,22,9
706,3,4,6,10,28,30,37,25,11,35,26,41,44,11,25,26,35,41,44,40,20,27,34,1,14,17,37,5,8,4,13,26,18,25,43,7,11,15,31,33,39,44,45,3,10,24,36,12,19,38,29,2,35,6,16,23,42,21,32,28,41,22,30,9
707,2,12,19,24,39,44,35,33,29,30,27,22,25,22,25,27,29,30,33,40,20,27,34,1,14,17,37,4,5,8,13,26,18,25,43,7,11,15,31,33,39,3,10,44,45,24,36,12,19,38,29,2,6,35,16,23,42,21,28,32,41,30,22,9
708,2,10,16,19,34,45,1,32,25,36,29,4,26,4,25,26,29,32,36,40,20,27,34,1,14,17,37,4,5,8,13,26,18,25,43,7,11,15,31,39,33,44,3,10,45,24,12,19,36,38,2,29,6,35,16,23,42,21,28,32,41,30,22,9
709,10,18,30,36,39,44,32,22,14,43,30,21,24,14,21,22,24,30,43,40,20,27,34,1,14,17,37,4,5,8,13,26,18,25,43,7,11,15,31,39,10,33,44,45,3,19,24,12,36,38,2,29,6,16,35,23,42,21,28,32,41,30,22,9
710,3,4,9,24,25,33,10,26,9,45,28,15,24,9,15,24,26,28,45,40,20,27,34,1,14,17,37,4,5,8,13,26,18,25,39,43,7,10,11,15,31,44,33,45,3,19,24,36,12,38,2,29,6,16,35,23,42,21,28,32,30,41,22,9
711,11,15,24,35,37,45,42,20,21,27,36,8,26,8,20,21,26,27,36,40,20,27,34,1,14,17,37,4,5,8,13,26,18,25,39,43,7,10,11,15,31,33,44,3,45,24,19,36,12,38,2,29,6,16,35,23,42,21,28,32,30,41,22,9
712,17,20,30,31,33,45,19,8,2,42,22,23,25,2,8,22,23,25,42,40,20,27,34,1,37,14,17,4,5,8,13,26,18,25,11,15,39,43,7,10,31,33,44,45,3,24,19,36,12,38,2,29,35,6,16,23,42,21,28,32,30,41,22,9
713,2,5,15,18,19,23,44,32,10,17,14,28,37,10,14,17,28,32,37,20,40,27,34,1,17,37,14,4,5,8,13,26,18,25,11,15,31,33,39,43,45,7,10,44,3,24,19,36,12,38,2,29,35,6,16,23,42,21,28,30,32,41,22,9
714,1,7,22,33,37,40,20,5,23,44,19,7,2,2,5,7,19,23,44,20,40,27,34,1,17,37,14,4,5,8,13,18,26,15,25,11,31,33,39,43,45,7,10,44,3,24,19,36,12,2,38,29,35,6,16,23,42,21,28,30,32,41,22,9
715,2,7,27,33,41,44,10,31,18,3,17,43,25,3,17,18,25,31,43,40,20,27,34,1,37,17,14,4,5,8,13,18,26,15,25,33,7,11,31,39,43,45,10,44,3,24,19,36,12,2,38,29,35,6,16,23,42,21,28,30,32,41,22,9
716,2,6,13,16,29,30,21,30,35,12,36,33,41,12,30,33,35,36,41,40,20,27,34,1,37,17,14,4,5,8,13,18,26,33,7,15,25,11,31,39,43,44,45,10,3,24,19,36,2,12,38,29,35,6,16,23,42,21,28,30,32,41,22,9
717,2,11,19,25,28,32,44,29,19,28,18,41,42,18,19,28,29,41,42,40,20,27,34,1,37,17,14,4,5,8,13,18,26,33,7,15,25,11,31,39,43,44,45,10,3,24,19,2,36,12,38,29,6,16,35,23,42,21,30,28,32,41,22,9
718,4,11,20,23,32,39,40,9,18,2,37,42,21,2,9,18,21,37,42,40,20,27,34,1,37,17,14,4,5,8,13,18,25,26,33,7,11,15,31,39,43,44,45,10,3,19,24,2,36,12,38,29,6,16,35,23,42,21,28,30,32,41,22,9
719,4,8,13,19,20,43,26,8,11,12,27,1,22,1,8,11,12,22,27,20,40,27,34,1,37,17,4,14,5,8,13,11,18,25,26,33,7,15,39,31,43,44,45,10,3,19,24,2,36,12,38,29,6,16,23,35,42,21,32,28,30,41,22,9
720,1,12,29,34,36,37,41,5,31,33,4,30,6,4,5,6,30,31,33,20,40,27,34,1,37,4,17,14,5,8,13,11,18,25,26,33,7,15,39,43,31,44,45,10,19,3,24,2,36,12,38,29,6,16,23,35,42,21,32,28,30,41,22,9
721,1,28,35,41,43,44,31,5,41,37,43,21,23,5,21,23,37,41,43,20,40,27,34,1,37,4,17,14,5,8,13,11,18,25,26,33,7,15,39,43,31,44,45,10,19,3,24,2,36,12,29,38,6,16,23,35,42,21,32,28,30,41,22,9
722,12,14,21,30,39,43,45,31,9,39,42,21,18,9,18,21,31,39,42,20,40,27,34,1,37,4,17,14,5,8,13,11,18,25,26,33,43,7,15,39,44,31,45,10,19,3,24,2,36,12,29,38,35,6,16,23,42,21,28,32,30,41,22,9
723,20,30,33,35,36,44,22,1,41,18,34,31,22,1,18,22,31,34,41,20,40,27,34,1,37,4,14,17,5,8,13,43,11,18,25,26,33,39,7,15,44,31,45,10,19,3,24,2,12,36,29,38,35,6,16,23,42,21,28,30,32,41,22,9
724,2,8,33,35,37,41,14,30,11,13,33,6,43,6,11,13,30,33,43,20,40,27,34,1,37,4,14,17,5,8,13,33,43,11,18,25,26,39,44,7,15,31,45,10,19,3,24,36,2,12,29,35,38,6,16,23,42,21,30,28,32,41,22,9
725,6,7,19,21,41,43,38,35,21,26,39,43,14,14,21,26,35,39,43,20,40,27,34,1,37,4,14,17,8,5,13,33,43,11,18,25,26,39,44,7,15,31,45,10,19,2,3,24,36,12,35,29,38,6,16,23,42,21,30,28,32,41,22,9
726,1,11,21,23,34,44,24,5,16,38,37,4,21,4,5,16,21,37,38,20,40,27,34,1,37,4,14,17,8,5,13,33,43,7,11,18,25,26,39,44,15,19,31,45,10,2,3,24,36,12,35,29,38,6,16,23,21,42,30,41,28,32,22,9
727,7,8,10,19,21,31,20,17,10,26,23,38,24,10,17,23,24,26,38,20,40,34,27,1,37,4,14,17,8,5,13,33,43,11,44,7,18,25,26,39,15,19,31,45,10,2,3,24,36,12,35,29,38,6,23,16,21,42,30,41,28,32,22,9
728,3,6,10,30,34,37,36,28,35,25,40,3,6,3,6,25,28,35,40,20,40,34,27,1,37,4,8,14,17,5,13,33,43,7,11,44,18,25,26,39,15,19,31,10,45,2,3,24,36,12,35,29,38,6,23,16,21,42,30,41,28,32,22,9
729,11,17,21,26,36,45,16,16,10,38,20,30,26,10,16,20,26,30,38,20,40,34,27,1,37,4,8,14,17,5,13,33,43,7,11,44,18,25,26,39,10,15,19,31,45,3,2,24,36,12,35,6,29,38,23,16,21,30,42,41,28,32,22,9
730,4,10,14,15,18,22,39,8,22,10,23,19,44,8,10,19,22,23,44,20,40,34,27,1,37,17,4,8,14,5,11,13,33,43,7,26,44,18,25,39,10,15,19,31,45,3,36,2,24,12,35,6,29,38,21,23,16,30,42,41,28,32,22,9
731,2,7,13,25,42,45,39,29,16,13,22,40,26,13,16,22,26,29,40,20,40,34,27,1,37,4,14,17,8,5,11,13,33,43,7,18,26,44,10,15,25,39,19,31,45,3,36,2,24,12,35,6,29,38,21,23,16,30,42,41,28,32,22,9
732,2,4,5,17,27,32,43,27,7,11,9,4,43,4,7,9,11,27,43,20,40,34,27,1,37,4,14,17,8,5,13,7,11,33,43,18,25,26,44,10,15,39,45,19,31,2,3,36,24,12,35,6,29,38,21,23,16,42,30,41,28,32,22,9
733,11,24,32,33,35,40,13,14,30,41,15,32,2,2,14,15,30,32,41,20,40,34,27,1,37,4,17,14,8,5,13,7,11,33,43,18,25,26,44,10,15,39,45,19,31,2,3,36,24,12,35,6,29,38,21,23,16,42,30,32,41,28,22,9
734,6,16,37,38,41,45,18,33,38,6,35,42,24,6,24,33,35,38,42,20,40,34,27,1,37,4,17,14,8,5,11,13,33,7,43,18,25,26,44,10,15,39,45,19,31,2,3,24,36,12,35,6,29,38,21,23,16,42,30,32,41,28,22,9
735,5,10,13,27,37,41,4,11,22,13,4,6,42,4,6,11,13,22,42,20,40,34,27,1,37,4,17,14,8,5,11,13,33,7,43,18,25,26,44,45,10,15,39,19,31,2,3,24,36,12,35,6,38,29,16,21,23,42,30,32,41,28,22,9
736,2,11,17,18,21,27,6,27,13,8,18,37,3,3,8,13,18,27,37,20,40,27,34,37,1,4,17,14,5,8,13,11,33,7,43,10,18,25,26,44,45,15,39,19,31,2,3,24,36,12,35,6,38,29,16,21,23,41,42,30,32,28,22,9
737,13,15,18,24,27,41,11,13,23,16,29,3,39,3,13,16,23,29,39,20,40,27,34,37,1,17,4,14,5,8,11,13,33,7,18,43,10,25,26,44,45,15,39,2,19,31,3,24,36,12,35,6,38,21,29,16,23,41,42,30,32,28,22,9
738,23,27,28,38,42,43,36,38,2,43,34,40,17,2,17,34,38,40,43,20,27,40,34,37,1,17,4,14,5,8,13,11,18,33,7,43,10,15,25,26,44,45,39,2,19,31,24,3,36,12,35,6,38,21,29,16,23,41,42,30,32,28,22,9
739,7,22,29,33,34,35,30,17,44,37,15,4,32,4,15,17,32,37,44,20,27,40,34,37,1,17,4,14,5,8,13,11,18,33,43,7,10,15,25,26,44,45,39,2,19,31,24,3,36,12,35,38,6,21,23,29,16,41,42,30,32,28,22,9
740,4,8,9,16,17,19,31,8,11,45,38,7,26,7,8,11,26,38,45,20,27,40,34,37,1,17,4,14,5,8,13,11,33,7,18,43,10,15,25,26,44,45,39,2,19,31,24,3,36,12,35,38,6,29,21,23,16,41,42,30,32,28,22,9
741,5,21,27,34,44,45,16,11,37,2,4,22,23,2,4,11,22,23,37,20,27,40,34,37,1,17,4,8,14,5,13,11,33,7,18,43,10,15,25,26,44,45,19,39,2,31,24,3,36,12,35,38,6,29,16,21,23,41,42,30,32,28,22,9
742,8,10,13,36,37,40,6,10,20,12,30,5,4,4,5,10,12,20,30,27,20,34,40,37,1,17,4,5,8,14,13,11,33,7,18,43,44,45,10,15,25,26,19,39,2,31,24,3,36,12,35,38,6,21,29,16,23,41,42,30,32,28,22,9
743,15,19,21,34,41,44,10,21,24,35,4,39,19,4,19,21,24,35,39,27,20,40,34,37,1,17,4,8,5,13,14,11,33,7,18,43,10,44,45,15,25,26,19,39,2,31,24,36,3,12,35,38,6,21,29,16,23,41,42,30,32,28,22,9
744,10,15,18,21,34,41,43,19,20,16,33,3,39,3,16,19,20,33,39,27,20,34,40,37,1,17,4,8,5,13,14,11,33,7,18,43,44,10,15,45,19,25,26,39,2,31,24,36,3,12,35,21,38,6,29,16,23,41,42,30,32,28,22,9
745,1,2,3,9,12,23,10,6,26,30,45,31,38,6,26,30,31,38,45,27,34,20,40,37,1,17,4,8,5,13,14,11,18,33,7,10,15,43,44,45,19,25,26,39,2,31,24,36,3,12,21,35,38,6,29,16,23,41,42,30,32,28,22,9
746,3,12,33,36,42,45,25,28,31,15,30,40,21,15,21,28,30,31,40,27,34,20,40,37,1,17,4,8,5,13,14,11,18,33,7,10,15,43,44,45,19,25,26,2,39,31,3,24,36,12,21,35,38,6,23,29,16,41,42,30,32,28,22,9
747,7,9,12,14,23,28,17,16,45,31,12,36,43,12,16,31,36,43,45,27,34,20,40,37,1,17,4,8,5,13,14,33,11,18,7,10,15,43,44,45,19,25,26,2,39,3,31,36,24,12,21,35,38,6,23,29,16,41,42,30,32,28,22,9
748,3,10,13,22,31,32,29,27,17,12,44,28,43,12,17,27,28,43,44,27,34,20,40,37,1,17,4,8,14,5,13,33,7,11,18,10,15,43,44,45,19,25,26,2,39,3,31,36,12,24,21,35,23,38,6,29,16,41,42,28,30,32,22,9
749,12,14,24,26,34,45,41,30,11,31,24,2,21,2,11,21,24,30,31,27,34,20,40,37,1,17,4,8,13,14,5,33,7,10,11,18,15,43,44,45,19,25,26,2,3,31,39,36,12,24,21,35,23,38,6,29,16,41,42,32,28,30,22,9
750,1,2,15,19,24,36,12,6,25,19,23,30,31,6,19,23,25,30,31,34,27,20,40,37,1,17,4,14,8,13,5,33,7,10,11,18,45,15,43,44,26,19,25,2,3,31,39,12,24,36,21,35,23,38,6,29,16,41,42,32,28,30,22,9
751,3,4,16,20,28,44,17,26,8,38,3,42,21,3,8,21,26,38,42,34,27,20,40,1,37,17,4,14,8,13,5,33,7,10,11,15,18,45,43,44,19,26,2,25,3,24,31,36,39,12,21,35,23,38,6,29,16,41,42,32,28,30,22,9
752,4,16,20,33,40,43,7,7,37,2,13,4,21,2,4,7,13,21,37,34,20,27,40,1,37,4,17,14,8,13,5,33,7,10,11,15,18,44,45,43,19,26,2,3,25,24,31,36,39,12,21,35,23,38,6,16,29,41,42,28,32,30,22,9
753,2,17,19,24,37,41,3,24,8,22,27,6,39,6,8,22,24,27,39,20,34,27,40,1,37,4,17,14,8,13,5,33,7,10,11,15,18,43,44,45,19,26,2,3,25,24,31,36,39,12,21,35,16,23,38,6,29,41,42,28,32,30,22,9
754,2,8,17,24,29,31,32,23,10,8,26,38,28,8,10,23,26,28,38,20,34,27,40,37,1,4,17,14,8,13,5,33,7,10,11,15,18,43,44,45,19,2,26,3,24,25,31,36,39,12,21,35,16,23,38,6,29,41,42,28,32,30,22,9
755,13,14,26,28,30,36,37,11,10,25,41,43,29,10,11,25,29,41,43,20,34,27,40,37,1,17,4,8,14,13,5,33,7,10,11,15,18,43,44,45,2,19,24,26,3,25,31,36,39,12,21,35,16,23,29,38,6,41,42,28,32,30,22,9
756,10,14,16,18,27,28,4,15,9,34,18,3,41,3,9,15,18,34,41,20,34,27,40,37,1,17,4,14,8,13,5,33,7,10,11,15,18,43,44,45,2,19,26,24,3,25,31,36,39,12,21,35,16,23,29,38,6,41,42,28,30,32,22,9
757,6,7,11,17,33,44,1,38,16,17,7,13,20,7,13,16,17,20,38,20,27,34,40,37,1,17,4,14,8,13,5,33,10,18,7,11,15,43,44,45,2,19,26,24,3,25,31,36,39,12,16,21,35,23,29,38,6,41,28,42,30,32,22,9
758,5,9,12,30,39,43,24,13,45,31,42,30,20,13,20,30,31,42,45,20,27,34,40,37,1,17,4,14,8,13,33,5,7,10,11,18,44,15,43,45,2,19,26,24,3,25,31,36,39,12,16,21,35,6,23,29,38,41,28,42,30,32,22,9
759,9,33,36,40,42,43,32,45,13,29,4,41,18,4,13,18,29,41,45,20,27,34,40,37,1,17,4,14,8,13,5,33,7,10,11,18,43,44,15,45,2,19,26,24,3,25,31,36,39,12,16,21,35,6,23,29,38,41,28,42,30,32,22,9
760,10,22,27,31,42,43,12,16,44,2,29,40,14,2,14,16,29,40,44,20,27,34,40,37,1,17,4,14,8,13,33,5,43,7,10,11,18,44,15,45,2,19,26,24,36,3,25,31,39,12,16,21,35,6,23,29,38,41,42,28,30,32,22,9
761,4,7,11,24,42,45,30,8,16,17,25,40,21,8,16,17,21,25,40,27,20,34,40,37,1,17,4,14,8,13,33,5,43,10,7,11,18,44,15,45,2,19,26,24,31,36,3,25,39,12,16,21,35,6,23,29,38,41,42,28,30,32,22,9
762,1,3,12,21,26,41,16,6,28,31,33,25,40,6,25,28,31,33,40,27,20,34,40,37,1,17,4,14,8,13,33,5,43,7,10,11,18,44,45,15,2,19,24,26,31,36,3,25,39,12,16,21,35,6,23,29,38,42,41,28,30,32,22,9
763,3,8,16,32,34,43,10,26,10,33,43,3,14,3,10,14,26,33,43,27,20,34,40,1,37,17,4,14,8,13,33,5,43,7,10,11,18,44,45,15,26,2,19,24,3,31,36,12,25,39,21,16,35,6,23,29,38,41,42,28,30,32,22,9
764,7,22,24,31,34,36,15,15,44,26,27,2,28,2,15,26,27,28,44,27,34,20,40,1,37,17,4,14,8,13,33,43,5,7,10,11,18,44,45,15,26,2,3,19,24,31,36,12,25,39,16,21,35,6,23,29,38,41,42,28,30,32,22,9
765,1,3,8,12,42,43,33,5,25,10,29,40,13,5,10,13,25,29,40,34,27,20,40,1,37,17,4,14,8,13,33,43,5,7,10,11,18,44,45,15,24,26,2,3,19,31,36,12,25,39,16,21,35,6,23,29,38,41,42,28,30,32,22,9
766,9,30,34,35,39,41,21,45,42,1,34,31,40,1,31,34,40,42,45,34,27,20,40,1,37,17,4,8,14,43,13,33,5,7,10,11,18,44,45,3,15,24,26,2,19,31,36,12,25,39,16,21,35,42,6,23,29,38,41,28,30,32,22,9
767,5,15,20,31,34,42,22,14,22,3,27,1,36,1,3,14,22,27,36,34,27,20,40,1,37,17,4,8,14,43,13,33,5,7,10,11,18,44,45,3,15,24,26,2,19,31,36,12,39,25,16,21,35,41,42,6,23,29,38,28,30,32,22,9
768,7,27,29,30,38,44,4,15,3,39,42,40,20,3,15,20,39,40,42,34,20,27,40,1,37,17,4,8,14,43,5,13,33,7,10,11,15,18,44,45,3,24,26,31,2,19,36,12,39,25,16,21,35,42,41,6,23,29,38,28,30,32,22,9
769,5,7,11,16,41,45,4,12,13,17,32,38,21,12,13,17,21,32,38,34,27,20,40,1,37,17,4,8,14,43,5,7,13,33,10,11,44,15,18,45,3,24,26,31,2,19,36,12,39,25,16,21,35,42,29,38,41,6,23,30,28,32,22,9
770,1,9,12,23,39,43,34,5,45,29,40,30,13,5,13,29,30,40,45,34,27,20,40,1,37,17,4,8,14,5,7,43,13,33,11,10,44,45,15,18,3,24,26,31,2,19,36,12,39,25,16,21,35,41,42,29,38,6,23,30,28,32,22,9
771,6,10,17,18,21,29,30,40,17,7,21,33,38,7,17,21,33,38,40,34,27,20,40,1,37,17,4,8,14,43,5,7,13,33,11,10,44,45,15,18,3,24,26,31,2,12,19,36,39,25,16,21,35,41,42,23,29,38,6,30,28,32,22,9
772,5,6,11,14,21,41,32,12,38,17,10,33,36,10,12,17,33,36,38,34,27,20,40,1,17,37,4,8,14,43,5,7,13,33,10,11,18,44,45,15,3,24,26,31,2,12,19,36,39,25,16,21,29,35,41,42,6,23,38,30,28,32,22,9
773,8,12,19,21,31,35,44,11,27,28,32,25,37,11,25,27,28,32,37,34,27,20,40,1,17,37,4,14,5,8,43,7,11,13,33,10,18,44,45,15,3,24,26,31,2,12,19,36,39,25,21,16,41,6,29,35,42,23,38,30,28,32,22,9
774,12,15,18,28,34,42,9,24,21,18,42,1,38,1,18,21,24,38,42,34,27,20,40,1,17,37,4,8,14,5,43,7,11,13,33,10,18,44,45,15,31,3,12,19,24,26,2,36,39,25,21,16,35,41,6,29,42,23,38,30,28,32,22,9
775,11,12,29,33,38,42,17,14,22,38,16,40,36,14,16,22,36,38,40,34,27,20,40,1,17,37,4,8,14,5,43,7,11,13,33,10,18,15,44,45,12,31,3,19,24,26,2,36,39,25,21,16,35,41,42,6,29,23,38,28,30,32,22,9
776,8,9,18,21,28,40,20,9,45,18,32,41,4,4,9,18,32,41,45,34,27,20,40,1,17,37,4,8,14,5,43,7,11,33,13,10,18,12,15,44,45,31,3,19,24,26,2,36,39,25,21,42,16,29,35,41,6,38,23,28,30,32,22,9
777,6,12,17,21,34,37,18,38,19,6,32,1,7,1,6,7,19,32,38,34,27,20,40,1,17,37,8,4,14,5,43,7,11,33,13,18,10,12,15,44,45,31,3,19,24,26,2,36,39,25,21,42,16,29,35,41,6,38,23,28,30,32,22,9
778,6,21,35,36,37,41,11,34,31,37,29,7,38,7,29,31,34,37,38,34,27,20,40,1,17,37,8,4,14,5,43,7,11,33,13,18,10,12,15,44,45,31,3,19,24,26,2,36,39,21,25,42,6,16,29,35,41,38,23,28,30,32,22,9
779,6,12,19,24,34,41,4,33,19,25,26,1,35,1,19,25,26,33,35,34,27,20,40,1,37,17,8,4,14,5,43,7,11,33,13,18,10,12,15,44,45,31,3,19,24,26,36,2,39,21,25,6,35,41,42,16,29,38,23,28,30,32,22,9
780,15,17,19,21,27,45,16,20,7,23,31,2,22,2,7,20,22,23,31,34,27,20,40,1,37,17,8,4,14,5,43,7,11,33,12,13,18,10,15,44,45,19,24,31,3,26,36,2,39,21,25,6,41,35,42,16,29,38,23,28,30,32,22,9
781,11,16,18,19,24,39,43,14,37,18,22,24,31,14,18,22,24,31,37,34,27,20,40,1,17,37,8,4,14,5,43,7,11,33,12,13,18,10,15,45,19,44,24,31,3,26,36,2,21,39,25,6,41,35,42,16,29,38,23,28,30,32,22,9
782,6,18,31,34,38,45,20,33,15,25,1,39,22,1,15,22,25,33,39,34,27,20,40,1,17,37,8,4,14,5,11,43,7,18,33,12,13,10,15,19,45,24,44,31,3,26,36,39,2,21,25,6,41,16,35,42,29,38,23,28,30,32,22,9
783,14,15,16,17,38,45,36,10,21,35,6,39,19,6,10,19,21,35,39,34,27,20,40,1,17,37,8,4,14,5,11,18,43,7,33,12,13,45,10,15,19,24,31,44,3,26,36,39,2,21,25,6,41,16,35,42,29,38,23,28,30,32,22,9
784,3,10,23,24,31,39,22,26,21,40,23,24,29,21,23,24,26,29,40,34,27,20,40,17,1,37,8,14,4,5,11,18,43,7,33,45,12,13,15,10,19,24,31,44,3,26,36,39,2,21,25,6,16,41,35,38,42,29,23,28,30,32,22,9
785,4,6,15,25,26,33,40,10,33,21,32,28,16,10,16,21,28,32,33,34,27,20,40,17,1,37,8,14,4,5,11,18,43,7,33,45,10,12,13,15,19,24,31,44,3,39,26,36,2,21,25,6,16,41,35,38,42,29,23,28,30,32,22,9
786,12,15,16,20,24,30,38,20,17,34,3,23,42,3,17,20,23,34,42,34,27,20,40,17,1,37,4,8,14,5,11,18,33,43,7,15,45,10,12,13,19,24,31,44,3,26,39,36,2,21,25,6,16,41,35,38,42,29,23,28,30,32,22,9
787,5,6,13,16,27,28,9,11,33,21,34,2,41,2,11,21,33,34,41,34,27,20,40,17,1,37,4,8,14,5,11,15,18,33,43,7,12,45,10,13,24,19,31,44,3,26,39,36,2,21,25,6,16,41,35,38,42,29,23,28,30,32,22,9
788,2,10,11,19,35,39,29,30,21,12,23,36,28,12,21,23,28,30,36,34,27,20,40,17,1,37,4,8,14,5,11,15,18,33,43,7,12,13,45,10,24,19,31,44,3,26,39,36,2,21,6,25,16,41,35,38,42,29,23,28,30,32,22,9
789,2,6,7,12,19,45,38,29,32,17,19,22,21,17,19,21,22,29,32,34,27,20,40,17,1,37,4,8,14,5,11,15,18,33,43,7,10,12,13,45,19,24,31,39,44,3,26,2,36,21,6,25,16,35,41,38,42,29,23,28,30,32,22,9
790,3,8,19,27,30,41,12,28,9,22,2,42,36,2,9,22,28,36,42,34,27,20,40,17,1,37,4,8,14,5,11,7,12,15,18,33,43,45,10,13,19,24,31,39,44,2,3,26,36,6,21,25,16,35,41,38,42,29,23,28,30,32,22,9
791,2,10,12,31,33,42,32,28,21,14,24,18,38,14,18,21,24,28,38,34,27,20,40,17,1,37,8,4,14,5,11,7,12,15,18,19,33,43,45,10,13,24,31,3,39,44,2,26,36,6,21,25,16,41,35,38,42,29,23,28,30,32,22,9
792,2,7,19,25,29,36,16,25,15,19,33,39,30,15,19,25,30,33,39,34,27,20,40,17,1,37,8,4,14,5,11,12,33,7,10,15,18,19,43,45,13,24,31,2,3,39,44,26,36,6,21,25,16,41,35,42,38,29,23,28,30,32,22,9
793,10,15,21,35,38,43,31,17,18,32,36,39,20,17,18,20,32,36,39,34,27,20,40,17,1,37,8,4,14,5,7,11,12,19,33,10,15,18,43,45,13,24,31,2,3,39,44,26,36,6,21,25,16,41,35,42,29,38,23,28,30,32,22,9
794,6,7,18,19,30,38,13,32,12,20,17,42,37,12,17,20,32,37,42,34,27,20,40,17,1,37,8,4,14,5,7,10,11,12,15,19,33,43,18,45,13,24,31,2,3,39,44,26,36,21,6,25,16,35,41,38,42,29,23,28,30,32,22,9
795,3,10,13,26,34,38,36,26,14,22,29,1,36,1,14,22,26,29,36,34,27,20,40,17,1,37,8,4,7,14,19,5,10,11,12,15,18,33,43,45,13,24,31,2,3,39,44,26,36,6,21,25,16,35,38,41,42,29,23,30,28,32,22,9
796,1,21,26,36,40,41,5,6,32,27,30,4,37,4,6,27,30,32,37,34,27,20,40,17,1,37,8,4,7,10,14,19,5,11,12,15,18,33,43,13,45,24,31,2,3,26,39,44,36,6,21,25,16,38,35,41,42,29,23,30,28,32,22,9
797,5,22,31,32,39,45,36,14,44,24,43,29,22,14,22,24,29,43,44,34,27,20,40,1,17,37,8,4,7,10,14,19,5,11,12,15,18,33,43,13,45,24,31,2,3,26,36,39,44,21,6,25,16,38,41,35,42,29,23,30,28,32,22,9
798,2,10,14,22,32,36,41,25,12,13,44,43,29,12,13,25,29,43,44,34,27,20,40,1,17,37,8,4,5,7,10,14,19,11,12,15,18,33,43,45,13,31,24,2,3,26,39,36,44,21,6,25,16,38,41,35,42,29,23,30,28,32,22,9
799,12,17,23,34,42,45,33,16,6,40,1,38,21,1,6,16,21,38,40,34,27,20,40,1,17,37,8,10,14,4,5,7,19,11,12,15,18,33,43,45,13,31,2,24,3,26,36,39,44,21,6,25,16,38,41,35,42,29,23,30,28,32,22,9
800,1,4,10,12,28,45,26,6,11,9,14,42,16,6,9,11,14,16,42,34,27,20,40,17,1,37,8,10,14,4,5,7,12,19,45,11,15,18,33,43,13,31,2,24,3,26,36,39,44,21,6,25,16,38,41,35,42,29,23,30,28,32,22,9
801,17,25,28,37,43,44,2,6,33,41,7,21,30,6,7,21,30,33,41,34,27,20,40,1,17,37,10,4,8,12,14,45,5,7,19,11,15,18,33,43,13,31,2,24,3,26,36,39,44,21,6,25,16,38,41,35,42,29,23,28,30,32,22,9
802,10,11,12,18,24,42,27,8,18,11,20,25,38,8,11,18,20,25,38,34,27,20,40,17,1,37,10,4,8,12,14,45,5,7,19,43,11,15,18,33,13,31,2,24,3,26,36,39,44,21,6,25,16,38,41,35,42,29,23,28,30,32,22,9
803,5,9,14,26,30,43,2,14,45,12,27,42,19,12,14,19,27,42,45,34,27,20,40,17,1,37,10,12,4,8,14,45,5,7,11,18,19,43,15,33,13,24,31,2,3,26,36,39,44,21,6,25,16,38,41,42,35,29,23,28,30,32,22,9
804,1,10,13,26,32,36,9,6,8,22,26,43,28,6,8,22,26,28,43,34,27,20,40,17,1,37,10,12,14,4,5,8,43,45,7,11,18,19,15,33,13,24,31,2,26,3,36,39,44,21,6,25,16,38,41,42,35,29,23,28,30,32,22,9
805,3,12,13,18,31,32,42,28,9,20,18,25,43,9,18,20,25,28,43,34,27,20,40,1,17,10,37,12,14,4,5,8,43,45,7,11,18,19,13,15,33,24,26,31,2,36,3,39,44,21,6,25,16,38,41,42,35,29,23,28,30,32,22,9
806,14,20,23,31,37,38,27,10,3,40,23,8,35,3,8,10,23,35,40,34,27,20,40,1,17,10,37,12,14,4,5,8,18,43,45,7,11,13,19,15,33,31,24,26,2,3,36,39,44,21,6,25,16,38,41,42,35,29,23,28,30,32,22,9
807,6,10,18,25,34,35,33,32,8,14,33,1,38,1,8,14,32,33,38,34,27,20,40,1,17,37,10,12,14,4,5,8,18,43,45,7,11,13,19,15,31,33,24,26,2,3,36,39,44,21,6,25,38,16,41,42,35,23,29,28,30,32,22,9
808,15,21,31,32,41,43,24,21,32,22,43,37,15,15,21,22,32,37,43,34,27,20,40,1,17,10,37,12,14,18,4,5,8,43,45,7,11,13,19,15,31,33,24,26,2,3,36,39,44,6,21,25,38,16,35,41,42,23,29,28,30,32,22,9
809,6,11,15,17,23,40,39,32,18,20,6,39,4,4,6,18,20,32,39,34,27,20,40,1,17,10,37,12,14,18,43,4,5,8,45,7,11,13,15,19,31,33,24,26,2,3,36,39,44,21,6,25,38,41,16,35,42,23,29,28,30,32,22,9
810,5,10,13,21,39,43,11,14,7,20,32,29,12,7,12,14,20,29,32,34,27,20,40,17,1,10,37,12,14,18,43,4,5,8,11,15,45,7,13,19,31,33,24,26,2,3,36,39,44,6,21,25,38,41,16,35,42,23,29,28,30,32,22,9
811,8,11,19,21,36,45,25,15,16,21,30,28,19,15,16,19,21,28,30,34,27,20,40,17,1,10,37,12,14,43,5,18,4,8,11,13,15,45,7,19,31,33,24,26,2,3,36,39,21,44,6,25,38,41,16,35,42,23,29,28,30,32,22,9
812,1,3,12,14,16,43,10,6,28,9,10,36,11,6,9,10,11,28,36,34,27,20,40,17,1,10,37,12,14,43,5,8,11,18,45,4,13,15,19,7,31,33,24,26,36,2,3,21,39,44,6,25,38,41,16,35,42,23,29,28,30,32,22,9
813,11,30,34,35,42,44,27,14,42,1,37,38,31,1,14,31,37,38,42,34,27,20,40,1,17,10,37,12,14,43,5,8,11,18,45,4,13,15,19,7,31,33,3,24,26,36,2,21,39,44,6,25,16,38,41,35,42,23,29,28,30,32,22,9
814,2,21,28,38,42,45,30,28,29,42,36,38,16,16,28,29,36,38,42,34,27,20,40,1,17,10,37,12,14,43,11,5,8,18,45,4,13,15,19,7,31,33,3,24,26,36,2,21,39,44,6,25,16,35,38,41,42,23,29,30,28,32,22,9
815,17,21,25,26,27,36,4,6,26,33,28,2,29,2,6,26,28,29,33,34,27,20,40,1,17,10,37,12,14,43,11,45,5,8,18,4,13,15,19,7,31,33,2,3,21,24,26,36,39,44,6,25,38,42,16,35,41,23,29,28,30,32,22,9
816,12,18,19,29,31,39,7,9,16,20,40,22,30,9,16,20,22,30,40,34,27,20,40,17,1,10,37,12,14,43,11,45,5,8,18,4,13,15,19,7,31,33,21,26,36,2,3,24,39,44,6,25,38,42,16,35,41,23,29,28,30,32,22,9
817,3,9,12,13,25,43,34,28,45,8,19,33,11,8,11,19,28,33,45,34,27,20,40,17,1,10,12,37,14,43,11,18,45,5,8,19,4,13,15,31,7,33,21,26,36,2,3,24,39,44,6,25,38,42,16,35,41,23,29,28,30,32,22,9
818,14,15,25,28,29,30,3,11,20,32,41,40,42,11,20,32,40,41,42,34,27,20,40,17,1,10,12,37,43,14,11,18,45,5,8,13,19,4,15,31,7,33,3,21,26,36,2,24,39,44,25,6,38,42,16,35,41,23,29,28,30,32,22,9
819,16,25,33,38,40,45,15,36,31,23,34,4,14,4,14,23,31,34,36,34,27,20,40,17,1,10,12,14,37,43,11,18,45,5,8,13,15,19,4,31,7,33,3,21,26,36,2,24,39,25,44,6,38,42,16,35,41,29,23,28,30,32,22,9
820,10,21,22,30,35,42,6,7,25,44,42,37,36,7,25,36,37,42,44,34,27,40,20,17,1,10,12,14,37,43,45,11,18,5,8,13,15,19,4,31,7,33,3,21,26,36,2,24,25,39,44,6,38,16,42,35,41,29,23,28,30,32,22,9
821,1,12,13,24,29,44,16,6,8,17,29,39,32,6,8,17,29,32,39,34,27,40,20,17,1,10,12,14,37,43,45,11,18,5,8,13,15,19,4,31,7,33,21,3,26,36,2,24,25,39,44,6,38,42,16,35,41,29,23,30,28,32,22,9
822,9,18,20,24,27,36,12,45,15,4,26,2,28,2,4,15,26,28,45,34,27,40,20,1,17,10,12,14,37,43,45,11,13,18,5,8,15,19,4,31,7,33,21,3,24,26,36,2,25,39,44,6,38,42,16,35,41,29,23,30,28,32,22,9
823,12,18,24,26,39,40,15,8,12,25,28,31,4,4,8,12,25,28,31,34,27,20,40,1,17,10,12,14,37,43,18,45,11,13,5,8,15,19,4,31,7,33,21,24,36,3,26,2,25,39,44,6,38,42,16,35,41,29,23,30,28,32,22,9
824,7,9,24,29,34,38,26,22,45,23,39,1,34,1,22,23,34,39,45,34,27,40,20,1,12,17,10,14,18,37,43,45,11,13,5,8,15,19,4,31,7,24,33,21,26,36,3,39,2,25,44,6,38,42,16,35,41,29,23,30,28,32,22,9
825,8,15,21,31,33,38,42,17,18,25,23,24,34,17,18,23,24,25,34,34,27,40,20,1,12,17,10,14,18,37,43,45,11,13,5,8,15,19,4,7,24,31,33,21,26,36,3,39,2,25,44,6,38,42,16,35,29,41,23,30,28,32,22,9
826,13,16,24,25,33,36,42,16,36,23,31,24,27,16,23,24,27,31,36,34,27,40,20,1,12,17,10,14,18,37,43,45,8,11,13,15,5,19,31,4,7,24,33,21,26,36,3,39,2,25,44,6,38,42,16,35,29,41,23,30,28,32,22,9
827,5,11,12,29,33,44,14,18,16,6,38,22,32,6,16,18,22,32,38,34,27,40,20,1,12,17,10,14,18,37,43,13,45,8,11,15,5,19,24,31,33,4,7,21,36,26,3,25,39,2,44,6,38,16,42,35,29,41,23,30,28,32,22,9
828,4,7,13,29,31,39,18,23,24,14,37,22,30,14,22,23,24,30,37,34,27,40,20,12,1,17,10,14,18,37,43,11,13,45,5,8,15,33,19,24,31,4,7,21,36,26,3,25,39,44,2,6,38,16,42,29,35,41,23,30,28,32,22,9
829,4,5,31,35,43,45,29,21,16,19,38,13,15,13,15,16,19,21,38,34,27,40,20,12,1,17,10,13,14,18,37,43,11,45,5,8,15,31,33,4,7,19,24,21,36,26,39,3,25,44,2,6,38,16,29,42,35,41,23,30,28,32,22,9
830,5,6,16,18,37,38,17,15,33,35,12,13,34,12,13,15,33,34,35,34,27,40,20,12,1,17,10,43,13,14,18,37,45,5,11,31,4,8,15,33,7,19,24,21,36,26,39,3,25,44,2,6,38,16,29,35,42,41,23,30,28,32,22,9
831,3,10,16,19,31,39,9,29,8,35,23,17,28,8,17,23,28,29,35,34,27,40,20,12,1,17,10,18,37,43,5,13,14,45,11,31,4,8,15,33,7,19,24,21,36,26,39,3,25,44,2,6,38,16,29,35,42,41,23,30,28,32,22,9
832,13,14,19,26,40,43,30,13,14,21,29,3,11,3,11,13,14,21,29,34,27,40,20,12,1,10,17,18,37,43,5,13,14,31,45,11,4,8,15,19,33,7,24,21,36,39,3,26,25,44,2,6,38,16,29,35,42,41,23,30,28,32,22,9
833,12,18,30,39,41,42,19,5,12,41,28,39,38,5,12,28,38,39,41,34,27,40,20,12,1,10,17,43,13,14,18,37,5,31,45,11,19,4,8,15,33,7,24,21,26,36,39,3,25,44,2,6,38,16,29,35,42,41,23,30,28,32,22,9
834,6,8,18,35,42,43,3,33,20,9,38,36,10,9,10,20,33,36,38,34,27,40,20,12,1,10,17,18,43,13,14,37,5,31,45,11,19,4,8,15,33,7,24,39,21,26,36,3,25,44,2,6,38,16,42,29,35,41,30,23,28,32,22,9
835,9,10,13,28,38,45,35,45,7,11,42,34,16,7,11,16,34,42,45,34,27,40,20,12,1,10,17,18,43,13,14,37,5,31,45,8,11,19,4,15,33,7,24,39,21,26,36,3,25,44,2,6,38,16,42,35,29,41,30,23,28,32,22,9
836,1,9,11,14,26,28,19,7,45,18,12,27,42,7,12,18,27,42,45,34,27,40,20,12,10,1,17,18,43,13,14,37,45,5,31,8,11,19,4,15,33,7,24,39,21,26,36,3,25,44,2,6,38,16,42,35,29,41,30,23,28,32,22,9
837,2,25,28,30,33,45,6,32,30,40,41,22,14,14,22,30,32,40,41,34,27,40,20,12,1,10,17,18,43,13,14,37,45,5,11,31,8,19,4,15,33,7,24,26,39,21,36,3,25,44,2,6,38,16,42,35,29,41,28,30,23,32,22,9
838,9,14,17,33,36,38,20,45,12,8,20,28,34,8,12,20,28,34,45,34,27,40,20,12,1,10,17,18,43,13,14,45,37,5,11,31,8,19,33,4,15,7,24,26,39,21,36,3,25,2,44,6,38,16,42,35,29,41,28,30,23,32,22,9
839,3,9,11,12,13,19,35,29,45,16,5,12,20,5,12,16,20,29,45,34,27,40,20,12,1,10,17,14,18,43,13,45,37,5,11,31,33,8,19,4,15,7,24,26,36,39,21,3,25,2,44,38,6,16,42,35,29,41,28,30,23,32,22,9
840,2,4,11,28,29,43,27,31,21,14,40,38,12,12,14,21,31,38,40,34,27,40,12,20,1,10,17,13,14,18,43,45,11,37,5,19,31,33,8,4,15,7,24,26,36,39,3,21,25,2,44,38,6,16,42,35,29,41,28,30,23,32,22,9
841,5,11,14,30,33,38,24,16,13,11,41,19,33,11,13,16,19,33,41,34,27,40,12,20,1,10,17,43,13,14,18,11,45,37,5,19,31,33,4,8,15,7,24,26,36,39,3,21,2,25,44,38,6,16,42,29,35,41,28,30,23,32,22,9
842,14,26,32,36,39,42,38,8,25,43,26,27,36,8,25,26,27,36,43,34,27,40,12,20,1,10,14,17,43,11,13,18,45,5,33,37,19,31,4,8,15,7,24,26,36,39,3,21,2,25,38,44,6,16,42,29,35,41,28,30,23,32,22,9
843,19,21,30,33,34,42,4,18,29,41,16,1,35,1,16,18,29,35,41,34,27,40,12,20,14,1,10,17,43,11,13,18,45,5,33,37,19,31,4,8,15,7,24,26,36,39,3,21,2,25,38,44,6,42,16,29,35,41,28,30,23,32,22,9
844,7,8,13,15,33,45,18,23,21,12,22,14,15,12,14,15,21,22,23,34,27,40,12,20,14,1,10,17,43,11,13,18,33,45,5,19,37,31,4,8,15,7,24,26,36,39,21,3,2,25,38,44,6,42,16,29,35,30,41,28,23,32,22,9
845,1,16,29,33,40,45,6,7,36,37,14,3,15,3,7,14,15,36,37,34,27,40,12,20,14,1,10,13,17,43,11,18,33,45,5,19,37,8,31,4,15,7,24,26,36,39,21,3,2,25,38,44,6,42,16,29,35,30,41,28,23,32,22,9
846,5,18,30,41,43,45,13,16,15,39,40,12,13,12,13,15,16,39,40,34,27,40,12,20,1,14,10,13,17,33,43,45,11,18,5,19,37,8,31,4,15,7,24,26,36,39,21,3,2,25,38,44,6,42,16,29,35,30,41,28,23,32,22,9
847,12,16,26,28,30,42,22,4,36,25,41,39,35,4,25,35,36,39,41,34,27,40,12,20,1,14,43,45,10,13,17,18,33,11,5,19,37,8,31,4,15,7,24,26,36,39,21,3,2,25,38,44,6,42,16,29,35,30,41,28,23,32,22,9
848,1,2,16,22,38,39,34,6,30,36,44,32,27,6,27,30,32,36,44,34,27,40,12,20,1,14,43,45,10,13,17,18,33,11,5,19,37,8,31,4,15,7,26,24,36,39,21,3,2,25,38,44,42,6,16,29,30,35,41,28,23,32,22,9
849,5,13,17,29,34,39,3,16,11,12,37,1,25,1,11,12,16,25,37,34,27,40,12,1,20,14,43,45,10,13,17,18,33,11,5,19,37,8,31,4,15,7,26,39,24,36,21,2,3,25,38,44,16,42,6,29,30,35,41,28,23,32,22,9
850,16,20,24,28,36,39,5,34,6,26,41,27,23,6,23,26,27,34,41,34,27,40,12,1,20,13,14,17,43,45,10,18,33,5,11,19,37,8,31,4,15,39,7,26,24,36,21,2,3,25,38,44,16,42,6,29,30,35,41,28,23,32,22,9
851,14,18,22,26,31,44,40,8,13,44,26,20,34,8,13,20,26,34,44,34,27,40,12,20,1,13,14,17,43,45,10,18,33,5,11,19,37,8,31,39,4,15,7,24,26,36,21,2,3,25,38,16,44,42,6,29,30,35,28,41,23,32,22,9
852,11,17,28,30,33,35,9,16,9,40,38,14,39,9,14,16,38,39,40,34,27,40,12,20,1,14,13,17,18,43,45,10,33,5,11,19,31,37,8,39,4,15,26,7,24,36,21,2,3,25,38,44,16,42,6,29,30,35,28,41,23,32,22,9
853,2,8,23,26,27,44,13,29,20,42,24,2,33,2,20,24,29,33,42,34,27,40,12,20,1,14,17,13,18,33,43,45,10,11,5,19,31,37,8,39,4,15,26,7,24,36,21,2,3,25,38,44,16,42,6,29,30,35,28,41,23,32,22,9
854,20,25,31,32,36,43,3,5,32,19,43,27,12,5,12,19,27,32,43,34,27,40,12,20,1,14,17,13,18,33,43,45,10,11,5,8,19,31,37,26,39,4,15,7,24,36,2,21,3,44,25,38,16,42,6,29,30,35,28,41,23,32,22,9
855,8,15,17,19,43,44,7,18,24,8,19,9,32,8,9,18,19,24,32,34,27,40,20,12,1,14,17,43,13,18,33,45,10,11,5,31,8,19,37,26,39,4,15,36,7,24,2,21,3,25,44,38,16,42,6,29,30,35,28,41,23,32,22,9
856,10,24,40,41,43,44,17,14,27,3,41,7,30,3,7,14,27,30,41,34,27,40,20,12,17,43,1,14,13,18,33,45,10,11,5,8,19,31,37,15,26,39,4,36,7,24,2,21,44,3,25,38,16,42,6,29,30,35,28,41,23,32,22,9
857,6,10,16,28,34,38,43,36,10,34,40,1,33,1,10,33,34,36,40,34,27,40,20,43,12,17,1,14,10,13,18,33,45,11,5,8,19,31,37,15,26,39,4,24,36,7,44,2,21,3,25,38,16,42,6,29,30,35,28,41,23,32,22,9
858,9,13,32,38,39,43,23,45,11,43,33,23,5,5,11,23,33,43,45,34,27,40,20,43,12,17,1,10,14,13,18,33,45,11,5,8,19,31,37,15,26,39,4,24,36,7,44,2,21,3,25,38,16,6,42,29,28,30,35,41,23,32,22,9
859,8,22,35,38,39,41,24,17,44,40,31,21,41,17,21,31,40,41,44,34,27,40,43,20,12,17,1,10,13,14,18,33,45,11,5,8,19,31,37,39,15,26,4,24,36,7,44,2,21,38,3,25,16,6,42,29,28,30,35,41,23,32,22,9
860,4,8,18,25,27,32,42,24,17,12,33,2,43,2,12,17,24,33,43,34,27,40,43,20,12,17,1,10,13,14,18,33,45,11,5,8,19,31,39,37,15,26,4,24,36,7,38,44,2,21,3,25,16,6,42,29,35,28,30,41,23,32,22,9
861,11,17,19,21,22,25,24,16,7,18,31,44,32,7,16,18,31,32,44,34,27,40,43,20,12,17,1,10,13,14,18,33,45,8,11,5,19,31,39,37,4,15,26,24,36,7,38,44,2,21,25,3,16,6,42,29,35,28,30,41,23,32,22,9
862,10,34,38,40,42,43,32,9,1,30,3,36,4,1,3,4,9,30,36,34,27,40,43,17,20,12,1,10,13,14,18,11,33,45,8,5,19,31,39,37,4,15,26,24,36,7,21,25,38,44,2,3,16,6,42,29,35,28,30,41,23,32,22,9
863,16,21,28,35,39,43,12,34,29,39,38,20,4,4,20,29,34,38,39,34,27,40,43,17,20,10,12,1,13,14,18,11,33,45,8,5,19,31,39,37,4,15,26,24,36,7,38,21,25,44,2,3,16,42,6,29,35,28,30,41,23,32,22,9
864,3,7,10,13,25,36,32,33,27,7,10,30,26,7,10,26,27,30,33,34,27,40,43,17,20,10,12,1,13,14,18,11,33,45,8,5,19,39,31,37,4,15,26,24,36,7,21,38,25,44,2,3,16,42,6,35,28,29,30,41,23,32,22,9
865,3,15,22,32,33,45,2,33,23,44,43,14,15,14,15,23,33,43,44,34,27,40,43,10,17,20,12,13,1,14,18,11,33,45,8,5,19,39,31,37,4,15,26,36,7,24,21,25,38,44,2,3,16,42,6,35,28,29,30,41,23,32,22,9
866,9,15,29,34,37,39,12,45,21,39,1,22,19,1,19,21,22,39,45,34,27,40,43,10,17,20,12,13,1,14,18,33,45,11,8,5,19,39,31,15,37,4,26,36,7,24,21,25,38,3,44,2,16,42,6,35,28,29,30,41,23,32,22,9
867,14,17,19,22,24,40,41,11,6,19,44,27,3,3,6,11,19,27,44,34,27,40,43,10,17,20,12,13,1,14,18,33,45,11,8,39,5,19,15,31,37,4,26,36,7,24,21,25,38,3,44,2,16,42,6,29,35,28,30,41,23,32,22,9
868,12,17,28,41,43,44,25,8,5,39,41,4,32,4,5,8,32,39,41,34,40,27,43,17,10,20,12,13,14,1,18,33,45,11,8,19,39,5,15,31,37,4,24,26,36,7,21,25,38,3,44,2,16,42,6,29,35,28,30,41,23,32,22,9
869,2,6,20,27,37,39,4,33,36,8,4,22,18,4,8,18,22,33,36,34,40,43,27,17,10,12,20,13,14,1,18,33,45,11,8,19,39,5,15,31,37,4,24,26,36,7,21,25,38,44,3,2,16,42,6,28,29,35,41,30,23,32,22,9
870,21,25,30,32,40,42,31,28,29,41,43,3,36,3,28,29,36,41,43,34,27,40,43,17,20,10,12,13,14,1,18,33,45,11,39,8,19,5,37,15,31,4,24,26,36,7,21,25,38,44,2,3,16,6,42,28,29,35,41,30,23,32,22,9
871,2,6,12,26,30,34,38,32,36,8,25,40,1,1,8,25,32,36,40,34,40,27,43,17,20,10,12,13,14,1,18,33,45,11,39,8,19,5,37,15,31,4,24,26,36,7,21,25,38,44,2,3,16,42,6,28,29,35,30,41,32,23,22,9
872,2,4,30,32,33,43,29,30,24,39,42,13,4,4,13,24,30,39,42,34,40,27,43,17,12,20,10,13,14,1,18,33,45,11,39,8,19,5,37,15,31,26,4,24,36,7,21,25,2,38,44,3,16,6,42,28,29,30,35,41,32,23,22,9
873,3,5,12,13,33,39,38,33,19,6,9,11,16,6,9,11,16,19,33,34,40,43,27,17,12,20,10,13,14,33,1,18,45,11,39,8,19,5,37,15,31,4,26,24,36,2,7,21,25,38,44,3,16,6,42,30,28,29,35,41,32,23,22,9
874,1,15,19,23,28,42,32,12,21,19,43,38,36,12,19,21,36,38,43,34,40,43,27,12,17,20,10,13,33,14,1,18,39,45,11,5,8,19,37,15,31,4,26,24,36,2,7,21,25,3,38,44,16,6,42,30,28,29,35,41,32,23,22,9
875,19,22,30,34,39,44,36,17,44,38,1,14,33,1,14,17,33,38,44,34,40,43,27,12,17,20,10,13,33,1,14,18,39,45,11,19,5,8,15,37,31,4,26,24,36,2,7,21,25,3,38,44,16,42,6,28,30,29,35,41,32,23,22,9
876,5,16,21,26,34,42,24,18,34,29,24,1,35,1,18,24,29,34,35,34,40,43,27,12,17,20,10,13,33,1,14,39,18,19,45,11,5,8,15,37,31,4,26,24,36,2,7,21,25,44,3,38,16,42,6,30,28,29,35,41,32,23,22,9
877,5,17,18,22,23,43,12,17,6,14,44,43,3,3,6,14,17,43,44,34,40,43,27,12,17,20,10,13,33,1,14,39,18,19,45,5,11,8,15,37,26,31,4,21,24,36,2,7,25,44,3,38,16,42,6,30,28,29,35,41,32,23,22,9
878,2,6,11,16,25,31,3,28,36,18,34,30,23,18,23,28,30,34,36,34,43,40,27,17,12,20,10,13,33,1,14,18,39,5,19,45,11,8,15,37,26,31,4,21,24,36,2,7,25,44,3,38,16,42,6,30,28,29,35,41,23,32,22,9
879,1,4,10,14,15,35,20,11,24,8,12,20,40,8,11,12,20,24,40,34,43,40,27,17,12,20,10,13,33,1,14,18,39,5,11,19,45,8,15,31,37,26,4,2,21,24,25,36,7,44,3,38,16,42,6,30,28,29,35,41,23,32,22,9
880,7,17,19,23,24,45,38,30,5,17,42,27,18,5,17,18,27,30,42,34,43,40,27,17,12,10,20,1,13,14,33,18,39,5,11,19,45,8,15,31,37,4,26,2,21,24,25,36,7,44,3,38,16,42,6,30,28,35,29,41,23,32,22,9
881,4,18,20,26,27,32,9,23,13,8,24,5,43,5,8,13,23,24,43,34,43,40,17,27,12,10,20,1,13,14,33,18,19,39,45,5,11,8,15,31,37,4,26,24,2,7,21,25,36,44,3,38,16,42,6,30,28,35,29,41,23,32,22,9
882,18,34,39,43,44,45,23,12,1,15,2,31,16,1,2,12,15,16,31,34,43,27,40,17,12,20,10,1,13,14,18,33,19,39,45,5,11,8,15,4,26,31,37,24,2,7,21,25,36,44,3,38,16,42,6,30,28,35,29,41,23,32,22,9
883,9,18,32,33,37,44,22,45,9,43,13,24,31,9,13,24,31,43,45,34,43,27,40,17,12,20,10,18,1,13,14,33,39,45,19,5,11,8,15,4,26,31,37,24,2,7,21,25,36,44,3,38,16,42,6,30,28,35,29,41,23,32,22,9
884,4,14,23,28,37,45,17,22,13,43,38,21,15,13,15,21,22,38,43,34,43,27,40,17,12,18,20,10,33,1,13,14,39,45,19,5,11,8,15,37,4,26,31,24,44,2,7,21,25,36,3,38,16,42,6,30,28,35,29,41,32,23,22,9
885,1,3,24,27,39,45,31,13,32,25,3,15,12,3,12,13,15,25,32,34,43,27,40,17,12,18,20,10,14,33,45,1,13,39,19,5,11,37,4,8,15,26,31,24,44,2,7,21,25,36,3,38,16,42,6,28,30,35,29,41,23,32,22,9
886,19,23,28,37,42,45,2,16,42,37,19,35,9,9,16,19,35,37,42,34,43,27,40,17,12,18,20,45,1,10,14,33,39,13,19,5,11,37,4,8,15,26,31,24,44,2,7,21,25,36,3,38,16,42,6,28,30,35,29,41,23,32,22,9
887,8,14,17,27,36,45,10,21,12,5,3,31,6,3,5,6,12,21,31,34,43,27,40,17,45,12,18,20,1,10,14,33,39,13,19,5,11,37,4,8,15,26,31,24,44,2,7,21,25,36,3,38,16,42,6,28,30,35,29,41,23,32,22,9
888,3,7,12,31,34,38,32,32,29,7,24,1,33,1,7,24,29,32,33,34,27,43,17,40,45,12,14,18,20,1,10,33,39,13,19,5,11,37,8,4,15,26,31,24,36,44,2,7,21,25,3,38,16,42,6,28,30,35,29,41,23,32,22,9
889,3,13,29,38,39,42,26,30,15,40,33,14,35,14,15,30,33,35,40,34,27,43,17,40,45,12,14,18,20,1,10,33,39,13,19,5,11,37,8,4,15,31,26,24,7,36,44,2,3,21,25,38,16,42,6,28,30,35,29,41,23,32,22,9
890,1,4,14,18,29,37,6,12,21,8,9,39,19,8,9,12,19,21,39,34,27,43,17,40,45,12,14,18,20,39,1,10,13,33,19,5,11,37,8,4,15,31,26,24,3,7,36,44,2,21,25,38,42,16,6,28,30,29,35,41,23,32,22,9
891,9,13,28,31,39,41,19,45,14,37,23,12,41,12,14,23,37,41,45,34,27,43,17,40,45,12,14,18,1,20,39,10,13,33,19,37,5,11,4,8,15,31,26,24,3,7,36,44,2,21,25,38,42,16,6,28,29,30,35,41,23,32,22,9
892,4,9,17,18,26,42,36,20,45,4,9,24,34,4,9,20,24,34,45,34,27,43,17,40,45,12,14,18,39,1,13,20,10,33,19,37,5,11,4,8,31,15,26,24,3,7,36,44,2,21,25,38,42,16,6,28,29,30,35,41,23,32,22,9
893,1,15,17,23,25,41,10,11,23,4,42,32,41,4,11,23,32,41,42,34,27,43,17,40,18,45,12,14,39,1,13,20,10,33,19,37,4,5,11,8,31,15,26,24,3,7,36,44,2,21,25,38,42,16,6,28,29,30,35,41,23,32,22,9
894,19,32,37,40,41,43,45,16,43,17,5,41,4,4,5,16,17,41,43,34,17,27,43,40,18,45,1,12,14,39,13,20,10,33,19,37,4,5,11,8,15,31,26,24,3,7,25,36,44,2,21,38,42,16,6,28,29,30,35,41,23,32,22,9
895,16,26,31,38,39,41,23,35,24,23,33,11,40,11,23,24,33,35,40,34,43,17,27,40,18,45,1,12,14,39,13,20,10,19,33,37,4,5,11,8,15,31,26,24,3,7,25,36,44,2,21,38,42,16,6,28,29,30,41,35,23,32,22,9
896,5,12,25,26,38,45,23,19,10,28,24,30,8,8,10,19,24,28,30,34,43,17,27,40,18,39,45,1,12,14,13,20,10,19,33,37,4,5,11,31,8,15,26,24,3,7,25,36,38,44,2,21,42,16,6,28,41,29,30,35,23,32,22,9
897,6,7,12,22,26,36,29,36,29,7,44,21,30,7,21,29,30,36,44,34,43,17,27,40,45,12,18,39,1,14,13,20,10,19,33,37,5,4,11,26,31,8,15,24,25,38,3,7,36,44,2,21,42,16,6,28,41,29,30,35,23,32,22,9
898,18,21,28,35,37,42,17,8,33,37,41,17,34,8,17,33,34,37,41,34,43,17,27,40,12,45,18,39,1,14,13,20,10,19,33,37,5,26,4,11,31,8,15,7,24,25,36,38,3,44,2,21,42,16,6,28,41,29,30,35,23,32,22,9
899,8,19,20,21,33,39,37,23,15,13,31,16,9,9,13,15,16,23,31,34,43,17,27,40,12,18,45,39,1,14,13,20,10,19,33,37,5,26,4,11,31,8,15,7,24,25,36,38,3,21,44,2,42,16,6,28,41,29,30,35,23,32,22,9
900,7,13,16,18,35,38,14,25,13,35,7,41,30,7,13,25,30,35,41,34,43,17,27,40,12,18,39,45,1,14,20,13,19,33,10,37,5,26,4,8,11,31,15,7,21,24,25,36,38,3,44,2,42,16,6,28,41,29,30,35,23,32,22,9
901,5,18,20,23,30,34,21,18,5,13,42,41,1,1,5,13,18,41,42,34,43,17,27,18,40,12,39,45,1,13,14,20,19,33,10,37,5,26,4,8,11,31,15,7,38,21,24,25,36,3,44,2,42,16,6,28,35,41,29,30,23,32,22,9
902,7,19,23,24,36,39,30,25,14,42,28,30,8,8,14,25,28,30,42,34,43,17,18,27,40,12,39,45,20,1,13,14,19,33,10,37,5,26,4,8,11,31,15,7,38,21,24,25,36,3,44,2,42,16,6,28,30,35,41,29,23,32,22,9
903,2,15,16,21,22,28,45,33,24,35,29,44,37,24,29,33,35,37,44,34,43,17,18,27,39,40,12,45,20,1,13,14,19,33,10,37,5,26,4,8,11,31,15,7,24,36,38,21,25,3,44,2,42,16,6,28,30,35,41,29,23,32,22,9
904,2,6,8,26,43,45,11,31,37,21,19,2,9,2,9,19,21,31,37,34,43,17,18,27,39,40,12,45,20,1,13,14,19,33,10,37,5,26,4,8,11,15,31,7,21,24,36,38,25,2,3,44,16,42,28,6,30,35,41,29,23,32,22,9
905,3,4,16,27,38,40,20,32,21,34,5,29,7,5,7,21,29,32,34,34,43,17,18,27,39,40,45,12,20,1,13,14,19,33,10,37,5,26,8,4,11,15,31,7,21,24,36,38,2,25,3,44,16,42,6,28,30,35,41,29,23,32,22,9
906,2,5,14,28,31,32,20,30,18,13,37,24,43,13,18,24,30,37,43,34,43,27,17,18,40,39,45,12,20,1,13,14,19,33,10,37,5,26,4,8,11,15,31,7,38,21,24,36,2,3,25,16,44,42,6,28,30,35,41,29,23,32,22,9
907,21,27,29,38,40,44,37,28,3,41,26,6,34,3,6,26,28,34,41,34,43,27,17,18,40,39,45,12,14,20,1,13,19,33,5,10,37,26,4,8,31,11,15,7,38,2,21,24,36,3,25,16,44,42,28,6,30,35,41,29,23,32,22,9
908,3,16,21,22,23,44,30,31,34,27,44,42,33,27,31,33,34,42,44,34,27,43,40,17,18,39,45,12,14,20,1,13,19,33,5,10,37,26,4,8,31,11,15,38,7,21,2,24,36,3,25,44,16,42,28,6,29,30,35,41,23,32,22,9
909,7,24,29,30,34,35,33,27,30,38,39,1,40,1,27,30,38,39,40,34,27,43,40,17,18,39,45,12,14,20,1,13,19,33,5,10,37,26,4,8,31,11,15,21,38,7,2,3,24,36,44,16,25,42,28,6,29,30,35,41,23,32,22,9
910,1,11,17,27,35,39,31,12,23,5,2,40,7,2,5,7,12,23,40,34,27,43,40,17,18,39,45,12,14,20,1,13,19,33,5,10,37,26,4,8,31,11,15,7,21,38,24,2,3,36,44,16,25,42,28,6,29,30,35,41,23,32,22,9
911,4,5,12,14,32,42,35,20,16,9,11,43,35,9,11,16,20,35,43,34,27,43,17,40,18,39,45,12,1,14,20,13,19,33,5,10,37,26,4,8,11,31,15,7,21,38,24,2,3,36,44,16,25,42,28,6,35,29,30,41,23,32,22,9
912,5,8,18,21,22,38,10,15,21,6,26,44,27,6,15,21,26,27,44,34,27,43,17,40,18,39,12,45,14,1,20,13,19,5,33,10,37,4,26,8,11,31,15,7,21,38,24,2,3,36,44,16,25,42,28,6,35,29,30,41,23,32,22,9
913,6,14,16,21,27,37,40,37,10,33,25,2,18,2,10,18,25,33,37,34,27,43,17,18,40,39,12,45,14,1,20,5,13,19,33,10,37,4,8,26,11,31,15,21,38,7,24,2,3,36,44,16,25,42,28,6,35,29,30,41,23,32,22,9
914,16,19,24,33,42,44,27,31,15,28,16,35,33,15,16,28,31,33,35,34,27,43,17,18,40,39,12,14,45,1,20,5,13,19,33,37,10,4,8,26,11,21,31,15,38,7,24,2,3,16,36,44,25,42,6,28,35,29,30,41,23,32,22,9
915,2,6,11,13,22,37,14,31,36,22,15,44,17,15,17,22,31,36,44,34,27,43,17,18,40,39,12,14,45,1,19,20,5,13,33,37,10,4,8,26,11,21,31,15,38,7,24,16,44,2,3,36,25,42,6,28,35,29,30,41,23,32,22,9
916,6,21,22,32,35,36,17,36,23,44,43,38,33,23,33,36,38,43,44,34,27,43,17,18,40,39,12,14,45,1,13,19,20,5,33,37,10,4,8,11,26,21,31,15,38,7,24,2,16,44,3,36,25,42,6,28,35,29,30,41,23,32,22,9
917,1,3,23,24,27,43,34,11,33,42,28,2,3,2,3,11,28,33,42,34,27,43,17,18,40,39,12,14,45,1,13,19,20,5,33,37,10,4,8,11,21,26,31,15,38,7,24,2,16,36,44,3,25,42,6,28,35,29,30,41,23,32,22,9
918,7,11,12,31,33,38,5,28,21,8,24,16,27,8,16,21,24,27,28,34,27,43,17,18,40,39,12,14,45,1,13,19,20,5,33,37,10,4,8,11,21,26,31,15,24,38,7,2,3,16,36,44,25,42,6,28,35,29,30,41,23,32,22,9
919,9,14,17,18,42,44,35,45,9,4,5,35,33,4,5,9,33,35,45,34,27,43,17,18,40,12,39,14,45,1,13,19,20,33,5,37,10,11,4,8,21,26,31,38,7,15,24,2,3,16,36,44,25,42,6,28,35,29,30,41,23,32,22,9
920,2,3,26,33,34,43,29,30,31,23,15,1,3,1,3,15,23,30,31,34,27,43,17,18,40,12,14,39,45,1,13,19,20,33,5,37,10,11,4,8,21,26,31,38,7,15,24,44,2,3,16,36,42,25,6,28,35,29,30,41,23,32,22,9
921,5,7,12,22,28,41,1,16,26,7,44,37,41,7,16,26,37,41,44,34,27,43,17,18,40,12,14,39,45,1,33,13,19,20,5,37,10,11,26,4,8,21,31,38,7,15,24,2,3,44,16,36,42,25,6,28,35,29,30,41,23,32,22,9
922,2,6,13,17,27,43,36,29,36,14,4,2,3,2,3,4,14,29,36,34,27,43,17,18,12,40,14,39,45,1,33,5,13,19,20,37,10,11,26,4,8,21,31,7,38,15,24,2,3,44,16,36,42,25,6,28,35,29,30,41,23,32,22,9
923,3,17,18,23,36,41,26,30,4,5,42,33,41,4,5,30,33,41,42,34,27,43,17,18,12,40,14,39,45,1,13,33,5,19,20,37,10,11,26,4,8,21,31,7,38,2,15,24,3,44,16,36,42,25,6,28,35,29,30,41,23,32,22,9
924,3,11,34,42,43,44,13,28,19,1,34,3,32,1,3,19,28,32,34,34,27,43,17,18,12,40,14,39,45,1,13,33,5,19,20,37,10,11,26,4,8,21,31,7,38,2,3,15,24,36,44,16,42,25,6,28,35,41,29,30,23,32,22,9
925,13,24,32,34,39,42,4,12,30,43,1,9,34,1,9,12,30,34,43,34,27,43,17,18,12,40,14,39,45,1,13,33,5,19,20,37,11,10,26,4,8,21,31,3,7,38,2,15,24,44,36,16,42,25,6,28,35,41,29,30,23,32,22,9
926,10,16,18,20,25,31,6,19,34,5,16,35,24,5,16,19,24,34,35,34,27,43,17,18,12,39,40,14,13,45,1,33,5,19,20,37,11,10,26,4,8,21,31,3,7,24,38,2,15,44,36,42,16,25,6,28,35,41,29,30,23,32,22,9
927,4,15,22,38,41,43,26,22,30,44,28,39,3,3,22,28,30,39,44,34,27,43,17,18,12,39,40,14,13,45,1,20,33,5,19,37,10,11,26,31,4,8,21,3,7,24,38,2,15,44,16,36,42,25,6,28,35,41,29,30,23,32,22,9
928,3,4,10,20,28,44,30,26,20,18,13,37,31,13,18,20,26,31,37,34,43,27,17,18,12,39,40,14,13,45,1,20,33,5,19,37,10,11,4,26,31,8,21,38,3,7,15,24,2,44,16,36,42,25,6,28,35,41,29,30,23,32,22,9
929,7,9,12,15,19,23,4,27,45,6,28,16,42,6,16,27,28,42,45,34,43,27,17,18,12,39,40,14,13,20,45,1,33,5,19,10,37,4,11,26,31,3,8,21,38,7,15,24,44,2,16,36,42,25,6,28,35,41,29,30,23,32,22,9
930,8,21,25,38,39,44,28,25,27,35,28,7,30,7,25,27,28,30,35,34,43,27,17,18,12,39,40,14,13,20,45,1,19,33,5,10,37,4,11,26,31,3,7,8,15,21,38,24,44,2,16,36,42,25,6,28,35,41,23,29,30,32,22,9
931,14,15,23,25,35,43,32,9,28,40,35,38,2,2,9,28,35,38,40,34,43,27,17,18,12,39,40,14,13,20,45,1,19,33,5,10,37,4,11,8,21,26,31,38,3,7,15,44,24,2,16,36,42,25,6,28,35,41,23,29,30,32,22,9
932,1,6,15,36,37,38,5,13,36,22,34,18,26,13,18,22,26,34,36,34,43,27,17,18,12,39,14,40,13,20,45,1,19,33,5,10,37,4,11,8,15,21,26,31,38,3,7,44,24,2,16,25,36,42,6,28,35,41,23,29,30,32,22,9
933,23,27,29,31,36,45,37,40,3,41,26,32,13,3,13,26,32,40,41,34,43,27,17,18,12,39,14,40,1,13,20,45,19,33,5,37,10,4,11,15,38,8,21,26,31,3,7,44,24,2,36,16,25,42,6,28,35,41,23,29,30,32,22,9
934,1,3,30,33,36,39,12,11,27,42,15,31,7,7,11,15,27,31,42,34,43,27,17,18,12,39,14,40,45,1,13,20,19,33,5,37,10,4,11,15,31,38,8,21,26,3,7,44,24,36,2,16,25,42,6,28,35,23,41,29,30,32,22,9
935,4,10,20,32,38,44,18,19,18,13,43,23,30,13,18,19,23,30,43,34,43,27,17,18,39,12,14,40,1,45,13,20,33,19,5,37,10,4,11,15,31,38,3,8,21,26,7,36,44,24,2,16,25,42,6,28,35,23,41,29,30,32,22,9
936,7,11,13,17,18,29,43,29,21,13,4,5,41,4,5,13,21,29,41,34,43,27,17,18,39,12,14,40,1,20,45,13,33,19,5,10,37,4,38,11,15,31,3,8,21,26,44,7,36,24,2,16,25,42,6,28,35,23,41,29,30,32,22,9
937,2,10,13,22,29,40,26,32,17,11,44,40,9,9,11,17,32,40,44,34,43,27,17,18,39,12,14,40,1,13,20,45,33,19,5,10,37,4,11,38,15,31,3,7,8,21,26,44,36,24,2,16,25,42,6,28,35,23,29,41,30,32,22,9
938,4,8,10,16,31,36,9,19,26,15,33,23,30,15,19,23,26,30,33,34,43,27,17,18,39,12,40,13,14,1,20,45,33,10,19,5,37,4,11,38,15,31,3,7,8,21,26,44,36,2,24,16,25,42,6,28,29,35,23,41,30,32,22,9
939,4,11,28,39,42,45,6,17,20,37,6,35,13,6,13,17,20,35,37,34,43,27,17,18,39,12,40,13,14,1,20,45,10,33,19,4,5,37,11,31,38,8,15,3,7,21,26,36,44,2,24,16,25,42,6,28,29,35,23,41,30,32,22,9
940,3,15,20,22,24,41,11,25,24,13,44,32,41,13,24,25,32,41,44,34,43,27,17,18,39,12,40,13,14,45,1,20,10,33,4,19,5,11,37,31,38,8,15,3,7,21,26,36,44,2,24,16,42,25,6,28,29,35,23,41,30,32,22,9
941,12,14,25,27,39,40,35,7,10,35,3,6,8,3,6,7,8,10,35,34,43,27,17,18,39,12,40,13,14,20,45,1,10,33,4,19,5,11,37,15,31,38,3,8,7,21,26,36,44,24,2,16,42,25,6,28,29,35,41,23,30,32,22,9
942,10,12,18,35,42,43,39,14,7,5,39,35,3,3,5,7,14,35,39,34,27,43,17,18,39,12,40,14,13,20,45,1,10,33,4,19,5,11,37,15,31,38,3,8,7,21,26,36,44,24,2,16,25,42,6,28,29,35,41,23,30,32,22,9
943,1,8,13,36,44,45,39,13,25,10,29,30,12,10,12,13,25,29,30,34,43,27,18,17,39,12,40,14,13,20,45,1,10,33,4,19,5,11,37,15,31,38,3,8,7,21,26,36,44,24,2,42,16,25,6,28,35,29,41,23,30,32,22,9
944,2,13,16,19,32,33,42,32,9,34,17,43,15,9,15,17,32,34,43,34,43,27,18,17,39,12,40,13,14,45,1,20,10,33,4,19,5,11,37,8,15,31,38,3,36,44,7,21,26,24,2,42,16,25,6,28,35,29,41,23,30,32,22,9
945,9,10,15,30,33,37,26,45,14,22,42,15,20,14,15,20,22,42,45,34,43,27,18,17,39,12,13,40,14,45,1,20,10,33,19,4,5,11,37,8,15,31,38,3,36,44,7,21,26,2,24,16,42,25,6,28,35,29,41,23,30,32,22,9
946,9,18,19,30,34,40,20,45,4,16,42,1,9,1,4,9,16,42,45,34,43,27,18,17,39,12,13,40,14,45,1,10,20,33,19,4,37,5,11,15,8,31,38,3,36,44,7,21,26,2,24,16,42,25,6,28,35,29,41,23,30,32,22,9
947,3,8,17,20,27,35,26,25,22,5,14,3,38,3,5,14,22,25,38,34,43,27,18,17,39,12,40,13,14,45,1,10,20,33,19,4,37,5,11,15,8,31,38,3,36,44,7,21,26,2,24,16,42,25,6,28,35,29,30,41,23,32,22,9
948,13,18,30,31,38,41,5,9,4,40,24,25,41,4,9,24,25,40,41,34,27,43,18,17,39,12,40,13,14,20,45,1,10,33,19,4,37,5,8,11,15,3,31,38,36,44,7,21,26,2,24,16,42,25,6,28,35,29,30,41,23,32,22,9
949,14,21,35,36,40,44,30,10,29,38,26,9,27,9,10,26,27,29,38,34,27,43,18,17,39,12,13,40,14,20,45,1,10,33,19,4,37,5,8,11,15,31,38,3,36,44,7,21,26,2,24,16,42,25,6,28,35,30,41,29,23,32,22,9
950,3,4,15,22,28,40,10,25,17,22,44,37,7,7,17,22,25,37,44,34,27,43,18,17,39,40,12,13,14,20,45,1,10,33,19,4,37,5,8,11,15,31,38,3,36,44,21,7,26,2,24,16,42,25,6,28,35,30,41,29,23,32,22,9
951,2,12,30,31,39,43,38,31,8,39,24,7,3,3,7,8,24,31,39,34,27,43,18,17,40,39,12,13,14,20,45,1,10,33,19,4,15,37,3,5,8,11,31,38,36,44,21,7,26,2,24,16,42,25,6,28,35,30,41,29,23,32,22,9
952,4,12,22,24,33,41,38,17,8,44,32,15,40,8,15,17,32,40,44,34,43,27,18,17,39,40,12,13,14,20,45,1,10,33,19,4,15,31,37,3,5,8,11,38,36,44,21,2,7,26,24,16,42,25,6,28,35,30,41,29,23,32,22,9
953,7,9,22,27,37,42,34,30,45,44,3,20,34,3,20,30,34,44,45,34,43,27,18,12,17,39,40,13,14,20,33,45,1,10,4,19,15,31,37,3,5,8,11,38,36,44,21,2,7,24,26,16,42,25,6,28,35,30,41,29,23,32,22,9
954,1,9,26,28,30,41,32,14,45,32,37,39,40,14,32,37,39,40,45,34,27,43,18,12,17,39,40,13,14,20,33,45,1,10,4,19,37,15,31,3,5,8,11,38,36,44,7,21,2,24,26,42,16,25,6,28,35,30,41,29,23,22,32,9
955,4,9,23,26,29,33,8,16,45,42,30,41,13,13,16,30,41,42,45,34,27,43,18,12,17,39,40,13,14,1,20,33,45,10,4,19,37,15,31,3,5,8,11,38,36,44,7,21,26,2,24,42,16,25,28,6,30,35,41,29,23,22,32,9
956,10,11,20,21,25,41,40,16,24,13,30,35,40,13,16,24,30,35,40,34,27,43,18,12,17,39,40,13,14,33,1,20,45,4,10,19,37,15,31,3,5,8,11,38,26,36,44,7,21,2,24,42,16,25,28,6,30,35,41,29,23,22,32,9
957,4,15,24,35,36,40,1,16,20,32,40,28,8,8,16,20,28,32,40,34,27,43,18,12,17,39,40,13,14,20,33,1,10,45,4,19,37,11,15,31,3,5,8,38,21,26,36,44,7,2,24,42,16,25,28,6,41,30,35,29,23,22,32,9
958,2,9,10,16,35,37,1,32,45,15,34,38,19,15,19,32,34,38,45,34,27,43,18,40,12,17,39,13,14,20,33,1,4,10,45,19,15,37,11,31,3,5,8,36,38,21,26,44,7,24,2,42,16,25,28,6,35,41,30,29,23,22,32,9
959,1,14,15,24,40,41,35,14,11,19,32,5,39,5,11,14,19,32,39,34,27,43,18,40,12,17,39,13,10,14,20,33,1,4,45,19,37,15,11,31,3,5,8,36,38,21,26,44,2,7,24,16,42,25,28,35,6,41,30,29,23,22,32,9
960,2,18,24,30,32,45,14,31,4,28,40,44,16,4,16,28,31,40,44,34,27,43,18,40,12,17,39,13,14,1,10,20,33,4,45,15,19,37,11,31,3,5,8,36,38,21,24,26,44,2,7,16,42,25,28,35,41,6,30,29,23,22,32,9
961,11,20,29,31,33,42,43,20,13,41,21,14,34,13,14,20,21,34,41,34,27,43,18,40,12,17,39,13,14,1,10,20,33,45,4,15,19,37,11,31,3,5,8,24,36,38,2,21,26,44,7,16,42,25,28,35,41,6,30,29,23,32,22,9
962,1,18,28,31,34,43,40,13,4,36,21,1,3,1,3,4,13,21,36,34,27,43,18,40,12,17,39,13,14,20,33,1,10,45,4,15,19,37,11,31,3,5,8,24,36,38,2,21,26,44,7,42,16,25,28,35,41,6,30,29,23,32,22,9
963,6,12,19,23,34,42,35,39,6,18,42,1,33,1,6,18,33,39,42,34,43,18,27,40,12,17,39,1,13,14,20,33,10,45,4,15,19,31,37,11,3,5,8,24,36,38,2,21,26,44,7,42,16,25,28,35,41,6,30,29,23,32,22,9
964,6,21,36,38,39,43,30,37,29,26,27,8,2,2,8,26,27,29,37,34,43,18,27,40,12,17,39,1,13,14,20,33,10,45,4,19,15,31,37,11,3,5,8,24,36,38,2,21,26,44,7,42,16,25,28,6,35,41,30,29,23,32,22,9
965,2,13,25,28,29,36,34,29,10,35,37,41,22,10,22,29,35,37,41,34,43,18,27,40,12,39,17,1,13,14,20,33,10,45,4,19,15,31,37,11,36,38,3,5,8,21,24,2,26,44,7,42,16,25,6,28,35,41,30,29,23,32,22,9
966,1,21,25,29,34,37,36,10,28,35,41,1,20,1,10,20,28,35,41,34,43,18,27,40,12,39,17,13,1,14,20,33,10,45,4,19,15,31,37,11,36,38,2,3,5,8,21,24,26,44,7,42,16,25,28,6,35,41,30,29,23,32,22,9
967,1,6,13,37,38,40,9,9,37,10,18,24,5,5,9,10,18,24,37,34,43,18,27,40,12,39,17,1,13,14,20,33,10,45,4,19,37,15,31,11,36,21,38,2,3,5,8,24,26,44,7,42,25,16,28,6,35,41,29,30,23,32,22,9
968,2,5,12,14,24,39,33,25,27,6,11,29,7,6,7,11,25,27,29,34,43,18,27,40,12,39,1,13,17,14,20,33,10,45,4,37,19,15,31,11,36,38,21,2,3,5,8,24,26,44,7,42,25,16,6,28,35,41,29,30,23,32,22,9
969,3,9,10,29,40,45,7,28,45,14,40,5,15,5,14,15,28,40,45,34,43,18,27,40,12,39,1,13,17,14,20,33,10,45,4,37,19,15,31,11,36,38,2,5,21,24,3,8,26,44,7,42,25,16,6,28,35,41,29,30,23,32,22,9
970,9,11,16,21,28,36,5,45,21,35,27,37,22,21,22,27,35,37,45,34,43,18,27,40,12,39,1,13,17,14,10,20,33,45,4,37,19,15,31,11,36,38,2,3,5,21,24,8,26,44,7,42,25,16,6,28,29,35,41,30,23,32,22,9
971,2,6,17,18,21,26,7,25,37,10,3,23,30,3,10,23,25,30,37,34,43,18,27,40,12,39,1,13,17,14,10,20,33,45,4,37,19,11,15,31,36,21,38,2,3,5,24,8,26,44,7,42,16,25,28,6,29,35,41,30,23,32,22,9
972,3,6,17,23,37,39,26,26,36,8,42,17,7,7,8,17,26,36,42,34,43,18,27,40,12,39,17,1,13,14,10,20,33,45,4,37,19,11,15,21,31,36,2,38,3,5,24,8,26,44,7,42,16,25,6,28,29,35,41,30,23,32,22,9
973,22,26,31,37,41,42,24,44,30,22,16,40,33,16,22,30,33,40,44,34,43,18,27,40,39,12,17,1,13,14,10,20,33,45,37,4,19,11,15,21,31,36,2,3,38,5,24,8,26,44,7,42,16,25,6,28,29,35,41,30,23,32,22,9
974,1,2,11,16,39,44,32,9,24,20,34,6,32,6,9,20,24,32,34,34,43,18,27,40,39,12,17,1,13,14,10,20,33,37,45,4,19,31,11,15,21,36,2,3,38,5,24,26,8,42,44,7,16,25,6,28,41,29,35,30,23,22,32,9
975,7,8,9,17,22,24,5,33,30,45,8,43,28,8,28,30,33,43,45,34,43,18,27,39,40,12,17,1,13,14,10,20,33,37,45,4,11,19,31,2,15,21,36,3,38,5,24,26,8,44,42,7,16,25,6,28,41,29,35,30,23,22,32,9
976,4,12,14,25,35,37,2,17,8,11,35,40,15,8,11,15,17,35,40,34,43,18,27,39,40,17,12,1,13,14,10,20,33,37,45,4,11,19,31,2,15,21,36,3,24,38,5,8,26,44,7,42,16,25,6,28,41,29,35,30,23,22,32,9
977,2,9,10,14,22,44,16,21,45,13,11,43,31,11,13,21,31,43,45,34,43,18,27,39,40,12,17,1,13,14,37,10,20,33,45,4,11,19,31,2,15,21,36,3,24,38,5,8,26,44,7,42,16,25,6,28,35,41,29,30,23,22,32,9
978,1,7,15,32,34,42,8,9,32,22,44,1,33,1,9,22,32,33,44,34,43,18,27,39,40,12,17,1,14,13,10,37,20,33,45,4,2,11,19,31,15,21,36,3,24,38,5,8,26,44,7,42,16,25,6,28,35,41,29,30,23,22,32,9
979,7,11,16,21,27,33,24,32,19,34,23,4,15,4,15,19,23,32,34,34,43,18,27,39,40,12,17,1,14,13,10,37,20,33,45,4,2,11,15,19,31,21,36,3,24,38,5,8,26,44,7,42,16,25,6,28,35,41,29,30,23,22,32,9
980,3,13,16,23,24,35,14,25,11,34,42,26,38,11,25,26,34,38,42,34,43,18,27,39,40,12,17,1,14,13,10,33,37,20,45,4,11,2,15,19,21,31,36,3,24,38,5,7,8,26,44,42,16,25,6,28,35,41,29,30,23,22,32,9
981,27,36,37,41,43,45,32,4,26,14,39,2,16,2,4,14,16,26,39,34,43,18,27,39,40,12,17,1,13,14,10,33,37,20,45,4,11,2,15,19,21,31,3,24,36,38,5,7,8,26,44,16,42,25,6,28,35,41,29,30,23,22,32,9
982,5,7,13,20,21,44,33,28,29,10,16,22,32,10,16,22,28,29,32,34,43,27,18,39,40,12,17,1,13,14,37,10,33,45,20,4,11,2,15,19,21,31,36,3,24,38,5,7,8,26,44,16,42,25,6,28,35,41,29,30,23,22,32,9
983,13,23,26,31,35,43,15,10,42,32,23,38,2,2,10,23,32,38,42,34,43,27,18,39,40,12,17,1,13,14,37,10,20,33,45,4,11,21,2,15,19,31,36,3,24,5,7,38,44,8,26,16,42,25,6,28,35,41,29,30,23,22,32,9
984,3,10,23,35,36,37,18,25,13,41,38,24,12,12,13,24,25,38,41,34,43,27,18,39,40,12,13,17,1,14,37,10,20,33,45,4,11,21,31,2,15,19,36,3,24,5,7,26,38,44,8,16,42,25,6,28,35,41,29,23,30,22,32,9
985,17,21,23,30,34,44,19,9,19,40,42,1,31,1,9,19,31,40,42,34,43,27,18,39,40,12,13,17,1,14,37,10,20,33,45,4,11,21,31,36,2,3,15,19,24,5,7,26,38,44,8,16,42,25,6,35,28,41,23,29,30,22,32,9
986,7,10,16,28,41,42,40,29,13,33,38,39,34,13,29,33,34,38,39,34,43,27,18,17,39,40,12,13,1,14,37,10,20,33,45,4,21,11,31,36,2,3,15,19,24,44,5,7,26,38,8,16,42,25,6,35,28,41,23,29,30,22,32,9
987,2,4,15,23,29,38,7,22,17,24,40,41,31,17,22,24,31,40,41,34,43,27,18,17,39,40,12,13,1,10,14,37,20,33,45,4,21,11,31,36,2,3,15,19,7,24,44,5,26,38,8,16,42,25,6,28,35,41,23,29,30,22,32,9
988,2,13,20,30,31,41,27,19,9,14,42,22,39,9,14,19,22,39,42,34,43,27,18,17,39,40,12,13,1,10,14,37,20,33,45,4,21,2,11,15,31,36,3,19,7,24,38,44,5,26,8,16,42,25,6,28,35,41,23,29,30,22,32,9
989,17,18,21,27,29,33,26,6,4,19,3,41,15,3,4,6,15,19,41,34,43,27,18,13,17,39,40,12,1,10,14,37,20,33,45,4,2,21,31,11,15,36,3,19,7,24,38,44,5,26,8,16,42,25,6,28,35,41,23,29,30,22,32,9
990,2,4,25,26,36,37,28,19,17,35,31,23,13,13,17,19,23,31,35,34,43,27,18,17,13,39,40,12,1,10,14,37,20,33,45,4,21,2,31,11,15,36,3,19,7,24,38,44,5,26,8,16,42,25,6,28,35,41,23,29,30,22,32,9
991,13,18,25,31,33,44,38,6,4,35,20,15,30,4,6,15,20,30,35,34,43,27,18,17,13,39,40,12,1,37,10,14,20,33,4,45,2,21,31,36,11,15,3,19,7,24,26,38,44,5,8,16,42,25,6,28,35,41,23,29,30,22,32,9
992,12,20,26,33,44,45,24,9,15,29,14,26,17,9,14,15,17,26,29,34,43,18,27,13,17,39,40,12,1,37,10,14,33,20,4,45,2,21,31,36,11,15,3,19,44,7,24,26,38,5,8,16,42,25,6,28,35,41,23,29,30,22,32,9
993,6,14,16,18,24,42,44,36,14,33,3,29,34,3,14,29,33,34,36,34,43,18,27,13,17,12,39,40,1,33,37,10,14,20,45,4,2,21,31,36,11,15,44,3,19,26,7,24,38,5,8,16,42,25,6,28,35,41,23,29,30,22,32,9
994,1,3,8,24,27,35,28,10,25,34,27,4,38,4,10,25,27,34,38,34,18,43,27,13,17,12,39,40,1,14,33,37,10,20,45,4,2,21,31,36,11,15,44,3,19,24,26,7,38,5,16,42,8,25,6,28,35,41,23,29,30,22,32,9
995,1,4,13,29,38,39,7,10,17,5,41,30,8,5,8,10,17,30,41,34,18,27,43,13,17,12,39,40,1,14,33,37,10,20,45,4,2,21,31,36,3,11,15,24,44,19,26,7,38,5,8,16,42,25,6,35,28,41,23,29,30,22,32,9
996,6,11,15,24,32,39,28,36,23,24,25,44,7,7,23,24,25,36,44,34,18,27,43,13,17,39,1,12,40,14,33,37,10,20,4,45,2,21,31,36,3,11,15,24,44,19,26,38,7,5,8,16,42,25,6,35,28,41,29,23,30,22,32,9
997,4,7,14,16,24,44,20,16,30,11,33,23,26,11,16,23,26,30,33,34,18,27,43,13,39,17,1,12,40,14,33,37,10,20,4,45,2,21,31,11,15,24,36,3,44,19,26,38,7,5,8,16,42,25,6,35,28,41,29,23,30,22,32,9
998,13,17,18,20,42,45,41,5,7,2,16,34,17,2,5,7,16,17,34,34,18,27,43,13,39,17,1,12,40,14,33,37,4,10,20,45,2,21,24,31,11,15,36,44,3,7,19,26,38,16,5,8,42,25,6,35,28,41,29,23,30,22,32,9
999,1,3,9,14,18,28,34,8,26,45,11,2,38,2,8,11,26,38,45,34,18,27,43,13,17,39,1,12,40,14,20,33,37,4,10,45,2,21,24,31,11,15,36,44,3,7,19,26,38,16,42,5,8,25,6,35,28,41,29,23,30,22,32,9
1000,2,8,19,22,32,42,39,18,34,28,43,44,32,18,28,32,34,43,44,34,18,27,43,13,17,39,1,12,14,40,20,33,37,4,10,45,2,21,24,31,3,11,15,36,44,7,19,26,38,16,42,5,8,25,6,28,35,41,29,23,30,22,32,9
1001,6,10,12,14,20,42,15,36,16,9,10,12,31,9,10,12,16,31,36,34,18,27,43,13,17,39,1,12,14,40,20,33,37,4,10,45,2,21,24,31,3,11,15,36,44,19,7,26,38,42,8,16,5,25,6,28,35,41,29,23,30,22,32,9
1002,17,25,33,35,38,45,15,6,35,14,38,31,17,6,14,17,31,35,38,34,18,27,43,13,17,39,1,12,14,40,20,10,33,37,4,45,2,21,24,31,3,11,15,36,44,19,42,7,26,38,8,16,5,25,6,28,35,41,29,23,30,22,32,9
1003,1,4,29,39,43,45,31,8,17,40,7,4,16,4,7,8,16,17,40,34,18,27,43,13,17,39,1,12,14,40,20,33,10,37,45,4,2,21,24,31,3,11,15,36,44,19,38,42,7,26,8,16,5,25,6,35,28,41,29,23,30,22,32,9
1004,7,15,30,37,39,44,18,30,24,42,17,7,26,7,17,24,26,30,42,34,18,43,27,13,17,39,1,12,14,40,20,33,45,4,10,37,2,21,24,31,3,11,15,36,44,19,38,42,7,26,8,16,5,25,6,35,28,29,41,23,30,22,32,9
1005,8,13,18,24,27,29,17,32,6,2,21,4,39,2,4,6,21,32,39,34,18,43,27,39,13,17,1,12,14,40,20,33,37,45,4,10,2,15,21,24,31,44,3,11,36,7,19,38,42,26,8,16,5,25,6,35,28,29,41,23,30,22,32,9
1006,8,11,15,16,17,37,36,31,25,20,33,7,14,7,14,20,25,31,33,34,18,27,43,13,39,17,1,12,14,40,20,33,37,45,4,10,2,24,15,21,31,44,3,11,36,7,19,38,42,8,26,16,5,25,6,35,28,29,41,23,30,22,32,9
1007,8,11,16,19,21,25,40,28,21,32,29,22,35,21,22,28,29,32,35,34,18,27,43,13,17,39,1,12,14,37,40,20,33,45,4,10,2,15,24,11,21,31,44,3,36,7,8,19,38,42,16,26,5,25,6,35,28,29,41,23,30,22,32,9
1008,9,11,30,31,41,44,33,45,19,42,23,40,24,19,23,24,40,42,45,34,18,27,43,13,17,39,1,12,14,37,40,20,33,45,4,10,2,11,15,21,24,31,44,3,8,19,36,7,16,38,42,26,5,25,6,35,28,29,41,23,30,22,32,9
1009,15,23,29,34,40,44,20,20,42,39,1,12,24,1,12,20,24,39,42,34,18,27,43,13,17,39,1,12,14,37,40,20,33,45,4,10,11,2,15,21,24,31,44,3,8,19,36,7,16,38,42,26,5,25,6,35,28,29,41,30,23,22,32,9
1010,9,12,15,25,34,36,3,45,9,19,35,1,28,1,9,19,28,35,45,34,18,27,43,13,17,39,1,12,14,40,37,20,33,45,4,10,11,15,44,2,21,24,31,3,8,19,36,7,16,38,42,26,5,25,6,29,35,28,41,23,30,22,32,9
1011,1,9,12,26,35,38,42,8,45,9,33,38,31,8,9,31,33,38,45,34,18,27,43,13,17,39,1,12,14,40,37,20,33,45,4,10,15,11,44,2,21,24,31,36,3,8,19,7,16,38,42,26,25,5,6,29,35,28,41,23,30,22,32,9
1012,5,11,18,20,35,45,3,35,19,2,13,37,15,2,13,15,19,35,37,34,18,27,43,13,17,39,1,12,14,40,37,20,33,45,4,10,15,11,44,2,21,24,31,36,3,8,19,38,7,16,26,42,25,5,6,35,29,28,41,23,30,22,32,9
1013,21,22,26,34,36,41,32,22,43,32,1,25,40,1,22,25,32,40,43,34,18,27,43,13,17,39,1,12,14,40,20,37,45,33,4,10,11,15,44,2,21,24,31,36,3,8,19,38,7,16,26,42,5,25,35,6,29,28,41,23,30,22,32,9
1014,3,11,14,18,26,27,21,26,18,10,2,29,3,2,3,10,18,26,29,34,18,27,43,13,17,39,1,12,14,40,20,37,45,33,4,10,11,15,21,44,2,24,31,36,3,8,19,26,38,7,16,42,5,25,35,6,29,41,28,23,30,22,32,9
1015,14,23,31,33,37,40,44,10,41,24,15,13,11,10,11,13,15,24,41,34,18,27,43,13,17,39,1,12,14,40,20,37,45,33,4,10,11,15,21,44,2,24,31,36,3,26,8,19,38,7,16,42,5,25,35,6,29,41,28,23,30,22,32,9
1016,15,26,28,34,41,42,44,19,27,40,1,39,33,1,19,27,33,39,40,34,18,27,43,13,17,39,1,12,14,40,37,20,33,45,4,10,11,15,21,31,44,2,24,36,3,26,8,19,38,7,16,42,5,25,35,6,29,41,28,23,30,22,32,9
1017,12,18,22,23,30,34,32,9,2,43,41,42,1,1,2,9,41,42,43,34,18,27,43,13,17,39,1,12,14,40,37,20,33,45,4,10,11,15,21,31,44,2,24,26,36,3,8,19,38,42,7,16,5,25,35,6,41,28,29,23,30,22,32,9
1018,3,19,21,25,37,45,35,27,29,20,35,12,15,12,15,20,27,29,35,34,18,27,43,12,13,17,39,1,14,40,37,20,33,45,4,10,11,15,21,31,44,2,24,26,36,3,8,19,38,42,7,16,5,25,35,6,41,28,29,23,30,22,32,9
1019,1,4,13,17,34,39,6,9,16,6,7,1,8,1,6,7,8,9,16,34,18,27,43,12,13,17,39,1,14,37,40,45,20,33,4,10,11,15,21,31,44,2,3,24,26,36,19,8,38,42,7,16,25,5,35,6,41,28,29,23,30,22,32,9
1020,12,27,29,38,41,45,6,9,3,40,30,38,13,3,9,13,30,38,40,34,18,27,13,17,39,43,1,12,14,37,40,45,20,33,4,10,11,15,21,31,44,2,3,24,26,36,19,8,38,42,7,16,25,5,35,6,41,28,29,23,30,22,32,9
1021,12,15,17,24,29,45,16,4,19,6,25,39,13,4,6,13,19,25,39,34,18,27,12,13,17,39,43,1,14,37,40,45,20,33,4,10,11,15,21,31,44,2,3,24,26,36,19,38,8,42,7,16,25,5,35,41,6,29,28,23,30,22,32,9
1022,5,6,11,29,42,45,28,35,39,19,36,31,11,11,19,31,35,36,39,34,18,27,12,17,13,39,43,1,14,45,37,40,20,33,4,15,10,11,21,24,31,44,2,3,26,36,19,38,8,42,7,16,25,5,29,35,41,6,28,23,30,22,32,9
1023,10,14,16,18,29,35,25,19,11,33,2,36,38,2,11,19,33,36,38,34,18,27,12,17,13,39,43,1,45,14,37,40,20,33,4,11,15,10,21,24,31,44,2,3,26,36,19,38,42,8,7,16,5,25,29,6,35,41,28,23,30,22,32,9
1024,9,18,20,22,38,44,10,45,2,14,43,29,23,2,14,23,29,43,45,34,18,27,12,17,13,39,43,1,14,45,37,40,20,33,4,10,11,15,21,24,31,44,2,3,26,36,19,38,42,8,16,7,5,25,29,35,6,41,28,23,30,22,32,9
1025,8,9,20,25,29,33,7,31,45,14,35,36,15,14,15,31,35,36,45,34,18,27,12,17,13,39,43,1,14,45,37,40,20,33,4,10,11,15,21,44,24,31,2,3,26,36,38,19,42,8,16,7,5,25,29,35,6,41,28,23,30,22,32,9
1026,5,12,13,31,32,41,34,35,4,6,23,44,39,4,6,23,35,39,44,34,18,27,12,17,13,39,43,1,14,45,20,37,40,33,4,10,11,15,21,44,24,31,2,3,26,36,38,8,19,42,16,7,25,5,29,35,6,41,28,23,30,22,32,9
1027,14,16,27,35,39,45,5,10,32,4,37,7,11,4,7,10,11,32,37,34,18,12,27,13,17,39,43,1,14,45,20,37,40,33,4,10,11,15,21,31,44,24,2,3,26,36,38,8,19,42,16,5,7,25,29,35,41,6,28,23,30,22,32,9
1028,5,7,12,13,18,35,23,33,34,4,5,2,37,2,4,5,33,34,37,34,18,27,12,13,17,39,14,43,45,1,20,37,40,33,4,10,11,15,21,31,44,24,2,3,26,36,38,8,16,19,42,5,7,25,29,35,41,6,28,23,30,22,32,9
1029,12,30,32,37,39,41,24,3,42,44,13,7,38,3,7,13,38,42,44,34,18,12,27,13,17,39,14,43,45,1,20,37,40,33,4,10,11,15,21,31,44,24,2,3,26,36,38,8,16,19,42,5,7,25,29,35,41,6,28,23,30,22,32,9
1030,2,5,11,17,24,29,9,24,33,18,7,23,36,7,18,23,24,33,36,34,18,12,27,13,39,17,14,43,45,1,37,20,40,33,4,10,11,15,21,31,44,24,2,3,26,36,38,8,16,19,42,5,7,25,29,35,41,6,28,23,30,22,32,9
1031,6,7,22,32,35,36,19,39,34,43,44,37,27,27,34,37,39,43,44,34,18,12,27,13,17,39,14,43,45,1,37,20,40,33,11,4,10,15,21,24,31,44,2,3,26,36,38,5,8,16,19,42,7,25,29,35,41,6,28,23,30,22,32,9
1032,1,6,12,19,36,42,28,11,39,3,33,25,34,3,11,25,33,34,39,34,18,12,27,13,17,39,14,43,45,1,37,20,40,33,11,4,10,15,21,24,31,44,2,36,3,26,38,5,7,8,16,19,42,25,29,35,41,6,28,23,30,22,32,9
1033,3,11,15,20,35,44,10,26,16,19,13,37,24,13,16,19,24,26,37,34,18,12,27,13,17,39,1,14,43,45,37,20,40,33,11,4,10,15,21,24,31,36,44,2,3,19,26,38,42,5,7,8,16,25,29,35,6,41,28,23,30,22,32,9
1034,26,31,32,33,38,40,11,28,23,44,16,29,14,14,16,23,28,29,44,34,18,12,27,13,17,39,1,14,43,45,20,37,40,11,33,15,4,10,44,21,24,31,36,2,3,19,26,38,42,5,7,8,16,25,35,29,6,41,28,23,30,22,32,9
1035,9,14,34,35,41,42,2,45,9,1,36,39,30,1,9,30,36,39,45,34,18,12,27,13,17,39,1,14,43,45,20,37,40,33,11,15,4,10,31,44,21,24,36,2,3,26,38,19,42,5,7,8,16,25,35,29,6,41,28,23,30,22,32,9
1036,2,5,22,32,34,45,39,25,31,43,44,1,11,1,11,25,31,43,44,34,18,12,27,13,17,39,14,1,43,45,20,37,40,33,11,15,4,10,31,44,21,24,36,2,3,26,38,42,19,5,7,8,16,25,35,29,41,6,28,23,30,22,32,9
1037,2,14,15,22,27,33,31,22,8,17,43,4,15,4,8,15,17,22,43,34,18,12,27,13,17,39,14,45,1,43,20,37,40,33,11,15,4,10,31,44,2,21,24,36,3,26,38,42,5,19,7,8,16,25,35,29,41,6,28,23,30,22,32,9
1038,7,16,24,27,37,44,2,32,34,24,4,14,22,4,14,22,24,32,34,34,18,12,27,13,14,17,39,45,1,43,20,33,37,40,11,15,4,10,2,31,44,21,24,36,3,26,38,42,5,19,7,8,16,25,35,29,41,6,28,23,30,22,32,9
1039,2,3,6,19,36,39,26,21,26,39,33,25,8,8,21,25,26,33,39,34,18,12,27,13,14,17,39,45,1,43,37,20,33,40,11,15,4,10,44,2,24,31,21,36,3,26,38,42,5,7,16,19,8,25,35,29,41,6,28,23,30,22,32,9
1040,8,16,26,29,31,36,11,34,33,28,37,23,24,23,24,28,33,34,37,34,18,12,27,39,13,14,17,45,1,43,37,20,33,40,11,15,2,4,10,44,24,31,36,3,21,19,26,38,42,5,7,16,8,25,35,29,6,41,28,23,30,22,32,9
1041,6,7,9,11,17,18,45,38,33,45,16,8,2,2,8,16,33,38,45,34,18,12,27,39,13,14,17,45,1,43,37,20,33,40,11,15,2,4,10,31,36,44,24,3,21,26,16,19,38,42,5,7,8,25,35,29,6,41,28,23,30,22,32,9
1042,5,14,15,23,34,43,4,33,8,17,41,1,11,1,8,11,17,33,41,34,18,12,27,17,39,13,14,45,1,43,37,20,33,40,11,15,2,4,10,31,36,44,24,3,21,26,7,16,19,38,42,5,8,25,35,29,6,41,28,23,30,22,32,9
1043,3,5,12,22,26,31,19,25,28,3,43,27,21,3,21,25,27,28,43,34,18,12,27,14,17,39,13,43,45,1,37,20,33,40,11,15,2,4,10,31,36,44,24,3,21,26,5,7,16,19,38,42,8,25,35,29,6,41,23,28,30,22,32,9
1044,12,17,20,26,28,36,4,3,6,13,26,41,22,3,6,13,22,26,41,34,18,12,27,14,17,39,13,43,45,1,37,20,33,40,11,15,31,2,4,10,36,44,3,24,26,5,21,7,16,19,38,42,8,25,35,29,6,41,23,28,30,22,32,9
1045,6,14,15,19,21,41,37,38,6,17,31,28,39,6,17,28,31,38,39,34,18,12,27,17,14,39,13,43,45,1,20,37,33,40,11,15,31,36,2,4,10,26,44,3,24,5,21,7,16,19,38,42,8,25,35,29,6,41,28,23,30,22,32,9
1046,7,16,25,29,35,36,28,30,31,35,38,36,19,19,30,31,35,36,38,34,18,12,27,14,17,39,13,43,45,1,20,37,15,33,40,11,31,36,2,4,10,26,44,3,21,24,5,19,7,16,38,42,8,25,35,6,29,41,28,23,30,22,32,9
1047,2,20,33,40,42,44,32,20,12,15,16,33,24,12,15,16,20,24,33,34,18,12,27,14,17,39,13,43,45,1,20,37,15,33,40,11,36,31,2,4,10,26,44,3,21,24,5,7,16,19,38,42,8,25,35,29,6,41,28,23,30,22,32,9
1048,6,12,17,21,32,39,30,38,3,6,26,44,7,3,6,7,26,38,44,34,18,12,27,14,17,39,13,43,45,1,20,33,37,40,15,11,36,2,31,44,4,10,26,3,21,24,5,7,16,19,42,38,8,25,35,29,6,41,28,23,30,22,32,9
1049,3,5,13,20,21,37,17,26,28,8,12,24,14,8,12,14,24,26,28,34,18,12,17,27,14,39,13,43,45,1,20,33,37,40,15,11,36,2,31,44,4,10,21,26,3,24,5,7,16,19,42,38,8,25,35,6,29,41,28,23,30,22,32,9
1050,6,12,31,35,38,43,17,37,3,21,36,33,10,3,10,21,33,36,37,34,18,12,17,27,14,39,13,20,43,45,1,37,33,40,15,11,36,2,21,31,44,3,4,10,26,5,24,7,16,19,42,38,8,25,35,6,29,41,28,23,30,22,32,9
1051,21,26,30,32,33,35,44,21,26,42,44,14,35,14,21,26,35,42,44,34,12,18,17,27,14,39,13,43,20,45,1,37,33,40,15,11,31,36,2,21,44,3,4,10,26,5,24,7,16,19,38,42,8,35,6,25,29,41,28,23,30,22,32,9
1052,5,17,26,27,35,38,1,27,4,22,5,35,32,4,5,22,27,32,35,34,12,18,17,27,14,39,13,43,20,45,1,33,37,40,15,11,21,31,36,2,26,44,3,4,10,5,24,7,16,19,38,42,8,35,6,25,29,41,28,23,30,22,32,9
1053,22,26,29,30,34,45,15,43,19,38,42,1,11,1,11,19,38,42,43,34,12,18,17,27,14,39,13,43,20,45,1,33,37,40,15,11,21,26,31,36,2,44,3,4,5,10,24,38,7,16,19,42,35,8,6,25,29,41,28,23,30,22,32,9
1054,14,19,27,28,30,45,33,6,32,5,40,41,10,5,6,10,32,40,41,34,12,18,17,27,14,39,13,43,45,20,1,33,37,40,15,11,26,21,31,36,2,44,3,4,5,10,24,38,7,16,19,42,35,8,6,25,29,41,28,30,23,22,32,9
1055,4,7,12,14,22,33,31,25,31,2,6,43,13,2,6,13,25,31,43,34,12,18,27,17,14,39,13,45,43,20,1,33,37,40,15,11,26,21,31,36,2,44,3,4,5,10,19,24,38,7,16,42,35,8,6,25,29,41,28,30,23,22,32,9
1056,13,20,24,32,36,45,29,8,11,30,44,21,9,8,9,11,21,30,44,34,12,18,27,14,17,39,13,45,43,20,33,1,37,40,15,11,26,21,31,36,2,4,44,3,5,10,7,19,24,38,16,42,35,8,6,25,29,41,28,30,23,22,32,9
1057,8,13,19,27,40,45,12,35,7,30,4,15,9,4,7,9,15,30,35,34,12,18,27,14,17,13,39,45,20,43,33,1,37,40,15,11,26,36,21,31,2,4,44,3,5,10,24,7,19,38,16,42,35,8,6,25,29,41,28,30,23,22,32,9
1058,11,23,25,30,32,40,42,17,42,37,41,44,15,15,17,37,41,42,44,34,12,18,27,14,17,13,45,39,20,43,33,1,37,40,15,11,26,36,21,31,2,4,44,3,5,10,19,24,7,38,16,42,8,35,6,25,29,41,28,30,23,22,32,9
1059,7,10,22,25,34,40,27,30,27,43,36,1,13,1,13,27,30,36,43,34,12,18,27,14,17,13,45,39,20,43,33,40,1,37,11,15,26,36,21,31,2,4,44,3,5,10,19,24,7,38,16,42,8,35,25,6,29,41,30,28,23,22,32,9
1060,3,10,24,33,38,45,36,26,24,30,13,31,8,8,13,24,26,30,31,34,12,18,27,14,17,13,45,39,20,40,43,33,1,37,11,15,26,36,21,31,2,4,10,44,3,5,7,19,24,38,16,42,8,35,25,6,29,41,30,28,23,22,32,9
1061,4,24,27,35,37,45,15,25,26,4,35,15,7,4,7,15,25,26,35,34,12,18,27,14,17,45,13,39,20,33,40,43,1,37,11,15,26,36,10,21,31,2,3,4,24,44,5,7,19,38,16,42,8,35,25,6,29,41,30,28,23,22,32,9
1062,20,31,32,40,41,45,12,10,24,44,12,39,5,5,10,12,24,39,44,34,12,18,27,45,14,17,13,39,20,33,40,43,37,1,11,15,26,36,4,10,21,24,31,2,3,44,5,7,19,38,16,35,42,8,25,6,29,41,30,28,23,22,32,9
1063,3,6,22,23,24,38,30,26,37,43,42,24,31,24,26,31,37,42,43,34,12,18,27,45,14,17,13,39,20,40,33,43,37,1,11,15,26,31,36,4,10,21,24,2,3,44,5,7,19,38,16,35,42,8,25,6,29,41,30,28,23,22,32,9
1064,3,6,9,18,22,35,14,22,37,45,3,43,33,3,22,33,37,43,45,34,12,18,27,45,14,17,13,39,20,40,33,43,37,1,11,15,24,26,31,36,3,4,10,21,2,38,44,5,7,19,16,35,42,8,25,6,29,41,30,23,28,22,32,9
1065,3,18,19,23,32,45,24,18,3,31,41,44,5,3,5,18,31,41,44,34,12,18,27,45,14,17,13,39,20,40,33,43,37,1,11,15,3,24,26,31,36,4,10,21,2,38,44,5,7,19,35,16,42,8,6,25,29,41,30,23,28,22,32,9
1066,6,11,16,19,21,32,45,36,17,33,27,25,44,17,25,27,33,36,44,34,18,12,27,45,14,17,13,39,20,40,33,43,37,1,3,11,15,24,26,31,36,4,10,21,2,19,38,44,5,7,35,16,42,8,6,25,29,41,23,30,28,22,32,9
1067,7,10,19,23,28,33,18,31,25,26,40,42,12,12,25,26,31,40,42,34,18,12,27,45,14,17,13,39,20,40,33,43,37,1,11,3,15,21,24,26,31,36,4,10,19,2,38,44,5,7,16,35,42,6,8,25,29,41,23,30,28,22,32,9
1068,4,7,19,26,33,35,3,26,28,20,23,11,33,11,20,23,26,28,33,34,18,12,27,45,14,17,13,39,20,33,40,43,37,1,11,3,15,10,19,21,24,26,31,36,4,2,7,38,44,5,16,35,42,6,8,25,29,41,23,28,30,22,32,9
1069,1,10,18,22,28,31,44,15,22,2,43,41,25,2,15,22,25,41,43,34,18,12,27,45,14,17,13,33,39,20,40,43,37,1,11,3,15,19,26,4,10,21,24,31,36,7,2,38,44,5,35,16,42,6,8,25,29,41,23,28,30,22,32,9
1070,3,6,14,22,30,41,36,17,35,6,43,42,39,6,17,35,39,42,43,34,18,12,27,45,14,17,13,33,39,20,40,43,1,37,11,3,10,15,19,26,31,4,21,24,36,7,2,38,44,5,35,16,42,6,8,25,29,41,23,28,30,22,32,9
1071,1,2,11,21,30,35,39,14,28,17,24,42,32,14,17,24,28,32,42,34,18,12,27,45,14,17,13,33,39,20,40,43,1,37,3,11,10,15,19,26,31,4,21,24,36,7,2,38,44,5,35,16,6,42,8,25,29,41,23,28,30,22,32,9
1072,16,18,20,23,32,43,27,33,2,11,41,44,14,2,11,14,33,41,44,34,18,12,27,45,14,17,13,33,39,20,40,1,43,37,11,3,10,15,19,21,26,31,4,24,36,2,7,35,38,44,5,16,6,42,8,25,29,41,30,23,28,22,32,9
1073,6,18,28,30,32,38,15,34,2,42,41,44,30,2,30,34,41,42,44,34,18,12,27,45,14,17,13,20,33,39,40,43,1,37,11,3,10,15,19,21,26,31,4,24,36,2,7,35,38,44,5,16,6,42,8,25,29,41,23,30,28,22,32,9
1074,1,6,20,27,28,41,15,14,34,9,4,42,39,4,9,14,34,39,42,34,18,12,27,45,14,17,13,20,33,39,40,43,1,37,11,3,10,15,19,21,26,31,4,24,36,2,7,38,35,44,5,16,6,42,8,25,29,41,30,23,28,22,32,9
1075,1,23,24,35,44,45,10,12,42,25,30,31,5,5,12,25,30,31,42,34,18,12,27,45,14,17,13,20,33,39,1,40,43,37,11,3,10,15,19,21,26,31,4,24,36,2,7,38,35,44,5,6,16,42,8,25,29,41,28,30,23,22,32,9
1076,3,7,9,33,36,37,10,17,28,45,11,26,15,11,15,17,26,28,45,34,18,12,27,45,14,17,13,20,1,33,39,40,43,37,11,3,10,15,19,21,24,26,31,4,36,2,7,35,38,44,5,6,16,42,8,25,29,41,23,28,30,22,32,9
1077,4,8,17,30,40,43,34,26,36,7,42,13,14,7,13,14,26,36,42,34,18,12,27,45,14,17,13,20,33,1,39,40,43,37,3,11,10,15,19,21,24,26,31,36,4,7,2,35,38,44,5,6,16,42,8,25,29,41,23,28,30,22,32,9
1078,6,10,11,14,36,38,43,33,19,17,6,26,30,6,17,19,26,30,33,34,18,12,27,45,14,17,13,20,33,1,39,40,43,37,3,11,4,10,15,19,21,24,26,31,36,7,2,35,38,44,5,6,16,8,42,25,29,41,30,23,28,22,32,9
1079,4,8,18,24,37,45,6,20,35,2,24,15,5,2,5,15,20,24,35,34,18,12,27,45,14,17,13,20,33,1,39,40,43,37,11,3,10,36,4,15,19,21,24,26,31,7,38,2,35,44,6,5,16,8,42,25,29,41,30,23,28,22,32,9
1080,13,16,23,31,36,44,38,8,34,41,26,21,31,8,21,26,31,34,41,34,18,45,12,27,14,17,13,20,33,1,39,40,43,37,11,3,4,10,24,36,15,19,21,26,31,7,38,2,35,44,6,5,16,8,42,25,29,41,30,23,28,22,32,9
1081,1,9,16,23,24,38,17,11,45,33,40,21,28,11,21,28,33,40,45,34,18,45,12,27,14,17,13,20,33,1,39,40,43,37,11,3,36,4,10,24,31,15,19,21,26,7,38,44,2,35,6,16,5,8,42,25,29,41,23,30,28,22,32,9
1082,21,26,27,32,34,42,31,25,26,5,44,1,36,1,5,25,26,36,44,34,18,45,12,27,14,17,13,1,20,33,39,40,43,37,11,3,24,36,4,10,31,15,19,21,26,38,7,44,2,16,35,6,5,8,42,25,29,41,23,30,28,22,32,9
1083,3,7,14,15,22,38,17,17,28,6,25,44,27,6,17,25,27,28,44,34,18,27,45,12,14,17,13,1,20,33,39,40,43,37,11,3,24,36,4,10,21,26,31,15,19,38,7,44,2,16,35,6,5,8,42,25,29,41,23,30,28,32,22,9
1084,8,12,13,29,33,42,5,35,5,8,38,11,36,5,8,11,35,36,38,34,18,27,45,12,14,17,13,1,20,33,39,40,43,37,3,11,24,36,4,10,15,21,26,31,38,7,19,44,2,16,35,6,5,8,42,25,29,41,23,30,28,22,32,9
1085,4,7,17,18,38,44,36,20,27,8,2,26,29,2,8,20,26,27,29,34,18,12,27,45,14,13,17,33,1,20,39,40,43,37,3,11,24,36,4,10,15,21,26,31,38,7,19,44,2,16,35,6,5,8,42,25,29,41,23,30,28,22,32,9
1086,11,16,25,27,35,36,37,17,31,37,4,32,20,4,17,20,31,32,37,34,18,12,27,45,14,17,13,33,1,20,39,40,43,37,3,11,4,24,36,38,7,10,15,21,26,31,19,44,2,16,35,6,5,8,42,25,29,41,23,30,28,22,32,9
1087,13,14,18,21,34,44,16,8,6,2,25,1,29,1,2,6,8,25,29,34,18,27,12,45,14,17,13,33,1,20,39,40,43,37,11,3,36,4,24,38,7,10,15,21,26,31,19,44,16,35,2,6,5,8,42,25,29,41,23,30,28,22,32,9
1088,11,21,22,30,39,44,31,16,20,43,41,12,28,12,16,20,28,41,43,34,18,27,12,45,14,13,17,33,1,20,39,40,43,37,11,3,36,4,21,24,38,7,10,15,26,31,44,19,16,35,2,6,5,8,42,25,29,41,23,30,28,22,32,9
1089,4,18,31,37,42,43,40,20,2,28,16,36,14,2,14,16,20,28,36,34,18,27,12,45,14,13,17,33,1,20,39,40,43,11,37,3,21,36,4,24,38,44,7,10,15,26,31,19,16,35,2,6,5,8,42,25,29,41,23,30,28,22,32,9
1090,12,19,21,29,40,45,1,4,29,19,38,15,5,4,5,15,19,29,38,34,18,27,12,45,14,13,17,33,1,20,39,43,37,40,11,3,4,21,36,24,31,38,44,7,10,15,26,19,16,35,2,6,42,5,8,25,29,41,23,30,28,22,32,9
1091,6,20,23,24,28,30,44,33,11,40,21,42,41,11,21,33,40,41,42,34,18,12,27,45,14,13,17,33,1,20,39,40,43,37,11,21,3,4,36,24,31,38,44,7,10,15,19,26,16,35,2,6,42,5,8,25,29,41,23,30,28,22,32,9
1092,7,18,19,26,33,45,37,25,2,28,29,10,5,2,5,10,25,28,29,34,18,12,27,45,14,13,17,20,33,1,39,40,43,37,11,21,3,4,24,36,31,38,44,7,10,15,19,26,16,35,2,6,42,5,8,25,29,23,30,41,28,22,32,9
1093,10,17,22,30,35,43,44,28,8,43,40,31,14,8,14,28,31,40,43,18,34,45,12,27,14,13,17,33,20,1,39,40,43,37,11,21,3,4,24,36,7,19,26,31,38,44,10,15,16,35,2,6,42,5,8,25,29,23,30,41,28,22,32,9
1094,6,7,15,22,26,40,41,33,22,29,43,25,14,14,22,25,29,33,43,18,34,45,12,27,14,17,13,33,20,43,1,39,40,37,11,21,3,4,24,36,7,10,19,26,31,38,44,15,35,16,2,6,42,5,8,25,29,30,23,41,28,22,32,9
1095,8,14,28,29,34,40,12,36,6,43,38,2,11,2,6,11,36,38,43,18,34,45,12,27,14,17,13,33,20,40,43,1,39,37,11,21,3,4,7,24,26,36,10,15,19,31,38,44,35,6,16,2,42,5,8,25,29,30,23,41,22,28,32,9
1096,1,12,16,19,23,43,34,13,4,32,26,40,12,4,12,13,26,32,40,34,18,45,12,27,14,17,13,33,40,20,43,1,39,37,11,21,3,4,7,24,26,36,10,15,19,31,38,44,35,6,16,2,8,42,5,25,29,30,23,41,28,22,32,9
1097,14,33,34,35,37,40,4,6,9,1,31,15,10,1,6,9,10,15,31,34,18,12,45,27,14,17,13,33,40,43,1,20,39,37,11,21,3,4,7,19,24,26,36,10,15,31,38,44,16,35,6,2,8,42,5,25,29,23,30,41,28,22,32,9
1098,12,16,21,24,41,43,15,3,31,17,22,41,11,3,11,17,22,31,41,34,18,12,45,14,27,17,13,33,40,43,1,20,37,39,11,21,3,4,7,19,24,26,36,10,15,31,38,44,35,16,6,2,8,42,5,25,29,23,30,41,28,22,32,9
1099,3,20,28,38,40,43,4,19,13,42,28,10,11,10,11,13,19,28,42,34,18,12,45,14,27,17,13,33,40,43,1,20,37,39,11,21,24,3,4,7,19,26,36,10,15,31,38,44,16,35,6,2,8,42,5,25,29,23,30,41,28,22,32,9
1100,17,26,29,30,31,43,12,7,23,38,40,28,9,7,9,23,28,38,40,34,18,12,45,14,27,17,40,43,13,33,20,1,37,39,11,21,3,24,4,7,19,26,36,38,10,15,31,44,16,35,6,2,8,42,5,25,29,23,30,41,28,22,32,9
1101,6,7,13,28,36,42,41,32,22,10,42,25,35,10,22,25,32,35,42,34,18,12,45,14,27,17,43,40,13,33,20,1,37,39,11,21,3,24,26,4,7,19,31,36,38,10,15,44,16,35,6,2,8,42,5,29,25,30,23,41,28,22,32,9
1102,13,14,22,26,37,38,20,9,5,43,21,14,26,5,9,14,21,26,43,34,18,12,45,14,27,17,43,13,40,33,20,1,37,39,11,21,3,7,24,26,36,4,19,31,38,10,15,44,16,35,6,2,42,8,5,29,25,30,23,28,41,22,32,9
1103,10,12,29,31,40,44,2,27,3,37,26,10,29,3,10,26,27,29,37,34,18,12,14,45,27,13,17,43,40,33,20,1,37,39,11,21,26,3,7,24,36,38,4,19,31,10,15,44,16,35,6,2,42,8,5,29,25,30,23,28,41,22,32,9
1104,1,7,21,30,35,38,2,13,20,17,39,31,24,13,17,20,24,31,39,34,18,12,14,45,27,13,17,40,43,33,20,1,37,39,11,21,26,3,7,24,31,36,38,4,10,19,44,15,16,35,6,2,42,8,5,29,25,30,23,28,41,22,32,9
1105,6,16,34,37,39,40,11,32,31,1,14,15,9,1,9,14,15,31,32,34,18,12,14,45,27,13,17,40,43,33,1,20,37,39,21,7,11,26,38,3,24,31,36,4,10,19,44,15,35,16,6,2,42,8,5,29,25,30,23,28,41,22,32,9
1106,1,3,4,29,42,45,36,12,21,25,37,34,5,5,12,21,25,34,37,34,18,12,14,45,27,40,13,17,43,33,1,20,37,39,21,7,11,26,38,3,24,31,36,4,10,19,44,15,16,35,6,2,42,8,5,29,25,30,23,28,41,22,32,9
1107,6,14,30,31,40,41,29,32,5,39,24,7,42,5,7,24,32,39,42,34,18,12,45,14,27,40,13,17,43,1,33,20,37,39,21,3,7,11,26,38,4,24,31,36,10,19,44,15,16,35,6,42,2,8,5,29,25,30,23,28,41,22,32,9
1108,7,19,26,37,39,44,27,18,27,20,14,15,28,14,15,18,20,27,28,34,18,12,14,45,27,40,13,17,43,1,33,20,37,39,21,3,7,11,26,31,38,4,24,36,10,19,44,6,15,16,35,42,2,8,5,29,30,25,41,23,28,22,32,9
1109,10,12,13,19,33,40,2,28,3,8,24,12,7,3,7,8,12,24,28,34,18,12,14,45,27,40,13,17,43,1,33,37,20,39,7,21,26,3,11,31,38,4,19,24,36,44,10,6,15,16,35,42,2,8,5,29,30,25,41,23,28,22,32,9
1110,3,7,11,20,22,41,24,19,16,20,14,43,40,14,16,19,20,40,43,34,18,12,14,45,40,27,13,17,43,33,1,37,20,39,7,21,26,3,11,19,31,38,4,10,24,36,44,6,15,16,35,42,2,8,5,29,30,25,41,23,28,22,32,9
1111,3,13,30,33,43,45,4,17,8,38,11,10,5,5,8,10,11,17,38,34,18,12,14,45,40,27,13,17,43,33,1,20,37,39,7,3,11,21,26,19,31,38,4,10,24,36,44,6,15,16,35,42,2,8,5,29,30,25,41,23,28,22,32,9
1112,16,20,26,36,42,44,24,31,13,20,27,33,28,13,20,27,28,31,33,34,18,12,45,14,40,13,27,43,17,33,1,20,37,39,3,7,11,21,26,19,31,38,4,10,24,36,44,6,15,16,35,42,2,8,5,29,30,25,41,23,28,22,32,9
1113,11,13,20,21,32,44,8,19,7,12,20,44,25,7,12,19,20,25,44,34,18,12,45,14,40,13,27,43,17,33,20,1,37,39,3,7,26,11,21,19,31,36,38,44,4,10,24,16,6,15,35,42,2,8,5,29,30,25,41,23,28,22,32,9
1114,10,16,19,32,33,38,3,27,29,22,44,12,25,12,22,25,27,29,44,34,18,12,45,14,13,40,27,43,17,20,33,1,37,39,3,7,11,21,26,44,19,31,36,38,4,10,24,16,6,15,35,42,2,8,5,29,30,25,41,23,28,22,32,9
1115,7,12,23,32,34,36,8,17,3,41,44,1,26,1,3,17,26,41,44,34,18,12,45,14,13,40,27,33,43,17,20,1,37,39,3,7,11,21,26,19,38,44,10,31,36,4,16,24,6,15,35,42,2,8,5,29,30,25,41,23,28,22,32,9
1116,15,16,17,25,30,31,32,31,28,11,39,38,26,11,26,28,31,38,39,34,18,12,45,14,13,40,27,33,43,17,20,1,37,39,7,3,11,21,26,19,36,38,44,10,31,4,16,24,6,15,35,42,2,8,5,29,30,25,41,23,28,22,32,9
1117,3,4,9,30,33,36,7,17,28,45,38,10,23,10,17,23,28,38,45,34,18,12,45,14,13,40,27,17,33,43,20,1,37,39,7,3,11,21,26,19,31,36,38,44,10,16,4,24,15,6,35,42,2,8,5,29,30,25,41,23,28,22,32,9
1118,11,13,14,15,16,45,3,18,6,5,30,28,4,4,5,6,18,28,30,34,18,12,45,14,13,40,27,33,17,43,20,1,37,39,3,7,11,21,26,36,19,31,38,44,4,10,16,24,15,6,35,42,2,8,30,5,29,25,41,23,28,22,32,9
1119,1,9,12,13,20,45,3,13,45,3,6,12,4,3,4,6,12,13,45,34,18,12,45,14,13,40,27,33,17,43,20,1,37,39,3,7,11,21,26,36,16,19,31,38,44,4,10,15,24,6,35,42,2,8,30,5,29,25,41,23,28,22,32,9
1120,2,19,26,31,38,41,34,34,23,20,24,25,40,20,23,24,25,34,40,34,18,12,45,13,14,40,27,33,17,20,43,1,37,39,3,7,11,21,26,36,16,19,31,38,44,4,10,15,24,6,35,42,2,8,30,5,29,25,41,23,28,22,32,9
1121,6,24,31,32,38,44,8,31,30,22,44,24,26,22,24,26,30,31,44,34,18,12,45,13,14,40,27,33,17,20,43,1,37,39,3,7,11,26,19,21,31,36,38,16,44,4,10,15,24,6,35,42,2,8,30,5,29,25,41,23,28,22,32,9
1122,3,6,21,30,34,35,22,16,31,23,36,1,32,1,16,23,31,32,36,34,18,12,45,13,14,40,27,33,17,20,43,1,37,39,3,7,11,26,31,38,19,21,36,44,16,4,10,24,15,6,35,42,2,8,30,5,29,25,41,23,28,22,32,9
1123,13,19,21,24,34,35,26,5,23,19,29,1,32,1,5,19,23,29,32,34,18,12,45,13,14,40,27,33,17,20,43,1,37,3,39,7,11,21,26,31,38,19,36,44,16,4,10,24,6,15,35,42,2,30,8,5,29,25,41,23,28,22,32,9
1124,3,8,17,30,33,34,28,15,36,10,35,9,1,1,9,10,15,35,36,34,18,12,45,13,14,40,27,33,17,20,43,1,37,3,21,39,7,11,19,26,31,38,36,44,16,24,4,10,6,15,35,42,2,30,8,5,29,25,41,23,28,22,32,9
1125,6,14,25,33,40,44,30,30,6,39,7,8,25,6,7,8,25,30,39,34,18,12,45,13,14,33,40,17,27,20,43,1,3,37,21,39,7,11,19,26,31,38,36,44,16,24,4,10,6,15,35,42,2,30,8,5,29,25,41,23,28,22,32,9
1126,4,5,9,11,37,40,7,28,37,45,19,15,8,8,15,19,28,37,45,34,18,12,45,13,14,33,40,17,27,20,43,1,3,37,21,39,7,11,19,26,31,38,44,36,16,24,4,6,10,15,35,42,2,30,8,5,29,25,41,23,28,22,32,9
1127,10,15,24,30,31,37,32,30,31,28,35,22,14,14,22,28,30,31,35,34,18,12,45,13,14,40,33,17,27,20,43,1,37,3,11,21,39,7,19,26,31,38,44,36,4,16,24,6,10,15,35,42,2,30,8,5,29,25,41,23,28,22,32,9
1128,1,5,8,16,28,33,45,14,37,36,29,42,8,8,14,29,36,37,42,34,18,12,45,13,14,40,33,17,27,20,43,37,1,3,11,21,31,39,7,19,26,38,44,24,36,4,10,16,6,15,35,30,42,2,8,5,29,25,41,23,28,22,32,9
1129,5,10,11,17,28,34,22,37,29,16,9,42,1,1,9,16,29,37,42,34,18,12,45,13,14,33,40,17,27,20,43,1,37,3,11,21,31,39,7,19,26,38,44,16,24,36,4,10,6,15,35,30,42,2,8,5,29,25,41,23,28,22,32,9
1130,15,19,21,25,27,28,40,31,21,17,39,10,41,10,17,21,31,39,41,34,18,12,45,13,14,33,40,17,27,20,43,1,37,3,11,21,31,39,7,19,26,38,44,10,16,24,36,4,6,15,35,30,42,2,5,8,29,25,41,28,23,22,32,9
1131,1,2,6,14,27,38,33,13,35,31,6,10,23,6,10,13,23,31,35,34,18,12,45,13,14,33,40,17,27,20,43,1,37,3,11,21,19,31,39,7,26,38,44,10,16,24,36,4,15,6,35,30,42,2,5,8,25,29,28,41,23,22,32,9
1132,6,7,19,28,34,41,5,30,22,18,40,1,41,1,18,22,30,40,41,34,18,12,14,45,13,33,40,27,17,1,20,43,37,3,11,21,19,31,38,39,7,26,44,10,16,24,36,4,6,15,35,2,30,42,5,8,25,29,28,41,23,22,32,9
1133,13,14,20,28,29,34,23,6,4,12,40,39,1,1,4,6,12,39,40,34,18,12,14,45,13,33,40,27,17,1,20,43,37,3,11,19,21,7,31,38,39,26,44,6,10,16,24,36,4,15,35,2,30,42,5,8,25,29,28,41,23,22,32,9
1134,3,7,9,13,19,24,23,15,19,45,5,17,28,5,15,17,19,28,45,34,18,12,14,13,45,33,40,27,17,20,1,43,37,3,11,19,21,7,31,38,39,26,44,6,10,16,24,36,4,15,35,2,30,42,5,8,29,25,28,41,23,22,32,9
1135,1,6,13,19,21,33,4,12,26,4,16,19,7,4,7,12,16,19,26,34,18,12,13,14,45,33,40,27,17,20,1,43,37,3,19,7,11,21,31,38,39,24,26,44,6,10,16,36,4,15,35,2,30,42,5,8,29,25,28,41,23,22,32,9
1136,21,33,35,38,42,44,1,17,7,32,21,35,26,7,17,21,26,32,35,34,13,18,12,14,45,33,40,27,17,1,20,43,19,37,3,21,7,11,31,38,39,6,24,26,44,10,16,36,4,15,35,2,30,42,5,8,29,25,28,41,23,22,32,9
1137,4,9,12,15,33,45,26,30,45,4,31,6,7,4,6,7,30,31,45,34,13,18,12,14,33,45,40,27,17,1,20,43,19,21,37,3,7,11,38,31,39,44,6,24,26,10,16,36,4,15,35,42,2,30,5,8,29,25,28,41,23,22,32,9
1138,14,16,19,20,29,34,35,5,30,14,12,38,1,1,5,12,14,30,38,34,12,13,18,14,33,45,40,27,17,1,20,43,19,21,37,3,7,11,38,31,39,44,6,24,26,4,10,15,16,36,35,42,2,30,5,8,29,25,28,41,23,22,32,9
1139,5,12,15,30,37,40,18,36,2,30,35,16,8,2,8,16,30,35,36,34,12,13,14,18,33,45,40,27,17,20,1,19,43,21,37,3,7,11,38,31,39,44,6,16,24,26,4,10,15,36,35,42,2,30,5,8,29,25,28,41,23,22,32,9
1140,7,10,22,29,31,38,15,18,30,43,38,21,20,18,20,21,30,38,43,34,12,13,14,18,33,45,40,27,17,20,1,19,37,43,21,3,7,11,38,31,39,44,6,15,16,24,26,4,10,36,35,30,42,2,5,8,29,25,28,41,23,22,32,9
1141,7,11,12,21,26,35,20,18,20,2,16,29,32,2,16,18,20,29,32,34,12,13,14,18,33,45,40,27,17,20,1,19,37,43,21,3,7,38,11,31,39,44,6,10,15,16,24,26,4,36,35,30,42,2,5,8,29,25,28,41,23,22,32,9
1142,2,8,28,30,37,41,22,35,37,40,33,15,41,15,33,35,37,40,41,34,12,13,14,18,33,45,40,27,17,20,1,19,21,37,43,7,3,11,38,31,26,39,44,6,10,15,16,24,4,36,35,30,42,2,5,8,29,25,28,41,23,22,32,9
1143,10,16,17,27,28,36,6,26,28,10,9,39,31,9,10,26,28,31,39,34,12,13,14,18,33,45,40,27,17,20,1,37,19,21,43,7,3,11,38,31,26,39,44,6,10,15,16,24,4,36,35,30,2,42,5,8,29,28,25,41,23,22,32,9
1144,3,4,12,15,26,34,6,18,31,2,28,24,1,1,2,18,24,28,31,34,12,13,14,18,33,45,40,27,17,20,1,37,19,21,43,7,3,11,38,31,10,16,26,39,44,6,15,24,36,4,35,30,2,42,5,8,29,28,25,41,23,22,32,9
1145,2,11,31,33,37,44,32,34,19,22,6,13,27,6,13,19,22,27,34,34,12,13,14,18,33,45,40,27,17,20,1,37,19,21,43,3,7,11,38,26,31,10,15,16,39,44,4,6,24,36,35,30,2,42,5,8,29,28,25,41,23,22,32,9
1146,6,11,17,19,40,43,28,29,19,10,14,8,16,8,10,14,16,19,29,34,12,13,14,18,33,45,40,27,17,20,37,1,19,21,43,3,7,11,31,38,26,44,10,15,16,39,4,6,24,36,35,2,30,42,5,8,29,28,25,41,23,22,32,9
1147,7,11,24,26,27,37,32,19,16,30,22,10,12,10,12,16,19,22,30,34,12,13,14,18,33,45,40,17,27,20,37,1,19,43,11,21,3,7,31,38,26,44,6,10,15,16,39,4,24,36,35,2,30,42,5,8,29,28,25,41,23,22,32,9
1148,3,6,13,15,16,22,32,19,24,3,26,27,43,3,19,24,26,27,43,34,12,13,14,18,33,45,40,27,17,37,20,1,11,19,43,7,21,3,26,31,38,44,6,10,15,16,24,39,4,36,35,2,30,42,5,8,29,28,25,41,23,22,32,9
1149,8,15,19,21,32,36,38,37,24,15,19,44,31,15,19,24,31,37,44,34,12,13,14,18,33,45,40,27,17,37,20,1,11,19,43,3,7,21,26,31,38,6,15,16,44,10,24,39,4,36,35,2,30,42,5,8,29,28,25,41,22,23,32,9
1150,8,9,18,35,39,45,25,35,45,5,32,30,7,5,7,30,32,35,45,34,12,13,14,18,33,45,40,27,17,37,19,20,1,11,21,43,3,7,15,26,31,38,6,16,44,10,24,36,39,4,35,2,30,8,42,5,29,28,25,41,22,23,32,9
1151,2,3,9,15,27,29,8,33,18,45,20,9,38,9,18,20,33,38,45,34,12,13,18,14,33,45,40,27,17,37,19,20,1,11,21,43,3,7,15,26,31,38,6,16,39,44,10,24,36,4,35,2,8,30,42,5,29,28,25,41,22,23,32,9
1152,30,31,32,35,36,37,5,35,22,44,32,30,11,11,22,30,32,35,44,34,12,13,18,14,33,45,27,40,17,37,19,20,1,3,11,21,43,7,15,26,31,38,6,16,39,44,10,24,36,4,35,2,8,30,42,5,29,28,25,41,22,23,32,9
1153,1,9,10,13,35,44,5,14,45,29,3,32,28,3,14,28,29,32,45,34,12,13,18,14,33,45,27,40,17,37,19,20,1,3,11,21,43,7,15,31,26,38,6,16,36,39,44,10,24,4,35,2,30,8,42,5,29,28,25,41,22,23,32,9
1154,4,8,22,26,32,38,27,32,35,42,22,44,23,22,23,32,35,42,44,34,12,13,18,14,33,45,27,40,17,37,1,19,20,3,11,21,43,7,15,31,26,38,44,6,10,16,36,39,24,35,4,2,30,8,42,5,29,28,25,41,22,23,32,9
1155,10,16,19,27,37,38,13,26,27,13,8,11,23,8,11,13,23,26,27,34,12,13,18,14,33,45,27,40,17,37,1,19,20,3,11,21,43,7,15,26,31,38,44,6,10,16,36,39,4,24,35,2,8,30,42,5,29,28,25,41,22,23,32,9
1156,30,31,34,39,41,45,7,35,23,1,29,41,7,1,7,23,29,35,41,34,12,13,18,14,33,45,27,40,37,17,19,1,20,3,11,21,43,7,38,15,26,31,10,16,44,6,36,39,4,24,35,2,8,30,42,5,29,28,25,41,22,23,32,9
1157,5,7,12,20,25,26,28,37,19,2,14,41,23,2,14,19,23,37,41,34,12,13,18,45,14,33,27,40,37,17,19,1,20,3,11,21,43,7,31,38,15,26,10,16,39,44,6,36,4,24,35,30,2,8,42,5,29,28,41,25,22,23,32,9
1158,21,25,27,32,37,38,20,18,40,8,44,10,22,8,10,18,22,40,44,34,12,13,18,45,14,33,27,40,37,17,19,20,1,3,7,11,21,43,26,31,38,15,10,16,39,44,6,36,4,24,35,30,2,8,5,42,29,28,25,41,22,23,32,9
1159,3,9,27,28,38,39,7,16,45,7,40,19,26,7,16,19,26,40,45,34,12,13,18,45,14,27,33,37,40,17,19,20,1,21,3,7,11,38,43,26,31,15,10,16,39,44,6,36,4,24,35,30,2,8,5,42,29,25,28,41,22,32,23,9
1160,7,13,18,36,39,45,19,18,3,4,29,24,6,3,4,6,18,24,29,34,12,13,18,27,45,14,33,37,40,17,19,20,1,3,21,38,7,11,43,26,31,15,39,10,16,44,6,36,4,24,35,30,2,8,5,42,29,28,25,41,22,32,23,9
1161,2,12,20,24,34,42,37,34,2,13,31,1,37,1,2,13,31,34,37,34,12,13,18,45,27,14,33,37,40,17,19,20,1,3,7,21,38,11,43,26,31,39,15,10,16,36,44,6,4,24,35,30,2,8,5,42,29,28,25,41,22,32,23,9
1162,20,21,22,25,28,29,6,12,17,42,40,39,38,12,17,38,39,40,42,34,12,13,18,45,27,14,33,37,40,17,20,19,1,3,7,21,38,11,43,26,31,39,15,10,16,36,44,6,24,4,35,2,30,8,42,5,29,28,25,41,22,32,23,9
1163,2,13,15,16,33,43,4,33,3,24,26,8,20,3,8,20,24,26,33,34,12,13,18,45,27,14,33,37,40,20,17,19,21,1,3,7,38,11,43,26,31,39,15,10,16,36,44,6,24,4,35,2,30,8,42,5,29,28,25,41,22,32,23,9
1164,17,18,23,25,38,39,22,12,4,44,40,18,24,4,12,18,24,40,44,34,12,13,18,45,27,33,14,37,40,20,17,19,21,1,3,7,38,43,11,15,26,31,39,16,10,36,44,6,24,4,35,2,30,8,42,5,29,28,25,41,22,32,23,9
1165,6,7,27,29,38,45,17,29,18,6,38,15,5,5,6,15,18,29,38,34,12,13,18,45,27,33,14,37,40,17,20,19,21,38,1,3,7,43,11,39,15,26,31,16,10,36,44,6,24,4,35,2,30,8,42,5,29,25,28,41,22,23,32,9
1166,14,23,25,27,29,42,16,8,43,39,6,36,37,6,8,36,37,39,43,34,12,13,18,45,27,33,14,37,40,17,20,38,7,19,21,1,3,43,11,39,15,26,31,16,6,10,36,44,24,4,35,2,30,8,29,42,5,25,28,41,22,23,32,9
1167,8,23,31,35,39,40,24,35,43,24,32,21,10,10,21,24,32,35,43,34,12,13,18,27,45,14,33,37,40,17,20,38,7,19,21,1,3,43,11,39,15,26,31,16,6,10,36,44,24,4,35,2,30,8,29,42,5,25,28,41,22,23,32,9
1168,9,21,24,30,33,37,29,45,16,30,35,8,10,8,10,16,30,35,45,34,12,13,18,27,45,14,33,40,37,17,20,38,7,19,21,1,3,39,43,11,31,15,26,16,6,10,36,44,24,35,4,2,8,30,29,42,5,25,28,41,23,22,32,9
1169,5,12,24,26,39,42,20,38,2,28,24,19,37,2,19,24,28,37,38,34,12,13,18,27,45,33,14,37,40,17,20,21,38,7,19,1,3,39,43,11,31,15,26,16,6,10,24,36,44,35,4,2,30,8,29,42,5,25,28,41,23,22,32,9
1170,3,13,28,34,38,42,25,19,3,40,1,14,36,1,3,14,19,36,40,34,12,13,18,27,45,33,14,37,40,17,20,21,38,7,19,39,1,3,43,11,26,31,15,16,24,6,10,36,44,35,4,2,30,8,42,29,5,25,28,41,23,22,32,9
