회차,1위,2위,3위,4위,5위,6위,7위,8위,9위,10위,11위,12위,13위,14위,15위,16위,17위,18위,19위,20위,21위,22위,23위,24위,25위,26위,27위,28위,29위,30위,31위,32위,33위,34위,35위,36위,37위,38위,39위,40위,41위,42위,43위,44위,45위
1,10,23,29,33,37,40,1,2,3,4,5,6,7,8,9,11,12,13,14,15,16,17,18,19,20,21,22,24,25,26,27,28,30,31,32,34,35,36,38,39,41,42,43,44,45
2,9,10,13,21,23,25,29,32,33,37,40,42,1,2,3,4,5,6,7,8,11,12,14,15,16,17,18,19,20,22,24,26,27,28,30,31,34,35,36,38,39,41,43,44,45
3,21,9,10,11,13,16,19,23,25,27,29,31,32,33,37,40,42,1,2,3,4,5,6,7,8,12,14,15,17,18,20,22,24,26,28,30,34,35,36,38,39,41,43,44,45
4,21,27,31,40,42,9,10,11,13,14,16,19,23,25,29,30,32,33,37,1,2,3,4,5,6,7,8,12,15,17,18,20,22,24,26,28,34,35,36,38,39,41,43,44,45
5,40,42,16,21,27,29,31,9,10,11,13,14,19,23,24,25,30,32,33,37,41,1,2,3,4,5,6,7,8,12,15,17,18,20,22,26,28,34,35,36,38,39,43,44,45
6,40,42,27,14,16,21,29,31,9,10,11,13,15,19,23,24,25,26,30,32,33,37,41,1,2,3,4,5,6,7,8,12,17,18,20,22,28,34,35,36,38,39,43,44,45
7,40,42,16,27,9,14,21,25,26,29,31,2,10,11,13,15,19,23,24,30,32,33,37,41,1,3,4,5,6,7,8,12,17,18,20,22,28,34,35,36,38,39,43,44,45
8,40,42,16,25,27,9,14,19,21,26,29,31,37,2,8,10,11,13,15,23,24,30,32,33,34,39,41,1,3,4,5,6,7,12,17,18,20,22,28,35,36,38,43,44,45
9,40,16,42,25,27,2,9,14,19,21,26,29,31,37,39,4,8,10,11,13,15,17,23,24,30,32,33,34,36,41,1,3,5,6,7,12,18,20,22,28,35,38,43,44,45
10,40,16,25,42,9,27,2,14,19,21,26,29,30,31,33,37,39,41,4,8,10,11,13,15,17,23,24,32,34,36,44,1,3,5,6,7,12,18,20,22,28,35,38,43,45
11,40,42,16,25,9,27,37,41,2,14,19,21,26,29,30,31,33,36,39,1,4,7,8,10,11,13,15,17,23,24,32,34,44,3,5,6,12,18,20,22,28,35,38,43,45
12,25,40,42,16,2,9,21,27,37,39,41,11,14,19,26,29,30,31,33,36,1,4,7,8,10,13,15,17,23,24,32,34,44,45,3,5,6,12,18,20,22,28,35,38,43
13,25,42,40,16,37,2,9,21,27,39,41,11,14,19,23,26,29,30,31,33,36,1,4,7,8,10,13,15,17,22,24,32,34,38,44,45,3,5,6,12,18,20,28,35,43
14,25,40,42,2,16,37,9,21,27,31,33,39,41,11,14,19,23,26,29,30,36,1,4,6,7,8,10,12,13,15,17,22,24,32,34,38,44,45,3,5,18,20,28,35,43
15,25,40,42,16,37,2,31,9,21,27,30,33,39,41,4,11,14,19,23,26,29,36,1,3,6,7,8,10,12,13,15,17,22,24,32,34,38,44,45,5,18,20,28,35,43
16,40,25,37,42,16,2,31,9,21,27,30,33,39,41,4,6,7,11,14,19,23,24,26,29,36,38,1,3,8,10,12,13,15,17,22,32,34,44,45,5,18,20,28,35,43
17,37,40,25,42,16,2,9,31,4,21,27,30,33,39,41,3,6,7,11,14,17,19,23,24,26,29,32,36,38,1,8,10,12,13,15,22,34,44,45,5,18,20,28,35,43
18,37,40,25,42,16,2,9,31,3,4,19,21,27,30,32,33,39,41,6,7,11,12,13,14,17,23,24,26,29,36,38,1,8,10,15,22,34,35,44,45,5,18,20,28,43
19,40,37,25,42,16,2,9,30,31,39,3,4,6,19,21,27,32,33,38,41,7,11,12,13,14,17,23,24,26,29,36,1,8,10,15,22,34,35,43,44,45,5,18,20,28
20,40,37,25,42,16,30,2,9,31,39,3,4,6,14,19,21,23,27,32,33,38,41,7,10,11,12,13,17,24,26,29,36,1,8,15,18,20,22,34,35,43,44,45,5,28
21,40,37,25,42,16,30,31,2,6,9,32,39,3,4,12,14,17,19,21,23,27,33,38,41,7,10,11,13,18,24,26,29,36,1,8,15,20,22,34,35,43,44,45,5,28
22,40,37,25,42,6,16,30,31,39,2,4,9,17,32,3,12,14,19,21,23,27,33,38,41,7,8,10,11,13,18,24,26,29,36,1,5,15,20,22,34,35,43,44,45,28
23,40,37,42,25,6,16,17,30,31,39,2,4,9,32,33,3,12,13,14,18,19,21,23,27,38,41,5,7,8,10,11,24,26,29,36,1,15,20,22,34,35,43,44,45,28
24,40,37,42,25,6,16,17,30,31,39,2,4,9,27,32,33,3,7,8,12,13,14,18,19,21,23,29,36,38,41,5,10,11,24,26,43,1,15,20,22,34,35,44,45,28
25,40,37,42,25,2,4,6,16,17,30,31,39,9,21,27,32,33,3,7,8,12,13,14,18,19,23,26,29,36,38,41,43,5,10,11,24,44,1,15,20,22,34,35,45,28
26,40,25,37,42,4,2,6,16,17,30,31,39,7,9,18,21,27,32,33,3,5,8,12,13,14,19,23,26,29,36,38,41,43,10,11,20,24,44,1,15,22,34,35,45,28
27,37,40,25,42,4,2,6,16,17,30,31,39,7,9,18,21,26,27,32,33,43,3,5,8,12,13,14,19,20,23,29,36,38,41,1,10,11,24,44,15,22,28,34,35,45
28,37,25,40,42,4,2,6,9,16,17,18,30,31,39,7,21,23,26,27,32,33,43,3,5,8,12,13,14,19,20,29,36,38,41,1,10,11,24,35,44,15,22,28,34,45
29,37,40,25,42,4,39,2,6,9,16,17,18,30,31,5,7,13,21,23,26,27,32,33,43,1,3,8,12,14,19,20,29,36,38,41,10,11,24,34,35,44,15,22,28,45
30,37,40,25,42,4,17,39,2,6,9,16,18,30,31,5,7,8,13,20,21,23,26,27,32,33,36,43,1,3,12,14,19,29,35,38,41,44,10,11,24,34,15,22,28,45
31,37,40,25,42,4,9,17,18,39,2,6,7,16,23,30,31,5,8,13,20,21,26,27,32,33,35,36,43,1,3,12,14,19,29,38,41,44,10,11,24,28,34,15,22,45
32,25,37,40,42,4,6,9,17,18,39,2,7,16,23,30,31,5,8,13,14,19,20,21,26,27,32,33,35,36,43,44,1,3,12,29,34,38,41,10,11,24,28,15,22,45
33,40,25,37,4,42,6,7,9,17,18,39,2,16,23,30,31,32,33,5,8,13,14,19,20,21,26,27,35,36,41,43,44,1,3,12,29,34,38,10,11,24,28,15,22,45
34,40,37,25,42,4,9,6,7,17,18,39,2,16,23,26,30,31,32,33,35,5,8,13,14,19,20,21,27,36,41,43,44,1,3,12,29,34,38,10,11,24,28,15,22,45
35,37,40,25,42,4,9,2,6,7,17,18,26,39,16,23,30,31,32,33,35,43,3,5,8,13,14,19,20,21,27,36,41,44,1,11,12,29,34,38,10,24,28,15,22,45
36,40,37,25,42,4,9,26,2,6,7,17,18,23,39,16,30,31,32,33,35,43,1,3,5,8,13,14,19,20,21,27,36,41,44,10,11,12,28,29,34,38,24,15,22,45
37,37,40,25,42,4,7,9,26,2,6,17,18,23,30,33,35,39,16,27,31,32,43,1,3,5,8,13,14,19,20,21,36,41,44,10,11,12,28,29,34,38,24,15,22,45
38,37,40,25,42,4,7,9,17,26,30,2,6,16,18,23,33,35,39,43,27,31,32,1,3,5,8,13,14,19,20,21,36,41,44,10,11,12,28,29,34,38,22,24,15,45
39,37,40,25,7,42,4,6,9,17,26,30,43,2,16,18,23,33,35,39,13,21,27,31,32,1,3,5,8,14,19,20,36,41,44,10,11,12,28,29,34,38,15,22,24,45
40,37,40,25,7,26,42,4,6,9,17,18,30,43,2,13,16,23,33,35,39,19,21,27,31,32,1,3,5,8,14,20,36,41,44,10,11,12,28,29,34,38,15,22,24,45
41,37,40,25,7,26,42,43,4,6,9,13,17,18,23,30,35,2,16,33,39,19,20,21,27,31,32,1,3,5,8,14,36,38,41,44,10,11,12,28,29,34,15,22,24,45
42,37,40,25,7,17,18,23,26,42,43,4,6,9,13,30,35,2,16,19,21,32,33,39,20,27,31,1,3,5,8,14,36,38,41,44,10,11,12,28,29,34,15,22,24,45
43,37,40,25,7,6,17,18,23,26,35,42,43,4,9,13,30,39,2,16,19,21,31,32,33,20,27,38,44,1,3,5,8,14,36,41,10,11,12,28,29,34,15,22,24,45
44,37,40,25,7,6,17,18,23,26,30,35,42,43,4,9,13,21,39,2,16,19,31,32,33,38,3,20,27,44,1,5,8,11,14,36,41,10,12,28,29,34,15,22,24,45
45,37,40,25,7,35,6,17,18,23,26,30,42,43,4,9,13,21,33,39,2,16,19,20,27,31,32,38,1,3,44,5,8,10,11,14,36,41,12,28,29,34,15,22,24,45
46,37,40,25,7,23,35,6,13,17,18,26,30,42,43,4,9,21,31,33,38,39,2,16,19,20,27,32,1,3,8,44,5,10,11,14,36,41,12,15,28,29,34,22,24,45
47,37,40,25,7,17,23,26,35,6,13,18,30,31,42,43,4,9,21,33,38,39,2,16,19,20,27,32,1,3,8,14,36,44,5,10,11,41,12,15,28,29,34,45,22,24
48,37,40,25,26,6,7,17,18,23,35,13,30,31,38,42,43,4,9,21,33,39,2,16,19,20,27,32,1,3,8,10,14,36,44,5,11,41,12,15,28,29,34,45,22,24
49,37,40,7,25,26,6,17,18,23,35,4,13,30,31,33,38,42,43,9,16,19,21,39,2,20,27,32,1,3,8,10,14,36,44,5,11,41,12,15,28,29,34,45,22,24
50,37,40,7,25,26,6,17,18,23,35,4,13,30,31,33,38,42,43,2,9,16,19,21,39,10,20,27,32,44,1,3,8,14,36,5,11,12,15,41,22,28,29,34,45,24
51,37,40,26,7,25,6,17,18,23,35,2,4,13,16,30,31,33,38,42,43,9,19,21,39,44,3,10,20,27,32,1,8,11,14,36,5,12,15,41,22,28,29,34,45,24
52,37,40,26,7,25,2,4,6,16,17,18,23,35,13,30,31,33,38,42,43,9,19,20,21,39,44,3,10,27,32,1,8,11,14,15,36,5,12,29,41,22,28,34,45,24
53,37,40,7,26,25,2,4,6,16,17,18,23,33,35,13,30,31,38,39,42,43,9,19,20,21,32,44,3,8,10,14,27,1,11,15,36,5,12,29,41,22,28,34,45,24
54,37,40,7,26,25,2,4,6,16,17,18,23,33,35,39,13,21,30,31,38,42,43,8,9,19,20,27,32,44,1,3,10,14,36,11,15,5,12,29,41,22,28,34,45,24
55,37,40,7,26,17,25,2,4,6,16,18,21,23,31,33,35,39,13,30,38,42,43,44,8,9,19,20,27,32,1,3,10,14,36,11,15,5,12,29,41,22,28,34,45,24
56,37,40,7,26,17,25,31,33,2,4,6,16,18,21,23,30,35,39,13,38,42,43,44,8,9,10,14,19,20,27,32,1,3,36,11,15,5,12,29,41,22,28,34,45,24
57,37,40,7,25,26,16,17,31,33,2,4,6,18,21,23,30,35,39,44,10,13,38,42,43,8,9,14,19,20,27,32,1,3,36,11,15,29,5,12,41,22,28,34,45,24
58,37,40,7,25,26,33,16,17,31,44,2,4,6,10,18,21,23,30,35,39,13,38,42,43,8,9,14,19,20,27,32,1,3,36,11,15,29,5,12,41,22,24,28,34,45
59,37,40,7,25,26,33,6,16,17,31,39,44,2,4,10,18,21,23,30,35,13,38,42,43,8,9,14,19,20,27,32,36,1,3,29,11,15,41,5,12,45,22,24,28,34
60,37,40,25,7,26,33,39,2,6,16,17,31,44,4,10,18,21,23,30,35,42,8,13,36,38,43,9,14,19,20,27,32,1,3,29,11,15,41,5,12,45,22,24,28,34
61,37,40,25,7,26,33,39,2,6,16,17,30,31,44,4,10,18,21,23,35,38,42,43,8,13,14,19,36,9,20,27,32,1,3,15,29,11,41,5,12,45,22,24,28,34
62,37,40,25,7,26,33,39,2,6,16,17,30,31,35,44,4,8,10,18,21,23,38,42,43,13,14,19,27,36,3,9,15,20,29,32,1,11,41,5,12,45,22,24,28,34
63,37,40,25,7,26,33,39,2,6,16,17,23,30,31,35,38,44,4,8,10,18,21,36,42,43,3,13,14,19,20,27,9,15,29,32,1,11,41,5,12,45,22,24,28,34
64,37,40,25,7,26,33,39,2,6,16,17,18,21,23,30,31,35,36,38,44,4,8,10,14,42,43,3,13,15,19,20,27,9,29,32,1,11,41,5,12,45,22,24,28,34
65,40,37,25,7,26,33,36,39,2,4,6,16,17,18,21,23,30,31,35,38,43,44,8,10,14,42,3,13,15,19,20,27,9,29,32,1,11,41,5,12,45,22,24,28,34
66,40,37,25,7,26,33,2,17,36,39,4,6,16,18,21,23,30,31,35,38,43,44,3,8,10,14,42,13,15,19,20,27,9,29,32,1,11,41,5,12,22,24,45,28,34
67,40,37,7,25,26,33,36,2,17,38,39,3,4,6,10,16,18,21,23,30,31,35,43,44,8,14,15,42,13,19,20,27,9,29,32,1,11,41,5,12,22,24,45,28,34
68,40,37,7,25,26,33,36,39,2,10,16,17,38,3,4,6,15,18,21,23,30,31,35,43,44,8,14,42,13,19,20,27,9,29,32,1,11,12,41,5,22,24,45,28,34
69,40,37,7,25,26,39,33,36,2,10,15,16,17,38,3,4,6,8,14,18,21,23,30,31,35,43,44,19,42,13,20,27,9,29,32,1,5,11,12,41,22,24,45,28,34
70,40,37,25,7,26,39,33,36,2,10,15,16,17,38,43,3,4,6,8,14,18,19,21,23,30,31,35,44,42,13,20,27,9,29,32,1,5,11,12,22,41,24,28,45,34
71,40,37,25,7,26,39,16,33,36,2,10,15,17,38,43,3,4,6,8,14,18,19,21,23,30,31,35,44,42,9,13,20,27,29,5,32,1,12,41,11,22,24,28,45,34
72,40,37,25,7,26,39,2,16,17,33,36,4,10,15,38,43,3,6,8,14,18,19,21,23,30,31,35,44,27,42,9,13,20,29,5,32,1,11,12,41,22,24,28,45,34
73,40,37,25,7,26,39,2,16,17,33,36,43,3,4,10,15,18,38,6,8,14,19,21,23,30,31,35,44,27,42,9,13,20,29,32,5,12,1,11,41,22,24,28,45,34
74,40,37,25,7,26,17,39,2,15,16,18,33,36,43,3,4,6,10,35,38,8,14,19,21,23,30,31,44,27,42,9,13,20,29,32,5,12,1,11,41,22,24,28,45,34
75,40,37,25,7,26,2,17,39,15,16,18,33,36,43,3,4,6,10,35,38,44,8,14,19,21,23,30,31,27,32,42,5,9,13,20,29,12,1,11,41,22,24,28,34,45
76,40,37,25,7,26,2,15,17,39,3,16,18,33,36,43,4,6,10,35,38,44,8,14,19,21,23,30,31,27,32,42,5,9,13,20,29,1,12,11,22,41,24,28,34,45
77,40,37,25,2,7,26,15,17,18,39,43,3,16,33,36,44,4,6,10,35,38,8,14,19,21,23,30,31,32,27,29,42,5,9,13,20,1,12,11,22,41,24,28,34,45
78,40,25,37,2,7,26,15,17,18,33,39,43,3,10,16,35,36,44,4,6,38,8,14,19,21,23,29,30,31,32,13,27,42,5,9,20,1,12,11,22,41,24,28,34,45
79,40,25,37,2,7,26,3,15,17,18,33,39,43,10,16,35,36,44,4,6,30,32,38,8,14,19,21,23,27,29,31,13,42,5,9,12,20,1,11,22,24,41,28,34,45
80,40,25,37,26,2,7,17,18,3,15,33,39,43,10,16,30,35,36,44,4,6,32,38,8,14,19,21,23,27,29,31,13,42,5,9,12,20,1,24,11,22,41,28,34,45
81,40,25,37,7,26,2,17,18,33,3,15,39,43,10,16,30,35,36,44,4,6,32,38,8,13,14,19,21,23,27,29,31,5,20,42,9,12,1,11,24,22,41,28,34,45
82,40,25,37,2,7,26,3,17,18,33,15,39,43,10,16,30,35,36,44,4,6,14,27,32,38,8,13,19,21,23,29,31,42,5,20,1,9,12,11,24,22,41,28,34,45
83,40,25,37,2,7,17,26,3,15,18,33,10,39,43,6,16,30,35,36,44,4,14,19,27,32,38,8,13,21,23,29,31,42,5,20,1,9,12,11,24,22,41,34,28,45
84,40,25,37,2,7,17,26,3,15,18,33,10,16,39,43,6,27,30,35,36,44,4,14,19,23,32,38,42,8,13,21,29,31,5,20,1,9,12,11,24,22,34,41,45,28
85,40,25,37,2,7,17,26,3,15,18,33,6,10,16,36,39,43,23,27,30,35,44,4,8,13,14,19,31,32,38,42,21,29,5,20,1,9,12,11,24,22,34,41,45,28
86,40,25,37,2,7,17,26,3,15,18,33,39,6,10,16,36,43,23,27,30,35,44,4,8,13,14,19,31,32,38,42,21,29,5,12,20,1,9,11,24,41,22,34,45,28
87,40,25,37,2,7,17,26,3,15,16,18,33,39,43,6,10,23,36,4,27,30,35,44,8,13,14,19,31,32,38,42,12,21,29,5,20,1,9,11,24,34,41,22,45,28
88,40,25,37,2,17,7,26,3,15,16,18,33,39,43,6,10,23,30,36,4,27,35,44,8,13,14,19,31,32,38,42,12,20,21,29,1,5,9,24,41,11,34,22,45,28
89,40,25,37,2,17,26,7,33,3,15,16,18,39,43,4,6,10,23,30,36,27,35,44,8,13,14,19,29,31,32,38,42,12,20,21,1,5,9,24,41,11,34,22,45,28
90,40,25,37,17,2,26,7,33,3,15,16,18,39,43,4,6,10,23,30,35,36,44,27,29,38,8,13,14,19,20,31,32,42,12,21,1,5,9,24,41,11,34,22,45,28
91,40,25,37,17,26,2,7,33,3,15,16,18,39,43,4,6,10,23,29,30,35,36,44,27,38,42,8,13,14,19,20,21,31,32,1,12,5,24,9,41,11,34,22,45,28
92,40,25,37,17,26,2,33,3,7,15,16,18,35,36,39,43,4,6,10,23,29,30,44,14,27,38,42,8,13,19,20,21,31,32,1,12,24,5,9,41,11,34,22,45,28
93,40,25,37,17,26,2,33,3,7,36,6,15,16,18,35,39,43,44,4,10,23,29,30,38,14,27,42,8,13,19,20,21,24,31,32,1,12,5,9,41,11,22,34,45,28
94,40,25,37,17,26,2,33,3,7,36,6,15,16,18,35,39,43,44,4,10,23,29,30,38,14,27,32,42,8,13,19,20,21,24,31,1,5,12,41,9,34,11,22,45,28
95,40,17,25,37,26,2,33,3,7,36,43,6,15,16,18,35,39,44,4,10,23,27,29,30,38,8,14,31,32,42,13,19,20,21,24,1,5,12,34,41,9,11,22,45,28
96,40,17,25,37,26,2,3,33,7,36,43,6,15,16,18,35,39,44,4,8,10,23,27,29,30,31,38,14,21,32,42,1,13,19,20,24,5,12,34,41,9,22,11,45,28
97,40,17,25,37,26,2,3,7,33,36,6,15,43,16,18,35,39,44,4,8,10,14,23,27,29,30,31,38,20,21,32,42,1,13,19,24,5,12,34,41,9,22,11,45,28
98,40,17,25,37,26,2,3,6,7,33,36,15,16,43,18,23,35,39,44,4,8,10,14,27,29,30,31,32,38,20,21,24,42,1,13,19,5,12,9,34,41,22,11,45,28
99,40,37,17,25,3,26,2,6,7,33,36,15,16,43,10,18,23,27,29,35,39,44,4,8,14,30,31,32,38,1,20,21,24,42,13,19,5,12,9,34,41,22,11,45,28
100,40,37,17,25,3,7,26,2,6,33,36,15,16,23,43,10,18,27,29,35,39,44,1,4,8,14,30,31,32,38,42,20,21,24,13,19,5,12,9,34,41,11,22,45,28
101,40,37,17,3,25,7,26,2,6,33,36,15,16,23,35,43,1,10,18,27,29,32,39,44,4,8,14,30,31,38,42,20,21,24,13,19,5,12,9,34,41,11,22,45,28
102,40,17,37,3,25,26,7,2,6,33,35,36,15,16,23,43,1,10,18,27,29,32,39,44,4,8,14,24,30,31,38,42,20,21,13,19,5,12,9,22,34,41,11,45,28
103,40,17,37,3,25,26,7,2,6,15,33,35,36,16,23,27,43,1,10,14,18,29,30,32,39,44,4,8,24,31,38,42,20,21,5,13,19,12,9,22,34,41,45,11,28
104,40,17,37,3,25,26,7,33,2,6,15,35,36,16,23,27,32,43,44,1,10,14,18,29,30,39,42,4,8,24,31,38,20,21,5,13,19,12,34,9,22,41,45,11,28
105,40,17,37,3,25,26,7,33,2,6,15,35,36,10,16,23,27,32,43,44,1,8,14,18,29,30,39,42,4,20,24,31,38,21,5,13,19,34,12,41,45,9,22,11,28
106,40,17,37,3,25,26,33,7,2,6,10,15,35,36,16,23,27,32,43,44,1,4,8,14,18,24,29,30,39,42,20,31,38,21,5,12,13,19,34,22,41,45,9,11,28
107,40,17,37,3,25,26,33,6,7,2,10,15,35,36,1,4,16,23,27,32,43,44,8,14,18,24,29,30,31,39,42,20,38,5,21,12,13,19,34,9,22,41,45,11,28
108,40,17,37,3,7,25,26,33,6,2,10,15,23,35,36,44,1,4,16,18,27,29,32,43,8,14,24,30,31,39,42,20,38,5,21,12,13,19,22,34,9,41,45,11,28
109,40,17,37,3,7,25,26,33,6,36,44,1,2,10,15,23,35,4,16,18,27,29,32,42,43,8,14,24,30,31,39,5,20,38,21,34,12,13,19,22,9,41,45,11,28
110,40,17,37,7,3,25,26,33,6,23,36,44,1,2,10,15,29,35,43,4,16,18,27,32,42,8,14,20,24,30,31,39,5,38,21,22,34,12,13,19,9,41,45,11,28
111,40,17,7,37,33,3,25,26,36,6,23,44,1,2,10,15,18,29,35,43,4,16,27,31,32,42,8,14,20,24,30,39,5,38,21,22,34,12,13,19,9,41,45,11,28
112,40,17,7,33,37,26,3,25,36,6,23,29,44,1,2,10,15,18,35,42,43,4,16,27,30,31,32,8,14,20,24,39,5,38,21,22,34,12,13,19,41,9,45,11,28
113,40,17,33,7,37,26,36,3,25,6,23,29,44,1,2,4,10,15,18,35,42,43,16,27,30,31,32,8,14,20,24,39,5,38,21,22,34,9,12,13,19,41,45,11,28
114,40,17,33,7,26,37,36,3,25,6,23,29,44,1,2,4,10,15,18,35,42,43,14,16,27,30,31,32,8,20,24,39,5,38,19,21,22,34,41,9,12,13,45,11,28
115,40,17,33,7,26,37,25,36,3,6,1,2,23,29,44,4,10,15,18,35,42,43,14,16,27,30,31,32,8,20,24,39,5,38,9,19,21,22,34,41,12,13,45,11,28
116,40,17,33,37,7,25,26,36,2,3,6,1,4,23,29,44,10,15,18,31,35,42,43,14,16,27,30,32,8,20,24,39,5,34,38,9,19,21,22,41,12,13,45,11,28
117,40,17,33,37,7,25,26,36,2,3,6,44,1,4,10,23,29,15,18,31,35,42,43,14,16,27,30,32,5,8,20,24,34,39,22,38,9,19,21,41,12,13,45,11,28
118,40,17,33,37,7,25,26,36,3,2,4,6,10,44,1,23,29,15,18,31,35,42,43,14,16,27,30,32,5,8,20,22,24,34,39,19,38,9,21,41,12,13,45,11,28
119,17,40,33,37,3,7,25,26,36,2,4,6,10,44,1,23,29,14,15,18,31,35,42,43,16,27,30,32,5,8,20,22,24,34,39,19,21,38,9,13,41,12,45,11,28
120,17,40,37,33,3,7,25,26,36,4,6,10,2,44,1,23,29,14,15,18,31,32,35,42,43,16,27,30,5,8,20,22,24,34,39,19,21,38,9,13,41,11,12,45,28
121,17,40,37,33,3,7,25,26,36,4,6,10,2,44,1,23,29,43,14,15,18,30,31,32,35,42,16,27,34,5,8,20,22,24,38,39,19,21,9,12,13,41,11,45,28
122,17,40,37,33,36,3,7,25,26,4,6,10,1,2,44,23,29,43,14,15,16,18,30,31,32,35,42,27,34,5,8,20,22,24,38,39,19,21,9,11,12,13,41,45,28
123,17,40,37,7,33,36,3,25,26,4,6,10,1,2,44,18,23,29,30,43,14,15,16,31,32,35,42,27,34,5,8,20,22,24,38,39,19,21,9,11,12,13,41,45,28
124,17,40,37,7,25,33,36,3,4,26,6,10,1,2,23,29,44,16,18,30,42,43,14,15,31,32,35,27,34,5,8,20,22,24,38,39,19,21,9,11,12,13,41,45,28
125,17,40,33,36,37,7,25,3,4,26,2,6,10,1,23,29,44,16,18,30,32,35,42,43,14,15,31,8,27,34,5,20,22,24,38,39,19,21,9,11,12,13,41,45,28
126,17,40,7,33,36,37,25,3,4,26,2,6,10,1,23,29,43,44,16,18,30,32,35,42,14,15,27,31,8,20,22,34,5,24,38,39,19,21,9,11,12,13,41,45,28
127,17,40,7,33,36,37,3,25,4,10,26,2,6,29,43,1,23,32,44,16,18,30,35,42,14,15,27,31,5,8,20,22,34,24,38,39,19,21,9,11,12,13,41,45,28
128,17,40,36,37,7,33,3,25,4,10,26,2,6,29,43,1,23,30,32,44,16,18,35,42,14,15,27,31,34,5,8,20,22,24,38,39,12,19,21,45,9,11,13,41,28
129,17,40,36,37,7,25,33,3,4,10,26,2,6,23,29,43,1,30,32,42,44,16,18,35,14,15,27,31,34,5,8,20,22,38,19,24,39,12,21,45,9,11,13,41,28
130,17,40,7,36,37,25,33,3,4,10,26,2,6,23,29,42,43,1,30,32,44,16,18,27,35,14,15,31,34,5,8,19,20,22,24,38,39,45,12,21,9,11,13,41,28
131,17,40,7,36,37,25,33,3,10,4,26,2,6,23,29,42,43,1,30,32,44,14,15,16,18,27,35,8,31,34,5,19,20,22,24,38,21,39,45,11,12,9,13,41,28
132,17,40,7,36,37,3,25,33,10,4,23,26,2,6,29,42,43,1,30,32,44,14,15,16,18,27,34,35,8,31,5,19,20,22,24,38,45,21,39,11,12,41,9,13,28
133,17,40,7,36,37,3,25,33,4,10,23,26,2,6,29,42,43,1,15,18,30,32,44,14,16,27,34,35,8,31,5,19,20,22,24,38,45,21,39,11,12,41,9,13,28
134,17,40,7,3,36,37,23,25,33,4,10,26,2,6,29,42,43,1,15,18,30,32,35,44,14,16,27,31,34,8,20,5,19,22,24,38,45,12,21,39,11,41,9,13,28
135,17,40,7,3,36,37,23,25,33,4,10,26,6,2,29,35,42,43,1,14,15,18,30,32,44,16,27,31,34,8,20,22,5,19,24,38,39,45,12,21,11,41,9,13,28
136,17,40,7,36,3,37,23,25,33,4,10,26,2,6,42,29,30,35,43,1,14,15,16,18,32,44,27,31,34,8,20,22,5,19,24,38,39,45,12,21,41,11,9,13,28
137,17,7,36,40,3,25,37,23,33,4,10,26,2,6,42,29,30,35,43,1,14,15,16,18,32,44,20,27,31,34,8,22,39,5,19,24,38,45,12,21,41,9,11,13,28
138,17,7,36,40,37,3,25,10,23,33,4,26,2,6,42,29,30,35,43,1,14,15,16,18,27,32,44,20,31,34,39,8,22,5,19,24,38,45,11,12,21,41,9,28,13
139,17,7,36,40,37,3,25,10,23,33,4,26,2,6,42,43,15,29,30,35,1,14,16,18,20,27,32,44,31,34,39,8,22,5,11,19,24,38,45,9,12,21,28,41,13
140,17,7,36,40,3,37,25,10,23,33,4,26,2,6,42,43,15,18,29,30,35,1,14,16,20,27,32,44,31,34,39,8,19,22,5,11,24,28,38,45,9,12,21,41,13
141,17,7,36,40,3,37,25,10,23,33,4,26,42,43,2,6,29,15,18,30,35,1,14,16,20,27,31,32,44,8,34,39,19,22,5,11,12,24,28,38,45,9,21,41,13
142,17,40,7,36,3,37,25,10,23,33,4,26,42,43,2,6,29,30,15,16,18,35,44,1,14,20,27,31,32,34,8,39,12,19,22,5,11,24,28,38,45,9,21,41,13
143,17,40,7,36,3,37,25,10,23,26,33,42,43,4,2,6,29,30,15,16,18,27,35,44,1,14,20,31,32,34,8,39,12,19,22,28,45,5,11,24,38,9,21,41,13
144,17,36,40,7,37,3,25,26,4,10,23,33,42,43,2,6,15,29,30,16,18,27,35,44,1,14,20,31,32,34,8,39,12,19,22,28,45,5,11,24,38,9,21,41,13
145,17,36,40,3,7,37,25,26,4,10,23,33,42,43,2,6,15,27,29,30,44,16,18,20,35,1,14,31,32,34,8,39,12,19,22,28,45,5,11,24,38,9,13,21,41
146,17,36,40,3,7,37,25,26,42,2,4,10,23,33,43,27,6,15,29,30,35,44,16,18,20,1,14,31,32,34,8,19,39,12,22,28,45,5,11,24,38,41,9,13,21
147,17,40,36,3,7,37,42,4,25,26,2,10,23,33,43,6,27,15,29,30,35,44,16,18,20,1,14,31,32,34,8,19,39,12,22,28,45,5,11,13,21,24,38,41,9
148,17,36,40,3,7,37,25,42,4,26,33,2,10,23,43,6,27,35,15,29,30,44,16,18,20,34,1,14,31,32,8,19,39,12,21,22,28,45,5,11,13,24,38,41,9
149,17,36,40,3,7,37,42,25,2,4,26,33,10,23,43,6,27,35,15,29,30,34,44,16,18,20,1,14,31,32,8,19,21,39,11,12,22,28,41,45,5,13,24,38,9
150,17,36,40,37,3,7,25,42,2,4,26,33,10,23,43,6,27,35,15,18,29,30,34,44,16,20,1,14,31,32,39,8,19,21,28,11,12,22,41,45,5,13,24,38,9
151,17,36,40,37,2,3,7,25,42,4,10,26,33,23,43,6,18,27,35,15,29,30,34,44,1,16,20,14,19,31,32,39,8,21,28,11,12,13,22,41,45,5,24,38,9
152,17,36,40,37,2,3,7,25,42,26,4,10,33,23,43,6,18,27,29,34,35,1,15,30,44,16,20,14,19,31,32,39,8,13,21,28,5,11,12,22,41,45,24,38,9
153,17,36,40,3,37,2,7,25,42,26,4,10,33,23,43,6,18,27,29,34,35,1,15,30,44,16,20,8,13,14,19,31,32,39,11,12,21,28,5,22,41,45,24,38,9
154,17,36,40,3,37,2,7,25,42,26,4,10,33,6,23,35,43,18,27,29,34,1,15,30,44,16,19,20,8,13,14,21,31,32,39,11,12,28,45,5,22,41,24,38,9
155,17,36,40,3,37,2,7,25,42,26,33,4,10,6,23,35,43,18,27,29,34,1,15,16,19,20,30,44,32,8,13,14,21,31,39,11,12,28,41,45,5,22,24,38,9
156,17,36,40,3,37,42,2,7,25,26,33,4,10,6,18,23,35,43,27,29,30,34,1,15,16,19,20,44,32,8,13,14,21,28,31,39,45,5,11,12,41,22,24,38,9
157,17,36,40,3,37,42,2,7,25,26,33,4,10,35,6,18,23,30,43,19,27,29,34,1,15,16,20,44,32,39,8,13,14,21,28,31,45,5,11,12,41,22,24,38,9
158,17,36,40,3,37,42,2,7,25,26,33,4,10,18,35,6,23,30,34,43,19,27,29,1,15,16,20,44,13,21,32,39,8,14,28,31,45,5,11,12,41,22,9,24,38
159,17,36,40,42,3,37,2,7,25,26,33,4,18,10,30,35,43,6,23,34,1,19,27,29,15,16,20,44,13,21,32,39,8,14,28,31,41,45,5,11,12,22,9,24,38
160,17,36,40,3,42,7,37,2,25,26,33,4,18,10,30,34,35,43,6,23,1,19,27,29,15,16,20,39,44,8,13,21,32,41,14,28,31,45,5,11,12,22,9,24,38
161,36,40,17,42,3,7,37,2,25,26,33,4,18,34,10,30,35,43,6,23,1,19,27,29,15,16,20,39,44,8,13,21,32,41,45,14,28,31,5,11,12,22,9,24,38
162,36,40,17,42,3,7,25,37,2,26,33,4,18,34,10,30,35,43,1,6,23,19,27,29,15,16,20,21,39,41,44,8,13,32,45,5,14,28,31,11,12,22,38,9,24
163,36,40,17,42,3,7,25,26,37,2,33,4,18,34,10,30,35,43,1,6,23,29,19,27,44,15,16,20,21,39,41,8,13,28,32,45,5,11,14,31,12,22,38,9,24
164,36,40,17,42,3,7,25,26,37,2,33,4,10,18,34,6,30,35,43,1,23,29,19,27,39,41,44,15,16,20,21,8,11,13,28,32,45,5,14,31,12,22,9,38,24
165,36,40,42,17,3,7,25,26,37,2,18,33,4,10,34,6,30,35,43,1,19,23,29,27,39,41,44,13,15,16,20,21,5,8,11,28,32,45,14,22,31,12,9,38,24
166,36,40,42,17,3,7,25,26,37,2,18,33,4,10,34,6,30,35,43,1,19,23,27,29,39,41,44,13,15,16,20,21,45,5,8,11,28,32,12,14,22,31,9,38,24
167,36,40,42,17,3,7,25,26,37,2,18,33,4,10,30,34,6,27,35,39,43,1,19,23,29,41,44,13,15,16,20,21,28,45,5,8,11,32,12,14,22,31,9,24,38
168,36,40,42,3,17,7,25,26,37,2,10,18,33,4,30,34,43,6,27,35,39,1,19,23,29,41,44,13,15,16,20,21,28,45,5,8,11,31,32,12,14,22,9,24,38
169,36,40,42,3,17,7,37,25,26,2,10,18,33,43,4,27,30,34,35,6,39,1,19,23,29,16,41,44,45,13,15,20,21,28,5,8,11,31,32,12,14,22,9,24,38
170,36,42,40,3,17,7,37,2,25,26,10,18,33,43,4,27,30,34,35,6,39,1,19,23,29,13,15,16,41,44,45,11,20,21,28,31,5,8,32,12,14,22,9,24,38
171,36,42,40,3,17,7,25,37,2,26,4,10,18,33,34,35,43,27,30,6,29,39,1,16,19,23,13,15,41,44,45,11,20,21,28,31,5,8,32,12,14,22,9,24,38
172,36,42,40,3,17,7,25,26,37,2,4,10,18,33,34,35,43,27,30,6,19,29,39,1,16,23,41,13,15,21,44,45,11,20,28,31,5,8,32,12,14,22,9,24,38
173,36,42,40,3,17,7,25,26,37,2,4,33,34,10,18,30,35,43,27,6,19,29,39,1,16,23,41,13,15,21,44,45,11,20,28,31,5,8,32,9,12,14,22,24,38
174,36,42,40,3,17,7,25,26,37,2,4,18,33,34,35,10,30,43,27,39,6,19,29,1,13,16,23,41,15,21,44,45,11,20,28,31,5,8,14,22,32,9,12,24,38
175,36,42,40,3,17,26,7,25,33,37,2,4,18,34,35,10,30,43,19,27,39,6,29,1,13,16,23,41,15,21,28,31,44,45,11,20,5,8,14,22,32,9,12,24,38
176,36,42,40,3,17,26,33,4,7,25,34,37,2,18,30,35,10,43,19,27,39,6,29,1,13,16,23,41,15,21,28,31,44,45,11,20,32,5,8,14,22,9,12,24,38
177,36,42,40,3,17,26,33,37,4,7,25,34,2,10,18,30,35,43,19,27,39,1,6,13,16,29,23,41,15,21,28,31,44,45,11,20,32,5,8,14,22,9,12,24,38
178,36,42,40,3,17,26,33,37,4,7,18,25,34,2,10,30,35,43,1,19,27,39,6,13,16,23,29,41,11,15,21,28,31,44,45,5,20,32,8,12,14,22,9,24,38
179,36,42,17,40,3,25,26,33,37,4,7,18,34,43,2,10,30,35,39,1,19,27,6,13,16,23,29,41,5,11,15,21,28,31,44,45,20,32,8,9,12,14,22,24,38
180,36,42,17,40,3,25,26,33,34,37,2,4,7,18,43,10,30,35,39,1,19,27,29,6,13,16,23,15,21,41,5,11,20,28,31,44,45,32,8,9,12,14,22,24,38
181,36,40,42,17,3,25,26,33,34,37,2,4,7,18,43,10,30,35,39,1,19,23,27,29,6,13,16,21,15,41,45,5,11,20,28,31,32,44,14,8,9,12,22,24,38
182,36,40,42,17,3,34,25,26,33,37,2,4,7,18,43,10,30,35,27,29,39,1,13,19,23,6,15,16,21,41,45,5,11,20,28,31,32,44,14,8,9,12,22,24,38
183,40,36,42,17,34,3,2,18,25,26,33,37,4,7,43,10,30,35,27,29,39,1,13,19,23,6,15,16,21,41,45,5,11,20,28,31,32,44,14,8,9,12,22,24,38
184,40,36,42,17,34,2,3,33,18,25,26,37,4,7,43,10,30,35,1,27,29,39,6,13,16,19,23,15,21,20,41,45,5,11,28,31,32,44,14,8,9,12,22,24,38
185,40,36,42,2,17,34,3,33,4,18,25,26,37,7,43,1,10,30,35,19,27,29,39,6,13,16,23,15,21,20,41,45,5,11,28,31,32,44,8,14,9,12,22,24,38
186,40,36,42,2,17,34,3,4,33,18,25,26,37,7,10,43,1,19,30,35,27,29,39,6,13,16,21,23,15,45,20,41,5,11,14,28,31,32,44,8,9,12,22,24,38
187,40,36,42,2,17,34,3,4,18,33,25,26,37,1,7,10,43,19,29,30,35,27,39,6,13,16,21,23,15,45,20,41,5,8,11,14,28,31,32,44,9,12,22,24,38
188,40,36,42,2,34,17,3,4,18,33,25,26,37,1,7,10,19,30,43,27,29,35,39,6,13,16,21,23,15,45,20,31,41,5,8,11,14,28,32,44,24,9,12,22,38
189,40,36,42,2,34,17,3,4,18,33,37,25,26,1,7,10,19,30,35,43,27,29,39,6,13,16,21,23,45,15,8,14,20,31,32,41,5,11,28,44,24,9,12,22,38
190,40,36,42,2,34,17,18,3,4,33,37,25,26,30,1,7,10,19,35,43,27,29,39,6,13,16,21,23,45,8,14,15,31,20,32,41,44,5,11,28,24,9,12,22,38
191,40,36,42,2,34,17,18,37,3,4,25,33,26,30,1,7,10,19,35,43,27,29,6,39,13,16,21,23,45,8,14,15,31,32,5,20,41,44,11,24,28,9,12,22,38
192,40,36,42,2,18,34,37,4,17,3,25,33,26,30,1,7,10,19,35,43,27,29,6,39,45,8,13,16,21,23,14,15,31,32,5,11,20,41,44,24,28,9,12,22,38
193,36,40,18,42,2,34,37,4,17,3,25,26,33,30,1,7,10,19,35,43,6,27,29,39,45,8,13,14,16,21,23,15,31,32,5,11,20,41,44,24,28,9,12,22,38
194,36,40,18,42,2,34,37,4,17,26,3,25,33,30,1,7,10,19,35,39,43,6,27,29,23,45,8,13,14,15,16,21,20,31,32,44,5,11,41,24,28,9,12,22,38
195,40,36,18,42,2,34,37,4,17,26,3,25,33,7,10,19,30,35,1,39,43,6,27,29,23,45,8,13,14,15,16,21,20,31,32,44,5,11,41,24,28,22,9,12,38
196,36,40,18,37,42,2,34,4,17,26,3,25,33,35,7,10,19,30,1,39,43,6,27,29,45,23,8,13,14,15,16,21,44,20,31,32,41,5,11,24,28,22,9,12,38
197,36,40,42,18,34,37,2,4,17,26,3,7,25,33,35,10,19,30,1,39,43,45,6,27,29,16,23,8,13,14,15,21,44,20,31,32,41,5,11,24,28,12,22,9,38
198,36,40,42,18,34,37,2,4,17,25,26,3,7,19,33,35,10,30,45,1,39,43,6,27,29,16,23,8,13,14,15,20,21,41,44,31,32,5,11,12,24,28,22,9,38
199,36,40,42,18,34,37,2,25,4,17,26,3,7,19,30,33,35,10,45,1,39,43,6,27,29,14,16,21,23,8,13,15,20,41,44,31,32,5,11,12,22,24,28,9,38
200,36,40,42,18,34,37,2,17,25,4,26,3,7,19,30,33,35,10,45,1,6,39,43,14,27,29,13,16,20,21,23,8,15,41,44,5,31,32,11,12,22,24,28,9,38
201,36,40,42,18,34,37,2,17,25,3,4,26,7,19,30,33,35,10,39,45,1,6,43,14,27,29,13,16,20,21,23,44,8,15,41,5,11,31,32,24,12,22,28,9,38
202,36,40,42,18,34,37,2,17,25,3,4,26,33,7,19,30,35,39,10,45,1,6,14,27,43,29,44,13,16,20,21,23,8,15,41,5,11,31,32,12,24,22,28,9,38
203,36,40,42,18,34,37,2,3,17,25,4,26,30,33,7,19,35,39,1,10,45,6,14,27,43,29,44,13,16,20,21,23,8,11,15,32,41,5,24,31,12,22,28,9,38
204,36,40,42,3,18,34,37,2,17,25,4,26,30,33,35,7,19,39,45,1,10,14,6,27,43,29,44,13,16,20,21,23,8,11,15,32,41,5,12,24,31,22,28,9,38
205,36,40,3,37,42,18,34,2,17,25,35,4,26,30,33,1,7,19,39,45,10,14,6,27,29,43,21,44,13,16,20,23,8,11,15,32,41,5,12,24,31,22,28,9,38
206,36,40,3,37,42,2,18,25,34,17,35,1,4,26,30,33,7,19,39,45,10,14,6,27,29,43,20,21,44,13,15,16,23,8,11,32,41,5,12,24,31,22,28,9,38
207,3,36,40,37,42,2,18,25,34,17,35,1,4,26,30,33,7,14,19,39,45,10,6,27,29,43,20,21,44,11,13,15,16,23,32,8,31,41,5,12,24,22,28,9,38
208,40,3,36,37,25,34,42,2,18,17,35,1,4,14,26,30,33,7,19,39,45,10,6,27,29,43,44,20,21,11,13,15,16,23,31,32,8,41,5,12,24,22,28,9,38
209,40,3,36,37,2,18,25,34,42,17,33,35,1,4,7,14,26,30,19,39,45,10,6,20,27,29,43,44,21,11,13,15,16,23,31,32,8,24,41,5,12,22,28,9,38
210,40,3,36,37,25,2,18,34,42,17,33,35,1,4,7,14,19,26,30,10,39,45,6,20,27,29,43,44,21,23,11,13,15,16,31,32,8,24,41,5,12,22,28,9,38
211,40,3,36,37,25,2,18,34,42,17,33,35,1,4,7,14,19,26,30,10,39,45,20,6,27,29,43,44,13,21,23,11,15,16,31,32,41,8,12,24,5,22,28,9,38
212,40,3,36,37,18,25,2,34,42,17,33,35,1,4,7,14,19,26,30,10,39,45,20,6,21,27,29,43,44,11,13,23,31,12,15,16,32,41,8,24,5,22,28,38,9
213,3,40,36,37,2,18,25,34,42,17,33,4,35,1,7,14,19,26,30,10,20,39,45,6,21,27,29,43,44,11,13,23,31,12,15,16,24,32,41,5,8,22,28,38,9
214,3,37,40,25,36,2,18,34,42,17,33,4,7,35,1,14,19,20,26,30,10,39,45,6,21,27,29,43,44,11,13,23,31,5,12,15,16,24,32,41,8,22,28,38,9
215,3,37,40,2,25,36,18,34,42,7,17,33,4,35,1,14,19,20,26,30,10,39,45,43,44,6,21,27,29,11,13,15,23,31,5,12,16,24,32,41,8,22,28,38,9
216,3,40,36,37,2,25,18,7,17,33,34,42,4,35,1,14,19,20,26,30,10,39,45,43,44,6,21,27,29,11,13,15,16,23,31,5,12,24,32,41,8,22,28,38,9
217,3,40,36,37,2,25,18,33,7,17,34,42,35,4,20,1,14,19,26,30,39,10,45,27,43,44,6,16,21,29,11,13,15,23,31,5,12,24,32,41,8,22,28,38,9
218,3,40,36,37,2,18,25,33,7,17,34,42,35,1,4,14,20,19,26,30,39,10,44,45,27,29,43,6,16,21,11,13,15,23,31,5,8,12,24,32,41,22,28,38,9
219,3,37,40,36,2,18,25,33,7,17,34,35,42,4,20,1,14,26,19,30,39,10,44,45,27,29,43,6,11,16,21,13,15,23,31,5,8,12,24,32,41,22,28,38,9
220,3,37,40,36,2,18,25,33,34,7,17,35,42,4,20,1,14,19,26,30,39,10,43,44,45,11,21,27,29,6,16,5,13,15,23,31,8,12,24,32,41,22,28,38,9
221,37,40,3,2,36,18,25,33,34,35,7,17,20,42,4,1,14,19,26,30,39,10,43,44,45,11,21,27,29,6,16,5,13,15,23,31,8,12,24,32,41,22,28,38,9
222,37,40,3,2,36,18,25,33,7,34,35,17,20,42,4,1,14,19,26,39,30,43,10,29,44,45,11,21,27,5,6,16,13,15,23,31,8,12,24,32,41,28,22,38,9
223,3,37,40,2,18,36,25,33,7,20,34,35,17,42,1,4,26,14,19,39,30,43,10,27,29,44,45,11,21,5,6,16,13,15,23,31,8,12,24,32,41,28,22,38,9
224,3,37,40,2,18,36,25,33,7,20,34,35,42,4,17,26,1,19,14,30,39,27,43,10,29,44,45,11,21,5,6,16,13,15,23,31,8,12,24,32,41,28,22,38,9
225,3,37,40,36,2,18,25,33,7,20,34,35,42,4,17,19,26,1,14,30,39,27,43,10,11,29,44,45,5,21,6,13,16,31,15,23,8,12,24,32,41,28,22,38,9
226,3,37,40,2,36,18,25,33,7,20,34,35,42,4,17,19,26,1,14,30,39,27,43,10,11,21,29,44,45,5,6,13,16,31,8,15,23,12,24,32,41,22,28,38,9
227,3,37,40,2,36,18,25,33,42,4,7,20,34,35,17,19,26,1,14,30,39,27,43,5,10,11,21,29,44,45,6,16,13,15,31,8,23,12,24,32,41,22,28,38,9
228,3,36,37,40,2,18,25,33,35,42,4,7,17,20,34,19,26,1,14,39,30,27,43,44,5,10,11,21,29,45,6,16,13,15,31,8,23,12,24,32,41,22,28,38,9
229,3,36,37,40,2,18,25,4,33,35,42,7,17,20,34,19,26,1,14,39,30,5,11,27,43,44,10,21,29,45,6,16,13,15,23,31,8,12,24,32,41,22,28,38,9
230,3,36,37,40,2,18,25,33,4,35,42,7,17,20,34,14,19,26,1,39,5,11,30,27,29,43,44,10,21,45,6,16,13,15,23,31,8,32,12,24,41,22,28,38,9
231,3,36,37,40,2,18,25,33,4,35,42,7,17,19,20,34,14,26,1,5,39,11,30,44,10,27,29,43,45,21,6,16,31,13,15,23,8,32,12,24,41,22,28,38,9
232,3,36,37,40,2,18,25,33,4,35,42,7,17,19,20,34,14,26,1,5,39,44,10,11,30,27,29,43,45,21,6,16,31,8,13,15,23,12,24,32,41,22,28,9,38
233,40,3,36,37,2,4,18,25,33,17,35,42,7,19,20,34,14,26,1,5,39,44,10,11,30,27,29,43,45,6,21,13,16,31,8,15,23,12,24,32,41,22,28,9,38
234,37,40,3,36,2,4,18,25,33,17,35,42,7,19,20,26,34,14,1,5,39,44,10,11,30,21,27,29,43,45,6,13,16,31,8,15,23,24,12,32,22,41,28,9,38
235,37,40,3,36,2,4,18,25,33,17,26,35,42,7,19,20,34,14,1,5,39,44,10,11,21,27,30,29,43,45,6,13,31,16,8,15,23,24,12,22,32,41,28,9,38
236,37,40,3,36,2,4,18,25,33,17,26,35,42,7,19,20,34,1,14,39,5,44,10,11,21,27,30,13,29,43,45,6,31,8,16,15,23,24,12,22,32,41,28,9,38
237,37,40,3,36,2,4,17,18,25,33,26,35,42,1,7,19,20,34,14,39,44,5,11,21,10,27,30,13,29,43,45,6,31,8,16,24,15,23,12,22,32,41,28,9,38
238,37,40,2,3,4,36,17,18,25,33,26,34,35,42,1,7,19,20,14,39,44,5,11,21,10,27,30,13,29,31,43,45,6,8,15,16,24,23,12,22,32,28,41,9,38
239,37,40,2,3,4,36,17,18,25,33,26,34,35,42,1,7,19,20,39,44,11,14,5,21,10,27,30,13,29,31,43,45,6,15,24,8,16,23,12,22,32,41,28,9,38
240,37,40,2,3,4,36,17,18,25,33,26,34,35,42,1,7,19,20,39,44,11,14,5,10,21,27,30,43,6,13,29,31,45,15,16,24,8,23,41,12,22,32,28,9,38
241,37,40,2,3,4,36,17,18,25,33,35,26,34,42,1,7,19,20,39,44,11,14,5,10,21,27,30,43,6,13,16,24,29,31,45,15,8,23,41,12,22,28,32,9,38
242,37,40,2,4,3,36,17,18,25,33,34,35,19,20,26,42,1,7,39,44,11,14,21,5,10,27,30,43,6,13,16,24,29,31,45,15,8,23,32,41,12,22,28,9,38
243,37,2,40,4,3,36,17,18,19,25,33,34,35,42,20,26,1,7,39,44,11,14,21,5,10,27,30,43,6,13,16,24,29,31,45,15,8,12,23,28,32,41,22,9,38
244,37,2,40,4,36,3,17,25,18,19,33,34,35,42,20,26,1,7,39,44,11,14,21,5,10,27,13,16,30,43,6,24,29,31,45,15,8,12,23,28,32,41,22,38,9
245,37,2,40,4,36,3,17,25,18,19,33,34,35,42,20,26,1,7,11,39,44,14,21,27,5,10,13,16,30,31,43,6,24,29,45,15,8,32,12,23,28,41,22,38,9
246,37,2,40,4,36,3,17,18,25,19,26,33,34,35,42,20,39,1,7,11,21,44,14,27,5,10,13,16,30,31,43,6,24,29,45,15,8,23,32,12,28,41,22,38,9
247,37,40,2,36,4,3,17,18,25,19,26,33,34,35,39,42,20,1,7,11,21,44,14,27,5,10,13,16,30,31,43,6,15,24,29,45,8,12,23,28,32,41,22,38,9
248,37,40,2,36,3,4,17,18,25,19,26,33,34,35,39,42,20,1,7,11,21,44,14,27,5,10,13,16,30,31,43,45,6,15,24,29,8,23,12,28,32,41,22,38,9
249,37,40,2,3,36,4,17,18,25,19,26,33,34,35,39,42,20,44,1,7,11,21,27,14,5,10,13,31,16,30,43,45,6,8,15,24,29,23,12,28,32,41,22,38,9
250,37,40,2,3,36,4,17,18,19,25,26,33,34,35,39,42,20,44,1,7,11,21,27,14,5,10,13,30,31,43,45,16,6,8,15,23,24,29,12,28,32,41,22,38,9
251,37,40,2,3,36,4,17,19,25,18,26,33,34,35,39,42,7,20,44,1,11,21,27,14,5,10,13,30,31,43,45,6,16,8,15,23,24,29,28,12,32,41,22,38,9
252,37,40,2,3,36,4,17,19,25,18,26,39,33,34,35,42,7,20,44,1,11,14,21,27,31,45,5,10,13,30,43,6,16,23,8,15,24,29,28,12,32,41,22,38,9
253,37,36,40,2,3,4,19,25,17,18,26,34,39,33,35,42,7,20,44,1,11,14,21,27,31,45,5,10,13,30,43,6,8,16,23,15,24,29,28,12,32,41,22,38,9
254,37,36,40,2,3,19,4,25,17,18,26,34,39,20,33,35,42,1,7,44,11,14,21,27,31,5,30,45,10,13,43,6,8,16,23,24,15,29,28,12,32,41,22,38,9
255,37,36,40,2,3,19,4,25,17,18,26,34,39,42,1,20,33,35,7,27,44,5,11,14,21,31,30,45,6,10,13,24,43,8,16,23,15,29,28,12,32,41,22,38,9
256,37,36,40,2,3,4,19,25,17,18,26,34,39,42,1,20,33,35,7,11,14,21,27,44,5,31,30,43,45,6,10,13,23,24,8,16,15,29,28,12,32,41,22,38,9
257,37,36,40,2,3,4,19,25,17,18,26,34,39,42,1,20,27,33,35,7,11,14,21,31,44,5,6,13,30,43,45,10,23,24,8,16,15,29,28,32,12,41,22,38,9
258,37,40,36,2,3,4,19,25,17,18,26,27,34,39,42,1,14,20,31,33,35,7,11,21,44,5,30,6,13,43,45,10,23,24,8,16,15,29,28,32,12,41,22,38,9
259,37,40,4,36,2,3,19,25,17,42,14,18,26,27,34,35,39,1,20,31,33,5,7,11,21,44,30,45,6,13,43,10,23,24,8,16,15,29,28,32,12,41,22,38,9
260,37,40,4,36,2,3,19,25,17,42,14,18,26,27,34,35,39,1,7,20,31,33,5,11,21,44,30,45,6,13,24,43,10,23,8,15,16,29,12,28,32,41,22,38,9
261,37,40,4,36,2,3,19,25,17,18,42,14,26,27,31,34,35,39,1,7,11,20,33,5,21,44,6,30,43,45,13,24,10,16,23,8,15,29,12,28,32,41,22,38,9
262,37,40,4,36,2,3,19,25,17,18,31,42,14,26,27,34,35,39,1,7,11,20,33,5,21,44,6,24,30,43,45,13,10,16,23,8,15,29,12,28,32,41,22,38,9
263,37,40,4,36,2,3,19,25,17,18,27,31,42,1,14,26,34,35,39,7,11,20,33,5,21,44,6,24,30,43,45,13,10,16,23,8,15,29,12,28,32,41,22,38,9
264,37,40,36,4,2,3,19,25,27,17,18,31,42,1,14,26,34,35,39,7,11,20,33,44,5,21,6,24,30,43,45,13,16,10,23,8,15,29,12,28,32,41,22,38,9
265,37,40,36,4,2,3,19,25,27,17,18,31,34,39,42,1,14,26,35,5,7,11,20,33,44,21,6,24,30,43,45,13,16,10,23,8,15,29,12,28,32,41,38,22,9
266,37,40,4,36,3,2,19,25,27,42,17,18,31,34,39,1,11,14,26,35,5,7,20,33,44,21,6,24,30,43,45,13,16,10,23,8,15,29,12,28,32,41,22,38,9
267,37,40,36,4,3,2,19,25,27,34,42,17,18,31,39,1,7,11,14,26,35,5,20,33,44,21,24,6,30,43,45,13,16,8,10,23,15,29,12,28,32,41,22,38,9
268,37,40,36,3,4,19,2,25,27,34,42,17,18,31,39,1,7,11,14,26,35,5,20,24,33,44,21,45,6,30,43,10,13,16,8,23,15,29,32,12,28,41,22,38,9
269,37,36,40,3,4,19,2,25,42,18,27,34,17,31,39,1,5,7,11,14,20,26,35,24,33,44,21,43,45,6,30,10,13,16,8,23,15,29,32,12,28,41,22,38,9
270,37,36,40,3,4,19,2,25,42,18,27,34,5,17,20,26,31,39,1,7,11,14,35,21,24,33,44,43,45,6,30,10,13,16,8,23,12,15,29,32,28,41,9,22,38
271,37,40,36,3,4,19,2,25,27,42,18,34,5,17,20,26,31,39,1,7,11,14,35,21,24,33,44,43,45,6,30,8,10,13,16,23,29,12,15,32,28,41,9,22,38
272,37,40,36,3,4,19,27,2,25,42,18,34,39,5,7,17,20,26,31,1,11,14,35,21,24,33,43,44,45,6,30,8,10,13,16,12,23,29,15,32,28,41,9,22,38
273,37,40,36,3,4,19,27,2,25,34,42,18,31,39,1,5,7,17,20,26,11,14,24,35,44,21,33,43,45,6,8,30,10,13,16,12,23,29,15,32,28,41,9,22,38
274,37,40,36,3,4,19,27,2,25,34,39,42,18,26,31,1,5,7,14,17,20,35,11,24,44,21,33,43,45,6,8,13,30,10,16,12,15,23,29,32,28,41,9,22,38
275,37,40,36,3,4,19,27,2,25,34,39,42,14,18,20,26,31,35,1,5,7,17,11,24,44,21,33,43,45,6,8,13,30,10,16,12,15,23,29,32,28,41,9,38,22
276,37,40,36,3,4,19,27,39,2,25,34,42,14,18,20,26,31,35,1,5,7,17,11,21,24,33,44,43,45,6,8,13,30,10,15,16,12,23,29,32,41,28,9,38,22
277,37,40,36,3,4,19,25,27,39,2,34,42,14,18,20,26,31,35,1,5,7,17,11,21,24,33,44,43,13,45,6,8,10,15,30,12,16,29,23,32,41,28,9,38,22
278,37,40,3,36,4,19,39,25,27,2,34,42,14,18,20,26,31,35,1,5,7,11,17,21,24,33,43,44,13,45,6,8,10,15,30,12,16,29,23,41,32,28,9,38,22
279,37,40,36,3,4,19,39,25,27,2,31,34,42,7,14,18,20,26,35,1,5,11,17,21,24,33,43,44,13,45,6,8,10,15,16,30,12,29,23,41,32,28,9,38,22
280,37,36,40,3,4,19,39,25,27,2,31,34,42,7,11,14,18,20,26,35,1,5,17,24,21,33,43,44,10,13,45,6,8,15,16,30,12,23,29,41,32,28,9,38,22
281,37,36,40,3,4,19,39,25,27,2,14,31,34,42,1,7,11,18,20,26,35,5,17,24,21,33,43,44,6,10,13,45,8,15,16,30,12,23,29,41,32,28,9,38,22
282,37,36,40,3,4,19,39,2,25,27,31,14,18,34,42,1,5,7,11,20,26,35,17,24,21,33,43,44,10,6,13,45,8,15,16,30,12,23,29,41,32,28,9,38,22
283,37,36,40,3,4,19,31,39,2,18,25,27,14,34,42,1,5,7,11,20,26,35,17,24,21,33,43,44,6,10,45,8,13,15,16,30,12,23,29,41,32,28,38,9,22
284,37,36,40,3,4,2,19,31,39,18,25,27,7,14,34,42,1,5,11,20,24,26,35,17,21,33,43,44,45,6,10,8,13,15,30,16,12,23,29,41,32,28,38,9,22
285,37,40,36,3,4,2,19,31,39,18,25,27,7,14,34,42,1,5,11,20,24,26,35,17,33,45,21,43,44,6,10,13,8,15,30,16,41,12,23,29,32,28,38,9,22
286,37,40,36,3,4,19,2,31,39,18,25,27,42,1,7,14,34,5,11,20,24,26,35,17,33,44,45,21,43,6,10,13,15,8,30,16,41,12,23,29,32,28,38,9,22
287,37,40,36,3,4,19,2,27,31,39,18,25,42,1,7,14,24,34,35,5,11,20,26,17,33,44,45,6,21,43,10,13,15,8,30,12,16,41,23,29,32,28,38,9,22
288,37,40,36,3,4,19,2,27,31,39,1,18,25,35,42,7,14,24,34,5,11,17,20,26,33,44,45,6,21,43,10,13,15,8,12,30,41,16,23,29,32,28,38,9,22
289,37,40,3,36,4,19,2,27,31,39,42,1,14,18,25,35,7,24,34,5,11,17,20,26,33,44,45,6,21,43,10,13,15,8,12,30,41,16,23,29,32,28,38,9,22
290,37,40,3,36,4,19,39,2,18,27,31,42,1,14,25,35,7,24,34,5,11,17,20,26,33,45,44,6,13,21,43,8,10,15,12,30,41,16,23,29,32,28,38,9,22
291,37,40,3,36,4,18,19,39,42,2,27,31,1,7,14,25,35,20,24,34,5,11,17,26,33,45,44,6,8,13,21,43,10,15,12,30,41,16,23,29,32,28,38,9,22
292,37,40,3,36,4,18,19,31,39,42,2,27,1,7,14,25,34,35,17,20,24,33,5,11,26,45,44,6,8,13,21,43,10,15,12,30,41,16,32,23,29,28,38,9,22
293,37,40,3,36,4,18,19,31,39,42,1,2,27,7,14,17,25,33,34,35,20,24,5,11,26,45,21,44,6,8,13,43,10,15,12,30,41,16,29,32,23,28,38,9,22
294,37,40,3,36,4,18,19,31,39,42,1,2,17,27,7,14,25,33,34,35,20,24,5,11,26,45,6,21,44,8,10,13,43,15,30,12,41,16,29,32,23,38,28,9,22
295,37,40,3,36,4,18,1,19,31,39,42,2,17,27,7,14,25,33,34,35,20,24,5,11,26,45,6,21,44,8,10,13,43,12,15,30,16,41,29,32,23,38,28,9,22
296,37,3,40,36,4,18,1,19,27,31,39,42,2,17,7,14,25,33,34,35,20,24,45,5,11,26,6,8,21,44,10,13,15,30,43,12,16,41,29,32,23,38,28,9,22
297,37,3,40,36,4,18,19,1,27,31,39,42,2,17,7,14,20,25,33,34,35,11,24,45,5,6,26,8,21,44,10,13,15,30,43,12,16,32,41,29,23,38,28,9,22
298,37,40,3,36,4,18,19,27,1,31,39,42,2,17,7,14,20,25,33,34,35,5,11,24,45,6,26,8,21,44,10,13,15,30,43,12,16,29,32,41,23,38,28,9,22
299,37,3,40,36,4,18,1,19,27,31,39,42,2,17,20,25,7,14,33,34,35,45,5,11,24,6,26,8,21,44,10,13,15,30,43,12,16,29,32,41,23,38,28,9,22
300,37,3,40,36,4,18,1,19,27,31,39,42,2,7,17,20,25,14,33,34,35,45,5,11,24,26,6,8,10,21,44,12,13,15,30,43,16,29,32,41,38,23,9,28,22
301,37,3,40,36,4,18,1,19,27,7,31,39,42,2,17,20,25,33,11,14,34,35,45,5,24,26,6,8,10,13,21,43,44,12,15,30,16,29,32,41,38,23,9,28,22
302,37,3,40,36,4,18,19,1,27,42,7,20,31,39,2,17,25,33,11,14,34,35,45,5,24,26,6,13,8,10,21,43,44,12,15,30,32,16,29,38,41,23,9,28,22
303,37,3,40,36,4,18,19,1,27,42,2,7,17,20,31,39,14,25,33,45,11,34,35,5,24,26,6,13,8,10,21,30,43,44,12,15,32,38,16,29,41,23,9,28,22
304,37,3,40,36,4,18,19,1,27,42,2,7,17,20,31,33,39,14,25,45,11,26,34,35,5,24,6,10,13,8,21,30,43,44,12,15,16,32,38,41,29,23,9,28,22
305,37,3,40,36,4,18,19,1,7,27,39,42,2,17,20,31,33,14,25,45,11,26,34,35,5,24,6,8,10,13,21,30,43,44,12,15,16,32,38,41,29,23,9,28,22
306,37,3,40,4,18,36,19,1,7,27,39,42,2,17,20,31,33,14,25,34,45,11,26,35,5,24,6,8,10,13,21,30,43,44,12,15,41,16,32,38,23,29,9,28,22
307,37,3,40,4,18,36,19,1,7,27,39,42,2,17,20,25,31,33,45,14,34,5,11,26,35,21,24,6,8,10,13,30,15,43,44,12,41,16,23,32,38,29,9,28,22
308,37,3,40,4,18,36,19,1,7,17,27,39,42,45,2,14,20,25,31,33,34,5,11,26,35,21,24,6,8,10,13,15,30,43,44,12,41,16,23,32,38,29,9,28,22
309,37,3,40,18,36,4,19,1,2,7,17,27,39,42,45,14,20,25,31,33,5,11,34,26,35,21,24,6,8,10,13,15,30,43,44,12,41,16,23,32,38,29,9,28,22
310,37,3,40,18,36,4,19,1,2,7,17,27,39,42,45,5,14,20,25,31,33,34,11,26,35,21,24,6,8,10,13,15,30,41,43,44,12,16,23,32,38,29,28,9,22
311,37,3,40,4,18,36,19,1,27,2,7,17,39,42,45,5,14,20,25,31,33,34,11,24,26,35,21,6,8,10,13,15,30,12,41,43,44,32,16,23,38,29,28,9,22
312,37,3,40,4,18,36,19,1,2,27,5,7,17,20,39,42,45,14,25,31,33,34,11,24,26,35,6,21,8,10,12,13,15,30,41,43,44,32,16,23,38,29,28,9,22
313,37,3,40,4,18,36,19,1,2,17,27,45,5,7,20,34,39,42,14,25,31,33,11,35,24,26,6,21,8,10,12,13,15,30,43,41,44,32,16,23,38,29,28,9,22
314,37,3,40,4,18,19,36,1,17,2,27,34,45,5,7,20,39,42,14,25,31,33,11,35,24,26,6,15,21,8,10,12,13,30,41,43,44,32,38,16,23,29,28,9,22
315,37,3,40,4,18,19,36,1,17,45,2,27,34,5,7,20,33,39,42,14,25,31,35,11,24,26,6,13,15,21,43,8,10,12,30,41,44,32,38,16,23,29,28,9,22
316,37,3,40,4,18,19,36,1,17,27,45,2,34,39,5,7,20,31,33,42,11,14,25,35,21,24,26,6,10,13,15,43,8,12,30,41,44,32,38,16,23,29,28,9,22
317,37,3,36,40,4,18,19,1,17,27,39,45,2,34,5,7,11,20,31,33,42,14,25,35,10,21,24,26,6,13,15,43,8,12,30,41,44,32,38,16,23,29,28,9,22
318,37,3,19,36,40,4,18,1,17,45,2,27,34,39,20,5,7,11,31,33,42,14,25,35,10,21,24,26,6,13,15,43,8,12,30,41,44,32,38,16,23,29,28,9,22
319,37,3,19,36,40,4,18,1,17,45,2,27,34,39,5,20,33,42,7,11,31,14,25,35,10,21,24,26,6,8,13,15,43,12,30,41,44,32,38,16,23,28,29,9,22
320,37,3,19,36,40,4,18,45,1,17,2,27,34,39,5,20,33,42,7,11,25,31,14,35,10,21,24,26,6,8,13,15,41,43,12,30,44,16,23,32,38,28,29,9,22
321,37,3,19,18,36,40,4,45,1,17,34,2,20,27,39,5,25,33,42,7,11,31,14,35,21,10,24,26,6,8,12,13,15,41,43,30,44,16,23,32,38,28,29,9,22
322,37,3,18,19,36,40,4,45,1,17,34,2,20,27,39,5,25,33,42,7,11,31,14,35,21,10,24,26,43,6,8,12,13,15,41,30,32,38,44,16,23,29,28,9,22
323,37,3,18,19,36,40,4,45,1,17,34,2,20,27,39,42,5,25,33,7,11,14,31,35,10,21,15,24,26,43,6,8,12,13,41,30,32,38,44,16,23,29,28,9,22
324,37,3,36,18,19,4,40,45,1,2,17,34,20,25,27,33,39,42,5,7,11,14,31,21,35,10,15,24,26,43,6,8,12,13,41,30,32,38,44,16,23,29,28,9,22
325,37,3,36,18,19,4,40,45,17,1,2,20,34,25,27,33,39,42,5,7,11,14,31,21,35,10,15,24,26,43,6,8,12,13,32,41,30,44,38,16,23,29,28,9,22
326,37,36,3,18,19,4,40,45,17,1,2,20,25,33,34,39,27,42,5,7,11,14,31,21,35,10,15,24,26,43,6,8,12,13,32,41,30,44,16,23,38,29,28,9,22
327,37,36,3,18,19,4,17,40,45,1,2,20,25,33,34,39,27,42,5,7,11,14,31,21,35,10,6,12,13,15,24,26,32,43,8,41,44,30,16,23,38,29,28,9,22
328,37,36,3,17,18,19,4,40,45,1,2,20,25,33,34,39,27,42,5,7,11,14,31,21,35,6,10,12,13,15,24,26,32,43,8,41,44,16,30,23,38,28,29,9,22
329,37,36,3,17,19,18,4,40,45,1,2,20,25,33,34,39,42,27,5,7,11,14,31,35,21,6,10,12,13,15,24,26,32,43,8,30,41,44,16,23,38,9,28,29,22
330,37,3,17,19,36,4,18,40,45,1,20,2,25,33,34,39,42,27,5,7,11,14,31,35,21,6,10,12,13,15,24,26,32,43,8,16,30,41,44,23,38,9,28,29,22
331,37,3,17,19,36,4,18,40,45,1,20,2,25,33,34,39,42,27,5,7,14,31,11,35,21,6,10,26,12,13,15,24,32,43,44,8,16,30,41,23,38,9,28,29,22
332,37,17,36,3,19,4,18,45,40,1,20,34,42,2,25,33,39,27,5,7,14,31,11,35,21,6,10,26,12,13,15,16,24,32,43,44,8,30,41,23,38,9,28,29,22
333,37,17,36,3,19,4,18,45,40,1,20,34,39,42,2,25,27,33,5,14,7,31,11,35,21,6,10,26,43,12,13,15,16,24,30,32,44,8,41,23,38,9,28,29,22
334,37,17,36,3,19,4,18,45,39,40,1,20,34,42,2,25,27,33,5,14,7,31,11,21,35,43,6,10,13,15,26,12,16,24,30,32,44,8,41,23,38,9,29,28,22
335,37,17,36,3,19,4,45,18,39,40,1,20,34,42,2,5,25,27,33,14,7,31,11,21,35,26,43,6,10,13,15,16,12,24,30,32,44,8,41,23,9,38,29,28,22
336,37,3,17,36,19,4,45,18,20,34,39,40,1,5,42,2,25,27,33,14,7,31,35,11,21,26,43,6,10,13,15,16,44,12,24,30,32,8,41,23,9,38,29,28,22
337,37,3,17,36,19,4,18,45,1,5,20,34,39,40,42,2,14,25,27,33,7,31,35,11,21,26,43,6,10,13,15,16,32,44,12,24,30,8,41,23,9,38,29,28,22
338,37,3,17,36,19,45,4,18,34,1,5,20,39,40,42,2,14,25,27,33,7,31,35,11,21,13,26,43,6,10,15,16,32,44,12,24,30,8,41,23,38,9,29,28,22
339,37,3,17,36,19,45,4,18,34,1,5,20,39,40,42,2,14,25,27,33,7,21,31,35,11,6,13,26,43,10,15,16,30,32,44,8,12,24,41,23,38,9,29,28,22
340,37,3,17,36,18,19,45,4,34,1,5,20,39,40,42,2,14,25,27,33,7,21,31,35,11,26,6,13,43,10,15,16,24,30,32,44,8,12,38,41,23,9,29,28,22
341,37,3,17,19,36,18,34,45,4,1,39,5,20,40,42,2,14,25,27,33,7,21,31,35,11,26,43,6,13,8,10,15,16,24,30,32,44,12,38,41,23,9,29,28,22
342,37,3,17,19,34,36,18,45,1,4,39,5,14,20,40,42,2,33,25,27,7,21,31,35,43,11,13,26,6,8,10,15,16,24,30,32,44,12,38,41,23,9,29,28,22
343,37,17,3,19,34,36,1,18,45,4,39,5,14,20,40,42,2,33,25,27,31,43,7,21,35,11,13,26,6,10,8,15,16,24,30,32,44,12,38,41,23,29,9,28,22
344,37,17,34,1,3,19,36,45,18,4,39,2,5,14,20,40,42,33,25,27,31,43,7,21,35,11,13,26,6,10,15,8,16,24,30,32,44,12,38,41,23,29,9,28,22
345,37,17,34,1,3,19,36,45,18,4,39,20,42,2,5,14,40,33,25,27,31,43,7,21,35,11,13,15,26,6,10,8,16,24,30,32,44,12,23,29,38,41,9,28,22
346,37,17,34,45,1,3,19,36,18,4,39,5,14,20,42,2,40,33,25,27,31,43,7,13,21,35,11,15,26,6,10,44,8,16,24,30,32,12,23,29,38,41,9,28,22
347,37,3,17,34,45,1,19,36,18,4,39,42,5,14,20,2,40,27,33,25,13,31,43,7,21,35,11,15,26,6,8,10,32,44,16,24,30,12,23,29,38,41,9,28,22
348,37,3,17,34,45,1,19,36,18,4,14,20,39,42,5,2,40,27,33,25,31,13,43,7,21,35,11,15,26,6,8,10,24,32,44,16,30,12,23,29,38,41,9,28,22
349,37,3,17,34,45,1,19,36,14,18,20,4,5,39,42,2,40,25,27,33,13,31,43,7,21,35,11,15,24,26,6,8,10,32,44,16,30,12,23,29,38,41,9,28,22
350,37,3,17,1,34,45,18,19,36,14,20,4,5,39,42,2,33,40,25,27,13,31,43,7,21,24,35,8,11,15,26,6,10,32,44,16,30,12,29,23,38,41,9,28,22
351,37,3,17,34,1,36,45,18,19,5,14,20,4,39,42,2,25,27,33,40,13,31,43,7,21,24,35,8,11,15,26,6,10,32,44,16,29,30,12,23,38,41,9,28,22
352,37,17,3,34,1,36,45,5,18,19,20,14,4,39,42,2,25,27,33,40,13,31,43,7,21,24,26,35,8,11,15,6,10,16,32,44,29,30,12,41,23,38,9,28,22
353,37,17,3,34,36,1,19,45,5,18,20,14,4,39,42,2,25,27,33,40,13,31,43,7,11,21,24,26,35,8,15,16,6,10,29,32,44,30,12,41,23,38,9,28,22
354,37,17,36,3,19,34,45,1,5,14,18,20,4,39,42,2,25,27,33,40,13,31,43,7,11,21,24,26,35,8,15,16,44,6,10,29,32,30,12,41,23,38,9,28,22
355,37,17,36,3,19,34,45,1,5,14,18,20,4,39,42,2,25,27,33,40,13,31,43,35,7,8,11,21,24,26,44,15,16,29,6,10,30,32,12,41,23,38,9,28,22
356,37,17,36,45,3,19,34,1,5,14,18,20,4,39,42,2,25,27,33,40,13,31,43,8,35,7,11,21,24,26,29,44,15,16,6,10,30,32,12,41,23,38,9,28,22
357,37,36,17,45,3,14,19,34,1,5,18,20,4,39,42,2,25,27,33,40,13,31,43,8,21,35,7,11,24,26,29,44,10,15,16,6,30,32,12,41,23,38,9,28,22
358,37,36,17,45,1,3,14,19,34,5,18,20,4,39,42,2,25,40,27,33,13,21,31,43,8,35,7,10,11,24,26,29,44,15,16,6,30,32,12,41,23,38,9,28,22
359,37,36,1,17,19,45,3,14,34,5,18,20,4,39,40,42,2,25,27,33,13,21,31,43,8,10,24,35,7,11,26,29,44,15,16,6,30,32,12,41,23,38,9,28,22
360,37,36,1,17,19,45,3,14,34,5,18,20,4,40,25,39,42,2,27,33,13,21,31,35,43,8,10,24,7,11,16,26,29,44,15,6,30,32,12,23,41,38,9,28,22
361,37,36,1,17,19,45,3,5,14,34,18,20,4,40,25,39,42,2,27,33,35,10,13,21,24,31,43,8,16,7,11,26,29,44,15,6,30,32,12,23,41,38,9,28,22
362,37,36,1,3,17,19,45,5,14,34,18,20,40,4,2,25,27,39,42,33,35,10,13,21,24,31,43,8,16,7,11,26,29,44,15,30,6,32,12,23,41,38,9,28,22
363,37,36,1,3,14,17,19,45,5,34,18,20,40,4,2,25,27,39,42,33,21,35,10,13,24,31,43,8,11,16,7,26,29,44,15,30,32,6,12,23,38,41,9,28,22
364,37,14,36,1,3,5,17,19,45,34,18,20,40,2,4,25,27,39,42,33,21,35,10,13,16,24,31,43,7,8,11,26,29,44,15,30,32,6,12,23,38,41,9,28,22
365,37,5,14,36,1,3,17,19,45,34,18,20,40,2,4,25,27,39,42,21,33,35,10,13,16,24,31,43,7,8,11,26,15,29,30,44,32,6,12,23,38,41,9,28,22
366,37,5,14,19,36,1,3,17,45,34,18,20,40,2,4,25,27,39,42,21,33,35,10,13,16,24,26,31,43,7,8,11,44,15,29,30,12,32,6,23,38,41,9,28,22
367,37,5,3,14,19,36,1,17,45,34,18,20,40,25,2,4,27,39,42,21,33,35,10,13,16,24,26,31,43,44,7,8,11,29,15,30,32,12,6,23,38,41,9,28,22
368,37,5,3,14,19,36,45,1,17,34,18,20,40,25,2,4,27,39,42,21,33,24,35,10,11,13,16,26,31,43,44,7,8,29,30,15,32,12,6,23,38,41,9,28,22
369,37,5,36,3,14,17,19,45,1,20,34,18,40,25,2,4,27,39,42,21,33,35,24,43,10,11,13,16,26,31,44,7,8,29,30,15,32,12,6,41,23,38,9,28,22
370,37,5,36,45,3,14,17,19,1,18,20,34,40,25,2,4,27,39,42,21,24,33,35,16,43,44,10,11,13,26,31,7,8,29,30,15,32,12,6,41,23,38,9,28,22
371,37,5,36,45,3,14,17,19,1,18,20,34,40,25,27,42,2,4,39,21,24,33,35,16,26,43,44,7,10,11,13,31,8,15,29,30,32,12,6,41,23,38,9,28,22
372,37,5,14,36,45,3,17,19,1,18,20,34,40,25,27,42,2,4,39,21,16,24,33,35,11,26,43,44,7,8,10,13,31,15,29,30,32,12,6,41,23,38,9,28,22
373,37,45,5,14,36,3,17,19,1,18,20,34,40,42,25,27,2,4,39,21,16,24,26,33,35,43,11,44,7,8,10,13,15,31,29,30,32,12,6,41,23,38,9,28,22
374,37,45,5,14,17,36,3,19,1,18,34,20,25,40,42,27,2,4,39,21,11,16,24,26,33,35,43,13,15,44,7,8,10,31,29,30,32,12,6,41,23,38,9,28,22
375,37,45,5,14,17,19,36,3,1,18,34,20,25,27,40,42,4,2,39,21,11,16,24,26,33,35,43,8,13,15,44,7,10,31,29,30,32,12,6,41,23,38,9,28,22
376,37,45,5,14,17,19,36,1,3,18,34,20,25,40,27,42,4,2,39,21,11,24,13,16,26,33,35,43,8,15,44,7,10,31,29,30,32,12,6,41,23,38,9,28,22
377,37,45,5,14,17,19,36,1,3,18,34,20,25,40,27,42,4,2,39,21,11,24,43,13,16,26,33,35,8,15,44,7,10,29,31,30,32,6,12,41,23,38,9,28,22
378,37,45,5,14,17,19,36,1,3,34,18,20,25,40,27,42,4,39,2,21,11,24,43,13,16,26,33,35,8,15,29,31,44,7,10,30,32,6,12,41,23,38,9,28,22
379,37,45,5,14,17,19,36,1,3,34,18,40,20,25,27,42,4,39,2,21,11,24,35,43,13,16,26,31,33,8,10,15,29,44,7,30,6,32,12,41,23,38,9,28,22
380,37,45,5,17,1,14,19,36,3,34,18,40,20,25,27,42,2,4,39,21,11,24,26,35,43,8,13,16,31,33,10,15,29,44,7,30,6,32,12,41,23,38,9,28,22
381,37,45,5,1,17,14,19,36,3,34,18,20,40,25,27,42,2,4,39,21,11,16,24,26,35,43,8,10,13,31,33,15,29,44,7,30,6,12,32,41,23,38,9,28,22
382,37,45,5,1,17,14,19,36,3,34,18,20,40,25,27,42,2,4,39,21,24,10,11,16,26,35,43,8,13,15,31,33,29,44,7,30,6,12,32,41,23,38,9,28,22
383,37,45,5,1,17,14,19,36,3,34,40,18,20,25,27,42,4,2,39,21,24,10,11,15,16,26,33,35,43,8,13,31,29,44,7,30,6,12,32,41,23,38,9,28,22
384,37,45,5,1,17,36,14,19,3,34,40,18,20,25,27,42,4,2,39,24,11,21,10,15,16,26,33,35,43,8,13,31,29,44,7,30,32,6,12,38,41,23,9,28,22
385,37,45,5,1,17,19,36,14,3,34,40,18,20,25,27,42,4,2,39,21,24,11,10,15,16,26,33,35,43,8,13,29,31,7,44,32,12,30,6,38,41,23,9,28,22
386,37,45,5,19,1,17,36,14,40,3,34,18,20,4,25,27,42,2,39,21,24,10,11,15,16,26,31,33,35,43,7,8,13,29,44,32,12,30,6,38,41,23,9,28,22
387,37,45,1,5,19,17,36,40,14,34,3,18,20,4,25,27,42,2,39,21,24,10,11,26,31,43,15,16,33,35,7,8,13,29,44,32,12,30,6,38,41,23,9,28,22
388,37,1,45,5,17,19,36,40,14,34,3,18,20,4,25,27,42,2,39,21,24,10,11,26,31,43,8,15,16,29,33,35,7,13,32,44,12,30,6,38,41,9,23,28,22
389,37,1,45,5,17,19,36,40,14,34,3,18,20,4,25,27,42,2,39,21,24,26,10,11,16,31,43,7,8,15,29,33,35,13,32,44,12,30,6,23,38,41,9,28,22
390,37,1,17,45,5,19,40,36,14,34,3,18,20,4,25,27,42,39,2,16,21,24,26,10,11,31,43,7,8,15,29,33,35,13,32,44,12,30,6,23,38,41,9,28,22
391,37,1,17,45,5,19,40,36,14,18,34,3,20,4,25,27,39,42,2,10,11,16,21,24,26,31,43,7,8,15,29,33,35,13,32,44,12,30,6,23,38,41,9,28,22
392,37,1,17,45,5,19,40,36,3,14,18,34,20,42,4,25,27,39,2,24,10,11,16,21,26,7,8,31,43,15,29,33,35,13,32,44,12,30,6,23,38,41,9,28,22
393,37,1,17,40,45,5,19,36,3,14,18,34,20,42,4,25,27,39,2,16,24,10,11,21,26,43,7,8,31,15,29,33,35,13,32,44,12,30,6,41,9,23,28,38,22
394,37,1,17,40,45,5,19,36,3,14,18,20,34,25,42,4,27,39,2,16,24,10,11,21,26,43,7,8,31,13,15,29,33,35,32,44,12,30,6,28,41,9,23,38,22
395,37,1,17,40,45,5,19,20,36,3,14,18,34,25,42,4,27,39,2,11,16,24,26,10,21,31,43,7,8,15,35,13,29,33,32,44,12,30,6,28,41,9,23,38,22
396,37,1,40,45,17,5,19,20,18,34,36,3,14,25,42,4,27,39,2,11,16,24,26,31,10,21,43,7,8,15,35,13,29,33,32,44,12,30,6,28,41,9,23,38,22
397,37,1,17,40,45,5,19,20,18,34,36,3,14,25,42,4,27,39,2,11,16,24,26,31,10,21,43,7,8,13,15,33,35,29,32,44,12,30,6,28,41,9,23,38,22
398,37,1,17,40,45,20,5,19,18,34,36,3,14,25,42,4,27,39,2,10,11,16,24,26,31,15,21,43,7,8,13,33,35,29,44,32,12,30,6,23,28,41,9,38,22
399,37,1,17,40,45,19,20,5,18,34,36,3,14,42,25,4,27,39,2,10,11,16,24,26,31,15,21,43,7,8,13,33,35,29,44,32,12,30,6,9,23,28,41,38,22
400,37,1,17,40,45,19,20,5,34,18,36,3,14,42,25,27,4,39,2,10,11,16,21,24,26,31,43,15,7,8,13,33,35,29,44,32,12,30,6,9,41,23,28,38,22
401,37,1,17,40,45,19,20,5,18,34,36,3,14,42,25,27,4,39,2,31,43,10,11,16,21,24,26,15,7,8,13,33,35,29,44,12,32,6,30,9,41,23,28,38,22
402,37,1,17,19,40,45,5,20,18,34,36,3,14,42,25,27,4,39,2,31,43,10,11,15,16,21,24,26,7,8,13,33,35,29,44,12,32,6,30,9,41,23,28,38,22
403,37,1,17,19,40,45,5,20,18,34,36,14,3,42,25,27,4,39,2,10,24,31,43,11,15,16,21,26,7,8,13,33,35,29,44,12,32,6,30,9,28,41,22,23,38
404,37,1,17,40,5,19,20,45,18,34,36,14,3,42,25,27,4,24,39,2,10,21,31,43,11,15,16,26,33,7,8,13,35,29,44,12,32,6,30,9,28,41,22,23,38
405,37,1,17,40,5,19,20,45,18,34,36,14,3,25,42,27,2,4,10,24,39,21,26,31,43,11,15,16,33,7,8,13,35,29,44,12,32,6,30,9,28,41,22,23,38
406,37,1,17,40,5,19,20,45,36,18,34,14,3,25,42,27,24,2,4,10,21,39,26,31,43,11,15,16,7,33,8,13,35,29,44,12,32,6,30,9,28,41,22,23,38
407,37,1,17,40,5,19,20,45,36,18,34,14,25,3,42,24,27,2,4,10,21,39,16,26,31,43,7,11,15,13,33,8,35,29,44,12,32,6,30,9,28,41,22,23,38
408,37,1,17,20,40,5,19,45,36,18,34,14,25,3,42,24,27,21,2,4,10,39,16,26,31,43,7,11,15,13,33,8,35,29,44,12,32,6,30,9,22,28,41,23,38
409,37,1,40,17,20,5,19,45,36,18,34,14,25,3,42,21,24,27,2,4,10,31,39,16,26,43,7,11,15,13,33,8,35,29,44,12,32,6,9,30,22,28,41,23,38
410,37,1,40,17,20,5,19,45,18,36,34,3,14,25,42,21,24,27,2,4,10,31,39,16,26,43,7,11,15,13,33,8,35,29,32,44,12,6,9,30,41,22,28,23,38
411,37,1,40,17,20,5,19,45,18,36,14,34,3,25,42,21,24,27,39,2,4,10,31,11,16,26,43,7,15,13,33,35,8,29,32,44,12,6,9,30,22,41,28,23,38
412,37,1,40,17,20,45,5,19,18,36,14,34,3,25,42,21,24,27,39,4,2,10,31,7,11,16,26,43,15,13,33,35,8,29,32,44,12,6,9,30,41,22,28,23,38
413,37,1,40,17,20,45,5,19,18,34,36,14,3,25,42,21,24,27,39,2,4,10,31,7,11,15,16,26,43,13,33,35,8,29,32,44,12,6,9,30,41,22,23,28,38
414,37,1,40,17,20,45,5,19,14,18,34,36,3,25,42,2,21,24,27,39,4,10,15,31,7,11,16,26,43,13,33,35,8,44,29,32,12,6,9,30,22,41,23,28,38
415,37,40,1,17,20,45,5,19,14,18,34,36,3,25,42,2,21,24,27,39,4,7,10,15,26,31,11,16,43,13,33,35,8,44,29,32,12,6,9,30,22,41,23,28,38
416,37,40,1,17,20,5,45,19,14,18,34,36,3,25,42,2,21,24,27,39,4,26,7,10,11,15,31,16,43,8,13,33,35,44,29,32,6,12,9,30,22,41,23,28,38
417,37,40,1,20,5,17,45,14,19,18,34,36,3,25,42,2,4,21,24,27,39,26,7,10,11,15,31,43,16,8,13,33,35,44,29,32,6,12,9,22,30,41,23,28,38
418,37,40,1,20,5,17,45,14,19,34,18,36,3,25,42,2,4,21,24,26,27,39,11,15,7,10,31,43,16,13,8,33,35,44,29,32,6,12,9,22,30,41,23,28,38
419,37,40,1,20,5,17,14,45,19,34,18,36,3,25,42,2,4,11,21,24,26,27,39,15,7,10,31,43,13,16,8,33,35,44,29,32,6,12,30,9,22,28,41,23,38
420,37,40,1,20,5,17,14,34,45,19,18,36,3,25,42,2,4,11,21,24,26,27,39,10,15,31,7,43,13,16,8,33,35,29,44,32,6,9,12,30,22,28,41,23,38
421,37,40,1,20,5,17,14,34,45,19,18,36,3,25,42,2,4,11,26,27,21,24,39,10,15,31,7,43,13,16,8,33,35,44,29,6,32,9,12,30,22,28,41,23,38
422,37,40,1,20,5,17,34,14,19,45,18,36,3,25,42,2,4,11,21,26,27,15,24,39,10,31,7,43,13,16,8,44,33,35,29,6,32,9,12,30,22,28,41,23,38
423,37,40,1,17,20,5,34,14,19,45,18,36,3,25,27,42,2,4,11,21,26,15,24,39,10,31,7,43,13,16,8,44,29,33,35,6,32,9,12,30,22,28,41,23,38
424,37,40,1,17,20,34,5,14,19,45,18,36,3,11,25,26,27,42,2,4,21,10,15,24,31,39,7,43,13,16,44,8,29,33,35,6,32,9,12,30,22,28,41,23,38
425,37,40,1,17,20,34,5,14,19,45,18,36,27,3,11,25,26,42,2,4,10,21,15,24,31,39,7,43,8,13,16,44,33,29,35,6,32,9,12,30,22,28,41,23,38
426,37,40,1,17,20,34,5,14,19,45,18,27,36,3,4,11,25,26,42,2,10,21,39,15,24,31,43,7,8,13,16,44,33,29,35,6,32,9,12,30,22,28,41,23,38
427,37,40,1,17,20,34,5,14,19,45,18,27,36,3,4,11,25,26,42,2,10,15,21,24,39,31,7,43,8,13,16,44,33,29,35,6,30,32,9,12,28,22,41,23,38
428,37,40,1,17,20,34,5,14,19,45,18,27,36,3,4,11,25,26,42,2,10,15,21,24,39,31,7,43,16,8,13,44,33,29,35,6,12,30,32,9,22,28,41,23,38
429,37,40,1,17,34,20,5,14,19,45,18,27,36,3,42,4,11,25,26,39,2,10,15,21,24,31,7,43,16,8,13,44,33,29,35,6,12,28,30,32,9,22,23,41,38
430,37,40,1,34,17,20,5,14,19,18,45,3,27,36,42,4,11,25,26,39,2,10,15,21,24,31,7,16,43,8,13,44,33,29,35,6,30,12,28,32,9,22,23,41,38
431,37,40,1,34,17,20,5,14,18,19,45,3,27,36,25,42,4,11,26,39,2,10,15,21,24,31,7,16,43,8,13,44,33,29,35,6,30,12,22,28,32,9,23,41,38
432,37,40,1,34,17,5,20,14,18,19,45,3,27,36,11,25,39,42,2,4,26,10,15,21,24,31,7,16,43,8,13,44,33,29,35,6,30,12,22,28,32,9,23,41,38
433,37,40,1,34,17,5,19,20,14,18,45,3,27,36,11,25,39,42,2,4,26,10,15,21,24,31,43,7,16,8,13,33,44,29,35,6,30,12,22,28,32,9,23,41,38
434,37,40,1,34,17,20,5,19,14,18,45,3,27,36,11,25,39,42,2,4,24,26,10,15,21,31,43,7,16,13,33,8,44,29,35,6,30,12,22,28,32,9,23,41,38
435,37,40,1,34,17,20,5,19,45,14,18,3,27,36,11,25,26,39,42,2,4,24,10,15,21,31,16,43,7,8,13,33,44,29,35,30,6,12,22,28,32,9,23,38,41
436,37,40,1,34,20,17,5,14,19,45,18,3,27,36,11,25,26,39,42,2,4,24,10,15,21,31,16,43,7,33,8,13,44,29,35,30,6,22,9,12,28,32,23,38,41
437,37,40,1,34,20,17,5,14,19,45,18,3,27,11,36,25,26,39,42,2,4,24,10,15,16,21,31,43,7,33,8,13,44,29,35,30,6,22,9,12,28,32,23,38,41
438,37,40,1,20,34,17,5,14,19,45,18,3,27,11,26,36,25,39,42,2,4,24,10,15,16,21,31,43,7,33,8,13,29,44,35,6,30,12,22,9,28,32,38,23,41
439,37,40,20,1,34,17,5,14,19,45,18,3,27,11,26,36,25,39,42,2,4,24,31,10,15,16,21,43,7,33,8,13,29,44,30,35,6,12,22,9,28,32,38,23,41
440,37,40,20,34,1,17,5,14,19,45,18,3,27,36,11,26,25,39,42,2,4,10,24,31,15,16,21,43,7,33,44,8,13,29,30,35,6,22,12,28,9,32,38,23,41
441,37,34,40,1,20,17,5,14,19,45,18,3,27,36,11,26,25,39,42,2,4,10,24,31,15,16,21,43,7,33,44,8,13,29,30,35,6,22,28,12,9,32,23,38,41
442,37,40,34,1,20,17,5,14,19,45,18,3,27,36,11,25,26,39,42,2,4,10,24,31,15,16,21,43,7,29,33,44,8,13,30,35,6,22,28,12,9,32,38,23,41
443,37,40,20,34,1,17,19,5,14,45,18,3,27,36,11,25,26,4,10,39,42,2,24,31,15,16,21,43,44,7,29,33,8,13,30,35,6,22,28,12,9,32,38,23,41
444,37,40,20,34,1,17,19,45,5,14,18,3,27,36,11,25,26,4,10,39,42,2,24,31,15,16,21,43,44,7,13,29,33,8,35,30,6,22,28,12,9,32,23,38,41
445,20,37,40,34,1,17,45,19,5,14,18,3,27,36,11,25,26,39,4,10,42,2,21,24,31,15,16,43,13,44,7,29,33,8,30,35,6,22,28,12,9,32,23,38,41
446,20,37,40,1,34,17,45,14,19,5,18,3,11,27,36,26,25,39,4,10,42,2,21,24,31,15,16,43,13,44,7,29,33,35,8,30,6,12,22,28,9,32,23,38,41
447,20,37,40,1,34,17,45,14,19,5,18,3,11,27,36,26,25,39,2,4,10,42,21,24,31,15,16,43,7,13,33,44,8,29,35,30,6,12,22,28,9,32,23,38,41
448,40,20,37,1,34,17,45,14,19,5,3,18,27,11,36,26,25,39,2,4,10,42,21,24,31,7,13,15,16,43,33,44,8,29,35,30,6,12,22,28,9,32,23,38,41
449,20,40,37,1,34,17,45,14,19,3,5,18,27,11,26,36,10,25,39,2,4,42,21,24,31,43,7,13,15,16,33,35,44,8,29,30,6,12,22,28,9,32,23,38,41
450,20,40,37,1,34,17,14,19,45,3,5,18,27,11,26,36,10,25,39,2,4,21,31,42,24,43,7,13,15,16,33,35,44,8,29,30,6,12,22,28,9,23,32,38,41
451,20,40,37,1,34,17,14,19,45,3,5,18,27,11,26,36,10,25,39,2,4,21,24,31,42,15,43,7,13,16,33,35,44,8,29,30,6,12,22,28,9,23,32,38,41
452,20,40,34,37,1,17,14,19,45,3,5,18,27,11,26,36,10,25,39,2,4,21,24,31,42,15,43,7,13,16,8,30,33,35,44,29,6,12,22,28,9,32,23,38,41
453,20,40,34,37,1,17,14,19,45,3,5,18,27,11,26,36,10,24,25,39,42,2,4,21,31,15,43,7,13,16,33,8,30,35,44,29,6,12,22,28,9,32,38,23,41
454,20,40,34,37,1,17,14,19,45,3,5,18,27,11,26,36,10,25,24,39,42,2,4,21,31,13,15,43,7,16,33,8,30,35,44,29,6,12,22,28,38,9,32,23,41
455,20,40,34,37,1,17,19,14,45,3,5,18,27,26,11,36,10,25,4,24,39,42,2,21,31,13,15,43,7,16,30,33,35,8,44,29,6,12,22,28,38,9,32,23,41
456,20,40,34,1,37,17,19,14,45,18,27,3,5,26,11,36,10,25,4,24,39,42,2,21,31,7,13,15,43,16,30,33,35,8,44,29,12,6,22,28,38,9,23,32,41
457,20,40,34,1,37,17,19,14,18,27,45,3,5,26,10,11,36,25,4,24,39,42,2,21,31,7,13,15,43,8,16,30,33,35,44,29,12,6,22,23,28,38,9,32,41
458,40,20,34,1,37,17,19,14,18,27,45,3,5,10,26,36,11,4,25,24,39,42,2,21,31,7,13,15,43,8,16,30,33,35,44,29,12,6,9,22,23,28,32,38,41
459,40,20,34,1,37,14,17,19,18,27,45,3,5,10,26,36,4,11,25,24,39,42,2,21,31,7,13,15,43,8,16,30,33,35,44,29,6,12,9,22,23,28,32,38,41
460,40,20,34,1,37,14,17,19,45,18,27,3,5,10,11,26,36,4,25,24,39,42,2,21,31,43,7,8,13,15,30,16,33,35,44,29,6,12,28,9,22,23,32,38,41
461,40,20,34,37,1,14,17,18,19,45,27,3,5,10,11,26,36,4,25,24,31,39,42,2,21,43,7,8,13,15,30,16,33,35,44,29,6,12,28,9,22,23,32,38,41
462,40,20,37,34,1,45,14,17,18,19,27,3,5,10,11,26,36,4,25,24,31,39,42,2,21,43,7,8,13,15,30,16,33,35,44,29,6,12,28,32,9,22,23,38,41
463,40,20,34,37,1,45,14,17,18,19,27,3,5,10,11,26,36,4,25,24,31,39,42,2,21,43,7,8,13,15,30,33,16,35,44,29,6,12,23,28,32,9,22,38,41
464,40,20,34,37,1,45,14,17,18,19,27,3,5,10,11,26,36,4,25,24,31,42,39,2,15,21,43,7,8,13,30,33,44,16,35,29,6,12,23,28,32,9,22,38,41
465,40,20,34,37,1,45,14,17,18,19,27,3,11,5,10,26,36,4,25,24,31,42,39,2,8,13,15,21,43,7,30,33,44,16,35,29,6,12,22,23,28,32,38,9,41
466,40,20,34,37,1,45,14,17,18,19,27,3,10,11,5,26,4,36,25,24,31,42,13,39,2,8,15,21,43,44,7,30,33,16,35,29,6,12,23,32,22,28,38,9,41
467,40,20,34,37,1,14,17,45,18,19,27,3,10,11,5,26,4,36,24,25,31,42,2,13,39,8,15,21,43,44,7,30,33,16,35,12,29,6,23,32,22,28,38,9,41
468,40,20,34,37,1,14,17,45,18,19,27,3,10,11,5,26,4,36,24,25,13,31,42,2,8,15,39,43,21,44,7,30,33,16,35,12,29,6,23,28,32,22,38,9,41
469,40,20,34,37,1,14,17,45,18,19,27,3,10,11,4,5,26,36,24,25,13,31,42,2,8,15,21,39,43,44,7,30,33,16,35,12,29,6,22,23,28,32,38,9,41
470,40,20,34,37,1,14,17,45,18,19,10,27,3,11,4,5,26,36,24,25,42,13,31,39,2,8,15,21,43,44,7,16,30,33,35,12,29,6,22,23,28,32,38,9,41
471,40,20,37,34,1,14,17,45,18,19,10,27,3,11,4,5,26,36,13,24,25,39,42,31,2,8,15,21,43,44,7,16,30,33,29,35,6,12,22,23,28,32,38,9,41
472,40,20,37,34,1,14,17,45,18,19,10,27,3,11,26,4,5,36,25,13,24,31,39,42,43,2,8,15,21,16,44,7,30,33,29,35,6,12,22,23,28,32,38,9,41
473,40,20,37,34,1,14,17,45,18,19,10,27,3,11,26,36,4,5,13,25,24,31,39,42,8,43,2,15,21,16,44,7,30,33,29,35,6,12,22,23,28,32,38,9,41
474,40,20,37,34,1,45,14,17,18,19,10,27,3,4,11,26,36,5,13,25,31,24,39,42,8,43,2,15,21,16,33,44,7,30,29,35,6,12,22,23,28,32,38,9,41
475,40,20,37,34,1,14,45,17,18,19,10,27,3,4,11,26,36,5,13,25,31,24,39,42,8,21,43,2,15,16,33,44,7,29,30,35,6,12,22,23,28,32,38,9,41
476,40,20,37,34,1,14,45,17,18,19,10,27,3,4,11,13,26,36,5,25,31,24,39,42,8,15,21,43,2,16,33,44,7,29,30,12,35,6,22,23,38,9,28,32,41
477,40,20,37,34,1,14,45,17,18,19,10,27,3,4,11,13,26,36,5,25,31,24,39,42,8,15,21,43,2,16,33,29,44,7,30,12,35,6,22,23,32,38,9,28,41
478,37,40,20,34,1,14,45,18,17,19,10,27,3,4,11,13,26,36,5,25,31,39,24,42,43,8,15,21,2,16,29,33,30,44,7,12,35,6,22,23,32,38,9,28,41
479,37,40,20,34,1,14,45,18,17,19,27,10,3,4,11,13,25,26,36,5,31,39,8,24,42,43,15,21,2,16,29,33,44,30,7,35,12,6,23,22,32,38,9,28,41
480,37,40,20,34,1,14,45,17,18,10,19,27,3,4,5,11,13,25,26,36,31,39,8,24,42,43,15,21,2,16,29,30,33,44,7,35,12,6,23,22,32,38,9,28,41
481,40,37,20,34,1,14,45,17,18,3,10,19,27,4,5,11,13,25,26,36,31,39,8,24,42,43,15,21,29,2,16,30,33,44,7,35,12,6,23,22,32,38,9,28,41
482,40,37,20,34,1,14,45,17,18,10,3,19,27,4,25,5,11,13,26,36,31,24,39,8,42,43,15,16,21,29,2,30,33,44,35,7,12,6,23,22,32,38,9,28,41
483,40,37,20,34,1,14,45,17,18,10,19,3,27,4,25,5,11,13,26,36,31,24,39,8,15,42,43,16,21,29,2,30,33,44,35,7,12,6,23,22,28,32,38,9,41
484,40,37,20,34,1,45,14,17,18,3,10,19,27,4,25,5,11,13,26,36,31,24,39,8,15,42,43,16,21,29,2,30,33,44,35,7,12,6,23,22,28,32,38,9,41
485,40,37,20,34,1,45,14,17,18,27,3,10,19,4,25,26,36,5,11,13,31,39,24,8,15,42,43,16,21,29,2,30,33,44,35,7,12,6,22,23,28,32,38,9,41
486,40,37,20,1,34,45,14,17,18,27,3,10,19,25,4,26,36,5,11,13,31,39,24,8,15,42,43,2,16,21,29,30,33,44,35,7,12,23,6,22,28,32,38,9,41
487,40,37,20,1,34,45,14,17,27,18,3,10,19,25,4,26,36,5,11,13,31,39,8,24,15,42,43,2,16,21,29,30,33,44,35,7,12,23,6,22,28,32,38,9,41
488,40,37,20,1,34,17,45,14,27,18,3,10,19,25,4,26,36,5,11,13,31,8,39,24,2,15,42,43,16,21,29,30,33,44,35,7,12,23,6,22,38,28,32,9,41
489,40,37,20,1,34,17,27,45,14,18,3,4,10,19,25,26,36,5,8,11,13,31,39,2,15,24,42,43,16,21,29,30,33,44,35,7,12,23,6,22,38,28,32,9,41
490,40,37,20,1,34,17,27,45,14,18,3,4,10,19,25,26,36,5,8,11,13,31,2,39,15,24,43,29,42,16,21,30,33,44,7,35,12,23,6,22,38,28,32,9,41
491,40,37,20,1,34,17,27,45,14,18,3,4,10,19,25,26,36,8,5,11,13,31,39,2,15,24,42,43,29,16,21,30,33,35,44,7,12,23,6,22,38,28,32,9,41
492,40,37,20,1,34,17,27,45,14,18,3,4,10,19,25,26,36,8,31,5,11,13,39,2,15,24,42,43,29,16,21,30,35,33,44,7,12,22,23,6,38,28,32,9,41
493,40,37,20,1,34,17,27,45,14,18,3,4,10,19,25,26,36,8,31,5,11,13,39,2,15,24,42,43,29,16,21,30,33,35,44,7,12,22,23,6,38,28,32,9,41
494,40,37,20,1,34,17,27,45,14,18,3,4,10,19,25,26,36,8,5,31,11,13,39,2,15,43,24,42,29,30,16,21,33,35,7,44,12,22,23,6,38,28,32,9,41
495,40,37,20,34,1,27,17,45,14,4,18,3,10,19,25,26,36,8,5,13,31,11,39,2,15,43,24,42,29,30,16,21,33,35,44,7,22,12,23,6,38,28,32,9,41
496,40,37,20,34,1,27,17,45,4,14,18,36,3,10,19,25,26,8,13,5,31,11,39,2,15,43,24,29,42,30,16,21,33,35,44,7,22,12,23,6,38,28,32,9,41
497,40,20,37,34,1,27,17,45,4,14,18,19,36,3,10,25,26,8,13,5,31,11,39,43,2,15,24,29,42,30,44,16,21,33,35,7,22,12,23,6,38,28,32,9,41
498,40,20,37,34,1,27,17,14,45,4,18,19,36,3,10,13,25,26,8,5,31,39,11,24,43,2,15,29,42,30,44,16,21,33,35,7,22,12,23,6,32,38,28,41,9
499,40,20,37,34,1,27,17,14,45,4,18,19,36,3,10,13,25,26,5,8,31,39,11,24,43,2,15,29,42,30,35,44,16,21,33,7,22,23,12,6,32,38,28,41,9
500,20,40,37,34,1,27,17,4,14,45,3,18,19,36,10,13,25,26,5,8,24,31,39,11,43,2,15,29,42,30,35,44,16,21,33,7,12,22,23,6,32,38,28,41,9
501,20,40,37,34,1,27,17,4,14,45,3,10,18,19,36,13,25,26,5,8,31,24,39,11,43,2,15,42,29,30,35,44,16,21,33,7,12,22,23,6,32,38,28,41,9
502,40,20,37,34,1,27,17,4,14,45,3,10,18,19,36,13,25,26,5,8,31,24,39,11,43,2,15,42,29,30,35,44,16,21,33,7,22,12,23,6,32,28,38,41,9
503,40,20,37,34,1,27,17,4,14,45,36,3,10,18,19,5,13,25,26,8,31,24,39,11,43,2,15,42,29,30,35,44,16,21,33,7,22,12,23,6,32,28,38,41,9
504,40,20,37,34,1,27,17,4,14,45,36,3,10,18,19,26,5,13,25,8,31,24,39,43,11,2,15,42,29,30,44,35,16,21,22,33,7,12,23,6,32,28,38,41,9
505,40,20,37,34,1,27,17,4,14,45,36,3,10,18,19,25,26,5,13,8,31,24,39,43,11,2,15,42,29,30,44,22,35,7,16,21,33,12,23,6,32,38,28,41,9
506,40,20,37,34,1,27,17,4,14,45,36,3,10,18,19,25,26,5,13,8,24,31,11,39,43,2,15,30,42,22,29,44,35,7,16,21,33,6,12,23,32,38,28,9,41
507,40,20,37,34,1,27,17,4,14,45,36,3,10,13,18,19,25,26,5,8,24,31,11,39,43,2,15,30,42,22,29,44,33,35,7,16,21,12,6,23,32,38,28,41,9
508,40,20,34,37,1,27,17,4,14,45,36,3,5,10,13,18,19,25,26,31,8,24,43,11,39,2,15,30,42,22,29,35,44,33,7,16,21,12,6,23,32,38,28,41,9
509,40,20,34,37,1,27,17,4,14,45,25,36,3,5,10,13,18,19,26,31,43,8,24,11,39,42,2,15,29,30,35,22,44,33,7,12,16,21,6,23,32,38,28,41,9
510,40,20,34,37,1,27,17,4,14,45,25,36,3,5,10,13,18,19,26,31,43,8,24,39,11,29,42,2,15,30,35,22,33,44,12,7,16,21,6,23,32,38,28,41,9
511,40,20,34,37,1,27,14,17,4,45,3,25,26,36,5,10,13,18,19,31,43,8,24,39,11,42,29,2,15,30,35,22,33,44,7,12,16,21,23,6,32,38,28,41,9
512,40,20,34,37,1,27,4,14,17,26,45,3,5,13,25,36,10,18,19,31,43,8,24,39,11,42,29,2,15,30,35,22,33,44,7,12,16,21,23,6,32,38,28,9,41
513,40,20,34,37,27,1,4,14,17,5,26,45,3,13,25,36,10,18,19,8,31,43,24,39,11,42,29,2,15,30,33,35,22,44,7,12,21,16,23,6,32,38,28,9,41
514,40,20,34,37,1,27,4,14,17,26,5,45,3,13,25,36,10,18,19,8,31,43,24,39,42,11,15,29,35,2,30,33,22,44,7,12,21,16,23,6,32,38,28,9,41
515,40,20,37,34,1,27,4,14,17,26,5,45,3,13,25,36,10,18,19,8,31,43,11,24,39,42,15,2,29,35,30,33,12,22,44,7,21,23,16,6,32,38,28,9,41
516,40,20,37,34,1,27,4,14,17,26,5,45,3,13,25,36,8,10,18,19,43,31,11,24,39,42,2,15,29,35,30,33,44,12,22,23,7,21,16,6,32,38,28,41,9
517,40,20,37,34,1,27,4,14,17,26,5,36,45,3,13,25,8,10,18,19,43,31,11,24,39,42,2,15,29,35,12,30,33,44,22,23,7,21,16,6,32,28,38,41,9
518,40,20,34,37,1,27,14,4,17,26,5,36,45,3,13,25,8,10,18,19,43,31,11,24,39,42,2,15,29,30,35,12,23,33,44,22,7,21,16,32,6,38,28,41,9
519,40,20,34,37,1,27,14,4,17,26,5,13,36,45,3,8,25,43,10,18,19,31,11,24,39,42,2,15,30,29,35,12,23,33,44,22,7,16,21,6,32,38,28,41,9
520,40,20,34,37,1,27,4,14,17,26,5,13,36,45,3,8,25,43,10,18,19,31,11,24,39,42,2,15,30,29,35,12,22,23,33,44,7,16,21,6,32,38,28,41,9
521,40,20,34,37,1,27,4,14,17,26,36,3,5,13,45,8,18,25,43,10,19,31,11,24,39,42,2,15,29,30,35,12,22,23,33,44,7,16,21,32,6,38,28,41,9
522,40,20,37,34,1,27,4,14,17,5,13,26,36,3,45,8,18,25,43,10,19,31,11,24,39,42,2,15,29,30,35,12,22,23,33,44,7,16,21,32,6,38,28,41,9
523,40,20,37,34,1,27,4,14,17,5,13,26,36,45,3,8,18,25,43,10,19,31,11,24,39,42,2,15,29,30,35,12,22,23,33,44,7,16,21,32,6,38,28,41,9
524,40,20,37,34,1,27,4,14,17,45,5,13,26,36,3,8,10,18,25,43,19,11,31,24,29,39,42,2,15,30,35,12,22,23,33,44,7,16,21,32,38,6,41,28,9
525,40,20,37,34,1,27,4,14,17,26,45,5,13,36,3,8,10,18,25,43,11,19,29,31,39,24,42,2,15,30,23,35,44,12,22,33,7,16,21,32,38,6,41,28,9
526,40,20,37,34,1,27,4,14,17,26,45,5,13,36,3,8,10,18,25,43,11,19,39,29,31,24,42,2,15,30,35,23,44,7,12,22,33,16,21,32,38,6,41,28,9
527,40,20,37,1,34,27,4,14,17,26,45,5,13,36,3,8,10,18,25,43,11,19,39,29,31,42,24,2,15,30,35,12,22,23,33,44,7,16,21,32,38,6,41,28,9
528,40,20,37,1,34,27,4,14,17,5,26,45,13,36,3,25,8,10,18,39,43,11,19,31,29,42,24,2,15,30,35,12,22,23,33,44,7,16,21,32,38,6,41,28,9
529,40,20,37,1,34,27,4,14,17,5,26,45,13,36,3,18,25,8,10,31,39,43,11,19,42,24,29,2,15,30,35,12,22,23,33,44,7,16,21,32,38,6,41,28,9
530,40,20,37,1,27,34,4,14,17,5,26,45,13,36,3,18,25,8,10,31,39,43,11,19,29,42,24,2,15,23,30,33,35,12,22,44,7,16,21,32,38,6,41,28,9
531,40,20,37,1,27,34,4,14,17,5,26,45,13,36,3,18,25,8,10,31,39,43,11,19,29,42,24,35,2,15,23,30,33,12,22,44,7,16,21,32,38,6,41,28,9
532,40,20,37,1,27,34,4,14,17,5,26,45,13,36,3,18,25,8,10,29,31,39,43,11,19,24,42,23,35,2,15,30,33,44,12,22,7,16,21,32,38,6,41,28,9
533,40,20,37,1,27,34,14,17,4,5,26,45,13,36,3,18,25,31,8,10,29,39,43,11,19,24,42,15,23,33,35,2,30,44,12,22,7,16,21,32,38,6,41,9,28
534,40,20,37,1,27,34,14,17,4,5,26,45,13,36,3,10,18,25,29,31,8,24,39,43,11,19,42,15,23,33,35,2,30,44,12,22,7,16,21,32,38,6,41,9,28
535,40,20,37,1,27,34,14,17,4,5,26,45,13,18,36,3,10,25,29,31,39,8,11,24,43,19,42,15,23,33,35,2,12,30,44,22,7,16,21,32,38,6,41,9,28
536,40,20,37,1,27,34,14,17,4,5,26,18,45,13,36,3,8,10,25,29,31,39,43,11,24,19,42,15,23,33,35,2,12,30,44,7,22,16,21,32,38,6,41,9,28
537,40,20,37,1,27,34,14,17,4,26,5,18,36,45,13,43,3,8,10,25,29,31,39,11,24,19,42,15,23,12,30,33,35,2,44,7,22,16,21,32,38,6,41,9,28
538,40,20,37,1,27,34,14,17,4,26,5,18,36,45,10,13,31,43,3,8,25,29,39,11,24,19,42,15,23,12,30,33,35,2,44,7,22,16,32,21,38,6,41,9,28
539,40,20,37,1,27,34,14,17,4,26,5,18,31,36,43,45,3,10,13,8,25,29,39,11,19,24,42,15,23,12,30,33,35,2,22,44,7,16,32,21,38,6,41,9,28
540,40,20,37,34,1,27,14,17,4,26,5,18,36,3,13,31,43,45,10,8,25,29,39,11,19,24,42,15,12,23,30,33,35,2,22,44,7,16,32,21,38,6,41,9,28
541,40,20,37,34,1,27,14,17,4,26,5,13,18,36,3,31,43,45,8,10,25,29,39,11,19,24,42,15,12,23,30,33,35,2,22,44,7,32,16,21,38,6,41,28,9
542,40,20,37,34,1,27,14,17,26,4,5,13,18,36,45,3,31,43,8,10,19,25,29,39,11,24,42,15,12,23,30,33,35,2,22,44,7,32,16,21,6,38,41,28,9
543,40,20,34,37,1,27,14,26,17,4,5,13,18,31,36,45,3,43,8,10,19,25,29,39,11,24,42,15,12,23,30,33,35,44,2,22,7,32,16,21,6,38,41,28,9
544,40,20,34,37,1,27,14,17,26,4,5,13,18,36,31,45,3,43,8,10,25,19,29,39,11,24,42,15,12,23,44,30,33,35,2,22,7,32,16,21,6,38,41,28,9
545,40,20,34,37,27,1,14,17,26,4,5,13,18,36,31,45,3,25,43,8,10,19,24,29,39,11,42,15,12,23,35,44,30,33,2,22,7,32,16,21,6,38,41,28,9
546,40,20,34,37,27,1,17,14,26,4,5,13,18,36,31,43,45,3,8,25,10,19,24,29,39,11,42,15,12,23,35,44,30,33,2,22,7,32,16,21,6,38,41,28,9
547,40,20,34,37,27,1,17,14,26,4,5,13,18,36,31,43,45,3,8,25,10,39,19,24,29,11,15,42,12,23,35,44,22,30,33,2,7,32,16,21,6,38,41,28,9
548,40,20,34,37,27,1,17,14,26,4,5,13,18,36,45,31,43,3,8,25,10,39,19,24,29,11,15,42,12,23,35,44,22,30,33,2,7,32,21,16,6,38,41,28,9
549,40,20,34,37,27,1,17,14,26,4,5,13,18,31,36,45,43,3,8,25,10,29,39,19,24,11,15,42,12,35,44,23,22,30,33,2,7,32,21,16,6,38,41,28,9
550,40,20,34,37,1,27,14,17,26,4,5,13,18,31,36,45,43,3,8,25,10,29,39,19,24,11,15,42,12,35,44,23,7,22,30,33,2,32,21,16,6,38,41,28,9
551,40,20,34,37,27,1,14,17,26,4,5,13,18,31,36,45,3,43,8,25,10,24,29,39,19,11,15,42,44,12,35,23,7,22,30,33,2,32,21,6,16,38,41,28,9
552,40,20,34,37,1,27,14,17,26,4,5,13,18,31,36,45,3,43,8,10,25,24,29,39,19,11,15,35,42,44,12,23,7,22,30,32,33,2,21,6,16,38,41,28,9
553,40,20,34,37,1,27,17,14,26,4,5,13,18,31,36,45,3,43,8,10,25,29,39,24,19,11,15,35,42,44,12,7,23,2,22,30,32,33,21,6,16,38,41,28,9
554,40,20,34,37,1,27,17,14,26,4,13,5,18,31,36,45,3,43,8,10,25,29,39,24,19,42,11,15,35,44,12,7,23,32,2,22,30,33,21,6,16,38,41,28,9
555,40,20,34,37,1,27,17,14,26,4,13,5,36,18,31,45,3,43,8,10,24,25,29,39,11,19,42,15,35,44,12,7,23,32,2,22,30,33,21,6,16,38,41,28,9
556,20,40,34,37,1,27,17,14,26,4,13,5,36,18,31,45,3,43,8,10,24,25,29,39,11,19,42,44,12,15,35,23,7,30,32,2,22,33,21,6,16,38,41,28,9
557,20,40,34,37,1,27,17,14,26,4,13,5,36,18,31,45,3,43,8,10,24,25,29,39,11,19,35,42,44,12,15,23,7,30,32,2,22,33,21,6,16,38,28,41,9
558,40,20,34,37,1,27,17,26,14,4,13,5,36,18,31,43,45,3,8,10,24,25,29,39,19,11,12,15,35,42,44,23,7,30,32,2,22,33,21,6,16,38,28,41,9
559,40,20,34,37,1,27,17,26,14,4,13,5,36,45,18,31,43,3,25,8,10,24,29,39,11,12,19,44,15,35,42,23,32,7,30,2,22,33,21,6,16,38,28,41,9
560,20,40,34,37,1,27,17,26,14,4,13,45,5,36,18,31,43,3,25,29,8,10,24,39,11,12,19,44,15,35,42,23,32,7,30,2,22,33,21,6,16,38,28,41,9
561,20,40,34,37,1,27,17,26,14,4,45,5,13,18,36,31,43,3,25,29,8,10,24,39,11,12,19,42,44,15,35,23,7,32,30,2,22,33,21,6,16,38,28,41,9
562,20,40,34,37,1,27,17,26,4,14,13,45,5,18,31,36,43,3,25,29,8,10,11,24,39,12,19,42,44,15,35,23,7,32,30,2,22,33,21,6,16,38,28,41,9
563,20,40,34,37,1,27,17,26,4,14,5,13,45,31,18,36,43,3,10,25,29,8,11,24,39,12,19,42,44,15,35,23,32,7,30,2,22,33,21,16,6,38,28,41,9
564,20,40,34,37,1,27,17,26,14,4,5,13,45,31,18,36,25,43,3,10,29,8,11,19,24,39,12,42,44,15,35,23,32,7,30,2,22,33,21,16,6,38,28,41,9
565,20,40,34,37,27,1,17,26,4,14,45,5,13,18,31,36,10,25,43,3,29,8,11,19,24,39,12,42,44,15,35,23,32,7,30,2,22,33,21,16,6,38,28,41,9
566,20,40,34,37,27,1,17,26,4,14,5,45,13,18,31,25,36,43,10,3,29,8,11,19,24,39,12,42,44,15,35,23,32,7,30,2,22,33,21,6,16,38,28,41,9
567,20,40,34,37,1,27,17,26,4,14,5,45,13,18,31,10,25,36,43,3,29,8,11,19,24,39,12,15,42,44,32,35,23,7,30,2,22,33,16,21,6,38,41,28,9
568,20,40,34,1,37,27,17,26,4,14,5,45,13,31,18,10,25,36,43,3,29,8,11,19,24,39,44,12,15,42,32,35,23,7,30,2,22,33,16,21,6,38,41,28,9
569,20,40,34,1,37,27,17,26,4,14,5,13,45,31,18,3,10,25,36,43,24,29,8,11,19,39,44,12,15,35,42,23,32,7,30,2,22,33,6,16,21,38,41,28,9
570,20,40,1,34,27,37,17,26,4,14,5,13,45,31,18,3,10,25,36,43,29,24,8,11,12,19,39,44,15,35,42,23,32,7,30,33,2,22,6,16,21,38,41,28,9
571,20,40,1,34,27,37,17,26,4,14,5,13,45,18,31,43,3,10,25,36,29,11,24,8,12,19,39,44,15,35,42,23,32,7,30,33,2,21,22,6,16,38,41,28,9
572,20,40,1,34,37,27,17,26,4,14,13,45,5,18,31,3,43,10,25,36,29,11,24,8,12,19,39,44,15,35,42,23,32,7,33,30,2,21,22,6,16,38,41,28,9
573,20,40,34,1,37,27,17,26,4,14,13,45,5,18,31,43,3,10,25,36,29,11,24,8,12,19,35,39,44,15,42,23,32,7,33,2,30,21,22,6,16,38,41,28,9
574,20,40,34,1,37,27,17,26,4,14,13,45,5,18,43,31,3,25,10,36,29,11,19,24,8,12,15,35,39,44,42,23,32,7,33,2,30,16,21,22,6,38,41,28,9
575,20,40,34,1,37,27,17,26,4,14,13,45,5,18,43,31,3,25,10,36,29,8,11,19,24,12,15,35,39,44,42,23,32,33,2,7,30,16,21,22,6,38,41,28,9
576,20,40,34,1,37,27,17,26,4,14,13,45,5,18,43,25,31,3,10,36,11,29,8,15,19,24,35,12,39,44,42,23,32,33,2,7,30,16,21,22,6,38,41,28,9
577,20,40,34,37,1,27,17,26,4,14,13,45,5,18,31,43,25,3,10,36,11,29,8,15,19,24,35,12,39,44,42,23,32,33,2,7,30,16,22,21,6,38,41,28,9
578,20,40,34,37,1,27,17,26,4,14,5,13,45,18,31,43,25,3,10,36,11,29,8,12,15,19,24,35,39,42,44,32,23,33,2,7,30,16,22,21,6,38,41,28,9
579,20,40,34,37,1,27,17,26,4,14,5,13,45,18,31,43,25,3,10,36,11,29,8,12,15,19,24,35,42,39,44,32,23,7,33,2,22,30,16,21,6,38,41,28,9
580,20,40,34,37,1,27,17,26,4,14,5,13,45,18,31,43,25,3,10,11,36,29,35,8,12,15,19,24,42,32,39,44,7,23,33,2,22,30,16,21,6,38,41,28,9
581,20,40,34,37,1,27,17,26,14,4,5,13,45,18,31,43,3,25,10,11,36,29,35,42,8,12,15,19,24,44,32,39,7,23,33,2,22,30,16,21,6,38,41,28,9
582,20,40,34,37,1,27,17,14,26,4,5,13,45,18,31,43,3,25,10,11,36,12,29,35,42,8,15,19,24,44,32,39,7,23,33,2,22,30,16,21,6,41,38,28,9
583,20,40,34,37,1,27,17,14,26,4,5,13,45,18,31,43,3,25,10,11,36,8,12,29,35,42,44,15,19,24,32,39,33,7,23,2,22,30,16,21,6,41,38,28,9
584,20,40,34,37,1,27,17,14,26,4,5,13,18,45,31,43,3,25,10,11,36,8,12,29,35,42,44,15,19,24,39,32,7,33,23,2,30,22,16,21,6,41,38,28,9
585,20,40,34,37,1,27,17,14,26,4,5,13,18,45,31,43,3,10,25,11,36,8,12,29,35,42,44,15,19,24,39,7,32,33,23,2,30,16,22,6,21,41,38,28,9
586,20,40,34,37,1,27,17,14,26,4,5,13,18,45,31,43,3,10,25,11,12,36,8,15,29,35,42,44,7,19,24,39,32,33,2,23,30,16,22,21,6,41,38,28,9
587,20,40,34,37,1,27,17,14,26,4,5,13,18,31,45,43,3,10,25,11,12,29,36,8,15,35,42,44,7,19,24,32,39,33,2,23,30,16,21,22,6,41,38,28,9
588,20,40,34,37,1,27,17,14,26,4,5,13,18,31,45,25,43,3,10,8,11,12,15,29,36,35,42,44,7,19,24,32,39,2,33,23,22,30,16,21,41,6,38,28,9
589,20,40,34,37,1,27,17,14,26,4,5,13,18,31,45,25,43,3,10,8,11,12,15,29,36,35,39,42,44,7,19,24,32,33,2,23,22,30,16,21,6,41,38,28,9
590,20,40,34,37,1,27,17,14,26,4,5,45,13,18,31,25,43,3,10,8,36,11,12,15,29,35,39,42,44,7,19,24,32,33,2,23,30,22,16,21,41,6,38,28,9
591,20,40,34,37,1,27,14,17,26,4,5,13,45,18,31,25,43,3,8,10,36,11,12,15,29,39,35,42,44,7,19,24,32,33,2,30,23,22,16,21,41,6,38,28,9
592,20,40,34,37,1,27,14,17,26,5,4,13,45,18,31,25,43,3,8,10,36,11,12,15,29,39,44,35,42,7,19,24,32,2,33,30,23,22,6,16,21,41,38,28,9
593,20,40,34,37,1,27,14,17,26,5,4,13,45,18,31,10,25,43,3,8,36,11,12,15,29,39,44,24,35,42,7,19,32,33,2,30,23,22,6,16,21,38,41,28,9
594,20,40,34,37,1,27,14,17,26,5,13,4,45,18,25,31,8,10,43,3,36,11,12,15,29,39,44,24,35,42,2,7,19,32,33,30,23,22,6,16,21,38,41,28,9
595,20,40,34,37,1,27,14,17,26,5,13,4,45,8,18,25,31,10,43,3,36,11,12,15,24,29,35,39,44,42,2,7,19,32,33,30,23,22,38,6,16,21,41,28,9
596,20,40,34,37,1,27,14,17,26,4,5,13,25,45,8,18,31,43,3,10,12,36,11,15,24,29,35,39,44,42,2,7,19,32,33,30,23,22,38,6,16,21,41,28,9
597,20,40,34,37,1,27,14,17,26,4,5,13,8,25,43,45,10,18,31,3,12,24,35,36,11,15,29,39,44,42,2,7,19,32,33,23,30,22,38,6,16,21,41,28,9
598,20,40,34,37,1,27,14,17,4,26,5,13,45,8,25,43,10,18,31,3,12,24,35,36,11,15,29,39,44,33,42,2,7,19,32,23,30,38,22,6,16,21,41,28,9
599,20,40,34,37,1,27,14,17,4,5,26,13,45,8,25,43,10,18,31,3,12,24,35,29,36,11,15,39,44,33,42,2,7,19,32,23,30,38,22,6,16,21,41,28,9
600,20,40,34,37,27,1,14,17,5,4,26,13,45,8,25,43,10,18,31,3,12,24,29,35,36,11,15,39,44,33,42,2,7,19,32,23,30,38,22,6,16,21,41,28,9
601,20,40,34,37,27,1,14,17,5,4,26,13,45,8,25,31,43,10,18,3,12,35,24,29,36,11,15,39,44,2,19,33,42,7,32,23,30,38,16,22,6,21,41,28,9
602,20,40,34,37,27,14,1,17,5,4,13,26,45,8,25,31,43,10,18,3,12,35,24,29,36,11,15,39,44,2,19,33,42,7,32,30,23,38,22,16,6,21,41,28,9
603,20,40,34,37,27,14,1,17,5,26,4,13,25,43,45,8,31,10,18,3,12,35,24,29,36,11,2,15,19,39,44,33,42,7,32,30,23,38,22,16,6,21,41,28,9
604,20,40,34,37,27,14,1,17,5,26,4,13,25,43,45,8,18,31,10,3,12,35,24,29,36,2,11,15,19,33,39,44,42,7,32,30,23,38,22,6,16,21,41,28,9
605,20,40,34,37,27,1,14,17,5,26,4,13,25,43,45,8,10,18,31,3,12,35,2,24,29,36,11,15,19,33,39,44,7,42,32,30,38,23,22,6,16,21,41,28,9
606,20,40,34,37,27,1,14,17,5,26,4,13,25,43,45,8,10,18,31,3,12,35,2,24,29,36,11,39,15,19,33,44,7,42,32,30,38,23,6,22,16,21,41,28,9
607,20,40,34,37,14,27,1,17,5,26,4,13,8,25,43,45,10,18,31,3,12,35,36,2,24,29,39,11,15,19,33,44,7,42,32,38,23,30,6,22,16,21,41,28,9
608,20,40,34,37,14,27,1,17,5,4,26,13,8,18,25,43,45,10,31,3,12,35,36,39,2,24,29,11,19,44,15,33,7,42,32,38,23,30,6,22,16,21,41,28,9
609,20,40,34,27,37,14,1,17,4,5,26,13,8,18,25,43,45,10,31,39,3,12,35,36,2,24,29,11,19,44,15,33,7,42,32,38,23,30,6,22,16,21,41,28,9
610,20,40,34,14,27,37,1,17,4,5,26,13,8,18,25,43,45,10,31,36,39,3,12,35,2,24,29,11,19,44,15,33,7,42,23,32,38,30,6,22,16,21,41,28,9
611,20,40,34,27,37,14,1,17,4,5,26,13,8,18,25,43,45,10,31,36,39,2,3,12,35,24,29,11,19,33,44,15,7,42,23,32,38,30,22,6,16,21,41,28,9
612,20,40,34,27,37,14,1,17,4,5,26,13,8,18,25,43,45,10,31,36,39,2,3,12,35,19,24,29,33,11,44,15,7,42,23,32,38,30,6,22,16,21,41,28,9
613,20,40,34,27,37,14,1,17,4,5,26,8,13,18,25,43,45,10,31,36,39,2,3,12,35,11,19,24,29,33,44,7,15,42,23,32,38,30,6,22,16,21,41,28,9
614,20,40,34,27,37,14,1,17,4,5,8,26,13,18,25,43,45,10,31,36,39,2,3,12,35,44,11,19,24,29,33,7,15,42,23,32,38,30,6,22,16,21,41,28,9
615,20,40,34,27,37,14,1,17,4,5,8,26,13,18,25,10,43,45,31,36,39,2,3,12,19,35,44,11,24,29,33,7,15,23,42,32,38,30,6,22,16,21,41,28,9
616,20,40,34,27,37,14,1,17,5,4,8,13,18,26,25,45,10,43,31,36,39,2,3,12,19,35,44,11,24,29,33,7,15,23,42,32,38,30,6,22,16,21,41,28,9
617,20,40,34,27,37,14,1,5,17,4,8,13,18,26,25,45,10,43,31,36,39,12,2,3,11,19,24,35,44,29,33,7,15,23,42,32,38,30,6,22,16,21,41,28,9
618,20,40,34,27,37,14,1,5,17,4,8,13,18,26,25,43,45,10,31,36,39,12,2,3,11,19,24,35,44,29,33,7,15,23,42,30,32,38,6,16,22,21,41,28,9
619,20,40,34,27,37,14,1,5,17,4,8,13,18,26,25,43,45,10,31,36,39,12,35,2,3,11,19,24,44,29,33,7,15,23,42,30,32,38,6,16,22,21,41,28,9
620,20,40,34,27,37,14,1,17,5,4,8,13,18,26,25,45,43,10,39,31,36,2,12,35,3,11,19,24,44,29,33,7,15,23,42,30,32,38,6,16,22,21,41,28,9
621,20,40,34,27,37,14,1,17,5,4,8,13,18,26,25,45,43,10,39,2,31,36,12,19,35,3,11,24,44,29,33,42,7,15,23,30,32,6,16,38,22,21,41,28,9
622,20,40,34,27,37,14,1,17,5,4,8,13,18,26,25,45,43,10,39,2,31,36,12,19,35,3,11,24,44,29,33,15,42,7,23,16,30,32,6,38,21,22,41,28,9
623,20,40,34,27,37,14,1,17,5,4,8,13,18,26,25,45,39,43,10,2,31,36,12,19,35,3,11,24,44,29,33,7,15,42,23,30,16,32,6,38,21,22,41,28,9
624,20,40,34,27,37,1,14,17,5,4,8,13,26,18,25,45,39,43,10,2,19,31,35,36,12,3,11,24,44,7,29,33,15,42,23,30,16,32,6,38,21,22,41,28,9
625,20,40,34,27,37,1,14,17,5,4,8,13,26,18,25,45,39,43,10,2,19,31,35,36,3,12,7,11,24,44,29,33,15,42,23,30,6,16,32,38,21,22,41,28,9
626,20,40,34,27,14,37,1,17,5,13,4,8,26,18,25,45,39,43,10,2,19,31,35,36,3,12,7,11,24,33,44,29,15,42,23,30,6,16,32,38,21,22,41,28,9
627,20,40,34,27,14,37,1,17,5,13,4,8,26,18,25,45,39,43,2,10,31,19,35,36,3,12,7,11,24,33,44,29,15,42,23,30,6,16,32,38,21,22,41,28,9
628,20,40,34,27,1,14,37,17,5,13,4,8,26,18,25,45,39,43,2,10,31,12,19,35,36,3,7,11,24,33,44,15,29,42,23,30,6,16,32,38,21,22,41,28,9
629,20,40,34,27,1,14,37,17,5,13,4,8,26,18,25,45,43,39,31,2,10,19,12,35,36,3,7,44,11,24,33,15,29,42,23,30,6,16,32,38,21,22,41,28,9
630,20,40,34,27,1,14,37,17,5,8,13,4,26,18,25,45,43,31,39,2,10,19,12,35,36,3,7,24,44,11,33,15,29,42,23,30,6,16,32,38,21,22,41,28,9
631,20,40,34,27,1,14,37,17,4,5,8,13,26,18,25,45,31,43,39,2,10,19,12,35,36,3,7,24,44,11,33,15,23,29,42,30,6,16,32,38,21,22,41,28,9
632,20,40,34,27,1,14,37,17,4,5,8,13,26,18,25,45,31,43,39,2,10,19,35,12,36,44,3,7,24,11,15,33,23,29,42,30,32,6,16,21,38,22,41,28,9
633,20,40,34,27,1,14,37,17,4,5,8,13,26,18,25,45,31,39,43,2,19,10,12,35,36,44,3,7,24,11,15,33,23,29,42,30,32,6,16,21,38,22,41,28,9
634,20,40,34,27,1,14,37,17,4,5,8,13,26,18,25,45,31,39,43,2,10,12,19,35,36,44,3,7,11,24,15,33,23,29,42,30,32,6,16,21,38,22,41,28,9
635,20,40,34,27,1,14,37,17,4,13,5,8,26,18,25,45,31,39,43,2,10,12,19,35,11,36,44,3,7,24,33,15,29,23,42,30,32,6,16,21,38,22,41,28,9
636,20,40,34,27,1,14,37,17,4,13,5,8,26,18,25,31,45,39,43,2,10,12,19,35,7,11,36,44,3,15,24,33,29,23,42,6,16,30,32,21,38,22,41,28,9
637,20,40,34,27,1,37,14,17,4,13,5,8,26,18,25,31,45,39,43,2,10,12,19,35,44,3,7,11,36,15,24,33,29,23,42,16,6,30,32,38,21,22,41,28,9
638,20,40,34,27,1,37,14,17,4,13,5,8,26,18,25,31,45,39,43,2,10,12,19,7,35,44,3,11,24,36,15,33,29,23,42,16,6,30,32,38,21,22,41,28,9
639,20,40,34,27,1,37,14,17,4,13,5,8,26,18,25,31,45,39,43,2,10,12,19,7,35,44,3,11,15,24,36,33,23,29,42,6,16,32,22,30,38,21,41,28,9
640,20,40,34,27,1,14,37,17,4,13,26,5,8,18,25,31,45,39,43,2,10,12,19,35,7,15,44,3,11,24,36,33,23,29,42,6,16,32,21,22,30,38,41,28,9
641,20,40,34,27,37,1,14,17,4,13,18,26,5,8,25,31,43,45,39,2,10,12,19,35,7,11,15,36,44,3,24,33,23,29,42,6,16,21,32,22,30,38,41,28,9
642,20,40,34,27,37,1,14,17,18,4,8,13,26,5,25,31,45,39,43,2,10,12,19,35,7,11,15,24,36,44,3,33,23,29,42,6,16,21,32,22,30,38,41,28,9
643,20,40,34,27,37,1,14,17,18,4,8,13,26,5,25,31,45,39,43,2,10,12,15,19,24,35,7,11,36,44,3,33,23,29,32,42,6,16,21,22,30,38,41,28,9
644,20,40,34,27,37,1,14,17,13,18,4,5,8,26,25,31,45,39,43,2,10,12,15,19,24,35,36,7,11,44,3,33,23,29,32,42,6,16,21,22,30,38,41,28,9
645,20,40,34,27,1,37,14,17,4,13,18,26,5,8,25,31,45,39,43,2,10,12,15,19,24,35,36,7,11,44,3,33,23,29,16,32,42,6,21,22,30,38,41,28,9
646,20,40,34,27,1,37,14,17,4,13,18,26,5,8,25,31,45,43,39,2,24,10,12,15,19,35,36,7,11,44,3,33,23,29,16,32,42,6,21,22,30,38,41,28,9
647,20,40,34,27,1,37,14,17,4,5,13,18,26,8,25,31,45,43,39,24,2,10,12,15,19,35,36,7,11,44,3,23,33,16,29,21,32,42,6,30,22,38,41,28,9
648,20,40,34,27,37,1,14,17,13,4,5,18,26,8,25,31,43,45,39,24,2,19,10,12,15,35,36,7,11,44,3,23,33,16,29,21,32,42,6,30,38,22,41,28,9
649,20,40,34,27,37,1,14,17,13,4,5,18,26,8,25,31,43,45,39,24,2,19,10,12,15,35,36,3,7,11,33,44,23,16,21,29,42,32,6,22,30,38,41,28,9
650,20,40,34,27,37,1,14,17,4,13,5,18,26,8,31,25,43,45,39,24,2,19,3,7,10,11,12,15,35,36,33,44,23,16,21,29,42,32,6,22,30,38,41,28,9
651,20,40,34,27,37,1,14,17,4,13,26,5,18,8,31,25,43,45,39,24,2,11,12,19,3,7,10,15,35,36,44,33,23,16,29,21,42,32,6,22,30,38,41,28,9
652,20,40,34,27,37,1,14,13,17,4,26,5,18,8,31,25,43,45,39,24,2,3,11,12,15,19,44,7,10,35,36,33,23,16,29,21,42,32,6,22,30,38,41,28,9
653,20,40,34,27,37,1,14,13,17,26,4,5,18,8,31,25,43,45,39,24,2,3,11,12,15,19,44,7,10,35,36,33,23,16,29,21,42,6,32,38,22,30,41,28,9
654,20,40,34,27,37,1,14,26,13,17,4,5,18,8,31,43,25,45,39,24,2,3,11,12,15,19,36,44,7,10,35,33,16,23,21,29,42,6,32,38,22,30,41,28,9
655,40,20,34,27,37,1,14,26,13,17,4,5,18,8,31,43,25,39,45,24,44,2,3,7,11,12,15,19,36,10,35,33,16,23,21,29,38,42,6,32,22,30,41,28,9
656,40,20,34,27,37,1,14,26,13,17,4,5,18,31,8,43,25,39,45,3,7,24,44,2,11,12,15,19,36,10,35,16,33,23,21,29,38,42,6,32,22,30,41,28,9
657,40,20,34,27,37,14,1,26,13,17,4,5,18,31,8,43,39,25,45,3,7,19,24,44,2,10,11,12,15,36,35,16,33,23,21,29,38,42,6,32,22,30,41,28,9
658,40,20,34,27,37,14,1,26,13,17,4,5,8,18,31,43,25,39,45,19,3,7,24,36,44,2,10,11,12,15,35,16,33,23,21,29,32,38,42,6,22,30,41,28,9
659,40,20,27,34,37,14,1,26,13,17,4,5,18,8,31,43,25,39,45,19,7,3,24,36,44,2,10,11,12,15,35,16,33,23,29,21,42,32,38,6,22,30,41,28,9
660,40,20,27,34,37,14,1,26,4,13,17,5,18,8,31,39,43,25,45,19,7,44,3,24,36,2,10,11,12,15,33,35,16,23,29,21,42,32,38,6,22,30,41,28,9
661,40,20,27,34,37,14,1,26,4,13,17,5,18,8,31,39,43,25,45,19,3,7,44,2,12,24,36,10,11,15,33,35,16,23,29,21,38,42,32,6,22,30,41,28,9
662,40,20,27,34,37,14,1,26,4,5,13,17,18,8,31,39,43,25,45,19,3,7,44,2,11,12,15,24,36,10,33,35,16,23,29,21,38,42,6,32,22,30,41,28,9
663,40,20,27,34,37,14,1,5,26,4,13,17,8,18,31,39,43,25,19,45,3,7,44,2,11,12,15,24,36,10,33,35,16,23,29,38,42,21,6,32,22,30,41,28,9
664,40,20,27,34,37,14,1,5,26,4,13,17,8,18,31,39,43,25,19,45,3,44,7,36,2,10,11,12,15,24,33,35,16,23,29,38,42,21,6,32,41,22,30,28,9
665,40,20,27,34,37,14,1,5,17,26,4,13,8,18,31,39,43,25,19,44,45,3,7,11,36,2,10,12,15,24,33,35,16,23,38,29,42,6,21,32,41,22,30,28,9
666,40,20,27,34,37,14,1,5,17,4,26,13,8,18,31,39,43,25,19,44,45,3,11,2,7,36,10,12,15,24,33,35,16,23,38,6,29,42,21,32,41,22,30,28,9
667,40,20,27,34,37,14,1,17,5,4,26,13,8,18,31,43,25,39,19,44,45,3,11,2,7,15,36,10,12,24,33,35,16,23,38,42,6,29,21,32,41,22,30,28,9
668,40,20,27,34,37,14,1,17,5,4,26,13,8,18,31,43,25,39,19,44,45,3,11,15,2,7,12,24,36,10,33,35,16,23,38,42,6,29,21,32,41,22,30,28,9
669,20,40,27,34,37,14,1,17,5,4,26,8,13,18,31,43,25,39,19,44,45,3,7,11,15,2,12,24,36,10,33,35,38,16,23,29,42,6,21,32,41,22,30,28,9
670,40,20,27,34,37,14,1,17,5,26,4,8,13,18,31,43,25,39,11,19,44,45,3,7,15,2,12,24,36,10,33,35,38,16,23,29,42,6,21,32,41,22,30,28,9
671,40,20,27,34,37,14,1,17,5,26,4,13,8,18,31,43,25,39,7,11,19,44,45,3,15,2,10,12,24,36,33,35,38,16,23,29,42,6,21,32,41,22,30,28,9
672,40,20,27,34,37,14,1,17,5,26,4,8,13,18,31,43,25,39,45,7,11,19,44,3,15,36,2,10,12,24,33,35,38,16,23,29,42,6,21,32,41,22,30,28,9
673,40,20,27,34,37,14,17,1,5,26,4,8,13,18,31,43,25,39,7,44,45,11,19,3,10,15,36,2,12,24,33,35,29,38,16,23,42,6,21,32,41,22,30,28,9
674,40,20,27,34,37,14,17,1,5,26,4,8,13,31,18,25,43,39,7,44,45,10,11,19,3,15,36,2,12,24,33,35,29,38,16,23,42,6,21,32,41,22,30,28,9
675,40,20,27,34,37,14,1,17,5,8,26,4,13,18,31,25,43,39,45,7,11,44,10,15,19,3,36,2,12,24,33,35,29,38,16,23,42,6,21,32,41,22,30,28,9
676,40,20,27,34,37,14,1,17,8,5,26,4,13,18,31,25,39,43,45,7,11,44,10,15,19,3,36,2,12,24,33,35,29,38,16,23,42,6,21,32,41,22,30,28,9
677,40,20,27,34,37,14,1,17,8,5,26,4,13,18,31,25,39,43,45,44,7,11,15,10,19,36,3,12,24,2,33,35,29,38,16,23,42,6,21,32,41,22,30,28,9
678,40,20,27,34,37,14,1,17,5,8,4,26,13,18,31,25,39,43,45,44,7,11,15,10,12,19,36,3,24,2,33,35,29,38,6,16,23,42,21,32,41,22,30,28,9
679,40,20,27,34,37,14,1,17,5,8,26,4,13,18,31,25,39,43,45,7,44,11,15,3,10,12,19,36,24,2,33,35,29,38,6,16,23,42,21,32,41,22,30,28,9
680,40,20,27,34,37,14,1,17,5,4,8,26,13,18,31,25,39,43,45,7,44,10,11,15,19,3,12,36,24,2,33,29,35,38,42,6,16,23,21,32,41,22,30,28,9
681,40,20,27,34,37,14,1,17,5,4,8,26,13,18,31,25,43,39,44,45,7,10,11,15,19,3,12,24,36,2,33,29,35,38,42,6,16,21,23,32,41,22,30,28,9
682,40,20,27,34,37,14,17,1,5,4,8,26,13,18,31,43,25,39,44,45,7,10,11,15,19,3,12,24,36,2,33,29,35,38,23,42,6,16,21,32,41,22,30,28,9
683,40,20,27,34,37,14,17,1,5,4,8,26,13,18,31,43,25,39,44,45,7,10,11,15,19,3,12,24,36,2,33,29,35,38,6,23,42,16,21,32,41,22,30,28,9
684,40,20,27,34,37,14,17,1,5,4,8,26,13,18,31,25,43,39,44,45,7,11,15,10,19,3,12,24,36,2,33,29,35,38,6,23,42,16,21,32,41,22,30,28,9
685,40,20,27,34,37,14,17,1,5,4,8,26,13,18,31,25,43,39,7,44,45,11,15,10,12,19,3,24,36,2,33,29,35,38,6,23,42,16,21,32,41,22,30,28,9
686,40,20,27,34,37,14,17,1,5,4,8,26,13,18,25,31,43,7,39,15,44,45,11,12,10,19,24,3,36,2,33,29,35,38,6,23,42,16,21,32,41,22,30,28,9
687,40,20,27,34,37,1,14,17,5,8,4,13,26,18,25,31,43,7,39,15,44,45,10,11,12,19,24,3,36,2,33,29,35,38,6,42,23,16,21,32,41,22,28,30,9
688,40,20,27,34,37,1,14,17,5,8,4,13,26,18,25,31,43,7,15,39,44,45,10,11,12,19,24,3,36,2,33,35,29,38,6,23,42,16,21,32,41,22,28,30,9
689,40,20,27,34,17,37,1,14,5,8,4,13,26,18,25,31,43,7,15,39,44,45,10,11,12,19,24,36,3,2,33,35,38,29,6,23,42,16,21,32,41,22,30,28,9
690,40,20,27,34,17,37,1,14,5,8,4,13,26,25,18,31,43,7,39,15,44,45,10,11,12,19,24,36,3,33,38,2,35,29,6,23,42,16,21,32,41,22,30,28,9
691,40,20,27,34,17,37,1,14,5,8,4,13,26,25,43,18,31,7,15,39,45,44,10,11,12,19,24,36,3,33,35,38,2,29,6,23,42,16,21,32,41,22,30,28,9
692,40,20,27,34,14,17,37,1,5,8,4,13,26,25,43,15,18,31,7,39,45,11,44,10,12,19,24,36,3,33,35,38,2,29,6,23,42,16,21,32,41,22,30,28,9
693,40,20,27,34,1,14,17,37,5,8,4,13,26,25,43,15,18,31,7,39,11,45,44,10,12,19,24,36,3,33,35,38,2,6,29,42,23,16,21,32,41,22,28,30,9
694,40,20,27,34,1,14,17,37,5,8,4,13,25,26,43,15,7,18,31,39,11,45,44,10,12,19,24,36,3,33,35,38,2,6,29,42,23,16,21,32,41,22,28,30,9
695,40,20,27,34,1,14,17,37,5,4,8,26,13,25,43,15,18,7,31,39,11,45,44,10,12,19,24,33,36,3,38,35,2,6,29,42,23,16,21,32,41,22,28,30,9
696,40,20,27,34,1,14,17,37,5,4,8,26,13,18,25,43,7,15,31,39,11,45,44,10,12,19,24,33,36,3,38,35,2,6,29,42,23,16,21,32,41,22,28,30,9
697,40,20,27,34,1,14,17,37,5,8,4,26,13,18,25,43,7,15,31,39,11,45,33,44,10,12,19,24,36,3,38,2,35,6,29,42,23,16,21,32,41,22,28,30,9
698,40,20,27,34,1,37,14,17,5,8,4,13,26,18,25,43,7,15,11,31,39,33,45,44,3,10,12,19,24,36,38,2,35,6,29,42,23,16,21,32,41,22,28,30,9
699,40,20,27,34,1,37,14,17,5,8,4,13,26,18,25,43,7,15,11,31,39,33,45,44,3,10,12,19,24,36,38,2,35,29,6,42,16,21,23,32,41,22,28,30,9
700,40,20,27,34,1,37,14,17,5,8,4,13,26,18,25,43,7,11,15,31,39,33,44,45,3,10,12,19,24,36,38,2,29,35,6,23,42,16,21,32,41,28,30,22,9
701,40,20,27,34,1,14,37,17,5,8,4,13,26,18,25,43,7,11,15,31,39,33,44,45,3,10,36,12,19,24,38,2,29,35,6,16,23,42,21,32,41,28,30,22,9
702,40,20,27,34,1,14,37,17,5,8,4,13,26,18,25,43,7,11,15,31,39,3,33,44,45,10,24,36,12,19,38,29,2,35,16,6,23,42,21,32,41,28,30,22,9
703,40,20,27,34,1,14,37,17,5,8,4,13,26,18,25,43,7,11,15,31,39,33,44,3,10,45,24,36,12,19,38,29,2,35,16,6,23,42,21,32,41,28,30,22,9
704,40,20,27,34,1,14,37,17,5,8,4,13,26,18,25,43,7,11,15,31,33,39,44,3,10,45,24,36,12,19,38,29,2,35,16,23,42,6,21,32,41,28,30,22,9
705,40,20,27,34,1,14,17,37,5,8,4,13,26,18,25,43,7,11,15,31,33,39,44,45,3,10,24,36,12,19,38,29,2,35,6,16,23,42,21,32,28,41,22,30,9
706,40,20,27,34,1,14,17,37,4,5,8,13,26,18,25,43,7,11,15,31,33,39,3,10,44,45,24,36,12,19,38,29,2,6,35,16,23,42,21,28,32,41,30,22,9
707,40,20,27,34,1,14,17,37,4,5,8,13,26,18,25,43,7,11,15,31,39,33,44,3,10,45,24,12,19,36,38,2,29,6,35,16,23,42,21,28,32,41,30,22,9
708,40,20,27,34,1,14,17,37,4,5,8,13,26,18,25,43,7,11,15,31,39,10,33,44,45,3,19,24,12,36,38,2,29,6,16,35,23,42,21,28,32,41,30,22,9
709,40,20,27,34,1,14,17,37,4,5,8,13,26,18,25,39,43,7,10,11,15,31,44,33,45,3,19,24,36,12,38,2,29,6,16,35,23,42,21,28,32,30,41,22,9
710,40,20,27,34,1,14,17,37,4,5,8,13,26,18,25,39,43,7,10,11,15,31,33,44,3,45,24,19,36,12,38,2,29,6,16,35,23,42,21,28,32,30,41,22,9
711,40,20,27,34,1,37,14,17,4,5,8,13,26,18,25,11,15,39,43,7,10,31,33,44,45,3,24,19,36,12,38,2,29,35,6,16,23,42,21,28,32,30,41,22,9
712,20,40,27,34,1,17,37,14,4,5,8,13,26,18,25,11,15,31,33,39,43,45,7,10,44,3,24,19,36,12,38,2,29,35,6,16,23,42,21,28,30,32,41,22,9
713,20,40,27,34,1,17,37,14,4,5,8,13,18,26,15,25,11,31,33,39,43,45,7,10,44,3,24,19,36,12,2,38,29,35,6,16,23,42,21,28,30,32,41,22,9
714,40,20,27,34,1,37,17,14,4,5,8,13,18,26,15,25,33,7,11,31,39,43,45,10,44,3,24,19,36,12,2,38,29,35,6,16,23,42,21,28,30,32,41,22,9
715,40,20,27,34,1,37,17,14,4,5,8,13,18,26,33,7,15,25,11,31,39,43,44,45,10,3,24,19,36,2,12,38,29,35,6,16,23,42,21,28,30,32,41,22,9
716,40,20,27,34,1,37,17,14,4,5,8,13,18,26,33,7,15,25,11,31,39,43,44,45,10,3,24,19,2,36,12,38,29,6,16,35,23,42,21,30,28,32,41,22,9
717,40,20,27,34,1,37,17,14,4,5,8,13,18,25,26,33,7,11,15,31,39,43,44,45,10,3,19,24,2,36,12,38,29,6,16,35,23,42,21,28,30,32,41,22,9
718,20,40,27,34,1,37,17,4,14,5,8,13,11,18,25,26,33,7,15,39,31,43,44,45,10,3,19,24,2,36,12,38,29,6,16,23,35,42,21,32,28,30,41,22,9
719,20,40,27,34,1,37,4,17,14,5,8,13,11,18,25,26,33,7,15,39,43,31,44,45,10,19,3,24,2,36,12,38,29,6,16,23,35,42,21,32,28,30,41,22,9
720,20,40,27,34,1,37,4,17,14,5,8,13,11,18,25,26,33,7,15,39,43,31,44,45,10,19,3,24,2,36,12,29,38,6,16,23,35,42,21,32,28,30,41,22,9
721,20,40,27,34,1,37,4,17,14,5,8,13,11,18,25,26,33,43,7,15,39,44,31,45,10,19,3,24,2,36,12,29,38,35,6,16,23,42,21,28,32,30,41,22,9
722,20,40,27,34,1,37,4,14,17,5,8,13,43,11,18,25,26,33,39,7,15,44,31,45,10,19,3,24,2,12,36,29,38,35,6,16,23,42,21,28,30,32,41,22,9
723,20,40,27,34,1,37,4,14,17,5,8,13,33,43,11,18,25,26,39,44,7,15,31,45,10,19,3,24,36,2,12,29,35,38,6,16,23,42,21,30,28,32,41,22,9
724,20,40,27,34,1,37,4,14,17,8,5,13,33,43,11,18,25,26,39,44,7,15,31,45,10,19,2,3,24,36,12,35,29,38,6,16,23,42,21,30,28,32,41,22,9
725,20,40,27,34,1,37,4,14,17,8,5,13,33,43,7,11,18,25,26,39,44,15,19,31,45,10,2,3,24,36,12,35,29,38,6,16,23,21,42,30,41,28,32,22,9
726,20,40,34,27,1,37,4,14,17,8,5,13,33,43,11,44,7,18,25,26,39,15,19,31,45,10,2,3,24,36,12,35,29,38,6,23,16,21,42,30,41,28,32,22,9
727,20,40,34,27,1,37,4,8,14,17,5,13,33,43,7,11,44,18,25,26,39,15,19,31,10,45,2,3,24,36,12,35,29,38,6,23,16,21,42,30,41,28,32,22,9
728,20,40,34,27,1,37,4,8,14,17,5,13,33,43,7,11,44,18,25,26,39,10,15,19,31,45,3,2,24,36,12,35,6,29,38,23,16,21,30,42,41,28,32,22,9
729,20,40,34,27,1,37,17,4,8,14,5,11,13,33,43,7,26,44,18,25,39,10,15,19,31,45,3,36,2,24,12,35,6,29,38,21,23,16,30,42,41,28,32,22,9
730,20,40,34,27,1,37,4,14,17,8,5,11,13,33,43,7,18,26,44,10,15,25,39,19,31,45,3,36,2,24,12,35,6,29,38,21,23,16,30,42,41,28,32,22,9
731,20,40,34,27,1,37,4,14,17,8,5,13,7,11,33,43,18,25,26,44,10,15,39,45,19,31,2,3,36,24,12,35,6,29,38,21,23,16,42,30,41,28,32,22,9
732,20,40,34,27,1,37,4,17,14,8,5,13,7,11,33,43,18,25,26,44,10,15,39,45,19,31,2,3,36,24,12,35,6,29,38,21,23,16,42,30,32,41,28,22,9
733,20,40,34,27,1,37,4,17,14,8,5,11,13,33,7,43,18,25,26,44,10,15,39,45,19,31,2,3,24,36,12,35,6,29,38,21,23,16,42,30,32,41,28,22,9
734,20,40,34,27,1,37,4,17,14,8,5,11,13,33,7,43,18,25,26,44,45,10,15,39,19,31,2,3,24,36,12,35,6,38,29,16,21,23,42,30,32,41,28,22,9
735,20,40,27,34,37,1,4,17,14,5,8,13,11,33,7,43,10,18,25,26,44,45,15,39,19,31,2,3,24,36,12,35,6,38,29,16,21,23,41,42,30,32,28,22,9
736,20,40,27,34,37,1,17,4,14,5,8,11,13,33,7,18,43,10,25,26,44,45,15,39,2,19,31,3,24,36,12,35,6,38,21,29,16,23,41,42,30,32,28,22,9
737,20,27,40,34,37,1,17,4,14,5,8,13,11,18,33,7,43,10,15,25,26,44,45,39,2,19,31,24,3,36,12,35,6,38,21,29,16,23,41,42,30,32,28,22,9
738,20,27,40,34,37,1,17,4,14,5,8,13,11,18,33,43,7,10,15,25,26,44,45,39,2,19,31,24,3,36,12,35,38,6,21,23,29,16,41,42,30,32,28,22,9
739,20,27,40,34,37,1,17,4,14,5,8,13,11,33,7,18,43,10,15,25,26,44,45,39,2,19,31,24,3,36,12,35,38,6,29,21,23,16,41,42,30,32,28,22,9
740,20,27,40,34,37,1,17,4,8,14,5,13,11,33,7,18,43,10,15,25,26,44,45,19,39,2,31,24,3,36,12,35,38,6,29,16,21,23,41,42,30,32,28,22,9
741,27,20,34,40,37,1,17,4,5,8,14,13,11,33,7,18,43,44,45,10,15,25,26,19,39,2,31,24,3,36,12,35,38,6,21,29,16,23,41,42,30,32,28,22,9
742,27,20,40,34,37,1,17,4,8,5,13,14,11,33,7,18,43,10,44,45,15,25,26,19,39,2,31,24,36,3,12,35,38,6,21,29,16,23,41,42,30,32,28,22,9
743,27,20,34,40,37,1,17,4,8,5,13,14,11,33,7,18,43,44,10,15,45,19,25,26,39,2,31,24,36,3,12,35,21,38,6,29,16,23,41,42,30,32,28,22,9
744,27,34,20,40,37,1,17,4,8,5,13,14,11,18,33,7,10,15,43,44,45,19,25,26,39,2,31,24,36,3,12,21,35,38,6,29,16,23,41,42,30,32,28,22,9
745,27,34,20,40,37,1,17,4,8,5,13,14,11,18,33,7,10,15,43,44,45,19,25,26,2,39,31,3,24,36,12,21,35,38,6,23,29,16,41,42,30,32,28,22,9
746,27,34,20,40,37,1,17,4,8,5,13,14,33,11,18,7,10,15,43,44,45,19,25,26,2,39,3,31,36,24,12,21,35,38,6,23,29,16,41,42,30,32,28,22,9
747,27,34,20,40,37,1,17,4,8,14,5,13,33,7,11,18,10,15,43,44,45,19,25,26,2,39,3,31,36,12,24,21,35,23,38,6,29,16,41,42,28,30,32,22,9
748,27,34,20,40,37,1,17,4,8,13,14,5,33,7,10,11,18,15,43,44,45,19,25,26,2,3,31,39,36,12,24,21,35,23,38,6,29,16,41,42,32,28,30,22,9
749,34,27,20,40,37,1,17,4,14,8,13,5,33,7,10,11,18,45,15,43,44,26,19,25,2,3,31,39,12,24,36,21,35,23,38,6,29,16,41,42,32,28,30,22,9
750,34,27,20,40,1,37,17,4,14,8,13,5,33,7,10,11,15,18,45,43,44,19,26,2,25,3,24,31,36,39,12,21,35,23,38,6,29,16,41,42,32,28,30,22,9
751,34,20,27,40,1,37,4,17,14,8,13,5,33,7,10,11,15,18,44,45,43,19,26,2,3,25,24,31,36,39,12,21,35,23,38,6,16,29,41,42,28,32,30,22,9
752,20,34,27,40,1,37,4,17,14,8,13,5,33,7,10,11,15,18,43,44,45,19,26,2,3,25,24,31,36,39,12,21,35,16,23,38,6,29,41,42,28,32,30,22,9
753,20,34,27,40,37,1,4,17,14,8,13,5,33,7,10,11,15,18,43,44,45,19,2,26,3,24,25,31,36,39,12,21,35,16,23,38,6,29,41,42,28,32,30,22,9
754,20,34,27,40,37,1,17,4,8,14,13,5,33,7,10,11,15,18,43,44,45,2,19,24,26,3,25,31,36,39,12,21,35,16,23,29,38,6,41,42,28,32,30,22,9
755,20,34,27,40,37,1,17,4,14,8,13,5,33,7,10,11,15,18,43,44,45,2,19,26,24,3,25,31,36,39,12,21,35,16,23,29,38,6,41,42,28,30,32,22,9
756,20,27,34,40,37,1,17,4,14,8,13,5,33,10,18,7,11,15,43,44,45,2,19,26,24,3,25,31,36,39,12,16,21,35,23,29,38,6,41,28,42,30,32,22,9
757,20,27,34,40,37,1,17,4,14,8,13,33,5,7,10,11,18,44,15,43,45,2,19,26,24,3,25,31,36,39,12,16,21,35,6,23,29,38,41,28,42,30,32,22,9
758,20,27,34,40,37,1,17,4,14,8,13,5,33,7,10,11,18,43,44,15,45,2,19,26,24,3,25,31,36,39,12,16,21,35,6,23,29,38,41,28,42,30,32,22,9
759,20,27,34,40,37,1,17,4,14,8,13,33,5,43,7,10,11,18,44,15,45,2,19,26,24,36,3,25,31,39,12,16,21,35,6,23,29,38,41,42,28,30,32,22,9
760,27,20,34,40,37,1,17,4,14,8,13,33,5,43,10,7,11,18,44,15,45,2,19,26,24,31,36,3,25,39,12,16,21,35,6,23,29,38,41,42,28,30,32,22,9
761,27,20,34,40,37,1,17,4,14,8,13,33,5,43,7,10,11,18,44,45,15,2,19,24,26,31,36,3,25,39,12,16,21,35,6,23,29,38,42,41,28,30,32,22,9
762,27,20,34,40,1,37,17,4,14,8,13,33,5,43,7,10,11,18,44,45,15,26,2,19,24,3,31,36,12,25,39,21,16,35,6,23,29,38,41,42,28,30,32,22,9
763,27,34,20,40,1,37,17,4,14,8,13,33,43,5,7,10,11,18,44,45,15,26,2,3,19,24,31,36,12,25,39,16,21,35,6,23,29,38,41,42,28,30,32,22,9
764,34,27,20,40,1,37,17,4,14,8,13,33,43,5,7,10,11,18,44,45,15,24,26,2,3,19,31,36,12,25,39,16,21,35,6,23,29,38,41,42,28,30,32,22,9
765,34,27,20,40,1,37,17,4,8,14,43,13,33,5,7,10,11,18,44,45,3,15,24,26,2,19,31,36,12,25,39,16,21,35,42,6,23,29,38,41,28,30,32,22,9
766,34,27,20,40,1,37,17,4,8,14,43,13,33,5,7,10,11,18,44,45,3,15,24,26,2,19,31,36,12,39,25,16,21,35,41,42,6,23,29,38,28,30,32,22,9
767,34,20,27,40,1,37,17,4,8,14,43,5,13,33,7,10,11,15,18,44,45,3,24,26,31,2,19,36,12,39,25,16,21,35,42,41,6,23,29,38,28,30,32,22,9
768,34,27,20,40,1,37,17,4,8,14,43,5,7,13,33,10,11,44,15,18,45,3,24,26,31,2,19,36,12,39,25,16,21,35,42,29,38,41,6,23,30,28,32,22,9
769,34,27,20,40,1,37,17,4,8,14,5,7,43,13,33,11,10,44,45,15,18,3,24,26,31,2,19,36,12,39,25,16,21,35,41,42,29,38,6,23,30,28,32,22,9
770,34,27,20,40,1,37,17,4,8,14,43,5,7,13,33,11,10,44,45,15,18,3,24,26,31,2,12,19,36,39,25,16,21,35,41,42,23,29,38,6,30,28,32,22,9
771,34,27,20,40,1,17,37,4,8,14,43,5,7,13,33,10,11,18,44,45,15,3,24,26,31,2,12,19,36,39,25,16,21,29,35,41,42,6,23,38,30,28,32,22,9
772,34,27,20,40,1,17,37,4,14,5,8,43,7,11,13,33,10,18,44,45,15,3,24,26,31,2,12,19,36,39,25,21,16,41,6,29,35,42,23,38,30,28,32,22,9
773,34,27,20,40,1,17,37,4,8,14,5,43,7,11,13,33,10,18,44,45,15,31,3,12,19,24,26,2,36,39,25,21,16,35,41,6,29,42,23,38,30,28,32,22,9
774,34,27,20,40,1,17,37,4,8,14,5,43,7,11,13,33,10,18,15,44,45,12,31,3,19,24,26,2,36,39,25,21,16,35,41,42,6,29,23,38,28,30,32,22,9
775,34,27,20,40,1,17,37,4,8,14,5,43,7,11,33,13,10,18,12,15,44,45,31,3,19,24,26,2,36,39,25,21,42,16,29,35,41,6,38,23,28,30,32,22,9
776,34,27,20,40,1,17,37,8,4,14,5,43,7,11,33,13,18,10,12,15,44,45,31,3,19,24,26,2,36,39,25,21,42,16,29,35,41,6,38,23,28,30,32,22,9
777,34,27,20,40,1,17,37,8,4,14,5,43,7,11,33,13,18,10,12,15,44,45,31,3,19,24,26,2,36,39,21,25,42,6,16,29,35,41,38,23,28,30,32,22,9
778,34,27,20,40,1,37,17,8,4,14,5,43,7,11,33,13,18,10,12,15,44,45,31,3,19,24,26,36,2,39,21,25,6,35,41,42,16,29,38,23,28,30,32,22,9
779,34,27,20,40,1,37,17,8,4,14,5,43,7,11,33,12,13,18,10,15,44,45,19,24,31,3,26,36,2,39,21,25,6,41,35,42,16,29,38,23,28,30,32,22,9
780,34,27,20,40,1,17,37,8,4,14,5,43,7,11,33,12,13,18,10,15,45,19,44,24,31,3,26,36,2,21,39,25,6,41,35,42,16,29,38,23,28,30,32,22,9
781,34,27,20,40,1,17,37,8,4,14,5,11,43,7,18,33,12,13,10,15,19,45,24,44,31,3,26,36,39,2,21,25,6,41,16,35,42,29,38,23,28,30,32,22,9
782,34,27,20,40,1,17,37,8,4,14,5,11,18,43,7,33,12,13,45,10,15,19,24,31,44,3,26,36,39,2,21,25,6,41,16,35,42,29,38,23,28,30,32,22,9
783,34,27,20,40,17,1,37,8,14,4,5,11,18,43,7,33,45,12,13,15,10,19,24,31,44,3,26,36,39,2,21,25,6,16,41,35,38,42,29,23,28,30,32,22,9
784,34,27,20,40,17,1,37,8,14,4,5,11,18,43,7,33,45,10,12,13,15,19,24,31,44,3,39,26,36,2,21,25,6,16,41,35,38,42,29,23,28,30,32,22,9
785,34,27,20,40,17,1,37,4,8,14,5,11,18,33,43,7,15,45,10,12,13,19,24,31,44,3,26,39,36,2,21,25,6,16,41,35,38,42,29,23,28,30,32,22,9
786,34,27,20,40,17,1,37,4,8,14,5,11,15,18,33,43,7,12,45,10,13,24,19,31,44,3,26,39,36,2,21,25,6,16,41,35,38,42,29,23,28,30,32,22,9
787,34,27,20,40,17,1,37,4,8,14,5,11,15,18,33,43,7,12,13,45,10,24,19,31,44,3,26,39,36,2,21,6,25,16,41,35,38,42,29,23,28,30,32,22,9
788,34,27,20,40,17,1,37,4,8,14,5,11,15,18,33,43,7,10,12,13,45,19,24,31,39,44,3,26,2,36,21,6,25,16,35,41,38,42,29,23,28,30,32,22,9
789,34,27,20,40,17,1,37,4,8,14,5,11,7,12,15,18,33,43,45,10,13,19,24,31,39,44,2,3,26,36,6,21,25,16,35,41,38,42,29,23,28,30,32,22,9
790,34,27,20,40,17,1,37,8,4,14,5,11,7,12,15,18,19,33,43,45,10,13,24,31,3,39,44,2,26,36,6,21,25,16,41,35,38,42,29,23,28,30,32,22,9
791,34,27,20,40,17,1,37,8,4,14,5,11,12,33,7,10,15,18,19,43,45,13,24,31,2,3,39,44,26,36,6,21,25,16,41,35,42,38,29,23,28,30,32,22,9
792,34,27,20,40,17,1,37,8,4,14,5,7,11,12,19,33,10,15,18,43,45,13,24,31,2,3,39,44,26,36,6,21,25,16,41,35,42,29,38,23,28,30,32,22,9
793,34,27,20,40,17,1,37,8,4,14,5,7,10,11,12,15,19,33,43,18,45,13,24,31,2,3,39,44,26,36,21,6,25,16,35,41,38,42,29,23,28,30,32,22,9
794,34,27,20,40,17,1,37,8,4,7,14,19,5,10,11,12,15,18,33,43,45,13,24,31,2,3,39,44,26,36,6,21,25,16,35,38,41,42,29,23,30,28,32,22,9
795,34,27,20,40,17,1,37,8,4,7,10,14,19,5,11,12,15,18,33,43,13,45,24,31,2,3,26,39,44,36,6,21,25,16,38,35,41,42,29,23,30,28,32,22,9
796,34,27,20,40,1,17,37,8,4,7,10,14,19,5,11,12,15,18,33,43,13,45,24,31,2,3,26,36,39,44,21,6,25,16,38,41,35,42,29,23,30,28,32,22,9
797,34,27,20,40,1,17,37,8,4,5,7,10,14,19,11,12,15,18,33,43,45,13,31,24,2,3,26,39,36,44,21,6,25,16,38,41,35,42,29,23,30,28,32,22,9
798,34,27,20,40,1,17,37,8,10,14,4,5,7,19,11,12,15,18,33,43,45,13,31,2,24,3,26,36,39,44,21,6,25,16,38,41,35,42,29,23,30,28,32,22,9
799,34,27,20,40,17,1,37,8,10,14,4,5,7,12,19,45,11,15,18,33,43,13,31,2,24,3,26,36,39,44,21,6,25,16,38,41,35,42,29,23,30,28,32,22,9
800,34,27,20,40,1,17,37,10,4,8,12,14,45,5,7,19,11,15,18,33,43,13,31,2,24,3,26,36,39,44,21,6,25,16,38,41,35,42,29,23,28,30,32,22,9
801,34,27,20,40,17,1,37,10,4,8,12,14,45,5,7,19,43,11,15,18,33,13,31,2,24,3,26,36,39,44,21,6,25,16,38,41,35,42,29,23,28,30,32,22,9
802,34,27,20,40,17,1,37,10,12,4,8,14,45,5,7,11,18,19,43,15,33,13,24,31,2,3,26,36,39,44,21,6,25,16,38,41,42,35,29,23,28,30,32,22,9
803,34,27,20,40,17,1,37,10,12,14,4,5,8,43,45,7,11,18,19,15,33,13,24,31,2,26,3,36,39,44,21,6,25,16,38,41,42,35,29,23,28,30,32,22,9
804,34,27,20,40,1,17,10,37,12,14,4,5,8,43,45,7,11,18,19,13,15,33,24,26,31,2,36,3,39,44,21,6,25,16,38,41,42,35,29,23,28,30,32,22,9
805,34,27,20,40,1,17,10,37,12,14,4,5,8,18,43,45,7,11,13,19,15,33,31,24,26,2,3,36,39,44,21,6,25,16,38,41,42,35,29,23,28,30,32,22,9
806,34,27,20,40,1,17,37,10,12,14,4,5,8,18,43,45,7,11,13,19,15,31,33,24,26,2,3,36,39,44,21,6,25,38,16,41,42,35,23,29,28,30,32,22,9
807,34,27,20,40,1,17,10,37,12,14,18,4,5,8,43,45,7,11,13,19,15,31,33,24,26,2,3,36,39,44,6,21,25,38,16,35,41,42,23,29,28,30,32,22,9
808,34,27,20,40,1,17,10,37,12,14,18,43,4,5,8,45,7,11,13,15,19,31,33,24,26,2,3,36,39,44,21,6,25,38,41,16,35,42,23,29,28,30,32,22,9
809,34,27,20,40,17,1,10,37,12,14,18,43,4,5,8,11,15,45,7,13,19,31,33,24,26,2,3,36,39,44,6,21,25,38,41,16,35,42,23,29,28,30,32,22,9
810,34,27,20,40,17,1,10,37,12,14,43,5,18,4,8,11,13,15,45,7,19,31,33,24,26,2,3,36,39,21,44,6,25,38,41,16,35,42,23,29,28,30,32,22,9
811,34,27,20,40,17,1,10,37,12,14,43,5,8,11,18,45,4,13,15,19,7,31,33,24,26,36,2,3,21,39,44,6,25,38,41,16,35,42,23,29,28,30,32,22,9
812,34,27,20,40,1,17,10,37,12,14,43,5,8,11,18,45,4,13,15,19,7,31,33,3,24,26,36,2,21,39,44,6,25,16,38,41,35,42,23,29,28,30,32,22,9
813,34,27,20,40,1,17,10,37,12,14,43,11,5,8,18,45,4,13,15,19,7,31,33,3,24,26,36,2,21,39,44,6,25,16,35,38,41,42,23,29,30,28,32,22,9
814,34,27,20,40,1,17,10,37,12,14,43,11,45,5,8,18,4,13,15,19,7,31,33,2,3,21,24,26,36,39,44,6,25,38,42,16,35,41,23,29,28,30,32,22,9
815,34,27,20,40,17,1,10,37,12,14,43,11,45,5,8,18,4,13,15,19,7,31,33,21,26,36,2,3,24,39,44,6,25,38,42,16,35,41,23,29,28,30,32,22,9
816,34,27,20,40,17,1,10,12,37,14,43,11,18,45,5,8,19,4,13,15,31,7,33,21,26,36,2,3,24,39,44,6,25,38,42,16,35,41,23,29,28,30,32,22,9
817,34,27,20,40,17,1,10,12,37,43,14,11,18,45,5,8,13,19,4,15,31,7,33,3,21,26,36,2,24,39,44,25,6,38,42,16,35,41,23,29,28,30,32,22,9
818,34,27,20,40,17,1,10,12,14,37,43,11,18,45,5,8,13,15,19,4,31,7,33,3,21,26,36,2,24,39,25,44,6,38,42,16,35,41,29,23,28,30,32,22,9
819,34,27,40,20,17,1,10,12,14,37,43,45,11,18,5,8,13,15,19,4,31,7,33,3,21,26,36,2,24,25,39,44,6,38,16,42,35,41,29,23,28,30,32,22,9
820,34,27,40,20,17,1,10,12,14,37,43,45,11,18,5,8,13,15,19,4,31,7,33,21,3,26,36,2,24,25,39,44,6,38,42,16,35,41,29,23,30,28,32,22,9
821,34,27,40,20,1,17,10,12,14,37,43,45,11,13,18,5,8,15,19,4,31,7,33,21,3,24,26,36,2,25,39,44,6,38,42,16,35,41,29,23,30,28,32,22,9
822,34,27,20,40,1,17,10,12,14,37,43,18,45,11,13,5,8,15,19,4,31,7,33,21,24,36,3,26,2,25,39,44,6,38,42,16,35,41,29,23,30,28,32,22,9
823,34,27,40,20,1,12,17,10,14,18,37,43,45,11,13,5,8,15,19,4,31,7,24,33,21,26,36,3,39,2,25,44,6,38,42,16,35,41,29,23,30,28,32,22,9
824,34,27,40,20,1,12,17,10,14,18,37,43,45,11,13,5,8,15,19,4,7,24,31,33,21,26,36,3,39,2,25,44,6,38,42,16,35,29,41,23,30,28,32,22,9
825,34,27,40,20,1,12,17,10,14,18,37,43,45,8,11,13,15,5,19,31,4,7,24,33,21,26,36,3,39,2,25,44,6,38,42,16,35,29,41,23,30,28,32,22,9
826,34,27,40,20,1,12,17,10,14,18,37,43,13,45,8,11,15,5,19,24,31,33,4,7,21,36,26,3,25,39,2,44,6,38,16,42,35,29,41,23,30,28,32,22,9
827,34,27,40,20,12,1,17,10,14,18,37,43,11,13,45,5,8,15,33,19,24,31,4,7,21,36,26,3,25,39,44,2,6,38,16,42,29,35,41,23,30,28,32,22,9
828,34,27,40,20,12,1,17,10,13,14,18,37,43,11,45,5,8,15,31,33,4,7,19,24,21,36,26,39,3,25,44,2,6,38,16,29,42,35,41,23,30,28,32,22,9
829,34,27,40,20,12,1,17,10,43,13,14,18,37,45,5,11,31,4,8,15,33,7,19,24,21,36,26,39,3,25,44,2,6,38,16,29,35,42,41,23,30,28,32,22,9
830,34,27,40,20,12,1,17,10,18,37,43,5,13,14,45,11,31,4,8,15,33,7,19,24,21,36,26,39,3,25,44,2,6,38,16,29,35,42,41,23,30,28,32,22,9
831,34,27,40,20,12,1,10,17,18,37,43,5,13,14,31,45,11,4,8,15,19,33,7,24,21,36,39,3,26,25,44,2,6,38,16,29,35,42,41,23,30,28,32,22,9
832,34,27,40,20,12,1,10,17,43,13,14,18,37,5,31,45,11,19,4,8,15,33,7,24,21,26,36,39,3,25,44,2,6,38,16,29,35,42,41,23,30,28,32,22,9
833,34,27,40,20,12,1,10,17,18,43,13,14,37,5,31,45,11,19,4,8,15,33,7,24,39,21,26,36,3,25,44,2,6,38,16,42,29,35,41,30,23,28,32,22,9
834,34,27,40,20,12,1,10,17,18,43,13,14,37,5,31,45,8,11,19,4,15,33,7,24,39,21,26,36,3,25,44,2,6,38,16,42,35,29,41,30,23,28,32,22,9
835,34,27,40,20,12,10,1,17,18,43,13,14,37,45,5,31,8,11,19,4,15,33,7,24,39,21,26,36,3,25,44,2,6,38,16,42,35,29,41,30,23,28,32,22,9
836,34,27,40,20,12,1,10,17,18,43,13,14,37,45,5,11,31,8,19,4,15,33,7,24,26,39,21,36,3,25,44,2,6,38,16,42,35,29,41,28,30,23,32,22,9
837,34,27,40,20,12,1,10,17,18,43,13,14,45,37,5,11,31,8,19,33,4,15,7,24,26,39,21,36,3,25,2,44,6,38,16,42,35,29,41,28,30,23,32,22,9
838,34,27,40,20,12,1,10,17,14,18,43,13,45,37,5,11,31,33,8,19,4,15,7,24,26,36,39,21,3,25,2,44,38,6,16,42,35,29,41,28,30,23,32,22,9
839,34,27,40,12,20,1,10,17,13,14,18,43,45,11,37,5,19,31,33,8,4,15,7,24,26,36,39,3,21,25,2,44,38,6,16,42,35,29,41,28,30,23,32,22,9
840,34,27,40,12,20,1,10,17,43,13,14,18,11,45,37,5,19,31,33,4,8,15,7,24,26,36,39,3,21,2,25,44,38,6,16,42,29,35,41,28,30,23,32,22,9
841,34,27,40,12,20,1,10,14,17,43,11,13,18,45,5,33,37,19,31,4,8,15,7,24,26,36,39,3,21,2,25,38,44,6,16,42,29,35,41,28,30,23,32,22,9
842,34,27,40,12,20,14,1,10,17,43,11,13,18,45,5,33,37,19,31,4,8,15,7,24,26,36,39,3,21,2,25,38,44,6,42,16,29,35,41,28,30,23,32,22,9
843,34,27,40,12,20,14,1,10,17,43,11,13,18,33,45,5,19,37,31,4,8,15,7,24,26,36,39,21,3,2,25,38,44,6,42,16,29,35,30,41,28,23,32,22,9
844,34,27,40,12,20,14,1,10,13,17,43,11,18,33,45,5,19,37,8,31,4,15,7,24,26,36,39,21,3,2,25,38,44,6,42,16,29,35,30,41,28,23,32,22,9
845,34,27,40,12,20,1,14,10,13,17,33,43,45,11,18,5,19,37,8,31,4,15,7,24,26,36,39,21,3,2,25,38,44,6,42,16,29,35,30,41,28,23,32,22,9
846,34,27,40,12,20,1,14,43,45,10,13,17,18,33,11,5,19,37,8,31,4,15,7,24,26,36,39,21,3,2,25,38,44,6,42,16,29,35,30,41,28,23,32,22,9
847,34,27,40,12,20,1,14,43,45,10,13,17,18,33,11,5,19,37,8,31,4,15,7,26,24,36,39,21,3,2,25,38,44,42,6,16,29,30,35,41,28,23,32,22,9
848,34,27,40,12,1,20,14,43,45,10,13,17,18,33,11,5,19,37,8,31,4,15,7,26,39,24,36,21,2,3,25,38,44,16,42,6,29,30,35,41,28,23,32,22,9
849,34,27,40,12,1,20,13,14,17,43,45,10,18,33,5,11,19,37,8,31,4,15,39,7,26,24,36,21,2,3,25,38,44,16,42,6,29,30,35,41,28,23,32,22,9
850,34,27,40,12,20,1,13,14,17,43,45,10,18,33,5,11,19,37,8,31,39,4,15,7,24,26,36,21,2,3,25,38,16,44,42,6,29,30,35,28,41,23,32,22,9
851,34,27,40,12,20,1,14,13,17,18,43,45,10,33,5,11,19,31,37,8,39,4,15,26,7,24,36,21,2,3,25,38,44,16,42,6,29,30,35,28,41,23,32,22,9
852,34,27,40,12,20,1,14,17,13,18,33,43,45,10,11,5,19,31,37,8,39,4,15,26,7,24,36,21,2,3,25,38,44,16,42,6,29,30,35,28,41,23,32,22,9
853,34,27,40,12,20,1,14,17,13,18,33,43,45,10,11,5,8,19,31,37,26,39,4,15,7,24,36,2,21,3,44,25,38,16,42,6,29,30,35,28,41,23,32,22,9
854,34,27,40,20,12,1,14,17,43,13,18,33,45,10,11,5,31,8,19,37,26,39,4,15,36,7,24,2,21,3,25,44,38,16,42,6,29,30,35,28,41,23,32,22,9
855,34,27,40,20,12,17,43,1,14,13,18,33,45,10,11,5,8,19,31,37,15,26,39,4,36,7,24,2,21,44,3,25,38,16,42,6,29,30,35,28,41,23,32,22,9
856,34,27,40,20,43,12,17,1,14,10,13,18,33,45,11,5,8,19,31,37,15,26,39,4,24,36,7,44,2,21,3,25,38,16,42,6,29,30,35,28,41,23,32,22,9
857,34,27,40,20,43,12,17,1,10,14,13,18,33,45,11,5,8,19,31,37,15,26,39,4,24,36,7,44,2,21,3,25,38,16,6,42,29,28,30,35,41,23,32,22,9
858,34,27,40,43,20,12,17,1,10,13,14,18,33,45,11,5,8,19,31,37,39,15,26,4,24,36,7,44,2,21,38,3,25,16,6,42,29,28,30,35,41,23,32,22,9
859,34,27,40,43,20,12,17,1,10,13,14,18,33,45,11,5,8,19,31,39,37,15,26,4,24,36,7,38,44,2,21,3,25,16,6,42,29,35,28,30,41,23,32,22,9
860,34,27,40,43,20,12,17,1,10,13,14,18,33,45,8,11,5,19,31,39,37,4,15,26,24,36,7,38,44,2,21,25,3,16,6,42,29,35,28,30,41,23,32,22,9
861,34,27,40,43,17,20,12,1,10,13,14,18,11,33,45,8,5,19,31,39,37,4,15,26,24,36,7,21,25,38,44,2,3,16,6,42,29,35,28,30,41,23,32,22,9
862,34,27,40,43,17,20,10,12,1,13,14,18,11,33,45,8,5,19,31,39,37,4,15,26,24,36,7,38,21,25,44,2,3,16,42,6,29,35,28,30,41,23,32,22,9
863,34,27,40,43,17,20,10,12,1,13,14,18,11,33,45,8,5,19,39,31,37,4,15,26,24,36,7,21,38,25,44,2,3,16,42,6,35,28,29,30,41,23,32,22,9
864,34,27,40,43,10,17,20,12,13,1,14,18,11,33,45,8,5,19,39,31,37,4,15,26,36,7,24,21,25,38,44,2,3,16,42,6,35,28,29,30,41,23,32,22,9
865,34,27,40,43,10,17,20,12,13,1,14,18,33,45,11,8,5,19,39,31,15,37,4,26,36,7,24,21,25,38,3,44,2,16,42,6,35,28,29,30,41,23,32,22,9
866,34,27,40,43,10,17,20,12,13,1,14,18,33,45,11,8,39,5,19,15,31,37,4,26,36,7,24,21,25,38,3,44,2,16,42,6,29,35,28,30,41,23,32,22,9
867,34,40,27,43,17,10,20,12,13,14,1,18,33,45,11,8,19,39,5,15,31,37,4,24,26,36,7,21,25,38,3,44,2,16,42,6,29,35,28,30,41,23,32,22,9
868,34,40,43,27,17,10,12,20,13,14,1,18,33,45,11,8,19,39,5,15,31,37,4,24,26,36,7,21,25,38,44,3,2,16,42,6,28,29,35,41,30,23,32,22,9
869,34,27,40,43,17,20,10,12,13,14,1,18,33,45,11,39,8,19,5,37,15,31,4,24,26,36,7,21,25,38,44,2,3,16,6,42,28,29,35,41,30,23,32,22,9
870,34,40,27,43,17,20,10,12,13,14,1,18,33,45,11,39,8,19,5,37,15,31,4,24,26,36,7,21,25,38,44,2,3,16,42,6,28,29,35,30,41,32,23,22,9
871,34,40,27,43,17,12,20,10,13,14,1,18,33,45,11,39,8,19,5,37,15,31,26,4,24,36,7,21,25,2,38,44,3,16,6,42,28,29,30,35,41,32,23,22,9
872,34,40,43,27,17,12,20,10,13,14,33,1,18,45,11,39,8,19,5,37,15,31,4,26,24,36,2,7,21,25,38,44,3,16,6,42,30,28,29,35,41,32,23,22,9
873,34,40,43,27,12,17,20,10,13,33,14,1,18,39,45,11,5,8,19,37,15,31,4,26,24,36,2,7,21,25,3,38,44,16,6,42,30,28,29,35,41,32,23,22,9
874,34,40,43,27,12,17,20,10,13,33,1,14,18,39,45,11,19,5,8,15,37,31,4,26,24,36,2,7,21,25,3,38,44,16,42,6,28,30,29,35,41,32,23,22,9
875,34,40,43,27,12,17,20,10,13,33,1,14,39,18,19,45,11,5,8,15,37,31,4,26,24,36,2,7,21,25,44,3,38,16,42,6,30,28,29,35,41,32,23,22,9
876,34,40,43,27,12,17,20,10,13,33,1,14,39,18,19,45,5,11,8,15,37,26,31,4,21,24,36,2,7,25,44,3,38,16,42,6,30,28,29,35,41,32,23,22,9
877,34,43,40,27,17,12,20,10,13,33,1,14,18,39,5,19,45,11,8,15,37,26,31,4,21,24,36,2,7,25,44,3,38,16,42,6,30,28,29,35,41,23,32,22,9
878,34,43,40,27,17,12,20,10,13,33,1,14,18,39,5,11,19,45,8,15,31,37,26,4,2,21,24,25,36,7,44,3,38,16,42,6,30,28,29,35,41,23,32,22,9
879,34,43,40,27,17,12,10,20,1,13,14,33,18,39,5,11,19,45,8,15,31,37,4,26,2,21,24,25,36,7,44,3,38,16,42,6,30,28,35,29,41,23,32,22,9
880,34,43,40,17,27,12,10,20,1,13,14,33,18,19,39,45,5,11,8,15,31,37,4,26,24,2,7,21,25,36,44,3,38,16,42,6,30,28,35,29,41,23,32,22,9
881,34,43,27,40,17,12,20,10,1,13,14,18,33,19,39,45,5,11,8,15,4,26,31,37,24,2,7,21,25,36,44,3,38,16,42,6,30,28,35,29,41,23,32,22,9
882,34,43,27,40,17,12,20,10,18,1,13,14,33,39,45,19,5,11,8,15,4,26,31,37,24,2,7,21,25,36,44,3,38,16,42,6,30,28,35,29,41,23,32,22,9
883,34,43,27,40,17,12,18,20,10,33,1,13,14,39,45,19,5,11,8,15,37,4,26,31,24,44,2,7,21,25,36,3,38,16,42,6,30,28,35,29,41,32,23,22,9
884,34,43,27,40,17,12,18,20,10,14,33,45,1,13,39,19,5,11,37,4,8,15,26,31,24,44,2,7,21,25,36,3,38,16,42,6,28,30,35,29,41,23,32,22,9
885,34,43,27,40,17,12,18,20,45,1,10,14,33,39,13,19,5,11,37,4,8,15,26,31,24,44,2,7,21,25,36,3,38,16,42,6,28,30,35,29,41,23,32,22,9
886,34,43,27,40,17,45,12,18,20,1,10,14,33,39,13,19,5,11,37,4,8,15,26,31,24,44,2,7,21,25,36,3,38,16,42,6,28,30,35,29,41,23,32,22,9
887,34,27,43,17,40,45,12,14,18,20,1,10,33,39,13,19,5,11,37,8,4,15,26,31,24,36,44,2,7,21,25,3,38,16,42,6,28,30,35,29,41,23,32,22,9
888,34,27,43,17,40,45,12,14,18,20,1,10,33,39,13,19,5,11,37,8,4,15,31,26,24,7,36,44,2,3,21,25,38,16,42,6,28,30,35,29,41,23,32,22,9
889,34,27,43,17,40,45,12,14,18,20,39,1,10,13,33,19,5,11,37,8,4,15,31,26,24,3,7,36,44,2,21,25,38,42,16,6,28,30,29,35,41,23,32,22,9
890,34,27,43,17,40,45,12,14,18,1,20,39,10,13,33,19,37,5,11,4,8,15,31,26,24,3,7,36,44,2,21,25,38,42,16,6,28,29,30,35,41,23,32,22,9
891,34,27,43,17,40,45,12,14,18,39,1,13,20,10,33,19,37,5,11,4,8,31,15,26,24,3,7,36,44,2,21,25,38,42,16,6,28,29,30,35,41,23,32,22,9
892,34,27,43,17,40,18,45,12,14,39,1,13,20,10,33,19,37,4,5,11,8,31,15,26,24,3,7,36,44,2,21,25,38,42,16,6,28,29,30,35,41,23,32,22,9
893,34,17,27,43,40,18,45,1,12,14,39,13,20,10,33,19,37,4,5,11,8,15,31,26,24,3,7,25,36,44,2,21,38,42,16,6,28,29,30,35,41,23,32,22,9
894,34,43,17,27,40,18,45,1,12,14,39,13,20,10,19,33,37,4,5,11,8,15,31,26,24,3,7,25,36,44,2,21,38,42,16,6,28,29,30,41,35,23,32,22,9
895,34,43,17,27,40,18,39,45,1,12,14,13,20,10,19,33,37,4,5,11,31,8,15,26,24,3,7,25,36,38,44,2,21,42,16,6,28,41,29,30,35,23,32,22,9
896,34,43,17,27,40,45,12,18,39,1,14,13,20,10,19,33,37,5,4,11,26,31,8,15,24,25,38,3,7,36,44,2,21,42,16,6,28,41,29,30,35,23,32,22,9
897,34,43,17,27,40,12,45,18,39,1,14,13,20,10,19,33,37,5,26,4,11,31,8,15,7,24,25,36,38,3,44,2,21,42,16,6,28,41,29,30,35,23,32,22,9
898,34,43,17,27,40,12,18,45,39,1,14,13,20,10,19,33,37,5,26,4,11,31,8,15,7,24,25,36,38,3,21,44,2,42,16,6,28,41,29,30,35,23,32,22,9
899,34,43,17,27,40,12,18,39,45,1,14,20,13,19,33,10,37,5,26,4,8,11,31,15,7,21,24,25,36,38,3,44,2,42,16,6,28,41,29,30,35,23,32,22,9
900,34,43,17,27,18,40,12,39,45,1,13,14,20,19,33,10,37,5,26,4,8,11,31,15,7,38,21,24,25,36,3,44,2,42,16,6,28,35,41,29,30,23,32,22,9
901,34,43,17,18,27,40,12,39,45,20,1,13,14,19,33,10,37,5,26,4,8,11,31,15,7,38,21,24,25,36,3,44,2,42,16,6,28,30,35,41,29,23,32,22,9
902,34,43,17,18,27,39,40,12,45,20,1,13,14,19,33,10,37,5,26,4,8,11,31,15,7,24,36,38,21,25,3,44,2,42,16,6,28,30,35,41,29,23,32,22,9
903,34,43,17,18,27,39,40,12,45,20,1,13,14,19,33,10,37,5,26,4,8,11,15,31,7,21,24,36,38,25,2,3,44,16,42,28,6,30,35,41,29,23,32,22,9
904,34,43,17,18,27,39,40,45,12,20,1,13,14,19,33,10,37,5,26,8,4,11,15,31,7,21,24,36,38,2,25,3,44,16,42,6,28,30,35,41,29,23,32,22,9
905,34,43,27,17,18,40,39,45,12,20,1,13,14,19,33,10,37,5,26,4,8,11,15,31,7,38,21,24,36,2,3,25,16,44,42,6,28,30,35,41,29,23,32,22,9
906,34,43,27,17,18,40,39,45,12,14,20,1,13,19,33,5,10,37,26,4,8,31,11,15,7,38,2,21,24,36,3,25,16,44,42,28,6,30,35,41,29,23,32,22,9
907,34,27,43,40,17,18,39,45,12,14,20,1,13,19,33,5,10,37,26,4,8,31,11,15,38,7,21,2,24,36,3,25,44,16,42,28,6,29,30,35,41,23,32,22,9
908,34,27,43,40,17,18,39,45,12,14,20,1,13,19,33,5,10,37,26,4,8,31,11,15,21,38,7,2,3,24,36,44,16,25,42,28,6,29,30,35,41,23,32,22,9
909,34,27,43,40,17,18,39,45,12,14,20,1,13,19,33,5,10,37,26,4,8,31,11,15,7,21,38,24,2,3,36,44,16,25,42,28,6,29,30,35,41,23,32,22,9
910,34,27,43,17,40,18,39,45,12,1,14,20,13,19,33,5,10,37,26,4,8,11,31,15,7,21,38,24,2,3,36,44,16,25,42,28,6,35,29,30,41,23,32,22,9
911,34,27,43,17,40,18,39,12,45,14,1,20,13,19,5,33,10,37,4,26,8,11,31,15,7,21,38,24,2,3,36,44,16,25,42,28,6,35,29,30,41,23,32,22,9
912,34,27,43,17,18,40,39,12,45,14,1,20,5,13,19,33,10,37,4,8,26,11,31,15,21,38,7,24,2,3,36,44,16,25,42,28,6,35,29,30,41,23,32,22,9
913,34,27,43,17,18,40,39,12,14,45,1,20,5,13,19,33,37,10,4,8,26,11,21,31,15,38,7,24,2,3,16,36,44,25,42,6,28,35,29,30,41,23,32,22,9
914,34,27,43,17,18,40,39,12,14,45,1,19,20,5,13,33,37,10,4,8,26,11,21,31,15,38,7,24,16,44,2,3,36,25,42,6,28,35,29,30,41,23,32,22,9
915,34,27,43,17,18,40,39,12,14,45,1,13,19,20,5,33,37,10,4,8,11,26,21,31,15,38,7,24,2,16,44,3,36,25,42,6,28,35,29,30,41,23,32,22,9
916,34,27,43,17,18,40,39,12,14,45,1,13,19,20,5,33,37,10,4,8,11,21,26,31,15,38,7,24,2,16,36,44,3,25,42,6,28,35,29,30,41,23,32,22,9
917,34,27,43,17,18,40,39,12,14,45,1,13,19,20,5,33,37,10,4,8,11,21,26,31,15,24,38,7,2,3,16,36,44,25,42,6,28,35,29,30,41,23,32,22,9
918,34,27,43,17,18,40,12,39,14,45,1,13,19,20,33,5,37,10,11,4,8,21,26,31,38,7,15,24,2,3,16,36,44,25,42,6,28,35,29,30,41,23,32,22,9
919,34,27,43,17,18,40,12,14,39,45,1,13,19,20,33,5,37,10,11,4,8,21,26,31,38,7,15,24,44,2,3,16,36,42,25,6,28,35,29,30,41,23,32,22,9
920,34,27,43,17,18,40,12,14,39,45,1,33,13,19,20,5,37,10,11,26,4,8,21,31,38,7,15,24,2,3,44,16,36,42,25,6,28,35,29,30,41,23,32,22,9
921,34,27,43,17,18,12,40,14,39,45,1,33,5,13,19,20,37,10,11,26,4,8,21,31,7,38,15,24,2,3,44,16,36,42,25,6,28,35,29,30,41,23,32,22,9
922,34,27,43,17,18,12,40,14,39,45,1,13,33,5,19,20,37,10,11,26,4,8,21,31,7,38,2,15,24,3,44,16,36,42,25,6,28,35,29,30,41,23,32,22,9
923,34,27,43,17,18,12,40,14,39,45,1,13,33,5,19,20,37,10,11,26,4,8,21,31,7,38,2,3,15,24,36,44,16,42,25,6,28,35,41,29,30,23,32,22,9
924,34,27,43,17,18,12,40,14,39,45,1,13,33,5,19,20,37,11,10,26,4,8,21,31,3,7,38,2,15,24,44,36,16,42,25,6,28,35,41,29,30,23,32,22,9
925,34,27,43,17,18,12,39,40,14,13,45,1,33,5,19,20,37,11,10,26,4,8,21,31,3,7,24,38,2,15,44,36,42,16,25,6,28,35,41,29,30,23,32,22,9
926,34,27,43,17,18,12,39,40,14,13,45,1,20,33,5,19,37,10,11,26,31,4,8,21,3,7,24,38,2,15,44,16,36,42,25,6,28,35,41,29,30,23,32,22,9
927,34,43,27,17,18,12,39,40,14,13,45,1,20,33,5,19,37,10,11,4,26,31,8,21,38,3,7,15,24,2,44,16,36,42,25,6,28,35,41,29,30,23,32,22,9
928,34,43,27,17,18,12,39,40,14,13,20,45,1,33,5,19,10,37,4,11,26,31,3,8,21,38,7,15,24,44,2,16,36,42,25,6,28,35,41,29,30,23,32,22,9
929,34,43,27,17,18,12,39,40,14,13,20,45,1,19,33,5,10,37,4,11,26,31,3,7,8,15,21,38,24,44,2,16,36,42,25,6,28,35,41,23,29,30,32,22,9
930,34,43,27,17,18,12,39,40,14,13,20,45,1,19,33,5,10,37,4,11,8,21,26,31,38,3,7,15,44,24,2,16,36,42,25,6,28,35,41,23,29,30,32,22,9
931,34,43,27,17,18,12,39,14,40,13,20,45,1,19,33,5,10,37,4,11,8,15,21,26,31,38,3,7,44,24,2,16,25,36,42,6,28,35,41,23,29,30,32,22,9
932,34,43,27,17,18,12,39,14,40,1,13,20,45,19,33,5,37,10,4,11,15,38,8,21,26,31,3,7,44,24,2,36,16,25,42,6,28,35,41,23,29,30,32,22,9
933,34,43,27,17,18,12,39,14,40,45,1,13,20,19,33,5,37,10,4,11,15,31,38,8,21,26,3,7,44,24,36,2,16,25,42,6,28,35,23,41,29,30,32,22,9
934,34,43,27,17,18,39,12,14,40,1,45,13,20,33,19,5,37,10,4,11,15,31,38,3,8,21,26,7,36,44,24,2,16,25,42,6,28,35,23,41,29,30,32,22,9
935,34,43,27,17,18,39,12,14,40,1,20,45,13,33,19,5,10,37,4,38,11,15,31,3,8,21,26,44,7,36,24,2,16,25,42,6,28,35,23,41,29,30,32,22,9
936,34,43,27,17,18,39,12,14,40,1,13,20,45,33,19,5,10,37,4,11,38,15,31,3,7,8,21,26,44,36,24,2,16,25,42,6,28,35,23,29,41,30,32,22,9
937,34,43,27,17,18,39,12,40,13,14,1,20,45,33,10,19,5,37,4,11,38,15,31,3,7,8,21,26,44,36,2,24,16,25,42,6,28,29,35,23,41,30,32,22,9
938,34,43,27,17,18,39,12,40,13,14,1,20,45,10,33,19,4,5,37,11,31,38,8,15,3,7,21,26,36,44,2,24,16,25,42,6,28,29,35,23,41,30,32,22,9
939,34,43,27,17,18,39,12,40,13,14,45,1,20,10,33,4,19,5,11,37,31,38,8,15,3,7,21,26,36,44,2,24,16,42,25,6,28,29,35,23,41,30,32,22,9
940,34,43,27,17,18,39,12,40,13,14,20,45,1,10,33,4,19,5,11,37,15,31,38,3,8,7,21,26,36,44,24,2,16,42,25,6,28,29,35,41,23,30,32,22,9
941,34,27,43,17,18,39,12,40,14,13,20,45,1,10,33,4,19,5,11,37,15,31,38,3,8,7,21,26,36,44,24,2,16,25,42,6,28,29,35,41,23,30,32,22,9
942,34,43,27,18,17,39,12,40,14,13,20,45,1,10,33,4,19,5,11,37,15,31,38,3,8,7,21,26,36,44,24,2,42,16,25,6,28,35,29,41,23,30,32,22,9
943,34,43,27,18,17,39,12,40,13,14,45,1,20,10,33,4,19,5,11,37,8,15,31,38,3,36,44,7,21,26,24,2,42,16,25,6,28,35,29,41,23,30,32,22,9
944,34,43,27,18,17,39,12,13,40,14,45,1,20,10,33,19,4,5,11,37,8,15,31,38,3,36,44,7,21,26,2,24,16,42,25,6,28,35,29,41,23,30,32,22,9
945,34,43,27,18,17,39,12,13,40,14,45,1,10,20,33,19,4,37,5,11,15,8,31,38,3,36,44,7,21,26,2,24,16,42,25,6,28,35,29,41,23,30,32,22,9
946,34,43,27,18,17,39,12,40,13,14,45,1,10,20,33,19,4,37,5,11,15,8,31,38,3,36,44,7,21,26,2,24,16,42,25,6,28,35,29,30,41,23,32,22,9
947,34,27,43,18,17,39,12,40,13,14,20,45,1,10,33,19,4,37,5,8,11,15,3,31,38,36,44,7,21,26,2,24,16,42,25,6,28,35,29,30,41,23,32,22,9
948,34,27,43,18,17,39,12,13,40,14,20,45,1,10,33,19,4,37,5,8,11,15,31,38,3,36,44,7,21,26,2,24,16,42,25,6,28,35,30,41,29,23,32,22,9
949,34,27,43,18,17,39,40,12,13,14,20,45,1,10,33,19,4,37,5,8,11,15,31,38,3,36,44,21,7,26,2,24,16,42,25,6,28,35,30,41,29,23,32,22,9
950,34,27,43,18,17,40,39,12,13,14,20,45,1,10,33,19,4,15,37,3,5,8,11,31,38,36,44,21,7,26,2,24,16,42,25,6,28,35,30,41,29,23,32,22,9
951,34,43,27,18,17,39,40,12,13,14,20,45,1,10,33,19,4,15,31,37,3,5,8,11,38,36,44,21,2,7,26,24,16,42,25,6,28,35,30,41,29,23,32,22,9
952,34,43,27,18,12,17,39,40,13,14,20,33,45,1,10,4,19,15,31,37,3,5,8,11,38,36,44,21,2,7,24,26,16,42,25,6,28,35,30,41,29,23,32,22,9
953,34,27,43,18,12,17,39,40,13,14,20,33,45,1,10,4,19,37,15,31,3,5,8,11,38,36,44,7,21,2,24,26,42,16,25,6,28,35,30,41,29,23,22,32,9
954,34,27,43,18,12,17,39,40,13,14,1,20,33,45,10,4,19,37,15,31,3,5,8,11,38,36,44,7,21,26,2,24,42,16,25,28,6,30,35,41,29,23,22,32,9
955,34,27,43,18,12,17,39,40,13,14,33,1,20,45,4,10,19,37,15,31,3,5,8,11,38,26,36,44,7,21,2,24,42,16,25,28,6,30,35,41,29,23,22,32,9
956,34,27,43,18,12,17,39,40,13,14,20,33,1,10,45,4,19,37,11,15,31,3,5,8,38,21,26,36,44,7,2,24,42,16,25,28,6,41,30,35,29,23,22,32,9
957,34,27,43,18,40,12,17,39,13,14,20,33,1,4,10,45,19,15,37,11,31,3,5,8,36,38,21,26,44,7,24,2,42,16,25,28,6,35,41,30,29,23,22,32,9
958,34,27,43,18,40,12,17,39,13,10,14,20,33,1,4,45,19,37,15,11,31,3,5,8,36,38,21,26,44,2,7,24,16,42,25,28,35,6,41,30,29,23,22,32,9
959,34,27,43,18,40,12,17,39,13,14,1,10,20,33,4,45,15,19,37,11,31,3,5,8,36,38,21,24,26,44,2,7,16,42,25,28,35,41,6,30,29,23,22,32,9
960,34,27,43,18,40,12,17,39,13,14,1,10,20,33,45,4,15,19,37,11,31,3,5,8,24,36,38,2,21,26,44,7,16,42,25,28,35,41,6,30,29,23,32,22,9
961,34,27,43,18,40,12,17,39,13,14,20,33,1,10,45,4,15,19,37,11,31,3,5,8,24,36,38,2,21,26,44,7,42,16,25,28,35,41,6,30,29,23,32,22,9
962,34,43,18,27,40,12,17,39,1,13,14,20,33,10,45,4,15,19,31,37,11,3,5,8,24,36,38,2,21,26,44,7,42,16,25,28,35,41,6,30,29,23,32,22,9
963,34,43,18,27,40,12,17,39,1,13,14,20,33,10,45,4,19,15,31,37,11,3,5,8,24,36,38,2,21,26,44,7,42,16,25,28,6,35,41,30,29,23,32,22,9
964,34,43,18,27,40,12,39,17,1,13,14,20,33,10,45,4,19,15,31,37,11,36,38,3,5,8,21,24,2,26,44,7,42,16,25,6,28,35,41,30,29,23,32,22,9
965,34,43,18,27,40,12,39,17,13,1,14,20,33,10,45,4,19,15,31,37,11,36,38,2,3,5,8,21,24,26,44,7,42,16,25,28,6,35,41,30,29,23,32,22,9
966,34,43,18,27,40,12,39,17,1,13,14,20,33,10,45,4,19,37,15,31,11,36,21,38,2,3,5,8,24,26,44,7,42,25,16,28,6,35,41,29,30,23,32,22,9
967,34,43,18,27,40,12,39,1,13,17,14,20,33,10,45,4,37,19,15,31,11,36,38,21,2,3,5,8,24,26,44,7,42,25,16,6,28,35,41,29,30,23,32,22,9
968,34,43,18,27,40,12,39,1,13,17,14,20,33,10,45,4,37,19,15,31,11,36,38,2,5,21,24,3,8,26,44,7,42,25,16,6,28,35,41,29,30,23,32,22,9
969,34,43,18,27,40,12,39,1,13,17,14,10,20,33,45,4,37,19,15,31,11,36,38,2,3,5,21,24,8,26,44,7,42,25,16,6,28,29,35,41,30,23,32,22,9
970,34,43,18,27,40,12,39,1,13,17,14,10,20,33,45,4,37,19,11,15,31,36,21,38,2,3,5,24,8,26,44,7,42,16,25,28,6,29,35,41,30,23,32,22,9
971,34,43,18,27,40,12,39,17,1,13,14,10,20,33,45,4,37,19,11,15,21,31,36,2,38,3,5,24,8,26,44,7,42,16,25,6,28,29,35,41,30,23,32,22,9
972,34,43,18,27,40,39,12,17,1,13,14,10,20,33,45,37,4,19,11,15,21,31,36,2,3,38,5,24,8,26,44,7,42,16,25,6,28,29,35,41,30,23,32,22,9
973,34,43,18,27,40,39,12,17,1,13,14,10,20,33,37,45,4,19,31,11,15,21,36,2,3,38,5,24,26,8,42,44,7,16,25,6,28,41,29,35,30,23,22,32,9
974,34,43,18,27,39,40,12,17,1,13,14,10,20,33,37,45,4,11,19,31,2,15,21,36,3,38,5,24,26,8,44,42,7,16,25,6,28,41,29,35,30,23,22,32,9
975,34,43,18,27,39,40,17,12,1,13,14,10,20,33,37,45,4,11,19,31,2,15,21,36,3,24,38,5,8,26,44,7,42,16,25,6,28,41,29,35,30,23,22,32,9
976,34,43,18,27,39,40,12,17,1,13,14,37,10,20,33,45,4,11,19,31,2,15,21,36,3,24,38,5,8,26,44,7,42,16,25,6,28,35,41,29,30,23,22,32,9
977,34,43,18,27,39,40,12,17,1,14,13,10,37,20,33,45,4,2,11,19,31,15,21,36,3,24,38,5,8,26,44,7,42,16,25,6,28,35,41,29,30,23,22,32,9
978,34,43,18,27,39,40,12,17,1,14,13,10,37,20,33,45,4,2,11,15,19,31,21,36,3,24,38,5,8,26,44,7,42,16,25,6,28,35,41,29,30,23,22,32,9
979,34,43,18,27,39,40,12,17,1,14,13,10,33,37,20,45,4,11,2,15,19,21,31,36,3,24,38,5,7,8,26,44,42,16,25,6,28,35,41,29,30,23,22,32,9
980,34,43,18,27,39,40,12,17,1,13,14,10,33,37,20,45,4,11,2,15,19,21,31,3,24,36,38,5,7,8,26,44,16,42,25,6,28,35,41,29,30,23,22,32,9
981,34,43,27,18,39,40,12,17,1,13,14,37,10,33,45,20,4,11,2,15,19,21,31,36,3,24,38,5,7,8,26,44,16,42,25,6,28,35,41,29,30,23,22,32,9
982,34,43,27,18,39,40,12,17,1,13,14,37,10,20,33,45,4,11,21,2,15,19,31,36,3,24,5,7,38,44,8,26,16,42,25,6,28,35,41,29,30,23,22,32,9
983,34,43,27,18,39,40,12,13,17,1,14,37,10,20,33,45,4,11,21,31,2,15,19,36,3,24,5,7,26,38,44,8,16,42,25,6,28,35,41,29,23,30,22,32,9
984,34,43,27,18,39,40,12,13,17,1,14,37,10,20,33,45,4,11,21,31,36,2,3,15,19,24,5,7,26,38,44,8,16,42,25,6,35,28,41,23,29,30,22,32,9
985,34,43,27,18,17,39,40,12,13,1,14,37,10,20,33,45,4,21,11,31,36,2,3,15,19,24,44,5,7,26,38,8,16,42,25,6,35,28,41,23,29,30,22,32,9
986,34,43,27,18,17,39,40,12,13,1,10,14,37,20,33,45,4,21,11,31,36,2,3,15,19,7,24,44,5,26,38,8,16,42,25,6,28,35,41,23,29,30,22,32,9
987,34,43,27,18,17,39,40,12,13,1,10,14,37,20,33,45,4,21,2,11,15,31,36,3,19,7,24,38,44,5,26,8,16,42,25,6,28,35,41,23,29,30,22,32,9
988,34,43,27,18,13,17,39,40,12,1,10,14,37,20,33,45,4,2,21,31,11,15,36,3,19,7,24,38,44,5,26,8,16,42,25,6,28,35,41,23,29,30,22,32,9
989,34,43,27,18,17,13,39,40,12,1,10,14,37,20,33,45,4,21,2,31,11,15,36,3,19,7,24,38,44,5,26,8,16,42,25,6,28,35,41,23,29,30,22,32,9
990,34,43,27,18,17,13,39,40,12,1,37,10,14,20,33,4,45,2,21,31,36,11,15,3,19,7,24,26,38,44,5,8,16,42,25,6,28,35,41,23,29,30,22,32,9
991,34,43,18,27,13,17,39,40,12,1,37,10,14,33,20,4,45,2,21,31,36,11,15,3,19,44,7,24,26,38,5,8,16,42,25,6,28,35,41,23,29,30,22,32,9
992,34,43,18,27,13,17,12,39,40,1,33,37,10,14,20,45,4,2,21,31,36,11,15,44,3,19,26,7,24,38,5,8,16,42,25,6,28,35,41,23,29,30,22,32,9
993,34,18,43,27,13,17,12,39,40,1,14,33,37,10,20,45,4,2,21,31,36,11,15,44,3,19,24,26,7,38,5,16,42,8,25,6,28,35,41,23,29,30,22,32,9
994,34,18,27,43,13,17,12,39,40,1,14,33,37,10,20,45,4,2,21,31,36,3,11,15,24,44,19,26,7,38,5,8,16,42,25,6,35,28,41,23,29,30,22,32,9
995,34,18,27,43,13,17,39,1,12,40,14,33,37,10,20,4,45,2,21,31,36,3,11,15,24,44,19,26,38,7,5,8,16,42,25,6,35,28,41,29,23,30,22,32,9
996,34,18,27,43,13,39,17,1,12,40,14,33,37,10,20,4,45,2,21,31,11,15,24,36,3,44,19,26,38,7,5,8,16,42,25,6,35,28,41,29,23,30,22,32,9
997,34,18,27,43,13,39,17,1,12,40,14,33,37,4,10,20,45,2,21,24,31,11,15,36,44,3,7,19,26,38,16,5,8,42,25,6,35,28,41,29,23,30,22,32,9
998,34,18,27,43,13,17,39,1,12,40,14,20,33,37,4,10,45,2,21,24,31,11,15,36,44,3,7,19,26,38,16,42,5,8,25,6,35,28,41,29,23,30,22,32,9
999,34,18,27,43,13,17,39,1,12,14,40,20,33,37,4,10,45,2,21,24,31,3,11,15,36,44,7,19,26,38,16,42,5,8,25,6,28,35,41,29,23,30,22,32,9
1000,34,18,27,43,13,17,39,1,12,14,40,20,33,37,4,10,45,2,21,24,31,3,11,15,36,44,19,7,26,38,42,8,16,5,25,6,28,35,41,29,23,30,22,32,9
1001,34,18,27,43,13,17,39,1,12,14,40,20,10,33,37,4,45,2,21,24,31,3,11,15,36,44,19,42,7,26,38,8,16,5,25,6,28,35,41,29,23,30,22,32,9
1002,34,18,27,43,13,17,39,1,12,14,40,20,33,10,37,45,4,2,21,24,31,3,11,15,36,44,19,38,42,7,26,8,16,5,25,6,35,28,41,29,23,30,22,32,9
1003,34,18,43,27,13,17,39,1,12,14,40,20,33,45,4,10,37,2,21,24,31,3,11,15,36,44,19,38,42,7,26,8,16,5,25,6,35,28,29,41,23,30,22,32,9
1004,34,18,43,27,39,13,17,1,12,14,40,20,33,37,45,4,10,2,15,21,24,31,44,3,11,36,7,19,38,42,26,8,16,5,25,6,35,28,29,41,23,30,22,32,9
1005,34,18,27,43,13,39,17,1,12,14,40,20,33,37,45,4,10,2,24,15,21,31,44,3,11,36,7,19,38,42,8,26,16,5,25,6,35,28,29,41,23,30,22,32,9
1006,34,18,27,43,13,17,39,1,12,14,37,40,20,33,45,4,10,2,15,24,11,21,31,44,3,36,7,8,19,38,42,16,26,5,25,6,35,28,29,41,23,30,22,32,9
1007,34,18,27,43,13,17,39,1,12,14,37,40,20,33,45,4,10,2,11,15,21,24,31,44,3,8,19,36,7,16,38,42,26,5,25,6,35,28,29,41,23,30,22,32,9
1008,34,18,27,43,13,17,39,1,12,14,37,40,20,33,45,4,10,11,2,15,21,24,31,44,3,8,19,36,7,16,38,42,26,5,25,6,35,28,29,41,30,23,22,32,9
1009,34,18,27,43,13,17,39,1,12,14,40,37,20,33,45,4,10,11,15,44,2,21,24,31,3,8,19,36,7,16,38,42,26,5,25,6,29,35,28,41,23,30,22,32,9
1010,34,18,27,43,13,17,39,1,12,14,40,37,20,33,45,4,10,15,11,44,2,21,24,31,36,3,8,19,7,16,38,42,26,25,5,6,29,35,28,41,23,30,22,32,9
1011,34,18,27,43,13,17,39,1,12,14,40,37,20,33,45,4,10,15,11,44,2,21,24,31,36,3,8,19,38,7,16,26,42,25,5,6,35,29,28,41,23,30,22,32,9
1012,34,18,27,43,13,17,39,1,12,14,40,20,37,45,33,4,10,11,15,44,2,21,24,31,36,3,8,19,38,7,16,26,42,5,25,35,6,29,28,41,23,30,22,32,9
1013,34,18,27,43,13,17,39,1,12,14,40,20,37,45,33,4,10,11,15,21,44,2,24,31,36,3,8,19,26,38,7,16,42,5,25,35,6,29,41,28,23,30,22,32,9
1014,34,18,27,43,13,17,39,1,12,14,40,20,37,45,33,4,10,11,15,21,44,2,24,31,36,3,26,8,19,38,7,16,42,5,25,35,6,29,41,28,23,30,22,32,9
1015,34,18,27,43,13,17,39,1,12,14,40,37,20,33,45,4,10,11,15,21,31,44,2,24,36,3,26,8,19,38,7,16,42,5,25,35,6,29,41,28,23,30,22,32,9
1016,34,18,27,43,13,17,39,1,12,14,40,37,20,33,45,4,10,11,15,21,31,44,2,24,26,36,3,8,19,38,42,7,16,5,25,35,6,41,28,29,23,30,22,32,9
1017,34,18,27,43,12,13,17,39,1,14,40,37,20,33,45,4,10,11,15,21,31,44,2,24,26,36,3,8,19,38,42,7,16,5,25,35,6,41,28,29,23,30,22,32,9
1018,34,18,27,43,12,13,17,39,1,14,37,40,45,20,33,4,10,11,15,21,31,44,2,3,24,26,36,19,8,38,42,7,16,25,5,35,6,41,28,29,23,30,22,32,9
1019,34,18,27,13,17,39,43,1,12,14,37,40,45,20,33,4,10,11,15,21,31,44,2,3,24,26,36,19,8,38,42,7,16,25,5,35,6,41,28,29,23,30,22,32,9
1020,34,18,27,12,13,17,39,43,1,14,37,40,45,20,33,4,10,11,15,21,31,44,2,3,24,26,36,19,38,8,42,7,16,25,5,35,41,6,29,28,23,30,22,32,9
1021,34,18,27,12,17,13,39,43,1,14,45,37,40,20,33,4,15,10,11,21,24,31,44,2,3,26,36,19,38,8,42,7,16,25,5,29,35,41,6,28,23,30,22,32,9
1022,34,18,27,12,17,13,39,43,1,45,14,37,40,20,33,4,11,15,10,21,24,31,44,2,3,26,36,19,38,42,8,7,16,5,25,29,6,35,41,28,23,30,22,32,9
1023,34,18,27,12,17,13,39,43,1,14,45,37,40,20,33,4,10,11,15,21,24,31,44,2,3,26,36,19,38,42,8,16,7,5,25,29,35,6,41,28,23,30,22,32,9
1024,34,18,27,12,17,13,39,43,1,14,45,37,40,20,33,4,10,11,15,21,44,24,31,2,3,26,36,38,19,42,8,16,7,5,25,29,35,6,41,28,23,30,22,32,9
1025,34,18,27,12,17,13,39,43,1,14,45,20,37,40,33,4,10,11,15,21,44,24,31,2,3,26,36,38,8,19,42,16,7,25,5,29,35,6,41,28,23,30,22,32,9
1026,34,18,12,27,13,17,39,43,1,14,45,20,37,40,33,4,10,11,15,21,31,44,24,2,3,26,36,38,8,19,42,16,5,7,25,29,35,41,6,28,23,30,22,32,9
1027,34,18,27,12,13,17,39,14,43,45,1,20,37,40,33,4,10,11,15,21,31,44,24,2,3,26,36,38,8,16,19,42,5,7,25,29,35,41,6,28,23,30,22,32,9
1028,34,18,12,27,13,17,39,14,43,45,1,20,37,40,33,4,10,11,15,21,31,44,24,2,3,26,36,38,8,16,19,42,5,7,25,29,35,41,6,28,23,30,22,32,9
1029,34,18,12,27,13,39,17,14,43,45,1,37,20,40,33,4,10,11,15,21,31,44,24,2,3,26,36,38,8,16,19,42,5,7,25,29,35,41,6,28,23,30,22,32,9
1030,34,18,12,27,13,17,39,14,43,45,1,37,20,40,33,11,4,10,15,21,24,31,44,2,3,26,36,38,5,8,16,19,42,7,25,29,35,41,6,28,23,30,22,32,9
1031,34,18,12,27,13,17,39,14,43,45,1,37,20,40,33,11,4,10,15,21,24,31,44,2,36,3,26,38,5,7,8,16,19,42,25,29,35,41,6,28,23,30,22,32,9
1032,34,18,12,27,13,17,39,1,14,43,45,37,20,40,33,11,4,10,15,21,24,31,36,44,2,3,19,26,38,42,5,7,8,16,25,29,35,6,41,28,23,30,22,32,9
1033,34,18,12,27,13,17,39,1,14,43,45,20,37,40,11,33,15,4,10,44,21,24,31,36,2,3,19,26,38,42,5,7,8,16,25,35,29,6,41,28,23,30,22,32,9
1034,34,18,12,27,13,17,39,1,14,43,45,20,37,40,33,11,15,4,10,31,44,21,24,36,2,3,26,38,19,42,5,7,8,16,25,35,29,6,41,28,23,30,22,32,9
1035,34,18,12,27,13,17,39,14,1,43,45,20,37,40,33,11,15,4,10,31,44,21,24,36,2,3,26,38,42,19,5,7,8,16,25,35,29,41,6,28,23,30,22,32,9
1036,34,18,12,27,13,17,39,14,45,1,43,20,37,40,33,11,15,4,10,31,44,2,21,24,36,3,26,38,42,5,19,7,8,16,25,35,29,41,6,28,23,30,22,32,9
1037,34,18,12,27,13,14,17,39,45,1,43,20,33,37,40,11,15,4,10,2,31,44,21,24,36,3,26,38,42,5,19,7,8,16,25,35,29,41,6,28,23,30,22,32,9
1038,34,18,12,27,13,14,17,39,45,1,43,37,20,33,40,11,15,4,10,44,2,24,31,21,36,3,26,38,42,5,7,16,19,8,25,35,29,41,6,28,23,30,22,32,9
1039,34,18,12,27,39,13,14,17,45,1,43,37,20,33,40,11,15,2,4,10,44,24,31,36,3,21,19,26,38,42,5,7,16,8,25,35,29,6,41,28,23,30,22,32,9
1040,34,18,12,27,39,13,14,17,45,1,43,37,20,33,40,11,15,2,4,10,31,36,44,24,3,21,26,16,19,38,42,5,7,8,25,35,29,6,41,28,23,30,22,32,9
1041,34,18,12,27,17,39,13,14,45,1,43,37,20,33,40,11,15,2,4,10,31,36,44,24,3,21,26,7,16,19,38,42,5,8,25,35,29,6,41,28,23,30,22,32,9
1042,34,18,12,27,14,17,39,13,43,45,1,37,20,33,40,11,15,2,4,10,31,36,44,24,3,21,26,5,7,16,19,38,42,8,25,35,29,6,41,23,28,30,22,32,9
1043,34,18,12,27,14,17,39,13,43,45,1,37,20,33,40,11,15,31,2,4,10,36,44,3,24,26,5,21,7,16,19,38,42,8,25,35,29,6,41,23,28,30,22,32,9
1044,34,18,12,27,17,14,39,13,43,45,1,20,37,33,40,11,15,31,36,2,4,10,26,44,3,24,5,21,7,16,19,38,42,8,25,35,29,6,41,28,23,30,22,32,9
1045,34,18,12,27,14,17,39,13,43,45,1,20,37,15,33,40,11,31,36,2,4,10,26,44,3,21,24,5,19,7,16,38,42,8,25,35,6,29,41,28,23,30,22,32,9
1046,34,18,12,27,14,17,39,13,43,45,1,20,37,15,33,40,11,36,31,2,4,10,26,44,3,21,24,5,7,16,19,38,42,8,25,35,29,6,41,28,23,30,22,32,9
1047,34,18,12,27,14,17,39,13,43,45,1,20,33,37,40,15,11,36,2,31,44,4,10,26,3,21,24,5,7,16,19,42,38,8,25,35,29,6,41,28,23,30,22,32,9
1048,34,18,12,17,27,14,39,13,43,45,1,20,33,37,40,15,11,36,2,31,44,4,10,21,26,3,24,5,7,16,19,42,38,8,25,35,6,29,41,28,23,30,22,32,9
1049,34,18,12,17,27,14,39,13,20,43,45,1,37,33,40,15,11,36,2,21,31,44,3,4,10,26,5,24,7,16,19,42,38,8,25,35,6,29,41,28,23,30,22,32,9
1050,34,12,18,17,27,14,39,13,43,20,45,1,37,33,40,15,11,31,36,2,21,44,3,4,10,26,5,24,7,16,19,38,42,8,35,6,25,29,41,28,23,30,22,32,9
1051,34,12,18,17,27,14,39,13,43,20,45,1,33,37,40,15,11,21,31,36,2,26,44,3,4,10,5,24,7,16,19,38,42,8,35,6,25,29,41,28,23,30,22,32,9
1052,34,12,18,17,27,14,39,13,43,20,45,1,33,37,40,15,11,21,26,31,36,2,44,3,4,5,10,24,38,7,16,19,42,35,8,6,25,29,41,28,23,30,22,32,9
1053,34,12,18,17,27,14,39,13,43,45,20,1,33,37,40,15,11,26,21,31,36,2,44,3,4,5,10,24,38,7,16,19,42,35,8,6,25,29,41,28,30,23,22,32,9
1054,34,12,18,27,17,14,39,13,45,43,20,1,33,37,40,15,11,26,21,31,36,2,44,3,4,5,10,19,24,38,7,16,42,35,8,6,25,29,41,28,30,23,22,32,9
1055,34,12,18,27,14,17,39,13,45,43,20,33,1,37,40,15,11,26,21,31,36,2,4,44,3,5,10,7,19,24,38,16,42,35,8,6,25,29,41,28,30,23,22,32,9
1056,34,12,18,27,14,17,13,39,45,20,43,33,1,37,40,15,11,26,36,21,31,2,4,44,3,5,10,24,7,19,38,16,42,35,8,6,25,29,41,28,30,23,22,32,9
1057,34,12,18,27,14,17,13,45,39,20,43,33,1,37,40,15,11,26,36,21,31,2,4,44,3,5,10,19,24,7,38,16,42,8,35,6,25,29,41,28,30,23,22,32,9
1058,34,12,18,27,14,17,13,45,39,20,43,33,40,1,37,11,15,26,36,21,31,2,4,44,3,5,10,19,24,7,38,16,42,8,35,25,6,29,41,30,28,23,22,32,9
1059,34,12,18,27,14,17,13,45,39,20,40,43,33,1,37,11,15,26,36,21,31,2,4,10,44,3,5,7,19,24,38,16,42,8,35,25,6,29,41,30,28,23,22,32,9
1060,34,12,18,27,14,17,45,13,39,20,33,40,43,1,37,11,15,26,36,10,21,31,2,3,4,24,44,5,7,19,38,16,42,8,35,25,6,29,41,30,28,23,22,32,9
1061,34,12,18,27,45,14,17,13,39,20,33,40,43,37,1,11,15,26,36,4,10,21,24,31,2,3,44,5,7,19,38,16,35,42,8,25,6,29,41,30,28,23,22,32,9
1062,34,12,18,27,45,14,17,13,39,20,40,33,43,37,1,11,15,26,31,36,4,10,21,24,2,3,44,5,7,19,38,16,35,42,8,25,6,29,41,30,28,23,22,32,9
1063,34,12,18,27,45,14,17,13,39,20,40,33,43,37,1,11,15,24,26,31,36,3,4,10,21,2,38,44,5,7,19,16,35,42,8,25,6,29,41,30,23,28,22,32,9
1064,34,12,18,27,45,14,17,13,39,20,40,33,43,37,1,11,15,3,24,26,31,36,4,10,21,2,38,44,5,7,19,35,16,42,8,6,25,29,41,30,23,28,22,32,9
1065,34,18,12,27,45,14,17,13,39,20,40,33,43,37,1,3,11,15,24,26,31,36,4,10,21,2,19,38,44,5,7,35,16,42,8,6,25,29,41,23,30,28,22,32,9
1066,34,18,12,27,45,14,17,13,39,20,40,33,43,37,1,11,3,15,21,24,26,31,36,4,10,19,2,38,44,5,7,16,35,42,6,8,25,29,41,23,30,28,22,32,9
1067,34,18,12,27,45,14,17,13,39,20,33,40,43,37,1,11,3,15,10,19,21,24,26,31,36,4,2,7,38,44,5,16,35,42,6,8,25,29,41,23,28,30,22,32,9
1068,34,18,12,27,45,14,17,13,33,39,20,40,43,37,1,11,3,15,19,26,4,10,21,24,31,36,7,2,38,44,5,35,16,42,6,8,25,29,41,23,28,30,22,32,9
1069,34,18,12,27,45,14,17,13,33,39,20,40,43,1,37,11,3,10,15,19,26,31,4,21,24,36,7,2,38,44,5,35,16,42,6,8,25,29,41,23,28,30,22,32,9
1070,34,18,12,27,45,14,17,13,33,39,20,40,43,1,37,3,11,10,15,19,26,31,4,21,24,36,7,2,38,44,5,35,16,6,42,8,25,29,41,23,28,30,22,32,9
1071,34,18,12,27,45,14,17,13,33,39,20,40,1,43,37,11,3,10,15,19,21,26,31,4,24,36,2,7,35,38,44,5,16,6,42,8,25,29,41,30,23,28,22,32,9
1072,34,18,12,27,45,14,17,13,20,33,39,40,43,1,37,11,3,10,15,19,21,26,31,4,24,36,2,7,35,38,44,5,16,6,42,8,25,29,41,23,30,28,22,32,9
1073,34,18,12,27,45,14,17,13,20,33,39,40,43,1,37,11,3,10,15,19,21,26,31,4,24,36,2,7,38,35,44,5,16,6,42,8,25,29,41,30,23,28,22,32,9
1074,34,18,12,27,45,14,17,13,20,33,39,1,40,43,37,11,3,10,15,19,21,26,31,4,24,36,2,7,38,35,44,5,6,16,42,8,25,29,41,28,30,23,22,32,9
1075,34,18,12,27,45,14,17,13,20,1,33,39,40,43,37,11,3,10,15,19,21,24,26,31,4,36,2,7,35,38,44,5,6,16,42,8,25,29,41,23,28,30,22,32,9
1076,34,18,12,27,45,14,17,13,20,33,1,39,40,43,37,3,11,10,15,19,21,24,26,31,36,4,7,2,35,38,44,5,6,16,42,8,25,29,41,23,28,30,22,32,9
1077,34,18,12,27,45,14,17,13,20,33,1,39,40,43,37,3,11,4,10,15,19,21,24,26,31,36,7,2,35,38,44,5,6,16,8,42,25,29,41,30,23,28,22,32,9
1078,34,18,12,27,45,14,17,13,20,33,1,39,40,43,37,11,3,10,36,4,15,19,21,24,26,31,7,38,2,35,44,6,5,16,8,42,25,29,41,30,23,28,22,32,9
1079,34,18,45,12,27,14,17,13,20,33,1,39,40,43,37,11,3,4,10,24,36,15,19,21,26,31,7,38,2,35,44,6,5,16,8,42,25,29,41,30,23,28,22,32,9
1080,34,18,45,12,27,14,17,13,20,33,1,39,40,43,37,11,3,36,4,10,24,31,15,19,21,26,7,38,44,2,35,6,16,5,8,42,25,29,41,23,30,28,22,32,9
1081,34,18,45,12,27,14,17,13,1,20,33,39,40,43,37,11,3,24,36,4,10,31,15,19,21,26,38,7,44,2,16,35,6,5,8,42,25,29,41,23,30,28,22,32,9
1082,34,18,27,45,12,14,17,13,1,20,33,39,40,43,37,11,3,24,36,4,10,21,26,31,15,19,38,7,44,2,16,35,6,5,8,42,25,29,41,23,30,28,32,22,9
1083,34,18,27,45,12,14,17,13,1,20,33,39,40,43,37,3,11,24,36,4,10,15,21,26,31,38,7,19,44,2,16,35,6,5,8,42,25,29,41,23,30,28,22,32,9
1084,34,18,12,27,45,14,13,17,33,1,20,39,40,43,37,3,11,24,36,4,10,15,21,26,31,38,7,19,44,2,16,35,6,5,8,42,25,29,41,23,30,28,22,32,9
1085,34,18,12,27,45,14,17,13,33,1,20,39,40,43,37,3,11,4,24,36,38,7,10,15,21,26,31,19,44,2,16,35,6,5,8,42,25,29,41,23,30,28,22,32,9
1086,34,18,27,12,45,14,17,13,33,1,20,39,40,43,37,11,3,36,4,24,38,7,10,15,21,26,31,19,44,16,35,2,6,5,8,42,25,29,41,23,30,28,22,32,9
1087,34,18,27,12,45,14,13,17,33,1,20,39,40,43,37,11,3,36,4,21,24,38,7,10,15,26,31,44,19,16,35,2,6,5,8,42,25,29,41,23,30,28,22,32,9
1088,34,18,27,12,45,14,13,17,33,1,20,39,40,43,11,37,3,21,36,4,24,38,44,7,10,15,26,31,19,16,35,2,6,5,8,42,25,29,41,23,30,28,22,32,9
1089,34,18,27,12,45,14,13,17,33,1,20,39,43,37,40,11,3,4,21,36,24,31,38,44,7,10,15,26,19,16,35,2,6,42,5,8,25,29,41,23,30,28,22,32,9
1090,34,18,12,27,45,14,13,17,33,1,20,39,40,43,37,11,21,3,4,36,24,31,38,44,7,10,15,19,26,16,35,2,6,42,5,8,25,29,41,23,30,28,22,32,9
1091,34,18,12,27,45,14,13,17,20,33,1,39,40,43,37,11,21,3,4,24,36,31,38,44,7,10,15,19,26,16,35,2,6,42,5,8,25,29,23,30,41,28,22,32,9
1092,18,34,45,12,27,14,13,17,33,20,1,39,40,43,37,11,21,3,4,24,36,7,19,26,31,38,44,10,15,16,35,2,6,42,5,8,25,29,23,30,41,28,22,32,9
1093,18,34,45,12,27,14,17,13,33,20,43,1,39,40,37,11,21,3,4,24,36,7,10,19,26,31,38,44,15,35,16,2,6,42,5,8,25,29,30,23,41,28,22,32,9
1094,18,34,45,12,27,14,17,13,33,20,40,43,1,39,37,11,21,3,4,7,24,26,36,10,15,19,31,38,44,35,6,16,2,42,5,8,25,29,30,23,41,22,28,32,9
1095,34,18,45,12,27,14,17,13,33,40,20,43,1,39,37,11,21,3,4,7,24,26,36,10,15,19,31,38,44,35,6,16,2,8,42,5,25,29,30,23,41,28,22,32,9
1096,34,18,12,45,27,14,17,13,33,40,43,1,20,39,37,11,21,3,4,7,19,24,26,36,10,15,31,38,44,16,35,6,2,8,42,5,25,29,23,30,41,28,22,32,9
1097,34,18,12,45,14,27,17,13,33,40,43,1,20,37,39,11,21,3,4,7,19,24,26,36,10,15,31,38,44,35,16,6,2,8,42,5,25,29,23,30,41,28,22,32,9
1098,34,18,12,45,14,27,17,13,33,40,43,1,20,37,39,11,21,24,3,4,7,19,26,36,10,15,31,38,44,16,35,6,2,8,42,5,25,29,23,30,41,28,22,32,9
1099,34,18,12,45,14,27,17,40,43,13,33,20,1,37,39,11,21,3,24,4,7,19,26,36,38,10,15,31,44,16,35,6,2,8,42,5,25,29,23,30,41,28,22,32,9
1100,34,18,12,45,14,27,17,43,40,13,33,20,1,37,39,11,21,3,24,26,4,7,19,31,36,38,10,15,44,16,35,6,2,8,42,5,29,25,30,23,41,28,22,32,9
1101,34,18,12,45,14,27,17,43,13,40,33,20,1,37,39,11,21,3,7,24,26,36,4,19,31,38,10,15,44,16,35,6,2,42,8,5,29,25,30,23,28,41,22,32,9
1102,34,18,12,14,45,27,13,17,43,40,33,20,1,37,39,11,21,26,3,7,24,36,38,4,19,31,10,15,44,16,35,6,2,42,8,5,29,25,30,23,28,41,22,32,9
1103,34,18,12,14,45,27,13,17,40,43,33,20,1,37,39,11,21,26,3,7,24,31,36,38,4,10,19,44,15,16,35,6,2,42,8,5,29,25,30,23,28,41,22,32,9
1104,34,18,12,14,45,27,13,17,40,43,33,1,20,37,39,21,7,11,26,38,3,24,31,36,4,10,19,44,15,35,16,6,2,42,8,5,29,25,30,23,28,41,22,32,9
1105,34,18,12,14,45,27,40,13,17,43,33,1,20,37,39,21,7,11,26,38,3,24,31,36,4,10,19,44,15,16,35,6,2,42,8,5,29,25,30,23,28,41,22,32,9
1106,34,18,12,45,14,27,40,13,17,43,1,33,20,37,39,21,3,7,11,26,38,4,24,31,36,10,19,44,15,16,35,6,42,2,8,5,29,25,30,23,28,41,22,32,9
1107,34,18,12,14,45,27,40,13,17,43,1,33,20,37,39,21,3,7,11,26,31,38,4,24,36,10,19,44,6,15,16,35,42,2,8,5,29,30,25,41,23,28,22,32,9
1108,34,18,12,14,45,27,40,13,17,43,1,33,37,20,39,7,21,26,3,11,31,38,4,19,24,36,44,10,6,15,16,35,42,2,8,5,29,30,25,41,23,28,22,32,9
1109,34,18,12,14,45,40,27,13,17,43,33,1,37,20,39,7,21,26,3,11,19,31,38,4,10,24,36,44,6,15,16,35,42,2,8,5,29,30,25,41,23,28,22,32,9
1110,34,18,12,14,45,40,27,13,17,43,33,1,20,37,39,7,3,11,21,26,19,31,38,4,10,24,36,44,6,15,16,35,42,2,8,5,29,30,25,41,23,28,22,32,9
1111,34,18,12,45,14,40,13,27,43,17,33,1,20,37,39,3,7,11,21,26,19,31,38,4,10,24,36,44,6,15,16,35,42,2,8,5,29,30,25,41,23,28,22,32,9
1112,34,18,12,45,14,40,13,27,43,17,33,20,1,37,39,3,7,26,11,21,19,31,36,38,44,4,10,24,16,6,15,35,42,2,8,5,29,30,25,41,23,28,22,32,9
1113,34,18,12,45,14,13,40,27,43,17,20,33,1,37,39,3,7,11,21,26,44,19,31,36,38,4,10,24,16,6,15,35,42,2,8,5,29,30,25,41,23,28,22,32,9
1114,34,18,12,45,14,13,40,27,33,43,17,20,1,37,39,3,7,11,21,26,19,38,44,10,31,36,4,16,24,6,15,35,42,2,8,5,29,30,25,41,23,28,22,32,9
1115,34,18,12,45,14,13,40,27,33,43,17,20,1,37,39,7,3,11,21,26,19,36,38,44,10,31,4,16,24,6,15,35,42,2,8,5,29,30,25,41,23,28,22,32,9
1116,34,18,12,45,14,13,40,27,17,33,43,20,1,37,39,7,3,11,21,26,19,31,36,38,44,10,16,4,24,15,6,35,42,2,8,5,29,30,25,41,23,28,22,32,9
1117,34,18,12,45,14,13,40,27,33,17,43,20,1,37,39,3,7,11,21,26,36,19,31,38,44,4,10,16,24,15,6,35,42,2,8,30,5,29,25,41,23,28,22,32,9
1118,34,18,12,45,14,13,40,27,33,17,43,20,1,37,39,3,7,11,21,26,36,16,19,31,38,44,4,10,15,24,6,35,42,2,8,30,5,29,25,41,23,28,22,32,9
1119,34,18,12,45,13,14,40,27,33,17,20,43,1,37,39,3,7,11,21,26,36,16,19,31,38,44,4,10,15,24,6,35,42,2,8,30,5,29,25,41,23,28,22,32,9
1120,34,18,12,45,13,14,40,27,33,17,20,43,1,37,39,3,7,11,26,19,21,31,36,38,16,44,4,10,15,24,6,35,42,2,8,30,5,29,25,41,23,28,22,32,9
1121,34,18,12,45,13,14,40,27,33,17,20,43,1,37,39,3,7,11,26,31,38,19,21,36,44,16,4,10,24,15,6,35,42,2,8,30,5,29,25,41,23,28,22,32,9
1122,34,18,12,45,13,14,40,27,33,17,20,43,1,37,3,39,7,11,21,26,31,38,19,36,44,16,4,10,24,6,15,35,42,2,30,8,5,29,25,41,23,28,22,32,9
1123,34,18,12,45,13,14,40,27,33,17,20,43,1,37,3,21,39,7,11,19,26,31,38,36,44,16,24,4,10,6,15,35,42,2,30,8,5,29,25,41,23,28,22,32,9
1124,34,18,12,45,13,14,33,40,17,27,20,43,1,3,37,21,39,7,11,19,26,31,38,36,44,16,24,4,10,6,15,35,42,2,30,8,5,29,25,41,23,28,22,32,9
1125,34,18,12,45,13,14,33,40,17,27,20,43,1,3,37,21,39,7,11,19,26,31,38,44,36,16,24,4,6,10,15,35,42,2,30,8,5,29,25,41,23,28,22,32,9
1126,34,18,12,45,13,14,40,33,17,27,20,43,1,37,3,11,21,39,7,19,26,31,38,44,36,4,16,24,6,10,15,35,42,2,30,8,5,29,25,41,23,28,22,32,9
1127,34,18,12,45,13,14,40,33,17,27,20,43,37,1,3,11,21,31,39,7,19,26,38,44,24,36,4,10,16,6,15,35,30,42,2,8,5,29,25,41,23,28,22,32,9
1128,34,18,12,45,13,14,33,40,17,27,20,43,1,37,3,11,21,31,39,7,19,26,38,44,16,24,36,4,10,6,15,35,30,42,2,8,5,29,25,41,23,28,22,32,9
1129,34,18,12,45,13,14,33,40,17,27,20,43,1,37,3,11,21,31,39,7,19,26,38,44,10,16,24,36,4,6,15,35,30,42,2,5,8,29,25,41,28,23,22,32,9
1130,34,18,12,45,13,14,33,40,17,27,20,43,1,37,3,11,21,19,31,39,7,26,38,44,10,16,24,36,4,15,6,35,30,42,2,5,8,25,29,28,41,23,22,32,9
1131,34,18,12,14,45,13,33,40,27,17,1,20,43,37,3,11,21,19,31,38,39,7,26,44,10,16,24,36,4,6,15,35,2,30,42,5,8,25,29,28,41,23,22,32,9
1132,34,18,12,14,45,13,33,40,27,17,1,20,43,37,3,11,19,21,7,31,38,39,26,44,6,10,16,24,36,4,15,35,2,30,42,5,8,25,29,28,41,23,22,32,9
1133,34,18,12,14,13,45,33,40,27,17,20,1,43,37,3,11,19,21,7,31,38,39,26,44,6,10,16,24,36,4,15,35,2,30,42,5,8,29,25,28,41,23,22,32,9
1134,34,18,12,13,14,45,33,40,27,17,20,1,43,37,3,19,7,11,21,31,38,39,24,26,44,6,10,16,36,4,15,35,2,30,42,5,8,29,25,28,41,23,22,32,9
1135,34,13,18,12,14,45,33,40,27,17,1,20,43,19,37,3,21,7,11,31,38,39,6,24,26,44,10,16,36,4,15,35,2,30,42,5,8,29,25,28,41,23,22,32,9
1136,34,13,18,12,14,33,45,40,27,17,1,20,43,19,21,37,3,7,11,38,31,39,44,6,24,26,10,16,36,4,15,35,42,2,30,5,8,29,25,28,41,23,22,32,9
1137,34,12,13,18,14,33,45,40,27,17,1,20,43,19,21,37,3,7,11,38,31,39,44,6,24,26,4,10,15,16,36,35,42,2,30,5,8,29,25,28,41,23,22,32,9
1138,34,12,13,14,18,33,45,40,27,17,20,1,19,43,21,37,3,7,11,38,31,39,44,6,16,24,26,4,10,15,36,35,42,2,30,5,8,29,25,28,41,23,22,32,9
1139,34,12,13,14,18,33,45,40,27,17,20,1,19,37,43,21,3,7,11,38,31,39,44,6,15,16,24,26,4,10,36,35,30,42,2,5,8,29,25,28,41,23,22,32,9
1140,34,12,13,14,18,33,45,40,27,17,20,1,19,37,43,21,3,7,38,11,31,39,44,6,10,15,16,24,26,4,36,35,30,42,2,5,8,29,25,28,41,23,22,32,9
1141,34,12,13,14,18,33,45,40,27,17,20,1,19,21,37,43,7,3,11,38,31,26,39,44,6,10,15,16,24,4,36,35,30,42,2,5,8,29,25,28,41,23,22,32,9
1142,34,12,13,14,18,33,45,40,27,17,20,1,37,19,21,43,7,3,11,38,31,26,39,44,6,10,15,16,24,4,36,35,30,2,42,5,8,29,28,25,41,23,22,32,9
1143,34,12,13,14,18,33,45,40,27,17,20,1,37,19,21,43,7,3,11,38,31,10,16,26,39,44,6,15,24,36,4,35,30,2,42,5,8,29,28,25,41,23,22,32,9
1144,34,12,13,14,18,33,45,40,27,17,20,1,37,19,21,43,3,7,11,38,26,31,10,15,16,39,44,4,6,24,36,35,30,2,42,5,8,29,28,25,41,23,22,32,9
1145,34,12,13,14,18,33,45,40,27,17,20,37,1,19,21,43,3,7,11,31,38,26,44,10,15,16,39,4,6,24,36,35,2,30,42,5,8,29,28,25,41,23,22,32,9
1146,34,12,13,14,18,33,45,40,17,27,20,37,1,19,43,11,21,3,7,31,38,26,44,6,10,15,16,39,4,24,36,35,2,30,42,5,8,29,28,25,41,23,22,32,9
1147,34,12,13,14,18,33,45,40,27,17,37,20,1,11,19,43,7,21,3,26,31,38,44,6,10,15,16,24,39,4,36,35,2,30,42,5,8,29,28,25,41,23,22,32,9
1148,34,12,13,14,18,33,45,40,27,17,37,20,1,11,19,43,3,7,21,26,31,38,6,15,16,44,10,24,39,4,36,35,2,30,42,5,8,29,28,25,41,22,23,32,9
1149,34,12,13,14,18,33,45,40,27,17,37,19,20,1,11,21,43,3,7,15,26,31,38,6,16,44,10,24,36,39,4,35,2,30,8,42,5,29,28,25,41,22,23,32,9
1150,34,12,13,18,14,33,45,40,27,17,37,19,20,1,11,21,43,3,7,15,26,31,38,6,16,39,44,10,24,36,4,35,2,8,30,42,5,29,28,25,41,22,23,32,9
1151,34,12,13,18,14,33,45,27,40,17,37,19,20,1,3,11,21,43,7,15,26,31,38,6,16,39,44,10,24,36,4,35,2,8,30,42,5,29,28,25,41,22,23,32,9
1152,34,12,13,18,14,33,45,27,40,17,37,19,20,1,3,11,21,43,7,15,31,26,38,6,16,36,39,44,10,24,4,35,2,30,8,42,5,29,28,25,41,22,23,32,9
1153,34,12,13,18,14,33,45,27,40,17,37,1,19,20,3,11,21,43,7,15,31,26,38,44,6,10,16,36,39,24,35,4,2,30,8,42,5,29,28,25,41,22,23,32,9
1154,34,12,13,18,14,33,45,27,40,17,37,1,19,20,3,11,21,43,7,15,26,31,38,44,6,10,16,36,39,4,24,35,2,8,30,42,5,29,28,25,41,22,23,32,9
1155,34,12,13,18,14,33,45,27,40,37,17,19,1,20,3,11,21,43,7,38,15,26,31,10,16,44,6,36,39,4,24,35,2,8,30,42,5,29,28,25,41,22,23,32,9
1156,34,12,13,18,45,14,33,27,40,37,17,19,1,20,3,11,21,43,7,31,38,15,26,10,16,39,44,6,36,4,24,35,30,2,8,42,5,29,28,41,25,22,23,32,9
1157,34,12,13,18,45,14,33,27,40,37,17,19,20,1,3,7,11,21,43,26,31,38,15,10,16,39,44,6,36,4,24,35,30,2,8,5,42,29,28,25,41,22,23,32,9
1158,34,12,13,18,45,14,27,33,37,40,17,19,20,1,21,3,7,11,38,43,26,31,15,10,16,39,44,6,36,4,24,35,30,2,8,5,42,29,25,28,41,22,32,23,9
1159,34,12,13,18,27,45,14,33,37,40,17,19,20,1,3,21,38,7,11,43,26,31,15,39,10,16,44,6,36,4,24,35,30,2,8,5,42,29,28,25,41,22,32,23,9
1160,34,12,13,18,45,27,14,33,37,40,17,19,20,1,3,7,21,38,11,43,26,31,39,15,10,16,36,44,6,4,24,35,30,2,8,5,42,29,28,25,41,22,32,23,9
1161,34,12,13,18,45,27,14,33,37,40,17,20,19,1,3,7,21,38,11,43,26,31,39,15,10,16,36,44,6,24,4,35,2,30,8,42,5,29,28,25,41,22,32,23,9
1162,34,12,13,18,45,27,14,33,37,40,20,17,19,21,1,3,7,38,11,43,26,31,39,15,10,16,36,44,6,24,4,35,2,30,8,42,5,29,28,25,41,22,32,23,9
1163,34,12,13,18,45,27,33,14,37,40,20,17,19,21,1,3,7,38,43,11,15,26,31,39,16,10,36,44,6,24,4,35,2,30,8,42,5,29,28,25,41,22,32,23,9
1164,34,12,13,18,45,27,33,14,37,40,17,20,19,21,38,1,3,7,43,11,39,15,26,31,16,10,36,44,6,24,4,35,2,30,8,42,5,29,25,28,41,22,23,32,9
1165,34,12,13,18,45,27,33,14,37,40,17,20,38,7,19,21,1,3,43,11,39,15,26,31,16,6,10,36,44,24,4,35,2,30,8,29,42,5,25,28,41,22,23,32,9
1166,34,12,13,18,27,45,14,33,37,40,17,20,38,7,19,21,1,3,43,11,39,15,26,31,16,6,10,36,44,24,4,35,2,30,8,29,42,5,25,28,41,22,23,32,9
1167,34,12,13,18,27,45,14,33,40,37,17,20,38,7,19,21,1,3,39,43,11,31,15,26,16,6,10,36,44,24,35,4,2,8,30,29,42,5,25,28,41,23,22,32,9
1168,34,12,13,18,27,45,33,14,37,40,17,20,21,38,7,19,1,3,39,43,11,31,15,26,16,6,10,24,36,44,35,4,2,30,8,29,42,5,25,28,41,23,22,32,9
