공통패턴(3개번호),등장횟수
"(6, 30, 33)",8
"(9, 20, 33)",8
"(13, 20, 37)",8
"(15, 17, 31)",8
"(1, 2, 31)",7
"(2, 26, 29)",7
"(3, 6, 26)",7
"(3, 14, 36)",7
"(4, 6, 39)",7
"(4, 9, 45)",7
"(4, 12, 13)",7
"(5, 7, 12)",7
"(5, 12, 38)",7
"(7, 16, 26)",7
"(7, 30, 35)",7
"(8, 21, 23)",7
"(11, 25, 44)",7
"(11, 28, 33)",7
"(11, 33, 41)",7
"(13, 26, 36)",7
"(15, 28, 45)",7
"(21, 29, 32)",7
"(1, 3, 36)",6
"(1, 9, 31)",6
"(1, 14, 19)",6
"(1, 25, 44)",6
"(2, 3, 14)",6
"(2, 6, 21)",6
"(2, 10, 14)",6
"(2, 17, 34)",6
"(3, 10, 37)",6
"(3, 14, 29)",6
"(3, 14, 30)",6
"(3, 26, 41)",6
"(3, 28, 36)",6
"(3, 36, 41)",6
"(4, 6, 19)",6
"(4, 6, 30)",6
"(4, 15, 19)",6
"(5, 12, 30)",6
"(5, 34, 37)",6
"(6, 24, 33)",6
"(6, 30, 31)",6
"(7, 16, 17)",6
"(7, 25, 44)",6
"(8, 12, 28)",6
"(8, 19, 28)",6
"(8, 26, 27)",6
"(8, 28, 43)",6
"(8, 28, 45)",6
"(8, 36, 43)",6
"(8, 38, 45)",6
"(9, 18, 41)",6
"(10, 26, 27)",6
"(10, 26, 38)",6
"(11, 23, 33)",6
"(11, 28, 45)",6
"(12, 13, 25)",6
"(12, 21, 23)",6
"(12, 29, 44)",6
"(12, 36, 43)",6
"(13, 15, 31)",6
"(13, 22, 36)",6
"(14, 15, 45)",6
"(14, 22, 24)",6
"(14, 22, 36)",6
"(15, 17, 43)",6
"(16, 17, 34)",6
"(17, 18, 25)",6
"(17, 29, 32)",6
"(17, 31, 41)",6
"(18, 29, 32)",6
"(21, 32, 35)",6
"(22, 24, 30)",6
"(22, 30, 40)",6
"(22, 32, 35)",6
"(22, 35, 37)",6
"(23, 24, 33)",6
"(24, 31, 36)",6
"(24, 32, 41)",6
"(25, 27, 44)",6
"(25, 31, 43)",6
"(25, 33, 39)",6
"(26, 27, 34)",6
"(26, 30, 41)",6
"(27, 34, 44)",6
"(30, 31, 38)",6
"(30, 33, 41)",6
"(31, 40, 42)",6
"(32, 34, 45)",6
"(33, 34, 39)",6
"(33, 36, 38)",6
"(33, 43, 45)",6
"(1, 2, 37)",5
"(1, 3, 44)",5
"(1, 4, 9)",5
"(1, 7, 20)",5
"(1, 8, 25)",5
"(1, 9, 30)",5
"(1, 9, 42)",5
"(1, 14, 33)",5
"(1, 14, 38)",5
"(1, 14, 44)",5
"(1, 15, 31)",5
"(1, 15, 43)",5
"(1, 17, 25)",5
"(1, 19, 32)",5
"(1, 19, 33)",5
"(1, 19, 45)",5
"(1, 22, 45)",5
"(1, 25, 36)",5
"(1, 25, 38)",5
"(1, 25, 43)",5
"(1, 29, 36)",5
"(1, 30, 39)",5
"(1, 31, 32)",5
"(1, 31, 40)",5
"(1, 31, 42)",5
"(1, 38, 42)",5
"(1, 39, 45)",5
"(1, 42, 43)",5
"(2, 3, 6)",5
"(2, 4, 37)",5
"(2, 6, 26)",5
"(2, 9, 42)",5
"(2, 12, 15)",5
"(2, 13, 31)",5
"(2, 14, 15)",5
"(2, 14, 41)",5
"(2, 14, 45)",5
"(2, 15, 19)",5
"(2, 16, 34)",5
"(2, 17, 43)",5
"(2, 19, 37)",5
"(2, 28, 29)",5
"(3, 5, 12)",5
"(3, 6, 10)",5
"(3, 14, 35)",5
"(3, 14, 41)",5
"(3, 14, 44)",5
"(3, 17, 44)",5
"(3, 26, 29)",5
"(3, 29, 39)",5
"(3, 29, 44)",5
"(3, 33, 39)",5
"(4, 5, 30)",5
"(4, 5, 33)",5
"(4, 8, 22)",5
"(4, 9, 42)",5
"(4, 11, 42)",5
"(4, 15, 20)",5
"(4, 18, 32)",5
"(4, 22, 36)",5
"(4, 30, 36)",5
"(4, 32, 39)",5
"(4, 34, 42)",5
"(4, 35, 44)",5
"(4, 37, 44)",5
"(4, 39, 42)",5
"(4, 40, 44)",5
"(5, 7, 15)",5
"(5, 7, 32)",5
"(5, 9, 17)",5
"(5, 15, 29)",5
"(5, 15, 30)",5
"(5, 16, 34)",5
"(5, 17, 18)",5
"(5, 17, 40)",5
"(5, 21, 29)",5
"(5, 25, 40)",5
"(5, 30, 31)",5
"(5, 36, 40)",5
"(6, 10, 20)",5
"(6, 19, 30)",5
"(6, 20, 24)",5
"(6, 26, 30)",5
"(6, 27, 44)",5
"(6, 31, 38)",5
"(6, 32, 39)",5
"(6, 32, 40)",5
"(6, 33, 41)",5
"(6, 35, 39)",5
"(6, 36, 43)",5
"(7, 12, 18)",5
"(7, 12, 20)",5
"(7, 14, 29)",5
"(7, 17, 26)",5
"(7, 19, 26)",5
"(7, 22, 34)",5
"(7, 23, 24)",5
"(7, 23, 44)",5
"(7, 24, 25)",5
"(7, 25, 30)",5
"(7, 26, 30)",5
"(7, 26, 35)",5
"(7, 26, 38)",5
"(7, 27, 30)",5
"(7, 37, 44)",5
"(8, 11, 38)",5
"(8, 13, 20)",5
"(8, 13, 37)",5
"(8, 14, 28)",5
"(8, 16, 30)",5
"(8, 17, 23)",5
"(8, 17, 33)",5
"(8, 17, 34)",5
"(8, 17, 40)",5
"(8, 17, 41)",5
"(8, 18, 19)",5
"(8, 20, 27)",5
"(8, 21, 26)",5
"(8, 21, 27)",5
"(8, 23, 28)",5
"(8, 24, 28)",5
"(8, 25, 43)",5
"(8, 26, 28)",5
"(8, 26, 38)",5
"(8, 30, 39)",5
"(8, 33, 45)",5
"(8, 37, 43)",5
"(9, 16, 42)",5
"(9, 17, 32)",5
"(9, 18, 25)",5
"(9, 33, 38)",5
"(9, 38, 40)",5
"(9, 39, 42)",5
"(10, 12, 16)",5
"(10, 16, 28)",5
"(10, 16, 30)",5
"(10, 17, 27)",5
"(10, 17, 36)",5
"(10, 17, 40)",5
"(10, 23, 38)",5
"(10, 25, 29)",5
"(10, 33, 36)",5
"(11, 24, 41)",5
"(11, 26, 28)",5
"(11, 26, 38)",5
"(11, 26, 45)",5
"(11, 29, 32)",5
"(11, 30, 32)",5
"(11, 31, 36)",5
"(11, 32, 37)",5
"(11, 33, 34)",5
"(11, 33, 45)",5
"(11, 34, 45)",5
"(12, 13, 15)",5
"(12, 13, 29)",5
"(12, 13, 32)",5
"(12, 15, 31)",5
"(12, 15, 34)",5
"(12, 17, 36)",5
"(12, 18, 24)",5
"(12, 20, 35)",5
"(12, 21, 38)",5
"(12, 23, 25)",5
"(12, 25, 31)",5
"(12, 31, 42)",5
"(12, 38, 40)",5
"(13, 15, 34)",5
"(13, 15, 41)",5
"(13, 22, 26)",5
"(13, 22, 34)",5
"(13, 23, 31)",5
"(13, 24, 30)",5
"(13, 25, 29)",5
"(13, 25, 32)",5
"(13, 26, 34)",5
"(13, 30, 32)",5
"(13, 30, 33)",5
"(13, 30, 39)",5
"(13, 30, 41)",5
"(13, 30, 42)",5
"(13, 30, 43)",5
"(13, 31, 43)",5
"(13, 43, 45)",5
"(14, 15, 30)",5
"(14, 16, 40)",5
"(14, 28, 32)",5
"(14, 29, 44)",5
"(14, 29, 45)",5
"(14, 30, 41)",5
"(14, 36, 42)",5
"(14, 38, 42)",5
"(14, 40, 45)",5
"(15, 17, 44)",5
"(15, 19, 28)",5
"(15, 19, 30)",5
"(15, 20, 30)",5
"(15, 22, 43)",5
"(15, 23, 33)",5
"(15, 30, 31)",5
"(15, 30, 44)",5
"(15, 31, 34)",5
"(15, 31, 36)",5
"(16, 18, 32)",5
"(16, 20, 40)",5
"(16, 22, 40)",5
"(16, 28, 32)",5
"(16, 30, 41)",5
"(16, 31, 36)",5
"(16, 42, 45)",5
"(16, 43, 45)",5
"(17, 18, 24)",5
"(17, 21, 40)",5
"(17, 23, 28)",5
"(17, 26, 30)",5
"(17, 29, 38)",5
"(17, 34, 43)",5
"(17, 37, 44)",5
"(17, 38, 40)",5
"(18, 20, 38)",5
"(18, 28, 30)",5
"(18, 30, 32)",5
"(19, 25, 32)",5
"(19, 31, 36)",5
"(19, 40, 42)",5
"(19, 43, 44)",5
"(20, 24, 33)",5
"(20, 24, 34)",5
"(20, 32, 40)",5
"(21, 22, 32)",5
"(21, 22, 35)",5
"(21, 28, 33)",5
"(21, 32, 43)",5
"(21, 35, 39)",5
"(21, 35, 43)",5
"(22, 25, 33)",5
"(22, 27, 35)",5
"(22, 30, 33)",5
"(22, 30, 44)",5
"(22, 31, 41)",5
"(22, 35, 39)",5
"(23, 26, 33)",5
"(23, 29, 44)",5
"(23, 31, 36)",5
"(23, 32, 42)",5
"(24, 25, 40)",5
"(24, 29, 32)",5
"(24, 29, 33)",5
"(24, 31, 37)",5
"(24, 31, 39)",5
"(24, 33, 36)",5
"(24, 38, 42)",5
"(24, 39, 42)",5
"(25, 29, 44)",5
"(25, 32, 40)",5
"(25, 33, 36)",5
"(25, 36, 44)",5
"(26, 27, 29)",5
"(26, 27, 37)",5
"(26, 30, 31)",5
"(26, 31, 38)",5
"(26, 34, 41)",5
"(26, 36, 43)",5
"(26, 41, 44)",5
"(27, 31, 36)",5
"(27, 31, 42)",5
"(27, 37, 44)",5
"(28, 29, 42)",5
"(28, 33, 45)",5
"(28, 35, 45)",5
"(28, 36, 42)",5
"(29, 33, 43)",5
"(29, 42, 44)",5
"(29, 43, 44)",5
"(30, 33, 36)",5
"(30, 33, 43)",5
"(31, 37, 42)",5
"(34, 43, 44)",5
"(34, 44, 45)",5
"(1, 2, 6)",4
"(1, 2, 9)",4
"(1, 3, 15)",4
"(1, 4, 30)",4
"(1, 5, 15)",4
"(1, 5, 25)",4
"(1, 6, 31)",4
"(1, 7, 15)",4
"(1, 8, 14)",4
"(1, 9, 15)",4
"(1, 9, 16)",4
"(1, 9, 19)",4
"(1, 9, 40)",4
"(1, 9, 44)",4
"(1, 10, 31)",4
"(1, 13, 36)",4
"(1, 14, 36)",4
"(1, 15, 25)",4
"(1, 15, 33)",4
"(1, 16, 25)",4
"(1, 16, 31)",4
"(1, 16, 36)",4
"(1, 17, 37)",4
"(1, 17, 44)",4
"(1, 18, 30)",4
"(1, 18, 41)",4
"(1, 19, 25)",4
"(1, 19, 35)",4
"(1, 19, 40)",4
"(1, 20, 35)",4
"(1, 21, 38)",4
"(1, 22, 39)",4
"(1, 23, 30)",4
"(1, 23, 41)",4
"(1, 25, 29)",4
"(1, 25, 32)",4
"(1, 25, 37)",4
"(1, 26, 41)",4
"(1, 29, 32)",4
"(1, 29, 41)",4
"(1, 30, 36)",4
"(1, 30, 38)",4
"(1, 32, 33)",4
"(1, 32, 38)",4
"(1, 33, 39)",4
"(1, 34, 41)",4
"(1, 36, 43)",4
"(1, 38, 43)",4
"(1, 39, 40)",4
"(1, 40, 43)",4
"(2, 3, 15)",4
"(2, 3, 42)",4
"(2, 5, 23)",4
"(2, 6, 11)",4
"(2, 6, 24)",4
"(2, 6, 29)",4
"(2, 6, 38)",4
"(2, 7, 23)",4
"(2, 9, 31)",4
"(2, 9, 43)",4
"(2, 10, 18)",4
"(2, 10, 43)",4
"(2, 11, 14)",4
"(2, 11, 33)",4
"(2, 11, 38)",4
"(2, 11, 41)",4
"(2, 12, 31)",4
"(2, 13, 34)",4
"(2, 13, 37)",4
"(2, 14, 16)",4
"(2, 14, 23)",4
"(2, 14, 29)",4
"(2, 15, 35)",4
"(2, 15, 41)",4
"(2, 15, 43)",4
"(2, 16, 17)",4
"(2, 16, 18)",4
"(2, 17, 19)",4
"(2, 18, 26)",4
"(2, 21, 31)",4
"(2, 21, 42)",4
"(2, 23, 29)",4
"(2, 23, 41)",4
"(2, 24, 29)",4
"(2, 25, 31)",4
"(2, 25, 37)",4
"(2, 26, 27)",4
"(2, 29, 33)",4
"(2, 30, 31)",4
"(2, 31, 37)",4
"(2, 33, 37)",4
"(2, 33, 38)",4
"(2, 34, 37)",4
"(2, 34, 38)",4
"(2, 34, 40)",4
"(2, 34, 43)",4
"(2, 38, 43)",4
"(3, 4, 6)",4
"(3, 4, 36)",4
"(3, 4, 43)",4
"(3, 5, 7)",4
"(3, 5, 14)",4
"(3, 5, 38)",4
"(3, 5, 39)",4
"(3, 6, 12)",4
"(3, 6, 13)",4
"(3, 6, 19)",4
"(3, 6, 21)",4
"(3, 6, 44)",4
"(3, 8, 10)",4
"(3, 8, 27)",4
"(3, 8, 31)",4
"(3, 8, 37)",4
"(3, 9, 15)",4
"(3, 9, 17)",4
"(3, 9, 25)",4
"(3, 9, 41)",4
"(3, 10, 23)",4
"(3, 10, 26)",4
"(3, 10, 31)",4
"(3, 10, 36)",4
"(3, 11, 14)",4
"(3, 13, 29)",4
"(3, 14, 22)",4
"(3, 14, 27)",4
"(3, 17, 34)",4
"(3, 17, 41)",4
"(3, 18, 29)",4
"(3, 19, 43)",4
"(3, 21, 26)",4
"(3, 21, 42)",4
"(3, 22, 25)",4
"(3, 25, 28)",4
"(3, 25, 37)",4
"(3, 25, 40)",4
"(3, 26, 27)",4
"(3, 26, 35)",4
"(3, 28, 32)",4
"(3, 28, 41)",4
"(3, 29, 43)",4
"(3, 29, 45)",4
"(3, 32, 41)",4
"(3, 35, 36)",4
"(3, 36, 37)",4
"(3, 38, 44)",4
"(3, 40, 41)",4
"(4, 5, 41)",4
"(4, 6, 15)",4
"(4, 6, 18)",4
"(4, 6, 22)",4
"(4, 6, 32)",4
"(4, 7, 15)",4
"(4, 7, 25)",4
"(4, 9, 20)",4
"(4, 9, 25)",4
"(4, 9, 30)",4
"(4, 9, 43)",4
"(4, 10, 20)",4
"(4, 10, 39)",4
"(4, 11, 13)",4
"(4, 11, 32)",4
"(4, 12, 19)",4
"(4, 12, 40)",4
"(4, 12, 44)",4
"(4, 14, 34)",4
"(4, 14, 36)",4
"(4, 14, 39)",4
"(4, 15, 17)",4
"(4, 15, 30)",4
"(4, 15, 31)",4
"(4, 15, 43)",4
"(4, 17, 37)",4
"(4, 17, 43)",4
"(4, 20, 31)",4
"(4, 20, 39)",4
"(4, 22, 34)",4
"(4, 22, 42)",4
"(4, 22, 45)",4
"(4, 24, 29)",4
"(4, 25, 32)",4
"(4, 25, 34)",4
"(4, 27, 37)",4
"(4, 30, 32)",4
"(4, 32, 37)",4
"(4, 32, 41)",4
"(4, 35, 36)",4
"(4, 35, 39)",4
"(4, 35, 41)",4
"(4, 35, 43)",4
"(4, 36, 39)",4
"(4, 41, 43)",4
"(5, 7, 29)",4
"(5, 7, 35)",4
"(5, 7, 44)",4
"(5, 8, 12)",4
"(5, 8, 26)",4
"(5, 10, 17)",4
"(5, 10, 40)",4
"(5, 11, 38)",4
"(5, 12, 18)",4
"(5, 12, 31)",4
"(5, 12, 36)",4
"(5, 13, 29)",4
"(5, 15, 17)",4
"(5, 15, 31)",4
"(5, 15, 40)",4
"(5, 17, 38)",4
"(5, 17, 41)",4
"(5, 18, 31)",4
"(5, 18, 38)",4
"(5, 19, 29)",4
"(5, 19, 30)",4
"(5, 21, 32)",4
"(5, 21, 37)",4
"(5, 26, 27)",4
"(5, 26, 42)",4
"(5, 27, 35)",4
"(5, 29, 30)",4
"(5, 29, 38)",4
"(5, 29, 40)",4
"(5, 29, 44)",4
"(5, 30, 42)",4
"(5, 32, 40)",4
"(5, 35, 36)",4
"(5, 37, 38)",4
"(5, 37, 40)",4
"(5, 39, 41)",4
"(6, 7, 26)",4
"(6, 7, 30)",4
"(6, 7, 31)",4
"(6, 8, 22)",4
"(6, 8, 39)",4
"(6, 9, 10)",4
"(6, 10, 13)",4
"(6, 10, 24)",4
"(6, 10, 30)",4
"(6, 10, 31)",4
"(6, 10, 35)",4
"(6, 11, 33)",4
"(6, 11, 42)",4
"(6, 12, 40)",4
"(6, 13, 19)",4
"(6, 13, 22)",4
"(6, 14, 17)",4
"(6, 14, 44)",4
"(6, 15, 45)",4
"(6, 17, 31)",4
"(6, 19, 22)",4
"(6, 19, 25)",4
"(6, 19, 27)",4
"(6, 19, 33)",4
"(6, 19, 40)",4
"(6, 19, 44)",4
"(6, 20, 32)",4
"(6, 20, 39)",4
"(6, 21, 26)",4
"(6, 21, 35)",4
"(6, 22, 38)",4
"(6, 23, 39)",4
"(6, 25, 31)",4
"(6, 25, 44)",4
"(6, 26, 27)",4
"(6, 28, 30)",4
"(6, 28, 33)",4
"(6, 29, 32)",4
"(6, 30, 45)",4
"(6, 33, 39)",4
"(6, 35, 38)",4
"(6, 39, 42)",4
"(7, 12, 13)",4
"(7, 12, 19)",4
"(7, 13, 14)",4
"(7, 13, 16)",4
"(7, 13, 41)",4
"(7, 13, 42)",4
"(7, 16, 34)",4
"(7, 16, 41)",4
"(7, 20, 31)",4
"(7, 21, 29)",4
"(7, 21, 32)",4
"(7, 24, 33)",4
"(7, 25, 26)",4
"(7, 25, 27)",4
"(7, 25, 35)",4
"(7, 26, 34)",4
"(7, 27, 33)",4
"(7, 27, 35)",4
"(7, 27, 39)",4
"(7, 30, 41)",4
"(7, 35, 45)",4
"(7, 36, 44)",4
"(7, 38, 40)",4
"(8, 9, 18)",4
"(8, 9, 19)",4
"(8, 9, 21)",4
"(8, 9, 25)",4
"(8, 9, 38)",4
"(8, 10, 19)",4
"(8, 10, 23)",4
"(8, 10, 30)",4
"(8, 10, 35)",4
"(8, 11, 45)",4
"(8, 12, 19)",4
"(8, 12, 26)",4
"(8, 13, 23)",4
"(8, 13, 26)",4
"(8, 14, 29)",4
"(8, 14, 44)",4
"(8, 16, 17)",4
"(8, 17, 22)",4
"(8, 17, 32)",4
"(8, 17, 39)",4
"(8, 20, 26)",4
"(8, 20, 37)",4
"(8, 21, 25)",4
"(8, 21, 28)",4
"(8, 21, 39)",4
"(8, 22, 33)",4
"(8, 22, 36)",4
"(8, 23, 44)",4
"(8, 25, 31)",4
"(8, 25, 40)",4
"(8, 26, 34)",4
"(8, 26, 36)",4
"(8, 26, 42)",4
"(8, 26, 44)",4
"(8, 27, 36)",4
"(8, 27, 37)",4
"(8, 27, 43)",4
"(8, 28, 30)",4
"(8, 28, 31)",4
"(8, 28, 36)",4
"(8, 28, 40)",4
"(8, 29, 37)",4
"(8, 30, 41)",4
"(8, 31, 43)",4
"(8, 32, 39)",4
"(8, 33, 34)",4
"(8, 33, 38)",4
"(8, 33, 39)",4
"(8, 35, 36)",4
"(8, 36, 42)",4
"(9, 10, 28)",4
"(9, 10, 31)",4
"(9, 10, 36)",4
"(9, 11, 35)",4
"(9, 11, 44)",4
"(9, 12, 13)",4
"(9, 12, 17)",4
"(9, 12, 19)",4
"(9, 13, 31)",4
"(9, 15, 17)",4
"(9, 15, 31)",4
"(9, 17, 18)",4
"(9, 17, 34)",4
"(9, 17, 44)",4
"(9, 18, 20)",4
"(9, 18, 28)",4
"(9, 18, 31)",4
"(9, 18, 38)",4
"(9, 19, 25)",4
"(9, 19, 40)",4
"(9, 20, 34)",4
"(9, 20, 40)",4
"(9, 20, 43)",4
"(9, 21, 37)",4
"(9, 23, 25)",4
"(9, 23, 29)",4
"(9, 25, 43)",4
"(9, 28, 35)",4
"(9, 28, 38)",4
"(9, 29, 38)",4
"(9, 31, 38)",4
"(9, 31, 40)",4
"(9, 31, 42)",4
"(9, 32, 34)",4
"(9, 32, 40)",4
"(9, 33, 45)",4
"(9, 37, 42)",4
"(10, 11, 25)",4
"(10, 12, 30)",4
"(10, 12, 36)",4
"(10, 15, 36)",4
"(10, 16, 19)",4
"(10, 16, 21)",4
"(10, 17, 26)",4
"(10, 17, 38)",4
"(10, 18, 22)",4
"(10, 20, 30)",4
"(10, 21, 35)",4
"(10, 21, 39)",4
"(10, 22, 35)",4
"(10, 26, 30)",4
"(10, 28, 29)",4
"(10, 28, 31)",4
"(10, 30, 38)",4
"(10, 31, 38)",4
"(10, 32, 35)",4
"(10, 35, 39)",4
"(11, 14, 44)",4
"(11, 18, 25)",4
"(11, 18, 32)",4
"(11, 18, 42)",4
"(11, 19, 33)",4
"(11, 21, 28)",4
"(11, 21, 33)",4
"(11, 22, 31)",4
"(11, 25, 34)",4
"(11, 25, 37)",4
"(11, 25, 43)",4
"(11, 26, 42)",4
"(11, 27, 37)",4
"(11, 30, 33)",4
"(11, 31, 41)",4
"(11, 32, 41)",4
"(11, 32, 42)",4
"(11, 33, 40)",4
"(11, 34, 42)",4
"(11, 35, 36)",4
"(11, 35, 38)",4
"(11, 36, 38)",4
"(11, 38, 42)",4
"(11, 41, 42)",4
"(12, 13, 14)",4
"(12, 13, 21)",4
"(12, 13, 34)",4
"(12, 15, 16)",4
"(12, 15, 21)",4
"(12, 15, 33)",4
"(12, 16, 19)",4
"(12, 16, 20)",4
"(12, 17, 38)",4
"(12, 19, 25)",4
"(12, 20, 32)",4
"(12, 20, 43)",4
"(12, 20, 45)",4
"(12, 23, 26)",4
"(12, 24, 33)",4
"(12, 25, 29)",4
"(12, 25, 44)",4
"(12, 26, 40)",4
"(12, 27, 44)",4
"(12, 30, 36)",4
"(12, 30, 42)",4
"(12, 31, 36)",4
"(12, 34, 37)",4
"(12, 35, 44)",4
"(12, 37, 40)",4
"(12, 39, 42)",4
"(12, 40, 42)",4
"(13, 15, 19)",4
"(13, 15, 30)",4
"(13, 15, 32)",4
"(13, 16, 19)",4
"(13, 16, 41)",4
"(13, 17, 31)",4
"(13, 18, 30)",4
"(13, 18, 32)",4
"(13, 19, 31)",4
"(13, 20, 27)",4
"(13, 20, 31)",4
"(13, 20, 34)",4
"(13, 24, 31)",4
"(13, 24, 43)",4
"(13, 25, 41)",4
"(13, 25, 44)",4
"(13, 26, 40)",4
"(13, 27, 37)",4
"(13, 27, 43)",4
"(13, 28, 42)",4
"(13, 29, 44)",4
"(13, 30, 31)",4
"(13, 30, 36)",4
"(13, 30, 45)",4
"(13, 31, 35)",4
"(13, 31, 45)",4
"(13, 32, 44)",4
"(13, 33, 41)",4
"(13, 34, 45)",4
"(14, 15, 40)",4
"(14, 16, 19)",4
"(14, 17, 28)",4
"(14, 17, 44)",4
"(14, 18, 28)",4
"(14, 19, 31)",4
"(14, 19, 42)",4
"(14, 21, 26)",4
"(14, 22, 30)",4
"(14, 23, 37)",4
"(14, 23, 41)",4
"(14, 24, 32)",4
"(14, 26, 35)",4
"(14, 26, 43)",4
"(14, 28, 38)",4
"(14, 28, 42)",4
"(14, 29, 32)",4
"(14, 29, 36)",4
"(14, 29, 39)",4
"(14, 29, 43)",4
"(14, 30, 35)",4
"(14, 31, 35)",4
"(14, 32, 34)",4
"(14, 32, 38)",4
"(14, 32, 41)",4
"(14, 32, 45)",4
"(14, 33, 44)",4
"(14, 37, 45)",4
"(14, 43, 44)",4
"(15, 16, 19)",4
"(15, 16, 31)",4
"(15, 16, 40)",4
"(15, 17, 19)",4
"(15, 17, 40)",4
"(15, 17, 41)",4
"(15, 17, 45)",4
"(15, 19, 32)",4
"(15, 20, 24)",4
"(15, 20, 27)",4
"(15, 20, 33)",4
"(15, 20, 35)",4
"(15, 20, 42)",4
"(15, 21, 28)",4
"(15, 21, 30)",4
"(15, 22, 45)",4
"(15, 24, 45)",4
"(15, 25, 43)",4
"(15, 26, 28)",4
"(15, 30, 40)",4
"(15, 31, 40)",4
"(15, 31, 42)",4
"(15, 31, 44)",4
"(15, 32, 34)",4
"(15, 32, 45)",4
"(15, 33, 34)",4
"(15, 33, 35)",4
"(15, 33, 40)",4
"(15, 34, 40)",4
"(15, 43, 44)",4
"(16, 17, 19)",4
"(16, 17, 40)",4
"(16, 19, 20)",4
"(16, 19, 24)",4
"(16, 19, 26)",4
"(16, 19, 30)",4
"(16, 20, 30)",4
"(16, 20, 33)",4
"(16, 20, 43)",4
"(16, 21, 35)",4
"(16, 21, 37)",4
"(16, 22, 30)",4
"(16, 22, 33)",4
"(16, 26, 30)",4
"(16, 26, 41)",4
"(16, 28, 29)",4
"(16, 30, 33)",4
"(16, 30, 35)",4
"(16, 30, 45)",4
"(16, 33, 45)",4
"(16, 34, 45)",4
"(17, 18, 23)",4
"(17, 19, 30)",4
"(17, 19, 31)",4
"(17, 19, 45)",4
"(17, 20, 32)",4
"(17, 21, 32)",4
"(17, 21, 41)",4
"(17, 22, 31)",4
"(17, 22, 44)",4
"(17, 23, 24)",4
"(17, 23, 25)",4
"(17, 23, 35)",4
"(17, 23, 42)",4
"(17, 24, 26)",4
"(17, 25, 43)",4
"(17, 25, 44)",4
"(17, 25, 45)",4
"(17, 26, 27)",4
"(17, 26, 35)",4
"(17, 26, 36)",4
"(17, 26, 41)",4
"(17, 27, 28)",4
"(17, 27, 36)",4
"(17, 27, 40)",4
"(17, 27, 44)",4
"(17, 30, 41)",4
"(17, 31, 38)",4
"(17, 31, 42)",4
"(17, 32, 36)",4
"(17, 32, 37)",4
"(17, 32, 39)",4
"(17, 32, 44)",4
"(17, 33, 34)",4
"(17, 36, 44)",4
"(17, 40, 41)",4
"(17, 40, 44)",4
"(18, 20, 25)",4
"(18, 20, 27)",4
"(18, 20, 28)",4
"(18, 20, 32)",4
"(18, 21, 38)",4
"(18, 21, 42)",4
"(18, 22, 30)",4
"(18, 22, 41)",4
"(18, 22, 44)",4
"(18, 23, 43)",4
"(18, 24, 25)",4
"(18, 24, 29)",4
"(18, 24, 31)",4
"(18, 24, 36)",4
"(18, 25, 43)",4
"(18, 26, 36)",4
"(18, 27, 37)",4
"(18, 28, 43)",4
"(18, 30, 43)",4
"(18, 31, 32)",4
"(18, 32, 36)",4
"(18, 32, 39)",4
"(18, 33, 36)",4
"(18, 40, 44)",4
"(19, 21, 35)",4
"(19, 21, 39)",4
"(19, 22, 34)",4
"(19, 24, 28)",4
"(19, 24, 40)",4
"(19, 25, 28)",4
"(19, 25, 44)",4
"(19, 26, 30)",4
"(19, 26, 37)",4
"(19, 27, 43)",4
"(19, 28, 29)",4
"(19, 28, 45)",4
"(19, 29, 32)",4
"(19, 29, 36)",4
"(19, 30, 33)",4
"(19, 30, 41)",4
"(19, 31, 35)",4
"(19, 32, 34)",4
"(19, 33, 39)",4
"(19, 36, 38)",4
"(19, 43, 45)",4
"(20, 23, 40)",4
"(20, 24, 42)",4
"(20, 25, 32)",4
"(20, 25, 33)",4
"(20, 27, 29)",4
"(20, 27, 37)",4
"(20, 29, 32)",4
"(20, 33, 42)",4
"(20, 34, 45)",4
"(20, 35, 43)",4
"(21, 22, 29)",4
"(21, 22, 37)",4
"(21, 22, 43)",4
"(21, 22, 45)",4
"(21, 23, 43)",4
"(21, 26, 35)",4
"(21, 28, 30)",4
"(21, 28, 32)",4
"(21, 30, 36)",4
"(21, 31, 40)",4
"(21, 31, 41)",4
"(21, 33, 41)",4
"(21, 34, 41)",4
"(21, 37, 42)",4
"(21, 39, 41)",4
"(22, 24, 37)",4
"(22, 25, 40)",4
"(22, 26, 36)",4
"(22, 27, 45)",4
"(22, 29, 30)",4
"(22, 29, 32)",4
"(22, 30, 41)",4
"(22, 31, 44)",4
"(22, 33, 39)",4
"(22, 33, 44)",4
"(22, 35, 42)",4
"(22, 37, 45)",4
"(22, 42, 45)",4
"(22, 43, 45)",4
"(23, 24, 25)",4
"(23, 24, 26)",4
"(23, 24, 36)",4
"(23, 24, 40)",4
"(23, 25, 34)",4
"(23, 28, 32)",4
"(23, 28, 33)",4
"(23, 28, 34)",4
"(23, 28, 36)",4
"(23, 29, 43)",4
"(23, 33, 34)",4
"(23, 33, 38)",4
"(23, 33, 44)",4
"(23, 34, 45)",4
"(23, 37, 41)",4
"(23, 37, 43)",4
"(23, 38, 42)",4
"(24, 25, 41)",4
"(24, 26, 42)",4
"(24, 28, 29)",4
"(24, 30, 37)",4
"(24, 32, 39)",4
"(24, 33, 35)",4
"(24, 34, 35)",4
"(24, 34, 39)",4
"(24, 39, 44)",4
"(24, 43, 45)",4
"(25, 26, 36)",4
"(25, 27, 28)",4
"(25, 27, 33)",4
"(25, 27, 38)",4
"(25, 27, 43)",4
"(25, 28, 36)",4
"(25, 28, 40)",4
"(25, 28, 43)",4
"(25, 29, 33)",4
"(25, 29, 36)",4
"(25, 30, 33)",4
"(25, 31, 42)",4
"(25, 31, 44)",4
"(25, 32, 36)",4
"(25, 33, 40)",4
"(25, 34, 38)",4
"(25, 34, 45)",4
"(25, 36, 41)",4
"(25, 37, 40)",4
"(25, 37, 44)",4
"(25, 38, 42)",4
"(26, 27, 30)",4
"(26, 27, 35)",4
"(26, 27, 36)",4
"(26, 27, 42)",4
"(26, 28, 34)",4
"(26, 29, 40)",4
"(26, 30, 33)",4
"(26, 30, 35)",4
"(26, 30, 38)",4
"(26, 31, 42)",4
"(26, 34, 36)",4
"(26, 38, 45)",4
"(27, 28, 43)",4
"(27, 29, 37)",4
"(27, 30, 36)",4
"(27, 30, 37)",4
"(27, 31, 33)",4
"(27, 33, 34)",4
"(27, 33, 44)",4
"(27, 35, 40)",4
"(27, 37, 45)",4
"(27, 39, 40)",4
"(27, 43, 44)",4
"(28, 29, 32)",4
"(28, 30, 36)",4
"(28, 31, 33)",4
"(28, 31, 39)",4
"(28, 31, 40)",4
"(28, 32, 45)",4
"(28, 34, 36)",4
"(28, 34, 45)",4
"(28, 38, 45)",4
"(29, 30, 33)",4
"(29, 30, 40)",4
"(29, 30, 45)",4
"(29, 32, 39)",4
"(29, 33, 34)",4
"(29, 33, 36)",4
"(29, 35, 41)",4
"(29, 37, 42)",4
"(30, 31, 45)",4
"(30, 32, 44)",4
"(30, 32, 45)",4
"(30, 33, 44)",4
"(30, 35, 36)",4
"(30, 39, 41)",4
"(30, 40, 45)",4
"(31, 33, 38)",4
"(31, 33, 42)",4
"(31, 34, 36)",4
"(31, 34, 40)",4
"(31, 35, 36)",4
"(31, 35, 38)",4
"(31, 38, 39)",4
"(31, 38, 42)",4
"(31, 39, 42)",4
"(32, 35, 45)",4
"(32, 39, 42)",4
"(32, 39, 45)",4
"(32, 40, 41)",4
"(33, 34, 35)",4
"(33, 34, 37)",4
"(33, 35, 41)",4
"(33, 36, 43)",4
"(33, 38, 44)",4
"(33, 38, 45)",4
"(33, 42, 43)",4
"(34, 37, 39)",4
"(34, 37, 40)",4
"(34, 38, 39)",4
"(34, 39, 44)",4
"(34, 42, 45)",4
"(35, 36, 43)",4
"(35, 38, 45)",4
"(35, 40, 44)",4
"(35, 42, 44)",4
"(36, 38, 42)",4
"(36, 38, 43)",4
"(38, 42, 43)",4
"(38, 43, 44)",4
"(39, 43, 44)",4
"(1, 2, 15)",3
"(1, 2, 19)",3
"(1, 2, 34)",3
"(1, 2, 35)",3
"(1, 2, 40)",3
"(1, 2, 41)",3
"(1, 2, 43)",3
"(1, 3, 9)",3
"(1, 3, 14)",3
"(1, 3, 25)",3
"(1, 3, 26)",3
"(1, 3, 28)",3
"(1, 3, 30)",3
"(1, 3, 40)",3
"(1, 4, 6)",3
"(1, 4, 17)",3
"(1, 4, 36)",3
"(1, 4, 37)",3
"(1, 5, 8)",3
"(1, 5, 19)",3
"(1, 5, 26)",3
"(1, 5, 30)",3
"(1, 6, 7)",3
"(1, 6, 8)",3
"(1, 6, 9)",3
"(1, 6, 10)",3
"(1, 6, 19)",3
"(1, 6, 21)",3
"(1, 6, 36)",3
"(1, 6, 38)",3
"(1, 6, 39)",3
"(1, 6, 40)",3
"(1, 7, 9)",3
"(1, 7, 16)",3
"(1, 7, 23)",3
"(1, 7, 33)",3
"(1, 7, 35)",3
"(1, 7, 40)",3
"(1, 8, 11)",3
"(1, 8, 19)",3
"(1, 8, 22)",3
"(1, 8, 32)",3
"(1, 8, 33)",3
"(1, 8, 36)",3
"(1, 8, 38)",3
"(1, 9, 10)",3
"(1, 9, 17)",3
"(1, 9, 23)",3
"(1, 9, 25)",3
"(1, 9, 35)",3
"(1, 9, 36)",3
"(1, 9, 41)",3
"(1, 9, 43)",3
"(1, 9, 45)",3
"(1, 10, 15)",3
"(1, 10, 30)",3
"(1, 10, 36)",3
"(1, 11, 22)",3
"(1, 12, 25)",3
"(1, 12, 30)",3
"(1, 12, 31)",3
"(1, 13, 37)",3
"(1, 14, 15)",3
"(1, 14, 22)",3
"(1, 14, 30)",3
"(1, 14, 32)",3
"(1, 14, 37)",3
"(1, 15, 23)",3
"(1, 15, 30)",3
"(1, 16, 27)",3
"(1, 16, 29)",3
"(1, 16, 42)",3
"(1, 17, 19)",3
"(1, 17, 29)",3
"(1, 17, 38)",3
"(1, 17, 39)",3
"(1, 17, 41)",3
"(1, 18, 22)",3
"(1, 18, 24)",3
"(1, 18, 29)",3
"(1, 18, 42)",3
"(1, 19, 27)",3
"(1, 19, 38)",3
"(1, 19, 39)",3
"(1, 19, 43)",3
"(1, 21, 39)",3
"(1, 22, 23)",3
"(1, 22, 25)",3
"(1, 22, 27)",3
"(1, 22, 33)",3
"(1, 22, 34)",3
"(1, 22, 36)",3
"(1, 22, 40)",3
"(1, 22, 43)",3
"(1, 22, 44)",3
"(1, 23, 32)",3
"(1, 23, 33)",3
"(1, 23, 34)",3
"(1, 23, 45)",3
"(1, 24, 33)",3
"(1, 24, 36)",3
"(1, 24, 42)",3
"(1, 24, 43)",3
"(1, 25, 31)",3
"(1, 25, 33)",3
"(1, 25, 40)",3
"(1, 25, 42)",3
"(1, 27, 30)",3
"(1, 27, 34)",3
"(1, 27, 43)",3
"(1, 28, 35)",3
"(1, 28, 36)",3
"(1, 29, 33)",3
"(1, 29, 35)",3
"(1, 29, 38)",3
"(1, 30, 31)",3
"(1, 30, 32)",3
"(1, 30, 41)",3
"(1, 30, 43)",3
"(1, 30, 44)",3
"(1, 31, 34)",3
"(1, 31, 36)",3
"(1, 31, 38)",3
"(1, 33, 36)",3
"(1, 33, 40)",3
"(1, 34, 40)",3
"(1, 35, 36)",3
"(1, 35, 41)",3
"(1, 35, 45)",3
"(1, 36, 39)",3
"(1, 36, 40)",3
"(1, 37, 44)",3
"(1, 38, 40)",3
"(1, 38, 44)",3
"(1, 40, 42)",3
"(1, 43, 45)",3
"(2, 3, 5)",3
"(2, 3, 8)",3
"(2, 3, 10)",3
"(2, 3, 11)",3
"(2, 3, 21)",3
"(2, 3, 26)",3
"(2, 3, 29)",3
"(2, 3, 37)",3
"(2, 3, 38)",3
"(2, 4, 6)",3
"(2, 4, 14)",3
"(2, 4, 20)",3
"(2, 4, 39)",3
"(2, 5, 7)",3
"(2, 5, 12)",3
"(2, 5, 19)",3
"(2, 5, 34)",3
"(2, 6, 10)",3
"(2, 6, 13)",3
"(2, 6, 20)",3
"(2, 6, 25)",3
"(2, 6, 31)",3
"(2, 6, 32)",3
"(2, 6, 33)",3
"(2, 6, 35)",3
"(2, 6, 39)",3
"(2, 6, 43)",3
"(2, 7, 34)",3
"(2, 7, 40)",3
"(2, 8, 16)",3
"(2, 8, 25)",3
"(2, 8, 26)",3
"(2, 8, 29)",3
"(2, 8, 32)",3
"(2, 8, 37)",3
"(2, 9, 21)",3
"(2, 9, 26)",3
"(2, 9, 37)",3
"(2, 9, 41)",3
"(2, 10, 13)",3
"(2, 10, 15)",3
"(2, 10, 20)",3
"(2, 10, 24)",3
"(2, 10, 25)",3
"(2, 10, 28)",3
"(2, 10, 29)",3
"(2, 10, 31)",3
"(2, 10, 34)",3
"(2, 11, 21)",3
"(2, 11, 24)",3
"(2, 11, 26)",3
"(2, 11, 36)",3
"(2, 11, 43)",3
"(2, 12, 40)",3
"(2, 13, 18)",3
"(2, 13, 45)",3
"(2, 14, 19)",3
"(2, 14, 24)",3
"(2, 14, 32)",3
"(2, 14, 36)",3
"(2, 14, 38)",3
"(2, 14, 39)",3
"(2, 14, 43)",3
"(2, 14, 44)",3
"(2, 15, 20)",3
"(2, 15, 28)",3
"(2, 15, 31)",3
"(2, 15, 40)",3
"(2, 16, 19)",3
"(2, 16, 20)",3
"(2, 16, 28)",3
"(2, 16, 29)",3
"(2, 16, 30)",3
"(2, 16, 32)",3
"(2, 16, 38)",3
"(2, 17, 29)",3
"(2, 17, 44)",3
"(2, 18, 28)",3
"(2, 18, 29)",3
"(2, 18, 31)",3
"(2, 18, 32)",3
"(2, 19, 20)",3
"(2, 19, 31)",3
"(2, 19, 43)",3
"(2, 19, 44)",3
"(2, 19, 45)",3
"(2, 20, 24)",3
"(2, 20, 29)",3
"(2, 20, 35)",3
"(2, 21, 30)",3
"(2, 21, 35)",3
"(2, 21, 37)",3
"(2, 21, 41)",3
"(2, 22, 23)",3
"(2, 23, 24)",3
"(2, 23, 31)",3
"(2, 23, 37)",3
"(2, 24, 26)",3
"(2, 24, 28)",3
"(2, 24, 31)",3
"(2, 24, 33)",3
"(2, 25, 33)",3
"(2, 25, 43)",3
"(2, 26, 28)",3
"(2, 26, 35)",3
"(2, 26, 39)",3
"(2, 28, 35)",3
"(2, 28, 36)",3
"(2, 28, 39)",3
"(2, 28, 42)",3
"(2, 28, 45)",3
"(2, 29, 32)",3
"(2, 30, 35)",3
"(2, 31, 42)",3
"(2, 31, 43)",3
"(2, 32, 39)",3
"(2, 33, 34)",3
"(2, 33, 42)",3
"(2, 33, 44)",3
"(2, 34, 41)",3
"(2, 34, 42)",3
"(2, 35, 38)",3
"(2, 36, 39)",3
"(2, 38, 40)",3
"(2, 38, 42)",3
"(2, 40, 41)",3
"(2, 41, 43)",3
"(2, 42, 44)",3
"(3, 4, 29)",3
"(3, 5, 15)",3
"(3, 5, 17)",3
"(3, 5, 28)",3
"(3, 5, 31)",3
"(3, 5, 40)",3
"(3, 5, 42)",3
"(3, 6, 8)",3
"(3, 6, 11)",3
"(3, 6, 29)",3
"(3, 6, 34)",3
"(3, 6, 35)",3
"(3, 6, 40)",3
"(3, 6, 41)",3
"(3, 7, 8)",3
"(3, 7, 14)",3
"(3, 7, 15)",3
"(3, 7, 38)",3
"(3, 7, 39)",3
"(3, 8, 15)",3
"(3, 8, 20)",3
"(3, 8, 24)",3
"(3, 8, 26)",3
"(3, 8, 28)",3
"(3, 8, 35)",3
"(3, 9, 18)",3
"(3, 9, 23)",3
"(3, 9, 30)",3
"(3, 9, 44)",3
"(3, 10, 11)",3
"(3, 10, 12)",3
"(3, 10, 20)",3
"(3, 10, 29)",3
"(3, 10, 30)",3
"(3, 10, 33)",3
"(3, 10, 35)",3
"(3, 11, 21)",3
"(3, 11, 23)",3
"(3, 11, 33)",3
"(3, 11, 39)",3
"(3, 11, 41)",3
"(3, 11, 44)",3
"(3, 12, 23)",3
"(3, 12, 39)",3
"(3, 13, 16)",3
"(3, 13, 26)",3
"(3, 13, 31)",3
"(3, 13, 41)",3
"(3, 13, 43)",3
"(3, 13, 44)",3
"(3, 14, 15)",3
"(3, 14, 17)",3
"(3, 14, 21)",3
"(3, 14, 26)",3
"(3, 14, 37)",3
"(3, 14, 40)",3
"(3, 14, 43)",3
"(3, 15, 25)",3
"(3, 15, 30)",3
"(3, 15, 34)",3
"(3, 15, 36)",3
"(3, 15, 41)",3
"(3, 16, 31)",3
"(3, 16, 38)",3
"(3, 16, 42)",3
"(3, 17, 20)",3
"(3, 17, 22)",3
"(3, 17, 25)",3
"(3, 17, 29)",3
"(3, 17, 40)",3
"(3, 17, 43)",3
"(3, 17, 45)",3
"(3, 19, 20)",3
"(3, 19, 27)",3
"(3, 19, 29)",3
"(3, 19, 32)",3
"(3, 19, 34)",3
"(3, 19, 41)",3
"(3, 20, 30)",3
"(3, 20, 33)",3
"(3, 20, 39)",3
"(3, 21, 29)",3
"(3, 22, 33)",3
"(3, 22, 36)",3
"(3, 22, 41)",3
"(3, 23, 25)",3
"(3, 23, 29)",3
"(3, 23, 30)",3
"(3, 23, 31)",3
"(3, 23, 32)",3
"(3, 23, 35)",3
"(3, 23, 39)",3
"(3, 25, 43)",3
"(3, 26, 30)",3
"(3, 26, 33)",3
"(3, 26, 38)",3
"(3, 26, 39)",3
"(3, 26, 40)",3
"(3, 26, 43)",3
"(3, 28, 33)",3
"(3, 28, 34)",3
"(3, 28, 39)",3
"(3, 29, 36)",3
"(3, 30, 35)",3
"(3, 30, 37)",3
"(3, 30, 38)",3
"(3, 30, 41)",3
"(3, 30, 44)",3
"(3, 31, 37)",3
"(3, 31, 42)",3
"(3, 31, 43)",3
"(3, 32, 34)",3
"(3, 33, 34)",3
"(3, 33, 36)",3
"(3, 33, 37)",3
"(3, 34, 36)",3
"(3, 34, 39)",3
"(3, 34, 41)",3
"(3, 34, 44)",3
"(3, 34, 45)",3
"(3, 35, 39)",3
"(3, 36, 40)",3
"(3, 36, 43)",3
"(3, 37, 43)",3
"(3, 38, 42)",3
"(3, 39, 44)",3
"(3, 41, 44)",3
"(3, 43, 44)",3
"(3, 44, 45)",3
"(4, 5, 6)",3
"(4, 5, 8)",3
"(4, 5, 12)",3
"(4, 5, 15)",3
"(4, 5, 16)",3
"(4, 5, 19)",3
"(4, 5, 21)",3
"(4, 5, 32)",3
"(4, 5, 35)",3
"(4, 5, 38)",3
"(4, 5, 39)",3
"(4, 5, 40)",3
"(4, 6, 12)",3
"(4, 6, 13)",3
"(4, 6, 25)",3
"(4, 6, 28)",3
"(4, 6, 37)",3
"(4, 6, 44)",3
"(4, 6, 45)",3
"(4, 7, 8)",3
"(4, 7, 19)",3
"(4, 7, 26)",3
"(4, 7, 30)",3
"(4, 8, 12)",3
"(4, 8, 18)",3
"(4, 8, 19)",3
"(4, 8, 28)",3
"(4, 8, 31)",3
"(4, 8, 37)",3
"(4, 8, 41)",3
"(4, 8, 43)",3
"(4, 9, 12)",3
"(4, 9, 13)",3
"(4, 9, 17)",3
"(4, 9, 23)",3
"(4, 9, 24)",3
"(4, 9, 28)",3
"(4, 9, 35)",3
"(4, 9, 41)",3
"(4, 10, 45)",3
"(4, 11, 22)",3
"(4, 11, 23)",3
"(4, 11, 39)",3
"(4, 12, 20)",3
"(4, 12, 25)",3
"(4, 12, 26)",3
"(4, 12, 28)",3
"(4, 12, 39)",3
"(4, 13, 21)",3
"(4, 13, 25)",3
"(4, 13, 26)",3
"(4, 13, 29)",3
"(4, 13, 31)",3
"(4, 13, 36)",3
"(4, 13, 42)",3
"(4, 14, 22)",3
"(4, 14, 24)",3
"(4, 14, 32)",3
"(4, 14, 42)",3
"(4, 15, 25)",3
"(4, 15, 26)",3
"(4, 15, 34)",3
"(4, 15, 35)",3
"(4, 15, 44)",3
"(4, 15, 45)",3
"(4, 16, 40)",3
"(4, 17, 25)",3
"(4, 17, 31)",3
"(4, 17, 32)",3
"(4, 17, 44)",3
"(4, 18, 30)",3
"(4, 18, 39)",3
"(4, 19, 25)",3
"(4, 19, 34)",3
"(4, 19, 39)",3
"(4, 20, 29)",3
"(4, 20, 30)",3
"(4, 20, 37)",3
"(4, 20, 45)",3
"(4, 21, 36)",3
"(4, 21, 37)",3
"(4, 22, 24)",3
"(4, 22, 35)",3
"(4, 22, 37)",3
"(4, 23, 32)",3
"(4, 23, 34)",3
"(4, 24, 25)",3
"(4, 24, 34)",3
"(4, 24, 39)",3
"(4, 24, 40)",3
"(4, 25, 28)",3
"(4, 25, 36)",3
"(4, 25, 39)",3
"(4, 25, 40)",3
"(4, 26, 28)",3
"(4, 26, 29)",3
"(4, 27, 30)",3
"(4, 27, 42)",3
"(4, 28, 44)",3
"(4, 29, 36)",3
"(4, 29, 38)",3
"(4, 29, 41)",3
"(4, 29, 42)",3
"(4, 30, 39)",3
"(4, 31, 37)",3
"(4, 32, 34)",3
"(4, 32, 36)",3
"(4, 32, 42)",3
"(4, 33, 36)",3
"(4, 34, 38)",3
"(4, 36, 41)",3
"(4, 37, 38)",3
"(4, 40, 41)",3
"(4, 40, 43)",3
"(4, 42, 43)",3
"(4, 42, 45)",3
"(4, 43, 44)",3
"(5, 6, 15)",3
"(5, 6, 18)",3
"(5, 6, 23)",3
"(5, 6, 30)",3
"(5, 6, 32)",3
"(5, 6, 33)",3
"(5, 6, 40)",3
"(5, 6, 41)",3
"(5, 7, 8)",3
"(5, 7, 17)",3
"(5, 7, 21)",3
"(5, 7, 23)",3
"(5, 7, 30)",3
"(5, 7, 38)",3
"(5, 7, 39)",3
"(5, 7, 40)",3
"(5, 7, 42)",3
"(5, 8, 15)",3
"(5, 8, 19)",3
"(5, 8, 23)",3
"(5, 8, 30)",3
"(5, 8, 32)",3
"(5, 8, 38)",3
"(5, 9, 14)",3
"(5, 9, 18)",3
"(5, 9, 21)",3
"(5, 9, 37)",3
"(5, 10, 12)",3
"(5, 10, 25)",3
"(5, 10, 38)",3
"(5, 10, 39)",3
"(5, 11, 27)",3
"(5, 11, 36)",3
"(5, 11, 42)",3
"(5, 12, 13)",3
"(5, 12, 17)",3
"(5, 12, 20)",3
"(5, 12, 26)",3
"(5, 12, 28)",3
"(5, 12, 29)",3
"(5, 12, 37)",3
"(5, 12, 39)",3
"(5, 12, 40)",3
"(5, 12, 41)",3
"(5, 12, 43)",3
"(5, 13, 31)",3
"(5, 13, 40)",3
"(5, 13, 41)",3
"(5, 14, 21)",3
"(5, 14, 32)",3
"(5, 14, 39)",3
"(5, 15, 19)",3
"(5, 16, 38)",3
"(5, 16, 40)",3
"(5, 17, 30)",3
"(5, 17, 34)",3
"(5, 17, 36)",3
"(5, 17, 43)",3
"(5, 18, 25)",3
"(5, 18, 30)",3
"(5, 18, 37)",3
"(5, 18, 42)",3
"(5, 18, 43)",3
"(5, 19, 23)",3
"(5, 19, 26)",3
"(5, 19, 32)",3
"(5, 19, 39)",3
"(5, 20, 35)",3
"(5, 21, 41)",3
"(5, 22, 23)",3
"(5, 22, 33)",3
"(5, 22, 37)",3
"(5, 22, 38)",3
"(5, 23, 32)",3
"(5, 23, 37)",3
"(5, 23, 43)",3
"(5, 24, 39)",3
"(5, 25, 37)",3
"(5, 25, 44)",3
"(5, 26, 34)",3
"(5, 26, 37)",3
"(5, 27, 30)",3
"(5, 27, 32)",3
"(5, 27, 40)",3
"(5, 28, 40)",3
"(5, 29, 45)",3
"(5, 30, 41)",3
"(5, 30, 45)",3
"(5, 31, 36)",3
"(5, 32, 37)",3
"(5, 32, 39)",3
"(5, 33, 37)",3
"(5, 33, 45)",3
"(5, 35, 40)",3
"(5, 36, 38)",3
"(5, 37, 43)",3
"(5, 38, 40)",3
"(5, 38, 42)",3
"(5, 40, 45)",3
"(5, 41, 42)",3
"(6, 7, 8)",3
"(6, 7, 25)",3
"(6, 7, 27)",3
"(6, 7, 39)",3
"(6, 7, 44)",3
"(6, 8, 25)",3
"(6, 8, 28)",3
"(6, 8, 43)",3
"(6, 9, 11)",3
"(6, 9, 16)",3
"(6, 9, 21)",3
"(6, 10, 21)",3
"(6, 10, 26)",3
"(6, 10, 32)",3
"(6, 10, 37)",3
"(6, 10, 39)",3
"(6, 10, 40)",3
"(6, 11, 14)",3
"(6, 11, 28)",3
"(6, 11, 36)",3
"(6, 11, 38)",3
"(6, 11, 43)",3
"(6, 11, 44)",3
"(6, 12, 17)",3
"(6, 12, 21)",3
"(6, 12, 23)",3
"(6, 12, 27)",3
"(6, 12, 30)",3
"(6, 12, 31)",3
"(6, 12, 39)",3
"(6, 12, 42)",3
"(6, 13, 17)",3
"(6, 13, 29)",3
"(6, 13, 45)",3
"(6, 14, 19)",3
"(6, 15, 17)",3
"(6, 15, 20)",3
"(6, 15, 21)",3
"(6, 15, 22)",3
"(6, 15, 30)",3
"(6, 17, 19)",3
"(6, 17, 28)",3
"(6, 17, 29)",3
"(6, 17, 30)",3
"(6, 17, 35)",3
"(6, 17, 38)",3
"(6, 17, 39)",3
"(6, 18, 20)",3
"(6, 18, 25)",3
"(6, 18, 33)",3
"(6, 18, 38)",3
"(6, 18, 39)",3
"(6, 18, 44)",3
"(6, 19, 21)",3
"(6, 19, 24)",3
"(6, 19, 26)",3
"(6, 19, 39)",3
"(6, 20, 23)",3
"(6, 20, 35)",3
"(6, 20, 40)",3
"(6, 21, 31)",3
"(6, 21, 32)",3
"(6, 21, 36)",3
"(6, 21, 41)",3
"(6, 22, 27)",3
"(6, 22, 33)",3
"(6, 22, 39)",3
"(6, 22, 41)",3
"(6, 22, 42)",3
"(6, 22, 44)",3
"(6, 22, 45)",3
"(6, 23, 42)",3
"(6, 24, 27)",3
"(6, 24, 29)",3
"(6, 24, 36)",3
"(6, 25, 28)",3
"(6, 25, 39)",3
"(6, 25, 40)",3
"(6, 26, 28)",3
"(6, 26, 29)",3
"(6, 26, 31)",3
"(6, 26, 34)",3
"(6, 26, 38)",3
"(6, 26, 41)",3
"(6, 27, 34)",3
"(6, 27, 37)",3
"(6, 28, 36)",3
"(6, 28, 40)",3
"(6, 29, 40)",3
"(6, 30, 35)",3
"(6, 30, 36)",3
"(6, 30, 41)",3
"(6, 31, 33)",3
"(6, 31, 35)",3
"(6, 31, 40)",3
"(6, 31, 45)",3
"(6, 32, 34)",3
"(6, 32, 36)",3
"(6, 32, 42)",3
"(6, 33, 35)",3
"(6, 33, 38)",3
"(6, 34, 38)",3
"(6, 35, 42)",3
"(6, 36, 37)",3
"(6, 36, 39)",3
"(6, 36, 42)",3
"(6, 37, 40)",3
"(6, 37, 43)",3
"(6, 38, 39)",3
"(6, 38, 40)",3
"(6, 38, 43)",3
"(6, 39, 44)",3
"(6, 40, 42)",3
"(6, 41, 44)",3
"(6, 42, 44)",3
"(7, 8, 10)",3
"(7, 8, 12)",3
"(7, 8, 17)",3
"(7, 8, 23)",3
"(7, 8, 24)",3
"(7, 8, 29)",3
"(7, 8, 37)",3
"(7, 8, 39)",3
"(7, 10, 16)",3
"(7, 10, 26)",3
"(7, 10, 27)",3
"(7, 11, 27)",3
"(7, 11, 45)",3
"(7, 12, 16)",3
"(7, 12, 23)",3
"(7, 12, 27)",3
"(7, 12, 32)",3
"(7, 12, 37)",3
"(7, 13, 18)",3
"(7, 13, 21)",3
"(7, 13, 25)",3
"(7, 14, 19)",3
"(7, 14, 20)",3
"(7, 14, 25)",3
"(7, 14, 31)",3
"(7, 15, 27)",3
"(7, 15, 31)",3
"(7, 16, 19)",3
"(7, 16, 38)",3
"(7, 16, 45)",3
"(7, 17, 34)",3
"(7, 17, 38)",3
"(7, 17, 40)",3
"(7, 18, 19)",3
"(7, 19, 20)",3
"(7, 19, 45)",3
"(7, 20, 25)",3
"(7, 21, 26)",3
"(7, 21, 40)",3
"(7, 23, 25)",3
"(7, 23, 33)",3
"(7, 23, 36)",3
"(7, 23, 40)",3
"(7, 24, 32)",3
"(7, 24, 36)",3
"(7, 24, 39)",3
"(7, 25, 31)",3
"(7, 25, 33)",3
"(7, 25, 36)",3
"(7, 25, 38)",3
"(7, 26, 27)",3
"(7, 26, 31)",3
"(7, 26, 36)",3
"(7, 26, 42)",3
"(7, 26, 45)",3
"(7, 27, 31)",3
"(7, 27, 41)",3
"(7, 29, 30)",3
"(7, 29, 32)",3
"(7, 29, 34)",3
"(7, 29, 37)",3
"(7, 29, 42)",3
"(7, 29, 44)",3
"(7, 30, 39)",3
"(7, 30, 44)",3
"(7, 30, 45)",3
"(7, 31, 44)",3
"(7, 32, 35)",3
"(7, 33, 36)",3
"(7, 33, 38)",3
"(7, 33, 41)",3
"(7, 35, 39)",3
"(7, 35, 41)",3
"(7, 36, 37)",3
"(7, 36, 42)",3
"(7, 37, 38)",3
"(7, 38, 45)",3
"(7, 42, 44)",3
"(8, 9, 37)",3
"(8, 9, 41)",3
"(8, 10, 16)",3
"(8, 10, 17)",3
"(8, 10, 18)",3
"(8, 11, 13)",3
"(8, 11, 17)",3
"(8, 11, 20)",3
"(8, 11, 21)",3
"(8, 11, 26)",3
"(8, 11, 27)",3
"(8, 11, 28)",3
"(8, 11, 40)",3
"(8, 11, 44)",3
"(8, 12, 15)",3
"(8, 12, 23)",3
"(8, 12, 24)",3
"(8, 12, 30)",3
"(8, 12, 31)",3
"(8, 13, 16)",3
"(8, 13, 22)",3
"(8, 13, 24)",3
"(8, 13, 27)",3
"(8, 13, 30)",3
"(8, 13, 39)",3
"(8, 13, 44)",3
"(8, 14, 18)",3
"(8, 14, 19)",3
"(8, 14, 31)",3
"(8, 15, 17)",3
"(8, 15, 19)",3
"(8, 15, 22)",3
"(8, 15, 23)",3
"(8, 15, 28)",3
"(8, 15, 40)",3
"(8, 15, 42)",3
"(8, 15, 43)",3
"(8, 15, 45)",3
"(8, 16, 33)",3
"(8, 16, 35)",3
"(8, 16, 40)",3
"(8, 16, 45)",3
"(8, 17, 18)",3
"(8, 17, 35)",3
"(8, 17, 38)",3
"(8, 18, 28)",3
"(8, 19, 23)",3
"(8, 19, 24)",3
"(8, 19, 30)",3
"(8, 19, 31)",3
"(8, 19, 40)",3
"(8, 20, 24)",3
"(8, 20, 28)",3
"(8, 20, 36)",3
"(8, 20, 40)",3
"(8, 21, 31)",3
"(8, 21, 42)",3
"(8, 21, 44)",3
"(8, 22, 23)",3
"(8, 22, 27)",3
"(8, 22, 35)",3
"(8, 22, 39)",3
"(8, 22, 44)",3
"(8, 23, 24)",3
"(8, 23, 26)",3
"(8, 23, 27)",3
"(8, 23, 31)",3
"(8, 23, 37)",3
"(8, 23, 38)",3
"(8, 23, 42)",3
"(8, 23, 43)",3
"(8, 24, 26)",3
"(8, 24, 33)",3
"(8, 25, 27)",3
"(8, 25, 32)",3
"(8, 25, 34)",3
"(8, 25, 36)",3
"(8, 25, 37)",3
"(8, 25, 38)",3
"(8, 25, 44)",3
"(8, 26, 29)",3
"(8, 26, 31)",3
"(8, 26, 43)",3
"(8, 28, 34)",3
"(8, 28, 35)",3
"(8, 28, 38)",3
"(8, 28, 42)",3
"(8, 29, 39)",3
"(8, 30, 44)",3
"(8, 31, 33)",3
"(8, 31, 36)",3
"(8, 31, 42)",3
"(8, 32, 36)",3
"(8, 32, 40)",3
"(8, 33, 37)",3
"(8, 34, 44)",3
"(8, 35, 40)",3
"(8, 35, 45)",3
"(8, 36, 39)",3
"(8, 37, 39)",3
"(8, 37, 44)",3
"(8, 38, 42)",3
"(8, 40, 44)",3
"(9, 10, 15)",3
"(9, 10, 29)",3
"(9, 10, 35)",3
"(9, 10, 38)",3
"(9, 11, 16)",3
"(9, 11, 20)",3
"(9, 12, 14)",3
"(9, 12, 21)",3
"(9, 12, 23)",3
"(9, 13, 15)",3
"(9, 13, 19)",3
"(9, 13, 20)",3
"(9, 13, 27)",3
"(9, 13, 36)",3
"(9, 13, 43)",3
"(9, 14, 15)",3
"(9, 14, 17)",3
"(9, 14, 39)",3
"(9, 14, 42)",3
"(9, 15, 26)",3
"(9, 15, 34)",3
"(9, 15, 45)",3
"(9, 16, 19)",3
"(9, 16, 20)",3
"(9, 16, 27)",3
"(9, 16, 40)",3
"(9, 17, 19)",3
"(9, 17, 29)",3
"(9, 17, 30)",3
"(9, 17, 37)",3
"(9, 17, 40)",3
"(9, 18, 19)",3
"(9, 18, 24)",3
"(9, 18, 32)",3
"(9, 18, 34)",3
"(9, 18, 36)",3
"(9, 18, 37)",3
"(9, 18, 45)",3
"(9, 19, 20)",3
"(9, 19, 22)",3
"(9, 19, 28)",3
"(9, 19, 37)",3
"(9, 19, 39)",3
"(9, 19, 42)",3
"(9, 19, 45)",3
"(9, 20, 25)",3
"(9, 20, 28)",3
"(9, 20, 38)",3
"(9, 20, 45)",3
"(9, 21, 29)",3
"(9, 21, 31)",3
"(9, 21, 39)",3
"(9, 21, 41)",3
"(9, 22, 40)",3
"(9, 22, 42)",3
"(9, 23, 28)",3
"(9, 23, 40)",3
"(9, 24, 26)",3
"(9, 24, 31)",3
"(9, 24, 34)",3
"(9, 24, 39)",3
"(9, 24, 45)",3
"(9, 25, 27)",3
"(9, 25, 32)",3
"(9, 25, 37)",3
"(9, 25, 40)",3
"(9, 26, 28)",3
"(9, 26, 29)",3
"(9, 26, 36)",3
"(9, 27, 38)",3
"(9, 27, 40)",3
"(9, 27, 42)",3
"(9, 27, 43)",3
"(9, 28, 36)",3
"(9, 28, 41)",3
"(9, 28, 43)",3
"(9, 29, 37)",3
"(9, 30, 34)",3
"(9, 30, 36)",3
"(9, 31, 33)",3
"(9, 31, 34)",3
"(9, 31, 36)",3
"(9, 31, 39)",3
"(9, 31, 43)",3
"(9, 31, 45)",3
"(9, 32, 37)",3
"(9, 32, 44)",3
"(9, 33, 36)",3
"(9, 34, 43)",3
"(9, 35, 36)",3
"(9, 35, 38)",3
"(9, 35, 43)",3
"(9, 35, 45)",3
"(9, 36, 38)",3
"(9, 38, 39)",3
"(9, 38, 41)",3
"(9, 40, 44)",3
"(9, 42, 43)",3
"(10, 11, 17)",3
"(10, 11, 18)",3
"(10, 11, 28)",3
"(10, 11, 29)",3
"(10, 11, 32)",3
"(10, 11, 36)",3
"(10, 11, 37)",3
"(10, 11, 38)",3
"(10, 11, 41)",3
"(10, 11, 42)",3
"(10, 11, 43)",3
"(10, 13, 25)",3
"(10, 13, 28)",3
"(10, 13, 29)",3
"(10, 14, 15)",3
"(10, 14, 32)",3
"(10, 14, 37)",3
"(10, 15, 20)",3
"(10, 15, 45)",3
"(10, 16, 22)",3
"(10, 16, 26)",3
"(10, 16, 29)",3
"(10, 16, 31)",3
"(10, 16, 34)",3
"(10, 16, 35)",3
"(10, 16, 36)",3
"(10, 16, 41)",3
"(10, 17, 23)",3
"(10, 17, 28)",3
"(10, 17, 29)",3
"(10, 17, 34)",3
"(10, 17, 45)",3
"(10, 18, 25)",3
"(10, 18, 33)",3
"(10, 19, 28)",3
"(10, 19, 30)",3
"(10, 20, 29)",3
"(10, 20, 33)",3
"(10, 20, 38)",3
"(10, 21, 32)",3
"(10, 21, 34)",3
"(10, 21, 37)",3
"(10, 21, 41)",3
"(10, 22, 32)",3
"(10, 23, 26)",3
"(10, 24, 28)",3
"(10, 24, 38)",3
"(10, 24, 39)",3
"(10, 25, 34)",3
"(10, 25, 43)",3
"(10, 26, 29)",3
"(10, 26, 31)",3
"(10, 26, 33)",3
"(10, 27, 29)",3
"(10, 27, 40)",3
"(10, 27, 43)",3
"(10, 28, 32)",3
"(10, 28, 33)",3
"(10, 28, 36)",3
"(10, 28, 38)",3
"(10, 28, 43)",3
"(10, 29, 30)",3
"(10, 29, 32)",3
"(10, 29, 37)",3
"(10, 29, 43)",3
"(10, 30, 31)",3
"(10, 30, 33)",3
"(10, 30, 37)",3
"(10, 30, 41)",3
"(10, 30, 45)",3
"(10, 31, 36)",3
"(10, 32, 37)",3
"(10, 32, 39)",3
"(10, 32, 41)",3
"(10, 32, 42)",3
"(10, 33, 38)",3
"(10, 33, 40)",3
"(10, 33, 43)",3
"(10, 34, 36)",3
"(10, 34, 44)",3
"(10, 35, 38)",3
"(10, 35, 43)",3
"(10, 36, 40)",3
"(10, 37, 38)",3
"(10, 37, 39)",3
"(10, 39, 41)",3
"(10, 39, 44)",3
"(11, 12, 25)",3
"(11, 12, 28)",3
"(11, 12, 35)",3
"(11, 12, 42)",3
"(11, 13, 23)",3
"(11, 13, 28)",3
"(11, 13, 30)",3
"(11, 13, 32)",3
"(11, 13, 33)",3
"(11, 13, 44)",3
"(11, 14, 18)",3
"(11, 14, 41)",3
"(11, 15, 17)",3
"(11, 15, 31)",3
"(11, 15, 34)",3
"(11, 15, 40)",3
"(11, 15, 41)",3
"(11, 15, 42)",3
"(11, 16, 30)",3
"(11, 16, 33)",3
"(11, 17, 41)",3
"(11, 18, 30)",3
"(11, 18, 45)",3
"(11, 19, 31)",3
"(11, 19, 36)",3
"(11, 19, 39)",3
"(11, 19, 42)",3
"(11, 20, 26)",3
"(11, 20, 28)",3
"(11, 20, 33)",3
"(11, 21, 30)",3
"(11, 21, 41)",3
"(11, 21, 45)",3
"(11, 22, 37)",3
"(11, 22, 44)",3
"(11, 23, 26)",3
"(11, 23, 32)",3
"(11, 24, 31)",3
"(11, 25, 26)",3
"(11, 25, 27)",3
"(11, 25, 29)",3
"(11, 25, 42)",3
"(11, 26, 27)",3
"(11, 26, 34)",3
"(11, 26, 41)",3
"(11, 26, 44)",3
"(11, 27, 30)",3
"(11, 27, 31)",3
"(11, 28, 36)",3
"(11, 28, 42)",3
"(11, 30, 44)",3
"(11, 32, 40)",3
"(11, 32, 44)",3
"(11, 33, 42)",3
"(11, 33, 43)",3
"(11, 35, 39)",3
"(11, 35, 41)",3
"(11, 35, 43)",3
"(11, 35, 44)",3
"(11, 36, 39)",3
"(11, 38, 43)",3
"(11, 40, 41)",3
"(11, 42, 45)",3
"(11, 43, 45)",3
"(12, 13, 17)",3
"(12, 13, 18)",3
"(12, 13, 26)",3
"(12, 13, 33)",3
"(12, 13, 36)",3
"(12, 13, 38)",3
"(12, 13, 41)",3
"(12, 13, 44)",3
"(12, 14, 17)",3
"(12, 14, 21)",3
"(12, 14, 23)",3
"(12, 14, 29)",3
"(12, 14, 38)",3
"(12, 14, 41)",3
"(12, 14, 45)",3
"(12, 15, 20)",3
"(12, 15, 30)",3
"(12, 15, 32)",3
"(12, 15, 40)",3
"(12, 15, 42)",3
"(12, 16, 23)",3
"(12, 16, 31)",3
"(12, 16, 34)",3
"(12, 16, 36)",3
"(12, 16, 37)",3
"(12, 16, 43)",3
"(12, 16, 45)",3
"(12, 17, 32)",3
"(12, 17, 42)",3
"(12, 17, 43)",3
"(12, 17, 44)",3
"(12, 18, 22)",3
"(12, 18, 30)",3
"(12, 19, 20)",3
"(12, 19, 23)",3
"(12, 19, 27)",3
"(12, 19, 42)",3
"(12, 19, 43)",3
"(12, 20, 24)",3
"(12, 20, 25)",3
"(12, 20, 28)",3
"(12, 20, 29)",3
"(12, 20, 34)",3
"(12, 20, 42)",3
"(12, 21, 30)",3
"(12, 21, 31)",3
"(12, 21, 34)",3
"(12, 21, 36)",3
"(12, 22, 27)",3
"(12, 22, 30)",3
"(12, 22, 36)",3
"(12, 23, 30)",3
"(12, 24, 25)",3
"(12, 24, 28)",3
"(12, 24, 29)",3
"(12, 24, 39)",3
"(12, 24, 44)",3
"(12, 25, 30)",3
"(12, 25, 32)",3
"(12, 25, 37)",3
"(12, 25, 38)",3
"(12, 25, 42)",3
"(12, 27, 39)",3
"(12, 27, 40)",3
"(12, 27, 43)",3
"(12, 28, 38)",3
"(12, 29, 30)",3
"(12, 29, 32)",3
"(12, 29, 43)",3
"(12, 29, 45)",3
"(12, 30, 31)",3
"(12, 30, 33)",3
"(12, 30, 41)",3
"(12, 31, 34)",3
"(12, 31, 40)",3
"(12, 32, 37)",3
"(12, 33, 35)",3
"(12, 33, 36)",3
"(12, 34, 40)",3
"(12, 34, 43)",3
"(12, 35, 45)",3
"(12, 36, 38)",3
"(12, 37, 43)",3
"(12, 38, 41)",3
"(12, 38, 42)",3
"(12, 39, 40)",3
"(12, 39, 41)",3
"(12, 40, 44)",3
"(12, 42, 45)",3
"(13, 14, 21)",3
"(13, 14, 34)",3
"(13, 14, 36)",3
"(13, 14, 42)",3
"(13, 15, 16)",3
"(13, 15, 17)",3
"(13, 15, 35)",3
"(13, 15, 37)",3
"(13, 15, 45)",3
"(13, 16, 26)",3
"(13, 16, 29)",3
"(13, 16, 30)",3
"(13, 16, 39)",3
"(13, 16, 40)",3
"(13, 17, 19)",3
"(13, 17, 20)",3
"(13, 17, 22)",3
"(13, 17, 36)",3
"(13, 18, 34)",3
"(13, 18, 37)",3
"(13, 18, 41)",3
"(13, 18, 43)",3
"(13, 19, 23)",3
"(13, 19, 26)",3
"(13, 19, 40)",3
"(13, 19, 41)",3
"(13, 20, 21)",3
"(13, 20, 26)",3
"(13, 20, 33)",3
"(13, 20, 39)",3
"(13, 20, 41)",3
"(13, 21, 38)",3
"(13, 21, 41)",3
"(13, 22, 33)",3
"(13, 22, 41)",3
"(13, 23, 30)",3
"(13, 23, 39)",3
"(13, 24, 41)",3
"(13, 25, 30)",3
"(13, 25, 43)",3
"(13, 26, 27)",3
"(13, 26, 28)",3
"(13, 26, 31)",3
"(13, 26, 32)",3
"(13, 26, 35)",3
"(13, 27, 32)",3
"(13, 27, 34)",3
"(13, 27, 36)",3
"(13, 27, 42)",3
"(13, 28, 31)",3
"(13, 28, 33)",3
"(13, 29, 30)",3
"(13, 29, 40)",3
"(13, 29, 43)",3
"(13, 29, 45)",3
"(13, 30, 35)",3
"(13, 30, 37)",3
"(13, 30, 40)",3
"(13, 30, 44)",3
"(13, 31, 33)",3
"(13, 31, 37)",3
"(13, 31, 39)",3
"(13, 31, 41)",3
"(13, 32, 41)",3
"(13, 33, 36)",3
"(13, 33, 39)",3
"(13, 33, 42)",3
"(13, 33, 43)",3
"(13, 34, 36)",3
"(13, 34, 37)",3
"(13, 35, 37)",3
"(13, 35, 41)",3
"(13, 37, 44)",3
"(13, 39, 41)",3
"(13, 40, 45)",3
"(13, 41, 42)",3
"(14, 15, 19)",3
"(14, 15, 22)",3
"(14, 15, 29)",3
"(14, 15, 32)",3
"(14, 15, 33)",3
"(14, 15, 35)",3
"(14, 15, 36)",3
"(14, 15, 44)",3
"(14, 16, 29)",3
"(14, 17, 19)",3
"(14, 17, 32)",3
"(14, 17, 38)",3
"(14, 18, 19)",3
"(14, 18, 22)",3
"(14, 18, 24)",3
"(14, 18, 37)",3
"(14, 19, 20)",3
"(14, 19, 24)",3
"(14, 19, 33)",3
"(14, 19, 36)",3
"(14, 19, 39)",3
"(14, 19, 45)",3
"(14, 20, 22)",3
"(14, 21, 24)",3
"(14, 21, 29)",3
"(14, 21, 38)",3
"(14, 21, 43)",3
"(14, 22, 25)",3
"(14, 22, 28)",3
"(14, 22, 29)",3
"(14, 22, 37)",3
"(14, 22, 39)",3
"(14, 22, 40)",3
"(14, 22, 42)",3
"(14, 22, 43)",3
"(14, 23, 26)",3
"(14, 23, 29)",3
"(14, 23, 34)",3
"(14, 23, 42)",3
"(14, 23, 43)",3
"(14, 23, 44)",3
"(14, 23, 45)",3
"(14, 24, 28)",3
"(14, 24, 37)",3
"(14, 24, 39)",3
"(14, 24, 41)",3
"(14, 24, 44)",3
"(14, 25, 42)",3
"(14, 26, 36)",3
"(14, 26, 42)",3
"(14, 27, 41)",3
"(14, 28, 29)",3
"(14, 28, 30)",3
"(14, 28, 35)",3
"(14, 28, 45)",3
"(14, 29, 33)",3
"(14, 29, 42)",3
"(14, 30, 32)",3
"(14, 30, 40)",3
"(14, 31, 36)",3
"(14, 31, 38)",3
"(14, 31, 39)",3
"(14, 31, 45)",3
"(14, 32, 37)",3
"(14, 32, 39)",3
"(14, 33, 36)",3
"(14, 33, 43)",3
"(14, 34, 42)",3
"(14, 35, 38)",3
"(14, 35, 44)",3
"(14, 38, 40)",3
"(14, 40, 41)",3
"(14, 42, 44)",3
"(15, 16, 20)",3
"(15, 16, 23)",3
"(15, 16, 28)",3
"(15, 16, 30)",3
"(15, 16, 42)",3
"(15, 16, 45)",3
"(15, 17, 26)",3
"(15, 17, 28)",3
"(15, 17, 32)",3
"(15, 17, 34)",3
"(15, 17, 36)",3
"(15, 17, 37)",3
"(15, 17, 42)",3
"(15, 18, 25)",3
"(15, 18, 28)",3
"(15, 18, 35)",3
"(15, 18, 41)",3
"(15, 19, 21)",3
"(15, 19, 31)",3
"(15, 19, 33)",3
"(15, 19, 37)",3
"(15, 19, 38)",3
"(15, 19, 41)",3
"(15, 19, 43)",3
"(15, 19, 44)",3
"(15, 19, 45)",3
"(15, 20, 22)",3
"(15, 20, 31)",3
"(15, 20, 37)",3
"(15, 20, 45)",3
"(15, 21, 22)",3
"(15, 21, 23)",3
"(15, 21, 26)",3
"(15, 21, 31)",3
"(15, 21, 43)",3
"(15, 22, 25)",3
"(15, 22, 44)",3
"(15, 23, 30)",3
"(15, 23, 34)",3
"(15, 23, 43)",3
"(15, 23, 44)",3
"(15, 24, 33)",3
"(15, 25, 33)",3
"(15, 26, 27)",3
"(15, 26, 45)",3
"(15, 27, 31)",3
"(15, 27, 33)",3
"(15, 27, 35)",3
"(15, 27, 37)",3
"(15, 27, 44)",3
"(15, 27, 45)",3
"(15, 28, 35)",3
"(15, 30, 33)",3
"(15, 30, 35)",3
"(15, 30, 39)",3
"(15, 30, 41)",3
"(15, 31, 37)",3
"(15, 32, 37)",3
"(15, 34, 36)",3
"(15, 34, 42)",3
"(15, 34, 45)",3
"(15, 35, 38)",3
"(15, 35, 40)",3
"(15, 35, 41)",3
"(15, 37, 41)",3
"(15, 37, 44)",3
"(15, 38, 43)",3
"(15, 40, 42)",3
"(15, 40, 45)",3
"(15, 41, 42)",3
"(16, 17, 21)",3
"(16, 17, 41)",3
"(16, 19, 21)",3
"(16, 19, 29)",3
"(16, 19, 33)",3
"(16, 19, 37)",3
"(16, 19, 41)",3
"(16, 20, 22)",3
"(16, 20, 23)",3
"(16, 20, 28)",3
"(16, 20, 29)",3
"(16, 20, 36)",3
"(16, 20, 45)",3
"(16, 21, 28)",3
"(16, 21, 30)",3
"(16, 21, 32)",3
"(16, 21, 38)",3
"(16, 21, 39)",3
"(16, 21, 40)",3
"(16, 23, 28)",3
"(16, 23, 31)",3
"(16, 23, 32)",3
"(16, 23, 36)",3
"(16, 25, 32)",3
"(16, 26, 34)",3
"(16, 26, 37)",3
"(16, 27, 28)",3
"(16, 27, 34)",3
"(16, 27, 42)",3
"(16, 27, 45)",3
"(16, 28, 30)",3
"(16, 28, 31)",3
"(16, 28, 36)",3
"(16, 28, 38)",3
"(16, 29, 32)",3
"(16, 29, 42)",3
"(16, 30, 36)",3
"(16, 30, 40)",3
"(16, 31, 32)",3
"(16, 31, 42)",3
"(16, 32, 36)",3
"(16, 32, 42)",3
"(16, 33, 35)",3
"(16, 33, 43)",3
"(16, 34, 43)",3
"(16, 34, 44)",3
"(16, 37, 42)",3
"(16, 38, 40)",3
"(16, 39, 41)",3
"(16, 40, 44)",3
"(16, 41, 43)",3
"(17, 18, 19)",3
"(17, 18, 26)",3
"(17, 18, 27)",3
"(17, 18, 32)",3
"(17, 18, 38)",3
"(17, 18, 43)",3
"(17, 19, 21)",3
"(17, 19, 25)",3
"(17, 19, 28)",3
"(17, 19, 29)",3
"(17, 19, 43)",3
"(17, 19, 44)",3
"(17, 20, 29)",3
"(17, 20, 37)",3
"(17, 21, 24)",3
"(17, 21, 26)",3
"(17, 21, 31)",3
"(17, 21, 36)",3
"(17, 21, 38)",3
"(17, 21, 39)",3
"(17, 22, 34)",3
"(17, 22, 40)",3
"(17, 22, 45)",3
"(17, 23, 34)",3
"(17, 23, 38)",3
"(17, 24, 29)",3
"(17, 24, 32)",3
"(17, 25, 28)",3
"(17, 25, 37)",3
"(17, 26, 42)",3
"(17, 27, 30)",3
"(17, 28, 29)",3
"(17, 28, 32)",3
"(17, 28, 38)",3
"(17, 28, 42)",3
"(17, 28, 43)",3
"(17, 28, 44)",3
"(17, 28, 45)",3
"(17, 30, 34)",3
"(17, 30, 42)",3
"(17, 31, 35)",3
"(17, 31, 36)",3
"(17, 31, 39)",3
"(17, 31, 40)",3
"(17, 31, 44)",3
"(17, 32, 34)",3
"(17, 32, 38)",3
"(17, 32, 40)",3
"(17, 33, 38)",3
"(17, 34, 37)",3
"(17, 34, 40)",3
"(17, 35, 38)",3
"(17, 36, 39)",3
"(17, 37, 42)",3
"(17, 38, 39)",3
"(17, 39, 41)",3
"(17, 41, 44)",3
"(17, 42, 43)",3
"(17, 42, 44)",3
"(17, 43, 44)",3
"(18, 19, 28)",3
"(18, 20, 36)",3
"(18, 20, 37)",3
"(18, 20, 39)",3
"(18, 20, 43)",3
"(18, 21, 24)",3
"(18, 22, 24)",3
"(18, 22, 33)",3
"(18, 22, 36)",3
"(18, 22, 38)",3
"(18, 22, 40)",3
"(18, 23, 24)",3
"(18, 24, 28)",3
"(18, 24, 32)",3
"(18, 24, 34)",3
"(18, 24, 37)",3
"(18, 24, 38)",3
"(18, 25, 28)",3
"(18, 25, 34)",3
"(18, 25, 37)",3
"(18, 25, 38)",3
"(18, 25, 44)",3
"(18, 25, 45)",3
"(18, 26, 31)",3
"(18, 26, 37)",3
"(18, 26, 42)",3
"(18, 27, 30)",3
"(18, 28, 34)",3
"(18, 28, 36)",3
"(18, 28, 41)",3
"(18, 29, 38)",3
"(18, 29, 41)",3
"(18, 30, 33)",3
"(18, 30, 36)",3
"(18, 31, 34)",3
"(18, 31, 41)",3
"(18, 31, 42)",3
"(18, 31, 44)",3
"(18, 32, 44)",3
"(18, 34, 36)",3
"(18, 35, 41)",3
"(18, 37, 43)",3
"(18, 39, 42)",3
"(19, 20, 25)",3
"(19, 20, 39)",3
"(19, 20, 40)",3
"(19, 21, 22)",3
"(19, 21, 31)",3
"(19, 21, 32)",3
"(19, 21, 36)",3
"(19, 21, 38)",3
"(19, 22, 39)",3
"(19, 22, 42)",3
"(19, 22, 44)",3
"(19, 22, 45)",3
"(19, 23, 25)",3
"(19, 23, 28)",3
"(19, 23, 30)",3
"(19, 23, 31)",3
"(19, 23, 40)",3
"(19, 23, 43)",3
"(19, 24, 26)",3
"(19, 24, 27)",3
"(19, 24, 32)",3
"(19, 24, 34)",3
"(19, 24, 35)",3
"(19, 24, 36)",3
"(19, 24, 37)",3
"(19, 24, 42)",3
"(19, 24, 43)",3
"(19, 25, 26)",3
"(19, 25, 33)",3
"(19, 25, 45)",3
"(19, 26, 27)",3
"(19, 26, 33)",3
"(19, 26, 45)",3
"(19, 27, 31)",3
"(19, 28, 30)",3
"(19, 28, 37)",3
"(19, 28, 42)",3
"(19, 29, 31)",3
"(19, 29, 40)",3
"(19, 30, 31)",3
"(19, 30, 43)",3
"(19, 31, 37)",3
"(19, 31, 41)",3
"(19, 31, 44)",3
"(19, 32, 41)",3
"(19, 33, 36)",3
"(19, 33, 40)",3
"(19, 33, 41)",3
"(19, 34, 45)",3
"(19, 35, 37)",3
"(19, 35, 39)",3
"(19, 37, 43)",3
"(19, 37, 45)",3
"(19, 38, 43)",3
"(19, 39, 41)",3
"(19, 39, 42)",3
"(19, 39, 43)",3
"(19, 40, 45)",3
"(19, 41, 42)",3
"(20, 21, 43)",3
"(20, 22, 30)",3
"(20, 22, 45)",3
"(20, 23, 24)",3
"(20, 23, 25)",3
"(20, 23, 29)",3
"(20, 23, 42)",3
"(20, 24, 31)",3
"(20, 24, 39)",3
"(20, 24, 41)",3
"(20, 25, 28)",3
"(20, 25, 43)",3
"(20, 26, 33)",3
"(20, 26, 36)",3
"(20, 27, 31)",3
"(20, 27, 33)",3
"(20, 27, 36)",3
"(20, 27, 40)",3
"(20, 28, 32)",3
"(20, 28, 33)",3
"(20, 28, 35)",3
"(20, 28, 36)",3
"(20, 28, 43)",3
"(20, 29, 44)",3
"(20, 30, 33)",3
"(20, 30, 38)",3
"(20, 31, 33)",3
"(20, 31, 36)",3
"(20, 31, 37)",3
"(20, 32, 37)",3
"(20, 33, 37)",3
"(20, 33, 43)",3
"(20, 34, 40)",3
"(20, 34, 44)",3
"(20, 35, 45)",3
"(20, 39, 40)",3
"(20, 41, 42)",3
"(20, 42, 45)",3
"(20, 43, 45)",3
"(21, 23, 26)",3
"(21, 23, 28)",3
"(21, 23, 29)",3
"(21, 23, 30)",3
"(21, 23, 37)",3
"(21, 23, 44)",3
"(21, 24, 29)",3
"(21, 24, 32)",3
"(21, 26, 34)",3
"(21, 26, 41)",3
"(21, 26, 44)",3
"(21, 27, 28)",3
"(21, 27, 45)",3
"(21, 28, 36)",3
"(21, 29, 39)",3
"(21, 29, 44)",3
"(21, 30, 41)",3
"(21, 31, 42)",3
"(21, 32, 34)",3
"(21, 32, 37)",3
"(21, 32, 39)",3
"(21, 33, 36)",3
"(21, 33, 39)",3
"(21, 33, 40)",3
"(21, 33, 43)",3
"(21, 33, 45)",3
"(21, 34, 44)",3
"(21, 34, 45)",3
"(21, 35, 37)",3
"(21, 35, 42)",3
"(21, 37, 43)",3
"(21, 38, 40)",3
"(21, 38, 42)",3
"(21, 38, 43)",3
"(21, 39, 42)",3
"(21, 39, 43)",3
"(21, 39, 45)",3
"(21, 40, 43)",3
"(22, 23, 31)",3
"(22, 23, 42)",3
"(22, 23, 44)",3
"(22, 24, 27)",3
"(22, 24, 29)",3
"(22, 24, 31)",3
"(22, 24, 34)",3
"(22, 24, 43)",3
"(22, 24, 44)",3
"(22, 24, 45)",3
"(22, 25, 26)",3
"(22, 25, 27)",3
"(22, 25, 29)",3
"(22, 25, 32)",3
"(22, 25, 34)",3
"(22, 25, 43)",3
"(22, 25, 44)",3
"(22, 26, 31)",3
"(22, 26, 34)",3
"(22, 26, 44)",3
"(22, 27, 29)",3
"(22, 27, 39)",3
"(22, 28, 35)",3
"(22, 29, 33)",3
"(22, 29, 44)",3
"(22, 30, 32)",3
"(22, 30, 35)",3
"(22, 30, 37)",3
"(22, 31, 35)",3
"(22, 32, 37)",3
"(22, 32, 40)",3
"(22, 32, 42)",3
"(22, 32, 43)",3
"(22, 32, 44)",3
"(22, 32, 45)",3
"(22, 35, 41)",3
"(22, 35, 44)",3
"(22, 35, 45)",3
"(22, 37, 42)",3
"(22, 39, 42)",3
"(22, 39, 45)",3
"(22, 40, 41)",3
"(22, 40, 44)",3
"(22, 40, 45)",3
"(23, 24, 34)",3
"(23, 25, 31)",3
"(23, 25, 37)",3
"(23, 26, 29)",3
"(23, 26, 30)",3
"(23, 26, 38)",3
"(23, 26, 41)",3
"(23, 28, 31)",3
"(23, 28, 35)",3
"(23, 28, 38)",3
"(23, 28, 43)",3
"(23, 28, 45)",3
"(23, 29, 31)",3
"(23, 29, 32)",3
"(23, 30, 31)",3
"(23, 30, 37)",3
"(23, 31, 34)",3
"(23, 31, 38)",3
"(23, 32, 41)",3
"(23, 33, 36)",3
"(23, 33, 43)",3
"(23, 34, 37)",3
"(23, 36, 41)",3
"(23, 38, 44)",3
"(23, 42, 44)",3
"(23, 43, 44)",3
"(23, 43, 45)",3
"(24, 25, 32)",3
"(24, 25, 34)",3
"(24, 25, 36)",3
"(24, 25, 38)",3
"(24, 25, 42)",3
"(24, 25, 44)",3
"(24, 26, 27)",3
"(24, 26, 29)",3
"(24, 26, 30)",3
"(24, 26, 31)",3
"(24, 27, 28)",3
"(24, 28, 31)",3
"(24, 28, 37)",3
"(24, 28, 42)",3
"(24, 29, 35)",3
"(24, 29, 37)",3
"(24, 29, 42)",3
"(24, 29, 44)",3
"(24, 30, 31)",3
"(24, 30, 33)",3
"(24, 30, 42)",3
"(24, 30, 43)",3
"(24, 31, 34)",3
"(24, 31, 38)",3
"(24, 31, 44)",3
"(24, 32, 34)",3
"(24, 33, 37)",3
"(24, 33, 43)",3
"(24, 35, 38)",3
"(24, 35, 40)",3
"(24, 35, 42)",3
"(24, 37, 44)",3
"(24, 38, 44)",3
"(24, 39, 41)",3
"(24, 40, 42)",3
"(25, 26, 31)",3
"(25, 26, 34)",3
"(25, 26, 35)",3
"(25, 26, 44)",3
"(25, 27, 29)",3
"(25, 27, 30)",3
"(25, 27, 36)",3
"(25, 27, 37)",3
"(25, 28, 31)",3
"(25, 28, 32)",3
"(25, 28, 35)",3
"(25, 28, 37)",3
"(25, 29, 30)",3
"(25, 29, 32)",3
"(25, 29, 34)",3
"(25, 29, 43)",3
"(25, 30, 31)",3
"(25, 31, 32)",3
"(25, 31, 33)",3
"(25, 31, 36)",3
"(25, 32, 37)",3
"(25, 32, 41)",3
"(25, 32, 42)",3
"(25, 33, 38)",3
"(25, 35, 36)",3
"(25, 35, 41)",3
"(25, 36, 37)",3
"(25, 36, 43)",3
"(25, 37, 45)",3
"(25, 38, 43)",3
"(25, 40, 42)",3
"(25, 40, 45)",3
"(25, 42, 43)",3
"(25, 42, 44)",3
"(25, 43, 44)",3
"(25, 44, 45)",3
"(26, 27, 31)",3
"(26, 27, 39)",3
"(26, 27, 40)",3
"(26, 27, 44)",3
"(26, 28, 37)",3
"(26, 28, 38)",3
"(26, 28, 45)",3
"(26, 29, 37)",3
"(26, 30, 39)",3
"(26, 32, 36)",3
"(26, 32, 41)",3
"(26, 33, 35)",3
"(26, 34, 37)",3
"(26, 34, 42)",3
"(26, 34, 44)",3
"(26, 34, 45)",3
"(26, 35, 36)",3
"(26, 35, 41)",3
"(26, 35, 43)",3
"(26, 35, 44)",3
"(26, 36, 42)",3
"(26, 37, 44)",3
"(26, 38, 42)",3
"(26, 38, 44)",3
"(26, 40, 42)",3
"(27, 28, 30)",3
"(27, 28, 44)",3
"(27, 30, 32)",3
"(27, 31, 44)",3
"(27, 32, 37)",3
"(27, 33, 40)",3
"(27, 34, 35)",3
"(27, 34, 41)",3
"(27, 34, 43)",3
"(27, 36, 40)",3
"(27, 36, 44)",3
"(27, 37, 40)",3
"(27, 37, 43)",3
"(27, 38, 40)",3
"(27, 39, 44)",3
"(27, 40, 43)",3
"(27, 42, 45)",3
"(28, 29, 35)",3
"(28, 29, 36)",3
"(28, 29, 41)",3
"(28, 30, 33)",3
"(28, 32, 34)",3
"(28, 32, 35)",3
"(28, 32, 38)",3
"(28, 33, 36)",3
"(28, 34, 43)",3
"(28, 35, 38)",3
"(28, 36, 41)",3
"(28, 37, 41)",3
"(28, 38, 39)",3
"(28, 38, 42)",3
"(28, 38, 43)",3
"(28, 40, 45)",3
"(28, 41, 43)",3
"(28, 43, 44)",3
"(28, 43, 45)",3
"(29, 30, 36)",3
"(29, 30, 43)",3
"(29, 30, 44)",3
"(29, 31, 36)",3
"(29, 32, 33)",3
"(29, 32, 38)",3
"(29, 34, 35)",3
"(29, 34, 38)",3
"(29, 35, 44)",3
"(29, 36, 38)",3
"(29, 37, 38)",3
"(29, 38, 39)",3
"(29, 38, 44)",3
"(29, 40, 45)",3
"(29, 41, 42)",3
"(29, 42, 43)",3
"(30, 31, 33)",3
"(30, 31, 37)",3
"(30, 31, 42)",3
"(30, 31, 43)",3
"(30, 31, 44)",3
"(30, 32, 35)",3
"(30, 32, 36)",3
"(30, 32, 41)",3
"(30, 35, 38)",3
"(30, 35, 41)",3
"(30, 35, 45)",3
"(30, 36, 39)",3
"(30, 39, 44)",3
"(30, 41, 42)",3
"(30, 41, 44)",3
"(31, 32, 37)",3
"(31, 33, 35)",3
"(31, 33, 40)",3
"(31, 33, 41)",3
"(31, 34, 37)",3
"(31, 34, 38)",3
"(31, 34, 42)",3
"(31, 34, 44)",3
"(31, 36, 38)",3
"(31, 36, 42)",3
"(31, 36, 43)",3
"(31, 37, 38)",3
"(31, 37, 43)",3
"(31, 40, 41)",3
"(31, 40, 44)",3
"(31, 41, 44)",3
"(31, 43, 45)",3
"(32, 34, 37)",3
"(32, 34, 43)",3
"(32, 35, 43)",3
"(32, 36, 43)",3
"(32, 37, 39)",3
"(32, 37, 40)",3
"(32, 37, 45)",3
"(32, 38, 42)",3
"(32, 38, 45)",3
"(32, 39, 41)",3
"(32, 41, 42)",3
"(33, 34, 38)",3
"(33, 34, 41)",3
"(33, 34, 44)",3
"(33, 35, 36)",3
"(33, 35, 37)",3
"(33, 35, 38)",3
"(33, 35, 39)",3
"(33, 35, 40)",3
"(33, 35, 43)",3
"(33, 37, 41)",3
"(33, 37, 42)",3
"(33, 38, 39)",3
"(33, 39, 41)",3
"(33, 39, 42)",3
"(33, 39, 43)",3
"(33, 40, 41)",3
"(33, 40, 42)",3
"(33, 41, 42)",3
"(33, 41, 44)",3
"(33, 43, 44)",3
"(34, 36, 43)",3
"(34, 37, 41)",3
"(34, 37, 45)",3
"(34, 38, 42)",3
"(34, 38, 43)",3
"(34, 38, 45)",3
"(34, 39, 42)",3
"(34, 39, 45)",3
"(34, 40, 45)",3
"(34, 42, 44)",3
"(34, 43, 45)",3
"(35, 36, 39)",3
"(35, 36, 40)",3
"(35, 36, 41)",3
"(35, 36, 45)",3
"(35, 37, 39)",3
"(35, 38, 43)",3
"(35, 39, 43)",3
"(35, 39, 45)",3
"(35, 43, 44)",3
"(36, 37, 42)",3
"(36, 42, 43)",3
"(37, 39, 41)",3
"(37, 39, 44)",3
"(37, 39, 45)",3
"(37, 40, 45)",3
"(37, 41, 44)",3
"(38, 39, 40)",3
"(38, 40, 43)",3
"(39, 42, 43)",3
"(39, 42, 45)",3
"(41, 42, 44)",3
"(1, 2, 10)",2
"(1, 2, 12)",2
"(1, 2, 13)",2
"(1, 2, 27)",2
"(1, 2, 28)",2
"(1, 2, 29)",2
"(1, 2, 39)",2
"(1, 2, 42)",2
"(1, 2, 44)",2
"(1, 3, 4)",2
"(1, 3, 5)",2
"(1, 3, 7)",2
"(1, 3, 13)",2
"(1, 3, 19)",2
"(1, 3, 22)",2
"(1, 3, 29)",2
"(1, 3, 33)",2
"(1, 3, 34)",2
"(1, 3, 37)",2
"(1, 3, 41)",2
"(1, 4, 11)",2
"(1, 4, 21)",2
"(1, 4, 22)",2
"(1, 4, 23)",2
"(1, 4, 39)",2
"(1, 5, 7)",2
"(1, 5, 12)",2
"(1, 5, 16)",2
"(1, 5, 18)",2
"(1, 5, 27)",2
"(1, 5, 31)",2
"(1, 5, 36)",2
"(1, 5, 42)",2
"(1, 5, 44)",2
"(1, 6, 14)",2
"(1, 6, 16)",2
"(1, 6, 24)",2
"(1, 6, 29)",2
"(1, 6, 32)",2
"(1, 6, 35)",2
"(1, 6, 37)",2
"(1, 6, 42)",2
"(1, 6, 43)",2
"(1, 6, 45)",2
"(1, 7, 8)",2
"(1, 7, 19)",2
"(1, 7, 22)",2
"(1, 7, 24)",2
"(1, 7, 25)",2
"(1, 7, 29)",2
"(1, 7, 30)",2
"(1, 7, 32)",2
"(1, 7, 34)",2
"(1, 7, 38)",2
"(1, 7, 43)",2
"(1, 7, 45)",2
"(1, 8, 12)",2
"(1, 8, 13)",2
"(1, 8, 20)",2
"(1, 8, 27)",2
"(1, 8, 30)",2
"(1, 8, 31)",2
"(1, 8, 44)",2
"(1, 9, 12)",2
"(1, 9, 22)",2
"(1, 9, 27)",2
"(1, 9, 28)",2
"(1, 9, 29)",2
"(1, 9, 32)",2
"(1, 9, 37)",2
"(1, 10, 11)",2
"(1, 10, 16)",2
"(1, 10, 18)",2
"(1, 10, 19)",2
"(1, 10, 25)",2
"(1, 10, 28)",2
"(1, 10, 29)",2
"(1, 10, 32)",2
"(1, 10, 33)",2
"(1, 10, 35)",2
"(1, 11, 12)",2
"(1, 11, 18)",2
"(1, 11, 25)",2
"(1, 11, 31)",2
"(1, 11, 36)",2
"(1, 11, 43)",2
"(1, 11, 44)",2
"(1, 12, 16)",2
"(1, 12, 20)",2
"(1, 12, 23)",2
"(1, 12, 38)",2
"(1, 12, 39)",2
"(1, 13, 18)",2
"(1, 13, 22)",2
"(1, 13, 27)",2
"(1, 13, 28)",2
"(1, 13, 30)",2
"(1, 13, 42)",2
"(1, 13, 43)",2
"(1, 13, 44)",2
"(1, 14, 18)",2
"(1, 14, 20)",2
"(1, 14, 24)",2
"(1, 14, 31)",2
"(1, 15, 16)",2
"(1, 15, 19)",2
"(1, 15, 32)",2
"(1, 15, 34)",2
"(1, 15, 40)",2
"(1, 15, 42)",2
"(1, 16, 17)",2
"(1, 16, 18)",2
"(1, 16, 21)",2
"(1, 16, 26)",2
"(1, 16, 28)",2
"(1, 16, 32)",2
"(1, 16, 34)",2
"(1, 16, 37)",2
"(1, 16, 41)",2
"(1, 17, 21)",2
"(1, 17, 26)",2
"(1, 17, 30)",2
"(1, 17, 33)",2
"(1, 17, 45)",2
"(1, 18, 28)",2
"(1, 18, 31)",2
"(1, 18, 32)",2
"(1, 18, 33)",2
"(1, 18, 34)",2
"(1, 18, 35)",2
"(1, 18, 38)",2
"(1, 18, 44)",2
"(1, 19, 21)",2
"(1, 19, 22)",2
"(1, 19, 23)",2
"(1, 19, 24)",2
"(1, 19, 28)",2
"(1, 19, 29)",2
"(1, 19, 36)",2
"(1, 19, 37)",2
"(1, 19, 41)",2
"(1, 19, 42)",2
"(1, 19, 44)",2
"(1, 20, 39)",2
"(1, 21, 35)",2
"(1, 21, 36)",2
"(1, 21, 40)",2
"(1, 21, 44)",2
"(1, 22, 30)",2
"(1, 22, 31)",2
"(1, 22, 32)",2
"(1, 22, 41)",2
"(1, 23, 25)",2
"(1, 23, 28)",2
"(1, 23, 29)",2
"(1, 23, 31)",2
"(1, 23, 37)",2
"(1, 24, 28)",2
"(1, 24, 29)",2
"(1, 24, 31)",2
"(1, 24, 38)",2
"(1, 24, 45)",2
"(1, 25, 26)",2
"(1, 25, 35)",2
"(1, 25, 39)",2
"(1, 25, 45)",2
"(1, 26, 27)",2
"(1, 26, 29)",2
"(1, 26, 30)",2
"(1, 26, 33)",2
"(1, 26, 34)",2
"(1, 26, 36)",2
"(1, 26, 44)",2
"(1, 27, 36)",2
"(1, 27, 39)",2
"(1, 27, 40)",2
"(1, 28, 31)",2
"(1, 28, 41)",2
"(1, 28, 45)",2
"(1, 29, 34)",2
"(1, 29, 37)",2
"(1, 29, 44)",2
"(1, 30, 40)",2
"(1, 30, 45)",2
"(1, 31, 37)",2
"(1, 31, 43)",2
"(1, 31, 44)",2
"(1, 31, 45)",2
"(1, 32, 36)",2
"(1, 32, 40)",2
"(1, 32, 44)",2
"(1, 33, 34)",2
"(1, 33, 38)",2
"(1, 33, 42)",2
"(1, 33, 43)",2
"(1, 33, 44)",2
"(1, 34, 35)",2
"(1, 34, 36)",2
"(1, 34, 37)",2
"(1, 34, 43)",2
"(1, 34, 45)",2
"(1, 35, 37)",2
"(1, 35, 39)",2
"(1, 35, 43)",2
"(1, 35, 44)",2
"(1, 36, 44)",2
"(1, 36, 45)",2
"(1, 37, 38)",2
"(1, 37, 41)",2
"(1, 37, 42)",2
"(1, 37, 45)",2
"(1, 38, 39)",2
"(1, 39, 41)",2
"(1, 39, 42)",2
"(1, 40, 41)",2
"(1, 40, 44)",2
"(1, 41, 42)",2
"(1, 41, 44)",2
"(1, 42, 45)",2
"(1, 43, 44)",2
"(1, 44, 45)",2
"(2, 3, 4)",2
"(2, 3, 13)",2
"(2, 3, 16)",2
"(2, 3, 18)",2
"(2, 3, 24)",2
"(2, 3, 36)",2
"(2, 3, 41)",2
"(2, 3, 43)",2
"(2, 3, 44)",2
"(2, 4, 5)",2
"(2, 4, 8)",2
"(2, 4, 10)",2
"(2, 4, 19)",2
"(2, 4, 21)",2
"(2, 4, 26)",2
"(2, 4, 43)",2
"(2, 4, 45)",2
"(2, 5, 8)",2
"(2, 5, 10)",2
"(2, 5, 14)",2
"(2, 5, 15)",2
"(2, 5, 16)",2
"(2, 5, 20)",2
"(2, 5, 24)",2
"(2, 5, 25)",2
"(2, 5, 28)",2
"(2, 5, 29)",2
"(2, 5, 31)",2
"(2, 5, 37)",2
"(2, 5, 40)",2
"(2, 5, 42)",2
"(2, 6, 8)",2
"(2, 6, 14)",2
"(2, 6, 18)",2
"(2, 6, 19)",2
"(2, 6, 27)",2
"(2, 6, 37)",2
"(2, 6, 41)",2
"(2, 7, 12)",2
"(2, 7, 13)",2
"(2, 7, 14)",2
"(2, 7, 16)",2
"(2, 7, 17)",2
"(2, 7, 18)",2
"(2, 7, 21)",2
"(2, 7, 22)",2
"(2, 7, 26)",2
"(2, 7, 29)",2
"(2, 8, 15)",2
"(2, 8, 17)",2
"(2, 8, 19)",2
"(2, 8, 20)",2
"(2, 8, 23)",2
"(2, 8, 27)",2
"(2, 8, 36)",2
"(2, 8, 38)",2
"(2, 8, 45)",2
"(2, 9, 10)",2
"(2, 9, 15)",2
"(2, 9, 18)",2
"(2, 9, 19)",2
"(2, 9, 24)",2
"(2, 9, 28)",2
"(2, 9, 30)",2
"(2, 9, 35)",2
"(2, 9, 36)",2
"(2, 9, 38)",2
"(2, 9, 40)",2
"(2, 9, 44)",2
"(2, 10, 16)",2
"(2, 10, 17)",2
"(2, 10, 19)",2
"(2, 10, 23)",2
"(2, 10, 32)",2
"(2, 10, 37)",2
"(2, 10, 38)",2
"(2, 11, 28)",2
"(2, 11, 30)",2
"(2, 11, 32)",2
"(2, 11, 34)",2
"(2, 11, 44)",2
"(2, 12, 18)",2
"(2, 12, 24)",2
"(2, 12, 28)",2
"(2, 12, 34)",2
"(2, 12, 36)",2
"(2, 12, 42)",2
"(2, 12, 43)",2
"(2, 13, 14)",2
"(2, 13, 15)",2
"(2, 13, 16)",2
"(2, 13, 23)",2
"(2, 13, 24)",2
"(2, 13, 32)",2
"(2, 13, 35)",2
"(2, 13, 43)",2
"(2, 14, 21)",2
"(2, 14, 30)",2
"(2, 14, 31)",2
"(2, 14, 34)",2
"(2, 14, 37)",2
"(2, 14, 40)",2
"(2, 14, 42)",2
"(2, 15, 16)",2
"(2, 15, 21)",2
"(2, 15, 22)",2
"(2, 15, 24)",2
"(2, 15, 26)",2
"(2, 15, 27)",2
"(2, 15, 30)",2
"(2, 15, 34)",2
"(2, 15, 38)",2
"(2, 15, 42)",2
"(2, 15, 44)",2
"(2, 15, 45)",2
"(2, 16, 31)",2
"(2, 16, 35)",2
"(2, 16, 36)",2
"(2, 16, 39)",2
"(2, 16, 44)",2
"(2, 16, 45)",2
"(2, 17, 23)",2
"(2, 17, 24)",2
"(2, 17, 38)",2
"(2, 18, 20)",2
"(2, 18, 21)",2
"(2, 18, 24)",2
"(2, 18, 25)",2
"(2, 18, 34)",2
"(2, 18, 37)",2
"(2, 18, 39)",2
"(2, 19, 21)",2
"(2, 19, 23)",2
"(2, 19, 24)",2
"(2, 19, 28)",2
"(2, 19, 29)",2
"(2, 19, 35)",2
"(2, 19, 38)",2
"(2, 19, 40)",2
"(2, 19, 41)",2
"(2, 20, 23)",2
"(2, 20, 27)",2
"(2, 20, 28)",2
"(2, 20, 31)",2
"(2, 20, 39)",2
"(2, 21, 22)",2
"(2, 21, 29)",2
"(2, 21, 33)",2
"(2, 21, 45)",2
"(2, 22, 25)",2
"(2, 22, 36)",2
"(2, 22, 42)",2
"(2, 23, 25)",2
"(2, 23, 26)",2
"(2, 23, 32)",2
"(2, 23, 34)",2
"(2, 23, 38)",2
"(2, 23, 40)",2
"(2, 23, 42)",2
"(2, 23, 43)",2
"(2, 23, 44)",2
"(2, 23, 45)",2
"(2, 24, 32)",2
"(2, 24, 39)",2
"(2, 24, 41)",2
"(2, 24, 42)",2
"(2, 25, 28)",2
"(2, 25, 29)",2
"(2, 25, 41)",2
"(2, 25, 42)",2
"(2, 26, 30)",2
"(2, 26, 31)",2
"(2, 26, 32)",2
"(2, 26, 36)",2
"(2, 26, 37)",2
"(2, 26, 38)",2
"(2, 26, 45)",2
"(2, 27, 28)",2
"(2, 27, 29)",2
"(2, 27, 37)",2
"(2, 27, 39)",2
"(2, 28, 31)",2
"(2, 28, 33)",2
"(2, 28, 34)",2
"(2, 28, 38)",2
"(2, 28, 40)",2
"(2, 28, 44)",2
"(2, 29, 30)",2
"(2, 29, 40)",2
"(2, 29, 42)",2
"(2, 29, 43)",2
"(2, 29, 44)",2
"(2, 29, 45)",2
"(2, 30, 33)",2
"(2, 30, 34)",2
"(2, 30, 41)",2
"(2, 30, 43)",2
"(2, 30, 44)",2
"(2, 31, 33)",2
"(2, 31, 34)",2
"(2, 31, 38)",2
"(2, 31, 40)",2
"(2, 31, 44)",2
"(2, 31, 45)",2
"(2, 32, 38)",2
"(2, 32, 41)",2
"(2, 32, 42)",2
"(2, 33, 41)",2
"(2, 34, 45)",2
"(2, 35, 36)",2
"(2, 35, 37)",2
"(2, 35, 39)",2
"(2, 35, 43)",2
"(2, 36, 38)",2
"(2, 36, 43)",2
"(2, 37, 41)",2
"(2, 37, 42)",2
"(2, 37, 43)",2
"(2, 37, 44)",2
"(2, 38, 41)",2
"(2, 38, 45)",2
"(2, 39, 45)",2
"(2, 40, 42)",2
"(2, 40, 43)",2
"(2, 41, 42)",2
"(2, 41, 44)",2
"(2, 43, 45)",2
"(3, 4, 5)",2
"(3, 4, 8)",2
"(3, 4, 9)",2
"(3, 4, 12)",2
"(3, 4, 13)",2
"(3, 4, 15)",2
"(3, 4, 17)",2
"(3, 4, 18)",2
"(3, 4, 25)",2
"(3, 4, 30)",2
"(3, 4, 35)",2
"(3, 4, 37)",2
"(3, 4, 39)",2
"(3, 4, 41)",2
"(3, 5, 8)",2
"(3, 5, 18)",2
"(3, 5, 20)",2
"(3, 5, 21)",2
"(3, 5, 25)",2
"(3, 5, 26)",2
"(3, 5, 29)",2
"(3, 5, 35)",2
"(3, 5, 41)",2
"(3, 5, 44)",2
"(3, 6, 7)",2
"(3, 6, 14)",2
"(3, 6, 15)",2
"(3, 6, 17)",2
"(3, 6, 18)",2
"(3, 6, 20)",2
"(3, 6, 24)",2
"(3, 6, 25)",2
"(3, 6, 27)",2
"(3, 6, 28)",2
"(3, 6, 37)",2
"(3, 6, 39)",2
"(3, 6, 43)",2
"(3, 6, 45)",2
"(3, 7, 12)",2
"(3, 7, 13)",2
"(3, 7, 24)",2
"(3, 7, 35)",2
"(3, 7, 41)",2
"(3, 7, 42)",2
"(3, 7, 43)",2
"(3, 7, 44)",2
"(3, 8, 12)",2
"(3, 8, 18)",2
"(3, 8, 21)",2
"(3, 8, 23)",2
"(3, 8, 33)",2
"(3, 8, 34)",2
"(3, 8, 36)",2
"(3, 8, 39)",2
"(3, 8, 43)",2
"(3, 9, 29)",2
"(3, 9, 32)",2
"(3, 9, 37)",2
"(3, 9, 38)",2
"(3, 9, 40)",2
"(3, 10, 13)",2
"(3, 10, 14)",2
"(3, 10, 21)",2
"(3, 10, 25)",2
"(3, 10, 27)",2
"(3, 10, 28)",2
"(3, 10, 40)",2
"(3, 10, 43)",2
"(3, 11, 12)",2
"(3, 11, 13)",2
"(3, 11, 17)",2
"(3, 11, 19)",2
"(3, 11, 22)",2
"(3, 11, 25)",2
"(3, 11, 27)",2
"(3, 11, 28)",2
"(3, 11, 29)",2
"(3, 11, 31)",2
"(3, 11, 34)",2
"(3, 11, 35)",2
"(3, 11, 37)",2
"(3, 11, 42)",2
"(3, 11, 45)",2
"(3, 12, 13)",2
"(3, 12, 15)",2
"(3, 12, 21)",2
"(3, 12, 25)",2
"(3, 12, 26)",2
"(3, 12, 29)",2
"(3, 12, 31)",2
"(3, 12, 32)",2
"(3, 12, 45)",2
"(3, 13, 14)",2
"(3, 13, 19)",2
"(3, 13, 21)",2
"(3, 13, 22)",2
"(3, 13, 23)",2
"(3, 13, 28)",2
"(3, 13, 32)",2
"(3, 13, 36)",2
"(3, 13, 37)",2
"(3, 13, 38)",2
"(3, 13, 39)",2
"(3, 13, 40)",2
"(3, 13, 45)",2
"(3, 14, 16)",2
"(3, 14, 19)",2
"(3, 14, 24)",2
"(3, 14, 25)",2
"(3, 14, 31)",2
"(3, 14, 33)",2
"(3, 14, 34)",2
"(3, 14, 39)",2
"(3, 14, 42)",2
"(3, 14, 45)",2
"(3, 15, 17)",2
"(3, 15, 19)",2
"(3, 15, 20)",2
"(3, 15, 22)",2
"(3, 15, 26)",2
"(3, 15, 37)",2
"(3, 15, 39)",2
"(3, 15, 42)",2
"(3, 15, 43)",2
"(3, 16, 17)",2
"(3, 16, 19)",2
"(3, 16, 29)",2
"(3, 16, 39)",2
"(3, 16, 41)",2
"(3, 16, 43)",2
"(3, 17, 18)",2
"(3, 17, 23)",2
"(3, 17, 31)",2
"(3, 17, 33)",2
"(3, 17, 38)",2
"(3, 17, 42)",2
"(3, 18, 21)",2
"(3, 18, 25)",2
"(3, 18, 26)",2
"(3, 18, 31)",2
"(3, 18, 37)",2
"(3, 18, 41)",2
"(3, 19, 24)",2
"(3, 19, 35)",2
"(3, 19, 39)",2
"(3, 19, 40)",2
"(3, 19, 44)",2
"(3, 19, 45)",2
"(3, 20, 23)",2
"(3, 20, 26)",2
"(3, 20, 27)",2
"(3, 20, 29)",2
"(3, 20, 31)",2
"(3, 20, 34)",2
"(3, 20, 35)",2
"(3, 20, 40)",2
"(3, 20, 42)",2
"(3, 20, 44)",2
"(3, 20, 45)",2
"(3, 21, 27)",2
"(3, 21, 31)",2
"(3, 21, 36)",2
"(3, 21, 37)",2
"(3, 21, 39)",2
"(3, 21, 41)",2
"(3, 22, 26)",2
"(3, 22, 30)",2
"(3, 22, 31)",2
"(3, 22, 37)",2
"(3, 22, 39)",2
"(3, 22, 44)",2
"(3, 23, 26)",2
"(3, 23, 28)",2
"(3, 23, 36)",2
"(3, 23, 37)",2
"(3, 23, 40)",2
"(3, 23, 41)",2
"(3, 24, 26)",2
"(3, 24, 27)",2
"(3, 24, 29)",2
"(3, 24, 41)",2
"(3, 24, 44)",2
"(3, 25, 31)",2
"(3, 25, 33)",2
"(3, 25, 35)",2
"(3, 25, 36)",2
"(3, 25, 39)",2
"(3, 26, 28)",2
"(3, 26, 34)",2
"(3, 26, 36)",2
"(3, 26, 44)",2
"(3, 27, 31)",2
"(3, 27, 35)",2
"(3, 27, 36)",2
"(3, 27, 37)",2
"(3, 27, 41)",2
"(3, 27, 42)",2
"(3, 27, 43)",2
"(3, 27, 44)",2
"(3, 28, 29)",2
"(3, 28, 31)",2
"(3, 28, 35)",2
"(3, 28, 40)",2
"(3, 28, 43)",2
"(3, 28, 45)",2
"(3, 29, 30)",2
"(3, 29, 32)",2
"(3, 29, 33)",2
"(3, 29, 37)",2
"(3, 29, 40)",2
"(3, 29, 41)",2
"(3, 30, 31)",2
"(3, 30, 36)",2
"(3, 30, 40)",2
"(3, 30, 45)",2
"(3, 31, 35)",2
"(3, 31, 36)",2
"(3, 31, 39)",2
"(3, 31, 41)",2
"(3, 32, 36)",2
"(3, 32, 42)",2
"(3, 33, 42)",2
"(3, 33, 43)",2
"(3, 33, 45)",2
"(3, 34, 42)",2
"(3, 34, 43)",2
"(3, 35, 37)",2
"(3, 35, 40)",2
"(3, 35, 41)",2
"(3, 35, 43)",2
"(3, 37, 38)",2
"(3, 37, 42)",2
"(3, 38, 40)",2
"(3, 38, 43)",2
"(3, 39, 40)",2
"(3, 39, 42)",2
"(3, 39, 45)",2
"(3, 41, 43)",2
"(3, 42, 44)",2
"(3, 43, 45)",2
"(4, 5, 10)",2
"(4, 5, 13)",2
"(4, 5, 17)",2
"(4, 5, 18)",2
"(4, 5, 20)",2
"(4, 5, 28)",2
"(4, 5, 29)",2
"(4, 5, 31)",2
"(4, 5, 34)",2
"(4, 5, 37)",2
"(4, 5, 42)",2
"(4, 5, 45)",2
"(4, 6, 8)",2
"(4, 6, 10)",2
"(4, 6, 20)",2
"(4, 6, 21)",2
"(4, 6, 24)",2
"(4, 6, 27)",2
"(4, 6, 31)",2
"(4, 6, 33)",2
"(4, 6, 35)",2
"(4, 6, 40)",2
"(4, 6, 42)",2
"(4, 7, 9)",2
"(4, 7, 10)",2
"(4, 7, 11)",2
"(4, 7, 12)",2
"(4, 7, 13)",2
"(4, 7, 14)",2
"(4, 7, 16)",2
"(4, 7, 21)",2
"(4, 7, 22)",2
"(4, 7, 24)",2
"(4, 7, 27)",2
"(4, 7, 31)",2
"(4, 7, 32)",2
"(4, 7, 34)",2
"(4, 7, 35)",2
"(4, 7, 37)",2
"(4, 7, 40)",2
"(4, 7, 43)",2
"(4, 7, 44)",2
"(4, 8, 13)",2
"(4, 8, 14)",2
"(4, 8, 15)",2
"(4, 8, 17)",2
"(4, 8, 25)",2
"(4, 8, 32)",2
"(4, 8, 33)",2
"(4, 8, 35)",2
"(4, 8, 36)",2
"(4, 8, 40)",2
"(4, 8, 44)",2
"(4, 9, 18)",2
"(4, 9, 19)",2
"(4, 9, 22)",2
"(4, 9, 27)",2
"(4, 9, 29)",2
"(4, 9, 33)",2
"(4, 9, 34)",2
"(4, 9, 36)",2
"(4, 9, 37)",2
"(4, 10, 12)",2
"(4, 10, 14)",2
"(4, 10, 15)",2
"(4, 10, 19)",2
"(4, 10, 24)",2
"(4, 10, 30)",2
"(4, 10, 32)",2
"(4, 11, 12)",2
"(4, 11, 26)",2
"(4, 11, 28)",2
"(4, 11, 30)",2
"(4, 11, 34)",2
"(4, 11, 37)",2
"(4, 11, 43)",2
"(4, 12, 16)",2
"(4, 12, 17)",2
"(4, 12, 30)",2
"(4, 12, 31)",2
"(4, 12, 37)",2
"(4, 12, 45)",2
"(4, 13, 15)",2
"(4, 13, 17)",2
"(4, 13, 19)",2
"(4, 13, 22)",2
"(4, 13, 28)",2
"(4, 13, 30)",2
"(4, 13, 32)",2
"(4, 13, 37)",2
"(4, 13, 39)",2
"(4, 13, 41)",2
"(4, 13, 43)",2
"(4, 13, 44)",2
"(4, 13, 45)",2
"(4, 14, 18)",2
"(4, 14, 19)",2
"(4, 14, 23)",2
"(4, 14, 28)",2
"(4, 14, 44)",2
"(4, 15, 22)",2
"(4, 15, 32)",2
"(4, 15, 33)",2
"(4, 15, 40)",2
"(4, 16, 17)",2
"(4, 16, 21)",2
"(4, 16, 26)",2
"(4, 16, 32)",2
"(4, 16, 37)",2
"(4, 16, 38)",2
"(4, 16, 43)",2
"(4, 16, 44)",2
"(4, 17, 18)",2
"(4, 17, 20)",2
"(4, 17, 22)",2
"(4, 17, 29)",2
"(4, 17, 30)",2
"(4, 17, 35)",2
"(4, 17, 40)",2
"(4, 17, 41)",2
"(4, 18, 24)",2
"(4, 18, 25)",2
"(4, 18, 28)",2
"(4, 18, 29)",2
"(4, 18, 31)",2
"(4, 18, 36)",2
"(4, 18, 41)",2
"(4, 18, 44)",2
"(4, 18, 45)",2
"(4, 19, 20)",2
"(4, 19, 22)",2
"(4, 19, 24)",2
"(4, 19, 30)",2
"(4, 19, 41)",2
"(4, 19, 42)",2
"(4, 19, 45)",2
"(4, 20, 24)",2
"(4, 20, 26)",2
"(4, 20, 32)",2
"(4, 20, 33)",2
"(4, 20, 34)",2
"(4, 20, 35)",2
"(4, 21, 28)",2
"(4, 21, 32)",2
"(4, 21, 33)",2
"(4, 21, 35)",2
"(4, 21, 39)",2
"(4, 21, 40)",2
"(4, 21, 43)",2
"(4, 22, 23)",2
"(4, 22, 25)",2
"(4, 22, 28)",2
"(4, 22, 30)",2
"(4, 22, 32)",2
"(4, 22, 38)",2
"(4, 22, 43)",2
"(4, 22, 44)",2
"(4, 23, 25)",2
"(4, 23, 41)",2
"(4, 23, 42)",2
"(4, 24, 32)",2
"(4, 24, 37)",2
"(4, 24, 42)",2
"(4, 24, 45)",2
"(4, 25, 26)",2
"(4, 25, 27)",2
"(4, 25, 29)",2
"(4, 25, 30)",2
"(4, 25, 33)",2
"(4, 25, 35)",2
"(4, 25, 41)",2
"(4, 25, 44)",2
"(4, 26, 27)",2
"(4, 26, 32)",2
"(4, 26, 35)",2
"(4, 26, 36)",2
"(4, 26, 39)",2
"(4, 26, 41)",2
"(4, 26, 42)",2
"(4, 26, 45)",2
"(4, 27, 29)",2
"(4, 27, 32)",2
"(4, 27, 38)",2
"(4, 27, 43)",2
"(4, 27, 44)",2
"(4, 28, 31)",2
"(4, 28, 36)",2
"(4, 28, 40)",2
"(4, 28, 41)",2
"(4, 29, 37)",2
"(4, 30, 31)",2
"(4, 30, 33)",2
"(4, 30, 35)",2
"(4, 30, 37)",2
"(4, 30, 41)",2
"(4, 30, 42)",2
"(4, 31, 32)",2
"(4, 31, 33)",2
"(4, 31, 34)",2
"(4, 31, 43)",2
"(4, 32, 40)",2
"(4, 33, 35)",2
"(4, 33, 37)",2
"(4, 33, 40)",2
"(4, 33, 42)",2
"(4, 33, 45)",2
"(4, 34, 39)",2
"(4, 34, 45)",2
"(4, 35, 40)",2
"(4, 36, 43)",2
"(4, 37, 42)",2
"(4, 38, 42)",2
"(4, 38, 43)",2
"(4, 39, 41)",2
"(4, 39, 44)",2
"(4, 39, 45)",2
"(4, 41, 42)",2
"(4, 41, 44)",2
"(4, 41, 45)",2
"(5, 6, 10)",2
"(5, 6, 20)",2
"(5, 6, 21)",2
"(5, 6, 22)",2
"(5, 6, 29)",2
"(5, 6, 31)",2
"(5, 6, 38)",2
"(5, 6, 42)",2
"(5, 7, 14)",2
"(5, 7, 19)",2
"(5, 7, 22)",2
"(5, 7, 27)",2
"(5, 7, 31)",2
"(5, 7, 34)",2
"(5, 7, 37)",2
"(5, 7, 41)",2
"(5, 8, 10)",2
"(5, 8, 11)",2
"(5, 8, 13)",2
"(5, 8, 17)",2
"(5, 8, 18)",2
"(5, 8, 20)",2
"(5, 8, 22)",2
"(5, 8, 25)",2
"(5, 8, 27)",2
"(5, 8, 28)",2
"(5, 8, 35)",2
"(5, 8, 37)",2
"(5, 8, 41)",2
"(5, 8, 42)",2
"(5, 8, 44)",2
"(5, 9, 13)",2
"(5, 9, 15)",2
"(5, 9, 25)",2
"(5, 9, 26)",2
"(5, 9, 29)",2
"(5, 9, 30)",2
"(5, 9, 32)",2
"(5, 9, 35)",2
"(5, 9, 41)",2
"(5, 10, 11)",2
"(5, 10, 13)",2
"(5, 10, 15)",2
"(5, 10, 16)",2
"(5, 10, 20)",2
"(5, 10, 23)",2
"(5, 10, 24)",2
"(5, 10, 28)",2
"(5, 10, 29)",2
"(5, 10, 30)",2
"(5, 10, 32)",2
"(5, 10, 33)",2
"(5, 10, 37)",2
"(5, 10, 41)",2
"(5, 11, 14)",2
"(5, 11, 15)",2
"(5, 11, 26)",2
"(5, 11, 37)",2
"(5, 11, 39)",2
"(5, 12, 14)",2
"(5, 12, 15)",2
"(5, 12, 16)",2
"(5, 12, 19)",2
"(5, 12, 21)",2
"(5, 12, 22)",2
"(5, 12, 23)",2
"(5, 12, 25)",2
"(5, 12, 27)",2
"(5, 12, 34)",2
"(5, 12, 42)",2
"(5, 12, 44)",2
"(5, 12, 45)",2
"(5, 13, 17)",2
"(5, 13, 18)",2
"(5, 13, 23)",2
"(5, 13, 24)",2
"(5, 13, 25)",2
"(5, 13, 30)",2
"(5, 13, 39)",2
"(5, 13, 42)",2
"(5, 13, 43)",2
"(5, 14, 15)",2
"(5, 14, 17)",2
"(5, 14, 23)",2
"(5, 14, 25)",2
"(5, 14, 26)",2
"(5, 14, 29)",2
"(5, 14, 35)",2
"(5, 14, 38)",2
"(5, 14, 42)",2
"(5, 14, 45)",2
"(5, 15, 16)",2
"(5, 15, 20)",2
"(5, 15, 22)",2
"(5, 15, 25)",2
"(5, 15, 28)",2
"(5, 15, 38)",2
"(5, 15, 42)",2
"(5, 15, 43)",2
"(5, 15, 44)",2
"(5, 15, 45)",2
"(5, 16, 17)",2
"(5, 16, 21)",2
"(5, 16, 24)",2
"(5, 16, 25)",2
"(5, 16, 27)",2
"(5, 16, 41)",2
"(5, 16, 43)",2
"(5, 16, 45)",2
"(5, 17, 25)",2
"(5, 17, 31)",2
"(5, 17, 37)",2
"(5, 17, 42)",2
"(5, 17, 44)",2
"(5, 18, 24)",2
"(5, 18, 26)",2
"(5, 18, 28)",2
"(5, 18, 29)",2
"(5, 18, 36)",2
"(5, 18, 41)",2
"(5, 19, 20)",2
"(5, 19, 27)",2
"(5, 19, 28)",2
"(5, 19, 31)",2
"(5, 19, 34)",2
"(5, 19, 37)",2
"(5, 19, 43)",2
"(5, 19, 44)",2
"(5, 20, 23)",2
"(5, 20, 29)",2
"(5, 20, 30)",2
"(5, 20, 32)",2
"(5, 20, 39)",2
"(5, 20, 40)",2
"(5, 21, 22)",2
"(5, 21, 23)",2
"(5, 21, 31)",2
"(5, 21, 34)",2
"(5, 21, 43)",2
"(5, 22, 25)",2
"(5, 22, 28)",2
"(5, 22, 32)",2
"(5, 22, 36)",2
"(5, 23, 24)",2
"(5, 23, 26)",2
"(5, 23, 28)",2
"(5, 23, 29)",2
"(5, 23, 31)",2
"(5, 23, 33)",2
"(5, 23, 34)",2
"(5, 23, 40)",2
"(5, 23, 42)",2
"(5, 23, 44)",2
"(5, 24, 31)",2
"(5, 24, 34)",2
"(5, 24, 35)",2
"(5, 24, 37)",2
"(5, 24, 42)",2
"(5, 25, 26)",2
"(5, 25, 28)",2
"(5, 25, 29)",2
"(5, 25, 31)",2
"(5, 25, 34)",2
"(5, 25, 38)",2
"(5, 26, 30)",2
"(5, 26, 38)",2
"(5, 26, 44)",2
"(5, 27, 36)",2
"(5, 27, 37)",2
"(5, 27, 42)",2
"(5, 28, 29)",2
"(5, 28, 30)",2
"(5, 28, 31)",2
"(5, 28, 38)",2
"(5, 28, 39)",2
"(5, 28, 45)",2
"(5, 29, 32)",2
"(5, 29, 41)",2
"(5, 30, 33)",2
"(5, 30, 35)",2
"(5, 30, 37)",2
"(5, 30, 40)",2
"(5, 30, 43)",2
"(5, 30, 44)",2
"(5, 31, 41)",2
"(5, 31, 42)",2
"(5, 31, 43)",2
"(5, 31, 44)",2
"(5, 32, 34)",2
"(5, 32, 35)",2
"(5, 32, 41)",2
"(5, 32, 42)",2
"(5, 32, 45)",2
"(5, 33, 40)",2
"(5, 33, 41)",2
"(5, 33, 43)",2
"(5, 34, 43)",2
"(5, 34, 44)",2
"(5, 34, 45)",2
"(5, 35, 44)",2
"(5, 35, 45)",2
"(5, 36, 43)",2
"(5, 36, 44)",2
"(5, 37, 42)",2
"(5, 38, 44)",2
"(5, 40, 41)",2
"(5, 40, 44)",2
"(5, 41, 43)",2
"(5, 41, 44)",2
"(5, 43, 44)",2
"(5, 43, 45)",2
"(6, 7, 9)",2
"(6, 7, 10)",2
"(6, 7, 16)",2
"(6, 7, 35)",2
"(6, 7, 38)",2
"(6, 8, 9)",2
"(6, 8, 10)",2
"(6, 8, 27)",2
"(6, 8, 29)",2
"(6, 8, 36)",2
"(6, 8, 37)",2
"(6, 8, 38)",2
"(6, 9, 12)",2
"(6, 9, 13)",2
"(6, 9, 15)",2
"(6, 9, 28)",2
"(6, 9, 29)",2
"(6, 9, 31)",2
"(6, 9, 34)",2
"(6, 9, 41)",2
"(6, 9, 42)",2
"(6, 10, 11)",2
"(6, 10, 15)",2
"(6, 10, 19)",2
"(6, 10, 23)",2
"(6, 10, 29)",2
"(6, 10, 34)",2
"(6, 10, 38)",2
"(6, 10, 41)",2
"(6, 10, 45)",2
"(6, 11, 13)",2
"(6, 11, 16)",2
"(6, 11, 19)",2
"(6, 11, 25)",2
"(6, 11, 27)",2
"(6, 11, 29)",2
"(6, 11, 30)",2
"(6, 11, 32)",2
"(6, 11, 34)",2
"(6, 11, 37)",2
"(6, 11, 40)",2
"(6, 12, 13)",2
"(6, 12, 19)",2
"(6, 12, 36)",2
"(6, 12, 37)",2
"(6, 13, 15)",2
"(6, 13, 20)",2
"(6, 13, 25)",2
"(6, 13, 26)",2
"(6, 13, 31)",2
"(6, 13, 33)",2
"(6, 13, 35)",2
"(6, 13, 36)",2
"(6, 13, 37)",2
"(6, 13, 39)",2
"(6, 13, 43)",2
"(6, 14, 24)",2
"(6, 14, 31)",2
"(6, 14, 38)",2
"(6, 14, 42)",2
"(6, 14, 43)",2
"(6, 15, 19)",2
"(6, 15, 24)",2
"(6, 15, 26)",2
"(6, 15, 27)",2
"(6, 15, 31)",2
"(6, 15, 44)",2
"(6, 16, 19)",2
"(6, 16, 21)",2
"(6, 16, 27)",2
"(6, 16, 32)",2
"(6, 16, 38)",2
"(6, 16, 42)",2
"(6, 17, 20)",2
"(6, 17, 23)",2
"(6, 17, 24)",2
"(6, 17, 25)",2
"(6, 17, 26)",2
"(6, 17, 33)",2
"(6, 17, 36)",2
"(6, 17, 42)",2
"(6, 17, 43)",2
"(6, 17, 44)",2
"(6, 17, 45)",2
"(6, 18, 22)",2
"(6, 18, 24)",2
"(6, 18, 28)",2
"(6, 18, 29)",2
"(6, 18, 30)",2
"(6, 18, 32)",2
"(6, 18, 41)",2
"(6, 18, 42)",2
"(6, 19, 29)",2
"(6, 19, 31)",2
"(6, 19, 32)",2
"(6, 19, 34)",2
"(6, 19, 35)",2
"(6, 19, 41)",2
"(6, 19, 42)",2
"(6, 19, 45)",2
"(6, 20, 25)",2
"(6, 20, 30)",2
"(6, 20, 33)",2
"(6, 20, 34)",2
"(6, 20, 37)",2
"(6, 20, 41)",2
"(6, 20, 44)",2
"(6, 21, 30)",2
"(6, 21, 38)",2
"(6, 21, 39)",2
"(6, 21, 40)",2
"(6, 21, 42)",2
"(6, 22, 23)",2
"(6, 22, 24)",2
"(6, 22, 26)",2
"(6, 22, 28)",2
"(6, 22, 32)",2
"(6, 22, 34)",2
"(6, 23, 25)",2
"(6, 23, 26)",2
"(6, 23, 30)",2
"(6, 23, 31)",2
"(6, 23, 32)",2
"(6, 23, 34)",2
"(6, 23, 35)",2
"(6, 23, 41)",2
"(6, 24, 26)",2
"(6, 24, 32)",2
"(6, 24, 35)",2
"(6, 24, 37)",2
"(6, 24, 38)",2
"(6, 24, 39)",2
"(6, 24, 40)",2
"(6, 24, 45)",2
"(6, 25, 27)",2
"(6, 25, 29)",2
"(6, 25, 30)",2
"(6, 25, 34)",2
"(6, 25, 41)",2
"(6, 25, 42)",2
"(6, 26, 33)",2
"(6, 26, 35)",2
"(6, 26, 40)",2
"(6, 26, 44)",2
"(6, 26, 45)",2
"(6, 27, 28)",2
"(6, 27, 30)",2
"(6, 27, 31)",2
"(6, 27, 32)",2
"(6, 27, 39)",2
"(6, 27, 43)",2
"(6, 27, 45)",2
"(6, 28, 29)",2
"(6, 28, 31)",2
"(6, 28, 38)",2
"(6, 28, 41)",2
"(6, 28, 45)",2
"(6, 29, 33)",2
"(6, 29, 36)",2
"(6, 29, 38)",2
"(6, 29, 41)",2
"(6, 30, 32)",2
"(6, 30, 37)",2
"(6, 30, 38)",2
"(6, 30, 42)",2
"(6, 30, 44)",2
"(6, 31, 41)",2
"(6, 31, 44)",2
"(6, 32, 35)",2
"(6, 32, 37)",2
"(6, 32, 38)",2
"(6, 33, 34)",2
"(6, 33, 36)",2
"(6, 33, 37)",2
"(6, 33, 40)",2
"(6, 33, 42)",2
"(6, 33, 43)",2
"(6, 33, 44)",2
"(6, 34, 37)",2
"(6, 34, 41)",2
"(6, 34, 43)",2
"(6, 35, 36)",2
"(6, 35, 43)",2
"(6, 36, 38)",2
"(6, 36, 44)",2
"(6, 37, 39)",2
"(6, 37, 44)",2
"(6, 38, 42)",2
"(6, 38, 44)",2
"(6, 39, 40)",2
"(6, 39, 43)",2
"(6, 40, 45)",2
"(6, 42, 43)",2
"(6, 42, 45)",2
"(6, 44, 45)",2
"(7, 8, 16)",2
"(7, 8, 18)",2
"(7, 8, 21)",2
"(7, 8, 25)",2
"(7, 8, 26)",2
"(7, 8, 30)",2
"(7, 8, 38)",2
"(7, 8, 44)",2
"(7, 9, 11)",2
"(7, 9, 15)",2
"(7, 9, 27)",2
"(7, 9, 35)",2
"(7, 9, 40)",2
"(7, 10, 17)",2
"(7, 10, 25)",2
"(7, 10, 29)",2
"(7, 10, 30)",2
"(7, 10, 33)",2
"(7, 10, 39)",2
"(7, 11, 26)",2
"(7, 11, 28)",2
"(7, 11, 34)",2
"(7, 11, 42)",2
"(7, 11, 43)",2
"(7, 12, 14)",2
"(7, 12, 26)",2
"(7, 12, 29)",2
"(7, 12, 38)",2
"(7, 12, 39)",2
"(7, 12, 40)",2
"(7, 12, 42)",2
"(7, 12, 45)",2
"(7, 13, 20)",2
"(7, 13, 26)",2
"(7, 13, 35)",2
"(7, 13, 38)",2
"(7, 13, 44)",2
"(7, 14, 15)",2
"(7, 14, 18)",2
"(7, 14, 21)",2
"(7, 14, 26)",2
"(7, 14, 27)",2
"(7, 14, 32)",2
"(7, 14, 33)",2
"(7, 14, 36)",2
"(7, 14, 37)",2
"(7, 14, 39)",2
"(7, 14, 41)",2
"(7, 14, 42)",2
"(7, 14, 45)",2
"(7, 15, 20)",2
"(7, 15, 21)",2
"(7, 15, 22)",2
"(7, 15, 24)",2
"(7, 15, 25)",2
"(7, 15, 26)",2
"(7, 15, 29)",2
"(7, 15, 30)",2
"(7, 15, 33)",2
"(7, 15, 34)",2
"(7, 15, 35)",2
"(7, 15, 42)",2
"(7, 15, 43)",2
"(7, 16, 18)",2
"(7, 16, 20)",2
"(7, 16, 28)",2
"(7, 16, 30)",2
"(7, 16, 33)",2
"(7, 16, 35)",2
"(7, 16, 37)",2
"(7, 16, 40)",2
"(7, 16, 44)",2
"(7, 17, 20)",2
"(7, 17, 21)",2
"(7, 17, 23)",2
"(7, 17, 24)",2
"(7, 17, 25)",2
"(7, 17, 29)",2
"(7, 17, 30)",2
"(7, 17, 32)",2
"(7, 17, 35)",2
"(7, 17, 42)",2
"(7, 17, 44)",2
"(7, 18, 20)",2
"(7, 18, 23)",2
"(7, 18, 24)",2
"(7, 18, 26)",2
"(7, 18, 27)",2
"(7, 18, 30)",2
"(7, 18, 32)",2
"(7, 18, 36)",2
"(7, 18, 37)",2
"(7, 18, 45)",2
"(7, 19, 23)",2
"(7, 19, 25)",2
"(7, 19, 32)",2
"(7, 19, 34)",2
"(7, 19, 38)",2
"(7, 19, 44)",2
"(7, 20, 23)",2
"(7, 20, 27)",2
"(7, 20, 29)",2
"(7, 20, 30)",2
"(7, 20, 33)",2
"(7, 20, 35)",2
"(7, 20, 38)",2
"(7, 20, 44)",2
"(7, 21, 30)",2
"(7, 21, 33)",2
"(7, 21, 35)",2
"(7, 21, 37)",2
"(7, 21, 43)",2
"(7, 21, 44)",2
"(7, 22, 23)",2
"(7, 22, 25)",2
"(7, 22, 40)",2
"(7, 22, 44)",2
"(7, 23, 28)",2
"(7, 23, 29)",2
"(7, 23, 35)",2
"(7, 23, 37)",2
"(7, 23, 41)",2
"(7, 24, 26)",2
"(7, 24, 42)",2
"(7, 25, 28)",2
"(7, 25, 29)",2
"(7, 25, 32)",2
"(7, 25, 37)",2
"(7, 25, 41)",2
"(7, 25, 42)",2
"(7, 26, 28)",2
"(7, 26, 32)",2
"(7, 26, 33)",2
"(7, 26, 37)",2
"(7, 26, 41)",2
"(7, 26, 44)",2
"(7, 27, 29)",2
"(7, 27, 32)",2
"(7, 27, 42)",2
"(7, 27, 43)",2
"(7, 27, 44)",2
"(7, 28, 30)",2
"(7, 28, 35)",2
"(7, 28, 37)",2
"(7, 28, 38)",2
"(7, 29, 31)",2
"(7, 29, 35)",2
"(7, 29, 39)",2
"(7, 29, 41)",2
"(7, 29, 43)",2
"(7, 30, 31)",2
"(7, 30, 32)",2
"(7, 30, 33)",2
"(7, 31, 34)",2
"(7, 31, 38)",2
"(7, 31, 39)",2
"(7, 32, 33)",2
"(7, 32, 39)",2
"(7, 32, 44)",2
"(7, 32, 45)",2
"(7, 33, 35)",2
"(7, 33, 45)",2
"(7, 34, 38)",2
"(7, 34, 42)",2
"(7, 34, 45)",2
"(7, 36, 39)",2
"(7, 37, 41)",2
"(7, 37, 42)",2
"(7, 38, 44)",2
"(7, 39, 40)",2
"(7, 39, 43)",2
"(7, 39, 44)",2
"(7, 40, 43)",2
"(7, 41, 42)",2
"(7, 42, 45)",2
"(7, 43, 44)",2
"(8, 9, 12)",2
"(8, 9, 17)",2
"(8, 9, 22)",2
"(8, 9, 28)",2
"(8, 9, 29)",2
"(8, 9, 31)",2
"(8, 9, 32)",2
"(8, 9, 33)",2
"(8, 9, 34)",2
"(8, 9, 43)",2
"(8, 9, 45)",2
"(8, 10, 22)",2
"(8, 10, 27)",2
"(8, 10, 28)",2
"(8, 10, 29)",2
"(8, 10, 31)",2
"(8, 10, 38)",2
"(8, 10, 40)",2
"(8, 10, 44)",2
"(8, 11, 12)",2
"(8, 11, 14)",2
"(8, 11, 18)",2
"(8, 11, 19)",2
"(8, 11, 22)",2
"(8, 11, 23)",2
"(8, 11, 25)",2
"(8, 11, 31)",2
"(8, 11, 33)",2
"(8, 11, 35)",2
"(8, 11, 37)",2
"(8, 12, 14)",2
"(8, 12, 18)",2
"(8, 12, 20)",2
"(8, 12, 21)",2
"(8, 12, 22)",2
"(8, 12, 25)",2
"(8, 12, 27)",2
"(8, 12, 29)",2
"(8, 12, 37)",2
"(8, 12, 39)",2
"(8, 12, 40)",2
"(8, 12, 41)",2
"(8, 12, 44)",2
"(8, 13, 14)",2
"(8, 13, 18)",2
"(8, 13, 33)",2
"(8, 13, 36)",2
"(8, 13, 43)",2
"(8, 14, 25)",2
"(8, 14, 30)",2
"(8, 14, 33)",2
"(8, 14, 35)",2
"(8, 14, 37)",2
"(8, 14, 38)",2
"(8, 14, 39)",2
"(8, 14, 42)",2
"(8, 14, 43)",2
"(8, 15, 16)",2
"(8, 15, 21)",2
"(8, 15, 25)",2
"(8, 15, 32)",2
"(8, 15, 33)",2
"(8, 15, 34)",2
"(8, 15, 36)",2
"(8, 15, 37)",2
"(8, 16, 21)",2
"(8, 16, 27)",2
"(8, 16, 28)",2
"(8, 16, 32)",2
"(8, 16, 39)",2
"(8, 16, 41)",2
"(8, 17, 21)",2
"(8, 17, 24)",2
"(8, 17, 26)",2
"(8, 17, 27)",2
"(8, 17, 28)",2
"(8, 17, 29)",2
"(8, 17, 30)",2
"(8, 17, 36)",2
"(8, 17, 42)",2
"(8, 17, 45)",2
"(8, 18, 22)",2
"(8, 18, 23)",2
"(8, 18, 24)",2
"(8, 18, 26)",2
"(8, 18, 27)",2
"(8, 18, 29)",2
"(8, 18, 31)",2
"(8, 18, 32)",2
"(8, 18, 37)",2
"(8, 18, 38)",2
"(8, 18, 41)",2
"(8, 18, 44)",2
"(8, 19, 20)",2
"(8, 19, 21)",2
"(8, 19, 22)",2
"(8, 19, 29)",2
"(8, 19, 33)",2
"(8, 19, 41)",2
"(8, 19, 42)",2
"(8, 19, 44)",2
"(8, 19, 45)",2
"(8, 20, 23)",2
"(8, 20, 25)",2
"(8, 20, 31)",2
"(8, 20, 32)",2
"(8, 20, 33)",2
"(8, 20, 34)",2
"(8, 20, 38)",2
"(8, 21, 30)",2
"(8, 21, 32)",2
"(8, 21, 33)",2
"(8, 21, 34)",2
"(8, 21, 38)",2
"(8, 21, 40)",2
"(8, 21, 41)",2
"(8, 21, 43)",2
"(8, 21, 45)",2
"(8, 22, 24)",2
"(8, 22, 28)",2
"(8, 22, 29)",2
"(8, 22, 34)",2
"(8, 22, 37)",2
"(8, 22, 38)",2
"(8, 22, 43)",2
"(8, 23, 25)",2
"(8, 23, 30)",2
"(8, 23, 33)",2
"(8, 23, 35)",2
"(8, 23, 39)",2
"(8, 23, 40)",2
"(8, 23, 41)",2
"(8, 24, 27)",2
"(8, 24, 30)",2
"(8, 24, 31)",2
"(8, 24, 38)",2
"(8, 24, 39)",2
"(8, 24, 40)",2
"(8, 25, 26)",2
"(8, 25, 28)",2
"(8, 25, 30)",2
"(8, 25, 33)",2
"(8, 25, 39)",2
"(8, 25, 42)",2
"(8, 26, 30)",2
"(8, 26, 33)",2
"(8, 26, 40)",2
"(8, 26, 45)",2
"(8, 27, 29)",2
"(8, 27, 30)",2
"(8, 27, 39)",2
"(8, 27, 40)",2
"(8, 28, 29)",2
"(8, 28, 32)",2
"(8, 28, 33)",2
"(8, 28, 41)",2
"(8, 29, 43)",2
"(8, 29, 44)",2
"(8, 30, 35)",2
"(8, 30, 42)",2
"(8, 30, 45)",2
"(8, 31, 34)",2
"(8, 31, 38)",2
"(8, 31, 39)",2
"(8, 31, 40)",2
"(8, 31, 45)",2
"(8, 32, 33)",2
"(8, 32, 37)",2
"(8, 32, 38)",2
"(8, 32, 41)",2
"(8, 32, 43)",2
"(8, 32, 45)",2
"(8, 33, 36)",2
"(8, 33, 40)",2
"(8, 33, 41)",2
"(8, 33, 44)",2
"(8, 34, 36)",2
"(8, 34, 39)",2
"(8, 34, 41)",2
"(8, 34, 43)",2
"(8, 34, 45)",2
"(8, 35, 37)",2
"(8, 35, 38)",2
"(8, 35, 44)",2
"(8, 36, 37)",2
"(8, 37, 45)",2
"(8, 38, 44)",2
"(8, 39, 41)",2
"(8, 39, 43)",2
"(8, 39, 45)",2
"(8, 40, 43)",2
"(8, 41, 43)",2
"(8, 42, 45)",2
"(9, 10, 11)",2
"(9, 10, 12)",2
"(9, 10, 13)",2
"(9, 10, 20)",2
"(9, 10, 24)",2
"(9, 10, 26)",2
"(9, 10, 33)",2
"(9, 10, 37)",2
"(9, 10, 39)",2
"(9, 10, 40)",2
"(9, 10, 44)",2
"(9, 11, 17)",2
"(9, 11, 21)",2
"(9, 11, 26)",2
"(9, 11, 27)",2
"(9, 11, 28)",2
"(9, 11, 30)",2
"(9, 11, 33)",2
"(9, 11, 36)",2
"(9, 11, 38)",2
"(9, 11, 40)",2
"(9, 11, 43)",2
"(9, 11, 45)",2
"(9, 12, 18)",2
"(9, 12, 25)",2
"(9, 12, 28)",2
"(9, 12, 30)",2
"(9, 12, 34)",2
"(9, 12, 35)",2
"(9, 12, 36)",2
"(9, 12, 41)",2
"(9, 13, 17)",2
"(9, 13, 28)",2
"(9, 13, 30)",2
"(9, 13, 35)",2
"(9, 13, 40)",2
"(9, 13, 42)",2
"(9, 13, 45)",2
"(9, 14, 16)",2
"(9, 14, 21)",2
"(9, 14, 26)",2
"(9, 14, 35)",2
"(9, 14, 40)",2
"(9, 14, 41)",2
"(9, 15, 18)",2
"(9, 15, 22)",2
"(9, 15, 23)",2
"(9, 15, 24)",2
"(9, 15, 25)",2
"(9, 15, 27)",2
"(9, 15, 28)",2
"(9, 15, 29)",2
"(9, 15, 30)",2
"(9, 15, 32)",2
"(9, 15, 35)",2
"(9, 15, 40)",2
"(9, 15, 41)",2
"(9, 15, 43)",2
"(9, 16, 23)",2
"(9, 16, 31)",2
"(9, 16, 35)",2
"(9, 16, 37)",2
"(9, 17, 20)",2
"(9, 17, 25)",2
"(9, 17, 41)",2
"(9, 17, 43)",2
"(9, 17, 45)",2
"(9, 18, 21)",2
"(9, 18, 26)",2
"(9, 18, 27)",2
"(9, 18, 29)",2
"(9, 18, 33)",2
"(9, 18, 40)",2
"(9, 18, 42)",2
"(9, 18, 43)",2
"(9, 19, 21)",2
"(9, 19, 23)",2
"(9, 19, 27)",2
"(9, 19, 31)",2
"(9, 19, 32)",2
"(9, 19, 34)",2
"(9, 19, 35)",2
"(9, 19, 36)",2
"(9, 20, 21)",2
"(9, 20, 23)",2
"(9, 20, 24)",2
"(9, 20, 27)",2
"(9, 20, 29)",2
"(9, 20, 30)",2
"(9, 20, 32)",2
"(9, 20, 35)",2
"(9, 20, 36)",2
"(9, 20, 39)",2
"(9, 20, 42)",2
"(9, 21, 22)",2
"(9, 21, 28)",2
"(9, 21, 30)",2
"(9, 21, 32)",2
"(9, 21, 33)",2
"(9, 21, 34)",2
"(9, 21, 42)",2
"(9, 21, 44)",2
"(9, 21, 45)",2
"(9, 22, 23)",2
"(9, 22, 25)",2
"(9, 22, 29)",2
"(9, 22, 30)",2
"(9, 22, 32)",2
"(9, 22, 34)",2
"(9, 23, 30)",2
"(9, 23, 31)",2
"(9, 23, 32)",2
"(9, 23, 43)",2
"(9, 24, 28)",2
"(9, 24, 29)",2
"(9, 24, 32)",2
"(9, 24, 37)",2
"(9, 24, 38)",2
"(9, 24, 40)",2
"(9, 24, 42)",2
"(9, 24, 44)",2
"(9, 25, 28)",2
"(9, 25, 31)",2
"(9, 25, 38)",2
"(9, 25, 41)",2
"(9, 26, 27)",2
"(9, 26, 30)",2
"(9, 26, 31)",2
"(9, 26, 38)",2
"(9, 26, 43)",2
"(9, 27, 36)",2
"(9, 27, 41)",2
"(9, 28, 40)",2
"(9, 28, 45)",2
"(9, 29, 40)",2
"(9, 29, 41)",2
"(9, 29, 44)",2
"(9, 30, 31)",2
"(9, 30, 38)",2
"(9, 30, 40)",2
"(9, 30, 43)",2
"(9, 31, 32)",2
"(9, 31, 35)",2
"(9, 32, 45)",2
"(9, 33, 35)",2
"(9, 33, 42)",2
"(9, 33, 44)",2
"(9, 34, 38)",2
"(9, 34, 39)",2
"(9, 34, 40)",2
"(9, 34, 45)",2
"(9, 36, 45)",2
"(9, 37, 40)",2
"(9, 38, 43)",2
"(9, 38, 45)",2
"(9, 39, 45)",2
"(9, 40, 41)",2
"(9, 40, 42)",2
"(9, 41, 43)",2
"(9, 42, 45)",2
"(9, 43, 45)",2
"(10, 11, 12)",2
"(10, 11, 13)",2
"(10, 11, 24)",2
"(10, 11, 26)",2
"(10, 11, 34)",2
"(10, 11, 39)",2
"(10, 12, 13)",2
"(10, 12, 17)",2
"(10, 12, 20)",2
"(10, 12, 22)",2
"(10, 12, 25)",2
"(10, 12, 28)",2
"(10, 12, 31)",2
"(10, 12, 38)",2
"(10, 12, 44)",2
"(10, 13, 15)",2
"(10, 13, 24)",2
"(10, 13, 31)",2
"(10, 13, 33)",2
"(10, 13, 35)",2
"(10, 13, 40)",2
"(10, 14, 18)",2
"(10, 14, 19)",2
"(10, 14, 24)",2
"(10, 14, 28)",2
"(10, 14, 33)",2
"(10, 14, 34)",2
"(10, 14, 38)",2
"(10, 14, 43)",2
"(10, 14, 45)",2
"(10, 15, 17)",2
"(10, 15, 24)",2
"(10, 15, 31)",2
"(10, 15, 34)",2
"(10, 15, 35)",2
"(10, 15, 40)",2
"(10, 16, 17)",2
"(10, 16, 20)",2
"(10, 16, 25)",2
"(10, 16, 32)",2
"(10, 16, 33)",2
"(10, 16, 38)",2
"(10, 16, 39)",2
"(10, 17, 20)",2
"(10, 17, 21)",2
"(10, 17, 31)",2
"(10, 17, 33)",2
"(10, 17, 41)",2
"(10, 17, 43)",2
"(10, 18, 24)",2
"(10, 18, 26)",2
"(10, 18, 28)",2
"(10, 18, 29)",2
"(10, 18, 30)",2
"(10, 18, 34)",2
"(10, 18, 37)",2
"(10, 18, 42)",2
"(10, 18, 43)",2
"(10, 19, 22)",2
"(10, 19, 23)",2
"(10, 19, 24)",2
"(10, 19, 27)",2
"(10, 19, 29)",2
"(10, 19, 31)",2
"(10, 20, 27)",2
"(10, 20, 39)",2
"(10, 20, 40)",2
"(10, 20, 45)",2
"(10, 21, 22)",2
"(10, 21, 26)",2
"(10, 21, 31)",2
"(10, 21, 33)",2
"(10, 21, 36)",2
"(10, 21, 43)",2
"(10, 22, 25)",2
"(10, 22, 28)",2
"(10, 22, 29)",2
"(10, 22, 30)",2
"(10, 22, 37)",2
"(10, 22, 38)",2
"(10, 22, 40)",2
"(10, 22, 41)",2
"(10, 22, 44)",2
"(10, 23, 25)",2
"(10, 23, 27)",2
"(10, 23, 28)",2
"(10, 23, 31)",2
"(10, 23, 32)",2
"(10, 23, 35)",2
"(10, 23, 40)",2
"(10, 23, 45)",2
"(10, 24, 25)",2
"(10, 24, 26)",2
"(10, 24, 30)",2
"(10, 24, 31)",2
"(10, 24, 32)",2
"(10, 24, 41)",2
"(10, 25, 28)",2
"(10, 25, 30)",2
"(10, 25, 31)",2
"(10, 25, 37)",2
"(10, 25, 38)",2
"(10, 25, 42)",2
"(10, 26, 28)",2
"(10, 26, 34)",2
"(10, 26, 35)",2
"(10, 26, 37)",2
"(10, 26, 39)",2
"(10, 26, 40)",2
"(10, 26, 42)",2
"(10, 27, 28)",2
"(10, 27, 31)",2
"(10, 27, 34)",2
"(10, 27, 37)",2
"(10, 27, 38)",2
"(10, 27, 39)",2
"(10, 27, 44)",2
"(10, 28, 30)",2
"(10, 28, 34)",2
"(10, 28, 35)",2
"(10, 29, 34)",2
"(10, 29, 35)",2
"(10, 29, 40)",2
"(10, 29, 41)",2
"(10, 30, 35)",2
"(10, 30, 43)",2
"(10, 31, 33)",2
"(10, 31, 34)",2
"(10, 31, 35)",2
"(10, 31, 39)",2
"(10, 31, 40)",2
"(10, 31, 42)",2
"(10, 32, 34)",2
"(10, 32, 38)",2
"(10, 32, 40)",2
"(10, 32, 43)",2
"(10, 33, 34)",2
"(10, 33, 37)",2
"(10, 34, 35)",2
"(10, 34, 37)",2
"(10, 34, 43)",2
"(10, 35, 37)",2
"(10, 35, 40)",2
"(10, 35, 41)",2
"(10, 36, 38)",2
"(10, 36, 41)",2
"(10, 37, 41)",2
"(10, 39, 45)",2
"(10, 40, 41)",2
"(10, 40, 44)",2
"(10, 40, 45)",2
"(11, 12, 20)",2
"(11, 12, 22)",2
"(11, 12, 24)",2
"(11, 12, 36)",2
"(11, 12, 37)",2
"(11, 12, 38)",2
"(11, 12, 39)",2
"(11, 12, 44)",2
"(11, 13, 19)",2
"(11, 13, 20)",2
"(11, 13, 21)",2
"(11, 13, 22)",2
"(11, 13, 25)",2
"(11, 13, 26)",2
"(11, 13, 27)",2
"(11, 13, 31)",2
"(11, 13, 37)",2
"(11, 13, 41)",2
"(11, 13, 42)",2
"(11, 13, 43)",2
"(11, 14, 19)",2
"(11, 14, 21)",2
"(11, 14, 28)",2
"(11, 14, 29)",2
"(11, 14, 31)",2
"(11, 14, 32)",2
"(11, 14, 38)",2
"(11, 14, 39)",2
"(11, 14, 42)",2
"(11, 15, 22)",2
"(11, 15, 24)",2
"(11, 15, 27)",2
"(11, 15, 29)",2
"(11, 15, 33)",2
"(11, 15, 35)",2
"(11, 16, 19)",2
"(11, 16, 20)",2
"(11, 16, 35)",2
"(11, 16, 42)",2
"(11, 17, 26)",2
"(11, 17, 31)",2
"(11, 17, 33)",2
"(11, 17, 34)",2
"(11, 17, 40)",2
"(11, 17, 44)",2
"(11, 17, 45)",2
"(11, 18, 29)",2
"(11, 18, 31)",2
"(11, 18, 35)",2
"(11, 18, 36)",2
"(11, 18, 38)",2
"(11, 18, 44)",2
"(11, 19, 27)",2
"(11, 19, 28)",2
"(11, 19, 35)",2
"(11, 19, 38)",2
"(11, 19, 45)",2
"(11, 20, 21)",2
"(11, 20, 22)",2
"(11, 20, 35)",2
"(11, 20, 40)",2
"(11, 20, 41)",2
"(11, 21, 23)",2
"(11, 21, 26)",2
"(11, 21, 29)",2
"(11, 21, 31)",2
"(11, 21, 32)",2
"(11, 21, 34)",2
"(11, 21, 40)",2
"(11, 21, 43)",2
"(11, 21, 44)",2
"(11, 22, 23)",2
"(11, 22, 26)",2
"(11, 22, 30)",2
"(11, 22, 32)",2
"(11, 22, 34)",2
"(11, 23, 25)",2
"(11, 23, 27)",2
"(11, 23, 29)",2
"(11, 23, 31)",2
"(11, 23, 34)",2
"(11, 23, 41)",2
"(11, 23, 43)",2
"(11, 24, 26)",2
"(11, 24, 30)",2
"(11, 24, 32)",2
"(11, 24, 35)",2
"(11, 24, 36)",2
"(11, 24, 38)",2
"(11, 24, 40)",2
"(11, 25, 31)",2
"(11, 25, 32)",2
"(11, 25, 33)",2
"(11, 25, 35)",2
"(11, 25, 38)",2
"(11, 25, 41)",2
"(11, 25, 45)",2
"(11, 26, 30)",2
"(11, 26, 31)",2
"(11, 26, 32)",2
"(11, 26, 33)",2
"(11, 27, 28)",2
"(11, 27, 29)",2
"(11, 27, 32)",2
"(11, 27, 40)",2
"(11, 27, 42)",2
"(11, 27, 44)",2
"(11, 28, 30)",2
"(11, 28, 32)",2
"(11, 28, 34)",2
"(11, 28, 37)",2
"(11, 28, 38)",2
"(11, 28, 39)",2
"(11, 28, 40)",2
"(11, 28, 44)",2
"(11, 29, 31)",2
"(11, 29, 34)",2
"(11, 29, 36)",2
"(11, 29, 42)",2
"(11, 29, 43)",2
"(11, 29, 44)",2
"(11, 30, 35)",2
"(11, 30, 36)",2
"(11, 31, 39)",2
"(11, 31, 42)",2
"(11, 31, 43)",2
"(11, 31, 44)",2
"(11, 32, 33)",2
"(11, 32, 34)",2
"(11, 32, 39)",2
"(11, 32, 45)",2
"(11, 33, 44)",2
"(11, 34, 40)",2
"(11, 35, 40)",2
"(11, 35, 45)",2
"(11, 36, 43)",2
"(11, 37, 42)",2
"(11, 37, 44)",2
"(11, 37, 45)",2
"(11, 38, 39)",2
"(11, 38, 41)",2
"(11, 38, 45)",2
"(11, 40, 42)",2
"(11, 40, 45)",2
"(11, 41, 44)",2
"(11, 42, 43)",2
"(11, 42, 44)",2
"(11, 44, 45)",2
"(12, 13, 16)",2
"(12, 13, 20)",2
"(12, 13, 24)",2
"(12, 13, 28)",2
"(12, 13, 30)",2
"(12, 13, 35)",2
"(12, 13, 39)",2
"(12, 13, 40)",2
"(12, 13, 43)",2
"(12, 14, 26)",2
"(12, 14, 27)",2
"(12, 14, 28)",2
"(12, 14, 30)",2
"(12, 14, 42)",2
"(12, 14, 44)",2
"(12, 15, 22)",2
"(12, 15, 23)",2
"(12, 15, 27)",2
"(12, 15, 29)",2
"(12, 15, 35)",2
"(12, 16, 25)",2
"(12, 16, 26)",2
"(12, 16, 27)",2
"(12, 16, 28)",2
"(12, 16, 30)",2
"(12, 16, 33)",2
"(12, 16, 39)",2
"(12, 17, 20)",2
"(12, 17, 24)",2
"(12, 17, 27)",2
"(12, 17, 30)",2
"(12, 17, 31)",2
"(12, 17, 33)",2
"(12, 17, 35)",2
"(12, 17, 40)",2
"(12, 18, 19)",2
"(12, 18, 20)",2
"(12, 18, 25)",2
"(12, 18, 26)",2
"(12, 18, 28)",2
"(12, 18, 41)",2
"(12, 18, 44)",2
"(12, 18, 45)",2
"(12, 19, 21)",2
"(12, 19, 22)",2
"(12, 19, 26)",2
"(12, 19, 28)",2
"(12, 19, 30)",2
"(12, 19, 31)",2
"(12, 19, 32)",2
"(12, 19, 39)",2
"(12, 19, 41)",2
"(12, 19, 44)",2
"(12, 19, 45)",2
"(12, 20, 21)",2
"(12, 20, 23)",2
"(12, 20, 26)",2
"(12, 20, 33)",2
"(12, 20, 37)",2
"(12, 20, 40)",2
"(12, 20, 41)",2
"(12, 20, 44)",2
"(12, 21, 25)",2
"(12, 21, 26)",2
"(12, 21, 28)",2
"(12, 21, 29)",2
"(12, 21, 32)",2
"(12, 21, 37)",2
"(12, 21, 39)",2
"(12, 21, 42)",2
"(12, 21, 44)",2
"(12, 22, 33)",2
"(12, 22, 39)",2
"(12, 22, 42)",2
"(12, 23, 28)",2
"(12, 23, 31)",2
"(12, 23, 32)",2
"(12, 23, 34)",2
"(12, 23, 37)",2
"(12, 23, 38)",2
"(12, 23, 41)",2
"(12, 23, 42)",2
"(12, 23, 45)",2
"(12, 24, 26)",2
"(12, 24, 32)",2
"(12, 24, 37)",2
"(12, 24, 38)",2
"(12, 24, 40)",2
"(12, 24, 41)",2
"(12, 24, 43)",2
"(12, 25, 26)",2
"(12, 25, 27)",2
"(12, 25, 28)",2
"(12, 25, 33)",2
"(12, 25, 34)",2
"(12, 25, 36)",2
"(12, 25, 40)",2
"(12, 25, 41)",2
"(12, 25, 43)",2
"(12, 25, 45)",2
"(12, 26, 35)",2
"(12, 26, 42)",2
"(12, 27, 29)",2
"(12, 27, 32)",2
"(12, 27, 33)",2
"(12, 27, 36)",2
"(12, 27, 37)",2
"(12, 27, 38)",2
"(12, 27, 42)",2
"(12, 27, 45)",2
"(12, 28, 30)",2
"(12, 28, 31)",2
"(12, 28, 36)",2
"(12, 28, 39)",2
"(12, 28, 41)",2
"(12, 28, 43)",2
"(12, 28, 44)",2
"(12, 29, 33)",2
"(12, 29, 34)",2
"(12, 29, 35)",2
"(12, 29, 37)",2
"(12, 29, 38)",2
"(12, 29, 40)",2
"(12, 30, 38)",2
"(12, 30, 45)",2
"(12, 31, 32)",2
"(12, 32, 34)",2
"(12, 32, 43)",2
"(12, 32, 45)",2
"(12, 33, 34)",2
"(12, 33, 38)",2
"(12, 33, 41)",2
"(12, 33, 43)",2
"(12, 34, 45)",2
"(12, 35, 36)",2
"(12, 35, 41)",2
"(12, 35, 42)",2
"(12, 35, 43)",2
"(12, 36, 39)",2
"(12, 36, 42)",2
"(12, 37, 39)",2
"(12, 37, 41)",2
"(12, 38, 39)",2
"(12, 39, 44)",2
"(12, 43, 44)",2
"(12, 43, 45)",2
"(13, 14, 17)",2
"(13, 14, 18)",2
"(13, 14, 20)",2
"(13, 14, 26)",2
"(13, 14, 29)",2
"(13, 14, 39)",2
"(13, 14, 41)",2
"(13, 14, 44)",2
"(13, 15, 18)",2
"(13, 15, 20)",2
"(13, 15, 21)",2
"(13, 15, 22)",2
"(13, 15, 23)",2
"(13, 15, 24)",2
"(13, 15, 25)",2
"(13, 15, 38)",2
"(13, 15, 39)",2
"(13, 16, 17)",2
"(13, 16, 21)",2
"(13, 16, 22)",2
"(13, 16, 23)",2
"(13, 16, 24)",2
"(13, 16, 25)",2
"(13, 16, 33)",2
"(13, 16, 35)",2
"(13, 16, 37)",2
"(13, 16, 38)",2
"(13, 16, 43)",2
"(13, 16, 45)",2
"(13, 17, 33)",2
"(13, 17, 34)",2
"(13, 17, 35)",2
"(13, 17, 37)",2
"(13, 17, 38)",2
"(13, 17, 44)",2
"(13, 18, 20)",2
"(13, 18, 25)",2
"(13, 18, 26)",2
"(13, 18, 27)",2
"(13, 18, 45)",2
"(13, 19, 20)",2
"(13, 19, 22)",2
"(13, 19, 27)",2
"(13, 19, 28)",2
"(13, 19, 29)",2
"(13, 19, 35)",2
"(13, 19, 36)",2
"(13, 19, 37)",2
"(13, 19, 39)",2
"(13, 19, 43)",2
"(13, 19, 45)",2
"(13, 20, 28)",2
"(13, 20, 30)",2
"(13, 20, 40)",2
"(13, 20, 42)",2
"(13, 20, 44)",2
"(13, 20, 45)",2
"(13, 21, 23)",2
"(13, 21, 26)",2
"(13, 21, 29)",2
"(13, 21, 34)",2
"(13, 21, 35)",2
"(13, 21, 39)",2
"(13, 21, 43)",2
"(13, 22, 27)",2
"(13, 22, 29)",2
"(13, 22, 30)",2
"(13, 22, 31)",2
"(13, 22, 35)",2
"(13, 22, 37)",2
"(13, 22, 38)",2
"(13, 22, 39)",2
"(13, 22, 42)",2
"(13, 22, 43)",2
"(13, 22, 44)",2
"(13, 23, 24)",2
"(13, 23, 26)",2
"(13, 23, 28)",2
"(13, 23, 35)",2
"(13, 23, 43)",2
"(13, 24, 25)",2
"(13, 24, 26)",2
"(13, 24, 32)",2
"(13, 24, 33)",2
"(13, 24, 37)",2
"(13, 24, 39)",2
"(13, 24, 45)",2
"(13, 25, 31)",2
"(13, 25, 33)",2
"(13, 25, 34)",2
"(13, 25, 36)",2
"(13, 25, 37)",2
"(13, 26, 37)",2
"(13, 26, 41)",2
"(13, 26, 42)",2
"(13, 26, 44)",2
"(13, 27, 28)",2
"(13, 27, 30)",2
"(13, 27, 31)",2
"(13, 27, 33)",2
"(13, 28, 34)",2
"(13, 28, 35)",2
"(13, 28, 36)",2
"(13, 29, 32)",2
"(13, 29, 33)",2
"(13, 29, 34)",2
"(13, 29, 36)",2
"(13, 29, 37)",2
"(13, 29, 38)",2
"(13, 29, 39)",2
"(13, 29, 41)",2
"(13, 30, 38)",2
"(13, 31, 32)",2
"(13, 31, 34)",2
"(13, 31, 44)",2
"(13, 32, 33)",2
"(13, 32, 34)",2
"(13, 32, 38)",2
"(13, 32, 40)",2
"(13, 33, 34)",2
"(13, 33, 35)",2
"(13, 33, 38)",2
"(13, 34, 41)",2
"(13, 34, 42)",2
"(13, 34, 44)",2
"(13, 35, 36)",2
"(13, 35, 39)",2
"(13, 35, 43)",2
"(13, 36, 42)",2
"(13, 36, 43)",2
"(13, 37, 39)",2
"(13, 37, 43)",2
"(13, 38, 39)",2
"(13, 38, 42)",2
"(13, 38, 44)",2
"(13, 41, 43)",2
"(13, 41, 44)",2
"(13, 41, 45)",2
"(13, 42, 45)",2
"(14, 15, 20)",2
"(14, 15, 21)",2
"(14, 15, 23)",2
"(14, 15, 28)",2
"(14, 15, 31)",2
"(14, 15, 43)",2
"(14, 16, 17)",2
"(14, 16, 20)",2
"(14, 16, 28)",2
"(14, 16, 36)",2
"(14, 16, 38)",2
"(14, 16, 39)",2
"(14, 16, 42)",2
"(14, 16, 44)",2
"(14, 17, 24)",2
"(14, 17, 26)",2
"(14, 17, 29)",2
"(14, 17, 31)",2
"(14, 17, 35)",2
"(14, 17, 41)",2
"(14, 17, 42)",2
"(14, 18, 20)",2
"(14, 18, 31)",2
"(14, 18, 38)",2
"(14, 19, 29)",2
"(14, 19, 30)",2
"(14, 19, 32)",2
"(14, 19, 37)",2
"(14, 19, 38)",2
"(14, 19, 40)",2
"(14, 19, 43)",2
"(14, 19, 44)",2
"(14, 20, 21)",2
"(14, 20, 24)",2
"(14, 20, 28)",2
"(14, 20, 29)",2
"(14, 20, 31)",2
"(14, 20, 33)",2
"(14, 20, 34)",2
"(14, 20, 36)",2
"(14, 20, 37)",2
"(14, 20, 39)",2
"(14, 20, 41)",2
"(14, 20, 42)",2
"(14, 21, 22)",2
"(14, 21, 23)",2
"(14, 21, 28)",2
"(14, 21, 30)",2
"(14, 21, 35)",2
"(14, 21, 41)",2
"(14, 21, 42)",2
"(14, 21, 44)",2
"(14, 22, 23)",2
"(14, 22, 31)",2
"(14, 22, 32)",2
"(14, 22, 33)",2
"(14, 22, 34)",2
"(14, 22, 38)",2
"(14, 22, 44)",2
"(14, 23, 31)",2
"(14, 23, 36)",2
"(14, 23, 40)",2
"(14, 24, 29)",2
"(14, 24, 30)",2
"(14, 24, 34)",2
"(14, 24, 36)",2
"(14, 24, 38)",2
"(14, 24, 42)",2
"(14, 24, 43)",2
"(14, 25, 29)",2
"(14, 25, 33)",2
"(14, 25, 40)",2
"(14, 26, 29)",2
"(14, 26, 30)",2
"(14, 26, 39)",2
"(14, 27, 31)",2
"(14, 27, 42)",2
"(14, 28, 31)",2
"(14, 28, 36)",2
"(14, 28, 40)",2
"(14, 28, 44)",2
"(14, 29, 30)",2
"(14, 29, 31)",2
"(14, 29, 40)",2
"(14, 30, 33)",2
"(14, 30, 36)",2
"(14, 30, 42)",2
"(14, 30, 44)",2
"(14, 30, 45)",2
"(14, 31, 37)",2
"(14, 31, 40)",2
"(14, 31, 42)",2
"(14, 31, 43)",2
"(14, 32, 33)",2
"(14, 32, 40)",2
"(14, 32, 42)",2
"(14, 33, 38)",2
"(14, 34, 36)",2
"(14, 34, 38)",2
"(14, 34, 39)",2
"(14, 34, 41)",2
"(14, 34, 45)",2
"(14, 35, 36)",2
"(14, 35, 39)",2
"(14, 35, 45)",2
"(14, 36, 37)",2
"(14, 36, 38)",2
"(14, 36, 40)",2
"(14, 37, 38)",2
"(14, 37, 40)",2
"(14, 37, 41)",2
"(14, 37, 42)",2
"(14, 37, 43)",2
"(14, 39, 40)",2
"(14, 39, 41)",2
"(14, 39, 42)",2
"(14, 39, 43)",2
"(14, 39, 45)",2
"(14, 40, 43)",2
"(14, 42, 45)",2
"(15, 16, 21)",2
"(15, 16, 27)",2
"(15, 16, 32)",2
"(15, 16, 33)",2
"(15, 17, 21)",2
"(15, 17, 22)",2
"(15, 17, 23)",2
"(15, 17, 25)",2
"(15, 17, 30)",2
"(15, 17, 35)",2
"(15, 18, 20)",2
"(15, 18, 27)",2
"(15, 18, 34)",2
"(15, 18, 38)",2
"(15, 18, 40)",2
"(15, 19, 23)",2
"(15, 19, 25)",2
"(15, 19, 29)",2
"(15, 19, 34)",2
"(15, 19, 42)",2
"(15, 20, 28)",2
"(15, 20, 39)",2
"(15, 20, 40)",2
"(15, 20, 41)",2
"(15, 21, 29)",2
"(15, 21, 38)",2
"(15, 21, 40)",2
"(15, 21, 42)",2
"(15, 21, 44)",2
"(15, 22, 23)",2
"(15, 22, 27)",2
"(15, 22, 33)",2
"(15, 22, 34)",2
"(15, 22, 36)",2
"(15, 22, 38)",2
"(15, 22, 40)",2
"(15, 22, 41)",2
"(15, 22, 42)",2
"(15, 23, 26)",2
"(15, 23, 28)",2
"(15, 23, 29)",2
"(15, 23, 31)",2
"(15, 23, 32)",2
"(15, 24, 27)",2
"(15, 24, 31)",2
"(15, 24, 37)",2
"(15, 24, 41)",2
"(15, 25, 26)",2
"(15, 25, 31)",2
"(15, 25, 39)",2
"(15, 25, 45)",2
"(15, 26, 31)",2
"(15, 26, 33)",2
"(15, 26, 35)",2
"(15, 26, 44)",2
"(15, 27, 28)",2
"(15, 27, 32)",2
"(15, 27, 39)",2
"(15, 27, 43)",2
"(15, 28, 30)",2
"(15, 28, 31)",2
"(15, 28, 34)",2
"(15, 28, 36)",2
"(15, 28, 40)",2
"(15, 28, 42)",2
"(15, 28, 44)",2
"(15, 29, 30)",2
"(15, 29, 32)",2
"(15, 29, 34)",2
"(15, 29, 38)",2
"(15, 29, 44)",2
"(15, 30, 32)",2
"(15, 30, 45)",2
"(15, 31, 32)",2
"(15, 31, 33)",2
"(15, 31, 35)",2
"(15, 31, 41)",2
"(15, 31, 43)",2
"(15, 32, 33)",2
"(15, 32, 38)",2
"(15, 32, 43)",2
"(15, 32, 44)",2
"(15, 33, 37)",2
"(15, 33, 39)",2
"(15, 33, 44)",2
"(15, 34, 41)",2
"(15, 34, 43)",2
"(15, 34, 44)",2
"(15, 35, 36)",2
"(15, 35, 37)",2
"(15, 35, 43)",2
"(15, 36, 40)",2
"(15, 36, 44)",2
"(15, 37, 42)",2
"(15, 37, 45)",2
"(15, 38, 41)",2
"(15, 38, 45)",2
"(15, 39, 40)",2
"(15, 39, 42)",2
"(15, 39, 45)",2
"(15, 40, 41)",2
"(15, 40, 43)",2
"(15, 40, 44)",2
"(15, 42, 43)",2
"(15, 42, 45)",2
"(15, 44, 45)",2
"(16, 17, 25)",2
"(16, 17, 26)",2
"(16, 17, 27)",2
"(16, 17, 33)",2
"(16, 17, 36)",2
"(16, 17, 38)",2
"(16, 17, 39)",2
"(16, 18, 28)",2
"(16, 18, 29)",2
"(16, 18, 30)",2
"(16, 18, 44)",2
"(16, 19, 23)",2
"(16, 19, 25)",2
"(16, 19, 28)",2
"(16, 19, 32)",2
"(16, 19, 34)",2
"(16, 19, 35)",2
"(16, 19, 40)",2
"(16, 19, 42)",2
"(16, 19, 43)",2
"(16, 20, 32)",2
"(16, 20, 38)",2
"(16, 21, 24)",2
"(16, 21, 27)",2
"(16, 21, 33)",2
"(16, 21, 36)",2
"(16, 21, 45)",2
"(16, 22, 29)",2
"(16, 22, 32)",2
"(16, 22, 36)",2
"(16, 22, 38)",2
"(16, 22, 44)",2
"(16, 23, 26)",2
"(16, 23, 27)",2
"(16, 23, 29)",2
"(16, 23, 30)",2
"(16, 23, 33)",2
"(16, 23, 40)",2
"(16, 23, 44)",2
"(16, 23, 45)",2
"(16, 24, 27)",2
"(16, 24, 28)",2
"(16, 24, 30)",2
"(16, 24, 31)",2
"(16, 24, 33)",2
"(16, 24, 34)",2
"(16, 24, 35)",2
"(16, 24, 36)",2
"(16, 24, 41)",2
"(16, 25, 33)",2
"(16, 25, 37)",2
"(16, 25, 40)",2
"(16, 25, 42)",2
"(16, 26, 27)",2
"(16, 26, 33)",2
"(16, 26, 35)",2
"(16, 26, 38)",2
"(16, 26, 40)",2
"(16, 27, 31)",2
"(16, 27, 32)",2
"(16, 27, 36)",2
"(16, 27, 37)",2
"(16, 27, 39)",2
"(16, 27, 40)",2
"(16, 28, 33)",2
"(16, 28, 40)",2
"(16, 28, 42)",2
"(16, 28, 43)",2
"(16, 28, 44)",2
"(16, 28, 45)",2
"(16, 29, 30)",2
"(16, 29, 33)",2
"(16, 29, 36)",2
"(16, 29, 40)",2
"(16, 29, 43)",2
"(16, 29, 44)",2
"(16, 30, 42)",2
"(16, 30, 43)",2
"(16, 30, 44)",2
"(16, 31, 35)",2
"(16, 31, 40)",2
"(16, 31, 44)",2
"(16, 32, 40)",2
"(16, 32, 45)",2
"(16, 33, 34)",2
"(16, 33, 36)",2
"(16, 33, 38)",2
"(16, 33, 39)",2
"(16, 33, 40)",2
"(16, 33, 41)",2
"(16, 33, 44)",2
"(16, 34, 39)",2
"(16, 34, 41)",2
"(16, 35, 36)",2
"(16, 35, 45)",2
"(16, 36, 38)",2
"(16, 36, 40)",2
"(16, 36, 43)",2
"(16, 37, 38)",2
"(16, 37, 41)",2
"(16, 37, 45)",2
"(16, 38, 42)",2
"(16, 38, 45)",2
"(16, 39, 40)",2
"(16, 41, 44)",2
"(16, 43, 44)",2
"(17, 18, 21)",2
"(17, 18, 29)",2
"(17, 18, 31)",2
"(17, 18, 35)",2
"(17, 18, 36)",2
"(17, 19, 20)",2
"(17, 19, 22)",2
"(17, 19, 23)",2
"(17, 19, 24)",2
"(17, 19, 26)",2
"(17, 19, 27)",2
"(17, 19, 32)",2
"(17, 19, 34)",2
"(17, 19, 35)",2
"(17, 19, 36)",2
"(17, 20, 23)",2
"(17, 20, 24)",2
"(17, 20, 30)",2
"(17, 20, 31)",2
"(17, 20, 34)",2
"(17, 20, 35)",2
"(17, 20, 39)",2
"(17, 20, 42)",2
"(17, 20, 45)",2
"(17, 21, 22)",2
"(17, 21, 27)",2
"(17, 21, 29)",2
"(17, 21, 30)",2
"(17, 21, 35)",2
"(17, 21, 37)",2
"(17, 21, 44)",2
"(17, 22, 24)",2
"(17, 22, 26)",2
"(17, 22, 27)",2
"(17, 22, 29)",2
"(17, 22, 32)",2
"(17, 22, 33)",2
"(17, 22, 36)",2
"(17, 22, 37)",2
"(17, 22, 41)",2
"(17, 23, 26)",2
"(17, 23, 31)",2
"(17, 23, 43)",2
"(17, 23, 45)",2
"(17, 24, 25)",2
"(17, 24, 31)",2
"(17, 24, 36)",2
"(17, 24, 38)",2
"(17, 24, 40)",2
"(17, 24, 42)",2
"(17, 25, 27)",2
"(17, 25, 34)",2
"(17, 26, 29)",2
"(17, 26, 31)",2
"(17, 26, 32)",2
"(17, 26, 40)",2
"(17, 26, 44)",2
"(17, 27, 31)",2
"(17, 27, 35)",2
"(17, 27, 42)",2
"(17, 27, 43)",2
"(17, 28, 30)",2
"(17, 28, 35)",2
"(17, 29, 35)",2
"(17, 29, 39)",2
"(17, 29, 40)",2
"(17, 29, 42)",2
"(17, 29, 44)",2
"(17, 30, 31)",2
"(17, 30, 32)",2
"(17, 30, 33)",2
"(17, 30, 36)",2
"(17, 30, 39)",2
"(17, 30, 43)",2
"(17, 31, 34)",2
"(17, 32, 42)",2
"(17, 32, 43)",2
"(17, 33, 36)",2
"(17, 33, 39)",2
"(17, 33, 40)",2
"(17, 33, 41)",2
"(17, 33, 44)",2
"(17, 34, 36)",2
"(17, 34, 38)",2
"(17, 34, 39)",2
"(17, 34, 42)",2
"(17, 34, 44)",2
"(17, 35, 40)",2
"(17, 35, 43)",2
"(17, 35, 44)",2
"(17, 36, 40)",2
"(17, 36, 42)",2
"(17, 36, 43)",2
"(17, 37, 40)",2
"(17, 37, 41)",2
"(17, 38, 42)",2
"(17, 38, 45)",2
"(17, 39, 42)",2
"(17, 40, 43)",2
"(17, 40, 45)",2
"(17, 41, 42)",2
"(17, 44, 45)",2
"(18, 19, 23)",2
"(18, 19, 26)",2
"(18, 19, 27)",2
"(18, 19, 37)",2
"(18, 19, 38)",2
"(18, 19, 41)",2
"(18, 19, 43)",2
"(18, 20, 21)",2
"(18, 20, 26)",2
"(18, 20, 30)",2
"(18, 20, 33)",2
"(18, 21, 29)",2
"(18, 21, 31)",2
"(18, 21, 32)",2
"(18, 21, 35)",2
"(18, 21, 37)",2
"(18, 21, 39)",2
"(18, 22, 25)",2
"(18, 22, 31)",2
"(18, 22, 34)",2
"(18, 22, 37)",2
"(18, 23, 27)",2
"(18, 23, 28)",2
"(18, 23, 30)",2
"(18, 23, 31)",2
"(18, 23, 34)",2
"(18, 23, 36)",2
"(18, 24, 26)",2
"(18, 24, 30)",2
"(18, 24, 33)",2
"(18, 24, 44)",2
"(18, 25, 27)",2
"(18, 25, 31)",2
"(18, 25, 33)",2
"(18, 25, 41)",2
"(18, 25, 42)",2
"(18, 26, 29)",2
"(18, 26, 33)",2
"(18, 26, 34)",2
"(18, 27, 28)",2
"(18, 27, 40)",2
"(18, 27, 41)",2
"(18, 27, 42)",2
"(18, 28, 29)",2
"(18, 28, 32)",2
"(18, 28, 33)",2
"(18, 28, 35)",2
"(18, 28, 38)",2
"(18, 29, 34)",2
"(18, 29, 35)",2
"(18, 29, 42)",2
"(18, 30, 37)",2
"(18, 30, 40)",2
"(18, 30, 41)",2
"(18, 30, 42)",2
"(18, 30, 44)",2
"(18, 31, 36)",2
"(18, 31, 37)",2
"(18, 31, 38)",2
"(18, 31, 39)",2
"(18, 31, 40)",2
"(18, 32, 34)",2
"(18, 32, 38)",2
"(18, 32, 42)",2
"(18, 33, 37)",2
"(18, 33, 42)",2
"(18, 33, 43)",2
"(18, 33, 45)",2
"(18, 34, 41)",2
"(18, 34, 44)",2
"(18, 34, 45)",2
"(18, 35, 38)",2
"(18, 36, 39)",2
"(18, 37, 42)",2
"(18, 38, 40)",2
"(18, 38, 41)",2
"(18, 38, 43)",2
"(18, 40, 41)",2
"(18, 41, 42)",2
"(18, 41, 45)",2
"(18, 42, 45)",2
"(19, 20, 23)",2
"(19, 20, 31)",2
"(19, 20, 33)",2
"(19, 20, 43)",2
"(19, 20, 45)",2
"(19, 21, 24)",2
"(19, 21, 25)",2
"(19, 21, 28)",2
"(19, 21, 29)",2
"(19, 21, 45)",2
"(19, 22, 23)",2
"(19, 22, 29)",2
"(19, 22, 40)",2
"(19, 22, 43)",2
"(19, 23, 26)",2
"(19, 23, 27)",2
"(19, 23, 29)",2
"(19, 23, 32)",2
"(19, 23, 34)",2
"(19, 23, 37)",2
"(19, 23, 44)",2
"(19, 23, 45)",2
"(19, 24, 25)",2
"(19, 24, 29)",2
"(19, 24, 31)",2
"(19, 24, 33)",2
"(19, 24, 38)",2
"(19, 24, 39)",2
"(19, 24, 41)",2
"(19, 24, 44)",2
"(19, 24, 45)",2
"(19, 25, 29)",2
"(19, 25, 30)",2
"(19, 25, 31)",2
"(19, 25, 35)",2
"(19, 25, 36)",2
"(19, 25, 37)",2
"(19, 25, 39)",2
"(19, 25, 40)",2
"(19, 25, 41)",2
"(19, 25, 42)",2
"(19, 26, 28)",2
"(19, 26, 34)",2
"(19, 26, 40)",2
"(19, 26, 41)",2
"(19, 27, 28)",2
"(19, 27, 32)",2
"(19, 27, 36)",2
"(19, 27, 40)",2
"(19, 27, 42)",2
"(19, 27, 44)",2
"(19, 27, 45)",2
"(19, 28, 31)",2
"(19, 28, 32)",2
"(19, 28, 40)",2
"(19, 28, 43)",2
"(19, 29, 38)",2
"(19, 29, 42)",2
"(19, 29, 43)",2
"(19, 30, 36)",2
"(19, 30, 39)",2
"(19, 31, 39)",2
"(19, 31, 40)",2
"(19, 31, 42)",2
"(19, 32, 33)",2
"(19, 32, 36)",2
"(19, 32, 38)",2
"(19, 32, 42)",2
"(19, 32, 43)",2
"(19, 33, 42)",2
"(19, 34, 35)",2
"(19, 34, 37)",2
"(19, 34, 38)",2
"(19, 34, 43)",2
"(19, 35, 36)",2
"(19, 35, 38)",2
"(19, 35, 42)",2
"(19, 35, 45)",2
"(19, 36, 40)",2
"(19, 36, 43)",2
"(19, 37, 41)",2
"(19, 38, 42)",2
"(19, 38, 45)",2
"(19, 39, 40)",2
"(19, 39, 44)",2
"(19, 39, 45)",2
"(19, 41, 44)",2
"(19, 42, 43)",2
"(19, 42, 45)",2
"(20, 21, 26)",2
"(20, 21, 28)",2
"(20, 21, 33)",2
"(20, 21, 34)",2
"(20, 21, 35)",2
"(20, 21, 37)",2
"(20, 21, 38)",2
"(20, 21, 41)",2
"(20, 22, 33)",2
"(20, 22, 36)",2
"(20, 22, 38)",2
"(20, 22, 39)",2
"(20, 22, 42)",2
"(20, 23, 26)",2
"(20, 23, 28)",2
"(20, 23, 31)",2
"(20, 23, 34)",2
"(20, 23, 36)",2
"(20, 23, 41)",2
"(20, 23, 44)",2
"(20, 24, 26)",2
"(20, 24, 29)",2
"(20, 24, 35)",2
"(20, 24, 37)",2
"(20, 24, 40)",2
"(20, 25, 29)",2
"(20, 25, 38)",2
"(20, 25, 40)",2
"(20, 25, 41)",2
"(20, 26, 27)",2
"(20, 26, 28)",2
"(20, 26, 31)",2
"(20, 26, 34)",2
"(20, 26, 37)",2
"(20, 26, 41)",2
"(20, 26, 42)",2
"(20, 27, 28)",2
"(20, 27, 35)",2
"(20, 28, 31)",2
"(20, 28, 38)",2
"(20, 28, 41)",2
"(20, 28, 45)",2
"(20, 29, 33)",2
"(20, 29, 37)",2
"(20, 29, 40)",2
"(20, 29, 42)",2
"(20, 29, 45)",2
"(20, 30, 31)",2
"(20, 30, 34)",2
"(20, 30, 37)",2
"(20, 30, 44)",2
"(20, 30, 45)",2
"(20, 31, 34)",2
"(20, 31, 35)",2
"(20, 31, 44)",2
"(20, 32, 33)",2
"(20, 32, 36)",2
"(20, 32, 39)",2
"(20, 32, 41)",2
"(20, 32, 42)",2
"(20, 33, 36)",2
"(20, 33, 38)",2
"(20, 33, 39)",2
"(20, 33, 44)",2
"(20, 33, 45)",2
"(20, 34, 37)",2
"(20, 34, 39)",2
"(20, 35, 36)",2
"(20, 35, 37)",2
"(20, 35, 44)",2
"(20, 36, 39)",2
"(20, 36, 40)",2
"(20, 37, 40)",2
"(20, 37, 42)",2
"(20, 37, 43)",2
"(20, 38, 43)",2
"(20, 38, 44)",2
"(20, 38, 45)",2
"(20, 39, 42)",2
"(20, 40, 42)",2
"(20, 42, 43)",2
"(20, 42, 44)",2
"(21, 22, 23)",2
"(21, 22, 27)",2
"(21, 22, 28)",2
"(21, 22, 30)",2
"(21, 22, 33)",2
"(21, 22, 38)",2
"(21, 22, 39)",2
"(21, 23, 32)",2
"(21, 23, 38)",2
"(21, 23, 39)",2
"(21, 23, 40)",2
"(21, 23, 41)",2
"(21, 23, 42)",2
"(21, 24, 28)",2
"(21, 24, 30)",2
"(21, 24, 35)",2
"(21, 24, 37)",2
"(21, 24, 38)",2
"(21, 24, 40)",2
"(21, 24, 43)",2
"(21, 25, 26)",2
"(21, 25, 27)",2
"(21, 25, 28)",2
"(21, 25, 31)",2
"(21, 25, 33)",2
"(21, 25, 34)",2
"(21, 25, 36)",2
"(21, 25, 40)",2
"(21, 25, 43)",2
"(21, 26, 27)",2
"(21, 26, 31)",2
"(21, 26, 32)",2
"(21, 26, 36)",2
"(21, 26, 39)",2
"(21, 26, 42)",2
"(21, 26, 43)",2
"(21, 27, 30)",2
"(21, 27, 35)",2
"(21, 27, 36)",2
"(21, 27, 37)",2
"(21, 27, 40)",2
"(21, 27, 43)",2
"(21, 27, 44)",2
"(21, 28, 35)",2
"(21, 28, 40)",2
"(21, 28, 43)",2
"(21, 28, 45)",2
"(21, 29, 30)",2
"(21, 29, 33)",2
"(21, 29, 36)",2
"(21, 29, 41)",2
"(21, 29, 43)",2
"(21, 30, 31)",2
"(21, 30, 33)",2
"(21, 30, 38)",2
"(21, 30, 39)",2
"(21, 30, 43)",2
"(21, 30, 44)",2
"(21, 31, 34)",2
"(21, 31, 36)",2
"(21, 31, 37)",2
"(21, 31, 38)",2
"(21, 31, 39)",2
"(21, 31, 44)",2
"(21, 31, 45)",2
"(21, 32, 45)",2
"(21, 33, 35)",2
"(21, 33, 42)",2
"(21, 35, 36)",2
"(21, 35, 44)",2
"(21, 36, 37)",2
"(21, 36, 43)",2
"(21, 37, 38)",2
"(21, 37, 40)",2
"(21, 37, 41)",2
"(21, 37, 44)",2
"(21, 37, 45)",2
"(21, 40, 41)",2
"(21, 40, 42)",2
"(21, 40, 44)",2
"(21, 40, 45)",2
"(21, 41, 44)",2
"(21, 43, 45)",2
"(22, 23, 28)",2
"(22, 23, 30)",2
"(22, 23, 32)",2
"(22, 23, 34)",2
"(22, 23, 37)",2
"(22, 23, 39)",2
"(22, 23, 45)",2
"(22, 24, 25)",2
"(22, 24, 33)",2
"(22, 24, 38)",2
"(22, 24, 39)",2
"(22, 24, 41)",2
"(22, 25, 30)",2
"(22, 25, 37)",2
"(22, 25, 38)",2
"(22, 25, 39)",2
"(22, 25, 41)",2
"(22, 25, 42)",2
"(22, 26, 28)",2
"(22, 26, 29)",2
"(22, 27, 30)",2
"(22, 27, 33)",2
"(22, 27, 34)",2
"(22, 27, 36)",2
"(22, 27, 40)",2
"(22, 27, 41)",2
"(22, 27, 43)",2
"(22, 27, 44)",2
"(22, 28, 29)",2
"(22, 28, 30)",2
"(22, 28, 31)",2
"(22, 28, 32)",2
"(22, 28, 33)",2
"(22, 28, 34)",2
"(22, 28, 36)",2
"(22, 28, 38)",2
"(22, 28, 39)",2
"(22, 28, 42)",2
"(22, 28, 43)",2
"(22, 28, 44)",2
"(22, 29, 35)",2
"(22, 29, 36)",2
"(22, 29, 37)",2
"(22, 29, 40)",2
"(22, 29, 41)",2
"(22, 29, 43)",2
"(22, 30, 31)",2
"(22, 30, 36)",2
"(22, 30, 39)",2
"(22, 31, 34)",2
"(22, 32, 34)",2
"(22, 33, 35)",2
"(22, 33, 36)",2
"(22, 33, 37)",2
"(22, 33, 40)",2
"(22, 33, 41)",2
"(22, 33, 43)",2
"(22, 34, 36)",2
"(22, 34, 39)",2
"(22, 34, 40)",2
"(22, 34, 41)",2
"(22, 34, 42)",2
"(22, 34, 45)",2
"(22, 35, 36)",2
"(22, 35, 38)",2
"(22, 35, 43)",2
"(22, 36, 38)",2
"(22, 36, 39)",2
"(22, 36, 42)",2
"(22, 36, 44)",2
"(22, 37, 38)",2
"(22, 37, 39)",2
"(22, 37, 43)",2
"(22, 37, 44)",2
"(22, 38, 43)",2
"(22, 38, 45)",2
"(22, 39, 44)",2
"(22, 41, 44)",2
"(22, 43, 44)",2
"(22, 44, 45)",2
"(23, 24, 29)",2
"(23, 24, 31)",2
"(23, 24, 37)",2
"(23, 24, 38)",2
"(23, 24, 42)",2
"(23, 24, 44)",2
"(23, 25, 28)",2
"(23, 25, 29)",2
"(23, 25, 30)",2
"(23, 25, 33)",2
"(23, 25, 36)",2
"(23, 25, 38)",2
"(23, 25, 40)",2
"(23, 25, 42)",2
"(23, 25, 43)",2
"(23, 25, 44)",2
"(23, 25, 45)",2
"(23, 26, 27)",2
"(23, 26, 28)",2
"(23, 26, 34)",2
"(23, 26, 37)",2
"(23, 26, 39)",2
"(23, 26, 42)",2
"(23, 27, 43)",2
"(23, 28, 29)",2
"(23, 28, 30)",2
"(23, 28, 41)",2
"(23, 28, 42)",2
"(23, 29, 34)",2
"(23, 29, 35)",2
"(23, 29, 39)",2
"(23, 29, 40)",2
"(23, 29, 42)",2
"(23, 30, 33)",2
"(23, 30, 36)",2
"(23, 30, 38)",2
"(23, 30, 39)",2
"(23, 30, 41)",2
"(23, 30, 43)",2
"(23, 30, 44)",2
"(23, 31, 32)",2
"(23, 31, 35)",2
"(23, 31, 43)",2
"(23, 32, 34)",2
"(23, 32, 35)",2
"(23, 32, 36)",2
"(23, 32, 38)",2
"(23, 32, 43)",2
"(23, 32, 45)",2
"(23, 33, 35)",2
"(23, 34, 36)",2
"(23, 34, 40)",2
"(23, 34, 41)",2
"(23, 34, 42)",2
"(23, 35, 37)",2
"(23, 35, 40)",2
"(23, 35, 43)",2
"(23, 35, 44)",2
"(23, 36, 40)",2
"(23, 36, 44)",2
"(23, 37, 45)",2
"(23, 39, 42)",2
"(23, 39, 44)",2
"(23, 39, 45)",2
"(23, 40, 41)",2
"(23, 40, 42)",2
"(23, 40, 45)",2
"(23, 41, 42)",2
"(23, 42, 43)",2
"(23, 42, 45)",2
"(24, 25, 26)",2
"(24, 25, 45)",2
"(24, 26, 28)",2
"(24, 26, 32)",2
"(24, 26, 37)",2
"(24, 26, 38)",2
"(24, 26, 41)",2
"(24, 26, 43)",2
"(24, 26, 44)",2
"(24, 27, 29)",2
"(24, 27, 30)",2
"(24, 27, 31)",2
"(24, 27, 39)",2
"(24, 28, 30)",2
"(24, 28, 34)",2
"(24, 28, 36)",2
"(24, 28, 38)",2
"(24, 28, 40)",2
"(24, 29, 31)",2
"(24, 29, 34)",2
"(24, 29, 36)",2
"(24, 29, 40)",2
"(24, 29, 41)",2
"(24, 29, 43)",2
"(24, 30, 45)",2
"(24, 31, 40)",2
"(24, 31, 42)",2
"(24, 31, 43)",2
"(24, 32, 33)",2
"(24, 32, 37)",2
"(24, 32, 42)",2
"(24, 33, 38)",2
"(24, 33, 40)",2
"(24, 33, 42)",2
"(24, 33, 44)",2
"(24, 34, 36)",2
"(24, 34, 41)",2
"(24, 34, 44)",2
"(24, 35, 36)",2
"(24, 35, 39)",2
"(24, 35, 44)",2
"(24, 36, 42)",2
"(24, 37, 38)",2
"(24, 37, 39)",2
"(24, 37, 40)",2
"(24, 37, 42)",2
"(24, 37, 43)",2
"(24, 37, 45)",2
"(24, 38, 39)",2
"(24, 38, 41)",2
"(24, 38, 45)",2
"(24, 40, 41)",2
"(24, 40, 45)",2
"(24, 41, 42)",2
"(24, 42, 43)",2
"(24, 43, 44)",2
"(25, 26, 29)",2
"(25, 26, 32)",2
"(25, 26, 33)",2
"(25, 26, 37)",2
"(25, 26, 38)",2
"(25, 26, 42)",2
"(25, 27, 32)",2
"(25, 27, 34)",2
"(25, 27, 40)",2
"(25, 27, 41)",2
"(25, 28, 29)",2
"(25, 28, 30)",2
"(25, 28, 33)",2
"(25, 28, 42)",2
"(25, 29, 31)",2
"(25, 29, 37)",2
"(25, 29, 38)",2
"(25, 29, 41)",2
"(25, 30, 32)",2
"(25, 30, 35)",2
"(25, 30, 39)",2
"(25, 30, 42)",2
"(25, 31, 34)",2
"(25, 31, 38)",2
"(25, 31, 40)",2
"(25, 31, 41)",2
"(25, 32, 33)",2
"(25, 32, 44)",2
"(25, 33, 34)",2
"(25, 33, 37)",2
"(25, 33, 41)",2
"(25, 33, 43)",2
"(25, 33, 44)",2
"(25, 34, 36)",2
"(25, 34, 37)",2
"(25, 34, 40)",2
"(25, 34, 43)",2
"(25, 34, 44)",2
"(25, 35, 40)",2
"(25, 35, 42)",2
"(25, 36, 38)",2
"(25, 36, 40)",2
"(25, 36, 42)",2
"(25, 37, 38)",2
"(25, 37, 42)",2
"(25, 38, 40)",2
"(25, 38, 41)",2
"(25, 38, 44)",2
"(25, 40, 43)",2
"(25, 41, 43)",2
"(25, 41, 44)",2
"(25, 43, 45)",2
"(26, 27, 28)",2
"(26, 27, 33)",2
"(26, 27, 38)",2
"(26, 27, 41)",2
"(26, 27, 43)",2
"(26, 28, 29)",2
"(26, 28, 31)",2
"(26, 28, 33)",2
"(26, 28, 36)",2
"(26, 28, 39)",2
"(26, 28, 41)",2
"(26, 28, 43)",2
"(26, 28, 44)",2
"(26, 29, 32)",2
"(26, 29, 33)",2
"(26, 29, 36)",2
"(26, 30, 36)",2
"(26, 30, 40)",2
"(26, 31, 35)",2
"(26, 31, 37)",2
"(26, 31, 39)",2
"(26, 31, 40)",2
"(26, 31, 44)",2
"(26, 32, 40)",2
"(26, 33, 40)",2
"(26, 34, 38)",2
"(26, 35, 38)",2
"(26, 35, 39)",2
"(26, 35, 40)",2
"(26, 36, 39)",2
"(26, 36, 44)",2
"(26, 37, 41)",2
"(26, 37, 42)",2
"(26, 37, 43)",2
"(26, 39, 41)",2
"(26, 40, 45)",2
"(26, 42, 43)",2
"(26, 42, 44)",2
"(26, 42, 45)",2
"(27, 28, 31)",2
"(27, 28, 32)",2
"(27, 28, 37)",2
"(27, 28, 42)",2
"(27, 29, 30)",2
"(27, 29, 38)",2
"(27, 29, 42)",2
"(27, 29, 44)",2
"(27, 30, 33)",2
"(27, 30, 39)",2
"(27, 30, 40)",2
"(27, 30, 41)",2
"(27, 30, 44)",2
"(27, 31, 35)",2
"(27, 31, 40)",2
"(27, 31, 41)",2
"(27, 32, 34)",2
"(27, 32, 36)",2
"(27, 32, 41)",2
"(27, 32, 42)",2
"(27, 33, 38)",2
"(27, 33, 41)",2
"(27, 33, 42)",2
"(27, 34, 38)",2
"(27, 34, 42)",2
"(27, 35, 36)",2
"(27, 35, 37)",2
"(27, 35, 38)",2
"(27, 35, 39)",2
"(27, 35, 43)",2
"(27, 35, 44)",2
"(27, 36, 39)",2
"(27, 36, 43)",2
"(27, 37, 39)",2
"(27, 37, 42)",2
"(27, 38, 41)",2
"(27, 38, 43)",2
"(27, 39, 43)",2
"(27, 40, 41)",2
"(27, 42, 44)",2
"(27, 43, 45)",2
"(27, 44, 45)",2
"(28, 29, 37)",2
"(28, 29, 38)",2
"(28, 29, 40)",2
"(28, 29, 43)",2
"(28, 29, 44)",2
"(28, 30, 31)",2
"(28, 30, 35)",2
"(28, 30, 42)",2
"(28, 30, 43)",2
"(28, 31, 35)",2
"(28, 31, 36)",2
"(28, 31, 38)",2
"(28, 31, 43)",2
"(28, 32, 36)",2
"(28, 32, 37)",2
"(28, 32, 42)",2
"(28, 32, 43)",2
"(28, 33, 40)",2
"(28, 33, 42)",2
"(28, 33, 43)",2
"(28, 34, 42)",2
"(28, 34, 44)",2
"(28, 35, 40)",2
"(28, 35, 41)",2
"(28, 35, 42)",2
"(28, 36, 39)",2
"(28, 36, 43)",2
"(28, 36, 45)",2
"(28, 37, 38)",2
"(28, 38, 40)",2
"(28, 38, 41)",2
"(28, 39, 44)",2
"(28, 39, 45)",2
"(28, 40, 43)",2
"(28, 41, 42)",2
"(28, 42, 45)",2
"(29, 31, 32)",2
"(29, 31, 34)",2
"(29, 31, 37)",2
"(29, 31, 38)",2
"(29, 31, 39)",2
"(29, 31, 43)",2
"(29, 32, 34)",2
"(29, 32, 36)",2
"(29, 32, 37)",2
"(29, 32, 40)",2
"(29, 32, 42)",2
"(29, 32, 45)",2
"(29, 33, 35)",2
"(29, 33, 38)",2
"(29, 33, 39)",2
"(29, 33, 42)",2
"(29, 33, 44)",2
"(29, 34, 36)",2
"(29, 34, 39)",2
"(29, 34, 44)",2
"(29, 35, 37)",2
"(29, 35, 42)",2
"(29, 36, 41)",2
"(29, 36, 42)",2
"(29, 36, 43)",2
"(29, 36, 44)",2
"(29, 37, 41)",2
"(29, 37, 44)",2
"(29, 38, 42)",2
"(29, 39, 43)",2
"(29, 41, 43)",2
"(29, 41, 44)",2
"(29, 41, 45)",2
"(29, 43, 45)",2
"(30, 31, 35)",2
"(30, 32, 38)",2
"(30, 32, 40)",2
"(30, 32, 42)",2
"(30, 33, 35)",2
"(30, 33, 40)",2
"(30, 33, 42)",2
"(30, 33, 45)",2
"(30, 34, 43)",2
"(30, 34, 44)",2
"(30, 34, 45)",2
"(30, 35, 37)",2
"(30, 35, 39)",2
"(30, 35, 40)",2
"(30, 35, 44)",2
"(30, 36, 38)",2
"(30, 36, 43)",2
"(30, 36, 44)",2
"(30, 37, 38)",2
"(30, 37, 43)",2
"(30, 37, 45)",2
"(30, 38, 40)",2
"(30, 39, 45)",2
"(30, 40, 41)",2
"(30, 40, 44)",2
"(30, 42, 45)",2
"(30, 43, 45)",2
"(31, 32, 38)",2
"(31, 32, 39)",2
"(31, 32, 42)",2
"(31, 32, 44)",2
"(31, 33, 34)",2
"(31, 33, 37)",2
"(31, 33, 43)",2
"(31, 33, 44)",2
"(31, 33, 45)",2
"(31, 34, 35)",2
"(31, 34, 39)",2
"(31, 34, 41)",2
"(31, 35, 41)",2
"(31, 36, 41)",2
"(31, 36, 44)",2
"(31, 36, 45)",2
"(31, 37, 39)",2
"(31, 37, 44)",2
"(31, 38, 40)",2
"(31, 38, 44)",2
"(31, 38, 45)",2
"(31, 40, 43)",2
"(31, 42, 43)",2
"(31, 42, 44)",2
"(31, 42, 45)",2
"(32, 33, 37)",2
"(32, 33, 44)",2
"(32, 34, 36)",2
"(32, 34, 38)",2
"(32, 34, 39)",2
"(32, 34, 40)",2
"(32, 34, 41)",2
"(32, 35, 39)",2
"(32, 35, 42)",2
"(32, 35, 44)",2
"(32, 36, 39)",2
"(32, 36, 41)",2
"(32, 37, 42)",2
"(32, 38, 39)",2
"(32, 40, 42)",2
"(32, 40, 44)",2
"(32, 40, 45)",2
"(33, 34, 36)",2
"(33, 34, 45)",2
"(33, 35, 42)",2
"(33, 35, 44)",2
"(33, 35, 45)",2
"(33, 36, 39)",2
"(33, 36, 41)",2
"(33, 36, 42)",2
"(33, 36, 44)",2
"(33, 37, 39)",2
"(33, 37, 43)",2
"(33, 37, 44)",2
"(33, 38, 40)",2
"(33, 38, 42)",2
"(33, 38, 43)",2
"(33, 39, 45)",2
"(33, 40, 44)",2
"(33, 41, 43)",2
"(33, 42, 44)",2
"(34, 35, 38)",2
"(34, 35, 43)",2
"(34, 37, 42)",2
"(34, 37, 43)",2
"(34, 37, 44)",2
"(34, 39, 41)",2
"(34, 39, 43)",2
"(34, 40, 42)",2
"(34, 41, 44)",2
"(35, 36, 37)",2
"(35, 36, 38)",2
"(35, 37, 40)",2
"(35, 37, 41)",2
"(35, 37, 42)",2
"(35, 37, 43)",2
"(35, 37, 44)",2
"(35, 38, 40)",2
"(35, 38, 41)",2
"(35, 39, 41)",2
"(35, 39, 42)",2
"(35, 40, 41)",2
"(35, 40, 43)",2
"(35, 41, 44)",2
"(35, 42, 43)",2
"(35, 42, 45)",2
"(36, 37, 39)",2
"(36, 37, 40)",2
"(36, 37, 44)",2
"(36, 38, 44)",2
"(36, 39, 45)",2
"(36, 40, 41)",2
"(36, 40, 42)",2
"(36, 41, 43)",2
"(36, 42, 44)",2
"(36, 43, 45)",2
"(37, 38, 40)",2
"(37, 38, 42)",2
"(37, 39, 40)",2
"(37, 39, 43)",2
"(37, 40, 44)",2
"(37, 41, 42)",2
"(37, 41, 45)",2
"(37, 42, 44)",2
"(38, 39, 42)",2
"(38, 40, 41)",2
"(38, 41, 43)",2
"(38, 42, 44)",2
"(39, 40, 42)",2
"(39, 40, 45)",2
"(39, 42, 44)",2
"(40, 41, 42)",2
"(40, 41, 43)",2
"(40, 41, 44)",2
"(40, 42, 45)",2
"(40, 43, 44)",2
"(41, 42, 43)",2
"(41, 42, 45)",2
"(41, 44, 45)",2
"(42, 43, 44)",2
"(42, 44, 45)",2
"(0, 0, 0)",1
"(1, 2, 3)",1
"(1, 2, 4)",1
"(1, 2, 5)",1
"(1, 2, 7)",1
"(1, 2, 8)",1
"(1, 2, 16)",1
"(1, 2, 17)",1
"(1, 2, 18)",1
"(1, 2, 20)",1
"(1, 2, 21)",1
"(1, 2, 22)",1
"(1, 2, 23)",1
"(1, 2, 24)",1
"(1, 2, 25)",1
"(1, 2, 36)",1
"(1, 2, 38)",1
"(1, 2, 45)",1
"(1, 3, 8)",1
"(1, 3, 10)",1
"(1, 3, 11)",1
"(1, 3, 17)",1
"(1, 3, 21)",1
"(1, 3, 23)",1
"(1, 3, 27)",1
"(1, 3, 31)",1
"(1, 3, 32)",1
"(1, 3, 35)",1
"(1, 3, 39)",1
"(1, 3, 42)",1
"(1, 3, 43)",1
"(1, 4, 8)",1
"(1, 4, 10)",1
"(1, 4, 12)",1
"(1, 4, 13)",1
"(1, 4, 14)",1
"(1, 4, 15)",1
"(1, 4, 16)",1
"(1, 4, 19)",1
"(1, 4, 25)",1
"(1, 4, 27)",1
"(1, 4, 28)",1
"(1, 4, 31)",1
"(1, 4, 40)",1
"(1, 4, 41)",1
"(1, 4, 42)",1
"(1, 4, 43)",1
"(1, 4, 44)",1
"(1, 4, 45)",1
"(1, 5, 9)",1
"(1, 5, 10)",1
"(1, 5, 13)",1
"(1, 5, 14)",1
"(1, 5, 17)",1
"(1, 5, 20)",1
"(1, 5, 23)",1
"(1, 5, 28)",1
"(1, 5, 29)",1
"(1, 5, 32)",1
"(1, 5, 34)",1
"(1, 5, 38)",1
"(1, 5, 40)",1
"(1, 5, 41)",1
"(1, 5, 43)",1
"(1, 6, 12)",1
"(1, 6, 13)",1
"(1, 6, 15)",1
"(1, 6, 18)",1
"(1, 6, 20)",1
"(1, 6, 25)",1
"(1, 6, 27)",1
"(1, 6, 28)",1
"(1, 6, 30)",1
"(1, 6, 33)",1
"(1, 6, 44)",1
"(1, 7, 10)",1
"(1, 7, 11)",1
"(1, 7, 12)",1
"(1, 7, 13)",1
"(1, 7, 14)",1
"(1, 7, 18)",1
"(1, 7, 21)",1
"(1, 7, 28)",1
"(1, 7, 31)",1
"(1, 7, 39)",1
"(1, 7, 41)",1
"(1, 7, 42)",1
"(1, 7, 44)",1
"(1, 8, 9)",1
"(1, 8, 15)",1
"(1, 8, 16)",1
"(1, 8, 17)",1
"(1, 8, 18)",1
"(1, 8, 23)",1
"(1, 8, 26)",1
"(1, 8, 28)",1
"(1, 8, 29)",1
"(1, 8, 34)",1
"(1, 8, 35)",1
"(1, 8, 37)",1
"(1, 8, 39)",1
"(1, 8, 40)",1
"(1, 8, 41)",1
"(1, 8, 42)",1
"(1, 8, 43)",1
"(1, 9, 11)",1
"(1, 9, 14)",1
"(1, 9, 18)",1
"(1, 9, 20)",1
"(1, 9, 33)",1
"(1, 9, 34)",1
"(1, 9, 39)",1
"(1, 10, 13)",1
"(1, 10, 14)",1
"(1, 10, 17)",1
"(1, 10, 20)",1
"(1, 10, 34)",1
"(1, 10, 38)",1
"(1, 10, 40)",1
"(1, 10, 41)",1
"(1, 10, 43)",1
"(1, 10, 44)",1
"(1, 10, 45)",1
"(1, 11, 14)",1
"(1, 11, 16)",1
"(1, 11, 17)",1
"(1, 11, 19)",1
"(1, 11, 20)",1
"(1, 11, 27)",1
"(1, 11, 28)",1
"(1, 11, 29)",1
"(1, 11, 30)",1
"(1, 11, 32)",1
"(1, 11, 33)",1
"(1, 11, 35)",1
"(1, 11, 37)",1
"(1, 11, 38)",1
"(1, 11, 39)",1
"(1, 11, 41)",1
"(1, 11, 42)",1
"(1, 12, 14)",1
"(1, 12, 15)",1
"(1, 12, 19)",1
"(1, 12, 21)",1
"(1, 12, 22)",1
"(1, 12, 24)",1
"(1, 12, 27)",1
"(1, 12, 32)",1
"(1, 12, 34)",1
"(1, 12, 35)",1
"(1, 12, 36)",1
"(1, 12, 37)",1
"(1, 12, 40)",1
"(1, 12, 42)",1
"(1, 12, 43)",1
"(1, 12, 45)",1
"(1, 13, 14)",1
"(1, 13, 16)",1
"(1, 13, 20)",1
"(1, 13, 21)",1
"(1, 13, 23)",1
"(1, 13, 25)",1
"(1, 13, 29)",1
"(1, 13, 31)",1
"(1, 13, 32)",1
"(1, 13, 33)",1
"(1, 13, 34)",1
"(1, 13, 35)",1
"(1, 13, 41)",1
"(1, 13, 45)",1
"(1, 14, 17)",1
"(1, 14, 26)",1
"(1, 14, 27)",1
"(1, 14, 29)",1
"(1, 14, 39)",1
"(1, 14, 40)",1
"(1, 14, 42)",1
"(1, 15, 17)",1
"(1, 15, 20)",1
"(1, 15, 22)",1
"(1, 15, 24)",1
"(1, 15, 27)",1
"(1, 15, 35)",1
"(1, 15, 36)",1
"(1, 15, 38)",1
"(1, 15, 39)",1
"(1, 15, 41)",1
"(1, 15, 44)",1
"(1, 16, 19)",1
"(1, 16, 23)",1
"(1, 16, 24)",1
"(1, 16, 30)",1
"(1, 16, 33)",1
"(1, 16, 35)",1
"(1, 16, 38)",1
"(1, 16, 39)",1
"(1, 16, 40)",1
"(1, 16, 43)",1
"(1, 16, 45)",1
"(1, 17, 18)",1
"(1, 17, 23)",1
"(1, 17, 27)",1
"(1, 17, 32)",1
"(1, 17, 36)",1
"(1, 17, 43)",1
"(1, 18, 19)",1
"(1, 18, 21)",1
"(1, 18, 25)",1
"(1, 18, 39)",1
"(1, 18, 40)",1
"(1, 18, 43)",1
"(1, 19, 20)",1
"(1, 19, 26)",1
"(1, 19, 30)",1
"(1, 19, 31)",1
"(1, 19, 34)",1
"(1, 20, 24)",1
"(1, 20, 25)",1
"(1, 20, 28)",1
"(1, 20, 30)",1
"(1, 20, 33)",1
"(1, 20, 37)",1
"(1, 20, 38)",1
"(1, 20, 41)",1
"(1, 20, 42)",1
"(1, 20, 45)",1
"(1, 21, 22)",1
"(1, 21, 23)",1
"(1, 21, 24)",1
"(1, 21, 27)",1
"(1, 21, 30)",1
"(1, 21, 31)",1
"(1, 21, 32)",1
"(1, 21, 34)",1
"(1, 21, 37)",1
"(1, 21, 42)",1
"(1, 21, 43)",1
"(1, 21, 45)",1
"(1, 22, 24)",1
"(1, 22, 26)",1
"(1, 22, 29)",1
"(1, 22, 35)",1
"(1, 23, 24)",1
"(1, 23, 26)",1
"(1, 23, 35)",1
"(1, 23, 36)",1
"(1, 23, 38)",1
"(1, 23, 39)",1
"(1, 23, 42)",1
"(1, 23, 44)",1
"(1, 24, 25)",1
"(1, 24, 32)",1
"(1, 24, 34)",1
"(1, 24, 35)",1
"(1, 24, 37)",1
"(1, 24, 39)",1
"(1, 24, 44)",1
"(1, 25, 34)",1
"(1, 25, 41)",1
"(1, 26, 28)",1
"(1, 26, 32)",1
"(1, 26, 35)",1
"(1, 26, 39)",1
"(1, 26, 40)",1
"(1, 27, 33)",1
"(1, 27, 35)",1
"(1, 27, 37)",1
"(1, 27, 38)",1
"(1, 27, 41)",1
"(1, 27, 44)",1
"(1, 27, 45)",1
"(1, 28, 29)",1
"(1, 28, 30)",1
"(1, 28, 32)",1
"(1, 28, 33)",1
"(1, 28, 34)",1
"(1, 28, 39)",1
"(1, 28, 42)",1
"(1, 29, 39)",1
"(1, 29, 40)",1
"(1, 29, 42)",1
"(1, 29, 43)",1
"(1, 30, 33)",1
"(1, 30, 34)",1
"(1, 30, 37)",1
"(1, 31, 41)",1
"(1, 32, 34)",1
"(1, 32, 35)",1
"(1, 32, 39)",1
"(1, 32, 41)",1
"(1, 32, 42)",1
"(1, 32, 43)",1
"(1, 33, 35)",1
"(1, 33, 41)",1
"(1, 34, 39)",1
"(1, 34, 42)",1
"(1, 34, 44)",1
"(1, 35, 38)",1
"(1, 35, 40)",1
"(1, 36, 37)",1
"(1, 36, 38)",1
"(1, 36, 41)",1
"(1, 36, 42)",1
"(1, 37, 39)",1
"(1, 37, 43)",1
"(1, 39, 43)",1
"(1, 39, 44)",1
"(1, 40, 45)",1
"(1, 41, 43)",1
"(1, 41, 45)",1
"(2, 3, 9)",1
"(2, 3, 12)",1
"(2, 3, 17)",1
"(2, 3, 19)",1
"(2, 3, 22)",1
"(2, 3, 23)",1
"(2, 3, 28)",1
"(2, 3, 33)",1
"(2, 3, 34)",1
"(2, 3, 35)",1
"(2, 3, 39)",1
"(2, 4, 7)",1
"(2, 4, 9)",1
"(2, 4, 11)",1
"(2, 4, 12)",1
"(2, 4, 13)",1
"(2, 4, 15)",1
"(2, 4, 16)",1
"(2, 4, 22)",1
"(2, 4, 23)",1
"(2, 4, 24)",1
"(2, 4, 27)",1
"(2, 4, 28)",1
"(2, 4, 29)",1
"(2, 4, 32)",1
"(2, 4, 33)",1
"(2, 4, 34)",1
"(2, 4, 36)",1
"(2, 4, 38)",1
"(2, 4, 40)",1
"(2, 4, 41)",1
"(2, 5, 13)",1
"(2, 5, 17)",1
"(2, 5, 21)",1
"(2, 5, 26)",1
"(2, 5, 32)",1
"(2, 5, 33)",1
"(2, 5, 35)",1
"(2, 5, 36)",1
"(2, 5, 38)",1
"(2, 5, 44)",1
"(2, 6, 7)",1
"(2, 6, 9)",1
"(2, 6, 15)",1
"(2, 6, 17)",1
"(2, 6, 22)",1
"(2, 6, 23)",1
"(2, 6, 28)",1
"(2, 6, 30)",1
"(2, 6, 34)",1
"(2, 6, 36)",1
"(2, 6, 42)",1
"(2, 6, 44)",1
"(2, 6, 45)",1
"(2, 7, 19)",1
"(2, 7, 20)",1
"(2, 7, 30)",1
"(2, 7, 31)",1
"(2, 7, 32)",1
"(2, 7, 35)",1
"(2, 7, 36)",1
"(2, 7, 37)",1
"(2, 7, 39)",1
"(2, 7, 41)",1
"(2, 7, 44)",1
"(2, 7, 45)",1
"(2, 8, 9)",1
"(2, 8, 11)",1
"(2, 8, 12)",1
"(2, 8, 13)",1
"(2, 8, 18)",1
"(2, 8, 21)",1
"(2, 8, 22)",1
"(2, 8, 30)",1
"(2, 8, 33)",1
"(2, 8, 35)",1
"(2, 8, 39)",1
"(2, 8, 41)",1
"(2, 8, 42)",1
"(2, 8, 43)",1
"(2, 9, 17)",1
"(2, 9, 20)",1
"(2, 9, 22)",1
"(2, 9, 23)",1
"(2, 9, 25)",1
"(2, 9, 27)",1
"(2, 9, 29)",1
"(2, 9, 32)",1
"(2, 9, 34)",1
"(2, 9, 39)",1
"(2, 9, 45)",1
"(2, 10, 11)",1
"(2, 10, 12)",1
"(2, 10, 21)",1
"(2, 10, 26)",1
"(2, 10, 33)",1
"(2, 10, 35)",1
"(2, 10, 39)",1
"(2, 10, 41)",1
"(2, 10, 42)",1
"(2, 10, 44)",1
"(2, 10, 45)",1
"(2, 11, 12)",1
"(2, 11, 16)",1
"(2, 11, 17)",1
"(2, 11, 19)",1
"(2, 11, 22)",1
"(2, 11, 23)",1
"(2, 11, 29)",1
"(2, 11, 31)",1
"(2, 11, 35)",1
"(2, 11, 37)",1
"(2, 11, 39)",1
"(2, 11, 42)",1
"(2, 11, 45)",1
"(2, 12, 13)",1
"(2, 12, 16)",1
"(2, 12, 17)",1
"(2, 12, 20)",1
"(2, 12, 21)",1
"(2, 12, 23)",1
"(2, 12, 29)",1
"(2, 12, 32)",1
"(2, 12, 33)",1
"(2, 12, 39)",1
"(2, 13, 19)",1
"(2, 13, 20)",1
"(2, 13, 21)",1
"(2, 13, 25)",1
"(2, 13, 26)",1
"(2, 13, 28)",1
"(2, 13, 38)",1
"(2, 13, 39)",1
"(2, 13, 44)",1
"(2, 14, 17)",1
"(2, 14, 18)",1
"(2, 14, 20)",1
"(2, 14, 22)",1
"(2, 14, 26)",1
"(2, 14, 28)",1
"(2, 14, 33)",1
"(2, 14, 35)",1
"(2, 15, 17)",1
"(2, 15, 25)",1
"(2, 15, 32)",1
"(2, 15, 36)",1
"(2, 15, 37)",1
"(2, 16, 21)",1
"(2, 16, 26)",1
"(2, 16, 27)",1
"(2, 16, 33)",1
"(2, 16, 40)",1
"(2, 16, 42)",1
"(2, 16, 43)",1
"(2, 17, 18)",1
"(2, 17, 20)",1
"(2, 17, 21)",1
"(2, 17, 28)",1
"(2, 17, 30)",1
"(2, 17, 31)",1
"(2, 17, 32)",1
"(2, 17, 33)",1
"(2, 17, 36)",1
"(2, 17, 39)",1
"(2, 17, 40)",1
"(2, 17, 41)",1
"(2, 17, 42)",1
"(2, 17, 45)",1
"(2, 18, 19)",1
"(2, 18, 27)",1
"(2, 18, 30)",1
"(2, 18, 33)",1
"(2, 18, 36)",1
"(2, 18, 40)",1
"(2, 18, 41)",1
"(2, 18, 42)",1
"(2, 18, 44)",1
"(2, 19, 22)",1
"(2, 19, 26)",1
"(2, 19, 27)",1
"(2, 19, 30)",1
"(2, 19, 33)",1
"(2, 19, 36)",1
"(2, 20, 21)",1
"(2, 20, 22)",1
"(2, 20, 26)",1
"(2, 20, 32)",1
"(2, 20, 33)",1
"(2, 20, 36)",1
"(2, 20, 40)",1
"(2, 20, 42)",1
"(2, 20, 43)",1
"(2, 20, 45)",1
"(2, 21, 23)",1
"(2, 21, 24)",1
"(2, 21, 26)",1
"(2, 21, 28)",1
"(2, 21, 32)",1
"(2, 21, 34)",1
"(2, 21, 38)",1
"(2, 21, 39)",1
"(2, 22, 28)",1
"(2, 22, 29)",1
"(2, 22, 30)",1
"(2, 22, 31)",1
"(2, 22, 33)",1
"(2, 22, 34)",1
"(2, 22, 37)",1
"(2, 22, 40)",1
"(2, 22, 41)",1
"(2, 22, 43)",1
"(2, 22, 45)",1
"(2, 23, 28)",1
"(2, 23, 30)",1
"(2, 23, 33)",1
"(2, 23, 39)",1
"(2, 24, 27)",1
"(2, 24, 30)",1
"(2, 24, 35)",1
"(2, 24, 37)",1
"(2, 24, 38)",1
"(2, 24, 43)",1
"(2, 24, 44)",1
"(2, 24, 45)",1
"(2, 25, 26)",1
"(2, 25, 32)",1
"(2, 25, 34)",1
"(2, 25, 38)",1
"(2, 25, 44)",1
"(2, 26, 33)",1
"(2, 26, 34)",1
"(2, 26, 41)",1
"(2, 26, 43)",1
"(2, 26, 44)",1
"(2, 27, 32)",1
"(2, 27, 40)",1
"(2, 27, 43)",1
"(2, 27, 44)",1
"(2, 28, 32)",1
"(2, 28, 37)",1
"(2, 28, 43)",1
"(2, 29, 31)",1
"(2, 29, 34)",1
"(2, 29, 36)",1
"(2, 29, 37)",1
"(2, 29, 39)",1
"(2, 30, 32)",1
"(2, 30, 36)",1
"(2, 30, 37)",1
"(2, 30, 42)",1
"(2, 31, 35)",1
"(2, 31, 36)",1
"(2, 31, 39)",1
"(2, 31, 41)",1
"(2, 32, 33)",1
"(2, 32, 34)",1
"(2, 32, 36)",1
"(2, 32, 37)",1
"(2, 33, 36)",1
"(2, 33, 39)",1
"(2, 33, 43)",1
"(2, 33, 45)",1
"(2, 34, 39)",1
"(2, 34, 44)",1
"(2, 35, 40)",1
"(2, 35, 42)",1
"(2, 35, 45)",1
"(2, 36, 42)",1
"(2, 37, 38)",1
"(2, 38, 39)",1
"(2, 38, 44)",1
"(2, 39, 40)",1
"(2, 39, 42)",1
"(2, 39, 44)",1
"(2, 40, 44)",1
"(2, 42, 43)",1
"(2, 43, 44)",1
"(3, 4, 7)",1
"(3, 4, 10)",1
"(3, 4, 11)",1
"(3, 4, 14)",1
"(3, 4, 16)",1
"(3, 4, 19)",1
"(3, 4, 20)",1
"(3, 4, 21)",1
"(3, 4, 22)",1
"(3, 4, 24)",1
"(3, 4, 28)",1
"(3, 4, 31)",1
"(3, 4, 38)",1
"(3, 4, 40)",1
"(3, 4, 42)",1
"(3, 4, 44)",1
"(3, 4, 45)",1
"(3, 5, 6)",1
"(3, 5, 9)",1
"(3, 5, 11)",1
"(3, 5, 13)",1
"(3, 5, 16)",1
"(3, 5, 22)",1
"(3, 5, 23)",1
"(3, 5, 27)",1
"(3, 5, 36)",1
"(3, 5, 37)",1
"(3, 6, 16)",1
"(3, 6, 22)",1
"(3, 6, 23)",1
"(3, 6, 30)",1
"(3, 6, 31)",1
"(3, 6, 32)",1
"(3, 6, 36)",1
"(3, 6, 38)",1
"(3, 6, 42)",1
"(3, 7, 10)",1
"(3, 7, 16)",1
"(3, 7, 17)",1
"(3, 7, 26)",1
"(3, 7, 27)",1
"(3, 7, 28)",1
"(3, 7, 30)",1
"(3, 7, 31)",1
"(3, 7, 34)",1
"(3, 7, 36)",1
"(3, 7, 37)",1
"(3, 7, 40)",1
"(3, 8, 9)",1
"(3, 8, 11)",1
"(3, 8, 13)",1
"(3, 8, 16)",1
"(3, 8, 17)",1
"(3, 8, 19)",1
"(3, 8, 29)",1
"(3, 8, 38)",1
"(3, 8, 40)",1
"(3, 8, 42)",1
"(3, 9, 11)",1
"(3, 9, 12)",1
"(3, 9, 13)",1
"(3, 9, 14)",1
"(3, 9, 21)",1
"(3, 9, 22)",1
"(3, 9, 26)",1
"(3, 9, 28)",1
"(3, 9, 31)",1
"(3, 9, 34)",1
"(3, 9, 35)",1
"(3, 9, 36)",1
"(3, 9, 43)",1
"(3, 9, 45)",1
"(3, 10, 15)",1
"(3, 10, 16)",1
"(3, 10, 17)",1
"(3, 10, 18)",1
"(3, 10, 24)",1
"(3, 10, 34)",1
"(3, 10, 38)",1
"(3, 10, 41)",1
"(3, 10, 42)",1
"(3, 10, 45)",1
"(3, 11, 20)",1
"(3, 11, 24)",1
"(3, 11, 26)",1
"(3, 11, 32)",1
"(3, 11, 36)",1
"(3, 11, 43)",1
"(3, 12, 14)",1
"(3, 12, 17)",1
"(3, 12, 18)",1
"(3, 12, 20)",1
"(3, 12, 24)",1
"(3, 12, 27)",1
"(3, 12, 28)",1
"(3, 12, 30)",1
"(3, 12, 35)",1
"(3, 12, 36)",1
"(3, 12, 37)",1
"(3, 12, 38)",1
"(3, 12, 42)",1
"(3, 12, 44)",1
"(3, 13, 15)",1
"(3, 13, 17)",1
"(3, 13, 18)",1
"(3, 13, 24)",1
"(3, 13, 25)",1
"(3, 13, 27)",1
"(3, 13, 30)",1
"(3, 13, 33)",1
"(3, 13, 34)",1
"(3, 13, 35)",1
"(3, 13, 42)",1
"(3, 14, 20)",1
"(3, 14, 28)",1
"(3, 14, 32)",1
"(3, 14, 38)",1
"(3, 15, 18)",1
"(3, 15, 23)",1
"(3, 15, 27)",1
"(3, 15, 28)",1
"(3, 15, 31)",1
"(3, 15, 32)",1
"(3, 15, 35)",1
"(3, 15, 38)",1
"(3, 15, 40)",1
"(3, 15, 44)",1
"(3, 15, 45)",1
"(3, 16, 20)",1
"(3, 16, 21)",1
"(3, 16, 23)",1
"(3, 16, 27)",1
"(3, 16, 33)",1
"(3, 16, 34)",1
"(3, 16, 35)",1
"(3, 16, 37)",1
"(3, 16, 40)",1
"(3, 16, 44)",1
"(3, 17, 24)",1
"(3, 17, 26)",1
"(3, 17, 30)",1
"(3, 17, 32)",1
"(3, 17, 36)",1
"(3, 17, 37)",1
"(3, 17, 39)",1
"(3, 18, 20)",1
"(3, 18, 24)",1
"(3, 18, 27)",1
"(3, 18, 32)",1
"(3, 18, 34)",1
"(3, 18, 35)",1
"(3, 18, 39)",1
"(3, 18, 43)",1
"(3, 18, 44)",1
"(3, 19, 26)",1
"(3, 19, 28)",1
"(3, 19, 31)",1
"(3, 19, 33)",1
"(3, 19, 36)",1
"(3, 19, 38)",1
"(3, 19, 42)",1
"(3, 20, 21)",1
"(3, 20, 22)",1
"(3, 20, 24)",1
"(3, 20, 36)",1
"(3, 20, 41)",1
"(3, 21, 23)",1
"(3, 21, 25)",1
"(3, 21, 28)",1
"(3, 21, 30)",1
"(3, 21, 32)",1
"(3, 21, 33)",1
"(3, 21, 34)",1
"(3, 21, 35)",1
"(3, 21, 38)",1
"(3, 21, 43)",1
"(3, 21, 44)",1
"(3, 22, 23)",1
"(3, 22, 24)",1
"(3, 22, 27)",1
"(3, 22, 28)",1
"(3, 22, 29)",1
"(3, 22, 35)",1
"(3, 22, 38)",1
"(3, 22, 40)",1
"(3, 22, 43)",1
"(3, 22, 45)",1
"(3, 23, 27)",1
"(3, 23, 34)",1
"(3, 23, 38)",1
"(3, 23, 42)",1
"(3, 23, 43)",1
"(3, 23, 44)",1
"(3, 24, 28)",1
"(3, 24, 31)",1
"(3, 24, 32)",1
"(3, 24, 33)",1
"(3, 24, 34)",1
"(3, 24, 35)",1
"(3, 24, 39)",1
"(3, 24, 43)",1
"(3, 25, 26)",1
"(3, 25, 27)",1
"(3, 25, 30)",1
"(3, 25, 32)",1
"(3, 25, 34)",1
"(3, 25, 38)",1
"(3, 25, 41)",1
"(3, 25, 44)",1
"(3, 25, 45)",1
"(3, 26, 32)",1
"(3, 26, 37)",1
"(3, 26, 42)",1
"(3, 27, 28)",1
"(3, 27, 29)",1
"(3, 27, 30)",1
"(3, 27, 32)",1
"(3, 27, 38)",1
"(3, 27, 39)",1
"(3, 28, 30)",1
"(3, 28, 37)",1
"(3, 28, 42)",1
"(3, 28, 44)",1
"(3, 29, 34)",1
"(3, 29, 38)",1
"(3, 29, 42)",1
"(3, 30, 33)",1
"(3, 30, 34)",1
"(3, 30, 39)",1
"(3, 31, 33)",1
"(3, 31, 38)",1
"(3, 31, 44)",1
"(3, 32, 33)",1
"(3, 32, 35)",1
"(3, 32, 37)",1
"(3, 32, 39)",1
"(3, 32, 40)",1
"(3, 32, 43)",1
"(3, 32, 45)",1
"(3, 33, 40)",1
"(3, 34, 35)",1
"(3, 34, 38)",1
"(3, 35, 38)",1
"(3, 35, 42)",1
"(3, 35, 44)",1
"(3, 35, 45)",1
"(3, 36, 39)",1
"(3, 36, 42)",1
"(3, 36, 45)",1
"(3, 37, 40)",1
"(3, 37, 41)",1
"(3, 37, 44)",1
"(3, 37, 45)",1
"(3, 38, 41)",1
"(3, 39, 43)",1
"(3, 40, 42)",1
"(3, 40, 44)",1
"(3, 41, 42)",1
"(3, 42, 43)",1
"(3, 42, 45)",1
"(4, 5, 7)",1
"(4, 5, 9)",1
"(4, 5, 11)",1
"(4, 5, 22)",1
"(4, 5, 25)",1
"(4, 5, 26)",1
"(4, 5, 27)",1
"(4, 5, 36)",1
"(4, 5, 43)",1
"(4, 5, 44)",1
"(4, 6, 7)",1
"(4, 6, 9)",1
"(4, 6, 11)",1
"(4, 6, 14)",1
"(4, 6, 23)",1
"(4, 6, 29)",1
"(4, 6, 34)",1
"(4, 6, 38)",1
"(4, 6, 41)",1
"(4, 7, 17)",1
"(4, 7, 18)",1
"(4, 7, 20)",1
"(4, 7, 39)",1
"(4, 7, 42)",1
"(4, 7, 45)",1
"(4, 8, 10)",1
"(4, 8, 11)",1
"(4, 8, 16)",1
"(4, 8, 20)",1
"(4, 8, 26)",1
"(4, 8, 30)",1
"(4, 8, 38)",1
"(4, 8, 39)",1
"(4, 9, 10)",1
"(4, 9, 11)",1
"(4, 9, 14)",1
"(4, 9, 15)",1
"(4, 9, 16)",1
"(4, 9, 21)",1
"(4, 9, 31)",1
"(4, 9, 32)",1
"(4, 9, 39)",1
"(4, 9, 40)",1
"(4, 10, 11)",1
"(4, 10, 17)",1
"(4, 10, 18)",1
"(4, 10, 22)",1
"(4, 10, 25)",1
"(4, 10, 27)",1
"(4, 10, 28)",1
"(4, 10, 29)",1
"(4, 10, 33)",1
"(4, 10, 34)",1
"(4, 10, 37)",1
"(4, 10, 38)",1
"(4, 10, 40)",1
"(4, 10, 42)",1
"(4, 10, 43)",1
"(4, 11, 14)",1
"(4, 11, 15)",1
"(4, 11, 18)",1
"(4, 11, 19)",1
"(4, 11, 20)",1
"(4, 11, 25)",1
"(4, 11, 27)",1
"(4, 11, 31)",1
"(4, 11, 35)",1
"(4, 11, 36)",1
"(4, 11, 41)",1
"(4, 11, 44)",1
"(4, 11, 45)",1
"(4, 12, 15)",1
"(4, 12, 18)",1
"(4, 12, 21)",1
"(4, 12, 24)",1
"(4, 12, 27)",1
"(4, 12, 32)",1
"(4, 12, 34)",1
"(4, 12, 35)",1
"(4, 12, 36)",1
"(4, 12, 41)",1
"(4, 12, 42)",1
"(4, 12, 43)",1
"(4, 13, 14)",1
"(4, 13, 16)",1
"(4, 13, 18)",1
"(4, 13, 20)",1
"(4, 13, 23)",1
"(4, 13, 24)",1
"(4, 13, 27)",1
"(4, 13, 34)",1
"(4, 13, 35)",1
"(4, 13, 40)",1
"(4, 14, 15)",1
"(4, 14, 16)",1
"(4, 14, 20)",1
"(4, 14, 25)",1
"(4, 14, 26)",1
"(4, 14, 29)",1
"(4, 14, 30)",1
"(4, 14, 31)",1
"(4, 14, 35)",1
"(4, 14, 38)",1
"(4, 14, 43)",1
"(4, 15, 21)",1
"(4, 15, 23)",1
"(4, 15, 27)",1
"(4, 15, 28)",1
"(4, 15, 29)",1
"(4, 15, 37)",1
"(4, 15, 38)",1
"(4, 15, 39)",1
"(4, 15, 41)",1
"(4, 15, 42)",1
"(4, 16, 18)",1
"(4, 16, 19)",1
"(4, 16, 25)",1
"(4, 16, 28)",1
"(4, 16, 30)",1
"(4, 16, 31)",1
"(4, 16, 36)",1
"(4, 16, 39)",1
"(4, 16, 41)",1
"(4, 16, 42)",1
"(4, 16, 45)",1
"(4, 17, 19)",1
"(4, 17, 21)",1
"(4, 17, 26)",1
"(4, 17, 34)",1
"(4, 17, 36)",1
"(4, 17, 38)",1
"(4, 17, 42)",1
"(4, 17, 45)",1
"(4, 18, 19)",1
"(4, 18, 20)",1
"(4, 18, 22)",1
"(4, 18, 33)",1
"(4, 18, 35)",1
"(4, 18, 38)",1
"(4, 18, 40)",1
"(4, 18, 42)",1
"(4, 19, 21)",1
"(4, 19, 23)",1
"(4, 19, 26)",1
"(4, 19, 29)",1
"(4, 19, 31)",1
"(4, 19, 32)",1
"(4, 19, 33)",1
"(4, 19, 35)",1
"(4, 19, 38)",1
"(4, 19, 40)",1
"(4, 19, 43)",1
"(4, 19, 44)",1
"(4, 20, 22)",1
"(4, 20, 23)",1
"(4, 20, 25)",1
"(4, 20, 27)",1
"(4, 20, 28)",1
"(4, 20, 36)",1
"(4, 20, 38)",1
"(4, 20, 42)",1
"(4, 20, 43)",1
"(4, 20, 44)",1
"(4, 21, 24)",1
"(4, 21, 25)",1
"(4, 21, 29)",1
"(4, 21, 38)",1
"(4, 21, 41)",1
"(4, 21, 44)",1
"(4, 22, 27)",1
"(4, 22, 29)",1
"(4, 22, 31)",1
"(4, 22, 33)",1
"(4, 22, 39)",1
"(4, 22, 40)",1
"(4, 22, 41)",1
"(4, 23, 28)",1
"(4, 23, 29)",1
"(4, 23, 30)",1
"(4, 23, 31)",1
"(4, 23, 35)",1
"(4, 23, 36)",1
"(4, 23, 37)",1
"(4, 23, 38)",1
"(4, 23, 39)",1
"(4, 23, 44)",1
"(4, 24, 26)",1
"(4, 24, 27)",1
"(4, 24, 28)",1
"(4, 24, 30)",1
"(4, 24, 31)",1
"(4, 24, 33)",1
"(4, 24, 35)",1
"(4, 24, 38)",1
"(4, 24, 41)",1
"(4, 24, 44)",1
"(4, 25, 31)",1
"(4, 25, 37)",1
"(4, 25, 38)",1
"(4, 25, 43)",1
"(4, 25, 45)",1
"(4, 26, 30)",1
"(4, 26, 31)",1
"(4, 26, 34)",1
"(4, 26, 37)",1
"(4, 26, 40)",1
"(4, 26, 44)",1
"(4, 27, 31)",1
"(4, 27, 33)",1
"(4, 27, 34)",1
"(4, 27, 35)",1
"(4, 27, 36)",1
"(4, 27, 39)",1
"(4, 27, 40)",1
"(4, 28, 29)",1
"(4, 28, 30)",1
"(4, 28, 33)",1
"(4, 28, 35)",1
"(4, 28, 37)",1
"(4, 28, 38)",1
"(4, 28, 42)",1
"(4, 28, 45)",1
"(4, 29, 30)",1
"(4, 29, 31)",1
"(4, 29, 32)",1
"(4, 29, 34)",1
"(4, 29, 35)",1
"(4, 29, 39)",1
"(4, 29, 43)",1
"(4, 29, 45)",1
"(4, 30, 34)",1
"(4, 30, 44)",1
"(4, 30, 45)",1
"(4, 31, 35)",1
"(4, 31, 36)",1
"(4, 31, 38)",1
"(4, 31, 39)",1
"(4, 31, 40)",1
"(4, 31, 42)",1
"(4, 31, 44)",1
"(4, 31, 45)",1
"(4, 32, 35)",1
"(4, 32, 43)",1
"(4, 32, 44)",1
"(4, 32, 45)",1
"(4, 33, 34)",1
"(4, 33, 39)",1
"(4, 33, 41)",1
"(4, 33, 43)",1
"(4, 34, 36)",1
"(4, 34, 37)",1
"(4, 35, 37)",1
"(4, 35, 45)",1
"(4, 36, 40)",1
"(4, 36, 42)",1
"(4, 36, 44)",1
"(4, 37, 40)",1
"(4, 37, 41)",1
"(4, 37, 43)",1
"(4, 37, 45)",1
"(4, 38, 39)",1
"(4, 38, 40)",1
"(4, 38, 41)",1
"(4, 38, 44)",1
"(4, 38, 45)",1
"(4, 39, 40)",1
"(4, 39, 43)",1
"(4, 40, 45)",1
"(4, 43, 45)",1
"(4, 44, 45)",1
"(5, 6, 8)",1
"(5, 6, 9)",1
"(5, 6, 11)",1
"(5, 6, 12)",1
"(5, 6, 19)",1
"(5, 6, 25)",1
"(5, 6, 28)",1
"(5, 6, 36)",1
"(5, 6, 37)",1
"(5, 6, 39)",1
"(5, 6, 43)",1
"(5, 6, 44)",1
"(5, 7, 9)",1
"(5, 7, 13)",1
"(5, 7, 16)",1
"(5, 7, 18)",1
"(5, 7, 20)",1
"(5, 7, 24)",1
"(5, 7, 25)",1
"(5, 7, 26)",1
"(5, 7, 36)",1
"(5, 7, 45)",1
"(5, 8, 9)",1
"(5, 8, 14)",1
"(5, 8, 21)",1
"(5, 8, 24)",1
"(5, 8, 29)",1
"(5, 8, 31)",1
"(5, 8, 33)",1
"(5, 8, 36)",1
"(5, 8, 39)",1
"(5, 8, 43)",1
"(5, 9, 10)",1
"(5, 9, 11)",1
"(5, 9, 12)",1
"(5, 9, 19)",1
"(5, 9, 20)",1
"(5, 9, 22)",1
"(5, 9, 24)",1
"(5, 9, 27)",1
"(5, 9, 31)",1
"(5, 9, 33)",1
"(5, 9, 38)",1
"(5, 9, 39)",1
"(5, 9, 43)",1
"(5, 9, 44)",1
"(5, 9, 45)",1
"(5, 10, 14)",1
"(5, 10, 18)",1
"(5, 10, 22)",1
"(5, 10, 36)",1
"(5, 10, 44)",1
"(5, 10, 45)",1
"(5, 11, 16)",1
"(5, 11, 17)",1
"(5, 11, 18)",1
"(5, 11, 19)",1
"(5, 11, 22)",1
"(5, 11, 23)",1
"(5, 11, 24)",1
"(5, 11, 29)",1
"(5, 11, 30)",1
"(5, 11, 31)",1
"(5, 11, 32)",1
"(5, 11, 33)",1
"(5, 11, 34)",1
"(5, 11, 35)",1
"(5, 11, 40)",1
"(5, 11, 43)",1
"(5, 11, 45)",1
"(5, 12, 24)",1
"(5, 12, 32)",1
"(5, 12, 35)",1
"(5, 13, 15)",1
"(5, 13, 19)",1
"(5, 13, 20)",1
"(5, 13, 21)",1
"(5, 13, 26)",1
"(5, 13, 28)",1
"(5, 13, 33)",1
"(5, 13, 38)",1
"(5, 13, 44)",1
"(5, 13, 45)",1
"(5, 14, 19)",1
"(5, 14, 22)",1
"(5, 14, 28)",1
"(5, 14, 30)",1
"(5, 14, 34)",1
"(5, 14, 37)",1
"(5, 14, 40)",1
"(5, 14, 41)",1
"(5, 14, 43)",1
"(5, 15, 18)",1
"(5, 15, 21)",1
"(5, 15, 23)",1
"(5, 15, 24)",1
"(5, 15, 27)",1
"(5, 15, 34)",1
"(5, 15, 35)",1
"(5, 15, 36)",1
"(5, 15, 37)",1
"(5, 16, 19)",1
"(5, 16, 20)",1
"(5, 16, 22)",1
"(5, 16, 26)",1
"(5, 16, 28)",1
"(5, 16, 29)",1
"(5, 16, 32)",1
"(5, 16, 33)",1
"(5, 16, 35)",1
"(5, 16, 37)",1
"(5, 16, 39)",1
"(5, 16, 42)",1
"(5, 16, 44)",1
"(5, 17, 19)",1
"(5, 17, 23)",1
"(5, 17, 26)",1
"(5, 17, 27)",1
"(5, 17, 28)",1
"(5, 17, 29)",1
"(5, 17, 32)",1
"(5, 17, 33)",1
"(5, 17, 45)",1
"(5, 18, 19)",1
"(5, 18, 20)",1
"(5, 18, 22)",1
"(5, 18, 27)",1
"(5, 18, 33)",1
"(5, 18, 35)",1
"(5, 18, 40)",1
"(5, 18, 44)",1
"(5, 19, 21)",1
"(5, 19, 24)",1
"(5, 19, 25)",1
"(5, 19, 35)",1
"(5, 19, 36)",1
"(5, 19, 38)",1
"(5, 19, 40)",1
"(5, 19, 41)",1
"(5, 19, 45)",1
"(5, 20, 24)",1
"(5, 20, 25)",1
"(5, 20, 27)",1
"(5, 20, 33)",1
"(5, 20, 36)",1
"(5, 20, 37)",1
"(5, 20, 44)",1
"(5, 20, 45)",1
"(5, 21, 25)",1
"(5, 21, 26)",1
"(5, 21, 27)",1
"(5, 21, 28)",1
"(5, 21, 33)",1
"(5, 21, 36)",1
"(5, 21, 38)",1
"(5, 21, 40)",1
"(5, 21, 42)",1
"(5, 22, 24)",1
"(5, 22, 27)",1
"(5, 22, 29)",1
"(5, 22, 30)",1
"(5, 22, 31)",1
"(5, 22, 34)",1
"(5, 22, 35)",1
"(5, 22, 40)",1
"(5, 22, 41)",1
"(5, 22, 42)",1
"(5, 22, 43)",1
"(5, 22, 44)",1
"(5, 23, 39)",1
"(5, 23, 41)",1
"(5, 23, 45)",1
"(5, 24, 30)",1
"(5, 24, 32)",1
"(5, 24, 36)",1
"(5, 24, 41)",1
"(5, 24, 43)",1
"(5, 24, 44)",1
"(5, 25, 30)",1
"(5, 25, 32)",1
"(5, 25, 33)",1
"(5, 25, 35)",1
"(5, 25, 36)",1
"(5, 25, 42)",1
"(5, 25, 43)",1
"(5, 26, 28)",1
"(5, 26, 31)",1
"(5, 26, 36)",1
"(5, 26, 39)",1
"(5, 26, 41)",1
"(5, 26, 43)",1
"(5, 27, 31)",1
"(5, 27, 34)",1
"(5, 27, 38)",1
"(5, 27, 41)",1
"(5, 27, 43)",1
"(5, 28, 33)",1
"(5, 28, 34)",1
"(5, 28, 41)",1
"(5, 29, 31)",1
"(5, 29, 34)",1
"(5, 29, 35)",1
"(5, 29, 36)",1
"(5, 29, 39)",1
"(5, 29, 43)",1
"(5, 30, 32)",1
"(5, 30, 38)",1
"(5, 30, 39)",1
"(5, 31, 33)",1
"(5, 31, 34)",1
"(5, 31, 35)",1
"(5, 31, 37)",1
"(5, 31, 38)",1
"(5, 31, 39)",1
"(5, 31, 40)",1
"(5, 32, 33)",1
"(5, 32, 43)",1
"(5, 32, 44)",1
"(5, 33, 34)",1
"(5, 33, 35)",1
"(5, 33, 39)",1
"(5, 33, 42)",1
"(5, 33, 44)",1
"(5, 34, 35)",1
"(5, 34, 36)",1
"(5, 34, 39)",1
"(5, 34, 40)",1
"(5, 34, 41)",1
"(5, 34, 42)",1
"(5, 35, 37)",1
"(5, 35, 38)",1
"(5, 35, 39)",1
"(5, 35, 41)",1
"(5, 36, 37)",1
"(5, 36, 41)",1
"(5, 36, 42)",1
"(5, 37, 41)",1
"(5, 37, 44)",1
"(5, 37, 45)",1
"(5, 38, 39)",1
"(5, 38, 41)",1
"(5, 39, 42)",1
"(5, 39, 44)",1
"(5, 39, 45)",1
"(5, 40, 42)",1
"(5, 40, 43)",1
"(5, 42, 44)",1
"(5, 44, 45)",1
"(6, 7, 11)",1
"(6, 7, 12)",1
"(6, 7, 14)",1
"(6, 7, 19)",1
"(6, 7, 20)",1
"(6, 7, 21)",1
"(6, 7, 24)",1
"(6, 7, 29)",1
"(6, 7, 32)",1
"(6, 7, 33)",1
"(6, 7, 34)",1
"(6, 7, 36)",1
"(6, 7, 37)",1
"(6, 7, 40)",1
"(6, 7, 41)",1
"(6, 7, 45)",1
"(6, 8, 11)",1
"(6, 8, 15)",1
"(6, 8, 16)",1
"(6, 8, 17)",1
"(6, 8, 20)",1
"(6, 8, 23)",1
"(6, 8, 24)",1
"(6, 8, 26)",1
"(6, 8, 30)",1
"(6, 8, 32)",1
"(6, 8, 34)",1
"(6, 8, 35)",1
"(6, 8, 40)",1
"(6, 8, 42)",1
"(6, 8, 45)",1
"(6, 9, 14)",1
"(6, 9, 17)",1
"(6, 9, 19)",1
"(6, 9, 20)",1
"(6, 9, 23)",1
"(6, 9, 24)",1
"(6, 9, 25)",1
"(6, 9, 30)",1
"(6, 9, 32)",1
"(6, 9, 33)",1
"(6, 9, 36)",1
"(6, 9, 37)",1
"(6, 9, 38)",1
"(6, 9, 40)",1
"(6, 9, 45)",1
"(6, 10, 12)",1
"(6, 10, 14)",1
"(6, 10, 25)",1
"(6, 10, 27)",1
"(6, 10, 28)",1
"(6, 10, 33)",1
"(6, 10, 36)",1
"(6, 10, 42)",1
"(6, 11, 12)",1
"(6, 11, 17)",1
"(6, 11, 18)",1
"(6, 11, 22)",1
"(6, 11, 23)",1
"(6, 11, 26)",1
"(6, 11, 41)",1
"(6, 11, 45)",1
"(6, 12, 14)",1
"(6, 12, 15)",1
"(6, 12, 16)",1
"(6, 12, 20)",1
"(6, 12, 22)",1
"(6, 12, 25)",1
"(6, 12, 26)",1
"(6, 12, 28)",1
"(6, 12, 29)",1
"(6, 12, 38)",1
"(6, 12, 41)",1
"(6, 12, 43)",1
"(6, 12, 44)",1
"(6, 12, 45)",1
"(6, 13, 14)",1
"(6, 13, 16)",1
"(6, 13, 23)",1
"(6, 13, 24)",1
"(6, 13, 27)",1
"(6, 13, 28)",1
"(6, 13, 30)",1
"(6, 13, 34)",1
"(6, 13, 38)",1
"(6, 13, 40)",1
"(6, 13, 41)",1
"(6, 13, 42)",1
"(6, 14, 16)",1
"(6, 14, 18)",1
"(6, 14, 20)",1
"(6, 14, 25)",1
"(6, 14, 26)",1
"(6, 14, 27)",1
"(6, 14, 28)",1
"(6, 14, 30)",1
"(6, 14, 35)",1
"(6, 14, 36)",1
"(6, 14, 37)",1
"(6, 14, 41)",1
"(6, 15, 18)",1
"(6, 15, 23)",1
"(6, 15, 25)",1
"(6, 15, 29)",1
"(6, 15, 33)",1
"(6, 15, 35)",1
"(6, 15, 36)",1
"(6, 15, 37)",1
"(6, 15, 38)",1
"(6, 15, 41)",1
"(6, 16, 18)",1
"(6, 16, 22)",1
"(6, 16, 28)",1
"(6, 16, 29)",1
"(6, 16, 33)",1
"(6, 16, 35)",1
"(6, 16, 36)",1
"(6, 16, 39)",1
"(6, 16, 40)",1
"(6, 16, 45)",1
"(6, 17, 21)",1
"(6, 17, 27)",1
"(6, 17, 32)",1
"(6, 17, 34)",1
"(6, 17, 37)",1
"(6, 17, 40)",1
"(6, 18, 21)",1
"(6, 18, 26)",1
"(6, 18, 31)",1
"(6, 18, 36)",1
"(6, 18, 37)",1
"(6, 18, 43)",1
"(6, 19, 20)",1
"(6, 19, 23)",1
"(6, 19, 28)",1
"(6, 19, 36)",1
"(6, 19, 38)",1
"(6, 20, 22)",1
"(6, 20, 27)",1
"(6, 20, 29)",1
"(6, 20, 31)",1
"(6, 20, 38)",1
"(6, 21, 22)",1
"(6, 21, 27)",1
"(6, 21, 28)",1
"(6, 21, 29)",1
"(6, 21, 33)",1
"(6, 21, 34)",1
"(6, 21, 37)",1
"(6, 21, 44)",1
"(6, 21, 45)",1
"(6, 22, 25)",1
"(6, 22, 31)",1
"(6, 22, 35)",1
"(6, 22, 40)",1
"(6, 22, 43)",1
"(6, 23, 24)",1
"(6, 23, 27)",1
"(6, 23, 33)",1
"(6, 23, 40)",1
"(6, 23, 44)",1
"(6, 24, 25)",1
"(6, 24, 30)",1
"(6, 24, 31)",1
"(6, 24, 34)",1
"(6, 24, 41)",1
"(6, 24, 42)",1
"(6, 24, 43)",1
"(6, 24, 44)",1
"(6, 25, 26)",1
"(6, 25, 32)",1
"(6, 25, 33)",1
"(6, 25, 35)",1
"(6, 25, 38)",1
"(6, 25, 43)",1
"(6, 25, 45)",1
"(6, 26, 32)",1
"(6, 26, 39)",1
"(6, 26, 43)",1
"(6, 27, 29)",1
"(6, 27, 35)",1
"(6, 27, 36)",1
"(6, 27, 38)",1
"(6, 27, 40)",1
"(6, 27, 41)",1
"(6, 27, 42)",1
"(6, 28, 34)",1
"(6, 28, 35)",1
"(6, 28, 39)",1
"(6, 28, 42)",1
"(6, 28, 43)",1
"(6, 28, 44)",1
"(6, 29, 30)",1
"(6, 29, 37)",1
"(6, 29, 39)",1
"(6, 29, 42)",1
"(6, 29, 44)",1
"(6, 29, 45)",1
"(6, 30, 34)",1
"(6, 30, 39)",1
"(6, 30, 40)",1
"(6, 30, 43)",1
"(6, 31, 34)",1
"(6, 31, 39)",1
"(6, 31, 42)",1
"(6, 31, 43)",1
"(6, 32, 33)",1
"(6, 32, 41)",1
"(6, 32, 43)",1
"(6, 32, 44)",1
"(6, 34, 35)",1
"(6, 34, 36)",1
"(6, 34, 39)",1
"(6, 34, 40)",1
"(6, 34, 44)",1
"(6, 34, 45)",1
"(6, 35, 37)",1
"(6, 35, 40)",1
"(6, 35, 41)",1
"(6, 35, 44)",1
"(6, 36, 40)",1
"(6, 36, 45)",1
"(6, 37, 42)",1
"(6, 37, 45)",1
"(6, 38, 45)",1
"(6, 40, 41)",1
"(6, 40, 43)",1
"(6, 41, 42)",1
"(6, 41, 45)",1
"(6, 43, 44)",1
"(6, 43, 45)",1
"(7, 7, 7)",1
"(7, 8, 9)",1
"(7, 8, 11)",1
"(7, 8, 13)",1
"(7, 8, 14)",1
"(7, 8, 15)",1
"(7, 8, 19)",1
"(7, 8, 20)",1
"(7, 8, 22)",1
"(7, 8, 27)",1
"(7, 8, 28)",1
"(7, 8, 31)",1
"(7, 8, 32)",1
"(7, 8, 35)",1
"(7, 8, 36)",1
"(7, 8, 40)",1
"(7, 8, 42)",1
"(7, 8, 43)",1
"(7, 8, 45)",1
"(7, 9, 12)",1
"(7, 9, 13)",1
"(7, 9, 14)",1
"(7, 9, 16)",1
"(7, 9, 17)",1
"(7, 9, 18)",1
"(7, 9, 20)",1
"(7, 9, 23)",1
"(7, 9, 24)",1
"(7, 9, 28)",1
"(7, 9, 30)",1
"(7, 9, 31)",1
"(7, 9, 32)",1
"(7, 9, 38)",1
"(7, 9, 39)",1
"(7, 9, 43)",1
"(7, 9, 44)",1
"(7, 10, 11)",1
"(7, 10, 13)",1
"(7, 10, 18)",1
"(7, 10, 19)",1
"(7, 10, 20)",1
"(7, 10, 24)",1
"(7, 10, 32)",1
"(7, 10, 34)",1
"(7, 10, 35)",1
"(7, 10, 36)",1
"(7, 10, 37)",1
"(7, 10, 41)",1
"(7, 10, 43)",1
"(7, 10, 44)",1
"(7, 11, 15)",1
"(7, 11, 16)",1
"(7, 11, 20)",1
"(7, 11, 22)",1
"(7, 11, 25)",1
"(7, 11, 29)",1
"(7, 11, 31)",1
"(7, 11, 32)",1
"(7, 11, 33)",1
"(7, 11, 35)",1
"(7, 11, 37)",1
"(7, 11, 38)",1
"(7, 12, 15)",1
"(7, 12, 21)",1
"(7, 12, 22)",1
"(7, 12, 24)",1
"(7, 12, 25)",1
"(7, 12, 28)",1
"(7, 12, 33)",1
"(7, 12, 35)",1
"(7, 12, 36)",1
"(7, 12, 41)",1
"(7, 12, 43)",1
"(7, 12, 44)",1
"(7, 13, 15)",1
"(7, 13, 17)",1
"(7, 13, 22)",1
"(7, 13, 29)",1
"(7, 13, 30)",1
"(7, 13, 32)",1
"(7, 13, 34)",1
"(7, 13, 36)",1
"(7, 13, 37)",1
"(7, 13, 43)",1
"(7, 14, 23)",1
"(7, 14, 24)",1
"(7, 14, 30)",1
"(7, 14, 35)",1
"(7, 14, 40)",1
"(7, 14, 44)",1
"(7, 15, 23)",1
"(7, 15, 32)",1
"(7, 15, 36)",1
"(7, 15, 37)",1
"(7, 15, 39)",1
"(7, 15, 40)",1
"(7, 15, 41)",1
"(7, 15, 44)",1
"(7, 16, 21)",1
"(7, 16, 23)",1
"(7, 16, 25)",1
"(7, 16, 27)",1
"(7, 16, 29)",1
"(7, 16, 31)",1
"(7, 16, 32)",1
"(7, 16, 36)",1
"(7, 16, 39)",1
"(7, 16, 42)",1
"(7, 16, 43)",1
"(7, 17, 18)",1
"(7, 17, 22)",1
"(7, 17, 27)",1
"(7, 17, 28)",1
"(7, 17, 33)",1
"(7, 17, 36)",1
"(7, 17, 37)",1
"(7, 17, 41)",1
"(7, 18, 21)",1
"(7, 18, 28)",1
"(7, 18, 31)",1
"(7, 18, 33)",1
"(7, 18, 39)",1
"(7, 18, 42)",1
"(7, 18, 44)",1
"(7, 19, 21)",1
"(7, 19, 22)",1
"(7, 19, 29)",1
"(7, 19, 31)",1
"(7, 19, 33)",1
"(7, 19, 37)",1
"(7, 19, 39)",1
"(7, 19, 40)",1
"(7, 19, 42)",1
"(7, 20, 21)",1
"(7, 20, 22)",1
"(7, 20, 26)",1
"(7, 20, 32)",1
"(7, 20, 34)",1
"(7, 20, 37)",1
"(7, 20, 45)",1
"(7, 21, 23)",1
"(7, 21, 25)",1
"(7, 21, 27)",1
"(7, 21, 34)",1
"(7, 21, 36)",1
"(7, 21, 38)",1
"(7, 21, 39)",1
"(7, 21, 41)",1
"(7, 21, 45)",1
"(7, 22, 24)",1
"(7, 22, 26)",1
"(7, 22, 27)",1
"(7, 22, 28)",1
"(7, 22, 29)",1
"(7, 22, 31)",1
"(7, 22, 35)",1
"(7, 22, 36)",1
"(7, 22, 37)",1
"(7, 22, 38)",1
"(7, 22, 39)",1
"(7, 22, 41)",1
"(7, 22, 42)",1
"(7, 22, 45)",1
"(7, 23, 31)",1
"(7, 23, 38)",1
"(7, 23, 42)",1
"(7, 23, 43)",1
"(7, 23, 45)",1
"(7, 24, 27)",1
"(7, 24, 28)",1
"(7, 24, 29)",1
"(7, 24, 30)",1
"(7, 24, 31)",1
"(7, 24, 34)",1
"(7, 24, 44)",1
"(7, 25, 34)",1
"(7, 25, 39)",1
"(7, 26, 39)",1
"(7, 26, 40)",1
"(7, 27, 28)",1
"(7, 27, 34)",1
"(7, 27, 37)",1
"(7, 27, 38)",1
"(7, 27, 40)",1
"(7, 27, 45)",1
"(7, 28, 29)",1
"(7, 28, 33)",1
"(7, 28, 34)",1
"(7, 28, 40)",1
"(7, 28, 41)",1
"(7, 28, 42)",1
"(7, 28, 43)",1
"(7, 28, 45)",1
"(7, 29, 33)",1
"(7, 29, 36)",1
"(7, 29, 38)",1
"(7, 29, 45)",1
"(7, 30, 36)",1
"(7, 30, 37)",1
"(7, 30, 38)",1
"(7, 30, 42)",1
"(7, 31, 32)",1
"(7, 31, 33)",1
"(7, 31, 35)",1
"(7, 31, 37)",1
"(7, 31, 40)",1
"(7, 31, 41)",1
"(7, 31, 42)",1
"(7, 31, 45)",1
"(7, 32, 34)",1
"(7, 32, 37)",1
"(7, 32, 38)",1
"(7, 32, 42)",1
"(7, 33, 34)",1
"(7, 33, 40)",1
"(7, 33, 43)",1
"(7, 34, 35)",1
"(7, 34, 37)",1
"(7, 34, 40)",1
"(7, 34, 41)",1
"(7, 34, 43)",1
"(7, 34, 44)",1
"(7, 35, 38)",1
"(7, 35, 40)",1
"(7, 35, 44)",1
"(7, 36, 38)",1
"(7, 36, 41)",1
"(7, 37, 39)",1
"(7, 37, 40)",1
"(7, 37, 43)",1
"(7, 37, 45)",1
"(7, 38, 41)",1
"(7, 38, 42)",1
"(7, 39, 42)",1
"(7, 39, 45)",1
"(7, 40, 41)",1
"(7, 40, 45)",1
"(7, 41, 43)",1
"(7, 41, 44)",1
"(7, 42, 43)",1
"(7, 43, 45)",1
"(7, 44, 45)",1
"(8, 9, 11)",1
"(8, 9, 14)",1
"(8, 9, 16)",1
"(8, 9, 23)",1
"(8, 9, 24)",1
"(8, 9, 30)",1
"(8, 9, 35)",1
"(8, 9, 39)",1
"(8, 9, 44)",1
"(8, 10, 11)",1
"(8, 10, 14)",1
"(8, 10, 20)",1
"(8, 10, 21)",1
"(8, 10, 24)",1
"(8, 10, 25)",1
"(8, 10, 26)",1
"(8, 10, 34)",1
"(8, 10, 39)",1
"(8, 10, 41)",1
"(8, 10, 45)",1
"(8, 11, 15)",1
"(8, 11, 24)",1
"(8, 11, 30)",1
"(8, 11, 36)",1
"(8, 11, 39)",1
"(8, 11, 41)",1
"(8, 12, 13)",1
"(8, 12, 16)",1
"(8, 12, 32)",1
"(8, 12, 33)",1
"(8, 12, 34)",1
"(8, 12, 35)",1
"(8, 12, 36)",1
"(8, 12, 42)",1
"(8, 12, 43)",1
"(8, 12, 45)",1
"(8, 13, 17)",1
"(8, 13, 19)",1
"(8, 13, 21)",1
"(8, 13, 25)",1
"(8, 13, 31)",1
"(8, 13, 32)",1
"(8, 13, 34)",1
"(8, 13, 35)",1
"(8, 13, 40)",1
"(8, 13, 41)",1
"(8, 14, 16)",1
"(8, 14, 20)",1
"(8, 14, 21)",1
"(8, 14, 24)",1
"(8, 14, 26)",1
"(8, 14, 32)",1
"(8, 14, 36)",1
"(8, 14, 40)",1
"(8, 15, 20)",1
"(8, 15, 24)",1
"(8, 15, 26)",1
"(8, 15, 27)",1
"(8, 15, 29)",1
"(8, 15, 30)",1
"(8, 15, 31)",1
"(8, 15, 35)",1
"(8, 15, 38)",1
"(8, 15, 39)",1
"(8, 15, 41)",1
"(8, 15, 44)",1
"(8, 16, 18)",1
"(8, 16, 19)",1
"(8, 16, 20)",1
"(8, 16, 22)",1
"(8, 16, 23)",1
"(8, 16, 24)",1
"(8, 16, 25)",1
"(8, 16, 29)",1
"(8, 16, 31)",1
"(8, 16, 34)",1
"(8, 16, 36)",1
"(8, 16, 37)",1
"(8, 16, 38)",1
"(8, 16, 42)",1
"(8, 16, 44)",1
"(8, 17, 19)",1
"(8, 17, 25)",1
"(8, 17, 31)",1
"(8, 17, 37)",1
"(8, 17, 43)",1
"(8, 17, 44)",1
"(8, 18, 20)",1
"(8, 18, 25)",1
"(8, 18, 30)",1
"(8, 18, 33)",1
"(8, 18, 34)",1
"(8, 18, 35)",1
"(8, 18, 36)",1
"(8, 18, 40)",1
"(8, 18, 42)",1
"(8, 19, 25)",1
"(8, 19, 27)",1
"(8, 19, 32)",1
"(8, 19, 34)",1
"(8, 19, 37)",1
"(8, 19, 38)",1
"(8, 19, 39)",1
"(8, 19, 43)",1
"(8, 20, 21)",1
"(8, 20, 29)",1
"(8, 20, 39)",1
"(8, 20, 41)",1
"(8, 20, 42)",1
"(8, 20, 43)",1
"(8, 20, 44)",1
"(8, 20, 45)",1
"(8, 21, 22)",1
"(8, 21, 24)",1
"(8, 21, 29)",1
"(8, 21, 36)",1
"(8, 21, 37)",1
"(8, 22, 25)",1
"(8, 22, 26)",1
"(8, 22, 31)",1
"(8, 22, 32)",1
"(8, 22, 40)",1
"(8, 22, 42)",1
"(8, 22, 45)",1
"(8, 23, 29)",1
"(8, 23, 32)",1
"(8, 23, 34)",1
"(8, 23, 36)",1
"(8, 23, 45)",1
"(8, 24, 29)",1
"(8, 24, 32)",1
"(8, 24, 35)",1
"(8, 24, 36)",1
"(8, 24, 41)",1
"(8, 24, 42)",1
"(8, 24, 43)",1
"(8, 24, 44)",1
"(8, 24, 45)",1
"(8, 25, 29)",1
"(8, 25, 35)",1
"(8, 26, 35)",1
"(8, 26, 37)",1
"(8, 26, 39)",1
"(8, 26, 41)",1
"(8, 27, 28)",1
"(8, 27, 31)",1
"(8, 27, 32)",1
"(8, 27, 34)",1
"(8, 27, 44)",1
"(8, 27, 45)",1
"(8, 28, 37)",1
"(8, 28, 44)",1
"(8, 29, 30)",1
"(8, 29, 31)",1
"(8, 29, 32)",1
"(8, 29, 33)",1
"(8, 29, 34)",1
"(8, 29, 35)",1
"(8, 29, 36)",1
"(8, 29, 38)",1
"(8, 29, 40)",1
"(8, 29, 42)",1
"(8, 30, 31)",1
"(8, 30, 33)",1
"(8, 30, 36)",1
"(8, 30, 40)",1
"(8, 30, 43)",1
"(8, 31, 32)",1
"(8, 31, 35)",1
"(8, 31, 37)",1
"(8, 31, 41)",1
"(8, 32, 34)",1
"(8, 32, 44)",1
"(8, 33, 35)",1
"(8, 33, 42)",1
"(8, 33, 43)",1
"(8, 34, 37)",1
"(8, 34, 38)",1
"(8, 35, 39)",1
"(8, 35, 42)",1
"(8, 36, 38)",1
"(8, 36, 40)",1
"(8, 36, 41)",1
"(8, 36, 45)",1
"(8, 37, 41)",1
"(8, 37, 42)",1
"(8, 38, 39)",1
"(8, 38, 41)",1
"(8, 38, 43)",1
"(8, 39, 42)",1
"(8, 39, 44)",1
"(8, 40, 42)",1
"(8, 40, 45)",1
"(8, 41, 42)",1
"(8, 41, 44)",1
"(8, 42, 43)",1
"(8, 42, 44)",1
"(8, 43, 44)",1
"(8, 43, 45)",1
"(9, 10, 14)",1
"(9, 10, 16)",1
"(9, 10, 18)",1
"(9, 10, 21)",1
"(9, 10, 27)",1
"(9, 10, 41)",1
"(9, 10, 45)",1
"(9, 11, 14)",1
"(9, 11, 15)",1
"(9, 11, 18)",1
"(9, 11, 19)",1
"(9, 11, 22)",1
"(9, 11, 24)",1
"(9, 11, 32)",1
"(9, 11, 34)",1
"(9, 11, 39)",1
"(9, 11, 42)",1
"(9, 12, 16)",1
"(9, 12, 20)",1
"(9, 12, 31)",1
"(9, 12, 32)",1
"(9, 12, 39)",1
"(9, 12, 42)",1
"(9, 12, 43)",1
"(9, 12, 44)",1
"(9, 12, 45)",1
"(9, 13, 14)",1
"(9, 13, 16)",1
"(9, 13, 18)",1
"(9, 13, 21)",1
"(9, 13, 23)",1
"(9, 13, 24)",1
"(9, 13, 26)",1
"(9, 13, 29)",1
"(9, 13, 33)",1
"(9, 13, 34)",1
"(9, 13, 37)",1
"(9, 13, 38)",1
"(9, 13, 39)",1
"(9, 14, 18)",1
"(9, 14, 19)",1
"(9, 14, 22)",1
"(9, 14, 25)",1
"(9, 14, 29)",1
"(9, 14, 30)",1
"(9, 14, 31)",1
"(9, 14, 32)",1
"(9, 14, 34)",1
"(9, 14, 38)",1
"(9, 14, 43)",1
"(9, 14, 44)",1
"(9, 14, 45)",1
"(9, 15, 16)",1
"(9, 15, 19)",1
"(9, 15, 21)",1
"(9, 15, 36)",1
"(9, 15, 37)",1
"(9, 15, 38)",1
"(9, 15, 39)",1
"(9, 15, 44)",1
"(9, 16, 17)",1
"(9, 16, 22)",1
"(9, 16, 25)",1
"(9, 16, 29)",1
"(9, 16, 30)",1
"(9, 16, 32)",1
"(9, 16, 33)",1
"(9, 16, 36)",1
"(9, 16, 38)",1
"(9, 16, 39)",1
"(9, 16, 43)",1
"(9, 16, 45)",1
"(9, 17, 21)",1
"(9, 17, 22)",1
"(9, 17, 23)",1
"(9, 17, 24)",1
"(9, 17, 26)",1
"(9, 17, 27)",1
"(9, 17, 28)",1
"(9, 17, 35)",1
"(9, 17, 36)",1
"(9, 17, 38)",1
"(9, 18, 22)",1
"(9, 18, 30)",1
"(9, 18, 35)",1
"(9, 18, 39)",1
"(9, 19, 24)",1
"(9, 19, 26)",1
"(9, 19, 29)",1
"(9, 19, 30)",1
"(9, 19, 33)",1
"(9, 19, 41)",1
"(9, 20, 22)",1
"(9, 20, 26)",1
"(9, 20, 37)",1
"(9, 20, 44)",1
"(9, 21, 23)",1
"(9, 21, 24)",1
"(9, 21, 26)",1
"(9, 21, 38)",1
"(9, 21, 40)",1
"(9, 21, 43)",1
"(9, 22, 26)",1
"(9, 22, 27)",1
"(9, 22, 28)",1
"(9, 22, 33)",1
"(9, 22, 36)",1
"(9, 22, 37)",1
"(9, 22, 38)",1
"(9, 22, 39)",1
"(9, 22, 41)",1
"(9, 22, 43)",1
"(9, 22, 44)",1
"(9, 22, 45)",1
"(9, 23, 24)",1
"(9, 23, 26)",1
"(9, 23, 27)",1
"(9, 23, 35)",1
"(9, 23, 37)",1
"(9, 23, 38)",1
"(9, 23, 41)",1
"(9, 23, 42)",1
"(9, 23, 44)",1
"(9, 24, 25)",1
"(9, 24, 27)",1
"(9, 24, 36)",1
"(9, 24, 41)",1
"(9, 24, 43)",1
"(9, 25, 26)",1
"(9, 25, 29)",1
"(9, 25, 33)",1
"(9, 25, 34)",1
"(9, 25, 35)",1
"(9, 25, 36)",1
"(9, 25, 39)",1
"(9, 25, 42)",1
"(9, 25, 44)",1
"(9, 25, 45)",1
"(9, 26, 33)",1
"(9, 26, 35)",1
"(9, 26, 39)",1
"(9, 26, 44)",1
"(9, 26, 45)",1
"(9, 27, 29)",1
"(9, 27, 30)",1
"(9, 27, 31)",1
"(9, 27, 32)",1
"(9, 27, 33)",1
"(9, 27, 39)",1
"(9, 28, 29)",1
"(9, 28, 31)",1
"(9, 28, 32)",1
"(9, 28, 33)",1
"(9, 28, 39)",1
"(9, 28, 42)",1
"(9, 29, 30)",1
"(9, 29, 32)",1
"(9, 29, 33)",1
"(9, 29, 36)",1
"(9, 29, 42)",1
"(9, 30, 33)",1
"(9, 30, 35)",1
"(9, 30, 37)",1
"(9, 30, 39)",1
"(9, 30, 41)",1
"(9, 30, 42)",1
"(9, 30, 44)",1
"(9, 30, 45)",1
"(9, 31, 37)",1
"(9, 31, 44)",1
"(9, 32, 33)",1
"(9, 32, 35)",1
"(9, 32, 39)",1
"(9, 32, 41)",1
"(9, 32, 42)",1
"(9, 32, 43)",1
"(9, 33, 34)",1
"(9, 33, 37)",1
"(9, 33, 39)",1
"(9, 33, 40)",1
"(9, 33, 43)",1
"(9, 34, 35)",1
"(9, 34, 36)",1
"(9, 34, 41)",1
"(9, 34, 42)",1
"(9, 35, 37)",1
"(9, 35, 39)",1
"(9, 35, 40)",1
"(9, 35, 42)",1
"(9, 35, 44)",1
"(9, 36, 39)",1
"(9, 36, 40)",1
"(9, 36, 42)",1
"(9, 36, 43)",1
"(9, 37, 43)",1
"(9, 38, 42)",1
"(9, 38, 44)",1
"(9, 39, 40)",1
"(9, 39, 43)",1
"(9, 39, 44)",1
"(9, 40, 45)",1
"(9, 41, 42)",1
"(9, 41, 44)",1
"(9, 41, 45)",1
"(9, 42, 44)",1
"(9, 44, 45)",1
"(10, 11, 15)",1
"(10, 11, 19)",1
"(10, 11, 21)",1
"(10, 11, 22)",1
"(10, 11, 23)",1
"(10, 11, 35)",1
"(10, 11, 44)",1
"(10, 11, 45)",1
"(10, 12, 18)",1
"(10, 12, 19)",1
"(10, 12, 21)",1
"(10, 12, 23)",1
"(10, 12, 24)",1
"(10, 12, 27)",1
"(10, 12, 29)",1
"(10, 12, 33)",1
"(10, 12, 34)",1
"(10, 12, 35)",1
"(10, 12, 37)",1
"(10, 12, 39)",1
"(10, 12, 41)",1
"(10, 12, 42)",1
"(10, 12, 43)",1
"(10, 13, 14)",1
"(10, 13, 16)",1
"(10, 13, 17)",1
"(10, 13, 18)",1
"(10, 13, 19)",1
"(10, 13, 20)",1
"(10, 13, 23)",1
"(10, 13, 30)",1
"(10, 13, 34)",1
"(10, 13, 37)",1
"(10, 13, 41)",1
"(10, 13, 42)",1
"(10, 14, 16)",1
"(10, 14, 17)",1
"(10, 14, 20)",1
"(10, 14, 21)",1
"(10, 14, 22)",1
"(10, 14, 23)",1
"(10, 14, 26)",1
"(10, 14, 27)",1
"(10, 14, 29)",1
"(10, 14, 35)",1
"(10, 14, 39)",1
"(10, 14, 40)",1
"(10, 14, 41)",1
"(10, 15, 16)",1
"(10, 15, 25)",1
"(10, 15, 28)",1
"(10, 15, 30)",1
"(10, 15, 38)",1
"(10, 15, 39)",1
"(10, 15, 41)",1
"(10, 15, 44)",1
"(10, 16, 18)",1
"(10, 16, 27)",1
"(10, 16, 37)",1
"(10, 16, 43)",1
"(10, 16, 44)",1
"(10, 16, 45)",1
"(10, 17, 18)",1
"(10, 17, 19)",1
"(10, 17, 22)",1
"(10, 17, 24)",1
"(10, 17, 30)",1
"(10, 17, 32)",1
"(10, 17, 35)",1
"(10, 17, 37)",1
"(10, 17, 39)",1
"(10, 18, 19)",1
"(10, 18, 23)",1
"(10, 18, 27)",1
"(10, 18, 32)",1
"(10, 18, 38)",1
"(10, 18, 40)",1
"(10, 18, 41)",1
"(10, 18, 44)",1
"(10, 18, 45)",1
"(10, 19, 20)",1
"(10, 19, 21)",1
"(10, 19, 26)",1
"(10, 19, 35)",1
"(10, 19, 39)",1
"(10, 19, 41)",1
"(10, 19, 42)",1
"(10, 19, 43)",1
"(10, 19, 44)",1
"(10, 19, 45)",1
"(10, 20, 21)",1
"(10, 20, 23)",1
"(10, 20, 24)",1
"(10, 20, 26)",1
"(10, 20, 28)",1
"(10, 20, 31)",1
"(10, 20, 32)",1
"(10, 20, 35)",1
"(10, 20, 36)",1
"(10, 20, 37)",1
"(10, 20, 41)",1
"(10, 20, 43)",1
"(10, 20, 44)",1
"(10, 21, 24)",1
"(10, 21, 25)",1
"(10, 21, 28)",1
"(10, 21, 38)",1
"(10, 21, 44)",1
"(10, 22, 23)",1
"(10, 22, 24)",1
"(10, 22, 33)",1
"(10, 22, 39)",1
"(10, 22, 42)",1
"(10, 22, 43)",1
"(10, 22, 45)",1
"(10, 23, 24)",1
"(10, 23, 30)",1
"(10, 23, 33)",1
"(10, 23, 36)",1
"(10, 23, 37)",1
"(10, 23, 39)",1
"(10, 23, 41)",1
"(10, 23, 42)",1
"(10, 23, 43)",1
"(10, 23, 44)",1
"(10, 24, 27)",1
"(10, 24, 29)",1
"(10, 24, 33)",1
"(10, 24, 35)",1
"(10, 24, 37)",1
"(10, 24, 40)",1
"(10, 24, 43)",1
"(10, 24, 44)",1
"(10, 24, 45)",1
"(10, 25, 26)",1
"(10, 25, 27)",1
"(10, 25, 32)",1
"(10, 25, 33)",1
"(10, 25, 35)",1
"(10, 25, 40)",1
"(10, 25, 41)",1
"(10, 25, 44)",1
"(10, 26, 36)",1
"(10, 26, 41)",1
"(10, 26, 43)",1
"(10, 26, 44)",1
"(10, 26, 45)",1
"(10, 27, 30)",1
"(10, 27, 32)",1
"(10, 27, 33)",1
"(10, 27, 35)",1
"(10, 27, 36)",1
"(10, 27, 41)",1
"(10, 27, 42)",1
"(10, 27, 45)",1
"(10, 28, 37)",1
"(10, 28, 39)",1
"(10, 28, 40)",1
"(10, 28, 41)",1
"(10, 28, 42)",1
"(10, 28, 44)",1
"(10, 28, 45)",1
"(10, 29, 33)",1
"(10, 29, 38)",1
"(10, 29, 39)",1
"(10, 29, 44)",1
"(10, 29, 45)",1
"(10, 30, 32)",1
"(10, 30, 34)",1
"(10, 30, 39)",1
"(10, 31, 32)",1
"(10, 31, 37)",1
"(10, 31, 41)",1
"(10, 31, 43)",1
"(10, 31, 44)",1
"(10, 31, 45)",1
"(10, 32, 33)",1
"(10, 33, 35)",1
"(10, 33, 39)",1
"(10, 33, 41)",1
"(10, 33, 44)",1
"(10, 33, 45)",1
"(10, 34, 38)",1
"(10, 34, 39)",1
"(10, 34, 40)",1
"(10, 34, 41)",1
"(10, 34, 45)",1
"(10, 35, 36)",1
"(10, 35, 42)",1
"(10, 35, 45)",1
"(10, 36, 37)",1
"(10, 36, 42)",1
"(10, 36, 44)",1
"(10, 37, 43)",1
"(10, 37, 44)",1
"(10, 37, 45)",1
"(10, 38, 39)",1
"(10, 38, 40)",1
"(10, 38, 42)",1
"(10, 38, 45)",1
"(10, 39, 42)",1
"(10, 39, 43)",1
"(10, 40, 42)",1
"(10, 40, 43)",1
"(10, 41, 43)",1
"(10, 42, 43)",1
"(10, 42, 45)",1
"(10, 43, 44)",1
"(10, 43, 45)",1
"(11, 12, 13)",1
"(11, 12, 14)",1
"(11, 12, 15)",1
"(11, 12, 16)",1
"(11, 12, 19)",1
"(11, 12, 23)",1
"(11, 12, 27)",1
"(11, 12, 29)",1
"(11, 12, 33)",1
"(11, 12, 40)",1
"(11, 12, 41)",1
"(11, 12, 43)",1
"(11, 13, 14)",1
"(11, 13, 15)",1
"(11, 13, 16)",1
"(11, 13, 18)",1
"(11, 13, 24)",1
"(11, 13, 29)",1
"(11, 13, 39)",1
"(11, 13, 45)",1
"(11, 14, 16)",1
"(11, 14, 22)",1
"(11, 14, 23)",1
"(11, 14, 24)",1
"(11, 14, 30)",1
"(11, 14, 33)",1
"(11, 14, 36)",1
"(11, 14, 43)",1
"(11, 15, 16)",1
"(11, 15, 18)",1
"(11, 15, 20)",1
"(11, 15, 23)",1
"(11, 15, 26)",1
"(11, 15, 28)",1
"(11, 15, 36)",1
"(11, 15, 38)",1
"(11, 15, 45)",1
"(11, 16, 21)",1
"(11, 16, 22)",1
"(11, 16, 23)",1
"(11, 16, 25)",1
"(11, 16, 26)",1
"(11, 16, 27)",1
"(11, 16, 34)",1
"(11, 16, 36)",1
"(11, 16, 37)",1
"(11, 16, 40)",1
"(11, 16, 41)",1
"(11, 16, 43)",1
"(11, 16, 45)",1
"(11, 17, 21)",1
"(11, 17, 22)",1
"(11, 17, 23)",1
"(11, 17, 28)",1
"(11, 17, 32)",1
"(11, 17, 35)",1
"(11, 17, 36)",1
"(11, 17, 38)",1
"(11, 17, 42)",1
"(11, 17, 43)",1
"(11, 18, 19)",1
"(11, 18, 20)",1
"(11, 18, 22)",1
"(11, 18, 24)",1
"(11, 18, 26)",1
"(11, 18, 27)",1
"(11, 18, 33)",1
"(11, 18, 34)",1
"(11, 18, 41)",1
"(11, 18, 43)",1
"(11, 19, 29)",1
"(11, 19, 32)",1
"(11, 19, 34)",1
"(11, 19, 41)",1
"(11, 19, 43)",1
"(11, 19, 44)",1
"(11, 20, 23)",1
"(11, 20, 24)",1
"(11, 20, 25)",1
"(11, 20, 30)",1
"(11, 20, 32)",1
"(11, 20, 36)",1
"(11, 20, 37)",1
"(11, 20, 38)",1
"(11, 20, 39)",1
"(11, 20, 42)",1
"(11, 20, 43)",1
"(11, 21, 24)",1
"(11, 21, 27)",1
"(11, 21, 35)",1
"(11, 21, 36)",1
"(11, 21, 42)",1
"(11, 22, 25)",1
"(11, 22, 27)",1
"(11, 22, 28)",1
"(11, 22, 29)",1
"(11, 22, 33)",1
"(11, 22, 35)",1
"(11, 22, 36)",1
"(11, 22, 38)",1
"(11, 22, 40)",1
"(11, 22, 41)",1
"(11, 22, 42)",1
"(11, 22, 45)",1
"(11, 23, 24)",1
"(11, 23, 28)",1
"(11, 23, 30)",1
"(11, 23, 35)",1
"(11, 23, 36)",1
"(11, 23, 37)",1
"(11, 23, 40)",1
"(11, 23, 42)",1
"(11, 23, 45)",1
"(11, 24, 27)",1
"(11, 24, 28)",1
"(11, 24, 29)",1
"(11, 24, 33)",1
"(11, 24, 37)",1
"(11, 24, 39)",1
"(11, 24, 44)",1
"(11, 25, 28)",1
"(11, 25, 36)",1
"(11, 25, 39)",1
"(11, 26, 29)",1
"(11, 26, 35)",1
"(11, 26, 36)",1
"(11, 26, 37)",1
"(11, 26, 39)",1
"(11, 27, 33)",1
"(11, 27, 36)",1
"(11, 27, 41)",1
"(11, 27, 43)",1
"(11, 27, 45)",1
"(11, 28, 31)",1
"(11, 28, 41)",1
"(11, 28, 43)",1
"(11, 29, 30)",1
"(11, 29, 33)",1
"(11, 29, 35)",1
"(11, 29, 37)",1
"(11, 29, 39)",1
"(11, 29, 41)",1
"(11, 29, 45)",1
"(11, 30, 31)",1
"(11, 30, 37)",1
"(11, 30, 39)",1
"(11, 30, 41)",1
"(11, 30, 42)",1
"(11, 30, 43)",1
"(11, 31, 33)",1
"(11, 31, 35)",1
"(11, 31, 38)",1
"(11, 31, 40)",1
"(11, 31, 45)",1
"(11, 32, 35)",1
"(11, 32, 43)",1
"(11, 33, 35)",1
"(11, 33, 36)",1
"(11, 33, 37)",1
"(11, 33, 38)",1
"(11, 33, 39)",1
"(11, 34, 35)",1
"(11, 34, 37)",1
"(11, 34, 38)",1
"(11, 34, 39)",1
"(11, 34, 41)",1
"(11, 34, 43)",1
"(11, 34, 44)",1
"(11, 35, 42)",1
"(11, 36, 41)",1
"(11, 36, 42)",1
"(11, 36, 45)",1
"(11, 37, 38)",1
"(11, 37, 39)",1
"(11, 37, 40)",1
"(11, 38, 44)",1
"(11, 39, 41)",1
"(11, 39, 42)",1
"(11, 39, 43)",1
"(11, 40, 44)",1
"(11, 41, 43)",1
"(11, 43, 44)",1
"(12, 13, 23)",1
"(12, 13, 27)",1
"(12, 13, 31)",1
"(12, 13, 37)",1
"(12, 13, 42)",1
"(12, 13, 45)",1
"(12, 14, 15)",1
"(12, 14, 18)",1
"(12, 14, 19)",1
"(12, 14, 20)",1
"(12, 14, 22)",1
"(12, 14, 24)",1
"(12, 14, 31)",1
"(12, 14, 32)",1
"(12, 14, 33)",1
"(12, 14, 35)",1
"(12, 14, 36)",1
"(12, 14, 37)",1
"(12, 14, 39)",1
"(12, 14, 40)",1
"(12, 15, 17)",1
"(12, 15, 24)",1
"(12, 15, 25)",1
"(12, 15, 26)",1
"(12, 15, 36)",1
"(12, 15, 39)",1
"(12, 16, 17)",1
"(12, 16, 21)",1
"(12, 16, 22)",1
"(12, 16, 24)",1
"(12, 16, 29)",1
"(12, 16, 32)",1
"(12, 16, 35)",1
"(12, 16, 38)",1
"(12, 16, 40)",1
"(12, 16, 41)",1
"(12, 16, 42)",1
"(12, 16, 44)",1
"(12, 17, 18)",1
"(12, 17, 21)",1
"(12, 17, 23)",1
"(12, 17, 25)",1
"(12, 17, 26)",1
"(12, 17, 28)",1
"(12, 17, 29)",1
"(12, 17, 34)",1
"(12, 17, 37)",1
"(12, 17, 39)",1
"(12, 17, 41)",1
"(12, 18, 21)",1
"(12, 18, 27)",1
"(12, 18, 29)",1
"(12, 18, 32)",1
"(12, 18, 33)",1
"(12, 18, 35)",1
"(12, 18, 36)",1
"(12, 18, 40)",1
"(12, 18, 42)",1
"(12, 18, 43)",1
"(12, 19, 34)",1
"(12, 19, 36)",1
"(12, 19, 37)",1
"(12, 19, 38)",1
"(12, 19, 40)",1
"(12, 20, 22)",1
"(12, 20, 27)",1
"(12, 20, 30)",1
"(12, 20, 36)",1
"(12, 20, 39)",1
"(12, 21, 22)",1
"(12, 21, 24)",1
"(12, 21, 40)",1
"(12, 21, 43)",1
"(12, 22, 23)",1
"(12, 22, 24)",1
"(12, 22, 25)",1
"(12, 22, 29)",1
"(12, 22, 35)",1
"(12, 22, 38)",1
"(12, 22, 40)",1
"(12, 22, 41)",1
"(12, 22, 43)",1
"(12, 22, 44)",1
"(12, 22, 45)",1
"(12, 23, 29)",1
"(12, 23, 33)",1
"(12, 23, 35)",1
"(12, 23, 36)",1
"(12, 23, 39)",1
"(12, 23, 40)",1
"(12, 24, 30)",1
"(12, 24, 31)",1
"(12, 24, 35)",1
"(12, 24, 42)",1
"(12, 24, 45)",1
"(12, 25, 35)",1
"(12, 26, 27)",1
"(12, 26, 28)",1
"(12, 26, 31)",1
"(12, 26, 32)",1
"(12, 26, 33)",1
"(12, 26, 34)",1
"(12, 26, 36)",1
"(12, 26, 37)",1
"(12, 26, 38)",1
"(12, 26, 39)",1
"(12, 26, 43)",1
"(12, 26, 44)",1
"(12, 27, 28)",1
"(12, 27, 31)",1
"(12, 27, 35)",1
"(12, 27, 41)",1
"(12, 28, 29)",1
"(12, 28, 32)",1
"(12, 28, 34)",1
"(12, 28, 35)",1
"(12, 28, 42)",1
"(12, 28, 45)",1
"(12, 29, 31)",1
"(12, 29, 39)",1
"(12, 29, 42)",1
"(12, 30, 34)",1
"(12, 30, 35)",1
"(12, 30, 40)",1
"(12, 30, 43)",1
"(12, 31, 37)",1
"(12, 31, 38)",1
"(12, 31, 39)",1
"(12, 31, 43)",1
"(12, 31, 44)",1
"(12, 31, 45)",1
"(12, 32, 33)",1
"(12, 32, 35)",1
"(12, 32, 38)",1
"(12, 32, 39)",1
"(12, 32, 40)",1
"(12, 32, 42)",1
"(12, 33, 37)",1
"(12, 33, 39)",1
"(12, 33, 40)",1
"(12, 33, 44)",1
"(12, 34, 35)",1
"(12, 34, 36)",1
"(12, 34, 39)",1
"(12, 34, 41)",1
"(12, 34, 42)",1
"(12, 34, 44)",1
"(12, 35, 38)",1
"(12, 35, 39)",1
"(12, 35, 40)",1
"(12, 36, 41)",1
"(12, 36, 45)",1
"(12, 37, 38)",1
"(12, 37, 42)",1
"(12, 37, 44)",1
"(12, 37, 45)",1
"(12, 38, 43)",1
"(12, 38, 44)",1
"(12, 39, 45)",1
"(12, 40, 43)",1
"(12, 40, 45)",1
"(12, 41, 42)",1
"(12, 41, 43)",1
"(12, 41, 45)",1
"(12, 42, 43)",1
"(12, 42, 44)",1
"(12, 44, 45)",1
"(13, 14, 23)",1
"(13, 14, 25)",1
"(13, 14, 27)",1
"(13, 14, 30)",1
"(13, 14, 31)",1
"(13, 14, 33)",1
"(13, 14, 37)",1
"(13, 14, 45)",1
"(13, 15, 27)",1
"(13, 15, 28)",1
"(13, 15, 29)",1
"(13, 15, 33)",1
"(13, 15, 40)",1
"(13, 15, 43)",1
"(13, 15, 44)",1
"(13, 16, 18)",1
"(13, 16, 20)",1
"(13, 16, 31)",1
"(13, 16, 32)",1
"(13, 16, 34)",1
"(13, 16, 42)",1
"(13, 17, 18)",1
"(13, 17, 21)",1
"(13, 17, 23)",1
"(13, 17, 24)",1
"(13, 17, 25)",1
"(13, 17, 26)",1
"(13, 17, 32)",1
"(13, 17, 39)",1
"(13, 17, 40)",1
"(13, 17, 41)",1
"(13, 17, 42)",1
"(13, 17, 43)",1
"(13, 17, 45)",1
"(13, 18, 19)",1
"(13, 18, 21)",1
"(13, 18, 22)",1
"(13, 18, 23)",1
"(13, 18, 24)",1
"(13, 18, 28)",1
"(13, 18, 29)",1
"(13, 18, 31)",1
"(13, 18, 35)",1
"(13, 18, 36)",1
"(13, 18, 42)",1
"(13, 18, 44)",1
"(13, 19, 21)",1
"(13, 19, 24)",1
"(13, 19, 25)",1
"(13, 19, 30)",1
"(13, 19, 33)",1
"(13, 19, 34)",1
"(13, 19, 38)",1
"(13, 19, 42)",1
"(13, 19, 44)",1
"(13, 20, 23)",1
"(13, 20, 24)",1
"(13, 20, 25)",1
"(13, 20, 29)",1
"(13, 20, 32)",1
"(13, 20, 35)",1
"(13, 20, 38)",1
"(13, 20, 43)",1
"(13, 21, 22)",1
"(13, 21, 30)",1
"(13, 21, 31)",1
"(13, 21, 32)",1
"(13, 21, 33)",1
"(13, 21, 36)",1
"(13, 21, 37)",1
"(13, 21, 45)",1
"(13, 22, 23)",1
"(13, 22, 24)",1
"(13, 22, 25)",1
"(13, 22, 40)",1
"(13, 22, 45)",1
"(13, 23, 25)",1
"(13, 23, 27)",1
"(13, 23, 29)",1
"(13, 23, 32)",1
"(13, 23, 33)",1
"(13, 23, 34)",1
"(13, 23, 40)",1
"(13, 23, 42)",1
"(13, 23, 44)",1
"(13, 23, 45)",1
"(13, 24, 29)",1
"(13, 24, 35)",1
"(13, 24, 36)",1
"(13, 24, 38)",1
"(13, 24, 40)",1
"(13, 24, 42)",1
"(13, 24, 44)",1
"(13, 25, 26)",1
"(13, 25, 35)",1
"(13, 25, 38)",1
"(13, 25, 39)",1
"(13, 25, 40)",1
"(13, 25, 42)",1
"(13, 25, 45)",1
"(13, 26, 29)",1
"(13, 26, 30)",1
"(13, 26, 38)",1
"(13, 26, 43)",1
"(13, 26, 45)",1
"(13, 27, 29)",1
"(13, 27, 39)",1
"(13, 27, 40)",1
"(13, 27, 41)",1
"(13, 27, 44)",1
"(13, 27, 45)",1
"(13, 28, 29)",1
"(13, 28, 30)",1
"(13, 28, 32)",1
"(13, 28, 38)",1
"(13, 28, 39)",1
"(13, 28, 41)",1
"(13, 28, 44)",1
"(13, 28, 45)",1
"(13, 29, 31)",1
"(13, 29, 42)",1
"(13, 31, 38)",1
"(13, 31, 42)",1
"(13, 32, 36)",1
"(13, 32, 37)",1
"(13, 32, 42)",1
"(13, 32, 45)",1
"(13, 33, 40)",1
"(13, 33, 44)",1
"(13, 34, 35)",1
"(13, 34, 38)",1
"(13, 34, 39)",1
"(13, 34, 40)",1
"(13, 34, 43)",1
"(13, 35, 38)",1
"(13, 35, 40)",1
"(13, 36, 40)",1
"(13, 36, 44)",1
"(13, 37, 40)",1
"(13, 37, 41)",1
"(13, 37, 42)",1
"(13, 37, 45)",1
"(13, 38, 40)",1
"(13, 38, 41)",1
"(13, 38, 43)",1
"(13, 39, 40)",1
"(13, 39, 42)",1
"(13, 39, 44)",1
"(13, 39, 45)",1
"(13, 40, 41)",1
"(13, 42, 43)",1
"(13, 42, 44)",1
"(13, 43, 44)",1
"(14, 15, 16)",1
"(14, 15, 17)",1
"(14, 15, 18)",1
"(14, 15, 24)",1
"(14, 15, 26)",1
"(14, 15, 27)",1
"(14, 15, 37)",1
"(14, 15, 38)",1
"(14, 15, 41)",1
"(14, 15, 42)",1
"(14, 16, 21)",1
"(14, 16, 22)",1
"(14, 16, 23)",1
"(14, 16, 24)",1
"(14, 16, 26)",1
"(14, 16, 27)",1
"(14, 16, 30)",1
"(14, 16, 31)",1
"(14, 16, 41)",1
"(14, 16, 43)",1
"(14, 17, 21)",1
"(14, 17, 23)",1
"(14, 17, 30)",1
"(14, 17, 33)",1
"(14, 17, 34)",1
"(14, 17, 36)",1
"(14, 17, 37)",1
"(14, 17, 40)",1
"(14, 17, 43)",1
"(14, 17, 45)",1
"(14, 18, 21)",1
"(14, 18, 23)",1
"(14, 18, 26)",1
"(14, 18, 27)",1
"(14, 18, 30)",1
"(14, 18, 32)",1
"(14, 18, 33)",1
"(14, 18, 34)",1
"(14, 18, 35)",1
"(14, 18, 41)",1
"(14, 18, 43)",1
"(14, 18, 44)",1
"(14, 18, 45)",1
"(14, 19, 21)",1
"(14, 19, 22)",1
"(14, 19, 23)",1
"(14, 19, 25)",1
"(14, 19, 27)",1
"(14, 19, 28)",1
"(14, 19, 35)",1
"(14, 19, 41)",1
"(14, 20, 23)",1
"(14, 20, 25)",1
"(14, 20, 27)",1
"(14, 20, 32)",1
"(14, 20, 35)",1
"(14, 20, 38)",1
"(14, 20, 40)",1
"(14, 20, 43)",1
"(14, 20, 44)",1
"(14, 20, 45)",1
"(14, 21, 31)",1
"(14, 21, 34)",1
"(14, 21, 37)",1
"(14, 21, 39)",1
"(14, 21, 40)",1
"(14, 21, 45)",1
"(14, 22, 26)",1
"(14, 22, 27)",1
"(14, 22, 35)",1
"(14, 22, 41)",1
"(14, 22, 45)",1
"(14, 23, 24)",1
"(14, 23, 25)",1
"(14, 23, 28)",1
"(14, 23, 30)",1
"(14, 23, 32)",1
"(14, 23, 33)",1
"(14, 23, 38)",1
"(14, 24, 25)",1
"(14, 24, 26)",1
"(14, 24, 27)",1
"(14, 24, 31)",1
"(14, 24, 33)",1
"(14, 24, 35)",1
"(14, 24, 45)",1
"(14, 25, 28)",1
"(14, 25, 30)",1
"(14, 25, 31)",1
"(14, 25, 32)",1
"(14, 25, 34)",1
"(14, 25, 35)",1
"(14, 25, 37)",1
"(14, 25, 38)",1
"(14, 25, 43)",1
"(14, 25, 44)",1
"(14, 25, 45)",1
"(14, 26, 27)",1
"(14, 26, 28)",1
"(14, 26, 31)",1
"(14, 26, 33)",1
"(14, 26, 37)",1
"(14, 26, 41)",1
"(14, 26, 44)",1
"(14, 27, 28)",1
"(14, 27, 30)",1
"(14, 27, 32)",1
"(14, 27, 34)",1
"(14, 27, 35)",1
"(14, 27, 36)",1
"(14, 27, 39)",1
"(14, 27, 44)",1
"(14, 27, 45)",1
"(14, 28, 33)",1
"(14, 28, 37)",1
"(14, 28, 43)",1
"(14, 29, 34)",1
"(14, 29, 37)",1
"(14, 29, 38)",1
"(14, 29, 41)",1
"(14, 30, 31)",1
"(14, 30, 37)",1
"(14, 30, 38)",1
"(14, 30, 39)",1
"(14, 30, 43)",1
"(14, 31, 32)",1
"(14, 31, 33)",1
"(14, 31, 34)",1
"(14, 31, 41)",1
"(14, 32, 35)",1
"(14, 33, 34)",1
"(14, 33, 35)",1
"(14, 33, 40)",1
"(14, 33, 41)",1
"(14, 33, 42)",1
"(14, 34, 37)",1
"(14, 34, 40)",1
"(14, 34, 44)",1
"(14, 35, 40)",1
"(14, 35, 41)",1
"(14, 35, 42)",1
"(14, 35, 43)",1
"(14, 36, 39)",1
"(14, 36, 41)",1
"(14, 36, 45)",1
"(14, 37, 39)",1
"(14, 37, 44)",1
"(14, 38, 39)",1
"(14, 38, 43)",1
"(14, 38, 44)",1
"(14, 38, 45)",1
"(14, 39, 44)",1
"(14, 40, 44)",1
"(14, 41, 44)",1
"(14, 41, 45)",1
"(14, 43, 45)",1
"(15, 16, 17)",1
"(15, 16, 22)",1
"(15, 16, 24)",1
"(15, 16, 25)",1
"(15, 16, 29)",1
"(15, 16, 34)",1
"(15, 16, 35)",1
"(15, 16, 36)",1
"(15, 16, 37)",1
"(15, 16, 38)",1
"(15, 16, 39)",1
"(15, 17, 18)",1
"(15, 17, 29)",1
"(15, 17, 39)",1
"(15, 18, 19)",1
"(15, 18, 22)",1
"(15, 18, 23)",1
"(15, 18, 26)",1
"(15, 18, 29)",1
"(15, 18, 30)",1
"(15, 18, 33)",1
"(15, 18, 37)",1
"(15, 18, 42)",1
"(15, 18, 43)",1
"(15, 18, 44)",1
"(15, 18, 45)",1
"(15, 19, 24)",1
"(15, 19, 26)",1
"(15, 19, 35)",1
"(15, 19, 39)",1
"(15, 19, 40)",1
"(15, 20, 21)",1
"(15, 20, 23)",1
"(15, 20, 25)",1
"(15, 20, 26)",1
"(15, 20, 29)",1
"(15, 20, 36)",1
"(15, 20, 38)",1
"(15, 20, 44)",1
"(15, 21, 27)",1
"(15, 21, 32)",1
"(15, 21, 35)",1
"(15, 21, 36)",1
"(15, 21, 37)",1
"(15, 21, 39)",1
"(15, 21, 41)",1
"(15, 22, 24)",1
"(15, 22, 26)",1
"(15, 22, 29)",1
"(15, 22, 30)",1
"(15, 22, 31)",1
"(15, 22, 32)",1
"(15, 22, 35)",1
"(15, 22, 37)",1
"(15, 22, 39)",1
"(15, 23, 24)",1
"(15, 23, 35)",1
"(15, 23, 36)",1
"(15, 23, 39)",1
"(15, 23, 40)",1
"(15, 23, 42)",1
"(15, 23, 45)",1
"(15, 24, 26)",1
"(15, 24, 28)",1
"(15, 24, 29)",1
"(15, 24, 30)",1
"(15, 24, 32)",1
"(15, 24, 35)",1
"(15, 24, 36)",1
"(15, 24, 39)",1
"(15, 24, 42)",1
"(15, 24, 44)",1
"(15, 25, 27)",1
"(15, 25, 28)",1
"(15, 25, 30)",1
"(15, 25, 32)",1
"(15, 25, 34)",1
"(15, 25, 35)",1
"(15, 25, 36)",1
"(15, 25, 37)",1
"(15, 25, 38)",1
"(15, 25, 40)",1
"(15, 25, 41)",1
"(15, 25, 42)",1
"(15, 25, 44)",1
"(15, 26, 29)",1
"(15, 26, 30)",1
"(15, 26, 39)",1
"(15, 26, 40)",1
"(15, 26, 42)",1
"(15, 27, 29)",1
"(15, 27, 34)",1
"(15, 27, 38)",1
"(15, 27, 40)",1
"(15, 27, 42)",1
"(15, 28, 32)",1
"(15, 28, 33)",1
"(15, 28, 37)",1
"(15, 28, 41)",1
"(15, 28, 43)",1
"(15, 29, 31)",1
"(15, 29, 33)",1
"(15, 29, 35)",1
"(15, 29, 36)",1
"(15, 29, 40)",1
"(15, 29, 42)",1
"(15, 29, 43)",1
"(15, 29, 45)",1
"(15, 30, 36)",1
"(15, 30, 37)",1
"(15, 30, 38)",1
"(15, 30, 42)",1
"(15, 30, 43)",1
"(15, 31, 38)",1
"(15, 31, 39)",1
"(15, 31, 45)",1
"(15, 32, 39)",1
"(15, 32, 40)",1
"(15, 32, 41)",1
"(15, 32, 42)",1
"(15, 33, 41)",1
"(15, 33, 42)",1
"(15, 33, 43)",1
"(15, 33, 45)",1
"(15, 34, 35)",1
"(15, 34, 37)",1
"(15, 34, 38)",1
"(15, 34, 39)",1
"(15, 35, 39)",1
"(15, 35, 45)",1
"(15, 36, 37)",1
"(15, 36, 43)",1
"(15, 36, 45)",1
"(15, 37, 39)",1
"(15, 37, 40)",1
"(15, 37, 43)",1
"(15, 38, 39)",1
"(15, 38, 42)",1
"(15, 38, 44)",1
"(15, 39, 41)",1
"(15, 39, 44)",1
"(15, 41, 43)",1
"(15, 41, 44)",1
"(15, 42, 44)",1
"(16, 17, 18)",1
"(16, 17, 20)",1
"(16, 17, 22)",1
"(16, 17, 23)",1
"(16, 17, 24)",1
"(16, 17, 28)",1
"(16, 17, 29)",1
"(16, 17, 30)",1
"(16, 17, 31)",1
"(16, 17, 43)",1
"(16, 17, 44)",1
"(16, 18, 19)",1
"(16, 18, 20)",1
"(16, 18, 22)",1
"(16, 18, 31)",1
"(16, 18, 34)",1
"(16, 18, 35)",1
"(16, 18, 36)",1
"(16, 18, 38)",1
"(16, 18, 41)",1
"(16, 19, 22)",1
"(16, 19, 27)",1
"(16, 19, 31)",1
"(16, 19, 38)",1
"(16, 19, 39)",1
"(16, 19, 44)",1
"(16, 19, 45)",1
"(16, 20, 21)",1
"(16, 20, 24)",1
"(16, 20, 25)",1
"(16, 20, 26)",1
"(16, 20, 27)",1
"(16, 20, 31)",1
"(16, 20, 35)",1
"(16, 20, 39)",1
"(16, 20, 41)",1
"(16, 20, 42)",1
"(16, 21, 22)",1
"(16, 21, 25)",1
"(16, 21, 26)",1
"(16, 21, 31)",1
"(16, 21, 34)",1
"(16, 21, 41)",1
"(16, 21, 42)",1
"(16, 21, 43)",1
"(16, 21, 44)",1
"(16, 22, 25)",1
"(16, 22, 26)",1
"(16, 22, 27)",1
"(16, 22, 28)",1
"(16, 22, 34)",1
"(16, 22, 35)",1
"(16, 22, 39)",1
"(16, 22, 42)",1
"(16, 22, 45)",1
"(16, 23, 24)",1
"(16, 23, 25)",1
"(16, 23, 34)",1
"(16, 23, 35)",1
"(16, 23, 39)",1
"(16, 23, 41)",1
"(16, 24, 25)",1
"(16, 24, 26)",1
"(16, 24, 32)",1
"(16, 24, 37)",1
"(16, 24, 39)",1
"(16, 24, 40)",1
"(16, 24, 43)",1
"(16, 24, 45)",1
"(16, 25, 27)",1
"(16, 25, 28)",1
"(16, 25, 29)",1
"(16, 25, 30)",1
"(16, 25, 31)",1
"(16, 25, 41)",1
"(16, 26, 28)",1
"(16, 26, 29)",1
"(16, 26, 39)",1
"(16, 26, 44)",1
"(16, 26, 45)",1
"(16, 27, 30)",1
"(16, 27, 33)",1
"(16, 27, 41)",1
"(16, 27, 44)",1
"(16, 28, 34)",1
"(16, 28, 35)",1
"(16, 28, 37)",1
"(16, 28, 39)",1
"(16, 28, 41)",1
"(16, 29, 34)",1
"(16, 29, 35)",1
"(16, 29, 37)",1
"(16, 29, 38)",1
"(16, 29, 39)",1
"(16, 29, 41)",1
"(16, 29, 45)",1
"(16, 30, 32)",1
"(16, 30, 37)",1
"(16, 30, 38)",1
"(16, 30, 39)",1
"(16, 31, 33)",1
"(16, 31, 34)",1
"(16, 31, 37)",1
"(16, 31, 43)",1
"(16, 31, 45)",1
"(16, 32, 33)",1
"(16, 32, 34)",1
"(16, 32, 35)",1
"(16, 32, 38)",1
"(16, 32, 39)",1
"(16, 32, 41)",1
"(16, 32, 44)",1
"(16, 34, 35)",1
"(16, 34, 37)",1
"(16, 34, 38)",1
"(16, 34, 40)",1
"(16, 34, 42)",1
"(16, 35, 37)",1
"(16, 35, 38)",1
"(16, 35, 39)",1
"(16, 35, 40)",1
"(16, 35, 41)",1
"(16, 35, 42)",1
"(16, 35, 43)",1
"(16, 36, 39)",1
"(16, 36, 41)",1
"(16, 36, 42)",1
"(16, 36, 45)",1
"(16, 37, 39)",1
"(16, 37, 43)",1
"(16, 37, 44)",1
"(16, 38, 39)",1
"(16, 38, 43)",1
"(16, 38, 44)",1
"(16, 40, 41)",1
"(16, 40, 43)",1
"(16, 40, 45)",1
"(16, 41, 42)",1
"(16, 41, 45)",1
"(16, 44, 45)",1
"(17, 18, 20)",1
"(17, 18, 28)",1
"(17, 18, 30)",1
"(17, 18, 34)",1
"(17, 18, 37)",1
"(17, 18, 39)",1
"(17, 18, 41)",1
"(17, 18, 42)",1
"(17, 18, 44)",1
"(17, 19, 33)",1
"(17, 19, 37)",1
"(17, 19, 38)",1
"(17, 19, 41)",1
"(17, 20, 22)",1
"(17, 20, 25)",1
"(17, 20, 27)",1
"(17, 20, 33)",1
"(17, 20, 36)",1
"(17, 20, 38)",1
"(17, 20, 40)",1
"(17, 20, 43)",1
"(17, 20, 44)",1
"(17, 21, 23)",1
"(17, 21, 25)",1
"(17, 21, 28)",1
"(17, 21, 33)",1
"(17, 21, 45)",1
"(17, 22, 25)",1
"(17, 22, 30)",1
"(17, 22, 35)",1
"(17, 22, 42)",1
"(17, 22, 43)",1
"(17, 23, 27)",1
"(17, 23, 29)",1
"(17, 23, 32)",1
"(17, 23, 33)",1
"(17, 23, 37)",1
"(17, 23, 41)",1
"(17, 24, 28)",1
"(17, 24, 30)",1
"(17, 24, 33)",1
"(17, 24, 34)",1
"(17, 24, 35)",1
"(17, 24, 37)",1
"(17, 24, 39)",1
"(17, 24, 41)",1
"(17, 24, 43)",1
"(17, 24, 44)",1
"(17, 24, 45)",1
"(17, 25, 26)",1
"(17, 25, 29)",1
"(17, 25, 30)",1
"(17, 25, 31)",1
"(17, 25, 32)",1
"(17, 25, 33)",1
"(17, 25, 35)",1
"(17, 25, 36)",1
"(17, 25, 38)",1
"(17, 25, 40)",1
"(17, 26, 28)",1
"(17, 26, 33)",1
"(17, 26, 34)",1
"(17, 26, 37)",1
"(17, 26, 38)",1
"(17, 26, 39)",1
"(17, 26, 45)",1
"(17, 27, 29)",1
"(17, 27, 33)",1
"(17, 27, 37)",1
"(17, 27, 45)",1
"(17, 28, 31)",1
"(17, 28, 36)",1
"(17, 28, 37)",1
"(17, 28, 39)",1
"(17, 28, 40)",1
"(17, 28, 41)",1
"(17, 29, 34)",1
"(17, 29, 36)",1
"(17, 29, 37)",1
"(17, 29, 41)",1
"(17, 29, 43)",1
"(17, 29, 45)",1
"(17, 30, 37)",1
"(17, 30, 40)",1
"(17, 31, 32)",1
"(17, 31, 37)",1
"(17, 31, 43)",1
"(17, 31, 45)",1
"(17, 32, 35)",1
"(17, 32, 45)",1
"(17, 33, 37)",1
"(17, 33, 43)",1
"(17, 34, 41)",1
"(17, 34, 45)",1
"(17, 35, 37)",1
"(17, 35, 39)",1
"(17, 35, 41)",1
"(17, 35, 42)",1
"(17, 35, 45)",1
"(17, 36, 38)",1
"(17, 36, 41)",1
"(17, 37, 38)",1
"(17, 37, 45)",1
"(17, 38, 43)",1
"(17, 38, 44)",1
"(17, 39, 40)",1
"(17, 39, 43)",1
"(17, 40, 42)",1
"(17, 41, 43)",1
"(17, 43, 45)",1
"(18, 19, 21)",1
"(18, 19, 24)",1
"(18, 19, 25)",1
"(18, 19, 29)",1
"(18, 19, 30)",1
"(18, 19, 31)",1
"(18, 19, 32)",1
"(18, 19, 35)",1
"(18, 19, 42)",1
"(18, 19, 44)",1
"(18, 19, 45)",1
"(18, 20, 22)",1
"(18, 20, 24)",1
"(18, 20, 29)",1
"(18, 20, 31)",1
"(18, 20, 35)",1
"(18, 20, 40)",1
"(18, 20, 41)",1
"(18, 20, 44)",1
"(18, 20, 45)",1
"(18, 21, 22)",1
"(18, 21, 23)",1
"(18, 21, 26)",1
"(18, 21, 28)",1
"(18, 21, 30)",1
"(18, 21, 40)",1
"(18, 21, 43)",1
"(18, 21, 44)",1
"(18, 22, 26)",1
"(18, 22, 27)",1
"(18, 22, 28)",1
"(18, 22, 32)",1
"(18, 22, 35)",1
"(18, 22, 42)",1
"(18, 22, 43)",1
"(18, 23, 25)",1
"(18, 23, 26)",1
"(18, 23, 29)",1
"(18, 23, 32)",1
"(18, 23, 33)",1
"(18, 23, 35)",1
"(18, 23, 37)",1
"(18, 23, 38)",1
"(18, 23, 40)",1
"(18, 23, 44)",1
"(18, 24, 35)",1
"(18, 24, 40)",1
"(18, 24, 41)",1
"(18, 24, 42)",1
"(18, 24, 43)",1
"(18, 24, 45)",1
"(18, 25, 26)",1
"(18, 25, 32)",1
"(18, 25, 36)",1
"(18, 25, 39)",1
"(18, 25, 40)",1
"(18, 26, 27)",1
"(18, 26, 30)",1
"(18, 26, 32)",1
"(18, 26, 39)",1
"(18, 26, 40)",1
"(18, 26, 43)",1
"(18, 26, 44)",1
"(18, 26, 45)",1
"(18, 27, 32)",1
"(18, 27, 38)",1
"(18, 27, 39)",1
"(18, 27, 43)",1
"(18, 27, 45)",1
"(18, 28, 31)",1
"(18, 28, 42)",1
"(18, 28, 44)",1
"(18, 29, 30)",1
"(18, 29, 31)",1
"(18, 29, 37)",1
"(18, 29, 39)",1
"(18, 29, 44)",1
"(18, 29, 45)",1
"(18, 30, 31)",1
"(18, 30, 34)",1
"(18, 30, 38)",1
"(18, 31, 43)",1
"(18, 32, 40)",1
"(18, 32, 41)",1
"(18, 32, 43)",1
"(18, 32, 45)",1
"(18, 33, 34)",1
"(18, 33, 38)",1
"(18, 33, 39)",1
"(18, 33, 40)",1
"(18, 34, 35)",1
"(18, 34, 40)",1
"(18, 34, 43)",1
"(18, 35, 36)",1
"(18, 35, 37)",1
"(18, 35, 42)",1
"(18, 35, 43)",1
"(18, 35, 45)",1
"(18, 36, 43)",1
"(18, 36, 45)",1
"(18, 37, 38)",1
"(18, 37, 40)",1
"(18, 37, 45)",1
"(18, 38, 42)",1
"(18, 38, 44)",1
"(18, 38, 45)",1
"(18, 39, 40)",1
"(18, 39, 44)",1
"(18, 40, 42)",1
"(18, 41, 44)",1
"(18, 42, 43)",1
"(18, 42, 44)",1
"(18, 43, 44)",1
"(18, 44, 45)",1
"(19, 20, 28)",1
"(19, 20, 30)",1
"(19, 20, 32)",1
"(19, 20, 34)",1
"(19, 20, 35)",1
"(19, 20, 44)",1
"(19, 21, 26)",1
"(19, 21, 30)",1
"(19, 21, 37)",1
"(19, 21, 41)",1
"(19, 21, 42)",1
"(19, 21, 43)",1
"(19, 22, 24)",1
"(19, 22, 25)",1
"(19, 22, 27)",1
"(19, 22, 28)",1
"(19, 22, 30)",1
"(19, 22, 31)",1
"(19, 22, 32)",1
"(19, 22, 41)",1
"(19, 23, 24)",1
"(19, 23, 33)",1
"(19, 23, 35)",1
"(19, 23, 41)",1
"(19, 23, 42)",1
"(19, 24, 30)",1
"(19, 25, 34)",1
"(19, 25, 43)",1
"(19, 26, 29)",1
"(19, 26, 32)",1
"(19, 26, 35)",1
"(19, 26, 36)",1
"(19, 26, 38)",1
"(19, 26, 39)",1
"(19, 26, 43)",1
"(19, 27, 29)",1
"(19, 27, 30)",1
"(19, 27, 33)",1
"(19, 27, 34)",1
"(19, 27, 37)",1
"(19, 27, 39)",1
"(19, 27, 41)",1
"(19, 28, 33)",1
"(19, 28, 34)",1
"(19, 28, 35)",1
"(19, 28, 36)",1
"(19, 28, 38)",1
"(19, 28, 39)",1
"(19, 28, 41)",1
"(19, 28, 44)",1
"(19, 29, 33)",1
"(19, 29, 37)",1
"(19, 29, 39)",1
"(19, 29, 41)",1
"(19, 29, 44)",1
"(19, 29, 45)",1
"(19, 30, 32)",1
"(19, 30, 34)",1
"(19, 30, 35)",1
"(19, 30, 37)",1
"(19, 30, 38)",1
"(19, 30, 44)",1
"(19, 31, 33)",1
"(19, 31, 38)",1
"(19, 31, 43)",1
"(19, 31, 45)",1
"(19, 32, 35)",1
"(19, 32, 37)",1
"(19, 32, 39)",1
"(19, 32, 40)",1
"(19, 32, 45)",1
"(19, 33, 35)",1
"(19, 33, 38)",1
"(19, 33, 43)",1
"(19, 33, 44)",1
"(19, 33, 45)",1
"(19, 34, 39)",1
"(19, 34, 41)",1
"(19, 34, 42)",1
"(19, 34, 44)",1
"(19, 35, 40)",1
"(19, 35, 43)",1
"(19, 36, 39)",1
"(19, 36, 41)",1
"(19, 36, 42)",1
"(19, 37, 38)",1
"(19, 37, 39)",1
"(19, 37, 40)",1
"(19, 37, 42)",1
"(19, 37, 44)",1
"(19, 38, 44)",1
"(19, 40, 41)",1
"(19, 40, 43)",1
"(19, 41, 43)",1
"(19, 41, 45)",1
"(19, 42, 44)",1
"(19, 44, 45)",1
"(20, 21, 23)",1
"(20, 21, 27)",1
"(20, 21, 30)",1
"(20, 21, 36)",1
"(20, 21, 45)",1
"(20, 22, 23)",1
"(20, 22, 24)",1
"(20, 22, 28)",1
"(20, 22, 31)",1
"(20, 22, 34)",1
"(20, 22, 35)",1
"(20, 22, 40)",1
"(20, 22, 44)",1
"(20, 23, 27)",1
"(20, 23, 33)",1
"(20, 23, 35)",1
"(20, 23, 37)",1
"(20, 23, 39)",1
"(20, 23, 43)",1
"(20, 24, 25)",1
"(20, 24, 30)",1
"(20, 24, 32)",1
"(20, 24, 36)",1
"(20, 24, 45)",1
"(20, 25, 27)",1
"(20, 25, 30)",1
"(20, 25, 31)",1
"(20, 25, 34)",1
"(20, 25, 36)",1
"(20, 25, 37)",1
"(20, 25, 39)",1
"(20, 25, 44)",1
"(20, 25, 45)",1
"(20, 26, 29)",1
"(20, 26, 30)",1
"(20, 26, 38)",1
"(20, 26, 40)",1
"(20, 26, 43)",1
"(20, 26, 44)",1
"(20, 27, 30)",1
"(20, 27, 39)",1
"(20, 27, 42)",1
"(20, 27, 43)",1
"(20, 27, 44)",1
"(20, 28, 34)",1
"(20, 28, 40)",1
"(20, 29, 30)",1
"(20, 29, 31)",1
"(20, 29, 34)",1
"(20, 29, 35)",1
"(20, 29, 38)",1
"(20, 29, 39)",1
"(20, 30, 35)",1
"(20, 30, 36)",1
"(20, 30, 40)",1
"(20, 30, 41)",1
"(20, 30, 42)",1
"(20, 30, 43)",1
"(20, 31, 32)",1
"(20, 31, 38)",1
"(20, 31, 39)",1
"(20, 31, 42)",1
"(20, 31, 45)",1
"(20, 32, 34)",1
"(20, 32, 35)",1
"(20, 32, 43)",1
"(20, 32, 45)",1
"(20, 33, 35)",1
"(20, 33, 40)",1
"(20, 33, 41)",1
"(20, 34, 35)",1
"(20, 34, 36)",1
"(20, 34, 38)",1
"(20, 34, 41)",1
"(20, 34, 42)",1
"(20, 35, 38)",1
"(20, 35, 39)",1
"(20, 35, 40)",1
"(20, 35, 41)",1
"(20, 35, 42)",1
"(20, 36, 38)",1
"(20, 36, 42)",1
"(20, 36, 43)",1
"(20, 37, 38)",1
"(20, 37, 39)",1
"(20, 37, 41)",1
"(20, 37, 44)",1
"(20, 37, 45)",1
"(20, 38, 39)",1
"(20, 39, 43)",1
"(20, 39, 45)",1
"(20, 40, 41)",1
"(20, 40, 43)",1
"(20, 40, 44)",1
"(20, 40, 45)",1
"(20, 41, 43)",1
"(20, 43, 44)",1
"(20, 44, 45)",1
"(21, 22, 24)",1
"(21, 22, 40)",1
"(21, 22, 42)",1
"(21, 23, 24)",1
"(21, 23, 25)",1
"(21, 23, 27)",1
"(21, 23, 31)",1
"(21, 23, 33)",1
"(21, 23, 35)",1
"(21, 23, 36)",1
"(21, 23, 45)",1
"(21, 24, 26)",1
"(21, 24, 27)",1
"(21, 24, 31)",1
"(21, 24, 39)",1
"(21, 24, 42)",1
"(21, 25, 32)",1
"(21, 25, 37)",1
"(21, 25, 38)",1
"(21, 25, 39)",1
"(21, 25, 41)",1
"(21, 25, 42)",1
"(21, 26, 29)",1
"(21, 26, 33)",1
"(21, 26, 38)",1
"(21, 26, 40)",1
"(21, 26, 45)",1
"(21, 27, 32)",1
"(21, 27, 34)",1
"(21, 28, 29)",1
"(21, 28, 31)",1
"(21, 28, 34)",1
"(21, 28, 38)",1
"(21, 28, 42)",1
"(21, 28, 44)",1
"(21, 29, 31)",1
"(21, 29, 34)",1
"(21, 29, 35)",1
"(21, 29, 37)",1
"(21, 29, 38)",1
"(21, 29, 40)",1
"(21, 29, 42)",1
"(21, 29, 45)",1
"(21, 30, 35)",1
"(21, 30, 37)",1
"(21, 30, 40)",1
"(21, 30, 45)",1
"(21, 31, 33)",1
"(21, 31, 43)",1
"(21, 32, 33)",1
"(21, 32, 36)",1
"(21, 32, 38)",1
"(21, 32, 40)",1
"(21, 33, 34)",1
"(21, 33, 37)",1
"(21, 33, 38)",1
"(21, 34, 35)",1
"(21, 34, 37)",1
"(21, 34, 39)",1
"(21, 35, 38)",1
"(21, 35, 41)",1
"(21, 35, 45)",1
"(21, 36, 38)",1
"(21, 36, 39)",1
"(21, 36, 40)",1
"(21, 36, 41)",1
"(21, 36, 42)",1
"(21, 36, 44)",1
"(21, 37, 39)",1
"(21, 39, 40)",1
"(21, 39, 44)",1
"(21, 41, 42)",1
"(21, 41, 43)",1
"(21, 41, 45)",1
"(21, 42, 43)",1
"(21, 42, 44)",1
"(21, 42, 45)",1
"(21, 44, 45)",1
"(22, 23, 24)",1
"(22, 23, 25)",1
"(22, 23, 29)",1
"(22, 23, 33)",1
"(22, 23, 35)",1
"(22, 23, 40)",1
"(22, 24, 26)",1
"(22, 24, 32)",1
"(22, 24, 36)",1
"(22, 24, 40)",1
"(22, 24, 42)",1
"(22, 25, 31)",1
"(22, 25, 35)",1
"(22, 25, 36)",1
"(22, 25, 45)",1
"(22, 26, 27)",1
"(22, 26, 30)",1
"(22, 26, 35)",1
"(22, 26, 40)",1
"(22, 26, 41)",1
"(22, 26, 43)",1
"(22, 27, 31)",1
"(22, 27, 32)",1
"(22, 27, 37)",1
"(22, 27, 38)",1
"(22, 28, 45)",1
"(22, 29, 38)",1
"(22, 29, 45)",1
"(22, 30, 42)",1
"(22, 30, 43)",1
"(22, 30, 45)",1
"(22, 31, 33)",1
"(22, 31, 36)",1
"(22, 31, 37)",1
"(22, 31, 40)",1
"(22, 32, 33)",1
"(22, 32, 38)",1
"(22, 32, 39)",1
"(22, 32, 41)",1
"(22, 33, 34)",1
"(22, 33, 38)",1
"(22, 33, 45)",1
"(22, 34, 37)",1
"(22, 34, 44)",1
"(22, 35, 40)",1
"(22, 36, 40)",1
"(22, 36, 41)",1
"(22, 36, 43)",1
"(22, 37, 40)",1
"(22, 37, 41)",1
"(22, 38, 39)",1
"(22, 38, 40)",1
"(22, 38, 44)",1
"(22, 39, 40)",1
"(22, 39, 43)",1
"(22, 40, 42)",1
"(22, 40, 43)",1
"(22, 41, 43)",1
"(22, 42, 43)",1
"(22, 42, 44)",1
"(23, 24, 27)",1
"(23, 24, 28)",1
"(23, 24, 30)",1
"(23, 24, 35)",1
"(23, 24, 41)",1
"(23, 24, 43)",1
"(23, 24, 45)",1
"(23, 25, 32)",1
"(23, 25, 35)",1
"(23, 25, 41)",1
"(23, 26, 31)",1
"(23, 26, 32)",1
"(23, 26, 35)",1
"(23, 26, 40)",1
"(23, 26, 43)",1
"(23, 27, 28)",1
"(23, 27, 31)",1
"(23, 27, 34)",1
"(23, 27, 36)",1
"(23, 27, 40)",1
"(23, 27, 41)",1
"(23, 27, 45)",1
"(23, 28, 37)",1
"(23, 28, 40)",1
"(23, 28, 44)",1
"(23, 29, 30)",1
"(23, 29, 33)",1
"(23, 29, 38)",1
"(23, 29, 41)",1
"(23, 29, 45)",1
"(23, 30, 32)",1
"(23, 30, 34)",1
"(23, 30, 35)",1
"(23, 30, 42)",1
"(23, 31, 33)",1
"(23, 31, 40)",1
"(23, 31, 41)",1
"(23, 31, 42)",1
"(23, 31, 44)",1
"(23, 32, 39)",1
"(23, 32, 40)",1
"(23, 32, 44)",1
"(23, 33, 37)",1
"(23, 33, 40)",1
"(23, 33, 42)",1
"(23, 33, 45)",1
"(23, 34, 38)",1
"(23, 34, 39)",1
"(23, 35, 38)",1
"(23, 35, 39)",1
"(23, 35, 41)",1
"(23, 35, 42)",1
"(23, 36, 38)",1
"(23, 36, 43)",1
"(23, 37, 38)",1
"(23, 37, 44)",1
"(23, 38, 40)",1
"(23, 38, 43)",1
"(23, 38, 45)",1
"(23, 40, 44)",1
"(23, 41, 43)",1
"(23, 41, 44)",1
"(23, 41, 45)",1
"(23, 44, 45)",1
"(24, 25, 28)",1
"(24, 25, 33)",1
"(24, 25, 35)",1
"(24, 25, 37)",1
"(24, 25, 39)",1
"(24, 25, 43)",1
"(24, 26, 33)",1
"(24, 26, 36)",1
"(24, 26, 40)",1
"(24, 26, 45)",1
"(24, 27, 35)",1
"(24, 27, 36)",1
"(24, 27, 37)",1
"(24, 27, 41)",1
"(24, 27, 42)",1
"(24, 27, 43)",1
"(24, 27, 44)",1
"(24, 27, 45)",1
"(24, 28, 32)",1
"(24, 28, 33)",1
"(24, 28, 35)",1
"(24, 28, 45)",1
"(24, 29, 30)",1
"(24, 29, 39)",1
"(24, 30, 32)",1
"(24, 30, 35)",1
"(24, 30, 39)",1
"(24, 30, 40)",1
"(24, 30, 41)",1
"(24, 30, 44)",1
"(24, 31, 32)",1
"(24, 31, 35)",1
"(24, 31, 41)",1
"(24, 31, 45)",1
"(24, 32, 35)",1
"(24, 32, 36)",1
"(24, 32, 43)",1
"(24, 32, 44)",1
"(24, 32, 45)",1
"(24, 33, 34)",1
"(24, 33, 39)",1
"(24, 33, 45)",1
"(24, 34, 37)",1
"(24, 34, 38)",1
"(24, 34, 40)",1
"(24, 34, 42)",1
"(24, 34, 43)",1
"(24, 34, 45)",1
"(24, 35, 37)",1
"(24, 35, 41)",1
"(24, 35, 43)",1
"(24, 35, 45)",1
"(24, 36, 38)",1
"(24, 36, 39)",1
"(24, 36, 40)",1
"(24, 36, 43)",1
"(24, 36, 44)",1
"(24, 36, 45)",1
"(24, 38, 40)",1
"(24, 38, 43)",1
"(24, 39, 40)",1
"(24, 39, 43)",1
"(24, 39, 45)",1
"(24, 40, 44)",1
"(24, 41, 44)",1
"(24, 42, 44)",1
"(24, 42, 45)",1
"(24, 44, 45)",1
"(25, 26, 27)",1
"(25, 26, 28)",1
"(25, 26, 30)",1
"(25, 26, 39)",1
"(25, 26, 40)",1
"(25, 26, 41)",1
"(25, 26, 43)",1
"(25, 27, 31)",1
"(25, 27, 35)",1
"(25, 27, 42)",1
"(25, 27, 45)",1
"(25, 28, 34)",1
"(25, 28, 38)",1
"(25, 28, 41)",1
"(25, 28, 44)",1
"(25, 28, 45)",1
"(25, 29, 40)",1
"(25, 29, 42)",1
"(25, 30, 34)",1
"(25, 30, 36)",1
"(25, 30, 37)",1
"(25, 30, 38)",1
"(25, 30, 40)",1
"(25, 30, 41)",1
"(25, 30, 44)",1
"(25, 30, 45)",1
"(25, 31, 37)",1
"(25, 32, 34)",1
"(25, 32, 35)",1
"(25, 32, 43)",1
"(25, 32, 45)",1
"(25, 33, 35)",1
"(25, 33, 42)",1
"(25, 33, 45)",1
"(25, 34, 39)",1
"(25, 34, 41)",1
"(25, 34, 42)",1
"(25, 35, 37)",1
"(25, 35, 39)",1
"(25, 35, 43)",1
"(25, 35, 44)",1
"(25, 36, 39)",1
"(25, 37, 39)",1
"(25, 37, 41)",1
"(25, 37, 43)",1
"(25, 38, 45)",1
"(25, 39, 40)",1
"(25, 39, 41)",1
"(25, 39, 43)",1
"(25, 39, 44)",1
"(25, 39, 45)",1
"(25, 40, 41)",1
"(25, 40, 44)",1
"(26, 27, 32)",1
"(26, 28, 42)",1
"(26, 29, 30)",1
"(26, 29, 34)",1
"(26, 29, 35)",1
"(26, 29, 38)",1
"(26, 29, 39)",1
"(26, 29, 41)",1
"(26, 29, 42)",1
"(26, 29, 44)",1
"(26, 30, 32)",1
"(26, 30, 42)",1
"(26, 30, 44)",1
"(26, 30, 45)",1
"(26, 31, 33)",1
"(26, 31, 34)",1
"(26, 31, 41)",1
"(26, 31, 43)",1
"(26, 31, 45)",1
"(26, 32, 34)",1
"(26, 32, 35)",1
"(26, 33, 34)",1
"(26, 33, 36)",1
"(26, 33, 38)",1
"(26, 33, 39)",1
"(26, 33, 42)",1
"(26, 33, 43)",1
"(26, 34, 35)",1
"(26, 34, 40)",1
"(26, 34, 43)",1
"(26, 35, 42)",1
"(26, 37, 38)",1
"(26, 37, 39)",1
"(26, 37, 40)",1
"(26, 38, 39)",1
"(26, 39, 43)",1
"(26, 39, 44)",1
"(26, 40, 41)",1
"(26, 40, 44)",1
"(26, 41, 42)",1
"(26, 41, 45)",1
"(26, 44, 45)",1
"(27, 28, 33)",1
"(27, 28, 34)",1
"(27, 28, 35)",1
"(27, 28, 36)",1
"(27, 28, 39)",1
"(27, 28, 40)",1
"(27, 28, 45)",1
"(27, 29, 31)",1
"(27, 29, 33)",1
"(27, 29, 35)",1
"(27, 29, 36)",1
"(27, 29, 41)",1
"(27, 30, 35)",1
"(27, 30, 38)",1
"(27, 30, 42)",1
"(27, 30, 43)",1
"(27, 30, 45)",1
"(27, 31, 32)",1
"(27, 31, 34)",1
"(27, 31, 37)",1
"(27, 31, 38)",1
"(27, 32, 33)",1
"(27, 32, 35)",1
"(27, 32, 39)",1
"(27, 32, 43)",1
"(27, 32, 44)",1
"(27, 33, 35)",1
"(27, 33, 36)",1
"(27, 33, 39)",1
"(27, 33, 45)",1
"(27, 34, 36)",1
"(27, 34, 37)",1
"(27, 34, 39)",1
"(27, 34, 45)",1
"(27, 35, 41)",1
"(27, 35, 45)",1
"(27, 36, 37)",1
"(27, 36, 38)",1
"(27, 36, 42)",1
"(27, 37, 38)",1
"(27, 38, 39)",1
"(27, 38, 42)",1
"(27, 39, 41)",1
"(27, 40, 42)",1
"(27, 40, 44)",1
"(27, 40, 45)",1
"(27, 41, 42)",1
"(27, 42, 43)",1
"(28, 29, 30)",1
"(28, 29, 33)",1
"(28, 29, 34)",1
"(28, 29, 45)",1
"(28, 30, 32)",1
"(28, 30, 34)",1
"(28, 30, 37)",1
"(28, 30, 38)",1
"(28, 30, 39)",1
"(28, 30, 40)",1
"(28, 30, 41)",1
"(28, 30, 44)",1
"(28, 30, 45)",1
"(28, 31, 34)",1
"(28, 31, 44)",1
"(28, 32, 33)",1
"(28, 32, 39)",1
"(28, 32, 40)",1
"(28, 32, 41)",1
"(28, 32, 44)",1
"(28, 33, 34)",1
"(28, 33, 35)",1
"(28, 33, 37)",1
"(28, 33, 39)",1
"(28, 33, 41)",1
"(28, 34, 35)",1
"(28, 34, 37)",1
"(28, 34, 38)",1
"(28, 34, 41)",1
"(28, 35, 36)",1
"(28, 35, 39)",1
"(28, 36, 37)",1
"(28, 36, 38)",1
"(28, 36, 40)",1
"(28, 36, 44)",1
"(28, 37, 42)",1
"(28, 37, 44)",1
"(28, 37, 45)",1
"(28, 39, 41)",1
"(28, 39, 43)",1
"(28, 40, 42)",1
"(28, 40, 44)",1
"(28, 41, 44)",1
"(28, 42, 43)",1
"(28, 42, 44)",1
"(29, 30, 31)",1
"(29, 30, 32)",1
"(29, 30, 35)",1
"(29, 30, 38)",1
"(29, 30, 39)",1
"(29, 30, 41)",1
"(29, 30, 42)",1
"(29, 31, 44)",1
"(29, 32, 35)",1
"(29, 32, 41)",1
"(29, 32, 43)",1
"(29, 32, 44)",1
"(29, 33, 37)",1
"(29, 33, 40)",1
"(29, 34, 37)",1
"(29, 34, 41)",1
"(29, 34, 42)",1
"(29, 34, 43)",1
"(29, 35, 43)",1
"(29, 36, 37)",1
"(29, 37, 43)",1
"(29, 37, 45)",1
"(29, 38, 40)",1
"(29, 38, 43)",1
"(29, 39, 41)",1
"(29, 39, 42)",1
"(29, 39, 44)",1
"(29, 40, 44)",1
"(29, 42, 45)",1
"(29, 44, 45)",1
"(30, 31, 32)",1
"(30, 31, 36)",1
"(30, 31, 40)",1
"(30, 31, 41)",1
"(30, 32, 33)",1
"(30, 32, 34)",1
"(30, 32, 37)",1
"(30, 32, 39)",1
"(30, 32, 43)",1
"(30, 33, 37)",1
"(30, 33, 38)",1
"(30, 33, 39)",1
"(30, 34, 36)",1
"(30, 34, 37)",1
"(30, 34, 41)",1
"(30, 34, 42)",1
"(30, 36, 41)",1
"(30, 36, 42)",1
"(30, 36, 45)",1
"(30, 37, 39)",1
"(30, 37, 41)",1
"(30, 37, 42)",1
"(30, 37, 44)",1
"(30, 38, 39)",1
"(30, 38, 42)",1
"(30, 38, 43)",1
"(30, 38, 44)",1
"(30, 38, 45)",1
"(30, 39, 40)",1
"(30, 39, 42)",1
"(30, 41, 43)",1
"(30, 41, 45)",1
"(30, 42, 44)",1
"(30, 43, 44)",1
"(30, 44, 45)",1
"(31, 32, 34)",1
"(31, 32, 36)",1
"(31, 32, 40)",1
"(31, 33, 36)",1
"(31, 34, 45)",1
"(31, 35, 39)",1
"(31, 35, 43)",1
"(31, 35, 45)",1
"(31, 36, 39)",1
"(31, 38, 43)",1
"(31, 39, 41)",1
"(31, 39, 43)",1
"(31, 39, 44)",1
"(31, 39, 45)",1
"(31, 40, 45)",1
"(31, 41, 42)",1
"(31, 41, 43)",1
"(31, 43, 44)",1
"(32, 33, 36)",1
"(32, 33, 38)",1
"(32, 33, 41)",1
"(32, 33, 42)",1
"(32, 34, 35)",1
"(32, 34, 42)",1
"(32, 34, 44)",1
"(32, 35, 36)",1
"(32, 35, 37)",1
"(32, 35, 38)",1
"(32, 36, 40)",1
"(32, 36, 44)",1
"(32, 37, 43)",1
"(32, 37, 44)",1
"(32, 39, 40)",1
"(32, 40, 43)",1
"(32, 41, 43)",1
"(32, 41, 44)",1
"(32, 41, 45)",1
"(32, 42, 44)",1
"(32, 43, 44)",1
"(32, 43, 45)",1
"(33, 34, 40)",1
"(33, 34, 42)",1
"(33, 34, 43)",1
"(33, 36, 37)",1
"(33, 36, 40)",1
"(33, 36, 45)",1
"(33, 37, 40)",1
"(33, 37, 45)",1
"(33, 38, 41)",1
"(33, 39, 40)",1
"(33, 40, 45)",1
"(33, 44, 45)",1
"(34, 35, 36)",1
"(34, 35, 37)",1
"(34, 35, 39)",1
"(34, 35, 42)",1
"(34, 35, 44)",1
"(34, 35, 45)",1
"(34, 36, 40)",1
"(34, 36, 41)",1
"(34, 36, 44)",1
"(34, 37, 38)",1
"(34, 38, 40)",1
"(34, 38, 44)",1
"(34, 40, 43)",1
"(34, 40, 44)",1
"(34, 41, 42)",1
"(34, 41, 45)",1
"(35, 36, 42)",1
"(35, 36, 44)",1
"(35, 37, 38)",1
"(35, 37, 45)",1
"(35, 38, 39)",1
"(35, 38, 42)",1
"(35, 38, 44)",1
"(35, 39, 40)",1
"(35, 39, 44)",1
"(35, 40, 42)",1
"(35, 41, 43)",1
"(35, 43, 45)",1
"(36, 37, 41)",1
"(36, 37, 43)",1
"(36, 38, 40)",1
"(36, 39, 41)",1
"(36, 39, 43)",1
"(36, 39, 44)",1
"(36, 40, 44)",1
"(36, 42, 45)",1
"(36, 43, 44)",1
"(37, 38, 45)",1
"(37, 39, 42)",1
"(37, 40, 41)",1
"(37, 40, 42)",1
"(37, 40, 43)",1
"(37, 41, 43)",1
"(37, 42, 43)",1
"(37, 43, 44)",1
"(37, 43, 45)",1
"(37, 44, 45)",1
"(38, 39, 41)",1
"(38, 39, 44)",1
"(38, 39, 45)",1
"(38, 40, 42)",1
"(38, 40, 44)",1
"(38, 43, 45)",1
"(39, 40, 43)",1
"(39, 41, 42)",1
"(39, 41, 43)",1
"(39, 41, 45)",1
"(39, 44, 45)",1
"(41, 43, 44)",1
"(42, 43, 45)",1
"(43, 44, 45)",1
