회차,세트번호,예측번호,당첨번호,일치개수,일치번호,등수
2,1,6 16 20 21 28 36,9 13 21 25 32 42 +2,1,21,0
2,2,10 13 14 26 34 41,9 13 21 25 32 42 +2,1,13,0
2,3,7 16 18 23 30 35,9 13 21 25 32 42 +2,0,,0
2,4,13 18 24 26 33 34,9 13 21 25 32 42 +2,1,13,0
2,5,3 6 11 38 41 43,9 13 21 25 32 42 +2,0,,0
2,6,9 12 22 36 38 39,9 13 21 25 32 42 +2,1,9,0
2,7,10 11 24 25 32 35,9 13 21 25 32 42 +2,2,25 32,0
2,8,7 25 26 28 37 44,9 13 21 25 32 42 +2,1,25,0
2,9,2 4 5 26 31 32,9 13 21 25 32 42 +2,1,32,0
2,10,2 11 14 25 27 43,9 13 21 25 32 42 +2,1,25,0
3,1,4 5 6 9 25 45,11 16 19 21 27 31 +30,0,,0
3,2,3 4 7 17 22 44,11 16 19 21 27 31 +30,0,,0
3,3,3 7 13 15 32 41,11 16 19 21 27 31 +30,0,,0
3,4,6 17 19 31 38 41,11 16 19 21 27 31 +30,2,19 31,0
3,5,13 15 23 26 40 43,11 16 19 21 27 31 +30,0,,0
3,6,2 3 5 25 33 45,11 16 19 21 27 31 +30,0,,0
3,7,24 27 28 30 42 45,11 16 19 21 27 31 +30,1,27,0
3,8,9 14 22 26 28 44,11 16 19 21 27 31 +30,0,,0
3,9,3 17 34 40 43 45,11 16 19 21 27 31 +30,0,,0
3,10,2 5 7 28 37 39,11 16 19 21 27 31 +30,0,,0
4,1,9 21 23 24 31 33,14 27 30 31 40 42 +2,1,31,0
4,2,11 14 17 22 27 33,14 27 30 31 40 42 +2,2,14 27,0
4,3,16 17 19 38 40 45,14 27 30 31 40 42 +2,1,40,0
4,4,9 14 17 25 28 41,14 27 30 31 40 42 +2,1,14,0
4,5,3 7 20 25 33 45,14 27 30 31 40 42 +2,0,,0
4,6,1 11 21 25 26 45,14 27 30 31 40 42 +2,0,,0
4,7,12 21 25 26 44 45,14 27 30 31 40 42 +2,0,,0
4,8,6 16 25 35 36 37,14 27 30 31 40 42 +2,0,,0
4,9,3 4 5 13 24 35,14 27 30 31 40 42 +2,0,,0
4,10,1 6 12 20 33 45,14 27 30 31 40 42 +2,0,,0
5,1,25 26 33 34 41 43,16 24 29 40 41 42 +3,1,41,0
5,2,4 5 19 31 32 43,16 24 29 40 41 42 +3,0,,0
5,3,5 13 17 30 32 43,16 24 29 40 41 42 +3,0,,0
5,4,1 3 4 24 25 35,16 24 29 40 41 42 +3,1,24,0
5,5,12 18 22 32 41 43,16 24 29 40 41 42 +3,1,41,0
5,6,4 22 25 32 34 43,16 24 29 40 41 42 +3,0,,0
5,7,9 18 25 32 40 45,16 24 29 40 41 42 +3,1,40,0
5,8,2 7 19 30 34 42,16 24 29 40 41 42 +3,1,42,0
5,9,5 10 15 22 31 42,16 24 29 40 41 42 +3,1,42,0
5,10,24 30 33 34 38 42,16 24 29 40 41 42 +3,2,24 42,0
6,1,8 22 24 33 35 42,14 15 26 27 40 42 +34,1,42,0
6,2,3 6 27 29 40 44,14 15 26 27 40 42 +34,2,27 40,0
6,3,2 9 17 26 27 36,14 15 26 27 40 42 +34,2,26 27,0
6,4,9 10 24 36 43 45,14 15 26 27 40 42 +34,0,,0
6,5,9 18 21 25 28 38,14 15 26 27 40 42 +34,0,,0
6,6,1 7 18 21 23 25,14 15 26 27 40 42 +34,0,,0
6,7,18 22 26 30 38 44,14 15 26 27 40 42 +34,1,26,0
6,8,3 10 17 24 43 45,14 15 26 27 40 42 +34,0,,0
6,9,4 11 14 20 25 28,14 15 26 27 40 42 +34,1,14,0
6,10,6 12 20 25 33 38,14 15 26 27 40 42 +34,0,,0
7,1,3 10 13 20 33 41,2 9 16 25 26 40 +42,0,,0
7,2,10 25 30 31 38 42,2 9 16 25 26 40 +42,1,25,0
7,3,5 8 18 26 34 45,2 9 16 25 26 40 +42,1,26,0
7,4,7 24 34 35 38 39,2 9 16 25 26 40 +42,0,,0
7,5,6 7 17 33 37 40,2 9 16 25 26 40 +42,1,40,0
7,6,16 23 27 30 32 41,2 9 16 25 26 40 +42,1,16,0
7,7,2 3 9 13 19 27,2 9 16 25 26 40 +42,2,2 9,0
7,8,10 14 26 31 38 44,2 9 16 25 26 40 +42,1,26,0
7,9,2 10 17 18 40 45,2 9 16 25 26 40 +42,2,2 40,0
7,10,11 19 26 32 35 45,2 9 16 25 26 40 +42,1,26,0
8,1,4 7 12 28 39 42,8 19 25 34 37 39 +9,1,39,0
8,2,4 9 10 14 32 41,8 19 25 34 37 39 +9,0,,0
8,3,29 32 35 36 39 43,8 19 25 34 37 39 +9,1,39,0
8,4,17 22 23 25 35 39,8 19 25 34 37 39 +9,2,25 39,0
8,5,3 7 15 18 34 39,8 19 25 34 37 39 +9,2,34 39,0
8,6,1 14 21 25 30 45,8 19 25 34 37 39 +9,1,25,0
8,7,9 11 12 22 32 39,8 19 25 34 37 39 +9,1,39,0
8,8,12 13 24 31 32 45,8 19 25 34 37 39 +9,0,,0
8,9,7 12 17 22 24 27,8 19 25 34 37 39 +9,0,,0
8,10,16 20 22 23 28 32,8 19 25 34 37 39 +9,0,,0
9,1,3 9 12 19 40 41,2 4 16 17 36 39 +14,0,,0
9,2,5 12 17 19 25 38,2 4 16 17 36 39 +14,1,17,0
9,3,4 23 28 29 39 42,2 4 16 17 36 39 +14,2,4 39,0
9,4,6 7 12 14 30 37,2 4 16 17 36 39 +14,0,,0
9,5,8 9 10 11 16 21,2 4 16 17 36 39 +14,1,16,0
9,6,7 9 15 20 23 31,2 4 16 17 36 39 +14,0,,0
9,7,4 18 21 26 29 34,2 4 16 17 36 39 +14,1,4,0
9,8,14 25 33 34 39 45,2 4 16 17 36 39 +14,1,39,0
9,9,6 15 19 26 30 34,2 4 16 17 36 39 +14,0,,0
9,10,1 9 13 16 26 40,2 4 16 17 36 39 +14,1,16,0
10,1,10 22 23 31 36 45,9 25 30 33 41 44 +6,0,,0
10,2,12 17 21 35 37 42,9 25 30 33 41 44 +6,0,,0
10,3,6 8 17 25 26 36,9 25 30 33 41 44 +6,1,25,0
10,4,2 4 6 21 31 44,9 25 30 33 41 44 +6,1,44,0
10,5,4 13 27 38 44 45,9 25 30 33 41 44 +6,1,44,0
10,6,8 10 16 23 30 42,9 25 30 33 41 44 +6,1,30,0
10,7,8 20 32 35 40 44,9 25 30 33 41 44 +6,1,44,0
10,8,2 7 16 32 33 41,9 25 30 33 41 44 +6,2,33 41,0
10,9,3 21 23 26 31 41,9 25 30 33 41 44 +6,1,41,0
10,10,3 11 15 20 23 36,9 25 30 33 41 44 +6,0,,0
11,1,3 4 7 19 20 23,1 7 36 37 41 42 +14,1,7,0
11,2,17 19 23 28 30 36,1 7 36 37 41 42 +14,1,36,0
11,3,9 14 20 25 28 37,1 7 36 37 41 42 +14,1,37,0
11,4,7 8 9 19 41 45,1 7 36 37 41 42 +14,2,7 41,0
11,5,8 16 18 24 41 43,1 7 36 37 41 42 +14,1,41,0
11,6,3 7 18 21 30 41,1 7 36 37 41 42 +14,2,7 41,0
11,7,1 8 11 29 32 41,1 7 36 37 41 42 +14,2,1 41,0
11,8,3 7 22 28 36 44,1 7 36 37 41 42 +14,2,7 36,0
11,9,4 10 17 30 32 42,1 7 36 37 41 42 +14,1,42,0
11,10,2 4 17 18 43 45,1 7 36 37 41 42 +14,0,,0
12,1,16 18 20 21 32 44,2 11 21 25 39 45 +44,1,21,0
12,2,8 17 22 23 28 38,2 11 21 25 39 45 +44,0,,0
12,3,16 19 26 27 41 44,2 11 21 25 39 45 +44,0,,0
12,4,2 12 13 17 38 39,2 11 21 25 39 45 +44,2,2 39,0
12,5,6 13 14 15 20 33,2 11 21 25 39 45 +44,0,,0
12,6,13 18 21 24 35 45,2 11 21 25 39 45 +44,2,21 45,0
12,7,5 15 16 28 35 44,2 11 21 25 39 45 +44,0,,0
12,8,7 14 18 23 25 43,2 11 21 25 39 45 +44,1,25,0
12,9,1 17 19 20 35 42,2 11 21 25 39 45 +44,0,,0
12,10,1 6 15 23 33 37,2 11 21 25 39 45 +44,0,,0
13,1,1 2 26 28 42 43,22 23 25 37 38 42 +26,1,42,0
13,2,9 11 19 30 34 41,22 23 25 37 38 42 +26,0,,0
13,3,4 14 26 33 34 42,22 23 25 37 38 42 +26,1,42,0
13,4,9 14 15 35 36 38,22 23 25 37 38 42 +26,1,38,0
13,5,18 24 26 29 38 39,22 23 25 37 38 42 +26,1,38,0
13,6,2 8 10 32 33 40,22 23 25 37 38 42 +26,0,,0
13,7,22 30 38 40 41 44,22 23 25 37 38 42 +26,2,22 38,0
13,8,7 26 28 29 36 42,22 23 25 37 38 42 +26,1,42,0
13,9,3 13 14 33 38 41,22 23 25 37 38 42 +26,1,38,0
13,10,17 18 22 29 42 43,22 23 25 37 38 42 +26,2,22 42,0
14,1,4 15 19 28 30 42,2 6 12 31 33 40 +15,0,,0
14,2,14 20 21 27 35 44,2 6 12 31 33 40 +15,0,,0
14,3,5 10 30 36 39 43,2 6 12 31 33 40 +15,0,,0
14,4,11 20 22 23 29 34,2 6 12 31 33 40 +15,0,,0
14,5,12 13 14 17 32 38,2 6 12 31 33 40 +15,1,12,0
14,6,6 8 19 26 28 34,2 6 12 31 33 40 +15,1,6,0
14,7,3 5 7 22 35 44,2 6 12 31 33 40 +15,0,,0
14,8,1 23 26 27 30 42,2 6 12 31 33 40 +15,0,,0
14,9,7 11 14 20 24 40,2 6 12 31 33 40 +15,1,40,0
14,10,1 4 23 26 39 45,2 6 12 31 33 40 +15,0,,0
15,1,5 9 14 26 30 35,3 4 16 30 31 37 +13,1,30,0
15,2,8 13 15 25 29 31,3 4 16 30 31 37 +13,1,31,0
15,3,18 21 23 26 42 43,3 4 16 30 31 37 +13,0,,0
15,4,1 9 15 16 22 40,3 4 16 30 31 37 +13,1,16,0
15,5,8 16 22 24 37 44,3 4 16 30 31 37 +13,2,16 37,0
15,6,2 3 26 30 32 37,3 4 16 30 31 37 +13,3,3 30 37,5
15,7,9 12 17 20 22 41,3 4 16 30 31 37 +13,0,,0
15,8,3 5 13 18 21 25,3 4 16 30 31 37 +13,1,3,0
15,9,5 7 18 20 33 35,3 4 16 30 31 37 +13,0,,0
15,10,4 6 27 39 41 44,3 4 16 30 31 37 +13,1,4,0
16,1,2 22 24 25 31 41,6 7 24 37 38 40 +33,1,24,0
16,2,3 10 12 20 21 42,6 7 24 37 38 40 +33,0,,0
16,3,1 19 20 22 35 40,6 7 24 37 38 40 +33,1,40,0
16,4,4 5 10 27 33 35,6 7 24 37 38 40 +33,0,,0
16,5,6 24 30 33 38 43,6 7 24 37 38 40 +33,3,6 24 38,5
16,6,11 16 27 35 36 42,6 7 24 37 38 40 +33,0,,0
16,7,10 29 32 37 44 45,6 7 24 37 38 40 +33,1,37,0
16,8,4 10 11 17 18 30,6 7 24 37 38 40 +33,0,,0
16,9,4 8 16 24 25 27,6 7 24 37 38 40 +33,1,24,0
16,10,4 7 14 15 26 33,6 7 24 37 38 40 +33,1,7,0
17,1,2 3 6 12 22 31,3 4 9 17 32 37 +1,1,3,0
17,2,8 10 18 19 29 44,3 4 9 17 32 37 +1,0,,0
17,3,15 17 24 30 32 33,3 4 9 17 32 37 +1,2,17 32,0
17,4,2 4 13 38 40 41,3 4 9 17 32 37 +1,1,4,0
17,5,3 11 27 29 39 40,3 4 9 17 32 37 +1,1,3,0
17,6,12 18 23 37 39 42,3 4 9 17 32 37 +1,1,37,0
17,7,2 7 13 17 18 34,3 4 9 17 32 37 +1,1,17,0
17,8,16 18 19 22 32 39,3 4 9 17 32 37 +1,1,32,0
17,9,3 18 37 39 42 45,3 4 9 17 32 37 +1,2,3 37,0
17,10,13 25 31 36 37 38,3 4 9 17 32 37 +1,1,37,0
18,1,12 14 16 17 26 34,3 12 13 19 32 35 +29,1,12,0
18,2,6 14 19 20 41 45,3 12 13 19 32 35 +29,1,19,0
18,3,18 20 22 29 39 44,3 12 13 19 32 35 +29,0,,0
18,4,10 12 17 21 31 32,3 12 13 19 32 35 +29,2,12 32,0
18,5,4 5 6 11 29 40,3 12 13 19 32 35 +29,0,,0
18,6,11 14 24 31 32 42,3 12 13 19 32 35 +29,1,32,0
18,7,1 14 24 27 31 35,3 12 13 19 32 35 +29,1,35,0
18,8,16 20 30 32 37 38,3 12 13 19 32 35 +29,1,32,0
18,9,9 15 27 39 42 44,3 12 13 19 32 35 +29,0,,0
18,10,8 16 26 30 31 38,3 12 13 19 32 35 +29,0,,0
19,1,2 5 11 18 32 41,6 30 38 39 40 43 +26,0,,0
19,2,11 19 21 28 29 45,6 30 38 39 40 43 +26,0,,0
19,3,5 15 27 31 38 39,6 30 38 39 40 43 +26,2,38 39,0
19,4,2 8 19 24 40 43,6 30 38 39 40 43 +26,2,40 43,0
19,5,15 28 33 37 40 41,6 30 38 39 40 43 +26,1,40,0
19,6,3 10 14 33 36 45,6 30 38 39 40 43 +26,0,,0
19,7,2 5 8 14 16 37,6 30 38 39 40 43 +26,0,,0
19,8,10 24 27 28 34 39,6 30 38 39 40 43 +26,1,39,0
19,9,14 15 26 27 35 36,6 30 38 39 40 43 +26,0,,0
19,10,16 21 34 42 43 44,6 30 38 39 40 43 +26,1,43,0
20,1,13 20 25 28 32 36,10 14 18 20 23 30 +41,1,20,0
20,2,10 16 19 30 35 36,10 14 18 20 23 30 +41,2,10 30,0
20,3,7 12 17 33 35 44,10 14 18 20 23 30 +41,0,,0
20,4,4 8 15 17 40 44,10 14 18 20 23 30 +41,0,,0
20,5,1 15 23 31 32 36,10 14 18 20 23 30 +41,1,23,0
20,6,15 19 21 34 37 42,10 14 18 20 23 30 +41,0,,0
20,7,2 7 8 20 26 32,10 14 18 20 23 30 +41,1,20,0
20,8,8 11 16 21 33 40,10 14 18 20 23 30 +41,0,,0
20,9,4 7 11 27 31 44,10 14 18 20 23 30 +41,0,,0
20,10,24 25 26 31 36 37,10 14 18 20 23 30 +41,0,,0
21,1,7 15 21 24 33 40,6 12 17 18 31 32 +21,0,,0
21,2,2 5 17 24 27 45,6 12 17 18 31 32 +21,1,17,0
21,3,4 8 25 38 43 44,6 12 17 18 31 32 +21,0,,0
21,4,4 12 32 34 42 45,6 12 17 18 31 32 +21,2,12 32,0
21,5,5 16 24 26 32 39,6 12 17 18 31 32 +21,1,32,0
21,6,6 14 17 20 42 43,6 12 17 18 31 32 +21,2,6 17,0
21,7,13 25 36 38 42 44,6 12 17 18 31 32 +21,0,,0
21,8,5 12 21 23 25 29,6 12 17 18 31 32 +21,1,12,0
21,9,14 17 31 36 41 42,6 12 17 18 31 32 +21,2,17 31,0
21,10,2 18 25 26 39 45,6 12 17 18 31 32 +21,1,18,0
22,1,3 4 28 34 37 39,4 5 6 8 17 39 +25,2,4 39,0
22,2,10 21 32 33 37 38,4 5 6 8 17 39 +25,0,,0
22,3,1 9 11 17 20 21,4 5 6 8 17 39 +25,1,17,0
22,4,3 6 15 17 22 24,4 5 6 8 17 39 +25,2,6 17,0
22,5,8 10 21 24 27 41,4 5 6 8 17 39 +25,1,8,0
22,6,2 6 8 16 26 28,4 5 6 8 17 39 +25,2,6 8,0
22,7,4 14 15 22 39 41,4 5 6 8 17 39 +25,2,4 39,0
22,8,15 28 36 38 42 44,4 5 6 8 17 39 +25,0,,0
22,9,2 10 11 20 22 43,4 5 6 8 17 39 +25,0,,0
22,10,2 4 17 21 30 45,4 5 6 8 17 39 +25,2,4 17,0
23,1,4 7 35 40 41 42,5 13 17 18 33 42 +44,1,42,0
23,2,19 24 26 36 40 43,5 13 17 18 33 42 +44,0,,0
23,3,9 29 32 35 37 38,5 13 17 18 33 42 +44,0,,0
23,4,8 20 21 35 40 45,5 13 17 18 33 42 +44,0,,0
23,5,5 7 16 24 25 39,5 13 17 18 33 42 +44,1,5,0
23,6,10 15 18 20 32 38,5 13 17 18 33 42 +44,1,18,0
23,7,4 15 23 24 31 45,5 13 17 18 33 42 +44,0,,0
23,8,5 10 14 15 20 41,5 13 17 18 33 42 +44,1,5,0
23,9,12 19 22 34 42 45,5 13 17 18 33 42 +44,1,42,0
23,10,13 33 35 40 44 45,5 13 17 18 33 42 +44,2,13 33,0
24,1,18 24 26 28 40 45,7 8 27 29 36 43 +6,0,,0
24,2,4 25 27 30 32 43,7 8 27 29 36 43 +6,2,27 43,0
24,3,26 27 31 35 39 41,7 8 27 29 36 43 +6,1,27,0
24,4,2 15 29 41 44 45,7 8 27 29 36 43 +6,1,29,0
24,5,2 9 33 38 42 45,7 8 27 29 36 43 +6,0,,0
24,6,5 8 10 19 33 43,7 8 27 29 36 43 +6,2,8 43,0
24,7,4 5 11 34 36 42,7 8 27 29 36 43 +6,1,36,0
24,8,14 29 30 35 41 45,7 8 27 29 36 43 +6,1,29,0
24,9,8 18 21 41 43 44,7 8 27 29 36 43 +6,2,8 43,0
24,10,2 18 22 28 36 38,7 8 27 29 36 43 +6,1,36,0
25,1,2 4 5 7 17 20,2 4 21 26 43 44 +16,2,2 4,0
25,2,19 22 31 38 41 42,2 4 21 26 43 44 +16,0,,0
25,3,7 18 31 32 38 44,2 4 21 26 43 44 +16,1,44,0
25,4,10 11 19 31 41 42,2 4 21 26 43 44 +16,0,,0
25,5,6 9 14 18 25 35,2 4 21 26 43 44 +16,0,,0
25,6,3 6 7 9 31 43,2 4 21 26 43 44 +16,1,43,0
25,7,1 8 21 35 36 40,2 4 21 26 43 44 +16,1,21,0
25,8,10 16 17 22 27 44,2 4 21 26 43 44 +16,1,44,0
25,9,15 17 18 20 34 38,2 4 21 26 43 44 +16,0,,0
25,10,1 5 6 23 26 44,2 4 21 26 43 44 +16,2,26 44,0
26,1,4 14 28 32 33 34,4 5 7 18 20 25 +31,1,4,0
26,2,6 9 15 34 35 38,4 5 7 18 20 25 +31,0,,0
26,3,18 20 28 29 38 42,4 5 7 18 20 25 +31,2,18 20,0
26,4,9 23 25 30 44 45,4 5 7 18 20 25 +31,1,25,0
26,5,1 13 19 27 34 41,4 5 7 18 20 25 +31,0,,0
26,6,25 26 32 34 36 41,4 5 7 18 20 25 +31,1,25,0
26,7,2 11 14 17 29 36,4 5 7 18 20 25 +31,0,,0
26,8,5 12 13 15 28 40,4 5 7 18 20 25 +31,1,5,0
26,9,1 4 13 29 31 32,4 5 7 18 20 25 +31,1,4,0
26,10,11 22 24 25 26 35,4 5 7 18 20 25 +31,1,25,0
27,1,14 22 23 27 34 45,1 20 26 28 37 43 +27,0,,0
27,2,20 27 32 36 37 39,1 20 26 28 37 43 +27,2,20 37,0
27,3,1 5 19 27 31 36,1 20 26 28 37 43 +27,1,1,0
27,4,7 9 10 16 32 38,1 20 26 28 37 43 +27,0,,0
27,5,2 7 9 23 27 29,1 20 26 28 37 43 +27,0,,0
27,6,5 8 13 21 28 38,1 20 26 28 37 43 +27,1,28,0
27,7,11 15 16 30 31 37,1 20 26 28 37 43 +27,1,37,0
27,8,2 19 30 37 38 42,1 20 26 28 37 43 +27,1,37,0
27,9,17 24 32 33 42 45,1 20 26 28 37 43 +27,0,,0
27,10,15 16 18 30 34 45,1 20 26 28 37 43 +27,0,,0
28,1,6 13 22 23 37 39,9 18 23 25 35 37 +1,2,23 37,0
28,2,5 9 13 15 19 29,9 18 23 25 35 37 +1,1,9,0
28,3,6 8 12 17 32 41,9 18 23 25 35 37 +1,0,,0
28,4,10 26 29 31 35 37,9 18 23 25 35 37 +1,2,35 37,0
28,5,2 6 19 24 36 39,9 18 23 25 35 37 +1,0,,0
28,6,2 14 17 23 25 44,9 18 23 25 35 37 +1,2,23 25,0
28,7,8 11 13 23 31 43,9 18 23 25 35 37 +1,1,23,0
28,8,6 16 18 28 36 38,9 18 23 25 35 37 +1,1,18,0
28,9,2 6 11 26 34 41,9 18 23 25 35 37 +1,0,,0
28,10,3 5 12 15 21 35,9 18 23 25 35 37 +1,1,35,0
29,1,1 13 22 28 31 38,1 5 13 34 39 40 +11,2,1 13,0
29,2,7 20 25 33 37 43,1 5 13 34 39 40 +11,0,,0
29,3,20 22 26 31 36 41,1 5 13 34 39 40 +11,0,,0
29,4,9 14 29 30 35 44,1 5 13 34 39 40 +11,0,,0
29,5,21 23 26 27 31 35,1 5 13 34 39 40 +11,0,,0
29,6,12 13 15 24 29 45,1 5 13 34 39 40 +11,1,13,0
29,7,2 4 26 29 37 44,1 5 13 34 39 40 +11,0,,0
29,8,6 10 22 28 30 42,1 5 13 34 39 40 +11,0,,0
29,9,5 15 37 38 39 44,1 5 13 34 39 40 +11,2,5 39,0
29,10,9 17 30 31 37 39,1 5 13 34 39 40 +11,1,39,0
30,1,6 16 29 31 35 44,8 17 20 35 36 44 +4,2,35 44,0
30,2,3 4 7 30 41 43,8 17 20 35 36 44 +4,0,,0
30,3,3 6 7 11 30 31,8 17 20 35 36 44 +4,0,,0
30,4,5 25 26 32 36 40,8 17 20 35 36 44 +4,1,36,0
30,5,4 5 10 14 27 45,8 17 20 35 36 44 +4,0,,0
30,6,3 6 17 24 25 43,8 17 20 35 36 44 +4,1,17,0
30,7,9 11 12 24 25 27,8 17 20 35 36 44 +4,0,,0
30,8,5 9 13 15 24 36,8 17 20 35 36 44 +4,1,36,0
30,9,6 8 15 30 31 35,8 17 20 35 36 44 +4,2,8 35,0
30,10,3 9 11 14 27 40,8 17 20 35 36 44 +4,0,,0
31,1,13 14 15 22 27 34,7 9 18 23 28 35 +32,0,,0
31,2,2 8 16 18 22 33,7 9 18 23 28 35 +32,1,18,0
31,3,3 5 12 16 38 43,7 9 18 23 28 35 +32,0,,0
31,4,8 29 40 41 42 43,7 9 18 23 28 35 +32,0,,0
31,5,10 18 24 28 30 45,7 9 18 23 28 35 +32,2,18 28,0
31,6,4 8 18 23 29 45,7 9 18 23 28 35 +32,2,18 23,0
31,7,6 10 12 27 33 45,7 9 18 23 28 35 +32,0,,0
31,8,3 13 15 20 26 43,7 9 18 23 28 35 +32,0,,0
31,9,11 17 27 35 38 44,7 9 18 23 28 35 +32,1,35,0
31,10,16 26 31 39 41 45,7 9 18 23 28 35 +32,0,,0
32,1,23 36 39 42 43 45,6 14 19 25 34 44 +11,0,,0
32,2,15 17 19 34 41 45,6 14 19 25 34 44 +11,2,19 34,0
32,3,5 21 26 40 43 44,6 14 19 25 34 44 +11,1,44,0
32,4,11 22 23 31 34 41,6 14 19 25 34 44 +11,1,34,0
32,5,13 16 35 36 40 44,6 14 19 25 34 44 +11,1,44,0
32,6,1 2 19 20 33 42,6 14 19 25 34 44 +11,1,19,0
32,7,4 17 23 30 37 44,6 14 19 25 34 44 +11,1,44,0
32,8,18 23 35 38 44 45,6 14 19 25 34 44 +11,1,44,0
32,9,5 18 30 31 39 40,6 14 19 25 34 44 +11,0,,0
32,10,4 25 26 29 39 41,6 14 19 25 34 44 +11,1,25,0
33,1,3 8 18 32 36 44,4 7 32 33 40 41 +9,1,32,0
33,2,9 14 17 19 33 36,4 7 32 33 40 41 +9,1,33,0
33,3,15 25 27 30 42 45,4 7 32 33 40 41 +9,0,,0
33,4,10 25 36 40 42 45,4 7 32 33 40 41 +9,1,40,0
33,5,2 12 17 24 25 30,4 7 32 33 40 41 +9,0,,0
33,6,3 6 16 22 37 39,4 7 32 33 40 41 +9,0,,0
33,7,5 22 27 28 29 32,4 7 32 33 40 41 +9,1,32,0
33,8,4 25 26 34 37 40,4 7 32 33 40 41 +9,2,4 40,0
33,9,3 9 29 33 36 44,4 7 32 33 40 41 +9,1,33,0
33,10,2 17 25 34 43 45,4 7 32 33 40 41 +9,0,,0
34,1,11 12 24 28 34 45,9 26 35 37 40 42 +2,0,,0
34,2,14 19 20 37 42 45,9 26 35 37 40 42 +2,2,37 42,0
34,3,10 13 27 33 41 43,9 26 35 37 40 42 +2,0,,0
34,4,8 17 18 32 33 45,9 26 35 37 40 42 +2,0,,0
34,5,5 19 29 34 38 40,9 26 35 37 40 42 +2,1,40,0
34,6,9 10 18 30 38 39,9 26 35 37 40 42 +2,1,9,0
34,7,1 4 5 13 25 39,9 26 35 37 40 42 +2,0,,0
34,8,17 19 29 30 31 41,9 26 35 37 40 42 +2,0,,0
34,9,5 11 25 29 30 41,9 26 35 37 40 42 +2,0,,0
34,10,1 20 23 36 37 44,9 26 35 37 40 42 +2,1,37,0
35,1,9 29 37 38 43 45,2 3 11 26 37 43 +39,2,37 43,0
35,2,6 12 20 23 25 35,2 3 11 26 37 43 +39,0,,0
35,3,3 17 20 22 29 35,2 3 11 26 37 43 +39,1,3,0
35,4,4 16 20 29 36 39,2 3 11 26 37 43 +39,0,,0
35,5,1 16 25 26 38 45,2 3 11 26 37 43 +39,1,26,0
35,6,24 30 37 38 42 43,2 3 11 26 37 43 +39,2,37 43,0
35,7,2 23 32 34 36 41,2 3 11 26 37 43 +39,1,2,0
35,8,2 6 23 27 30 39,2 3 11 26 37 43 +39,1,2,0
35,9,4 12 13 20 25 39,2 3 11 26 37 43 +39,0,,0
35,10,2 5 23 29 32 45,2 3 11 26 37 43 +39,1,2,0
36,1,4 21 24 32 34 43,1 10 23 26 28 40 +31,0,,0
36,2,6 15 16 20 27 38,1 10 23 26 28 40 +31,0,,0
36,3,13 15 17 21 25 38,1 10 23 26 28 40 +31,0,,0
36,4,8 10 26 27 36 40,1 10 23 26 28 40 +31,3,10 26 40,5
36,5,1 29 36 38 39 42,1 10 23 26 28 40 +31,1,1,0
36,6,3 6 14 23 26 37,1 10 23 26 28 40 +31,2,23 26,0
36,7,8 12 22 23 37 43,1 10 23 26 28 40 +31,1,23,0
36,8,1 11 21 22 28 35,1 10 23 26 28 40 +31,2,1 28,0
36,9,8 9 17 18 24 39,1 10 23 26 28 40 +31,0,,0
36,10,6 10 13 19 30 31,1 10 23 26 28 40 +31,1,10,0
37,1,4 6 9 25 36 40,7 27 30 33 35 37 +42,0,,0
37,2,1 3 12 18 29 43,7 27 30 33 35 37 +42,0,,0
37,3,8 18 26 31 40 44,7 27 30 33 35 37 +42,0,,0
37,4,8 13 23 36 39 42,7 27 30 33 35 37 +42,0,,0
37,5,12 20 30 39 43 44,7 27 30 33 35 37 +42,1,30,0
37,6,7 14 22 31 33 45,7 27 30 33 35 37 +42,2,7 33,0
37,7,1 3 30 31 39 44,7 27 30 33 35 37 +42,1,30,0
37,8,9 18 20 32 33 45,7 27 30 33 35 37 +42,1,33,0
37,9,6 23 27 29 41 45,7 27 30 33 35 37 +42,1,27,0
37,10,5 7 9 17 30 34,7 27 30 33 35 37 +42,2,7 30,0
38,1,12 21 28 33 40 43,16 17 22 30 37 43 +36,1,43,0
38,2,9 16 32 34 39 40,16 17 22 30 37 43 +36,1,16,0
38,3,1 5 9 12 20 35,16 17 22 30 37 43 +36,0,,0
38,4,6 10 21 23 31 37,16 17 22 30 37 43 +36,1,37,0
38,5,13 17 21 24 28 39,16 17 22 30 37 43 +36,1,17,0
38,6,12 14 30 39 41 45,16 17 22 30 37 43 +36,1,30,0
38,7,11 14 16 22 25 33,16 17 22 30 37 43 +36,2,16 22,0
38,8,7 10 15 20 28 35,16 17 22 30 37 43 +36,0,,0
38,9,5 7 12 16 21 44,16 17 22 30 37 43 +36,1,16,0
38,10,8 22 29 35 37 42,16 17 22 30 37 43 +36,2,22 37,0
39,1,1 9 11 13 15 26,6 7 13 15 21 43 +8,2,13 15,0
39,2,12 14 15 25 39 45,6 7 13 15 21 43 +8,1,15,0
39,3,10 19 21 22 27 33,6 7 13 15 21 43 +8,1,21,0
39,4,1 4 8 18 20 37,6 7 13 15 21 43 +8,0,,0
39,5,1 19 24 26 27 30,6 7 13 15 21 43 +8,0,,0
39,6,3 4 8 10 36 43,6 7 13 15 21 43 +8,1,43,0
39,7,3 10 12 34 35 39,6 7 13 15 21 43 +8,0,,0
39,8,1 25 31 32 43 45,6 7 13 15 21 43 +8,1,43,0
39,9,10 11 14 33 34 38,6 7 13 15 21 43 +8,0,,0
39,10,15 17 22 30 37 38,6 7 13 15 21 43 +8,1,15,0
40,1,12 16 20 22 27 40,7 13 18 19 25 26 +6,0,,0
40,2,7 12 28 34 35 36,7 13 18 19 25 26 +6,1,7,0
40,3,6 17 22 23 25 44,7 13 18 19 25 26 +6,1,25,0
40,4,2 6 16 21 25 41,7 13 18 19 25 26 +6,1,25,0
40,5,21 23 24 27 31 40,7 13 18 19 25 26 +6,0,,0
40,6,14 27 30 33 35 38,7 13 18 19 25 26 +6,0,,0
40,7,5 8 12 16 24 40,7 13 18 19 25 26 +6,0,,0
40,8,4 18 36 37 40 45,7 13 18 19 25 26 +6,1,18,0
40,9,1 4 38 40 42 43,7 13 18 19 25 26 +6,0,,0
40,10,3 25 28 32 33 35,7 13 18 19 25 26 +6,1,25,0
41,1,6 8 14 31 38 45,13 20 23 35 38 43 +34,1,38,0
41,2,18 33 35 38 43 45,13 20 23 35 38 43 +34,3,35 38 43,5
41,3,10 12 17 22 26 39,13 20 23 35 38 43 +34,0,,0
41,4,4 5 17 29 41 42,13 20 23 35 38 43 +34,0,,0
41,5,1 2 8 16 31 36,13 20 23 35 38 43 +34,0,,0
41,6,24 26 27 33 40 44,13 20 23 35 38 43 +34,0,,0
41,7,4 17 23 37 38 40,13 20 23 35 38 43 +34,2,23 38,0
41,8,4 16 18 27 30 37,13 20 23 35 38 43 +34,0,,0
41,9,1 14 17 22 42 43,13 20 23 35 38 43 +34,1,43,0
41,10,12 16 26 30 31 34,13 20 23 35 38 43 +34,0,,0
42,1,2 8 25 26 35 41,17 18 19 21 23 32 +1,0,,0
42,2,1 4 11 38 39 42,17 18 19 21 23 32 +1,0,,0
42,3,12 31 33 36 39 42,17 18 19 21 23 32 +1,0,,0
42,4,8 18 30 31 32 39,17 18 19 21 23 32 +1,2,18 32,0
42,5,2 19 26 32 34 35,17 18 19 21 23 32 +1,2,19 32,0
42,6,4 8 13 20 21 38,17 18 19 21 23 32 +1,1,21,0
42,7,10 18 20 22 27 44,17 18 19 21 23 32 +1,1,18,0
42,8,15 17 20 24 27 42,17 18 19 21 23 32 +1,1,17,0
42,9,10 16 27 32 36 37,17 18 19 21 23 32 +1,1,32,0
42,10,5 12 16 37 38 41,17 18 19 21 23 32 +1,0,,0
43,1,14 18 28 37 38 45,6 31 35 38 39 44 +1,1,38,0
43,2,6 23 24 33 34 38,6 31 35 38 39 44 +1,2,6 38,0
43,3,12 15 21 34 36 41,6 31 35 38 39 44 +1,0,,0
43,4,1 8 20 22 27 36,6 31 35 38 39 44 +1,0,,0
43,5,1 10 13 28 40 45,6 31 35 38 39 44 +1,0,,0
43,6,3 4 6 10 24 40,6 31 35 38 39 44 +1,1,6,0
43,7,3 4 22 25 34 40,6 31 35 38 39 44 +1,0,,0
43,8,14 27 30 35 40 42,6 31 35 38 39 44 +1,1,35,0
43,9,2 11 14 22 39 43,6 31 35 38 39 44 +1,1,39,0
43,10,8 16 17 19 26 44,6 31 35 38 39 44 +1,1,44,0
44,1,2 8 14 15 32 42,3 11 21 30 38 45 +39,0,,0
44,2,10 25 27 31 39 43,3 11 21 30 38 45 +39,0,,0
44,3,4 14 30 37 38 43,3 11 21 30 38 45 +39,2,30 38,0
44,4,5 21 29 32 38 44,3 11 21 30 38 45 +39,2,21 38,0
44,5,1 2 28 29 31 37,3 11 21 30 38 45 +39,0,,0
44,6,1 2 31 32 37 43,3 11 21 30 38 45 +39,0,,0
44,7,1 14 17 23 39 40,3 11 21 30 38 45 +39,0,,0
44,8,2 7 9 18 19 37,3 11 21 30 38 45 +39,0,,0
44,9,1 19 29 30 33 34,3 11 21 30 38 45 +39,1,30,0
44,10,5 22 26 37 38 42,3 11 21 30 38 45 +39,1,38,0
45,1,6 30 35 39 41 45,1 10 20 27 33 35 +17,1,35,0
45,2,4 6 13 22 33 37,1 10 20 27 33 35 +17,1,33,0
45,3,1 15 20 23 41 44,1 10 20 27 33 35 +17,2,1 20,0
45,4,28 30 32 34 38 43,1 10 20 27 33 35 +17,0,,0
45,5,4 10 12 35 36 40,1 10 20 27 33 35 +17,2,10 35,0
45,6,1 3 8 25 28 39,1 10 20 27 33 35 +17,1,1,0
45,7,2 3 10 18 20 40,1 10 20 27 33 35 +17,2,10 20,0
45,8,4 10 12 18 19 32,1 10 20 27 33 35 +17,1,10,0
45,9,14 18 20 24 26 43,1 10 20 27 33 35 +17,1,20,0
45,10,11 18 20 23 37 43,1 10 20 27 33 35 +17,1,20,0
46,1,9 21 22 30 35 43,8 13 15 23 31 38 +39,0,,0
46,2,9 10 18 27 33 40,8 13 15 23 31 38 +39,0,,0
46,3,5 13 19 25 33 43,8 13 15 23 31 38 +39,1,13,0
46,4,4 5 7 22 34 45,8 13 15 23 31 38 +39,0,,0
46,5,1 3 27 34 41 45,8 13 15 23 31 38 +39,0,,0
46,6,8 14 16 33 40 44,8 13 15 23 31 38 +39,1,8,0
46,7,1 5 17 32 42 44,8 13 15 23 31 38 +39,0,,0
46,8,1 2 16 19 37 45,8 13 15 23 31 38 +39,0,,0
46,9,6 7 17 21 26 45,8 13 15 23 31 38 +39,0,,0
46,10,3 7 9 21 43 44,8 13 15 23 31 38 +39,0,,0
47,1,3 4 13 23 38 40,14 17 26 31 36 45 +27,0,,0
47,2,4 5 15 31 34 42,14 17 26 31 36 45 +27,1,31,0
47,3,8 30 31 36 39 40,14 17 26 31 36 45 +27,2,31 36,0
47,4,2 4 16 22 25 38,14 17 26 31 36 45 +27,0,,0
47,5,1 4 7 25 35 43,14 17 26 31 36 45 +27,0,,0
47,6,7 8 19 26 34 35,14 17 26 31 36 45 +27,1,26,0
47,7,3 7 16 24 30 33,14 17 26 31 36 45 +27,0,,0
47,8,12 13 27 39 41 44,14 17 26 31 36 45 +27,0,,0
47,9,5 9 19 21 25 32,14 17 26 31 36 45 +27,0,,0
47,10,2 13 18 19 42 44,14 17 26 31 36 45 +27,0,,0
48,1,1 6 16 20 30 37,6 10 18 26 37 38 +3,2,6 37,0
48,2,2 10 12 25 34 41,6 10 18 26 37 38 +3,1,10,0
48,3,1 14 21 24 26 36,6 10 18 26 37 38 +3,1,26,0
48,4,6 19 20 28 34 42,6 10 18 26 37 38 +3,1,6,0
48,5,7 10 18 27 34 39,6 10 18 26 37 38 +3,2,10 18,0
48,6,2 14 16 18 19 34,6 10 18 26 37 38 +3,1,18,0
48,7,27 29 35 39 40 43,6 10 18 26 37 38 +3,0,,0
48,8,11 15 24 35 40 41,6 10 18 26 37 38 +3,0,,0
48,9,1 5 27 30 38 39,6 10 18 26 37 38 +3,1,38,0
48,10,12 17 24 28 39 44,6 10 18 26 37 38 +3,0,,0
49,1,1 14 19 32 38 44,4 7 16 19 33 40 +30,1,19,0
49,2,15 17 29 31 33 45,4 7 16 19 33 40 +30,1,33,0
49,3,5 7 14 34 36 43,4 7 16 19 33 40 +30,1,7,0
49,4,5 9 17 24 36 37,4 7 16 19 33 40 +30,0,,0
49,5,15 22 33 36 40 43,4 7 16 19 33 40 +30,2,33 40,0
49,6,4 5 9 20 33 40,4 7 16 19 33 40 +30,3,4 33 40,5
49,7,5 32 33 39 41 43,4 7 16 19 33 40 +30,1,33,0
49,8,3 9 21 24 28 42,4 7 16 19 33 40 +30,0,,0
49,9,4 13 23 27 29 43,4 7 16 19 33 40 +30,1,4,0
49,10,7 23 32 33 35 36,4 7 16 19 33 40 +30,2,7 33,0
50,1,2 10 17 26 32 33,2 10 12 15 22 44 +1,2,2 10,0
50,2,4 25 28 36 42 43,2 10 12 15 22 44 +1,0,,0
50,3,16 20 25 28 29 33,2 10 12 15 22 44 +1,0,,0
50,4,4 11 12 23 28 35,2 10 12 15 22 44 +1,1,12,0
50,5,1 25 31 32 33 37,2 10 12 15 22 44 +1,0,,0
50,6,5 6 11 14 35 44,2 10 12 15 22 44 +1,1,44,0
50,7,4 12 23 33 39 42,2 10 12 15 22 44 +1,1,12,0
50,8,1 2 9 12 20 21,2 10 12 15 22 44 +1,2,2 12,0
50,9,7 10 12 23 25 42,2 10 12 15 22 44 +1,2,10 12,0
50,10,1 7 15 16 25 30,2 10 12 15 22 44 +1,1,15,0
51,1,6 19 22 27 29 43,2 3 11 16 26 44 +35,0,,0
51,2,15 18 28 29 42 45,2 3 11 16 26 44 +35,0,,0
51,3,3 4 20 28 42 43,2 3 11 16 26 44 +35,1,3,0
51,4,5 13 31 36 42 45,2 3 11 16 26 44 +35,0,,0
51,5,9 13 20 33 39 45,2 3 11 16 26 44 +35,0,,0
51,6,11 13 25 26 30 34,2 3 11 16 26 44 +35,2,11 26,0
51,7,3 7 10 19 22 41,2 3 11 16 26 44 +35,1,3,0
51,8,10 16 27 32 33 34,2 3 11 16 26 44 +35,1,16,0
51,9,8 27 28 29 33 42,2 3 11 16 26 44 +35,0,,0
51,10,8 16 27 32 35 43,2 3 11 16 26 44 +35,1,16,0
52,1,1 3 5 26 28 41,2 4 15 16 20 29 +1,0,,0
52,2,12 13 17 28 34 42,2 4 15 16 20 29 +1,0,,0
52,3,1 3 14 15 29 32,2 4 15 16 20 29 +1,2,15 29,0
52,4,8 21 30 32 33 38,2 4 15 16 20 29 +1,0,,0
52,5,5 10 11 16 37 41,2 4 15 16 20 29 +1,1,16,0
52,6,4 6 14 20 28 39,2 4 15 16 20 29 +1,2,4 20,0
52,7,9 16 18 27 37 38,2 4 15 16 20 29 +1,1,16,0
52,8,13 16 20 35 37 45,2 4 15 16 20 29 +1,2,16 20,0
52,9,6 7 21 25 31 33,2 4 15 16 20 29 +1,0,,0
52,10,3 4 7 17 34 39,2 4 15 16 20 29 +1,1,4,0
53,1,1 3 4 20 25 44,7 8 14 32 33 39 +42,0,,0
53,2,4 9 10 13 22 39,7 8 14 32 33 39 +42,1,39,0
53,3,2 15 18 23 25 31,7 8 14 32 33 39 +42,0,,0
53,4,6 15 23 39 40 42,7 8 14 32 33 39 +42,1,39,0
53,5,11 15 19 24 30 45,7 8 14 32 33 39 +42,0,,0
53,6,8 24 30 34 39 42,7 8 14 32 33 39 +42,2,8 39,0
53,7,5 22 37 39 44 45,7 8 14 32 33 39 +42,1,39,0
53,8,26 34 35 37 39 43,7 8 14 32 33 39 +42,1,39,0
53,9,9 23 26 30 33 37,7 8 14 32 33 39 +42,1,33,0
53,10,16 24 32 35 40 43,7 8 14 32 33 39 +42,1,32,0
54,1,11 19 31 41 42 43,1 8 21 27 36 39 +37,0,,0
54,2,3 8 15 22 35 43,1 8 21 27 36 39 +37,1,8,0
54,3,8 14 18 21 23 31,1 8 21 27 36 39 +37,2,8 21,0
54,4,5 10 14 15 17 34,1 8 21 27 36 39 +37,0,,0
54,5,1 4 10 12 33 37,1 8 21 27 36 39 +37,1,1,0
54,6,7 11 17 23 43 44,1 8 21 27 36 39 +37,0,,0
54,7,2 4 5 15 26 32,1 8 21 27 36 39 +37,0,,0
54,8,2 8 9 18 23 44,1 8 21 27 36 39 +37,1,8,0
54,9,6 16 17 25 38 45,1 8 21 27 36 39 +37,0,,0
54,10,15 18 23 25 29 31,1 8 21 27 36 39 +37,0,,0
55,1,2 22 34 35 39 45,17 21 31 37 40 44 +7,0,,0
55,2,10 17 21 22 28 33,17 21 31 37 40 44 +7,2,17 21,0
55,3,18 22 23 34 35 43,17 21 31 37 40 44 +7,0,,0
55,4,7 8 26 29 37 38,17 21 31 37 40 44 +7,1,37,0
55,5,23 25 28 33 43 45,17 21 31 37 40 44 +7,0,,0
55,6,2 7 14 16 18 42,17 21 31 37 40 44 +7,0,,0
55,7,2 5 26 35 39 44,17 21 31 37 40 44 +7,1,44,0
55,8,6 19 20 25 36 38,17 21 31 37 40 44 +7,0,,0
55,9,1 2 26 29 36 39,17 21 31 37 40 44 +7,0,,0
55,10,5 11 12 30 41 44,17 21 31 37 40 44 +7,1,44,0
56,1,2 19 31 42 44 45,10 14 30 31 33 37 +19,1,31,0
56,2,3 10 16 17 21 26,10 14 30 31 33 37 +19,1,10,0
56,3,12 14 19 25 28 45,10 14 30 31 33 37 +19,1,14,0
56,4,5 24 32 34 38 43,10 14 30 31 33 37 +19,0,,0
56,5,9 10 11 22 29 30,10 14 30 31 33 37 +19,2,10 30,0
56,6,12 17 18 19 30 38,10 14 30 31 33 37 +19,1,30,0
56,7,1 2 4 5 34 37,10 14 30 31 33 37 +19,1,37,0
56,8,2 14 20 26 32 40,10 14 30 31 33 37 +19,1,14,0
56,9,3 15 18 21 23 29,10 14 30 31 33 37 +19,0,,0
56,10,4 13 18 23 40 43,10 14 30 31 33 37 +19,0,,0
57,1,1 13 14 29 30 41,7 10 16 25 29 44 +6,1,29,0
57,2,2 5 14 36 43 44,7 10 16 25 29 44 +6,1,44,0
57,3,11 25 36 38 40 42,7 10 16 25 29 44 +6,1,25,0
57,4,5 9 19 22 31 41,7 10 16 25 29 44 +6,0,,0
57,5,6 14 16 27 36 37,7 10 16 25 29 44 +6,1,16,0
57,6,9 11 18 19 34 43,7 10 16 25 29 44 +6,0,,0
57,7,6 7 13 27 29 42,7 10 16 25 29 44 +6,2,7 29,0
57,8,18 21 22 27 35 44,7 10 16 25 29 44 +6,1,44,0
57,9,6 8 9 11 21 31,7 10 16 25 29 44 +6,0,,0
57,10,2 13 28 30 33 34,7 10 16 25 29 44 +6,0,,0
58,1,2 5 11 17 19 41,10 24 25 33 40 44 +1,0,,0
58,2,6 7 17 26 32 44,10 24 25 33 40 44 +1,1,44,0
58,3,5 8 9 20 22 45,10 24 25 33 40 44 +1,0,,0
58,4,6 12 13 23 31 43,10 24 25 33 40 44 +1,0,,0
58,5,9 11 19 23 32 38,10 24 25 33 40 44 +1,0,,0
58,6,2 9 15 25 32 39,10 24 25 33 40 44 +1,1,25,0
58,7,12 13 14 21 30 33,10 24 25 33 40 44 +1,1,33,0
58,8,17 18 19 26 27 40,10 24 25 33 40 44 +1,1,40,0
58,9,14 22 27 32 33 34,10 24 25 33 40 44 +1,1,33,0
58,10,14 17 20 23 34 44,10 24 25 33 40 44 +1,1,44,0
59,1,3 10 29 32 36 40,6 29 36 39 41 45 +13,2,29 36,0
59,2,5 9 15 28 42 43,6 29 36 39 41 45 +13,0,,0
59,3,8 12 25 28 38 39,6 29 36 39 41 45 +13,1,39,0
59,4,2 5 24 25 31 45,6 29 36 39 41 45 +13,1,45,0
59,5,5 7 16 27 28 35,6 29 36 39 41 45 +13,0,,0
59,6,9 12 18 31 34 35,6 29 36 39 41 45 +13,0,,0
59,7,12 16 17 18 35 45,6 29 36 39 41 45 +13,1,45,0
59,8,5 7 13 18 37 45,6 29 36 39 41 45 +13,1,45,0
59,9,1 19 23 35 38 42,6 29 36 39 41 45 +13,0,,0
59,10,2 3 11 12 38 41,6 29 36 39 41 45 +13,1,41,0
60,1,13 15 22 35 38 42,2 8 25 36 39 42 +11,1,42,0
60,2,10 12 24 32 40 42,2 8 25 36 39 42 +11,1,42,0
60,3,9 20 21 23 27 41,2 8 25 36 39 42 +11,0,,0
60,4,5 18 20 21 23 43,2 8 25 36 39 42 +11,0,,0
60,5,4 8 13 16 22 23,2 8 25 36 39 42 +11,1,8,0
60,6,1 3 7 24 27 34,2 8 25 36 39 42 +11,0,,0
60,7,3 18 26 27 43 44,2 8 25 36 39 42 +11,0,,0
60,8,16 26 28 32 36 45,2 8 25 36 39 42 +11,1,36,0
60,9,3 4 12 21 35 39,2 8 25 36 39 42 +11,1,39,0
60,10,13 22 25 30 31 35,2 8 25 36 39 42 +11,1,25,0
61,1,4 20 21 24 33 36,14 15 19 30 38 43 +8,0,,0
61,2,10 13 14 17 29 38,14 15 19 30 38 43 +8,2,14 38,0
61,3,3 12 27 30 39 45,14 15 19 30 38 43 +8,1,30,0
61,4,9 24 26 27 29 40,14 15 19 30 38 43 +8,0,,0
61,5,6 7 9 21 37 43,14 15 19 30 38 43 +8,1,43,0
61,6,24 29 34 38 40 44,14 15 19 30 38 43 +8,1,38,0
61,7,2 4 20 24 25 43,14 15 19 30 38 43 +8,1,43,0
61,8,9 14 34 36 38 45,14 15 19 30 38 43 +8,2,14 38,0
61,9,14 22 26 32 39 40,14 15 19 30 38 43 +8,1,14,0
61,10,7 17 19 27 33 38,14 15 19 30 38 43 +8,2,19 38,0
62,1,3 7 8 24 34 40,3 8 15 27 29 35 +21,2,3 8,0
62,2,3 4 15 16 27 34,3 8 15 27 29 35 +21,3,3 15 27,5
62,3,7 10 11 32 42 44,3 8 15 27 29 35 +21,0,,0
62,4,5 10 15 20 29 30,3 8 15 27 29 35 +21,2,15 29,0
62,5,2 16 28 29 32 36,3 8 15 27 29 35 +21,1,29,0
62,6,5 33 35 39 40 41,3 8 15 27 29 35 +21,1,35,0
62,7,7 14 18 30 31 36,3 8 15 27 29 35 +21,0,,0
62,8,3 10 18 29 39 40,3 8 15 27 29 35 +21,2,3 29,0
62,9,6 18 22 35 38 42,3 8 15 27 29 35 +21,1,35,0
62,10,12 15 25 32 40 45,3 8 15 27 29 35 +21,1,15,0
63,1,2 13 15 33 40 44,3 20 23 36 38 40 +5,1,40,0
63,2,6 24 28 36 37 45,3 20 23 36 38 40 +5,1,36,0
63,3,17 20 30 36 37 41,3 20 23 36 38 40 +5,2,20 36,0
63,4,17 24 32 35 42 45,3 20 23 36 38 40 +5,0,,0
63,5,7 11 15 18 30 45,3 20 23 36 38 40 +5,0,,0
63,6,9 11 12 18 32 35,3 20 23 36 38 40 +5,0,,0
63,7,5 6 8 31 41 43,3 20 23 36 38 40 +5,0,,0
63,8,4 26 33 37 44 45,3 20 23 36 38 40 +5,0,,0
63,9,1 2 4 17 25 44,3 20 23 36 38 40 +5,0,,0
63,10,1 4 7 9 29 45,3 20 23 36 38 40 +5,0,,0
64,1,12 17 22 24 29 44,14 15 18 21 26 36 +39,0,,0
64,2,3 11 16 24 35 41,14 15 18 21 26 36 +39,0,,0
64,3,1 3 8 22 24 41,14 15 18 21 26 36 +39,0,,0
64,4,2 13 19 21 28 37,14 15 18 21 26 36 +39,1,21,0
64,5,1 6 13 16 23 27,14 15 18 21 26 36 +39,0,,0
64,6,4 13 22 33 42 44,14 15 18 21 26 36 +39,0,,0
64,7,2 3 22 24 38 44,14 15 18 21 26 36 +39,0,,0
64,8,8 13 22 24 41 43,14 15 18 21 26 36 +39,0,,0
64,9,5 14 21 29 30 33,14 15 18 21 26 36 +39,2,14 21,0
64,10,8 10 26 27 32 44,14 15 18 21 26 36 +39,1,26,0
65,1,1 7 9 24 25 26,4 25 33 36 40 43 +39,1,25,0
65,2,5 14 15 20 33 35,4 25 33 36 40 43 +39,1,33,0
65,3,8 12 17 30 32 34,4 25 33 36 40 43 +39,0,,0
65,4,2 3 17 23 40 45,4 25 33 36 40 43 +39,1,40,0
65,5,4 12 20 28 30 36,4 25 33 36 40 43 +39,2,4 36,0
65,6,9 10 15 28 32 40,4 25 33 36 40 43 +39,1,40,0
65,7,4 16 25 34 35 38,4 25 33 36 40 43 +39,2,4 25,0
65,8,4 5 7 9 43 44,4 25 33 36 40 43 +39,2,4 43,0
65,9,6 10 13 26 32 39,4 25 33 36 40 43 +39,0,,0
65,10,3 11 23 25 28 30,4 25 33 36 40 43 +39,1,25,0
66,1,4 18 22 39 42 43,2 3 7 17 22 24 +45,1,22,0
66,2,4 10 12 29 38 39,2 3 7 17 22 24 +45,0,,0
66,3,5 8 9 11 25 36,2 3 7 17 22 24 +45,0,,0
66,4,6 8 25 29 38 45,2 3 7 17 22 24 +45,0,,0
66,5,14 25 27 32 41 43,2 3 7 17 22 24 +45,0,,0
66,6,7 8 10 12 14 16,2 3 7 17 22 24 +45,1,7,0
66,7,5 12 16 26 35 45,2 3 7 17 22 24 +45,0,,0
66,8,8 13 14 22 28 41,2 3 7 17 22 24 +45,1,22,0
66,9,1 24 27 40 41 44,2 3 7 17 22 24 +45,1,24,0
66,10,10 15 16 19 33 44,2 3 7 17 22 24 +45,0,,0
67,1,9 11 13 27 42 44,3 7 10 15 36 38 +33,0,,0
67,2,6 7 11 13 28 43,3 7 10 15 36 38 +33,1,7,0
67,3,1 19 22 27 35 41,3 7 10 15 36 38 +33,0,,0
67,4,7 14 19 23 25 32,3 7 10 15 36 38 +33,1,7,0
67,5,6 16 17 25 32 42,3 7 10 15 36 38 +33,0,,0
67,6,11 12 21 23 35 37,3 7 10 15 36 38 +33,0,,0
67,7,3 23 26 29 31 38,3 7 10 15 36 38 +33,2,3 38,0
67,8,5 11 13 34 36 44,3 7 10 15 36 38 +33,1,36,0
67,9,4 6 8 27 30 41,3 7 10 15 36 38 +33,0,,0
67,10,2 9 16 24 25 38,3 7 10 15 36 38 +33,1,38,0
68,1,15 19 20 26 33 35,10 12 15 16 26 39 +38,2,15 26,0
68,2,1 8 26 31 38 40,10 12 15 16 26 39 +38,1,26,0
68,3,7 14 26 31 36 40,10 12 15 16 26 39 +38,1,26,0
68,4,12 17 20 22 38 45,10 12 15 16 26 39 +38,1,12,0
68,5,5 17 23 33 34 37,10 12 15 16 26 39 +38,0,,0
68,6,8 15 22 24 28 32,10 12 15 16 26 39 +38,1,15,0
68,7,10 11 14 23 35 40,10 12 15 16 26 39 +38,1,10,0
68,8,10 25 27 28 30 32,10 12 15 16 26 39 +38,1,10,0
68,9,6 15 21 24 35 41,10 12 15 16 26 39 +38,1,15,0
68,10,1 11 24 31 36 40,10 12 15 16 26 39 +38,0,,0
69,1,4 18 26 35 36 45,5 8 14 15 19 39 +35,0,,0
69,2,1 6 8 17 25 31,5 8 14 15 19 39 +35,1,8,0
69,3,11 27 32 37 43 45,5 8 14 15 19 39 +35,0,,0
69,4,3 27 30 38 43 45,5 8 14 15 19 39 +35,0,,0
69,5,7 16 17 22 37 42,5 8 14 15 19 39 +35,0,,0
69,6,1 7 8 16 35 41,5 8 14 15 19 39 +35,1,8,0
69,7,11 12 18 20 33 39,5 8 14 15 19 39 +35,1,39,0
69,8,6 9 15 17 32 45,5 8 14 15 19 39 +35,1,15,0
69,9,13 20 31 32 39 40,5 8 14 15 19 39 +35,1,39,0
69,10,10 11 12 36 37 43,5 8 14 15 19 39 +35,0,,0
70,1,1 23 26 30 43 44,5 19 22 25 28 43 +26,1,43,0
70,2,4 6 10 14 27 39,5 19 22 25 28 43 +26,0,,0
70,3,6 8 21 29 32 37,5 19 22 25 28 43 +26,0,,0
70,4,9 20 22 25 30 31,5 19 22 25 28 43 +26,2,22 25,0
70,5,6 9 10 11 24 30,5 19 22 25 28 43 +26,0,,0
70,6,4 8 10 18 23 26,5 19 22 25 28 43 +26,0,,0
70,7,12 15 30 38 40 41,5 19 22 25 28 43 +26,0,,0
70,8,4 18 21 28 35 39,5 19 22 25 28 43 +26,1,28,0
70,9,1 9 16 35 39 43,5 19 22 25 28 43 +26,1,43,0
70,10,6 17 26 28 29 35,5 19 22 25 28 43 +26,1,28,0
71,1,23 26 27 32 35 37,5 9 12 16 29 41 +21,0,,0
71,2,4 7 10 18 34 45,5 9 12 16 29 41 +21,0,,0
71,3,12 13 17 22 23 37,5 9 12 16 29 41 +21,1,12,0
71,4,18 21 24 29 39 41,5 9 12 16 29 41 +21,2,29 41,0
71,5,7 15 20 34 39 40,5 9 12 16 29 41 +21,0,,0
71,6,5 17 20 26 40 42,5 9 12 16 29 41 +21,1,5,0
71,7,1 16 20 24 31 37,5 9 12 16 29 41 +21,1,16,0
71,8,25 27 33 36 38 43,5 9 12 16 29 41 +21,0,,0
71,9,19 21 25 33 37 45,5 9 12 16 29 41 +21,0,,0
71,10,3 7 9 17 39 43,5 9 12 16 29 41 +21,1,9,0
72,1,1 4 28 29 36 44,2 4 11 17 26 27 +1,1,4,0
72,2,1 5 11 17 25 43,2 4 11 17 26 27 +1,2,11 17,0
72,3,7 16 19 32 39 44,2 4 11 17 26 27 +1,0,,0
72,4,13 18 19 25 38 39,2 4 11 17 26 27 +1,0,,0
72,5,13 14 34 35 40 42,2 4 11 17 26 27 +1,0,,0
72,6,13 26 34 38 42 45,2 4 11 17 26 27 +1,1,26,0
72,7,2 6 8 29 31 35,2 4 11 17 26 27 +1,1,2,0
72,8,5 6 9 22 32 44,2 4 11 17 26 27 +1,0,,0
72,9,4 10 16 27 33 43,2 4 11 17 26 27 +1,2,4 27,0
72,10,8 26 33 39 42 44,2 4 11 17 26 27 +1,1,26,0
73,1,2 9 14 17 21 42,3 12 18 32 40 43 +38,0,,0
73,2,5 13 16 24 28 41,3 12 18 32 40 43 +38,0,,0
73,3,8 13 24 27 35 41,3 12 18 32 40 43 +38,0,,0
73,4,8 18 22 24 30 41,3 12 18 32 40 43 +38,1,18,0
73,5,6 10 16 18 19 40,3 12 18 32 40 43 +38,2,18 40,0
73,6,19 27 29 34 37 42,3 12 18 32 40 43 +38,0,,0
73,7,6 26 30 32 33 38,3 12 18 32 40 43 +38,1,32,0
73,8,1 7 9 11 27 45,3 12 18 32 40 43 +38,0,,0
73,9,10 21 23 35 37 39,3 12 18 32 40 43 +38,0,,0
73,10,2 8 11 26 34 39,3 12 18 32 40 43 +38,0,,0
74,1,7 12 14 16 18 28,6 15 17 18 35 40 +23,1,18,0
74,2,4 14 21 28 38 43,6 15 17 18 35 40 +23,0,,0
74,3,6 8 22 35 36 37,6 15 17 18 35 40 +23,2,6 35,0
74,4,7 11 32 38 42 43,6 15 17 18 35 40 +23,0,,0
74,5,1 3 9 15 24 38,6 15 17 18 35 40 +23,1,15,0
74,6,1 5 11 14 32 34,6 15 17 18 35 40 +23,0,,0
74,7,6 11 14 15 34 42,6 15 17 18 35 40 +23,2,6 15,0
74,8,9 19 26 29 30 45,6 15 17 18 35 40 +23,0,,0
74,9,7 11 14 20 23 39,6 15 17 18 35 40 +23,0,,0
74,10,3 4 12 17 31 43,6 15 17 18 35 40 +23,1,17,0
75,1,1 15 18 22 27 32,2 5 24 32 34 44 +28,1,32,0
75,2,19 22 26 27 44 45,2 5 24 32 34 44 +28,1,44,0
75,3,3 8 14 20 27 30,2 5 24 32 34 44 +28,0,,0
75,4,13 19 28 32 44 45,2 5 24 32 34 44 +28,2,32 44,0
75,5,8 17 24 26 31 39,2 5 24 32 34 44 +28,1,24,0
75,6,3 4 13 14 31 43,2 5 24 32 34 44 +28,0,,0
75,7,13 14 15 17 27 39,2 5 24 32 34 44 +28,0,,0
75,8,3 10 19 40 41 45,2 5 24 32 34 44 +28,0,,0
75,9,23 24 36 41 44 45,2 5 24 32 34 44 +28,2,24 44,0
75,10,1 20 24 28 39 40,2 5 24 32 34 44 +28,1,24,0
76,1,3 13 16 30 31 36,1 3 15 22 25 37 +43,1,3,0
76,2,7 23 29 30 38 44,1 3 15 22 25 37 +43,0,,0
76,3,9 12 13 20 23 32,1 3 15 22 25 37 +43,0,,0
76,4,2 24 32 34 35 41,1 3 15 22 25 37 +43,0,,0
76,5,6 8 12 13 14 40,1 3 15 22 25 37 +43,0,,0
76,6,11 15 17 21 27 45,1 3 15 22 25 37 +43,1,15,0
76,7,14 21 25 26 28 39,1 3 15 22 25 37 +43,1,25,0
76,8,13 24 26 27 37 45,1 3 15 22 25 37 +43,1,37,0
76,9,3 10 16 19 29 43,1 3 15 22 25 37 +43,1,3,0
76,10,8 18 21 27 28 39,1 3 15 22 25 37 +43,0,,0
77,1,4 6 22 23 40 41,2 18 29 32 43 44 +37,0,,0
77,2,7 13 19 25 35 42,2 18 29 32 43 44 +37,0,,0
77,3,20 21 34 37 38 40,2 18 29 32 43 44 +37,0,,0
77,4,10 11 20 23 28 30,2 18 29 32 43 44 +37,0,,0
77,5,6 10 13 20 26 30,2 18 29 32 43 44 +37,0,,0
77,6,1 11 15 30 32 38,2 18 29 32 43 44 +37,1,32,0
77,7,1 9 26 30 34 37,2 18 29 32 43 44 +37,0,,0
77,8,1 3 31 32 36 42,2 18 29 32 43 44 +37,1,32,0
77,9,2 24 29 30 32 40,2 18 29 32 43 44 +37,3,2 29 32,5
77,10,3 9 29 36 37 42,2 18 29 32 43 44 +37,1,29,0
78,1,1 2 3 11 29 44,10 13 25 29 33 35 +38,1,29,0
78,2,5 24 35 37 40 43,10 13 25 29 33 35 +38,1,35,0
78,3,9 24 27 28 34 44,10 13 25 29 33 35 +38,0,,0
78,4,3 5 15 27 42 45,10 13 25 29 33 35 +38,0,,0
78,5,2 6 18 30 31 38,10 13 25 29 33 35 +38,0,,0
78,6,7 19 37 38 42 44,10 13 25 29 33 35 +38,0,,0
78,7,4 21 26 29 36 38,10 13 25 29 33 35 +38,1,29,0
78,8,22 24 29 34 35 43,10 13 25 29 33 35 +38,2,29 35,0
78,9,8 12 23 27 41 43,10 13 25 29 33 35 +38,0,,0
78,10,4 7 21 23 40 44,10 13 25 29 33 35 +38,0,,0
79,1,7 18 21 25 27 43,3 12 24 27 30 32 +14,1,27,0
79,2,11 20 23 30 37 39,3 12 24 27 30 32 +14,1,30,0
79,3,1 9 18 21 31 43,3 12 24 27 30 32 +14,0,,0
79,4,1 7 24 29 35 44,3 12 24 27 30 32 +14,1,24,0
79,5,4 12 23 27 33 38,3 12 24 27 30 32 +14,2,12 27,0
79,6,2 15 16 30 40 41,3 12 24 27 30 32 +14,1,30,0
79,7,15 23 24 29 34 43,3 12 24 27 30 32 +14,1,24,0
79,8,3 24 30 34 35 38,3 12 24 27 30 32 +14,3,3 24 30,5
79,9,2 8 11 15 23 41,3 12 24 27 30 32 +14,0,,0
79,10,5 14 18 21 42 44,3 12 24 27 30 32 +14,0,,0
80,1,1 6 10 23 38 40,17 18 24 25 26 30 +1,0,,0
80,2,5 13 14 23 27 34,17 18 24 25 26 30 +1,0,,0
80,3,3 9 11 28 31 35,17 18 24 25 26 30 +1,0,,0
80,4,4 5 18 22 29 33,17 18 24 25 26 30 +1,1,18,0
80,5,5 11 13 27 29 32,17 18 24 25 26 30 +1,0,,0
80,6,1 4 8 11 21 31,17 18 24 25 26 30 +1,0,,0
80,7,3 14 22 38 39 42,17 18 24 25 26 30 +1,0,,0
80,8,1 11 13 18 19 38,17 18 24 25 26 30 +1,1,18,0
80,9,1 13 24 32 34 40,17 18 24 25 26 30 +1,1,24,0
80,10,7 20 24 25 32 43,17 18 24 25 26 30 +1,2,24 25,0
81,1,4 6 7 36 39 44,5 7 11 13 20 33 +6,1,7,0
81,2,4 10 13 29 30 38,5 7 11 13 20 33 +6,1,13,0
81,3,6 14 27 28 32 43,5 7 11 13 20 33 +6,0,,0
81,4,5 6 32 36 38 41,5 7 11 13 20 33 +6,1,5,0
81,5,8 16 21 28 31 36,5 7 11 13 20 33 +6,0,,0
81,6,14 16 18 20 40 45,5 7 11 13 20 33 +6,1,20,0
81,7,6 9 25 31 32 33,5 7 11 13 20 33 +6,1,33,0
81,8,1 21 26 31 34 40,5 7 11 13 20 33 +6,0,,0
81,9,7 11 26 27 33 44,5 7 11 13 20 33 +6,3,7 11 33,5
81,10,11 13 16 23 28 44,5 7 11 13 20 33 +6,2,11 13,0
82,1,5 18 19 20 30 45,1 2 3 14 27 42 +39,0,,0
82,2,15 18 26 27 30 35,1 2 3 14 27 42 +39,1,27,0
82,3,22 29 35 36 40 41,1 2 3 14 27 42 +39,0,,0
82,4,14 15 17 25 27 31,1 2 3 14 27 42 +39,2,14 27,0
82,5,11 16 19 39 42 43,1 2 3 14 27 42 +39,1,42,0
82,6,9 13 24 27 40 42,1 2 3 14 27 42 +39,2,27 42,0
82,7,2 25 39 40 42 43,1 2 3 14 27 42 +39,2,2 42,0
82,8,7 8 20 21 27 40,1 2 3 14 27 42 +39,1,27,0
82,9,11 17 18 26 31 36,1 2 3 14 27 42 +39,0,,0
82,10,2 5 6 8 10 24,1 2 3 14 27 42 +39,1,2,0
83,1,3 18 23 28 31 35,6 10 15 17 19 34 +14,0,,0
83,2,1 8 16 43 44 45,6 10 15 17 19 34 +14,0,,0
83,3,6 17 29 32 33 43,6 10 15 17 19 34 +14,2,6 17,0
83,4,11 19 26 27 35 42,6 10 15 17 19 34 +14,1,19,0
83,5,1 8 12 14 37 38,6 10 15 17 19 34 +14,0,,0
83,6,7 22 25 26 42 45,6 10 15 17 19 34 +14,0,,0
83,7,10 13 15 29 34 38,6 10 15 17 19 34 +14,3,10 15 34,5
83,8,11 14 29 30 33 38,6 10 15 17 19 34 +14,0,,0
83,9,9 12 30 32 33 44,6 10 15 17 19 34 +14,0,,0
83,10,5 7 10 19 23 40,6 10 15 17 19 34 +14,2,10 19,0
84,1,1 4 5 10 37 45,16 23 27 34 42 45 +11,1,45,0
84,2,12 15 17 26 30 42,16 23 27 34 42 45 +11,1,42,0
84,3,4 15 17 26 28 30,16 23 27 34 42 45 +11,0,,0
84,4,12 14 26 29 40 45,16 23 27 34 42 45 +11,1,45,0
84,5,12 14 17 21 30 42,16 23 27 34 42 45 +11,1,42,0
84,6,2 12 13 24 25 44,16 23 27 34 42 45 +11,0,,0
84,7,5 11 14 25 31 35,16 23 27 34 42 45 +11,0,,0
84,8,6 28 30 35 36 44,16 23 27 34 42 45 +11,0,,0
84,9,24 31 37 40 41 42,16 23 27 34 42 45 +11,1,42,0
84,10,7 12 24 29 33 36,16 23 27 34 42 45 +11,0,,0
85,1,18 19 27 29 36 43,6 8 13 23 31 36 +21,1,36,0
85,2,3 6 13 16 17 31,6 8 13 23 31 36 +21,3,6 13 31,5
85,3,1 5 12 31 36 41,6 8 13 23 31 36 +21,2,31 36,0
85,4,1 3 6 10 24 36,6 8 13 23 31 36 +21,2,6 36,0
85,5,9 15 24 31 33 43,6 8 13 23 31 36 +21,1,31,0
85,6,1 3 31 33 40 42,6 8 13 23 31 36 +21,1,31,0
85,7,4 8 11 20 41 42,6 8 13 23 31 36 +21,1,8,0
85,8,7 17 19 22 31 45,6 8 13 23 31 36 +21,1,31,0
85,9,6 11 20 22 39 44,6 8 13 23 31 36 +21,1,6,0
85,10,4 7 9 29 37 44,6 8 13 23 31 36 +21,0,,0
86,1,3 12 21 24 40 42,2 12 37 39 41 45 +33,1,12,0
86,2,19 28 29 36 37 42,2 12 37 39 41 45 +33,1,37,0
86,3,18 27 30 33 34 45,2 12 37 39 41 45 +33,1,45,0
86,4,5 13 27 28 36 38,2 12 37 39 41 45 +33,0,,0
86,5,1 6 17 30 37 42,2 12 37 39 41 45 +33,1,37,0
86,6,9 15 18 25 33 41,2 12 37 39 41 45 +33,1,41,0
86,7,8 24 29 38 44 45,2 12 37 39 41 45 +33,1,45,0
86,8,3 6 16 30 34 36,2 12 37 39 41 45 +33,0,,0
86,9,5 6 12 14 25 38,2 12 37 39 41 45 +33,1,12,0
86,10,3 14 23 26 40 42,2 12 37 39 41 45 +33,0,,0
87,1,2 5 12 26 28 33,4 12 16 23 34 43 +26,1,12,0
87,2,11 16 23 33 34 42,4 12 16 23 34 43 +26,3,16 23 34,5
87,3,9 16 25 29 32 44,4 12 16 23 34 43 +26,1,16,0
87,4,2 6 19 20 28 40,4 12 16 23 34 43 +26,0,,0
87,5,4 6 18 25 28 43,4 12 16 23 34 43 +26,2,4 43,0
87,6,15 22 26 27 34 38,4 12 16 23 34 43 +26,1,34,0
87,7,4 7 10 18 35 44,4 12 16 23 34 43 +26,1,4,0
87,8,10 11 24 28 32 34,4 12 16 23 34 43 +26,1,34,0
87,9,3 9 14 30 34 39,4 12 16 23 34 43 +26,1,34,0
87,10,9 16 21 24 26 42,4 12 16 23 34 43 +26,1,16,0
88,1,8 14 20 26 37 40,1 17 20 24 30 41 +27,1,20,0
88,2,12 13 14 34 38 44,1 17 20 24 30 41 +27,0,,0
88,3,3 5 22 27 35 39,1 17 20 24 30 41 +27,0,,0
88,4,1 5 12 26 28 31,1 17 20 24 30 41 +27,1,1,0
88,5,19 20 24 28 37 40,1 17 20 24 30 41 +27,2,20 24,0
88,6,9 20 23 24 32 41,1 17 20 24 30 41 +27,3,20 24 41,5
88,7,6 13 23 33 37 39,1 17 20 24 30 41 +27,0,,0
88,8,8 12 19 23 25 40,1 17 20 24 30 41 +27,0,,0
88,9,3 5 15 22 26 40,1 17 20 24 30 41 +27,0,,0
88,10,6 19 28 37 42 43,1 17 20 24 30 41 +27,0,,0
89,1,6 7 19 27 35 45,4 26 28 29 33 40 +37,0,,0
89,2,9 17 24 28 34 39,4 26 28 29 33 40 +37,1,28,0
89,3,5 25 26 28 41 42,4 26 28 29 33 40 +37,2,26 28,0
89,4,8 21 23 30 37 45,4 26 28 29 33 40 +37,0,,0
89,5,2 5 9 20 22 44,4 26 28 29 33 40 +37,0,,0
89,6,1 7 9 11 13 32,4 26 28 29 33 40 +37,0,,0
89,7,15 18 21 26 30 44,4 26 28 29 33 40 +37,1,26,0
89,8,1 9 13 31 36 43,4 26 28 29 33 40 +37,0,,0
89,9,9 18 19 24 25 30,4 26 28 29 33 40 +37,0,,0
89,10,6 19 33 34 35 43,4 26 28 29 33 40 +37,1,33,0
90,1,8 9 13 16 32 37,17 20 29 35 38 44 +10,0,,0
90,2,5 7 8 33 41 42,17 20 29 35 38 44 +10,0,,0
90,3,3 5 14 19 25 42,17 20 29 35 38 44 +10,0,,0
90,4,8 24 28 36 43 44,17 20 29 35 38 44 +10,1,44,0
90,5,3 9 12 34 35 44,17 20 29 35 38 44 +10,2,35 44,0
90,6,7 13 22 29 35 41,17 20 29 35 38 44 +10,2,29 35,0
90,7,7 18 23 26 32 43,17 20 29 35 38 44 +10,0,,0
90,8,9 10 25 31 33 44,17 20 29 35 38 44 +10,1,44,0
90,9,2 14 18 23 34 43,17 20 29 35 38 44 +10,0,,0
90,10,1 2 18 21 26 40,17 20 29 35 38 44 +10,0,,0
91,1,2 4 6 23 37 40,1 21 24 26 29 42 +27,0,,0
91,2,1 3 4 5 14 45,1 21 24 26 29 42 +27,1,1,0
91,3,3 24 26 31 34 35,1 21 24 26 29 42 +27,2,24 26,0
91,4,1 3 4 6 11 19,1 21 24 26 29 42 +27,1,1,0
91,5,6 7 19 23 25 27,1 21 24 26 29 42 +27,0,,0
91,6,7 12 14 21 42 45,1 21 24 26 29 42 +27,2,21 42,0
91,7,2 7 20 31 39 42,1 21 24 26 29 42 +27,1,42,0
91,8,1 20 23 33 35 41,1 21 24 26 29 42 +27,1,1,0
91,9,3 14 15 17 31 44,1 21 24 26 29 42 +27,0,,0
91,10,4 7 16 23 26 42,1 21 24 26 29 42 +27,2,26 42,0
92,1,5 10 12 18 31 39,3 14 24 33 35 36 +17,0,,0
92,2,3 18 23 28 32 44,3 14 24 33 35 36 +17,1,3,0
92,3,2 11 14 21 29 33,3 14 24 33 35 36 +17,2,14 33,0
92,4,9 13 20 21 27 37,3 14 24 33 35 36 +17,0,,0
92,5,12 27 28 33 36 43,3 14 24 33 35 36 +17,2,33 36,0
92,6,3 6 27 33 35 37,3 14 24 33 35 36 +17,3,3 33 35,5
92,7,9 14 26 30 36 44,3 14 24 33 35 36 +17,2,14 36,0
92,8,9 12 14 16 20 32,3 14 24 33 35 36 +17,1,14,0
92,9,3 11 20 25 31 40,3 14 24 33 35 36 +17,1,3,0
92,10,10 21 26 35 38 45,3 14 24 33 35 36 +17,1,35,0
93,1,1 4 21 29 34 36,6 22 24 36 38 44 +19,1,36,0
93,2,3 10 32 36 38 40,6 22 24 36 38 44 +19,2,36 38,0
93,3,3 4 12 13 15 19,6 22 24 36 38 44 +19,0,,0
93,4,1 11 16 30 33 36,6 22 24 36 38 44 +19,1,36,0
93,5,11 12 29 32 35 38,6 22 24 36 38 44 +19,1,38,0
93,6,5 6 28 31 32 39,6 22 24 36 38 44 +19,1,6,0
93,7,23 29 33 35 38 44,6 22 24 36 38 44 +19,2,38 44,0
93,8,23 29 31 32 44 45,6 22 24 36 38 44 +19,1,44,0
93,9,8 24 28 33 35 44,6 22 24 36 38 44 +19,2,24 44,0
93,10,4 5 7 9 29 34,6 22 24 36 38 44 +19,0,,0
94,1,21 25 28 36 37 40,5 32 34 40 41 45 +6,1,40,0
94,2,7 8 13 30 32 43,5 32 34 40 41 45 +6,1,32,0
94,3,3 9 13 18 36 42,5 32 34 40 41 45 +6,0,,0
94,4,7 18 33 37 39 44,5 32 34 40 41 45 +6,0,,0
94,5,16 28 29 33 37 45,5 32 34 40 41 45 +6,1,45,0
94,6,4 9 13 20 27 30,5 32 34 40 41 45 +6,0,,0
94,7,9 13 14 21 29 42,5 32 34 40 41 45 +6,0,,0
94,8,3 5 10 14 30 32,5 32 34 40 41 45 +6,2,5 32,0
94,9,5 14 23 27 28 36,5 32 34 40 41 45 +6,1,5,0
94,10,5 13 14 27 33 42,5 32 34 40 41 45 +6,1,5,0
95,1,7 10 17 20 31 41,8 17 27 31 34 43 +14,2,17 31,0
95,2,9 24 26 33 34 41,8 17 27 31 34 43 +14,1,34,0
95,3,8 11 13 22 29 42,8 17 27 31 34 43 +14,1,8,0
95,4,15 24 25 28 39 41,8 17 27 31 34 43 +14,0,,0
95,5,4 5 7 31 35 40,8 17 27 31 34 43 +14,1,31,0
95,6,4 8 15 24 31 37,8 17 27 31 34 43 +14,2,8 31,0
95,7,2 16 23 38 39 40,8 17 27 31 34 43 +14,0,,0
95,8,1 17 30 40 41 44,8 17 27 31 34 43 +14,1,17,0
95,9,5 6 22 33 34 44,8 17 27 31 34 43 +14,1,34,0
95,10,3 6 13 27 29 44,8 17 27 31 34 43 +14,1,27,0
96,1,4 5 19 20 26 43,1 3 8 21 22 31 +20,0,,0
96,2,2 11 19 30 39 42,1 3 8 21 22 31 +20,0,,0
96,3,2 10 16 37 40 45,1 3 8 21 22 31 +20,0,,0
96,4,2 14 20 25 42 45,1 3 8 21 22 31 +20,0,,0
96,5,15 17 18 27 35 39,1 3 8 21 22 31 +20,0,,0
96,6,2 8 24 28 29 32,1 3 8 21 22 31 +20,1,8,0
96,7,12 15 18 23 28 41,1 3 8 21 22 31 +20,0,,0
96,8,11 18 20 23 27 41,1 3 8 21 22 31 +20,0,,0
96,9,1 2 20 28 31 42,1 3 8 21 22 31 +20,2,1 31,0
96,10,3 8 13 28 37 45,1 3 8 21 22 31 +20,2,3 8,0
97,1,19 23 24 28 29 44,6 7 14 15 20 36 +3,0,,0
97,2,1 5 13 24 29 41,6 7 14 15 20 36 +3,0,,0
97,3,7 13 16 19 23 34,6 7 14 15 20 36 +3,1,7,0
97,4,7 9 11 14 32 38,6 7 14 15 20 36 +3,2,7 14,0
97,5,7 8 15 26 37 45,6 7 14 15 20 36 +3,2,7 15,0
97,6,13 21 31 34 40 41,6 7 14 15 20 36 +3,0,,0
97,7,15 17 24 25 35 37,6 7 14 15 20 36 +3,1,15,0
97,8,7 8 9 28 34 37,6 7 14 15 20 36 +3,1,7,0
97,9,5 21 34 40 41 45,6 7 14 15 20 36 +3,0,,0
97,10,1 10 23 30 37 40,6 7 14 15 20 36 +3,0,,0
98,1,12 21 26 35 42 43,6 9 16 23 24 32 +43,0,,0
98,2,13 22 24 28 33 39,6 9 16 23 24 32 +43,1,24,0
98,3,2 19 23 26 32 43,6 9 16 23 24 32 +43,2,23 32,0
98,4,9 13 15 22 39 41,6 9 16 23 24 32 +43,1,9,0
98,5,7 10 18 22 24 25,6 9 16 23 24 32 +43,1,24,0
98,6,11 15 21 30 31 32,6 9 16 23 24 32 +43,1,32,0
98,7,10 14 16 31 32 33,6 9 16 23 24 32 +43,2,16 32,0
98,8,2 5 9 11 13 35,6 9 16 23 24 32 +43,1,9,0
98,9,3 7 14 21 29 39,6 9 16 23 24 32 +43,0,,0
98,10,8 17 18 27 38 45,6 9 16 23 24 32 +43,0,,0
99,1,4 6 7 37 40 41,1 3 10 27 29 37 +11,1,37,0
99,2,2 7 16 24 29 37,1 3 10 27 29 37 +11,2,29 37,0
99,3,20 25 28 33 34 36,1 3 10 27 29 37 +11,0,,0
99,4,4 16 20 23 34 42,1 3 10 27 29 37 +11,0,,0
99,5,5 8 14 22 26 32,1 3 10 27 29 37 +11,0,,0
99,6,4 16 20 27 37 39,1 3 10 27 29 37 +11,2,27 37,0
99,7,9 11 19 23 25 28,1 3 10 27 29 37 +11,0,,0
99,8,3 8 20 21 23 31,1 3 10 27 29 37 +11,1,3,0
99,9,8 9 11 20 40 42,1 3 10 27 29 37 +11,0,,0
99,10,7 9 12 18 31 41,1 3 10 27 29 37 +11,0,,0
100,1,5 6 10 11 26 29,1 7 11 23 37 42 +6,1,11,0
100,2,12 15 16 26 43 45,1 7 11 23 37 42 +6,0,,0
100,3,2 8 11 15 16 35,1 7 11 23 37 42 +6,1,11,0
100,4,1 3 11 28 36 37,1 7 11 23 37 42 +6,3,1 11 37,5
100,5,2 8 19 25 28 32,1 7 11 23 37 42 +6,0,,0
100,6,6 12 14 15 19 40,1 7 11 23 37 42 +6,0,,0
100,7,5 12 18 20 25 40,1 7 11 23 37 42 +6,0,,0
100,8,8 9 14 22 33 41,1 7 11 23 37 42 +6,0,,0
100,9,6 13 20 32 36 45,1 7 11 23 37 42 +6,0,,0
100,10,2 3 23 28 29 32,1 7 11 23 37 42 +6,1,23,0
101,1,5 10 12 29 35 43,1 3 17 32 35 45 +8,1,35,0
101,2,6 12 14 21 26 27,1 3 17 32 35 45 +8,0,,0
101,3,5 15 20 25 38 44,1 3 17 32 35 45 +8,0,,0
101,4,7 10 17 19 20 43,1 3 17 32 35 45 +8,1,17,0
101,5,6 12 13 20 24 34,1 3 17 32 35 45 +8,0,,0
101,6,4 16 24 30 33 41,1 3 17 32 35 45 +8,0,,0
101,7,7 10 11 12 18 34,1 3 17 32 35 45 +8,0,,0
101,8,22 25 27 30 43 44,1 3 17 32 35 45 +8,0,,0
101,9,4 26 27 32 35 40,1 3 17 32 35 45 +8,2,32 35,0
101,10,1 7 24 35 40 43,1 3 17 32 35 45 +8,2,1 35,0
102,1,6 14 24 31 33 35,17 22 24 26 35 40 +42,2,24 35,0
102,2,6 10 21 24 41 43,17 22 24 26 35 40 +42,1,24,0
102,3,5 20 27 32 35 36,17 22 24 26 35 40 +42,1,35,0
102,4,5 9 31 35 37 41,17 22 24 26 35 40 +42,1,35,0
102,5,5 22 25 31 35 39,17 22 24 26 35 40 +42,2,22 35,0
102,6,5 17 21 25 35 36,17 22 24 26 35 40 +42,2,17 35,0
102,7,3 4 18 26 27 29,17 22 24 26 35 40 +42,1,26,0
102,8,3 7 9 10 18 29,17 22 24 26 35 40 +42,0,,0
102,9,10 18 22 26 27 35,17 22 24 26 35 40 +42,3,22 26 35,5
102,10,10 16 18 22 25 33,17 22 24 26 35 40 +42,1,22,0
103,1,11 20 22 35 36 43,5 14 15 27 30 45 +10,0,,0
103,2,17 26 27 29 34 41,5 14 15 27 30 45 +10,1,27,0
103,3,3 19 20 21 33 39,5 14 15 27 30 45 +10,0,,0
103,4,4 5 9 14 15 40,5 14 15 27 30 45 +10,3,5 14 15,5
103,5,8 9 15 29 33 39,5 14 15 27 30 45 +10,1,15,0
103,6,2 5 10 17 19 23,5 14 15 27 30 45 +10,1,5,0
103,7,2 8 16 22 37 45,5 14 15 27 30 45 +10,1,45,0
103,8,8 12 20 22 27 39,5 14 15 27 30 45 +10,1,27,0
103,9,8 19 22 24 33 44,5 14 15 27 30 45 +10,0,,0
103,10,1 6 20 31 33 34,5 14 15 27 30 45 +10,0,,0
104,1,1 11 17 34 36 37,17 32 33 34 42 44 +35,2,17 34,0
104,2,2 7 13 27 28 32,17 32 33 34 42 44 +35,1,32,0
104,3,4 6 7 13 17 38,17 32 33 34 42 44 +35,1,17,0
104,4,9 15 21 22 31 40,17 32 33 34 42 44 +35,0,,0
104,5,9 22 23 25 26 33,17 32 33 34 42 44 +35,1,33,0
104,6,10 17 18 24 27 31,17 32 33 34 42 44 +35,1,17,0
104,7,10 18 19 21 27 31,17 32 33 34 42 44 +35,0,,0
104,8,11 17 20 31 38 42,17 32 33 34 42 44 +35,2,17 42,0
104,9,9 22 29 39 40 43,17 32 33 34 42 44 +35,0,,0
104,10,1 11 14 33 40 45,17 32 33 34 42 44 +35,1,33,0
105,1,9 14 23 33 41 42,8 10 20 34 41 45 +28,1,41,0
105,2,6 10 19 34 37 39,8 10 20 34 41 45 +28,2,10 34,0
105,3,21 32 37 39 42 44,8 10 20 34 41 45 +28,0,,0
105,4,5 9 11 26 31 38,8 10 20 34 41 45 +28,0,,0
105,5,12 15 16 22 24 30,8 10 20 34 41 45 +28,0,,0
105,6,2 16 24 25 28 33,8 10 20 34 41 45 +28,0,,0
105,7,4 16 26 28 44 45,8 10 20 34 41 45 +28,1,45,0
105,8,4 8 33 34 35 44,8 10 20 34 41 45 +28,2,8 34,0
105,9,23 28 30 34 35 40,8 10 20 34 41 45 +28,1,34,0
105,10,1 13 19 31 41 42,8 10 20 34 41 45 +28,1,41,0
106,1,14 15 24 30 33 44,4 10 12 22 24 33 +29,2,24 33,0
106,2,10 15 30 36 40 43,4 10 12 22 24 33 +29,1,10,0
106,3,13 21 24 34 38 39,4 10 12 22 24 33 +29,1,24,0
106,4,3 14 21 32 38 40,4 10 12 22 24 33 +29,0,,0
106,5,1 4 12 21 34 40,4 10 12 22 24 33 +29,2,4 12,0
106,6,5 14 15 22 26 39,4 10 12 22 24 33 +29,1,22,0
106,7,3 6 23 24 26 32,4 10 12 22 24 33 +29,1,24,0
106,8,2 13 24 32 38 40,4 10 12 22 24 33 +29,1,24,0
106,9,4 5 22 24 31 33,4 10 12 22 24 33 +29,4,4 22 24 33,4
106,10,5 16 25 27 31 38,4 10 12 22 24 33 +29,0,,0
107,1,12 14 22 28 34 38,1 4 5 6 9 31 +17,0,,0
107,2,2 3 14 18 25 33,1 4 5 6 9 31 +17,0,,0
107,3,7 8 10 26 35 45,1 4 5 6 9 31 +17,0,,0
107,4,3 15 24 25 31 37,1 4 5 6 9 31 +17,1,31,0
107,5,11 14 18 22 40 41,1 4 5 6 9 31 +17,0,,0
107,6,11 12 30 35 36 42,1 4 5 6 9 31 +17,0,,0
107,7,16 18 24 30 34 35,1 4 5 6 9 31 +17,0,,0
107,8,17 18 23 34 37 38,1 4 5 6 9 31 +17,0,,0
107,9,5 7 16 25 27 38,1 4 5 6 9 31 +17,1,5,0
107,10,2 4 5 12 25 27,1 4 5 6 9 31 +17,2,4 5,0
108,1,8 13 26 30 33 42,7 18 22 23 29 44 +12,0,,0
108,2,8 9 16 21 23 25,7 18 22 23 29 44 +12,1,23,0
108,3,1 2 16 19 26 35,7 18 22 23 29 44 +12,0,,0
108,4,16 23 24 25 37 44,7 18 22 23 29 44 +12,2,23 44,0
108,5,12 19 27 37 39 42,7 18 22 23 29 44 +12,0,,0
108,6,24 27 28 33 39 41,7 18 22 23 29 44 +12,0,,0
108,7,9 14 20 23 28 42,7 18 22 23 29 44 +12,1,23,0
108,8,2 4 5 13 25 27,7 18 22 23 29 44 +12,0,,0
108,9,3 12 22 29 44 45,7 18 22 23 29 44 +12,3,22 29 44,5
108,10,1 14 19 22 29 32,7 18 22 23 29 44 +12,2,22 29,0
109,1,2 8 14 18 22 41,1 5 34 36 42 44 +33,0,,0
109,2,5 11 12 13 19 32,1 5 34 36 42 44 +33,1,5,0
109,3,2 5 8 36 40 42,1 5 34 36 42 44 +33,3,5 36 42,5
109,4,4 8 12 18 23 38,1 5 34 36 42 44 +33,0,,0
109,5,2 13 25 39 41 42,1 5 34 36 42 44 +33,1,42,0
109,6,2 11 26 34 38 39,1 5 34 36 42 44 +33,1,34,0
109,7,3 4 21 26 30 36,1 5 34 36 42 44 +33,1,36,0
109,8,2 7 16 20 28 33,1 5 34 36 42 44 +33,0,,0
109,9,15 25 28 42 43 45,1 5 34 36 42 44 +33,1,42,0
109,10,1 10 13 36 41 42,1 5 34 36 42 44 +33,3,1 36 42,5
110,1,11 21 26 31 33 42,7 20 22 23 29 43 +1,0,,0
110,2,7 13 17 24 28 35,7 20 22 23 29 43 +1,1,7,0
110,3,16 30 37 38 44 45,7 20 22 23 29 43 +1,0,,0
110,4,3 10 13 16 26 31,7 20 22 23 29 43 +1,0,,0
110,5,24 26 29 39 40 45,7 20 22 23 29 43 +1,1,29,0
110,6,1 7 14 22 31 44,7 20 22 23 29 43 +1,2,7 22,0
110,7,1 3 14 27 32 33,7 20 22 23 29 43 +1,0,,0
110,8,5 10 14 19 25 33,7 20 22 23 29 43 +1,0,,0
110,9,11 17 29 39 43 44,7 20 22 23 29 43 +1,2,29 43,0
110,10,11 16 18 35 36 43,7 20 22 23 29 43 +1,1,43,0
111,1,3 8 13 18 19 45,7 18 31 33 36 40 +27,1,18,0
111,2,1 8 14 16 30 33,7 18 31 33 36 40 +27,1,33,0
111,3,3 4 15 18 22 40,7 18 31 33 36 40 +27,2,18 40,0
111,4,4 6 24 30 31 40,7 18 31 33 36 40 +27,2,31 40,0
111,5,7 11 12 32 43 45,7 18 31 33 36 40 +27,1,7,0
111,6,6 17 18 25 39 44,7 18 31 33 36 40 +27,1,18,0
111,7,10 11 28 33 38 42,7 18 31 33 36 40 +27,1,33,0
111,8,6 13 17 25 27 38,7 18 31 33 36 40 +27,0,,0
111,9,6 8 26 35 41 42,7 18 31 33 36 40 +27,0,,0
111,10,14 16 20 29 40 42,7 18 31 33 36 40 +27,1,40,0
112,1,12 13 19 32 34 44,26 29 30 33 41 42 +43,0,,0
112,2,4 12 17 22 37 40,26 29 30 33 41 42 +43,0,,0
112,3,6 10 13 16 32 43,26 29 30 33 41 42 +43,0,,0
112,4,1 3 4 35 42 45,26 29 30 33 41 42 +43,1,42,0
112,5,10 11 13 16 37 44,26 29 30 33 41 42 +43,0,,0
112,6,6 11 13 14 19 26,26 29 30 33 41 42 +43,1,26,0
112,7,6 11 19 33 39 42,26 29 30 33 41 42 +43,2,33 42,0
112,8,1 10 12 14 15 38,26 29 30 33 41 42 +43,0,,0
112,9,1 4 7 8 9 14,26 29 30 33 41 42 +43,0,,0
112,10,4 7 12 16 23 32,26 29 30 33 41 42 +43,0,,0
113,1,21 32 34 36 40 42,4 9 28 33 36 45 +26,1,36,0
113,2,4 17 22 30 37 41,4 9 28 33 36 45 +26,1,4,0
113,3,1 13 19 28 35 39,4 9 28 33 36 45 +26,1,28,0
113,4,2 3 5 10 23 36,4 9 28 33 36 45 +26,1,36,0
113,5,4 6 14 27 29 39,4 9 28 33 36 45 +26,1,4,0
113,6,5 17 27 31 32 43,4 9 28 33 36 45 +26,0,,0
113,7,22 27 28 36 37 42,4 9 28 33 36 45 +26,2,28 36,0
113,8,2 8 15 27 40 44,4 9 28 33 36 45 +26,0,,0
113,9,6 10 13 30 34 41,4 9 28 33 36 45 +26,0,,0
113,10,5 16 24 31 42 43,4 9 28 33 36 45 +26,0,,0
114,1,6 12 14 22 28 33,11 14 19 26 28 41 +2,2,14 28,0
114,2,1 4 10 14 19 29,11 14 19 26 28 41 +2,2,14 19,0
114,3,4 5 12 18 20 32,11 14 19 26 28 41 +2,0,,0
114,4,8 15 17 22 25 32,11 14 19 26 28 41 +2,0,,0
114,5,4 25 30 33 35 42,11 14 19 26 28 41 +2,0,,0
114,6,13 19 23 27 28 30,11 14 19 26 28 41 +2,2,19 28,0
114,7,11 18 20 30 33 34,11 14 19 26 28 41 +2,1,11,0
114,8,4 15 17 33 36 45,11 14 19 26 28 41 +2,0,,0
114,9,2 7 19 32 34 35,11 14 19 26 28 41 +2,1,19,0
114,10,8 10 21 26 38 43,11 14 19 26 28 41 +2,1,26,0
115,1,6 15 29 36 39 42,1 2 6 9 25 28 +31,1,6,0
115,2,10 12 27 38 39 44,1 2 6 9 25 28 +31,0,,0
115,3,3 6 7 33 37 43,1 2 6 9 25 28 +31,1,6,0
115,4,17 19 37 38 41 43,1 2 6 9 25 28 +31,0,,0
115,5,8 12 20 39 42 45,1 2 6 9 25 28 +31,0,,0
115,6,4 12 20 24 40 42,1 2 6 9 25 28 +31,0,,0
115,7,8 10 12 19 30 38,1 2 6 9 25 28 +31,0,,0
115,8,1 13 16 19 31 45,1 2 6 9 25 28 +31,1,1,0
115,9,3 4 10 18 33 39,1 2 6 9 25 28 +31,0,,0
115,10,1 14 26 32 33 34,1 2 6 9 25 28 +31,1,1,0
116,1,3 5 25 30 31 33,2 4 25 31 34 37 +17,2,25 31,0
116,2,14 20 21 36 40 45,2 4 25 31 34 37 +17,0,,0
116,3,21 27 28 31 32 39,2 4 25 31 34 37 +17,1,31,0
116,4,26 33 38 39 42 43,2 4 25 31 34 37 +17,0,,0
116,5,15 25 29 31 39 40,2 4 25 31 34 37 +17,2,25 31,0
116,6,7 21 24 25 29 33,2 4 25 31 34 37 +17,1,25,0
116,7,5 19 20 33 34 42,2 4 25 31 34 37 +17,1,34,0
116,8,10 15 25 28 34 45,2 4 25 31 34 37 +17,2,25 34,0
116,9,18 19 24 27 36 39,2 4 25 31 34 37 +17,0,,0
116,10,1 7 8 31 33 35,2 4 25 31 34 37 +17,1,31,0
117,1,1 6 21 26 37 38,5 10 22 34 36 44 +35,0,,0
117,2,1 2 26 32 36 44,5 10 22 34 36 44 +35,2,36 44,0
117,3,1 2 4 5 37 39,5 10 22 34 36 44 +35,1,5,0
117,4,1 3 6 8 10 24,5 10 22 34 36 44 +35,1,10,0
117,5,18 23 29 36 40 44,5 10 22 34 36 44 +35,2,36 44,0
117,6,27 29 31 33 38 41,5 10 22 34 36 44 +35,0,,0
117,7,4 12 14 18 26 43,5 10 22 34 36 44 +35,0,,0
117,8,3 5 9 20 23 24,5 10 22 34 36 44 +35,1,5,0
117,9,4 13 23 33 39 41,5 10 22 34 36 44 +35,0,,0
117,10,6 7 8 10 21 25,5 10 22 34 36 44 +35,1,10,0
118,1,2 16 24 26 33 45,3 4 10 17 19 22 +38,0,,0
118,2,3 10 12 20 32 33,3 4 10 17 19 22 +38,2,3 10,0
118,3,1 16 20 38 39 40,3 4 10 17 19 22 +38,0,,0
118,4,1 16 17 21 36 41,3 4 10 17 19 22 +38,1,17,0
118,5,13 19 30 31 40 43,3 4 10 17 19 22 +38,1,19,0
118,6,3 12 28 38 39 43,3 4 10 17 19 22 +38,1,3,0
118,7,9 14 21 27 32 45,3 4 10 17 19 22 +38,0,,0
118,8,2 10 12 25 34 44,3 4 10 17 19 22 +38,1,10,0
118,9,5 10 11 20 44 45,3 4 10 17 19 22 +38,1,10,0
118,10,17 23 32 35 38 43,3 4 10 17 19 22 +38,1,17,0
119,1,2 9 15 22 23 43,3 11 13 14 17 21 +38,0,,0
119,2,1 13 15 19 31 36,3 11 13 14 17 21 +38,1,13,0
119,3,11 15 27 28 35 36,3 11 13 14 17 21 +38,1,11,0
119,4,3 5 9 13 28 36,3 11 13 14 17 21 +38,2,3 13,0
119,5,11 16 22 23 38 41,3 11 13 14 17 21 +38,1,11,0
119,6,13 19 36 38 39 41,3 11 13 14 17 21 +38,1,13,0
119,7,2 4 23 29 38 43,3 11 13 14 17 21 +38,0,,0
119,8,2 7 11 28 33 36,3 11 13 14 17 21 +38,1,11,0
119,9,13 15 16 17 32 35,3 11 13 14 17 21 +38,2,13 17,0
119,10,1 3 9 10 23 32,3 11 13 14 17 21 +38,1,3,0
120,1,2 10 16 34 40 45,4 6 10 11 32 37 +30,1,10,0
120,2,3 5 6 7 17 18,4 6 10 11 32 37 +30,1,6,0
120,3,11 13 14 22 44 45,4 6 10 11 32 37 +30,1,11,0
120,4,9 13 14 29 33 39,4 6 10 11 32 37 +30,0,,0
120,5,9 10 20 23 31 42,4 6 10 11 32 37 +30,1,10,0
120,6,1 7 22 34 35 38,4 6 10 11 32 37 +30,0,,0
120,7,15 16 22 30 34 37,4 6 10 11 32 37 +30,1,37,0
120,8,4 20 22 31 37 45,4 6 10 11 32 37 +30,2,4 37,0
120,9,9 24 27 28 41 43,4 6 10 11 32 37 +30,0,,0
120,10,1 12 13 14 23 32,4 6 10 11 32 37 +30,1,32,0
121,1,27 30 37 43 44 45,12 28 30 34 38 43 +9,2,30 43,0
121,2,14 17 26 41 42 43,12 28 30 34 38 43 +9,1,43,0
121,3,1 3 31 36 37 38,12 28 30 34 38 43 +9,1,38,0
121,4,7 10 26 29 34 41,12 28 30 34 38 43 +9,1,34,0
121,5,4 7 11 16 38 42,12 28 30 34 38 43 +9,1,38,0
121,6,5 9 11 27 36 43,12 28 30 34 38 43 +9,1,43,0
121,7,1 5 6 7 18 36,12 28 30 34 38 43 +9,0,,0
121,8,3 4 8 26 35 45,12 28 30 34 38 43 +9,0,,0
121,9,6 22 27 28 32 44,12 28 30 34 38 43 +9,1,28,0
121,10,4 11 12 17 31 35,12 28 30 34 38 43 +9,1,12,0
122,1,18 20 22 26 32 39,1 11 16 17 36 40 +8,0,,0
122,2,15 19 23 42 43 45,1 11 16 17 36 40 +8,0,,0
122,3,8 10 11 17 19 26,1 11 16 17 36 40 +8,2,11 17,0
122,4,3 6 10 20 37 39,1 11 16 17 36 40 +8,0,,0
122,5,3 7 23 24 31 34,1 11 16 17 36 40 +8,0,,0
122,6,2 19 20 22 32 45,1 11 16 17 36 40 +8,0,,0
122,7,4 11 27 39 42 44,1 11 16 17 36 40 +8,1,11,0
122,8,1 15 19 26 36 38,1 11 16 17 36 40 +8,2,1 36,0
122,9,1 2 7 21 23 42,1 11 16 17 36 40 +8,1,1,0
122,10,15 16 27 30 31 37,1 11 16 17 36 40 +8,1,16,0
123,1,1 4 22 30 35 43,7 17 18 28 30 45 +27,1,30,0
123,2,6 20 26 37 40 43,7 17 18 28 30 45 +27,0,,0
123,3,4 15 17 32 37 38,7 17 18 28 30 45 +27,1,17,0
123,4,9 15 20 32 40 41,7 17 18 28 30 45 +27,0,,0
123,5,17 25 31 43 44 45,7 17 18 28 30 45 +27,2,17 45,0
123,6,4 12 20 23 38 43,7 17 18 28 30 45 +27,0,,0
123,7,3 6 19 28 36 38,7 17 18 28 30 45 +27,1,28,0
123,8,21 30 33 40 42 45,7 17 18 28 30 45 +27,2,30 45,0
123,9,5 12 17 18 30 38,7 17 18 28 30 45 +27,3,17 18 30,5
123,10,4 15 18 20 21 26,7 17 18 28 30 45 +27,1,18,0
124,1,2 5 13 30 35 38,4 16 23 25 29 42 +1,0,,0
124,2,14 20 26 28 44 45,4 16 23 25 29 42 +1,0,,0
124,3,1 4 16 28 29 40,4 16 23 25 29 42 +1,3,4 16 29,5
124,4,5 11 16 31 35 44,4 16 23 25 29 42 +1,1,16,0
124,5,7 14 18 26 42 43,4 16 23 25 29 42 +1,1,42,0
124,6,5 9 12 22 27 28,4 16 23 25 29 42 +1,0,,0
124,7,2 20 25 26 31 33,4 16 23 25 29 42 +1,1,25,0
124,8,9 19 22 36 40 43,4 16 23 25 29 42 +1,0,,0
124,9,4 13 14 15 26 37,4 16 23 25 29 42 +1,1,4,0
124,10,9 13 17 24 33 37,4 16 23 25 29 42 +1,0,,0
125,1,7 12 23 31 32 34,2 8 32 33 35 36 +18,1,32,0
125,2,19 21 24 28 40 41,2 8 32 33 35 36 +18,0,,0
125,3,1 5 10 17 34 43,2 8 32 33 35 36 +18,0,,0
125,4,14 16 26 36 39 44,2 8 32 33 35 36 +18,1,36,0
125,5,7 8 14 15 25 28,2 8 32 33 35 36 +18,1,8,0
125,6,1 7 11 18 35 37,2 8 32 33 35 36 +18,1,35,0
125,7,2 5 18 37 38 43,2 8 32 33 35 36 +18,1,2,0
125,8,11 12 13 24 36 42,2 8 32 33 35 36 +18,1,36,0
125,9,19 32 35 37 39 43,2 8 32 33 35 36 +18,2,32 35,0
125,10,8 17 24 32 34 35,2 8 32 33 35 36 +18,3,8 32 35,5
126,1,1 17 19 22 24 43,7 20 22 27 40 43 +1,2,22 43,0
126,2,1 8 13 14 16 45,7 20 22 27 40 43 +1,0,,0
126,3,7 8 28 36 42 45,7 20 22 27 40 43 +1,1,7,0
126,4,1 7 25 29 30 39,7 20 22 27 40 43 +1,1,7,0
126,5,2 7 16 30 33 45,7 20 22 27 40 43 +1,1,7,0
126,6,1 6 9 20 29 43,7 20 22 27 40 43 +1,2,20 43,0
126,7,6 7 19 20 31 37,7 20 22 27 40 43 +1,2,7 20,0
126,8,1 4 13 22 34 42,7 20 22 27 40 43 +1,1,22,0
126,9,3 18 19 22 28 38,7 20 22 27 40 43 +1,1,22,0
126,10,2 6 7 17 25 34,7 20 22 27 40 43 +1,1,7,0
127,1,4 12 21 25 34 38,3 5 10 29 32 43 +35,0,,0
127,2,5 21 27 28 38 40,3 5 10 29 32 43 +35,1,5,0
127,3,5 10 14 25 34 37,3 5 10 29 32 43 +35,2,5 10,0
127,4,2 3 7 12 20 27,3 5 10 29 32 43 +35,1,3,0
127,5,1 17 22 34 38 45,3 5 10 29 32 43 +35,0,,0
127,6,2 7 12 20 43 45,3 5 10 29 32 43 +35,1,43,0
127,7,17 20 24 39 41 42,3 5 10 29 32 43 +35,0,,0
127,8,3 4 14 15 28 43,3 5 10 29 32 43 +35,2,3 43,0
127,9,10 11 23 25 34 38,3 5 10 29 32 43 +35,1,10,0
127,10,1 3 8 21 23 35,3 5 10 29 32 43 +35,1,3,0
128,1,6 13 24 31 40 43,12 30 34 36 37 45 +39,0,,0
128,2,2 7 8 19 31 39,12 30 34 36 37 45 +39,0,,0
128,3,11 12 21 33 37 38,12 30 34 36 37 45 +39,2,12 37,0
128,4,2 32 34 35 38 41,12 30 34 36 37 45 +39,1,34,0
128,5,2 21 27 30 31 41,12 30 34 36 37 45 +39,1,30,0
128,6,11 17 18 19 22 23,12 30 34 36 37 45 +39,0,,0
128,7,1 2 10 22 35 38,12 30 34 36 37 45 +39,0,,0
128,8,11 13 17 24 27 30,12 30 34 36 37 45 +39,1,30,0
128,9,5 7 24 27 37 38,12 30 34 36 37 45 +39,1,37,0
128,10,2 3 4 13 15 27,12 30 34 36 37 45 +39,0,,0
129,1,19 22 34 38 40 44,19 23 25 28 38 42 +17,2,19 38,0
129,2,2 5 11 12 23 31,19 23 25 28 38 42 +17,1,23,0
129,3,9 16 22 26 28 45,19 23 25 28 38 42 +17,1,28,0
129,4,2 10 15 26 28 42,19 23 25 28 38 42 +17,2,28 42,0
129,5,14 36 37 41 42 44,19 23 25 28 38 42 +17,1,42,0
129,6,1 2 21 24 30 38,19 23 25 28 38 42 +17,1,38,0
129,7,2 18 19 23 36 45,19 23 25 28 38 42 +17,2,19 23,0
129,8,3 17 21 25 41 42,19 23 25 28 38 42 +17,2,25 42,0
129,9,3 8 11 32 40 44,19 23 25 28 38 42 +17,0,,0
129,10,6 27 31 37 39 40,19 23 25 28 38 42 +17,0,,0
130,1,1 9 15 17 21 32,7 19 24 27 42 45 +31,0,,0
130,2,1 14 24 37 38 44,7 19 24 27 42 45 +31,1,24,0
130,3,2 6 7 26 39 43,7 19 24 27 42 45 +31,1,7,0
130,4,3 22 23 30 35 45,7 19 24 27 42 45 +31,1,45,0
130,5,9 27 35 36 37 42,7 19 24 27 42 45 +31,2,27 42,0
130,6,1 5 14 28 36 44,7 19 24 27 42 45 +31,0,,0
130,7,10 14 21 35 40 45,7 19 24 27 42 45 +31,1,45,0
130,8,2 3 6 8 16 19,7 19 24 27 42 45 +31,1,19,0
130,9,9 10 13 21 34 37,7 19 24 27 42 45 +31,0,,0
130,10,1 2 12 28 30 34,7 19 24 27 42 45 +31,0,,0
131,1,4 6 7 11 12 36,8 10 11 14 15 21 +37,1,11,0
131,2,5 11 16 18 20 30,8 10 11 14 15 21 +37,1,11,0
131,3,9 13 22 25 32 44,8 10 11 14 15 21 +37,0,,0
131,4,8 16 30 35 41 45,8 10 11 14 15 21 +37,1,8,0
131,5,4 7 8 36 39 40,8 10 11 14 15 21 +37,1,8,0
131,6,6 8 10 19 30 42,8 10 11 14 15 21 +37,2,8 10,0
131,7,5 26 29 35 38 41,8 10 11 14 15 21 +37,0,,0
131,8,2 5 14 29 30 34,8 10 11 14 15 21 +37,1,14,0
131,9,16 24 36 40 42 43,8 10 11 14 15 21 +37,0,,0
131,10,10 30 31 39 42 44,8 10 11 14 15 21 +37,1,10,0
132,1,5 8 22 23 42 43,3 17 23 34 41 45 +43,1,23,0
132,2,11 18 25 28 31 36,3 17 23 34 41 45 +43,0,,0
132,3,2 11 16 18 34 35,3 17 23 34 41 45 +43,1,34,0
132,4,12 17 20 23 26 34,3 17 23 34 41 45 +43,3,17 23 34,5
132,5,8 9 21 23 32 42,3 17 23 34 41 45 +43,1,23,0
132,6,6 7 18 27 29 31,3 17 23 34 41 45 +43,0,,0
132,7,2 9 10 11 21 40,3 17 23 34 41 45 +43,0,,0
132,8,12 15 20 36 43 44,3 17 23 34 41 45 +43,0,,0
132,9,3 8 23 35 36 41,3 17 23 34 41 45 +43,3,3 23 41,5
132,10,11 23 28 29 31 42,3 17 23 34 41 45 +43,1,23,0
133,1,7 10 33 36 41 42,4 7 15 18 23 26 +13,1,7,0
133,2,2 7 12 15 19 22,4 7 15 18 23 26 +13,2,7 15,0
133,3,3 4 5 6 32 35,4 7 15 18 23 26 +13,1,4,0
133,4,5 8 24 33 42 44,4 7 15 18 23 26 +13,0,,0
133,5,8 12 16 21 25 36,4 7 15 18 23 26 +13,0,,0
133,6,4 11 17 28 36 37,4 7 15 18 23 26 +13,1,4,0
133,7,4 6 9 19 20 23,4 7 15 18 23 26 +13,2,4 23,0
133,8,2 3 16 18 24 27,4 7 15 18 23 26 +13,1,18,0
133,9,9 12 13 16 29 32,4 7 15 18 23 26 +13,0,,0
133,10,4 11 17 27 38 42,4 7 15 18 23 26 +13,1,4,0
134,1,3 15 21 25 30 35,3 12 20 23 31 35 +43,2,3 35,0
134,2,5 6 7 12 22 29,3 12 20 23 31 35 +43,1,12,0
134,3,1 11 13 25 28 31,3 12 20 23 31 35 +43,1,31,0
134,4,4 18 28 29 38 43,3 12 20 23 31 35 +43,0,,0
134,5,5 6 11 13 16 43,3 12 20 23 31 35 +43,0,,0
134,6,14 22 24 34 37 44,3 12 20 23 31 35 +43,0,,0
134,7,4 6 14 16 20 41,3 12 20 23 31 35 +43,1,20,0
134,8,12 18 30 37 40 45,3 12 20 23 31 35 +43,1,12,0
134,9,5 13 20 24 32 34,3 12 20 23 31 35 +43,1,20,0
134,10,1 9 13 16 20 43,3 12 20 23 31 35 +43,1,20,0
135,1,4 11 25 39 43 44,6 14 22 28 35 39 +16,1,39,0
135,2,19 23 28 31 37 44,6 14 22 28 35 39 +16,1,28,0
135,3,5 23 33 36 42 44,6 14 22 28 35 39 +16,0,,0
135,4,18 20 23 32 38 41,6 14 22 28 35 39 +16,0,,0
135,5,6 12 17 22 36 44,6 14 22 28 35 39 +16,2,6 22,0
135,6,4 12 13 29 33 45,6 14 22 28 35 39 +16,0,,0
135,7,10 14 15 27 38 45,6 14 22 28 35 39 +16,1,14,0
135,8,8 9 19 34 41 44,6 14 22 28 35 39 +16,0,,0
135,9,10 14 19 28 32 38,6 14 22 28 35 39 +16,2,14 28,0
135,10,1 10 11 24 25 32,6 14 22 28 35 39 +16,0,,0
136,1,8 11 14 24 29 39,2 16 30 36 41 42 +11,0,,0
136,2,3 12 14 20 21 42,2 16 30 36 41 42 +11,1,42,0
136,3,7 9 11 20 26 35,2 16 30 36 41 42 +11,0,,0
136,4,4 13 21 22 26 33,2 16 30 36 41 42 +11,0,,0
136,5,8 18 31 34 39 41,2 16 30 36 41 42 +11,1,41,0
136,6,2 13 19 20 25 31,2 16 30 36 41 42 +11,1,2,0
136,7,2 7 16 35 36 44,2 16 30 36 41 42 +11,3,2 16 36,5
136,8,3 7 10 31 32 36,2 16 30 36 41 42 +11,1,36,0
136,9,2 25 27 32 40 45,2 16 30 36 41 42 +11,1,2,0
136,10,9 10 18 22 35 45,2 16 30 36 41 42 +11,0,,0
137,1,1 26 31 39 40 43,7 9 20 25 36 39 +15,1,39,0
137,2,11 13 14 16 41 43,7 9 20 25 36 39 +15,0,,0
137,3,10 14 20 31 40 44,7 9 20 25 36 39 +15,1,20,0
137,4,14 18 25 27 34 45,7 9 20 25 36 39 +15,1,25,0
137,5,1 9 18 19 33 38,7 9 20 25 36 39 +15,1,9,0
137,6,5 8 10 20 34 44,7 9 20 25 36 39 +15,1,20,0
137,7,3 4 16 18 22 27,7 9 20 25 36 39 +15,0,,0
137,8,6 11 13 30 31 34,7 9 20 25 36 39 +15,0,,0
137,9,9 10 13 36 43 45,7 9 20 25 36 39 +15,2,9 36,0
137,10,5 12 32 36 41 42,7 9 20 25 36 39 +15,1,36,0
138,1,8 10 16 21 39 40,10 11 27 28 37 39 +19,2,10 39,0
138,2,8 9 13 17 43 44,10 11 27 28 37 39 +19,0,,0
138,3,1 7 16 30 34 37,10 11 27 28 37 39 +19,1,37,0
138,4,1 4 6 12 27 28,10 11 27 28 37 39 +19,2,27 28,0
138,5,4 11 12 29 34 36,10 11 27 28 37 39 +19,1,11,0
138,6,1 6 10 12 31 39,10 11 27 28 37 39 +19,2,10 39,0
138,7,6 20 27 37 42 43,10 11 27 28 37 39 +19,2,27 37,0
138,8,8 19 27 31 34 37,10 11 27 28 37 39 +19,2,27 37,0
138,9,7 14 27 35 37 44,10 11 27 28 37 39 +19,2,27 37,0
138,10,10 14 15 25 32 38,10 11 27 28 37 39 +19,1,10,0
139,1,2 5 26 31 32 36,9 11 15 20 28 43 +13,0,,0
139,2,1 10 21 34 35 39,9 11 15 20 28 43 +13,0,,0
139,3,3 8 9 10 19 21,9 11 15 20 28 43 +13,1,9,0
139,4,4 11 23 28 38 42,9 11 15 20 28 43 +13,2,11 28,0
139,5,4 15 18 36 42 44,9 11 15 20 28 43 +13,1,15,0
139,6,9 13 30 34 41 42,9 11 15 20 28 43 +13,1,9,0
139,7,9 10 12 21 22 25,9 11 15 20 28 43 +13,1,9,0
139,8,5 8 16 30 40 41,9 11 15 20 28 43 +13,0,,0
139,9,3 12 15 17 20 23,9 11 15 20 28 43 +13,2,15 20,0
139,10,1 14 15 25 32 35,9 11 15 20 28 43 +13,1,15,0
140,1,14 15 18 24 25 43,3 13 17 18 19 28 +8,1,18,0
140,2,1 4 9 14 27 36,3 13 17 18 19 28 +8,0,,0
140,3,1 6 19 31 32 42,3 13 17 18 19 28 +8,1,19,0
140,4,21 27 29 33 40 41,3 13 17 18 19 28 +8,0,,0
140,5,1 3 7 17 20 42,3 13 17 18 19 28 +8,2,3 17,0
140,6,3 4 11 21 29 44,3 13 17 18 19 28 +8,1,3,0
140,7,1 2 11 31 39 40,3 13 17 18 19 28 +8,0,,0
140,8,23 32 34 41 44 45,3 13 17 18 19 28 +8,0,,0
140,9,1 13 15 27 28 34,3 13 17 18 19 28 +8,2,13 28,0
140,10,1 10 19 20 23 38,3 13 17 18 19 28 +8,1,19,0
141,1,7 21 34 35 39 40,8 12 29 31 42 43 +2,0,,0
141,2,1 5 7 18 35 45,8 12 29 31 42 43 +2,0,,0
141,3,2 9 15 26 28 35,8 12 29 31 42 43 +2,0,,0
141,4,2 10 17 18 28 42,8 12 29 31 42 43 +2,1,42,0
141,5,3 6 7 8 44 45,8 12 29 31 42 43 +2,1,8,0
141,6,6 12 13 32 39 41,8 12 29 31 42 43 +2,1,12,0
141,7,1 4 18 24 35 43,8 12 29 31 42 43 +2,1,43,0
141,8,10 15 18 32 37 41,8 12 29 31 42 43 +2,0,,0
141,9,2 5 10 12 27 39,8 12 29 31 42 43 +2,1,12,0
141,10,12 13 16 19 26 41,8 12 29 31 42 43 +2,1,12,0
142,1,2 5 15 19 33 36,12 16 30 34 40 44 +19,0,,0
142,2,4 7 22 23 37 41,12 16 30 34 40 44 +19,0,,0
142,3,2 9 10 11 18 32,12 16 30 34 40 44 +19,0,,0
142,4,6 18 25 27 42 44,12 16 30 34 40 44 +19,1,44,0
142,5,5 8 11 17 18 36,12 16 30 34 40 44 +19,0,,0
142,6,20 28 30 37 40 43,12 16 30 34 40 44 +19,2,30 40,0
142,7,1 6 10 12 16 25,12 16 30 34 40 44 +19,2,12 16,0
142,8,1 17 21 24 26 41,12 16 30 34 40 44 +19,0,,0
142,9,1 4 28 37 44 45,12 16 30 34 40 44 +19,1,44,0
142,10,4 14 17 18 36 43,12 16 30 34 40 44 +19,0,,0
143,1,6 8 9 17 21 22,26 27 28 42 43 45 +8,0,,0
143,2,8 11 15 20 27 28,26 27 28 42 43 45 +8,2,27 28,0
143,3,5 7 15 34 36 39,26 27 28 42 43 45 +8,0,,0
143,4,5 16 24 33 36 45,26 27 28 42 43 45 +8,1,45,0
143,5,3 20 29 31 32 43,26 27 28 42 43 45 +8,1,43,0
143,6,5 12 25 35 36 43,26 27 28 42 43 45 +8,1,43,0
143,7,4 27 28 32 35 40,26 27 28 42 43 45 +8,2,27 28,0
143,8,3 8 21 27 34 45,26 27 28 42 43 45 +8,2,27 45,0
143,9,2 10 21 23 37 40,26 27 28 42 43 45 +8,0,,0
143,10,1 9 11 24 27 37,26 27 28 42 43 45 +8,1,27,0
144,1,3 5 12 21 26 31,4 15 17 26 36 37 +43,1,26,0
144,2,2 10 17 23 30 39,4 15 17 26 36 37 +43,1,17,0
144,3,2 7 20 28 36 40,4 15 17 26 36 37 +43,1,36,0
144,4,2 17 19 31 42 45,4 15 17 26 36 37 +43,1,17,0
144,5,5 10 11 25 38 44,4 15 17 26 36 37 +43,0,,0
144,6,7 11 18 19 23 29,4 15 17 26 36 37 +43,0,,0
144,7,6 22 24 29 32 35,4 15 17 26 36 37 +43,0,,0
144,8,2 8 11 22 30 44,4 15 17 26 36 37 +43,0,,0
144,9,2 11 23 30 33 38,4 15 17 26 36 37 +43,0,,0
144,10,2 17 19 34 35 39,4 15 17 26 36 37 +43,1,17,0
145,1,5 6 23 24 35 39,2 3 13 20 27 44 +9,0,,0
145,2,4 8 13 18 31 38,2 3 13 20 27 44 +9,1,13,0
145,3,6 10 30 32 38 43,2 3 13 20 27 44 +9,0,,0
145,4,3 11 19 21 29 38,2 3 13 20 27 44 +9,1,3,0
145,5,6 10 11 27 28 41,2 3 13 20 27 44 +9,1,27,0
145,6,6 7 23 30 42 45,2 3 13 20 27 44 +9,0,,0
145,7,6 14 26 33 34 41,2 3 13 20 27 44 +9,0,,0
145,8,24 26 33 34 35 36,2 3 13 20 27 44 +9,0,,0
145,9,1 6 18 28 32 38,2 3 13 20 27 44 +9,0,,0
145,10,17 22 25 38 42 43,2 3 13 20 27 44 +9,0,,0
146,1,15 22 26 29 37 45,2 19 27 35 41 42 +25,0,,0
146,2,5 12 27 29 30 34,2 19 27 35 41 42 +25,1,27,0
146,3,2 6 10 17 42 44,2 19 27 35 41 42 +25,2,2 42,0
146,4,2 17 31 35 42 44,2 19 27 35 41 42 +25,3,2 35 42,5
146,5,2 5 11 21 28 35,2 19 27 35 41 42 +25,2,2 35,0
146,6,1 6 22 32 38 39,2 19 27 35 41 42 +25,0,,0
146,7,7 10 19 34 36 41,2 19 27 35 41 42 +25,2,19 41,0
146,8,16 20 23 33 35 43,2 19 27 35 41 42 +25,1,35,0
146,9,15 16 23 25 39 43,2 19 27 35 41 42 +25,0,,0
146,10,14 15 20 27 34 42,2 19 27 35 41 42 +25,2,27 42,0
147,1,5 19 34 36 41 45,4 6 13 21 40 42 +36,0,,0
147,2,6 7 22 28 30 31,4 6 13 21 40 42 +36,1,6,0
147,3,1 7 8 26 34 36,4 6 13 21 40 42 +36,0,,0
147,4,4 9 13 14 26 45,4 6 13 21 40 42 +36,2,4 13,0
147,5,14 20 27 29 32 42,4 6 13 21 40 42 +36,1,42,0
147,6,4 17 29 30 32 45,4 6 13 21 40 42 +36,1,4,0
147,7,7 10 17 18 23 32,4 6 13 21 40 42 +36,0,,0
147,8,3 7 17 30 31 37,4 6 13 21 40 42 +36,0,,0
147,9,12 34 37 38 41 44,4 6 13 21 40 42 +36,0,,0
147,10,2 8 20 21 24 27,4 6 13 21 40 42 +36,1,21,0
148,1,2 8 15 23 40 41,21 25 33 34 35 36 +17,0,,0
148,2,3 5 6 14 23 34,21 25 33 34 35 36 +17,1,34,0
148,3,27 34 36 40 42 44,21 25 33 34 35 36 +17,2,34 36,0
148,4,5 27 35 41 43 45,21 25 33 34 35 36 +17,1,35,0
148,5,11 22 23 30 38 39,21 25 33 34 35 36 +17,0,,0
148,6,16 20 21 28 38 39,21 25 33 34 35 36 +17,1,21,0
148,7,4 12 25 28 36 42,21 25 33 34 35 36 +17,2,25 36,0
148,8,1 2 4 6 28 38,21 25 33 34 35 36 +17,0,,0
148,9,10 24 31 38 44 45,21 25 33 34 35 36 +17,0,,0
148,10,7 10 15 16 33 36,21 25 33 34 35 36 +17,2,33 36,0
149,1,9 11 14 18 20 38,2 11 21 34 41 42 +27,1,11,0
149,2,1 10 19 24 27 40,2 11 21 34 41 42 +27,0,,0
149,3,3 14 17 18 35 38,2 11 21 34 41 42 +27,0,,0
149,4,14 17 25 32 38 39,2 11 21 34 41 42 +27,0,,0
149,5,6 19 21 24 34 35,2 11 21 34 41 42 +27,2,21 34,0
149,6,7 10 27 28 29 45,2 11 21 34 41 42 +27,0,,0
149,7,7 12 22 23 31 45,2 11 21 34 41 42 +27,0,,0
149,8,21 29 31 34 35 39,2 11 21 34 41 42 +27,2,21 34,0
149,9,6 7 12 16 22 37,2 11 21 34 41 42 +27,0,,0
149,10,6 18 26 27 28 31,2 11 21 34 41 42 +27,0,,0
150,1,4 9 20 32 35 38,2 18 25 28 37 39 +16,0,,0
150,2,9 14 17 24 28 42,2 18 25 28 37 39 +16,1,28,0
150,3,5 9 12 27 42 43,2 18 25 28 37 39 +16,0,,0
150,4,1 5 7 15 23 26,2 18 25 28 37 39 +16,0,,0
150,5,2 6 18 21 23 30,2 18 25 28 37 39 +16,2,2 18,0
150,6,3 4 19 25 30 31,2 18 25 28 37 39 +16,1,25,0
150,7,6 16 20 32 39 41,2 18 25 28 37 39 +16,1,39,0
150,8,3 17 26 34 35 45,2 18 25 28 37 39 +16,0,,0
150,9,18 19 23 30 35 38,2 18 25 28 37 39 +16,1,18,0
150,10,12 22 23 24 31 35,2 18 25 28 37 39 +16,0,,0
151,1,4 7 15 25 41 45,1 2 10 13 18 19 +15,0,,0
151,2,1 5 8 16 37 39,1 2 10 13 18 19 +15,1,1,0
151,3,8 18 23 25 39 41,1 2 10 13 18 19 +15,1,18,0
151,4,6 7 11 18 23 34,1 2 10 13 18 19 +15,1,18,0
151,5,1 7 8 22 40 42,1 2 10 13 18 19 +15,1,1,0
151,6,9 19 20 22 36 45,1 2 10 13 18 19 +15,1,19,0
151,7,10 17 33 39 40 41,1 2 10 13 18 19 +15,1,10,0
151,8,7 8 9 22 31 40,1 2 10 13 18 19 +15,0,,0
151,9,2 14 17 33 34 44,1 2 10 13 18 19 +15,1,2,0
151,10,18 29 30 32 33 35,1 2 10 13 18 19 +15,1,18,0
152,1,1 4 13 18 39 44,1 5 13 26 29 34 +43,2,1 13,0
152,2,3 11 18 24 29 39,1 5 13 26 29 34 +43,1,29,0
152,3,2 9 20 21 22 32,1 5 13 26 29 34 +43,0,,0
152,4,3 11 12 16 24 33,1 5 13 26 29 34 +43,0,,0
152,5,14 16 19 21 24 33,1 5 13 26 29 34 +43,0,,0
152,6,11 22 26 27 28 31,1 5 13 26 29 34 +43,1,26,0
152,7,2 11 23 27 32 41,1 5 13 26 29 34 +43,0,,0
152,8,5 8 20 25 35 45,1 5 13 26 29 34 +43,1,5,0
152,9,12 14 26 28 36 43,1 5 13 26 29 34 +43,1,26,0
152,10,19 23 39 41 44 45,1 5 13 26 29 34 +43,0,,0
153,1,17 27 29 31 32 38,3 8 11 12 13 36 +33,0,,0
153,2,2 14 19 21 27 29,3 8 11 12 13 36 +33,0,,0
153,3,15 22 25 37 38 40,3 8 11 12 13 36 +33,0,,0
153,4,1 5 6 28 39 44,3 8 11 12 13 36 +33,0,,0
153,5,4 19 23 35 42 44,3 8 11 12 13 36 +33,0,,0
153,6,2 4 26 37 44 45,3 8 11 12 13 36 +33,0,,0
153,7,1 7 12 27 33 42,3 8 11 12 13 36 +33,1,12,0
153,8,21 22 24 26 30 40,3 8 11 12 13 36 +33,0,,0
153,9,1 17 18 20 29 41,3 8 11 12 13 36 +33,0,,0
153,10,3 7 8 16 17 30,3 8 11 12 13 36 +33,2,3 8,0
154,1,3 22 28 37 39 43,6 19 21 35 40 45 +20,0,,0
154,2,1 5 8 27 29 38,6 19 21 35 40 45 +20,0,,0
154,3,2 8 9 14 21 41,6 19 21 35 40 45 +20,1,21,0
154,4,7 9 23 29 40 43,6 19 21 35 40 45 +20,1,40,0
154,5,4 19 33 36 37 41,6 19 21 35 40 45 +20,1,19,0
154,6,19 22 28 36 40 43,6 19 21 35 40 45 +20,2,19 40,0
154,7,13 27 31 33 35 42,6 19 21 35 40 45 +20,1,35,0
154,8,20 21 25 36 40 45,6 19 21 35 40 45 +20,3,21 40 45,5
154,9,8 9 15 22 40 43,6 19 21 35 40 45 +20,1,40,0
154,10,6 13 25 30 35 43,6 19 21 35 40 45 +20,2,6 35,0
155,1,11 21 32 33 35 41,16 19 20 32 33 41 +4,3,32 33 41,5
155,2,5 8 23 30 42 44,16 19 20 32 33 41 +4,0,,0
155,3,1 9 12 27 36 45,16 19 20 32 33 41 +4,0,,0
155,4,3 6 7 12 15 33,16 19 20 32 33 41 +4,1,33,0
155,5,7 10 16 19 36 39,16 19 20 32 33 41 +4,2,16 19,0
155,6,14 17 29 37 39 43,16 19 20 32 33 41 +4,0,,0
155,7,21 22 30 33 37 43,16 19 20 32 33 41 +4,1,33,0
155,8,4 9 23 26 39 41,16 19 20 32 33 41 +4,1,41,0
155,9,1 5 6 12 39 44,16 19 20 32 33 41 +4,0,,0
155,10,1 2 14 15 33 43,16 19 20 32 33 41 +4,1,33,0
156,1,5 23 26 37 39 44,5 18 28 30 42 45 +2,1,5,0
156,2,7 8 24 33 37 45,5 18 28 30 42 45 +2,1,45,0
156,3,11 12 15 40 41 43,5 18 28 30 42 45 +2,0,,0
156,4,3 5 18 19 25 29,5 18 28 30 42 45 +2,2,5 18,0
156,5,1 3 10 12 23 36,5 18 28 30 42 45 +2,0,,0
156,6,2 3 6 9 13 21,5 18 28 30 42 45 +2,0,,0
156,7,9 14 33 35 43 44,5 18 28 30 42 45 +2,0,,0
156,8,6 13 17 20 24 26,5 18 28 30 42 45 +2,0,,0
156,9,3 15 17 29 40 42,5 18 28 30 42 45 +2,1,42,0
156,10,17 18 19 42 44 45,5 18 28 30 42 45 +2,3,18 42 45,5
157,1,16 29 30 37 40 45,19 26 30 33 35 39 +37,1,30,0
157,2,7 8 11 19 36 39,19 26 30 33 35 39 +37,2,19 39,0
157,3,10 19 21 23 28 42,19 26 30 33 35 39 +37,1,19,0
157,4,4 8 20 31 33 37,19 26 30 33 35 39 +37,1,33,0
157,5,27 32 34 36 38 42,19 26 30 33 35 39 +37,0,,0
157,6,16 18 22 31 37 42,19 26 30 33 35 39 +37,0,,0
157,7,3 11 15 26 34 41,19 26 30 33 35 39 +37,1,26,0
157,8,2 8 10 33 36 37,19 26 30 33 35 39 +37,1,33,0
157,9,5 7 23 24 27 38,19 26 30 33 35 39 +37,0,,0
157,10,6 7 18 32 44 45,19 26 30 33 35 39 +37,0,,0
158,1,4 5 23 24 25 28,4 9 13 18 21 34 +7,1,4,0
158,2,13 19 29 30 35 45,4 9 13 18 21 34 +7,1,13,0
158,3,1 6 10 22 29 41,4 9 13 18 21 34 +7,0,,0
158,4,2 14 30 36 38 42,4 9 13 18 21 34 +7,0,,0
158,5,8 9 10 13 26 27,4 9 13 18 21 34 +7,2,9 13,0
158,6,1 10 19 21 27 33,4 9 13 18 21 34 +7,1,21,0
158,7,10 18 24 27 34 42,4 9 13 18 21 34 +7,2,18 34,0
158,8,7 8 12 27 29 33,4 9 13 18 21 34 +7,0,,0
158,9,1 7 8 16 34 35,4 9 13 18 21 34 +7,1,34,0
158,10,5 8 15 25 30 33,4 9 13 18 21 34 +7,0,,0
159,1,1 2 4 15 30 36,1 18 30 41 42 43 +32,2,1 30,0
159,2,6 9 11 29 30 32,1 18 30 41 42 43 +32,1,30,0
159,3,13 16 20 21 31 44,1 18 30 41 42 43 +32,0,,0
159,4,6 9 11 26 32 40,1 18 30 41 42 43 +32,0,,0
159,5,3 15 24 26 32 40,1 18 30 41 42 43 +32,0,,0
159,6,1 6 8 23 30 36,1 18 30 41 42 43 +32,2,1 30,0
159,7,1 4 17 18 26 35,1 18 30 41 42 43 +32,2,1 18,0
159,8,13 14 16 18 22 33,1 18 30 41 42 43 +32,1,18,0
159,9,1 8 25 26 31 45,1 18 30 41 42 43 +32,1,1,0
159,10,10 16 20 34 42 45,1 18 30 41 42 43 +32,1,42,0
160,1,12 23 29 30 33 44,3 7 8 34 39 41 +1,0,,0
160,2,7 12 19 23 25 28,3 7 8 34 39 41 +1,1,7,0
160,3,1 3 17 25 26 40,3 7 8 34 39 41 +1,1,3,0
160,4,9 19 20 26 33 39,3 7 8 34 39 41 +1,1,39,0
160,5,1 4 16 18 22 28,3 7 8 34 39 41 +1,0,,0
160,6,16 23 25 27 28 42,3 7 8 34 39 41 +1,0,,0
160,7,4 12 25 39 40 44,3 7 8 34 39 41 +1,1,39,0
160,8,5 10 14 15 21 37,3 7 8 34 39 41 +1,0,,0
160,9,2 10 17 25 37 38,3 7 8 34 39 41 +1,0,,0
160,10,5 14 18 19 30 32,3 7 8 34 39 41 +1,0,,0
161,1,4 11 16 21 37 38,22 34 36 40 42 45 +44,0,,0
161,2,3 18 27 34 36 42,22 34 36 40 42 45 +44,3,34 36 42,5
161,3,1 2 16 17 22 45,22 34 36 40 42 45 +44,2,22 45,0
161,4,4 10 13 15 26 34,22 34 36 40 42 45 +44,1,34,0
161,5,11 12 13 20 21 45,22 34 36 40 42 45 +44,1,45,0
161,6,7 16 17 19 41 42,22 34 36 40 42 45 +44,1,42,0
161,7,6 11 16 17 36 41,22 34 36 40 42 45 +44,1,36,0
161,8,12 19 31 32 34 39,22 34 36 40 42 45 +44,1,34,0
161,9,3 5 6 13 25 35,22 34 36 40 42 45 +44,0,,0
161,10,1 6 7 16 31 35,22 34 36 40 42 45 +44,0,,0
162,1,10 14 15 22 27 40,1 5 21 25 38 41 +24,0,,0
162,2,2 7 13 16 26 30,1 5 21 25 38 41 +24,0,,0
162,3,11 12 16 25 37 40,1 5 21 25 38 41 +24,1,25,0
162,4,11 13 18 20 37 41,1 5 21 25 38 41 +24,1,41,0
162,5,6 9 17 23 36 40,1 5 21 25 38 41 +24,0,,0
162,6,3 9 13 33 36 45,1 5 21 25 38 41 +24,0,,0
162,7,16 19 24 30 39 43,1 5 21 25 38 41 +24,0,,0
162,8,1 16 18 24 30 37,1 5 21 25 38 41 +24,1,1,0
162,9,5 8 24 26 36 39,1 5 21 25 38 41 +24,1,5,0
162,10,16 17 20 24 34 44,1 5 21 25 38 41 +24,0,,0
163,1,18 23 25 27 35 45,7 11 26 28 29 44 +16,0,,0
163,2,2 7 9 15 36 43,7 11 26 28 29 44 +16,1,7,0
163,3,10 22 24 27 34 44,7 11 26 28 29 44 +16,1,44,0
163,4,16 21 26 29 42 44,7 11 26 28 29 44 +16,3,26 29 44,5
163,5,4 13 17 25 32 42,7 11 26 28 29 44 +16,0,,0
163,6,4 8 15 19 35 42,7 11 26 28 29 44 +16,0,,0
163,7,2 4 11 20 26 35,7 11 26 28 29 44 +16,2,11 26,0
163,8,3 4 7 12 14 41,7 11 26 28 29 44 +16,1,7,0
163,9,4 23 35 38 41 43,7 11 26 28 29 44 +16,0,,0
163,10,3 6 7 12 13 41,7 11 26 28 29 44 +16,1,7,0
164,1,3 8 11 19 41 44,6 9 10 11 39 41 +27,2,11 41,0
164,2,6 22 26 29 33 43,6 9 10 11 39 41 +27,1,6,0
164,3,4 6 15 18 37 42,6 9 10 11 39 41 +27,1,6,0
164,4,2 10 11 25 27 41,6 9 10 11 39 41 +27,3,10 11 41,5
164,5,6 12 13 16 24 41,6 9 10 11 39 41 +27,2,6 41,0
164,6,2 7 9 28 42 44,6 9 10 11 39 41 +27,1,9,0
164,7,6 14 15 25 40 43,6 9 10 11 39 41 +27,1,6,0
164,8,5 10 22 25 34 36,6 9 10 11 39 41 +27,1,10,0
164,9,3 5 11 26 29 31,6 9 10 11 39 41 +27,1,11,0
164,10,2 6 7 30 35 40,6 9 10 11 39 41 +27,1,6,0
165,1,4 10 13 21 23 34,5 13 18 19 22 42 +31,1,13,0
165,2,15 21 26 28 29 45,5 13 18 19 22 42 +31,0,,0
165,3,12 14 24 25 41 45,5 13 18 19 22 42 +31,0,,0
165,4,10 15 16 35 37 41,5 13 18 19 22 42 +31,0,,0
165,5,3 16 21 26 30 36,5 13 18 19 22 42 +31,0,,0
165,6,3 8 32 33 41 42,5 13 18 19 22 42 +31,1,42,0
165,7,9 13 14 16 17 34,5 13 18 19 22 42 +31,1,13,0
165,8,3 9 32 37 38 43,5 13 18 19 22 42 +31,0,,0
165,9,1 14 19 21 24 34,5 13 18 19 22 42 +31,1,19,0
165,10,2 6 24 26 28 45,5 13 18 19 22 42 +31,0,,0
166,1,7 15 16 21 32 43,9 12 27 36 39 45 +14,0,,0
166,2,10 11 17 20 32 34,9 12 27 36 39 45 +14,0,,0
166,3,13 23 39 40 41 43,9 12 27 36 39 45 +14,1,39,0
166,4,7 8 30 34 39 44,9 12 27 36 39 45 +14,1,39,0
166,5,1 6 19 21 31 37,9 12 27 36 39 45 +14,0,,0
166,6,9 17 24 34 36 40,9 12 27 36 39 45 +14,2,9 36,0
166,7,5 15 22 24 26 28,9 12 27 36 39 45 +14,0,,0
166,8,4 10 25 33 34 41,9 12 27 36 39 45 +14,0,,0
166,9,1 6 19 26 36 40,9 12 27 36 39 45 +14,1,36,0
166,10,10 13 15 25 39 41,9 12 27 36 39 45 +14,1,39,0
167,1,12 23 34 40 41 42,24 27 28 30 36 39 +4,0,,0
167,2,8 11 36 38 44 45,24 27 28 30 36 39 +4,1,36,0
167,3,4 10 17 19 31 33,24 27 28 30 36 39 +4,0,,0
167,4,2 6 16 28 33 43,24 27 28 30 36 39 +4,1,28,0
167,5,4 16 18 19 25 36,24 27 28 30 36 39 +4,1,36,0
167,6,6 8 19 28 31 37,24 27 28 30 36 39 +4,1,28,0
167,7,6 8 22 26 29 37,24 27 28 30 36 39 +4,0,,0
167,8,1 7 10 17 39 44,24 27 28 30 36 39 +4,1,39,0
167,9,2 12 25 39 41 44,24 27 28 30 36 39 +4,1,39,0
167,10,1 17 22 30 31 35,24 27 28 30 36 39 +4,1,30,0
168,1,9 10 12 15 28 39,3 10 31 40 42 43 +30,1,10,0
168,2,2 3 4 26 28 42,3 10 31 40 42 43 +30,2,3 42,0
168,3,15 28 32 33 40 41,3 10 31 40 42 43 +30,1,40,0
168,4,3 12 16 33 37 41,3 10 31 40 42 43 +30,1,3,0
168,5,9 15 24 32 44 45,3 10 31 40 42 43 +30,0,,0
168,6,13 21 23 26 29 39,3 10 31 40 42 43 +30,0,,0
168,7,19 20 24 30 41 44,3 10 31 40 42 43 +30,0,,0
168,8,6 13 17 22 39 44,3 10 31 40 42 43 +30,0,,0
168,9,3 17 30 31 33 39,3 10 31 40 42 43 +30,2,3 31,0
168,10,8 13 19 25 26 32,3 10 31 40 42 43 +30,0,,0
169,1,24 27 31 42 43 45,16 27 35 37 43 45 +19,3,27 43 45,5
169,2,3 11 17 33 35 37,16 27 35 37 43 45 +19,2,35 37,0
169,3,3 7 22 32 40 44,16 27 35 37 43 45 +19,0,,0
169,4,5 11 17 34 39 42,16 27 35 37 43 45 +19,0,,0
169,5,12 24 28 29 31 44,16 27 35 37 43 45 +19,0,,0
169,6,3 5 16 29 38 44,16 27 35 37 43 45 +19,1,16,0
169,7,8 18 20 32 40 41,16 27 35 37 43 45 +19,0,,0
169,8,4 11 14 23 28 37,16 27 35 37 43 45 +19,1,37,0
169,9,11 14 17 30 44 45,16 27 35 37 43 45 +19,1,45,0
169,10,2 13 18 22 30 37,16 27 35 37 43 45 +19,1,37,0
170,1,1 3 11 28 43 45,2 11 13 15 31 42 +10,1,11,0
170,2,18 21 32 35 40 42,2 11 13 15 31 42 +10,1,42,0
170,3,5 9 16 18 21 42,2 11 13 15 31 42 +10,1,42,0
170,4,1 4 8 11 33 43,2 11 13 15 31 42 +10,1,11,0
170,5,6 8 22 37 38 44,2 11 13 15 31 42 +10,0,,0
170,6,1 7 8 26 36 43,2 11 13 15 31 42 +10,0,,0
170,7,6 15 20 33 40 41,2 11 13 15 31 42 +10,1,15,0
170,8,3 9 11 24 32 40,2 11 13 15 31 42 +10,1,11,0
170,9,14 21 27 37 39 44,2 11 13 15 31 42 +10,0,,0
170,10,1 9 22 35 39 44,2 11 13 15 31 42 +10,0,,0
171,1,7 9 20 29 34 36,4 16 25 29 34 35 +1,2,29 34,0
171,2,19 20 26 32 34 36,4 16 25 29 34 35 +1,1,34,0
171,3,5 7 17 34 38 43,4 16 25 29 34 35 +1,1,34,0
171,4,1 8 12 18 36 43,4 16 25 29 34 35 +1,0,,0
171,5,1 7 22 28 29 38,4 16 25 29 34 35 +1,1,29,0
171,6,12 21 27 28 32 39,4 16 25 29 34 35 +1,0,,0
171,7,8 24 37 38 41 42,4 16 25 29 34 35 +1,0,,0
171,8,1 8 16 17 25 39,4 16 25 29 34 35 +1,2,16 25,0
171,9,6 16 19 22 38 40,4 16 25 29 34 35 +1,1,16,0
171,10,1 4 24 26 35 45,4 16 25 29 34 35 +1,2,4 35,0
172,1,1 5 17 18 36 42,4 19 21 24 26 41 +35,0,,0
172,2,11 12 17 22 27 40,4 19 21 24 26 41 +35,0,,0
172,3,28 29 30 33 35 43,4 19 21 24 26 41 +35,0,,0
172,4,14 18 22 28 29 42,4 19 21 24 26 41 +35,0,,0
172,5,5 9 16 19 28 29,4 19 21 24 26 41 +35,1,19,0
172,6,3 4 16 17 39 45,4 19 21 24 26 41 +35,1,4,0
172,7,2 16 37 40 42 45,4 19 21 24 26 41 +35,0,,0
172,8,2 6 20 37 38 43,4 19 21 24 26 41 +35,0,,0
172,9,6 14 33 38 39 43,4 19 21 24 26 41 +35,0,,0
172,10,1 14 17 28 37 39,4 19 21 24 26 41 +35,0,,0
173,1,2 16 20 21 25 38,3 9 24 30 33 34 +18,0,,0
173,2,1 7 17 20 32 39,3 9 24 30 33 34 +18,0,,0
173,3,1 3 7 16 21 28,3 9 24 30 33 34 +18,1,3,0
173,4,7 14 19 28 36 39,3 9 24 30 33 34 +18,0,,0
173,5,1 12 40 41 43 44,3 9 24 30 33 34 +18,0,,0
173,6,2 3 22 23 33 42,3 9 24 30 33 34 +18,2,3 33,0
173,7,1 14 26 27 31 43,3 9 24 30 33 34 +18,0,,0
173,8,2 7 25 37 40 43,3 9 24 30 33 34 +18,0,,0
173,9,3 8 23 34 38 45,3 9 24 30 33 34 +18,2,3 34,0
173,10,5 9 21 29 41 42,3 9 24 30 33 34 +18,1,9,0
174,1,2 17 33 34 35 44,13 14 18 22 35 39 +16,1,35,0
174,2,24 25 28 35 40 42,13 14 18 22 35 39 +16,1,35,0
174,3,11 31 33 34 37 42,13 14 18 22 35 39 +16,0,,0
174,4,5 8 12 36 39 41,13 14 18 22 35 39 +16,1,39,0
174,5,2 6 13 24 42 43,13 14 18 22 35 39 +16,1,13,0
174,6,2 11 28 36 38 45,13 14 18 22 35 39 +16,0,,0
174,7,1 11 18 19 25 35,13 14 18 22 35 39 +16,2,18 35,0
174,8,2 6 22 27 33 43,13 14 18 22 35 39 +16,1,22,0
174,9,8 13 17 20 39 42,13 14 18 22 35 39 +16,2,13 39,0
174,10,6 27 31 36 39 41,13 14 18 22 35 39 +16,1,39,0
175,1,2 23 25 33 38 41,19 26 28 31 33 36 +17,1,33,0
175,2,4 7 24 28 30 44,19 26 28 31 33 36 +17,1,28,0
175,3,14 19 24 25 27 39,19 26 28 31 33 36 +17,1,19,0
175,4,23 24 26 29 31 39,19 26 28 31 33 36 +17,2,26 31,0
175,5,23 30 31 33 38 43,19 26 28 31 33 36 +17,2,31 33,0
175,6,1 5 25 28 33 42,19 26 28 31 33 36 +17,2,28 33,0
175,7,8 12 28 35 42 44,19 26 28 31 33 36 +17,1,28,0
175,8,1 4 14 28 31 36,19 26 28 31 33 36 +17,3,28 31 36,5
175,9,10 14 16 18 26 39,19 26 28 31 33 36 +17,1,26,0
175,10,5 18 20 28 34 41,19 26 28 31 33 36 +17,1,28,0
176,1,14 24 28 36 39 40,4 17 30 32 33 34 +15,0,,0
176,2,9 18 19 20 30 32,4 17 30 32 33 34 +15,2,30 32,0
176,3,9 11 28 33 38 42,4 17 30 32 33 34 +15,1,33,0
176,4,12 13 14 20 23 44,4 17 30 32 33 34 +15,0,,0
176,5,14 23 27 32 33 42,4 17 30 32 33 34 +15,2,32 33,0
176,6,2 3 6 24 26 36,4 17 30 32 33 34 +15,0,,0
176,7,1 4 19 22 38 41,4 17 30 32 33 34 +15,1,4,0
176,8,6 13 15 18 33 42,4 17 30 32 33 34 +15,1,33,0
176,9,12 17 19 21 38 42,4 17 30 32 33 34 +15,1,17,0
176,10,2 16 25 29 33 35,4 17 30 32 33 34 +15,1,33,0
177,1,9 13 15 19 23 34,1 10 13 16 37 43 +6,1,13,0
177,2,7 29 34 36 39 44,1 10 13 16 37 43 +6,0,,0
177,3,4 10 11 25 27 37,1 10 13 16 37 43 +6,2,10 37,0
177,4,10 18 23 24 41 42,1 10 13 16 37 43 +6,1,10,0
177,5,1 9 24 27 28 39,1 10 13 16 37 43 +6,1,1,0
177,6,6 14 24 27 36 45,1 10 13 16 37 43 +6,0,,0
177,7,7 16 23 27 37 40,1 10 13 16 37 43 +6,2,16 37,0
177,8,12 15 23 35 43 44,1 10 13 16 37 43 +6,1,43,0
177,9,7 10 22 29 35 43,1 10 13 16 37 43 +6,2,10 43,0
177,10,1 13 20 34 35 44,1 10 13 16 37 43 +6,2,1 13,0
178,1,10 12 18 31 40 43,1 5 11 12 18 23 +9,2,12 18,0
178,2,8 9 11 26 28 35,1 5 11 12 18 23 +9,1,11,0
178,3,26 30 35 37 41 43,1 5 11 12 18 23 +9,0,,0
178,4,1 3 6 13 25 39,1 5 11 12 18 23 +9,1,1,0
178,5,17 18 20 39 43 45,1 5 11 12 18 23 +9,1,18,0
178,6,1 15 19 24 41 44,1 5 11 12 18 23 +9,1,1,0
178,7,1 6 10 23 28 37,1 5 11 12 18 23 +9,2,1 23,0
178,8,1 2 9 16 32 43,1 5 11 12 18 23 +9,1,1,0
178,9,6 13 16 30 33 35,1 5 11 12 18 23 +9,0,,0
178,10,6 19 27 31 34 35,1 5 11 12 18 23 +9,0,,0
179,1,1 23 28 33 37 43,5 9 17 25 39 43 +32,1,43,0
179,2,1 20 23 32 35 41,5 9 17 25 39 43 +32,0,,0
179,3,5 9 24 32 38 41,5 9 17 25 39 43 +32,2,5 9,0
179,4,2 4 14 20 23 25,5 9 17 25 39 43 +32,1,25,0
179,5,3 5 10 18 43 44,5 9 17 25 39 43 +32,2,5 43,0
179,6,7 21 33 35 37 39,5 9 17 25 39 43 +32,1,39,0
179,7,13 21 24 26 27 36,5 9 17 25 39 43 +32,0,,0
179,8,9 15 18 36 44 45,5 9 17 25 39 43 +32,1,9,0
179,9,1 22 25 32 38 44,5 9 17 25 39 43 +32,1,25,0
179,10,10 12 20 30 35 37,5 9 17 25 39 43 +32,0,,0
180,1,2 22 28 30 39 43,2 15 20 21 29 34 +22,1,2,0
180,2,4 19 20 22 40 45,2 15 20 21 29 34 +22,1,20,0
180,3,12 17 21 29 32 33,2 15 20 21 29 34 +22,2,21 29,0
180,4,12 14 22 28 31 38,2 15 20 21 29 34 +22,0,,0
180,5,12 15 19 21 28 32,2 15 20 21 29 34 +22,2,15 21,0
180,6,2 15 21 27 29 44,2 15 20 21 29 34 +22,4,2 15 21 29,4
180,7,6 10 11 15 38 45,2 15 20 21 29 34 +22,1,15,0
180,8,1 2 10 12 33 45,2 15 20 21 29 34 +22,1,2,0
180,9,7 8 10 21 23 28,2 15 20 21 29 34 +22,1,21,0
180,10,3 4 12 31 37 44,2 15 20 21 29 34 +22,0,,0
181,1,8 9 10 21 40 43,14 21 23 32 40 45 +44,2,21 40,0
181,2,4 26 32 37 41 42,14 21 23 32 40 45 +44,1,32,0
181,3,3 19 24 26 30 31,14 21 23 32 40 45 +44,0,,0
181,4,1 3 4 19 42 43,14 21 23 32 40 45 +44,0,,0
181,5,8 9 12 25 32 33,14 21 23 32 40 45 +44,1,32,0
181,6,2 8 10 20 31 35,14 21 23 32 40 45 +44,0,,0
181,7,7 12 22 26 32 43,14 21 23 32 40 45 +44,1,32,0
181,8,9 13 17 21 41 45,14 21 23 32 40 45 +44,2,21 45,0
181,9,14 20 21 29 33 44,14 21 23 32 40 45 +44,2,14 21,0
181,10,6 15 25 32 37 38,14 21 23 32 40 45 +44,1,32,0
182,1,1 2 10 33 38 42,13 15 27 29 34 40 +35,0,,0
182,2,5 9 21 25 30 45,13 15 27 29 34 40 +35,0,,0
182,3,5 8 11 18 35 42,13 15 27 29 34 40 +35,0,,0
182,4,2 8 15 27 34 44,13 15 27 29 34 40 +35,3,15 27 34,5
182,5,1 4 6 7 10 40,13 15 27 29 34 40 +35,1,40,0
182,6,2 9 12 35 40 43,13 15 27 29 34 40 +35,1,40,0
182,7,10 12 13 19 22 38,13 15 27 29 34 40 +35,1,13,0
182,8,5 7 9 27 29 43,13 15 27 29 34 40 +35,2,27 29,0
182,9,6 9 11 13 23 45,13 15 27 29 34 40 +35,1,13,0
182,10,24 25 27 34 43 44,13 15 27 29 34 40 +35,2,27 34,0
183,1,12 16 19 31 37 39,2 18 24 34 40 42 +5,0,,0
183,2,3 4 8 19 26 34,2 18 24 34 40 42 +5,1,34,0
183,3,12 14 22 34 36 37,2 18 24 34 40 42 +5,1,34,0
183,4,1 9 12 22 33 43,2 18 24 34 40 42 +5,0,,0
183,5,5 8 10 12 15 28,2 18 24 34 40 42 +5,0,,0
183,6,17 20 21 30 35 45,2 18 24 34 40 42 +5,0,,0
183,7,7 14 16 24 33 36,2 18 24 34 40 42 +5,1,24,0
183,8,2 7 25 30 33 40,2 18 24 34 40 42 +5,2,2 40,0
183,9,1 2 14 24 28 42,2 18 24 34 40 42 +5,3,2 24 42,5
183,10,7 11 21 24 30 45,2 18 24 34 40 42 +5,1,24,0
184,1,7 11 17 18 33 44,1 2 6 16 20 33 +41,1,33,0
184,2,6 9 30 39 40 44,1 2 6 16 20 33 +41,1,6,0
184,3,1 3 23 41 42 45,1 2 6 16 20 33 +41,1,1,0
184,4,4 10 23 28 32 38,1 2 6 16 20 33 +41,0,,0
184,5,1 14 15 16 41 45,1 2 6 16 20 33 +41,2,1 16,0
184,6,5 11 13 18 40 44,1 2 6 16 20 33 +41,0,,0
184,7,3 8 13 27 28 30,1 2 6 16 20 33 +41,0,,0
184,8,1 7 8 10 21 45,1 2 6 16 20 33 +41,1,1,0
184,9,5 10 21 28 40 45,1 2 6 16 20 33 +41,0,,0
184,10,2 9 16 23 35 36,1 2 6 16 20 33 +41,2,2 16,0
185,1,10 20 24 30 32 41,1 2 4 8 19 38 +14,0,,0
185,2,8 20 34 35 40 44,1 2 4 8 19 38 +14,1,8,0
185,3,1 14 17 23 42 43,1 2 4 8 19 38 +14,1,1,0
185,4,21 22 29 41 42 43,1 2 4 8 19 38 +14,0,,0
185,5,1 5 19 25 27 38,1 2 4 8 19 38 +14,3,1 19 38,5
185,6,2 3 7 14 42 45,1 2 4 8 19 38 +14,1,2,0
185,7,17 19 27 32 39 42,1 2 4 8 19 38 +14,1,19,0
185,8,6 9 18 22 25 35,1 2 4 8 19 38 +14,0,,0
185,9,12 15 18 19 23 24,1 2 4 8 19 38 +14,1,19,0
185,10,15 27 28 29 31 38,1 2 4 8 19 38 +14,1,38,0
186,1,21 25 26 29 41 43,4 10 14 19 21 45 +9,1,21,0
186,2,1 9 11 23 37 40,4 10 14 19 21 45 +9,0,,0
186,3,24 35 37 39 40 44,4 10 14 19 21 45 +9,0,,0
186,4,10 18 23 38 41 44,4 10 14 19 21 45 +9,1,10,0
186,5,5 17 19 23 24 43,4 10 14 19 21 45 +9,1,19,0
186,6,3 5 21 29 44 45,4 10 14 19 21 45 +9,2,21 45,0
186,7,4 6 24 29 37 40,4 10 14 19 21 45 +9,1,4,0
186,8,16 28 35 37 41 43,4 10 14 19 21 45 +9,0,,0
186,9,2 8 9 14 19 30,4 10 14 19 21 45 +9,2,14 19,0
186,10,3 8 9 15 18 32,4 10 14 19 21 45 +9,0,,0
187,1,3 5 11 18 28 45,1 2 8 18 29 38 +42,1,18,0
187,2,1 26 29 37 40 44,1 2 8 18 29 38 +42,2,1 29,0
187,3,1 19 23 26 38 41,1 2 8 18 29 38 +42,2,1 38,0
187,4,9 11 17 19 23 24,1 2 8 18 29 38 +42,0,,0
187,5,3 6 16 24 33 41,1 2 8 18 29 38 +42,0,,0
187,6,6 9 24 27 33 34,1 2 8 18 29 38 +42,0,,0
187,7,9 17 25 26 40 43,1 2 8 18 29 38 +42,0,,0
187,8,3 4 5 16 17 23,1 2 8 18 29 38 +42,0,,0
187,9,8 10 22 35 37 40,1 2 8 18 29 38 +42,1,8,0
187,10,4 7 10 36 38 41,1 2 8 18 29 38 +42,1,38,0
188,1,5 8 14 15 27 39,19 24 27 30 31 34 +36,1,27,0
188,2,8 14 20 24 36 41,19 24 27 30 31 34 +36,1,24,0
188,3,1 2 8 27 37 39,19 24 27 30 31 34 +36,1,27,0
188,4,3 4 11 13 16 29,19 24 27 30 31 34 +36,0,,0
188,5,12 14 22 23 32 36,19 24 27 30 31 34 +36,0,,0
188,6,9 11 21 29 34 42,19 24 27 30 31 34 +36,1,34,0
188,7,6 27 34 38 41 42,19 24 27 30 31 34 +36,2,27 34,0
188,8,6 14 26 27 31 42,19 24 27 30 31 34 +36,2,27 31,0
188,9,1 7 38 39 42 44,19 24 27 30 31 34 +36,0,,0
188,10,5 6 13 23 39 41,19 24 27 30 31 34 +36,0,,0
189,1,15 23 31 40 43 44,8 14 32 35 37 45 +28,0,,0
189,2,2 13 22 23 29 40,8 14 32 35 37 45 +28,0,,0
189,3,4 5 18 19 24 25,8 14 32 35 37 45 +28,0,,0
189,4,9 15 20 24 28 40,8 14 32 35 37 45 +28,0,,0
189,5,1 4 12 21 31 43,8 14 32 35 37 45 +28,0,,0
189,6,12 17 27 28 29 34,8 14 32 35 37 45 +28,0,,0
189,7,12 16 17 19 29 41,8 14 32 35 37 45 +28,0,,0
189,8,1 3 32 35 38 43,8 14 32 35 37 45 +28,2,32 35,0
189,9,3 4 10 15 26 35,8 14 32 35 37 45 +28,1,35,0
189,10,1 31 35 38 42 43,8 14 32 35 37 45 +28,1,35,0
190,1,9 26 29 43 44 45,8 14 18 30 31 44 +15,1,44,0
190,2,4 5 19 34 38 45,8 14 18 30 31 44 +15,0,,0
190,3,6 11 18 20 29 43,8 14 18 30 31 44 +15,1,18,0
190,4,2 3 21 25 30 34,8 14 18 30 31 44 +15,1,30,0
190,5,8 12 21 33 34 38,8 14 18 30 31 44 +15,1,8,0
190,6,1 16 25 30 32 36,8 14 18 30 31 44 +15,1,30,0
190,7,12 14 23 25 29 36,8 14 18 30 31 44 +15,1,14,0
190,8,13 18 25 35 42 44,8 14 18 30 31 44 +15,2,18 44,0
190,9,2 12 22 34 39 41,8 14 18 30 31 44 +15,0,,0
190,10,4 8 19 25 36 40,8 14 18 30 31 44 +15,1,8,0
191,1,15 16 20 22 31 35,5 6 24 25 32 37 +8,0,,0
191,2,5 10 26 31 40 41,5 6 24 25 32 37 +8,1,5,0
191,3,6 14 16 24 26 34,5 6 24 25 32 37 +8,2,6 24,0
191,4,11 13 15 27 34 41,5 6 24 25 32 37 +8,0,,0
191,5,4 10 17 21 30 39,5 6 24 25 32 37 +8,0,,0
191,6,16 18 29 34 40 41,5 6 24 25 32 37 +8,0,,0
191,7,2 4 21 30 32 37,5 6 24 25 32 37 +8,2,32 37,0
191,8,17 20 22 33 39 43,5 6 24 25 32 37 +8,0,,0
191,9,6 11 20 24 28 30,5 6 24 25 32 37 +8,2,6 24,0
191,10,6 7 30 34 38 41,5 6 24 25 32 37 +8,1,6,0
192,1,13 20 26 31 32 40,4 8 11 18 37 45 +33,0,,0
192,2,3 13 22 25 33 43,4 8 11 18 37 45 +33,0,,0
192,3,7 8 10 28 34 36,4 8 11 18 37 45 +33,1,8,0
192,4,4 6 10 13 22 35,4 8 11 18 37 45 +33,1,4,0
192,5,6 10 28 31 35 36,4 8 11 18 37 45 +33,0,,0
192,6,3 6 9 11 26 41,4 8 11 18 37 45 +33,1,11,0
192,7,16 18 22 24 32 41,4 8 11 18 37 45 +33,1,18,0
192,8,12 14 20 22 33 37,4 8 11 18 37 45 +33,1,37,0
192,9,5 8 27 32 35 38,4 8 11 18 37 45 +33,1,8,0
192,10,6 12 29 33 39 45,4 8 11 18 37 45 +33,1,45,0
193,1,16 17 20 22 29 36,6 14 18 26 36 39 +13,1,36,0
193,2,2 18 26 35 40 44,6 14 18 26 36 39 +13,2,18 26,0
193,3,15 18 24 25 31 37,6 14 18 26 36 39 +13,1,18,0
193,4,5 8 12 18 22 44,6 14 18 26 36 39 +13,1,18,0
193,5,12 16 20 25 29 40,6 14 18 26 36 39 +13,0,,0
193,6,9 24 29 30 39 41,6 14 18 26 36 39 +13,1,39,0
193,7,9 18 23 25 38 44,6 14 18 26 36 39 +13,1,18,0
193,8,3 7 12 19 21 41,6 14 18 26 36 39 +13,0,,0
193,9,2 5 17 32 36 45,6 14 18 26 36 39 +13,1,36,0
193,10,9 26 30 33 34 37,6 14 18 26 36 39 +13,1,26,0
194,1,6 7 8 10 26 36,15 20 23 26 39 44 +28,1,26,0
194,2,7 9 10 13 21 30,15 20 23 26 39 44 +28,0,,0
194,3,4 23 30 33 35 37,15 20 23 26 39 44 +28,1,23,0
194,4,5 21 25 28 31 44,15 20 23 26 39 44 +28,1,44,0
194,5,3 5 12 18 24 27,15 20 23 26 39 44 +28,0,,0
194,6,6 16 21 31 37 44,15 20 23 26 39 44 +28,1,44,0
194,7,20 24 25 26 35 37,15 20 23 26 39 44 +28,2,20 26,0
194,8,5 8 28 31 40 44,15 20 23 26 39 44 +28,1,44,0
194,9,2 3 5 8 32 41,15 20 23 26 39 44 +28,0,,0
194,10,12 13 14 31 32 39,15 20 23 26 39 44 +28,1,39,0
195,1,7 11 14 28 32 39,7 10 19 22 35 40 +31,1,7,0
195,2,6 7 18 35 36 42,7 10 19 22 35 40 +31,2,7 35,0
195,3,7 9 12 14 18 38,7 10 19 22 35 40 +31,1,7,0
195,4,12 16 22 24 36 38,7 10 19 22 35 40 +31,1,22,0
195,5,2 9 20 34 41 45,7 10 19 22 35 40 +31,0,,0
195,6,5 16 18 29 40 42,7 10 19 22 35 40 +31,1,40,0
195,7,2 12 20 21 23 25,7 10 19 22 35 40 +31,0,,0
195,8,3 4 10 28 33 37,7 10 19 22 35 40 +31,1,10,0
195,9,3 15 21 26 28 38,7 10 19 22 35 40 +31,0,,0
195,10,1 12 14 26 35 41,7 10 19 22 35 40 +31,1,35,0
196,1,6 16 25 26 32 37,35 36 37 41 44 45 +30,1,37,0
196,2,9 10 15 32 33 35,35 36 37 41 44 45 +30,1,35,0
196,3,10 13 18 19 26 33,35 36 37 41 44 45 +30,0,,0
196,4,1 2 28 30 37 44,35 36 37 41 44 45 +30,2,37 44,0
196,5,14 20 22 35 36 45,35 36 37 41 44 45 +30,3,35 36 45,5
196,6,6 9 20 26 44 45,35 36 37 41 44 45 +30,2,44 45,0
196,7,7 8 13 22 24 27,35 36 37 41 44 45 +30,0,,0
196,8,9 16 22 30 34 45,35 36 37 41 44 45 +30,1,45,0
196,9,2 28 29 30 33 40,35 36 37 41 44 45 +30,0,,0
196,10,19 22 25 32 33 38,35 36 37 41 44 45 +30,0,,0
197,1,4 6 7 27 38 42,7 12 16 34 42 45 +4,2,7 42,0
197,2,7 21 29 37 40 45,7 12 16 34 42 45 +4,2,7 45,0
197,3,11 23 27 39 41 44,7 12 16 34 42 45 +4,0,,0
197,4,15 20 28 32 36 42,7 12 16 34 42 45 +4,1,42,0
197,5,2 12 23 34 44 45,7 12 16 34 42 45 +4,3,12 34 45,5
197,6,2 3 6 19 21 30,7 12 16 34 42 45 +4,0,,0
197,7,1 3 21 25 31 40,7 12 16 34 42 45 +4,0,,0
197,8,3 7 17 30 37 44,7 12 16 34 42 45 +4,1,7,0
197,9,7 8 22 23 25 36,7 12 16 34 42 45 +4,1,7,0
197,10,1 2 5 22 34 35,7 12 16 34 42 45 +4,1,34,0
198,1,4 7 10 14 35 39,12 19 20 25 41 45 +2,0,,0
198,2,1 6 10 15 16 40,12 19 20 25 41 45 +2,0,,0
198,3,4 6 9 25 30 32,12 19 20 25 41 45 +2,1,25,0
198,4,8 11 17 25 39 45,12 19 20 25 41 45 +2,2,25 45,0
198,5,4 6 24 31 34 42,12 19 20 25 41 45 +2,0,,0
198,6,9 11 18 23 32 40,12 19 20 25 41 45 +2,0,,0
198,7,3 15 28 31 35 38,12 19 20 25 41 45 +2,0,,0
198,8,8 14 16 19 25 40,12 19 20 25 41 45 +2,2,19 25,0
198,9,11 19 25 33 42 43,12 19 20 25 41 45 +2,2,19 25,0
198,10,10 15 16 17 31 32,12 19 20 25 41 45 +2,0,,0
199,1,26 33 34 39 41 45,14 21 22 25 30 36 +43,0,,0
199,2,1 4 7 13 24 30,14 21 22 25 30 36 +43,1,30,0
199,3,2 5 11 25 31 34,14 21 22 25 30 36 +43,1,25,0
199,4,2 15 16 21 27 35,14 21 22 25 30 36 +43,1,21,0
199,5,6 10 15 21 24 27,14 21 22 25 30 36 +43,1,21,0
199,6,15 19 25 33 34 38,14 21 22 25 30 36 +43,1,25,0
199,7,24 27 29 31 39 40,14 21 22 25 30 36 +43,0,,0
199,8,1 5 6 21 23 42,14 21 22 25 30 36 +43,1,21,0
199,9,6 11 13 30 31 33,14 21 22 25 30 36 +43,1,30,0
199,10,9 16 24 28 34 40,14 21 22 25 30 36 +43,0,,0
200,1,15 19 21 28 37 41,5 6 13 14 17 20 +7,0,,0
200,2,4 8 19 23 26 41,5 6 13 14 17 20 +7,0,,0
200,3,7 9 11 39 40 43,5 6 13 14 17 20 +7,0,,0
200,4,9 15 25 30 41 45,5 6 13 14 17 20 +7,0,,0
200,5,4 8 10 13 16 42,5 6 13 14 17 20 +7,1,13,0
200,6,1 3 4 9 28 45,5 6 13 14 17 20 +7,0,,0
200,7,2 9 17 19 25 27,5 6 13 14 17 20 +7,1,17,0
200,8,8 19 31 34 37 44,5 6 13 14 17 20 +7,0,,0
200,9,1 14 19 26 34 38,5 6 13 14 17 20 +7,1,14,0
200,10,11 15 16 24 25 31,5 6 13 14 17 20 +7,0,,0
201,1,20 27 29 36 38 39,3 11 24 38 39 44 +26,2,38 39,0
201,2,2 21 23 26 29 36,3 11 24 38 39 44 +26,0,,0
201,3,1 8 10 15 23 35,3 11 24 38 39 44 +26,0,,0
201,4,6 13 23 28 30 31,3 11 24 38 39 44 +26,0,,0
201,5,5 17 19 25 36 38,3 11 24 38 39 44 +26,1,38,0
201,6,14 21 23 28 39 44,3 11 24 38 39 44 +26,2,39 44,0
201,7,8 13 21 26 29 31,3 11 24 38 39 44 +26,0,,0
201,8,9 19 29 32 42 45,3 11 24 38 39 44 +26,0,,0
201,9,8 15 29 33 38 44,3 11 24 38 39 44 +26,2,38 44,0
201,10,4 18 19 29 35 37,3 11 24 38 39 44 +26,0,,0
202,1,1 6 11 13 23 33,12 14 27 33 39 44 +17,1,33,0
202,2,1 5 14 30 35 38,12 14 27 33 39 44 +17,1,14,0
202,3,12 13 29 35 39 43,12 14 27 33 39 44 +17,2,12 39,0
202,4,5 17 18 24 28 45,12 14 27 33 39 44 +17,0,,0
202,5,1 19 30 34 43 44,12 14 27 33 39 44 +17,1,44,0
202,6,7 12 18 34 37 44,12 14 27 33 39 44 +17,2,12 44,0
202,7,17 23 28 29 33 45,12 14 27 33 39 44 +17,1,33,0
202,8,17 20 21 23 40 44,12 14 27 33 39 44 +17,1,44,0
202,9,18 22 24 36 43 45,12 14 27 33 39 44 +17,0,,0
202,10,1 27 29 33 35 43,12 14 27 33 39 44 +17,2,27 33,0
203,1,21 22 24 34 36 45,1 3 11 24 30 32 +7,1,24,0
203,2,2 5 9 20 39 45,1 3 11 24 30 32 +7,0,,0
203,3,14 21 30 33 40 43,1 3 11 24 30 32 +7,1,30,0
203,4,1 10 19 22 33 40,1 3 11 24 30 32 +7,1,1,0
203,5,3 9 10 18 22 45,1 3 11 24 30 32 +7,1,3,0
203,6,15 17 22 23 25 26,1 3 11 24 30 32 +7,0,,0
203,7,6 7 13 31 35 43,1 3 11 24 30 32 +7,0,,0
203,8,6 13 24 29 36 37,1 3 11 24 30 32 +7,1,24,0
203,9,1 4 15 17 36 42,1 3 11 24 30 32 +7,1,1,0
203,10,1 25 31 36 37 40,1 3 11 24 30 32 +7,1,1,0
204,1,4 9 13 17 33 37,3 12 14 35 40 45 +5,0,,0
204,2,3 5 13 31 36 40,3 12 14 35 40 45 +5,2,3 40,0
204,3,7 9 15 28 43 44,3 12 14 35 40 45 +5,0,,0
204,4,8 10 21 40 41 42,3 12 14 35 40 45 +5,1,40,0
204,5,3 12 16 18 25 41,3 12 14 35 40 45 +5,2,3 12,0
204,6,8 20 25 27 34 37,3 12 14 35 40 45 +5,0,,0
204,7,20 21 26 32 40 45,3 12 14 35 40 45 +5,2,40 45,0
204,8,14 18 22 30 36 42,3 12 14 35 40 45 +5,1,14,0
204,9,16 22 27 30 32 38,3 12 14 35 40 45 +5,0,,0
204,10,3 5 16 17 38 39,3 12 14 35 40 45 +5,1,3,0
205,1,1 23 24 29 33 41,1 3 21 29 35 37 +30,2,1 29,0
205,2,3 14 18 31 41 42,1 3 21 29 35 37 +30,1,3,0
205,3,2 20 23 32 33 42,1 3 21 29 35 37 +30,0,,0
205,4,10 13 34 41 43 44,1 3 21 29 35 37 +30,0,,0
205,5,1 8 10 26 30 35,1 3 21 29 35 37 +30,2,1 35,0
205,6,2 3 7 25 36 43,1 3 21 29 35 37 +30,1,3,0
205,7,14 18 19 29 32 45,1 3 21 29 35 37 +30,1,29,0
205,8,7 16 24 26 36 41,1 3 21 29 35 37 +30,0,,0
205,9,1 14 26 32 35 40,1 3 21 29 35 37 +30,2,1 35,0
205,10,7 17 21 34 36 37,1 3 21 29 35 37 +30,2,21 37,0
206,1,12 13 15 16 18 35,1 2 3 15 20 25 +43,1,15,0
206,2,5 8 13 25 35 36,1 2 3 15 20 25 +43,1,25,0
206,3,3 22 28 32 38 40,1 2 3 15 20 25 +43,1,3,0
206,4,1 9 17 25 31 36,1 2 3 15 20 25 +43,2,1 25,0
206,5,3 16 31 33 35 39,1 2 3 15 20 25 +43,1,3,0
206,6,3 5 11 15 21 42,1 2 3 15 20 25 +43,2,3 15,0
206,7,1 20 24 30 31 36,1 2 3 15 20 25 +43,2,1 20,0
206,8,4 14 23 25 26 39,1 2 3 15 20 25 +43,1,25,0
206,9,11 19 21 26 34 40,1 2 3 15 20 25 +43,0,,0
206,10,6 11 12 15 30 44,1 2 3 15 20 25 +43,1,15,0
207,1,2 22 25 27 35 40,3 11 14 31 32 37 +38,0,,0
207,2,1 15 28 32 39 43,3 11 14 31 32 37 +38,1,32,0
207,3,2 18 19 26 28 38,3 11 14 31 32 37 +38,0,,0
207,4,8 26 28 39 40 42,3 11 14 31 32 37 +38,0,,0
207,5,4 6 12 21 28 36,3 11 14 31 32 37 +38,0,,0
207,6,7 19 28 31 32 41,3 11 14 31 32 37 +38,2,31 32,0
207,7,1 2 22 39 43 44,3 11 14 31 32 37 +38,0,,0
207,8,11 15 18 22 23 32,3 11 14 31 32 37 +38,2,11 32,0
207,9,6 7 10 18 33 44,3 11 14 31 32 37 +38,0,,0
207,10,3 7 10 14 19 27,3 11 14 31 32 37 +38,2,3 14,0
208,1,3 6 13 20 27 40,14 25 31 34 40 44 +24,1,40,0
208,2,7 15 20 28 40 42,14 25 31 34 40 44 +24,1,40,0
208,3,2 4 6 15 21 33,14 25 31 34 40 44 +24,0,,0
208,4,18 25 28 29 36 40,14 25 31 34 40 44 +24,2,25 40,0
208,5,8 9 11 20 25 40,14 25 31 34 40 44 +24,2,25 40,0
208,6,1 4 14 21 22 26,14 25 31 34 40 44 +24,1,14,0
208,7,3 23 30 36 44 45,14 25 31 34 40 44 +24,1,44,0
208,8,12 18 21 24 27 28,14 25 31 34 40 44 +24,0,,0
208,9,9 10 23 24 39 44,14 25 31 34 40 44 +24,1,44,0
208,10,1 2 18 35 38 41,14 25 31 34 40 44 +24,0,,0
209,1,18 19 26 27 31 36,2 7 18 20 24 33 +37,1,18,0
209,2,5 12 17 32 33 42,2 7 18 20 24 33 +37,1,33,0
209,3,6 28 29 33 38 40,2 7 18 20 24 33 +37,1,33,0
209,4,7 9 16 27 29 30,2 7 18 20 24 33 +37,1,7,0
209,5,2 11 12 15 24 35,2 7 18 20 24 33 +37,2,2 24,0
209,6,2 3 5 11 20 35,2 7 18 20 24 33 +37,2,2 20,0
209,7,14 25 28 31 36 39,2 7 18 20 24 33 +37,0,,0
209,8,3 15 21 36 37 38,2 7 18 20 24 33 +37,0,,0
209,9,12 15 23 27 34 39,2 7 18 20 24 33 +37,0,,0
209,10,9 10 21 32 34 36,2 7 18 20 24 33 +37,0,,0
210,1,3 24 32 33 41 43,10 19 22 23 25 37 +39,0,,0
210,2,10 21 27 28 29 44,10 19 22 23 25 37 +39,1,10,0
210,3,7 20 21 24 37 43,10 19 22 23 25 37 +39,1,37,0
210,4,2 27 34 40 43 44,10 19 22 23 25 37 +39,0,,0
210,5,7 9 10 18 35 43,10 19 22 23 25 37 +39,1,10,0
210,6,2 5 13 21 24 38,10 19 22 23 25 37 +39,0,,0
210,7,10 16 17 35 36 37,10 19 22 23 25 37 +39,2,10 37,0
210,8,17 19 26 27 29 43,10 19 22 23 25 37 +39,1,19,0
210,9,4 11 12 20 27 41,10 19 22 23 25 37 +39,0,,0
210,10,4 7 13 14 19 21,10 19 22 23 25 37 +39,1,19,0
211,1,9 29 34 37 38 42,12 13 17 20 33 41 +8,0,,0
211,2,2 11 14 17 24 41,12 13 17 20 33 41 +8,2,17 41,0
211,3,2 11 13 16 22 35,12 13 17 20 33 41 +8,1,13,0
211,4,16 17 28 36 37 43,12 13 17 20 33 41 +8,1,17,0
211,5,3 4 23 26 27 36,12 13 17 20 33 41 +8,0,,0
211,6,12 13 18 23 38 43,12 13 17 20 33 41 +8,2,12 13,0
211,7,3 6 15 21 22 27,12 13 17 20 33 41 +8,0,,0
211,8,3 4 5 7 8 17,12 13 17 20 33 41 +8,1,17,0
211,9,1 12 16 24 38 45,12 13 17 20 33 41 +8,1,12,0
211,10,13 24 30 33 37 45,12 13 17 20 33 41 +8,2,13 33,0
212,1,7 20 21 25 35 36,11 12 18 21 31 38 +8,1,21,0
212,2,3 4 9 21 24 26,11 12 18 21 31 38 +8,1,21,0
212,3,2 10 20 25 35 37,11 12 18 21 31 38 +8,0,,0
212,4,1 25 26 38 41 44,11 12 18 21 31 38 +8,1,38,0
212,5,14 17 20 21 43 45,11 12 18 21 31 38 +8,1,21,0
212,6,13 16 17 33 34 41,11 12 18 21 31 38 +8,0,,0
212,7,1 3 17 27 36 39,11 12 18 21 31 38 +8,0,,0
212,8,2 17 20 25 27 45,11 12 18 21 31 38 +8,0,,0
212,9,1 15 19 25 36 42,11 12 18 21 31 38 +8,0,,0
212,10,3 6 13 19 30 45,11 12 18 21 31 38 +8,0,,0
213,1,1 3 4 19 32 42,2 3 4 5 20 24 +42,2,3 4,0
213,2,10 20 23 28 41 43,2 3 4 5 20 24 +42,1,20,0
213,3,2 11 13 34 40 42,2 3 4 5 20 24 +42,1,2,0
213,4,10 17 26 30 38 43,2 3 4 5 20 24 +42,0,,0
213,5,6 13 22 23 27 32,2 3 4 5 20 24 +42,0,,0
213,6,4 21 27 31 38 41,2 3 4 5 20 24 +42,1,4,0
213,7,11 16 22 29 37 45,2 3 4 5 20 24 +42,0,,0
213,8,9 13 19 24 31 35,2 3 4 5 20 24 +42,1,24,0
213,9,3 6 10 16 19 39,2 3 4 5 20 24 +42,1,3,0
213,10,9 10 16 23 24 27,2 3 4 5 20 24 +42,1,24,0
214,1,2 6 14 19 31 43,5 7 20 25 28 37 +32,0,,0
214,2,5 14 21 23 36 44,5 7 20 25 28 37 +32,1,5,0
214,3,2 13 24 32 33 40,5 7 20 25 28 37 +32,0,,0
214,4,8 10 15 25 36 41,5 7 20 25 28 37 +32,1,25,0
214,5,1 8 12 18 38 40,5 7 20 25 28 37 +32,0,,0
214,6,9 11 21 26 32 43,5 7 20 25 28 37 +32,0,,0
214,7,2 3 9 15 33 36,5 7 20 25 28 37 +32,0,,0
214,8,9 11 19 22 43 44,5 7 20 25 28 37 +32,0,,0
214,9,4 9 19 23 24 40,5 7 20 25 28 37 +32,0,,0
214,10,7 17 21 33 35 39,5 7 20 25 28 37 +32,1,7,0
215,1,4 14 15 30 34 40,2 3 7 15 43 44 +4,1,15,0
215,2,5 11 14 28 33 35,2 3 7 15 43 44 +4,0,,0
215,3,13 14 15 25 29 30,2 3 7 15 43 44 +4,1,15,0
215,4,17 26 35 37 41 42,2 3 7 15 43 44 +4,0,,0
215,5,2 6 19 23 36 38,2 3 7 15 43 44 +4,1,2,0
215,6,11 21 28 38 41 43,2 3 7 15 43 44 +4,1,43,0
215,7,22 24 28 33 41 44,2 3 7 15 43 44 +4,1,44,0
215,8,2 11 13 14 16 17,2 3 7 15 43 44 +4,1,2,0
215,9,14 17 24 31 39 45,2 3 7 15 43 44 +4,0,,0
215,10,11 14 22 24 28 37,2 3 7 15 43 44 +4,0,,0
216,1,11 27 28 38 44 45,7 16 17 33 36 40 +1,0,,0
216,2,23 24 28 35 42 45,7 16 17 33 36 40 +1,0,,0
216,3,2 3 5 7 18 25,7 16 17 33 36 40 +1,1,7,0
216,4,4 7 8 10 38 40,7 16 17 33 36 40 +1,2,7 40,0
216,5,5 9 26 33 35 39,7 16 17 33 36 40 +1,1,33,0
216,6,5 14 20 27 29 31,7 16 17 33 36 40 +1,0,,0
216,7,9 15 26 35 41 45,7 16 17 33 36 40 +1,0,,0
216,8,4 19 26 29 41 45,7 16 17 33 36 40 +1,0,,0
216,9,2 10 14 25 29 30,7 16 17 33 36 40 +1,0,,0
216,10,1 15 25 27 28 36,7 16 17 33 36 40 +1,1,36,0
217,1,7 16 21 22 33 41,16 20 27 33 35 39 +38,2,16 33,0
217,2,5 11 14 15 19 26,16 20 27 33 35 39 +38,0,,0
217,3,11 15 18 33 43 45,16 20 27 33 35 39 +38,1,33,0
217,4,10 11 15 28 34 37,16 20 27 33 35 39 +38,0,,0
217,5,1 6 23 24 28 32,16 20 27 33 35 39 +38,0,,0
217,6,14 24 35 39 42 43,16 20 27 33 35 39 +38,2,35 39,0
217,7,5 6 8 19 39 42,16 20 27 33 35 39 +38,1,39,0
217,8,5 8 22 29 38 44,16 20 27 33 35 39 +38,0,,0
217,9,4 10 16 18 41 43,16 20 27 33 35 39 +38,1,16,0
217,10,6 9 10 12 28 33,16 20 27 33 35 39 +38,1,33,0
218,1,6 7 16 20 25 34,1 8 14 18 29 44 +20,0,,0
218,2,2 16 20 27 30 41,1 8 14 18 29 44 +20,0,,0
218,3,10 16 21 23 25 28,1 8 14 18 29 44 +20,0,,0
218,4,3 10 12 32 36 37,1 8 14 18 29 44 +20,0,,0
218,5,1 2 12 21 30 33,1 8 14 18 29 44 +20,1,1,0
218,6,1 5 9 10 15 23,1 8 14 18 29 44 +20,1,1,0
218,7,17 21 23 38 40 45,1 8 14 18 29 44 +20,0,,0
218,8,5 15 25 28 31 44,1 8 14 18 29 44 +20,1,44,0
218,9,25 29 37 39 44 45,1 8 14 18 29 44 +20,2,29 44,0
218,10,7 10 16 17 23 33,1 8 14 18 29 44 +20,0,,0
219,1,15 19 31 33 39 45,4 11 20 26 35 37 +16,0,,0
219,2,3 4 12 23 29 43,4 11 20 26 35 37 +16,1,4,0
219,3,23 27 28 33 35 44,4 11 20 26 35 37 +16,1,35,0
219,4,5 20 31 34 38 42,4 11 20 26 35 37 +16,1,20,0
219,5,3 15 31 34 38 42,4 11 20 26 35 37 +16,0,,0
219,6,7 8 23 28 32 45,4 11 20 26 35 37 +16,0,,0
219,7,14 17 24 28 34 39,4 11 20 26 35 37 +16,0,,0
219,8,11 22 30 31 32 40,4 11 20 26 35 37 +16,1,11,0
219,9,3 7 15 16 27 38,4 11 20 26 35 37 +16,0,,0
219,10,2 5 6 7 13 45,4 11 20 26 35 37 +16,0,,0
220,1,16 17 25 37 44 45,5 11 19 21 34 43 +31,0,,0
220,2,1 7 16 30 35 40,5 11 19 21 34 43 +31,0,,0
220,3,1 19 22 29 33 43,5 11 19 21 34 43 +31,2,19 43,0
220,4,5 13 14 32 40 43,5 11 19 21 34 43 +31,2,5 43,0
220,5,2 20 25 34 41 43,5 11 19 21 34 43 +31,2,34 43,0
220,6,2 18 29 34 35 44,5 11 19 21 34 43 +31,1,34,0
220,7,5 12 23 34 39 40,5 11 19 21 34 43 +31,2,5 34,0
220,8,23 26 29 30 33 45,5 11 19 21 34 43 +31,0,,0
220,9,1 5 25 29 37 39,5 11 19 21 34 43 +31,1,5,0
220,10,8 12 23 36 44 45,5 11 19 21 34 43 +31,0,,0
221,1,2 4 13 25 41 42,2 20 33 35 37 40 +10,1,2,0
221,2,4 10 11 21 25 44,2 20 33 35 37 40 +10,0,,0
221,3,2 3 13 20 25 33,2 20 33 35 37 40 +10,3,2 20 33,5
221,4,2 15 21 22 33 44,2 20 33 35 37 40 +10,2,2 33,0
221,5,1 3 11 27 29 34,2 20 33 35 37 40 +10,0,,0
221,6,1 3 6 15 22 29,2 20 33 35 37 40 +10,0,,0
221,7,5 6 18 20 22 39,2 20 33 35 37 40 +10,1,20,0
221,8,21 22 23 31 36 38,2 20 33 35 37 40 +10,0,,0
221,9,12 13 14 27 30 42,2 20 33 35 37 40 +10,0,,0
221,10,22 33 35 37 38 40,2 20 33 35 37 40 +10,4,33 35 37 40,4
222,1,17 20 21 26 40 42,5 7 28 29 39 43 +44,0,,0
222,2,2 4 14 18 25 31,5 7 28 29 39 43 +44,0,,0
222,3,8 15 22 29 38 43,5 7 28 29 39 43 +44,2,29 43,0
222,4,4 11 24 35 41 43,5 7 28 29 39 43 +44,1,43,0
222,5,1 3 9 16 21 40,5 7 28 29 39 43 +44,0,,0
222,6,4 5 9 21 34 44,5 7 28 29 39 43 +44,1,5,0
222,7,1 8 15 20 36 38,5 7 28 29 39 43 +44,0,,0
222,8,5 26 28 33 34 43,5 7 28 29 39 43 +44,3,5 28 43,5
222,9,3 4 20 24 35 38,5 7 28 29 39 43 +44,0,,0
222,10,4 20 30 32 43 44,5 7 28 29 39 43 +44,1,43,0
223,1,8 22 25 30 31 35,1 3 18 20 26 27 +38,0,,0
223,2,15 16 19 28 34 41,1 3 18 20 26 27 +38,0,,0
223,3,6 15 26 30 33 34,1 3 18 20 26 27 +38,1,26,0
223,4,4 7 9 38 42 45,1 3 18 20 26 27 +38,0,,0
223,5,30 35 36 39 42 45,1 3 18 20 26 27 +38,0,,0
223,6,5 17 20 27 28 31,1 3 18 20 26 27 +38,2,20 27,0
223,7,4 7 16 17 21 25,1 3 18 20 26 27 +38,0,,0
223,8,11 15 22 28 32 43,1 3 18 20 26 27 +38,0,,0
223,9,5 10 14 17 20 40,1 3 18 20 26 27 +38,1,20,0
223,10,6 14 34 35 36 44,1 3 18 20 26 27 +38,0,,0
224,1,13 16 20 22 36 42,4 19 26 27 30 42 +7,1,42,0
224,2,7 25 27 32 39 40,4 19 26 27 30 42 +7,1,27,0
224,3,6 16 21 29 32 35,4 19 26 27 30 42 +7,0,,0
224,4,4 6 10 13 26 28,4 19 26 27 30 42 +7,2,4 26,0
224,5,14 19 24 26 31 36,4 19 26 27 30 42 +7,2,19 26,0
224,6,1 2 4 5 22 41,4 19 26 27 30 42 +7,1,4,0
224,7,1 17 21 23 31 42,4 19 26 27 30 42 +7,1,42,0
224,8,1 3 17 20 27 44,4 19 26 27 30 42 +7,1,27,0
224,9,4 7 11 15 17 20,4 19 26 27 30 42 +7,1,4,0
224,10,3 5 6 22 28 44,4 19 26 27 30 42 +7,0,,0
225,1,7 13 14 17 30 31,5 11 13 19 31 36 +7,2,13 31,0
225,2,14 21 23 25 27 32,5 11 13 19 31 36 +7,0,,0
225,3,1 3 8 16 26 44,5 11 13 19 31 36 +7,0,,0
225,4,1 24 26 30 35 39,5 11 13 19 31 36 +7,0,,0
225,5,2 32 35 38 43 45,5 11 13 19 31 36 +7,0,,0
225,6,10 12 22 34 38 43,5 11 13 19 31 36 +7,0,,0
225,7,5 10 15 37 42 43,5 11 13 19 31 36 +7,1,5,0
225,8,1 4 19 29 34 37,5 11 13 19 31 36 +7,1,19,0
225,9,16 18 20 22 26 30,5 11 13 19 31 36 +7,0,,0
225,10,1 3 8 25 28 35,5 11 13 19 31 36 +7,0,,0
226,1,3 4 27 36 37 43,2 6 8 14 21 22 +34,0,,0
226,2,12 14 19 21 27 36,2 6 8 14 21 22 +34,2,14 21,0
226,3,8 11 13 18 33 43,2 6 8 14 21 22 +34,1,8,0
226,4,6 10 14 27 29 31,2 6 8 14 21 22 +34,2,6 14,0
226,5,6 7 9 24 27 32,2 6 8 14 21 22 +34,1,6,0
226,6,2 8 9 36 43 44,2 6 8 14 21 22 +34,2,2 8,0
226,7,4 27 35 42 43 45,2 6 8 14 21 22 +34,0,,0
226,8,9 16 25 27 34 44,2 6 8 14 21 22 +34,0,,0
226,9,1 5 7 16 22 30,2 6 8 14 21 22 +34,1,22,0
226,10,9 21 23 26 29 42,2 6 8 14 21 22 +34,1,21,0
227,1,1 12 13 14 16 41,4 5 15 16 22 42 +2,1,16,0
227,2,1 22 29 33 41 42,4 5 15 16 22 42 +2,2,22 42,0
227,3,1 9 10 11 25 36,4 5 15 16 22 42 +2,0,,0
227,4,5 8 11 27 30 42,4 5 15 16 22 42 +2,2,5 42,0
227,5,18 23 25 27 41 42,4 5 15 16 22 42 +2,1,42,0
227,6,1 12 15 19 21 43,4 5 15 16 22 42 +2,1,15,0
227,7,2 22 24 39 41 43,4 5 15 16 22 42 +2,1,22,0
227,8,2 12 21 26 30 33,4 5 15 16 22 42 +2,0,,0
227,9,19 23 25 34 39 42,4 5 15 16 22 42 +2,1,42,0
227,10,7 10 18 27 34 42,4 5 15 16 22 42 +2,1,42,0
228,1,2 9 13 27 32 36,17 25 35 36 39 44 +23,1,36,0
228,2,1 18 19 32 35 36,17 25 35 36 39 44 +23,2,35 36,0
228,3,10 16 20 22 24 37,17 25 35 36 39 44 +23,0,,0
228,4,15 21 23 34 37 40,17 25 35 36 39 44 +23,0,,0
228,5,5 11 21 28 36 43,17 25 35 36 39 44 +23,1,36,0
228,6,8 14 25 29 31 35,17 25 35 36 39 44 +23,2,25 35,0
228,7,9 13 29 33 43 44,17 25 35 36 39 44 +23,1,44,0
228,8,5 8 18 29 42 45,17 25 35 36 39 44 +23,0,,0
228,9,7 15 16 35 40 42,17 25 35 36 39 44 +23,1,35,0
228,10,9 10 12 22 41 42,17 25 35 36 39 44 +23,0,,0
229,1,18 27 29 36 42 45,4 5 9 11 23 38 +35,0,,0
229,2,5 11 27 30 38 43,4 5 9 11 23 38 +35,3,5 11 38,5
229,3,1 2 9 10 13 31,4 5 9 11 23 38 +35,1,9,0
229,4,1 3 20 28 34 43,4 5 9 11 23 38 +35,0,,0
229,5,3 4 26 30 31 33,4 5 9 11 23 38 +35,1,4,0
229,6,15 18 28 32 38 44,4 5 9 11 23 38 +35,1,38,0
229,7,8 14 30 32 38 45,4 5 9 11 23 38 +35,1,38,0
229,8,1 8 11 20 24 29,4 5 9 11 23 38 +35,1,11,0
229,9,2 6 31 32 37 44,4 5 9 11 23 38 +35,0,,0
229,10,7 13 17 22 24 32,4 5 9 11 23 38 +35,0,,0
230,1,6 11 12 23 35 42,5 11 14 29 32 33 +12,1,11,0
230,2,1 11 16 26 40 43,5 11 14 29 32 33 +12,1,11,0
230,3,3 6 8 12 31 40,5 11 14 29 32 33 +12,0,,0
230,4,6 10 27 28 31 36,5 11 14 29 32 33 +12,0,,0
230,5,3 28 37 39 42 45,5 11 14 29 32 33 +12,0,,0
230,6,11 23 25 27 29 40,5 11 14 29 32 33 +12,2,11 29,0
230,7,1 14 32 33 39 43,5 11 14 29 32 33 +12,3,14 32 33,5
230,8,5 6 13 19 24 33,5 11 14 29 32 33 +12,2,5 33,0
230,9,11 17 23 25 27 35,5 11 14 29 32 33 +12,1,11,0
230,10,7 11 19 20 23 24,5 11 14 29 32 33 +12,1,11,0
231,1,5 14 32 37 41 42,5 10 19 31 44 45 +27,1,5,0
231,2,2 3 13 14 32 33,5 10 19 31 44 45 +27,0,,0
231,3,9 20 24 29 30 44,5 10 19 31 44 45 +27,1,44,0
231,4,1 4 13 15 31 34,5 10 19 31 44 45 +27,1,31,0
231,5,9 10 12 14 28 33,5 10 19 31 44 45 +27,1,10,0
231,6,8 9 24 25 26 43,5 10 19 31 44 45 +27,0,,0
231,7,4 17 36 37 42 43,5 10 19 31 44 45 +27,0,,0
231,8,9 16 35 38 39 41,5 10 19 31 44 45 +27,0,,0
231,9,9 15 26 37 40 43,5 10 19 31 44 45 +27,0,,0
231,10,6 9 19 33 42 44,5 10 19 31 44 45 +27,2,19 44,0
232,1,3 6 16 29 30 40,8 9 10 12 24 44 +35,0,,0
232,2,1 10 14 16 23 43,8 9 10 12 24 44 +35,1,10,0
232,3,5 10 13 19 24 45,8 9 10 12 24 44 +35,2,10 24,0
232,4,10 20 22 32 33 35,8 9 10 12 24 44 +35,1,10,0
232,5,6 13 30 34 41 43,8 9 10 12 24 44 +35,0,,0
232,6,1 3 7 29 34 43,8 9 10 12 24 44 +35,0,,0
232,7,10 24 34 36 42 44,8 9 10 12 24 44 +35,3,10 24 44,5
232,8,9 10 12 23 34 45,8 9 10 12 24 44 +35,3,9 10 12,5
232,9,10 13 22 23 29 39,8 9 10 12 24 44 +35,1,10,0
232,10,1 12 18 26 29 40,8 9 10 12 24 44 +35,1,12,0
233,1,1 8 11 17 32 43,4 6 13 17 28 40 +39,1,17,0
233,2,5 6 17 31 38 45,4 6 13 17 28 40 +39,2,6 17,0
233,3,5 21 24 31 32 44,4 6 13 17 28 40 +39,0,,0
233,4,4 10 12 34 39 41,4 6 13 17 28 40 +39,1,4,0
233,5,2 4 7 11 21 26,4 6 13 17 28 40 +39,1,4,0
233,6,3 8 19 22 25 27,4 6 13 17 28 40 +39,0,,0
233,7,3 16 18 21 33 36,4 6 13 17 28 40 +39,0,,0
233,8,19 20 25 29 30 33,4 6 13 17 28 40 +39,0,,0
233,9,2 7 14 20 22 25,4 6 13 17 28 40 +39,0,,0
233,10,2 10 24 26 38 40,4 6 13 17 28 40 +39,1,40,0
234,1,9 11 21 29 34 37,13 21 22 24 26 37 +4,2,21 37,0
234,2,14 23 36 38 42 43,13 21 22 24 26 37 +4,0,,0
234,3,9 19 21 29 32 36,13 21 22 24 26 37 +4,1,21,0
234,4,2 22 23 27 35 40,13 21 22 24 26 37 +4,1,22,0
234,5,5 8 15 23 26 29,13 21 22 24 26 37 +4,1,26,0
234,6,15 28 29 33 41 44,13 21 22 24 26 37 +4,0,,0
234,7,3 8 13 16 20 24,13 21 22 24 26 37 +4,2,13 24,0
234,8,4 10 11 26 31 44,13 21 22 24 26 37 +4,1,26,0
234,9,7 17 20 25 29 32,13 21 22 24 26 37 +4,0,,0
234,10,5 6 24 32 36 40,13 21 22 24 26 37 +4,1,24,0
235,1,5 30 35 37 41 42,21 22 26 27 31 37 +8,1,37,0
235,2,7 12 13 16 20 44,21 22 26 27 31 37 +8,0,,0
235,3,3 5 10 25 37 38,21 22 26 27 31 37 +8,1,37,0
235,4,13 23 32 40 41 42,21 22 26 27 31 37 +8,0,,0
235,5,14 16 36 37 41 44,21 22 26 27 31 37 +8,1,37,0
235,6,18 20 23 41 43 45,21 22 26 27 31 37 +8,0,,0
235,7,2 12 13 19 22 34,21 22 26 27 31 37 +8,1,22,0
235,8,7 9 16 23 25 30,21 22 26 27 31 37 +8,0,,0
235,9,3 14 24 38 40 45,21 22 26 27 31 37 +8,0,,0
235,10,2 27 33 36 39 42,21 22 26 27 31 37 +8,1,27,0
236,1,7 11 14 15 36 41,1 4 8 13 37 39 +7,0,,0
236,2,12 21 25 34 40 44,1 4 8 13 37 39 +7,0,,0
236,3,5 8 10 17 18 32,1 4 8 13 37 39 +7,1,8,0
236,4,13 24 26 27 34 36,1 4 8 13 37 39 +7,1,13,0
236,5,2 5 20 22 25 37,1 4 8 13 37 39 +7,1,37,0
236,6,1 8 17 28 38 41,1 4 8 13 37 39 +7,2,1 8,0
236,7,16 19 20 29 37 43,1 4 8 13 37 39 +7,1,37,0
236,8,4 8 9 20 32 39,1 4 8 13 37 39 +7,3,4 8 39,5
236,9,12 14 15 17 31 43,1 4 8 13 37 39 +7,0,,0
236,10,5 22 25 32 35 41,1 4 8 13 37 39 +7,0,,0
237,1,4 6 16 23 25 27,1 11 17 21 24 44 +33,0,,0
237,2,11 30 34 38 39 41,1 11 17 21 24 44 +33,1,11,0
237,3,1 10 19 20 21 36,1 11 17 21 24 44 +33,2,1 21,0
237,4,1 11 19 34 35 39,1 11 17 21 24 44 +33,2,1 11,0
237,5,12 15 16 18 22 26,1 11 17 21 24 44 +33,0,,0
237,6,17 18 20 27 37 44,1 11 17 21 24 44 +33,2,17 44,0
237,7,3 9 17 18 33 45,1 11 17 21 24 44 +33,1,17,0
237,8,2 15 29 33 37 44,1 11 17 21 24 44 +33,1,44,0
237,9,2 12 27 33 38 43,1 11 17 21 24 44 +33,0,,0
237,10,1 21 25 28 39 43,1 11 17 21 24 44 +33,2,1 21,0
238,1,1 2 24 27 37 45,2 4 15 28 31 34 +35,1,2,0
238,2,2 12 14 21 23 33,2 4 15 28 31 34 +35,1,2,0
238,3,10 14 21 36 37 41,2 4 15 28 31 34 +35,0,,0
238,4,1 4 17 32 36 44,2 4 15 28 31 34 +35,1,4,0
238,5,12 16 23 26 42 44,2 4 15 28 31 34 +35,0,,0
238,6,3 30 36 37 41 45,2 4 15 28 31 34 +35,0,,0
238,7,14 16 24 25 26 36,2 4 15 28 31 34 +35,0,,0
238,8,5 8 11 13 14 23,2 4 15 28 31 34 +35,0,,0
238,9,1 5 7 12 36 42,2 4 15 28 31 34 +35,0,,0
238,10,9 17 19 21 24 37,2 4 15 28 31 34 +35,0,,0
239,1,11 15 21 22 30 35,11 15 24 39 41 44 +7,2,11 15,0
239,2,8 23 26 34 42 43,11 15 24 39 41 44 +7,0,,0
239,3,9 10 12 23 24 43,11 15 24 39 41 44 +7,1,24,0
239,4,4 12 26 27 28 44,11 15 24 39 41 44 +7,1,44,0
239,5,1 4 10 12 27 44,11 15 24 39 41 44 +7,1,44,0
239,6,3 23 24 30 31 41,11 15 24 39 41 44 +7,2,24 41,0
239,7,21 31 32 33 35 43,11 15 24 39 41 44 +7,0,,0
239,8,6 17 21 29 33 38,11 15 24 39 41 44 +7,0,,0
239,9,1 6 14 25 33 43,11 15 24 39 41 44 +7,0,,0
239,10,4 5 10 12 32 42,11 15 24 39 41 44 +7,0,,0
240,1,3 29 35 38 41 42,6 10 16 40 41 43 +21,1,41,0
240,2,2 4 13 14 15 30,6 10 16 40 41 43 +21,0,,0
240,3,3 15 24 30 31 41,6 10 16 40 41 43 +21,1,41,0
240,4,6 8 11 15 16 27,6 10 16 40 41 43 +21,2,6 16,0
240,5,3 8 16 17 29 37,6 10 16 40 41 43 +21,1,16,0
240,6,2 6 7 8 30 42,6 10 16 40 41 43 +21,1,6,0
240,7,9 12 15 19 24 41,6 10 16 40 41 43 +21,1,41,0
240,8,3 6 11 26 33 39,6 10 16 40 41 43 +21,1,6,0
240,9,8 21 24 32 34 39,6 10 16 40 41 43 +21,0,,0
240,10,7 10 27 29 35 37,6 10 16 40 41 43 +21,1,10,0
241,1,1 10 19 29 35 42,2 16 24 27 28 35 +21,1,35,0
241,2,6 13 15 16 31 42,2 16 24 27 28 35 +21,1,16,0
241,3,7 8 10 26 31 38,2 16 24 27 28 35 +21,0,,0
241,4,9 18 26 32 39 40,2 16 24 27 28 35 +21,0,,0
241,5,8 12 19 23 27 44,2 16 24 27 28 35 +21,1,27,0
241,6,2 14 21 27 33 45,2 16 24 27 28 35 +21,2,2 27,0
241,7,2 3 6 8 32 37,2 16 24 27 28 35 +21,1,2,0
241,8,6 14 20 21 24 26,2 16 24 27 28 35 +21,1,24,0
241,9,3 14 15 27 31 34,2 16 24 27 28 35 +21,1,27,0
241,10,12 13 14 20 38 44,2 16 24 27 28 35 +21,0,,0
242,1,15 17 19 27 28 43,4 19 20 21 32 34 +43,1,19,0
242,2,7 10 18 21 32 41,4 19 20 21 32 34 +43,2,21 32,0
242,3,1 14 15 18 39 43,4 19 20 21 32 34 +43,0,,0
242,4,3 10 18 27 33 39,4 19 20 21 32 34 +43,0,,0
242,5,22 27 35 36 38 40,4 19 20 21 32 34 +43,0,,0
242,6,8 9 16 23 36 38,4 19 20 21 32 34 +43,0,,0
242,7,13 16 18 33 35 38,4 19 20 21 32 34 +43,0,,0
242,8,5 17 23 28 37 45,4 19 20 21 32 34 +43,0,,0
242,9,10 18 29 35 36 45,4 19 20 21 32 34 +43,0,,0
242,10,6 7 8 17 18 41,4 19 20 21 32 34 +43,0,,0
243,1,8 11 22 28 31 44,2 12 17 19 28 42 +34,1,28,0
243,2,3 9 20 35 38 39,2 12 17 19 28 42 +34,0,,0
243,3,11 13 17 25 34 36,2 12 17 19 28 42 +34,1,17,0
243,4,17 18 20 22 36 40,2 12 17 19 28 42 +34,1,17,0
243,5,3 23 25 26 42 43,2 12 17 19 28 42 +34,1,42,0
243,6,8 17 21 33 35 42,2 12 17 19 28 42 +34,2,17 42,0
243,7,9 10 12 24 28 39,2 12 17 19 28 42 +34,2,12 28,0
243,8,2 4 5 15 34 44,2 12 17 19 28 42 +34,1,2,0
243,9,4 6 8 15 23 29,2 12 17 19 28 42 +34,0,,0
243,10,5 21 38 42 43 45,2 12 17 19 28 42 +34,1,42,0
244,1,2 3 16 28 37 40,13 16 25 36 37 38 +19,2,16 37,0
244,2,9 12 28 37 38 45,13 16 25 36 37 38 +19,2,37 38,0
244,3,13 16 19 22 27 36,13 16 25 36 37 38 +19,3,13 16 36,5
244,4,13 24 26 34 35 36,13 16 25 36 37 38 +19,2,13 36,0
244,5,11 12 15 16 23 25,13 16 25 36 37 38 +19,2,16 25,0
244,6,4 7 17 20 41 44,13 16 25 36 37 38 +19,0,,0
244,7,5 7 9 20 22 41,13 16 25 36 37 38 +19,0,,0
244,8,2 4 15 17 36 39,13 16 25 36 37 38 +19,1,36,0
244,9,15 19 26 35 42 45,13 16 25 36 37 38 +19,0,,0
244,10,6 18 24 29 39 41,13 16 25 36 37 38 +19,0,,0
245,1,12 17 18 20 37 38,9 11 27 31 32 38 +22,1,38,0
245,2,9 11 13 27 35 45,9 11 27 31 32 38 +22,3,9 11 27,5
245,3,15 20 23 25 28 38,9 11 27 31 32 38 +22,1,38,0
245,4,4 6 23 32 40 44,9 11 27 31 32 38 +22,1,32,0
245,5,5 9 16 17 24 42,9 11 27 31 32 38 +22,1,9,0
245,6,11 21 22 34 37 43,9 11 27 31 32 38 +22,1,11,0
245,7,4 7 9 19 26 33,9 11 27 31 32 38 +22,1,9,0
245,8,1 14 29 39 41 45,9 11 27 31 32 38 +22,0,,0
245,9,14 15 27 29 32 35,9 11 27 31 32 38 +22,2,27 32,0
245,10,4 11 14 17 35 45,9 11 27 31 32 38 +22,1,11,0
246,1,11 19 26 30 32 34,13 18 21 23 26 39 +15,1,26,0
246,2,4 8 25 31 32 35,13 18 21 23 26 39 +15,0,,0
246,3,1 16 18 32 33 41,13 18 21 23 26 39 +15,1,18,0
246,4,4 11 20 24 35 38,13 18 21 23 26 39 +15,0,,0
246,5,8 10 21 30 34 36,13 18 21 23 26 39 +15,1,21,0
246,6,3 12 16 20 33 35,13 18 21 23 26 39 +15,0,,0
246,7,7 14 15 32 33 37,13 18 21 23 26 39 +15,0,,0
246,8,10 20 25 31 33 37,13 18 21 23 26 39 +15,0,,0
246,9,7 8 17 19 29 39,13 18 21 23 26 39 +15,1,39,0
246,10,2 9 10 18 36 39,13 18 21 23 26 39 +15,2,18 39,0
247,1,2 6 18 30 40 41,12 15 28 36 39 40 +13,1,40,0
247,2,6 21 34 36 37 43,12 15 28 36 39 40 +13,1,36,0
247,3,8 12 30 35 40 43,12 15 28 36 39 40 +13,2,12 40,0
247,4,2 5 13 17 18 38,12 15 28 36 39 40 +13,0,,0
247,5,3 7 27 31 35 40,12 15 28 36 39 40 +13,1,40,0
247,6,8 26 36 43 44 45,12 15 28 36 39 40 +13,1,36,0
247,7,14 16 18 21 27 40,12 15 28 36 39 40 +13,1,40,0
247,8,8 13 16 24 44 45,12 15 28 36 39 40 +13,0,,0
247,9,3 4 13 20 25 31,12 15 28 36 39 40 +13,0,,0
247,10,15 18 27 28 33 42,12 15 28 36 39 40 +13,2,15 28,0
248,1,2 11 18 35 36 38,3 8 17 23 38 45 +13,1,38,0
248,2,7 13 22 29 35 37,3 8 17 23 38 45 +13,0,,0
248,3,5 14 17 27 39 41,3 8 17 23 38 45 +13,1,17,0
248,4,4 8 15 21 31 41,3 8 17 23 38 45 +13,1,8,0
248,5,2 10 17 20 28 35,3 8 17 23 38 45 +13,1,17,0
248,6,1 5 20 28 29 39,3 8 17 23 38 45 +13,0,,0
248,7,3 6 14 15 41 45,3 8 17 23 38 45 +13,2,3 45,0
248,8,3 7 20 21 32 35,3 8 17 23 38 45 +13,1,3,0
248,9,3 23 24 32 42 44,3 8 17 23 38 45 +13,2,3 23,0
248,10,1 4 9 10 17 28,3 8 17 23 38 45 +13,1,17,0
249,1,11 15 16 20 35 44,3 8 27 31 41 44 +11,1,44,0
249,2,9 14 16 32 42 43,3 8 27 31 41 44 +11,0,,0
249,3,6 20 29 34 35 36,3 8 27 31 41 44 +11,0,,0
249,4,14 18 35 38 39 41,3 8 27 31 41 44 +11,1,41,0
249,5,2 4 5 6 29 37,3 8 27 31 41 44 +11,0,,0
249,6,3 8 13 25 31 39,3 8 27 31 41 44 +11,3,3 8 31,5
249,7,9 21 24 26 34 41,3 8 27 31 41 44 +11,1,41,0
249,8,4 21 23 27 34 37,3 8 27 31 41 44 +11,1,27,0
249,9,5 8 21 24 27 32,3 8 27 31 41 44 +11,2,8 27,0
249,10,13 17 24 32 41 42,3 8 27 31 41 44 +11,1,41,0
250,1,1 4 12 33 36 37,19 23 30 37 43 45 +38,1,37,0
250,2,2 5 9 12 19 39,19 23 30 37 43 45 +38,1,19,0
250,3,12 18 19 28 36 41,19 23 30 37 43 45 +38,1,19,0
250,4,12 22 23 30 33 35,19 23 30 37 43 45 +38,2,23 30,0
250,5,5 11 18 22 31 37,19 23 30 37 43 45 +38,1,37,0
250,6,7 19 24 25 26 34,19 23 30 37 43 45 +38,1,19,0
250,7,1 8 17 26 27 37,19 23 30 37 43 45 +38,1,37,0
250,8,18 19 25 27 31 35,19 23 30 37 43 45 +38,1,19,0
250,9,14 18 39 40 42 45,19 23 30 37 43 45 +38,1,45,0
250,10,6 19 22 28 33 43,19 23 30 37 43 45 +38,2,19 43,0
251,1,16 20 21 29 31 32,6 7 19 25 28 38 +45,0,,0
251,2,3 8 9 18 26 31,6 7 19 25 28 38 +45,0,,0
251,3,4 17 21 23 25 34,6 7 19 25 28 38 +45,1,25,0
251,4,7 10 11 19 25 43,6 7 19 25 28 38 +45,3,7 19 25,5
251,5,6 15 29 34 36 44,6 7 19 25 28 38 +45,1,6,0
251,6,6 14 20 27 28 30,6 7 19 25 28 38 +45,2,6 28,0
251,7,23 27 34 35 41 43,6 7 19 25 28 38 +45,0,,0
251,8,3 4 8 9 27 35,6 7 19 25 28 38 +45,0,,0
251,9,2 8 20 32 37 45,6 7 19 25 28 38 +45,0,,0
251,10,5 9 13 15 25 29,6 7 19 25 28 38 +45,1,25,0
252,1,1 7 19 24 25 26,14 23 26 31 39 45 +28,1,26,0
252,2,6 17 27 29 34 43,14 23 26 31 39 45 +28,0,,0
252,3,2 3 7 15 20 24,14 23 26 31 39 45 +28,0,,0
252,4,8 16 26 28 34 38,14 23 26 31 39 45 +28,1,26,0
252,5,5 17 19 25 26 44,14 23 26 31 39 45 +28,1,26,0
252,6,12 15 24 25 27 30,14 23 26 31 39 45 +28,0,,0
252,7,8 13 24 34 38 41,14 23 26 31 39 45 +28,0,,0
252,8,2 12 15 17 21 41,14 23 26 31 39 45 +28,0,,0
252,9,8 13 15 20 23 45,14 23 26 31 39 45 +28,2,23 45,0
252,10,10 11 14 15 16 36,14 23 26 31 39 45 +28,1,14,0
253,1,2 10 28 35 42 45,8 19 25 31 34 36 +33,0,,0
253,2,1 2 9 11 37 39,8 19 25 31 34 36 +33,0,,0
253,3,12 14 21 32 41 44,8 19 25 31 34 36 +33,0,,0
253,4,3 10 23 28 30 33,8 19 25 31 34 36 +33,0,,0
253,5,20 23 28 36 42 45,8 19 25 31 34 36 +33,1,36,0
253,6,9 13 24 25 26 36,8 19 25 31 34 36 +33,2,25 36,0
253,7,5 19 31 33 35 36,8 19 25 31 34 36 +33,3,19 31 36,5
253,8,16 19 28 32 34 39,8 19 25 31 34 36 +33,2,19 34,0
253,9,3 5 10 17 34 43,8 19 25 31 34 36 +33,1,34,0
253,10,2 26 34 36 39 42,8 19 25 31 34 36 +33,2,34 36,0
254,1,2 3 6 11 12 14,1 5 19 20 24 30 +27,0,,0
254,2,2 17 20 39 42 44,1 5 19 20 24 30 +27,1,20,0
254,3,4 12 18 21 42 45,1 5 19 20 24 30 +27,0,,0
254,4,4 33 34 36 41 44,1 5 19 20 24 30 +27,0,,0
254,5,2 10 17 23 27 34,1 5 19 20 24 30 +27,0,,0
254,6,8 26 29 34 36 44,1 5 19 20 24 30 +27,0,,0
254,7,1 5 24 27 36 45,1 5 19 20 24 30 +27,3,1 5 24,5
254,8,10 11 17 27 33 40,1 5 19 20 24 30 +27,0,,0
254,9,5 10 12 24 32 39,1 5 19 20 24 30 +27,2,5 24,0
254,10,4 5 7 39 40 42,1 5 19 20 24 30 +27,1,5,0
255,1,1 17 32 34 42 43,1 5 6 24 27 42 +32,2,1 42,0
255,2,4 18 23 34 40 45,1 5 6 24 27 42 +32,0,,0
255,3,10 16 32 37 42 43,1 5 6 24 27 42 +32,1,42,0
255,4,13 17 20 28 31 38,1 5 6 24 27 42 +32,0,,0
255,5,8 14 15 21 31 32,1 5 6 24 27 42 +32,0,,0
255,6,1 3 8 10 14 40,1 5 6 24 27 42 +32,1,1,0
255,7,10 19 23 29 41 45,1 5 6 24 27 42 +32,0,,0
255,8,1 29 31 36 42 43,1 5 6 24 27 42 +32,2,1 42,0
255,9,7 11 19 29 37 39,1 5 6 24 27 42 +32,0,,0
255,10,16 23 26 31 32 43,1 5 6 24 27 42 +32,0,,0
256,1,8 28 31 36 38 41,4 11 14 21 23 43 +32,0,,0
256,2,9 10 28 30 37 40,4 11 14 21 23 43 +32,0,,0
256,3,18 20 22 29 36 38,4 11 14 21 23 43 +32,0,,0
256,4,5 9 25 26 38 44,4 11 14 21 23 43 +32,0,,0
256,5,22 27 28 36 37 42,4 11 14 21 23 43 +32,0,,0
256,6,18 24 29 30 32 39,4 11 14 21 23 43 +32,0,,0
256,7,4 22 24 35 38 45,4 11 14 21 23 43 +32,1,4,0
256,8,1 16 20 22 29 42,4 11 14 21 23 43 +32,0,,0
256,9,4 9 21 25 37 39,4 11 14 21 23 43 +32,2,4 21,0
256,10,9 16 18 22 27 43,4 11 14 21 23 43 +32,1,43,0
257,1,17 18 27 30 42 43,6 13 27 31 32 37 +4,1,27,0
257,2,4 17 23 34 35 37,6 13 27 31 32 37 +4,1,37,0
257,3,1 6 15 18 40 43,6 13 27 31 32 37 +4,1,6,0
257,4,11 22 31 36 41 43,6 13 27 31 32 37 +4,1,31,0
257,5,4 7 13 20 34 40,6 13 27 31 32 37 +4,1,13,0
257,6,1 7 13 19 39 44,6 13 27 31 32 37 +4,1,13,0
257,7,11 14 15 17 26 32,6 13 27 31 32 37 +4,1,32,0
257,8,2 5 11 24 37 43,6 13 27 31 32 37 +4,1,37,0
257,9,12 23 28 30 40 41,6 13 27 31 32 37 +4,0,,0
257,10,22 23 24 26 31 44,6 13 27 31 32 37 +4,1,31,0
258,1,4 9 13 17 20 29,14 27 30 31 38 40 +17,0,,0
258,2,6 16 18 39 41 45,14 27 30 31 38 40 +17,0,,0
258,3,1 9 14 17 28 35,14 27 30 31 38 40 +17,1,14,0
258,4,5 13 16 28 35 42,14 27 30 31 38 40 +17,0,,0
258,5,5 8 17 24 33 45,14 27 30 31 38 40 +17,0,,0
258,6,3 24 26 32 43 45,14 27 30 31 38 40 +17,0,,0
258,7,7 12 18 23 34 43,14 27 30 31 38 40 +17,0,,0
258,8,26 29 32 36 40 44,14 27 30 31 38 40 +17,1,40,0
258,9,15 23 29 31 36 38,14 27 30 31 38 40 +17,2,31 38,0
258,10,8 16 24 29 41 45,14 27 30 31 38 40 +17,0,,0
259,1,8 9 23 37 42 44,4 5 14 35 42 45 +34,1,42,0
259,2,10 21 25 31 39 41,4 5 14 35 42 45 +34,0,,0
259,3,6 27 30 39 42 45,4 5 14 35 42 45 +34,2,42 45,0
259,4,2 11 29 37 40 44,4 5 14 35 42 45 +34,0,,0
259,5,6 7 10 23 35 37,4 5 14 35 42 45 +34,1,35,0
259,6,2 8 16 26 40 41,4 5 14 35 42 45 +34,0,,0
259,7,16 22 24 26 39 43,4 5 14 35 42 45 +34,0,,0
259,8,3 23 26 30 37 39,4 5 14 35 42 45 +34,0,,0
259,9,4 6 34 43 44 45,4 5 14 35 42 45 +34,2,4 45,0
259,10,7 14 15 17 19 39,4 5 14 35 42 45 +34,1,14,0
260,1,3 18 29 33 43 45,7 12 15 24 37 40 +43,0,,0
260,2,7 14 15 27 36 43,7 12 15 24 37 40 +43,2,7 15,0
260,3,2 10 12 13 30 37,7 12 15 24 37 40 +43,2,12 37,0
260,4,2 6 7 9 16 32,7 12 15 24 37 40 +43,1,7,0
260,5,9 15 19 22 32 39,7 12 15 24 37 40 +43,1,15,0
260,6,2 18 30 31 41 42,7 12 15 24 37 40 +43,0,,0
260,7,2 6 7 9 15 19,7 12 15 24 37 40 +43,2,7 15,0
260,8,12 21 24 25 34 35,7 12 15 24 37 40 +43,2,12 24,0
260,9,10 16 22 24 30 31,7 12 15 24 37 40 +43,1,24,0
260,10,15 18 21 24 25 45,7 12 15 24 37 40 +43,2,15 24,0
261,1,1 4 7 10 32 41,6 11 16 18 31 43 +2,0,,0
261,2,8 14 28 36 37 43,6 11 16 18 31 43 +2,1,43,0
261,3,5 8 14 17 19 24,6 11 16 18 31 43 +2,0,,0
261,4,4 8 10 25 30 39,6 11 16 18 31 43 +2,0,,0
261,5,3 8 9 24 33 44,6 11 16 18 31 43 +2,0,,0
261,6,10 20 21 29 31 34,6 11 16 18 31 43 +2,1,31,0
261,7,4 12 21 34 35 45,6 11 16 18 31 43 +2,0,,0
261,8,9 26 34 40 41 45,6 11 16 18 31 43 +2,0,,0
261,9,7 16 19 21 38 44,6 11 16 18 31 43 +2,1,16,0
261,10,12 25 31 39 40 42,6 11 16 18 31 43 +2,1,31,0
262,1,7 13 23 33 40 43,9 12 24 25 29 31 +36,0,,0
262,2,2 12 16 23 25 37,9 12 24 25 29 31 +36,2,12 25,0
262,3,4 6 26 30 34 38,9 12 24 25 29 31 +36,0,,0
262,4,12 14 15 17 24 36,9 12 24 25 29 31 +36,2,12 24,0
262,5,4 15 21 28 32 34,9 12 24 25 29 31 +36,0,,0
262,6,3 6 17 32 34 44,9 12 24 25 29 31 +36,0,,0
262,7,8 27 28 30 42 44,9 12 24 25 29 31 +36,0,,0
262,8,12 18 26 29 31 45,9 12 24 25 29 31 +36,3,12 29 31,5
262,9,5 7 28 30 33 45,9 12 24 25 29 31 +36,0,,0
262,10,3 18 19 35 37 39,9 12 24 25 29 31 +36,0,,0
263,1,14 18 28 40 41 45,1 27 28 32 37 40 +18,2,28 40,0
263,2,9 21 23 30 38 42,1 27 28 32 37 40 +18,0,,0
263,3,8 16 24 25 35 41,1 27 28 32 37 40 +18,0,,0
263,4,6 21 31 33 38 42,1 27 28 32 37 40 +18,0,,0
263,5,4 11 15 26 32 41,1 27 28 32 37 40 +18,1,32,0
263,6,9 11 28 31 32 40,1 27 28 32 37 40 +18,3,28 32 40,5
263,7,8 9 15 20 33 35,1 27 28 32 37 40 +18,0,,0
263,8,1 3 22 40 41 45,1 27 28 32 37 40 +18,2,1 40,0
263,9,4 14 22 34 38 41,1 27 28 32 37 40 +18,0,,0
263,10,3 8 14 25 31 41,1 27 28 32 37 40 +18,0,,0
264,1,13 19 24 29 31 43,9 16 27 36 41 44 +5,0,,0
264,2,1 8 21 29 35 36,9 16 27 36 41 44 +5,1,36,0
264,3,2 9 24 28 37 39,9 16 27 36 41 44 +5,1,9,0
264,4,2 7 14 18 21 39,9 16 27 36 41 44 +5,0,,0
264,5,6 8 16 18 37 40,9 16 27 36 41 44 +5,1,16,0
264,6,2 15 20 23 34 37,9 16 27 36 41 44 +5,0,,0
264,7,10 21 24 27 29 35,9 16 27 36 41 44 +5,1,27,0
264,8,9 12 19 21 29 36,9 16 27 36 41 44 +5,2,9 36,0
264,9,15 25 29 30 35 44,9 16 27 36 41 44 +5,1,44,0
264,10,8 12 25 38 40 42,9 16 27 36 41 44 +5,0,,0
265,1,3 10 14 15 36 44,5 9 34 37 38 39 +12,0,,0
265,2,3 10 14 15 22 34,5 9 34 37 38 39 +12,1,34,0
265,3,2 8 21 23 32 38,5 9 34 37 38 39 +12,1,38,0
265,4,6 17 23 35 36 41,5 9 34 37 38 39 +12,0,,0
265,5,15 17 22 23 38 39,5 9 34 37 38 39 +12,2,38 39,0
265,6,7 21 23 29 30 39,5 9 34 37 38 39 +12,1,39,0
265,7,4 8 16 21 27 28,5 9 34 37 38 39 +12,0,,0
265,8,15 21 30 31 32 37,5 9 34 37 38 39 +12,1,37,0
265,9,9 16 25 39 41 43,5 9 34 37 38 39 +12,2,9 39,0
265,10,15 16 24 26 28 29,5 9 34 37 38 39 +12,0,,0
266,1,11 14 17 28 32 35,3 4 9 11 22 42 +37,1,11,0
266,2,3 10 11 24 37 45,3 4 9 11 22 42 +37,2,3 11,0
266,3,1 10 27 31 32 39,3 4 9 11 22 42 +37,0,,0
266,4,5 19 22 25 40 42,3 4 9 11 22 42 +37,2,22 42,0
266,5,6 9 16 28 31 36,3 4 9 11 22 42 +37,1,9,0
266,6,1 3 21 38 42 43,3 4 9 11 22 42 +37,2,3 42,0
266,7,1 4 8 39 43 45,3 4 9 11 22 42 +37,1,4,0
266,8,9 16 24 27 30 32,3 4 9 11 22 42 +37,1,9,0
266,9,6 13 18 25 41 42,3 4 9 11 22 42 +37,1,42,0
266,10,11 14 20 23 28 33,3 4 9 11 22 42 +37,1,11,0
267,1,3 13 18 29 31 41,7 8 24 34 36 41 +1,1,41,0
267,2,2 4 8 10 26 33,7 8 24 34 36 41 +1,1,8,0
267,3,8 19 22 27 31 36,7 8 24 34 36 41 +1,2,8 36,0
267,4,2 9 19 33 35 41,7 8 24 34 36 41 +1,1,41,0
267,5,11 26 34 40 41 43,7 8 24 34 36 41 +1,2,34 41,0
267,6,17 18 29 34 39 41,7 8 24 34 36 41 +1,2,34 41,0
267,7,5 21 34 41 42 45,7 8 24 34 36 41 +1,2,34 41,0
267,8,12 19 23 29 30 34,7 8 24 34 36 41 +1,1,34,0
267,9,9 10 22 36 40 41,7 8 24 34 36 41 +1,2,36 41,0
267,10,7 9 18 24 27 40,7 8 24 34 36 41 +1,2,7 24,0
268,1,1 3 14 28 31 44,3 10 19 24 32 45 +12,1,3,0
268,2,1 19 20 30 32 40,3 10 19 24 32 45 +12,2,19 32,0
268,3,2 8 18 20 36 38,3 10 19 24 32 45 +12,0,,0
268,4,3 17 18 21 37 45,3 10 19 24 32 45 +12,2,3 45,0
268,5,2 6 7 10 21 44,3 10 19 24 32 45 +12,1,10,0
268,6,8 14 18 20 27 37,3 10 19 24 32 45 +12,0,,0
268,7,10 12 32 33 34 35,3 10 19 24 32 45 +12,2,10 32,0
268,8,1 13 24 28 36 45,3 10 19 24 32 45 +12,2,24 45,0
268,9,2 13 14 35 36 43,3 10 19 24 32 45 +12,0,,0
268,10,6 8 15 17 30 39,3 10 19 24 32 45 +12,0,,0
269,1,10 14 17 33 35 43,5 18 20 36 42 43 +32,1,43,0
269,2,2 18 26 28 33 45,5 18 20 36 42 43 +32,1,18,0
269,3,20 21 22 33 34 42,5 18 20 36 42 43 +32,2,20 42,0
269,4,18 24 26 28 36 38,5 18 20 36 42 43 +32,2,18 36,0
269,5,5 7 8 12 13 14,5 18 20 36 42 43 +32,1,5,0
269,6,32 35 37 38 42 45,5 18 20 36 42 43 +32,1,42,0
269,7,7 13 32 36 40 44,5 18 20 36 42 43 +32,1,36,0
269,8,6 7 10 13 28 41,5 18 20 36 42 43 +32,0,,0
269,9,2 10 20 22 32 35,5 18 20 36 42 43 +32,1,20,0
269,10,11 12 18 19 31 44,5 18 20 36 42 43 +32,1,18,0
270,1,10 11 22 25 42 45,5 9 12 20 21 26 +27,0,,0
270,2,5 8 25 37 40 42,5 9 12 20 21 26 +27,1,5,0
270,3,4 16 25 29 30 38,5 9 12 20 21 26 +27,0,,0
270,4,6 16 17 19 35 37,5 9 12 20 21 26 +27,0,,0
270,5,3 4 23 24 31 32,5 9 12 20 21 26 +27,0,,0
270,6,4 5 12 17 32 44,5 9 12 20 21 26 +27,2,5 12,0
270,7,1 12 27 31 36 39,5 9 12 20 21 26 +27,1,12,0
270,8,16 18 32 36 37 39,5 9 12 20 21 26 +27,0,,0
270,9,2 4 20 23 36 37,5 9 12 20 21 26 +27,1,20,0
270,10,5 9 11 16 40 44,5 9 12 20 21 26 +27,2,5 9,0
271,1,24 25 28 31 40 45,3 8 9 27 29 40 +36,1,40,0
271,2,5 9 11 23 26 29,3 8 9 27 29 40 +36,2,9 29,0
271,3,2 6 14 27 35 43,3 8 9 27 29 40 +36,1,27,0
271,4,2 7 14 28 42 44,3 8 9 27 29 40 +36,0,,0
271,5,3 15 19 21 22 34,3 8 9 27 29 40 +36,1,3,0
271,6,13 14 29 33 35 45,3 8 9 27 29 40 +36,1,29,0
271,7,1 8 11 32 33 40,3 8 9 27 29 40 +36,2,8 40,0
271,8,18 19 23 24 33 44,3 8 9 27 29 40 +36,0,,0
271,9,2 19 21 28 42 45,3 8 9 27 29 40 +36,0,,0
271,10,14 16 28 29 35 45,3 8 9 27 29 40 +36,1,29,0
272,1,10 11 14 30 33 45,7 9 12 27 39 43 +28,0,,0
272,2,2 16 25 27 35 44,7 9 12 27 39 43 +28,1,27,0
272,3,2 20 24 25 33 38,7 9 12 27 39 43 +28,0,,0
272,4,5 10 23 29 30 33,7 9 12 27 39 43 +28,0,,0
272,5,7 12 13 41 42 44,7 9 12 27 39 43 +28,2,7 12,0
272,6,9 11 29 33 39 42,7 9 12 27 39 43 +28,2,9 39,0
272,7,1 14 25 31 32 45,7 9 12 27 39 43 +28,0,,0
272,8,6 8 19 20 21 28,7 9 12 27 39 43 +28,0,,0
272,9,9 12 13 14 26 33,7 9 12 27 39 43 +28,2,9 12,0
272,10,4 7 9 24 27 42,7 9 12 27 39 43 +28,3,7 9 27,5
273,1,6 18 26 28 37 40,1 8 24 31 34 44 +6,0,,0
273,2,2 8 11 17 20 25,1 8 24 31 34 44 +6,1,8,0
273,3,6 12 15 21 22 32,1 8 24 31 34 44 +6,0,,0
273,4,4 17 22 25 35 40,1 8 24 31 34 44 +6,0,,0
273,5,10 17 23 25 31 42,1 8 24 31 34 44 +6,1,31,0
273,6,12 16 21 23 37 42,1 8 24 31 34 44 +6,0,,0
273,7,11 13 14 21 37 42,1 8 24 31 34 44 +6,0,,0
273,8,2 5 6 15 24 43,1 8 24 31 34 44 +6,1,24,0
273,9,3 9 12 22 23 45,1 8 24 31 34 44 +6,0,,0
273,10,11 14 16 17 30 40,1 8 24 31 34 44 +6,0,,0
274,1,2 10 16 24 38 42,13 14 15 26 35 39 +25,0,,0
274,2,2 6 10 16 19 43,13 14 15 26 35 39 +25,0,,0
274,3,6 8 13 24 41 44,13 14 15 26 35 39 +25,1,13,0
274,4,1 5 17 24 33 39,13 14 15 26 35 39 +25,1,39,0
274,5,7 10 13 18 19 21,13 14 15 26 35 39 +25,1,13,0
274,6,3 14 16 19 23 29,13 14 15 26 35 39 +25,1,14,0
274,7,3 14 15 17 22 28,13 14 15 26 35 39 +25,2,14 15,0
274,8,1 3 9 18 36 45,13 14 15 26 35 39 +25,0,,0
274,9,2 20 27 30 33 39,13 14 15 26 35 39 +25,1,39,0
274,10,1 2 7 8 28 32,13 14 15 26 35 39 +25,0,,0
275,1,11 12 26 31 34 45,14 19 20 35 38 40 +26,0,,0
275,2,5 16 20 25 30 38,14 19 20 35 38 40 +26,2,20 38,0
275,3,12 15 21 23 28 38,14 19 20 35 38 40 +26,1,38,0
275,4,7 13 20 23 36 42,14 19 20 35 38 40 +26,1,20,0
275,5,1 4 17 22 27 31,14 19 20 35 38 40 +26,0,,0
275,6,16 23 24 34 35 38,14 19 20 35 38 40 +26,2,35 38,0
275,7,23 26 27 30 32 42,14 19 20 35 38 40 +26,0,,0
275,8,3 11 27 31 40 41,14 19 20 35 38 40 +26,1,40,0
275,9,7 13 22 31 33 39,14 19 20 35 38 40 +26,0,,0
275,10,3 9 10 11 16 38,14 19 20 35 38 40 +26,1,38,0
276,1,8 11 27 29 32 44,4 15 21 33 39 41 +25,0,,0
276,2,2 5 13 29 36 39,4 15 21 33 39 41 +25,1,39,0
276,3,10 30 31 38 41 42,4 15 21 33 39 41 +25,1,41,0
276,4,3 6 13 23 30 43,4 15 21 33 39 41 +25,0,,0
276,5,2 4 7 26 30 36,4 15 21 33 39 41 +25,1,4,0
276,6,6 13 14 35 38 40,4 15 21 33 39 41 +25,0,,0
276,7,14 16 23 25 40 45,4 15 21 33 39 41 +25,0,,0
276,8,4 7 20 24 39 43,4 15 21 33 39 41 +25,2,4 39,0
276,9,13 15 22 25 34 42,4 15 21 33 39 41 +25,1,15,0
276,10,3 6 9 12 32 44,4 15 21 33 39 41 +25,0,,0
277,1,6 11 18 40 41 45,10 12 13 15 25 29 +20,0,,0
277,2,12 18 20 35 44 45,10 12 13 15 25 29 +20,1,12,0
277,3,3 20 25 28 34 36,10 12 13 15 25 29 +20,1,25,0
277,4,28 32 38 39 41 42,10 12 13 15 25 29 +20,0,,0
277,5,2 14 16 19 30 33,10 12 13 15 25 29 +20,0,,0
277,6,4 16 18 23 26 34,10 12 13 15 25 29 +20,0,,0
277,7,19 21 27 33 38 40,10 12 13 15 25 29 +20,0,,0
277,8,1 7 10 17 23 41,10 12 13 15 25 29 +20,1,10,0
277,9,1 3 12 14 22 27,10 12 13 15 25 29 +20,1,12,0
277,10,15 22 25 38 40 43,10 12 13 15 25 29 +20,2,15 25,0
278,1,8 13 24 25 40 41,3 11 37 39 41 43 +13,1,41,0
278,2,9 19 23 24 27 31,3 11 37 39 41 43 +13,0,,0
278,3,3 7 9 11 23 34,3 11 37 39 41 43 +13,2,3 11,0
278,4,8 17 22 28 39 40,3 11 37 39 41 43 +13,1,39,0
278,5,8 26 31 34 41 45,3 11 37 39 41 43 +13,1,41,0
278,6,5 29 32 36 43 45,3 11 37 39 41 43 +13,1,43,0
278,7,8 18 23 26 35 42,3 11 37 39 41 43 +13,0,,0
278,8,9 11 15 36 38 43,3 11 37 39 41 43 +13,2,11 43,0
278,9,4 13 28 35 38 40,3 11 37 39 41 43 +13,0,,0
278,10,5 21 23 37 40 45,3 11 37 39 41 43 +13,1,37,0
279,1,4 11 19 30 40 42,7 16 31 36 37 38 +11,0,,0
279,2,2 17 22 33 36 37,7 16 31 36 37 38 +11,2,36 37,0
279,3,2 16 19 29 35 42,7 16 31 36 37 38 +11,1,16,0
279,4,8 13 22 25 33 41,7 16 31 36 37 38 +11,0,,0
279,5,3 10 21 26 30 36,7 16 31 36 37 38 +11,1,36,0
279,6,2 3 13 29 37 45,7 16 31 36 37 38 +11,1,37,0
279,7,4 11 19 35 40 43,7 16 31 36 37 38 +11,0,,0
279,8,8 9 11 18 26 42,7 16 31 36 37 38 +11,0,,0
279,9,16 27 31 39 43 45,7 16 31 36 37 38 +11,2,16 31,0
279,10,1 8 10 13 18 30,7 16 31 36 37 38 +11,0,,0
280,1,8 9 11 12 16 40,10 11 23 24 36 37 +35,1,11,0
280,2,14 15 22 23 32 40,10 11 23 24 36 37 +35,1,23,0
280,3,4 8 27 33 35 42,10 11 23 24 36 37 +35,0,,0
280,4,8 24 32 37 43 45,10 11 23 24 36 37 +35,2,24 37,0
280,5,3 5 23 31 41 43,10 11 23 24 36 37 +35,1,23,0
280,6,9 17 26 28 41 43,10 11 23 24 36 37 +35,0,,0
280,7,8 9 12 28 29 43,10 11 23 24 36 37 +35,0,,0
280,8,3 5 18 36 37 44,10 11 23 24 36 37 +35,2,36 37,0
280,9,7 10 19 21 26 33,10 11 23 24 36 37 +35,1,10,0
280,10,4 15 22 30 33 38,10 11 23 24 36 37 +35,0,,0
281,1,2 10 15 32 36 41,1 3 4 6 14 41 +12,1,41,0
281,2,5 8 21 24 25 30,1 3 4 6 14 41 +12,0,,0
281,3,3 10 18 19 20 45,1 3 4 6 14 41 +12,1,3,0
281,4,4 21 24 25 32 33,1 3 4 6 14 41 +12,1,4,0
281,5,13 15 25 27 34 36,1 3 4 6 14 41 +12,0,,0
281,6,1 4 20 22 39 41,1 3 4 6 14 41 +12,3,1 4 41,5
281,7,4 9 13 14 19 22,1 3 4 6 14 41 +12,2,4 14,0
281,8,1 2 8 10 14 39,1 3 4 6 14 41 +12,2,1 14,0
281,9,1 10 34 39 41 44,1 3 4 6 14 41 +12,2,1 41,0
281,10,7 16 35 37 41 43,1 3 4 6 14 41 +12,1,41,0
282,1,4 5 6 25 28 44,2 5 10 18 31 32 +30,1,5,0
282,2,2 7 15 17 36 39,2 5 10 18 31 32 +30,1,2,0
282,3,1 7 17 23 38 40,2 5 10 18 31 32 +30,0,,0
282,4,7 10 19 21 30 34,2 5 10 18 31 32 +30,1,10,0
282,5,3 8 20 23 35 42,2 5 10 18 31 32 +30,0,,0
282,6,2 8 13 16 34 41,2 5 10 18 31 32 +30,1,2,0
282,7,2 27 29 35 38 43,2 5 10 18 31 32 +30,1,2,0
282,8,3 5 24 35 39 43,2 5 10 18 31 32 +30,1,5,0
282,9,11 24 25 26 27 41,2 5 10 18 31 32 +30,0,,0
282,10,1 18 27 29 36 45,2 5 10 18 31 32 +30,1,18,0
283,1,7 9 12 34 38 39,6 8 18 31 38 45 +42,1,38,0
283,2,2 9 13 22 38 40,6 8 18 31 38 45 +42,1,38,0
283,3,1 15 20 28 38 40,6 8 18 31 38 45 +42,1,38,0
283,4,8 9 30 32 33 44,6 8 18 31 38 45 +42,1,8,0
283,5,17 18 20 33 40 41,6 8 18 31 38 45 +42,1,18,0
283,6,13 24 26 32 33 38,6 8 18 31 38 45 +42,1,38,0
283,7,4 5 24 27 32 41,6 8 18 31 38 45 +42,0,,0
283,8,2 6 14 17 22 27,6 8 18 31 38 45 +42,1,6,0
283,9,15 31 34 35 37 41,6 8 18 31 38 45 +42,1,31,0
283,10,1 7 9 27 29 41,6 8 18 31 38 45 +42,0,,0
284,1,9 14 25 38 39 40,2 7 15 24 30 45 +28,0,,0
284,2,11 21 22 24 40 41,2 7 15 24 30 45 +28,1,24,0
284,3,7 8 20 39 41 44,2 7 15 24 30 45 +28,1,7,0
284,4,6 14 16 21 26 37,2 7 15 24 30 45 +28,0,,0
284,5,6 7 19 21 23 41,2 7 15 24 30 45 +28,1,7,0
284,6,2 6 15 22 25 38,2 7 15 24 30 45 +28,2,2 15,0
284,7,1 4 6 7 11 22,2 7 15 24 30 45 +28,1,7,0
284,8,4 8 18 23 28 33,2 7 15 24 30 45 +28,0,,0
284,9,8 16 18 26 29 34,2 7 15 24 30 45 +28,0,,0
284,10,1 2 8 16 32 37,2 7 15 24 30 45 +28,1,2,0
285,1,3 6 29 32 37 38,13 33 37 40 41 45 +2,1,37,0
285,2,2 6 11 15 43 45,13 33 37 40 41 45 +2,1,45,0
285,3,4 14 21 23 35 37,13 33 37 40 41 45 +2,1,37,0
285,4,4 9 11 29 30 39,13 33 37 40 41 45 +2,0,,0
285,5,3 12 14 32 35 40,13 33 37 40 41 45 +2,1,40,0
285,6,2 11 13 14 17 35,13 33 37 40 41 45 +2,1,13,0
285,7,8 10 12 18 27 31,13 33 37 40 41 45 +2,0,,0
285,8,1 21 24 26 40 45,13 33 37 40 41 45 +2,2,40 45,0
285,9,21 31 33 36 38 42,13 33 37 40 41 45 +2,1,33,0
285,10,1 2 5 8 11 30,13 33 37 40 41 45 +2,0,,0
286,1,5 13 22 32 36 45,1 15 19 40 42 44 +17,0,,0
286,2,3 9 15 21 40 44,1 15 19 40 42 44 +17,3,15 40 44,5
286,3,1 3 6 17 38 41,1 15 19 40 42 44 +17,1,1,0
286,4,7 8 10 30 40 44,1 15 19 40 42 44 +17,2,40 44,0
286,5,9 15 21 29 33 38,1 15 19 40 42 44 +17,1,15,0
286,6,1 9 28 29 35 44,1 15 19 40 42 44 +17,2,1 44,0
286,7,8 19 20 30 39 45,1 15 19 40 42 44 +17,1,19,0
286,8,7 12 20 24 30 43,1 15 19 40 42 44 +17,0,,0
286,9,5 15 23 29 35 41,1 15 19 40 42 44 +17,1,15,0
286,10,4 24 33 36 40 42,1 15 19 40 42 44 +17,2,40 42,0
287,1,5 13 26 32 39 40,6 12 24 27 35 37 +41,0,,0
287,2,4 9 20 21 24 35,6 12 24 27 35 37 +41,2,24 35,0
287,3,2 4 7 15 36 38,6 12 24 27 35 37 +41,0,,0
287,4,19 22 23 35 43 45,6 12 24 27 35 37 +41,1,35,0
287,5,12 21 28 29 35 40,6 12 24 27 35 37 +41,2,12 35,0
287,6,6 14 18 26 34 43,6 12 24 27 35 37 +41,1,6,0
287,7,10 20 22 25 30 35,6 12 24 27 35 37 +41,1,35,0
287,8,3 10 22 23 27 43,6 12 24 27 35 37 +41,1,27,0
287,9,5 12 17 19 22 35,6 12 24 27 35 37 +41,2,12 35,0
287,10,7 8 27 30 34 38,6 12 24 27 35 37 +41,1,27,0
288,1,1 3 22 33 39 45,1 12 17 28 35 41 +10,1,1,0
288,2,9 16 28 31 38 41,1 12 17 28 35 41 +10,2,28 41,0
288,3,1 7 26 31 33 40,1 12 17 28 35 41 +10,1,1,0
288,4,5 16 20 21 32 35,1 12 17 28 35 41 +10,1,35,0
288,5,4 20 24 31 36 42,1 12 17 28 35 41 +10,0,,0
288,6,1 2 13 25 29 30,1 12 17 28 35 41 +10,1,1,0
288,7,3 18 23 27 29 33,1 12 17 28 35 41 +10,0,,0
288,8,10 13 17 26 31 43,1 12 17 28 35 41 +10,1,17,0
288,9,5 10 18 19 28 36,1 12 17 28 35 41 +10,1,28,0
288,10,5 20 21 35 36 44,1 12 17 28 35 41 +10,1,35,0
289,1,16 17 26 34 36 40,3 14 33 37 38 42 +10,0,,0
289,2,8 16 24 30 42 44,3 14 33 37 38 42 +10,1,42,0
289,3,3 10 15 28 29 37,3 14 33 37 38 42 +10,2,3 37,0
289,4,2 4 7 21 22 36,3 14 33 37 38 42 +10,0,,0
289,5,3 6 7 11 28 42,3 14 33 37 38 42 +10,2,3 42,0
289,6,14 15 16 36 37 38,3 14 33 37 38 42 +10,3,14 37 38,5
289,7,5 7 8 24 32 33,3 14 33 37 38 42 +10,1,33,0
289,8,2 7 16 26 27 36,3 14 33 37 38 42 +10,0,,0
289,9,8 10 14 18 26 30,3 14 33 37 38 42 +10,1,14,0
289,10,9 18 22 32 39 41,3 14 33 37 38 42 +10,0,,0
290,1,11 26 37 42 43 44,8 13 18 32 39 45 +7,0,,0
290,2,1 13 16 17 22 24,8 13 18 32 39 45 +7,1,13,0
290,3,7 15 28 30 41 43,8 13 18 32 39 45 +7,0,,0
290,4,8 17 23 24 29 35,8 13 18 32 39 45 +7,1,8,0
290,5,2 3 6 13 19 41,8 13 18 32 39 45 +7,1,13,0
290,6,5 14 16 20 21 40,8 13 18 32 39 45 +7,0,,0
290,7,5 12 14 15 17 18,8 13 18 32 39 45 +7,1,18,0
290,8,1 5 19 24 26 27,8 13 18 32 39 45 +7,0,,0
290,9,1 17 22 26 30 36,8 13 18 32 39 45 +7,0,,0
290,10,2 5 6 14 15 30,8 13 18 32 39 45 +7,0,,0
291,1,3 9 10 25 29 44,3 7 8 18 20 42 +45,1,3,0
291,2,8 14 17 25 29 40,3 7 8 18 20 42 +45,1,8,0
291,3,7 13 20 23 41 45,3 7 8 18 20 42 +45,2,7 20,0
291,4,4 18 24 32 33 41,3 7 8 18 20 42 +45,1,18,0
291,5,14 17 28 29 41 44,3 7 8 18 20 42 +45,0,,0
291,6,8 12 13 20 34 40,3 7 8 18 20 42 +45,2,8 20,0
291,7,1 8 15 20 29 42,3 7 8 18 20 42 +45,3,8 20 42,5
291,8,4 8 26 28 33 39,3 7 8 18 20 42 +45,1,8,0
291,9,4 9 11 16 21 33,3 7 8 18 20 42 +45,0,,0
291,10,1 2 11 18 33 38,3 7 8 18 20 42 +45,1,18,0
292,1,4 7 15 18 21 29,17 18 31 32 33 34 +10,1,18,0
292,2,10 15 17 26 30 36,17 18 31 32 33 34 +10,1,17,0
292,3,11 12 14 18 30 31,17 18 31 32 33 34 +10,2,18 31,0
292,4,1 21 26 38 41 44,17 18 31 32 33 34 +10,0,,0
292,5,9 13 14 21 29 42,17 18 31 32 33 34 +10,0,,0
292,6,14 15 24 28 30 44,17 18 31 32 33 34 +10,0,,0
292,7,9 15 23 24 30 38,17 18 31 32 33 34 +10,0,,0
292,8,9 12 17 20 32 45,17 18 31 32 33 34 +10,2,17 32,0
292,9,1 14 22 29 34 38,17 18 31 32 33 34 +10,1,34,0
292,10,13 19 23 32 34 45,17 18 31 32 33 34 +10,2,32 34,0
293,1,9 11 18 32 41 43,1 9 17 21 29 33 +24,1,9,0
293,2,1 16 25 30 35 40,1 9 17 21 29 33 +24,1,1,0
293,3,2 15 19 20 27 36,1 9 17 21 29 33 +24,0,,0
293,4,6 14 17 22 26 27,1 9 17 21 29 33 +24,1,17,0
293,5,12 25 26 31 36 39,1 9 17 21 29 33 +24,0,,0
293,6,1 3 12 22 31 33,1 9 17 21 29 33 +24,2,1 33,0
293,7,5 8 12 15 23 45,1 9 17 21 29 33 +24,0,,0
293,8,5 10 11 26 27 44,1 9 17 21 29 33 +24,0,,0
293,9,5 7 9 29 33 42,1 9 17 21 29 33 +24,3,9 29 33,5
293,10,2 7 23 24 36 42,1 9 17 21 29 33 +24,0,,0
294,1,4 14 29 30 40 44,6 10 17 30 37 38 +40,1,30,0
294,2,9 10 13 29 39 44,6 10 17 30 37 38 +40,1,10,0
294,3,9 18 25 37 39 42,6 10 17 30 37 38 +40,1,37,0
294,4,15 24 30 35 41 44,6 10 17 30 37 38 +40,1,30,0
294,5,14 15 25 33 35 45,6 10 17 30 37 38 +40,0,,0
294,6,4 15 24 31 33 42,6 10 17 30 37 38 +40,0,,0
294,7,11 21 22 34 36 39,6 10 17 30 37 38 +40,0,,0
294,8,10 13 16 19 25 41,6 10 17 30 37 38 +40,1,10,0
294,9,6 7 8 11 28 38,6 10 17 30 37 38 +40,2,6 38,0
294,10,2 4 8 14 31 33,6 10 17 30 37 38 +40,0,,0
295,1,13 17 21 26 31 36,1 4 12 16 18 38 +8,0,,0
295,2,14 24 28 39 44 45,1 4 12 16 18 38 +8,0,,0
295,3,7 9 11 20 22 36,1 4 12 16 18 38 +8,0,,0
295,4,8 15 16 21 31 33,1 4 12 16 18 38 +8,1,16,0
295,5,9 14 16 20 24 40,1 4 12 16 18 38 +8,1,16,0
295,6,4 16 17 23 36 44,1 4 12 16 18 38 +8,2,4 16,0
295,7,3 13 24 27 38 45,1 4 12 16 18 38 +8,1,38,0
295,8,3 5 10 19 28 29,1 4 12 16 18 38 +8,0,,0
295,9,10 25 28 31 40 43,1 4 12 16 18 38 +8,0,,0
295,10,2 15 20 26 31 39,1 4 12 16 18 38 +8,0,,0
296,1,7 15 21 22 31 32,3 8 15 27 30 45 +44,1,15,0
296,2,5 13 14 25 32 40,3 8 15 27 30 45 +44,0,,0
296,3,1 18 20 27 32 43,3 8 15 27 30 45 +44,1,27,0
296,4,4 6 7 22 30 32,3 8 15 27 30 45 +44,1,30,0
296,5,12 19 29 31 33 37,3 8 15 27 30 45 +44,0,,0
296,6,15 18 19 20 25 45,3 8 15 27 30 45 +44,2,15 45,0
296,7,8 11 20 23 30 32,3 8 15 27 30 45 +44,2,8 30,0
296,8,12 17 21 22 35 44,3 8 15 27 30 45 +44,0,,0
296,9,6 12 16 23 26 43,3 8 15 27 30 45 +44,0,,0
296,10,4 7 8 23 39 43,3 8 15 27 30 45 +44,1,8,0
297,1,11 20 24 27 37 41,6 11 19 20 28 32 +34,2,11 20,0
297,2,8 17 27 28 30 34,6 11 19 20 28 32 +34,1,28,0
297,3,8 9 23 25 34 37,6 11 19 20 28 32 +34,0,,0
297,4,14 19 22 30 31 36,6 11 19 20 28 32 +34,1,19,0
297,5,2 21 32 33 34 37,6 11 19 20 28 32 +34,1,32,0
297,6,6 16 21 26 35 38,6 11 19 20 28 32 +34,1,6,0
297,7,1 12 17 24 29 32,6 11 19 20 28 32 +34,1,32,0
297,8,5 9 12 28 36 41,6 11 19 20 28 32 +34,1,28,0
297,9,7 13 16 30 43 45,6 11 19 20 28 32 +34,0,,0
297,10,10 18 24 26 32 41,6 11 19 20 28 32 +34,1,32,0
298,1,2 14 15 26 43 45,5 9 27 29 37 40 +19,0,,0
298,2,1 7 11 31 38 43,5 9 27 29 37 40 +19,0,,0
298,3,17 21 22 24 30 36,5 9 27 29 37 40 +19,0,,0
298,4,1 12 13 20 40 45,5 9 27 29 37 40 +19,1,40,0
298,5,13 19 22 31 41 45,5 9 27 29 37 40 +19,0,,0
298,6,12 13 14 15 39 45,5 9 27 29 37 40 +19,0,,0
298,7,12 14 25 27 28 39,5 9 27 29 37 40 +19,1,27,0
298,8,6 9 11 15 17 29,5 9 27 29 37 40 +19,2,9 29,0
298,9,11 24 30 33 36 37,5 9 27 29 37 40 +19,1,37,0
298,10,10 29 31 32 33 43,5 9 27 29 37 40 +19,1,29,0
299,1,1 7 11 19 41 44,1 3 20 25 36 45 +24,1,1,0
299,2,4 7 9 22 26 40,1 3 20 25 36 45 +24,0,,0
299,3,18 23 26 35 44 45,1 3 20 25 36 45 +24,1,45,0
299,4,2 7 18 25 39 43,1 3 20 25 36 45 +24,1,25,0
299,5,5 8 16 21 28 33,1 3 20 25 36 45 +24,0,,0
299,6,3 9 19 25 30 44,1 3 20 25 36 45 +24,2,3 25,0
299,7,10 18 22 31 42 44,1 3 20 25 36 45 +24,0,,0
299,8,30 31 32 33 36 38,1 3 20 25 36 45 +24,1,36,0
299,9,2 26 28 30 38 44,1 3 20 25 36 45 +24,0,,0
299,10,3 9 15 31 40 41,1 3 20 25 36 45 +24,1,3,0
300,1,1 5 6 19 21 24,7 9 10 12 26 38 +39,0,,0
300,2,2 5 19 29 41 45,7 9 10 12 26 38 +39,0,,0
300,3,11 19 24 27 39 44,7 9 10 12 26 38 +39,0,,0
300,4,9 12 19 33 35 36,7 9 10 12 26 38 +39,2,9 12,0
300,5,6 11 18 20 24 41,7 9 10 12 26 38 +39,0,,0
300,6,11 13 14 29 30 44,7 9 10 12 26 38 +39,0,,0
300,7,1 4 13 15 33 36,7 9 10 12 26 38 +39,0,,0
300,8,6 14 22 24 29 44,7 9 10 12 26 38 +39,0,,0
300,9,13 26 34 35 36 39,7 9 10 12 26 38 +39,1,26,0
300,10,14 18 19 22 31 32,7 9 10 12 26 38 +39,0,,0
301,1,1 4 14 17 23 36,7 11 13 33 37 43 +26,0,,0
301,2,2 4 19 28 32 44,7 11 13 33 37 43 +26,0,,0
301,3,3 14 19 34 41 45,7 11 13 33 37 43 +26,0,,0
301,4,1 3 18 25 29 43,7 11 13 33 37 43 +26,1,43,0
301,5,4 6 11 18 28 41,7 11 13 33 37 43 +26,1,11,0
301,6,13 19 25 31 40 42,7 11 13 33 37 43 +26,1,13,0
301,7,3 12 15 28 31 36,7 11 13 33 37 43 +26,0,,0
301,8,2 3 22 35 37 41,7 11 13 33 37 43 +26,1,37,0
301,9,5 8 22 23 26 45,7 11 13 33 37 43 +26,0,,0
301,10,5 6 13 26 31 42,7 11 13 33 37 43 +26,1,13,0
302,1,4 9 18 19 26 28,13 19 20 32 38 42 +4,1,19,0
302,2,8 9 11 20 34 38,13 19 20 32 38 42 +4,2,20 38,0
302,3,5 7 9 25 33 34,13 19 20 32 38 42 +4,0,,0
302,4,13 14 18 22 29 42,13 19 20 32 38 42 +4,2,13 42,0
302,5,2 6 11 13 18 36,13 19 20 32 38 42 +4,1,13,0
302,6,4 15 18 29 30 33,13 19 20 32 38 42 +4,0,,0
302,7,1 5 14 33 37 44,13 19 20 32 38 42 +4,0,,0
302,8,9 23 28 34 36 45,13 19 20 32 38 42 +4,0,,0
302,9,3 8 19 26 41 43,13 19 20 32 38 42 +4,1,19,0
302,10,5 8 13 22 41 43,13 19 20 32 38 42 +4,1,13,0
303,1,4 18 23 35 39 43,2 14 17 30 38 45 +43,0,,0
303,2,11 14 16 23 27 38,2 14 17 30 38 45 +43,2,14 38,0
303,3,6 14 18 20 24 26,2 14 17 30 38 45 +43,1,14,0
303,4,5 18 22 24 30 38,2 14 17 30 38 45 +43,2,30 38,0
303,5,8 25 31 33 40 45,2 14 17 30 38 45 +43,1,45,0
303,6,3 9 12 17 26 29,2 14 17 30 38 45 +43,1,17,0
303,7,7 10 12 24 26 29,2 14 17 30 38 45 +43,0,,0
303,8,10 13 18 23 30 31,2 14 17 30 38 45 +43,1,30,0
303,9,12 13 19 21 24 34,2 14 17 30 38 45 +43,0,,0
303,10,8 16 17 29 34 37,2 14 17 30 38 45 +43,1,17,0
304,1,1 2 6 11 17 33,4 10 16 26 33 41 +38,1,33,0
304,2,11 26 31 33 38 42,4 10 16 26 33 41 +38,2,26 33,0
304,3,1 5 9 18 19 20,4 10 16 26 33 41 +38,0,,0
304,4,4 17 35 39 42 43,4 10 16 26 33 41 +38,1,4,0
304,5,6 22 26 41 42 44,4 10 16 26 33 41 +38,2,26 41,0
304,6,1 11 16 18 39 41,4 10 16 26 33 41 +38,2,16 41,0
304,7,8 11 17 30 31 38,4 10 16 26 33 41 +38,0,,0
304,8,15 18 29 36 42 45,4 10 16 26 33 41 +38,0,,0
304,9,3 22 26 30 33 44,4 10 16 26 33 41 +38,2,26 33,0
304,10,3 14 16 22 34 41,4 10 16 26 33 41 +38,2,16 41,0
305,1,8 12 13 24 34 39,7 8 18 21 23 39 +9,2,8 39,0
305,2,3 10 15 21 37 43,7 8 18 21 23 39 +9,1,21,0
305,3,6 8 18 32 33 36,7 8 18 21 23 39 +9,2,8 18,0
305,4,15 17 22 29 35 41,7 8 18 21 23 39 +9,0,,0
305,5,15 21 26 28 35 42,7 8 18 21 23 39 +9,1,21,0
305,6,3 14 19 21 36 39,7 8 18 21 23 39 +9,2,21 39,0
305,7,16 18 22 29 41 42,7 8 18 21 23 39 +9,1,18,0
305,8,11 12 19 26 31 40,7 8 18 21 23 39 +9,0,,0
305,9,7 10 13 17 18 22,7 8 18 21 23 39 +9,2,7 18,0
305,10,7 19 22 26 32 45,7 8 18 21 23 39 +9,1,7,0
306,1,2 6 10 22 28 34,4 18 23 30 34 41 +19,1,34,0
306,2,4 6 10 13 15 23,4 18 23 30 34 41 +19,2,4 23,0
306,3,2 11 18 39 41 44,4 18 23 30 34 41 +19,2,18 41,0
306,4,4 8 11 28 30 42,4 18 23 30 34 41 +19,2,4 30,0
306,5,4 15 17 23 28 35,4 18 23 30 34 41 +19,2,4 23,0
306,6,11 13 17 22 30 40,4 18 23 30 34 41 +19,1,30,0
306,7,1 10 11 20 22 37,4 18 23 30 34 41 +19,0,,0
306,8,5 6 11 18 19 30,4 18 23 30 34 41 +19,2,18 30,0
306,9,16 29 34 40 42 44,4 18 23 30 34 41 +19,1,34,0
306,10,4 8 21 25 38 43,4 18 23 30 34 41 +19,1,4,0
307,1,1 10 15 23 27 33,5 15 21 23 25 45 +12,2,15 23,0
307,2,9 16 17 21 36 42,5 15 21 23 25 45 +12,1,21,0
307,3,3 18 26 33 41 43,5 15 21 23 25 45 +12,0,,0
307,4,2 5 11 17 33 45,5 15 21 23 25 45 +12,2,5 45,0
307,5,6 7 8 24 35 44,5 15 21 23 25 45 +12,0,,0
307,6,13 20 23 24 33 37,5 15 21 23 25 45 +12,1,23,0
307,7,4 18 24 25 32 37,5 15 21 23 25 45 +12,1,25,0
307,8,9 11 12 27 37 45,5 15 21 23 25 45 +12,1,45,0
307,9,5 7 10 15 18 42,5 15 21 23 25 45 +12,2,5 15,0
307,10,20 21 23 27 30 38,5 15 21 23 25 45 +12,2,21 23,0
308,1,2 6 16 18 24 41,14 15 17 19 37 45 +40,0,,0
308,2,1 13 15 17 34 36,14 15 17 19 37 45 +40,2,15 17,0
308,3,3 9 19 23 28 40,14 15 17 19 37 45 +40,1,19,0
308,4,14 16 29 31 32 45,14 15 17 19 37 45 +40,2,14 45,0
308,5,9 30 32 35 40 43,14 15 17 19 37 45 +40,0,,0
308,6,3 13 23 31 35 41,14 15 17 19 37 45 +40,0,,0
308,7,6 17 27 29 36 43,14 15 17 19 37 45 +40,1,17,0
308,8,17 27 32 33 37 38,14 15 17 19 37 45 +40,2,17 37,0
308,9,5 8 11 19 35 41,14 15 17 19 37 45 +40,1,19,0
308,10,7 14 19 21 28 30,14 15 17 19 37 45 +40,2,14 19,0
309,1,9 13 23 26 29 41,1 2 5 11 18 36 +22,0,,0
309,2,11 17 19 22 37 43,1 2 5 11 18 36 +22,1,11,0
309,3,1 6 18 25 38 44,1 2 5 11 18 36 +22,2,1 18,0
309,4,1 4 7 16 29 42,1 2 5 11 18 36 +22,1,1,0
309,5,1 5 9 10 25 40,1 2 5 11 18 36 +22,2,1 5,0
309,6,2 4 11 21 28 36,1 2 5 11 18 36 +22,3,2 11 36,5
309,7,15 17 23 33 37 42,1 2 5 11 18 36 +22,0,,0
309,8,1 5 14 21 24 41,1 2 5 11 18 36 +22,2,1 5,0
309,9,4 11 28 30 36 41,1 2 5 11 18 36 +22,2,11 36,0
309,10,1 20 23 32 40 41,1 2 5 11 18 36 +22,1,1,0
310,1,7 8 13 23 36 37,1 5 19 28 34 41 +16,0,,0
310,2,19 22 25 29 35 43,1 5 19 28 34 41 +16,1,19,0
310,3,1 3 28 32 40 45,1 5 19 28 34 41 +16,2,1 28,0
310,4,5 13 20 21 26 28,1 5 19 28 34 41 +16,2,5 28,0
310,5,15 18 21 23 36 37,1 5 19 28 34 41 +16,0,,0
310,6,27 28 37 40 42 45,1 5 19 28 34 41 +16,1,28,0
310,7,5 16 17 18 25 40,1 5 19 28 34 41 +16,1,5,0
310,8,12 23 32 38 39 42,1 5 19 28 34 41 +16,0,,0
310,9,2 3 19 33 41 42,1 5 19 28 34 41 +16,2,19 41,0
310,10,14 22 32 34 35 36,1 5 19 28 34 41 +16,1,34,0
311,1,17 31 32 35 36 38,4 12 24 27 28 32 +10,1,32,0
311,2,7 15 28 42 43 45,4 12 24 27 28 32 +10,1,28,0
311,3,2 3 4 23 34 41,4 12 24 27 28 32 +10,1,4,0
311,4,12 20 22 25 42 44,4 12 24 27 28 32 +10,1,12,0
311,5,8 11 12 14 33 41,4 12 24 27 28 32 +10,1,12,0
311,6,11 17 19 21 22 32,4 12 24 27 28 32 +10,1,32,0
311,7,2 5 29 30 43 44,4 12 24 27 28 32 +10,0,,0
311,8,2 3 9 26 29 35,4 12 24 27 28 32 +10,0,,0
311,9,5 16 17 22 31 34,4 12 24 27 28 32 +10,0,,0
311,10,4 9 15 25 34 45,4 12 24 27 28 32 +10,1,4,0
312,1,3 14 26 27 35 44,2 3 5 6 12 20 +25,1,3,0
312,2,2 6 9 17 32 40,2 3 5 6 12 20 +25,2,2 6,0
312,3,5 9 15 19 39 40,2 3 5 6 12 20 +25,1,5,0
312,4,3 6 20 27 31 33,2 3 5 6 12 20 +25,3,3 6 20,5
312,5,11 15 17 30 34 40,2 3 5 6 12 20 +25,0,,0
312,6,1 3 17 24 25 40,2 3 5 6 12 20 +25,1,3,0
312,7,3 34 35 36 37 41,2 3 5 6 12 20 +25,1,3,0
312,8,7 10 15 19 27 42,2 3 5 6 12 20 +25,0,,0
312,9,1 4 6 16 19 38,2 3 5 6 12 20 +25,1,6,0
312,10,4 16 21 31 36 39,2 3 5 6 12 20 +25,0,,0
313,1,10 11 14 25 26 41,9 17 34 35 43 45 +2,0,,0
313,2,2 7 9 33 37 42,9 17 34 35 43 45 +2,1,9,0
313,3,14 16 18 28 34 45,9 17 34 35 43 45 +2,2,34 45,0
313,4,5 11 28 29 37 45,9 17 34 35 43 45 +2,1,45,0
313,5,2 9 10 15 33 40,9 17 34 35 43 45 +2,1,9,0
313,6,10 14 21 25 29 39,9 17 34 35 43 45 +2,0,,0
313,7,1 3 12 31 32 45,9 17 34 35 43 45 +2,1,45,0
313,8,3 4 28 35 39 40,9 17 34 35 43 45 +2,1,35,0
313,9,7 17 19 20 24 25,9 17 34 35 43 45 +2,1,17,0
313,10,4 7 8 25 33 43,9 17 34 35 43 45 +2,1,43,0
314,1,6 15 17 31 40 41,15 17 19 34 38 41 +2,3,15 17 41,5
314,2,3 16 29 34 43 45,15 17 19 34 38 41 +2,1,34,0
314,3,3 10 12 25 27 29,15 17 19 34 38 41 +2,0,,0
314,4,7 9 12 36 40 44,15 17 19 34 38 41 +2,0,,0
314,5,2 8 12 17 23 30,15 17 19 34 38 41 +2,1,17,0
314,6,5 8 9 13 23 35,15 17 19 34 38 41 +2,0,,0
314,7,1 4 11 15 16 36,15 17 19 34 38 41 +2,1,15,0
314,8,4 5 17 23 33 35,15 17 19 34 38 41 +2,1,17,0
314,9,4 17 19 24 31 40,15 17 19 34 38 41 +2,2,17 19,0
314,10,1 5 7 22 23 45,15 17 19 34 38 41 +2,0,,0
315,1,6 7 22 24 37 42,1 13 33 35 43 45 +23,0,,0
315,2,2 3 16 23 30 43,1 13 33 35 43 45 +23,1,43,0
315,3,1 8 21 23 25 40,1 13 33 35 43 45 +23,1,1,0
315,4,5 7 14 15 17 42,1 13 33 35 43 45 +23,0,,0
315,5,1 2 3 10 11 22,1 13 33 35 43 45 +23,1,1,0
315,6,8 19 22 23 28 30,1 13 33 35 43 45 +23,0,,0
315,7,10 11 16 20 23 29,1 13 33 35 43 45 +23,0,,0
315,8,6 9 25 30 34 37,1 13 33 35 43 45 +23,0,,0
315,9,14 27 32 37 39 45,1 13 33 35 43 45 +23,1,45,0
315,10,1 15 18 20 24 42,1 13 33 35 43 45 +23,1,1,0
316,1,10 21 25 32 35 36,10 11 21 27 31 39 +43,2,10 21,0
316,2,6 7 9 13 27 43,10 11 21 27 31 39 +43,1,27,0
316,3,4 13 14 19 24 40,10 11 21 27 31 39 +43,0,,0
316,4,10 15 23 25 27 36,10 11 21 27 31 39 +43,2,10 27,0
316,5,2 11 13 14 16 18,10 11 21 27 31 39 +43,1,11,0
316,6,12 14 25 28 30 40,10 11 21 27 31 39 +43,0,,0
316,7,13 25 32 35 38 41,10 11 21 27 31 39 +43,0,,0
316,8,2 5 11 14 28 44,10 11 21 27 31 39 +43,1,11,0
316,9,5 7 8 33 41 43,10 11 21 27 31 39 +43,0,,0
316,10,5 7 8 16 39 43,10 11 21 27 31 39 +43,1,39,0
317,1,10 21 27 31 33 41,3 10 11 22 36 39 +8,1,10,0
317,2,5 6 17 28 33 36,3 10 11 22 36 39 +8,1,36,0
317,3,8 12 29 30 37 42,3 10 11 22 36 39 +8,0,,0
317,4,22 30 31 40 41 43,3 10 11 22 36 39 +8,1,22,0
317,5,7 11 13 26 35 40,3 10 11 22 36 39 +8,1,11,0
317,6,3 11 14 29 38 39,3 10 11 22 36 39 +8,3,3 11 39,5
317,7,16 22 30 35 38 42,3 10 11 22 36 39 +8,1,22,0
317,8,3 9 11 13 34 45,3 10 11 22 36 39 +8,2,3 11,0
317,9,12 18 26 31 32 37,3 10 11 22 36 39 +8,0,,0
317,10,1 8 21 24 38 41,3 10 11 22 36 39 +8,0,,0
318,1,1 2 7 10 14 27,2 17 19 20 34 45 +21,1,2,0
318,2,3 7 17 32 34 36,2 17 19 20 34 45 +21,2,17 34,0
318,3,6 23 30 35 36 42,2 17 19 20 34 45 +21,0,,0
318,4,7 18 19 25 28 45,2 17 19 20 34 45 +21,2,19 45,0
318,5,13 21 25 31 37 43,2 17 19 20 34 45 +21,0,,0
318,6,2 5 15 21 25 28,2 17 19 20 34 45 +21,1,2,0
318,7,1 14 15 19 28 39,2 17 19 20 34 45 +21,1,19,0
318,8,1 6 17 26 31 33,2 17 19 20 34 45 +21,1,17,0
318,9,7 12 19 21 35 45,2 17 19 20 34 45 +21,2,19 45,0
318,10,5 6 14 15 16 37,2 17 19 20 34 45 +21,0,,0
319,1,3 19 22 26 31 44,5 8 22 28 33 42 +37,1,22,0
319,2,8 29 31 33 34 39,5 8 22 28 33 42 +37,2,8 33,0
319,3,3 4 18 24 42 45,5 8 22 28 33 42 +37,1,42,0
319,4,8 12 17 25 40 43,5 8 22 28 33 42 +37,1,8,0
319,5,2 13 18 35 36 37,5 8 22 28 33 42 +37,0,,0
319,6,16 23 34 43 44 45,5 8 22 28 33 42 +37,0,,0
319,7,4 6 15 16 19 33,5 8 22 28 33 42 +37,1,33,0
319,8,9 15 18 28 31 33,5 8 22 28 33 42 +37,2,28 33,0
319,9,11 12 23 26 33 38,5 8 22 28 33 42 +37,1,33,0
319,10,3 5 19 24 31 33,5 8 22 28 33 42 +37,2,5 33,0
320,1,3 10 21 32 43 44,16 19 23 25 41 45 +3,0,,0
320,2,6 17 19 21 38 42,16 19 23 25 41 45 +3,1,19,0
320,3,7 26 30 35 41 43,16 19 23 25 41 45 +3,1,41,0
320,4,1 9 11 17 33 35,16 19 23 25 41 45 +3,0,,0
320,5,1 10 18 19 30 37,16 19 23 25 41 45 +3,1,19,0
320,6,1 9 28 31 37 44,16 19 23 25 41 45 +3,0,,0
320,7,25 26 28 29 30 33,16 19 23 25 41 45 +3,1,25,0
320,8,3 5 30 31 40 42,16 19 23 25 41 45 +3,0,,0
320,9,15 18 19 25 33 45,16 19 23 25 41 45 +3,3,19 25 45,5
320,10,6 8 13 24 29 36,16 19 23 25 41 45 +3,0,,0
321,1,11 13 21 32 38 41,12 18 20 21 25 34 +42,1,21,0
321,2,6 13 14 17 21 38,12 18 20 21 25 34 +42,1,21,0
321,3,8 9 20 27 43 44,12 18 20 21 25 34 +42,1,20,0
321,4,5 7 15 24 25 41,12 18 20 21 25 34 +42,1,25,0
321,5,3 7 11 25 35 40,12 18 20 21 25 34 +42,1,25,0
321,6,3 11 13 25 36 41,12 18 20 21 25 34 +42,1,25,0
321,7,9 12 16 18 23 40,12 18 20 21 25 34 +42,2,12 18,0
321,8,8 15 28 31 39 43,12 18 20 21 25 34 +42,0,,0
321,9,5 8 16 21 25 30,12 18 20 21 25 34 +42,2,21 25,0
321,10,3 10 18 22 26 28,12 18 20 21 25 34 +42,1,18,0
322,1,1 2 24 27 40 43,9 18 29 32 38 43 +20,1,43,0
322,2,4 12 20 31 40 44,9 18 29 32 38 43 +20,0,,0
322,3,5 9 22 25 35 41,9 18 29 32 38 43 +20,1,9,0
322,4,5 7 22 23 24 44,9 18 29 32 38 43 +20,0,,0
322,5,12 15 18 39 40 42,9 18 29 32 38 43 +20,1,18,0
322,6,5 12 13 21 32 43,9 18 29 32 38 43 +20,2,32 43,0
322,7,1 12 28 32 41 42,9 18 29 32 38 43 +20,1,32,0
322,8,9 15 16 19 29 31,9 18 29 32 38 43 +20,2,9 29,0
322,9,5 15 17 40 41 42,9 18 29 32 38 43 +20,0,,0
322,10,1 5 6 29 32 43,9 18 29 32 38 43 +20,3,29 32 43,5
323,1,9 15 27 28 36 40,10 14 15 32 36 42 +3,2,15 36,0
323,2,10 11 20 24 33 41,10 14 15 32 36 42 +3,1,10,0
323,3,10 11 13 14 16 41,10 14 15 32 36 42 +3,2,10 14,0
323,4,7 10 21 27 28 44,10 14 15 32 36 42 +3,1,10,0
323,5,3 23 28 37 38 45,10 14 15 32 36 42 +3,0,,0
323,6,2 11 17 26 40 45,10 14 15 32 36 42 +3,0,,0
323,7,4 25 27 29 31 37,10 14 15 32 36 42 +3,0,,0
323,8,8 10 11 26 32 36,10 14 15 32 36 42 +3,3,10 32 36,5
323,9,4 14 19 24 34 41,10 14 15 32 36 42 +3,1,14,0
323,10,7 15 17 24 34 35,10 14 15 32 36 42 +3,1,15,0
324,1,4 7 22 24 27 31,2 4 21 25 33 36 +17,1,4,0
324,2,9 28 35 37 40 42,2 4 21 25 33 36 +17,0,,0
324,3,34 35 40 42 43 44,2 4 21 25 33 36 +17,0,,0
324,4,1 5 20 23 29 41,2 4 21 25 33 36 +17,0,,0
324,5,1 19 20 38 43 44,2 4 21 25 33 36 +17,0,,0
324,6,4 7 10 29 30 40,2 4 21 25 33 36 +17,1,4,0
324,7,1 16 21 35 38 43,2 4 21 25 33 36 +17,1,21,0
324,8,1 6 8 16 23 36,2 4 21 25 33 36 +17,1,36,0
324,9,7 8 22 28 29 43,2 4 21 25 33 36 +17,0,,0
324,10,2 6 19 26 36 44,2 4 21 25 33 36 +17,2,2 36,0
325,1,13 15 20 29 35 36,7 17 20 32 44 45 +33,1,20,0
325,2,2 4 6 9 29 37,7 17 20 32 44 45 +33,0,,0
325,3,25 28 29 32 35 43,7 17 20 32 44 45 +33,1,32,0
325,4,10 14 35 38 39 40,7 17 20 32 44 45 +33,0,,0
325,5,4 5 12 25 32 39,7 17 20 32 44 45 +33,1,32,0
325,6,1 4 9 33 34 37,7 17 20 32 44 45 +33,0,,0
325,7,9 14 22 25 28 34,7 17 20 32 44 45 +33,0,,0
325,8,1 5 24 26 36 43,7 17 20 32 44 45 +33,0,,0
325,9,1 4 5 13 30 37,7 17 20 32 44 45 +33,0,,0
325,10,1 3 12 27 28 29,7 17 20 32 44 45 +33,0,,0
326,1,1 9 15 28 34 43,16 23 25 33 36 39 +40,0,,0
326,2,17 19 24 34 38 40,16 23 25 33 36 39 +40,0,,0
326,3,3 6 11 15 36 42,16 23 25 33 36 39 +40,1,36,0
326,4,14 19 25 28 33 38,16 23 25 33 36 39 +40,2,25 33,0
326,5,6 17 19 27 29 41,16 23 25 33 36 39 +40,0,,0
326,6,2 3 6 9 12 27,16 23 25 33 36 39 +40,0,,0
326,7,3 22 37 38 39 40,16 23 25 33 36 39 +40,1,39,0
326,8,3 9 20 30 36 41,16 23 25 33 36 39 +40,1,36,0
326,9,1 2 10 13 14 20,16 23 25 33 36 39 +40,0,,0
326,10,1 9 11 17 20 34,16 23 25 33 36 39 +40,0,,0
327,1,2 16 18 21 34 40,6 12 13 17 32 44 +24,0,,0
327,2,5 13 14 32 33 42,6 12 13 17 32 44 +24,2,13 32,0
327,3,10 24 27 31 34 40,6 12 13 17 32 44 +24,0,,0
327,4,2 6 7 16 30 36,6 12 13 17 32 44 +24,1,6,0
327,5,4 7 8 21 24 29,6 12 13 17 32 44 +24,0,,0
327,6,3 6 11 15 21 45,6 12 13 17 32 44 +24,1,6,0
327,7,17 21 23 29 37 38,6 12 13 17 32 44 +24,1,17,0
327,8,2 7 21 22 31 32,6 12 13 17 32 44 +24,1,32,0
327,9,9 10 17 20 28 35,6 12 13 17 32 44 +24,1,17,0
327,10,19 21 24 26 33 45,6 12 13 17 32 44 +24,0,,0
328,1,3 10 11 20 30 38,1 6 9 16 17 28 +24,0,,0
328,2,3 13 15 21 29 41,1 6 9 16 17 28 +24,0,,0
328,3,2 5 20 28 38 42,1 6 9 16 17 28 +24,1,28,0
328,4,11 18 23 27 31 45,1 6 9 16 17 28 +24,0,,0
328,5,1 4 12 13 25 35,1 6 9 16 17 28 +24,1,1,0
328,6,1 7 12 18 28 35,1 6 9 16 17 28 +24,2,1 28,0
328,7,2 19 21 24 28 30,1 6 9 16 17 28 +24,1,28,0
328,8,4 18 26 28 30 41,1 6 9 16 17 28 +24,1,28,0
328,9,1 16 22 26 39 45,1 6 9 16 17 28 +24,2,1 16,0
328,10,2 11 17 19 35 39,1 6 9 16 17 28 +24,1,17,0
329,1,3 20 23 36 39 40,9 17 19 30 35 42 +4,0,,0
329,2,12 20 22 25 29 39,9 17 19 30 35 42 +4,0,,0
329,3,3 4 9 19 25 38,9 17 19 30 35 42 +4,2,9 19,0
329,4,8 11 20 33 40 41,9 17 19 30 35 42 +4,0,,0
329,5,5 8 9 26 38 43,9 17 19 30 35 42 +4,1,9,0
329,6,1 9 10 23 26 44,9 17 19 30 35 42 +4,1,9,0
329,7,10 18 26 35 39 40,9 17 19 30 35 42 +4,1,35,0
329,8,9 14 18 20 22 37,9 17 19 30 35 42 +4,1,9,0
329,9,9 14 26 28 32 45,9 17 19 30 35 42 +4,1,9,0
329,10,14 18 23 31 33 41,9 17 19 30 35 42 +4,0,,0
330,1,4 18 23 26 34 44,3 4 16 17 19 20 +23,1,4,0
330,2,8 15 32 38 39 42,3 4 16 17 19 20 +23,0,,0
330,3,2 5 11 21 38 40,3 4 16 17 19 20 +23,0,,0
330,4,12 29 35 38 43 44,3 4 16 17 19 20 +23,0,,0
330,5,4 13 21 23 31 37,3 4 16 17 19 20 +23,1,4,0
330,6,2 3 14 28 40 41,3 4 16 17 19 20 +23,1,3,0
330,7,3 12 23 37 38 41,3 4 16 17 19 20 +23,1,3,0
330,8,22 25 28 31 36 38,3 4 16 17 19 20 +23,0,,0
330,9,2 23 24 32 37 44,3 4 16 17 19 20 +23,0,,0
330,10,2 3 27 28 42 45,3 4 16 17 19 20 +23,1,3,0
331,1,6 13 20 26 34 39,4 9 14 26 31 44 +39,1,26,0
331,2,1 12 14 28 30 38,4 9 14 26 31 44 +39,1,14,0
331,3,7 10 25 34 38 45,4 9 14 26 31 44 +39,0,,0
331,4,1 9 10 31 42 44,4 9 14 26 31 44 +39,3,9 31 44,5
331,5,1 8 18 33 43 45,4 9 14 26 31 44 +39,0,,0
331,6,5 11 15 20 27 45,4 9 14 26 31 44 +39,0,,0
331,7,2 5 14 19 20 34,4 9 14 26 31 44 +39,1,14,0
331,8,5 8 22 23 30 31,4 9 14 26 31 44 +39,1,31,0
331,9,2 6 9 19 28 39,4 9 14 26 31 44 +39,1,9,0
331,10,6 12 22 27 32 37,4 9 14 26 31 44 +39,0,,0
332,1,17 20 24 37 42 44,16 17 34 36 42 45 +3,2,17 42,0
332,2,17 18 24 30 33 42,16 17 34 36 42 45 +3,2,17 42,0
332,3,7 17 22 27 43 44,16 17 34 36 42 45 +3,1,17,0
332,4,4 5 7 11 16 18,16 17 34 36 42 45 +3,1,16,0
332,5,2 6 19 31 39 41,16 17 34 36 42 45 +3,0,,0
332,6,1 6 10 23 34 44,16 17 34 36 42 45 +3,1,34,0
332,7,9 16 20 23 24 43,16 17 34 36 42 45 +3,1,16,0
332,8,5 10 15 33 39 41,16 17 34 36 42 45 +3,0,,0
332,9,3 12 21 25 36 37,16 17 34 36 42 45 +3,1,36,0
332,10,4 19 20 21 31 45,16 17 34 36 42 45 +3,1,45,0
333,1,8 21 24 26 38 40,5 14 27 30 39 43 +35,0,,0
333,2,14 16 21 26 27 33,5 14 27 30 39 43 +35,2,14 27,0
333,3,6 17 24 28 34 41,5 14 27 30 39 43 +35,0,,0
333,4,5 17 18 28 34 43,5 14 27 30 39 43 +35,2,5 43,0
333,5,2 7 22 26 27 33,5 14 27 30 39 43 +35,1,27,0
333,6,1 5 12 13 20 33,5 14 27 30 39 43 +35,1,5,0
333,7,6 17 21 32 39 41,5 14 27 30 39 43 +35,1,39,0
333,8,5 7 16 27 33 34,5 14 27 30 39 43 +35,2,5 27,0
333,9,6 11 12 37 41 44,5 14 27 30 39 43 +35,0,,0
333,10,21 30 32 41 43 44,5 14 27 30 39 43 +35,2,30 43,0
334,1,5 6 19 20 23 28,13 15 21 29 39 43 +33,0,,0
334,2,5 7 22 23 33 39,13 15 21 29 39 43 +33,1,39,0
334,3,6 18 21 25 35 44,13 15 21 29 39 43 +33,1,21,0
334,4,15 25 30 31 36 45,13 15 21 29 39 43 +33,1,15,0
334,5,4 8 11 23 32 44,13 15 21 29 39 43 +33,0,,0
334,6,12 22 28 31 33 44,13 15 21 29 39 43 +33,0,,0
334,7,2 3 15 17 37 45,13 15 21 29 39 43 +33,1,15,0
334,8,9 11 14 17 33 39,13 15 21 29 39 43 +33,1,39,0
334,9,3 7 8 26 27 40,13 15 21 29 39 43 +33,0,,0
334,10,9 26 29 33 37 43,13 15 21 29 39 43 +33,2,29 43,0
335,1,5 8 26 35 38 39,5 9 16 23 26 45 +21,2,5 26,0
335,2,5 15 27 30 41 44,5 9 16 23 26 45 +21,1,5,0
335,3,9 11 14 15 28 36,5 9 16 23 26 45 +21,1,9,0
335,4,3 11 12 24 37 41,5 9 16 23 26 45 +21,0,,0
335,5,3 6 7 9 13 41,5 9 16 23 26 45 +21,1,9,0
335,6,7 13 19 26 43 45,5 9 16 23 26 45 +21,2,26 45,0
335,7,15 21 24 31 38 41,5 9 16 23 26 45 +21,0,,0
335,8,6 11 13 14 21 24,5 9 16 23 26 45 +21,0,,0
335,9,18 21 32 34 36 39,5 9 16 23 26 45 +21,0,,0
335,10,6 11 23 26 31 40,5 9 16 23 26 45 +21,2,23 26,0
336,1,3 6 8 10 16 17,3 5 20 34 35 44 +16,1,3,0
336,2,5 8 12 35 37 38,3 5 20 34 35 44 +16,2,5 35,0
336,3,15 17 23 24 28 31,3 5 20 34 35 44 +16,0,,0
336,4,2 15 32 38 42 44,3 5 20 34 35 44 +16,1,44,0
336,5,19 25 27 33 39 41,3 5 20 34 35 44 +16,0,,0
336,6,2 8 21 22 23 25,3 5 20 34 35 44 +16,0,,0
336,7,7 8 24 30 44 45,3 5 20 34 35 44 +16,1,44,0
336,8,7 11 17 18 22 37,3 5 20 34 35 44 +16,0,,0
336,9,12 13 15 19 22 29,3 5 20 34 35 44 +16,0,,0
336,10,10 15 22 30 41 42,3 5 20 34 35 44 +16,0,,0
337,1,1 3 9 12 36 42,1 5 14 18 32 37 +4,1,1,0
337,2,5 20 34 37 42 43,1 5 14 18 32 37 +4,2,5 37,0
337,3,7 11 17 37 39 45,1 5 14 18 32 37 +4,1,37,0
337,4,11 12 14 18 19 42,1 5 14 18 32 37 +4,2,14 18,0
337,5,5 16 18 21 34 38,1 5 14 18 32 37 +4,2,5 18,0
337,6,5 7 12 17 21 28,1 5 14 18 32 37 +4,1,5,0
337,7,8 9 27 38 43 44,1 5 14 18 32 37 +4,0,,0
337,8,4 20 23 31 35 41,1 5 14 18 32 37 +4,0,,0
337,9,1 16 19 21 24 29,1 5 14 18 32 37 +4,1,1,0
337,10,3 9 24 25 41 44,1 5 14 18 32 37 +4,0,,0
338,1,4 13 21 24 39 44,2 13 34 38 42 45 +16,1,13,0
338,2,6 24 34 35 37 45,2 13 34 38 42 45 +16,2,34 45,0
338,3,6 11 23 36 40 42,2 13 34 38 42 45 +16,1,42,0
338,4,13 18 20 30 33 36,2 13 34 38 42 45 +16,1,13,0
338,5,1 5 11 12 33 37,2 13 34 38 42 45 +16,0,,0
338,6,3 7 8 15 17 37,2 13 34 38 42 45 +16,0,,0
338,7,4 14 24 33 40 44,2 13 34 38 42 45 +16,0,,0
338,8,9 11 17 22 34 40,2 13 34 38 42 45 +16,1,34,0
338,9,11 21 36 40 42 44,2 13 34 38 42 45 +16,1,42,0
338,10,3 13 20 29 42 44,2 13 34 38 42 45 +16,2,13 42,0
339,1,3 9 26 29 40 44,6 8 14 21 30 37 +45,0,,0
339,2,3 14 16 20 29 30,6 8 14 21 30 37 +45,2,14 30,0
339,3,7 14 15 20 28 42,6 8 14 21 30 37 +45,1,14,0
339,4,17 19 22 23 38 41,6 8 14 21 30 37 +45,0,,0
339,5,10 19 28 29 31 33,6 8 14 21 30 37 +45,0,,0
339,6,8 18 25 28 38 45,6 8 14 21 30 37 +45,1,8,0
339,7,2 5 22 28 37 45,6 8 14 21 30 37 +45,1,37,0
339,8,1 25 31 32 36 38,6 8 14 21 30 37 +45,0,,0
339,9,5 24 26 27 30 32,6 8 14 21 30 37 +45,1,30,0
339,10,10 12 28 32 44 45,6 8 14 21 30 37 +45,0,,0
340,1,9 12 19 35 41 44,18 24 26 29 34 38 +32,0,,0
340,2,2 7 10 22 29 30,18 24 26 29 34 38 +32,1,29,0
340,3,19 22 23 27 29 38,18 24 26 29 34 38 +32,2,29 38,0
340,4,1 17 23 27 31 38,18 24 26 29 34 38 +32,1,38,0
340,5,4 16 23 24 32 36,18 24 26 29 34 38 +32,1,24,0
340,6,7 10 12 18 34 42,18 24 26 29 34 38 +32,2,18 34,0
340,7,6 19 26 30 39 41,18 24 26 29 34 38 +32,1,26,0
340,8,15 17 30 38 40 44,18 24 26 29 34 38 +32,1,38,0
340,9,3 9 12 21 31 45,18 24 26 29 34 38 +32,0,,0
340,10,3 15 26 31 32 33,18 24 26 29 34 38 +32,1,26,0
341,1,4 10 26 31 34 38,1 8 19 34 39 43 +41,1,34,0
341,2,3 8 17 24 29 45,1 8 19 34 39 43 +41,1,8,0
341,3,5 9 17 23 27 45,1 8 19 34 39 43 +41,0,,0
341,4,7 26 27 36 41 43,1 8 19 34 39 43 +41,1,43,0
341,5,5 14 26 32 34 41,1 8 19 34 39 43 +41,1,34,0
341,6,8 12 13 21 27 33,1 8 19 34 39 43 +41,1,8,0
341,7,8 15 20 28 31 37,1 8 19 34 39 43 +41,1,8,0
341,8,5 7 8 13 22 27,1 8 19 34 39 43 +41,1,8,0
341,9,20 26 30 36 39 43,1 8 19 34 39 43 +41,2,39 43,0
341,10,10 15 19 23 25 29,1 8 19 34 39 43 +41,1,19,0
342,1,7 24 27 34 35 39,1 13 14 33 34 43 +25,1,34,0
342,2,5 15 30 36 39 41,1 13 14 33 34 43 +25,0,,0
342,3,7 12 17 22 27 39,1 13 14 33 34 43 +25,0,,0
342,4,17 21 23 24 34 38,1 13 14 33 34 43 +25,1,34,0
342,5,7 8 11 19 23 25,1 13 14 33 34 43 +25,0,,0
342,6,5 18 21 29 34 45,1 13 14 33 34 43 +25,1,34,0
342,7,5 18 23 33 34 38,1 13 14 33 34 43 +25,2,33 34,0
342,8,9 12 22 32 41 43,1 13 14 33 34 43 +25,1,43,0
342,9,6 9 26 29 33 34,1 13 14 33 34 43 +25,2,33 34,0
342,10,3 11 19 25 32 33,1 13 14 33 34 43 +25,1,33,0
343,1,3 5 8 25 30 36,1 10 17 29 31 43 +15,0,,0
343,2,9 19 21 23 31 34,1 10 17 29 31 43 +15,1,31,0
343,3,2 7 12 16 21 40,1 10 17 29 31 43 +15,0,,0
343,4,2 11 20 29 33 35,1 10 17 29 31 43 +15,1,29,0
343,5,11 22 28 33 35 42,1 10 17 29 31 43 +15,0,,0
343,6,2 7 16 28 36 39,1 10 17 29 31 43 +15,0,,0
343,7,7 10 11 16 25 28,1 10 17 29 31 43 +15,1,10,0
343,8,3 4 7 11 19 39,1 10 17 29 31 43 +15,0,,0
343,9,3 20 23 34 39 44,1 10 17 29 31 43 +15,0,,0
343,10,3 10 17 21 36 40,1 10 17 29 31 43 +15,2,10 17,0
344,1,22 23 34 39 42 45,1 2 15 28 34 45 +38,2,34 45,0
344,2,3 6 17 22 23 28,1 2 15 28 34 45 +38,1,28,0
344,3,2 9 17 22 35 39,1 2 15 28 34 45 +38,1,2,0
344,4,12 18 30 38 39 43,1 2 15 28 34 45 +38,0,,0
344,5,2 6 22 30 35 39,1 2 15 28 34 45 +38,1,2,0
344,6,1 12 18 19 26 30,1 2 15 28 34 45 +38,1,1,0
344,7,9 13 15 17 26 38,1 2 15 28 34 45 +38,1,15,0
344,8,4 16 18 24 31 44,1 2 15 28 34 45 +38,0,,0
344,9,8 22 35 36 40 45,1 2 15 28 34 45 +38,1,45,0
344,10,3 20 25 39 40 42,1 2 15 28 34 45 +38,0,,0
345,1,2 7 20 25 28 35,15 20 23 29 39 42 +2,1,20,0
345,2,9 20 27 33 38 40,15 20 23 29 39 42 +2,1,20,0
345,3,10 15 17 18 20 29,15 20 23 29 39 42 +2,3,15 20 29,5
345,4,6 9 10 12 33 37,15 20 23 29 39 42 +2,0,,0
345,5,2 4 13 16 18 29,15 20 23 29 39 42 +2,1,29,0
345,6,8 23 26 28 32 35,15 20 23 29 39 42 +2,1,23,0
345,7,1 2 5 8 14 34,15 20 23 29 39 42 +2,0,,0
345,8,8 16 19 29 40 44,15 20 23 29 39 42 +2,1,29,0
345,9,3 13 34 40 41 42,15 20 23 29 39 42 +2,1,42,0
345,10,1 7 9 13 22 25,15 20 23 29 39 42 +2,0,,0
346,1,3 4 17 27 43 45,5 13 14 22 44 45 +33,1,45,0
346,2,5 14 25 32 42 44,5 13 14 22 44 45 +33,3,5 14 44,5
346,3,8 12 22 23 29 31,5 13 14 22 44 45 +33,1,22,0
346,4,10 12 20 33 35 41,5 13 14 22 44 45 +33,0,,0
346,5,2 6 14 23 38 44,5 13 14 22 44 45 +33,2,14 44,0
346,6,3 17 19 21 26 38,5 13 14 22 44 45 +33,0,,0
346,7,6 16 25 27 35 37,5 13 14 22 44 45 +33,0,,0
346,8,5 9 18 23 34 41,5 13 14 22 44 45 +33,1,5,0
346,9,1 13 23 30 37 38,5 13 14 22 44 45 +33,1,13,0
346,10,4 8 10 14 27 38,5 13 14 22 44 45 +33,1,14,0
347,1,5 10 18 19 29 41,3 8 13 27 32 42 +10,0,,0
347,2,5 10 13 14 21 39,3 8 13 27 32 42 +10,1,13,0
347,3,21 22 28 35 40 44,3 8 13 27 32 42 +10,0,,0
347,4,5 12 31 34 39 43,3 8 13 27 32 42 +10,0,,0
347,5,10 24 28 35 36 38,3 8 13 27 32 42 +10,0,,0
347,6,2 10 21 26 29 39,3 8 13 27 32 42 +10,0,,0
347,7,3 5 7 11 12 43,3 8 13 27 32 42 +10,1,3,0
347,8,10 23 30 35 37 41,3 8 13 27 32 42 +10,0,,0
347,9,5 17 24 25 40 41,3 8 13 27 32 42 +10,0,,0
347,10,4 11 18 19 24 36,3 8 13 27 32 42 +10,0,,0
348,1,1 9 14 15 40 41,3 14 17 20 24 31 +34,1,14,0
348,2,1 18 22 26 29 41,3 14 17 20 24 31 +34,0,,0
348,3,3 6 8 14 18 20,3 14 17 20 24 31 +34,3,3 14 20,5
348,4,13 18 21 26 29 43,3 14 17 20 24 31 +34,0,,0
348,5,4 5 8 14 29 41,3 14 17 20 24 31 +34,1,14,0
348,6,3 7 10 30 31 41,3 14 17 20 24 31 +34,2,3 31,0
348,7,2 6 21 30 35 36,3 14 17 20 24 31 +34,0,,0
348,8,2 19 24 34 36 41,3 14 17 20 24 31 +34,1,24,0
348,9,10 20 25 30 37 39,3 14 17 20 24 31 +34,1,20,0
348,10,16 24 29 38 44 45,3 14 17 20 24 31 +34,1,24,0
349,1,13 16 19 27 29 41,5 13 14 20 24 25 +36,1,13,0
349,2,7 29 37 38 41 45,5 13 14 20 24 25 +36,0,,0
349,3,11 15 19 26 27 36,5 13 14 20 24 25 +36,0,,0
349,4,8 11 12 18 29 36,5 13 14 20 24 25 +36,0,,0
349,5,14 16 17 19 28 45,5 13 14 20 24 25 +36,1,14,0
349,6,8 10 13 19 30 41,5 13 14 20 24 25 +36,1,13,0
349,7,7 11 24 26 35 41,5 13 14 20 24 25 +36,1,24,0
349,8,9 10 13 21 31 42,5 13 14 20 24 25 +36,1,13,0
349,9,12 27 31 33 41 45,5 13 14 20 24 25 +36,0,,0
349,10,16 22 29 36 40 41,5 13 14 20 24 25 +36,0,,0
350,1,7 18 21 22 31 38,1 8 18 24 29 33 +35,1,18,0
350,2,2 3 35 36 38 43,1 8 18 24 29 33 +35,0,,0
350,3,2 4 9 23 31 33,1 8 18 24 29 33 +35,1,33,0
350,4,1 17 24 34 39 43,1 8 18 24 29 33 +35,2,1 24,0
350,5,3 32 34 35 37 44,1 8 18 24 29 33 +35,0,,0
350,6,9 23 31 37 38 39,1 8 18 24 29 33 +35,0,,0
350,7,3 14 19 21 25 42,1 8 18 24 29 33 +35,0,,0
350,8,3 15 21 23 37 40,1 8 18 24 29 33 +35,0,,0
350,9,5 12 15 18 25 43,1 8 18 24 29 33 +35,1,18,0
350,10,12 13 20 24 32 33,1 8 18 24 29 33 +35,2,24 33,0
351,1,5 6 21 32 35 38,5 25 27 29 34 36 +33,1,5,0
351,2,3 10 16 25 38 44,5 25 27 29 34 36 +33,1,25,0
351,3,6 11 21 32 37 39,5 25 27 29 34 36 +33,0,,0
351,4,3 9 12 35 36 40,5 25 27 29 34 36 +33,1,36,0
351,5,6 10 28 29 42 44,5 25 27 29 34 36 +33,1,29,0
351,6,3 8 10 18 30 37,5 25 27 29 34 36 +33,0,,0
351,7,5 8 9 25 39 43,5 25 27 29 34 36 +33,2,5 25,0
351,8,6 20 25 26 32 39,5 25 27 29 34 36 +33,1,25,0
351,9,13 14 17 37 43 44,5 25 27 29 34 36 +33,0,,0
351,10,9 11 14 31 36 40,5 25 27 29 34 36 +33,1,36,0
352,1,3 13 14 24 32 42,5 16 17 20 26 41 +24,0,,0
352,2,2 20 25 26 40 41,5 16 17 20 26 41 +24,3,20 26 41,5
352,3,4 7 15 18 28 31,5 16 17 20 26 41 +24,0,,0
352,4,10 23 32 36 37 45,5 16 17 20 26 41 +24,0,,0
352,5,4 10 26 31 42 45,5 16 17 20 26 41 +24,1,26,0
352,6,12 21 23 24 26 39,5 16 17 20 26 41 +24,1,26,0
352,7,3 4 17 19 21 37,5 16 17 20 26 41 +24,1,17,0
352,8,10 17 20 34 40 43,5 16 17 20 26 41 +24,2,17 20,0
352,9,3 8 20 33 35 39,5 16 17 20 26 41 +24,1,20,0
352,10,6 7 15 17 34 35,5 16 17 20 26 41 +24,1,17,0
353,1,13 15 18 26 30 38,11 16 19 22 29 36 +26,0,,0
353,2,4 7 10 12 26 32,11 16 19 22 29 36 +26,0,,0
353,3,10 12 14 26 27 36,11 16 19 22 29 36 +26,1,36,0
353,4,7 20 22 23 28 35,11 16 19 22 29 36 +26,1,22,0
353,5,18 28 29 32 33 34,11 16 19 22 29 36 +26,1,29,0
353,6,5 11 17 27 30 36,11 16 19 22 29 36 +26,2,11 36,0
353,7,7 10 23 27 31 39,11 16 19 22 29 36 +26,0,,0
353,8,1 2 23 29 42 43,11 16 19 22 29 36 +26,1,29,0
353,9,11 16 22 34 40 41,11 16 19 22 29 36 +26,3,11 16 22,5
353,10,13 19 25 31 36 37,11 16 19 22 29 36 +26,2,19 36,0
354,1,15 16 18 26 29 34,14 19 36 43 44 45 +1,0,,0
354,2,15 17 18 31 37 44,14 19 36 43 44 45 +1,1,44,0
354,3,5 13 18 23 33 44,14 19 36 43 44 45 +1,1,44,0
354,4,7 15 16 21 32 36,14 19 36 43 44 45 +1,1,36,0
354,5,3 4 5 13 28 39,14 19 36 43 44 45 +1,0,,0
354,6,2 4 12 19 38 45,14 19 36 43 44 45 +1,2,19 45,0
354,7,3 6 7 13 36 42,14 19 36 43 44 45 +1,1,36,0
354,8,1 11 31 39 43 45,14 19 36 43 44 45 +1,2,43 45,0
354,9,12 13 14 16 20 37,14 19 36 43 44 45 +1,1,14,0
354,10,7 12 22 29 33 42,14 19 36 43 44 45 +1,0,,0
355,1,2 10 31 32 38 40,5 8 29 30 35 44 +38,0,,0
355,2,3 7 21 29 42 44,5 8 29 30 35 44 +38,2,29 44,0
355,3,1 2 8 12 16 33,5 8 29 30 35 44 +38,1,8,0
355,4,3 16 21 38 41 45,5 8 29 30 35 44 +38,0,,0
355,5,12 18 21 29 39 41,5 8 29 30 35 44 +38,1,29,0
355,6,13 14 15 17 18 43,5 8 29 30 35 44 +38,0,,0
355,7,2 18 27 34 41 42,5 8 29 30 35 44 +38,0,,0
355,8,3 7 10 15 26 42,5 8 29 30 35 44 +38,0,,0
355,9,11 12 13 25 37 38,5 8 29 30 35 44 +38,0,,0
355,10,1 9 25 29 31 39,5 8 29 30 35 44 +38,1,29,0
356,1,5 13 15 16 30 38,2 8 14 25 29 45 +24,0,,0
356,2,8 11 15 22 38 45,2 8 14 25 29 45 +24,2,8 45,0
356,3,1 10 26 32 35 45,2 8 14 25 29 45 +24,1,45,0
356,4,11 14 17 30 39 43,2 8 14 25 29 45 +24,1,14,0
356,5,7 8 17 23 24 42,2 8 14 25 29 45 +24,1,8,0
356,6,2 4 9 12 21 40,2 8 14 25 29 45 +24,1,2,0
356,7,5 9 20 32 43 44,2 8 14 25 29 45 +24,0,,0
356,8,7 11 15 24 40 43,2 8 14 25 29 45 +24,0,,0
356,9,13 15 18 19 43 45,2 8 14 25 29 45 +24,1,45,0
356,10,11 13 33 38 42 45,2 8 14 25 29 45 +24,1,45,0
357,1,5 21 23 34 40 45,10 14 18 21 36 37 +5,1,21,0
357,2,8 11 16 17 18 38,10 14 18 21 36 37 +5,1,18,0
357,3,1 9 11 14 32 34,10 14 18 21 36 37 +5,1,14,0
357,4,2 3 10 13 44 45,10 14 18 21 36 37 +5,1,10,0
357,5,11 15 24 32 35 45,10 14 18 21 36 37 +5,0,,0
357,6,2 7 18 30 33 36,10 14 18 21 36 37 +5,2,18 36,0
357,7,3 8 15 24 29 34,10 14 18 21 36 37 +5,0,,0
357,8,4 23 26 31 32 33,10 14 18 21 36 37 +5,0,,0
357,9,7 10 12 16 21 22,10 14 18 21 36 37 +5,2,10 21,0
357,10,2 3 16 22 31 41,10 14 18 21 36 37 +5,0,,0
358,1,8 13 22 23 24 35,1 9 10 12 21 40 +37,0,,0
358,2,8 29 34 37 40 41,1 9 10 12 21 40 +37,1,40,0
358,3,1 3 9 25 26 44,1 9 10 12 21 40 +37,2,1 9,0
358,4,5 19 26 28 30 34,1 9 10 12 21 40 +37,0,,0
358,5,11 14 24 28 38 42,1 9 10 12 21 40 +37,0,,0
358,6,8 11 16 29 36 40,1 9 10 12 21 40 +37,1,40,0
358,7,2 7 12 24 26 38,1 9 10 12 21 40 +37,1,12,0
358,8,9 11 15 18 25 31,1 9 10 12 21 40 +37,1,9,0
358,9,5 6 18 23 39 45,1 9 10 12 21 40 +37,0,,0
358,10,1 3 5 11 41 42,1 9 10 12 21 40 +37,1,1,0
359,1,7 8 16 17 22 35,1 10 19 20 24 40 +23,0,,0
359,2,1 20 22 26 31 38,1 10 19 20 24 40 +23,2,1 20,0
359,3,1 8 13 16 26 34,1 10 19 20 24 40 +23,1,1,0
359,4,17 21 34 38 39 40,1 10 19 20 24 40 +23,1,40,0
359,5,3 8 10 20 33 40,1 10 19 20 24 40 +23,3,10 20 40,5
359,6,18 24 25 34 39 42,1 10 19 20 24 40 +23,1,24,0
359,7,1 3 10 23 31 45,1 10 19 20 24 40 +23,2,1 10,0
359,8,3 5 13 27 29 32,1 10 19 20 24 40 +23,0,,0
359,9,23 26 30 31 36 37,1 10 19 20 24 40 +23,0,,0
359,10,6 16 17 20 23 32,1 10 19 20 24 40 +23,1,20,0
360,1,3 22 24 31 43 45,4 16 23 25 35 40 +27,0,,0
360,2,8 9 16 21 25 43,4 16 23 25 35 40 +27,2,16 25,0
360,3,2 6 12 24 27 31,4 16 23 25 35 40 +27,0,,0
360,4,30 34 36 39 40 44,4 16 23 25 35 40 +27,1,40,0
360,5,1 23 24 30 33 38,4 16 23 25 35 40 +27,1,23,0
360,6,17 23 27 30 34 35,4 16 23 25 35 40 +27,2,23 35,0
360,7,21 25 33 34 38 41,4 16 23 25 35 40 +27,1,25,0
360,8,1 7 8 15 17 25,4 16 23 25 35 40 +27,1,25,0
360,9,3 11 13 22 27 35,4 16 23 25 35 40 +27,1,35,0
360,10,5 24 25 29 33 34,4 16 23 25 35 40 +27,1,25,0
361,1,8 11 14 24 28 34,5 10 16 24 27 35 +33,1,24,0
361,2,1 13 17 34 39 40,5 10 16 24 27 35 +33,0,,0
361,3,3 9 23 25 38 43,5 10 16 24 27 35 +33,0,,0
361,4,5 20 32 35 42 44,5 10 16 24 27 35 +33,2,5 35,0
361,5,16 20 22 38 41 44,5 10 16 24 27 35 +33,1,16,0
361,6,2 3 31 33 35 40,5 10 16 24 27 35 +33,1,35,0
361,7,2 9 15 23 25 31,5 10 16 24 27 35 +33,0,,0
361,8,6 9 14 18 25 41,5 10 16 24 27 35 +33,0,,0
361,9,22 23 28 29 37 41,5 10 16 24 27 35 +33,0,,0
361,10,15 29 31 40 42 43,5 10 16 24 27 35 +33,0,,0
362,1,6 9 10 39 43 44,2 3 22 27 30 40 +29,0,,0
362,2,1 18 27 42 43 45,2 3 22 27 30 40 +29,1,27,0
362,3,19 28 34 36 40 44,2 3 22 27 30 40 +29,1,40,0
362,4,5 10 19 25 33 34,2 3 22 27 30 40 +29,0,,0
362,5,8 9 11 29 32 40,2 3 22 27 30 40 +29,1,40,0
362,6,9 15 17 20 24 38,2 3 22 27 30 40 +29,0,,0
362,7,15 20 23 32 33 45,2 3 22 27 30 40 +29,0,,0
362,8,8 16 17 26 29 34,2 3 22 27 30 40 +29,0,,0
362,9,18 23 31 32 37 43,2 3 22 27 30 40 +29,0,,0
362,10,2 10 27 35 38 45,2 3 22 27 30 40 +29,2,2 27,0
363,1,3 4 9 21 26 31,11 12 14 21 32 38 +6,1,21,0
363,2,5 20 24 29 31 39,11 12 14 21 32 38 +6,0,,0
363,3,9 11 20 24 37 44,11 12 14 21 32 38 +6,1,11,0
363,4,3 4 5 21 32 35,11 12 14 21 32 38 +6,2,21 32,0
363,5,4 7 15 17 18 32,11 12 14 21 32 38 +6,1,32,0
363,6,7 8 17 22 23 31,11 12 14 21 32 38 +6,0,,0
363,7,4 5 6 11 18 22,11 12 14 21 32 38 +6,1,11,0
363,8,2 8 15 38 40 41,11 12 14 21 32 38 +6,1,38,0
363,9,14 16 18 22 25 39,11 12 14 21 32 38 +6,1,14,0
363,10,16 19 24 26 27 43,11 12 14 21 32 38 +6,0,,0
364,1,10 12 21 23 24 31,2 5 7 14 16 40 +4,0,,0
364,2,4 12 14 21 25 42,2 5 7 14 16 40 +4,1,14,0
364,3,4 6 8 23 25 44,2 5 7 14 16 40 +4,0,,0
364,4,4 14 16 17 26 28,2 5 7 14 16 40 +4,2,14 16,0
364,5,5 12 16 21 25 37,2 5 7 14 16 40 +4,2,5 16,0
364,6,1 4 8 15 25 28,2 5 7 14 16 40 +4,0,,0
364,7,4 6 20 21 35 40,2 5 7 14 16 40 +4,1,40,0
364,8,2 12 23 26 27 43,2 5 7 14 16 40 +4,1,2,0
364,9,1 4 17 23 41 43,2 5 7 14 16 40 +4,0,,0
364,10,1 6 14 15 22 42,2 5 7 14 16 40 +4,1,14,0
365,1,12 13 15 19 36 42,5 15 21 25 26 30 +31,1,15,0
365,2,11 17 29 33 36 44,5 15 21 25 26 30 +31,0,,0
365,3,19 26 28 29 31 36,5 15 21 25 26 30 +31,1,26,0
365,4,4 5 6 26 30 36,5 15 21 25 26 30 +31,3,5 26 30,5
365,5,10 23 36 39 44 45,5 15 21 25 26 30 +31,0,,0
365,6,2 6 16 18 27 42,5 15 21 25 26 30 +31,0,,0
365,7,34 38 40 41 42 43,5 15 21 25 26 30 +31,0,,0
365,8,3 8 10 17 30 35,5 15 21 25 26 30 +31,1,30,0
365,9,3 4 8 9 16 41,5 15 21 25 26 30 +31,0,,0
365,10,1 7 8 21 23 30,5 15 21 25 26 30 +31,2,21 30,0
366,1,8 16 32 39 44 45,5 12 19 26 27 44 +38,1,44,0
366,2,4 7 28 29 37 44,5 12 19 26 27 44 +38,1,44,0
366,3,6 8 13 18 19 39,5 12 19 26 27 44 +38,1,19,0
366,4,5 7 25 30 38 39,5 12 19 26 27 44 +38,1,5,0
366,5,17 19 32 33 37 42,5 12 19 26 27 44 +38,1,19,0
366,6,21 28 32 33 41 43,5 12 19 26 27 44 +38,0,,0
366,7,2 4 5 17 34 39,5 12 19 26 27 44 +38,1,5,0
366,8,10 25 31 32 37 41,5 12 19 26 27 44 +38,0,,0
366,9,9 13 17 23 34 42,5 12 19 26 27 44 +38,0,,0
366,10,2 4 22 30 40 42,5 12 19 26 27 44 +38,0,,0
367,1,18 20 37 39 42 44,3 22 25 29 32 44 +19,1,44,0
367,2,12 16 26 35 37 43,3 22 25 29 32 44 +19,0,,0
367,3,2 6 10 14 25 41,3 22 25 29 32 44 +19,1,25,0
367,4,10 14 15 22 34 37,3 22 25 29 32 44 +19,1,22,0
367,5,11 18 25 29 37 45,3 22 25 29 32 44 +19,2,25 29,0
367,6,5 13 25 36 40 41,3 22 25 29 32 44 +19,1,25,0
367,7,7 15 32 37 39 40,3 22 25 29 32 44 +19,1,32,0
367,8,27 30 31 37 38 39,3 22 25 29 32 44 +19,0,,0
367,9,1 16 23 42 43 44,3 22 25 29 32 44 +19,1,44,0
367,10,1 7 12 21 29 43,3 22 25 29 32 44 +19,1,29,0
368,1,2 4 10 16 43 44,11 21 24 30 39 45 +26,0,,0
368,2,8 9 12 15 34 45,11 21 24 30 39 45 +26,1,45,0
368,3,1 8 11 13 28 39,11 21 24 30 39 45 +26,2,11 39,0
368,4,5 26 27 29 43 44,11 21 24 30 39 45 +26,0,,0
368,5,10 19 20 22 30 44,11 21 24 30 39 45 +26,1,30,0
368,6,10 15 17 33 36 37,11 21 24 30 39 45 +26,0,,0
368,7,10 12 22 35 40 44,11 21 24 30 39 45 +26,0,,0
368,8,1 2 4 32 36 37,11 21 24 30 39 45 +26,0,,0
368,9,7 10 15 19 37 38,11 21 24 30 39 45 +26,0,,0
368,10,17 21 24 25 38 43,11 21 24 30 39 45 +26,2,21 24,0
369,1,19 22 26 38 39 40,17 20 35 36 41 43 +21,0,,0
369,2,3 14 22 34 38 40,17 20 35 36 41 43 +21,0,,0
369,3,7 11 26 28 40 43,17 20 35 36 41 43 +21,1,43,0
369,4,7 15 20 26 32 45,17 20 35 36 41 43 +21,1,20,0
369,5,3 10 13 20 22 38,17 20 35 36 41 43 +21,1,20,0
369,6,5 7 13 23 28 45,17 20 35 36 41 43 +21,0,,0
369,7,5 23 29 32 37 39,17 20 35 36 41 43 +21,0,,0
369,8,10 14 24 29 32 41,17 20 35 36 41 43 +21,1,41,0
369,9,6 17 23 30 33 40,17 20 35 36 41 43 +21,1,17,0
369,10,7 19 28 32 34 38,17 20 35 36 41 43 +21,0,,0
370,1,3 15 16 20 21 45,16 18 24 42 44 45 +17,2,16 45,0
370,2,11 15 21 32 34 39,16 18 24 42 44 45 +17,0,,0
370,3,12 18 19 29 35 45,16 18 24 42 44 45 +17,2,18 45,0
370,4,8 11 19 20 33 40,16 18 24 42 44 45 +17,0,,0
370,5,12 26 27 31 36 37,16 18 24 42 44 45 +17,0,,0
370,6,15 22 30 36 38 39,16 18 24 42 44 45 +17,0,,0
370,7,5 6 10 27 32 45,16 18 24 42 44 45 +17,1,45,0
370,8,2 5 23 24 35 36,16 18 24 42 44 45 +17,1,24,0
370,9,10 12 14 16 22 31,16 18 24 42 44 45 +17,1,16,0
370,10,6 17 24 25 27 33,16 18 24 42 44 45 +17,1,24,0
371,1,1 8 18 28 40 41,7 9 15 26 27 42 +18,0,,0
371,2,11 22 31 32 35 38,7 9 15 26 27 42 +18,0,,0
371,3,11 27 33 34 37 44,7 9 15 26 27 42 +18,1,27,0
371,4,7 12 20 35 38 45,7 9 15 26 27 42 +18,1,7,0
371,5,2 6 27 31 43 45,7 9 15 26 27 42 +18,1,27,0
371,6,3 28 30 33 34 45,7 9 15 26 27 42 +18,0,,0
371,7,25 27 29 34 35 37,7 9 15 26 27 42 +18,1,27,0
371,8,5 21 26 29 31 32,7 9 15 26 27 42 +18,1,26,0
371,9,13 14 22 32 37 42,7 9 15 26 27 42 +18,1,42,0
371,10,12 16 26 37 40 41,7 9 15 26 27 42 +18,1,26,0
372,1,6 13 20 24 36 41,8 11 14 16 18 21 +13,0,,0
372,2,4 11 26 30 31 34,8 11 14 16 18 21 +13,1,11,0
372,3,8 19 21 23 24 33,8 11 14 16 18 21 +13,2,8 21,0
372,4,3 8 18 29 32 36,8 11 14 16 18 21 +13,2,8 18,0
372,5,19 35 38 40 41 45,8 11 14 16 18 21 +13,0,,0
372,6,5 7 31 37 38 43,8 11 14 16 18 21 +13,0,,0
372,7,5 10 30 31 42 43,8 11 14 16 18 21 +13,0,,0
372,8,10 15 25 31 37 39,8 11 14 16 18 21 +13,0,,0
372,9,3 12 20 29 41 42,8 11 14 16 18 21 +13,0,,0
372,10,7 25 29 35 39 45,8 11 14 16 18 21 +13,0,,0
373,1,12 13 23 27 36 37,15 26 37 42 43 45 +9,1,37,0
373,2,4 8 11 25 37 45,15 26 37 42 43 45 +9,2,37 45,0
373,3,5 17 29 33 40 44,15 26 37 42 43 45 +9,0,,0
373,4,17 19 24 25 32 42,15 26 37 42 43 45 +9,1,42,0
373,5,13 21 22 33 38 41,15 26 37 42 43 45 +9,0,,0
373,6,1 3 8 10 40 43,15 26 37 42 43 45 +9,1,43,0
373,7,4 11 13 17 21 34,15 26 37 42 43 45 +9,0,,0
373,8,2 5 25 33 41 44,15 26 37 42 43 45 +9,0,,0
373,9,5 7 9 13 25 32,15 26 37 42 43 45 +9,0,,0
373,10,5 16 17 22 30 35,15 26 37 42 43 45 +9,0,,0
374,1,13 25 27 32 34 38,11 13 15 17 25 34 +26,3,13 25 34,5
374,2,10 23 31 36 37 41,11 13 15 17 25 34 +26,0,,0
374,3,7 11 18 29 41 45,11 13 15 17 25 34 +26,1,11,0
374,4,1 15 23 29 30 32,11 13 15 17 25 34 +26,1,15,0
374,5,5 16 17 26 27 43,11 13 15 17 25 34 +26,1,17,0
374,6,2 7 23 39 40 41,11 13 15 17 25 34 +26,0,,0
374,7,4 6 10 12 17 25,11 13 15 17 25 34 +26,2,17 25,0
374,8,13 17 25 32 39 45,11 13 15 17 25 34 +26,3,13 17 25,5
374,9,5 22 23 26 35 42,11 13 15 17 25 34 +26,0,,0
374,10,11 21 22 28 30 31,11 13 15 17 25 34 +26,1,11,0
375,1,6 24 30 36 38 45,4 8 19 25 27 45 +7,1,45,0
375,2,11 20 23 29 39 44,4 8 19 25 27 45 +7,0,,0
375,3,2 12 25 30 37 39,4 8 19 25 27 45 +7,1,25,0
375,4,8 15 17 22 36 40,4 8 19 25 27 45 +7,1,8,0
375,5,21 22 29 36 37 39,4 8 19 25 27 45 +7,0,,0
375,6,6 23 27 31 40 45,4 8 19 25 27 45 +7,2,27 45,0
375,7,3 7 23 24 33 38,4 8 19 25 27 45 +7,0,,0
375,8,12 14 23 28 35 39,4 8 19 25 27 45 +7,0,,0
375,9,5 10 13 24 28 40,4 8 19 25 27 45 +7,0,,0
375,10,6 10 12 15 24 34,4 8 19 25 27 45 +7,0,,0
376,1,1 3 21 29 35 45,1 11 13 24 28 40 +7,1,1,0
376,2,5 13 23 32 34 41,1 11 13 24 28 40 +7,1,13,0
376,3,5 18 31 38 42 44,1 11 13 24 28 40 +7,0,,0
376,4,8 13 15 19 22 24,1 11 13 24 28 40 +7,2,13 24,0
376,5,3 6 7 19 23 30,1 11 13 24 28 40 +7,0,,0
376,6,8 13 22 29 35 42,1 11 13 24 28 40 +7,1,13,0
376,7,5 7 13 16 31 39,1 11 13 24 28 40 +7,1,13,0
376,8,9 11 14 18 23 38,1 11 13 24 28 40 +7,1,11,0
376,9,1 4 12 16 31 42,1 11 13 24 28 40 +7,1,1,0
376,10,11 12 16 17 40 42,1 11 13 24 28 40 +7,2,11 40,0
377,1,11 14 25 30 33 36,6 22 29 37 43 45 +23,0,,0
377,2,3 5 17 19 20 41,6 22 29 37 43 45 +23,0,,0
377,3,19 21 23 30 33 45,6 22 29 37 43 45 +23,1,45,0
377,4,7 14 20 33 35 38,6 22 29 37 43 45 +23,0,,0
377,5,20 25 33 35 36 38,6 22 29 37 43 45 +23,0,,0
377,6,10 11 20 30 32 35,6 22 29 37 43 45 +23,0,,0
377,7,15 16 25 29 35 42,6 22 29 37 43 45 +23,1,29,0
377,8,11 17 25 27 30 31,6 22 29 37 43 45 +23,0,,0
377,9,4 16 19 25 27 41,6 22 29 37 43 45 +23,0,,0
377,10,14 16 18 25 39 44,6 22 29 37 43 45 +23,0,,0
378,1,15 21 31 33 35 39,5 22 29 31 34 39 +43,2,31 39,0
378,2,5 7 13 30 37 41,5 22 29 31 34 39 +43,1,5,0
378,3,4 18 19 22 24 40,5 22 29 31 34 39 +43,1,22,0
378,4,13 21 22 23 40 44,5 22 29 31 34 39 +43,1,22,0
378,5,5 18 32 33 38 43,5 22 29 31 34 39 +43,1,5,0
378,6,2 10 11 19 27 41,5 22 29 31 34 39 +43,0,,0
378,7,11 15 19 26 31 38,5 22 29 31 34 39 +43,1,31,0
378,8,15 26 27 31 32 39,5 22 29 31 34 39 +43,2,31 39,0
378,9,1 10 11 13 21 34,5 22 29 31 34 39 +43,1,34,0
378,10,2 13 21 22 44 45,5 22 29 31 34 39 +43,1,22,0
379,1,8 13 19 29 30 34,6 10 22 31 35 40 +19,0,,0
379,2,2 5 20 22 30 32,6 10 22 31 35 40 +19,1,22,0
379,3,18 21 26 27 31 43,6 10 22 31 35 40 +19,1,31,0
379,4,2 10 17 27 38 42,6 10 22 31 35 40 +19,1,10,0
379,5,6 14 26 28 34 42,6 10 22 31 35 40 +19,1,6,0
379,6,12 17 30 32 33 36,6 10 22 31 35 40 +19,0,,0
379,7,4 5 6 22 33 35,6 10 22 31 35 40 +19,3,6 22 35,5
379,8,1 3 6 7 36 38,6 10 22 31 35 40 +19,1,6,0
379,9,2 13 27 34 38 45,6 10 22 31 35 40 +19,0,,0
379,10,1 2 5 6 31 41,6 10 22 31 35 40 +19,2,6 31,0
380,1,4 9 16 29 36 41,1 2 8 17 26 37 +27,0,,0
380,2,4 5 11 27 30 45,1 2 8 17 26 37 +27,0,,0
380,3,5 10 19 30 32 35,1 2 8 17 26 37 +27,0,,0
380,4,3 5 18 19 23 32,1 2 8 17 26 37 +27,0,,0
380,5,9 10 17 32 33 43,1 2 8 17 26 37 +27,1,17,0
380,6,12 15 23 35 40 41,1 2 8 17 26 37 +27,0,,0
380,7,3 11 20 40 41 42,1 2 8 17 26 37 +27,0,,0
380,8,8 28 33 38 43 45,1 2 8 17 26 37 +27,1,8,0
380,9,1 5 15 31 36 39,1 2 8 17 26 37 +27,1,1,0
380,10,4 9 14 24 31 34,1 2 8 17 26 37 +27,0,,0
381,1,12 16 22 32 43 44,1 5 10 12 16 20 +11,2,12 16,0
381,2,10 14 15 37 40 44,1 5 10 12 16 20 +11,1,10,0
381,3,2 6 12 21 24 30,1 5 10 12 16 20 +11,1,12,0
381,4,12 21 27 29 31 44,1 5 10 12 16 20 +11,1,12,0
381,5,10 17 18 28 30 42,1 5 10 12 16 20 +11,1,10,0
381,6,7 10 16 31 34 39,1 5 10 12 16 20 +11,2,10 16,0
381,7,2 3 7 15 18 32,1 5 10 12 16 20 +11,0,,0
381,8,4 5 20 21 24 43,1 5 10 12 16 20 +11,2,5 20,0
381,9,17 19 24 29 35 39,1 5 10 12 16 20 +11,0,,0
381,10,13 14 20 33 35 44,1 5 10 12 16 20 +11,1,20,0
382,1,4 9 11 12 25 31,10 15 22 24 27 42 +19,0,,0
382,2,8 22 33 37 38 44,10 15 22 24 27 42 +19,1,22,0
382,3,13 17 24 35 37 39,10 15 22 24 27 42 +19,1,24,0
382,4,1 2 26 31 32 36,10 15 22 24 27 42 +19,0,,0
382,5,4 5 8 11 26 42,10 15 22 24 27 42 +19,1,42,0
382,6,11 15 18 22 30 39,10 15 22 24 27 42 +19,2,15 22,0
382,7,3 8 10 11 14 19,10 15 22 24 27 42 +19,1,10,0
382,8,11 18 24 32 43 45,10 15 22 24 27 42 +19,1,24,0
382,9,9 11 17 25 44 45,10 15 22 24 27 42 +19,0,,0
382,10,9 15 23 24 25 27,10 15 22 24 27 42 +19,3,15 24 27,5
383,1,1 7 20 29 34 44,4 15 28 33 37 40 +25,0,,0
383,2,4 9 17 26 40 41,4 15 28 33 37 40 +25,2,4 40,0
383,3,1 2 27 29 30 35,4 15 28 33 37 40 +25,0,,0
383,4,5 10 15 16 40 41,4 15 28 33 37 40 +25,2,15 40,0
383,5,10 20 21 27 36 38,4 15 28 33 37 40 +25,0,,0
383,6,1 5 13 22 23 24,4 15 28 33 37 40 +25,0,,0
383,7,4 11 32 42 43 44,4 15 28 33 37 40 +25,1,4,0
383,8,8 9 13 18 24 38,4 15 28 33 37 40 +25,0,,0
383,9,6 26 30 40 43 44,4 15 28 33 37 40 +25,1,40,0
383,10,4 9 14 28 32 44,4 15 28 33 37 40 +25,2,4 28,0
384,1,4 8 20 24 36 43,11 22 24 32 36 38 +7,2,24 36,0
384,2,1 7 16 27 29 32,11 22 24 32 36 38 +7,1,32,0
384,3,2 7 14 25 32 35,11 22 24 32 36 38 +7,1,32,0
384,4,4 5 6 11 32 39,11 22 24 32 36 38 +7,2,11 32,0
384,5,1 8 12 19 24 40,11 22 24 32 36 38 +7,1,24,0
384,6,14 16 21 28 31 37,11 22 24 32 36 38 +7,0,,0
384,7,6 7 19 28 30 43,11 22 24 32 36 38 +7,0,,0
384,8,2 11 13 27 28 36,11 22 24 32 36 38 +7,2,11 36,0
384,9,1 17 25 28 29 45,11 22 24 32 36 38 +7,0,,0
384,10,1 3 6 8 13 26,11 22 24 32 36 38 +7,0,,0
385,1,19 27 29 30 37 39,7 12 19 21 29 32 +9,2,19 29,0
385,2,6 11 17 32 36 42,7 12 19 21 29 32 +9,1,32,0
385,3,2 3 8 17 22 25,7 12 19 21 29 32 +9,0,,0
385,4,3 9 13 17 36 39,7 12 19 21 29 32 +9,0,,0
385,5,4 9 10 27 37 45,7 12 19 21 29 32 +9,0,,0
385,6,2 4 5 9 37 44,7 12 19 21 29 32 +9,0,,0
385,7,6 19 23 24 37 41,7 12 19 21 29 32 +9,1,19,0
385,8,6 10 15 29 30 37,7 12 19 21 29 32 +9,1,29,0
385,9,7 14 17 22 33 43,7 12 19 21 29 32 +9,1,7,0
385,10,5 9 28 31 32 39,7 12 19 21 29 32 +9,1,32,0
386,1,5 10 13 25 36 43,4 7 10 19 31 40 +26,1,10,0
386,2,22 26 30 32 35 38,4 7 10 19 31 40 +26,0,,0
386,3,12 16 19 20 22 23,4 7 10 19 31 40 +26,1,19,0
386,4,2 18 20 39 40 45,4 7 10 19 31 40 +26,1,40,0
386,5,3 13 18 26 36 37,4 7 10 19 31 40 +26,0,,0
386,6,8 14 20 25 27 39,4 7 10 19 31 40 +26,0,,0
386,7,1 2 15 25 28 30,4 7 10 19 31 40 +26,0,,0
386,8,3 10 13 27 30 37,4 7 10 19 31 40 +26,1,10,0
386,9,19 21 28 31 32 36,4 7 10 19 31 40 +26,2,19 31,0
386,10,8 9 18 25 37 39,4 7 10 19 31 40 +26,0,,0
387,1,6 28 36 38 39 44,1 26 31 34 40 43 +20,0,,0
387,2,3 13 14 15 20 32,1 26 31 34 40 43 +20,0,,0
387,3,9 11 25 33 38 44,1 26 31 34 40 43 +20,0,,0
387,4,3 5 8 10 25 42,1 26 31 34 40 43 +20,0,,0
387,5,4 6 9 20 29 36,1 26 31 34 40 43 +20,0,,0
387,6,6 7 11 22 44 45,1 26 31 34 40 43 +20,0,,0
387,7,6 7 11 24 39 40,1 26 31 34 40 43 +20,1,40,0
387,8,8 12 13 15 19 26,1 26 31 34 40 43 +20,1,26,0
387,9,1 9 20 24 38 45,1 26 31 34 40 43 +20,1,1,0
387,10,15 18 22 23 29 31,1 26 31 34 40 43 +20,1,31,0
388,1,1 4 10 14 21 23,1 8 9 17 29 32 +45,1,1,0
388,2,10 18 29 31 33 39,1 8 9 17 29 32 +45,1,29,0
388,3,5 8 21 24 38 40,1 8 9 17 29 32 +45,1,8,0
388,4,10 11 19 20 24 30,1 8 9 17 29 32 +45,0,,0
388,5,7 22 28 29 37 40,1 8 9 17 29 32 +45,1,29,0
388,6,12 14 15 16 20 32,1 8 9 17 29 32 +45,1,32,0
388,7,4 22 27 32 42 45,1 8 9 17 29 32 +45,1,32,0
388,8,1 7 10 17 30 45,1 8 9 17 29 32 +45,2,1 17,0
388,9,4 14 18 25 34 41,1 8 9 17 29 32 +45,0,,0
388,10,8 13 14 16 20 22,1 8 9 17 29 32 +45,1,8,0
389,1,1 13 15 20 27 37,7 16 18 20 23 26 +3,1,20,0
389,2,1 6 11 18 25 28,7 16 18 20 23 26 +3,1,18,0
389,3,2 5 23 29 36 38,7 16 18 20 23 26 +3,1,23,0
389,4,4 12 28 29 35 41,7 16 18 20 23 26 +3,0,,0
389,5,19 25 30 33 35 45,7 16 18 20 23 26 +3,0,,0
389,6,1 6 15 19 33 36,7 16 18 20 23 26 +3,0,,0
389,7,4 20 28 36 44 45,7 16 18 20 23 26 +3,1,20,0
389,8,4 7 27 32 44 45,7 16 18 20 23 26 +3,1,7,0
389,9,7 18 23 26 27 37,7 16 18 20 23 26 +3,4,7 18 23 26,4
389,10,1 22 25 26 33 36,7 16 18 20 23 26 +3,1,26,0
390,1,4 6 11 20 27 30,16 17 28 37 39 40 +15,0,,0
390,2,1 6 18 29 40 43,16 17 28 37 39 40 +15,1,40,0
390,3,7 22 26 36 39 44,16 17 28 37 39 40 +15,1,39,0
390,4,17 27 28 29 36 37,16 17 28 37 39 40 +15,3,17 28 37,5
390,5,2 23 24 28 34 35,16 17 28 37 39 40 +15,1,28,0
390,6,20 26 28 29 35 41,16 17 28 37 39 40 +15,1,28,0
390,7,20 26 31 33 35 41,16 17 28 37 39 40 +15,0,,0
390,8,12 17 26 34 36 40,16 17 28 37 39 40 +15,2,17 40,0
390,9,2 10 21 30 40 45,16 17 28 37 39 40 +15,1,40,0
390,10,15 17 21 23 24 43,16 17 28 37 39 40 +15,1,17,0
391,1,3 14 16 34 36 42,10 11 18 22 28 39 +30,0,,0
391,2,6 7 8 18 26 39,10 11 18 22 28 39 +30,2,18 39,0
391,3,10 11 22 37 43 44,10 11 18 22 28 39 +30,3,10 11 22,5
391,4,5 6 10 25 27 42,10 11 18 22 28 39 +30,1,10,0
391,5,2 3 8 30 36 45,10 11 18 22 28 39 +30,0,,0
391,6,3 7 9 20 24 43,10 11 18 22 28 39 +30,0,,0
391,7,17 24 35 36 41 45,10 11 18 22 28 39 +30,0,,0
391,8,8 19 21 22 25 44,10 11 18 22 28 39 +30,1,22,0
391,9,4 14 15 16 21 45,10 11 18 22 28 39 +30,0,,0
391,10,1 7 19 25 35 44,10 11 18 22 28 39 +30,0,,0
392,1,9 27 33 34 36 45,1 3 7 8 24 42 +43,0,,0
392,2,8 10 15 17 26 31,1 3 7 8 24 42 +43,1,8,0
392,3,1 15 18 21 34 41,1 3 7 8 24 42 +43,1,1,0
392,4,5 21 24 25 32 39,1 3 7 8 24 42 +43,1,24,0
392,5,8 9 10 13 17 35,1 3 7 8 24 42 +43,1,8,0
392,6,5 6 19 31 37 44,1 3 7 8 24 42 +43,0,,0
392,7,2 6 7 11 17 39,1 3 7 8 24 42 +43,1,7,0
392,8,2 13 18 33 37 45,1 3 7 8 24 42 +43,0,,0
392,9,10 23 26 28 35 43,1 3 7 8 24 42 +43,0,,0
392,10,1 5 18 24 36 42,1 3 7 8 24 42 +43,3,1 24 42,5
393,1,12 18 21 33 35 44,9 16 28 40 41 43 +21,0,,0
393,2,1 2 4 12 35 39,9 16 28 40 41 43 +21,0,,0
393,3,5 33 38 40 41 44,9 16 28 40 41 43 +21,2,40 41,0
393,4,13 17 19 32 38 44,9 16 28 40 41 43 +21,0,,0
393,5,9 10 13 29 42 43,9 16 28 40 41 43 +21,2,9 43,0
393,6,6 13 16 37 43 45,9 16 28 40 41 43 +21,2,16 43,0
393,7,12 24 25 30 34 41,9 16 28 40 41 43 +21,1,41,0
393,8,6 16 24 26 33 45,9 16 28 40 41 43 +21,1,16,0
393,9,11 12 15 18 34 39,9 16 28 40 41 43 +21,0,,0
393,10,5 19 26 33 42 45,9 16 28 40 41 43 +21,0,,0
394,1,7 16 17 18 35 45,1 13 20 22 25 28 +15,0,,0
394,2,3 10 16 35 40 43,1 13 20 22 25 28 +15,0,,0
394,3,2 4 5 10 14 31,1 13 20 22 25 28 +15,0,,0
394,4,9 11 14 19 25 30,1 13 20 22 25 28 +15,1,25,0
394,5,18 23 25 26 30 45,1 13 20 22 25 28 +15,1,25,0
394,6,2 9 11 20 28 38,1 13 20 22 25 28 +15,2,20 28,0
394,7,3 19 23 30 36 44,1 13 20 22 25 28 +15,0,,0
394,8,10 15 16 21 24 28,1 13 20 22 25 28 +15,1,28,0
394,9,1 2 20 38 39 45,1 13 20 22 25 28 +15,2,1 20,0
394,10,2 22 26 28 37 45,1 13 20 22 25 28 +15,2,22 28,0
395,1,7 18 31 34 36 38,11 15 20 26 31 35 +7,1,31,0
395,2,8 12 17 18 27 36,11 15 20 26 31 35 +7,0,,0
395,3,13 20 31 35 42 44,11 15 20 26 31 35 +7,3,20 31 35,5
395,4,4 5 6 10 17 29,11 15 20 26 31 35 +7,0,,0
395,5,5 15 16 24 26 30,11 15 20 26 31 35 +7,2,15 26,0
395,6,18 19 20 28 38 45,11 15 20 26 31 35 +7,1,20,0
395,7,5 12 14 28 34 35,11 15 20 26 31 35 +7,1,35,0
395,8,1 3 17 19 21 45,11 15 20 26 31 35 +7,0,,0
395,9,7 13 19 21 23 33,11 15 20 26 31 35 +7,0,,0
395,10,5 11 18 22 30 31,11 15 20 26 31 35 +7,2,11 31,0
396,1,13 19 23 26 33 39,18 20 31 34 40 45 +30,0,,0
396,2,5 19 31 34 35 38,18 20 31 34 40 45 +30,2,31 34,0
396,3,2 6 15 17 18 43,18 20 31 34 40 45 +30,1,18,0
396,4,2 6 17 26 39 43,18 20 31 34 40 45 +30,0,,0
396,5,7 10 12 16 22 32,18 20 31 34 40 45 +30,0,,0
396,6,2 12 27 31 35 41,18 20 31 34 40 45 +30,1,31,0
396,7,1 5 7 12 21 26,18 20 31 34 40 45 +30,0,,0
396,8,1 12 15 17 25 45,18 20 31 34 40 45 +30,1,45,0
396,9,3 5 6 13 18 42,18 20 31 34 40 45 +30,1,18,0
396,10,6 12 14 25 34 45,18 20 31 34 40 45 +30,2,34 45,0
397,1,1 7 22 30 36 43,12 13 17 22 25 33 +8,1,22,0
397,2,5 6 8 17 33 44,12 13 17 22 25 33 +8,2,17 33,0
397,3,6 23 24 28 35 42,12 13 17 22 25 33 +8,0,,0
397,4,5 18 23 33 39 41,12 13 17 22 25 33 +8,1,33,0
397,5,1 5 8 17 19 21,12 13 17 22 25 33 +8,1,17,0
397,6,10 16 17 20 21 43,12 13 17 22 25 33 +8,1,17,0
397,7,5 11 25 31 37 44,12 13 17 22 25 33 +8,1,25,0
397,8,2 11 14 23 34 45,12 13 17 22 25 33 +8,0,,0
397,9,7 9 18 22 27 34,12 13 17 22 25 33 +8,1,22,0
397,10,5 11 16 30 34 44,12 13 17 22 25 33 +8,0,,0
398,1,3 20 21 22 26 37,10 15 20 23 42 44 +7,1,20,0
398,2,1 2 11 19 25 27,10 15 20 23 42 44 +7,0,,0
398,3,9 16 19 27 31 33,10 15 20 23 42 44 +7,0,,0
398,4,12 14 28 34 40 45,10 15 20 23 42 44 +7,0,,0
398,5,7 12 20 37 44 45,10 15 20 23 42 44 +7,2,20 44,0
398,6,5 12 16 23 33 42,10 15 20 23 42 44 +7,2,23 42,0
398,7,6 8 9 19 31 45,10 15 20 23 42 44 +7,0,,0
398,8,1 12 34 35 36 38,10 15 20 23 42 44 +7,0,,0
398,9,1 13 30 36 38 44,10 15 20 23 42 44 +7,1,44,0
398,10,7 11 12 21 33 37,10 15 20 23 42 44 +7,0,,0
399,1,8 11 22 25 28 37,1 2 9 17 19 42 +20,0,,0
399,2,5 11 15 16 18 30,1 2 9 17 19 42 +20,0,,0
399,3,6 14 17 19 35 38,1 2 9 17 19 42 +20,2,17 19,0
399,4,19 22 34 36 39 42,1 2 9 17 19 42 +20,2,19 42,0
399,5,2 6 23 26 33 38,1 2 9 17 19 42 +20,1,2,0
399,6,6 28 29 37 38 45,1 2 9 17 19 42 +20,0,,0
399,7,3 14 20 24 37 40,1 2 9 17 19 42 +20,0,,0
399,8,5 7 18 33 41 44,1 2 9 17 19 42 +20,0,,0
399,9,10 11 13 20 32 33,1 2 9 17 19 42 +20,0,,0
399,10,6 7 18 30 31 45,1 2 9 17 19 42 +20,0,,0
400,1,1 22 24 29 39 43,9 21 27 34 41 43 +2,1,43,0
400,2,7 9 16 31 33 43,9 21 27 34 41 43 +2,2,9 43,0
400,3,5 6 14 33 40 43,9 21 27 34 41 43 +2,1,43,0
400,4,5 10 13 25 28 34,9 21 27 34 41 43 +2,1,34,0
400,5,5 8 22 27 31 42,9 21 27 34 41 43 +2,1,27,0
400,6,5 7 11 26 27 41,9 21 27 34 41 43 +2,2,27 41,0
400,7,5 21 23 41 43 44,9 21 27 34 41 43 +2,3,21 41 43,5
400,8,9 10 11 14 16 41,9 21 27 34 41 43 +2,2,9 41,0
400,9,1 6 23 31 33 45,9 21 27 34 41 43 +2,0,,0
400,10,4 8 25 37 39 41,9 21 27 34 41 43 +2,1,41,0
401,1,13 18 22 27 35 36,6 12 18 31 38 43 +9,1,18,0
401,2,1 27 29 31 38 40,6 12 18 31 38 43 +9,2,31 38,0
401,3,2 6 10 13 35 36,6 12 18 31 38 43 +9,1,6,0
401,4,4 17 34 35 39 44,6 12 18 31 38 43 +9,0,,0
401,5,5 13 15 35 41 44,6 12 18 31 38 43 +9,0,,0
401,6,1 4 8 13 28 32,6 12 18 31 38 43 +9,0,,0
401,7,5 7 28 31 34 44,6 12 18 31 38 43 +9,1,31,0
401,8,8 12 15 30 34 35,6 12 18 31 38 43 +9,1,12,0
401,9,6 23 29 33 37 38,6 12 18 31 38 43 +9,2,6 38,0
401,10,2 7 10 21 23 39,6 12 18 31 38 43 +9,0,,0
402,1,4 11 12 20 25 26,5 9 15 19 22 36 +32,0,,0
402,2,7 12 18 21 24 31,5 9 15 19 22 36 +32,0,,0
402,3,7 10 19 23 28 38,5 9 15 19 22 36 +32,1,19,0
402,4,3 11 12 31 32 40,5 9 15 19 22 36 +32,0,,0
402,5,2 11 14 18 23 39,5 9 15 19 22 36 +32,0,,0
402,6,6 7 10 20 36 38,5 9 15 19 22 36 +32,1,36,0
402,7,10 11 14 25 30 35,5 9 15 19 22 36 +32,0,,0
402,8,9 16 17 24 30 40,5 9 15 19 22 36 +32,1,9,0
402,9,8 11 14 19 34 38,5 9 15 19 22 36 +32,1,19,0
402,10,1 4 19 25 29 31,5 9 15 19 22 36 +32,1,19,0
403,1,8 10 20 24 37 43,10 14 22 24 28 37 +26,3,10 24 37,5
403,2,14 15 24 32 40 42,10 14 22 24 28 37 +26,2,14 24,0
403,3,1 7 14 15 17 18,10 14 22 24 28 37 +26,1,14,0
403,4,5 7 37 42 43 45,10 14 22 24 28 37 +26,1,37,0
403,5,5 8 12 18 20 41,10 14 22 24 28 37 +26,0,,0
403,6,7 9 20 30 38 43,10 14 22 24 28 37 +26,0,,0
403,7,2 24 34 37 38 42,10 14 22 24 28 37 +26,2,24 37,0
403,8,5 7 21 24 30 39,10 14 22 24 28 37 +26,1,24,0
403,9,3 6 9 13 22 36,10 14 22 24 28 37 +26,1,22,0
403,10,1 26 32 33 35 42,10 14 22 24 28 37 +26,0,,0
404,1,9 13 15 17 29 43,5 20 21 24 33 40 +36,0,,0
404,2,7 16 35 41 44 45,5 20 21 24 33 40 +36,0,,0
404,3,1 16 21 35 37 38,5 20 21 24 33 40 +36,1,21,0
404,4,6 15 20 23 28 32,5 20 21 24 33 40 +36,1,20,0
404,5,15 17 22 31 40 45,5 20 21 24 33 40 +36,1,40,0
404,6,5 15 16 20 28 29,5 20 21 24 33 40 +36,2,5 20,0
404,7,7 14 17 25 35 40,5 20 21 24 33 40 +36,1,40,0
404,8,4 17 36 37 40 43,5 20 21 24 33 40 +36,1,40,0
404,9,10 11 13 20 28 39,5 20 21 24 33 40 +36,1,20,0
404,10,1 15 17 20 22 29,5 20 21 24 33 40 +36,1,20,0
405,1,4 7 23 33 34 45,1 2 10 25 26 44 +4,0,,0
405,2,2 6 22 28 41 43,1 2 10 25 26 44 +4,1,2,0
405,3,19 24 30 35 38 43,1 2 10 25 26 44 +4,0,,0
405,4,2 4 8 26 27 28,1 2 10 25 26 44 +4,2,2 26,0
405,5,6 12 24 32 36 40,1 2 10 25 26 44 +4,0,,0
405,6,1 8 9 23 26 31,1 2 10 25 26 44 +4,2,1 26,0
405,7,8 12 13 20 27 29,1 2 10 25 26 44 +4,0,,0
405,8,2 11 13 26 31 38,1 2 10 25 26 44 +4,2,2 26,0
405,9,2 5 6 30 35 38,1 2 10 25 26 44 +4,1,2,0
405,10,14 16 18 29 38 42,1 2 10 25 26 44 +4,0,,0
406,1,2 4 20 28 41 43,7 12 21 24 27 36 +45,0,,0
406,2,2 12 15 21 33 42,7 12 21 24 27 36 +45,2,12 21,0
406,3,4 5 8 10 21 34,7 12 21 24 27 36 +45,1,21,0
406,4,2 5 19 28 31 37,7 12 21 24 27 36 +45,0,,0
406,5,6 9 20 24 30 41,7 12 21 24 27 36 +45,1,24,0
406,6,16 27 29 36 37 44,7 12 21 24 27 36 +45,2,27 36,0
406,7,13 19 22 33 37 40,7 12 21 24 27 36 +45,0,,0
406,8,8 19 32 34 39 40,7 12 21 24 27 36 +45,0,,0
406,9,3 10 17 24 25 45,7 12 21 24 27 36 +45,1,24,0
406,10,9 21 31 35 42 43,7 12 21 24 27 36 +45,1,21,0
407,1,3 6 18 30 35 40,6 7 13 16 24 25 +1,1,6,0
407,2,7 14 31 39 40 43,6 7 13 16 24 25 +1,1,7,0
407,3,3 6 18 30 38 45,6 7 13 16 24 25 +1,1,6,0
407,4,3 12 15 39 41 45,6 7 13 16 24 25 +1,0,,0
407,5,7 18 24 33 41 44,6 7 13 16 24 25 +1,2,7 24,0
407,6,10 12 20 30 32 37,6 7 13 16 24 25 +1,0,,0
407,7,15 20 25 33 40 44,6 7 13 16 24 25 +1,1,25,0
407,8,6 7 15 19 21 36,6 7 13 16 24 25 +1,2,6 7,0
407,9,4 8 14 19 35 43,6 7 13 16 24 25 +1,0,,0
407,10,4 11 27 33 35 36,6 7 13 16 24 25 +1,0,,0
408,1,9 14 18 37 38 40,9 20 21 22 30 37 +16,2,9 37,0
408,2,6 9 25 29 40 42,9 20 21 22 30 37 +16,1,9,0
408,3,5 7 18 32 37 40,9 20 21 22 30 37 +16,1,37,0
408,4,3 4 13 32 35 37,9 20 21 22 30 37 +16,1,37,0
408,5,7 14 24 33 36 44,9 20 21 22 30 37 +16,0,,0
408,6,8 10 17 22 28 33,9 20 21 22 30 37 +16,1,22,0
408,7,8 12 13 32 38 39,9 20 21 22 30 37 +16,0,,0
408,8,2 8 17 24 36 42,9 20 21 22 30 37 +16,0,,0
408,9,5 7 11 13 25 28,9 20 21 22 30 37 +16,0,,0
408,10,6 12 14 32 40 44,9 20 21 22 30 37 +16,0,,0
409,1,7 22 31 35 38 42,6 9 21 31 32 40 +38,1,31,0
409,2,26 27 35 38 40 45,6 9 21 31 32 40 +38,1,40,0
409,3,24 27 31 38 41 42,6 9 21 31 32 40 +38,1,31,0
409,4,6 14 22 25 39 42,6 9 21 31 32 40 +38,1,6,0
409,5,4 8 25 31 38 39,6 9 21 31 32 40 +38,1,31,0
409,6,8 10 18 19 39 43,6 9 21 31 32 40 +38,0,,0
409,7,9 17 18 21 29 41,6 9 21 31 32 40 +38,2,9 21,0
409,8,9 10 16 31 34 43,6 9 21 31 32 40 +38,2,9 31,0
409,9,17 25 31 37 38 44,6 9 21 31 32 40 +38,1,31,0
409,10,19 20 32 36 38 44,6 9 21 31 32 40 +38,1,32,0
410,1,8 10 19 23 26 36,1 3 18 32 40 41 +16,0,,0
410,2,2 12 18 29 39 44,1 3 18 32 40 41 +16,1,18,0
410,3,11 19 21 33 35 44,1 3 18 32 40 41 +16,0,,0
410,4,2 16 17 27 31 38,1 3 18 32 40 41 +16,0,,0
410,5,1 7 10 22 38 44,1 3 18 32 40 41 +16,1,1,0
410,6,4 13 15 33 34 44,1 3 18 32 40 41 +16,0,,0
410,7,7 9 13 17 18 33,1 3 18 32 40 41 +16,1,18,0
410,8,4 10 16 24 28 36,1 3 18 32 40 41 +16,0,,0
410,9,2 6 32 36 40 43,1 3 18 32 40 41 +16,2,32 40,0
410,10,1 19 20 33 35 42,1 3 18 32 40 41 +16,1,1,0
411,1,2 9 15 26 34 37,11 14 22 35 37 39 +5,1,37,0
411,2,1 7 9 11 32 34,11 14 22 35 37 39 +5,1,11,0
411,3,9 12 16 19 39 44,11 14 22 35 37 39 +5,1,39,0
411,4,20 21 27 32 35 37,11 14 22 35 37 39 +5,2,35 37,0
411,5,7 12 13 14 37 42,11 14 22 35 37 39 +5,2,14 37,0
411,6,2 4 14 32 33 38,11 14 22 35 37 39 +5,1,14,0
411,7,5 21 23 38 41 42,11 14 22 35 37 39 +5,0,,0
411,8,12 15 24 26 37 45,11 14 22 35 37 39 +5,1,37,0
411,9,6 11 17 19 41 42,11 14 22 35 37 39 +5,1,11,0
411,10,6 7 14 27 32 45,11 14 22 35 37 39 +5,1,14,0
412,1,11 13 34 38 44 45,4 7 39 41 42 45 +40,1,45,0
412,2,6 17 23 27 35 42,4 7 39 41 42 45 +40,1,42,0
412,3,1 7 10 19 24 28,4 7 39 41 42 45 +40,1,7,0
412,4,8 9 18 21 23 41,4 7 39 41 42 45 +40,1,41,0
412,5,4 6 15 24 36 41,4 7 39 41 42 45 +40,2,4 41,0
412,6,5 9 12 14 25 43,4 7 39 41 42 45 +40,0,,0
412,7,4 8 16 27 29 31,4 7 39 41 42 45 +40,1,4,0
412,8,6 8 19 25 29 33,4 7 39 41 42 45 +40,0,,0
412,9,20 27 30 31 36 37,4 7 39 41 42 45 +40,0,,0
412,10,9 10 16 22 23 44,4 7 39 41 42 45 +40,0,,0
413,1,2 11 12 19 35 44,2 9 15 23 34 40 +3,1,2,0
413,2,20 25 36 37 39 42,2 9 15 23 34 40 +3,0,,0
413,3,4 13 22 26 32 35,2 9 15 23 34 40 +3,0,,0
413,4,1 9 16 17 27 35,2 9 15 23 34 40 +3,1,9,0
413,5,8 14 15 16 18 40,2 9 15 23 34 40 +3,2,15 40,0
413,6,10 11 31 35 37 45,2 9 15 23 34 40 +3,0,,0
413,7,8 15 18 21 25 41,2 9 15 23 34 40 +3,1,15,0
413,8,5 10 35 40 41 43,2 9 15 23 34 40 +3,1,40,0
413,9,3 17 19 37 43 45,2 9 15 23 34 40 +3,0,,0
413,10,4 12 13 18 25 27,2 9 15 23 34 40 +3,0,,0
414,1,1 5 12 22 27 40,2 14 15 22 23 44 +43,1,22,0
414,2,6 8 11 33 34 39,2 14 15 22 23 44 +43,0,,0
414,3,1 3 15 27 34 35,2 14 15 22 23 44 +43,1,15,0
414,4,22 25 29 30 34 42,2 14 15 22 23 44 +43,1,22,0
414,5,15 19 21 34 36 42,2 14 15 22 23 44 +43,1,15,0
414,6,3 6 11 21 25 26,2 14 15 22 23 44 +43,0,,0
414,7,1 8 12 19 37 38,2 14 15 22 23 44 +43,0,,0
414,8,7 9 18 28 34 44,2 14 15 22 23 44 +43,1,44,0
414,9,3 6 7 14 15 21,2 14 15 22 23 44 +43,2,14 15,0
414,10,2 3 4 11 26 44,2 14 15 22 23 44 +43,2,2 44,0
415,1,5 11 16 17 34 37,7 17 20 26 30 40 +24,1,17,0
415,2,1 2 3 14 25 31,7 17 20 26 30 40 +24,0,,0
415,3,4 8 11 33 38 42,7 17 20 26 30 40 +24,0,,0
415,4,13 15 27 29 34 44,7 17 20 26 30 40 +24,0,,0
415,5,11 20 23 24 37 42,7 17 20 26 30 40 +24,1,20,0
415,6,13 21 25 28 29 42,7 17 20 26 30 40 +24,0,,0
415,7,8 9 15 27 33 43,7 17 20 26 30 40 +24,0,,0
415,8,7 15 28 37 39 41,7 17 20 26 30 40 +24,1,7,0
415,9,7 13 16 27 34 45,7 17 20 26 30 40 +24,1,7,0
415,10,10 12 20 30 40 42,7 17 20 26 30 40 +24,3,20 30 40,5
416,1,17 23 28 30 31 38,5 6 8 11 22 26 +44,0,,0
416,2,2 7 17 20 33 34,5 6 8 11 22 26 +44,0,,0
416,3,2 14 19 24 28 32,5 6 8 11 22 26 +44,0,,0
416,4,1 2 14 19 29 35,5 6 8 11 22 26 +44,0,,0
416,5,6 17 19 20 39 45,5 6 8 11 22 26 +44,1,6,0
416,6,4 14 17 18 39 45,5 6 8 11 22 26 +44,0,,0
416,7,1 6 16 26 27 40,5 6 8 11 22 26 +44,2,6 26,0
416,8,9 11 19 24 33 34,5 6 8 11 22 26 +44,1,11,0
416,9,5 17 20 28 34 43,5 6 8 11 22 26 +44,1,5,0
416,10,3 5 15 19 25 39,5 6 8 11 22 26 +44,1,5,0
417,1,21 23 27 32 39 40,4 5 14 20 22 43 +44,0,,0
417,2,3 5 10 11 18 29,4 5 14 20 22 43 +44,1,5,0
417,3,4 15 17 32 33 37,4 5 14 20 22 43 +44,1,4,0
417,4,9 20 22 23 34 39,4 5 14 20 22 43 +44,2,20 22,0
417,5,2 10 21 23 30 35,4 5 14 20 22 43 +44,0,,0
417,6,2 16 19 20 38 42,4 5 14 20 22 43 +44,1,20,0
417,7,2 10 14 19 35 43,4 5 14 20 22 43 +44,2,14 43,0
417,8,5 8 13 23 30 36,4 5 14 20 22 43 +44,1,5,0
417,9,5 15 16 25 38 44,4 5 14 20 22 43 +44,1,5,0
417,10,3 12 14 24 28 32,4 5 14 20 22 43 +44,1,14,0
418,1,6 12 13 28 31 36,11 13 15 26 28 34 +31,2,13 28,0
418,2,1 12 16 21 22 25,11 13 15 26 28 34 +31,0,,0
418,3,4 31 33 35 38 41,11 13 15 26 28 34 +31,0,,0
418,4,4 6 8 24 39 42,11 13 15 26 28 34 +31,0,,0
418,5,2 7 15 26 33 45,11 13 15 26 28 34 +31,2,15 26,0
418,6,7 10 12 20 35 42,11 13 15 26 28 34 +31,0,,0
418,7,14 17 19 28 38 40,11 13 15 26 28 34 +31,1,28,0
418,8,10 15 18 37 43 44,11 13 15 26 28 34 +31,1,15,0
418,9,2 16 17 19 28 30,11 13 15 26 28 34 +31,1,28,0
418,10,3 13 14 25 30 33,11 13 15 26 28 34 +31,1,13,0
419,1,16 19 20 25 37 42,2 11 13 14 28 30 +7,0,,0
419,2,22 23 29 35 38 44,2 11 13 14 28 30 +7,0,,0
419,3,1 5 21 36 40 42,2 11 13 14 28 30 +7,0,,0
419,4,2 8 14 25 34 45,2 11 13 14 28 30 +7,2,2 14,0
419,5,3 15 16 17 20 30,2 11 13 14 28 30 +7,1,30,0
419,6,5 6 7 15 24 41,2 11 13 14 28 30 +7,0,,0
419,7,13 26 27 39 41 44,2 11 13 14 28 30 +7,1,13,0
419,8,15 24 25 33 43 44,2 11 13 14 28 30 +7,0,,0
419,9,5 8 24 35 37 41,2 11 13 14 28 30 +7,0,,0
419,10,2 16 21 27 33 41,2 11 13 14 28 30 +7,1,2,0
420,1,5 9 11 12 20 41,4 9 10 29 31 34 +27,1,9,0
420,2,6 9 10 25 33 44,4 9 10 29 31 34 +27,2,9 10,0
420,3,4 5 7 15 29 37,4 9 10 29 31 34 +27,2,4 29,0
420,4,8 15 16 22 25 29,4 9 10 29 31 34 +27,1,29,0
420,5,5 16 18 31 35 45,4 9 10 29 31 34 +27,1,31,0
420,6,20 29 33 34 43 45,4 9 10 29 31 34 +27,2,29 34,0
420,7,10 11 23 30 33 42,4 9 10 29 31 34 +27,1,10,0
420,8,14 21 25 27 37 40,4 9 10 29 31 34 +27,0,,0
420,9,19 22 34 35 37 40,4 9 10 29 31 34 +27,1,34,0
420,10,3 6 16 34 42 45,4 9 10 29 31 34 +27,1,34,0
421,1,9 24 27 29 33 37,6 11 26 27 28 44 +30,1,27,0
421,2,11 15 32 33 39 43,6 11 26 27 28 44 +30,1,11,0
421,3,1 16 17 18 19 38,6 11 26 27 28 44 +30,0,,0
421,4,8 11 14 20 21 37,6 11 26 27 28 44 +30,1,11,0
421,5,5 18 33 38 40 42,6 11 26 27 28 44 +30,0,,0
421,6,3 5 13 24 27 35,6 11 26 27 28 44 +30,1,27,0
421,7,17 24 27 38 40 44,6 11 26 27 28 44 +30,2,27 44,0
421,8,1 10 19 23 26 43,6 11 26 27 28 44 +30,1,26,0
421,9,3 22 25 29 36 45,6 11 26 27 28 44 +30,0,,0
421,10,7 13 14 17 25 43,6 11 26 27 28 44 +30,0,,0
422,1,15 18 19 38 42 43,8 15 19 21 34 44 +12,2,15 19,0
422,2,4 7 12 20 31 37,8 15 19 21 34 44 +12,0,,0
422,3,4 9 10 14 26 44,8 15 19 21 34 44 +12,1,44,0
422,4,2 18 27 35 41 44,8 15 19 21 34 44 +12,1,44,0
422,5,15 17 28 29 40 45,8 15 19 21 34 44 +12,1,15,0
422,6,4 23 30 31 39 45,8 15 19 21 34 44 +12,0,,0
422,7,2 12 26 32 36 38,8 15 19 21 34 44 +12,0,,0
422,8,7 8 10 14 32 34,8 15 19 21 34 44 +12,2,8 34,0
422,9,4 16 17 32 35 45,8 15 19 21 34 44 +12,0,,0
422,10,5 9 18 20 21 41,8 15 19 21 34 44 +12,1,21,0
423,1,11 13 26 28 29 31,1 17 27 28 29 40 +5,2,28 29,0
423,2,1 17 26 28 29 41,1 17 27 28 29 40 +5,4,1 17 28 29,4
423,3,13 14 18 27 36 45,1 17 27 28 29 40 +5,1,27,0
423,4,3 23 24 32 33 43,1 17 27 28 29 40 +5,0,,0
423,5,3 6 20 26 34 39,1 17 27 28 29 40 +5,0,,0
423,6,3 11 24 33 39 44,1 17 27 28 29 40 +5,0,,0
423,7,8 11 15 17 20 30,1 17 27 28 29 40 +5,1,17,0
423,8,3 9 13 14 28 33,1 17 27 28 29 40 +5,1,28,0
423,9,1 13 21 32 40 43,1 17 27 28 29 40 +5,2,1 40,0
423,10,2 5 12 14 38 40,1 17 27 28 29 40 +5,1,40,0
424,1,5 6 24 25 36 41,10 11 26 31 34 44 +30,0,,0
424,2,5 9 19 27 34 40,10 11 26 31 34 44 +30,1,34,0
424,3,12 14 19 33 38 45,10 11 26 31 34 44 +30,0,,0
424,4,4 6 19 24 37 43,10 11 26 31 34 44 +30,0,,0
424,5,2 15 21 27 36 42,10 11 26 31 34 44 +30,0,,0
424,6,3 7 14 22 27 30,10 11 26 31 34 44 +30,0,,0
424,7,10 12 22 33 40 45,10 11 26 31 34 44 +30,1,10,0
424,8,6 8 18 26 35 42,10 11 26 31 34 44 +30,1,26,0
424,9,7 20 26 29 30 40,10 11 26 31 34 44 +30,1,26,0
424,10,2 5 29 33 40 44,10 11 26 31 34 44 +30,1,44,0
425,1,9 14 17 20 32 38,8 10 14 27 33 38 +3,2,14 38,0
425,2,2 6 29 30 32 34,8 10 14 27 33 38 +3,0,,0
425,3,8 10 13 20 24 44,8 10 14 27 33 38 +3,2,8 10,0
425,4,3 9 20 34 39 44,8 10 14 27 33 38 +3,0,,0
425,5,16 20 27 29 30 39,8 10 14 27 33 38 +3,1,27,0
425,6,2 18 20 26 28 39,8 10 14 27 33 38 +3,0,,0
425,7,5 23 30 37 43 45,8 10 14 27 33 38 +3,0,,0
425,8,5 9 21 27 32 34,8 10 14 27 33 38 +3,1,27,0
425,9,4 9 14 26 29 30,8 10 14 27 33 38 +3,1,14,0
425,10,7 13 16 24 34 43,8 10 14 27 33 38 +3,0,,0
426,1,5 7 20 23 26 30,4 17 18 27 39 43 +19,0,,0
426,2,9 11 12 14 26 37,4 17 18 27 39 43 +19,0,,0
426,3,13 17 20 32 34 41,4 17 18 27 39 43 +19,1,17,0
426,4,5 9 32 33 38 41,4 17 18 27 39 43 +19,0,,0
426,5,5 10 16 27 34 37,4 17 18 27 39 43 +19,1,27,0
426,6,5 24 33 37 41 44,4 17 18 27 39 43 +19,0,,0
426,7,1 2 5 10 11 22,4 17 18 27 39 43 +19,0,,0
426,8,1 5 15 17 21 43,4 17 18 27 39 43 +19,2,17 43,0
426,9,9 10 13 16 18 30,4 17 18 27 39 43 +19,1,18,0
426,10,5 9 10 30 32 45,4 17 18 27 39 43 +19,0,,0
427,1,3 8 19 20 24 42,6 7 15 24 28 30 +21,1,24,0
427,2,6 8 10 35 42 43,6 7 15 24 28 30 +21,1,6,0
427,3,4 6 7 12 28 41,6 7 15 24 28 30 +21,3,6 7 28,5
427,4,12 16 26 30 32 45,6 7 15 24 28 30 +21,1,30,0
427,5,8 11 17 31 36 41,6 7 15 24 28 30 +21,0,,0
427,6,7 12 32 39 43 44,6 7 15 24 28 30 +21,1,7,0
427,7,6 22 25 26 34 37,6 7 15 24 28 30 +21,1,6,0
427,8,17 28 32 38 40 42,6 7 15 24 28 30 +21,1,28,0
427,9,15 17 20 21 23 39,6 7 15 24 28 30 +21,1,15,0
427,10,4 10 15 16 42 43,6 7 15 24 28 30 +21,1,15,0
428,1,10 15 16 27 36 40,12 16 19 22 37 40 +8,2,16 40,0
428,2,8 15 22 25 43 44,12 16 19 22 37 40 +8,1,22,0
428,3,5 6 9 11 20 25,12 16 19 22 37 40 +8,0,,0
428,4,15 18 22 32 36 43,12 16 19 22 37 40 +8,1,22,0
428,5,2 3 12 19 41 42,12 16 19 22 37 40 +8,2,12 19,0
428,6,3 5 8 9 19 28,12 16 19 22 37 40 +8,1,19,0
428,7,7 8 14 17 22 27,12 16 19 22 37 40 +8,1,22,0
428,8,4 6 11 18 24 26,12 16 19 22 37 40 +8,0,,0
428,9,16 18 20 23 25 42,12 16 19 22 37 40 +8,1,16,0
428,10,10 18 19 23 35 41,12 16 19 22 37 40 +8,1,19,0
429,1,2 9 24 29 31 35,3 23 28 34 39 42 +16,0,,0
429,2,7 12 14 19 22 44,3 23 28 34 39 42 +16,0,,0
429,3,8 14 18 26 29 43,3 23 28 34 39 42 +16,0,,0
429,4,4 18 27 32 38 41,3 23 28 34 39 42 +16,0,,0
429,5,8 18 28 29 37 45,3 23 28 34 39 42 +16,1,28,0
429,6,9 15 18 20 28 40,3 23 28 34 39 42 +16,1,28,0
429,7,2 7 12 18 29 43,3 23 28 34 39 42 +16,0,,0
429,8,3 9 14 17 18 21,3 23 28 34 39 42 +16,1,3,0
429,9,4 11 13 19 29 31,3 23 28 34 39 42 +16,0,,0
429,10,19 23 25 31 39 41,3 23 28 34 39 42 +16,2,23 39,0
430,1,16 18 27 41 42 43,1 3 16 18 30 34 +44,2,16 18,0
430,2,1 12 13 25 39 40,1 3 16 18 30 34 +44,1,1,0
430,3,9 11 17 23 36 37,1 3 16 18 30 34 +44,0,,0
430,4,7 16 19 30 35 41,1 3 16 18 30 34 +44,2,16 30,0
430,5,23 29 33 36 42 44,1 3 16 18 30 34 +44,0,,0
430,6,9 13 22 24 36 44,1 3 16 18 30 34 +44,0,,0
430,7,12 19 23 26 27 32,1 3 16 18 30 34 +44,0,,0
430,8,8 29 34 38 39 43,1 3 16 18 30 34 +44,1,34,0
430,9,1 24 36 37 39 40,1 3 16 18 30 34 +44,1,1,0
430,10,2 4 8 19 34 37,1 3 16 18 30 34 +44,1,34,0
431,1,3 5 12 21 32 36,18 22 25 31 38 45 +6,0,,0
431,2,7 10 21 27 31 39,18 22 25 31 38 45 +6,1,31,0
431,3,8 11 13 31 33 42,18 22 25 31 38 45 +6,1,31,0
431,4,1 5 7 8 16 25,18 22 25 31 38 45 +6,1,25,0
431,5,3 16 18 23 28 33,18 22 25 31 38 45 +6,1,18,0
431,6,3 13 14 15 26 42,18 22 25 31 38 45 +6,0,,0
431,7,1 4 15 17 22 37,18 22 25 31 38 45 +6,1,22,0
431,8,10 13 28 30 34 35,18 22 25 31 38 45 +6,0,,0
431,9,3 11 13 18 20 40,18 22 25 31 38 45 +6,1,18,0
431,10,10 13 16 17 20 40,18 22 25 31 38 45 +6,0,,0
432,1,8 24 26 29 34 43,2 3 5 11 27 39 +33,0,,0
432,2,2 17 19 21 26 31,2 3 5 11 27 39 +33,1,2,0
432,3,5 17 31 40 42 44,2 3 5 11 27 39 +33,1,5,0
432,4,3 25 27 31 38 41,2 3 5 11 27 39 +33,2,3 27,0
432,5,1 8 18 26 29 39,2 3 5 11 27 39 +33,1,39,0
432,6,7 9 13 14 25 42,2 3 5 11 27 39 +33,0,,0
432,7,3 7 9 21 39 40,2 3 5 11 27 39 +33,2,3 39,0
432,8,4 8 17 37 43 45,2 3 5 11 27 39 +33,0,,0
432,9,4 7 9 18 32 35,2 3 5 11 27 39 +33,0,,0
432,10,3 4 13 27 31 43,2 3 5 11 27 39 +33,2,3 27,0
433,1,8 15 21 25 27 30,19 23 29 33 35 43 +27,0,,0
433,2,2 6 13 15 28 41,19 23 29 33 35 43 +27,0,,0
433,3,16 22 35 40 41 43,19 23 29 33 35 43 +27,2,35 43,0
433,4,2 6 8 18 24 37,19 23 29 33 35 43 +27,0,,0
433,5,6 17 18 23 29 39,19 23 29 33 35 43 +27,2,23 29,0
433,6,7 19 21 28 35 37,19 23 29 33 35 43 +27,2,19 35,0
433,7,12 13 16 18 32 36,19 23 29 33 35 43 +27,0,,0
433,8,22 33 34 39 40 44,19 23 29 33 35 43 +27,1,33,0
433,9,5 8 9 14 22 23,19 23 29 33 35 43 +27,1,23,0
433,10,3 11 24 35 39 41,19 23 29 33 35 43 +27,1,35,0
434,1,7 14 19 22 24 41,3 13 20 24 33 37 +35,1,24,0
434,2,4 14 21 23 31 34,3 13 20 24 33 37 +35,0,,0
434,3,6 9 12 25 27 33,3 13 20 24 33 37 +35,1,33,0
434,4,8 9 26 28 39 40,3 13 20 24 33 37 +35,0,,0
434,5,2 8 9 20 43 45,3 13 20 24 33 37 +35,1,20,0
434,6,11 12 17 33 38 44,3 13 20 24 33 37 +35,1,33,0
434,7,11 21 23 26 34 40,3 13 20 24 33 37 +35,0,,0
434,8,9 18 22 24 29 37,3 13 20 24 33 37 +35,2,24 37,0
434,9,13 17 27 42 43 45,3 13 20 24 33 37 +35,1,13,0
434,10,16 21 32 33 37 41,3 13 20 24 33 37 +35,2,33 37,0
435,1,5 6 19 25 28 30,8 16 26 30 38 45 +42,1,30,0
435,2,1 10 15 35 41 45,8 16 26 30 38 45 +42,1,45,0
435,3,14 18 23 25 26 36,8 16 26 30 38 45 +42,1,26,0
435,4,8 23 26 30 31 42,8 16 26 30 38 45 +42,3,8 26 30,5
435,5,6 13 20 27 33 43,8 16 26 30 38 45 +42,0,,0
435,6,7 9 13 18 31 44,8 16 26 30 38 45 +42,0,,0
435,7,8 9 13 19 20 42,8 16 26 30 38 45 +42,1,8,0
435,8,4 5 17 21 38 41,8 16 26 30 38 45 +42,1,38,0
435,9,8 10 15 23 25 37,8 16 26 30 38 45 +42,1,8,0
435,10,3 11 31 32 36 39,8 16 26 30 38 45 +42,0,,0
436,1,6 7 25 33 36 44,9 14 20 22 33 34 +28,1,33,0
436,2,2 4 11 12 13 37,9 14 20 22 33 34 +28,0,,0
436,3,13 17 22 29 34 37,9 14 20 22 33 34 +28,2,22 34,0
436,4,20 21 22 28 38 44,9 14 20 22 33 34 +28,2,20 22,0
436,5,4 8 26 31 33 39,9 14 20 22 33 34 +28,1,33,0
436,6,1 14 27 31 32 33,9 14 20 22 33 34 +28,2,14 33,0
436,7,1 2 7 31 32 36,9 14 20 22 33 34 +28,0,,0
436,8,1 12 14 22 29 34,9 14 20 22 33 34 +28,3,14 22 34,5
436,9,2 4 13 15 29 35,9 14 20 22 33 34 +28,0,,0
436,10,5 6 18 32 37 39,9 14 20 22 33 34 +28,0,,0
437,1,8 9 18 30 34 42,11 16 29 38 41 44 +21,0,,0
437,2,1 4 25 27 36 45,11 16 29 38 41 44 +21,0,,0
437,3,3 5 11 16 17 34,11 16 29 38 41 44 +21,2,11 16,0
437,4,25 30 31 33 42 44,11 16 29 38 41 44 +21,1,44,0
437,5,3 6 7 16 33 42,11 16 29 38 41 44 +21,1,16,0
437,6,4 13 24 25 29 43,11 16 29 38 41 44 +21,1,29,0
437,7,12 14 23 26 35 37,11 16 29 38 41 44 +21,0,,0
437,8,9 17 21 24 26 35,11 16 29 38 41 44 +21,0,,0
437,9,4 8 15 20 22 26,11 16 29 38 41 44 +21,0,,0
437,10,8 13 27 36 38 39,11 16 29 38 41 44 +21,1,38,0
438,1,3 19 33 37 42 45,6 12 20 26 29 38 +45,0,,0
438,2,2 7 9 14 30 38,6 12 20 26 29 38 +45,1,38,0
438,3,3 10 11 15 29 44,6 12 20 26 29 38 +45,1,29,0
438,4,2 7 12 17 21 24,6 12 20 26 29 38 +45,1,12,0
438,5,14 16 17 30 41 43,6 12 20 26 29 38 +45,0,,0
438,6,9 14 21 36 40 43,6 12 20 26 29 38 +45,0,,0
438,7,4 7 23 30 41 43,6 12 20 26 29 38 +45,0,,0
438,8,5 9 13 18 34 36,6 12 20 26 29 38 +45,0,,0
438,9,4 6 21 32 38 43,6 12 20 26 29 38 +45,2,6 38,0
438,10,13 20 24 31 38 43,6 12 20 26 29 38 +45,2,20 38,0
439,1,1 2 7 17 19 42,17 20 30 31 37 40 +25,1,17,0
439,2,3 23 25 30 37 39,17 20 30 31 37 40 +25,2,30 37,0
439,3,9 16 25 32 37 38,17 20 30 31 37 40 +25,1,37,0
439,4,5 21 23 27 36 40,17 20 30 31 37 40 +25,1,40,0
439,5,12 18 25 27 38 40,17 20 30 31 37 40 +25,1,40,0
439,6,9 10 14 16 29 35,17 20 30 31 37 40 +25,0,,0
439,7,7 8 15 17 19 21,17 20 30 31 37 40 +25,1,17,0
439,8,4 5 6 22 28 45,17 20 30 31 37 40 +25,0,,0
439,9,1 2 5 11 17 22,17 20 30 31 37 40 +25,1,17,0
439,10,3 18 20 26 34 41,17 20 30 31 37 40 +25,1,20,0
440,1,1 2 28 36 42 45,10 22 28 34 36 44 +2,2,28 36,0
440,2,1 10 17 22 25 29,10 22 28 34 36 44 +2,2,10 22,0
440,3,10 14 22 23 27 36,10 22 28 34 36 44 +2,3,10 22 36,5
440,4,2 14 16 17 19 30,10 22 28 34 36 44 +2,0,,0
440,5,9 12 19 24 30 39,10 22 28 34 36 44 +2,0,,0
440,6,3 7 18 19 39 42,10 22 28 34 36 44 +2,0,,0
440,7,4 8 17 31 32 34,10 22 28 34 36 44 +2,1,34,0
440,8,1 2 14 28 32 41,10 22 28 34 36 44 +2,1,28,0
440,9,2 24 27 28 35 40,10 22 28 34 36 44 +2,1,28,0
440,10,1 4 8 29 33 40,10 22 28 34 36 44 +2,0,,0
441,1,4 15 21 23 29 35,1 23 28 30 34 35 +9,2,23 35,0
441,2,4 9 15 21 34 41,1 23 28 30 34 35 +9,1,34,0
441,3,3 7 13 26 31 33,1 23 28 30 34 35 +9,0,,0
441,4,2 19 21 29 30 36,1 23 28 30 34 35 +9,1,30,0
441,5,4 11 21 28 44 45,1 23 28 30 34 35 +9,1,28,0
441,6,1 8 9 14 18 23,1 23 28 30 34 35 +9,2,1 23,0
441,7,4 21 33 37 42 45,1 23 28 30 34 35 +9,0,,0
441,8,14 15 22 25 27 45,1 23 28 30 34 35 +9,0,,0
441,9,1 24 29 37 38 39,1 23 28 30 34 35 +9,1,1,0
441,10,4 6 7 15 29 37,1 23 28 30 34 35 +9,0,,0
442,1,7 14 24 25 30 32,25 27 29 36 38 40 +41,1,25,0
442,2,15 17 19 22 34 41,25 27 29 36 38 40 +41,0,,0
442,3,17 22 33 39 40 43,25 27 29 36 38 40 +41,1,40,0
442,4,1 3 7 14 38 39,25 27 29 36 38 40 +41,1,38,0
442,5,3 4 16 29 33 45,25 27 29 36 38 40 +41,1,29,0
442,6,21 22 23 27 37 44,25 27 29 36 38 40 +41,1,27,0
442,7,2 10 23 35 39 43,25 27 29 36 38 40 +41,0,,0
442,8,10 31 34 36 41 45,25 27 29 36 38 40 +41,1,36,0
442,9,1 20 23 26 35 43,25 27 29 36 38 40 +41,0,,0
442,10,5 8 13 21 29 36,25 27 29 36 38 40 +41,2,29 36,0
443,1,6 11 27 41 42 43,4 6 10 19 20 44 +14,1,6,0
443,2,2 6 28 29 37 38,4 6 10 19 20 44 +14,1,6,0
443,3,9 12 25 29 42 43,4 6 10 19 20 44 +14,0,,0
443,4,5 16 24 30 39 45,4 6 10 19 20 44 +14,0,,0
443,5,5 7 9 16 24 37,4 6 10 19 20 44 +14,0,,0
443,6,5 7 14 25 33 40,4 6 10 19 20 44 +14,0,,0
443,7,4 5 15 21 37 42,4 6 10 19 20 44 +14,1,4,0
443,8,4 5 8 15 18 40,4 6 10 19 20 44 +14,1,4,0
443,9,1 2 4 16 33 35,4 6 10 19 20 44 +14,1,4,0
443,10,5 12 20 22 36 42,4 6 10 19 20 44 +14,1,20,0
444,1,9 21 29 31 36 44,11 13 23 35 43 45 +17,0,,0
444,2,18 27 28 31 39 43,11 13 23 35 43 45 +17,1,43,0
444,3,4 16 27 35 41 44,11 13 23 35 43 45 +17,1,35,0
444,4,4 12 16 27 28 31,11 13 23 35 43 45 +17,0,,0
444,5,11 17 29 34 39 43,11 13 23 35 43 45 +17,2,11 43,0
444,6,7 10 11 17 29 45,11 13 23 35 43 45 +17,2,11 45,0
444,7,12 15 32 34 40 42,11 13 23 35 43 45 +17,0,,0
444,8,14 20 22 29 33 44,11 13 23 35 43 45 +17,0,,0
444,9,14 17 21 33 36 42,11 13 23 35 43 45 +17,0,,0
444,10,1 10 12 15 26 28,11 13 23 35 43 45 +17,0,,0
445,1,2 3 7 17 39 45,13 20 21 30 39 45 +32,2,39 45,0
445,2,5 14 17 22 37 38,13 20 21 30 39 45 +32,0,,0
445,3,10 11 16 33 38 44,13 20 21 30 39 45 +32,0,,0
445,4,9 12 16 17 35 44,13 20 21 30 39 45 +32,0,,0
445,5,1 11 13 27 35 40,13 20 21 30 39 45 +32,1,13,0
445,6,3 22 25 27 34 42,13 20 21 30 39 45 +32,0,,0
445,7,7 13 27 29 37 43,13 20 21 30 39 45 +32,1,13,0
445,8,14 16 24 34 36 42,13 20 21 30 39 45 +32,0,,0
445,9,11 13 16 19 38 41,13 20 21 30 39 45 +32,1,13,0
445,10,6 19 21 24 32 45,13 20 21 30 39 45 +32,2,21 45,0
446,1,1 7 8 10 14 41,1 11 12 14 26 35 +6,2,1 14,0
446,2,12 17 22 33 38 41,1 11 12 14 26 35 +6,1,12,0
446,3,8 9 34 38 41 42,1 11 12 14 26 35 +6,0,,0
446,4,9 14 24 25 33 36,1 11 12 14 26 35 +6,1,14,0
446,5,11 13 17 29 35 42,1 11 12 14 26 35 +6,2,11 35,0
446,6,4 14 20 26 31 42,1 11 12 14 26 35 +6,2,14 26,0
446,7,11 13 17 20 39 45,1 11 12 14 26 35 +6,1,11,0
446,8,10 14 27 35 38 45,1 11 12 14 26 35 +6,2,14 35,0
446,9,2 6 11 16 21 38,1 11 12 14 26 35 +6,1,11,0
446,10,3 5 10 12 21 35,1 11 12 14 26 35 +6,2,12 35,0
447,1,24 28 32 39 44 45,2 7 8 9 17 33 +34,0,,0
447,2,11 12 14 16 26 33,2 7 8 9 17 33 +34,1,33,0
447,3,9 17 25 29 34 36,2 7 8 9 17 33 +34,2,9 17,0
447,4,3 6 12 29 30 38,2 7 8 9 17 33 +34,0,,0
447,5,12 18 26 28 42 44,2 7 8 9 17 33 +34,0,,0
447,6,4 6 26 40 44 45,2 7 8 9 17 33 +34,0,,0
447,7,2 4 7 17 33 45,2 7 8 9 17 33 +34,4,2 7 17 33,4
447,8,7 15 27 29 34 37,2 7 8 9 17 33 +34,1,7,0
447,9,1 8 25 29 35 40,2 7 8 9 17 33 +34,1,8,0
447,10,12 17 20 24 35 44,2 7 8 9 17 33 +34,1,17,0
448,1,8 9 19 22 23 40,3 7 13 27 40 41 +36,1,40,0
448,2,4 21 23 31 37 40,3 7 13 27 40 41 +36,1,40,0
448,3,5 11 15 20 27 40,3 7 13 27 40 41 +36,2,27 40,0
448,4,5 14 24 30 34 35,3 7 13 27 40 41 +36,0,,0
448,5,4 11 17 36 38 43,3 7 13 27 40 41 +36,0,,0
448,6,7 8 11 13 26 37,3 7 13 27 40 41 +36,2,7 13,0
448,7,5 6 11 18 20 35,3 7 13 27 40 41 +36,0,,0
448,8,8 14 16 19 40 45,3 7 13 27 40 41 +36,1,40,0
448,9,5 12 17 33 40 41,3 7 13 27 40 41 +36,2,40 41,0
448,10,2 15 16 22 25 35,3 7 13 27 40 41 +36,0,,0
449,1,2 7 16 27 29 30,3 10 20 26 35 43 +36,0,,0
449,2,4 5 17 26 31 40,3 10 20 26 35 43 +36,1,26,0
449,3,5 17 25 38 40 43,3 10 20 26 35 43 +36,1,43,0
449,4,16 26 30 33 41 42,3 10 20 26 35 43 +36,1,26,0
449,5,1 19 35 38 39 45,3 10 20 26 35 43 +36,1,35,0
449,6,11 17 24 34 40 45,3 10 20 26 35 43 +36,0,,0
449,7,1 3 17 20 27 30,3 10 20 26 35 43 +36,2,3 20,0
449,8,3 16 17 28 29 36,3 10 20 26 35 43 +36,1,3,0
449,9,8 15 31 32 36 41,3 10 20 26 35 43 +36,0,,0
449,10,3 13 14 20 33 42,3 10 20 26 35 43 +36,2,3 20,0
450,1,3 26 29 31 34 39,6 14 19 21 23 31 +13,1,31,0
450,2,9 18 26 28 31 36,6 14 19 21 23 31 +13,1,31,0
450,3,3 4 10 14 38 39,6 14 19 21 23 31 +13,1,14,0
450,4,19 20 24 29 32 39,6 14 19 21 23 31 +13,1,19,0
450,5,1 14 16 19 30 32,6 14 19 21 23 31 +13,2,14 19,0
450,6,3 6 10 13 14 16,6 14 19 21 23 31 +13,2,6 14,0
450,7,3 4 6 13 20 23,6 14 19 21 23 31 +13,2,6 23,0
450,8,6 7 12 13 36 41,6 14 19 21 23 31 +13,1,6,0
450,9,4 6 17 22 26 28,6 14 19 21 23 31 +13,1,6,0
450,10,2 20 21 24 33 37,6 14 19 21 23 31 +13,1,21,0
451,1,9 11 15 20 27 32,12 15 20 24 30 38 +29,2,15 20,0
451,2,3 8 14 19 25 26,12 15 20 24 30 38 +29,0,,0
451,3,5 8 12 16 28 31,12 15 20 24 30 38 +29,1,12,0
451,4,9 14 15 18 24 44,12 15 20 24 30 38 +29,2,15 24,0
451,5,4 11 14 21 28 41,12 15 20 24 30 38 +29,0,,0
451,6,4 15 18 26 27 38,12 15 20 24 30 38 +29,2,15 38,0
451,7,3 19 25 32 34 37,12 15 20 24 30 38 +29,0,,0
451,8,15 26 28 29 39 41,12 15 20 24 30 38 +29,1,15,0
451,9,3 4 9 16 26 30,12 15 20 24 30 38 +29,1,30,0
451,10,2 3 15 17 37 44,12 15 20 24 30 38 +29,1,15,0
452,1,13 15 20 23 31 43,8 10 18 30 32 34 +27,0,,0
452,2,5 8 20 31 36 43,8 10 18 30 32 34 +27,1,8,0
452,3,6 9 13 22 24 43,8 10 18 30 32 34 +27,0,,0
452,4,16 27 28 29 37 44,8 10 18 30 32 34 +27,0,,0
452,5,5 10 11 34 37 42,8 10 18 30 32 34 +27,2,10 34,0
452,6,14 29 31 34 35 45,8 10 18 30 32 34 +27,1,34,0
452,7,10 24 29 31 32 41,8 10 18 30 32 34 +27,2,10 32,0
452,8,6 8 17 22 30 32,8 10 18 30 32 34 +27,3,8 30 32,5
452,9,3 20 22 28 39 43,8 10 18 30 32 34 +27,0,,0
452,10,7 17 22 25 26 30,8 10 18 30 32 34 +27,1,30,0
453,1,10 15 20 30 33 39,12 24 33 38 40 42 +30,1,33,0
453,2,12 21 24 29 34 38,12 24 33 38 40 42 +30,3,12 24 38,5
453,3,11 13 29 34 36 42,12 24 33 38 40 42 +30,1,42,0
453,4,10 21 23 30 35 38,12 24 33 38 40 42 +30,1,38,0
453,5,18 27 32 33 36 40,12 24 33 38 40 42 +30,2,33 40,0
453,6,13 14 27 31 33 40,12 24 33 38 40 42 +30,2,33 40,0
453,7,12 17 34 35 40 42,12 24 33 38 40 42 +30,3,12 40 42,5
453,8,1 12 20 22 24 44,12 24 33 38 40 42 +30,2,12 24,0
453,9,2 18 21 24 28 33,12 24 33 38 40 42 +30,2,24 33,0
453,10,2 22 27 34 40 42,12 24 33 38 40 42 +30,2,40 42,0
454,1,5 13 16 18 19 35,13 25 27 34 38 41 +10,1,13,0
454,2,8 15 18 19 28 38,13 25 27 34 38 41 +10,1,38,0
454,3,3 13 14 28 35 44,13 25 27 34 38 41 +10,1,13,0
454,4,3 9 10 13 33 35,13 25 27 34 38 41 +10,1,13,0
454,5,1 5 9 15 32 34,13 25 27 34 38 41 +10,1,34,0
454,6,10 17 21 26 35 36,13 25 27 34 38 41 +10,0,,0
454,7,1 6 9 13 29 30,13 25 27 34 38 41 +10,1,13,0
454,8,12 13 29 30 33 41,13 25 27 34 38 41 +10,2,13 41,0
454,9,10 22 25 34 37 45,13 25 27 34 38 41 +10,2,25 34,0
454,10,5 12 31 39 42 44,13 25 27 34 38 41 +10,0,,0
455,1,15 26 28 29 35 44,4 19 20 26 30 35 +24,2,26 35,0
455,2,6 13 17 23 30 44,4 19 20 26 30 35 +24,1,30,0
455,3,7 22 26 29 30 33,4 19 20 26 30 35 +24,2,26 30,0
455,4,4 16 17 25 28 40,4 19 20 26 30 35 +24,1,4,0
455,5,2 14 17 22 37 43,4 19 20 26 30 35 +24,0,,0
455,6,9 20 23 30 44 45,4 19 20 26 30 35 +24,2,20 30,0
455,7,1 11 15 17 20 37,4 19 20 26 30 35 +24,1,20,0
455,8,1 21 22 27 39 40,4 19 20 26 30 35 +24,0,,0
455,9,5 7 8 12 30 32,4 19 20 26 30 35 +24,1,30,0
455,10,10 21 23 32 36 38,4 19 20 26 30 35 +24,0,,0
456,1,3 5 12 13 14 17,1 7 12 18 23 27 +44,1,12,0
456,2,8 9 11 14 17 41,1 7 12 18 23 27 +44,0,,0
456,3,11 18 19 22 25 36,1 7 12 18 23 27 +44,1,18,0
456,4,8 10 15 18 27 43,1 7 12 18 23 27 +44,2,18 27,0
456,5,8 11 14 24 38 41,1 7 12 18 23 27 +44,0,,0
456,6,1 5 20 24 25 42,1 7 12 18 23 27 +44,1,1,0
456,7,2 3 8 18 21 33,1 7 12 18 23 27 +44,1,18,0
456,8,1 20 32 36 37 42,1 7 12 18 23 27 +44,1,1,0
456,9,10 17 24 26 29 30,1 7 12 18 23 27 +44,0,,0
456,10,16 23 26 38 41 45,1 7 12 18 23 27 +44,1,23,0
457,1,10 23 27 32 37 38,8 10 18 23 27 40 +33,3,10 23 27,5
457,2,4 12 25 30 32 40,8 10 18 23 27 40 +33,1,40,0
457,3,3 7 19 26 29 40,8 10 18 23 27 40 +33,1,40,0
457,4,15 19 29 33 34 40,8 10 18 23 27 40 +33,1,40,0
457,5,2 22 26 40 44 45,8 10 18 23 27 40 +33,1,40,0
457,6,18 24 25 31 38 45,8 10 18 23 27 40 +33,1,18,0
457,7,1 3 8 29 31 38,8 10 18 23 27 40 +33,1,8,0
457,8,19 21 27 29 30 34,8 10 18 23 27 40 +33,1,27,0
457,9,21 23 24 25 29 31,8 10 18 23 27 40 +33,1,23,0
457,10,7 15 23 25 29 31,8 10 18 23 27 40 +33,1,23,0
458,1,1 8 17 23 28 39,4 9 10 32 36 40 +18,0,,0
458,2,1 6 11 13 27 37,4 9 10 32 36 40 +18,0,,0
458,3,1 2 5 23 36 42,4 9 10 32 36 40 +18,1,36,0
458,4,2 13 24 28 31 44,4 9 10 32 36 40 +18,0,,0
458,5,5 24 30 32 39 45,4 9 10 32 36 40 +18,1,32,0
458,6,4 15 16 20 27 29,4 9 10 32 36 40 +18,1,4,0
458,7,10 12 21 24 31 35,4 9 10 32 36 40 +18,1,10,0
458,8,5 7 13 31 36 43,4 9 10 32 36 40 +18,1,36,0
458,9,11 12 14 26 40 44,4 9 10 32 36 40 +18,1,40,0
458,10,3 10 18 28 33 38,4 9 10 32 36 40 +18,1,10,0
459,1,1 2 8 14 32 41,4 6 10 14 25 40 +12,1,14,0
459,2,5 8 16 25 33 38,4 6 10 14 25 40 +12,1,25,0
459,3,11 16 30 31 35 40,4 6 10 14 25 40 +12,1,40,0
459,4,3 9 15 19 29 30,4 6 10 14 25 40 +12,0,,0
459,5,9 11 12 19 39 44,4 6 10 14 25 40 +12,0,,0
459,6,17 18 23 25 27 42,4 6 10 14 25 40 +12,1,25,0
459,7,11 16 18 24 29 42,4 6 10 14 25 40 +12,0,,0
459,8,4 8 18 19 20 25,4 6 10 14 25 40 +12,2,4 25,0
459,9,3 13 19 23 27 29,4 6 10 14 25 40 +12,0,,0
459,10,3 4 38 40 43 44,4 6 10 14 25 40 +12,2,4 40,0
460,1,10 19 33 39 40 41,8 11 28 30 43 45 +41,0,,0
460,2,3 15 31 35 36 44,8 11 28 30 43 45 +41,0,,0
460,3,9 10 12 16 33 36,8 11 28 30 43 45 +41,0,,0
460,4,1 11 21 27 35 36,8 11 28 30 43 45 +41,1,11,0
460,5,1 2 19 20 21 40,8 11 28 30 43 45 +41,0,,0
460,6,1 10 19 26 30 40,8 11 28 30 43 45 +41,1,30,0
460,7,8 15 19 31 32 44,8 11 28 30 43 45 +41,1,8,0
460,8,2 3 5 27 42 43,8 11 28 30 43 45 +41,1,43,0
460,9,1 3 5 20 25 26,8 11 28 30 43 45 +41,0,,0
460,10,2 17 25 42 43 45,8 11 28 30 43 45 +41,2,43 45,0
461,1,9 10 17 31 39 40,11 18 26 31 37 40 +43,2,31 40,0
461,2,9 31 32 35 43 45,11 18 26 31 37 40 +43,1,31,0
461,3,5 12 14 18 19 38,11 18 26 31 37 40 +43,1,18,0
461,4,6 9 19 30 41 44,11 18 26 31 37 40 +43,0,,0
461,5,2 8 13 25 40 41,11 18 26 31 37 40 +43,1,40,0
461,6,1 9 11 22 32 35,11 18 26 31 37 40 +43,1,11,0
461,7,4 9 14 21 33 45,11 18 26 31 37 40 +43,0,,0
461,8,30 33 35 36 39 41,11 18 26 31 37 40 +43,0,,0
461,9,7 10 11 18 36 42,11 18 26 31 37 40 +43,2,11 18,0
461,10,6 18 21 23 39 43,11 18 26 31 37 40 +43,1,18,0
462,1,20 29 31 32 35 37,3 20 24 32 37 45 +4,3,20 32 37,5
462,2,23 27 29 30 42 44,3 20 24 32 37 45 +4,0,,0
462,3,3 7 8 23 31 36,3 20 24 32 37 45 +4,1,3,0
462,4,1 12 13 17 32 39,3 20 24 32 37 45 +4,1,32,0
462,5,3 4 10 19 32 41,3 20 24 32 37 45 +4,2,3 32,0
462,6,9 14 22 26 39 42,3 20 24 32 37 45 +4,0,,0
462,7,2 8 14 25 32 38,3 20 24 32 37 45 +4,1,32,0
462,8,3 11 18 23 24 32,3 20 24 32 37 45 +4,3,3 24 32,5
462,9,3 8 9 12 25 38,3 20 24 32 37 45 +4,1,3,0
462,10,25 27 30 37 39 43,3 20 24 32 37 45 +4,1,37,0
463,1,2 15 26 27 38 40,23 29 31 33 34 44 +40,0,,0
463,2,2 15 19 29 30 44,23 29 31 33 34 44 +40,2,29 44,0
463,3,5 13 14 17 25 30,23 29 31 33 34 44 +40,0,,0
463,4,2 14 16 23 37 45,23 29 31 33 34 44 +40,1,23,0
463,5,2 12 15 29 31 39,23 29 31 33 34 44 +40,2,29 31,0
463,6,22 23 24 25 29 42,23 29 31 33 34 44 +40,2,23 29,0
463,7,11 12 13 26 33 41,23 29 31 33 34 44 +40,1,33,0
463,8,17 24 25 32 40 41,23 29 31 33 34 44 +40,0,,0
463,9,1 2 5 14 27 32,23 29 31 33 34 44 +40,0,,0
463,10,8 9 11 14 21 40,23 29 31 33 34 44 +40,0,,0
464,1,17 21 25 30 40 42,6 12 15 34 42 44 +4,1,42,0
464,2,9 10 26 30 31 35,6 12 15 34 42 44 +4,0,,0
464,3,4 16 33 35 37 42,6 12 15 34 42 44 +4,1,42,0
464,4,2 4 27 35 39 42,6 12 15 34 42 44 +4,1,42,0
464,5,3 7 23 24 32 41,6 12 15 34 42 44 +4,0,,0
464,6,14 15 18 24 31 35,6 12 15 34 42 44 +4,1,15,0
464,7,13 20 24 29 32 35,6 12 15 34 42 44 +4,0,,0
464,8,10 11 17 33 40 45,6 12 15 34 42 44 +4,0,,0
464,9,4 11 14 18 27 38,6 12 15 34 42 44 +4,0,,0
464,10,2 3 17 30 37 38,6 12 15 34 42 44 +4,0,,0
465,1,21 26 28 30 41 42,1 8 11 13 22 38 +31,0,,0
465,2,1 6 27 35 39 41,1 8 11 13 22 38 +31,1,1,0
465,3,11 12 21 22 31 37,1 8 11 13 22 38 +31,2,11 22,0
465,4,2 6 10 12 22 32,1 8 11 13 22 38 +31,1,22,0
465,5,5 6 10 26 29 42,1 8 11 13 22 38 +31,0,,0
465,6,13 20 25 33 38 44,1 8 11 13 22 38 +31,2,13 38,0
465,7,10 11 14 15 16 23,1 8 11 13 22 38 +31,1,11,0
465,8,1 2 5 19 40 41,1 8 11 13 22 38 +31,1,1,0
465,9,1 3 9 15 16 22,1 8 11 13 22 38 +31,2,1 22,0
465,10,10 14 16 28 32 35,1 8 11 13 22 38 +31,0,,0
466,1,1 8 11 14 18 35,4 10 13 23 32 44 +20,0,,0
466,2,1 23 29 36 37 44,4 10 13 23 32 44 +20,2,23 44,0
466,3,6 17 21 24 25 30,4 10 13 23 32 44 +20,0,,0
466,4,1 19 26 31 40 43,4 10 13 23 32 44 +20,0,,0
466,5,13 17 25 28 35 44,4 10 13 23 32 44 +20,2,13 44,0
466,6,5 11 15 19 20 31,4 10 13 23 32 44 +20,0,,0
466,7,11 12 14 16 18 39,4 10 13 23 32 44 +20,0,,0
466,8,5 23 24 28 31 41,4 10 13 23 32 44 +20,1,23,0
466,9,4 19 20 34 39 40,4 10 13 23 32 44 +20,1,4,0
466,10,5 10 11 41 44 45,4 10 13 23 32 44 +20,2,10 44,0
467,1,8 10 18 27 32 34,2 12 14 17 24 40 +39,0,,0
467,2,7 20 27 29 31 37,2 12 14 17 24 40 +39,0,,0
467,3,16 19 20 26 35 39,2 12 14 17 24 40 +39,0,,0
467,4,5 11 12 22 27 37,2 12 14 17 24 40 +39,1,12,0
467,5,1 8 33 36 38 43,2 12 14 17 24 40 +39,0,,0
467,6,5 15 18 32 41 44,2 12 14 17 24 40 +39,0,,0
467,7,1 11 29 31 40 42,2 12 14 17 24 40 +39,1,40,0
467,8,9 14 29 30 36 37,2 12 14 17 24 40 +39,1,14,0
467,9,1 16 18 21 36 44,2 12 14 17 24 40 +39,0,,0
467,10,2 3 5 12 24 33,2 12 14 17 24 40 +39,3,2 12 24,5
468,1,4 17 19 36 39 44,8 13 15 28 37 43 +17,0,,0
468,2,7 8 11 20 35 38,8 13 15 28 37 43 +17,1,8,0
468,3,8 20 28 34 44 45,8 13 15 28 37 43 +17,2,8 28,0
468,4,3 5 10 19 22 39,8 13 15 28 37 43 +17,0,,0
468,5,20 22 28 29 35 43,8 13 15 28 37 43 +17,2,28 43,0
468,6,2 6 14 17 34 39,8 13 15 28 37 43 +17,0,,0
468,7,9 16 18 30 32 37,8 13 15 28 37 43 +17,1,37,0
468,8,6 9 14 22 24 44,8 13 15 28 37 43 +17,0,,0
468,9,2 7 31 41 44 45,8 13 15 28 37 43 +17,0,,0
468,10,14 17 31 35 37 43,8 13 15 28 37 43 +17,2,37 43,0
469,1,3 4 8 13 14 35,4 21 22 34 37 38 +33,1,4,0
469,2,11 12 27 29 33 43,4 21 22 34 37 38 +33,0,,0
469,3,3 13 18 25 30 33,4 21 22 34 37 38 +33,0,,0
469,4,11 14 30 37 40 45,4 21 22 34 37 38 +33,1,37,0
469,5,8 13 20 24 35 43,4 21 22 34 37 38 +33,0,,0
469,6,7 19 21 24 25 40,4 21 22 34 37 38 +33,1,21,0
469,7,1 19 33 35 36 38,4 21 22 34 37 38 +33,1,38,0
469,8,16 26 28 37 38 39,4 21 22 34 37 38 +33,2,37 38,0
469,9,13 18 20 23 25 36,4 21 22 34 37 38 +33,0,,0
469,10,2 5 18 23 36 37,4 21 22 34 37 38 +33,1,37,0
470,1,10 12 15 30 31 39,10 16 20 39 41 42 +27,2,10 39,0
470,2,10 11 15 18 26 38,10 16 20 39 41 42 +27,1,10,0
470,3,9 11 14 19 43 45,10 16 20 39 41 42 +27,0,,0
470,4,19 20 23 32 38 45,10 16 20 39 41 42 +27,1,20,0
470,5,13 30 36 37 38 41,10 16 20 39 41 42 +27,1,41,0
470,6,2 5 16 36 40 41,10 16 20 39 41 42 +27,2,16 41,0
470,7,3 9 13 18 19 32,10 16 20 39 41 42 +27,0,,0
470,8,4 6 23 33 34 38,10 16 20 39 41 42 +27,0,,0
470,9,3 5 12 14 30 43,10 16 20 39 41 42 +27,0,,0
470,10,3 13 14 27 30 44,10 16 20 39 41 42 +27,0,,0
471,1,18 20 26 41 42 43,6 13 29 37 39 41 +43,1,41,0
471,2,2 7 23 24 32 35,6 13 29 37 39 41 +43,0,,0
471,3,7 16 23 24 40 41,6 13 29 37 39 41 +43,1,41,0
471,4,13 15 16 20 42 43,6 13 29 37 39 41 +43,1,13,0
471,5,9 17 18 24 27 45,6 13 29 37 39 41 +43,0,,0
471,6,2 17 19 32 40 44,6 13 29 37 39 41 +43,0,,0
471,7,10 11 31 37 39 41,6 13 29 37 39 41 +43,3,37 39 41,5
471,8,4 20 25 27 39 41,6 13 29 37 39 41 +43,2,39 41,0
471,9,14 16 18 27 35 40,6 13 29 37 39 41 +43,0,,0
471,10,10 12 14 19 34 41,6 13 29 37 39 41 +43,1,41,0
472,1,2 10 11 17 21 23,16 25 26 31 36 43 +44,0,,0
472,2,5 8 9 23 28 32,16 25 26 31 36 43 +44,0,,0
472,3,8 11 36 37 40 41,16 25 26 31 36 43 +44,1,36,0
472,4,5 11 15 16 27 34,16 25 26 31 36 43 +44,1,16,0
472,5,11 15 16 28 37 44,16 25 26 31 36 43 +44,1,16,0
472,6,2 4 17 22 35 36,16 25 26 31 36 43 +44,1,36,0
472,7,12 17 37 38 39 41,16 25 26 31 36 43 +44,0,,0
472,8,1 7 11 15 17 24,16 25 26 31 36 43 +44,0,,0
472,9,6 14 23 41 42 44,16 25 26 31 36 43 +44,0,,0
472,10,9 12 19 24 27 34,16 25 26 31 36 43 +44,0,,0
473,1,1 6 15 20 28 44,8 13 20 22 23 36 +34,1,20,0
473,2,5 10 31 33 35 37,8 13 20 22 23 36 +34,0,,0
473,3,9 14 16 18 23 35,8 13 20 22 23 36 +34,1,23,0
473,4,2 18 25 34 36 40,8 13 20 22 23 36 +34,1,36,0
473,5,5 8 15 19 21 44,8 13 20 22 23 36 +34,1,8,0
473,6,1 7 9 11 27 44,8 13 20 22 23 36 +34,0,,0
473,7,6 12 18 25 33 41,8 13 20 22 23 36 +34,0,,0
473,8,14 19 31 35 39 44,8 13 20 22 23 36 +34,0,,0
473,9,1 13 34 36 38 43,8 13 20 22 23 36 +34,2,13 36,0
473,10,5 6 27 36 39 41,8 13 20 22 23 36 +34,1,36,0
474,1,5 16 23 25 35 39,4 13 18 31 33 45 +43,0,,0
474,2,11 12 15 16 17 19,4 13 18 31 33 45 +43,0,,0
474,3,5 6 8 10 17 21,4 13 18 31 33 45 +43,0,,0
474,4,11 16 20 31 35 37,4 13 18 31 33 45 +43,1,31,0
474,5,2 19 28 32 33 35,4 13 18 31 33 45 +43,1,33,0
474,6,2 12 18 31 37 39,4 13 18 31 33 45 +43,2,18 31,0
474,7,2 20 32 37 42 45,4 13 18 31 33 45 +43,1,45,0
474,8,6 10 13 25 40 44,4 13 18 31 33 45 +43,1,13,0
474,9,19 23 24 25 29 39,4 13 18 31 33 45 +43,0,,0
474,10,10 12 18 25 26 35,4 13 18 31 33 45 +43,1,18,0
475,1,12 13 19 27 28 31,1 9 14 16 21 29 +3,0,,0
475,2,3 11 19 38 40 41,1 9 14 16 21 29 +3,0,,0
475,3,2 10 13 22 33 35,1 9 14 16 21 29 +3,0,,0
475,4,1 23 28 34 43 45,1 9 14 16 21 29 +3,1,1,0
475,5,7 13 30 31 35 41,1 9 14 16 21 29 +3,0,,0
475,6,5 15 21 26 31 34,1 9 14 16 21 29 +3,1,21,0
475,7,3 5 6 17 41 44,1 9 14 16 21 29 +3,0,,0
475,8,8 13 16 21 25 44,1 9 14 16 21 29 +3,2,16 21,0
475,9,6 8 13 23 25 26,1 9 14 16 21 29 +3,0,,0
475,10,20 24 28 32 33 36,1 9 14 16 21 29 +3,0,,0
476,1,10 26 30 32 33 45,9 12 13 15 37 38 +27,0,,0
476,2,6 11 19 23 35 37,9 12 13 15 37 38 +27,1,37,0
476,3,11 14 18 31 33 37,9 12 13 15 37 38 +27,1,37,0
476,4,13 20 24 33 43 44,9 12 13 15 37 38 +27,1,13,0
476,5,14 26 29 34 37 43,9 12 13 15 37 38 +27,1,37,0
476,6,12 14 17 22 37 38,9 12 13 15 37 38 +27,3,12 37 38,5
476,7,3 12 18 19 32 33,9 12 13 15 37 38 +27,1,12,0
476,8,8 12 27 36 42 45,9 12 13 15 37 38 +27,1,12,0
476,9,1 4 10 20 29 40,9 12 13 15 37 38 +27,0,,0
476,10,1 10 30 33 41 45,9 12 13 15 37 38 +27,0,,0
477,1,2 23 27 32 33 39,14 25 29 32 33 45 +37,2,32 33,0
477,2,2 10 19 30 36 43,14 25 29 32 33 45 +37,0,,0
477,3,2 16 23 31 36 41,14 25 29 32 33 45 +37,0,,0
477,4,16 22 27 30 35 41,14 25 29 32 33 45 +37,0,,0
477,5,9 14 15 27 30 32,14 25 29 32 33 45 +37,2,14 32,0
477,6,5 12 15 23 31 40,14 25 29 32 33 45 +37,0,,0
477,7,6 15 16 26 29 30,14 25 29 32 33 45 +37,1,29,0
477,8,2 25 30 32 34 42,14 25 29 32 33 45 +37,2,25 32,0
477,9,9 14 16 34 42 45,14 25 29 32 33 45 +37,2,14 45,0
477,10,15 21 32 34 40 44,14 25 29 32 33 45 +37,1,32,0
478,1,1 9 19 27 31 32,18 29 30 37 39 43 +8,0,,0
478,2,1 5 6 8 9 43,18 29 30 37 39 43 +8,1,43,0
478,3,14 20 23 28 32 41,18 29 30 37 39 43 +8,0,,0
478,4,8 19 25 26 29 40,18 29 30 37 39 43 +8,1,29,0
478,5,19 21 23 26 32 40,18 29 30 37 39 43 +8,0,,0
478,6,24 26 31 36 37 41,18 29 30 37 39 43 +8,1,37,0
478,7,5 6 13 15 20 29,18 29 30 37 39 43 +8,1,29,0
478,8,5 11 15 28 33 44,18 29 30 37 39 43 +8,0,,0
478,9,4 19 26 28 35 45,18 29 30 37 39 43 +8,0,,0
478,10,10 12 13 19 35 37,18 29 30 37 39 43 +8,1,37,0
479,1,3 7 13 15 28 44,8 23 25 27 35 44 +24,1,44,0
479,2,10 12 17 22 39 40,8 23 25 27 35 44 +24,0,,0
479,3,6 7 15 33 36 39,8 23 25 27 35 44 +24,0,,0
479,4,8 19 35 38 39 44,8 23 25 27 35 44 +24,3,8 35 44,5
479,5,4 9 11 24 29 43,8 23 25 27 35 44 +24,0,,0
479,6,1 4 13 15 23 32,8 23 25 27 35 44 +24,1,23,0
479,7,10 15 21 28 35 42,8 23 25 27 35 44 +24,1,35,0
479,8,3 4 9 23 33 37,8 23 25 27 35 44 +24,1,23,0
479,9,10 16 22 26 27 40,8 23 25 27 35 44 +24,1,27,0
479,10,11 22 25 33 41 42,8 23 25 27 35 44 +24,1,25,0
480,1,2 5 13 29 33 42,3 5 10 17 30 31 +16,1,5,0
480,2,23 24 34 36 37 38,3 5 10 17 30 31 +16,0,,0
480,3,4 7 13 15 32 37,3 5 10 17 30 31 +16,0,,0
480,4,4 5 7 9 12 14,3 5 10 17 30 31 +16,1,5,0
480,5,1 10 21 27 35 36,3 5 10 17 30 31 +16,1,10,0
480,6,1 4 14 24 27 44,3 5 10 17 30 31 +16,0,,0
480,7,3 16 21 39 40 41,3 5 10 17 30 31 +16,1,3,0
480,8,1 7 17 26 27 33,3 5 10 17 30 31 +16,1,17,0
480,9,4 16 22 38 42 44,3 5 10 17 30 31 +16,0,,0
480,10,3 22 24 25 30 32,3 5 10 17 30 31 +16,2,3 30,0
481,1,15 20 33 35 37 38,3 4 23 29 40 41 +20,0,,0
481,2,3 21 27 29 38 42,3 4 23 29 40 41 +20,2,3 29,0
481,3,5 11 26 28 35 41,3 4 23 29 40 41 +20,1,41,0
481,4,3 14 16 32 34 40,3 4 23 29 40 41 +20,2,3 40,0
481,5,15 28 35 38 39 45,3 4 23 29 40 41 +20,0,,0
481,6,4 13 31 33 35 42,3 4 23 29 40 41 +20,1,4,0
481,7,1 18 20 26 42 45,3 4 23 29 40 41 +20,0,,0
481,8,1 4 9 24 32 38,3 4 23 29 40 41 +20,1,4,0
481,9,14 18 20 21 42 45,3 4 23 29 40 41 +20,0,,0
481,10,5 6 11 12 31 34,3 4 23 29 40 41 +20,0,,0
482,1,9 16 36 39 41 44,1 10 16 24 25 35 +43,1,16,0
482,2,9 10 12 16 18 22,1 10 16 24 25 35 +43,2,10 16,0
482,3,4 27 28 34 35 39,1 10 16 24 25 35 +43,1,35,0
482,4,1 17 23 33 38 44,1 10 16 24 25 35 +43,1,1,0
482,5,2 21 23 25 33 40,1 10 16 24 25 35 +43,1,25,0
482,6,12 21 24 27 34 39,1 10 16 24 25 35 +43,1,24,0
482,7,4 6 20 24 28 35,1 10 16 24 25 35 +43,2,24 35,0
482,8,6 7 11 17 29 30,1 10 16 24 25 35 +43,0,,0
482,9,1 2 21 26 36 43,1 10 16 24 25 35 +43,1,1,0
482,10,7 13 16 17 24 31,1 10 16 24 25 35 +43,2,16 24,0
483,1,16 21 27 28 39 42,12 15 19 22 28 34 +5,1,28,0
483,2,3 14 16 21 41 43,12 15 19 22 28 34 +5,0,,0
483,3,16 17 20 32 36 37,12 15 19 22 28 34 +5,0,,0
483,4,1 2 9 10 22 32,12 15 19 22 28 34 +5,1,22,0
483,5,3 12 20 24 27 41,12 15 19 22 28 34 +5,1,12,0
483,6,10 15 16 28 34 36,12 15 19 22 28 34 +5,3,15 28 34,5
483,7,10 11 13 14 23 44,12 15 19 22 28 34 +5,0,,0
483,8,6 27 35 38 39 41,12 15 19 22 28 34 +5,0,,0
483,9,2 13 17 23 27 36,12 15 19 22 28 34 +5,0,,0
483,10,2 12 29 32 39 44,12 15 19 22 28 34 +5,1,12,0
484,1,1 6 15 16 23 43,1 3 27 28 32 45 +11,1,1,0
484,2,4 6 24 26 27 32,1 3 27 28 32 45 +11,2,27 32,0
484,3,7 9 14 18 29 40,1 3 27 28 32 45 +11,0,,0
484,4,8 12 13 19 36 45,1 3 27 28 32 45 +11,1,45,0
484,5,7 8 14 17 38 44,1 3 27 28 32 45 +11,0,,0
484,6,14 15 16 30 41 45,1 3 27 28 32 45 +11,1,45,0
484,7,3 4 10 18 26 40,1 3 27 28 32 45 +11,1,3,0
484,8,8 14 22 27 30 36,1 3 27 28 32 45 +11,1,27,0
484,9,18 34 37 38 39 44,1 3 27 28 32 45 +11,0,,0
484,10,7 26 29 30 33 45,1 3 27 28 32 45 +11,1,45,0
485,1,2 13 16 19 20 36,17 22 26 27 36 39 +20,1,36,0
485,2,2 26 29 31 38 45,17 22 26 27 36 39 +20,1,26,0
485,3,3 27 29 30 40 42,17 22 26 27 36 39 +20,1,27,0
485,4,1 10 13 18 19 32,17 22 26 27 36 39 +20,0,,0
485,5,6 18 25 32 37 39,17 22 26 27 36 39 +20,1,39,0
485,6,2 11 12 13 17 19,17 22 26 27 36 39 +20,1,17,0
485,7,6 9 11 22 33 41,17 22 26 27 36 39 +20,1,22,0
485,8,10 15 22 23 36 37,17 22 26 27 36 39 +20,2,22 36,0
485,9,1 5 8 15 22 32,17 22 26 27 36 39 +20,1,22,0
485,10,4 13 15 27 31 45,17 22 26 27 36 39 +20,1,27,0
486,1,1 6 9 19 32 43,1 2 23 25 38 40 +43,1,1,0
486,2,8 13 22 25 35 42,1 2 23 25 38 40 +43,1,25,0
486,3,13 15 19 25 27 31,1 2 23 25 38 40 +43,1,25,0
486,4,5 6 7 13 30 36,1 2 23 25 38 40 +43,0,,0
486,5,7 16 26 31 41 45,1 2 23 25 38 40 +43,0,,0
486,6,13 18 20 23 28 34,1 2 23 25 38 40 +43,1,23,0
486,7,4 14 21 31 34 37,1 2 23 25 38 40 +43,0,,0
486,8,1 9 13 22 27 43,1 2 23 25 38 40 +43,1,1,0
486,9,3 5 8 38 40 45,1 2 23 25 38 40 +43,2,38 40,0
486,10,7 19 22 24 26 40,1 2 23 25 38 40 +43,1,40,0
487,1,11 12 16 36 40 45,4 8 25 27 37 41 +21,0,,0
487,2,1 2 15 17 34 42,4 8 25 27 37 41 +21,0,,0
487,3,4 9 19 24 29 38,4 8 25 27 37 41 +21,1,4,0
487,4,23 24 27 29 33 44,4 8 25 27 37 41 +21,1,27,0
487,5,6 10 17 27 41 42,4 8 25 27 37 41 +21,2,27 41,0
487,6,5 19 21 29 42 43,4 8 25 27 37 41 +21,0,,0
487,7,6 9 12 20 25 31,4 8 25 27 37 41 +21,1,25,0
487,8,4 27 28 32 34 37,4 8 25 27 37 41 +21,3,4 27 37,5
487,9,3 11 21 24 31 40,4 8 25 27 37 41 +21,0,,0
487,10,10 22 27 39 41 44,4 8 25 27 37 41 +21,2,27 41,0
488,1,6 12 13 19 21 44,2 8 17 30 31 38 +25,0,,0
488,2,1 2 22 26 27 38,2 8 17 30 31 38 +25,2,2 38,0
488,3,4 8 10 12 18 29,2 8 17 30 31 38 +25,1,8,0
488,4,6 22 31 40 42 45,2 8 17 30 31 38 +25,1,31,0
488,5,7 12 15 24 28 37,2 8 17 30 31 38 +25,0,,0
488,6,15 29 30 34 40 42,2 8 17 30 31 38 +25,1,30,0
488,7,20 24 25 28 30 35,2 8 17 30 31 38 +25,1,30,0
488,8,1 12 17 24 28 43,2 8 17 30 31 38 +25,1,17,0
488,9,3 21 22 27 29 38,2 8 17 30 31 38 +25,1,38,0
488,10,3 4 11 27 29 43,2 8 17 30 31 38 +25,0,,0
489,1,3 16 17 39 42 45,2 4 8 15 20 27 +11,0,,0
489,2,17 22 25 30 38 39,2 4 8 15 20 27 +11,0,,0
489,3,7 14 25 32 34 40,2 4 8 15 20 27 +11,0,,0
489,4,18 19 22 23 28 32,2 4 8 15 20 27 +11,0,,0
489,5,11 16 21 23 29 40,2 4 8 15 20 27 +11,0,,0
489,6,2 4 23 24 27 35,2 4 8 15 20 27 +11,3,2 4 27,5
489,7,14 16 27 31 36 39,2 4 8 15 20 27 +11,1,27,0
489,8,4 8 10 12 19 34,2 4 8 15 20 27 +11,2,4 8,0
489,9,5 8 12 27 31 42,2 4 8 15 20 27 +11,2,8 27,0
489,10,13 21 26 32 37 43,2 4 8 15 20 27 +11,0,,0
490,1,8 18 19 35 37 39,2 7 26 29 40 43 +42,0,,0
490,2,13 16 23 25 28 45,2 7 26 29 40 43 +42,0,,0
490,3,8 13 16 26 41 43,2 7 26 29 40 43 +42,2,26 43,0
490,4,15 17 22 26 32 38,2 7 26 29 40 43 +42,1,26,0
490,5,6 15 19 26 42 45,2 7 26 29 40 43 +42,1,26,0
490,6,5 7 32 36 39 43,2 7 26 29 40 43 +42,2,7 43,0
490,7,10 24 26 38 40 43,2 7 26 29 40 43 +42,3,26 40 43,5
490,8,18 33 34 37 38 45,2 7 26 29 40 43 +42,0,,0
490,9,4 10 17 18 22 45,2 7 26 29 40 43 +42,0,,0
490,10,7 8 16 24 28 34,2 7 26 29 40 43 +42,1,7,0
491,1,5 7 11 17 19 23,8 17 35 36 39 42 +4,1,17,0
491,2,7 11 15 20 35 44,8 17 35 36 39 42 +4,1,35,0
491,3,6 12 14 35 37 45,8 17 35 36 39 42 +4,1,35,0
491,4,13 18 22 28 34 43,8 17 35 36 39 42 +4,0,,0
491,5,1 5 8 19 20 25,8 17 35 36 39 42 +4,1,8,0
491,6,14 20 23 35 38 43,8 17 35 36 39 42 +4,1,35,0
491,7,10 13 22 26 27 45,8 17 35 36 39 42 +4,0,,0
491,8,1 6 9 17 24 30,8 17 35 36 39 42 +4,1,17,0
491,9,17 20 33 38 40 43,8 17 35 36 39 42 +4,1,17,0
491,10,1 4 12 21 22 33,8 17 35 36 39 42 +4,0,,0
492,1,2 12 22 27 33 35,22 27 31 35 37 40 +42,3,22 27 35,5
492,2,4 7 8 10 32 35,22 27 31 35 37 40 +42,1,35,0
492,3,1 23 26 30 32 36,22 27 31 35 37 40 +42,0,,0
492,4,2 17 32 41 44 45,22 27 31 35 37 40 +42,0,,0
492,5,2 12 23 32 38 43,22 27 31 35 37 40 +42,0,,0
492,6,1 18 27 31 36 43,22 27 31 35 37 40 +42,2,27 31,0
492,7,1 7 10 15 22 23,22 27 31 35 37 40 +42,1,22,0
492,8,7 14 15 34 37 44,22 27 31 35 37 40 +42,1,37,0
492,9,1 3 22 28 30 39,22 27 31 35 37 40 +42,1,22,0
492,10,2 5 7 16 26 43,22 27 31 35 37 40 +42,0,,0
493,1,3 8 13 15 23 26,20 22 26 33 36 37 +25,1,26,0
493,2,5 8 14 19 39 41,20 22 26 33 36 37 +25,0,,0
493,3,3 13 18 30 32 39,20 22 26 33 36 37 +25,0,,0
493,4,9 12 18 24 34 40,20 22 26 33 36 37 +25,0,,0
493,5,4 11 13 21 33 34,20 22 26 33 36 37 +25,1,33,0
493,6,1 3 25 30 34 36,20 22 26 33 36 37 +25,1,36,0
493,7,16 23 26 27 31 35,20 22 26 33 36 37 +25,1,26,0
493,8,2 8 11 17 27 40,20 22 26 33 36 37 +25,0,,0
493,9,9 20 30 33 34 36,20 22 26 33 36 37 +25,3,20 33 36,5
493,10,1 10 11 18 22 34,20 22 26 33 36 37 +25,1,22,0
494,1,4 10 15 21 25 31,5 7 8 15 30 43 +22,1,15,0
494,2,8 9 28 32 34 35,5 7 8 15 30 43 +22,1,8,0
494,3,1 17 20 24 41 42,5 7 8 15 30 43 +22,0,,0
494,4,9 28 29 35 37 43,5 7 8 15 30 43 +22,1,43,0
494,5,2 4 11 25 38 42,5 7 8 15 30 43 +22,0,,0
494,6,4 7 8 9 14 22,5 7 8 15 30 43 +22,2,7 8,0
494,7,7 23 30 31 38 45,5 7 8 15 30 43 +22,2,7 30,0
494,8,11 12 14 19 38 39,5 7 8 15 30 43 +22,0,,0
494,9,2 6 9 12 22 39,5 7 8 15 30 43 +22,0,,0
494,10,3 13 16 17 35 36,5 7 8 15 30 43 +22,0,,0
495,1,2 7 18 19 24 42,4 13 22 27 34 44 +6,0,,0
495,2,5 11 13 18 26 29,4 13 22 27 34 44 +6,1,13,0
495,3,1 9 28 29 36 42,4 13 22 27 34 44 +6,0,,0
495,4,5 10 18 24 29 38,4 13 22 27 34 44 +6,0,,0
495,5,1 3 15 23 29 45,4 13 22 27 34 44 +6,0,,0
495,6,8 11 14 16 20 35,4 13 22 27 34 44 +6,0,,0
495,7,10 28 31 40 42 45,4 13 22 27 34 44 +6,0,,0
495,8,3 11 19 24 31 44,4 13 22 27 34 44 +6,1,44,0
495,9,13 22 27 41 42 43,4 13 22 27 34 44 +6,3,13 22 27,5
495,10,9 15 20 24 25 30,4 13 22 27 34 44 +6,0,,0
496,1,22 24 25 26 31 37,4 13 20 29 36 41 +39,0,,0
496,2,10 19 20 25 34 35,4 13 20 29 36 41 +39,1,20,0
496,3,4 5 9 18 28 42,4 13 20 29 36 41 +39,1,4,0
496,4,1 19 21 31 32 37,4 13 20 29 36 41 +39,0,,0
496,5,7 9 17 22 32 42,4 13 20 29 36 41 +39,0,,0
496,6,2 21 22 24 43 44,4 13 20 29 36 41 +39,0,,0
496,7,15 17 20 21 25 37,4 13 20 29 36 41 +39,1,20,0
496,8,10 25 38 39 41 44,4 13 20 29 36 41 +39,1,41,0
496,9,2 5 10 15 19 29,4 13 20 29 36 41 +39,1,29,0
496,10,9 10 30 37 40 41,4 13 20 29 36 41 +39,1,41,0
497,1,5 31 37 38 42 44,19 20 23 24 43 44 +13,1,44,0
497,2,3 12 13 16 21 23,19 20 23 24 43 44 +13,1,23,0
497,3,1 4 12 16 36 45,19 20 23 24 43 44 +13,0,,0
497,4,6 7 12 24 37 41,19 20 23 24 43 44 +13,1,24,0
497,5,4 12 23 30 33 37,19 20 23 24 43 44 +13,1,23,0
497,6,6 8 11 17 37 42,19 20 23 24 43 44 +13,0,,0
497,7,6 16 20 24 27 34,19 20 23 24 43 44 +13,2,20 24,0
497,8,3 20 22 24 36 39,19 20 23 24 43 44 +13,2,20 24,0
497,9,1 7 19 31 32 40,19 20 23 24 43 44 +13,1,19,0
497,10,3 4 11 16 26 41,19 20 23 24 43 44 +13,0,,0
498,1,3 13 19 24 30 34,13 14 24 32 39 41 +3,2,13 24,0
498,2,1 5 8 17 30 31,13 14 24 32 39 41 +3,0,,0
498,3,12 13 14 23 36 37,13 14 24 32 39 41 +3,2,13 14,0
498,4,10 15 24 29 33 44,13 14 24 32 39 41 +3,1,24,0
498,5,1 18 22 31 35 40,13 14 24 32 39 41 +3,0,,0
498,6,6 10 16 23 31 36,13 14 24 32 39 41 +3,0,,0
498,7,3 6 20 24 32 43,13 14 24 32 39 41 +3,2,24 32,0
498,8,7 8 28 32 35 42,13 14 24 32 39 41 +3,1,32,0
498,9,21 24 25 27 32 39,13 14 24 32 39 41 +3,3,24 32 39,5
498,10,1 8 10 38 40 43,13 14 24 32 39 41 +3,0,,0
499,1,4 5 9 26 28 34,5 20 23 27 35 40 +43,1,5,0
499,2,1 2 7 11 28 44,5 20 23 27 35 40 +43,0,,0
499,3,2 7 11 25 27 36,5 20 23 27 35 40 +43,1,27,0
499,4,11 14 31 32 34 43,5 20 23 27 35 40 +43,0,,0
499,5,4 6 8 11 19 28,5 20 23 27 35 40 +43,0,,0
499,6,4 6 8 11 18 42,5 20 23 27 35 40 +43,0,,0
499,7,2 13 17 24 30 31,5 20 23 27 35 40 +43,0,,0
499,8,5 13 22 24 39 41,5 20 23 27 35 40 +43,1,5,0
499,9,1 27 30 35 42 44,5 20 23 27 35 40 +43,2,27 35,0
499,10,15 25 28 34 35 36,5 20 23 27 35 40 +43,1,35,0
500,1,4 15 17 25 28 44,3 4 12 20 24 34 +41,1,4,0
500,2,6 16 22 37 38 45,3 4 12 20 24 34 +41,0,,0
500,3,1 6 10 33 34 43,3 4 12 20 24 34 +41,1,34,0
500,4,9 18 21 28 30 39,3 4 12 20 24 34 +41,0,,0
500,5,2 20 25 38 40 43,3 4 12 20 24 34 +41,1,20,0
500,6,9 22 27 33 37 39,3 4 12 20 24 34 +41,0,,0
500,7,2 8 29 38 43 44,3 4 12 20 24 34 +41,0,,0
500,8,14 20 33 35 36 39,3 4 12 20 24 34 +41,1,20,0
500,9,21 31 35 42 43 44,3 4 12 20 24 34 +41,0,,0
500,10,5 11 22 24 26 45,3 4 12 20 24 34 +41,1,24,0
501,1,18 22 25 27 30 34,1 4 10 17 31 42 +2,0,,0
501,2,8 12 26 28 31 36,1 4 10 17 31 42 +2,1,31,0
501,3,7 8 29 34 39 44,1 4 10 17 31 42 +2,0,,0
501,4,9 12 16 23 29 34,1 4 10 17 31 42 +2,0,,0
501,5,5 17 28 38 39 42,1 4 10 17 31 42 +2,2,17 42,0
501,6,6 22 26 29 32 43,1 4 10 17 31 42 +2,0,,0
501,7,2 14 17 24 34 35,1 4 10 17 31 42 +2,1,17,0
501,8,17 22 25 31 39 40,1 4 10 17 31 42 +2,2,17 31,0
501,9,10 25 32 40 41 43,1 4 10 17 31 42 +2,1,10,0
501,10,21 22 24 31 33 44,1 4 10 17 31 42 +2,1,31,0
502,1,17 18 19 21 26 42,6 22 28 32 34 40 +26,0,,0
502,2,4 5 23 26 40 42,6 22 28 32 34 40 +26,1,40,0
502,3,11 16 30 33 35 45,6 22 28 32 34 40 +26,0,,0
502,4,3 4 21 23 33 45,6 22 28 32 34 40 +26,0,,0
502,5,5 6 25 28 29 39,6 22 28 32 34 40 +26,2,6 28,0
502,6,22 27 29 36 39 43,6 22 28 32 34 40 +26,1,22,0
502,7,1 14 16 18 35 43,6 22 28 32 34 40 +26,0,,0
502,8,8 19 25 26 27 45,6 22 28 32 34 40 +26,0,,0
502,9,4 7 8 30 43 45,6 22 28 32 34 40 +26,0,,0
502,10,7 28 34 39 40 45,6 22 28 32 34 40 +26,3,28 34 40,5
503,1,11 16 22 28 40 43,1 5 27 30 34 36 +40,0,,0
503,2,6 21 25 34 40 41,1 5 27 30 34 36 +40,1,34,0
503,3,1 6 20 34 37 42,1 5 27 30 34 36 +40,2,1 34,0
503,4,1 5 7 18 21 34,1 5 27 30 34 36 +40,3,1 5 34,5
503,5,24 29 31 32 36 44,1 5 27 30 34 36 +40,1,36,0
503,6,5 9 18 24 28 35,1 5 27 30 34 36 +40,1,5,0
503,7,8 12 26 31 34 38,1 5 27 30 34 36 +40,1,34,0
503,8,29 32 34 35 36 43,1 5 27 30 34 36 +40,2,34 36,0
503,9,16 18 30 36 37 44,1 5 27 30 34 36 +40,2,30 36,0
503,10,3 9 15 33 38 41,1 5 27 30 34 36 +40,0,,0
504,1,6 9 14 28 31 34,6 14 22 26 43 44 +31,2,6 14,0
504,2,4 7 19 22 30 33,6 14 22 26 43 44 +31,1,22,0
504,3,14 19 21 29 32 44,6 14 22 26 43 44 +31,2,14 44,0
504,4,10 15 31 32 39 45,6 14 22 26 43 44 +31,0,,0
504,5,16 17 19 20 38 41,6 14 22 26 43 44 +31,0,,0
504,6,6 16 20 31 39 43,6 14 22 26 43 44 +31,2,6 43,0
504,7,9 10 15 25 28 37,6 14 22 26 43 44 +31,0,,0
504,8,6 9 24 33 37 40,6 14 22 26 43 44 +31,1,6,0
504,9,16 25 29 32 35 45,6 14 22 26 43 44 +31,0,,0
504,10,16 17 35 37 39 40,6 14 22 26 43 44 +31,0,,0
505,1,19 23 38 42 43 44,7 20 22 25 38 40 +44,1,38,0
505,2,10 14 23 30 37 43,7 20 22 25 38 40 +44,0,,0
505,3,3 17 24 28 32 45,7 20 22 25 38 40 +44,0,,0
505,4,8 10 25 38 42 44,7 20 22 25 38 40 +44,2,25 38,0
505,5,8 12 21 24 36 43,7 20 22 25 38 40 +44,0,,0
505,6,1 3 7 20 24 44,7 20 22 25 38 40 +44,2,7 20,0
505,7,7 11 16 21 23 31,7 20 22 25 38 40 +44,1,7,0
505,8,5 8 21 27 35 40,7 20 22 25 38 40 +44,1,40,0
505,9,1 7 13 18 26 39,7 20 22 25 38 40 +44,1,7,0
505,10,5 13 22 31 32 37,7 20 22 25 38 40 +44,1,22,0
506,1,2 3 22 29 35 41,6 9 11 22 24 30 +31,1,22,0
506,2,19 25 31 36 39 44,6 9 11 22 24 30 +31,0,,0
506,3,6 11 15 17 27 42,6 9 11 22 24 30 +31,2,6 11,0
506,4,1 11 16 17 23 29,6 9 11 22 24 30 +31,1,11,0
506,5,1 9 10 25 26 33,6 9 11 22 24 30 +31,1,9,0
506,6,6 14 17 23 26 39,6 9 11 22 24 30 +31,1,6,0
506,7,12 17 20 26 39 45,6 9 11 22 24 30 +31,0,,0
506,8,15 17 18 25 36 41,6 9 11 22 24 30 +31,0,,0
506,9,9 17 18 22 31 37,6 9 11 22 24 30 +31,2,9 22,0
506,10,6 14 19 22 34 45,6 9 11 22 24 30 +31,2,6 22,0
507,1,5 7 13 19 24 35,12 13 32 33 40 41 +4,1,13,0
507,2,18 21 30 32 34 36,12 13 32 33 40 41 +4,1,32,0
507,3,3 13 16 24 44 45,12 13 32 33 40 41 +4,1,13,0
507,4,3 12 16 25 31 33,12 13 32 33 40 41 +4,2,12 33,0
507,5,2 10 18 19 21 28,12 13 32 33 40 41 +4,0,,0
507,6,8 9 10 27 32 43,12 13 32 33 40 41 +4,1,32,0
507,7,8 12 19 28 39 40,12 13 32 33 40 41 +4,2,12 40,0
507,8,16 19 22 24 34 42,12 13 32 33 40 41 +4,0,,0
507,9,7 9 25 33 38 40,12 13 32 33 40 41 +4,2,33 40,0
507,10,7 12 13 16 19 28,12 13 32 33 40 41 +4,2,12 13,0
508,1,13 17 25 29 36 44,5 27 31 34 35 43 +37,0,,0
508,2,8 10 11 13 26 34,5 27 31 34 35 43 +37,1,34,0
508,3,2 16 27 29 36 44,5 27 31 34 35 43 +37,1,27,0
508,4,7 27 29 33 35 38,5 27 31 34 35 43 +37,2,27 35,0
508,5,2 6 12 22 24 33,5 27 31 34 35 43 +37,0,,0
508,6,1 12 15 27 28 44,5 27 31 34 35 43 +37,1,27,0
508,7,4 18 20 21 24 42,5 27 31 34 35 43 +37,0,,0
508,8,8 14 15 26 40 43,5 27 31 34 35 43 +37,1,43,0
508,9,15 20 30 31 34 44,5 27 31 34 35 43 +37,2,31 34,0
508,10,6 7 19 31 34 39,5 27 31 34 35 43 +37,2,31 34,0
509,1,6 17 27 39 42 44,12 25 29 35 42 43 +24,1,42,0
509,2,8 12 20 28 36 44,12 25 29 35 42 43 +24,1,12,0
509,3,3 4 13 21 34 41,12 25 29 35 42 43 +24,0,,0
509,4,13 14 18 19 29 31,12 25 29 35 42 43 +24,1,29,0
509,5,6 9 24 29 35 41,12 25 29 35 42 43 +24,2,29 35,0
509,6,8 26 27 31 33 43,12 25 29 35 42 43 +24,1,43,0
509,7,6 9 18 25 29 39,12 25 29 35 42 43 +24,2,25 29,0
509,8,1 12 16 24 28 29,12 25 29 35 42 43 +24,2,12 29,0
509,9,12 13 18 24 28 35,12 25 29 35 42 43 +24,2,12 35,0
509,10,3 4 13 27 36 45,12 25 29 35 42 43 +24,0,,0
510,1,21 22 29 31 33 41,12 29 32 33 39 40 +42,2,29 33,0
510,2,5 17 20 32 33 43,12 29 32 33 39 40 +42,2,32 33,0
510,3,9 24 26 29 41 44,12 29 32 33 39 40 +42,1,29,0
510,4,3 11 19 29 37 45,12 29 32 33 39 40 +42,1,29,0
510,5,5 11 26 28 32 40,12 29 32 33 39 40 +42,2,32 40,0
510,6,4 12 14 33 36 41,12 29 32 33 39 40 +42,2,12 33,0
510,7,18 32 40 42 43 44,12 29 32 33 39 40 +42,2,32 40,0
510,8,2 3 4 12 38 45,12 29 32 33 39 40 +42,1,12,0
510,9,11 14 16 18 24 32,12 29 32 33 39 40 +42,1,32,0
510,10,6 13 25 27 35 36,12 29 32 33 39 40 +42,0,,0
511,1,15 20 25 29 30 39,3 7 14 23 26 42 +24,0,,0
511,2,32 33 34 40 43 44,3 7 14 23 26 42 +24,0,,0
511,3,1 8 9 13 22 28,3 7 14 23 26 42 +24,0,,0
511,4,18 23 25 27 35 42,3 7 14 23 26 42 +24,2,23 42,0
511,5,7 19 35 38 42 43,3 7 14 23 26 42 +24,2,7 42,0
511,6,2 11 15 22 24 26,3 7 14 23 26 42 +24,1,26,0
511,7,2 4 11 17 18 42,3 7 14 23 26 42 +24,1,42,0
511,8,6 15 22 25 27 40,3 7 14 23 26 42 +24,0,,0
511,9,8 17 18 21 28 30,3 7 14 23 26 42 +24,0,,0
511,10,4 9 18 23 24 43,3 7 14 23 26 42 +24,1,23,0
512,1,6 13 14 22 27 29,4 5 9 13 26 27 +1,2,13 27,0
512,2,4 10 17 21 42 43,4 5 9 13 26 27 +1,1,4,0
512,3,4 11 12 24 28 32,4 5 9 13 26 27 +1,1,4,0
512,4,16 22 29 35 36 43,4 5 9 13 26 27 +1,0,,0
512,5,2 4 13 15 17 35,4 5 9 13 26 27 +1,2,4 13,0
512,6,20 21 28 33 40 45,4 5 9 13 26 27 +1,0,,0
512,7,7 9 22 30 34 44,4 5 9 13 26 27 +1,1,9,0
512,8,22 27 38 39 43 44,4 5 9 13 26 27 +1,1,27,0
512,9,2 11 16 20 38 42,4 5 9 13 26 27 +1,0,,0
512,10,12 14 17 18 22 38,4 5 9 13 26 27 +1,0,,0
513,1,18 19 24 26 37 43,5 8 21 23 27 33 +12,0,,0
513,2,1 10 11 15 17 35,5 8 21 23 27 33 +12,0,,0
513,3,18 19 22 27 41 45,5 8 21 23 27 33 +12,1,27,0
513,4,8 11 14 40 41 43,5 8 21 23 27 33 +12,1,8,0
513,5,6 12 14 19 38 40,5 8 21 23 27 33 +12,0,,0
513,6,1 5 12 21 28 45,5 8 21 23 27 33 +12,2,5 21,0
513,7,1 2 9 17 28 37,5 8 21 23 27 33 +12,0,,0
513,8,4 6 12 22 29 45,5 8 21 23 27 33 +12,0,,0
513,9,11 18 21 34 38 40,5 8 21 23 27 33 +12,1,21,0
513,10,12 20 27 31 36 40,5 8 21 23 27 33 +12,1,27,0
514,1,7 11 21 25 26 44,1 15 20 26 35 42 +9,1,26,0
514,2,2 14 22 23 27 42,1 15 20 26 35 42 +9,1,42,0
514,3,11 18 20 29 31 39,1 15 20 26 35 42 +9,1,20,0
514,4,6 28 30 36 42 43,1 15 20 26 35 42 +9,1,42,0
514,5,2 10 22 34 36 41,1 15 20 26 35 42 +9,0,,0
514,6,8 11 21 33 43 45,1 15 20 26 35 42 +9,0,,0
514,7,3 26 35 38 40 42,1 15 20 26 35 42 +9,3,26 35 42,5
514,8,4 12 18 25 26 32,1 15 20 26 35 42 +9,1,26,0
514,9,8 13 28 30 43 45,1 15 20 26 35 42 +9,0,,0
514,10,2 5 27 34 39 41,1 15 20 26 35 42 +9,0,,0
515,1,13 25 30 34 37 44,2 11 12 15 23 37 +8,1,37,0
515,2,6 9 12 23 33 45,2 11 12 15 23 37 +8,2,12 23,0
515,3,16 17 20 29 40 44,2 11 12 15 23 37 +8,0,,0
515,4,3 18 22 27 32 33,2 11 12 15 23 37 +8,0,,0
515,5,1 12 14 24 36 41,2 11 12 15 23 37 +8,1,12,0
515,6,2 4 7 10 23 33,2 11 12 15 23 37 +8,2,2 23,0
515,7,2 3 22 23 34 43,2 11 12 15 23 37 +8,2,2 23,0
515,8,4 17 26 35 41 45,2 11 12 15 23 37 +8,0,,0
515,9,1 3 13 14 40 44,2 11 12 15 23 37 +8,0,,0
515,10,5 18 19 23 39 43,2 11 12 15 23 37 +8,1,23,0
516,1,3 6 10 18 24 31,2 8 23 41 43 44 +30,0,,0
516,2,13 15 17 18 28 35,2 8 23 41 43 44 +30,0,,0
516,3,5 10 15 20 28 42,2 8 23 41 43 44 +30,0,,0
516,4,2 4 11 13 35 43,2 8 23 41 43 44 +30,2,2 43,0
516,5,5 11 18 33 40 42,2 8 23 41 43 44 +30,0,,0
516,6,1 6 9 34 35 44,2 8 23 41 43 44 +30,1,44,0
516,7,14 16 20 36 39 40,2 8 23 41 43 44 +30,0,,0
516,8,11 28 29 32 33 41,2 8 23 41 43 44 +30,1,41,0
516,9,6 10 13 20 27 37,2 8 23 41 43 44 +30,0,,0
516,10,16 18 19 24 29 30,2 8 23 41 43 44 +30,0,,0
517,1,15 18 19 23 28 30,1 9 12 28 36 41 +10,1,28,0
517,2,12 22 24 25 42 43,1 9 12 28 36 41 +10,1,12,0
517,3,4 6 14 19 39 41,1 9 12 28 36 41 +10,1,41,0
517,4,1 4 11 26 37 40,1 9 12 28 36 41 +10,1,1,0
517,5,4 6 13 18 30 38,1 9 12 28 36 41 +10,0,,0
517,6,12 24 29 31 32 44,1 9 12 28 36 41 +10,1,12,0
517,7,14 15 20 21 43 44,1 9 12 28 36 41 +10,0,,0
517,8,3 13 14 23 26 28,1 9 12 28 36 41 +10,1,28,0
517,9,2 8 12 19 29 33,1 9 12 28 36 41 +10,1,12,0
517,10,2 7 8 18 35 41,1 9 12 28 36 41 +10,1,41,0
518,1,14 15 19 22 23 30,14 23 30 32 34 38 +6,3,14 23 30,5
518,2,12 24 27 30 31 40,14 23 30 32 34 38 +6,1,30,0
518,3,19 23 29 36 42 43,14 23 30 32 34 38 +6,1,23,0
518,4,7 8 25 37 38 40,14 23 30 32 34 38 +6,1,38,0
518,5,3 5 10 13 16 45,14 23 30 32 34 38 +6,0,,0
518,6,14 17 18 23 40 45,14 23 30 32 34 38 +6,2,14 23,0
518,7,4 15 27 33 35 38,14 23 30 32 34 38 +6,1,38,0
518,8,6 9 20 21 30 39,14 23 30 32 34 38 +6,1,30,0
518,9,1 4 11 14 25 31,14 23 30 32 34 38 +6,1,14,0
518,10,4 11 16 32 35 37,14 23 30 32 34 38 +6,1,32,0
519,1,17 21 27 32 40 41,6 8 13 16 30 43 +3,0,,0
519,2,4 18 28 36 37 44,6 8 13 16 30 43 +3,0,,0
519,3,1 6 12 13 27 28,6 8 13 16 30 43 +3,2,6 13,0
519,4,15 31 33 36 37 44,6 8 13 16 30 43 +3,0,,0
519,5,9 19 25 38 40 42,6 8 13 16 30 43 +3,0,,0
519,6,6 18 24 36 40 42,6 8 13 16 30 43 +3,1,6,0
519,7,2 27 33 42 43 44,6 8 13 16 30 43 +3,1,43,0
519,8,2 10 19 29 34 40,6 8 13 16 30 43 +3,0,,0
519,9,4 8 10 21 28 45,6 8 13 16 30 43 +3,1,8,0
519,10,3 13 22 25 27 34,6 8 13 16 30 43 +3,1,13,0
520,1,5 9 15 21 38 45,4 22 27 28 38 40 +1,1,38,0
520,2,2 4 7 26 35 44,4 22 27 28 38 40 +1,1,4,0
520,3,3 18 34 40 42 45,4 22 27 28 38 40 +1,1,40,0
520,4,8 13 16 18 40 45,4 22 27 28 38 40 +1,1,40,0
520,5,6 10 14 36 40 44,4 22 27 28 38 40 +1,1,40,0
520,6,5 7 10 13 14 24,4 22 27 28 38 40 +1,0,,0
520,7,2 3 6 18 28 36,4 22 27 28 38 40 +1,1,28,0
520,8,4 13 14 28 44 45,4 22 27 28 38 40 +1,2,4 28,0
520,9,5 7 11 14 15 24,4 22 27 28 38 40 +1,0,,0
520,10,3 4 7 17 29 44,4 22 27 28 38 40 +1,1,4,0
521,1,18 24 29 37 38 45,3 7 18 29 32 36 +19,2,18 29,0
521,2,8 12 22 29 30 41,3 7 18 29 32 36 +19,1,29,0
521,3,1 7 21 24 43 45,3 7 18 29 32 36 +19,1,7,0
521,4,7 11 17 25 31 45,3 7 18 29 32 36 +19,1,7,0
521,5,16 21 29 37 38 44,3 7 18 29 32 36 +19,1,29,0
521,6,14 17 26 34 38 40,3 7 18 29 32 36 +19,0,,0
521,7,6 17 31 32 36 39,3 7 18 29 32 36 +19,2,32 36,0
521,8,1 5 10 16 42 44,3 7 18 29 32 36 +19,0,,0
521,9,9 13 19 21 25 44,3 7 18 29 32 36 +19,0,,0
521,10,11 22 23 35 37 41,3 7 18 29 32 36 +19,0,,0
522,1,2 20 22 23 34 38,4 5 13 14 37 41 +11,0,,0
522,2,1 9 18 27 38 41,4 5 13 14 37 41 +11,1,41,0
522,3,2 25 35 36 38 44,4 5 13 14 37 41 +11,0,,0
522,4,5 6 17 38 39 43,4 5 13 14 37 41 +11,1,5,0
522,5,14 16 26 28 33 43,4 5 13 14 37 41 +11,1,14,0
522,6,4 26 27 30 39 41,4 5 13 14 37 41 +11,2,4 41,0
522,7,1 6 24 25 40 44,4 5 13 14 37 41 +11,0,,0
522,8,12 15 16 21 38 43,4 5 13 14 37 41 +11,0,,0
522,9,7 10 11 27 32 40,4 5 13 14 37 41 +11,0,,0
522,10,4 6 28 31 37 42,4 5 13 14 37 41 +11,2,4 37,0
523,1,16 17 25 28 32 38,1 4 37 38 40 45 +7,1,38,0
523,2,3 8 16 31 40 44,1 4 37 38 40 45 +7,1,40,0
523,3,2 7 12 29 32 37,1 4 37 38 40 45 +7,1,37,0
523,4,3 5 7 27 33 40,1 4 37 38 40 45 +7,1,40,0
523,5,10 12 19 23 31 45,1 4 37 38 40 45 +7,1,45,0
523,6,11 30 31 37 39 45,1 4 37 38 40 45 +7,2,37 45,0
523,7,4 9 16 18 27 44,1 4 37 38 40 45 +7,1,4,0
523,8,1 13 19 20 36 43,1 4 37 38 40 45 +7,1,1,0
523,9,6 8 18 22 23 35,1 4 37 38 40 45 +7,0,,0
523,10,1 2 9 10 11 21,1 4 37 38 40 45 +7,1,1,0
524,1,9 12 14 31 33 43,10 11 29 38 41 45 +21,0,,0
524,2,5 24 25 30 34 45,10 11 29 38 41 45 +21,1,45,0
524,3,1 13 15 19 36 44,10 11 29 38 41 45 +21,0,,0
524,4,6 22 29 33 39 41,10 11 29 38 41 45 +21,2,29 41,0
524,5,3 20 27 29 31 35,10 11 29 38 41 45 +21,1,29,0
524,6,6 8 16 18 22 25,10 11 29 38 41 45 +21,0,,0
524,7,1 5 15 16 34 38,10 11 29 38 41 45 +21,1,38,0
524,8,1 9 11 22 36 40,10 11 29 38 41 45 +21,1,11,0
524,9,7 11 14 22 27 34,10 11 29 38 41 45 +21,1,11,0
524,10,9 11 17 26 30 32,10 11 29 38 41 45 +21,1,11,0
525,1,12 16 19 21 38 42,11 23 26 29 39 44 +22,0,,0
525,2,18 19 28 29 32 38,11 23 26 29 39 44 +22,1,29,0
525,3,8 11 17 37 42 43,11 23 26 29 39 44 +22,1,11,0
525,4,6 11 17 19 23 34,11 23 26 29 39 44 +22,2,11 23,0
525,5,10 11 14 33 40 44,11 23 26 29 39 44 +22,2,11 44,0
525,6,11 12 26 34 40 45,11 23 26 29 39 44 +22,2,11 26,0
525,7,13 18 30 33 37 41,11 23 26 29 39 44 +22,0,,0
525,8,4 7 14 18 26 33,11 23 26 29 39 44 +22,1,26,0
525,9,1 12 15 26 30 38,11 23 26 29 39 44 +22,1,26,0
525,10,15 23 30 31 32 37,11 23 26 29 39 44 +22,1,23,0
526,1,4 9 11 13 23 34,7 14 17 20 35 39 +31,0,,0
526,2,7 11 21 33 42 45,7 14 17 20 35 39 +31,1,7,0
526,3,3 11 22 26 29 44,7 14 17 20 35 39 +31,0,,0
526,4,2 5 13 18 33 45,7 14 17 20 35 39 +31,0,,0
526,5,4 5 8 21 25 40,7 14 17 20 35 39 +31,0,,0
526,6,7 11 33 37 38 45,7 14 17 20 35 39 +31,1,7,0
526,7,4 5 20 28 31 37,7 14 17 20 35 39 +31,1,20,0
526,8,4 6 21 26 31 40,7 14 17 20 35 39 +31,0,,0
526,9,2 28 31 33 42 43,7 14 17 20 35 39 +31,0,,0
526,10,19 22 29 35 37 40,7 14 17 20 35 39 +31,1,35,0
527,1,3 12 23 28 35 38,1 12 22 32 33 42 +38,1,12,0
527,2,12 19 22 23 35 39,1 12 22 32 33 42 +38,2,12 22,0
527,3,8 10 19 22 27 34,1 12 22 32 33 42 +38,1,22,0
527,4,8 16 33 38 40 45,1 12 22 32 33 42 +38,1,33,0
527,5,3 24 29 31 34 44,1 12 22 32 33 42 +38,0,,0
527,6,1 15 32 38 40 43,1 12 22 32 33 42 +38,2,1 32,0
527,7,19 21 29 37 40 43,1 12 22 32 33 42 +38,0,,0
527,8,4 5 12 32 42 45,1 12 22 32 33 42 +38,3,12 32 42,5
527,9,10 28 31 36 38 40,1 12 22 32 33 42 +38,0,,0
527,10,6 15 17 18 25 28,1 12 22 32 33 42 +38,0,,0
528,1,3 11 17 23 27 39,5 17 25 31 39 40 +10,2,17 39,0
528,2,1 6 13 21 28 29,5 17 25 31 39 40 +10,0,,0
528,3,3 6 22 23 42 45,5 17 25 31 39 40 +10,0,,0
528,4,4 5 21 32 36 38,5 17 25 31 39 40 +10,1,5,0
528,5,3 8 10 15 16 21,5 17 25 31 39 40 +10,0,,0
528,6,2 3 11 15 26 34,5 17 25 31 39 40 +10,0,,0
528,7,4 6 29 30 32 41,5 17 25 31 39 40 +10,0,,0
528,8,2 6 19 25 35 43,5 17 25 31 39 40 +10,1,25,0
528,9,3 9 23 32 37 41,5 17 25 31 39 40 +10,0,,0
528,10,7 18 24 26 36 37,5 17 25 31 39 40 +10,0,,0
529,1,1 3 11 33 39 43,18 20 24 27 31 42 +39,0,,0
529,2,9 12 15 16 20 33,18 20 24 27 31 42 +39,1,20,0
529,3,14 18 20 30 39 42,18 20 24 27 31 42 +39,3,18 20 42,5
529,4,25 29 36 43 44 45,18 20 24 27 31 42 +39,0,,0
529,5,1 12 14 17 26 30,18 20 24 27 31 42 +39,0,,0
529,6,1 3 18 30 31 34,18 20 24 27 31 42 +39,2,18 31,0
529,7,4 7 24 28 31 42,18 20 24 27 31 42 +39,3,24 31 42,5
529,8,9 11 14 20 21 40,18 20 24 27 31 42 +39,1,20,0
529,9,11 18 27 32 38 42,18 20 24 27 31 42 +39,3,18 27 42,5
529,10,1 3 8 25 30 33,18 20 24 27 31 42 +39,0,,0
530,1,2 14 15 24 30 33,16 23 27 29 33 41 +22,1,33,0
530,2,4 6 9 22 31 32,16 23 27 29 33 41 +22,0,,0
530,3,11 15 18 30 31 32,16 23 27 29 33 41 +22,0,,0
530,4,4 8 28 30 37 39,16 23 27 29 33 41 +22,0,,0
530,5,3 10 14 16 17 23,16 23 27 29 33 41 +22,2,16 23,0
530,6,3 4 5 39 44 45,16 23 27 29 33 41 +22,0,,0
530,7,13 16 25 28 39 40,16 23 27 29 33 41 +22,1,16,0
530,8,4 9 29 35 39 45,16 23 27 29 33 41 +22,1,29,0
530,9,6 14 19 22 33 36,16 23 27 29 33 41 +22,1,33,0
530,10,2 11 23 24 29 42,16 23 27 29 33 41 +22,2,23 29,0
531,1,3 12 22 37 40 42,1 5 9 21 27 35 +45,0,,0
531,2,8 9 10 14 28 38,1 5 9 21 27 35 +45,1,9,0
531,3,1 7 11 14 22 32,1 5 9 21 27 35 +45,1,1,0
531,4,4 5 14 23 27 41,1 5 9 21 27 35 +45,2,5 27,0
531,5,8 27 29 31 37 38,1 5 9 21 27 35 +45,1,27,0
531,6,11 14 18 24 30 45,1 5 9 21 27 35 +45,0,,0
531,7,6 17 32 33 37 40,1 5 9 21 27 35 +45,0,,0
531,8,10 14 17 18 22 28,1 5 9 21 27 35 +45,0,,0
531,9,4 11 19 30 42 43,1 5 9 21 27 35 +45,0,,0
531,10,2 6 16 20 21 41,1 5 9 21 27 35 +45,1,21,0
532,1,1 10 24 29 31 34,16 17 23 24 29 44 +3,2,24 29,0
532,2,13 25 35 39 40 43,16 17 23 24 29 44 +3,0,,0
532,3,18 19 26 34 35 43,16 17 23 24 29 44 +3,0,,0
532,4,2 9 24 31 39 41,16 17 23 24 29 44 +3,1,24,0
532,5,1 5 28 33 35 42,16 17 23 24 29 44 +3,0,,0
532,6,6 9 11 28 35 37,16 17 23 24 29 44 +3,0,,0
532,7,6 15 24 25 31 41,16 17 23 24 29 44 +3,1,24,0
532,8,6 8 9 14 29 31,16 17 23 24 29 44 +3,1,29,0
532,9,7 19 23 35 36 41,16 17 23 24 29 44 +3,1,23,0
532,10,6 11 13 18 27 28,16 17 23 24 29 44 +3,0,,0
533,1,15 23 25 27 31 38,9 14 15 17 31 33 +23,2,15 31,0
533,2,16 23 30 32 34 41,9 14 15 17 31 33 +23,0,,0
533,3,8 20 24 26 37 40,9 14 15 17 31 33 +23,0,,0
533,4,5 16 19 23 30 33,9 14 15 17 31 33 +23,1,33,0
533,5,4 19 30 31 35 45,9 14 15 17 31 33 +23,1,31,0
533,6,6 11 20 23 26 30,9 14 15 17 31 33 +23,0,,0
533,7,3 4 17 30 40 41,9 14 15 17 31 33 +23,1,17,0
533,8,1 10 26 27 41 42,9 14 15 17 31 33 +23,0,,0
533,9,9 16 27 33 35 36,9 14 15 17 31 33 +23,2,9 33,0
533,10,6 20 36 37 39 41,9 14 15 17 31 33 +23,0,,0
534,1,11 22 24 28 31 35,10 24 26 29 37 38 +32,1,24,0
534,2,7 21 29 38 41 45,10 24 26 29 37 38 +32,2,29 38,0
534,3,8 22 29 37 39 43,10 24 26 29 37 38 +32,2,29 37,0
534,4,25 30 34 36 40 45,10 24 26 29 37 38 +32,0,,0
534,5,2 4 26 27 31 40,10 24 26 29 37 38 +32,1,26,0
534,6,1 2 8 11 24 42,10 24 26 29 37 38 +32,1,24,0
534,7,2 7 13 17 31 33,10 24 26 29 37 38 +32,0,,0
534,8,1 14 25 34 36 38,10 24 26 29 37 38 +32,1,38,0
534,9,14 23 27 29 37 42,10 24 26 29 37 38 +32,2,29 37,0
534,10,2 3 6 10 11 31,10 24 26 29 37 38 +32,1,10,0
535,1,10 17 18 30 34 40,11 12 14 15 18 39 +34,1,18,0
535,2,18 19 26 31 32 44,11 12 14 15 18 39 +34,1,18,0
535,3,8 11 25 31 35 42,11 12 14 15 18 39 +34,1,11,0
535,4,4 13 19 21 29 32,11 12 14 15 18 39 +34,0,,0
535,5,2 10 12 20 30 39,11 12 14 15 18 39 +34,2,12 39,0
535,6,2 3 19 26 29 40,11 12 14 15 18 39 +34,0,,0
535,7,6 9 12 27 30 43,11 12 14 15 18 39 +34,1,12,0
535,8,1 4 9 22 29 44,11 12 14 15 18 39 +34,0,,0
535,9,1 16 18 31 33 39,11 12 14 15 18 39 +34,2,18 39,0
535,10,1 6 9 28 32 34,11 12 14 15 18 39 +34,0,,0
536,1,1 5 8 17 18 28,7 8 18 32 37 43 +12,2,8 18,0
536,2,5 11 23 28 29 35,7 8 18 32 37 43 +12,0,,0
536,3,3 8 11 34 35 45,7 8 18 32 37 43 +12,1,8,0
536,4,1 9 20 25 30 45,7 8 18 32 37 43 +12,0,,0
536,5,3 14 22 27 29 41,7 8 18 32 37 43 +12,0,,0
536,6,5 12 18 36 37 41,7 8 18 32 37 43 +12,2,18 37,0
536,7,11 19 23 24 32 43,7 8 18 32 37 43 +12,2,32 43,0
536,8,1 7 10 32 36 43,7 8 18 32 37 43 +12,3,7 32 43,5
536,9,3 10 18 23 29 43,7 8 18 32 37 43 +12,2,18 43,0
536,10,9 10 13 17 33 45,7 8 18 32 37 43 +12,0,,0
537,1,6 13 15 18 21 32,12 23 26 30 36 43 +11,0,,0
537,2,11 17 23 25 27 28,12 23 26 30 36 43 +11,1,23,0
537,3,5 12 21 23 32 38,12 23 26 30 36 43 +11,2,12 23,0
537,4,8 21 25 29 37 44,12 23 26 30 36 43 +11,0,,0
537,5,7 9 29 39 41 42,12 23 26 30 36 43 +11,0,,0
537,6,3 8 14 18 31 36,12 23 26 30 36 43 +11,1,36,0
537,7,8 9 23 28 36 45,12 23 26 30 36 43 +11,2,23 36,0
537,8,2 4 6 8 13 44,12 23 26 30 36 43 +11,0,,0
537,9,17 30 31 33 38 39,12 23 26 30 36 43 +11,1,30,0
537,10,4 8 13 19 23 34,12 23 26 30 36 43 +11,1,23,0
538,1,4 14 20 23 34 40,6 10 18 31 32 34 +11,1,34,0
538,2,8 10 11 21 26 27,6 10 18 31 32 34 +11,1,10,0
538,3,9 18 22 27 32 44,6 10 18 31 32 34 +11,2,18 32,0
538,4,10 16 22 31 41 45,6 10 18 31 32 34 +11,2,10 31,0
538,5,4 18 20 26 27 42,6 10 18 31 32 34 +11,1,18,0
538,6,20 23 27 33 43 45,6 10 18 31 32 34 +11,0,,0
538,7,1 18 24 34 40 41,6 10 18 31 32 34 +11,2,18 34,0
538,8,1 2 6 23 38 39,6 10 18 31 32 34 +11,1,6,0
538,9,1 3 16 18 32 43,6 10 18 31 32 34 +11,2,18 32,0
538,10,9 20 24 35 40 44,6 10 18 31 32 34 +11,0,,0
539,1,3 7 22 25 31 37,3 19 22 31 42 43 +26,3,3 22 31,5
539,2,4 11 12 19 34 38,3 19 22 31 42 43 +26,1,19,0
539,3,4 6 8 27 29 38,3 19 22 31 42 43 +26,0,,0
539,4,5 10 29 33 34 38,3 19 22 31 42 43 +26,0,,0
539,5,14 16 19 23 30 33,3 19 22 31 42 43 +26,1,19,0
539,6,4 12 16 25 35 39,3 19 22 31 42 43 +26,0,,0
539,7,2 15 34 36 44 45,3 19 22 31 42 43 +26,0,,0
539,8,1 5 6 10 11 26,3 19 22 31 42 43 +26,0,,0
539,9,10 13 33 35 41 45,3 19 22 31 42 43 +26,0,,0
539,10,2 3 10 13 18 35,3 19 22 31 42 43 +26,1,3,0
540,1,3 4 10 18 29 41,3 12 13 15 34 36 +14,1,3,0
540,2,8 24 26 27 28 31,3 12 13 15 34 36 +14,0,,0
540,3,1 3 4 30 37 42,3 12 13 15 34 36 +14,1,3,0
540,4,8 11 17 33 37 41,3 12 13 15 34 36 +14,0,,0
540,5,3 5 7 8 25 44,3 12 13 15 34 36 +14,1,3,0
540,6,5 6 10 22 29 33,3 12 13 15 34 36 +14,0,,0
540,7,3 4 6 12 16 19,3 12 13 15 34 36 +14,2,3 12,0
540,8,10 24 26 32 38 40,3 12 13 15 34 36 +14,0,,0
540,9,3 9 11 12 16 41,3 12 13 15 34 36 +14,2,3 12,0
540,10,4 6 27 41 44 45,3 12 13 15 34 36 +14,0,,0
541,1,24 27 29 39 41 45,8 13 26 28 32 34 +43,0,,0
541,2,2 13 15 18 38 39,8 13 26 28 32 34 +43,1,13,0
541,3,2 23 31 36 40 44,8 13 26 28 32 34 +43,0,,0
541,4,11 24 30 39 41 43,8 13 26 28 32 34 +43,0,,0
541,5,2 6 10 33 38 41,8 13 26 28 32 34 +43,0,,0
541,6,1 4 8 26 36 42,8 13 26 28 32 34 +43,2,8 26,0
541,7,1 3 15 21 25 27,8 13 26 28 32 34 +43,0,,0
541,8,9 25 30 32 36 42,8 13 26 28 32 34 +43,1,32,0
541,9,12 18 25 28 31 39,8 13 26 28 32 34 +43,1,28,0
541,10,3 14 19 33 35 37,8 13 26 28 32 34 +43,0,,0
542,1,21 26 31 34 41 43,5 6 19 26 41 45 +34,2,26 41,0
542,2,2 7 21 23 39 42,5 6 19 26 41 45 +34,0,,0
542,3,18 19 24 25 31 34,5 6 19 26 41 45 +34,1,19,0
542,4,16 21 29 30 33 42,5 6 19 26 41 45 +34,0,,0
542,5,6 8 9 12 25 42,5 6 19 26 41 45 +34,1,6,0
542,6,6 18 28 30 38 39,5 6 19 26 41 45 +34,1,6,0
542,7,1 5 26 28 39 42,5 6 19 26 41 45 +34,2,5 26,0
542,8,4 8 14 19 23 40,5 6 19 26 41 45 +34,1,19,0
542,9,7 8 29 31 34 43,5 6 19 26 41 45 +34,0,,0
542,10,1 2 3 6 8 31,5 6 19 26 41 45 +34,1,6,0
543,1,5 10 27 28 37 39,13 18 26 31 34 44 +12,0,,0
543,2,3 5 16 25 39 45,13 18 26 31 34 44 +12,0,,0
543,3,12 22 23 26 32 40,13 18 26 31 34 44 +12,1,26,0
543,4,2 26 28 35 42 45,13 18 26 31 34 44 +12,1,26,0
543,5,7 8 17 21 24 28,13 18 26 31 34 44 +12,0,,0
543,6,13 17 26 36 37 45,13 18 26 31 34 44 +12,2,13 26,0
543,7,11 16 19 35 36 37,13 18 26 31 34 44 +12,0,,0
543,8,9 22 25 26 27 42,13 18 26 31 34 44 +12,1,26,0
543,9,5 11 15 17 24 39,13 18 26 31 34 44 +12,0,,0
543,10,11 21 29 36 38 41,13 18 26 31 34 44 +12,0,,0
544,1,4 17 26 34 37 38,5 17 21 25 36 44 +10,1,17,0
544,2,1 4 14 18 24 38,5 17 21 25 36 44 +10,0,,0
544,3,2 5 28 35 43 45,5 17 21 25 36 44 +10,1,5,0
544,4,12 15 17 19 23 39,5 17 21 25 36 44 +10,1,17,0
544,5,2 4 8 13 21 34,5 17 21 25 36 44 +10,1,21,0
544,6,8 10 12 15 17 35,5 17 21 25 36 44 +10,1,17,0
544,7,5 6 12 20 24 26,5 17 21 25 36 44 +10,1,5,0
544,8,1 2 9 21 43 45,5 17 21 25 36 44 +10,1,21,0
544,9,11 16 25 29 38 43,5 17 21 25 36 44 +10,1,25,0
544,10,3 11 19 23 28 42,5 17 21 25 36 44 +10,0,,0
545,1,17 20 27 30 35 40,4 24 25 27 34 35 +2,2,27 35,0
545,2,1 5 9 16 21 23,4 24 25 27 34 35 +2,0,,0
545,3,7 9 12 21 42 45,4 24 25 27 34 35 +2,0,,0
545,4,8 9 16 25 27 37,4 24 25 27 34 35 +2,2,25 27,0
545,5,5 10 15 19 24 35,4 24 25 27 34 35 +2,2,24 35,0
545,6,9 14 24 25 26 44,4 24 25 27 34 35 +2,2,24 25,0
545,7,27 31 35 36 41 45,4 24 25 27 34 35 +2,2,27 35,0
545,8,4 26 29 32 33 34,4 24 25 27 34 35 +2,2,4 34,0
545,9,7 8 15 20 23 44,4 24 25 27 34 35 +2,0,,0
545,10,2 5 7 8 22 28,4 24 25 27 34 35 +2,0,,0
546,1,1 2 17 18 22 29,8 17 20 27 37 43 +6,1,17,0
546,2,12 23 29 33 39 41,8 17 20 27 37 43 +6,0,,0
546,3,13 26 28 29 44 45,8 17 20 27 37 43 +6,0,,0
546,4,5 7 14 34 36 45,8 17 20 27 37 43 +6,0,,0
546,5,4 10 12 20 29 41,8 17 20 27 37 43 +6,1,20,0
546,6,3 10 15 27 32 45,8 17 20 27 37 43 +6,1,27,0
546,7,25 28 32 34 40 43,8 17 20 27 37 43 +6,1,43,0
546,8,11 13 19 30 31 38,8 17 20 27 37 43 +6,0,,0
546,9,17 20 28 30 41 44,8 17 20 27 37 43 +6,2,17 20,0
546,10,4 6 10 11 14 21,8 17 20 27 37 43 +6,0,,0
547,1,13 25 27 33 40 41,6 7 15 22 34 39 +28,0,,0
547,2,8 11 18 31 34 35,6 7 15 22 34 39 +28,1,34,0
547,3,3 7 14 30 35 38,6 7 15 22 34 39 +28,1,7,0
547,4,6 7 18 22 28 39,6 7 15 22 34 39 +28,4,6 7 22 39,4
547,5,5 14 18 22 34 40,6 7 15 22 34 39 +28,2,22 34,0
547,6,3 17 19 25 37 39,6 7 15 22 34 39 +28,1,39,0
547,7,5 6 19 32 41 44,6 7 15 22 34 39 +28,1,6,0
547,8,9 12 31 38 39 41,6 7 15 22 34 39 +28,1,39,0
547,9,5 12 17 34 38 39,6 7 15 22 34 39 +28,2,34 39,0
547,10,1 12 17 28 33 41,6 7 15 22 34 39 +28,0,,0
548,1,2 4 19 26 27 38,1 12 13 21 32 45 +14,0,,0
548,2,6 16 18 24 28 33,1 12 13 21 32 45 +14,0,,0
548,3,7 8 21 25 31 33,1 12 13 21 32 45 +14,1,21,0
548,4,8 11 13 26 32 44,1 12 13 21 32 45 +14,2,13 32,0
548,5,1 4 16 18 26 37,1 12 13 21 32 45 +14,1,1,0
548,6,3 6 9 11 31 43,1 12 13 21 32 45 +14,0,,0
548,7,9 13 24 26 29 35,1 12 13 21 32 45 +14,1,13,0
548,8,1 2 3 14 34 43,1 12 13 21 32 45 +14,1,1,0
548,9,1 5 8 11 14 38,1 12 13 21 32 45 +14,1,1,0
548,10,15 28 36 37 40 45,1 12 13 21 32 45 +14,1,45,0
549,1,13 14 28 41 42 43,29 31 35 38 40 44 +17,0,,0
549,2,1 2 11 19 34 40,29 31 35 38 40 44 +17,1,40,0
549,3,11 12 23 31 38 42,29 31 35 38 40 44 +17,2,31 38,0
549,4,13 29 30 32 34 38,29 31 35 38 40 44 +17,2,29 38,0
549,5,6 26 29 36 40 42,29 31 35 38 40 44 +17,2,29 40,0
549,6,1 5 27 38 39 43,29 31 35 38 40 44 +17,1,38,0
549,7,1 31 34 39 40 45,29 31 35 38 40 44 +17,2,31 40,0
549,8,11 19 32 33 34 45,29 31 35 38 40 44 +17,0,,0
549,9,1 23 27 29 33 42,29 31 35 38 40 44 +17,1,29,0
549,10,5 16 25 31 33 44,29 31 35 38 40 44 +17,2,31 44,0
550,1,2 24 31 35 36 44,1 7 14 20 34 37 +41,0,,0
550,2,5 6 9 12 21 22,1 7 14 20 34 37 +41,0,,0
550,3,22 26 27 28 37 39,1 7 14 20 34 37 +41,1,37,0
550,4,3 14 26 40 42 45,1 7 14 20 34 37 +41,1,14,0
550,5,5 8 17 21 25 43,1 7 14 20 34 37 +41,0,,0
550,6,20 24 27 33 36 39,1 7 14 20 34 37 +41,1,20,0
550,7,11 23 24 25 37 45,1 7 14 20 34 37 +41,1,37,0
550,8,1 6 18 24 30 32,1 7 14 20 34 37 +41,1,1,0
550,9,3 23 30 32 40 42,1 7 14 20 34 37 +41,0,,0
550,10,2 9 12 15 19 22,1 7 14 20 34 37 +41,0,,0
551,1,21 25 26 37 39 42,3 6 20 24 27 44 +25,0,,0
551,2,1 3 4 21 25 42,3 6 20 24 27 44 +25,1,3,0
551,3,3 12 13 24 26 31,3 6 20 24 27 44 +25,2,3 24,0
551,4,9 15 17 34 39 42,3 6 20 24 27 44 +25,0,,0
551,5,14 17 19 24 26 42,3 6 20 24 27 44 +25,1,24,0
551,6,1 2 8 27 30 36,3 6 20 24 27 44 +25,1,27,0
551,7,12 17 19 20 37 42,3 6 20 24 27 44 +25,1,20,0
551,8,18 19 21 22 34 42,3 6 20 24 27 44 +25,0,,0
551,9,22 25 26 33 37 45,3 6 20 24 27 44 +25,0,,0
551,10,19 23 31 32 37 41,3 6 20 24 27 44 +25,0,,0
552,1,7 9 28 34 41 44,1 10 20 32 35 40 +43,0,,0
552,2,9 16 26 27 34 35,1 10 20 32 35 40 +43,1,35,0
552,3,8 26 28 29 35 43,1 10 20 32 35 40 +43,1,35,0
552,4,2 6 8 23 28 30,1 10 20 32 35 40 +43,0,,0
552,5,3 5 15 36 37 38,1 10 20 32 35 40 +43,0,,0
552,6,3 17 19 28 33 36,1 10 20 32 35 40 +43,0,,0
552,7,6 17 24 25 32 34,1 10 20 32 35 40 +43,1,32,0
552,8,24 25 28 35 39 44,1 10 20 32 35 40 +43,1,35,0
552,9,1 3 16 34 38 43,1 10 20 32 35 40 +43,1,1,0
552,10,5 6 12 24 42 44,1 10 20 32 35 40 +43,0,,0
553,1,6 7 8 19 20 28,2 7 17 28 29 39 +37,2,7 28,0
553,2,1 9 14 25 27 45,2 7 17 28 29 39 +37,0,,0
553,3,5 16 21 27 32 36,2 7 17 28 29 39 +37,0,,0
553,4,2 9 17 28 36 42,2 7 17 28 29 39 +37,3,2 17 28,5
553,5,6 12 32 37 42 44,2 7 17 28 29 39 +37,0,,0
553,6,8 10 19 28 33 39,2 7 17 28 29 39 +37,2,28 39,0
553,7,9 18 27 28 36 45,2 7 17 28 29 39 +37,1,28,0
553,8,9 10 16 23 25 28,2 7 17 28 29 39 +37,1,28,0
553,9,7 11 21 33 36 37,2 7 17 28 29 39 +37,1,7,0
553,10,2 5 13 19 27 31,2 7 17 28 29 39 +37,1,2,0
554,1,5 7 18 33 34 38,13 14 17 32 41 42 +6,0,,0
554,2,1 8 11 12 28 29,13 14 17 32 41 42 +6,0,,0
554,3,2 15 18 22 29 31,13 14 17 32 41 42 +6,0,,0
554,4,14 20 21 37 38 42,13 14 17 32 41 42 +6,2,14 42,0
554,5,4 16 18 25 29 40,13 14 17 32 41 42 +6,0,,0
554,6,11 22 33 37 39 41,13 14 17 32 41 42 +6,1,41,0
554,7,2 4 10 24 43 45,13 14 17 32 41 42 +6,0,,0
554,8,8 14 25 29 30 41,13 14 17 32 41 42 +6,2,14 41,0
554,9,14 17 25 32 35 42,13 14 17 32 41 42 +6,4,14 17 32 42,4
554,10,8 18 20 24 28 37,13 14 17 32 41 42 +6,0,,0
555,1,7 24 29 36 43 45,11 17 21 24 26 36 +12,2,24 36,0
555,2,9 15 16 34 42 43,11 17 21 24 26 36 +12,0,,0
555,3,4 9 10 13 26 34,11 17 21 24 26 36 +12,1,26,0
555,4,1 7 13 31 34 41,11 17 21 24 26 36 +12,0,,0
555,5,2 8 27 30 34 45,11 17 21 24 26 36 +12,0,,0
555,6,11 15 22 30 35 36,11 17 21 24 26 36 +12,2,11 36,0
555,7,9 18 20 24 37 40,11 17 21 24 26 36 +12,1,24,0
555,8,16 17 20 29 37 44,11 17 21 24 26 36 +12,1,17,0
555,9,10 14 24 26 27 44,11 17 21 24 26 36 +12,2,24 26,0
555,10,11 14 29 35 37 42,11 17 21 24 26 36 +12,1,11,0
556,1,6 14 15 26 30 39,12 20 23 28 30 44 +43,1,30,0
556,2,17 26 27 28 34 38,12 20 23 28 30 44 +43,1,28,0
556,3,13 25 28 34 37 41,12 20 23 28 30 44 +43,1,28,0
556,4,2 6 11 21 30 31,12 20 23 28 30 44 +43,1,30,0
556,5,7 10 18 28 38 43,12 20 23 28 30 44 +43,1,28,0
556,6,10 15 19 35 42 43,12 20 23 28 30 44 +43,0,,0
556,7,3 6 32 37 43 45,12 20 23 28 30 44 +43,0,,0
556,8,15 17 21 25 26 31,12 20 23 28 30 44 +43,0,,0
556,9,1 10 11 17 33 39,12 20 23 28 30 44 +43,0,,0
556,10,6 7 8 21 38 45,12 20 23 28 30 44 +43,0,,0
557,1,4 5 27 28 30 39,4 20 26 28 35 40 +31,2,4 28,0
557,2,11 13 23 30 37 45,4 20 26 28 35 40 +31,0,,0
557,3,1 19 21 25 39 45,4 20 26 28 35 40 +31,0,,0
557,4,21 29 33 37 41 43,4 20 26 28 35 40 +31,0,,0
557,5,11 19 22 30 36 45,4 20 26 28 35 40 +31,0,,0
557,6,1 4 7 16 23 36,4 20 26 28 35 40 +31,1,4,0
557,7,3 6 13 14 27 35,4 20 26 28 35 40 +31,1,35,0
557,8,6 12 14 17 23 29,4 20 26 28 35 40 +31,0,,0
557,9,8 14 22 23 30 38,4 20 26 28 35 40 +31,0,,0
557,10,7 14 16 22 26 45,4 20 26 28 35 40 +31,1,26,0
558,1,5 7 27 35 41 42,12 15 19 26 40 43 +29,0,,0
558,2,2 5 15 16 34 43,12 15 19 26 40 43 +29,2,15 43,0
558,3,1 11 24 30 38 45,12 15 19 26 40 43 +29,0,,0
558,4,3 4 27 29 36 44,12 15 19 26 40 43 +29,0,,0
558,5,1 13 31 39 42 44,12 15 19 26 40 43 +29,0,,0
558,6,9 17 18 21 24 38,12 15 19 26 40 43 +29,0,,0
558,7,9 15 21 28 29 39,12 15 19 26 40 43 +29,1,15,0
558,8,6 8 12 28 29 45,12 15 19 26 40 43 +29,1,12,0
558,9,7 15 30 31 32 39,12 15 19 26 40 43 +29,1,15,0
558,10,4 16 26 32 37 45,12 15 19 26 40 43 +29,1,26,0
559,1,16 24 30 34 38 39,11 12 25 32 44 45 +23,0,,0
559,2,3 4 10 14 35 45,11 12 25 32 44 45 +23,1,45,0
559,3,3 4 10 11 18 31,11 12 25 32 44 45 +23,1,11,0
559,4,1 4 13 33 40 42,11 12 25 32 44 45 +23,0,,0
559,5,23 26 27 30 31 33,11 12 25 32 44 45 +23,0,,0
559,6,2 5 21 24 38 45,11 12 25 32 44 45 +23,1,45,0
559,7,4 10 19 28 37 43,11 12 25 32 44 45 +23,0,,0
559,8,8 11 15 22 36 37,11 12 25 32 44 45 +23,1,11,0
559,9,1 27 28 30 35 44,11 12 25 32 44 45 +23,1,44,0
559,10,2 13 18 22 24 38,11 12 25 32 44 45 +23,0,,0
560,1,6 7 11 19 23 41,1 4 20 23 29 45 +28,1,23,0
560,2,1 5 16 21 24 44,1 4 20 23 29 45 +28,1,1,0
560,3,9 16 27 36 42 44,1 4 20 23 29 45 +28,0,,0
560,4,5 10 25 27 36 43,1 4 20 23 29 45 +28,0,,0
560,5,8 14 16 17 35 36,1 4 20 23 29 45 +28,0,,0
560,6,7 8 13 14 15 21,1 4 20 23 29 45 +28,0,,0
560,7,12 15 28 41 42 43,1 4 20 23 29 45 +28,0,,0
560,8,5 10 20 27 32 44,1 4 20 23 29 45 +28,1,20,0
560,9,5 6 20 31 35 38,1 4 20 23 29 45 +28,1,20,0
560,10,13 16 22 28 37 41,1 4 20 23 29 45 +28,0,,0
561,1,3 11 27 37 39 45,5 7 18 37 42 45 +20,2,37 45,0
561,2,1 3 6 8 20 45,5 7 18 37 42 45 +20,1,45,0
561,3,4 9 38 40 41 43,5 7 18 37 42 45 +20,0,,0
561,4,7 15 18 20 42 45,5 7 18 37 42 45 +20,4,7 18 42 45,4
561,5,2 4 6 31 33 44,5 7 18 37 42 45 +20,0,,0
561,6,11 17 28 38 39 44,5 7 18 37 42 45 +20,0,,0
561,7,8 17 20 27 40 42,5 7 18 37 42 45 +20,1,42,0
561,8,2 24 30 34 38 39,5 7 18 37 42 45 +20,0,,0
561,9,3 7 13 15 23 41,5 7 18 37 42 45 +20,1,7,0
561,10,17 21 26 34 39 43,5 7 18 37 42 45 +20,0,,0
562,1,1 14 30 31 37 45,4 11 13 17 20 31 +33,1,31,0
562,2,13 16 18 33 35 39,4 11 13 17 20 31 +33,1,13,0
562,3,5 18 27 30 41 43,4 11 13 17 20 31 +33,0,,0
562,4,6 9 14 27 39 45,4 11 13 17 20 31 +33,0,,0
562,5,4 10 17 24 35 37,4 11 13 17 20 31 +33,2,4 17,0
562,6,16 26 29 39 44 45,4 11 13 17 20 31 +33,0,,0
562,7,9 16 17 32 41 44,4 11 13 17 20 31 +33,1,17,0
562,8,13 18 24 31 36 43,4 11 13 17 20 31 +33,2,13 31,0
562,9,6 8 13 14 22 45,4 11 13 17 20 31 +33,1,13,0
562,10,3 12 14 21 29 33,4 11 13 17 20 31 +33,0,,0
563,1,2 20 26 29 35 39,5 10 16 17 31 32 +21,0,,0
563,2,5 6 9 18 19 34,5 10 16 17 31 32 +21,1,5,0
563,3,2 3 5 6 19 20,5 10 16 17 31 32 +21,1,5,0
563,4,6 9 22 28 29 43,5 10 16 17 31 32 +21,0,,0
563,5,1 4 14 19 22 37,5 10 16 17 31 32 +21,0,,0
563,6,1 2 13 25 29 31,5 10 16 17 31 32 +21,1,31,0
563,7,3 7 10 16 28 40,5 10 16 17 31 32 +21,2,10 16,0
563,8,6 11 13 15 24 26,5 10 16 17 31 32 +21,0,,0
563,9,14 16 19 32 33 41,5 10 16 17 31 32 +21,2,16 32,0
563,10,4 5 14 26 32 37,5 10 16 17 31 32 +21,2,5 32,0
564,1,15 19 24 34 42 45,14 19 25 26 27 34 +2,2,19 34,0
564,2,15 25 28 29 33 34,14 19 25 26 27 34 +2,2,25 34,0
564,3,1 29 30 31 37 41,14 19 25 26 27 34 +2,0,,0
564,4,3 16 19 20 32 45,14 19 25 26 27 34 +2,1,19,0
564,5,21 22 23 29 35 36,14 19 25 26 27 34 +2,0,,0
564,6,2 12 19 23 27 30,14 19 25 26 27 34 +2,2,19 27,0
564,7,1 8 28 33 34 40,14 19 25 26 27 34 +2,1,34,0
564,8,5 7 14 18 25 43,14 19 25 26 27 34 +2,2,14 25,0
564,9,8 15 19 23 33 42,14 19 25 26 27 34 +2,1,19,0
564,10,15 21 25 26 41 45,14 19 25 26 27 34 +2,2,25 26,0
565,1,15 21 26 29 33 41,4 10 18 27 40 45 +38,0,,0
565,2,1 27 29 31 37 43,4 10 18 27 40 45 +38,1,27,0
565,3,4 9 17 21 22 34,4 10 18 27 40 45 +38,1,4,0
565,4,1 4 24 28 35 43,4 10 18 27 40 45 +38,1,4,0
565,5,9 15 22 26 29 41,4 10 18 27 40 45 +38,0,,0
565,6,7 11 20 33 36 45,4 10 18 27 40 45 +38,1,45,0
565,7,2 16 27 28 35 38,4 10 18 27 40 45 +38,1,27,0
565,8,10 18 23 25 30 32,4 10 18 27 40 45 +38,2,10 18,0
565,9,5 6 15 16 30 41,4 10 18 27 40 45 +38,0,,0
565,10,13 16 29 39 40 45,4 10 18 27 40 45 +38,2,40 45,0
566,1,6 9 22 29 32 43,4 5 6 25 26 43 +41,2,6 43,0
566,2,11 16 22 24 40 45,4 5 6 25 26 43 +41,0,,0
566,3,2 4 10 26 35 44,4 5 6 25 26 43 +41,2,4 26,0
566,4,7 16 27 30 38 43,4 5 6 25 26 43 +41,1,43,0
566,5,2 3 23 35 43 45,4 5 6 25 26 43 +41,1,43,0
566,6,13 16 17 20 23 32,4 5 6 25 26 43 +41,0,,0
566,7,7 10 26 33 36 44,4 5 6 25 26 43 +41,1,26,0
566,8,3 7 16 29 39 45,4 5 6 25 26 43 +41,0,,0
566,9,1 3 5 16 19 36,4 5 6 25 26 43 +41,1,5,0
566,10,11 16 17 24 30 41,4 5 6 25 26 43 +41,0,,0
567,1,4 6 18 19 33 42,1 10 15 16 32 41 +28,0,,0
567,2,6 12 18 24 29 39,1 10 15 16 32 41 +28,0,,0
567,3,7 19 30 36 37 40,1 10 15 16 32 41 +28,0,,0
567,4,9 10 18 19 24 26,1 10 15 16 32 41 +28,1,10,0
567,5,4 5 10 14 31 43,1 10 15 16 32 41 +28,1,10,0
567,6,9 11 24 27 29 44,1 10 15 16 32 41 +28,0,,0
567,7,10 12 21 24 33 40,1 10 15 16 32 41 +28,1,10,0
567,8,4 7 12 14 16 27,1 10 15 16 32 41 +28,1,16,0
567,9,4 25 30 31 33 35,1 10 15 16 32 41 +28,0,,0
567,10,12 13 22 24 25 38,1 10 15 16 32 41 +28,0,,0
568,1,2 7 10 14 23 43,1 3 17 20 31 44 +40,0,,0
568,2,1 12 25 31 32 39,1 3 17 20 31 44 +40,2,1 31,0
568,3,1 15 27 28 34 39,1 3 17 20 31 44 +40,1,1,0
568,4,2 7 8 19 22 45,1 3 17 20 31 44 +40,0,,0
568,5,11 21 25 29 31 45,1 3 17 20 31 44 +40,1,31,0
568,6,7 26 28 31 38 39,1 3 17 20 31 44 +40,1,31,0
568,7,2 12 24 34 35 41,1 3 17 20 31 44 +40,0,,0
568,8,15 20 24 33 39 41,1 3 17 20 31 44 +40,1,20,0
568,9,2 4 23 29 39 41,1 3 17 20 31 44 +40,0,,0
568,10,2 8 20 24 29 31,1 3 17 20 31 44 +40,2,20 31,0
569,1,2 9 21 24 36 39,3 6 13 23 24 35 +1,1,24,0
569,2,2 11 15 21 23 35,3 6 13 23 24 35 +1,2,23 35,0
569,3,8 11 22 25 28 44,3 6 13 23 24 35 +1,0,,0
569,4,8 17 27 28 34 43,3 6 13 23 24 35 +1,0,,0
569,5,1 11 12 16 17 39,3 6 13 23 24 35 +1,0,,0
569,6,17 20 27 31 34 38,3 6 13 23 24 35 +1,0,,0
569,7,12 20 21 23 25 45,3 6 13 23 24 35 +1,1,23,0
569,8,21 26 36 38 40 41,3 6 13 23 24 35 +1,0,,0
569,9,2 3 22 24 37 42,3 6 13 23 24 35 +1,2,3 24,0
569,10,2 7 11 12 29 33,3 6 13 23 24 35 +1,0,,0
570,1,9 10 11 19 21 38,1 12 26 27 29 33 +42,0,,0
570,2,1 2 12 32 36 39,1 12 26 27 29 33 +42,2,1 12,0
570,3,4 17 19 31 36 38,1 12 26 27 29 33 +42,0,,0
570,4,2 20 25 28 36 37,1 12 26 27 29 33 +42,0,,0
570,5,6 11 13 28 38 40,1 12 26 27 29 33 +42,0,,0
570,6,1 6 13 21 23 28,1 12 26 27 29 33 +42,1,1,0
570,7,3 5 7 26 31 41,1 12 26 27 29 33 +42,1,26,0
570,8,2 22 26 31 35 36,1 12 26 27 29 33 +42,1,26,0
570,9,7 8 13 15 27 33,1 12 26 27 29 33 +42,2,27 33,0
570,10,4 6 13 14 24 27,1 12 26 27 29 33 +42,1,27,0
571,1,2 10 23 36 42 44,11 18 21 26 38 43 +29,0,,0
571,2,21 22 24 28 33 44,11 18 21 26 38 43 +29,1,21,0
571,3,10 12 16 20 29 33,11 18 21 26 38 43 +29,0,,0
571,4,13 25 36 39 44 45,11 18 21 26 38 43 +29,0,,0
571,5,1 3 10 19 36 37,11 18 21 26 38 43 +29,0,,0
571,6,9 23 35 36 37 43,11 18 21 26 38 43 +29,1,43,0
571,7,2 7 12 19 20 29,11 18 21 26 38 43 +29,0,,0
571,8,1 6 7 11 22 36,11 18 21 26 38 43 +29,1,11,0
571,9,3 17 25 27 36 37,11 18 21 26 38 43 +29,0,,0
571,10,1 5 10 15 24 40,11 18 21 26 38 43 +29,0,,0
572,1,4 13 21 24 27 39,3 13 18 33 37 45 +1,1,13,0
572,2,12 19 23 28 30 41,3 13 18 33 37 45 +1,0,,0
572,3,19 22 30 32 40 42,3 13 18 33 37 45 +1,0,,0
572,4,3 4 6 11 22 45,3 13 18 33 37 45 +1,2,3 45,0
572,5,4 10 21 23 31 33,3 13 18 33 37 45 +1,1,33,0
572,6,14 20 21 23 25 38,3 13 18 33 37 45 +1,0,,0
572,7,5 7 10 12 17 32,3 13 18 33 37 45 +1,0,,0
572,8,10 11 16 31 35 44,3 13 18 33 37 45 +1,0,,0
572,9,1 2 6 13 34 42,3 13 18 33 37 45 +1,1,13,0
572,10,3 7 20 25 28 42,3 13 18 33 37 45 +1,1,3,0
573,1,6 9 18 20 32 37,2 4 20 34 35 43 +14,1,20,0
573,2,2 11 14 16 23 32,2 4 20 34 35 43 +14,1,2,0
573,3,2 14 16 30 37 42,2 4 20 34 35 43 +14,1,2,0
573,4,9 33 39 40 42 43,2 4 20 34 35 43 +14,1,43,0
573,5,9 10 12 23 24 32,2 4 20 34 35 43 +14,0,,0
573,6,1 4 10 27 28 40,2 4 20 34 35 43 +14,1,4,0
573,7,12 18 21 23 29 42,2 4 20 34 35 43 +14,0,,0
573,8,3 15 21 31 34 36,2 4 20 34 35 43 +14,1,34,0
573,9,2 16 33 35 38 45,2 4 20 34 35 43 +14,2,2 35,0
573,10,14 30 35 36 37 40,2 4 20 34 35 43 +14,1,35,0
574,1,8 18 37 39 40 42,14 15 16 19 25 43 +2,0,,0
574,2,5 18 26 29 31 40,14 15 16 19 25 43 +2,0,,0
574,3,10 18 19 37 41 44,14 15 16 19 25 43 +2,1,19,0
574,4,3 17 29 41 42 45,14 15 16 19 25 43 +2,0,,0
574,5,4 5 20 23 35 40,14 15 16 19 25 43 +2,0,,0
574,6,4 11 16 26 30 32,14 15 16 19 25 43 +2,1,16,0
574,7,12 16 22 32 34 41,14 15 16 19 25 43 +2,1,16,0
574,8,5 21 23 32 34 43,14 15 16 19 25 43 +2,1,43,0
574,9,4 5 19 20 21 40,14 15 16 19 25 43 +2,1,19,0
574,10,9 11 24 38 39 43,14 15 16 19 25 43 +2,1,43,0
575,1,2 4 16 24 38 45,2 8 20 30 33 34 +6,1,2,0
575,2,17 18 24 25 35 40,2 8 20 30 33 34 +6,0,,0
575,3,4 5 8 20 37 42,2 8 20 30 33 34 +6,2,8 20,0
575,4,4 14 18 29 30 40,2 8 20 30 33 34 +6,1,30,0
575,5,1 3 7 16 43 45,2 8 20 30 33 34 +6,0,,0
575,6,5 8 9 10 36 43,2 8 20 30 33 34 +6,1,8,0
575,7,6 9 12 16 27 42,2 8 20 30 33 34 +6,0,,0
575,8,2 11 23 25 41 42,2 8 20 30 33 34 +6,1,2,0
575,9,13 32 38 42 44 45,2 8 20 30 33 34 +6,0,,0
575,10,1 2 3 5 27 43,2 8 20 30 33 34 +6,1,2,0
576,1,12 17 22 27 29 43,10 11 15 25 35 41 +13,0,,0
576,2,27 28 38 40 44 45,10 11 15 25 35 41 +13,0,,0
576,3,1 2 6 14 27 38,10 11 15 25 35 41 +13,0,,0
576,4,1 14 19 26 34 40,10 11 15 25 35 41 +13,0,,0
576,5,6 7 12 17 23 41,10 11 15 25 35 41 +13,1,41,0
576,6,1 2 9 11 36 43,10 11 15 25 35 41 +13,1,11,0
576,7,6 18 25 30 42 43,10 11 15 25 35 41 +13,1,25,0
576,8,6 13 30 32 33 35,10 11 15 25 35 41 +13,1,35,0
576,9,10 14 24 29 34 43,10 11 15 25 35 41 +13,1,10,0
576,10,3 9 10 13 31 36,10 11 15 25 35 41 +13,1,10,0
577,1,1 7 16 35 40 42,16 17 22 31 34 37 +33,1,16,0
577,2,10 17 21 25 37 40,16 17 22 31 34 37 +33,2,17 37,0
577,3,14 17 25 37 42 44,16 17 22 31 34 37 +33,2,17 37,0
577,4,5 16 21 28 34 43,16 17 22 31 34 37 +33,2,16 34,0
577,5,6 11 20 23 27 40,16 17 22 31 34 37 +33,0,,0
577,6,8 9 17 30 33 43,16 17 22 31 34 37 +33,1,17,0
577,7,10 12 19 25 28 36,16 17 22 31 34 37 +33,0,,0
577,8,18 19 28 30 36 44,16 17 22 31 34 37 +33,0,,0
577,9,6 17 18 31 38 39,16 17 22 31 34 37 +33,2,17 31,0
577,10,16 18 24 27 28 36,16 17 22 31 34 37 +33,1,16,0
578,1,2 13 21 22 36 40,5 12 14 32 34 42 +16,0,,0
578,2,7 20 24 28 35 43,5 12 14 32 34 42 +16,0,,0
578,3,4 14 18 23 24 25,5 12 14 32 34 42 +16,1,14,0
578,4,10 14 15 20 29 31,5 12 14 32 34 42 +16,1,14,0
578,5,4 18 30 33 34 41,5 12 14 32 34 42 +16,1,34,0
578,6,2 5 13 26 31 43,5 12 14 32 34 42 +16,1,5,0
578,7,6 9 27 31 32 44,5 12 14 32 34 42 +16,1,32,0
578,8,1 13 24 37 39 40,5 12 14 32 34 42 +16,0,,0
578,9,7 15 16 25 28 44,5 12 14 32 34 42 +16,0,,0
578,10,13 24 28 30 32 38,5 12 14 32 34 42 +16,1,32,0
579,1,4 11 16 18 27 34,5 7 20 22 37 42 +39,0,,0
579,2,2 8 15 16 22 38,5 7 20 22 37 42 +39,1,22,0
579,3,8 9 11 16 28 30,5 7 20 22 37 42 +39,0,,0
579,4,2 8 18 32 36 38,5 7 20 22 37 42 +39,0,,0
579,5,1 10 22 32 38 40,5 7 20 22 37 42 +39,1,22,0
579,6,1 12 18 24 28 39,5 7 20 22 37 42 +39,0,,0
579,7,2 8 32 37 41 44,5 7 20 22 37 42 +39,1,37,0
579,8,1 10 11 14 16 37,5 7 20 22 37 42 +39,1,37,0
579,9,6 14 30 31 33 37,5 7 20 22 37 42 +39,1,37,0
579,10,4 10 13 24 31 39,5 7 20 22 37 42 +39,0,,0
580,1,9 11 15 23 24 26,5 7 9 11 32 35 +33,2,9 11,0
580,2,8 20 21 24 38 43,5 7 9 11 32 35 +33,0,,0
580,3,3 22 29 33 35 40,5 7 9 11 32 35 +33,1,35,0
580,4,15 24 29 36 37 45,5 7 9 11 32 35 +33,0,,0
580,5,17 28 29 31 39 45,5 7 9 11 32 35 +33,0,,0
580,6,2 3 32 33 37 38,5 7 9 11 32 35 +33,1,32,0
580,7,8 12 17 18 30 34,5 7 9 11 32 35 +33,0,,0
580,8,5 9 17 25 28 36,5 7 9 11 32 35 +33,2,5 9,0
580,9,15 17 18 23 25 41,5 7 9 11 32 35 +33,0,,0
580,10,1 9 22 26 39 44,5 7 9 11 32 35 +33,1,9,0
581,1,2 6 9 10 33 37,3 5 14 20 42 44 +33,0,,0
581,2,8 18 21 25 26 29,3 5 14 20 42 44 +33,0,,0
581,3,2 6 26 31 33 37,3 5 14 20 42 44 +33,0,,0
581,4,9 10 22 23 36 40,3 5 14 20 42 44 +33,0,,0
581,5,7 25 30 33 42 43,3 5 14 20 42 44 +33,1,42,0
581,6,1 6 9 10 16 36,3 5 14 20 42 44 +33,0,,0
581,7,3 5 7 18 27 34,3 5 14 20 42 44 +33,2,3 5,0
581,8,13 15 16 25 28 36,3 5 14 20 42 44 +33,0,,0
581,9,1 6 28 34 36 42,3 5 14 20 42 44 +33,1,42,0
581,10,6 12 17 20 34 39,3 5 14 20 42 44 +33,1,20,0
582,1,3 16 17 22 24 33,2 12 14 33 40 41 +25,1,33,0
582,2,13 14 18 29 30 36,2 12 14 33 40 41 +25,1,14,0
582,3,2 5 10 24 29 30,2 12 14 33 40 41 +25,1,2,0
582,4,10 11 14 31 32 41,2 12 14 33 40 41 +25,2,14 41,0
582,5,4 12 14 22 31 33,2 12 14 33 40 41 +25,3,12 14 33,5
582,6,9 18 22 28 30 40,2 12 14 33 40 41 +25,1,40,0
582,7,10 16 24 31 39 41,2 12 14 33 40 41 +25,1,41,0
582,8,9 15 19 26 33 42,2 12 14 33 40 41 +25,1,33,0
582,9,10 14 26 28 37 38,2 12 14 33 40 41 +25,1,14,0
582,10,6 8 15 18 25 36,2 12 14 33 40 41 +25,0,,0
583,1,1 13 16 27 35 36,8 17 27 33 40 44 +24,1,27,0
583,2,7 26 30 33 41 45,8 17 27 33 40 44 +24,1,33,0
583,3,10 15 16 17 35 36,8 17 27 33 40 44 +24,1,17,0
583,4,2 4 13 18 19 20,8 17 27 33 40 44 +24,0,,0
583,5,3 12 14 19 42 44,8 17 27 33 40 44 +24,1,44,0
583,6,4 14 17 18 36 42,8 17 27 33 40 44 +24,1,17,0
583,7,7 11 24 37 38 44,8 17 27 33 40 44 +24,1,44,0
583,8,17 21 33 35 37 42,8 17 27 33 40 44 +24,2,17 33,0
583,9,3 6 18 22 30 35,8 17 27 33 40 44 +24,0,,0
583,10,4 5 9 16 27 37,8 17 27 33 40 44 +24,1,27,0
584,1,2 16 19 22 29 44,7 18 30 39 40 41 +36,0,,0
584,2,12 14 15 19 20 42,7 18 30 39 40 41 +36,0,,0
584,3,17 18 31 35 38 43,7 18 30 39 40 41 +36,1,18,0
584,4,5 9 11 26 29 39,7 18 30 39 40 41 +36,1,39,0
584,5,12 17 24 39 40 44,7 18 30 39 40 41 +36,2,39 40,0
584,6,4 10 11 14 23 33,7 18 30 39 40 41 +36,0,,0
584,7,1 7 9 17 23 38,7 18 30 39 40 41 +36,1,7,0
584,8,1 3 5 13 24 41,7 18 30 39 40 41 +36,1,41,0
584,9,8 10 21 25 36 38,7 18 30 39 40 41 +36,0,,0
584,10,14 15 27 37 44 45,7 18 30 39 40 41 +36,0,,0
585,1,4 5 6 10 16 22,6 7 10 16 38 41 +4,3,6 10 16,5
585,2,9 13 17 31 33 45,6 7 10 16 38 41 +4,0,,0
585,3,5 16 22 34 35 39,6 7 10 16 38 41 +4,1,16,0
585,4,3 26 33 41 43 44,6 7 10 16 38 41 +4,1,41,0
585,5,10 11 17 25 33 40,6 7 10 16 38 41 +4,1,10,0
585,6,15 21 25 31 37 41,6 7 10 16 38 41 +4,1,41,0
585,7,1 4 13 26 32 35,6 7 10 16 38 41 +4,0,,0
585,8,3 11 17 21 22 43,6 7 10 16 38 41 +4,0,,0
585,9,1 7 13 17 21 27,6 7 10 16 38 41 +4,1,7,0
585,10,8 17 18 19 33 39,6 7 10 16 38 41 +4,0,,0
586,1,1 4 13 16 27 36,2 7 12 15 21 34 +5,0,,0
586,2,6 13 16 23 38 43,2 7 12 15 21 34 +5,0,,0
586,3,7 15 24 29 33 44,2 7 12 15 21 34 +5,2,7 15,0
586,4,10 15 19 22 37 38,2 7 12 15 21 34 +5,1,15,0
586,5,4 8 13 15 18 42,2 7 12 15 21 34 +5,1,15,0
586,6,2 4 10 34 40 45,2 7 12 15 21 34 +5,2,2 34,0
586,7,1 4 8 11 37 39,2 7 12 15 21 34 +5,0,,0
586,8,1 5 26 31 36 41,2 7 12 15 21 34 +5,0,,0
586,9,14 24 25 42 43 45,2 7 12 15 21 34 +5,0,,0
586,10,13 23 28 30 39 41,2 7 12 15 21 34 +5,0,,0
587,1,5 15 18 20 29 30,14 21 29 31 32 37 +17,1,29,0
587,2,1 5 8 11 28 40,14 21 29 31 32 37 +17,0,,0
587,3,4 15 21 24 39 42,14 21 29 31 32 37 +17,1,21,0
587,4,1 9 12 18 19 31,14 21 29 31 32 37 +17,1,31,0
587,5,7 23 25 30 38 45,14 21 29 31 32 37 +17,0,,0
587,6,7 13 16 19 32 35,14 21 29 31 32 37 +17,1,32,0
587,7,2 4 16 35 37 44,14 21 29 31 32 37 +17,1,37,0
587,8,1 6 7 30 32 36,14 21 29 31 32 37 +17,1,32,0
587,9,6 20 25 30 40 41,14 21 29 31 32 37 +17,0,,0
587,10,2 11 23 24 36 43,14 21 29 31 32 37 +17,0,,0
588,1,6 20 21 25 40 45,2 8 15 22 25 41 +30,1,25,0
588,2,3 13 15 20 30 36,2 8 15 22 25 41 +30,1,15,0
588,3,1 5 13 21 22 34,2 8 15 22 25 41 +30,1,22,0
588,4,13 24 26 39 43 44,2 8 15 22 25 41 +30,0,,0
588,5,4 26 27 30 32 35,2 8 15 22 25 41 +30,0,,0
588,6,1 4 23 33 36 37,2 8 15 22 25 41 +30,0,,0
588,7,2 10 11 24 36 39,2 8 15 22 25 41 +30,1,2,0
588,8,3 9 17 18 35 38,2 8 15 22 25 41 +30,0,,0
588,9,6 18 19 22 44 45,2 8 15 22 25 41 +30,1,22,0
588,10,1 3 12 16 19 40,2 8 15 22 25 41 +30,0,,0
589,1,4 8 13 14 24 32,6 8 28 33 38 39 +22,1,8,0
589,2,3 13 14 15 22 41,6 8 28 33 38 39 +22,0,,0
589,3,1 15 26 31 35 36,6 8 28 33 38 39 +22,0,,0
589,4,13 20 22 25 39 41,6 8 28 33 38 39 +22,1,39,0
589,5,6 26 34 35 40 44,6 8 28 33 38 39 +22,1,6,0
589,6,1 28 30 32 36 39,6 8 28 33 38 39 +22,2,28 39,0
589,7,8 13 19 26 34 39,6 8 28 33 38 39 +22,2,8 39,0
589,8,2 22 24 28 36 42,6 8 28 33 38 39 +22,1,28,0
589,9,15 22 25 31 37 42,6 8 28 33 38 39 +22,0,,0
589,10,2 21 29 35 41 44,6 8 28 33 38 39 +22,0,,0
590,1,5 14 15 20 35 36,20 30 36 38 41 45 +23,2,20 36,0
590,2,4 20 35 38 43 44,20 30 36 38 41 45 +23,2,20 38,0
590,3,5 7 13 16 36 43,20 30 36 38 41 45 +23,1,36,0
590,4,21 25 26 30 40 41,20 30 36 38 41 45 +23,2,30 41,0
590,5,11 23 25 34 36 39,20 30 36 38 41 45 +23,1,36,0
590,6,5 7 17 21 33 45,20 30 36 38 41 45 +23,1,45,0
590,7,1 6 14 15 29 30,20 30 36 38 41 45 +23,1,30,0
590,8,4 10 17 27 29 41,20 30 36 38 41 45 +23,1,41,0
590,9,6 12 28 29 31 32,20 30 36 38 41 45 +23,0,,0
590,10,6 14 19 30 35 38,20 30 36 38 41 45 +23,2,30 38,0
591,1,4 10 11 33 37 44,8 13 14 30 38 39 +5,0,,0
591,2,12 26 34 41 42 43,8 13 14 30 38 39 +5,0,,0
591,3,17 21 26 27 32 41,8 13 14 30 38 39 +5,0,,0
591,4,5 19 23 29 30 35,8 13 14 30 38 39 +5,1,30,0
591,5,2 19 32 38 39 43,8 13 14 30 38 39 +5,2,38 39,0
591,6,2 3 11 17 22 38,8 13 14 30 38 39 +5,1,38,0
591,7,3 14 15 22 27 45,8 13 14 30 38 39 +5,1,14,0
591,8,3 10 17 39 40 42,8 13 14 30 38 39 +5,1,39,0
591,9,7 29 33 37 38 39,8 13 14 30 38 39 +5,2,38 39,0
591,10,4 24 26 29 31 36,8 13 14 30 38 39 +5,0,,0
592,1,5 17 34 39 41 44,2 5 6 13 28 44 +43,2,5 44,0
592,2,5 10 11 13 18 38,2 5 6 13 28 44 +43,2,5 13,0
592,3,7 18 21 33 34 43,2 5 6 13 28 44 +43,0,,0
592,4,3 4 12 30 40 43,2 5 6 13 28 44 +43,0,,0
592,5,3 8 11 22 26 41,2 5 6 13 28 44 +43,0,,0
592,6,5 7 14 29 36 41,2 5 6 13 28 44 +43,1,5,0
592,7,9 16 29 32 37 38,2 5 6 13 28 44 +43,0,,0
592,8,11 19 23 27 30 37,2 5 6 13 28 44 +43,0,,0
592,9,11 27 32 35 42 43,2 5 6 13 28 44 +43,0,,0
592,10,6 10 11 14 21 42,2 5 6 13 28 44 +43,1,6,0
593,1,5 6 14 16 20 22,9 10 13 24 33 38 +28,0,,0
593,2,21 25 35 42 43 44,9 10 13 24 33 38 +28,0,,0
593,3,4 22 24 29 31 35,9 10 13 24 33 38 +28,1,24,0
593,4,17 22 28 32 41 42,9 10 13 24 33 38 +28,0,,0
593,5,2 15 18 22 25 44,9 10 13 24 33 38 +28,0,,0
593,6,4 21 33 34 40 44,9 10 13 24 33 38 +28,1,33,0
593,7,5 8 15 21 36 44,9 10 13 24 33 38 +28,0,,0
593,8,8 11 22 24 31 37,9 10 13 24 33 38 +28,1,24,0
593,9,6 19 21 24 27 42,9 10 13 24 33 38 +28,1,24,0
593,10,3 8 11 20 23 26,9 10 13 24 33 38 +28,0,,0
594,1,1 6 14 23 34 38,2 8 13 25 28 37 +3,0,,0
594,2,3 9 15 23 28 44,2 8 13 25 28 37 +3,1,28,0
594,3,3 7 8 17 36 41,2 8 13 25 28 37 +3,1,8,0
594,4,2 9 15 23 29 36,2 8 13 25 28 37 +3,1,2,0
594,5,17 18 21 25 31 45,2 8 13 25 28 37 +3,1,25,0
594,6,6 13 16 31 39 43,2 8 13 25 28 37 +3,1,13,0
594,7,1 8 18 28 32 44,2 8 13 25 28 37 +3,2,8 28,0
594,8,2 23 25 28 36 39,2 8 13 25 28 37 +3,3,2 25 28,5
594,9,7 9 20 21 24 37,2 8 13 25 28 37 +3,1,37,0
594,10,10 18 19 22 24 30,2 8 13 25 28 37 +3,0,,0
595,1,4 13 18 29 36 40,8 24 28 35 38 40 +5,1,40,0
595,2,21 32 34 35 37 42,8 24 28 35 38 40 +5,1,35,0
595,3,18 19 24 33 40 44,8 24 28 35 38 40 +5,2,24 40,0
595,4,17 19 20 21 31 37,8 24 28 35 38 40 +5,0,,0
595,5,4 11 12 19 22 25,8 24 28 35 38 40 +5,0,,0
595,6,6 8 14 15 37 43,8 24 28 35 38 40 +5,1,8,0
595,7,4 5 22 24 26 41,8 24 28 35 38 40 +5,1,24,0
595,8,10 18 28 30 33 45,8 24 28 35 38 40 +5,1,28,0
595,9,10 25 34 39 40 41,8 24 28 35 38 40 +5,1,40,0
595,10,11 24 32 33 43 44,8 24 28 35 38 40 +5,1,24,0
596,1,9 21 28 37 44 45,3 4 12 14 25 43 +17,0,,0
596,2,5 6 14 21 22 36,3 4 12 14 25 43 +17,1,14,0
596,3,19 25 30 32 36 45,3 4 12 14 25 43 +17,1,25,0
596,4,13 14 18 26 33 35,3 4 12 14 25 43 +17,1,14,0
596,5,9 15 16 22 33 34,3 4 12 14 25 43 +17,0,,0
596,6,14 16 19 29 34 45,3 4 12 14 25 43 +17,1,14,0
596,7,3 9 19 22 35 44,3 4 12 14 25 43 +17,1,3,0
596,8,2 7 14 25 39 43,3 4 12 14 25 43 +17,3,14 25 43,5
596,9,13 16 17 20 32 35,3 4 12 14 25 43 +17,0,,0
596,10,8 24 33 38 39 44,3 4 12 14 25 43 +17,0,,0
597,1,4 9 15 21 30 43,8 10 23 24 35 43 +37,1,43,0
597,2,7 22 24 30 35 44,8 10 23 24 35 43 +37,2,24 35,0
597,3,1 7 16 24 28 43,8 10 23 24 35 43 +37,2,24 43,0
597,4,5 6 22 25 32 38,8 10 23 24 35 43 +37,0,,0
597,5,9 10 13 24 42 43,8 10 23 24 35 43 +37,3,10 24 43,5
597,6,2 14 15 26 28 41,8 10 23 24 35 43 +37,0,,0
597,7,10 21 25 31 39 45,8 10 23 24 35 43 +37,1,10,0
597,8,7 11 18 34 42 45,8 10 23 24 35 43 +37,0,,0
597,9,13 17 21 31 39 45,8 10 23 24 35 43 +37,0,,0
597,10,29 31 34 40 41 43,8 10 23 24 35 43 +37,1,43,0
598,1,6 19 29 32 38 39,4 12 24 33 38 45 +22,1,38,0
598,2,5 7 17 28 34 41,4 12 24 33 38 45 +22,0,,0
598,3,5 16 24 28 35 38,4 12 24 33 38 45 +22,2,24 38,0
598,4,3 12 28 30 37 45,4 12 24 33 38 45 +22,2,12 45,0
598,5,1 5 12 20 23 41,4 12 24 33 38 45 +22,1,12,0
598,6,7 9 21 29 35 37,4 12 24 33 38 45 +22,0,,0
598,7,11 16 19 35 40 45,4 12 24 33 38 45 +22,1,45,0
598,8,13 15 24 26 27 42,4 12 24 33 38 45 +22,1,24,0
598,9,13 15 28 35 41 45,4 12 24 33 38 45 +22,1,45,0
598,10,1 2 8 18 31 35,4 12 24 33 38 45 +22,0,,0
599,1,6 9 15 22 26 27,5 12 17 29 34 35 +27,0,,0
599,2,8 10 27 32 39 40,5 12 17 29 34 35 +27,0,,0
599,3,7 10 16 21 23 32,5 12 17 29 34 35 +27,0,,0
599,4,4 12 23 28 35 38,5 12 17 29 34 35 +27,2,12 35,0
599,5,4 7 16 29 33 45,5 12 17 29 34 35 +27,1,29,0
599,6,13 16 22 25 30 42,5 12 17 29 34 35 +27,0,,0
599,7,1 6 19 23 37 39,5 12 17 29 34 35 +27,0,,0
599,8,4 15 21 27 29 38,5 12 17 29 34 35 +27,1,29,0
599,9,2 18 21 26 32 33,5 12 17 29 34 35 +27,0,,0
599,10,1 2 12 20 35 38,5 12 17 29 34 35 +27,2,12 35,0
600,1,6 7 14 17 27 28,5 11 14 27 29 36 +44,2,14 27,0
600,2,5 15 23 33 42 44,5 11 14 27 29 36 +44,1,5,0
600,3,2 3 17 19 22 36,5 11 14 27 29 36 +44,1,36,0
600,4,4 13 18 27 29 35,5 11 14 27 29 36 +44,2,27 29,0
600,5,15 16 23 24 25 39,5 11 14 27 29 36 +44,0,,0
600,6,20 23 30 33 42 43,5 11 14 27 29 36 +44,0,,0
600,7,2 3 4 8 26 37,5 11 14 27 29 36 +44,0,,0
600,8,1 2 5 8 19 27,5 11 14 27 29 36 +44,2,5 27,0
600,9,2 21 37 38 43 44,5 11 14 27 29 36 +44,0,,0
600,10,14 22 29 31 33 42,5 11 14 27 29 36 +44,2,14 29,0
601,1,17 23 28 31 39 45,2 16 19 31 34 35 +37,1,31,0
601,2,12 13 21 24 33 39,2 16 19 31 34 35 +37,0,,0
601,3,8 13 16 22 40 41,2 16 19 31 34 35 +37,1,16,0
601,4,12 16 20 26 30 45,2 16 19 31 34 35 +37,1,16,0
601,5,8 22 23 32 43 45,2 16 19 31 34 35 +37,0,,0
601,6,9 17 31 37 39 43,2 16 19 31 34 35 +37,1,31,0
601,7,6 15 31 32 35 36,2 16 19 31 34 35 +37,2,31 35,0
601,8,7 10 26 32 35 39,2 16 19 31 34 35 +37,1,35,0
601,9,4 16 33 37 38 40,2 16 19 31 34 35 +37,1,16,0
601,10,10 16 18 22 29 43,2 16 19 31 34 35 +37,1,16,0
602,1,3 7 14 17 31 38,13 14 22 27 30 38 +2,2,14 38,0
602,2,7 8 18 20 23 33,13 14 22 27 30 38 +2,0,,0
602,3,7 10 12 13 36 38,13 14 22 27 30 38 +2,2,13 38,0
602,4,16 23 33 36 39 43,13 14 22 27 30 38 +2,0,,0
602,5,11 23 26 29 37 40,13 14 22 27 30 38 +2,0,,0
602,6,13 16 22 27 30 40,13 14 22 27 30 38 +2,4,13 22 27 30,4
602,7,1 10 16 18 22 28,13 14 22 27 30 38 +2,1,22,0
602,8,3 9 18 22 25 34,13 14 22 27 30 38 +2,1,22,0
602,9,3 31 32 33 39 41,13 14 22 27 30 38 +2,0,,0
602,10,1 11 13 22 37 44,13 14 22 27 30 38 +2,2,13 22,0
603,1,9 10 11 18 23 43,2 19 25 26 27 43 +28,1,43,0
603,2,7 9 10 11 17 31,2 19 25 26 27 43 +28,0,,0
603,3,7 22 24 26 41 45,2 19 25 26 27 43 +28,1,26,0
603,4,1 3 11 29 31 42,2 19 25 26 27 43 +28,0,,0
603,5,10 12 13 15 19 22,2 19 25 26 27 43 +28,1,19,0
603,6,3 4 12 27 29 43,2 19 25 26 27 43 +28,2,27 43,0
603,7,6 7 9 19 20 32,2 19 25 26 27 43 +28,1,19,0
603,8,2 17 27 29 31 36,2 19 25 26 27 43 +28,2,2 27,0
603,9,3 19 20 30 36 45,2 19 25 26 27 43 +28,1,19,0
603,10,3 6 20 25 26 29,2 19 25 26 27 43 +28,2,25 26,0
604,1,1 14 19 28 41 42,2 6 18 21 33 34 +30,0,,0
604,2,3 10 18 39 40 41,2 6 18 21 33 34 +30,1,18,0
604,3,10 15 24 25 37 39,2 6 18 21 33 34 +30,0,,0
604,4,5 17 33 35 41 44,2 6 18 21 33 34 +30,1,33,0
604,5,6 18 26 31 43 44,2 6 18 21 33 34 +30,2,6 18,0
604,6,19 22 28 31 36 43,2 6 18 21 33 34 +30,0,,0
604,7,1 4 6 9 23 39,2 6 18 21 33 34 +30,1,6,0
604,8,6 23 26 29 41 42,2 6 18 21 33 34 +30,1,6,0
604,9,11 25 30 31 34 42,2 6 18 21 33 34 +30,1,34,0
604,10,9 12 19 35 43 45,2 6 18 21 33 34 +30,0,,0
605,1,11 14 25 29 37 42,1 2 7 9 10 38 +42,0,,0
605,2,6 11 12 22 24 38,1 2 7 9 10 38 +42,1,38,0
605,3,6 7 11 17 24 44,1 2 7 9 10 38 +42,1,7,0
605,4,3 11 18 22 35 36,1 2 7 9 10 38 +42,0,,0
605,5,2 6 15 28 29 38,1 2 7 9 10 38 +42,2,2 38,0
605,6,10 12 31 33 35 37,1 2 7 9 10 38 +42,1,10,0
605,7,2 11 18 19 28 30,1 2 7 9 10 38 +42,1,2,0
605,8,8 13 30 39 42 45,1 2 7 9 10 38 +42,0,,0
605,9,3 11 21 25 31 33,1 2 7 9 10 38 +42,0,,0
605,10,4 7 16 24 32 44,1 2 7 9 10 38 +42,1,7,0
606,1,1 4 6 8 15 45,1 5 6 14 20 39 +22,2,1 6,0
606,2,3 10 12 15 17 20,1 5 6 14 20 39 +22,1,20,0
606,3,11 16 25 26 32 41,1 5 6 14 20 39 +22,0,,0
606,4,4 19 20 28 29 30,1 5 6 14 20 39 +22,1,20,0
606,5,12 17 18 20 39 44,1 5 6 14 20 39 +22,2,20 39,0
606,6,5 9 14 16 38 40,1 5 6 14 20 39 +22,2,5 14,0
606,7,1 3 10 14 31 32,1 5 6 14 20 39 +22,2,1 14,0
606,8,10 11 16 25 26 36,1 5 6 14 20 39 +22,0,,0
606,9,22 23 26 29 32 37,1 5 6 14 20 39 +22,0,,0
606,10,3 5 11 21 29 45,1 5 6 14 20 39 +22,1,5,0
607,1,5 11 16 26 36 39,8 14 23 36 38 39 +13,2,36 39,0
607,2,3 16 24 31 42 44,8 14 23 36 38 39 +13,0,,0
607,3,14 23 25 40 41 44,8 14 23 36 38 39 +13,2,14 23,0
607,4,6 7 9 10 44 45,8 14 23 36 38 39 +13,0,,0
607,5,11 13 17 22 33 39,8 14 23 36 38 39 +13,1,39,0
607,6,1 12 23 27 32 44,8 14 23 36 38 39 +13,1,23,0
607,7,5 12 27 32 39 42,8 14 23 36 38 39 +13,1,39,0
607,8,6 18 22 25 26 31,8 14 23 36 38 39 +13,0,,0
607,9,13 17 34 35 42 43,8 14 23 36 38 39 +13,0,,0
607,10,8 12 13 14 35 37,8 14 23 36 38 39 +13,2,8 14,0
608,1,16 18 23 27 42 43,4 8 18 19 39 44 +41,1,18,0
608,2,8 13 18 25 34 36,4 8 18 19 39 44 +41,2,8 18,0
608,3,7 12 34 41 42 45,4 8 18 19 39 44 +41,0,,0
608,4,10 18 24 29 42 44,4 8 18 19 39 44 +41,2,18 44,0
608,5,18 20 27 30 44 45,4 8 18 19 39 44 +41,2,18 44,0
608,6,11 21 23 31 34 44,4 8 18 19 39 44 +41,1,44,0
608,7,7 13 25 27 39 45,4 8 18 19 39 44 +41,1,39,0
608,8,1 11 31 32 37 40,4 8 18 19 39 44 +41,0,,0
608,9,5 15 32 34 41 45,4 8 18 19 39 44 +41,0,,0
608,10,16 19 29 30 37 43,4 8 18 19 39 44 +41,1,19,0
609,1,4 6 15 23 24 41,4 8 27 34 39 40 +13,1,4,0
609,2,18 26 29 34 36 45,4 8 27 34 39 40 +13,1,34,0
609,3,12 17 20 24 34 40,4 8 27 34 39 40 +13,2,34 40,0
609,4,5 6 9 18 39 42,4 8 27 34 39 40 +13,1,39,0
609,5,25 29 30 37 41 45,4 8 27 34 39 40 +13,0,,0
609,6,2 9 17 25 37 40,4 8 27 34 39 40 +13,1,40,0
609,7,9 13 16 20 23 31,4 8 27 34 39 40 +13,0,,0
609,8,4 6 15 16 19 21,4 8 27 34 39 40 +13,1,4,0
609,9,2 11 12 13 16 18,4 8 27 34 39 40 +13,0,,0
609,10,4 24 32 43 44 45,4 8 27 34 39 40 +13,1,4,0
610,1,3 10 24 27 37 45,14 18 20 23 28 36 +33,0,,0
610,2,1 2 4 10 39 44,14 18 20 23 28 36 +33,0,,0
610,3,11 12 23 30 42 44,14 18 20 23 28 36 +33,1,23,0
610,4,6 11 33 36 38 42,14 18 20 23 28 36 +33,1,36,0
610,5,10 16 18 25 34 37,14 18 20 23 28 36 +33,1,18,0
610,6,1 2 10 11 26 45,14 18 20 23 28 36 +33,0,,0
610,7,2 4 22 34 42 44,14 18 20 23 28 36 +33,0,,0
610,8,1 23 24 34 41 43,14 18 20 23 28 36 +33,1,23,0
610,9,10 11 18 20 21 41,14 18 20 23 28 36 +33,2,18 20,0
610,10,9 11 16 17 23 31,14 18 20 23 28 36 +33,1,23,0
611,1,2 25 31 36 37 42,2 22 27 33 36 37 +14,3,2 36 37,5
611,2,5 8 20 39 44 45,2 22 27 33 36 37 +14,0,,0
611,3,18 19 20 27 35 41,2 22 27 33 36 37 +14,1,27,0
611,4,5 17 25 29 30 39,2 22 27 33 36 37 +14,0,,0
611,5,8 15 17 34 36 42,2 22 27 33 36 37 +14,1,36,0
611,6,3 11 20 25 37 42,2 22 27 33 36 37 +14,1,37,0
611,7,3 6 17 18 30 40,2 22 27 33 36 37 +14,0,,0
611,8,3 10 15 22 24 42,2 22 27 33 36 37 +14,1,22,0
611,9,3 5 20 23 32 45,2 22 27 33 36 37 +14,0,,0
611,10,4 19 20 23 40 42,2 22 27 33 36 37 +14,0,,0
612,1,3 5 37 40 41 44,6 9 18 19 25 33 +40,0,,0
612,2,7 8 14 21 41 45,6 9 18 19 25 33 +40,0,,0
612,3,18 30 31 34 43 45,6 9 18 19 25 33 +40,1,18,0
612,4,2 15 21 23 33 45,6 9 18 19 25 33 +40,1,33,0
612,5,2 10 18 41 42 44,6 9 18 19 25 33 +40,1,18,0
612,6,1 10 14 27 36 38,6 9 18 19 25 33 +40,0,,0
612,7,7 18 20 22 27 37,6 9 18 19 25 33 +40,1,18,0
612,8,1 4 7 12 14 17,6 9 18 19 25 33 +40,0,,0
612,9,5 9 10 15 33 44,6 9 18 19 25 33 +40,2,9 33,0
612,10,7 12 14 40 43 45,6 9 18 19 25 33 +40,0,,0
613,1,6 7 14 28 40 43,7 8 11 16 41 44 +35,1,7,0
613,2,8 12 13 20 27 30,7 8 11 16 41 44 +35,1,8,0
613,3,1 7 16 20 22 39,7 8 11 16 41 44 +35,2,7 16,0
613,4,10 27 31 35 37 44,7 8 11 16 41 44 +35,1,44,0
613,5,6 7 9 12 26 42,7 8 11 16 41 44 +35,1,7,0
613,6,1 13 15 37 42 45,7 8 11 16 41 44 +35,0,,0
613,7,11 27 28 32 34 41,7 8 11 16 41 44 +35,2,11 41,0
613,8,2 6 25 33 36 42,7 8 11 16 41 44 +35,0,,0
613,9,9 14 18 37 38 45,7 8 11 16 41 44 +35,0,,0
613,10,15 17 25 29 33 44,7 8 11 16 41 44 +35,1,44,0
614,1,1 13 16 23 35 40,8 21 25 39 40 44 +18,1,40,0
614,2,12 20 21 24 34 38,8 21 25 39 40 44 +18,1,21,0
614,3,6 21 23 28 39 41,8 21 25 39 40 44 +18,2,21 39,0
614,4,12 16 19 21 34 37,8 21 25 39 40 44 +18,1,21,0
614,5,14 19 21 24 30 35,8 21 25 39 40 44 +18,1,21,0
614,6,3 5 8 10 20 37,8 21 25 39 40 44 +18,1,8,0
614,7,1 3 8 11 22 24,8 21 25 39 40 44 +18,1,8,0
614,8,16 22 23 28 30 38,8 21 25 39 40 44 +18,0,,0
614,9,1 2 16 27 29 44,8 21 25 39 40 44 +18,1,44,0
614,10,2 5 9 14 34 39,8 21 25 39 40 44 +18,1,39,0
615,1,1 2 9 18 22 34,10 17 18 19 23 27 +35,1,18,0
615,2,9 10 12 13 17 39,10 17 18 19 23 27 +35,2,10 17,0
615,3,16 20 23 25 28 39,10 17 18 19 23 27 +35,1,23,0
615,4,3 4 7 12 25 36,10 17 18 19 23 27 +35,0,,0
615,5,11 18 19 26 39 43,10 17 18 19 23 27 +35,2,18 19,0
615,6,2 23 24 26 27 32,10 17 18 19 23 27 +35,2,23 27,0
615,7,7 19 26 29 38 43,10 17 18 19 23 27 +35,1,19,0
615,8,7 8 10 25 32 45,10 17 18 19 23 27 +35,1,10,0
615,9,1 3 6 11 27 44,10 17 18 19 23 27 +35,1,27,0
615,10,4 7 13 25 30 41,10 17 18 19 23 27 +35,0,,0
616,1,4 17 25 31 42 44,5 13 18 23 40 45 +3,0,,0
616,2,1 14 21 23 38 40,5 13 18 23 40 45 +3,2,23 40,0
616,3,19 20 23 24 25 30,5 13 18 23 40 45 +3,1,23,0
616,4,3 10 22 34 39 41,5 13 18 23 40 45 +3,0,,0
616,5,1 17 24 27 38 39,5 13 18 23 40 45 +3,0,,0
616,6,1 2 15 18 25 34,5 13 18 23 40 45 +3,1,18,0
616,7,2 22 25 26 28 44,5 13 18 23 40 45 +3,0,,0
616,8,6 10 18 22 39 42,5 13 18 23 40 45 +3,1,18,0
616,9,3 18 19 20 26 43,5 13 18 23 40 45 +3,1,18,0
616,10,12 25 37 39 40 41,5 13 18 23 40 45 +3,1,40,0
617,1,1 2 22 31 39 44,4 5 11 12 24 27 +28,0,,0
617,2,9 15 24 28 37 41,4 5 11 12 24 27 +28,1,24,0
617,3,8 12 26 30 32 45,4 5 11 12 24 27 +28,1,12,0
617,4,8 10 17 23 33 38,4 5 11 12 24 27 +28,0,,0
617,5,1 25 33 34 42 43,4 5 11 12 24 27 +28,0,,0
617,6,8 15 19 28 36 42,4 5 11 12 24 27 +28,0,,0
617,7,21 26 32 35 36 44,4 5 11 12 24 27 +28,0,,0
617,8,4 10 15 28 36 37,4 5 11 12 24 27 +28,1,4,0
617,9,1 9 32 35 40 44,4 5 11 12 24 27 +28,0,,0
617,10,5 31 33 39 44 45,4 5 11 12 24 27 +28,1,5,0
618,1,1 10 21 25 34 39,8 16 25 30 42 43 +15,1,25,0
618,2,4 16 28 29 43 45,8 16 25 30 42 43 +15,2,16 43,0
618,3,1 18 23 29 35 45,8 16 25 30 42 43 +15,0,,0
618,4,11 15 19 22 28 37,8 16 25 30 42 43 +15,0,,0
618,5,1 6 7 16 30 34,8 16 25 30 42 43 +15,2,16 30,0
618,6,18 19 22 25 27 43,8 16 25 30 42 43 +15,2,25 43,0
618,7,1 6 9 24 25 39,8 16 25 30 42 43 +15,1,25,0
618,8,3 14 25 33 36 39,8 16 25 30 42 43 +15,1,25,0
618,9,9 19 22 24 25 30,8 16 25 30 42 43 +15,2,25 30,0
618,10,1 4 25 37 42 44,8 16 25 30 42 43 +15,2,25 42,0
619,1,5 13 21 23 34 38,6 8 13 30 35 40 +21,1,13,0
619,2,5 21 24 26 33 35,6 8 13 30 35 40 +21,1,35,0
619,3,2 8 11 21 24 25,6 8 13 30 35 40 +21,1,8,0
619,4,5 9 29 30 32 33,6 8 13 30 35 40 +21,1,30,0
619,5,3 8 27 30 31 44,6 8 13 30 35 40 +21,2,8 30,0
619,6,12 14 20 21 29 37,6 8 13 30 35 40 +21,0,,0
619,7,2 7 9 17 18 20,6 8 13 30 35 40 +21,0,,0
619,8,2 19 21 26 29 35,6 8 13 30 35 40 +21,1,35,0
619,9,18 26 41 42 44 45,6 8 13 30 35 40 +21,0,,0
619,10,10 15 20 24 31 44,6 8 13 30 35 40 +21,0,,0
620,1,8 9 26 32 38 42,2 16 17 32 39 45 +40,1,32,0
620,2,1 2 18 24 37 42,2 16 17 32 39 45 +40,1,2,0
620,3,13 21 25 29 36 42,2 16 17 32 39 45 +40,0,,0
620,4,2 5 17 20 24 38,2 16 17 32 39 45 +40,2,2 17,0
620,5,5 19 22 33 39 41,2 16 17 32 39 45 +40,1,39,0
620,6,3 12 25 26 31 42,2 16 17 32 39 45 +40,0,,0
620,7,26 37 38 41 43 44,2 16 17 32 39 45 +40,0,,0
620,8,10 19 21 25 36 40,2 16 17 32 39 45 +40,0,,0
620,9,8 14 22 29 30 31,2 16 17 32 39 45 +40,0,,0
620,10,4 6 10 15 19 20,2 16 17 32 39 45 +40,0,,0
621,1,1 2 16 33 38 39,1 2 6 16 19 42 +9,3,1 2 16,5
621,2,18 19 21 33 40 42,1 2 6 16 19 42 +9,2,19 42,0
621,3,14 16 28 30 33 45,1 2 6 16 19 42 +9,1,16,0
621,4,1 4 11 15 21 26,1 2 6 16 19 42 +9,1,1,0
621,5,2 5 11 19 20 28,1 2 6 16 19 42 +9,2,2 19,0
621,6,5 6 16 27 28 34,1 2 6 16 19 42 +9,2,6 16,0
621,7,1 7 17 18 36 38,1 2 6 16 19 42 +9,1,1,0
621,8,11 31 37 39 40 44,1 2 6 16 19 42 +9,0,,0
621,9,14 23 32 34 42 44,1 2 6 16 19 42 +9,1,42,0
621,10,1 19 21 25 27 41,1 2 6 16 19 42 +9,2,1 19,0
622,1,5 20 27 28 31 38,9 15 16 21 28 34 +24,1,28,0
622,2,1 18 26 27 33 44,9 15 16 21 28 34 +24,0,,0
622,3,3 5 12 15 26 27,9 15 16 21 28 34 +24,1,15,0
622,4,3 5 8 15 27 40,9 15 16 21 28 34 +24,1,15,0
622,5,2 13 24 27 33 40,9 15 16 21 28 34 +24,0,,0
622,6,5 11 19 32 37 44,9 15 16 21 28 34 +24,0,,0
622,7,6 10 14 23 26 34,9 15 16 21 28 34 +24,1,34,0
622,8,4 6 8 18 28 41,9 15 16 21 28 34 +24,1,28,0
622,9,2 7 16 22 35 39,9 15 16 21 28 34 +24,1,16,0
622,10,5 8 9 21 29 42,9 15 16 21 28 34 +24,2,9 21,0
623,1,1 4 10 21 28 40,7 13 30 39 41 45 +25,0,,0
623,2,1 21 28 39 40 43,7 13 30 39 41 45 +25,1,39,0
623,3,4 8 9 10 11 17,7 13 30 39 41 45 +25,0,,0
623,4,5 9 17 32 36 40,7 13 30 39 41 45 +25,0,,0
623,5,1 16 20 26 41 43,7 13 30 39 41 45 +25,1,41,0
623,6,4 6 11 17 28 30,7 13 30 39 41 45 +25,1,30,0
623,7,4 6 18 23 26 32,7 13 30 39 41 45 +25,0,,0
623,8,3 5 16 26 33 41,7 13 30 39 41 45 +25,1,41,0
623,9,9 10 19 23 33 40,7 13 30 39 41 45 +25,0,,0
623,10,7 14 15 34 35 42,7 13 30 39 41 45 +25,1,7,0
624,1,2 7 13 18 25 42,1 7 19 26 27 35 +16,1,7,0
624,2,1 6 12 14 36 45,1 7 19 26 27 35 +16,1,1,0
624,3,5 8 13 35 36 40,1 7 19 26 27 35 +16,1,35,0
624,4,1 4 7 10 33 39,1 7 19 26 27 35 +16,2,1 7,0
624,5,16 23 24 29 33 34,1 7 19 26 27 35 +16,0,,0
624,6,18 19 24 29 35 44,1 7 19 26 27 35 +16,2,19 35,0
624,7,3 9 27 30 32 34,1 7 19 26 27 35 +16,1,27,0
624,8,9 12 24 25 32 34,1 7 19 26 27 35 +16,0,,0
624,9,21 23 31 36 41 45,1 7 19 26 27 35 +16,0,,0
624,10,3 22 30 32 39 40,1 7 19 26 27 35 +16,0,,0
625,1,1 21 26 28 30 43,3 6 7 20 21 39 +13,1,21,0
625,2,18 26 29 30 34 44,3 6 7 20 21 39 +13,0,,0
625,3,3 15 18 22 29 43,3 6 7 20 21 39 +13,1,3,0
625,4,17 18 19 29 33 44,3 6 7 20 21 39 +13,0,,0
625,5,2 8 9 18 28 43,3 6 7 20 21 39 +13,0,,0
625,6,1 13 22 25 35 39,3 6 7 20 21 39 +13,1,39,0
625,7,17 22 23 36 38 45,3 6 7 20 21 39 +13,0,,0
625,8,10 13 24 26 32 33,3 6 7 20 21 39 +13,0,,0
625,9,5 9 13 26 29 37,3 6 7 20 21 39 +13,0,,0
625,10,24 27 37 39 41 45,3 6 7 20 21 39 +13,1,39,0
626,1,12 15 22 36 43 45,13 14 26 33 40 43 +15,1,43,0
626,2,12 14 26 30 35 38,13 14 26 33 40 43 +15,2,14 26,0
626,3,5 21 28 30 31 37,13 14 26 33 40 43 +15,0,,0
626,4,5 16 20 21 27 42,13 14 26 33 40 43 +15,0,,0
626,5,9 11 12 15 24 31,13 14 26 33 40 43 +15,0,,0
626,6,7 8 15 22 28 35,13 14 26 33 40 43 +15,0,,0
626,7,2 11 30 32 40 42,13 14 26 33 40 43 +15,1,40,0
626,8,6 22 25 27 34 43,13 14 26 33 40 43 +15,1,43,0
626,9,6 7 33 36 38 40,13 14 26 33 40 43 +15,2,33 40,0
626,10,5 6 13 24 28 29,13 14 26 33 40 43 +15,1,13,0
627,1,11 12 18 20 35 41,2 9 22 25 31 45 +12,0,,0
627,2,1 8 14 33 36 42,2 9 22 25 31 45 +12,0,,0
627,3,2 10 22 35 40 42,2 9 22 25 31 45 +12,2,2 22,0
627,4,5 10 17 31 36 37,2 9 22 25 31 45 +12,1,31,0
627,5,11 19 30 39 41 42,2 9 22 25 31 45 +12,0,,0
627,6,3 8 14 21 24 29,2 9 22 25 31 45 +12,0,,0
627,7,2 4 9 25 41 44,2 9 22 25 31 45 +12,3,2 9 25,5
627,8,2 17 23 34 36 43,2 9 22 25 31 45 +12,1,2,0
627,9,14 18 33 35 36 37,2 9 22 25 31 45 +12,0,,0
627,10,2 4 8 10 19 31,2 9 22 25 31 45 +12,2,2 31,0
628,1,4 9 13 24 25 44,1 7 12 15 23 42 +11,0,,0
628,2,9 18 22 28 36 45,1 7 12 15 23 42 +11,0,,0
628,3,1 6 10 15 18 35,1 7 12 15 23 42 +11,2,1 15,0
628,4,2 20 23 28 39 43,1 7 12 15 23 42 +11,1,23,0
628,5,3 11 13 22 34 38,1 7 12 15 23 42 +11,0,,0
628,6,14 21 30 31 34 42,1 7 12 15 23 42 +11,1,42,0
628,7,12 14 20 22 31 37,1 7 12 15 23 42 +11,1,12,0
628,8,4 5 8 11 25 36,1 7 12 15 23 42 +11,0,,0
628,9,5 10 29 38 39 44,1 7 12 15 23 42 +11,0,,0
628,10,5 11 14 26 40 45,1 7 12 15 23 42 +11,0,,0
629,1,10 22 29 38 40 43,19 28 31 38 43 44 +1,2,38 43,0
629,2,18 21 38 39 43 45,19 28 31 38 43 44 +1,2,38 43,0
629,3,3 4 18 31 37 42,19 28 31 38 43 44 +1,1,31,0
629,4,3 18 21 22 24 30,19 28 31 38 43 44 +1,0,,0
629,5,9 37 38 40 41 42,19 28 31 38 43 44 +1,1,38,0
629,6,13 14 21 24 36 39,19 28 31 38 43 44 +1,0,,0
629,7,7 9 12 14 33 45,19 28 31 38 43 44 +1,0,,0
629,8,1 3 7 15 32 39,19 28 31 38 43 44 +1,0,,0
629,9,1 15 21 23 24 41,19 28 31 38 43 44 +1,0,,0
629,10,17 19 23 25 38 42,19 28 31 38 43 44 +1,2,19 38,0
630,1,3 12 19 27 28 29,8 17 21 24 27 31 +15,1,27,0
630,2,5 6 13 16 23 44,8 17 21 24 27 31 +15,0,,0
630,3,3 8 12 18 28 35,8 17 21 24 27 31 +15,1,8,0
630,4,1 9 19 32 42 44,8 17 21 24 27 31 +15,0,,0
630,5,1 8 17 25 32 37,8 17 21 24 27 31 +15,2,8 17,0
630,6,7 21 22 26 35 38,8 17 21 24 27 31 +15,1,21,0
630,7,8 11 17 28 35 37,8 17 21 24 27 31 +15,2,8 17,0
630,8,2 17 24 30 36 44,8 17 21 24 27 31 +15,2,17 24,0
630,9,6 23 25 30 37 41,8 17 21 24 27 31 +15,0,,0
630,10,2 21 26 34 39 41,8 17 21 24 27 31 +15,1,21,0
631,1,1 8 22 23 38 44,1 2 4 23 31 34 +8,2,1 23,0
631,2,10 13 17 20 28 36,1 2 4 23 31 34 +8,0,,0
631,3,4 7 28 32 35 42,1 2 4 23 31 34 +8,1,4,0
631,4,15 18 24 27 30 35,1 2 4 23 31 34 +8,0,,0
631,5,10 14 15 22 23 28,1 2 4 23 31 34 +8,1,23,0
631,6,4 11 12 13 15 21,1 2 4 23 31 34 +8,1,4,0
631,7,4 11 20 30 42 43,1 2 4 23 31 34 +8,1,4,0
631,8,10 17 18 28 36 40,1 2 4 23 31 34 +8,0,,0
631,9,1 16 17 18 24 28,1 2 4 23 31 34 +8,1,1,0
631,10,17 19 24 32 33 36,1 2 4 23 31 34 +8,0,,0
632,1,3 14 30 36 37 45,15 18 21 32 35 44 +6,0,,0
632,2,6 19 20 23 32 41,15 18 21 32 35 44 +6,1,32,0
632,3,2 10 23 25 26 28,15 18 21 32 35 44 +6,0,,0
632,4,3 5 8 17 19 35,15 18 21 32 35 44 +6,1,35,0
632,5,2 13 22 24 28 31,15 18 21 32 35 44 +6,0,,0
632,6,3 10 25 38 39 44,15 18 21 32 35 44 +6,1,44,0
632,7,5 12 26 30 39 42,15 18 21 32 35 44 +6,0,,0
632,8,2 8 15 16 18 27,15 18 21 32 35 44 +6,2,15 18,0
632,9,3 25 31 32 34 42,15 18 21 32 35 44 +6,1,32,0
632,10,11 14 16 27 30 35,15 18 21 32 35 44 +6,1,35,0
633,1,1 7 11 15 35 45,9 12 19 20 39 41 +13,0,,0
633,2,12 20 26 38 40 42,9 12 19 20 39 41 +13,2,12 20,0
633,3,5 9 11 15 24 41,9 12 19 20 39 41 +13,2,9 41,0
633,4,23 26 29 33 43 44,9 12 19 20 39 41 +13,0,,0
633,5,17 18 30 35 40 43,9 12 19 20 39 41 +13,0,,0
633,6,4 20 22 26 34 43,9 12 19 20 39 41 +13,1,20,0
633,7,4 10 27 29 40 41,9 12 19 20 39 41 +13,1,41,0
633,8,1 6 16 30 39 45,9 12 19 20 39 41 +13,1,39,0
633,9,7 9 18 33 36 45,9 12 19 20 39 41 +13,1,9,0
633,10,2 5 16 30 38 40,9 12 19 20 39 41 +13,0,,0
634,1,5 14 22 26 30 43,4 10 11 12 20 27 +38,0,,0
634,2,2 5 16 21 31 42,4 10 11 12 20 27 +38,0,,0
634,3,1 4 15 21 38 43,4 10 11 12 20 27 +38,1,4,0
634,4,16 18 23 24 31 43,4 10 11 12 20 27 +38,0,,0
634,5,16 22 31 33 38 41,4 10 11 12 20 27 +38,0,,0
634,6,6 10 16 26 37 38,4 10 11 12 20 27 +38,1,10,0
634,7,2 8 18 21 30 34,4 10 11 12 20 27 +38,0,,0
634,8,2 8 18 34 40 41,4 10 11 12 20 27 +38,0,,0
634,9,3 5 16 17 24 30,4 10 11 12 20 27 +38,0,,0
634,10,27 29 31 32 33 37,4 10 11 12 20 27 +38,1,27,0
635,1,1 2 10 12 21 41,11 13 25 26 29 33 +32,0,,0
635,2,8 20 27 35 43 44,11 13 25 26 29 33 +32,0,,0
635,3,10 11 28 33 36 41,11 13 25 26 29 33 +32,2,11 33,0
635,4,7 15 18 21 28 29,11 13 25 26 29 33 +32,1,29,0
635,5,4 5 12 18 22 44,11 13 25 26 29 33 +32,0,,0
635,6,3 12 15 18 30 37,11 13 25 26 29 33 +32,0,,0
635,7,12 20 21 31 36 37,11 13 25 26 29 33 +32,0,,0
635,8,14 19 27 32 34 37,11 13 25 26 29 33 +32,0,,0
635,9,4 8 10 11 23 26,11 13 25 26 29 33 +32,2,11 26,0
635,10,1 4 6 27 36 38,11 13 25 26 29 33 +32,0,,0
636,1,11 18 20 22 31 43,6 7 15 16 20 31 +26,2,20 31,0
636,2,2 5 6 19 20 27,6 7 15 16 20 31 +26,2,6 20,0
636,3,8 9 11 24 26 43,6 7 15 16 20 31 +26,0,,0
636,4,2 4 19 28 37 38,6 7 15 16 20 31 +26,0,,0
636,5,12 14 16 20 30 38,6 7 15 16 20 31 +26,2,16 20,0
636,6,2 10 11 17 34 39,6 7 15 16 20 31 +26,0,,0
636,7,10 16 35 37 44 45,6 7 15 16 20 31 +26,1,16,0
636,8,5 6 30 34 35 37,6 7 15 16 20 31 +26,1,6,0
636,9,1 6 19 20 36 44,6 7 15 16 20 31 +26,2,6 20,0
636,10,10 11 21 24 25 29,6 7 15 16 20 31 +26,0,,0
637,1,5 10 21 26 29 36,3 16 22 37 38 44 +23,0,,0
637,2,8 12 13 26 27 44,3 16 22 37 38 44 +23,1,44,0
637,3,2 7 11 22 37 43,3 16 22 37 38 44 +23,2,22 37,0
637,4,10 16 28 32 33 36,3 16 22 37 38 44 +23,1,16,0
637,5,12 23 36 39 40 44,3 16 22 37 38 44 +23,1,44,0
637,6,6 25 26 30 33 39,3 16 22 37 38 44 +23,0,,0
637,7,13 23 35 37 42 43,3 16 22 37 38 44 +23,1,37,0
637,8,3 4 5 18 19 37,3 16 22 37 38 44 +23,2,3 37,0
637,9,6 9 24 32 33 39,3 16 22 37 38 44 +23,0,,0
637,10,2 9 13 22 26 33,3 16 22 37 38 44 +23,1,22,0
638,1,15 16 28 30 32 44,7 18 22 24 31 34 +6,0,,0
638,2,4 12 25 33 34 41,7 18 22 24 31 34 +6,1,34,0
638,3,6 14 25 27 30 35,7 18 22 24 31 34 +6,0,,0
638,4,6 15 22 32 33 42,7 18 22 24 31 34 +6,1,22,0
638,5,4 7 27 30 31 43,7 18 22 24 31 34 +6,2,7 31,0
638,6,13 18 22 29 33 35,7 18 22 24 31 34 +6,2,18 22,0
638,7,3 11 23 26 28 38,7 18 22 24 31 34 +6,0,,0
638,8,1 3 8 29 37 45,7 18 22 24 31 34 +6,0,,0
638,9,15 21 23 25 41 44,7 18 22 24 31 34 +6,0,,0
638,10,2 21 30 37 41 43,7 18 22 24 31 34 +6,0,,0
639,1,10 12 16 29 37 45,6 15 22 23 25 32 +40,0,,0
639,2,2 7 8 24 33 38,6 15 22 23 25 32 +40,0,,0
639,3,3 8 9 11 17 24,6 15 22 23 25 32 +40,0,,0
639,4,2 14 24 27 30 39,6 15 22 23 25 32 +40,0,,0
639,5,7 20 23 26 40 41,6 15 22 23 25 32 +40,1,23,0
639,6,2 11 14 16 18 22,6 15 22 23 25 32 +40,1,22,0
639,7,1 10 22 25 28 40,6 15 22 23 25 32 +40,2,22 25,0
639,8,13 20 28 38 40 42,6 15 22 23 25 32 +40,0,,0
639,9,12 15 19 26 37 40,6 15 22 23 25 32 +40,1,15,0
639,10,1 2 15 17 23 37,6 15 22 23 25 32 +40,2,15 23,0
640,1,8 23 25 27 34 37,14 15 18 21 26 35 +23,0,,0
640,2,3 21 27 35 42 43,14 15 18 21 26 35 +23,2,21 35,0
640,3,21 26 31 32 33 44,14 15 18 21 26 35 +23,2,21 26,0
640,4,4 6 8 11 32 35,14 15 18 21 26 35 +23,1,35,0
640,5,1 3 8 15 17 38,14 15 18 21 26 35 +23,1,15,0
640,6,3 6 8 21 36 42,14 15 18 21 26 35 +23,1,21,0
640,7,12 26 28 29 36 40,14 15 18 21 26 35 +23,1,26,0
640,8,14 17 27 32 34 36,14 15 18 21 26 35 +23,1,14,0
640,9,6 14 17 21 33 44,14 15 18 21 26 35 +23,2,14 21,0
640,10,1 6 9 10 20 30,14 15 18 21 26 35 +23,0,,0
641,1,6 9 11 13 25 45,11 18 21 36 37 43 +12,1,11,0
641,2,6 23 30 31 39 42,11 18 21 36 37 43 +12,0,,0
641,3,11 13 20 34 35 42,11 18 21 36 37 43 +12,1,11,0
641,4,6 16 22 28 32 40,11 18 21 36 37 43 +12,0,,0
641,5,12 16 22 24 32 34,11 18 21 36 37 43 +12,0,,0
641,6,3 4 5 18 35 44,11 18 21 36 37 43 +12,1,18,0
641,7,1 19 30 37 38 40,11 18 21 36 37 43 +12,1,37,0
641,8,5 17 20 24 26 29,11 18 21 36 37 43 +12,0,,0
641,9,2 18 22 28 31 42,11 18 21 36 37 43 +12,1,18,0
641,10,23 25 30 32 37 43,11 18 21 36 37 43 +12,2,37 43,0
642,1,17 19 20 25 29 43,8 17 18 24 39 45 +32,1,17,0
642,2,20 24 32 34 37 41,8 17 18 24 39 45 +32,1,24,0
642,3,13 27 31 32 41 42,8 17 18 24 39 45 +32,0,,0
642,4,18 26 33 34 43 44,8 17 18 24 39 45 +32,1,18,0
642,5,3 17 22 24 31 38,8 17 18 24 39 45 +32,2,17 24,0
642,6,8 19 21 28 29 37,8 17 18 24 39 45 +32,1,8,0
642,7,16 19 30 32 33 45,8 17 18 24 39 45 +32,1,45,0
642,8,7 16 17 19 22 35,8 17 18 24 39 45 +32,1,17,0
642,9,10 30 31 37 41 45,8 17 18 24 39 45 +32,1,45,0
642,10,11 12 27 28 29 41,8 17 18 24 39 45 +32,0,,0
643,1,8 19 28 29 35 43,15 24 31 32 33 40 +13,0,,0
643,2,3 4 7 10 16 21,15 24 31 32 33 40 +13,0,,0
643,3,1 6 9 14 16 44,15 24 31 32 33 40 +13,0,,0
643,4,11 14 18 29 40 43,15 24 31 32 33 40 +13,1,40,0
643,5,14 15 16 23 27 30,15 24 31 32 33 40 +13,1,15,0
643,6,11 18 29 35 40 42,15 24 31 32 33 40 +13,1,40,0
643,7,6 12 14 23 26 35,15 24 31 32 33 40 +13,0,,0
643,8,7 8 10 15 18 34,15 24 31 32 33 40 +13,1,15,0
643,9,16 28 32 35 38 40,15 24 31 32 33 40 +13,2,32 40,0
643,10,11 15 19 30 34 36,15 24 31 32 33 40 +13,1,15,0
644,1,4 13 17 23 24 34,5 13 17 23 28 36 +8,3,13 17 23,5
644,2,6 7 16 28 37 39,5 13 17 23 28 36 +8,1,28,0
644,3,4 7 35 36 37 40,5 13 17 23 28 36 +8,1,36,0
644,4,7 14 19 31 32 44,5 13 17 23 28 36 +8,0,,0
644,5,2 14 16 18 22 35,5 13 17 23 28 36 +8,0,,0
644,6,5 9 10 28 37 41,5 13 17 23 28 36 +8,2,5 28,0
644,7,12 14 15 16 22 27,5 13 17 23 28 36 +8,0,,0
644,8,3 4 8 16 36 37,5 13 17 23 28 36 +8,1,36,0
644,9,1 2 25 26 34 35,5 13 17 23 28 36 +8,0,,0
644,10,2 11 16 21 28 44,5 13 17 23 28 36 +8,1,28,0
645,1,9 10 17 20 35 44,1 4 16 26 40 41 +31,0,,0
645,2,1 20 25 32 42 43,1 4 16 26 40 41 +31,1,1,0
645,3,13 15 28 32 40 44,1 4 16 26 40 41 +31,1,40,0
645,4,3 7 18 21 32 33,1 4 16 26 40 41 +31,0,,0
645,5,1 7 9 15 26 45,1 4 16 26 40 41 +31,2,1 26,0
645,6,2 24 29 30 33 41,1 4 16 26 40 41 +31,1,41,0
645,7,2 5 8 10 12 31,1 4 16 26 40 41 +31,0,,0
645,8,1 13 16 31 34 44,1 4 16 26 40 41 +31,2,1 16,0
645,9,5 14 19 25 39 42,1 4 16 26 40 41 +31,0,,0
645,10,1 17 18 26 28 42,1 4 16 26 40 41 +31,2,1 26,0
646,1,4 5 14 27 29 44,2 9 24 41 43 45 +30,0,,0
646,2,5 11 23 27 33 44,2 9 24 41 43 45 +30,0,,0
646,3,1 2 4 13 34 39,2 9 24 41 43 45 +30,1,2,0
646,4,2 10 12 23 28 34,2 9 24 41 43 45 +30,1,2,0
646,5,2 15 30 40 42 44,2 9 24 41 43 45 +30,1,2,0
646,6,1 10 23 25 26 44,2 9 24 41 43 45 +30,0,,0
646,7,3 4 26 34 38 39,2 9 24 41 43 45 +30,0,,0
646,8,3 12 15 33 34 41,2 9 24 41 43 45 +30,1,41,0
646,9,3 6 9 16 24 32,2 9 24 41 43 45 +30,2,9 24,0
646,10,1 16 23 24 32 39,2 9 24 41 43 45 +30,1,24,0
647,1,9 10 13 20 23 29,5 16 21 23 24 30 +29,1,23,0
647,2,3 24 30 34 39 45,5 16 21 23 24 30 +29,2,24 30,0
647,3,4 5 6 24 31 38,5 16 21 23 24 30 +29,2,5 24,0
647,4,7 13 19 30 31 39,5 16 21 23 24 30 +29,1,30,0
647,5,3 8 13 29 42 45,5 16 21 23 24 30 +29,0,,0
647,6,2 4 8 11 15 40,5 16 21 23 24 30 +29,0,,0
647,7,10 13 18 22 44 45,5 16 21 23 24 30 +29,0,,0
647,8,1 6 12 22 37 41,5 16 21 23 24 30 +29,0,,0
647,9,1 5 24 29 42 44,5 16 21 23 24 30 +29,2,5 24,0
647,10,12 17 18 23 24 30,5 16 21 23 24 30 +29,3,23 24 30,5
648,1,9 14 16 19 32 36,13 19 28 37 38 43 +4,1,19,0
648,2,10 27 30 35 37 43,13 19 28 37 38 43 +4,2,37 43,0
648,3,1 12 28 29 30 38,13 19 28 37 38 43 +4,2,28 38,0
648,4,15 18 31 38 39 43,13 19 28 37 38 43 +4,2,38 43,0
648,5,19 24 33 36 37 40,13 19 28 37 38 43 +4,2,19 37,0
648,6,12 13 26 27 33 44,13 19 28 37 38 43 +4,1,13,0
648,7,20 21 23 28 30 32,13 19 28 37 38 43 +4,1,28,0
648,8,11 16 17 21 27 28,13 19 28 37 38 43 +4,1,28,0
648,9,14 17 27 30 32 41,13 19 28 37 38 43 +4,0,,0
648,10,2 4 6 16 25 44,13 19 28 37 38 43 +4,0,,0
649,1,2 6 8 9 14 20,3 21 22 33 41 42 +20,0,,0
649,2,1 2 20 23 25 35,3 21 22 33 41 42 +20,0,,0
649,3,13 26 27 30 32 34,3 21 22 33 41 42 +20,0,,0
649,4,3 10 18 21 26 42,3 21 22 33 41 42 +20,3,3 21 42,5
649,5,3 10 16 28 31 37,3 21 22 33 41 42 +20,1,3,0
649,6,3 4 12 22 33 37,3 21 22 33 41 42 +20,3,3 22 33,5
649,7,6 19 24 26 30 45,3 21 22 33 41 42 +20,0,,0
649,8,1 12 16 27 35 40,3 21 22 33 41 42 +20,0,,0
649,9,7 15 25 30 31 42,3 21 22 33 41 42 +20,1,42,0
649,10,5 12 17 25 29 32,3 21 22 33 41 42 +20,0,,0
650,1,1 14 31 35 40 44,3 4 7 11 31 41 +35,1,31,0
650,2,13 25 28 33 34 44,3 4 7 11 31 41 +35,0,,0
650,3,6 7 21 34 35 40,3 4 7 11 31 41 +35,1,7,0
650,4,5 23 24 36 38 41,3 4 7 11 31 41 +35,1,41,0
650,5,7 8 16 20 25 29,3 4 7 11 31 41 +35,1,7,0
650,6,9 20 24 41 43 44,3 4 7 11 31 41 +35,1,41,0
650,7,4 11 23 30 32 34,3 4 7 11 31 41 +35,2,4 11,0
650,8,7 8 20 26 30 39,3 4 7 11 31 41 +35,1,7,0
650,9,5 8 13 26 31 34,3 4 7 11 31 41 +35,1,31,0
650,10,5 9 10 22 26 35,3 4 7 11 31 41 +35,0,,0
651,1,24 27 29 33 35 42,11 12 16 26 29 44 +18,1,29,0
651,2,13 25 26 32 36 43,11 12 16 26 29 44 +18,1,26,0
651,3,2 5 11 12 16 20,11 12 16 26 29 44 +18,3,11 12 16,5
651,4,4 7 15 27 29 35,11 12 16 26 29 44 +18,1,29,0
651,5,3 16 18 28 33 41,11 12 16 26 29 44 +18,1,16,0
651,6,7 19 29 33 40 45,11 12 16 26 29 44 +18,1,29,0
651,7,4 12 14 32 37 44,11 12 16 26 29 44 +18,2,12 44,0
651,8,7 8 10 19 21 42,11 12 16 26 29 44 +18,0,,0
651,9,2 8 22 30 39 42,11 12 16 26 29 44 +18,0,,0
651,10,7 9 24 26 29 43,11 12 16 26 29 44 +18,2,26 29,0
652,1,11 17 25 28 40 43,3 13 15 40 41 44 +20,1,40,0
652,2,10 17 22 25 27 32,3 13 15 40 41 44 +20,0,,0
652,3,19 21 24 35 36 43,3 13 15 40 41 44 +20,0,,0
652,4,16 19 24 25 32 36,3 13 15 40 41 44 +20,0,,0
652,5,17 24 30 35 37 39,3 13 15 40 41 44 +20,0,,0
652,6,4 5 13 19 21 40,3 13 15 40 41 44 +20,2,13 40,0
652,7,6 11 13 15 23 31,3 13 15 40 41 44 +20,2,13 15,0
652,8,4 5 6 8 15 38,3 13 15 40 41 44 +20,1,15,0
652,9,6 19 25 32 41 44,3 13 15 40 41 44 +20,2,41 44,0
652,10,4 6 7 9 35 36,3 13 15 40 41 44 +20,0,,0
653,1,6 8 12 29 31 43,5 6 26 27 38 39 +1,1,6,0
653,2,24 27 29 31 34 43,5 6 26 27 38 39 +1,1,27,0
653,3,8 22 24 28 29 43,5 6 26 27 38 39 +1,0,,0
653,4,14 15 28 33 38 45,5 6 26 27 38 39 +1,1,38,0
653,5,3 4 5 25 37 41,5 6 26 27 38 39 +1,1,5,0
653,6,1 11 31 40 44 45,5 6 26 27 38 39 +1,0,,0
653,7,17 22 24 29 30 44,5 6 26 27 38 39 +1,0,,0
653,8,2 7 11 17 41 44,5 6 26 27 38 39 +1,0,,0
653,9,1 15 25 32 35 44,5 6 26 27 38 39 +1,0,,0
653,10,3 10 12 16 17 26,5 6 26 27 38 39 +1,1,26,0
654,1,7 10 13 18 26 36,16 21 26 31 36 43 +6,2,26 36,0
654,2,5 7 8 26 35 40,16 21 26 31 36 43 +6,1,26,0
654,3,1 4 17 19 42 43,16 21 26 31 36 43 +6,1,43,0
654,4,5 17 25 28 31 45,16 21 26 31 36 43 +6,1,31,0
654,5,9 12 22 27 38 44,16 21 26 31 36 43 +6,0,,0
654,6,8 12 13 20 37 40,16 21 26 31 36 43 +6,0,,0
654,7,5 20 28 35 38 39,16 21 26 31 36 43 +6,0,,0
654,8,1 8 16 19 24 26,16 21 26 31 36 43 +6,2,16 26,0
654,9,15 22 29 42 44 45,16 21 26 31 36 43 +6,0,,0
654,10,4 8 30 34 38 45,16 21 26 31 36 43 +6,0,,0
655,1,2 8 20 27 42 45,7 37 38 39 40 44 +18,0,,0
655,2,1 9 21 23 31 38,7 37 38 39 40 44 +18,1,38,0
655,3,2 11 25 33 41 43,7 37 38 39 40 44 +18,0,,0
655,4,1 16 17 29 39 43,7 37 38 39 40 44 +18,1,39,0
655,5,3 4 8 9 23 33,7 37 38 39 40 44 +18,0,,0
655,6,2 5 12 17 31 39,7 37 38 39 40 44 +18,1,39,0
655,7,5 24 28 36 42 43,7 37 38 39 40 44 +18,0,,0
655,8,2 15 16 17 19 35,7 37 38 39 40 44 +18,0,,0
655,9,7 20 23 24 30 33,7 37 38 39 40 44 +18,1,7,0
655,10,10 11 12 16 19 25,7 37 38 39 40 44 +18,0,,0
656,1,4 19 23 29 31 39,3 7 14 16 31 40 +39,1,31,0
656,2,1 3 14 19 31 35,3 7 14 16 31 40 +39,3,3 14 31,5
656,3,2 11 21 25 33 40,3 7 14 16 31 40 +39,1,40,0
656,4,2 12 22 28 34 42,3 7 14 16 31 40 +39,0,,0
656,5,2 7 23 25 29 38,3 7 14 16 31 40 +39,1,7,0
656,6,1 4 8 15 17 19,3 7 14 16 31 40 +39,0,,0
656,7,7 15 35 37 38 40,3 7 14 16 31 40 +39,2,7 40,0
656,8,1 3 6 31 40 43,3 7 14 16 31 40 +39,3,3 31 40,5
656,9,9 19 22 27 38 44,3 7 14 16 31 40 +39,0,,0
656,10,6 7 26 29 34 45,3 7 14 16 31 40 +39,1,7,0
657,1,3 5 9 11 38 45,10 14 19 39 40 43 +23,0,,0
657,2,5 16 29 33 35 36,10 14 19 39 40 43 +23,0,,0
657,3,6 14 17 19 22 30,10 14 19 39 40 43 +23,2,14 19,0
657,4,3 4 11 13 22 44,10 14 19 39 40 43 +23,0,,0
657,5,14 17 25 31 36 38,10 14 19 39 40 43 +23,1,14,0
657,6,5 6 12 14 18 35,10 14 19 39 40 43 +23,1,14,0
657,7,5 10 11 38 42 45,10 14 19 39 40 43 +23,1,10,0
657,8,27 32 34 36 42 43,10 14 19 39 40 43 +23,1,43,0
657,9,8 14 18 32 43 45,10 14 19 39 40 43 +23,2,14 43,0
657,10,1 3 23 26 34 35,10 14 19 39 40 43 +23,0,,0
658,1,2 7 12 18 34 43,8 19 25 28 32 36 +37,0,,0
658,2,9 19 22 25 31 37,8 19 25 28 32 36 +37,2,19 25,0
658,3,14 16 25 27 35 39,8 19 25 28 32 36 +37,1,25,0
658,4,6 9 12 18 32 40,8 19 25 28 32 36 +37,1,32,0
658,5,3 10 16 17 26 29,8 19 25 28 32 36 +37,0,,0
658,6,6 11 18 24 33 45,8 19 25 28 32 36 +37,0,,0
658,7,7 15 23 32 40 41,8 19 25 28 32 36 +37,1,32,0
658,8,1 24 36 37 38 44,8 19 25 28 32 36 +37,1,36,0
658,9,1 15 17 21 27 41,8 19 25 28 32 36 +37,0,,0
658,10,12 16 26 31 32 44,8 19 25 28 32 36 +37,1,32,0
659,1,8 36 39 41 42 44,7 18 19 27 29 42 +45,1,42,0
659,2,1 2 9 18 40 41,7 18 19 27 29 42 +45,1,18,0
659,3,3 13 29 32 43 45,7 18 19 27 29 42 +45,1,29,0
659,4,3 7 8 10 14 39,7 18 19 27 29 42 +45,1,7,0
659,5,10 13 15 21 24 27,7 18 19 27 29 42 +45,1,27,0
659,6,1 4 14 29 30 40,7 18 19 27 29 42 +45,1,29,0
659,7,6 16 25 32 38 42,7 18 19 27 29 42 +45,1,42,0
659,8,5 6 21 24 31 42,7 18 19 27 29 42 +45,1,42,0
659,9,13 31 32 40 42 44,7 18 19 27 29 42 +45,1,42,0
659,10,7 26 31 36 42 44,7 18 19 27 29 42 +45,2,7 42,0
660,1,2 4 19 29 30 37,4 9 23 33 39 44 +14,1,4,0
660,2,2 11 16 17 18 33,4 9 23 33 39 44 +14,1,33,0
660,3,5 12 20 25 34 40,4 9 23 33 39 44 +14,0,,0
660,4,2 21 24 29 36 43,4 9 23 33 39 44 +14,0,,0
660,5,5 13 29 31 32 45,4 9 23 33 39 44 +14,0,,0
660,6,8 11 12 24 42 45,4 9 23 33 39 44 +14,0,,0
660,7,4 7 11 34 37 44,4 9 23 33 39 44 +14,2,4 44,0
660,8,21 26 31 35 38 45,4 9 23 33 39 44 +14,0,,0
660,9,5 9 29 34 39 45,4 9 23 33 39 44 +14,2,9 39,0
660,10,5 7 17 27 43 45,4 9 23 33 39 44 +14,0,,0
661,1,4 25 28 29 33 38,2 3 12 20 27 38 +40,1,38,0
661,2,7 18 19 23 25 30,2 3 12 20 27 38 +40,0,,0
661,3,3 4 8 9 13 30,2 3 12 20 27 38 +40,1,3,0
661,4,6 8 12 23 29 37,2 3 12 20 27 38 +40,1,12,0
661,5,3 4 13 24 32 38,2 3 12 20 27 38 +40,2,3 38,0
661,6,9 16 26 35 36 42,2 3 12 20 27 38 +40,0,,0
661,7,6 7 16 17 39 42,2 3 12 20 27 38 +40,0,,0
661,8,3 10 22 32 42 45,2 3 12 20 27 38 +40,1,3,0
661,9,1 2 5 27 31 33,2 3 12 20 27 38 +40,2,2 27,0
661,10,13 18 25 39 44 45,2 3 12 20 27 38 +40,0,,0
662,1,7 27 33 37 40 41,5 6 9 11 15 37 +26,1,37,0
662,2,8 11 14 36 37 45,5 6 9 11 15 37 +26,2,11 37,0
662,3,14 18 23 27 29 41,5 6 9 11 15 37 +26,0,,0
662,4,2 7 12 22 25 41,5 6 9 11 15 37 +26,0,,0
662,5,1 6 12 37 39 42,5 6 9 11 15 37 +26,2,6 37,0
662,6,15 17 27 28 39 40,5 6 9 11 15 37 +26,1,15,0
662,7,3 9 12 28 30 43,5 6 9 11 15 37 +26,1,9,0
662,8,15 16 17 21 22 27,5 6 9 11 15 37 +26,1,15,0
662,9,7 17 18 25 41 44,5 6 9 11 15 37 +26,0,,0
662,10,14 17 24 35 39 42,5 6 9 11 15 37 +26,0,,0
663,1,14 15 23 30 38 45,3 5 8 19 38 42 +20,1,38,0
663,2,9 10 18 25 26 35,3 5 8 19 38 42 +20,0,,0
663,3,3 13 19 30 36 42,3 5 8 19 38 42 +20,3,3 19 42,5
663,4,5 11 14 22 37 43,3 5 8 19 38 42 +20,1,5,0
663,5,11 21 26 28 29 41,3 5 8 19 38 42 +20,0,,0
663,6,7 12 20 22 37 38,3 5 8 19 38 42 +20,1,38,0
663,7,2 8 26 32 35 43,3 5 8 19 38 42 +20,1,8,0
663,8,8 17 34 38 42 43,3 5 8 19 38 42 +20,3,8 38 42,5
663,9,2 14 17 19 33 38,3 5 8 19 38 42 +20,2,19 38,0
663,10,16 24 25 26 27 40,3 5 8 19 38 42 +20,0,,0
664,1,11 24 27 36 41 44,10 20 33 36 41 44 +5,3,36 41 44,5
664,2,5 16 17 28 30 38,10 20 33 36 41 44 +5,0,,0
664,3,7 8 9 26 32 37,10 20 33 36 41 44 +5,0,,0
664,4,8 22 28 38 39 40,10 20 33 36 41 44 +5,0,,0
664,5,1 13 14 17 26 32,10 20 33 36 41 44 +5,0,,0
664,6,5 11 16 33 35 38,10 20 33 36 41 44 +5,1,33,0
664,7,8 13 17 34 38 40,10 20 33 36 41 44 +5,0,,0
664,8,14 21 22 32 34 40,10 20 33 36 41 44 +5,0,,0
664,9,3 12 14 23 31 32,10 20 33 36 41 44 +5,0,,0
664,10,10 20 22 31 38 43,10 20 33 36 41 44 +5,2,10 20,0
665,1,8 9 16 18 24 30,5 6 11 17 38 44 +13,0,,0
665,2,3 15 23 31 35 38,5 6 11 17 38 44 +13,1,38,0
665,3,26 30 32 36 40 42,5 6 11 17 38 44 +13,0,,0
665,4,9 18 26 29 41 43,5 6 11 17 38 44 +13,0,,0
665,5,11 16 24 41 42 44,5 6 11 17 38 44 +13,2,11 44,0
665,6,6 22 25 26 30 43,5 6 11 17 38 44 +13,1,6,0
665,7,8 10 13 15 26 28,5 6 11 17 38 44 +13,0,,0
665,8,1 13 24 25 33 38,5 6 11 17 38 44 +13,1,38,0
665,9,7 30 31 34 35 36,5 6 11 17 38 44 +13,0,,0
665,10,12 13 25 36 40 45,5 6 11 17 38 44 +13,0,,0
666,1,5 15 32 33 37 39,2 4 6 11 17 28 +16,0,,0
666,2,2 23 24 37 43 45,2 4 6 11 17 28 +16,1,2,0
666,3,3 10 21 22 32 34,2 4 6 11 17 28 +16,0,,0
666,4,1 22 28 31 38 45,2 4 6 11 17 28 +16,1,28,0
666,5,4 8 14 20 23 39,2 4 6 11 17 28 +16,1,4,0
666,6,2 8 10 20 28 32,2 4 6 11 17 28 +16,2,2 28,0
666,7,19 22 31 35 37 41,2 4 6 11 17 28 +16,0,,0
666,8,13 18 22 32 33 35,2 4 6 11 17 28 +16,0,,0
666,9,1 2 15 23 37 40,2 4 6 11 17 28 +16,1,2,0
666,10,8 11 13 25 27 43,2 4 6 11 17 28 +16,1,11,0
667,1,1 6 23 24 31 32,15 17 25 37 42 43 +13,0,,0
667,2,2 24 27 30 31 36,15 17 25 37 42 43 +13,0,,0
667,3,3 20 22 36 38 39,15 17 25 37 42 43 +13,0,,0
667,4,2 6 22 36 39 42,15 17 25 37 42 43 +13,1,42,0
667,5,3 4 21 22 36 45,15 17 25 37 42 43 +13,0,,0
667,6,6 9 10 20 24 26,15 17 25 37 42 43 +13,0,,0
667,7,7 26 27 30 35 37,15 17 25 37 42 43 +13,1,37,0
667,8,1 6 7 8 12 24,15 17 25 37 42 43 +13,0,,0
667,9,7 12 26 27 39 44,15 17 25 37 42 43 +13,0,,0
667,10,11 21 24 26 34 36,15 17 25 37 42 43 +13,0,,0
668,1,4 5 23 33 40 44,12 14 15 24 27 32 +3,0,,0
668,2,1 10 36 38 44 45,12 14 15 24 27 32 +3,0,,0
668,3,11 13 28 30 40 43,12 14 15 24 27 32 +3,0,,0
668,4,8 10 14 28 33 42,12 14 15 24 27 32 +3,1,14,0
668,5,20 22 31 34 38 43,12 14 15 24 27 32 +3,0,,0
668,6,1 14 23 34 36 45,12 14 15 24 27 32 +3,1,14,0
668,7,2 5 12 38 39 45,12 14 15 24 27 32 +3,1,12,0
668,8,15 29 34 35 37 45,12 14 15 24 27 32 +3,1,15,0
668,9,1 3 30 31 38 45,12 14 15 24 27 32 +3,0,,0
668,10,2 5 16 17 20 24,12 14 15 24 27 32 +3,1,24,0
669,1,6 29 33 37 41 44,7 8 20 29 33 38 +9,2,29 33,0
669,2,28 29 37 38 40 45,7 8 20 29 33 38 +9,2,29 38,0
669,3,3 20 32 35 41 44,7 8 20 29 33 38 +9,1,20,0
669,4,4 7 13 17 20 27,7 8 20 29 33 38 +9,2,7 20,0
669,5,5 23 24 28 31 34,7 8 20 29 33 38 +9,0,,0
669,6,3 9 11 15 21 30,7 8 20 29 33 38 +9,0,,0
669,7,4 5 13 14 25 44,7 8 20 29 33 38 +9,0,,0
669,8,7 9 16 20 29 37,7 8 20 29 33 38 +9,3,7 20 29,5
669,9,13 20 22 41 42 43,7 8 20 29 33 38 +9,1,20,0
669,10,7 11 28 38 42 45,7 8 20 29 33 38 +9,2,7 38,0
670,1,10 13 20 31 35 39,11 18 26 27 40 41 +25,0,,0
670,2,12 18 21 27 43 45,11 18 26 27 40 41 +25,2,18 27,0
670,3,5 6 13 34 36 37,11 18 26 27 40 41 +25,0,,0
670,4,7 30 31 33 37 43,11 18 26 27 40 41 +25,0,,0
670,5,1 9 13 21 29 36,11 18 26 27 40 41 +25,0,,0
670,6,2 4 15 29 38 43,11 18 26 27 40 41 +25,0,,0
670,7,19 28 32 36 38 40,11 18 26 27 40 41 +25,1,40,0
670,8,6 8 26 31 39 43,11 18 26 27 40 41 +25,1,26,0
670,9,7 10 11 17 22 42,11 18 26 27 40 41 +25,1,11,0
670,10,3 12 24 34 39 42,11 18 26 27 40 41 +25,0,,0
671,1,1 17 32 34 36 38,7 9 10 13 31 35 +24,0,,0
671,2,4 15 18 28 31 35,7 9 10 13 31 35 +24,2,31 35,0
671,3,5 16 39 40 44 45,7 9 10 13 31 35 +24,0,,0
671,4,5 7 9 34 37 41,7 9 10 13 31 35 +24,2,7 9,0
671,5,10 12 19 23 32 34,7 9 10 13 31 35 +24,1,10,0
671,6,1 14 23 28 32 33,7 9 10 13 31 35 +24,0,,0
671,7,1 4 17 19 40 42,7 9 10 13 31 35 +24,0,,0
671,8,4 5 25 31 37 44,7 9 10 13 31 35 +24,1,31,0
671,9,12 15 32 35 41 45,7 9 10 13 31 35 +24,1,35,0
671,10,3 7 18 25 28 40,7 9 10 13 31 35 +24,1,7,0
672,1,11 13 23 25 28 36,8 21 28 31 36 45 +43,2,28 36,0
672,2,5 8 20 22 36 39,8 21 28 31 36 45 +43,2,8 36,0
672,3,4 10 21 26 33 40,8 21 28 31 36 45 +43,1,21,0
672,4,17 22 27 34 39 45,8 21 28 31 36 45 +43,1,45,0
672,5,5 7 26 30 37 41,8 21 28 31 36 45 +43,0,,0
672,6,5 7 14 25 33 42,8 21 28 31 36 45 +43,0,,0
672,7,9 10 15 26 32 40,8 21 28 31 36 45 +43,0,,0
672,8,4 15 21 23 31 44,8 21 28 31 36 45 +43,2,21 31,0
672,9,3 16 27 33 41 45,8 21 28 31 36 45 +43,1,45,0
672,10,3 5 7 14 41 43,8 21 28 31 36 45 +43,0,,0
673,1,9 14 17 27 37 41,7 10 17 29 33 44 +5,1,17,0
673,2,1 13 15 22 26 36,7 10 17 29 33 44 +5,0,,0
673,3,18 20 23 29 30 38,7 10 17 29 33 44 +5,1,29,0
673,4,16 22 28 31 42 44,7 10 17 29 33 44 +5,1,44,0
673,5,23 29 32 35 37 40,7 10 17 29 33 44 +5,1,29,0
673,6,4 5 8 11 21 32,7 10 17 29 33 44 +5,0,,0
673,7,7 8 10 24 31 44,7 10 17 29 33 44 +5,3,7 10 44,5
673,8,12 14 23 28 35 44,7 10 17 29 33 44 +5,1,44,0
673,9,10 11 25 28 33 43,7 10 17 29 33 44 +5,2,10 33,0
673,10,5 11 18 32 35 38,7 10 17 29 33 44 +5,0,,0
674,1,4 16 21 23 37 39,9 10 14 25 27 31 +11,0,,0
674,2,4 8 9 10 25 31,9 10 14 25 27 31 +11,4,9 10 25 31,4
674,3,11 16 23 32 34 44,9 10 14 25 27 31 +11,0,,0
674,4,4 6 18 21 37 38,9 10 14 25 27 31 +11,0,,0
674,5,9 18 19 20 21 40,9 10 14 25 27 31 +11,1,9,0
674,6,2 4 9 21 30 43,9 10 14 25 27 31 +11,1,9,0
674,7,3 24 28 29 37 40,9 10 14 25 27 31 +11,0,,0
674,8,1 4 11 12 18 24,9 10 14 25 27 31 +11,0,,0
674,9,12 16 25 30 31 36,9 10 14 25 27 31 +11,2,25 31,0
674,10,15 22 26 29 30 43,9 10 14 25 27 31 +11,0,,0
675,1,8 23 35 37 41 43,1 8 11 15 18 45 +7,1,8,0
675,2,7 23 26 28 30 31,1 8 11 15 18 45 +7,0,,0
675,3,2 5 12 27 28 36,1 8 11 15 18 45 +7,0,,0
675,4,5 16 19 32 39 42,1 8 11 15 18 45 +7,0,,0
675,5,1 9 17 33 37 39,1 8 11 15 18 45 +7,1,1,0
675,6,12 19 20 22 31 38,1 8 11 15 18 45 +7,0,,0
675,7,6 7 11 22 36 44,1 8 11 15 18 45 +7,1,11,0
675,8,5 14 31 38 40 41,1 8 11 15 18 45 +7,0,,0
675,9,3 6 11 22 33 45,1 8 11 15 18 45 +7,2,11 45,0
675,10,4 14 19 34 35 36,1 8 11 15 18 45 +7,0,,0
676,1,2 3 11 13 15 25,1 8 17 34 39 45 +27,0,,0
676,2,11 28 29 35 36 42,1 8 17 34 39 45 +27,0,,0
676,3,13 30 40 42 43 45,1 8 17 34 39 45 +27,1,45,0
676,4,12 13 14 21 22 27,1 8 17 34 39 45 +27,0,,0
676,5,16 19 21 23 41 43,1 8 17 34 39 45 +27,0,,0
676,6,1 29 32 36 41 44,1 8 17 34 39 45 +27,1,1,0
676,7,3 17 27 35 43 45,1 8 17 34 39 45 +27,2,17 45,0
676,8,21 23 24 31 35 37,1 8 17 34 39 45 +27,0,,0
676,9,7 12 14 23 34 39,1 8 17 34 39 45 +27,2,34 39,0
676,10,20 27 31 34 39 44,1 8 17 34 39 45 +27,2,34 39,0
677,1,12 19 21 30 31 34,12 15 24 36 41 44 +42,1,12,0
677,2,4 8 10 12 21 40,12 15 24 36 41 44 +42,1,12,0
677,3,7 18 28 29 35 45,12 15 24 36 41 44 +42,0,,0
677,4,9 10 16 29 38 42,12 15 24 36 41 44 +42,0,,0
677,5,6 7 24 28 29 36,12 15 24 36 41 44 +42,2,24 36,0
677,6,9 16 17 23 28 39,12 15 24 36 41 44 +42,0,,0
677,7,4 7 28 30 31 33,12 15 24 36 41 44 +42,0,,0
677,8,18 22 28 30 32 45,12 15 24 36 41 44 +42,0,,0
677,9,19 25 32 34 40 44,12 15 24 36 41 44 +42,1,44,0
677,10,3 11 17 36 37 43,12 15 24 36 41 44 +42,1,36,0
678,1,1 10 15 19 38 39,4 5 6 12 25 37 +45,0,,0
678,2,1 5 11 17 38 42,4 5 6 12 25 37 +45,1,5,0
678,3,1 2 11 14 15 42,4 5 6 12 25 37 +45,0,,0
678,4,12 15 16 27 39 45,4 5 6 12 25 37 +45,1,12,0
678,5,3 19 24 28 29 43,4 5 6 12 25 37 +45,0,,0
678,6,6 18 31 36 43 45,4 5 6 12 25 37 +45,1,6,0
678,7,3 11 28 31 41 42,4 5 6 12 25 37 +45,0,,0
678,8,2 3 14 16 18 39,4 5 6 12 25 37 +45,0,,0
678,9,3 5 24 27 30 39,4 5 6 12 25 37 +45,1,5,0
678,10,3 4 19 20 25 42,4 5 6 12 25 37 +45,2,4 25,0
679,1,1 7 18 24 30 42,3 5 7 14 26 34 +35,1,7,0
679,2,6 8 9 35 41 43,3 5 7 14 26 34 +35,0,,0
679,3,11 31 32 36 40 42,3 5 7 14 26 34 +35,0,,0
679,4,2 7 17 31 34 42,3 5 7 14 26 34 +35,2,7 34,0
679,5,15 17 25 31 32 40,3 5 7 14 26 34 +35,0,,0
679,6,7 8 11 13 17 44,3 5 7 14 26 34 +35,1,7,0
679,7,5 10 20 28 29 31,3 5 7 14 26 34 +35,1,5,0
679,8,3 4 16 25 29 34,3 5 7 14 26 34 +35,2,3 34,0
679,9,15 23 37 38 39 42,3 5 7 14 26 34 +35,0,,0
679,10,5 19 20 30 33 40,3 5 7 14 26 34 +35,1,5,0
680,1,10 21 32 33 39 42,4 10 19 29 32 42 +30,3,10 32 42,5
680,2,13 23 24 28 30 31,4 10 19 29 32 42 +30,0,,0
680,3,1 5 7 34 43 44,4 10 19 29 32 42 +30,0,,0
680,4,4 6 25 37 42 43,4 10 19 29 32 42 +30,2,4 42,0
680,5,4 6 14 15 25 36,4 10 19 29 32 42 +30,1,4,0
680,6,3 5 17 23 37 43,4 10 19 29 32 42 +30,0,,0
680,7,14 18 31 33 34 43,4 10 19 29 32 42 +30,0,,0
680,8,6 19 20 28 31 35,4 10 19 29 32 42 +30,1,19,0
680,9,1 9 12 33 44 45,4 10 19 29 32 42 +30,0,,0
680,10,6 14 19 22 39 44,4 10 19 29 32 42 +30,1,19,0
681,1,17 22 25 26 29 39,21 24 27 29 43 44 +7,1,29,0
681,2,3 18 19 32 38 42,21 24 27 29 43 44 +7,0,,0
681,3,20 27 28 33 39 40,21 24 27 29 43 44 +7,1,27,0
681,4,16 21 25 27 38 44,21 24 27 29 43 44 +7,3,21 27 44,5
681,5,4 12 17 18 24 29,21 24 27 29 43 44 +7,2,24 29,0
681,6,4 10 11 14 29 43,21 24 27 29 43 44 +7,2,29 43,0
681,7,10 14 26 27 32 38,21 24 27 29 43 44 +7,1,27,0
681,8,4 18 25 30 34 35,21 24 27 29 43 44 +7,0,,0
681,9,7 8 14 19 34 36,21 24 27 29 43 44 +7,0,,0
681,10,14 16 27 29 37 39,21 24 27 29 43 44 +7,2,27 29,0
682,1,6 20 29 34 38 44,17 23 27 35 38 43 +2,1,38,0
682,2,10 15 17 18 28 29,17 23 27 35 38 43 +2,1,17,0
682,3,5 11 18 27 28 35,17 23 27 35 38 43 +2,2,27 35,0
682,4,14 15 18 21 25 31,17 23 27 35 38 43 +2,0,,0
682,5,10 18 29 31 41 43,17 23 27 35 38 43 +2,1,43,0
682,6,10 19 21 22 26 40,17 23 27 35 38 43 +2,0,,0
682,7,5 6 9 11 21 42,17 23 27 35 38 43 +2,0,,0
682,8,9 19 25 35 37 41,17 23 27 35 38 43 +2,1,35,0
682,9,18 20 23 25 29 38,17 23 27 35 38 43 +2,2,23 38,0
682,10,18 24 27 33 41 45,17 23 27 35 38 43 +2,1,27,0
683,1,4 8 11 26 29 31,6 13 20 27 28 40 +15,0,,0
683,2,2 21 23 27 29 32,6 13 20 27 28 40 +15,1,27,0
683,3,6 10 15 17 27 34,6 13 20 27 28 40 +15,2,6 27,0
683,4,13 21 23 29 32 37,6 13 20 27 28 40 +15,1,13,0
683,5,1 21 38 42 43 44,6 13 20 27 28 40 +15,0,,0
683,6,1 5 8 9 35 41,6 13 20 27 28 40 +15,0,,0
683,7,14 17 25 26 30 37,6 13 20 27 28 40 +15,0,,0
683,8,9 14 15 25 27 32,6 13 20 27 28 40 +15,1,27,0
683,9,6 10 17 18 19 39,6 13 20 27 28 40 +15,1,6,0
683,10,30 33 37 41 42 45,6 13 20 27 28 40 +15,0,,0
684,1,1 5 7 16 31 37,1 11 15 17 25 39 +40,1,1,0
684,2,2 5 19 22 24 44,1 11 15 17 25 39 +40,0,,0
684,3,13 15 16 17 18 41,1 11 15 17 25 39 +40,2,15 17,0
684,4,11 12 22 23 38 45,1 11 15 17 25 39 +40,1,11,0
684,5,3 12 23 26 27 29,1 11 15 17 25 39 +40,0,,0
684,6,3 22 26 28 30 35,1 11 15 17 25 39 +40,0,,0
684,7,3 6 9 22 24 36,1 11 15 17 25 39 +40,0,,0
684,8,11 24 26 39 40 45,1 11 15 17 25 39 +40,2,11 39,0
684,9,26 30 35 36 38 44,1 11 15 17 25 39 +40,0,,0
684,10,2 8 22 26 37 45,1 11 15 17 25 39 +40,0,,0
685,1,1 9 29 30 33 45,6 7 12 28 38 40 +18,0,,0
685,2,1 6 7 9 42 45,6 7 12 28 38 40 +18,2,6 7,0
685,3,5 16 17 36 40 45,6 7 12 28 38 40 +18,1,40,0
685,4,3 7 13 23 29 32,6 7 12 28 38 40 +18,1,7,0
685,5,15 17 26 31 37 40,6 7 12 28 38 40 +18,1,40,0
685,6,4 8 9 11 13 39,6 7 12 28 38 40 +18,0,,0
685,7,8 9 11 13 18 22,6 7 12 28 38 40 +18,0,,0
685,8,2 6 7 10 23 44,6 7 12 28 38 40 +18,2,6 7,0
685,9,10 16 18 21 32 36,6 7 12 28 38 40 +18,0,,0
685,10,14 21 28 33 34 37,6 7 12 28 38 40 +18,1,28,0
686,1,15 28 33 37 42 44,7 12 15 24 25 43 +13,1,15,0
686,2,3 4 27 29 42 43,7 12 15 24 25 43 +13,1,43,0
686,3,10 12 18 24 27 44,7 12 15 24 25 43 +13,2,12 24,0
686,4,8 14 22 33 42 43,7 12 15 24 25 43 +13,1,43,0
686,5,4 22 26 32 43 45,7 12 15 24 25 43 +13,1,43,0
686,6,1 10 16 21 39 42,7 12 15 24 25 43 +13,0,,0
686,7,7 13 20 27 37 38,7 12 15 24 25 43 +13,1,7,0
686,8,12 15 24 31 34 41,7 12 15 24 25 43 +13,3,12 15 24,5
686,9,14 19 22 27 31 41,7 12 15 24 25 43 +13,0,,0
686,10,10 12 18 20 29 43,7 12 15 24 25 43 +13,2,12 43,0
687,1,12 19 22 30 33 44,1 8 10 13 28 42 +45,0,,0
687,2,2 12 20 32 39 42,1 8 10 13 28 42 +45,1,42,0
687,3,13 20 30 31 34 40,1 8 10 13 28 42 +45,1,13,0
687,4,23 24 25 28 30 38,1 8 10 13 28 42 +45,1,28,0
687,5,11 12 18 22 27 29,1 8 10 13 28 42 +45,0,,0
687,6,11 16 32 37 39 40,1 8 10 13 28 42 +45,0,,0
687,7,9 11 23 37 41 42,1 8 10 13 28 42 +45,1,42,0
687,8,1 15 19 20 24 40,1 8 10 13 28 42 +45,1,1,0
687,9,1 2 4 6 17 36,1 8 10 13 28 42 +45,1,1,0
687,10,11 16 26 27 29 32,1 8 10 13 28 42 +45,0,,0
688,1,1 6 9 29 40 41,5 15 22 23 34 35 +2,0,,0
688,2,1 5 12 22 27 32,5 15 22 23 34 35 +2,2,5 22,0
688,3,19 26 27 33 35 38,5 15 22 23 34 35 +2,1,35,0
688,4,17 18 22 35 36 42,5 15 22 23 34 35 +2,2,22 35,0
688,5,4 17 21 24 28 29,5 15 22 23 34 35 +2,0,,0
688,6,8 9 13 14 20 28,5 15 22 23 34 35 +2,0,,0
688,7,10 17 34 42 43 44,5 15 22 23 34 35 +2,1,34,0
688,8,13 16 23 24 27 34,5 15 22 23 34 35 +2,2,23 34,0
688,9,2 5 20 30 42 45,5 15 22 23 34 35 +2,1,5,0
688,10,3 4 24 29 41 44,5 15 22 23 34 35 +2,0,,0
689,1,17 26 36 37 38 41,7 17 19 30 36 38 +34,3,17 36 38,5
689,2,3 7 11 21 29 33,7 17 19 30 36 38 +34,1,7,0
689,3,13 18 20 27 29 44,7 17 19 30 36 38 +34,0,,0
689,4,13 23 25 28 31 34,7 17 19 30 36 38 +34,0,,0
689,5,3 20 30 35 37 44,7 17 19 30 36 38 +34,1,30,0
689,6,4 8 11 14 31 38,7 17 19 30 36 38 +34,1,38,0
689,7,4 10 18 27 32 45,7 17 19 30 36 38 +34,0,,0
689,8,11 14 15 21 28 41,7 17 19 30 36 38 +34,0,,0
689,9,2 14 27 29 42 44,7 17 19 30 36 38 +34,0,,0
689,10,2 6 17 35 38 41,7 17 19 30 36 38 +34,2,17 38,0
690,1,1 7 9 13 14 18,24 25 33 34 38 39 +43,0,,0
690,2,3 11 27 28 39 42,24 25 33 34 38 39 +43,1,39,0
690,3,9 19 25 27 41 42,24 25 33 34 38 39 +43,1,25,0
690,4,2 6 20 36 40 41,24 25 33 34 38 39 +43,0,,0
690,5,15 19 21 26 37 40,24 25 33 34 38 39 +43,0,,0
690,6,3 8 22 26 31 34,24 25 33 34 38 39 +43,1,34,0
690,7,9 10 24 25 42 45,24 25 33 34 38 39 +43,2,24 25,0
690,8,2 4 15 18 24 30,24 25 33 34 38 39 +43,1,24,0
690,9,10 18 21 22 28 31,24 25 33 34 38 39 +43,0,,0
690,10,4 16 23 24 30 40,24 25 33 34 38 39 +43,1,24,0
691,1,16 23 28 32 42 44,15 27 33 35 43 45 +16,0,,0
691,2,13 17 18 19 31 44,15 27 33 35 43 45 +16,0,,0
691,3,1 7 9 29 39 40,15 27 33 35 43 45 +16,0,,0
691,4,16 17 18 23 35 36,15 27 33 35 43 45 +16,1,35,0
691,5,8 10 16 19 29 31,15 27 33 35 43 45 +16,0,,0
691,6,5 14 15 29 34 40,15 27 33 35 43 45 +16,1,15,0
691,7,5 12 17 39 40 45,15 27 33 35 43 45 +16,1,45,0
691,8,5 8 11 19 24 29,15 27 33 35 43 45 +16,0,,0
691,9,20 23 28 31 40 43,15 27 33 35 43 45 +16,1,43,0
691,10,1 9 12 20 42 43,15 27 33 35 43 45 +16,1,43,0
692,1,10 12 19 26 30 32,3 11 14 15 32 36 +44,1,32,0
692,2,1 3 14 19 26 29,3 11 14 15 32 36 +44,2,3 14,0
692,3,3 10 17 25 30 41,3 11 14 15 32 36 +44,1,3,0
692,4,4 13 33 42 44 45,3 11 14 15 32 36 +44,0,,0
692,5,3 5 8 20 22 34,3 11 14 15 32 36 +44,1,3,0
692,6,9 18 29 32 42 45,3 11 14 15 32 36 +44,1,32,0
692,7,2 12 14 21 27 45,3 11 14 15 32 36 +44,1,14,0
692,8,4 6 24 30 34 39,3 11 14 15 32 36 +44,0,,0
692,9,9 30 31 35 41 44,3 11 14 15 32 36 +44,0,,0
692,10,2 5 27 37 39 40,3 11 14 15 32 36 +44,0,,0
693,1,12 14 17 18 22 41,1 6 11 28 34 42 +30,0,,0
693,2,18 22 30 33 36 40,1 6 11 28 34 42 +30,0,,0
693,3,2 15 28 31 35 44,1 6 11 28 34 42 +30,1,28,0
693,4,1 3 9 21 27 43,1 6 11 28 34 42 +30,1,1,0
693,5,15 20 24 28 35 41,1 6 11 28 34 42 +30,1,28,0
693,6,5 17 19 26 36 42,1 6 11 28 34 42 +30,1,42,0
693,7,13 15 22 25 27 42,1 6 11 28 34 42 +30,1,42,0
693,8,3 5 11 13 33 36,1 6 11 28 34 42 +30,1,11,0
693,9,9 20 30 32 40 44,1 6 11 28 34 42 +30,0,,0
693,10,4 10 24 26 38 40,1 6 11 28 34 42 +30,0,,0
694,1,9 20 21 25 33 45,7 15 20 25 33 43 +12,3,20 25 33,5
694,2,14 18 19 25 26 31,7 15 20 25 33 43 +12,1,25,0
694,3,13 14 18 20 39 40,7 15 20 25 33 43 +12,1,20,0
694,4,5 19 24 25 41 42,7 15 20 25 33 43 +12,1,25,0
694,5,10 12 14 23 24 37,7 15 20 25 33 43 +12,0,,0
694,6,10 11 13 18 33 35,7 15 20 25 33 43 +12,1,33,0
694,7,8 9 17 19 23 38,7 15 20 25 33 43 +12,0,,0
694,8,7 13 14 20 23 35,7 15 20 25 33 43 +12,2,7 20,0
694,9,6 12 18 25 42 44,7 15 20 25 33 43 +12,1,25,0
694,10,4 25 33 38 41 42,7 15 20 25 33 43 +12,2,25 33,0
695,1,3 12 15 24 38 43,4 18 26 33 34 38 +14,1,38,0
695,2,6 9 13 23 27 32,4 18 26 33 34 38 +14,0,,0
695,3,11 12 21 32 42 43,4 18 26 33 34 38 +14,0,,0
695,4,4 6 11 35 41 42,4 18 26 33 34 38 +14,1,4,0
695,5,16 19 21 28 40 44,4 18 26 33 34 38 +14,0,,0
695,6,3 4 5 9 16 42,4 18 26 33 34 38 +14,1,4,0
695,7,8 9 19 25 32 39,4 18 26 33 34 38 +14,0,,0
695,8,8 13 23 33 34 45,4 18 26 33 34 38 +14,2,33 34,0
695,9,1 15 16 21 22 26,4 18 26 33 34 38 +14,1,26,0
695,10,7 14 24 26 33 40,4 18 26 33 34 38 +14,2,26 33,0
696,1,5 9 31 35 39 40,1 7 16 18 34 38 +21,0,,0
696,2,7 10 12 19 20 23,1 7 16 18 34 38 +21,1,7,0
696,3,8 10 11 17 20 39,1 7 16 18 34 38 +21,0,,0
696,4,3 8 31 33 40 41,1 7 16 18 34 38 +21,0,,0
696,5,5 21 35 41 42 43,1 7 16 18 34 38 +21,0,,0
696,6,18 19 21 25 28 45,1 7 16 18 34 38 +21,1,18,0
696,7,1 8 18 28 31 41,1 7 16 18 34 38 +21,2,1 18,0
696,8,11 13 17 18 25 31,1 7 16 18 34 38 +21,1,18,0
696,9,7 8 17 29 32 36,1 7 16 18 34 38 +21,1,7,0
696,10,11 17 21 24 28 40,1 7 16 18 34 38 +21,0,,0
697,1,6 16 24 26 27 31,2 5 8 11 33 39 +31,0,,0
697,2,20 22 24 26 36 41,2 5 8 11 33 39 +31,0,,0
697,3,9 11 15 16 21 38,2 5 8 11 33 39 +31,1,11,0
697,4,3 17 29 39 40 44,2 5 8 11 33 39 +31,1,39,0
697,5,9 10 12 13 19 31,2 5 8 11 33 39 +31,0,,0
697,6,2 3 21 27 38 43,2 5 8 11 33 39 +31,1,2,0
697,7,4 15 29 30 34 38,2 5 8 11 33 39 +31,0,,0
697,8,2 13 20 21 30 33,2 5 8 11 33 39 +31,2,2 33,0
697,9,2 21 24 27 34 41,2 5 8 11 33 39 +31,1,2,0
697,10,20 21 31 41 42 44,2 5 8 11 33 39 +31,0,,0
698,1,8 25 29 34 36 42,3 11 13 21 33 37 +18,0,,0
698,2,19 21 29 34 39 41,3 11 13 21 33 37 +18,1,21,0
698,3,9 16 17 33 39 44,3 11 13 21 33 37 +18,1,33,0
698,4,4 6 10 23 30 37,3 11 13 21 33 37 +18,1,37,0
698,5,10 13 20 37 41 42,3 11 13 21 33 37 +18,2,13 37,0
698,6,3 5 22 24 36 42,3 11 13 21 33 37 +18,1,3,0
698,7,2 3 4 13 15 42,3 11 13 21 33 37 +18,2,3 13,0
698,8,6 26 28 35 37 43,3 11 13 21 33 37 +18,1,37,0
698,9,10 11 22 32 39 41,3 11 13 21 33 37 +18,1,11,0
698,10,1 15 27 28 31 44,3 11 13 21 33 37 +18,0,,0
699,1,2 16 29 35 37 39,4 5 8 16 21 29 +3,2,16 29,0
699,2,1 21 23 24 33 45,4 5 8 16 21 29 +3,1,21,0
699,3,4 8 14 18 19 33,4 5 8 16 21 29 +3,2,4 8,0
699,4,5 16 28 33 41 42,4 5 8 16 21 29 +3,2,5 16,0
699,5,4 15 19 32 34 39,4 5 8 16 21 29 +3,1,4,0
699,6,2 3 20 25 27 28,4 5 8 16 21 29 +3,0,,0
699,7,12 14 25 26 27 28,4 5 8 16 21 29 +3,0,,0
699,8,11 14 27 30 40 41,4 5 8 16 21 29 +3,0,,0
699,9,18 19 20 21 27 39,4 5 8 16 21 29 +3,1,21,0
699,10,4 12 19 20 30 45,4 5 8 16 21 29 +3,1,4,0
700,1,6 12 15 22 42 45,11 23 28 29 30 44 +13,0,,0
700,2,4 22 25 26 32 34,11 23 28 29 30 44 +13,0,,0
700,3,5 12 15 34 41 43,11 23 28 29 30 44 +13,0,,0
700,4,18 20 26 30 36 40,11 23 28 29 30 44 +13,1,30,0
700,5,6 16 24 30 39 45,11 23 28 29 30 44 +13,1,30,0
700,6,1 4 8 13 30 34,11 23 28 29 30 44 +13,1,30,0
700,7,5 8 11 19 25 39,11 23 28 29 30 44 +13,1,11,0
700,8,2 4 7 8 12 37,11 23 28 29 30 44 +13,0,,0
700,9,3 7 13 15 17 28,11 23 28 29 30 44 +13,1,28,0
700,10,2 9 14 17 19 36,11 23 28 29 30 44 +13,0,,0
701,1,9 12 15 23 33 44,3 10 14 16 36 38 +35,0,,0
701,2,7 13 26 30 41 44,3 10 14 16 36 38 +35,0,,0
701,3,6 18 19 24 36 39,3 10 14 16 36 38 +35,1,36,0
701,4,1 11 12 14 29 41,3 10 14 16 36 38 +35,1,14,0
701,5,1 10 27 37 40 41,3 10 14 16 36 38 +35,1,10,0
701,6,2 18 29 33 35 39,3 10 14 16 36 38 +35,0,,0
701,7,5 9 11 14 28 38,3 10 14 16 36 38 +35,2,14 38,0
701,8,2 5 15 18 20 44,3 10 14 16 36 38 +35,0,,0
701,9,14 17 19 22 26 27,3 10 14 16 36 38 +35,1,14,0
701,10,10 15 21 27 39 41,3 10 14 16 36 38 +35,1,10,0
702,1,4 5 20 34 36 42,3 13 16 24 26 29 +9,0,,0
702,2,6 11 34 37 41 45,3 13 16 24 26 29 +9,0,,0
702,3,11 21 33 37 40 44,3 13 16 24 26 29 +9,0,,0
702,4,9 15 28 29 34 35,3 13 16 24 26 29 +9,1,29,0
702,5,9 10 11 16 31 38,3 13 16 24 26 29 +9,1,16,0
702,6,12 13 14 23 25 35,3 13 16 24 26 29 +9,1,13,0
702,7,6 20 25 33 39 42,3 13 16 24 26 29 +9,0,,0
702,8,11 12 25 33 34 38,3 13 16 24 26 29 +9,0,,0
702,9,9 13 18 19 40 44,3 13 16 24 26 29 +9,1,13,0
702,10,4 15 18 37 38 39,3 13 16 24 26 29 +9,0,,0
703,1,7 11 13 17 19 38,10 28 31 33 41 44 +21,0,,0
703,2,8 18 34 38 43 45,10 28 31 33 41 44 +21,0,,0
703,3,18 22 24 26 34 41,10 28 31 33 41 44 +21,1,41,0
703,4,16 20 22 42 44 45,10 28 31 33 41 44 +21,1,44,0
703,5,17 22 25 26 27 34,10 28 31 33 41 44 +21,0,,0
703,6,9 16 19 21 34 38,10 28 31 33 41 44 +21,0,,0
703,7,10 11 16 17 20 38,10 28 31 33 41 44 +21,1,10,0
703,8,5 8 10 29 34 43,10 28 31 33 41 44 +21,1,10,0
703,9,23 27 34 37 41 45,10 28 31 33 41 44 +21,1,41,0
703,10,5 6 24 25 29 40,10 28 31 33 41 44 +21,0,,0
704,1,13 18 23 38 40 41,1 4 8 23 33 42 +45,1,23,0
704,2,7 13 15 24 34 44,1 4 8 23 33 42 +45,0,,0
704,3,1 5 22 31 32 43,1 4 8 23 33 42 +45,1,1,0
704,4,5 8 12 26 33 40,1 4 8 23 33 42 +45,2,8 33,0
704,5,4 13 15 28 31 38,1 4 8 23 33 42 +45,1,4,0
704,6,8 16 21 24 35 37,1 4 8 23 33 42 +45,1,8,0
704,7,3 6 14 32 33 35,1 4 8 23 33 42 +45,1,33,0
704,8,8 21 23 35 40 43,1 4 8 23 33 42 +45,2,8 23,0
704,9,3 7 13 25 34 37,1 4 8 23 33 42 +45,0,,0
704,10,4 10 13 20 28 31,1 4 8 23 33 42 +45,1,4,0
705,1,22 24 26 29 36 41,1 6 17 22 28 45 +23,1,22,0
705,2,1 5 9 22 30 33,1 6 17 22 28 45 +23,2,1 22,0
705,3,4 7 10 15 37 42,1 6 17 22 28 45 +23,0,,0
705,4,8 10 12 25 31 42,1 6 17 22 28 45 +23,0,,0
705,5,12 14 17 19 36 44,1 6 17 22 28 45 +23,1,17,0
705,6,7 22 26 30 31 44,1 6 17 22 28 45 +23,1,22,0
705,7,9 28 29 33 37 45,1 6 17 22 28 45 +23,2,28 45,0
705,8,17 20 23 37 38 44,1 6 17 22 28 45 +23,1,17,0
705,9,14 16 31 41 42 44,1 6 17 22 28 45 +23,0,,0
705,10,5 6 14 20 24 36,1 6 17 22 28 45 +23,1,6,0
706,1,7 17 19 21 26 33,3 4 6 10 28 30 +37,0,,0
706,2,7 14 32 34 42 45,3 4 6 10 28 30 +37,0,,0
706,3,8 9 10 24 27 37,3 4 6 10 28 30 +37,1,10,0
706,4,1 4 8 21 30 42,3 4 6 10 28 30 +37,2,4 30,0
706,5,6 15 17 24 26 45,3 4 6 10 28 30 +37,1,6,0
706,6,3 4 17 38 39 42,3 4 6 10 28 30 +37,2,3 4,0
706,7,2 8 12 21 24 40,3 4 6 10 28 30 +37,0,,0
706,8,26 31 34 36 38 42,3 4 6 10 28 30 +37,0,,0
706,9,2 9 13 26 41 43,3 4 6 10 28 30 +37,0,,0
706,10,2 7 12 16 34 38,3 4 6 10 28 30 +37,0,,0
707,1,5 6 10 12 33 36,2 12 19 24 39 44 +35,1,12,0
707,2,3 4 31 34 38 44,2 12 19 24 39 44 +35,1,44,0
707,3,12 14 28 32 34 43,2 12 19 24 39 44 +35,1,12,0
707,4,1 7 13 25 39 45,2 12 19 24 39 44 +35,1,39,0
707,5,7 14 21 33 36 40,2 12 19 24 39 44 +35,0,,0
707,6,4 13 17 36 37 38,2 12 19 24 39 44 +35,0,,0
707,7,27 28 31 32 39 40,2 12 19 24 39 44 +35,1,39,0
707,8,7 11 19 24 28 43,2 12 19 24 39 44 +35,2,19 24,0
707,9,2 7 14 28 36 38,2 12 19 24 39 44 +35,1,2,0
707,10,5 7 21 23 26 36,2 12 19 24 39 44 +35,0,,0
708,1,7 10 11 19 20 25,2 10 16 19 34 45 +1,2,10 19,0
708,2,3 19 22 23 24 45,2 10 16 19 34 45 +1,2,19 45,0
708,3,5 15 22 26 31 35,2 10 16 19 34 45 +1,0,,0
708,4,7 9 10 22 31 34,2 10 16 19 34 45 +1,2,10 34,0
708,5,11 14 24 35 39 41,2 10 16 19 34 45 +1,0,,0
708,6,6 7 11 13 18 23,2 10 16 19 34 45 +1,0,,0
708,7,2 9 19 30 33 36,2 10 16 19 34 45 +1,2,2 19,0
708,8,2 12 22 24 33 39,2 10 16 19 34 45 +1,1,2,0
708,9,16 18 23 37 43 45,2 10 16 19 34 45 +1,2,16 45,0
708,10,6 10 17 26 29 40,2 10 16 19 34 45 +1,1,10,0
709,1,6 8 14 18 34 40,10 18 30 36 39 44 +32,1,18,0
709,2,3 5 16 20 22 38,10 18 30 36 39 44 +32,0,,0
709,3,10 18 27 33 37 40,10 18 30 36 39 44 +32,2,10 18,0
709,4,5 9 10 23 27 39,10 18 30 36 39 44 +32,2,10 39,0
709,5,13 27 29 30 34 40,10 18 30 36 39 44 +32,1,30,0
709,6,3 22 28 29 31 34,10 18 30 36 39 44 +32,0,,0
709,7,16 17 23 25 37 43,10 18 30 36 39 44 +32,0,,0
709,8,6 13 32 35 36 40,10 18 30 36 39 44 +32,1,36,0
709,9,8 9 15 32 35 43,10 18 30 36 39 44 +32,0,,0
709,10,8 18 27 29 34 39,10 18 30 36 39 44 +32,2,18 39,0
710,1,20 29 31 34 35 40,3 4 9 24 25 33 +10,0,,0
710,2,5 14 15 17 26 32,3 4 9 24 25 33 +10,0,,0
710,3,9 12 15 22 27 37,3 4 9 24 25 33 +10,1,9,0
710,4,4 6 26 30 38 41,3 4 9 24 25 33 +10,1,4,0
710,5,1 2 8 16 39 42,3 4 9 24 25 33 +10,0,,0
710,6,23 27 29 37 40 43,3 4 9 24 25 33 +10,0,,0
710,7,2 3 5 9 20 21,3 4 9 24 25 33 +10,2,3 9,0
710,8,8 17 18 19 37 42,3 4 9 24 25 33 +10,0,,0
710,9,6 15 34 39 42 44,3 4 9 24 25 33 +10,0,,0
710,10,6 14 15 19 33 38,3 4 9 24 25 33 +10,1,33,0
711,1,3 9 11 22 25 41,11 15 24 35 37 45 +42,1,11,0
711,2,1 14 18 19 26 37,11 15 24 35 37 45 +42,1,37,0
711,3,1 5 17 18 40 42,11 15 24 35 37 45 +42,0,,0
711,4,9 15 16 21 28 32,11 15 24 35 37 45 +42,1,15,0
711,5,4 16 17 21 33 34,11 15 24 35 37 45 +42,0,,0
711,6,9 11 17 28 29 35,11 15 24 35 37 45 +42,2,11 35,0
711,7,7 22 25 33 34 35,11 15 24 35 37 45 +42,1,35,0
711,8,10 12 24 32 33 42,11 15 24 35 37 45 +42,1,24,0
711,9,4 23 25 30 35 44,11 15 24 35 37 45 +42,1,35,0
711,10,4 6 8 31 33 36,11 15 24 35 37 45 +42,0,,0
712,1,3 20 21 24 28 35,17 20 30 31 33 45 +19,1,20,0
712,2,21 32 37 38 40 41,17 20 30 31 33 45 +19,0,,0
712,3,21 27 29 33 34 44,17 20 30 31 33 45 +19,1,33,0
712,4,18 26 36 38 39 44,17 20 30 31 33 45 +19,0,,0
712,5,4 11 20 22 27 34,17 20 30 31 33 45 +19,1,20,0
712,6,3 11 15 27 34 38,17 20 30 31 33 45 +19,0,,0
712,7,3 13 24 29 37 45,17 20 30 31 33 45 +19,1,45,0
712,8,6 16 17 18 24 33,17 20 30 31 33 45 +19,2,17 33,0
712,9,2 5 16 21 29 31,17 20 30 31 33 45 +19,1,31,0
712,10,4 19 23 26 31 35,17 20 30 31 33 45 +19,1,31,0
713,1,8 10 18 20 21 27,2 5 15 18 19 23 +44,1,18,0
713,2,12 14 21 28 40 44,2 5 15 18 19 23 +44,0,,0
713,3,1 30 40 41 42 45,2 5 15 18 19 23 +44,0,,0
713,4,5 6 16 25 34 35,2 5 15 18 19 23 +44,1,5,0
713,5,12 14 19 29 32 38,2 5 15 18 19 23 +44,1,19,0
713,6,7 8 9 18 23 25,2 5 15 18 19 23 +44,2,18 23,0
713,7,2 12 15 20 28 39,2 5 15 18 19 23 +44,2,2 15,0
713,8,10 18 33 34 37 42,2 5 15 18 19 23 +44,1,18,0
713,9,5 11 13 28 29 34,2 5 15 18 19 23 +44,1,5,0
713,10,16 26 27 30 34 39,2 5 15 18 19 23 +44,0,,0
714,1,2 3 14 18 23 29,1 7 22 33 37 40 +20,0,,0
714,2,1 4 7 10 16 18,1 7 22 33 37 40 +20,2,1 7,0
714,3,1 20 28 29 43 44,1 7 22 33 37 40 +20,1,1,0
714,4,3 7 16 20 25 38,1 7 22 33 37 40 +20,1,7,0
714,5,1 4 12 31 34 35,1 7 22 33 37 40 +20,1,1,0
714,6,9 11 14 16 23 34,1 7 22 33 37 40 +20,0,,0
714,7,7 8 12 22 28 40,1 7 22 33 37 40 +20,3,7 22 40,5
714,8,12 13 17 18 28 30,1 7 22 33 37 40 +20,0,,0
714,9,10 12 15 23 25 33,1 7 22 33 37 40 +20,1,33,0
714,10,13 27 28 37 39 42,1 7 22 33 37 40 +20,1,37,0
715,1,17 18 21 25 33 34,2 7 27 33 41 44 +10,1,33,0
715,2,3 4 9 16 34 36,2 7 27 33 41 44 +10,0,,0
715,3,13 15 21 27 31 39,2 7 27 33 41 44 +10,1,27,0
715,4,7 15 16 19 25 30,2 7 27 33 41 44 +10,1,7,0
715,5,8 23 27 30 34 43,2 7 27 33 41 44 +10,1,27,0
715,6,6 15 19 22 30 38,2 7 27 33 41 44 +10,0,,0
715,7,7 21 27 36 37 40,2 7 27 33 41 44 +10,2,7 27,0
715,8,9 10 22 24 26 43,2 7 27 33 41 44 +10,0,,0
715,9,8 14 20 30 35 43,2 7 27 33 41 44 +10,0,,0
715,10,1 17 24 32 34 35,2 7 27 33 41 44 +10,0,,0
716,1,10 11 29 38 42 43,2 6 13 16 29 30 +21,1,29,0
716,2,1 19 26 34 40 43,2 6 13 16 29 30 +21,0,,0
716,3,8 21 31 34 38 43,2 6 13 16 29 30 +21,0,,0
716,4,1 22 23 26 28 45,2 6 13 16 29 30 +21,0,,0
716,5,3 11 18 21 32 38,2 6 13 16 29 30 +21,0,,0
716,6,9 10 19 20 36 41,2 6 13 16 29 30 +21,0,,0
716,7,3 6 22 30 36 38,2 6 13 16 29 30 +21,2,6 30,0
716,8,7 10 16 29 40 42,2 6 13 16 29 30 +21,2,16 29,0
716,9,10 15 20 30 38 45,2 6 13 16 29 30 +21,1,30,0
716,10,3 4 13 15 22 23,2 6 13 16 29 30 +21,1,13,0
717,1,27 28 30 32 33 34,2 11 19 25 28 32 +44,2,28 32,0
717,2,3 12 24 28 31 35,2 11 19 25 28 32 +44,1,28,0
717,3,1 6 18 26 30 44,2 11 19 25 28 32 +44,0,,0
717,4,9 11 19 30 31 32,2 11 19 25 28 32 +44,3,11 19 32,5
717,5,7 10 20 34 39 45,2 11 19 25 28 32 +44,0,,0
717,6,9 16 19 21 23 27,2 11 19 25 28 32 +44,1,19,0
717,7,5 7 12 22 29 43,2 11 19 25 28 32 +44,0,,0
717,8,4 11 14 19 24 25,2 11 19 25 28 32 +44,3,11 19 25,5
717,9,23 25 29 37 41 42,2 11 19 25 28 32 +44,1,25,0
717,10,2 6 7 9 23 35,2 11 19 25 28 32 +44,1,2,0
718,1,1 7 13 17 23 33,4 11 20 23 32 39 +40,1,23,0
718,2,14 18 22 38 40 45,4 11 20 23 32 39 +40,0,,0
718,3,1 11 16 26 30 31,4 11 20 23 32 39 +40,1,11,0
718,4,2 4 6 14 39 45,4 11 20 23 32 39 +40,2,4 39,0
718,5,5 16 29 31 32 37,4 11 20 23 32 39 +40,1,32,0
718,6,1 15 22 23 35 41,4 11 20 23 32 39 +40,1,23,0
718,7,4 9 14 26 40 41,4 11 20 23 32 39 +40,1,4,0
718,8,3 9 11 32 39 43,4 11 20 23 32 39 +40,3,11 32 39,5
718,9,1 9 16 31 35 43,4 11 20 23 32 39 +40,0,,0
718,10,15 24 27 34 41 44,4 11 20 23 32 39 +40,0,,0
719,1,4 6 20 28 35 43,4 8 13 19 20 43 +26,3,4 20 43,5
719,2,10 11 18 29 30 41,4 8 13 19 20 43 +26,0,,0
719,3,9 22 26 34 39 41,4 8 13 19 20 43 +26,0,,0
719,4,6 18 19 34 41 45,4 8 13 19 20 43 +26,1,19,0
719,5,1 2 4 34 40 44,4 8 13 19 20 43 +26,1,4,0
719,6,9 12 19 22 25 31,4 8 13 19 20 43 +26,1,19,0
719,7,2 13 14 29 37 42,4 8 13 19 20 43 +26,1,13,0
719,8,10 17 24 28 33 35,4 8 13 19 20 43 +26,0,,0
719,9,4 9 13 22 32 34,4 8 13 19 20 43 +26,2,4 13,0
719,10,3 12 26 35 41 42,4 8 13 19 20 43 +26,0,,0
720,1,7 13 21 27 41 42,1 12 29 34 36 37 +41,0,,0
720,2,3 4 25 27 30 35,1 12 29 34 36 37 +41,0,,0
720,3,6 11 13 18 35 44,1 12 29 34 36 37 +41,0,,0
720,4,20 28 30 31 37 44,1 12 29 34 36 37 +41,1,37,0
720,5,5 12 15 22 24 29,1 12 29 34 36 37 +41,2,12 29,0
720,6,7 10 14 18 25 38,1 12 29 34 36 37 +41,0,,0
720,7,5 6 24 30 32 41,1 12 29 34 36 37 +41,0,,0
720,8,23 26 31 33 39 42,1 12 29 34 36 37 +41,0,,0
720,9,1 7 10 33 41 43,1 12 29 34 36 37 +41,1,1,0
720,10,15 20 23 25 39 43,1 12 29 34 36 37 +41,0,,0
721,1,5 6 16 32 36 40,1 28 35 41 43 44 +31,0,,0
721,2,7 15 20 34 36 44,1 28 35 41 43 44 +31,1,44,0
721,3,6 8 22 31 40 41,1 28 35 41 43 44 +31,1,41,0
721,4,1 18 24 26 32 39,1 28 35 41 43 44 +31,1,1,0
721,5,19 21 26 29 39 42,1 28 35 41 43 44 +31,0,,0
721,6,3 7 18 27 32 45,1 28 35 41 43 44 +31,0,,0
721,7,3 8 15 20 21 45,1 28 35 41 43 44 +31,0,,0
721,8,11 12 19 24 33 34,1 28 35 41 43 44 +31,0,,0
721,9,9 26 27 29 40 45,1 28 35 41 43 44 +31,0,,0
721,10,2 7 10 19 35 45,1 28 35 41 43 44 +31,1,35,0
722,1,2 13 28 33 40 44,12 14 21 30 39 43 +45,0,,0
722,2,11 15 29 34 36 40,12 14 21 30 39 43 +45,0,,0
722,3,19 21 26 27 28 38,12 14 21 30 39 43 +45,1,21,0
722,4,3 20 27 30 41 43,12 14 21 30 39 43 +45,2,30 43,0
722,5,6 9 16 34 39 42,12 14 21 30 39 43 +45,1,39,0
722,6,3 6 33 35 38 44,12 14 21 30 39 43 +45,0,,0
722,7,6 18 19 27 31 36,12 14 21 30 39 43 +45,0,,0
722,8,14 18 19 23 30 41,12 14 21 30 39 43 +45,2,14 30,0
722,9,4 6 7 15 31 41,12 14 21 30 39 43 +45,0,,0
722,10,10 12 15 33 43 45,12 14 21 30 39 43 +45,2,12 43,0
723,1,10 25 26 27 34 35,20 30 33 35 36 44 +22,1,35,0
723,2,5 9 14 21 29 37,20 30 33 35 36 44 +22,0,,0
723,3,2 9 13 23 28 38,20 30 33 35 36 44 +22,0,,0
723,4,6 30 33 39 41 45,20 30 33 35 36 44 +22,2,30 33,0
723,5,7 9 17 18 19 39,20 30 33 35 36 44 +22,0,,0
723,6,3 17 19 21 31 32,20 30 33 35 36 44 +22,0,,0
723,7,3 14 17 23 25 34,20 30 33 35 36 44 +22,0,,0
723,8,3 16 23 43 44 45,20 30 33 35 36 44 +22,1,44,0
723,9,4 13 22 36 43 45,20 30 33 35 36 44 +22,1,36,0
723,10,13 20 27 29 35 39,20 30 33 35 36 44 +22,2,20 35,0
724,1,9 16 33 35 40 41,2 8 33 35 37 41 +14,3,33 35 41,5
724,2,9 25 29 31 33 37,2 8 33 35 37 41 +14,2,33 37,0
724,3,3 8 13 17 25 30,2 8 33 35 37 41 +14,1,8,0
724,4,4 13 14 24 33 36,2 8 33 35 37 41 +14,1,33,0
724,5,11 22 26 29 38 41,2 8 33 35 37 41 +14,1,41,0
724,6,5 8 28 29 43 45,2 8 33 35 37 41 +14,1,8,0
724,7,18 19 26 31 38 45,2 8 33 35 37 41 +14,0,,0
724,8,5 8 20 26 34 36,2 8 33 35 37 41 +14,1,8,0
724,9,5 11 29 32 40 44,2 8 33 35 37 41 +14,0,,0
724,10,2 16 27 30 39 41,2 8 33 35 37 41 +14,2,2 41,0
725,1,7 9 13 25 27 28,6 7 19 21 41 43 +38,1,7,0
725,2,10 11 17 18 41 44,6 7 19 21 41 43 +38,1,41,0
725,3,3 12 13 19 29 44,6 7 19 21 41 43 +38,1,19,0
725,4,2 7 29 30 35 45,6 7 19 21 41 43 +38,1,7,0
725,5,9 17 18 29 36 41,6 7 19 21 41 43 +38,1,41,0
725,6,2 15 16 30 31 39,6 7 19 21 41 43 +38,0,,0
725,7,1 7 16 24 41 44,6 7 19 21 41 43 +38,2,7 41,0
725,8,7 16 23 28 32 35,6 7 19 21 41 43 +38,1,7,0
725,9,7 9 17 18 25 39,6 7 19 21 41 43 +38,1,7,0
725,10,3 8 17 21 26 28,6 7 19 21 41 43 +38,1,21,0
726,1,16 19 23 25 28 44,1 11 21 23 34 44 +24,2,23 44,0
726,2,2 3 7 15 26 44,1 11 21 23 34 44 +24,1,44,0
726,3,1 2 11 26 31 39,1 11 21 23 34 44 +24,2,1 11,0
726,4,2 12 14 24 28 45,1 11 21 23 34 44 +24,0,,0
726,5,4 8 14 15 17 27,1 11 21 23 34 44 +24,0,,0
726,6,15 20 23 32 38 40,1 11 21 23 34 44 +24,1,23,0
726,7,23 24 26 30 31 40,1 11 21 23 34 44 +24,1,23,0
726,8,13 21 26 31 32 42,1 11 21 23 34 44 +24,1,21,0
726,9,5 8 30 39 43 45,1 11 21 23 34 44 +24,0,,0
726,10,9 15 16 27 39 40,1 11 21 23 34 44 +24,0,,0
727,1,4 6 11 22 41 45,7 8 10 19 21 31 +20,0,,0
727,2,10 15 17 27 37 40,7 8 10 19 21 31 +20,1,10,0
727,3,8 12 26 31 38 41,7 8 10 19 21 31 +20,2,8 31,0
727,4,2 14 21 24 34 41,7 8 10 19 21 31 +20,1,21,0
727,5,7 8 9 20 31 33,7 8 10 19 21 31 +20,3,7 8 31,5
727,6,5 19 28 30 33 37,7 8 10 19 21 31 +20,1,19,0
727,7,2 9 12 13 25 31,7 8 10 19 21 31 +20,1,31,0
727,8,1 6 9 14 20 32,7 8 10 19 21 31 +20,0,,0
727,9,15 20 28 32 41 43,7 8 10 19 21 31 +20,0,,0
727,10,11 22 35 37 42 44,7 8 10 19 21 31 +20,0,,0
728,1,8 14 24 29 36 44,3 6 10 30 34 37 +36,0,,0
728,2,2 5 14 19 21 39,3 6 10 30 34 37 +36,0,,0
728,3,6 10 19 28 43 44,3 6 10 30 34 37 +36,2,6 10,0
728,4,6 15 25 26 40 44,3 6 10 30 34 37 +36,1,6,0
728,5,10 32 33 36 38 43,3 6 10 30 34 37 +36,1,10,0
728,6,16 25 26 29 41 42,3 6 10 30 34 37 +36,0,,0
728,7,14 15 19 21 24 45,3 6 10 30 34 37 +36,0,,0
728,8,8 10 25 42 44 45,3 6 10 30 34 37 +36,1,10,0
728,9,5 14 27 36 37 41,3 6 10 30 34 37 +36,1,37,0
728,10,2 12 17 23 31 40,3 6 10 30 34 37 +36,0,,0
729,1,2 13 14 18 36 42,11 17 21 26 36 45 +16,1,36,0
729,2,1 5 9 11 31 45,11 17 21 26 36 45 +16,2,11 45,0
729,3,5 17 23 24 35 40,11 17 21 26 36 45 +16,1,17,0
729,4,7 9 15 25 34 42,11 17 21 26 36 45 +16,0,,0
729,5,4 7 12 30 33 43,11 17 21 26 36 45 +16,0,,0
729,6,4 7 12 13 32 35,11 17 21 26 36 45 +16,0,,0
729,7,7 10 15 21 29 39,11 17 21 26 36 45 +16,1,21,0
729,8,1 2 19 34 38 40,11 17 21 26 36 45 +16,0,,0
729,9,1 20 22 38 42 45,11 17 21 26 36 45 +16,1,45,0
729,10,8 9 15 17 26 36,11 17 21 26 36 45 +16,3,17 26 36,5
730,1,3 9 14 15 17 18,4 10 14 15 18 22 +39,3,14 15 18,5
730,2,6 13 25 28 29 44,4 10 14 15 18 22 +39,0,,0
730,3,6 7 11 29 39 44,4 10 14 15 18 22 +39,0,,0
730,4,3 9 30 36 38 43,4 10 14 15 18 22 +39,0,,0
730,5,1 15 20 25 30 44,4 10 14 15 18 22 +39,1,15,0
730,6,8 9 16 22 33 38,4 10 14 15 18 22 +39,1,22,0
730,7,3 18 27 28 30 36,4 10 14 15 18 22 +39,1,18,0
730,8,15 18 22 24 28 36,4 10 14 15 18 22 +39,3,15 18 22,5
730,9,13 14 19 22 30 42,4 10 14 15 18 22 +39,2,14 22,0
730,10,2 3 13 33 38 43,4 10 14 15 18 22 +39,0,,0
731,1,12 19 20 33 40 44,2 7 13 25 42 45 +39,0,,0
731,2,4 7 16 23 25 37,2 7 13 25 42 45 +39,2,7 25,0
731,3,10 19 25 31 40 41,2 7 13 25 42 45 +39,1,25,0
731,4,16 28 36 42 44 45,2 7 13 25 42 45 +39,2,42 45,0
731,5,1 23 27 39 42 44,2 7 13 25 42 45 +39,1,42,0
731,6,2 5 7 15 20 24,2 7 13 25 42 45 +39,2,2 7,0
731,7,2 12 14 23 34 41,2 7 13 25 42 45 +39,1,2,0
731,8,7 15 26 28 40 43,2 7 13 25 42 45 +39,1,7,0
731,9,3 6 10 18 38 45,2 7 13 25 42 45 +39,1,45,0
731,10,7 10 18 23 36 44,2 7 13 25 42 45 +39,1,7,0
732,1,8 13 20 23 38 45,2 4 5 17 27 32 +43,0,,0
732,2,2 8 12 19 23 43,2 4 5 17 27 32 +43,1,2,0
732,3,6 20 24 26 31 37,2 4 5 17 27 32 +43,0,,0
732,4,11 12 13 16 17 42,2 4 5 17 27 32 +43,1,17,0
732,5,7 8 17 18 24 32,2 4 5 17 27 32 +43,2,17 32,0
732,6,8 25 33 37 42 44,2 4 5 17 27 32 +43,0,,0
732,7,2 3 5 33 37 39,2 4 5 17 27 32 +43,2,2 5,0
732,8,2 11 29 31 38 42,2 4 5 17 27 32 +43,1,2,0
732,9,6 10 15 17 21 25,2 4 5 17 27 32 +43,1,17,0
732,10,5 10 20 30 32 39,2 4 5 17 27 32 +43,2,5 32,0
733,1,8 16 24 30 31 42,11 24 32 33 35 40 +13,1,24,0
733,2,1 7 11 12 29 31,11 24 32 33 35 40 +13,1,11,0
733,3,1 16 18 30 36 37,11 24 32 33 35 40 +13,0,,0
733,4,3 7 15 25 29 33,11 24 32 33 35 40 +13,1,33,0
733,5,8 21 26 29 39 40,11 24 32 33 35 40 +13,1,40,0
733,6,1 16 27 41 42 44,11 24 32 33 35 40 +13,0,,0
733,7,1 17 24 26 34 43,11 24 32 33 35 40 +13,1,24,0
733,8,7 10 14 15 23 28,11 24 32 33 35 40 +13,0,,0
733,9,13 16 21 29 34 41,11 24 32 33 35 40 +13,0,,0
733,10,10 16 21 27 32 36,11 24 32 33 35 40 +13,1,32,0
734,1,3 7 8 26 27 44,6 16 37 38 41 45 +18,0,,0
734,2,5 8 15 18 25 33,6 16 37 38 41 45 +18,0,,0
734,3,5 9 12 22 34 45,6 16 37 38 41 45 +18,1,45,0
734,4,12 17 18 20 27 41,6 16 37 38 41 45 +18,1,41,0
734,5,6 13 33 37 42 45,6 16 37 38 41 45 +18,3,6 37 45,5
734,6,1 5 12 29 39 45,6 16 37 38 41 45 +18,1,45,0
734,7,6 10 17 37 38 45,6 16 37 38 41 45 +18,4,6 37 38 45,4
734,8,6 11 13 15 24 30,6 16 37 38 41 45 +18,1,6,0
734,9,10 20 27 29 38 44,6 16 37 38 41 45 +18,1,38,0
734,10,2 4 7 23 24 35,6 16 37 38 41 45 +18,0,,0
735,1,2 6 10 23 28 32,5 10 13 27 37 41 +4,1,10,0
735,2,3 14 15 17 23 29,5 10 13 27 37 41 +4,0,,0
735,3,4 14 27 28 38 43,5 10 13 27 37 41 +4,1,27,0
735,4,2 4 14 32 39 45,5 10 13 27 37 41 +4,0,,0
735,5,16 21 22 23 36 40,5 10 13 27 37 41 +4,0,,0
735,6,1 10 13 28 35 45,5 10 13 27 37 41 +4,2,10 13,0
735,7,5 10 14 17 32 39,5 10 13 27 37 41 +4,2,5 10,0
735,8,1 11 12 18 22 34,5 10 13 27 37 41 +4,0,,0
735,9,12 23 24 26 32 43,5 10 13 27 37 41 +4,0,,0
735,10,9 16 20 25 30 45,5 10 13 27 37 41 +4,0,,0
736,1,2 6 8 10 13 19,2 11 17 18 21 27 +6,1,2,0
736,2,2 16 31 32 33 45,2 11 17 18 21 27 +6,1,2,0
736,3,11 24 30 34 37 41,2 11 17 18 21 27 +6,1,11,0
736,4,2 4 8 15 22 28,2 11 17 18 21 27 +6,1,2,0
736,5,13 28 29 40 41 44,2 11 17 18 21 27 +6,0,,0
736,6,2 12 15 32 35 37,2 11 17 18 21 27 +6,1,2,0
736,7,6 13 18 31 32 44,2 11 17 18 21 27 +6,1,18,0
736,8,1 19 25 36 42 44,2 11 17 18 21 27 +6,0,,0
736,9,14 17 20 32 34 42,2 11 17 18 21 27 +6,1,17,0
736,10,5 9 13 29 30 37,2 11 17 18 21 27 +6,0,,0
737,1,3 10 15 17 20 29,13 15 18 24 27 41 +11,1,15,0
737,2,12 18 20 26 33 34,13 15 18 24 27 41 +11,1,18,0
737,3,5 10 17 40 41 44,13 15 18 24 27 41 +11,1,41,0
737,4,3 26 35 38 39 40,13 15 18 24 27 41 +11,0,,0
737,5,3 18 20 33 40 45,13 15 18 24 27 41 +11,1,18,0
737,6,5 21 27 30 36 45,13 15 18 24 27 41 +11,1,27,0
737,7,13 16 21 31 38 41,13 15 18 24 27 41 +11,2,13 41,0
737,8,9 15 16 25 35 39,13 15 18 24 27 41 +11,1,15,0
737,9,14 17 26 30 39 40,13 15 18 24 27 41 +11,0,,0
737,10,26 29 31 32 36 37,13 15 18 24 27 41 +11,0,,0
738,1,2 9 18 29 30 41,23 27 28 38 42 43 +36,0,,0
738,2,3 10 26 27 31 36,23 27 28 38 42 43 +36,1,27,0
738,3,3 5 13 14 43 45,23 27 28 38 42 43 +36,1,43,0
738,4,12 19 20 22 24 36,23 27 28 38 42 43 +36,0,,0
738,5,2 5 27 31 33 44,23 27 28 38 42 43 +36,1,27,0
738,6,5 11 12 24 29 32,23 27 28 38 42 43 +36,0,,0
738,7,3 8 24 30 35 43,23 27 28 38 42 43 +36,1,43,0
738,8,7 10 14 21 32 37,23 27 28 38 42 43 +36,0,,0
738,9,4 10 18 33 34 42,23 27 28 38 42 43 +36,1,42,0
738,10,16 17 19 31 33 41,23 27 28 38 42 43 +36,0,,0
739,1,21 27 33 40 41 43,7 22 29 33 34 35 +30,1,33,0
739,2,7 13 18 19 36 37,7 22 29 33 34 35 +30,1,7,0
739,3,1 2 12 20 24 33,7 22 29 33 34 35 +30,1,33,0
739,4,4 12 16 39 40 45,7 22 29 33 34 35 +30,0,,0
739,5,11 24 28 34 35 36,7 22 29 33 34 35 +30,2,34 35,0
739,6,5 10 13 31 40 44,7 22 29 33 34 35 +30,0,,0
739,7,3 11 29 30 33 38,7 22 29 33 34 35 +30,2,29 33,0
739,8,5 8 10 17 23 41,7 22 29 33 34 35 +30,0,,0
739,9,2 4 7 20 34 38,7 22 29 33 34 35 +30,2,7 34,0
739,10,12 14 19 25 26 40,7 22 29 33 34 35 +30,0,,0
740,1,12 27 30 35 41 42,4 8 9 16 17 19 +31,0,,0
740,2,2 7 8 13 19 30,4 8 9 16 17 19 +31,2,8 19,0
740,3,3 8 15 26 42 45,4 8 9 16 17 19 +31,1,8,0
740,4,4 7 8 13 17 21,4 8 9 16 17 19 +31,3,4 8 17,5
740,5,6 11 12 17 25 36,4 8 9 16 17 19 +31,1,17,0
740,6,3 6 11 12 35 43,4 8 9 16 17 19 +31,0,,0
740,7,2 9 19 22 29 30,4 8 9 16 17 19 +31,2,9 19,0
740,8,8 10 14 33 37 43,4 8 9 16 17 19 +31,1,8,0
740,9,3 8 11 22 24 39,4 8 9 16 17 19 +31,1,8,0
740,10,4 8 18 23 30 39,4 8 9 16 17 19 +31,2,4 8,0
741,1,2 10 14 25 35 45,5 21 27 34 44 45 +16,1,45,0
741,2,8 17 22 36 38 45,5 21 27 34 44 45 +16,1,45,0
741,3,3 10 21 34 38 45,5 21 27 34 44 45 +16,3,21 34 45,5
741,4,8 13 19 22 23 35,5 21 27 34 44 45 +16,0,,0
741,5,2 8 10 30 34 43,5 21 27 34 44 45 +16,1,34,0
741,6,8 9 18 31 36 44,5 21 27 34 44 45 +16,1,44,0
741,7,9 17 18 19 40 41,5 21 27 34 44 45 +16,0,,0
741,8,3 26 29 35 36 42,5 21 27 34 44 45 +16,0,,0
741,9,7 17 25 28 37 39,5 21 27 34 44 45 +16,0,,0
741,10,5 11 14 15 27 28,5 21 27 34 44 45 +16,2,5 27,0
742,1,8 19 28 32 34 35,8 10 13 36 37 40 +6,1,8,0
742,2,1 4 12 13 16 32,8 10 13 36 37 40 +6,1,13,0
742,3,1 14 21 23 36 37,8 10 13 36 37 40 +6,2,36 37,0
742,4,5 9 18 34 37 43,8 10 13 36 37 40 +6,1,37,0
742,5,10 18 22 27 34 40,8 10 13 36 37 40 +6,2,10 40,0
742,6,7 8 21 39 40 42,8 10 13 36 37 40 +6,2,8 40,0
742,7,4 18 21 39 41 43,8 10 13 36 37 40 +6,0,,0
742,8,7 24 33 34 37 44,8 10 13 36 37 40 +6,1,37,0
742,9,3 14 22 37 43 44,8 10 13 36 37 40 +6,1,37,0
742,10,1 12 14 16 26 30,8 10 13 36 37 40 +6,0,,0
743,1,1 7 11 17 28 43,15 19 21 34 41 44 +10,0,,0
743,2,2 11 19 29 37 45,15 19 21 34 41 44 +10,1,19,0
743,3,10 13 15 27 37 38,15 19 21 34 41 44 +10,1,15,0
743,4,6 9 10 16 19 43,15 19 21 34 41 44 +10,1,19,0
743,5,3 16 21 32 35 42,15 19 21 34 41 44 +10,1,21,0
743,6,4 8 30 34 41 45,15 19 21 34 41 44 +10,2,34 41,0
743,7,19 27 30 32 41 45,15 19 21 34 41 44 +10,2,19 41,0
743,8,9 11 16 18 23 38,15 19 21 34 41 44 +10,0,,0
743,9,27 31 35 37 39 45,15 19 21 34 41 44 +10,0,,0
743,10,1 14 16 17 34 41,15 19 21 34 41 44 +10,2,34 41,0
744,1,15 24 27 30 35 37,10 15 18 21 34 41 +43,1,15,0
744,2,3 16 26 30 43 45,10 15 18 21 34 41 +43,0,,0
744,3,6 15 26 27 31 40,10 15 18 21 34 41 +43,1,15,0
744,4,5 8 12 37 38 41,10 15 18 21 34 41 +43,1,41,0
744,5,3 17 24 30 33 44,10 15 18 21 34 41 +43,0,,0
744,6,11 13 16 20 22 38,10 15 18 21 34 41 +43,0,,0
744,7,1 15 28 32 34 37,10 15 18 21 34 41 +43,2,15 34,0
744,8,9 18 19 29 42 45,10 15 18 21 34 41 +43,1,18,0
744,9,4 9 18 29 33 42,10 15 18 21 34 41 +43,1,18,0
744,10,5 7 10 11 31 40,10 15 18 21 34 41 +43,1,10,0
745,1,1 10 13 34 39 41,1 2 3 9 12 23 +10,1,1,0
745,2,7 8 16 34 38 41,1 2 3 9 12 23 +10,0,,0
745,3,10 13 16 23 27 40,1 2 3 9 12 23 +10,1,23,0
745,4,6 15 22 27 31 40,1 2 3 9 12 23 +10,0,,0
745,5,10 18 21 24 27 32,1 2 3 9 12 23 +10,0,,0
745,6,11 19 21 39 41 43,1 2 3 9 12 23 +10,0,,0
745,7,3 6 17 24 39 41,1 2 3 9 12 23 +10,1,3,0
745,8,15 16 18 20 31 33,1 2 3 9 12 23 +10,0,,0
745,9,2 4 6 11 21 28,1 2 3 9 12 23 +10,1,2,0
745,10,5 6 17 22 27 38,1 2 3 9 12 23 +10,0,,0
746,1,11 15 28 30 33 43,3 12 33 36 42 45 +25,1,33,0
746,2,5 6 14 17 22 39,3 12 33 36 42 45 +25,0,,0
746,3,17 24 31 40 41 45,3 12 33 36 42 45 +25,1,45,0
746,4,3 9 11 12 17 37,3 12 33 36 42 45 +25,2,3 12,0
746,5,1 6 11 13 34 42,3 12 33 36 42 45 +25,1,42,0
746,6,9 15 19 25 39 40,3 12 33 36 42 45 +25,0,,0
746,7,5 16 22 32 38 40,3 12 33 36 42 45 +25,0,,0
746,8,4 24 35 36 38 41,3 12 33 36 42 45 +25,1,36,0
746,9,10 23 27 28 43 44,3 12 33 36 42 45 +25,0,,0
746,10,5 29 32 37 40 42,3 12 33 36 42 45 +25,1,42,0
747,1,4 6 15 43 44 45,7 9 12 14 23 28 +17,0,,0
747,2,10 19 21 31 32 44,7 9 12 14 23 28 +17,0,,0
747,3,6 8 9 19 24 26,7 9 12 14 23 28 +17,1,9,0
747,4,9 18 20 21 25 26,7 9 12 14 23 28 +17,1,9,0
747,5,3 6 10 18 43 45,7 9 12 14 23 28 +17,0,,0
747,6,7 23 24 34 36 38,7 9 12 14 23 28 +17,2,7 23,0
747,7,2 30 33 37 41 42,7 9 12 14 23 28 +17,0,,0
747,8,8 12 28 33 37 44,7 9 12 14 23 28 +17,2,12 28,0
747,9,6 10 19 23 34 40,7 9 12 14 23 28 +17,1,23,0
747,10,9 10 14 18 25 34,7 9 12 14 23 28 +17,2,9 14,0
748,1,1 23 29 30 31 40,3 10 13 22 31 32 +29,1,31,0
748,2,15 18 22 26 30 39,3 10 13 22 31 32 +29,1,22,0
748,3,3 4 7 18 21 33,3 10 13 22 31 32 +29,1,3,0
748,4,1 11 17 18 19 23,3 10 13 22 31 32 +29,0,,0
748,5,1 5 6 31 41 42,3 10 13 22 31 32 +29,1,31,0
748,6,2 7 14 15 20 22,3 10 13 22 31 32 +29,1,22,0
748,7,6 7 12 19 23 36,3 10 13 22 31 32 +29,0,,0
748,8,5 21 28 34 38 43,3 10 13 22 31 32 +29,0,,0
748,9,2 15 18 22 24 27,3 10 13 22 31 32 +29,1,22,0
748,10,2 15 18 35 36 44,3 10 13 22 31 32 +29,0,,0
749,1,12 18 20 21 29 32,12 14 24 26 34 45 +41,1,12,0
749,2,1 12 21 22 26 35,12 14 24 26 34 45 +41,2,12 26,0
749,3,2 6 22 30 33 41,12 14 24 26 34 45 +41,0,,0
749,4,10 11 16 25 30 41,12 14 24 26 34 45 +41,0,,0
749,5,12 14 19 27 32 38,12 14 24 26 34 45 +41,2,12 14,0
749,6,3 10 13 28 36 39,12 14 24 26 34 45 +41,0,,0
749,7,12 16 17 29 36 42,12 14 24 26 34 45 +41,1,12,0
749,8,12 15 28 30 37 43,12 14 24 26 34 45 +41,1,12,0
749,9,4 6 7 28 39 42,12 14 24 26 34 45 +41,0,,0
749,10,4 11 21 27 31 40,12 14 24 26 34 45 +41,0,,0
750,1,10 22 25 26 34 35,1 2 15 19 24 36 +12,0,,0
750,2,1 15 18 21 23 40,1 2 15 19 24 36 +12,2,1 15,0
750,3,4 8 11 17 20 23,1 2 15 19 24 36 +12,0,,0
750,4,7 16 18 38 39 42,1 2 15 19 24 36 +12,0,,0
750,5,3 6 7 10 22 34,1 2 15 19 24 36 +12,0,,0
750,6,2 11 18 23 29 45,1 2 15 19 24 36 +12,1,2,0
750,7,4 6 34 39 40 41,1 2 15 19 24 36 +12,0,,0
750,8,6 25 26 28 36 42,1 2 15 19 24 36 +12,1,36,0
750,9,13 31 33 35 43 44,1 2 15 19 24 36 +12,0,,0
750,10,4 6 7 16 36 43,1 2 15 19 24 36 +12,1,36,0
751,1,6 12 13 15 17 27,3 4 16 20 28 44 +17,0,,0
751,2,3 8 29 37 42 45,3 4 16 20 28 44 +17,1,3,0
751,3,18 26 37 38 42 43,3 4 16 20 28 44 +17,0,,0
751,4,11 15 25 30 34 37,3 4 16 20 28 44 +17,0,,0
751,5,3 9 19 25 29 45,3 4 16 20 28 44 +17,1,3,0
751,6,6 11 13 17 44 45,3 4 16 20 28 44 +17,1,44,0
751,7,10 15 23 29 34 40,3 4 16 20 28 44 +17,0,,0
751,8,5 10 16 27 29 36,3 4 16 20 28 44 +17,1,16,0
751,9,2 11 41 43 44 45,3 4 16 20 28 44 +17,1,44,0
751,10,11 21 30 31 33 40,3 4 16 20 28 44 +17,0,,0
752,1,2 28 30 33 41 44,4 16 20 33 40 43 +7,1,33,0
752,2,3 18 22 35 39 45,4 16 20 33 40 43 +7,0,,0
752,3,3 12 18 24 26 35,4 16 20 33 40 43 +7,0,,0
752,4,1 3 11 12 17 34,4 16 20 33 40 43 +7,0,,0
752,5,11 15 19 23 26 35,4 16 20 33 40 43 +7,0,,0
752,6,9 10 11 18 41 42,4 16 20 33 40 43 +7,0,,0
752,7,3 19 21 23 25 42,4 16 20 33 40 43 +7,0,,0
752,8,5 8 31 32 38 40,4 16 20 33 40 43 +7,1,40,0
752,9,7 8 30 32 42 44,4 16 20 33 40 43 +7,0,,0
752,10,4 16 24 27 37 38,4 16 20 33 40 43 +7,2,4 16,0
753,1,12 18 21 23 36 41,2 17 19 24 37 41 +3,1,41,0
753,2,5 9 10 29 35 38,2 17 19 24 37 41 +3,0,,0
753,3,6 24 28 33 38 43,2 17 19 24 37 41 +3,1,24,0
753,4,5 17 27 29 30 33,2 17 19 24 37 41 +3,1,17,0
753,5,13 16 19 24 32 36,2 17 19 24 37 41 +3,2,19 24,0
753,6,1 16 26 28 41 44,2 17 19 24 37 41 +3,1,41,0
753,7,10 12 15 20 23 30,2 17 19 24 37 41 +3,0,,0
753,8,10 17 31 33 37 41,2 17 19 24 37 41 +3,3,17 37 41,5
753,9,1 9 29 36 38 42,2 17 19 24 37 41 +3,0,,0
753,10,4 11 21 31 36 39,2 17 19 24 37 41 +3,0,,0
754,1,5 19 29 35 38 40,2 8 17 24 29 31 +32,1,29,0
754,2,1 11 24 40 41 42,2 8 17 24 29 31 +32,1,24,0
754,3,7 9 10 19 25 29,2 8 17 24 29 31 +32,1,29,0
754,4,3 7 13 17 27 43,2 8 17 24 29 31 +32,1,17,0
754,5,3 5 25 36 44 45,2 8 17 24 29 31 +32,0,,0
754,6,2 8 22 25 43 44,2 8 17 24 29 31 +32,2,2 8,0
754,7,8 20 25 35 44 45,2 8 17 24 29 31 +32,1,8,0
754,8,10 16 20 28 33 44,2 8 17 24 29 31 +32,0,,0
754,9,21 23 28 29 44 45,2 8 17 24 29 31 +32,1,29,0
754,10,7 17 24 26 31 45,2 8 17 24 29 31 +32,3,17 24 31,5
755,1,1 6 31 32 39 44,13 14 26 28 30 36 +37,0,,0
755,2,4 5 23 26 30 38,13 14 26 28 30 36 +37,2,26 30,0
755,3,11 17 26 33 40 45,13 14 26 28 30 36 +37,1,26,0
755,4,1 19 21 41 43 44,13 14 26 28 30 36 +37,0,,0
755,5,8 15 20 23 32 45,13 14 26 28 30 36 +37,0,,0
755,6,24 27 28 30 44 45,13 14 26 28 30 36 +37,2,28 30,0
755,7,1 15 18 27 33 38,13 14 26 28 30 36 +37,0,,0
755,8,1 3 18 23 25 36,13 14 26 28 30 36 +37,1,36,0
755,9,2 9 10 15 20 27,13 14 26 28 30 36 +37,0,,0
755,10,1 12 13 23 29 43,13 14 26 28 30 36 +37,1,13,0
756,1,1 6 31 35 43 45,10 14 16 18 27 28 +4,0,,0
756,2,2 9 15 19 27 42,10 14 16 18 27 28 +4,1,27,0
756,3,5 8 9 18 30 35,10 14 16 18 27 28 +4,1,18,0
756,4,7 25 28 32 35 44,10 14 16 18 27 28 +4,1,28,0
756,5,2 3 24 28 37 44,10 14 16 18 27 28 +4,1,28,0
756,6,4 8 32 34 37 41,10 14 16 18 27 28 +4,0,,0
756,7,9 17 19 21 23 36,10 14 16 18 27 28 +4,0,,0
756,8,1 6 23 38 44 45,10 14 16 18 27 28 +4,0,,0
756,9,6 15 23 31 35 44,10 14 16 18 27 28 +4,0,,0
756,10,1 5 6 12 18 43,10 14 16 18 27 28 +4,1,18,0
757,1,5 20 21 26 28 33,6 7 11 17 33 44 +1,1,33,0
757,2,7 17 32 33 36 37,6 7 11 17 33 44 +1,3,7 17 33,5
757,3,3 4 10 18 30 44,6 7 11 17 33 44 +1,1,44,0
757,4,10 14 16 18 19 45,6 7 11 17 33 44 +1,0,,0
757,5,6 16 20 30 36 45,6 7 11 17 33 44 +1,1,6,0
757,6,2 3 21 22 23 44,6 7 11 17 33 44 +1,1,44,0
757,7,7 11 31 36 37 43,6 7 11 17 33 44 +1,2,7 11,0
757,8,4 13 20 21 43 45,6 7 11 17 33 44 +1,0,,0
757,9,1 6 9 20 27 38,6 7 11 17 33 44 +1,1,6,0
757,10,13 16 18 21 29 39,6 7 11 17 33 44 +1,0,,0
758,1,15 18 25 31 32 34,5 9 12 30 39 43 +24,0,,0
758,2,6 7 21 34 43 45,5 9 12 30 39 43 +24,1,43,0
758,3,4 20 25 26 37 45,5 9 12 30 39 43 +24,0,,0
758,4,3 6 12 15 42 44,5 9 12 30 39 43 +24,1,12,0
758,5,7 9 19 22 26 33,5 9 12 30 39 43 +24,1,9,0
758,6,14 17 28 30 36 42,5 9 12 30 39 43 +24,1,30,0
758,7,6 12 20 39 40 41,5 9 12 30 39 43 +24,2,12 39,0
758,8,8 11 14 29 39 43,5 9 12 30 39 43 +24,2,39 43,0
758,9,2 4 8 21 24 25,5 9 12 30 39 43 +24,0,,0
758,10,19 22 28 40 41 42,5 9 12 30 39 43 +24,0,,0
759,1,8 13 16 23 37 39,9 33 36 40 42 43 +32,0,,0
759,2,9 10 12 16 21 33,9 33 36 40 42 43 +32,2,9 33,0
759,3,5 9 10 32 34 38,9 33 36 40 42 43 +32,1,9,0
759,4,14 17 29 34 35 41,9 33 36 40 42 43 +32,0,,0
759,5,16 27 31 33 36 37,9 33 36 40 42 43 +32,2,33 36,0
759,6,5 9 13 26 31 45,9 33 36 40 42 43 +32,1,9,0
759,7,13 25 28 30 36 45,9 33 36 40 42 43 +32,1,36,0
759,8,10 14 23 25 30 33,9 33 36 40 42 43 +32,1,33,0
759,9,6 13 26 39 41 45,9 33 36 40 42 43 +32,0,,0
759,10,3 14 24 30 43 44,9 33 36 40 42 43 +32,1,43,0
760,1,4 5 23 24 29 35,10 22 27 31 42 43 +12,0,,0
760,2,3 15 27 40 43 45,10 22 27 31 42 43 +12,2,27 43,0
760,3,1 3 15 18 31 42,10 22 27 31 42 43 +12,2,31 42,0
760,4,2 13 25 26 35 40,10 22 27 31 42 43 +12,0,,0
760,5,2 14 17 29 31 42,10 22 27 31 42 43 +12,2,31 42,0
760,6,3 11 30 39 40 45,10 22 27 31 42 43 +12,0,,0
760,7,1 9 10 11 20 45,10 22 27 31 42 43 +12,1,10,0
760,8,4 8 27 34 40 45,10 22 27 31 42 43 +12,1,27,0
760,9,3 5 12 21 30 35,10 22 27 31 42 43 +12,0,,0
760,10,14 15 19 28 36 45,10 22 27 31 42 43 +12,0,,0
761,1,2 4 5 26 33 34,4 7 11 24 42 45 +30,1,4,0
761,2,6 15 17 24 29 41,4 7 11 24 42 45 +30,1,24,0
761,3,12 19 34 36 38 43,4 7 11 24 42 45 +30,0,,0
761,4,9 10 12 25 35 43,4 7 11 24 42 45 +30,0,,0
761,5,9 11 18 21 40 41,4 7 11 24 42 45 +30,1,11,0
761,6,10 17 21 23 24 41,4 7 11 24 42 45 +30,1,24,0
761,7,2 14 22 25 30 45,4 7 11 24 42 45 +30,1,45,0
761,8,5 9 16 22 23 36,4 7 11 24 42 45 +30,0,,0
761,9,12 15 17 20 24 36,4 7 11 24 42 45 +30,1,24,0
761,10,8 15 22 42 43 45,4 7 11 24 42 45 +30,2,42 45,0
762,1,2 10 11 12 39 45,1 3 12 21 26 41 +16,1,12,0
762,2,1 2 23 29 39 41,1 3 12 21 26 41 +16,2,1 41,0
762,3,3 6 15 27 39 41,1 3 12 21 26 41 +16,2,3 41,0
762,4,7 10 11 35 41 42,1 3 12 21 26 41 +16,1,41,0
762,5,16 27 33 34 40 41,1 3 12 21 26 41 +16,1,41,0
762,6,6 21 22 28 30 35,1 3 12 21 26 41 +16,1,21,0
762,7,1 13 17 29 30 31,1 3 12 21 26 41 +16,1,1,0
762,8,1 25 28 32 34 45,1 3 12 21 26 41 +16,1,1,0
762,9,3 11 14 21 30 31,1 3 12 21 26 41 +16,2,3 21,0
762,10,19 26 30 31 34 43,1 3 12 21 26 41 +16,1,26,0
763,1,7 14 15 16 19 36,3 8 16 32 34 43 +10,1,16,0
763,2,8 12 13 18 34 41,3 8 16 32 34 43 +10,2,8 34,0
763,3,6 12 23 30 43 45,3 8 16 32 34 43 +10,1,43,0
763,4,5 9 12 14 26 32,3 8 16 32 34 43 +10,1,32,0
763,5,2 11 21 23 25 30,3 8 16 32 34 43 +10,0,,0
763,6,17 18 30 31 34 39,3 8 16 32 34 43 +10,1,34,0
763,7,1 5 29 36 40 45,3 8 16 32 34 43 +10,0,,0
763,8,6 15 24 30 31 35,3 8 16 32 34 43 +10,0,,0
763,9,7 16 25 26 27 30,3 8 16 32 34 43 +10,1,16,0
763,10,1 3 14 15 41 42,3 8 16 32 34 43 +10,1,3,0
764,1,1 12 17 26 27 44,7 22 24 31 34 36 +15,0,,0
764,2,5 9 20 23 28 36,7 22 24 31 34 36 +15,1,36,0
764,3,19 20 28 39 44 45,7 22 24 31 34 36 +15,0,,0
764,4,3 13 16 25 26 33,7 22 24 31 34 36 +15,0,,0
764,5,3 4 5 6 28 41,7 22 24 31 34 36 +15,0,,0
764,6,4 5 18 20 30 31,7 22 24 31 34 36 +15,1,31,0
764,7,3 6 11 13 18 24,7 22 24 31 34 36 +15,1,24,0
764,8,2 13 15 18 29 45,7 22 24 31 34 36 +15,0,,0
764,9,2 4 5 24 42 43,7 22 24 31 34 36 +15,1,24,0
764,10,1 14 28 30 36 39,7 22 24 31 34 36 +15,1,36,0
765,1,7 34 36 40 41 42,1 3 8 12 42 43 +33,1,42,0
765,2,2 7 24 26 34 38,1 3 8 12 42 43 +33,0,,0
765,3,4 11 20 31 34 36,1 3 8 12 42 43 +33,0,,0
765,4,3 6 26 36 38 43,1 3 8 12 42 43 +33,2,3 43,0
765,5,5 12 14 17 18 30,1 3 8 12 42 43 +33,1,12,0
765,6,4 17 19 23 24 29,1 3 8 12 42 43 +33,0,,0
765,7,6 28 29 32 39 41,1 3 8 12 42 43 +33,0,,0
765,8,6 8 17 24 34 36,1 3 8 12 42 43 +33,1,8,0
765,9,1 5 6 30 31 40,1 3 8 12 42 43 +33,1,1,0
765,10,7 10 12 19 27 36,1 3 8 12 42 43 +33,1,12,0
766,1,11 23 31 33 34 39,9 30 34 35 39 41 +21,2,34 39,0
766,2,7 17 19 20 25 40,9 30 34 35 39 41 +21,0,,0
766,3,13 14 22 29 32 38,9 30 34 35 39 41 +21,0,,0
766,4,1 14 22 26 29 40,9 30 34 35 39 41 +21,0,,0
766,5,5 10 21 22 23 25,9 30 34 35 39 41 +21,0,,0
766,6,11 13 23 30 31 37,9 30 34 35 39 41 +21,1,30,0
766,7,8 21 26 29 30 37,9 30 34 35 39 41 +21,1,30,0
766,8,5 12 21 33 36 42,9 30 34 35 39 41 +21,0,,0
766,9,6 13 22 32 35 42,9 30 34 35 39 41 +21,1,35,0
766,10,8 12 22 25 34 36,9 30 34 35 39 41 +21,1,34,0
767,1,1 30 32 38 43 44,5 15 20 31 34 42 +22,0,,0
767,2,1 7 15 17 28 42,5 15 20 31 34 42 +22,2,15 42,0
767,3,6 8 10 21 24 41,5 15 20 31 34 42 +22,0,,0
767,4,15 20 22 31 35 41,5 15 20 31 34 42 +22,3,15 20 31,5
767,5,15 24 30 31 34 43,5 15 20 31 34 42 +22,3,15 31 34,5
767,6,6 17 23 31 41 43,5 15 20 31 34 42 +22,1,31,0
767,7,6 8 13 15 16 32,5 15 20 31 34 42 +22,1,15,0
767,8,5 22 25 27 35 45,5 15 20 31 34 42 +22,1,5,0
767,9,6 15 16 18 20 30,5 15 20 31 34 42 +22,2,15 20,0
767,10,8 12 17 23 34 39,5 15 20 31 34 42 +22,1,34,0
768,1,11 13 25 26 30 45,7 27 29 30 38 44 +4,1,30,0
768,2,5 7 15 19 24 44,7 27 29 30 38 44 +4,2,7 44,0
768,3,9 17 29 31 40 45,7 27 29 30 38 44 +4,1,29,0
768,4,4 12 20 38 41 44,7 27 29 30 38 44 +4,2,38 44,0
768,5,1 4 10 14 19 43,7 27 29 30 38 44 +4,0,,0
768,6,21 24 28 36 38 39,7 27 29 30 38 44 +4,1,38,0
768,7,13 20 25 26 29 31,7 27 29 30 38 44 +4,1,29,0
768,8,4 10 15 33 42 45,7 27 29 30 38 44 +4,0,,0
768,9,4 8 12 17 27 30,7 27 29 30 38 44 +4,2,27 30,0
768,10,11 14 24 28 34 39,7 27 29 30 38 44 +4,0,,0
769,1,10 19 26 33 40 43,5 7 11 16 41 45 +4,0,,0
769,2,1 2 4 16 21 40,5 7 11 16 41 45 +4,1,16,0
769,3,7 9 11 14 15 30,5 7 11 16 41 45 +4,2,7 11,0
769,4,6 16 22 23 28 30,5 7 11 16 41 45 +4,1,16,0
769,5,6 8 19 26 28 44,5 7 11 16 41 45 +4,0,,0
769,6,9 12 16 23 27 36,5 7 11 16 41 45 +4,1,16,0
769,7,8 14 17 19 33 35,5 7 11 16 41 45 +4,0,,0
769,8,5 16 29 31 38 42,5 7 11 16 41 45 +4,2,5 16,0
769,9,7 8 12 13 33 40,5 7 11 16 41 45 +4,1,7,0
769,10,3 7 12 13 41 45,5 7 11 16 41 45 +4,3,7 41 45,5
770,1,12 20 26 27 37 43,1 9 12 23 39 43 +34,2,12 43,0
770,2,1 17 18 23 37 43,1 9 12 23 39 43 +34,3,1 23 43,5
770,3,5 8 16 17 23 26,1 9 12 23 39 43 +34,1,23,0
770,4,2 6 17 25 29 39,1 9 12 23 39 43 +34,1,39,0
770,5,3 13 20 25 33 36,1 9 12 23 39 43 +34,0,,0
770,6,8 9 16 34 39 41,1 9 12 23 39 43 +34,2,9 39,0
770,7,12 21 32 36 37 38,1 9 12 23 39 43 +34,1,12,0
770,8,4 16 18 26 29 35,1 9 12 23 39 43 +34,0,,0
770,9,10 12 18 24 30 43,1 9 12 23 39 43 +34,2,12 43,0
770,10,5 20 24 26 35 43,1 9 12 23 39 43 +34,1,43,0
771,1,10 15 17 18 32 45,6 10 17 18 21 29 +30,3,10 17 18,5
771,2,1 11 12 16 30 32,6 10 17 18 21 29 +30,0,,0
771,3,8 14 16 19 31 44,6 10 17 18 21 29 +30,0,,0
771,4,15 17 21 26 33 40,6 10 17 18 21 29 +30,2,17 21,0
771,5,1 2 13 19 24 27,6 10 17 18 21 29 +30,0,,0
771,6,11 13 19 20 33 35,6 10 17 18 21 29 +30,0,,0
771,7,3 5 15 17 28 42,6 10 17 18 21 29 +30,1,17,0
771,8,2 4 10 21 32 41,6 10 17 18 21 29 +30,2,10 21,0
771,9,8 10 29 33 40 45,6 10 17 18 21 29 +30,2,10 29,0
771,10,4 10 14 15 28 43,6 10 17 18 21 29 +30,1,10,0
772,1,1 5 15 27 30 31,5 6 11 14 21 41 +32,1,5,0
772,2,10 17 19 26 27 36,5 6 11 14 21 41 +32,0,,0
772,3,28 30 36 40 43 45,5 6 11 14 21 41 +32,0,,0
772,4,2 5 7 9 27 34,5 6 11 14 21 41 +32,1,5,0
772,5,9 12 23 37 38 41,5 6 11 14 21 41 +32,1,41,0
772,6,2 5 16 18 30 38,5 6 11 14 21 41 +32,1,5,0
772,7,6 14 17 33 38 40,5 6 11 14 21 41 +32,2,6 14,0
772,8,12 15 19 27 42 43,5 6 11 14 21 41 +32,0,,0
772,9,6 13 30 33 38 41,5 6 11 14 21 41 +32,2,6 41,0
772,10,8 16 37 41 43 45,5 6 11 14 21 41 +32,1,41,0
773,1,4 8 9 20 31 36,8 12 19 21 31 35 +44,2,8 31,0
773,2,1 2 4 5 36 39,8 12 19 21 31 35 +44,0,,0
773,3,1 6 7 9 36 41,8 12 19 21 31 35 +44,0,,0
773,4,4 23 24 29 32 35,8 12 19 21 31 35 +44,1,35,0
773,5,6 9 15 25 27 35,8 12 19 21 31 35 +44,1,35,0
773,6,10 23 32 33 39 42,8 12 19 21 31 35 +44,0,,0
773,7,24 27 31 32 40 43,8 12 19 21 31 35 +44,1,31,0
773,8,3 4 15 37 43 45,8 12 19 21 31 35 +44,0,,0
773,9,1 7 14 21 32 38,8 12 19 21 31 35 +44,1,21,0
773,10,7 10 25 26 33 34,8 12 19 21 31 35 +44,0,,0
774,1,2 6 8 16 18 33,12 15 18 28 34 42 +9,1,18,0
774,2,1 7 22 31 33 41,12 15 18 28 34 42 +9,0,,0
774,3,1 10 20 36 43 44,12 15 18 28 34 42 +9,0,,0
774,4,13 27 34 40 41 44,12 15 18 28 34 42 +9,1,34,0
774,5,5 7 26 30 34 37,12 15 18 28 34 42 +9,1,34,0
774,6,1 2 24 25 27 44,12 15 18 28 34 42 +9,0,,0
774,7,6 24 30 34 36 40,12 15 18 28 34 42 +9,1,34,0
774,8,3 9 17 18 28 39,12 15 18 28 34 42 +9,2,18 28,0
774,9,5 7 19 31 33 39,12 15 18 28 34 42 +9,0,,0
774,10,2 3 8 26 28 34,12 15 18 28 34 42 +9,2,28 34,0
775,1,16 20 32 40 41 45,11 12 29 33 38 42 +17,0,,0
775,2,6 10 13 24 26 28,11 12 29 33 38 42 +17,0,,0
775,3,15 20 29 42 44 45,11 12 29 33 38 42 +17,2,29 42,0
775,4,7 11 12 31 32 40,11 12 29 33 38 42 +17,2,11 12,0
775,5,18 28 37 40 41 44,11 12 29 33 38 42 +17,0,,0
775,6,2 25 29 34 37 41,11 12 29 33 38 42 +17,1,29,0
775,7,3 8 12 13 24 34,11 12 29 33 38 42 +17,1,12,0
775,8,3 4 28 34 38 44,11 12 29 33 38 42 +17,1,38,0
775,9,9 12 13 22 30 34,11 12 29 33 38 42 +17,1,12,0
775,10,2 4 7 25 26 33,11 12 29 33 38 42 +17,1,33,0
776,1,11 29 31 32 44 45,8 9 18 21 28 40 +20,0,,0
776,2,1 4 14 20 25 39,8 9 18 21 28 40 +20,0,,0
776,3,5 21 26 30 35 40,8 9 18 21 28 40 +20,2,21 40,0
776,4,2 6 8 13 14 20,8 9 18 21 28 40 +20,1,8,0
776,5,9 26 28 30 33 43,8 9 18 21 28 40 +20,2,9 28,0
776,6,15 19 34 38 39 42,8 9 18 21 28 40 +20,0,,0
776,7,14 16 18 35 37 38,8 9 18 21 28 40 +20,1,18,0
776,8,4 6 33 36 38 44,8 9 18 21 28 40 +20,0,,0
776,9,11 21 26 32 34 44,8 9 18 21 28 40 +20,1,21,0
776,10,10 14 22 28 30 34,8 9 18 21 28 40 +20,1,28,0
777,1,2 6 11 32 36 42,6 12 17 21 34 37 +18,1,6,0
777,2,6 14 21 33 34 39,6 12 17 21 34 37 +18,3,6 21 34,5
777,3,2 5 20 29 35 41,6 12 17 21 34 37 +18,0,,0
777,4,1 21 26 31 40 43,6 12 17 21 34 37 +18,1,21,0
777,5,4 10 16 19 37 41,6 12 17 21 34 37 +18,1,37,0
777,6,3 15 29 32 39 41,6 12 17 21 34 37 +18,0,,0
777,7,1 18 19 36 41 42,6 12 17 21 34 37 +18,0,,0
777,8,2 11 15 29 32 38,6 12 17 21 34 37 +18,0,,0
777,9,5 9 24 25 41 43,6 12 17 21 34 37 +18,0,,0
777,10,15 16 18 20 35 41,6 12 17 21 34 37 +18,0,,0
778,1,7 10 11 20 32 39,6 21 35 36 37 41 +11,0,,0
778,2,3 10 18 38 42 43,6 21 35 36 37 41 +11,0,,0
778,3,2 13 19 29 32 45,6 21 35 36 37 41 +11,0,,0
778,4,10 15 17 23 27 34,6 21 35 36 37 41 +11,0,,0
778,5,4 14 18 20 39 43,6 21 35 36 37 41 +11,0,,0
778,6,1 2 9 12 16 41,6 21 35 36 37 41 +11,1,41,0
778,7,15 21 22 26 36 42,6 21 35 36 37 41 +11,2,21 36,0
778,8,8 13 15 17 29 31,6 21 35 36 37 41 +11,0,,0
778,9,16 20 22 23 25 36,6 21 35 36 37 41 +11,1,36,0
778,10,3 5 6 14 24 34,6 21 35 36 37 41 +11,1,6,0
779,1,1 8 9 13 21 29,6 12 19 24 34 41 +4,0,,0
779,2,1 16 24 31 40 45,6 12 19 24 34 41 +4,1,24,0
779,3,12 18 22 36 42 43,6 12 19 24 34 41 +4,1,12,0
779,4,3 4 7 11 29 31,6 12 19 24 34 41 +4,0,,0
779,5,13 22 28 31 34 44,6 12 19 24 34 41 +4,1,34,0
779,6,16 17 21 26 38 39,6 12 19 24 34 41 +4,0,,0
779,7,17 25 26 35 39 45,6 12 19 24 34 41 +4,0,,0
779,8,3 9 14 16 22 25,6 12 19 24 34 41 +4,0,,0
779,9,3 4 12 15 42 45,6 12 19 24 34 41 +4,1,12,0
779,10,14 23 27 28 41 44,6 12 19 24 34 41 +4,1,41,0
780,1,4 10 14 28 40 45,15 17 19 21 27 45 +16,1,45,0
780,2,4 11 27 28 35 38,15 17 19 21 27 45 +16,1,27,0
780,3,16 19 24 25 35 45,15 17 19 21 27 45 +16,2,19 45,0
780,4,9 14 20 21 22 31,15 17 19 21 27 45 +16,1,21,0
780,5,5 9 18 20 25 44,15 17 19 21 27 45 +16,0,,0
780,6,4 12 34 35 36 38,15 17 19 21 27 45 +16,0,,0
780,7,9 13 25 27 28 44,15 17 19 21 27 45 +16,1,27,0
780,8,2 6 13 17 23 32,15 17 19 21 27 45 +16,1,17,0
780,9,2 3 4 10 25 28,15 17 19 21 27 45 +16,0,,0
780,10,6 7 23 27 43 45,15 17 19 21 27 45 +16,2,27 45,0
781,1,8 10 11 17 27 32,11 16 18 19 24 39 +43,1,11,0
781,2,3 7 19 31 33 45,11 16 18 19 24 39 +43,1,19,0
781,3,2 3 14 26 28 39,11 16 18 19 24 39 +43,1,39,0
781,4,7 8 22 29 32 43,11 16 18 19 24 39 +43,0,,0
781,5,13 22 23 24 26 33,11 16 18 19 24 39 +43,1,24,0
781,6,1 6 7 15 23 32,11 16 18 19 24 39 +43,0,,0
781,7,9 23 31 32 39 43,11 16 18 19 24 39 +43,1,39,0
781,8,12 14 22 25 35 43,11 16 18 19 24 39 +43,0,,0
781,9,5 9 10 15 21 26,11 16 18 19 24 39 +43,0,,0
781,10,1 12 13 17 19 32,11 16 18 19 24 39 +43,1,19,0
782,1,6 12 13 14 34 37,6 18 31 34 38 45 +20,2,6 34,0
782,2,9 14 19 21 28 33,6 18 31 34 38 45 +20,0,,0
782,3,1 4 16 22 23 42,6 18 31 34 38 45 +20,0,,0
782,4,21 23 24 37 40 43,6 18 31 34 38 45 +20,0,,0
782,5,11 15 29 38 40 41,6 18 31 34 38 45 +20,1,38,0
782,6,13 14 17 19 28 43,6 18 31 34 38 45 +20,0,,0
782,7,25 34 36 38 43 45,6 18 31 34 38 45 +20,3,34 38 45,5
782,8,5 15 17 23 28 37,6 18 31 34 38 45 +20,0,,0
782,9,1 3 7 9 14 40,6 18 31 34 38 45 +20,0,,0
782,10,2 24 27 29 34 42,6 18 31 34 38 45 +20,1,34,0
783,1,5 10 15 23 27 39,14 15 16 17 38 45 +36,1,15,0
783,2,12 14 15 20 25 28,14 15 16 17 38 45 +36,2,14 15,0
783,3,18 20 25 33 35 39,14 15 16 17 38 45 +36,0,,0
783,4,2 12 18 20 36 37,14 15 16 17 38 45 +36,0,,0
783,5,9 20 25 29 34 39,14 15 16 17 38 45 +36,0,,0
783,6,2 5 6 14 17 30,14 15 16 17 38 45 +36,2,14 17,0
783,7,11 12 21 24 25 35,14 15 16 17 38 45 +36,0,,0
783,8,2 11 32 37 39 41,14 15 16 17 38 45 +36,0,,0
783,9,8 13 16 18 33 39,14 15 16 17 38 45 +36,1,16,0
783,10,18 20 25 28 39 43,14 15 16 17 38 45 +36,0,,0
784,1,4 11 21 28 31 36,3 10 23 24 31 39 +22,1,31,0
784,2,5 29 30 33 41 44,3 10 23 24 31 39 +22,0,,0
784,3,13 18 28 41 42 44,3 10 23 24 31 39 +22,0,,0
784,4,6 13 14 31 38 41,3 10 23 24 31 39 +22,1,31,0
784,5,7 11 21 29 34 44,3 10 23 24 31 39 +22,0,,0
784,6,1 4 5 8 9 34,3 10 23 24 31 39 +22,0,,0
784,7,3 4 10 25 30 34,3 10 23 24 31 39 +22,2,3 10,0
784,8,4 6 16 21 35 36,3 10 23 24 31 39 +22,0,,0
784,9,11 16 21 25 26 39,3 10 23 24 31 39 +22,1,39,0
784,10,1 12 19 20 30 43,3 10 23 24 31 39 +22,0,,0
785,1,1 8 9 15 29 43,4 6 15 25 26 33 +40,1,15,0
785,2,8 11 18 36 38 42,4 6 15 25 26 33 +40,0,,0
785,3,5 8 18 23 25 41,4 6 15 25 26 33 +40,1,25,0
785,4,9 16 20 24 38 39,4 6 15 25 26 33 +40,0,,0
785,5,3 5 10 23 41 42,4 6 15 25 26 33 +40,0,,0
785,6,2 6 15 35 39 40,4 6 15 25 26 33 +40,2,6 15,0
785,7,4 12 17 32 34 39,4 6 15 25 26 33 +40,1,4,0
785,8,1 2 6 10 30 32,4 6 15 25 26 33 +40,1,6,0
785,9,6 9 13 14 15 35,4 6 15 25 26 33 +40,2,6 15,0
785,10,7 17 25 29 32 43,4 6 15 25 26 33 +40,1,25,0
786,1,1 2 4 13 16 23,12 15 16 20 24 30 +38,1,16,0
786,2,4 7 14 22 29 45,12 15 16 20 24 30 +38,0,,0
786,3,4 9 29 30 34 36,12 15 16 20 24 30 +38,1,30,0
786,4,2 5 9 19 30 44,12 15 16 20 24 30 +38,1,30,0
786,5,7 11 12 16 19 45,12 15 16 20 24 30 +38,2,12 16,0
786,6,1 3 13 23 32 35,12 15 16 20 24 30 +38,0,,0
786,7,2 8 11 16 26 35,12 15 16 20 24 30 +38,1,16,0
786,8,11 12 15 16 21 30,12 15 16 20 24 30 +38,4,12 15 16 30,4
786,9,9 11 13 15 29 36,12 15 16 20 24 30 +38,1,15,0
786,10,2 7 8 19 38 39,12 15 16 20 24 30 +38,0,,0
787,1,2 14 18 29 31 33,5 6 13 16 27 28 +9,0,,0
787,2,7 14 19 25 29 42,5 6 13 16 27 28 +9,0,,0
787,3,7 10 16 20 41 43,5 6 13 16 27 28 +9,1,16,0
787,4,6 17 18 20 33 43,5 6 13 16 27 28 +9,1,6,0
787,5,8 22 27 30 37 42,5 6 13 16 27 28 +9,1,27,0
787,6,6 18 19 27 29 44,5 6 13 16 27 28 +9,2,6 27,0
787,7,10 13 15 27 32 41,5 6 13 16 27 28 +9,2,13 27,0
787,8,9 14 23 26 39 44,5 6 13 16 27 28 +9,0,,0
787,9,1 5 7 15 18 24,5 6 13 16 27 28 +9,1,5,0
787,10,1 3 7 9 15 35,5 6 13 16 27 28 +9,0,,0
788,1,3 5 9 17 32 45,2 10 11 19 35 39 +29,0,,0
788,2,4 15 17 28 34 35,2 10 11 19 35 39 +29,1,35,0
788,3,9 12 16 24 31 43,2 10 11 19 35 39 +29,0,,0
788,4,4 7 16 33 40 43,2 10 11 19 35 39 +29,0,,0
788,5,4 16 19 20 24 43,2 10 11 19 35 39 +29,1,19,0
788,6,20 22 35 37 40 45,2 10 11 19 35 39 +29,1,35,0
788,7,5 13 20 27 34 36,2 10 11 19 35 39 +29,0,,0
788,8,16 18 28 32 33 38,2 10 11 19 35 39 +29,0,,0
788,9,12 15 22 28 32 35,2 10 11 19 35 39 +29,1,35,0
788,10,1 2 4 14 18 22,2 10 11 19 35 39 +29,1,2,0
789,1,6 15 18 26 28 35,2 6 7 12 19 45 +38,1,6,0
789,2,1 12 25 33 37 42,2 6 7 12 19 45 +38,1,12,0
789,3,3 7 11 16 29 30,2 6 7 12 19 45 +38,1,7,0
789,4,6 7 8 23 25 39,2 6 7 12 19 45 +38,2,6 7,0
789,5,3 12 23 24 30 31,2 6 7 12 19 45 +38,1,12,0
789,6,15 16 17 25 32 45,2 6 7 12 19 45 +38,1,45,0
789,7,2 7 19 25 36 39,2 6 7 12 19 45 +38,3,2 7 19,5
789,8,8 12 14 18 21 30,2 6 7 12 19 45 +38,1,12,0
789,9,1 4 16 29 37 45,2 6 7 12 19 45 +38,1,45,0
789,10,2 5 15 19 29 43,2 6 7 12 19 45 +38,2,2 19,0
790,1,7 14 18 20 29 33,3 8 19 27 30 41 +12,0,,0
790,2,4 6 8 10 33 40,3 8 19 27 30 41 +12,1,8,0
790,3,9 11 19 21 27 41,3 8 19 27 30 41 +12,3,19 27 41,5
790,4,1 10 18 19 29 36,3 8 19 27 30 41 +12,1,19,0
790,5,7 10 21 30 31 39,3 8 19 27 30 41 +12,1,30,0
790,6,6 13 16 22 26 35,3 8 19 27 30 41 +12,0,,0
790,7,6 10 26 28 42 43,3 8 19 27 30 41 +12,0,,0
790,8,1 2 10 18 28 34,3 8 19 27 30 41 +12,0,,0
790,9,5 11 12 16 22 26,3 8 19 27 30 41 +12,0,,0
790,10,4 17 18 26 33 40,3 8 19 27 30 41 +12,0,,0
791,1,11 13 15 29 41 43,2 10 12 31 33 42 +32,0,,0
791,2,4 5 6 12 19 20,2 10 12 31 33 42 +32,1,12,0
791,3,7 20 23 27 30 34,2 10 12 31 33 42 +32,0,,0
791,4,1 2 4 32 40 45,2 10 12 31 33 42 +32,1,2,0
791,5,12 18 22 23 33 40,2 10 12 31 33 42 +32,2,12 33,0
791,6,8 22 25 29 32 34,2 10 12 31 33 42 +32,0,,0
791,7,5 9 12 33 37 44,2 10 12 31 33 42 +32,2,12 33,0
791,8,2 5 19 34 39 40,2 10 12 31 33 42 +32,1,2,0
791,9,1 4 7 23 33 35,2 10 12 31 33 42 +32,1,33,0
791,10,15 25 27 28 33 37,2 10 12 31 33 42 +32,1,33,0
792,1,2 8 13 15 17 39,2 7 19 25 29 36 +16,1,2,0
792,2,2 19 22 25 31 42,2 7 19 25 29 36 +16,3,2 19 25,5
792,3,11 14 16 33 39 41,2 7 19 25 29 36 +16,0,,0
792,4,5 16 17 19 22 32,2 7 19 25 29 36 +16,1,19,0
792,5,8 15 19 25 29 33,2 7 19 25 29 36 +16,3,19 25 29,5
792,6,7 15 18 19 28 39,2 7 19 25 29 36 +16,2,7 19,0
792,7,21 22 23 29 36 41,2 7 19 25 29 36 +16,2,29 36,0
792,8,13 28 30 32 35 45,2 7 19 25 29 36 +16,0,,0
792,9,8 15 22 28 35 44,2 7 19 25 29 36 +16,0,,0
792,10,3 8 16 20 22 30,2 7 19 25 29 36 +16,0,,0
793,1,7 9 10 13 22 26,10 15 21 35 38 43 +31,1,10,0
793,2,19 21 27 28 31 41,10 15 21 35 38 43 +31,1,21,0
793,3,7 16 25 32 33 40,10 15 21 35 38 43 +31,0,,0
793,4,1 7 14 27 37 45,10 15 21 35 38 43 +31,0,,0
793,5,12 18 27 33 34 44,10 15 21 35 38 43 +31,0,,0
793,6,5 10 14 23 36 45,10 15 21 35 38 43 +31,1,10,0
793,7,1 7 13 15 36 41,10 15 21 35 38 43 +31,1,15,0
793,8,12 13 17 18 30 37,10 15 21 35 38 43 +31,0,,0
793,9,5 7 11 26 37 40,10 15 21 35 38 43 +31,0,,0
793,10,3 4 23 26 30 32,10 15 21 35 38 43 +31,0,,0
794,1,8 14 16 26 33 34,6 7 18 19 30 38 +13,0,,0
794,2,3 4 10 22 41 43,6 7 18 19 30 38 +13,0,,0
794,3,4 6 12 16 30 42,6 7 18 19 30 38 +13,2,6 30,0
794,4,3 9 17 30 35 38,6 7 18 19 30 38 +13,2,30 38,0
794,5,13 15 19 21 37 42,6 7 18 19 30 38 +13,1,19,0
794,6,2 5 9 15 32 34,6 7 18 19 30 38 +13,0,,0
794,7,7 17 23 24 25 41,6 7 18 19 30 38 +13,1,7,0
794,8,1 8 25 26 32 42,6 7 18 19 30 38 +13,0,,0
794,9,1 18 26 27 32 40,6 7 18 19 30 38 +13,1,18,0
794,10,4 15 18 21 31 45,6 7 18 19 30 38 +13,1,18,0
795,1,3 8 13 28 36 42,3 10 13 26 34 38 +36,2,3 13,0
795,2,3 4 8 10 43 44,3 10 13 26 34 38 +36,2,3 10,0
795,3,4 7 24 25 35 38,3 10 13 26 34 38 +36,1,38,0
795,4,9 20 23 33 40 44,3 10 13 26 34 38 +36,0,,0
795,5,5 8 18 20 25 45,3 10 13 26 34 38 +36,0,,0
795,6,5 14 20 35 41 44,3 10 13 26 34 38 +36,0,,0
795,7,2 13 18 28 34 44,3 10 13 26 34 38 +36,2,13 34,0
795,8,2 10 24 27 29 36,3 10 13 26 34 38 +36,1,10,0
795,9,2 16 20 21 28 33,3 10 13 26 34 38 +36,0,,0
795,10,11 15 18 25 30 31,3 10 13 26 34 38 +36,0,,0
796,1,2 7 8 17 26 36,1 21 26 36 40 41 +5,2,26 36,0
796,2,2 17 24 25 30 34,1 21 26 36 40 41 +5,0,,0
796,3,5 10 25 34 36 41,1 21 26 36 40 41 +5,2,36 41,0
796,4,5 7 26 29 32 34,1 21 26 36 40 41 +5,1,26,0
796,5,5 30 32 34 38 43,1 21 26 36 40 41 +5,0,,0
796,6,4 11 27 28 30 39,1 21 26 36 40 41 +5,0,,0
796,7,7 12 23 35 36 45,1 21 26 36 40 41 +5,1,36,0
796,8,3 4 12 24 40 43,1 21 26 36 40 41 +5,1,40,0
796,9,1 5 7 26 31 34,1 21 26 36 40 41 +5,2,1 26,0
796,10,22 24 32 36 42 44,1 21 26 36 40 41 +5,1,36,0
797,1,3 4 10 15 16 24,5 22 31 32 39 45 +36,0,,0
797,2,6 15 26 28 43 45,5 22 31 32 39 45 +36,1,45,0
797,3,3 5 12 14 16 28,5 22 31 32 39 45 +36,1,5,0
797,4,17 32 39 40 41 44,5 22 31 32 39 45 +36,2,32 39,0
797,5,15 19 29 34 41 43,5 22 31 32 39 45 +36,0,,0
797,6,17 25 29 34 35 42,5 22 31 32 39 45 +36,0,,0
797,7,6 11 22 24 31 36,5 22 31 32 39 45 +36,2,22 31,0
797,8,1 14 15 27 28 39,5 22 31 32 39 45 +36,1,39,0
797,9,14 17 18 20 31 42,5 22 31 32 39 45 +36,1,31,0
797,10,8 14 22 38 39 41,5 22 31 32 39 45 +36,2,22 39,0
798,1,4 5 8 31 34 44,2 10 14 22 32 36 +41,0,,0
798,2,6 10 18 37 38 39,2 10 14 22 32 36 +41,1,10,0
798,3,3 4 9 13 32 42,2 10 14 22 32 36 +41,1,32,0
798,4,11 18 29 33 35 45,2 10 14 22 32 36 +41,0,,0
798,5,8 9 14 24 36 42,2 10 14 22 32 36 +41,2,14 36,0
798,6,7 17 20 32 33 43,2 10 14 22 32 36 +41,1,32,0
798,7,21 22 24 28 33 42,2 10 14 22 32 36 +41,1,22,0
798,8,10 17 18 25 35 37,2 10 14 22 32 36 +41,1,10,0
798,9,4 16 26 32 37 39,2 10 14 22 32 36 +41,1,32,0
798,10,8 15 23 29 30 43,2 10 14 22 32 36 +41,0,,0
799,1,15 22 27 33 36 45,12 17 23 34 42 45 +33,1,45,0
799,2,9 10 16 20 26 34,12 17 23 34 42 45 +33,1,34,0
799,3,5 8 18 25 34 39,12 17 23 34 42 45 +33,1,34,0
799,4,8 28 35 36 37 45,12 17 23 34 42 45 +33,1,45,0
799,5,3 11 27 33 39 42,12 17 23 34 42 45 +33,1,42,0
799,6,7 8 9 15 24 45,12 17 23 34 42 45 +33,1,45,0
799,7,8 13 18 25 28 30,12 17 23 34 42 45 +33,0,,0
799,8,10 13 34 38 41 44,12 17 23 34 42 45 +33,1,34,0
799,9,7 12 17 26 40 41,12 17 23 34 42 45 +33,2,12 17,0
799,10,9 15 19 30 34 38,12 17 23 34 42 45 +33,1,34,0
800,1,3 7 22 28 34 44,1 4 10 12 28 45 +26,1,28,0
800,2,3 5 9 20 25 45,1 4 10 12 28 45 +26,1,45,0
800,3,5 11 28 30 32 43,1 4 10 12 28 45 +26,1,28,0
800,4,16 17 28 41 42 45,1 4 10 12 28 45 +26,2,28 45,0
800,5,12 15 16 22 29 38,1 4 10 12 28 45 +26,1,12,0
800,6,4 18 28 29 30 37,1 4 10 12 28 45 +26,2,4 28,0
800,7,1 19 25 36 44 45,1 4 10 12 28 45 +26,2,1 45,0
800,8,7 17 31 35 38 39,1 4 10 12 28 45 +26,0,,0
800,9,1 3 7 18 33 39,1 4 10 12 28 45 +26,1,1,0
800,10,6 17 23 30 33 36,1 4 10 12 28 45 +26,0,,0
801,1,4 5 20 32 34 44,17 25 28 37 43 44 +2,1,44,0
801,2,12 34 38 40 41 42,17 25 28 37 43 44 +2,0,,0
801,3,10 14 28 30 33 40,17 25 28 37 43 44 +2,1,28,0
801,4,2 5 21 26 42 44,17 25 28 37 43 44 +2,1,44,0
801,5,5 6 7 16 23 26,17 25 28 37 43 44 +2,0,,0
801,6,12 20 37 41 43 44,17 25 28 37 43 44 +2,3,37 43 44,5
801,7,10 13 15 16 20 43,17 25 28 37 43 44 +2,1,43,0
801,8,11 12 14 20 24 27,17 25 28 37 43 44 +2,0,,0
801,9,5 6 8 17 22 32,17 25 28 37 43 44 +2,1,17,0
801,10,7 9 27 35 36 45,17 25 28 37 43 44 +2,0,,0
802,1,1 18 22 25 33 34,10 11 12 18 24 42 +27,1,18,0
802,2,2 3 5 28 35 39,10 11 12 18 24 42 +27,0,,0
802,3,16 17 37 42 43 45,10 11 12 18 24 42 +27,1,42,0
802,4,1 3 18 23 33 40,10 11 12 18 24 42 +27,1,18,0
802,5,6 22 25 31 32 39,10 11 12 18 24 42 +27,0,,0
802,6,6 11 20 25 28 35,10 11 12 18 24 42 +27,1,11,0
802,7,1 2 14 15 25 28,10 11 12 18 24 42 +27,0,,0
802,8,14 19 20 37 43 44,10 11 12 18 24 42 +27,0,,0
802,9,2 6 27 29 31 32,10 11 12 18 24 42 +27,0,,0
802,10,3 11 12 26 27 44,10 11 12 18 24 42 +27,2,11 12,0
803,1,1 19 27 38 39 45,5 9 14 26 30 43 +2,0,,0
803,2,11 12 16 28 31 36,5 9 14 26 30 43 +2,0,,0
803,3,2 6 34 42 44 45,5 9 14 26 30 43 +2,0,,0
803,4,7 11 21 27 37 44,5 9 14 26 30 43 +2,0,,0
803,5,2 3 5 12 38 45,5 9 14 26 30 43 +2,1,5,0
803,6,6 10 29 35 41 43,5 9 14 26 30 43 +2,1,43,0
803,7,1 6 20 22 30 35,5 9 14 26 30 43 +2,1,30,0
803,8,4 9 10 12 14 24,5 9 14 26 30 43 +2,2,9 14,0
803,9,1 2 8 29 31 32,5 9 14 26 30 43 +2,0,,0
803,10,14 16 25 29 38 40,5 9 14 26 30 43 +2,1,14,0
804,1,2 7 18 30 39 43,1 10 13 26 32 36 +9,0,,0
804,2,2 18 28 29 34 39,1 10 13 26 32 36 +9,0,,0
804,3,13 16 27 28 32 43,1 10 13 26 32 36 +9,2,13 32,0
804,4,5 6 7 15 36 41,1 10 13 26 32 36 +9,1,36,0
804,5,7 17 22 36 41 42,1 10 13 26 32 36 +9,1,36,0
804,6,7 8 19 32 33 34,1 10 13 26 32 36 +9,1,32,0
804,7,6 21 26 34 36 38,1 10 13 26 32 36 +9,2,26 36,0
804,8,6 10 13 21 24 43,1 10 13 26 32 36 +9,2,10 13,0
804,9,3 6 7 10 17 34,1 10 13 26 32 36 +9,1,10,0
804,10,22 23 25 27 31 45,1 10 13 26 32 36 +9,0,,0
805,1,4 8 23 30 34 37,3 12 13 18 31 32 +42,0,,0
805,2,4 18 22 23 37 38,3 12 13 18 31 32 +42,1,18,0
805,3,1 9 10 29 41 45,3 12 13 18 31 32 +42,0,,0
805,4,2 4 12 17 33 37,3 12 13 18 31 32 +42,1,12,0
805,5,1 2 10 11 25 40,3 12 13 18 31 32 +42,0,,0
805,6,3 10 17 22 30 44,3 12 13 18 31 32 +42,1,3,0
805,7,1 6 11 33 38 41,3 12 13 18 31 32 +42,0,,0
805,8,6 18 25 30 34 39,3 12 13 18 31 32 +42,1,18,0
805,9,4 6 14 15 29 33,3 12 13 18 31 32 +42,0,,0
805,10,4 17 18 22 34 39,3 12 13 18 31 32 +42,1,18,0
806,1,2 12 22 33 36 43,14 20 23 31 37 38 +27,0,,0
806,2,6 9 12 16 29 30,14 20 23 31 37 38 +27,0,,0
806,3,1 6 24 35 40 45,14 20 23 31 37 38 +27,0,,0
806,4,19 21 24 32 37 39,14 20 23 31 37 38 +27,1,37,0
806,5,1 10 15 19 20 22,14 20 23 31 37 38 +27,1,20,0
806,6,10 17 29 33 40 44,14 20 23 31 37 38 +27,0,,0
806,7,5 8 26 33 38 39,14 20 23 31 37 38 +27,1,38,0
806,8,4 21 26 32 33 42,14 20 23 31 37 38 +27,0,,0
806,9,11 13 21 24 31 45,14 20 23 31 37 38 +27,1,31,0
806,10,6 20 33 40 43 44,14 20 23 31 37 38 +27,1,20,0
807,1,3 4 16 20 28 34,6 10 18 25 34 35 +33,1,34,0
807,2,10 11 15 18 24 44,6 10 18 25 34 35 +33,2,10 18,0
807,3,1 3 12 14 31 38,6 10 18 25 34 35 +33,0,,0
807,4,12 28 34 40 42 43,6 10 18 25 34 35 +33,1,34,0
807,5,17 23 29 36 37 40,6 10 18 25 34 35 +33,0,,0
807,6,9 21 22 23 29 44,6 10 18 25 34 35 +33,0,,0
807,7,12 22 23 28 41 44,6 10 18 25 34 35 +33,0,,0
807,8,1 3 5 27 29 30,6 10 18 25 34 35 +33,0,,0
807,9,24 33 36 39 40 42,6 10 18 25 34 35 +33,0,,0
807,10,2 8 10 19 36 39,6 10 18 25 34 35 +33,1,10,0
808,1,1 11 17 34 35 36,15 21 31 32 41 43 +24,0,,0
808,2,3 4 11 34 35 41,15 21 31 32 41 43 +24,1,41,0
808,3,20 26 27 31 37 38,15 21 31 32 41 43 +24,1,31,0
808,4,3 4 11 14 27 36,15 21 31 32 41 43 +24,0,,0
808,5,11 14 16 22 27 38,15 21 31 32 41 43 +24,0,,0
808,6,2 8 29 32 36 40,15 21 31 32 41 43 +24,1,32,0
808,7,3 12 14 19 29 43,15 21 31 32 41 43 +24,1,43,0
808,8,12 15 20 22 34 37,15 21 31 32 41 43 +24,1,15,0
808,9,3 6 14 25 33 35,15 21 31 32 41 43 +24,0,,0
808,10,5 6 29 30 37 45,15 21 31 32 41 43 +24,0,,0
809,1,3 14 18 21 27 32,6 11 15 17 23 40 +39,0,,0
809,2,9 15 16 18 19 20,6 11 15 17 23 40 +39,1,15,0
809,3,2 7 10 23 25 32,6 11 15 17 23 40 +39,1,23,0
809,4,2 14 21 26 35 44,6 11 15 17 23 40 +39,0,,0
809,5,7 12 15 25 32 39,6 11 15 17 23 40 +39,1,15,0
809,6,2 3 14 16 27 44,6 11 15 17 23 40 +39,0,,0
809,7,4 9 11 13 16 40,6 11 15 17 23 40 +39,2,11 40,0
809,8,6 8 22 28 33 36,6 11 15 17 23 40 +39,1,6,0
809,9,16 21 27 30 35 36,6 11 15 17 23 40 +39,0,,0
809,10,1 10 24 30 33 45,6 11 15 17 23 40 +39,0,,0
810,1,9 10 25 26 40 41,5 10 13 21 39 43 +11,1,10,0
810,2,3 8 30 31 35 43,5 10 13 21 39 43 +11,1,43,0
810,3,4 16 23 28 31 32,5 10 13 21 39 43 +11,0,,0
810,4,4 5 7 18 24 43,5 10 13 21 39 43 +11,2,5 43,0
810,5,4 24 32 33 42 43,5 10 13 21 39 43 +11,1,43,0
810,6,1 17 23 30 42 44,5 10 13 21 39 43 +11,0,,0
810,7,7 8 22 30 32 42,5 10 13 21 39 43 +11,0,,0
810,8,10 18 19 27 33 39,5 10 13 21 39 43 +11,2,10 39,0
810,9,5 20 22 37 42 43,5 10 13 21 39 43 +11,2,5 43,0
810,10,3 4 18 27 28 32,5 10 13 21 39 43 +11,0,,0
811,1,14 27 36 40 43 45,8 11 19 21 36 45 +25,2,36 45,0
811,2,7 8 11 35 39 43,8 11 19 21 36 45 +25,2,8 11,0
811,3,10 11 22 30 38 43,8 11 19 21 36 45 +25,1,11,0
811,4,5 10 19 21 27 30,8 11 19 21 36 45 +25,2,19 21,0
811,5,10 15 17 26 34 44,8 11 19 21 36 45 +25,0,,0
811,6,8 25 27 31 35 43,8 11 19 21 36 45 +25,1,8,0
811,7,12 14 22 27 32 41,8 11 19 21 36 45 +25,0,,0
811,8,1 3 12 21 28 37,8 11 19 21 36 45 +25,1,21,0
811,9,14 16 17 29 32 38,8 11 19 21 36 45 +25,0,,0
811,10,1 6 18 20 29 41,8 11 19 21 36 45 +25,0,,0
812,1,7 8 17 29 36 39,1 3 12 14 16 43 +10,0,,0
812,2,1 2 3 5 14 42,1 3 12 14 16 43 +10,3,1 3 14,5
812,3,15 16 17 24 25 42,1 3 12 14 16 43 +10,1,16,0
812,4,1 13 14 24 38 44,1 3 12 14 16 43 +10,2,1 14,0
812,5,9 13 16 29 30 45,1 3 12 14 16 43 +10,1,16,0
812,6,20 22 27 31 36 40,1 3 12 14 16 43 +10,0,,0
812,7,6 17 20 31 36 44,1 3 12 14 16 43 +10,0,,0
812,8,6 16 18 21 34 41,1 3 12 14 16 43 +10,1,16,0
812,9,9 16 19 37 40 45,1 3 12 14 16 43 +10,1,16,0
812,10,1 4 10 13 44 45,1 3 12 14 16 43 +10,1,1,0
813,1,7 11 15 24 30 42,11 30 34 35 42 44 +27,3,11 30 42,5
813,2,8 17 22 34 35 39,11 30 34 35 42 44 +27,2,34 35,0
813,3,7 14 20 23 31 39,11 30 34 35 42 44 +27,0,,0
813,4,6 15 17 26 31 45,11 30 34 35 42 44 +27,0,,0
813,5,3 12 23 27 36 37,11 30 34 35 42 44 +27,0,,0
813,6,2 9 17 24 32 34,11 30 34 35 42 44 +27,1,34,0
813,7,11 12 19 37 40 42,11 30 34 35 42 44 +27,2,11 42,0
813,8,4 12 13 14 28 36,11 30 34 35 42 44 +27,0,,0
813,9,12 14 19 22 24 44,11 30 34 35 42 44 +27,1,44,0
813,10,14 15 22 24 29 44,11 30 34 35 42 44 +27,1,44,0
814,1,6 14 25 29 30 39,2 21 28 38 42 45 +30,0,,0
814,2,7 8 11 20 21 35,2 21 28 38 42 45 +30,1,21,0
814,3,2 10 13 31 32 40,2 21 28 38 42 45 +30,1,2,0
814,4,8 11 25 30 43 45,2 21 28 38 42 45 +30,1,45,0
814,5,1 9 12 21 25 41,2 21 28 38 42 45 +30,1,21,0
814,6,12 23 24 25 26 42,2 21 28 38 42 45 +30,1,42,0
814,7,3 4 9 10 16 19,2 21 28 38 42 45 +30,0,,0
814,8,6 14 25 26 31 39,2 21 28 38 42 45 +30,0,,0
814,9,3 20 22 31 40 43,2 21 28 38 42 45 +30,0,,0
814,10,5 13 21 28 33 42,2 21 28 38 42 45 +30,3,21 28 42,5
815,1,2 7 13 27 28 34,17 21 25 26 27 36 +4,1,27,0
815,2,4 7 16 23 41 42,17 21 25 26 27 36 +4,0,,0
815,3,1 3 9 16 27 31,17 21 25 26 27 36 +4,1,27,0
815,4,3 6 9 13 16 38,17 21 25 26 27 36 +4,0,,0
815,5,4 5 10 13 26 27,17 21 25 26 27 36 +4,2,26 27,0
815,6,19 23 26 34 38 42,17 21 25 26 27 36 +4,1,26,0
815,7,14 25 29 39 41 45,17 21 25 26 27 36 +4,1,25,0
815,8,7 13 16 29 31 32,17 21 25 26 27 36 +4,0,,0
815,9,1 8 12 25 26 29,17 21 25 26 27 36 +4,2,25 26,0
815,10,1 5 8 15 39 42,17 21 25 26 27 36 +4,0,,0
816,1,1 21 22 23 33 41,12 18 19 29 31 39 +7,0,,0
816,2,1 11 16 20 26 27,12 18 19 29 31 39 +7,0,,0
816,3,14 15 16 20 21 39,12 18 19 29 31 39 +7,1,39,0
816,4,10 15 26 28 40 45,12 18 19 29 31 39 +7,0,,0
816,5,21 25 32 36 37 45,12 18 19 29 31 39 +7,0,,0
816,6,2 4 5 18 24 34,12 18 19 29 31 39 +7,1,18,0
816,7,3 8 23 26 27 40,12 18 19 29 31 39 +7,0,,0
816,8,10 13 15 19 32 38,12 18 19 29 31 39 +7,1,19,0
816,9,2 9 11 13 15 45,12 18 19 29 31 39 +7,0,,0
816,10,1 2 5 9 22 38,12 18 19 29 31 39 +7,0,,0
817,1,4 8 16 20 22 23,3 9 12 13 25 43 +34,0,,0
817,2,7 19 20 21 24 40,3 9 12 13 25 43 +34,0,,0
817,3,4 6 17 19 20 27,3 9 12 13 25 43 +34,0,,0
817,4,1 2 21 33 36 39,3 9 12 13 25 43 +34,0,,0
817,5,15 16 22 24 27 35,3 9 12 13 25 43 +34,0,,0
817,6,21 22 29 30 40 43,3 9 12 13 25 43 +34,1,43,0
817,7,5 13 20 24 38 41,3 9 12 13 25 43 +34,1,13,0
817,8,20 23 27 31 37 45,3 9 12 13 25 43 +34,0,,0
817,9,1 11 20 36 39 43,3 9 12 13 25 43 +34,1,43,0
817,10,5 6 11 28 41 42,3 9 12 13 25 43 +34,0,,0
818,1,15 22 28 33 35 40,14 15 25 28 29 30 +3,2,15 28,0
818,2,1 16 20 28 44 45,14 15 25 28 29 30 +3,1,28,0
818,3,6 11 23 28 39 43,14 15 25 28 29 30 +3,1,28,0
818,4,2 14 26 35 41 44,14 15 25 28 29 30 +3,1,14,0
818,5,5 26 32 33 39 40,14 15 25 28 29 30 +3,0,,0
818,6,5 12 15 19 31 34,14 15 25 28 29 30 +3,1,15,0
818,7,10 13 20 38 43 44,14 15 25 28 29 30 +3,0,,0
818,8,14 17 19 21 22 43,14 15 25 28 29 30 +3,1,14,0
818,9,4 5 17 27 29 43,14 15 25 28 29 30 +3,1,29,0
818,10,6 7 13 15 17 32,14 15 25 28 29 30 +3,1,15,0
819,1,1 10 12 14 15 37,16 25 33 38 40 45 +15,0,,0
819,2,20 21 26 34 40 43,16 25 33 38 40 45 +15,1,40,0
819,3,7 19 23 24 30 32,16 25 33 38 40 45 +15,0,,0
819,4,11 19 28 30 41 44,16 25 33 38 40 45 +15,0,,0
819,5,7 22 29 31 32 40,16 25 33 38 40 45 +15,1,40,0
819,6,6 7 16 23 33 40,16 25 33 38 40 45 +15,3,16 33 40,5
819,7,8 14 31 33 34 43,16 25 33 38 40 45 +15,1,33,0
819,8,6 11 31 33 36 41,16 25 33 38 40 45 +15,1,33,0
819,9,7 30 33 36 38 43,16 25 33 38 40 45 +15,2,33 38,0
819,10,1 3 24 27 29 40,16 25 33 38 40 45 +15,1,40,0
820,1,1 6 19 24 25 30,10 21 22 30 35 42 +6,1,30,0
820,2,3 7 24 26 28 33,10 21 22 30 35 42 +6,0,,0
820,3,1 3 7 19 27 38,10 21 22 30 35 42 +6,0,,0
820,4,6 12 22 26 37 41,10 21 22 30 35 42 +6,1,22,0
820,5,3 16 18 29 31 32,10 21 22 30 35 42 +6,0,,0
820,6,7 16 22 31 38 42,10 21 22 30 35 42 +6,2,22 42,0
820,7,12 17 26 30 31 38,10 21 22 30 35 42 +6,1,30,0
820,8,7 12 25 28 38 39,10 21 22 30 35 42 +6,0,,0
820,9,3 11 16 28 34 38,10 21 22 30 35 42 +6,0,,0
820,10,1 13 18 20 28 36,10 21 22 30 35 42 +6,0,,0
821,1,1 16 20 22 38 40,1 12 13 24 29 44 +16,1,1,0
821,2,1 7 9 19 26 32,1 12 13 24 29 44 +16,1,1,0
821,3,6 11 13 14 37 43,1 12 13 24 29 44 +16,1,13,0
821,4,3 7 19 21 27 30,1 12 13 24 29 44 +16,0,,0
821,5,4 22 33 43 44 45,1 12 13 24 29 44 +16,1,44,0
821,6,6 21 31 36 37 44,1 12 13 24 29 44 +16,1,44,0
821,7,12 13 15 19 25 30,1 12 13 24 29 44 +16,2,12 13,0
821,8,1 13 17 20 29 44,1 12 13 24 29 44 +16,4,1 13 29 44,4
821,9,20 25 26 31 36 40,1 12 13 24 29 44 +16,0,,0
821,10,1 6 8 13 41 43,1 12 13 24 29 44 +16,2,1 13,0
822,1,7 16 32 33 38 42,9 18 20 24 27 36 +12,0,,0
822,2,1 8 18 32 41 42,9 18 20 24 27 36 +12,1,18,0
822,3,4 13 14 36 37 45,9 18 20 24 27 36 +12,1,36,0
822,4,9 14 17 22 26 40,9 18 20 24 27 36 +12,1,9,0
822,5,5 12 28 41 42 43,9 18 20 24 27 36 +12,0,,0
822,6,5 6 8 13 25 40,9 18 20 24 27 36 +12,0,,0
822,7,12 16 24 31 32 40,9 18 20 24 27 36 +12,1,24,0
822,8,1 6 21 27 28 38,9 18 20 24 27 36 +12,1,27,0
822,9,5 25 30 39 40 42,9 18 20 24 27 36 +12,0,,0
822,10,5 6 9 12 20 41,9 18 20 24 27 36 +12,2,9 20,0
823,1,4 12 15 16 31 45,12 18 24 26 39 40 +15,1,12,0
823,2,4 21 26 33 37 44,12 18 24 26 39 40 +15,1,26,0
823,3,6 11 18 35 36 42,12 18 24 26 39 40 +15,1,18,0
823,4,1 2 5 15 24 43,12 18 24 26 39 40 +15,1,24,0
823,5,7 18 20 28 35 45,12 18 24 26 39 40 +15,1,18,0
823,6,9 11 28 32 34 45,12 18 24 26 39 40 +15,0,,0
823,7,5 10 13 25 38 42,12 18 24 26 39 40 +15,0,,0
823,8,1 4 5 22 25 34,12 18 24 26 39 40 +15,0,,0
823,9,7 15 16 22 23 45,12 18 24 26 39 40 +15,0,,0
823,10,5 9 14 20 40 41,12 18 24 26 39 40 +15,1,40,0
824,1,9 11 16 30 33 43,7 9 24 29 34 38 +26,1,9,0
824,2,7 12 24 25 26 33,7 9 24 29 34 38 +26,2,7 24,0
824,3,18 26 28 29 33 37,7 9 24 29 34 38 +26,1,29,0
824,4,20 21 22 27 36 45,7 9 24 29 34 38 +26,0,,0
824,5,7 8 9 25 28 30,7 9 24 29 34 38 +26,2,7 9,0
824,6,6 8 12 25 26 39,7 9 24 29 34 38 +26,0,,0
824,7,29 33 34 38 40 43,7 9 24 29 34 38 +26,3,29 34 38,5
824,8,11 16 23 32 34 41,7 9 24 29 34 38 +26,1,34,0
824,9,8 32 34 36 43 44,7 9 24 29 34 38 +26,1,34,0
824,10,2 6 8 19 26 41,7 9 24 29 34 38 +26,0,,0
825,1,3 11 19 30 36 39,8 15 21 31 33 38 +42,0,,0
825,2,12 16 22 24 40 42,8 15 21 31 33 38 +42,0,,0
825,3,7 10 12 34 40 41,8 15 21 31 33 38 +42,0,,0
825,4,13 15 23 25 37 43,8 15 21 31 33 38 +42,1,15,0
825,5,1 13 18 20 32 44,8 15 21 31 33 38 +42,0,,0
825,6,5 6 15 39 42 43,8 15 21 31 33 38 +42,1,15,0
825,7,4 9 13 18 25 32,8 15 21 31 33 38 +42,0,,0
825,8,5 8 13 28 40 42,8 15 21 31 33 38 +42,1,8,0
825,9,1 7 15 22 34 35,8 15 21 31 33 38 +42,1,15,0
825,10,2 4 9 11 29 41,8 15 21 31 33 38 +42,0,,0
826,1,10 28 32 33 37 41,13 16 24 25 33 36 +42,1,33,0
826,2,2 6 7 16 31 45,13 16 24 25 33 36 +42,1,16,0
826,3,8 13 15 19 44 45,13 16 24 25 33 36 +42,1,13,0
826,4,9 12 15 21 30 35,13 16 24 25 33 36 +42,0,,0
826,5,5 7 15 18 32 36,13 16 24 25 33 36 +42,1,36,0
826,6,7 11 19 24 28 41,13 16 24 25 33 36 +42,1,24,0
826,7,9 10 11 13 16 25,13 16 24 25 33 36 +42,3,13 16 25,5
826,8,8 13 16 18 19 41,13 16 24 25 33 36 +42,2,13 16,0
826,9,10 12 14 18 32 39,13 16 24 25 33 36 +42,0,,0
826,10,9 10 21 26 27 33,13 16 24 25 33 36 +42,1,33,0
827,1,6 7 15 21 24 34,5 11 12 29 33 44 +14,0,,0
827,2,3 5 13 21 23 31,5 11 12 29 33 44 +14,1,5,0
827,3,4 5 14 31 38 42,5 11 12 29 33 44 +14,1,5,0
827,4,1 7 11 12 24 44,5 11 12 29 33 44 +14,3,11 12 44,5
827,5,7 9 10 14 22 23,5 11 12 29 33 44 +14,0,,0
827,6,5 11 21 38 40 44,5 11 12 29 33 44 +14,3,5 11 44,5
827,7,7 17 18 21 22 33,5 11 12 29 33 44 +14,1,33,0
827,8,15 16 26 30 37 44,5 11 12 29 33 44 +14,1,44,0
827,9,12 20 30 36 41 43,5 11 12 29 33 44 +14,1,12,0
827,10,13 24 31 34 38 44,5 11 12 29 33 44 +14,1,44,0
828,1,7 17 28 29 34 42,4 7 13 29 31 39 +18,2,7 29,0
828,2,2 3 8 9 32 33,4 7 13 29 31 39 +18,0,,0
828,3,11 17 18 33 38 43,4 7 13 29 31 39 +18,0,,0
828,4,5 12 13 17 23 45,4 7 13 29 31 39 +18,1,13,0
828,5,4 12 20 28 38 44,4 7 13 29 31 39 +18,1,4,0
828,6,4 18 36 37 42 44,4 7 13 29 31 39 +18,1,4,0
828,7,10 18 21 32 33 38,4 7 13 29 31 39 +18,0,,0
828,8,16 21 32 38 39 42,4 7 13 29 31 39 +18,1,39,0
828,9,6 20 34 35 41 42,4 7 13 29 31 39 +18,0,,0
828,10,7 9 10 11 23 44,4 7 13 29 31 39 +18,1,7,0
829,1,9 17 25 30 33 43,4 5 31 35 43 45 +29,1,43,0
829,2,18 22 23 32 35 38,4 5 31 35 43 45 +29,1,35,0
829,3,19 26 31 33 41 43,4 5 31 35 43 45 +29,2,31 43,0
829,4,23 27 28 31 36 37,4 5 31 35 43 45 +29,1,31,0
829,5,2 5 31 33 39 41,4 5 31 35 43 45 +29,2,5 31,0
829,6,18 26 31 34 39 45,4 5 31 35 43 45 +29,2,31 45,0
829,7,1 6 9 10 29 40,4 5 31 35 43 45 +29,0,,0
829,8,9 11 13 16 38 45,4 5 31 35 43 45 +29,1,45,0
829,9,11 19 20 23 26 45,4 5 31 35 43 45 +29,1,45,0
829,10,10 14 24 28 31 39,4 5 31 35 43 45 +29,1,31,0
830,1,4 7 12 26 31 37,5 6 16 18 37 38 +17,1,37,0
830,2,10 20 29 33 37 45,5 6 16 18 37 38 +17,1,37,0
830,3,3 5 8 21 38 44,5 6 16 18 37 38 +17,2,5 38,0
830,4,6 9 10 15 33 37,5 6 16 18 37 38 +17,2,6 37,0
830,5,10 12 28 35 41 45,5 6 16 18 37 38 +17,0,,0
830,6,12 16 20 22 24 44,5 6 16 18 37 38 +17,1,16,0
830,7,3 6 7 26 35 38,5 6 16 18 37 38 +17,2,6 38,0
830,8,3 6 20 21 23 32,5 6 16 18 37 38 +17,1,6,0
830,9,5 22 23 33 38 39,5 6 16 18 37 38 +17,2,5 38,0
830,10,2 9 23 24 25 26,5 6 16 18 37 38 +17,0,,0
831,1,15 18 26 33 40 44,3 10 16 19 31 39 +9,0,,0
831,2,11 12 13 15 44 45,3 10 16 19 31 39 +9,0,,0
831,3,2 4 13 14 24 34,3 10 16 19 31 39 +9,0,,0
831,4,4 19 22 27 29 41,3 10 16 19 31 39 +9,1,19,0
831,5,4 6 29 38 40 42,3 10 16 19 31 39 +9,0,,0
831,6,20 27 32 34 40 43,3 10 16 19 31 39 +9,0,,0
831,7,1 3 8 21 22 41,3 10 16 19 31 39 +9,1,3,0
831,8,6 28 33 37 38 40,3 10 16 19 31 39 +9,0,,0
831,9,8 12 15 20 25 36,3 10 16 19 31 39 +9,0,,0
831,10,5 10 11 33 40 42,3 10 16 19 31 39 +9,1,10,0
832,1,8 15 19 23 28 36,13 14 19 26 40 43 +30,1,19,0
832,2,2 3 4 10 26 36,13 14 19 26 40 43 +30,1,26,0
832,3,8 9 10 22 29 41,13 14 19 26 40 43 +30,0,,0
832,4,5 19 20 23 31 40,13 14 19 26 40 43 +30,2,19 40,0
832,5,7 13 25 29 35 39,13 14 19 26 40 43 +30,1,13,0
832,6,3 7 14 15 28 37,13 14 19 26 40 43 +30,1,14,0
832,7,9 13 22 30 39 44,13 14 19 26 40 43 +30,1,13,0
832,8,9 16 30 32 35 37,13 14 19 26 40 43 +30,0,,0
832,9,2 8 12 18 22 29,13 14 19 26 40 43 +30,0,,0
832,10,4 7 10 14 21 42,13 14 19 26 40 43 +30,1,14,0
833,1,5 11 27 34 39 45,12 18 30 39 41 42 +19,1,39,0
833,2,17 19 24 40 41 45,12 18 30 39 41 42 +19,1,41,0
833,3,11 12 16 20 25 43,12 18 30 39 41 42 +19,1,12,0
833,4,5 12 28 29 32 41,12 18 30 39 41 42 +19,2,12 41,0
833,5,12 16 20 21 27 45,12 18 30 39 41 42 +19,1,12,0
833,6,1 7 14 28 30 45,12 18 30 39 41 42 +19,1,30,0
833,7,21 23 26 30 39 45,12 18 30 39 41 42 +19,2,30 39,0
833,8,12 13 27 28 37 42,12 18 30 39 41 42 +19,2,12 42,0
833,9,2 8 25 27 30 39,12 18 30 39 41 42 +19,2,30 39,0
833,10,1 6 8 19 21 45,12 18 30 39 41 42 +19,0,,0
834,1,11 15 35 41 43 44,6 8 18 35 42 43 +3,2,35 43,0
834,2,3 5 21 23 26 27,6 8 18 35 42 43 +3,0,,0
834,3,6 19 26 27 29 42,6 8 18 35 42 43 +3,2,6 42,0
834,4,10 15 28 30 33 38,6 8 18 35 42 43 +3,0,,0
834,5,2 13 28 31 39 43,6 8 18 35 42 43 +3,1,43,0
834,6,3 14 22 27 33 41,6 8 18 35 42 43 +3,0,,0
834,7,5 29 34 37 42 45,6 8 18 35 42 43 +3,1,42,0
834,8,1 7 22 34 43 44,6 8 18 35 42 43 +3,1,43,0
834,9,6 7 10 15 38 41,6 8 18 35 42 43 +3,1,6,0
834,10,4 20 27 41 43 45,6 8 18 35 42 43 +3,1,43,0
835,1,2 5 20 34 42 45,9 10 13 28 38 45 +35,1,45,0
835,2,8 16 21 22 33 38,9 10 13 28 38 45 +35,1,38,0
835,3,11 18 19 31 34 38,9 10 13 28 38 45 +35,1,38,0
835,4,4 15 17 29 30 36,9 10 13 28 38 45 +35,0,,0
835,5,9 11 16 22 39 44,9 10 13 28 38 45 +35,1,9,0
835,6,14 17 19 38 41 44,9 10 13 28 38 45 +35,1,38,0
835,7,9 14 17 21 31 38,9 10 13 28 38 45 +35,2,9 38,0
835,8,13 16 22 39 41 43,9 10 13 28 38 45 +35,1,13,0
835,9,2 14 25 26 36 43,9 10 13 28 38 45 +35,0,,0
835,10,1 3 31 34 41 43,9 10 13 28 38 45 +35,0,,0
836,1,18 33 36 37 38 42,1 9 11 14 26 28 +19,0,,0
836,2,3 6 9 17 23 31,1 9 11 14 26 28 +19,1,9,0
836,3,2 6 10 16 23 37,1 9 11 14 26 28 +19,0,,0
836,4,2 5 12 21 24 33,1 9 11 14 26 28 +19,0,,0
836,5,4 5 7 16 18 20,1 9 11 14 26 28 +19,0,,0
836,6,8 9 18 19 28 34,1 9 11 14 26 28 +19,2,9 28,0
836,7,3 9 32 38 40 41,1 9 11 14 26 28 +19,1,9,0
836,8,1 6 16 21 33 44,1 9 11 14 26 28 +19,1,1,0
836,9,4 11 14 18 31 43,1 9 11 14 26 28 +19,2,11 14,0
836,10,3 6 9 21 33 44,1 9 11 14 26 28 +19,1,9,0
837,1,7 14 16 23 25 39,2 25 28 30 33 45 +6,1,25,0
837,2,1 7 12 36 39 44,2 25 28 30 33 45 +6,0,,0
837,3,11 12 23 24 40 45,2 25 28 30 33 45 +6,1,45,0
837,4,13 14 20 25 28 36,2 25 28 30 33 45 +6,2,25 28,0
837,5,3 4 6 13 17 25,2 25 28 30 33 45 +6,1,25,0
837,6,10 14 23 35 37 38,2 25 28 30 33 45 +6,0,,0
837,7,5 12 14 21 28 41,2 25 28 30 33 45 +6,1,28,0
837,8,2 12 26 35 38 45,2 25 28 30 33 45 +6,2,2 45,0
837,9,6 9 17 32 43 45,2 25 28 30 33 45 +6,1,45,0
837,10,5 6 9 12 32 45,2 25 28 30 33 45 +6,1,45,0
838,1,9 17 18 19 35 45,9 14 17 33 36 38 +20,2,9 17,0
838,2,15 17 21 23 36 37,9 14 17 33 36 38 +20,2,17 36,0
838,3,3 9 24 34 38 41,9 14 17 33 36 38 +20,2,9 38,0
838,4,6 7 14 31 34 35,9 14 17 33 36 38 +20,1,14,0
838,5,1 18 30 34 41 43,9 14 17 33 36 38 +20,0,,0
838,6,4 13 17 24 30 40,9 14 17 33 36 38 +20,1,17,0
838,7,12 13 18 22 23 28,9 14 17 33 36 38 +20,0,,0
838,8,5 7 18 29 33 45,9 14 17 33 36 38 +20,1,33,0
838,9,15 19 25 26 28 41,9 14 17 33 36 38 +20,0,,0
838,10,5 6 7 8 25 34,9 14 17 33 36 38 +20,0,,0
839,1,2 14 23 29 30 33,3 9 11 12 13 19 +35,0,,0
839,2,15 20 27 31 43 44,3 9 11 12 13 19 +35,0,,0
839,3,6 9 25 38 41 42,3 9 11 12 13 19 +35,1,9,0
839,4,11 12 15 25 26 42,3 9 11 12 13 19 +35,2,11 12,0
839,5,2 14 21 22 27 34,3 9 11 12 13 19 +35,0,,0
839,6,1 2 12 24 37 40,3 9 11 12 13 19 +35,1,12,0
839,7,9 11 28 32 33 43,3 9 11 12 13 19 +35,2,9 11,0
839,8,4 7 13 30 36 39,3 9 11 12 13 19 +35,1,13,0
839,9,1 4 10 12 33 39,3 9 11 12 13 19 +35,1,12,0
839,10,6 10 21 24 33 45,3 9 11 12 13 19 +35,0,,0
840,1,2 4 28 30 36 42,2 4 11 28 29 43 +27,3,2 4 28,5
840,2,6 9 16 24 29 42,2 4 11 28 29 43 +27,1,29,0
840,3,2 7 12 15 37 45,2 4 11 28 29 43 +27,1,2,0
840,4,1 6 10 23 30 40,2 4 11 28 29 43 +27,0,,0
840,5,1 18 19 28 40 43,2 4 11 28 29 43 +27,2,28 43,0
840,6,2 11 17 31 32 43,2 4 11 28 29 43 +27,3,2 11 43,5
840,7,9 11 21 31 34 43,2 4 11 28 29 43 +27,2,11 43,0
840,8,8 17 19 29 44 45,2 4 11 28 29 43 +27,1,29,0
840,9,4 14 16 31 33 35,2 4 11 28 29 43 +27,1,4,0
840,10,12 22 30 35 40 45,2 4 11 28 29 43 +27,0,,0
841,1,13 16 20 25 27 35,5 11 14 30 33 38 +24,0,,0
841,2,9 14 31 33 38 42,5 11 14 30 33 38 +24,3,14 33 38,5
841,3,13 17 32 37 41 45,5 11 14 30 33 38 +24,0,,0
841,4,10 12 16 26 28 35,5 11 14 30 33 38 +24,0,,0
841,5,3 4 13 16 30 34,5 11 14 30 33 38 +24,1,30,0
841,6,4 7 28 35 39 43,5 11 14 30 33 38 +24,0,,0
841,7,3 5 17 18 23 33,5 11 14 30 33 38 +24,2,5 33,0
841,8,5 24 33 41 43 45,5 11 14 30 33 38 +24,2,5 33,0
841,9,3 9 13 23 36 43,5 11 14 30 33 38 +24,0,,0
841,10,1 10 14 15 35 45,5 11 14 30 33 38 +24,1,14,0
842,1,14 23 32 34 38 40,14 26 32 36 39 42 +38,2,14 32,0
842,2,1 8 27 30 38 41,14 26 32 36 39 42 +38,0,,0
842,3,6 18 23 26 39 43,14 26 32 36 39 42 +38,2,26 39,0
842,4,4 12 28 32 37 45,14 26 32 36 39 42 +38,1,32,0
842,5,7 14 21 27 30 45,14 26 32 36 39 42 +38,1,14,0
842,6,1 3 7 30 32 39,14 26 32 36 39 42 +38,2,32 39,0
842,7,1 4 7 14 26 40,14 26 32 36 39 42 +38,2,14 26,0
842,8,2 3 9 26 41 42,14 26 32 36 39 42 +38,2,26 42,0
842,9,1 6 14 20 22 23,14 26 32 36 39 42 +38,1,14,0
842,10,1 8 9 10 33 45,14 26 32 36 39 42 +38,0,,0
843,1,6 18 19 27 30 45,19 21 30 33 34 42 +4,2,19 30,0
843,2,1 18 26 30 41 44,19 21 30 33 34 42 +4,1,30,0
843,3,4 6 14 17 18 29,19 21 30 33 34 42 +4,0,,0
843,4,8 15 29 36 41 44,19 21 30 33 34 42 +4,0,,0
843,5,2 6 10 22 25 29,19 21 30 33 34 42 +4,0,,0
843,6,2 3 11 35 41 43,19 21 30 33 34 42 +4,0,,0
843,7,1 7 8 16 31 35,19 21 30 33 34 42 +4,0,,0
843,8,4 8 11 26 33 35,19 21 30 33 34 42 +4,1,33,0
843,9,4 8 17 24 37 38,19 21 30 33 34 42 +4,0,,0
843,10,1 12 25 28 34 43,19 21 30 33 34 42 +4,1,34,0
844,1,9 26 33 34 44 45,7 8 13 15 33 45 +18,2,33 45,0
844,2,2 3 13 39 41 44,7 8 13 15 33 45 +18,1,13,0
844,3,3 7 21 24 32 45,7 8 13 15 33 45 +18,2,7 45,0
844,4,3 12 17 23 34 35,7 8 13 15 33 45 +18,0,,0
844,5,4 14 18 21 25 27,7 8 13 15 33 45 +18,0,,0
844,6,12 13 17 18 27 36,7 8 13 15 33 45 +18,1,13,0
844,7,2 4 7 13 28 40,7 8 13 15 33 45 +18,2,7 13,0
844,8,13 16 35 36 38 41,7 8 13 15 33 45 +18,1,13,0
844,9,17 19 22 34 44 45,7 8 13 15 33 45 +18,1,45,0
844,10,1 2 22 31 37 38,7 8 13 15 33 45 +18,0,,0
845,1,3 27 28 29 36 39,1 16 29 33 40 45 +6,1,29,0
845,2,9 11 18 27 29 37,1 16 29 33 40 45 +6,1,29,0
845,3,1 22 32 41 43 45,1 16 29 33 40 45 +6,2,1 45,0
845,4,5 8 33 34 38 39,1 16 29 33 40 45 +6,1,33,0
845,5,7 28 34 38 39 40,1 16 29 33 40 45 +6,1,40,0
845,6,21 22 26 30 36 37,1 16 29 33 40 45 +6,0,,0
845,7,7 11 15 26 37 38,1 16 29 33 40 45 +6,0,,0
845,8,12 18 24 35 36 40,1 16 29 33 40 45 +6,1,40,0
845,9,4 21 30 32 43 44,1 16 29 33 40 45 +6,0,,0
845,10,2 3 9 33 37 41,1 16 29 33 40 45 +6,1,33,0
846,1,2 11 12 21 36 37,5 18 30 41 43 45 +13,0,,0
846,2,7 10 11 18 19 34,5 18 30 41 43 45 +13,1,18,0
846,3,1 3 10 11 22 42,5 18 30 41 43 45 +13,0,,0
846,4,3 10 12 28 34 41,5 18 30 41 43 45 +13,1,41,0
846,5,20 23 26 29 30 38,5 18 30 41 43 45 +13,1,30,0
846,6,3 10 13 16 37 44,5 18 30 41 43 45 +13,0,,0
846,7,6 9 18 27 30 41,5 18 30 41 43 45 +13,3,18 30 41,5
846,8,5 10 29 31 32 38,5 18 30 41 43 45 +13,1,5,0
846,9,20 21 23 25 32 43,5 18 30 41 43 45 +13,1,43,0
846,10,1 4 12 15 16 38,5 18 30 41 43 45 +13,0,,0
847,1,16 20 26 31 39 43,12 16 26 28 30 42 +22,2,16 26,0
847,2,5 10 18 27 32 39,12 16 26 28 30 42 +22,0,,0
847,3,9 12 16 24 35 45,12 16 26 28 30 42 +22,2,12 16,0
847,4,2 10 12 16 20 28,12 16 26 28 30 42 +22,3,12 16 28,5
847,5,2 13 20 21 27 41,12 16 26 28 30 42 +22,0,,0
847,6,7 8 15 29 30 45,12 16 26 28 30 42 +22,1,30,0
847,7,4 11 20 26 34 38,12 16 26 28 30 42 +22,1,26,0
847,8,3 5 15 24 34 41,12 16 26 28 30 42 +22,0,,0
847,9,10 20 24 35 39 43,12 16 26 28 30 42 +22,0,,0
847,10,5 15 21 36 41 45,12 16 26 28 30 42 +22,0,,0
848,1,4 12 20 28 40 41,1 2 16 22 38 39 +34,0,,0
848,2,3 8 9 12 20 32,1 2 16 22 38 39 +34,0,,0
848,3,10 13 28 36 39 43,1 2 16 22 38 39 +34,1,39,0
848,4,8 15 18 27 33 40,1 2 16 22 38 39 +34,0,,0
848,5,17 19 20 35 38 45,1 2 16 22 38 39 +34,1,38,0
848,6,8 9 10 14 17 38,1 2 16 22 38 39 +34,1,38,0
848,7,1 2 14 21 29 31,1 2 16 22 38 39 +34,2,1 2,0
848,8,2 9 10 11 23 43,1 2 16 22 38 39 +34,1,2,0
848,9,8 11 15 31 37 43,1 2 16 22 38 39 +34,0,,0
848,10,2 3 12 28 29 33,1 2 16 22 38 39 +34,1,2,0
849,1,8 9 19 29 35 36,5 13 17 29 34 39 +3,1,29,0
849,2,4 5 13 26 38 41,5 13 17 29 34 39 +3,2,5 13,0
849,3,5 7 19 34 35 44,5 13 17 29 34 39 +3,2,5 34,0
849,4,4 13 25 26 42 45,5 13 17 29 34 39 +3,1,13,0
849,5,9 16 28 35 40 43,5 13 17 29 34 39 +3,0,,0
849,6,4 10 11 19 32 39,5 13 17 29 34 39 +3,1,39,0
849,7,1 8 16 22 42 45,5 13 17 29 34 39 +3,0,,0
849,8,7 28 31 34 39 40,5 13 17 29 34 39 +3,2,34 39,0
849,9,1 2 3 33 35 42,5 13 17 29 34 39 +3,0,,0
849,10,12 20 34 40 44 45,5 13 17 29 34 39 +3,1,34,0
850,1,7 18 22 27 36 39,16 20 24 28 36 39 +5,2,36 39,0
850,2,1 3 25 26 41 45,16 20 24 28 36 39 +5,0,,0
850,3,10 16 29 31 39 44,16 20 24 28 36 39 +5,2,16 39,0
850,4,6 7 17 28 30 45,16 20 24 28 36 39 +5,1,28,0
850,5,6 10 26 29 33 41,16 20 24 28 36 39 +5,0,,0
850,6,3 8 10 28 29 35,16 20 24 28 36 39 +5,1,28,0
850,7,4 7 8 9 38 39,16 20 24 28 36 39 +5,1,39,0
850,8,2 22 23 24 30 39,16 20 24 28 36 39 +5,2,24 39,0
850,9,1 7 20 25 32 41,16 20 24 28 36 39 +5,1,20,0
850,10,14 15 20 21 26 36,16 20 24 28 36 39 +5,2,20 36,0
851,1,13 14 24 29 31 33,14 18 22 26 31 44 +40,2,14 31,0
851,2,1 7 25 33 36 45,14 18 22 26 31 44 +40,0,,0
851,3,14 15 17 24 28 39,14 18 22 26 31 44 +40,1,14,0
851,4,5 16 31 33 38 41,14 18 22 26 31 44 +40,1,31,0
851,5,4 12 15 17 26 27,14 18 22 26 31 44 +40,1,26,0
851,6,4 14 15 25 27 38,14 18 22 26 31 44 +40,1,14,0
851,7,21 26 31 34 35 40,14 18 22 26 31 44 +40,2,26 31,0
851,8,1 2 14 28 41 43,14 18 22 26 31 44 +40,1,14,0
851,9,8 14 31 37 44 45,14 18 22 26 31 44 +40,3,14 31 44,5
851,10,2 3 5 26 29 45,14 18 22 26 31 44 +40,1,26,0
852,1,7 13 17 22 29 44,11 17 28 30 33 35 +9,1,17,0
852,2,7 10 11 15 19 30,11 17 28 30 33 35 +9,2,11 30,0
852,3,3 26 32 36 38 45,11 17 28 30 33 35 +9,0,,0
852,4,18 20 38 40 42 45,11 17 28 30 33 35 +9,0,,0
852,5,9 23 26 33 35 44,11 17 28 30 33 35 +9,2,33 35,0
852,6,10 14 17 22 24 42,11 17 28 30 33 35 +9,1,17,0
852,7,3 11 12 21 40 45,11 17 28 30 33 35 +9,1,11,0
852,8,20 22 28 33 35 40,11 17 28 30 33 35 +9,3,28 33 35,5
852,9,10 19 25 35 43 45,11 17 28 30 33 35 +9,1,35,0
852,10,7 11 19 26 33 38,11 17 28 30 33 35 +9,2,11 33,0
853,1,1 4 14 23 29 30,2 8 23 26 27 44 +13,1,23,0
853,2,2 17 18 22 23 43,2 8 23 26 27 44 +13,2,2 23,0
853,3,2 5 22 34 38 42,2 8 23 26 27 44 +13,1,2,0
853,4,3 6 20 23 27 43,2 8 23 26 27 44 +13,2,23 27,0
853,5,9 14 25 29 34 37,2 8 23 26 27 44 +13,0,,0
853,6,10 15 19 25 37 41,2 8 23 26 27 44 +13,0,,0
853,7,8 13 17 19 28 37,2 8 23 26 27 44 +13,1,8,0
853,8,3 8 26 27 28 42,2 8 23 26 27 44 +13,3,8 26 27,5
853,9,4 19 40 42 43 45,2 8 23 26 27 44 +13,0,,0
853,10,1 2 11 14 17 36,2 8 23 26 27 44 +13,1,2,0
854,1,3 5 7 9 16 28,20 25 31 32 36 43 +3,0,,0
854,2,1 6 7 18 22 38,20 25 31 32 36 43 +3,0,,0
854,3,2 4 6 11 14 24,20 25 31 32 36 43 +3,0,,0
854,4,1 10 16 33 36 37,20 25 31 32 36 43 +3,1,36,0
854,5,4 13 25 26 28 30,20 25 31 32 36 43 +3,1,25,0
854,6,7 8 19 24 35 41,20 25 31 32 36 43 +3,0,,0
854,7,1 5 11 19 26 40,20 25 31 32 36 43 +3,0,,0
854,8,8 9 17 34 38 45,20 25 31 32 36 43 +3,0,,0
854,9,1 11 27 32 33 38,20 25 31 32 36 43 +3,1,32,0
854,10,1 9 18 19 24 34,20 25 31 32 36 43 +3,0,,0
855,1,5 17 23 31 37 44,8 15 17 19 43 44 +7,2,17 44,0
855,2,11 18 23 24 31 35,8 15 17 19 43 44 +7,0,,0
855,3,2 3 4 30 31 35,8 15 17 19 43 44 +7,0,,0
855,4,13 23 27 30 43 45,8 15 17 19 43 44 +7,1,43,0
855,5,2 8 20 34 35 41,8 15 17 19 43 44 +7,1,8,0
855,6,5 12 17 25 38 44,8 15 17 19 43 44 +7,2,17 44,0
855,7,7 23 30 32 41 42,8 15 17 19 43 44 +7,0,,0
855,8,11 14 19 20 24 27,8 15 17 19 43 44 +7,1,19,0
855,9,4 11 17 27 31 38,8 15 17 19 43 44 +7,1,17,0
855,10,1 4 22 29 35 39,8 15 17 19 43 44 +7,0,,0
856,1,3 11 13 20 28 45,10 24 40 41 43 44 +17,0,,0
856,2,6 8 13 34 35 38,10 24 40 41 43 44 +17,0,,0
856,3,4 7 8 10 13 32,10 24 40 41 43 44 +17,1,10,0
856,4,5 12 25 31 40 43,10 24 40 41 43 44 +17,2,40 43,0
856,5,30 31 34 39 41 45,10 24 40 41 43 44 +17,1,41,0
856,6,1 16 19 37 43 44,10 24 40 41 43 44 +17,2,43 44,0
856,7,13 29 35 37 44 45,10 24 40 41 43 44 +17,1,44,0
856,8,4 7 28 29 39 44,10 24 40 41 43 44 +17,1,44,0
856,9,1 5 6 11 17 34,10 24 40 41 43 44 +17,0,,0
856,10,1 19 21 22 23 36,10 24 40 41 43 44 +17,0,,0
857,1,6 18 20 26 35 39,6 10 16 28 34 38 +43,1,6,0
857,2,2 3 7 16 25 43,6 10 16 28 34 38 +43,1,16,0
857,3,5 14 20 21 33 44,6 10 16 28 34 38 +43,0,,0
857,4,2 6 9 15 37 38,6 10 16 28 34 38 +43,2,6 38,0
857,5,15 20 24 32 33 41,6 10 16 28 34 38 +43,0,,0
857,6,1 5 13 26 28 40,6 10 16 28 34 38 +43,1,28,0
857,7,4 9 12 15 35 36,6 10 16 28 34 38 +43,0,,0
857,8,11 17 35 41 42 45,6 10 16 28 34 38 +43,0,,0
857,9,1 12 14 21 25 31,6 10 16 28 34 38 +43,0,,0
857,10,6 20 23 28 38 44,6 10 16 28 34 38 +43,3,6 28 38,5
858,1,16 26 27 33 36 40,9 13 32 38 39 43 +23,0,,0
858,2,11 13 35 41 42 43,9 13 32 38 39 43 +23,2,13 43,0
858,3,7 29 31 34 42 45,9 13 32 38 39 43 +23,0,,0
858,4,16 21 22 33 39 40,9 13 32 38 39 43 +23,1,39,0
858,5,4 6 8 19 37 40,9 13 32 38 39 43 +23,0,,0
858,6,12 21 27 28 38 45,9 13 32 38 39 43 +23,1,38,0
858,7,1 3 11 13 24 38,9 13 32 38 39 43 +23,2,13 38,0
858,8,3 9 16 27 33 38,9 13 32 38 39 43 +23,2,9 38,0
858,9,4 7 11 18 32 45,9 13 32 38 39 43 +23,1,32,0
858,10,14 15 16 17 25 35,9 13 32 38 39 43 +23,0,,0
859,1,14 22 28 40 43 45,8 22 35 38 39 41 +24,1,22,0
859,2,19 23 24 28 34 35,8 22 35 38 39 41 +24,1,35,0
859,3,1 3 11 12 20 36,8 22 35 38 39 41 +24,0,,0
859,4,12 24 29 34 35 38,8 22 35 38 39 41 +24,2,35 38,0
859,5,4 12 15 22 36 38,8 22 35 38 39 41 +24,2,22 38,0
859,6,3 18 22 24 39 45,8 22 35 38 39 41 +24,2,22 39,0
859,7,12 17 25 36 37 40,8 22 35 38 39 41 +24,0,,0
859,8,3 8 17 28 40 42,8 22 35 38 39 41 +24,1,8,0
859,9,6 16 18 24 37 38,8 22 35 38 39 41 +24,1,38,0
859,10,18 34 35 39 40 44,8 22 35 38 39 41 +24,2,35 39,0
860,1,1 17 23 30 31 42,4 8 18 25 27 32 +42,0,,0
860,2,2 7 15 25 27 29,4 8 18 25 27 32 +42,2,25 27,0
860,3,2 13 21 30 33 37,4 8 18 25 27 32 +42,0,,0
860,4,3 7 20 32 36 45,4 8 18 25 27 32 +42,1,32,0
860,5,8 10 18 25 34 42,4 8 18 25 27 32 +42,3,8 18 25,5
860,6,13 27 30 36 42 45,4 8 18 25 27 32 +42,1,27,0
860,7,1 15 19 31 33 39,4 8 18 25 27 32 +42,0,,0
860,8,20 28 33 37 39 42,4 8 18 25 27 32 +42,0,,0
860,9,3 4 10 17 21 25,4 8 18 25 27 32 +42,2,4 25,0
860,10,2 6 24 29 35 43,4 8 18 25 27 32 +42,0,,0
861,1,5 6 16 20 21 44,11 17 19 21 22 25 +24,1,21,0
861,2,3 6 8 13 16 45,11 17 19 21 22 25 +24,0,,0
861,3,5 12 16 21 43 45,11 17 19 21 22 25 +24,1,21,0
861,4,1 6 11 16 23 30,11 17 19 21 22 25 +24,1,11,0
861,5,9 17 20 26 41 45,11 17 19 21 22 25 +24,1,17,0
861,6,2 10 11 38 41 43,11 17 19 21 22 25 +24,1,11,0
861,7,8 23 29 30 32 42,11 17 19 21 22 25 +24,0,,0
861,8,2 4 16 22 35 39,11 17 19 21 22 25 +24,1,22,0
861,9,3 7 8 28 36 43,11 17 19 21 22 25 +24,0,,0
861,10,16 28 37 39 41 42,11 17 19 21 22 25 +24,0,,0
862,1,6 7 10 12 18 26,10 34 38 40 42 43 +32,1,10,0
862,2,1 11 13 18 30 43,10 34 38 40 42 43 +32,1,43,0
862,3,11 15 28 39 41 44,10 34 38 40 42 43 +32,0,,0
862,4,7 19 22 24 27 35,10 34 38 40 42 43 +32,0,,0
862,5,17 32 33 34 35 36,10 34 38 40 42 43 +32,1,34,0
862,6,4 6 27 28 42 44,10 34 38 40 42 43 +32,1,42,0
862,7,7 9 10 14 15 23,10 34 38 40 42 43 +32,1,10,0
862,8,9 11 22 24 36 39,10 34 38 40 42 43 +32,0,,0
862,9,5 17 18 23 29 40,10 34 38 40 42 43 +32,1,40,0
862,10,3 8 11 24 26 37,10 34 38 40 42 43 +32,0,,0
863,1,8 18 26 34 35 41,16 21 28 35 39 43 +12,1,35,0
863,2,1 2 14 17 27 39,16 21 28 35 39 43 +12,1,39,0
863,3,1 3 14 15 22 43,16 21 28 35 39 43 +12,1,43,0
863,4,15 21 22 24 33 36,16 21 28 35 39 43 +12,1,21,0
863,5,5 20 28 32 40 43,16 21 28 35 39 43 +12,2,28 43,0
863,6,3 6 10 35 42 43,16 21 28 35 39 43 +12,2,35 43,0
863,7,9 10 17 25 42 45,16 21 28 35 39 43 +12,0,,0
863,8,11 17 28 34 36 37,16 21 28 35 39 43 +12,1,28,0
863,9,12 13 21 26 29 32,16 21 28 35 39 43 +12,1,21,0
863,10,5 6 12 22 33 42,16 21 28 35 39 43 +12,0,,0
864,1,2 7 10 33 34 45,3 7 10 13 25 36 +32,2,7 10,0
864,2,2 4 11 12 18 39,3 7 10 13 25 36 +32,0,,0
864,3,4 7 9 12 27 32,3 7 10 13 25 36 +32,1,7,0
864,4,2 4 9 18 41 43,3 7 10 13 25 36 +32,0,,0
864,5,1 12 17 18 30 45,3 7 10 13 25 36 +32,0,,0
864,6,3 23 27 35 42 43,3 7 10 13 25 36 +32,1,3,0
864,7,3 18 27 29 31 44,3 7 10 13 25 36 +32,1,3,0
864,8,3 14 18 22 31 38,3 7 10 13 25 36 +32,1,3,0
864,9,2 10 25 30 41 44,3 7 10 13 25 36 +32,2,10 25,0
864,10,4 13 18 33 40 44,3 7 10 13 25 36 +32,1,13,0
865,1,6 10 18 25 31 42,3 15 22 32 33 45 +2,0,,0
865,2,3 4 9 20 24 29,3 15 22 32 33 45 +2,1,3,0
865,3,2 3 8 21 35 36,3 15 22 32 33 45 +2,1,3,0
865,4,4 7 11 18 20 33,3 15 22 32 33 45 +2,1,33,0
865,5,23 25 35 38 39 40,3 15 22 32 33 45 +2,0,,0
865,6,5 21 22 26 32 40,3 15 22 32 33 45 +2,2,22 32,0
865,7,7 15 22 29 40 41,3 15 22 32 33 45 +2,2,15 22,0
865,8,9 23 29 38 42 43,3 15 22 32 33 45 +2,0,,0
865,9,3 6 7 12 34 45,3 15 22 32 33 45 +2,2,3 45,0
865,10,5 7 22 32 36 43,3 15 22 32 33 45 +2,2,22 32,0
866,1,10 11 22 23 25 29,9 15 29 34 37 39 +12,1,29,0
866,2,4 16 36 37 42 45,9 15 29 34 37 39 +12,1,37,0
866,3,5 11 21 22 42 43,9 15 29 34 37 39 +12,0,,0
866,4,3 4 11 18 44 45,9 15 29 34 37 39 +12,0,,0
866,5,25 29 31 38 41 43,9 15 29 34 37 39 +12,1,29,0
866,6,13 15 17 20 23 26,9 15 29 34 37 39 +12,1,15,0
866,7,9 11 12 21 25 43,9 15 29 34 37 39 +12,1,9,0
866,8,15 16 21 29 34 45,9 15 29 34 37 39 +12,3,15 29 34,5
866,9,8 11 23 24 36 45,9 15 29 34 37 39 +12,0,,0
866,10,5 25 28 34 41 45,9 15 29 34 37 39 +12,1,34,0
867,1,4 7 13 25 27 45,14 17 19 22 24 40 +41,0,,0
867,2,6 16 28 34 44 45,14 17 19 22 24 40 +41,0,,0
867,3,1 7 21 30 33 43,14 17 19 22 24 40 +41,0,,0
867,4,18 23 24 43 44 45,14 17 19 22 24 40 +41,1,24,0
867,5,2 21 26 33 44 45,14 17 19 22 24 40 +41,0,,0
867,6,5 8 9 14 33 40,14 17 19 22 24 40 +41,2,14 40,0
867,7,3 12 14 22 27 34,14 17 19 22 24 40 +41,2,14 22,0
867,8,5 15 19 33 34 41,14 17 19 22 24 40 +41,1,19,0
867,9,4 7 26 27 38 40,14 17 19 22 24 40 +41,1,40,0
867,10,3 17 25 26 30 37,14 17 19 22 24 40 +41,1,17,0
868,1,5 22 32 34 38 41,12 17 28 41 43 44 +25,1,41,0
868,2,3 6 10 11 14 21,12 17 28 41 43 44 +25,0,,0
868,3,5 7 28 29 32 42,12 17 28 41 43 44 +25,1,28,0
868,4,2 13 16 25 29 39,12 17 28 41 43 44 +25,0,,0
868,5,4 19 31 36 43 44,12 17 28 41 43 44 +25,2,43 44,0
868,6,3 10 14 16 35 42,12 17 28 41 43 44 +25,0,,0
868,7,6 8 14 27 32 35,12 17 28 41 43 44 +25,0,,0
868,8,4 10 22 32 38 44,12 17 28 41 43 44 +25,1,44,0
868,9,6 13 14 15 34 38,12 17 28 41 43 44 +25,0,,0
868,10,9 10 15 31 38 45,12 17 28 41 43 44 +25,0,,0
869,1,3 4 22 23 26 29,2 6 20 27 37 39 +4,0,,0
869,2,6 7 10 13 26 29,2 6 20 27 37 39 +4,1,6,0
869,3,14 16 25 27 28 29,2 6 20 27 37 39 +4,1,27,0
869,4,13 20 22 28 32 43,2 6 20 27 37 39 +4,1,20,0
869,5,5 14 15 20 40 43,2 6 20 27 37 39 +4,1,20,0
869,6,3 9 11 28 36 44,2 6 20 27 37 39 +4,0,,0
869,7,2 11 16 22 34 43,2 6 20 27 37 39 +4,1,2,0
869,8,2 7 19 21 30 35,2 6 20 27 37 39 +4,1,2,0
869,9,2 19 21 34 37 40,2 6 20 27 37 39 +4,2,2 37,0
869,10,18 22 25 27 33 44,2 6 20 27 37 39 +4,1,27,0
870,1,11 18 21 24 33 36,21 25 30 32 40 42 +31,1,21,0
870,2,4 10 18 27 37 40,21 25 30 32 40 42 +31,1,40,0
870,3,4 11 15 21 32 41,21 25 30 32 40 42 +31,2,21 32,0
870,4,18 22 27 35 41 42,21 25 30 32 40 42 +31,1,42,0
870,5,10 16 25 29 44 45,21 25 30 32 40 42 +31,1,25,0
870,6,4 13 28 33 40 43,21 25 30 32 40 42 +31,1,40,0
870,7,1 2 3 22 34 38,21 25 30 32 40 42 +31,0,,0
870,8,8 10 27 35 40 42,21 25 30 32 40 42 +31,2,40 42,0
870,9,4 14 16 24 42 44,21 25 30 32 40 42 +31,1,42,0
870,10,3 13 16 33 34 44,21 25 30 32 40 42 +31,0,,0
871,1,5 14 21 23 39 42,2 6 12 26 30 34 +38,0,,0
871,2,1 7 9 20 27 42,2 6 12 26 30 34 +38,0,,0
871,3,7 13 18 28 29 44,2 6 12 26 30 34 +38,0,,0
871,4,6 15 17 19 27 41,2 6 12 26 30 34 +38,1,6,0
871,5,14 18 33 35 41 44,2 6 12 26 30 34 +38,0,,0
871,6,13 18 29 38 42 44,2 6 12 26 30 34 +38,0,,0
871,7,16 18 21 23 26 44,2 6 12 26 30 34 +38,1,26,0
871,8,5 6 11 13 18 33,2 6 12 26 30 34 +38,1,6,0
871,9,3 16 27 33 37 39,2 6 12 26 30 34 +38,0,,0
871,10,9 12 20 26 42 45,2 6 12 26 30 34 +38,2,12 26,0
872,1,3 10 11 32 41 42,2 4 30 32 33 43 +29,1,32,0
872,2,14 15 17 20 31 33,2 4 30 32 33 43 +29,1,33,0
872,3,19 26 30 36 39 43,2 4 30 32 33 43 +29,2,30 43,0
872,4,15 23 26 27 33 43,2 4 30 32 33 43 +29,2,33 43,0
872,5,19 32 33 35 41 44,2 4 30 32 33 43 +29,2,32 33,0
872,6,2 5 6 31 32 35,2 4 30 32 33 43 +29,2,2 32,0
872,7,1 3 22 37 44 45,2 4 30 32 33 43 +29,0,,0
872,8,10 11 17 18 19 34,2 4 30 32 33 43 +29,0,,0
872,9,17 19 25 26 35 38,2 4 30 32 33 43 +29,0,,0
872,10,2 19 31 34 38 43,2 4 30 32 33 43 +29,2,2 43,0
873,1,8 11 12 18 21 40,3 5 12 13 33 39 +38,1,12,0
873,2,4 8 13 24 32 45,3 5 12 13 33 39 +38,1,13,0
873,3,5 7 21 23 31 39,3 5 12 13 33 39 +38,2,5 39,0
873,4,1 4 5 22 33 40,3 5 12 13 33 39 +38,2,5 33,0
873,5,6 7 13 33 34 40,3 5 12 13 33 39 +38,2,13 33,0
873,6,1 2 9 27 28 37,3 5 12 13 33 39 +38,0,,0
873,7,17 19 22 25 36 40,3 5 12 13 33 39 +38,0,,0
873,8,2 12 24 25 31 40,3 5 12 13 33 39 +38,1,12,0
873,9,2 10 14 24 36 38,3 5 12 13 33 39 +38,0,,0
873,10,7 11 23 24 29 36,3 5 12 13 33 39 +38,0,,0
874,1,7 26 29 33 43 44,1 15 19 23 28 42 +32,0,,0
874,2,10 11 13 19 28 37,1 15 19 23 28 42 +32,2,19 28,0
874,3,5 8 10 13 20 27,1 15 19 23 28 42 +32,0,,0
874,4,13 20 32 34 36 42,1 15 19 23 28 42 +32,1,42,0
874,5,3 7 15 23 30 41,1 15 19 23 28 42 +32,2,15 23,0
874,6,3 13 17 18 20 26,1 15 19 23 28 42 +32,0,,0
874,7,8 14 27 35 39 42,1 15 19 23 28 42 +32,1,42,0
874,8,6 12 15 19 27 30,1 15 19 23 28 42 +32,2,15 19,0
874,9,5 6 15 26 41 42,1 15 19 23 28 42 +32,2,15 42,0
874,10,14 22 28 32 39 41,1 15 19 23 28 42 +32,1,28,0
875,1,6 19 24 26 35 39,19 22 30 34 39 44 +36,2,19 39,0
875,2,15 24 25 31 32 44,19 22 30 34 39 44 +36,1,44,0
875,3,6 11 15 20 32 36,19 22 30 34 39 44 +36,0,,0
875,4,6 11 12 19 20 43,19 22 30 34 39 44 +36,1,19,0
875,5,4 8 11 14 22 38,19 22 30 34 39 44 +36,1,22,0
875,6,3 13 21 41 43 45,19 22 30 34 39 44 +36,0,,0
875,7,3 8 9 20 29 30,19 22 30 34 39 44 +36,1,30,0
875,8,13 16 17 25 29 43,19 22 30 34 39 44 +36,0,,0
875,9,22 23 34 35 37 41,19 22 30 34 39 44 +36,2,22 34,0
875,10,6 16 18 30 42 43,19 22 30 34 39 44 +36,1,30,0
876,1,1 3 26 28 34 35,5 16 21 26 34 42 +24,2,26 34,0
876,2,3 8 21 23 25 32,5 16 21 26 34 42 +24,1,21,0
876,3,4 19 25 28 34 39,5 16 21 26 34 42 +24,1,34,0
876,4,3 13 14 19 34 41,5 16 21 26 34 42 +24,1,34,0
876,5,9 13 16 35 42 45,5 16 21 26 34 42 +24,2,16 42,0
876,6,2 6 22 35 40 42,5 16 21 26 34 42 +24,1,42,0
876,7,3 9 24 29 31 33,5 16 21 26 34 42 +24,0,,0
876,8,5 13 30 33 35 43,5 16 21 26 34 42 +24,1,5,0
876,9,2 8 14 22 32 41,5 16 21 26 34 42 +24,0,,0
876,10,9 18 23 28 30 37,5 16 21 26 34 42 +24,0,,0
877,1,3 11 19 20 22 28,5 17 18 22 23 43 +12,1,22,0
877,2,3 7 11 18 31 37,5 17 18 22 23 43 +12,1,18,0
877,3,11 14 16 24 33 38,5 17 18 22 23 43 +12,0,,0
877,4,2 12 16 35 39 44,5 17 18 22 23 43 +12,0,,0
877,5,3 5 17 25 26 39,5 17 18 22 23 43 +12,2,5 17,0
877,6,3 4 27 36 38 41,5 17 18 22 23 43 +12,0,,0
877,7,13 27 28 36 40 44,5 17 18 22 23 43 +12,0,,0
877,8,3 5 10 18 23 40,5 17 18 22 23 43 +12,3,5 18 23,5
877,9,3 10 16 17 21 44,5 17 18 22 23 43 +12,1,17,0
877,10,4 12 15 18 23 35,5 17 18 22 23 43 +12,2,18 23,0
878,1,10 15 16 18 20 39,2 6 11 16 25 31 +3,1,16,0
878,2,20 21 32 34 40 43,2 6 11 16 25 31 +3,0,,0
878,3,16 20 21 26 31 43,2 6 11 16 25 31 +3,2,16 31,0
878,4,10 11 17 33 38 43,2 6 11 16 25 31 +3,1,11,0
878,5,5 7 19 23 36 40,2 6 11 16 25 31 +3,0,,0
878,6,1 2 12 19 29 40,2 6 11 16 25 31 +3,1,2,0
878,7,2 18 36 41 42 44,2 6 11 16 25 31 +3,1,2,0
878,8,1 3 14 26 30 34,2 6 11 16 25 31 +3,0,,0
878,9,10 12 15 18 36 37,2 6 11 16 25 31 +3,0,,0
878,10,7 8 27 29 30 38,2 6 11 16 25 31 +3,0,,0
879,1,10 13 17 32 34 41,1 4 10 14 15 35 +20,1,10,0
879,2,15 18 21 23 28 44,1 4 10 14 15 35 +20,1,15,0
879,3,12 17 24 26 39 43,1 4 10 14 15 35 +20,0,,0
879,4,11 21 25 28 33 38,1 4 10 14 15 35 +20,0,,0
879,5,3 15 22 27 37 39,1 4 10 14 15 35 +20,1,15,0
879,6,3 4 8 18 29 39,1 4 10 14 15 35 +20,1,4,0
879,7,21 29 34 36 40 41,1 4 10 14 15 35 +20,0,,0
879,8,4 5 6 8 13 37,1 4 10 14 15 35 +20,1,4,0
879,9,8 14 17 35 39 43,1 4 10 14 15 35 +20,2,14 35,0
879,10,6 10 12 21 31 35,1 4 10 14 15 35 +20,2,10 35,0
880,1,6 21 29 31 32 41,7 17 19 23 24 45 +38,0,,0
880,2,8 11 12 15 17 20,7 17 19 23 24 45 +38,1,17,0
880,3,2 6 7 10 33 34,7 17 19 23 24 45 +38,1,7,0
880,4,1 2 4 31 43 44,7 17 19 23 24 45 +38,0,,0
880,5,4 8 17 22 27 35,7 17 19 23 24 45 +38,1,17,0
880,6,3 23 32 33 40 41,7 17 19 23 24 45 +38,1,23,0
880,7,3 14 19 25 26 32,7 17 19 23 24 45 +38,1,19,0
880,8,4 10 20 26 37 41,7 17 19 23 24 45 +38,0,,0
880,9,1 13 19 20 34 41,7 17 19 23 24 45 +38,1,19,0
880,10,11 24 29 31 41 44,7 17 19 23 24 45 +38,1,24,0
881,1,11 14 29 32 34 37,4 18 20 26 27 32 +9,1,32,0
881,2,4 6 9 10 23 25,4 18 20 26 27 32 +9,1,4,0
881,3,9 12 16 29 30 42,4 18 20 26 27 32 +9,0,,0
881,4,17 19 23 29 30 40,4 18 20 26 27 32 +9,0,,0
881,5,3 6 7 18 19 31,4 18 20 26 27 32 +9,1,18,0
881,6,4 9 26 30 31 38,4 18 20 26 27 32 +9,2,4 26,0
881,7,12 14 18 29 35 37,4 18 20 26 27 32 +9,1,18,0
881,8,1 18 21 24 33 42,4 18 20 26 27 32 +9,1,18,0
881,9,11 20 21 22 41 44,4 18 20 26 27 32 +9,1,20,0
881,10,1 6 14 17 22 29,4 18 20 26 27 32 +9,0,,0
882,1,8 18 21 23 26 35,18 34 39 43 44 45 +23,1,18,0
882,2,4 8 16 34 37 38,18 34 39 43 44 45 +23,1,34,0
882,3,1 3 6 13 30 32,18 34 39 43 44 45 +23,0,,0
882,4,2 4 16 26 30 32,18 34 39 43 44 45 +23,0,,0
882,5,8 10 11 16 31 32,18 34 39 43 44 45 +23,0,,0
882,6,2 12 18 25 29 34,18 34 39 43 44 45 +23,2,18 34,0
882,7,8 11 12 16 31 43,18 34 39 43 44 45 +23,1,43,0
882,8,12 27 28 35 36 42,18 34 39 43 44 45 +23,0,,0
882,9,5 7 8 27 36 45,18 34 39 43 44 45 +23,1,45,0
882,10,6 18 20 28 33 37,18 34 39 43 44 45 +23,1,18,0
883,1,6 13 20 22 29 44,9 18 32 33 37 44 +22,1,44,0
883,2,4 12 18 20 22 23,9 18 32 33 37 44 +22,1,18,0
883,3,4 6 10 26 33 44,9 18 32 33 37 44 +22,2,33 44,0
883,4,1 5 6 23 27 35,9 18 32 33 37 44 +22,0,,0
883,5,25 27 29 37 38 43,9 18 32 33 37 44 +22,1,37,0
883,6,6 19 23 35 38 40,9 18 32 33 37 44 +22,0,,0
883,7,6 7 12 14 29 33,9 18 32 33 37 44 +22,1,33,0
883,8,5 11 19 30 38 43,9 18 32 33 37 44 +22,0,,0
883,9,7 19 25 28 36 37,9 18 32 33 37 44 +22,1,37,0
883,10,6 8 17 24 38 45,9 18 32 33 37 44 +22,0,,0
884,1,7 9 12 27 32 37,4 14 23 28 37 45 +17,1,37,0
884,2,7 12 18 27 33 45,4 14 23 28 37 45 +17,1,45,0
884,3,3 23 24 32 35 36,4 14 23 28 37 45 +17,1,23,0
884,4,2 6 19 30 33 44,4 14 23 28 37 45 +17,0,,0
884,5,9 11 13 21 22 41,4 14 23 28 37 45 +17,0,,0
884,6,9 18 19 26 34 35,4 14 23 28 37 45 +17,0,,0
884,7,5 12 16 24 37 45,4 14 23 28 37 45 +17,2,37 45,0
884,8,1 2 13 14 15 27,4 14 23 28 37 45 +17,1,14,0
884,9,2 4 5 7 8 35,4 14 23 28 37 45 +17,1,4,0
884,10,1 8 14 23 27 30,4 14 23 28 37 45 +17,2,14 23,0
885,1,3 5 35 37 40 45,1 3 24 27 39 45 +31,2,3 45,0
885,2,1 6 14 22 40 44,1 3 24 27 39 45 +31,1,1,0
885,3,10 14 18 20 22 26,1 3 24 27 39 45 +31,0,,0
885,4,2 7 18 21 31 32,1 3 24 27 39 45 +31,0,,0
885,5,14 18 19 31 33 37,1 3 24 27 39 45 +31,0,,0
885,6,5 13 17 22 23 34,1 3 24 27 39 45 +31,0,,0
885,7,5 12 15 25 30 36,1 3 24 27 39 45 +31,0,,0
885,8,3 8 14 21 24 29,1 3 24 27 39 45 +31,2,3 24,0
885,9,4 11 15 16 31 37,1 3 24 27 39 45 +31,0,,0
885,10,9 21 22 41 42 44,1 3 24 27 39 45 +31,0,,0
886,1,12 15 22 32 41 44,19 23 28 37 42 45 +2,0,,0
886,2,10 13 16 18 25 28,19 23 28 37 42 45 +2,1,28,0
886,3,7 8 12 18 30 45,19 23 28 37 42 45 +2,1,45,0
886,4,12 18 25 27 44 45,19 23 28 37 42 45 +2,1,45,0
886,5,16 20 22 36 41 44,19 23 28 37 42 45 +2,0,,0
886,6,1 7 12 23 31 32,19 23 28 37 42 45 +2,1,23,0
886,7,1 19 20 24 32 33,19 23 28 37 42 45 +2,1,19,0
886,8,3 10 16 23 31 35,19 23 28 37 42 45 +2,1,23,0
886,9,3 8 18 25 26 33,19 23 28 37 42 45 +2,0,,0
886,10,3 7 13 23 30 31,19 23 28 37 42 45 +2,1,23,0
887,1,3 5 18 34 37 40,8 14 17 27 36 45 +10,0,,0
887,2,19 32 36 38 41 42,8 14 17 27 36 45 +10,1,36,0
887,3,6 22 28 31 34 44,8 14 17 27 36 45 +10,0,,0
887,4,12 14 16 31 32 35,8 14 17 27 36 45 +10,1,14,0
887,5,8 12 14 30 37 40,8 14 17 27 36 45 +10,2,8 14,0
887,6,1 6 19 24 36 38,8 14 17 27 36 45 +10,1,36,0
887,7,4 6 8 9 32 37,8 14 17 27 36 45 +10,1,8,0
887,8,1 8 20 28 43 44,8 14 17 27 36 45 +10,1,8,0
887,9,2 8 9 11 17 20,8 14 17 27 36 45 +10,2,8 17,0
887,10,7 10 18 20 27 28,8 14 17 27 36 45 +10,1,27,0
888,1,1 8 12 29 36 41,3 7 12 31 34 38 +32,1,12,0
888,2,7 19 20 29 34 40,3 7 12 31 34 38 +32,2,7 34,0
888,3,9 18 26 34 35 45,3 7 12 31 34 38 +32,1,34,0
888,4,8 9 15 25 28 30,3 7 12 31 34 38 +32,0,,0
888,5,3 16 29 36 37 42,3 7 12 31 34 38 +32,1,3,0
888,6,7 8 17 20 32 45,3 7 12 31 34 38 +32,1,7,0
888,7,6 10 23 30 36 39,3 7 12 31 34 38 +32,0,,0
888,8,1 2 6 17 38 39,3 7 12 31 34 38 +32,1,38,0
888,9,16 18 37 38 39 42,3 7 12 31 34 38 +32,1,38,0
888,10,8 15 17 24 40 42,3 7 12 31 34 38 +32,0,,0
889,1,3 8 16 25 38 42,3 13 29 38 39 42 +26,3,3 38 42,5
889,2,10 14 17 24 25 40,3 13 29 38 39 42 +26,0,,0
889,3,2 17 31 36 38 41,3 13 29 38 39 42 +26,1,38,0
889,4,2 21 22 23 27 40,3 13 29 38 39 42 +26,0,,0
889,5,2 18 20 22 30 35,3 13 29 38 39 42 +26,0,,0
889,6,3 4 10 24 25 37,3 13 29 38 39 42 +26,1,3,0
889,7,4 10 22 25 41 42,3 13 29 38 39 42 +26,1,42,0
889,8,5 10 25 31 37 43,3 13 29 38 39 42 +26,0,,0
889,9,4 5 9 12 27 42,3 13 29 38 39 42 +26,1,42,0
889,10,4 18 24 25 28 43,3 13 29 38 39 42 +26,0,,0
890,1,7 11 12 30 33 40,1 4 14 18 29 37 +6,0,,0
890,2,2 3 9 12 31 37,1 4 14 18 29 37 +6,1,37,0
890,3,8 22 23 35 36 43,1 4 14 18 29 37 +6,0,,0
890,4,8 17 28 34 37 39,1 4 14 18 29 37 +6,1,37,0
890,5,6 15 20 24 34 42,1 4 14 18 29 37 +6,0,,0
890,6,7 13 28 29 32 40,1 4 14 18 29 37 +6,1,29,0
890,7,1 11 27 37 40 42,1 4 14 18 29 37 +6,2,1 37,0
890,8,12 24 25 28 34 37,1 4 14 18 29 37 +6,1,37,0
890,9,1 20 31 34 37 39,1 4 14 18 29 37 +6,2,1 37,0
890,10,4 14 16 31 32 42,1 4 14 18 29 37 +6,2,4 14,0
891,1,14 19 30 33 36 42,9 13 28 31 39 41 +19,0,,0
891,2,8 18 20 25 29 42,9 13 28 31 39 41 +19,0,,0
891,3,10 23 24 31 34 37,9 13 28 31 39 41 +19,1,31,0
891,4,2 4 17 32 34 42,9 13 28 31 39 41 +19,0,,0
891,5,16 20 25 41 43 44,9 13 28 31 39 41 +19,1,41,0
891,6,11 15 22 26 28 30,9 13 28 31 39 41 +19,1,28,0
891,7,8 10 13 15 30 34,9 13 28 31 39 41 +19,1,13,0
891,8,17 22 24 27 35 43,9 13 28 31 39 41 +19,0,,0
891,9,6 10 15 23 36 40,9 13 28 31 39 41 +19,0,,0
891,10,2 3 9 13 16 25,9 13 28 31 39 41 +19,2,9 13,0
892,1,5 21 22 24 38 43,4 9 17 18 26 42 +36,0,,0
892,2,12 13 20 26 32 38,4 9 17 18 26 42 +36,1,26,0
892,3,1 2 3 9 16 44,4 9 17 18 26 42 +36,1,9,0
892,4,1 2 23 29 30 44,4 9 17 18 26 42 +36,0,,0
892,5,7 23 30 34 37 38,4 9 17 18 26 42 +36,0,,0
892,6,1 3 7 9 13 34,4 9 17 18 26 42 +36,1,9,0
892,7,15 23 29 36 37 45,4 9 17 18 26 42 +36,0,,0
892,8,8 11 15 16 17 22,4 9 17 18 26 42 +36,1,17,0
892,9,2 4 12 14 29 36,4 9 17 18 26 42 +36,1,4,0
892,10,2 10 26 29 39 44,4 9 17 18 26 42 +36,1,26,0
893,1,14 15 17 29 32 34,1 15 17 23 25 41 +10,2,15 17,0
893,2,15 17 20 30 31 32,1 15 17 23 25 41 +10,2,15 17,0
893,3,11 13 20 25 44 45,1 15 17 23 25 41 +10,1,25,0
893,4,8 18 25 26 29 42,1 15 17 23 25 41 +10,1,25,0
893,5,5 11 22 24 39 44,1 15 17 23 25 41 +10,0,,0
893,6,22 24 27 31 32 36,1 15 17 23 25 41 +10,0,,0
893,7,11 13 22 30 37 41,1 15 17 23 25 41 +10,1,41,0
893,8,4 9 17 31 35 44,1 15 17 23 25 41 +10,1,17,0
893,9,1 10 21 33 36 43,1 15 17 23 25 41 +10,1,1,0
893,10,2 13 23 28 29 36,1 15 17 23 25 41 +10,1,23,0
894,1,11 22 27 40 41 42,19 32 37 40 41 43 +45,2,40 41,0
894,2,13 14 24 31 39 42,19 32 37 40 41 43 +45,0,,0
894,3,5 14 20 26 35 39,19 32 37 40 41 43 +45,0,,0
894,4,11 17 27 28 32 37,19 32 37 40 41 43 +45,2,32 37,0
894,5,10 12 21 26 33 35,19 32 37 40 41 43 +45,0,,0
894,6,3 25 27 30 38 43,19 32 37 40 41 43 +45,1,43,0
894,7,12 25 26 29 32 36,19 32 37 40 41 43 +45,1,32,0
894,8,2 5 18 24 27 32,19 32 37 40 41 43 +45,1,32,0
894,9,20 22 24 29 36 44,19 32 37 40 41 43 +45,0,,0
894,10,2 17 19 27 28 29,19 32 37 40 41 43 +45,1,19,0
895,1,1 4 5 29 33 34,16 26 31 38 39 41 +23,0,,0
895,2,1 17 30 31 38 41,16 26 31 38 39 41 +23,3,31 38 41,5
895,3,6 7 10 14 19 30,16 26 31 38 39 41 +23,0,,0
895,4,10 14 16 24 31 45,16 26 31 38 39 41 +23,2,16 31,0
895,5,5 9 15 26 36 45,16 26 31 38 39 41 +23,1,26,0
895,6,2 5 6 12 23 24,16 26 31 38 39 41 +23,0,,0
895,7,1 6 21 31 39 45,16 26 31 38 39 41 +23,2,31 39,0
895,8,19 22 25 28 36 42,16 26 31 38 39 41 +23,0,,0
895,9,16 17 27 31 41 44,16 26 31 38 39 41 +23,3,16 31 41,5
895,10,4 12 17 21 37 43,16 26 31 38 39 41 +23,0,,0
896,1,3 4 8 15 30 35,5 12 25 26 38 45 +23,0,,0
896,2,3 6 12 15 24 31,5 12 25 26 38 45 +23,1,12,0
896,3,7 9 10 13 23 29,5 12 25 26 38 45 +23,0,,0
896,4,11 16 17 19 29 32,5 12 25 26 38 45 +23,0,,0
896,5,2 12 13 30 33 45,5 12 25 26 38 45 +23,2,12 45,0
896,6,10 16 24 37 39 45,5 12 25 26 38 45 +23,1,45,0
896,7,4 13 17 25 36 41,5 12 25 26 38 45 +23,1,25,0
896,8,11 17 28 32 37 44,5 12 25 26 38 45 +23,0,,0
896,9,3 4 6 10 25 45,5 12 25 26 38 45 +23,2,25 45,0
896,10,6 11 13 15 38 40,5 12 25 26 38 45 +23,1,38,0
897,1,24 27 29 30 31 35,6 7 12 22 26 36 +29,0,,0
897,2,5 22 35 36 38 41,6 7 12 22 26 36 +29,2,22 36,0
897,3,10 11 27 30 36 40,6 7 12 22 26 36 +29,1,36,0
897,4,23 26 29 34 37 44,6 7 12 22 26 36 +29,1,26,0
897,5,2 16 17 25 32 34,6 7 12 22 26 36 +29,0,,0
897,6,4 12 14 17 19 35,6 7 12 22 26 36 +29,1,12,0
897,7,2 3 5 14 22 26,6 7 12 22 26 36 +29,2,22 26,0
897,8,2 7 13 17 18 29,6 7 12 22 26 36 +29,1,7,0
897,9,5 15 18 22 32 45,6 7 12 22 26 36 +29,1,22,0
897,10,31 33 35 36 39 40,6 7 12 22 26 36 +29,1,36,0
898,1,1 21 22 31 42 45,18 21 28 35 37 42 +17,2,21 42,0
898,2,3 4 7 18 31 33,18 21 28 35 37 42 +17,1,18,0
898,3,3 4 8 26 30 35,18 21 28 35 37 42 +17,1,35,0
898,4,10 15 17 20 32 42,18 21 28 35 37 42 +17,1,42,0
898,5,2 8 16 19 20 39,18 21 28 35 37 42 +17,0,,0
898,6,15 23 25 28 38 43,18 21 28 35 37 42 +17,1,28,0
898,7,11 22 25 29 36 45,18 21 28 35 37 42 +17,0,,0
898,8,1 5 7 8 9 22,18 21 28 35 37 42 +17,0,,0
898,9,6 20 26 28 35 45,18 21 28 35 37 42 +17,2,28 35,0
898,10,2 12 14 20 21 26,18 21 28 35 37 42 +17,1,21,0
899,1,7 9 18 23 36 41,8 19 20 21 33 39 +37,0,,0
899,2,8 15 16 25 37 42,8 19 20 21 33 39 +37,1,8,0
899,3,5 12 14 19 28 30,8 19 20 21 33 39 +37,1,19,0
899,4,7 18 21 33 39 41,8 19 20 21 33 39 +37,3,21 33 39,5
899,5,10 16 17 19 32 33,8 19 20 21 33 39 +37,2,19 33,0
899,6,10 16 19 24 34 41,8 19 20 21 33 39 +37,1,19,0
899,7,12 22 28 29 39 41,8 19 20 21 33 39 +37,1,39,0
899,8,6 18 24 36 39 41,8 19 20 21 33 39 +37,1,39,0
899,9,4 11 21 24 36 44,8 19 20 21 33 39 +37,1,21,0
899,10,1 3 15 16 20 22,8 19 20 21 33 39 +37,1,20,0
900,1,9 19 23 26 35 38,7 13 16 18 35 38 +14,2,35 38,0
900,2,10 14 20 31 39 42,7 13 16 18 35 38 +14,0,,0
900,3,1 10 20 29 36 43,7 13 16 18 35 38 +14,0,,0
900,4,2 15 29 32 34 38,7 13 16 18 35 38 +14,1,38,0
900,5,4 21 27 34 43 45,7 13 16 18 35 38 +14,0,,0
900,6,4 17 18 21 35 41,7 13 16 18 35 38 +14,2,18 35,0
900,7,3 14 19 21 24 41,7 13 16 18 35 38 +14,0,,0
900,8,9 16 25 27 31 32,7 13 16 18 35 38 +14,1,16,0
900,9,4 26 27 39 42 43,7 13 16 18 35 38 +14,0,,0
900,10,2 10 23 33 37 40,7 13 16 18 35 38 +14,0,,0
901,1,12 13 27 28 37 41,5 18 20 23 30 34 +21,0,,0
901,2,3 17 24 26 30 38,5 18 20 23 30 34 +21,1,30,0
901,3,6 15 21 24 36 43,5 18 20 23 30 34 +21,0,,0
901,4,9 13 19 21 24 35,5 18 20 23 30 34 +21,0,,0
901,5,3 7 8 20 25 28,5 18 20 23 30 34 +21,1,20,0
901,6,1 9 11 14 22 33,5 18 20 23 30 34 +21,0,,0
901,7,7 14 25 33 35 45,5 18 20 23 30 34 +21,0,,0
901,8,2 6 14 28 32 40,5 18 20 23 30 34 +21,0,,0
901,9,14 16 19 27 41 43,5 18 20 23 30 34 +21,0,,0
901,10,3 20 25 31 36 42,5 18 20 23 30 34 +21,1,20,0
902,1,3 9 16 18 44 45,7 19 23 24 36 39 +30,0,,0
902,2,1 7 8 15 25 34,7 19 23 24 36 39 +30,1,7,0
902,3,16 17 19 25 30 31,7 19 23 24 36 39 +30,1,19,0
902,4,2 11 16 19 20 33,7 19 23 24 36 39 +30,1,19,0
902,5,1 13 15 17 33 40,7 19 23 24 36 39 +30,0,,0
902,6,17 26 27 31 37 40,7 19 23 24 36 39 +30,0,,0
902,7,2 14 16 19 37 42,7 19 23 24 36 39 +30,1,19,0
902,8,3 11 13 17 19 41,7 19 23 24 36 39 +30,1,19,0
902,9,3 16 24 32 37 42,7 19 23 24 36 39 +30,1,24,0
902,10,2 8 15 18 29 42,7 19 23 24 36 39 +30,0,,0
903,1,8 10 25 32 42 44,2 15 16 21 22 28 +45,0,,0
903,2,4 16 19 23 29 31,2 15 16 21 22 28 +45,1,16,0
903,3,3 10 16 24 39 44,2 15 16 21 22 28 +45,1,16,0
903,4,1 3 6 19 20 36,2 15 16 21 22 28 +45,0,,0
903,5,7 26 31 35 41 44,2 15 16 21 22 28 +45,0,,0
903,6,18 27 34 35 41 42,2 15 16 21 22 28 +45,0,,0
903,7,1 11 22 29 38 45,2 15 16 21 22 28 +45,1,22,0
903,8,23 28 29 38 42 45,2 15 16 21 22 28 +45,1,28,0
903,9,2 4 9 10 17 37,2 15 16 21 22 28 +45,1,2,0
903,10,3 15 20 24 37 39,2 15 16 21 22 28 +45,1,15,0
904,1,16 27 29 37 39 42,2 6 8 26 43 45 +11,0,,0
904,2,5 6 8 18 23 26,2 6 8 26 43 45 +11,3,6 8 26,5
904,3,2 11 17 26 28 31,2 6 8 26 43 45 +11,2,2 26,0
904,4,1 9 26 27 40 41,2 6 8 26 43 45 +11,1,26,0
904,5,2 3 20 23 29 41,2 6 8 26 43 45 +11,1,2,0
904,6,1 11 23 30 34 44,2 6 8 26 43 45 +11,0,,0
904,7,5 18 28 34 36 38,2 6 8 26 43 45 +11,0,,0
904,8,1 6 12 18 24 45,2 6 8 26 43 45 +11,2,6 45,0
904,9,4 6 7 25 29 36,2 6 8 26 43 45 +11,1,6,0
904,10,1 10 13 15 26 27,2 6 8 26 43 45 +11,1,26,0
905,1,4 6 7 15 26 32,3 4 16 27 38 40 +20,1,4,0
905,2,10 21 28 29 33 37,3 4 16 27 38 40 +20,0,,0
905,3,1 20 21 28 35 43,3 4 16 27 38 40 +20,0,,0
905,4,2 3 13 15 24 43,3 4 16 27 38 40 +20,1,3,0
905,5,7 10 19 31 33 36,3 4 16 27 38 40 +20,0,,0
905,6,2 6 8 28 40 44,3 4 16 27 38 40 +20,1,40,0
905,7,13 18 23 29 44 45,3 4 16 27 38 40 +20,0,,0
905,8,5 11 12 13 27 31,3 4 16 27 38 40 +20,1,27,0
905,9,23 26 27 28 29 40,3 4 16 27 38 40 +20,2,27 40,0
905,10,1 2 13 30 39 45,3 4 16 27 38 40 +20,0,,0
906,1,8 15 18 38 40 44,2 5 14 28 31 32 +20,0,,0
906,2,4 11 21 36 42 44,2 5 14 28 31 32 +20,0,,0
906,3,5 9 21 28 38 40,2 5 14 28 31 32 +20,2,5 28,0
906,4,2 5 10 14 18 43,2 5 14 28 31 32 +20,3,2 5 14,5
906,5,5 14 24 27 33 41,2 5 14 28 31 32 +20,2,5 14,0
906,6,23 27 28 29 44 45,2 5 14 28 31 32 +20,1,28,0
906,7,3 21 28 35 37 42,2 5 14 28 31 32 +20,1,28,0
906,8,7 22 28 35 37 41,2 5 14 28 31 32 +20,1,28,0
906,9,1 6 8 17 35 36,2 5 14 28 31 32 +20,0,,0
906,10,6 11 14 21 28 43,2 5 14 28 31 32 +20,2,14 28,0
907,1,1 11 17 20 23 26,21 27 29 38 40 44 +37,0,,0
907,2,4 16 25 27 30 40,21 27 29 38 40 44 +37,2,27 40,0
907,3,9 11 12 16 39 45,21 27 29 38 40 44 +37,0,,0
907,4,4 14 18 27 28 30,21 27 29 38 40 44 +37,1,27,0
907,5,4 11 15 24 36 40,21 27 29 38 40 44 +37,1,40,0
907,6,4 9 17 18 29 30,21 27 29 38 40 44 +37,1,29,0
907,7,1 21 22 31 39 44,21 27 29 38 40 44 +37,2,21 44,0
907,8,10 11 12 25 32 34,21 27 29 38 40 44 +37,0,,0
907,9,1 3 18 42 44 45,21 27 29 38 40 44 +37,1,44,0
907,10,6 7 19 20 32 35,21 27 29 38 40 44 +37,0,,0
908,1,1 2 13 23 29 36,3 16 21 22 23 44 +30,1,23,0
908,2,6 14 20 24 27 34,3 16 21 22 23 44 +30,0,,0
908,3,12 13 31 32 33 42,3 16 21 22 23 44 +30,0,,0
908,4,1 3 12 21 22 27,3 16 21 22 23 44 +30,3,3 21 22,5
908,5,4 8 18 32 39 44,3 16 21 22 23 44 +30,1,44,0
908,6,3 7 22 23 32 37,3 16 21 22 23 44 +30,3,3 22 23,5
908,7,1 29 36 40 41 43,3 16 21 22 23 44 +30,0,,0
908,8,6 17 19 39 41 42,3 16 21 22 23 44 +30,0,,0
908,9,5 13 22 31 39 40,3 16 21 22 23 44 +30,1,22,0
908,10,8 10 25 27 30 42,3 16 21 22 23 44 +30,0,,0
909,1,17 26 31 41 42 43,7 24 29 30 34 35 +33,0,,0
909,2,1 14 24 25 40 42,7 24 29 30 34 35 +33,1,24,0
909,3,1 17 19 28 36 44,7 24 29 30 34 35 +33,0,,0
909,4,20 22 26 27 28 31,7 24 29 30 34 35 +33,0,,0
909,5,8 9 21 33 43 45,7 24 29 30 34 35 +33,0,,0
909,6,1 8 9 37 38 41,7 24 29 30 34 35 +33,0,,0
909,7,11 18 33 38 42 45,7 24 29 30 34 35 +33,0,,0
909,8,3 4 5 31 34 45,7 24 29 30 34 35 +33,1,34,0
909,9,2 14 22 25 30 44,7 24 29 30 34 35 +33,1,30,0
909,10,2 11 13 23 28 31,7 24 29 30 34 35 +33,0,,0
910,1,6 8 19 26 37 41,1 11 17 27 35 39 +31,0,,0
910,2,8 10 14 29 30 43,1 11 17 27 35 39 +31,0,,0
910,3,18 20 34 35 36 37,1 11 17 27 35 39 +31,1,35,0
910,4,10 17 19 22 25 40,1 11 17 27 35 39 +31,1,17,0
910,5,23 29 36 40 43 44,1 11 17 27 35 39 +31,0,,0
910,6,6 12 13 16 24 42,1 11 17 27 35 39 +31,0,,0
910,7,2 7 9 28 29 40,1 11 17 27 35 39 +31,0,,0
910,8,8 9 15 16 22 45,1 11 17 27 35 39 +31,0,,0
910,9,2 4 6 16 33 41,1 11 17 27 35 39 +31,0,,0
910,10,5 8 19 26 30 41,1 11 17 27 35 39 +31,0,,0
911,1,5 13 20 31 34 44,4 5 12 14 32 42 +35,1,5,0
911,2,7 16 25 34 36 40,4 5 12 14 32 42 +35,0,,0
911,3,7 14 34 36 37 40,4 5 12 14 32 42 +35,1,14,0
911,4,8 13 14 16 36 43,4 5 12 14 32 42 +35,1,14,0
911,5,3 22 24 33 40 44,4 5 12 14 32 42 +35,0,,0
911,6,1 4 13 20 25 42,4 5 12 14 32 42 +35,2,4 42,0
911,7,8 10 16 17 21 44,4 5 12 14 32 42 +35,0,,0
911,8,8 12 19 32 42 45,4 5 12 14 32 42 +35,3,12 32 42,5
911,9,3 4 26 29 36 44,4 5 12 14 32 42 +35,1,4,0
911,10,7 19 26 34 43 44,4 5 12 14 32 42 +35,0,,0
912,1,11 15 19 29 38 40,5 8 18 21 22 38 +10,1,38,0
912,2,17 18 26 28 33 43,5 8 18 21 22 38 +10,1,18,0
912,3,4 13 18 22 24 38,5 8 18 21 22 38 +10,3,18 22 38,5
912,4,11 12 15 19 20 45,5 8 18 21 22 38 +10,0,,0
912,5,9 12 35 39 41 42,5 8 18 21 22 38 +10,0,,0
912,6,3 7 30 33 36 45,5 8 18 21 22 38 +10,0,,0
912,7,6 22 26 37 40 41,5 8 18 21 22 38 +10,1,22,0
912,8,6 16 25 37 38 39,5 8 18 21 22 38 +10,1,38,0
912,9,8 16 31 33 35 36,5 8 18 21 22 38 +10,1,8,0
912,10,3 12 16 27 40 41,5 8 18 21 22 38 +10,0,,0
913,1,1 2 24 25 32 45,6 14 16 21 27 37 +40,0,,0
913,2,11 17 20 27 30 38,6 14 16 21 27 37 +40,1,27,0
913,3,12 13 25 27 33 41,6 14 16 21 27 37 +40,1,27,0
913,4,7 10 26 28 32 38,6 14 16 21 27 37 +40,0,,0
913,5,3 5 7 8 34 40,6 14 16 21 27 37 +40,0,,0
913,6,4 12 21 28 39 44,6 14 16 21 27 37 +40,1,21,0
913,7,21 30 31 36 40 41,6 14 16 21 27 37 +40,1,21,0
913,8,1 23 32 33 41 45,6 14 16 21 27 37 +40,0,,0
913,9,4 10 16 20 21 38,6 14 16 21 27 37 +40,2,16 21,0
913,10,2 4 9 34 36 40,6 14 16 21 27 37 +40,0,,0
914,1,2 10 24 25 28 37,16 19 24 33 42 44 +27,1,24,0
914,2,7 15 34 36 41 45,16 19 24 33 42 44 +27,0,,0
914,3,5 9 10 23 35 36,16 19 24 33 42 44 +27,0,,0
914,4,1 17 19 23 40 45,16 19 24 33 42 44 +27,1,19,0
914,5,1 19 27 30 34 38,16 19 24 33 42 44 +27,1,19,0
914,6,31 32 33 35 39 42,16 19 24 33 42 44 +27,2,33 42,0
914,7,1 2 27 34 35 39,16 19 24 33 42 44 +27,0,,0
914,8,7 11 26 37 39 44,16 19 24 33 42 44 +27,1,44,0
914,9,5 22 29 36 40 41,16 19 24 33 42 44 +27,0,,0
914,10,1 5 8 15 17 27,16 19 24 33 42 44 +27,0,,0
915,1,12 20 26 35 37 38,2 6 11 13 22 37 +14,1,37,0
915,2,1 21 25 31 39 43,2 6 11 13 22 37 +14,0,,0
915,3,3 5 8 15 16 27,2 6 11 13 22 37 +14,0,,0
915,4,7 17 18 22 36 37,2 6 11 13 22 37 +14,2,22 37,0
915,5,14 20 28 33 36 37,2 6 11 13 22 37 +14,1,37,0
915,6,10 11 21 22 24 34,2 6 11 13 22 37 +14,2,11 22,0
915,7,5 16 23 25 28 29,2 6 11 13 22 37 +14,0,,0
915,8,1 7 37 39 43 45,2 6 11 13 22 37 +14,1,37,0
915,9,19 21 23 25 34 44,2 6 11 13 22 37 +14,0,,0
915,10,3 13 18 29 32 36,2 6 11 13 22 37 +14,1,13,0
916,1,5 20 25 27 30 37,6 21 22 32 35 36 +17,0,,0
916,2,1 9 12 19 21 45,6 21 22 32 35 36 +17,1,21,0
916,3,4 20 24 25 35 45,6 21 22 32 35 36 +17,1,35,0
916,4,9 19 21 24 30 37,6 21 22 32 35 36 +17,1,21,0
916,5,5 15 18 34 43 44,6 21 22 32 35 36 +17,0,,0
916,6,17 20 21 23 24 41,6 21 22 32 35 36 +17,1,21,0
916,7,11 12 26 33 37 38,6 21 22 32 35 36 +17,0,,0
916,8,1 2 18 30 43 45,6 21 22 32 35 36 +17,0,,0
916,9,4 11 25 28 37 39,6 21 22 32 35 36 +17,0,,0
916,10,2 10 21 30 31 36,6 21 22 32 35 36 +17,2,21 36,0
917,1,2 7 22 25 40 41,1 3 23 24 27 43 +34,0,,0
917,2,7 14 16 41 42 44,1 3 23 24 27 43 +34,0,,0
917,3,5 6 15 21 25 28,1 3 23 24 27 43 +34,0,,0
917,4,1 3 8 15 24 38,1 3 23 24 27 43 +34,3,1 3 24,5
917,5,3 15 16 18 29 30,1 3 23 24 27 43 +34,1,3,0
917,6,4 6 9 40 41 42,1 3 23 24 27 43 +34,0,,0
917,7,23 29 30 32 36 45,1 3 23 24 27 43 +34,1,23,0
917,8,6 17 19 25 36 37,1 3 23 24 27 43 +34,0,,0
917,9,18 19 21 23 34 38,1 3 23 24 27 43 +34,1,23,0
917,10,12 23 27 28 34 35,1 3 23 24 27 43 +34,2,23 27,0
918,1,15 16 38 42 43 44,7 11 12 31 33 38 +5,1,38,0
918,2,2 4 11 17 19 27,7 11 12 31 33 38 +5,1,11,0
918,3,13 22 29 31 33 41,7 11 12 31 33 38 +5,2,31 33,0
918,4,16 23 28 29 31 35,7 11 12 31 33 38 +5,1,31,0
918,5,12 20 29 33 42 44,7 11 12 31 33 38 +5,2,12 33,0
918,6,9 12 14 16 37 38,7 11 12 31 33 38 +5,2,12 38,0
918,7,2 10 16 21 25 41,7 11 12 31 33 38 +5,0,,0
918,8,11 19 23 24 25 29,7 11 12 31 33 38 +5,1,11,0
918,9,1 5 12 15 39 40,7 11 12 31 33 38 +5,1,12,0
918,10,8 17 19 24 38 44,7 11 12 31 33 38 +5,1,38,0
919,1,4 27 35 39 41 44,9 14 17 18 42 44 +35,1,44,0
919,2,16 23 31 39 40 41,9 14 17 18 42 44 +35,0,,0
919,3,7 12 25 32 42 44,9 14 17 18 42 44 +35,2,42 44,0
919,4,8 21 31 33 40 42,9 14 17 18 42 44 +35,1,42,0
919,5,16 25 31 33 40 44,9 14 17 18 42 44 +35,1,44,0
919,6,4 16 24 33 38 41,9 14 17 18 42 44 +35,0,,0
919,7,5 6 14 18 44 45,9 14 17 18 42 44 +35,3,14 18 44,5
919,8,10 13 14 16 33 38,9 14 17 18 42 44 +35,1,14,0
919,9,5 9 10 25 31 36,9 14 17 18 42 44 +35,1,9,0
919,10,11 14 29 31 35 45,9 14 17 18 42 44 +35,1,14,0
920,1,3 12 13 14 39 40,2 3 26 33 34 43 +29,1,3,0
920,2,1 14 17 28 29 32,2 3 26 33 34 43 +29,0,,0
920,3,6 8 16 17 22 29,2 3 26 33 34 43 +29,0,,0
920,4,2 9 29 31 33 44,2 3 26 33 34 43 +29,2,2 33,0
920,5,4 6 24 26 34 44,2 3 26 33 34 43 +29,2,26 34,0
920,6,6 11 15 29 37 39,2 3 26 33 34 43 +29,0,,0
920,7,1 7 13 16 29 40,2 3 26 33 34 43 +29,0,,0
920,8,7 8 27 33 36 38,2 3 26 33 34 43 +29,1,33,0
920,9,7 14 21 26 39 40,2 3 26 33 34 43 +29,1,26,0
920,10,2 13 15 21 40 42,2 3 26 33 34 43 +29,1,2,0
921,1,2 14 23 30 38 41,5 7 12 22 28 41 +1,1,41,0
921,2,5 7 10 11 14 31,5 7 12 22 28 41 +1,2,5 7,0
921,3,1 6 18 21 25 32,5 7 12 22 28 41 +1,0,,0
921,4,1 13 21 22 27 30,5 7 12 22 28 41 +1,1,22,0
921,5,5 9 12 30 33 37,5 7 12 22 28 41 +1,2,5 12,0
921,6,5 10 23 27 33 43,5 7 12 22 28 41 +1,1,5,0
921,7,6 15 19 20 26 33,5 7 12 22 28 41 +1,0,,0
921,8,10 13 14 17 21 29,5 7 12 22 28 41 +1,0,,0
921,9,2 8 10 17 22 29,5 7 12 22 28 41 +1,1,22,0
921,10,3 10 15 16 18 39,5 7 12 22 28 41 +1,0,,0
922,1,2 6 12 15 22 34,2 6 13 17 27 43 +36,2,2 6,0
922,2,3 17 20 23 28 31,2 6 13 17 27 43 +36,1,17,0
922,3,26 34 37 41 44 45,2 6 13 17 27 43 +36,0,,0
922,4,5 12 13 29 34 45,2 6 13 17 27 43 +36,1,13,0
922,5,8 27 30 38 40 45,2 6 13 17 27 43 +36,1,27,0
922,6,6 18 21 28 34 40,2 6 13 17 27 43 +36,1,6,0
922,7,3 5 7 16 28 36,2 6 13 17 27 43 +36,0,,0
922,8,2 8 12 14 23 42,2 6 13 17 27 43 +36,1,2,0
922,9,6 13 14 25 35 41,2 6 13 17 27 43 +36,2,6 13,0
922,10,2 6 9 12 15 16,2 6 13 17 27 43 +36,2,2 6,0
923,1,3 18 22 24 25 44,3 17 18 23 36 41 +26,2,3 18,0
923,2,9 12 17 19 31 38,3 17 18 23 36 41 +26,1,17,0
923,3,5 9 18 32 44 45,3 17 18 23 36 41 +26,1,18,0
923,4,4 30 33 34 35 45,3 17 18 23 36 41 +26,0,,0
923,5,4 8 24 25 31 43,3 17 18 23 36 41 +26,0,,0
923,6,1 15 25 31 34 42,3 17 18 23 36 41 +26,0,,0
923,7,8 18 32 33 38 40,3 17 18 23 36 41 +26,1,18,0
923,8,2 6 9 13 34 45,3 17 18 23 36 41 +26,0,,0
923,9,10 15 23 27 33 37,3 17 18 23 36 41 +26,1,23,0
923,10,3 7 13 21 35 43,3 17 18 23 36 41 +26,1,3,0
924,1,5 12 28 32 34 43,3 11 34 42 43 44 +13,2,34 43,0
924,2,12 13 17 19 25 32,3 11 34 42 43 44 +13,0,,0
924,3,1 10 20 25 40 44,3 11 34 42 43 44 +13,1,44,0
924,4,14 16 19 21 35 36,3 11 34 42 43 44 +13,0,,0
924,5,2 15 28 40 41 44,3 11 34 42 43 44 +13,1,44,0
924,6,9 21 35 40 41 43,3 11 34 42 43 44 +13,1,43,0
924,7,13 15 19 30 37 39,3 11 34 42 43 44 +13,0,,0
924,8,4 11 17 20 29 43,3 11 34 42 43 44 +13,2,11 43,0
924,9,7 9 14 35 38 39,3 11 34 42 43 44 +13,0,,0
924,10,2 6 7 16 28 44,3 11 34 42 43 44 +13,1,44,0
925,1,8 9 26 29 38 44,13 24 32 34 39 42 +4,0,,0
925,2,4 5 7 11 27 44,13 24 32 34 39 42 +4,0,,0
925,3,2 10 25 28 32 40,13 24 32 34 39 42 +4,1,32,0
925,4,5 27 32 35 38 39,13 24 32 34 39 42 +4,2,32 39,0
925,5,12 22 27 34 38 40,13 24 32 34 39 42 +4,1,34,0
925,6,7 12 16 29 35 37,13 24 32 34 39 42 +4,0,,0
925,7,2 3 5 17 32 42,13 24 32 34 39 42 +4,2,32 42,0
925,8,1 22 29 34 43 45,13 24 32 34 39 42 +4,1,34,0
925,9,4 6 12 22 41 44,13 24 32 34 39 42 +4,0,,0
925,10,1 12 16 17 19 43,13 24 32 34 39 42 +4,0,,0
926,1,8 20 29 39 43 44,10 16 18 20 25 31 +6,1,20,0
926,2,3 7 20 28 30 39,10 16 18 20 25 31 +6,1,20,0
926,3,1 27 30 32 34 45,10 16 18 20 25 31 +6,0,,0
926,4,2 7 10 15 18 41,10 16 18 20 25 31 +6,2,10 18,0
926,5,5 10 14 21 31 36,10 16 18 20 25 31 +6,2,10 31,0
926,6,2 10 23 28 32 39,10 16 18 20 25 31 +6,1,10,0
926,7,15 16 21 35 37 41,10 16 18 20 25 31 +6,1,16,0
926,8,5 10 27 38 43 44,10 16 18 20 25 31 +6,1,10,0
926,9,4 8 10 30 35 36,10 16 18 20 25 31 +6,1,10,0
926,10,5 8 22 24 31 36,10 16 18 20 25 31 +6,1,31,0
927,1,2 6 12 30 33 38,4 15 22 38 41 43 +26,1,38,0
927,2,13 17 24 33 36 43,4 15 22 38 41 43 +26,1,43,0
927,3,7 10 14 23 28 43,4 15 22 38 41 43 +26,1,43,0
927,4,6 8 28 30 40 44,4 15 22 38 41 43 +26,0,,0
927,5,12 22 23 30 39 40,4 15 22 38 41 43 +26,1,22,0
927,6,2 9 13 34 35 41,4 15 22 38 41 43 +26,1,41,0
927,7,1 5 10 30 31 33,4 15 22 38 41 43 +26,0,,0
927,8,2 11 23 24 25 36,4 15 22 38 41 43 +26,0,,0
927,9,12 13 18 19 21 22,4 15 22 38 41 43 +26,1,22,0
927,10,3 8 20 27 29 37,4 15 22 38 41 43 +26,0,,0
928,1,6 17 25 34 38 43,3 4 10 20 28 44 +30,0,,0
928,2,21 22 29 38 44 45,3 4 10 20 28 44 +30,1,44,0
928,3,5 15 16 18 38 43,3 4 10 20 28 44 +30,0,,0
928,4,10 18 19 24 28 45,3 4 10 20 28 44 +30,2,10 28,0
928,5,12 31 37 42 44 45,3 4 10 20 28 44 +30,1,44,0
928,6,7 11 15 21 24 32,3 4 10 20 28 44 +30,0,,0
928,7,9 10 24 29 35 43,3 4 10 20 28 44 +30,1,10,0
928,8,5 16 25 27 30 44,3 4 10 20 28 44 +30,1,44,0
928,9,1 11 22 34 35 37,3 4 10 20 28 44 +30,0,,0
928,10,4 5 8 26 30 43,3 4 10 20 28 44 +30,1,4,0
929,1,1 9 29 31 35 37,7 9 12 15 19 23 +4,1,9,0
929,2,12 13 22 31 36 43,7 9 12 15 19 23 +4,1,12,0
929,3,2 15 21 22 23 29,7 9 12 15 19 23 +4,2,15 23,0
929,4,1 12 13 20 21 35,7 9 12 15 19 23 +4,1,12,0
929,5,21 29 32 37 42 43,7 9 12 15 19 23 +4,0,,0
929,6,10 16 27 43 44 45,7 9 12 15 19 23 +4,0,,0
929,7,4 8 20 26 31 39,7 9 12 15 19 23 +4,0,,0
929,8,7 10 19 37 38 42,7 9 12 15 19 23 +4,2,7 19,0
929,9,18 20 24 27 33 45,7 9 12 15 19 23 +4,0,,0
929,10,6 12 20 28 35 41,7 9 12 15 19 23 +4,1,12,0
930,1,22 29 30 33 36 40,8 21 25 38 39 44 +28,0,,0
930,2,2 4 18 23 26 44,8 21 25 38 39 44 +28,1,44,0
930,3,6 14 22 23 36 37,8 21 25 38 39 44 +28,0,,0
930,4,5 9 19 27 31 38,8 21 25 38 39 44 +28,1,38,0
930,5,2 4 19 26 28 41,8 21 25 38 39 44 +28,0,,0
930,6,6 7 27 30 36 43,8 21 25 38 39 44 +28,0,,0
930,7,6 11 21 22 35 40,8 21 25 38 39 44 +28,1,21,0
930,8,11 15 16 26 28 38,8 21 25 38 39 44 +28,1,38,0
930,9,4 17 18 29 30 37,8 21 25 38 39 44 +28,0,,0
930,10,6 7 15 19 29 36,8 21 25 38 39 44 +28,0,,0
931,1,16 25 29 30 38 44,14 15 23 25 35 43 +32,1,25,0
931,2,13 15 27 36 39 44,14 15 23 25 35 43 +32,1,15,0
931,3,2 9 31 32 36 37,14 15 23 25 35 43 +32,0,,0
931,4,3 4 12 17 20 38,14 15 23 25 35 43 +32,0,,0
931,5,1 2 3 4 19 42,14 15 23 25 35 43 +32,0,,0
931,6,4 7 9 25 38 45,14 15 23 25 35 43 +32,1,25,0
931,7,5 8 24 41 42 43,14 15 23 25 35 43 +32,1,43,0
931,8,5 8 16 19 29 44,14 15 23 25 35 43 +32,0,,0
931,9,5 8 29 32 37 44,14 15 23 25 35 43 +32,0,,0
931,10,8 14 16 22 28 45,14 15 23 25 35 43 +32,1,14,0
932,1,2 4 20 29 37 41,1 6 15 36 37 38 +5,1,37,0
932,2,3 8 9 19 23 30,1 6 15 36 37 38 +5,0,,0
932,3,3 9 10 18 25 40,1 6 15 36 37 38 +5,0,,0
932,4,5 6 9 26 34 35,1 6 15 36 37 38 +5,1,6,0
932,5,18 22 32 36 41 42,1 6 15 36 37 38 +5,1,36,0
932,6,10 16 24 34 38 45,1 6 15 36 37 38 +5,1,38,0
932,7,13 14 26 27 32 44,1 6 15 36 37 38 +5,0,,0
932,8,7 9 16 32 33 35,1 6 15 36 37 38 +5,0,,0
932,9,24 25 32 34 38 44,1 6 15 36 37 38 +5,1,38,0
932,10,1 4 13 16 34 45,1 6 15 36 37 38 +5,1,1,0
933,1,7 22 24 25 27 34,23 27 29 31 36 45 +37,1,27,0
933,2,1 5 7 11 16 31,23 27 29 31 36 45 +37,1,31,0
933,3,11 13 22 31 32 45,23 27 29 31 36 45 +37,2,31 45,0
933,4,15 16 26 27 35 41,23 27 29 31 36 45 +37,1,27,0
933,5,5 6 16 29 40 42,23 27 29 31 36 45 +37,1,29,0
933,6,7 9 11 13 17 34,23 27 29 31 36 45 +37,0,,0
933,7,15 17 21 23 26 28,23 27 29 31 36 45 +37,1,23,0
933,8,10 13 25 34 39 41,23 27 29 31 36 45 +37,0,,0
933,9,3 12 21 27 28 40,23 27 29 31 36 45 +37,1,27,0
933,10,6 11 26 31 32 42,23 27 29 31 36 45 +37,1,31,0
934,1,11 12 13 14 17 25,1 3 30 33 36 39 +12,0,,0
934,2,3 9 19 22 41 45,1 3 30 33 36 39 +12,1,3,0
934,3,10 12 17 19 35 45,1 3 30 33 36 39 +12,0,,0
934,4,11 13 14 33 34 40,1 3 30 33 36 39 +12,1,33,0
934,5,10 17 26 30 34 37,1 3 30 33 36 39 +12,1,30,0
934,6,2 7 9 15 18 25,1 3 30 33 36 39 +12,0,,0
934,7,20 27 30 34 37 41,1 3 30 33 36 39 +12,1,30,0
934,8,4 10 18 34 37 43,1 3 30 33 36 39 +12,0,,0
934,9,7 8 21 26 34 35,1 3 30 33 36 39 +12,0,,0
934,10,4 14 24 26 29 40,1 3 30 33 36 39 +12,0,,0
935,1,11 12 14 31 44 45,4 10 20 32 38 44 +18,1,44,0
935,2,13 14 25 37 42 43,4 10 20 32 38 44 +18,0,,0
935,3,5 13 24 35 38 45,4 10 20 32 38 44 +18,1,38,0
935,4,11 19 23 28 39 41,4 10 20 32 38 44 +18,0,,0
935,5,14 20 21 29 30 31,4 10 20 32 38 44 +18,1,20,0
935,6,4 14 28 32 36 41,4 10 20 32 38 44 +18,2,4 32,0
935,7,2 16 21 28 37 39,4 10 20 32 38 44 +18,0,,0
935,8,2 4 9 10 12 42,4 10 20 32 38 44 +18,2,4 10,0
935,9,5 6 11 12 23 27,4 10 20 32 38 44 +18,0,,0
935,10,1 9 10 18 22 23,4 10 20 32 38 44 +18,1,10,0
936,1,14 18 33 35 36 41,7 11 13 17 18 29 +43,1,18,0
936,2,1 9 23 30 35 38,7 11 13 17 18 29 +43,0,,0
936,3,6 14 15 29 35 38,7 11 13 17 18 29 +43,1,29,0
936,4,3 4 6 13 20 23,7 11 13 17 18 29 +43,1,13,0
936,5,3 23 24 29 33 42,7 11 13 17 18 29 +43,1,29,0
936,6,3 4 5 8 40 43,7 11 13 17 18 29 +43,0,,0
936,7,2 8 14 19 38 39,7 11 13 17 18 29 +43,0,,0
936,8,3 5 23 38 41 44,7 11 13 17 18 29 +43,0,,0
936,9,7 12 14 18 34 35,7 11 13 17 18 29 +43,2,7 18,0
936,10,5 6 11 13 38 45,7 11 13 17 18 29 +43,2,11 13,0
937,1,1 3 9 28 35 36,2 10 13 22 29 40 +26,0,,0
937,2,5 9 14 21 27 31,2 10 13 22 29 40 +26,0,,0
937,3,10 13 28 33 43 44,2 10 13 22 29 40 +26,2,10 13,0
937,4,10 11 16 17 19 45,2 10 13 22 29 40 +26,1,10,0
937,5,2 6 15 20 22 44,2 10 13 22 29 40 +26,2,2 22,0
937,6,8 13 15 18 19 22,2 10 13 22 29 40 +26,2,13 22,0
937,7,22 23 27 36 39 43,2 10 13 22 29 40 +26,1,22,0
937,8,6 14 15 25 28 30,2 10 13 22 29 40 +26,0,,0
937,9,7 9 10 16 17 36,2 10 13 22 29 40 +26,1,10,0
937,10,7 16 19 22 27 34,2 10 13 22 29 40 +26,1,22,0
938,1,8 14 16 19 21 39,4 8 10 16 31 36 +9,2,8 16,0
938,2,3 4 20 27 37 41,4 8 10 16 31 36 +9,1,4,0
938,3,13 18 20 27 40 43,4 8 10 16 31 36 +9,0,,0
938,4,9 14 24 32 41 44,4 8 10 16 31 36 +9,0,,0
938,5,2 5 8 12 19 40,4 8 10 16 31 36 +9,1,8,0
938,6,3 16 17 20 29 32,4 8 10 16 31 36 +9,1,16,0
938,7,4 20 25 26 34 41,4 8 10 16 31 36 +9,1,4,0
938,8,6 17 21 30 34 45,4 8 10 16 31 36 +9,0,,0
938,9,11 16 20 39 42 45,4 8 10 16 31 36 +9,1,16,0
938,10,3 4 10 15 21 39,4 8 10 16 31 36 +9,2,4 10,0
939,1,3 14 17 36 37 43,4 11 28 39 42 45 +6,0,,0
939,2,2 9 10 16 28 37,4 11 28 39 42 45 +6,1,28,0
939,3,8 9 19 24 39 41,4 11 28 39 42 45 +6,1,39,0
939,4,6 19 21 38 42 43,4 11 28 39 42 45 +6,1,42,0
939,5,1 2 12 16 24 39,4 11 28 39 42 45 +6,1,39,0
939,6,7 10 22 23 24 35,4 11 28 39 42 45 +6,0,,0
939,7,8 11 17 28 29 35,4 11 28 39 42 45 +6,2,11 28,0
939,8,3 16 22 24 29 32,4 11 28 39 42 45 +6,0,,0
939,9,2 7 27 34 39 43,4 11 28 39 42 45 +6,1,39,0
939,10,3 4 14 15 19 32,4 11 28 39 42 45 +6,1,4,0
940,1,7 13 16 17 42 43,3 15 20 22 24 41 +11,0,,0
940,2,8 13 21 41 43 44,3 15 20 22 24 41 +11,1,41,0
940,3,6 7 8 15 24 33,3 15 20 22 24 41 +11,2,15 24,0
940,4,11 16 25 29 41 42,3 15 20 22 24 41 +11,1,41,0
940,5,18 20 33 37 38 39,3 15 20 22 24 41 +11,1,20,0
940,6,2 11 12 13 15 39,3 15 20 22 24 41 +11,1,15,0
940,7,2 8 15 29 31 41,3 15 20 22 24 41 +11,2,15 41,0
940,8,8 10 17 25 33 40,3 15 20 22 24 41 +11,0,,0
940,9,4 5 7 15 23 36,3 15 20 22 24 41 +11,1,15,0
940,10,3 6 7 16 17 32,3 15 20 22 24 41 +11,1,3,0
941,1,16 17 22 23 26 29,12 14 25 27 39 40 +35,0,,0
941,2,2 18 32 33 37 44,12 14 25 27 39 40 +35,0,,0
941,3,4 8 20 24 28 34,12 14 25 27 39 40 +35,0,,0
941,4,10 11 32 37 40 45,12 14 25 27 39 40 +35,1,40,0
941,5,1 8 11 13 27 29,12 14 25 27 39 40 +35,1,27,0
941,6,9 22 26 30 31 35,12 14 25 27 39 40 +35,0,,0
941,7,3 6 11 13 19 44,12 14 25 27 39 40 +35,0,,0
941,8,8 12 21 26 28 40,12 14 25 27 39 40 +35,2,12 40,0
941,9,19 26 30 41 42 43,12 14 25 27 39 40 +35,0,,0
941,10,7 11 14 18 22 37,12 14 25 27 39 40 +35,1,14,0
942,1,13 19 23 29 35 37,10 12 18 35 42 43 +39,1,35,0
942,2,6 9 20 24 25 32,10 12 18 35 42 43 +39,0,,0
942,3,1 12 14 20 25 32,10 12 18 35 42 43 +39,1,12,0
942,4,5 19 20 41 42 45,10 12 18 35 42 43 +39,1,42,0
942,5,4 6 14 20 32 35,10 12 18 35 42 43 +39,1,35,0
942,6,1 5 18 27 43 44,10 12 18 35 42 43 +39,2,18 43,0
942,7,4 10 13 17 23 45,10 12 18 35 42 43 +39,1,10,0
942,8,3 5 10 22 31 39,10 12 18 35 42 43 +39,1,10,0
942,9,2 9 13 37 39 41,10 12 18 35 42 43 +39,0,,0
942,10,1 7 12 31 44 45,10 12 18 35 42 43 +39,1,12,0
943,1,2 3 12 19 21 43,1 8 13 36 44 45 +39,0,,0
943,2,5 7 18 21 25 31,1 8 13 36 44 45 +39,0,,0
943,3,6 12 15 17 20 42,1 8 13 36 44 45 +39,0,,0
943,4,4 8 19 25 33 44,1 8 13 36 44 45 +39,2,8 44,0
943,5,2 3 5 19 22 26,1 8 13 36 44 45 +39,0,,0
943,6,5 12 14 21 32 40,1 8 13 36 44 45 +39,0,,0
943,7,11 17 32 36 42 44,1 8 13 36 44 45 +39,2,36 44,0
943,8,11 17 20 29 32 40,1 8 13 36 44 45 +39,0,,0
943,9,1 11 16 23 25 30,1 8 13 36 44 45 +39,1,1,0
943,10,6 18 19 22 24 41,1 8 13 36 44 45 +39,0,,0
944,1,4 16 21 24 33 37,2 13 16 19 32 33 +42,2,16 33,0
944,2,5 6 10 22 28 44,2 13 16 19 32 33 +42,0,,0
944,3,8 16 36 37 43 44,2 13 16 19 32 33 +42,1,16,0
944,4,9 13 19 29 37 45,2 13 16 19 32 33 +42,2,13 19,0
944,5,2 3 10 22 25 29,2 13 16 19 32 33 +42,1,2,0
944,6,7 9 23 37 41 42,2 13 16 19 32 33 +42,0,,0
944,7,7 9 19 27 29 40,2 13 16 19 32 33 +42,1,19,0
944,8,1 9 16 22 27 42,2 13 16 19 32 33 +42,1,16,0
944,9,8 13 15 27 29 42,2 13 16 19 32 33 +42,1,13,0
944,10,15 20 21 22 25 37,2 13 16 19 32 33 +42,0,,0
945,1,4 21 26 29 32 40,9 10 15 30 33 37 +26,0,,0
945,2,6 21 29 31 39 43,9 10 15 30 33 37 +26,0,,0
945,3,9 13 19 21 25 44,9 10 15 30 33 37 +26,1,9,0
945,4,14 21 32 36 39 42,9 10 15 30 33 37 +26,0,,0
945,5,9 11 16 17 22 40,9 10 15 30 33 37 +26,1,9,0
945,6,6 7 20 22 28 29,9 10 15 30 33 37 +26,0,,0
945,7,22 24 31 37 39 42,9 10 15 30 33 37 +26,1,37,0
945,8,10 15 17 22 34 41,9 10 15 30 33 37 +26,2,10 15,0
945,9,5 10 16 26 38 41,9 10 15 30 33 37 +26,1,10,0
945,10,14 15 20 27 30 43,9 10 15 30 33 37 +26,2,15 30,0
946,1,22 24 25 28 29 43,9 18 19 30 34 40 +20,0,,0
946,2,5 6 19 31 39 45,9 18 19 30 34 40 +20,1,19,0
946,3,8 22 23 26 28 40,9 18 19 30 34 40 +20,1,40,0
946,4,13 17 18 29 38 45,9 18 19 30 34 40 +20,1,18,0
946,5,4 9 12 26 34 43,9 18 19 30 34 40 +20,2,9 34,0
946,6,16 17 25 26 32 43,9 18 19 30 34 40 +20,0,,0
946,7,3 10 18 24 32 33,9 18 19 30 34 40 +20,1,18,0
946,8,8 11 15 21 23 31,9 18 19 30 34 40 +20,0,,0
946,9,4 7 33 36 40 45,9 18 19 30 34 40 +20,1,40,0
946,10,8 14 25 36 40 45,9 18 19 30 34 40 +20,1,40,0
947,1,3 19 20 34 35 41,3 8 17 20 27 35 +26,3,3 20 35,5
947,2,3 6 7 10 21 40,3 8 17 20 27 35 +26,1,3,0
947,3,6 11 12 16 24 38,3 8 17 20 27 35 +26,0,,0
947,4,1 3 11 19 22 41,3 8 17 20 27 35 +26,1,3,0
947,5,1 14 16 20 26 28,3 8 17 20 27 35 +26,1,20,0
947,6,15 17 18 21 30 40,3 8 17 20 27 35 +26,1,17,0
947,7,1 11 12 35 39 41,3 8 17 20 27 35 +26,1,35,0
947,8,9 27 29 33 42 44,3 8 17 20 27 35 +26,1,27,0
947,9,3 4 18 26 42 45,3 8 17 20 27 35 +26,1,3,0
947,10,8 16 18 22 25 40,3 8 17 20 27 35 +26,1,8,0
948,1,5 8 24 25 27 36,13 18 30 31 38 41 +5,0,,0
948,2,1 2 8 13 16 36,13 18 30 31 38 41 +5,1,13,0
948,3,13 21 26 34 39 44,13 18 30 31 38 41 +5,1,13,0
948,4,1 5 8 15 22 42,13 18 30 31 38 41 +5,0,,0
948,5,12 15 16 17 18 33,13 18 30 31 38 41 +5,1,18,0
948,6,9 10 14 19 26 29,13 18 30 31 38 41 +5,0,,0
948,7,3 11 23 28 34 45,13 18 30 31 38 41 +5,0,,0
948,8,11 13 30 32 37 44,13 18 30 31 38 41 +5,2,13 30,0
948,9,12 23 27 30 35 45,13 18 30 31 38 41 +5,1,30,0
948,10,17 21 22 23 27 34,13 18 30 31 38 41 +5,0,,0
949,1,5 6 18 27 29 41,14 21 35 36 40 44 +30,0,,0
949,2,15 19 25 28 44 45,14 21 35 36 40 44 +30,1,44,0
949,3,3 13 25 27 37 38,14 21 35 36 40 44 +30,0,,0
949,4,2 7 9 12 32 35,14 21 35 36 40 44 +30,1,35,0
949,5,1 10 11 14 25 43,14 21 35 36 40 44 +30,1,14,0
949,6,7 14 20 24 32 39,14 21 35 36 40 44 +30,1,14,0
949,7,10 15 18 31 35 42,14 21 35 36 40 44 +30,1,35,0
949,8,3 7 18 21 27 33,14 21 35 36 40 44 +30,1,21,0
949,9,4 22 31 33 42 44,14 21 35 36 40 44 +30,1,44,0
949,10,9 13 29 34 41 45,14 21 35 36 40 44 +30,0,,0
950,1,4 15 20 21 31 43,3 4 15 22 28 40 +10,2,4 15,0
950,2,11 23 24 30 35 44,3 4 15 22 28 40 +10,0,,0
950,3,4 5 6 16 19 25,3 4 15 22 28 40 +10,1,4,0
950,4,4 11 31 32 33 36,3 4 15 22 28 40 +10,1,4,0
950,5,9 21 34 37 41 45,3 4 15 22 28 40 +10,0,,0
950,6,2 10 14 16 17 39,3 4 15 22 28 40 +10,0,,0
950,7,2 12 19 28 32 42,3 4 15 22 28 40 +10,1,28,0
950,8,21 24 30 35 37 39,3 4 15 22 28 40 +10,0,,0
950,9,1 4 20 25 31 45,3 4 15 22 28 40 +10,1,4,0
950,10,2 7 8 11 12 30,3 4 15 22 28 40 +10,0,,0
951,1,2 14 22 34 36 42,2 12 30 31 39 43 +38,1,2,0
951,2,7 21 24 29 41 43,2 12 30 31 39 43 +38,1,43,0
951,3,3 26 42 43 44 45,2 12 30 31 39 43 +38,1,43,0
951,4,7 18 24 34 38 44,2 12 30 31 39 43 +38,0,,0
951,5,1 11 15 26 36 43,2 12 30 31 39 43 +38,1,43,0
951,6,1 19 21 22 24 33,2 12 30 31 39 43 +38,0,,0
951,7,18 24 28 34 37 38,2 12 30 31 39 43 +38,0,,0
951,8,8 10 24 32 35 45,2 12 30 31 39 43 +38,0,,0
951,9,10 12 22 33 42 44,2 12 30 31 39 43 +38,1,12,0
951,10,1 12 19 21 23 39,2 12 30 31 39 43 +38,2,12 39,0
952,1,3 10 24 32 39 45,4 12 22 24 33 41 +38,1,24,0
952,2,6 12 22 28 36 43,4 12 22 24 33 41 +38,2,12 22,0
952,3,14 15 27 28 32 34,4 12 22 24 33 41 +38,0,,0
952,4,3 6 28 34 38 40,4 12 22 24 33 41 +38,0,,0
952,5,9 11 13 15 32 41,4 12 22 24 33 41 +38,1,41,0
952,6,8 19 39 42 44 45,4 12 22 24 33 41 +38,0,,0
952,7,3 10 14 33 39 44,4 12 22 24 33 41 +38,1,33,0
952,8,11 21 29 36 37 42,4 12 22 24 33 41 +38,0,,0
952,9,1 4 12 19 25 45,4 12 22 24 33 41 +38,2,4 12,0
952,10,4 12 15 16 28 37,4 12 22 24 33 41 +38,2,4 12,0
953,1,9 13 17 24 28 37,7 9 22 27 37 42 +34,2,9 37,0
953,2,21 23 24 29 32 41,7 9 22 27 37 42 +34,0,,0
953,3,4 13 23 36 40 42,7 9 22 27 37 42 +34,1,42,0
953,4,7 12 17 23 26 33,7 9 22 27 37 42 +34,1,7,0
953,5,25 31 39 40 42 45,7 9 22 27 37 42 +34,1,42,0
953,6,10 25 28 31 39 43,7 9 22 27 37 42 +34,0,,0
953,7,4 14 18 21 40 45,7 9 22 27 37 42 +34,0,,0
953,8,1 6 23 29 37 43,7 9 22 27 37 42 +34,1,37,0
953,9,4 10 22 31 42 45,7 9 22 27 37 42 +34,2,22 42,0
953,10,4 17 30 32 33 35,7 9 22 27 37 42 +34,0,,0
954,1,3 12 18 33 38 40,1 9 26 28 30 41 +32,0,,0
954,2,7 20 28 31 35 39,1 9 26 28 30 41 +32,1,28,0
954,3,5 8 17 22 30 33,1 9 26 28 30 41 +32,1,30,0
954,4,23 25 28 32 43 44,1 9 26 28 30 41 +32,1,28,0
954,5,6 8 12 13 30 42,1 9 26 28 30 41 +32,1,30,0
954,6,5 10 15 20 23 25,1 9 26 28 30 41 +32,0,,0
954,7,8 11 19 30 33 38,1 9 26 28 30 41 +32,1,30,0
954,8,8 14 16 27 29 43,1 9 26 28 30 41 +32,0,,0
954,9,4 5 12 13 26 29,1 9 26 28 30 41 +32,1,26,0
954,10,10 15 19 20 23 30,1 9 26 28 30 41 +32,1,30,0
955,1,9 18 19 27 30 31,4 9 23 26 29 33 +8,1,9,0
955,2,13 18 20 25 38 40,4 9 23 26 29 33 +8,0,,0
955,3,6 10 21 30 32 40,4 9 23 26 29 33 +8,0,,0
955,4,3 7 11 18 30 42,4 9 23 26 29 33 +8,0,,0
955,5,1 2 6 11 28 38,4 9 23 26 29 33 +8,0,,0
955,6,1 10 12 14 15 24,4 9 23 26 29 33 +8,0,,0
955,7,3 11 19 32 43 44,4 9 23 26 29 33 +8,0,,0
955,8,2 6 13 25 26 35,4 9 23 26 29 33 +8,1,26,0
955,9,7 10 22 37 39 45,4 9 23 26 29 33 +8,0,,0
955,10,8 11 12 33 35 40,4 9 23 26 29 33 +8,1,33,0
956,1,5 10 21 23 24 31,10 11 20 21 25 41 +40,2,10 21,0
956,2,1 8 22 25 40 42,10 11 20 21 25 41 +40,1,25,0
956,3,6 12 13 26 29 45,10 11 20 21 25 41 +40,0,,0
956,4,4 5 14 18 36 43,10 11 20 21 25 41 +40,0,,0
956,5,7 10 22 25 28 31,10 11 20 21 25 41 +40,2,10 25,0
956,6,15 18 27 28 29 40,10 11 20 21 25 41 +40,0,,0
956,7,9 14 15 17 36 42,10 11 20 21 25 41 +40,0,,0
956,8,8 11 15 21 34 36,10 11 20 21 25 41 +40,2,11 21,0
956,9,9 18 22 24 25 33,10 11 20 21 25 41 +40,1,25,0
956,10,3 4 13 26 27 41,10 11 20 21 25 41 +40,1,41,0
957,1,12 13 27 34 37 45,4 15 24 35 36 40 +1,0,,0
957,2,2 4 15 27 35 37,4 15 24 35 36 40 +1,3,4 15 35,5
957,3,9 17 24 25 40 44,4 15 24 35 36 40 +1,2,24 40,0
957,4,10 14 19 23 32 35,4 15 24 35 36 40 +1,1,35,0
957,5,3 27 28 36 41 42,4 15 24 35 36 40 +1,1,36,0
957,6,2 20 21 26 31 41,4 15 24 35 36 40 +1,0,,0
957,7,9 12 19 27 38 44,4 15 24 35 36 40 +1,0,,0
957,8,3 6 19 37 40 45,4 15 24 35 36 40 +1,1,40,0
957,9,9 13 16 30 31 38,4 15 24 35 36 40 +1,0,,0
957,10,12 23 32 34 36 43,4 15 24 35 36 40 +1,1,36,0
958,1,2 7 12 18 24 39,2 9 10 16 35 37 +1,1,2,0
958,2,22 23 34 42 43 44,2 9 10 16 35 37 +1,0,,0
958,3,1 2 4 17 31 36,2 9 10 16 35 37 +1,1,2,0
958,4,2 8 14 17 35 37,2 9 10 16 35 37 +1,3,2 35 37,5
958,5,13 22 25 30 31 39,2 9 10 16 35 37 +1,0,,0
958,6,7 12 25 26 27 44,2 9 10 16 35 37 +1,0,,0
958,7,1 7 28 33 34 41,2 9 10 16 35 37 +1,0,,0
958,8,9 15 16 36 38 44,2 9 10 16 35 37 +1,2,9 16,0
958,9,3 4 8 20 23 44,2 9 10 16 35 37 +1,0,,0
958,10,7 8 10 25 33 38,2 9 10 16 35 37 +1,1,10,0
959,1,1 3 5 22 24 29,1 14 15 24 40 41 +35,2,1 24,0
959,2,9 13 23 25 37 41,1 14 15 24 40 41 +35,1,41,0
959,3,9 12 15 20 40 42,1 14 15 24 40 41 +35,2,15 40,0
959,4,8 13 17 19 39 43,1 14 15 24 40 41 +35,0,,0
959,5,9 10 23 36 38 41,1 14 15 24 40 41 +35,1,41,0
959,6,6 11 13 17 30 33,1 14 15 24 40 41 +35,0,,0
959,7,4 15 18 28 34 38,1 14 15 24 40 41 +35,1,15,0
959,8,5 7 10 21 28 38,1 14 15 24 40 41 +35,0,,0
959,9,10 21 27 35 40 42,1 14 15 24 40 41 +35,1,40,0
959,10,16 20 26 30 32 44,1 14 15 24 40 41 +35,0,,0
960,1,2 8 12 15 34 43,2 18 24 30 32 45 +14,1,2,0
960,2,4 5 12 17 29 38,2 18 24 30 32 45 +14,0,,0
960,3,18 20 22 32 36 37,2 18 24 30 32 45 +14,2,18 32,0
960,4,9 17 24 28 34 40,2 18 24 30 32 45 +14,1,24,0
960,5,2 5 12 18 36 42,2 18 24 30 32 45 +14,2,2 18,0
960,6,1 14 18 22 36 40,2 18 24 30 32 45 +14,1,18,0
960,7,7 11 12 26 40 42,2 18 24 30 32 45 +14,0,,0
960,8,1 4 15 26 28 32,2 18 24 30 32 45 +14,1,32,0
960,9,27 32 33 38 41 44,2 18 24 30 32 45 +14,1,32,0
960,10,5 16 24 29 40 42,2 18 24 30 32 45 +14,1,24,0
961,1,5 7 26 35 37 41,11 20 29 31 33 42 +43,0,,0
961,2,2 5 28 30 36 37,11 20 29 31 33 42 +43,0,,0
961,3,16 22 27 30 33 38,11 20 29 31 33 42 +43,1,33,0
961,4,9 12 19 37 39 43,11 20 29 31 33 42 +43,0,,0
961,5,10 11 15 17 37 40,11 20 29 31 33 42 +43,1,11,0
961,6,1 17 18 21 29 42,11 20 29 31 33 42 +43,2,29 42,0
961,7,8 26 30 35 36 45,11 20 29 31 33 42 +43,0,,0
961,8,5 6 14 18 26 27,11 20 29 31 33 42 +43,0,,0
961,9,2 6 11 13 30 35,11 20 29 31 33 42 +43,1,11,0
961,10,5 23 25 35 41 42,11 20 29 31 33 42 +43,1,42,0
962,1,8 9 32 37 38 39,1 18 28 31 34 43 +40,0,,0
962,2,1 4 17 19 29 40,1 18 28 31 34 43 +40,1,1,0
962,3,14 16 20 22 26 41,1 18 28 31 34 43 +40,0,,0
962,4,2 14 26 29 34 39,1 18 28 31 34 43 +40,1,34,0
962,5,1 17 23 24 40 44,1 18 28 31 34 43 +40,1,1,0
962,6,18 19 20 28 33 37,1 18 28 31 34 43 +40,2,18 28,0
962,7,1 15 16 23 26 32,1 18 28 31 34 43 +40,1,1,0
962,8,10 16 17 23 42 43,1 18 28 31 34 43 +40,1,43,0
962,9,10 14 15 32 37 41,1 18 28 31 34 43 +40,0,,0
962,10,8 24 34 35 37 42,1 18 28 31 34 43 +40,1,34,0
963,1,1 7 18 24 29 42,6 12 19 23 34 42 +35,1,42,0
963,2,7 16 33 38 40 45,6 12 19 23 34 42 +35,0,,0
963,3,1 10 18 19 21 23,6 12 19 23 34 42 +35,2,19 23,0
963,4,5 11 29 33 35 40,6 12 19 23 34 42 +35,0,,0
963,5,3 6 10 14 27 41,6 12 19 23 34 42 +35,1,6,0
963,6,4 10 22 30 31 33,6 12 19 23 34 42 +35,0,,0
963,7,23 29 36 38 39 42,6 12 19 23 34 42 +35,2,23 42,0
963,8,5 15 25 26 27 30,6 12 19 23 34 42 +35,0,,0
963,9,8 14 17 18 27 30,6 12 19 23 34 42 +35,0,,0
963,10,5 9 28 29 36 43,6 12 19 23 34 42 +35,0,,0
964,1,4 5 14 15 24 34,6 21 36 38 39 43 +30,0,,0
964,2,13 15 16 21 25 28,6 21 36 38 39 43 +30,1,21,0
964,3,5 12 14 19 21 26,6 21 36 38 39 43 +30,1,21,0
964,4,6 8 18 39 41 44,6 21 36 38 39 43 +30,2,6 39,0
964,5,3 10 11 16 22 27,6 21 36 38 39 43 +30,0,,0
964,6,2 4 8 19 30 37,6 21 36 38 39 43 +30,0,,0
964,7,14 18 20 33 35 40,6 21 36 38 39 43 +30,0,,0
964,8,24 35 36 38 43 45,6 21 36 38 39 43 +30,3,36 38 43,5
964,9,3 13 15 28 36 41,6 21 36 38 39 43 +30,1,36,0
964,10,16 20 22 34 40 44,6 21 36 38 39 43 +30,0,,0
965,1,9 15 31 34 38 41,2 13 25 28 29 36 +34,0,,0
965,2,5 11 17 20 24 34,2 13 25 28 29 36 +34,0,,0
965,3,2 4 5 11 13 32,2 13 25 28 29 36 +34,2,2 13,0
965,4,1 2 4 16 30 32,2 13 25 28 29 36 +34,1,2,0
965,5,2 8 20 26 34 45,2 13 25 28 29 36 +34,1,2,0
965,6,5 11 13 14 30 32,2 13 25 28 29 36 +34,1,13,0
965,7,2 8 11 19 40 42,2 13 25 28 29 36 +34,1,2,0
965,8,2 4 13 15 19 34,2 13 25 28 29 36 +34,2,2 13,0
965,9,1 5 6 8 18 30,2 13 25 28 29 36 +34,0,,0
965,10,16 17 27 39 42 45,2 13 25 28 29 36 +34,0,,0
966,1,1 5 6 27 29 45,1 21 25 29 34 37 +36,2,1 29,0
966,2,2 8 12 26 34 36,1 21 25 29 34 37 +36,1,34,0
966,3,22 29 32 34 37 39,1 21 25 29 34 37 +36,3,29 34 37,5
966,4,21 22 28 35 37 38,1 21 25 29 34 37 +36,2,21 37,0
966,5,19 27 28 31 34 43,1 21 25 29 34 37 +36,1,34,0
966,6,1 4 5 26 36 38,1 21 25 29 34 37 +36,1,1,0
966,7,6 9 15 24 25 41,1 21 25 29 34 37 +36,1,25,0
966,8,9 10 11 33 41 42,1 21 25 29 34 37 +36,0,,0
966,9,14 25 26 31 35 40,1 21 25 29 34 37 +36,1,25,0
966,10,1 13 34 37 44 45,1 21 25 29 34 37 +36,3,1 34 37,5
967,1,3 8 9 15 17 18,1 6 13 37 38 40 +9,0,,0
967,2,4 9 14 20 40 45,1 6 13 37 38 40 +9,1,40,0
967,3,7 10 20 27 34 37,1 6 13 37 38 40 +9,1,37,0
967,4,2 6 19 25 29 32,1 6 13 37 38 40 +9,1,6,0
967,5,3 5 20 23 26 35,1 6 13 37 38 40 +9,0,,0
967,6,2 12 14 20 31 44,1 6 13 37 38 40 +9,0,,0
967,7,17 18 19 23 34 37,1 6 13 37 38 40 +9,1,37,0
967,8,1 3 11 18 25 42,1 6 13 37 38 40 +9,1,1,0
967,9,1 4 8 43 44 45,1 6 13 37 38 40 +9,1,1,0
967,10,7 9 10 23 25 36,1 6 13 37 38 40 +9,0,,0
968,1,11 13 14 23 37 43,2 5 12 14 24 39 +33,1,14,0
968,2,3 9 16 27 38 40,2 5 12 14 24 39 +33,0,,0
968,3,1 5 6 12 33 40,2 5 12 14 24 39 +33,2,5 12,0
968,4,5 7 13 23 31 44,2 5 12 14 24 39 +33,1,5,0
968,5,8 11 14 19 33 41,2 5 12 14 24 39 +33,1,14,0
968,6,14 18 24 31 37 40,2 5 12 14 24 39 +33,2,14 24,0
968,7,1 11 12 13 31 43,2 5 12 14 24 39 +33,1,12,0
968,8,6 17 18 20 24 42,2 5 12 14 24 39 +33,1,24,0
968,9,11 16 19 22 26 34,2 5 12 14 24 39 +33,0,,0
968,10,11 19 35 38 39 45,2 5 12 14 24 39 +33,1,39,0
969,1,9 29 40 42 44 45,3 9 10 29 40 45 +7,4,9 29 40 45,4
969,2,6 25 26 29 35 37,3 9 10 29 40 45 +7,1,29,0
969,3,13 17 18 22 23 44,3 9 10 29 40 45 +7,0,,0
969,4,2 12 22 27 31 37,3 9 10 29 40 45 +7,0,,0
969,5,6 11 14 15 20 36,3 9 10 29 40 45 +7,0,,0
969,6,3 13 18 28 40 44,3 9 10 29 40 45 +7,2,3 40,0
969,7,6 15 17 20 40 45,3 9 10 29 40 45 +7,2,40 45,0
969,8,17 19 32 35 41 43,3 9 10 29 40 45 +7,0,,0
969,9,15 16 40 41 42 44,3 9 10 29 40 45 +7,1,40,0
969,10,8 9 16 19 26 31,3 9 10 29 40 45 +7,1,9,0
970,1,8 12 25 32 36 42,9 11 16 21 28 36 +5,1,36,0
970,2,1 7 11 16 19 29,9 11 16 21 28 36 +5,2,11 16,0
970,3,6 15 16 25 40 45,9 11 16 21 28 36 +5,1,16,0
970,4,10 17 23 25 27 35,9 11 16 21 28 36 +5,0,,0
970,5,4 21 26 27 37 45,9 11 16 21 28 36 +5,1,21,0
970,6,4 6 8 21 22 24,9 11 16 21 28 36 +5,1,21,0
970,7,5 8 14 23 32 35,9 11 16 21 28 36 +5,0,,0
970,8,18 20 26 28 34 44,9 11 16 21 28 36 +5,1,28,0
970,9,7 11 29 30 44 45,9 11 16 21 28 36 +5,1,11,0
970,10,4 5 20 24 35 38,9 11 16 21 28 36 +5,0,,0
971,1,9 12 16 24 28 41,2 6 17 18 21 26 +7,0,,0
971,2,14 17 31 33 35 39,2 6 17 18 21 26 +7,1,17,0
971,3,2 23 31 33 35 40,2 6 17 18 21 26 +7,1,2,0
971,4,12 14 18 22 32 38,2 6 17 18 21 26 +7,1,18,0
971,5,14 15 17 32 34 42,2 6 17 18 21 26 +7,1,17,0
971,6,23 32 37 38 39 45,2 6 17 18 21 26 +7,0,,0
971,7,2 16 18 24 32 35,2 6 17 18 21 26 +7,2,2 18,0
971,8,1 3 26 39 43 44,2 6 17 18 21 26 +7,1,26,0
971,9,5 10 14 16 39 45,2 6 17 18 21 26 +7,0,,0
971,10,15 17 21 27 37 41,2 6 17 18 21 26 +7,2,17 21,0
972,1,11 16 27 28 29 36,3 6 17 23 37 39 +26,0,,0
972,2,6 12 14 16 18 26,3 6 17 23 37 39 +26,1,6,0
972,3,13 19 37 40 41 45,3 6 17 23 37 39 +26,1,37,0
972,4,1 12 14 21 24 44,3 6 17 23 37 39 +26,0,,0
972,5,2 3 5 18 30 38,3 6 17 23 37 39 +26,1,3,0
972,6,4 20 23 24 31 37,3 6 17 23 37 39 +26,2,23 37,0
972,7,6 8 14 15 24 29,3 6 17 23 37 39 +26,1,6,0
972,8,1 8 24 37 39 41,3 6 17 23 37 39 +26,2,37 39,0
972,9,3 26 28 29 33 36,3 6 17 23 37 39 +26,1,3,0
972,10,14 16 17 20 39 45,3 6 17 23 37 39 +26,2,17 39,0
973,1,1 3 9 15 22 31,22 26 31 37 41 42 +24,2,22 31,0
973,2,6 18 23 25 27 37,22 26 31 37 41 42 +24,1,37,0
973,3,9 12 19 20 22 32,22 26 31 37 41 42 +24,1,22,0
973,4,1 25 27 37 40 44,22 26 31 37 41 42 +24,1,37,0
973,5,1 9 18 28 43 44,22 26 31 37 41 42 +24,0,,0
973,6,1 3 25 31 32 36,22 26 31 37 41 42 +24,1,31,0
973,7,19 21 23 26 32 37,22 26 31 37 41 42 +24,2,26 37,0
973,8,16 17 20 23 34 35,22 26 31 37 41 42 +24,0,,0
973,9,11 15 18 29 37 44,22 26 31 37 41 42 +24,1,37,0
973,10,16 20 27 31 33 35,22 26 31 37 41 42 +24,1,31,0
974,1,7 9 15 20 25 33,1 2 11 16 39 44 +32,0,,0
974,2,5 17 20 27 37 38,1 2 11 16 39 44 +32,0,,0
974,3,5 10 14 27 30 40,1 2 11 16 39 44 +32,0,,0
974,4,2 17 23 32 39 44,1 2 11 16 39 44 +32,3,2 39 44,5
974,5,4 8 9 13 24 28,1 2 11 16 39 44 +32,0,,0
974,6,4 21 22 34 35 39,1 2 11 16 39 44 +32,1,39,0
974,7,6 7 14 23 35 41,1 2 11 16 39 44 +32,0,,0
974,8,5 7 14 20 22 42,1 2 11 16 39 44 +32,0,,0
974,9,16 21 23 30 37 40,1 2 11 16 39 44 +32,1,16,0
974,10,6 8 9 14 17 44,1 2 11 16 39 44 +32,1,44,0
975,1,13 17 25 28 34 38,7 8 9 17 22 24 +5,1,17,0
975,2,2 10 12 18 31 45,7 8 9 17 22 24 +5,0,,0
975,3,2 3 14 19 32 38,7 8 9 17 22 24 +5,0,,0
975,4,5 14 17 32 35 45,7 8 9 17 22 24 +5,1,17,0
975,5,2 6 25 29 42 44,7 8 9 17 22 24 +5,0,,0
975,6,6 20 25 34 43 45,7 8 9 17 22 24 +5,0,,0
975,7,5 19 20 24 27 32,7 8 9 17 22 24 +5,1,24,0
975,8,6 21 23 27 41 43,7 8 9 17 22 24 +5,0,,0
975,9,5 7 12 23 28 37,7 8 9 17 22 24 +5,1,7,0
975,10,2 22 30 43 44 45,7 8 9 17 22 24 +5,1,22,0
976,1,13 14 16 24 29 34,4 12 14 25 35 37 +2,1,14,0
976,2,7 15 24 27 28 36,4 12 14 25 35 37 +2,0,,0
976,3,8 21 24 28 29 40,4 12 14 25 35 37 +2,0,,0
976,4,1 16 23 28 30 41,4 12 14 25 35 37 +2,0,,0
976,5,2 25 29 31 36 37,4 12 14 25 35 37 +2,2,25 37,0
976,6,8 14 17 21 32 40,4 12 14 25 35 37 +2,1,14,0
976,7,7 11 14 15 27 38,4 12 14 25 35 37 +2,1,14,0
976,8,20 22 23 24 25 27,4 12 14 25 35 37 +2,1,25,0
976,9,3 4 14 18 26 39,4 12 14 25 35 37 +2,2,4 14,0
976,10,7 18 28 30 31 32,4 12 14 25 35 37 +2,0,,0
977,1,1 5 14 18 30 31,2 9 10 14 22 44 +16,1,14,0
977,2,10 15 27 37 38 42,2 9 10 14 22 44 +16,1,10,0
977,3,2 21 33 34 40 41,2 9 10 14 22 44 +16,1,2,0
977,4,21 23 27 29 33 38,2 9 10 14 22 44 +16,0,,0
977,5,7 13 22 34 35 40,2 9 10 14 22 44 +16,1,22,0
977,6,11 13 21 35 36 38,2 9 10 14 22 44 +16,0,,0
977,7,5 16 18 24 25 31,2 9 10 14 22 44 +16,0,,0
977,8,1 7 17 30 31 43,2 9 10 14 22 44 +16,0,,0
977,9,4 6 8 12 21 39,2 9 10 14 22 44 +16,0,,0
977,10,8 13 16 22 37 41,2 9 10 14 22 44 +16,1,22,0
978,1,7 11 13 21 25 41,1 7 15 32 34 42 +8,1,7,0
978,2,6 10 16 20 33 41,1 7 15 32 34 42 +8,0,,0
978,3,10 30 33 38 40 42,1 7 15 32 34 42 +8,1,42,0
978,4,16 19 21 25 33 40,1 7 15 32 34 42 +8,0,,0
978,5,3 14 18 26 34 42,1 7 15 32 34 42 +8,2,34 42,0
978,6,1 18 19 25 29 38,1 7 15 32 34 42 +8,1,1,0
978,7,9 17 30 35 41 45,1 7 15 32 34 42 +8,0,,0
978,8,1 3 12 29 44 45,1 7 15 32 34 42 +8,1,1,0
978,9,10 15 20 26 31 33,1 7 15 32 34 42 +8,1,15,0
978,10,5 8 13 28 37 38,1 7 15 32 34 42 +8,0,,0
979,1,10 11 18 27 34 43,7 11 16 21 27 33 +24,2,11 27,0
979,2,20 21 29 38 39 45,7 11 16 21 27 33 +24,1,21,0
979,3,8 17 21 32 40 43,7 11 16 21 27 33 +24,1,21,0
979,4,1 15 20 21 23 24,7 11 16 21 27 33 +24,1,21,0
979,5,7 20 23 39 41 45,7 11 16 21 27 33 +24,1,7,0
979,6,7 11 18 26 33 44,7 11 16 21 27 33 +24,3,7 11 33,5
979,7,1 20 35 38 39 44,7 11 16 21 27 33 +24,0,,0
979,8,11 20 21 27 30 34,7 11 16 21 27 33 +24,3,11 21 27,5
979,9,4 11 27 29 40 41,7 11 16 21 27 33 +24,2,11 27,0
979,10,12 14 17 18 23 44,7 11 16 21 27 33 +24,0,,0
980,1,1 2 10 21 32 35,3 13 16 23 24 35 +14,1,35,0
980,2,7 11 16 28 33 42,3 13 16 23 24 35 +14,1,16,0
980,3,1 8 12 13 21 28,3 13 16 23 24 35 +14,1,13,0
980,4,1 11 15 18 19 35,3 13 16 23 24 35 +14,1,35,0
980,5,10 16 19 23 29 45,3 13 16 23 24 35 +14,2,16 23,0
980,6,9 15 34 36 39 43,3 13 16 23 24 35 +14,0,,0
980,7,8 19 21 35 43 45,3 13 16 23 24 35 +14,1,35,0
980,8,3 13 27 29 33 42,3 13 16 23 24 35 +14,2,3 13,0
980,9,8 11 17 23 26 38,3 13 16 23 24 35 +14,1,23,0
980,10,11 13 15 24 40 43,3 13 16 23 24 35 +14,2,13 24,0
981,1,13 19 25 29 39 44,27 36 37 41 43 45 +32,0,,0
981,2,6 11 15 23 37 39,27 36 37 41 43 45 +32,1,37,0
981,3,3 10 12 19 21 31,27 36 37 41 43 45 +32,0,,0
981,4,12 18 31 33 37 44,27 36 37 41 43 45 +32,1,37,0
981,5,12 17 31 35 36 40,27 36 37 41 43 45 +32,1,36,0
981,6,4 15 23 26 31 44,27 36 37 41 43 45 +32,0,,0
981,7,8 22 28 37 38 41,27 36 37 41 43 45 +32,2,37 41,0
981,8,6 17 27 30 33 42,27 36 37 41 43 45 +32,1,27,0
981,9,3 10 14 16 26 31,27 36 37 41 43 45 +32,0,,0
981,10,5 14 18 26 34 43,27 36 37 41 43 45 +32,1,43,0
982,1,1 17 19 25 32 37,5 7 13 20 21 44 +33,0,,0
982,2,6 7 11 20 27 35,5 7 13 20 21 44 +33,2,7 20,0
982,3,14 17 23 26 36 44,5 7 13 20 21 44 +33,1,44,0
982,4,3 15 16 24 32 37,5 7 13 20 21 44 +33,0,,0
982,5,13 17 22 27 34 39,5 7 13 20 21 44 +33,1,13,0
982,6,9 17 22 26 30 42,5 7 13 20 21 44 +33,0,,0
982,7,2 5 7 24 37 45,5 7 13 20 21 44 +33,2,5 7,0
982,8,9 12 14 21 33 40,5 7 13 20 21 44 +33,1,21,0
982,9,1 25 31 35 39 45,5 7 13 20 21 44 +33,0,,0
982,10,11 12 15 19 33 44,5 7 13 20 21 44 +33,1,44,0
983,1,3 16 28 34 35 45,13 23 26 31 35 43 +15,1,35,0
983,2,6 11 15 26 27 30,13 23 26 31 35 43 +15,1,26,0
983,3,3 16 21 25 29 45,13 23 26 31 35 43 +15,0,,0
983,4,7 12 18 24 35 37,13 23 26 31 35 43 +15,1,35,0
983,5,18 20 28 29 34 36,13 23 26 31 35 43 +15,0,,0
983,6,11 13 15 24 36 38,13 23 26 31 35 43 +15,1,13,0
983,7,6 12 20 28 34 36,13 23 26 31 35 43 +15,0,,0
983,8,1 6 17 28 33 42,13 23 26 31 35 43 +15,0,,0
983,9,19 21 23 24 30 45,13 23 26 31 35 43 +15,1,23,0
983,10,7 21 23 24 39 43,13 23 26 31 35 43 +15,2,23 43,0
984,1,8 10 25 26 27 28,3 10 23 35 36 37 +18,1,10,0
984,2,12 19 28 34 36 43,3 10 23 35 36 37 +18,1,36,0
984,3,1 4 11 20 33 44,3 10 23 35 36 37 +18,0,,0
984,4,1 14 19 21 26 40,3 10 23 35 36 37 +18,0,,0
984,5,2 19 22 34 37 41,3 10 23 35 36 37 +18,1,37,0
984,6,14 15 24 29 36 44,3 10 23 35 36 37 +18,1,36,0
984,7,2 3 23 34 38 41,3 10 23 35 36 37 +18,2,3 23,0
984,8,21 34 35 36 40 42,3 10 23 35 36 37 +18,2,35 36,0
984,9,4 31 34 36 38 43,3 10 23 35 36 37 +18,1,36,0
984,10,1 6 9 15 25 39,3 10 23 35 36 37 +18,0,,0
985,1,3 25 35 42 43 44,17 21 23 30 34 44 +19,1,44,0
985,2,3 18 23 34 39 42,17 21 23 30 34 44 +19,2,23 34,0
985,3,3 5 7 12 22 39,17 21 23 30 34 44 +19,0,,0
985,4,9 15 17 21 37 44,17 21 23 30 34 44 +19,3,17 21 44,5
985,5,13 24 31 38 42 45,17 21 23 30 34 44 +19,0,,0
985,6,3 4 9 21 31 37,17 21 23 30 34 44 +19,1,21,0
985,7,8 14 28 31 32 36,17 21 23 30 34 44 +19,0,,0
985,8,8 14 18 25 30 36,17 21 23 30 34 44 +19,1,30,0
985,9,2 18 26 27 35 38,17 21 23 30 34 44 +19,0,,0
985,10,2 12 20 21 39 42,17 21 23 30 34 44 +19,1,21,0
986,1,1 4 12 14 15 23,7 10 16 28 41 42 +40,0,,0
986,2,4 16 20 29 34 38,7 10 16 28 41 42 +40,1,16,0
986,3,1 7 10 16 19 23,7 10 16 28 41 42 +40,3,7 10 16,5
986,4,2 8 11 16 20 33,7 10 16 28 41 42 +40,1,16,0
986,5,13 20 21 32 38 43,7 10 16 28 41 42 +40,0,,0
986,6,3 8 20 24 27 31,7 10 16 28 41 42 +40,0,,0
986,7,1 2 5 13 23 31,7 10 16 28 41 42 +40,0,,0
986,8,2 4 7 12 28 34,7 10 16 28 41 42 +40,2,7 28,0
986,9,11 21 24 30 39 45,7 10 16 28 41 42 +40,0,,0
986,10,2 3 8 24 41 42,7 10 16 28 41 42 +40,2,41 42,0
987,1,6 10 18 23 32 42,2 4 15 23 29 38 +7,1,23,0
987,2,7 9 10 11 19 41,2 4 15 23 29 38 +7,0,,0
987,3,2 9 14 27 34 40,2 4 15 23 29 38 +7,1,2,0
987,4,6 8 12 29 32 39,2 4 15 23 29 38 +7,1,29,0
987,5,3 10 26 28 41 43,2 4 15 23 29 38 +7,0,,0
987,6,11 25 36 39 40 42,2 4 15 23 29 38 +7,0,,0
987,7,8 21 31 33 39 44,2 4 15 23 29 38 +7,0,,0
987,8,4 6 8 22 24 34,2 4 15 23 29 38 +7,1,4,0
987,9,4 5 14 23 25 31,2 4 15 23 29 38 +7,2,4 23,0
987,10,9 22 27 36 37 43,2 4 15 23 29 38 +7,0,,0
988,1,6 8 25 26 30 42,2 13 20 30 31 41 +27,1,30,0
988,2,1 4 20 23 25 27,2 13 20 30 31 41 +27,1,20,0
988,3,6 10 17 21 34 35,2 13 20 30 31 41 +27,0,,0
988,4,6 10 17 28 34 43,2 13 20 30 31 41 +27,0,,0
988,5,2 14 22 23 31 42,2 13 20 30 31 41 +27,2,2 31,0
988,6,12 13 17 26 34 37,2 13 20 30 31 41 +27,1,13,0
988,7,1 8 16 17 21 39,2 13 20 30 31 41 +27,0,,0
988,8,12 13 18 37 41 43,2 13 20 30 31 41 +27,2,13 41,0
988,9,4 13 19 31 32 43,2 13 20 30 31 41 +27,2,13 31,0
988,10,1 4 9 19 25 40,2 13 20 30 31 41 +27,0,,0
989,1,12 13 25 28 29 45,17 18 21 27 29 33 +26,1,29,0
989,2,2 11 15 22 26 36,17 18 21 27 29 33 +26,0,,0
989,3,7 8 23 30 42 44,17 18 21 27 29 33 +26,0,,0
989,4,16 24 26 37 40 44,17 18 21 27 29 33 +26,0,,0
989,5,2 24 27 35 42 44,17 18 21 27 29 33 +26,1,27,0
989,6,4 15 31 41 43 44,17 18 21 27 29 33 +26,0,,0
989,7,4 10 12 25 29 31,17 18 21 27 29 33 +26,1,29,0
989,8,12 16 23 36 42 45,17 18 21 27 29 33 +26,0,,0
989,9,8 16 25 28 38 39,17 18 21 27 29 33 +26,0,,0
989,10,8 9 22 35 37 40,17 18 21 27 29 33 +26,0,,0
990,1,4 6 7 9 24 43,2 4 25 26 36 37 +28,1,4,0
990,2,3 12 17 37 39 43,2 4 25 26 36 37 +28,1,37,0
990,3,6 14 18 21 29 38,2 4 25 26 36 37 +28,0,,0
990,4,1 16 17 30 38 45,2 4 25 26 36 37 +28,0,,0
990,5,13 24 25 36 39 43,2 4 25 26 36 37 +28,2,25 36,0
990,6,13 22 25 28 39 42,2 4 25 26 36 37 +28,1,25,0
990,7,3 6 14 29 40 42,2 4 25 26 36 37 +28,0,,0
990,8,2 11 19 25 40 44,2 4 25 26 36 37 +28,2,2 25,0
990,9,18 20 23 32 33 34,2 4 25 26 36 37 +28,0,,0
990,10,14 19 20 23 24 43,2 4 25 26 36 37 +28,0,,0
991,1,1 18 20 22 34 41,13 18 25 31 33 44 +38,1,18,0
991,2,11 26 33 38 39 45,13 18 25 31 33 44 +38,1,33,0
991,3,2 12 13 30 39 41,13 18 25 31 33 44 +38,1,13,0
991,4,22 23 25 31 42 45,13 18 25 31 33 44 +38,2,25 31,0
991,5,3 7 9 39 43 45,13 18 25 31 33 44 +38,0,,0
991,6,13 27 29 37 39 45,13 18 25 31 33 44 +38,1,13,0
991,7,6 18 25 29 30 38,13 18 25 31 33 44 +38,2,18 25,0
991,8,2 18 23 25 26 39,13 18 25 31 33 44 +38,2,18 25,0
991,9,4 7 23 29 32 39,13 18 25 31 33 44 +38,0,,0
991,10,17 19 21 28 44 45,13 18 25 31 33 44 +38,1,44,0
992,1,7 8 12 23 25 41,12 20 26 33 44 45 +24,1,12,0
992,2,2 10 13 32 33 37,12 20 26 33 44 45 +24,1,33,0
992,3,3 10 14 20 36 43,12 20 26 33 44 45 +24,1,20,0
992,4,2 13 19 24 28 32,12 20 26 33 44 45 +24,0,,0
992,5,8 14 28 33 40 45,12 20 26 33 44 45 +24,2,33 45,0
992,6,4 13 22 25 41 43,12 20 26 33 44 45 +24,0,,0
992,7,1 5 16 18 28 42,12 20 26 33 44 45 +24,0,,0
992,8,8 11 21 24 27 41,12 20 26 33 44 45 +24,0,,0
992,9,15 24 34 37 39 44,12 20 26 33 44 45 +24,1,44,0
992,10,5 16 17 23 43 44,12 20 26 33 44 45 +24,1,44,0
993,1,7 11 28 36 40 41,6 14 16 18 24 42 +44,0,,0
993,2,3 9 14 27 33 40,6 14 16 18 24 42 +44,1,14,0
993,3,4 20 25 26 33 35,6 14 16 18 24 42 +44,0,,0
993,4,5 6 8 17 31 42,6 14 16 18 24 42 +44,2,6 42,0
993,5,3 15 27 34 36 43,6 14 16 18 24 42 +44,0,,0
993,6,1 27 29 33 39 42,6 14 16 18 24 42 +44,1,42,0
993,7,4 5 14 22 33 41,6 14 16 18 24 42 +44,1,14,0
993,8,10 22 27 38 39 42,6 14 16 18 24 42 +44,1,42,0
993,9,9 11 14 25 31 35,6 14 16 18 24 42 +44,1,14,0
993,10,3 19 27 35 39 42,6 14 16 18 24 42 +44,1,42,0
994,1,5 8 16 29 38 43,1 3 8 24 27 35 +28,1,8,0
994,2,2 3 8 11 20 33,1 3 8 24 27 35 +28,2,3 8,0
994,3,3 7 8 10 27 45,1 3 8 24 27 35 +28,3,3 8 27,5
994,4,8 13 14 16 17 42,1 3 8 24 27 35 +28,1,8,0
994,5,5 9 19 22 36 41,1 3 8 24 27 35 +28,0,,0
994,6,9 13 15 20 39 40,1 3 8 24 27 35 +28,0,,0
994,7,10 18 21 26 27 31,1 3 8 24 27 35 +28,1,27,0
994,8,6 11 17 36 40 41,1 3 8 24 27 35 +28,0,,0
994,9,12 18 21 26 33 38,1 3 8 24 27 35 +28,0,,0
994,10,8 14 25 26 34 35,1 3 8 24 27 35 +28,2,8 35,0
995,1,3 9 20 21 26 33,1 4 13 29 38 39 +7,0,,0
995,2,2 23 29 33 38 44,1 4 13 29 38 39 +7,2,29 38,0
995,3,1 2 15 23 24 28,1 4 13 29 38 39 +7,1,1,0
995,4,2 4 16 24 39 43,1 4 13 29 38 39 +7,2,4 39,0
995,5,6 7 10 16 28 34,1 4 13 29 38 39 +7,0,,0
995,6,8 11 12 21 35 37,1 4 13 29 38 39 +7,0,,0
995,7,10 11 19 23 26 32,1 4 13 29 38 39 +7,0,,0
995,8,4 5 13 16 18 29,1 4 13 29 38 39 +7,3,4 13 29,5
995,9,3 12 15 17 20 27,1 4 13 29 38 39 +7,0,,0
995,10,3 13 18 25 26 31,1 4 13 29 38 39 +7,1,13,0
996,1,6 22 30 35 40 44,6 11 15 24 32 39 +28,1,6,0
996,2,7 23 24 37 42 45,6 11 15 24 32 39 +28,1,24,0
996,3,12 14 20 21 30 42,6 11 15 24 32 39 +28,0,,0
996,4,8 13 24 35 39 44,6 11 15 24 32 39 +28,2,24 39,0
996,5,1 4 14 31 33 41,6 11 15 24 32 39 +28,0,,0
996,6,15 16 24 31 34 42,6 11 15 24 32 39 +28,2,15 24,0
996,7,12 18 24 31 40 44,6 11 15 24 32 39 +28,1,24,0
996,8,1 19 22 27 33 38,6 11 15 24 32 39 +28,0,,0
996,9,11 17 27 30 43 45,6 11 15 24 32 39 +28,1,11,0
996,10,8 14 18 19 26 27,6 11 15 24 32 39 +28,0,,0
997,1,1 7 17 21 29 45,4 7 14 16 24 44 +20,1,7,0
997,2,4 8 11 16 31 34,4 7 14 16 24 44 +20,2,4 16,0
997,3,5 10 13 26 29 45,4 7 14 16 24 44 +20,0,,0
997,4,2 8 15 26 32 34,4 7 14 16 24 44 +20,0,,0
997,5,2 4 10 38 39 44,4 7 14 16 24 44 +20,2,4 44,0
997,6,5 7 18 25 33 40,4 7 14 16 24 44 +20,1,7,0
997,7,2 4 12 23 42 44,4 7 14 16 24 44 +20,2,4 44,0
997,8,21 38 41 42 43 44,4 7 14 16 24 44 +20,1,44,0
997,9,10 13 14 18 20 32,4 7 14 16 24 44 +20,1,14,0
997,10,3 4 11 17 38 45,4 7 14 16 24 44 +20,1,4,0
998,1,1 4 18 22 27 41,13 17 18 20 42 45 +41,1,18,0
998,2,27 28 34 36 38 42,13 17 18 20 42 45 +41,1,42,0
998,3,7 9 13 17 41 44,13 17 18 20 42 45 +41,2,13 17,0
998,4,4 10 31 35 40 42,13 17 18 20 42 45 +41,1,42,0
998,5,1 8 13 17 22 27,13 17 18 20 42 45 +41,2,13 17,0
998,6,5 11 13 19 28 41,13 17 18 20 42 45 +41,1,13,0
998,7,11 21 23 25 30 45,13 17 18 20 42 45 +41,1,45,0
998,8,8 10 11 26 36 37,13 17 18 20 42 45 +41,0,,0
998,9,1 7 15 29 41 44,13 17 18 20 42 45 +41,0,,0
998,10,12 18 20 30 32 36,13 17 18 20 42 45 +41,2,18 20,0
999,1,28 32 38 40 41 42,1 3 9 14 18 28 +34,1,28,0
999,2,3 4 30 33 39 43,1 3 9 14 18 28 +34,1,3,0
999,3,6 19 37 40 41 42,1 3 9 14 18 28 +34,0,,0
999,4,20 22 37 39 41 42,1 3 9 14 18 28 +34,0,,0
999,5,13 20 25 27 32 45,1 3 9 14 18 28 +34,0,,0
999,6,7 10 17 22 23 25,1 3 9 14 18 28 +34,0,,0
999,7,1 10 11 17 39 42,1 3 9 14 18 28 +34,1,1,0
999,8,3 8 12 27 33 40,1 3 9 14 18 28 +34,1,3,0
999,9,3 8 20 24 34 43,1 3 9 14 18 28 +34,1,3,0
999,10,5 17 18 25 32 37,1 3 9 14 18 28 +34,1,18,0
1000,1,5 22 24 27 40 45,2 8 19 22 32 42 +39,1,22,0
1000,2,12 17 24 26 30 34,2 8 19 22 32 42 +39,0,,0
1000,3,1 21 28 36 38 43,2 8 19 22 32 42 +39,0,,0
1000,4,11 21 26 30 31 38,2 8 19 22 32 42 +39,0,,0
1000,5,9 20 24 32 33 39,2 8 19 22 32 42 +39,1,32,0
1000,6,6 17 19 22 33 38,2 8 19 22 32 42 +39,2,19 22,0
1000,7,8 25 26 43 44 45,2 8 19 22 32 42 +39,1,8,0
1000,8,2 20 21 28 37 45,2 8 19 22 32 42 +39,1,2,0
1000,9,4 6 7 28 32 38,2 8 19 22 32 42 +39,1,32,0
1000,10,1 2 13 20 31 45,2 8 19 22 32 42 +39,1,2,0
1001,1,8 11 24 27 32 41,6 10 12 14 20 42 +15,0,,0
1001,2,8 10 14 23 28 43,6 10 12 14 20 42 +15,2,10 14,0
1001,3,18 23 36 39 40 44,6 10 12 14 20 42 +15,0,,0
1001,4,6 11 13 16 19 43,6 10 12 14 20 42 +15,1,6,0
1001,5,10 11 16 25 29 32,6 10 12 14 20 42 +15,1,10,0
1001,6,4 15 30 31 40 41,6 10 12 14 20 42 +15,0,,0
1001,7,5 8 12 23 29 32,6 10 12 14 20 42 +15,1,12,0
1001,8,5 7 11 35 36 40,6 10 12 14 20 42 +15,0,,0
1001,9,4 15 21 31 34 45,6 10 12 14 20 42 +15,0,,0
1001,10,7 24 31 33 36 45,6 10 12 14 20 42 +15,0,,0
1002,1,11 23 26 31 32 45,17 25 33 35 38 45 +15,1,45,0
1002,2,2 5 7 10 13 17,17 25 33 35 38 45 +15,1,17,0
1002,3,17 19 20 31 33 44,17 25 33 35 38 45 +15,2,17 33,0
1002,4,3 12 24 25 27 29,17 25 33 35 38 45 +15,1,25,0
1002,5,6 11 13 16 37 40,17 25 33 35 38 45 +15,0,,0
1002,6,1 13 19 20 34 36,17 25 33 35 38 45 +15,0,,0
1002,7,7 11 26 29 36 44,17 25 33 35 38 45 +15,0,,0
1002,8,11 12 13 26 38 39,17 25 33 35 38 45 +15,1,38,0
1002,9,15 19 22 29 31 33,17 25 33 35 38 45 +15,1,33,0
1002,10,1 12 32 42 44 45,17 25 33 35 38 45 +15,1,45,0
1003,1,4 11 17 33 34 35,1 4 29 39 43 45 +31,1,4,0
1003,2,3 15 25 31 33 44,1 4 29 39 43 45 +31,0,,0
1003,3,17 18 21 22 36 38,1 4 29 39 43 45 +31,0,,0
1003,4,19 25 33 35 39 44,1 4 29 39 43 45 +31,1,39,0
1003,5,7 22 31 35 41 44,1 4 29 39 43 45 +31,0,,0
1003,6,7 18 27 33 35 44,1 4 29 39 43 45 +31,0,,0
1003,7,3 5 7 13 38 42,1 4 29 39 43 45 +31,0,,0
1003,8,6 10 25 36 37 45,1 4 29 39 43 45 +31,1,45,0
1003,9,8 13 19 22 41 45,1 4 29 39 43 45 +31,1,45,0
1003,10,18 27 30 35 39 43,1 4 29 39 43 45 +31,2,39 43,0
1004,1,4 5 14 21 40 43,7 15 30 37 39 44 +18,0,,0
1004,2,6 7 12 26 38 40,7 15 30 37 39 44 +18,1,7,0
1004,3,5 7 8 17 24 42,7 15 30 37 39 44 +18,1,7,0
1004,4,6 11 20 30 41 42,7 15 30 37 39 44 +18,1,30,0
1004,5,26 28 31 40 43 44,7 15 30 37 39 44 +18,1,44,0
1004,6,1 5 9 28 41 43,7 15 30 37 39 44 +18,0,,0
1004,7,5 19 26 30 31 34,7 15 30 37 39 44 +18,1,30,0
1004,8,12 14 27 28 30 39,7 15 30 37 39 44 +18,2,30 39,0
1004,9,22 30 34 39 42 44,7 15 30 37 39 44 +18,3,30 39 44,5
1004,10,9 11 12 13 34 42,7 15 30 37 39 44 +18,0,,0
1005,1,4 17 19 28 33 45,8 13 18 24 27 29 +17,0,,0
1005,2,5 20 29 34 39 43,8 13 18 24 27 29 +17,1,29,0
1005,3,19 20 21 22 27 42,8 13 18 24 27 29 +17,1,27,0
1005,4,3 8 15 21 22 26,8 13 18 24 27 29 +17,1,8,0
1005,5,12 21 23 24 31 33,8 13 18 24 27 29 +17,1,24,0
1005,6,7 13 14 27 29 44,8 13 18 24 27 29 +17,3,13 27 29,5
1005,7,2 6 11 19 25 32,8 13 18 24 27 29 +17,0,,0
1005,8,4 5 7 22 34 37,8 13 18 24 27 29 +17,0,,0
1005,9,8 18 19 25 28 30,8 13 18 24 27 29 +17,2,8 18,0
1005,10,5 17 24 27 34 44,8 13 18 24 27 29 +17,2,24 27,0
1006,1,1 22 26 38 41 45,8 11 15 16 17 37 +36,0,,0
1006,2,9 19 20 21 33 39,8 11 15 16 17 37 +36,0,,0
1006,3,3 7 8 17 31 37,8 11 15 16 17 37 +36,3,8 17 37,5
1006,4,8 11 18 22 24 27,8 11 15 16 17 37 +36,2,8 11,0
1006,5,3 4 7 16 20 24,8 11 15 16 17 37 +36,1,16,0
1006,6,8 9 11 28 40 45,8 11 15 16 17 37 +36,2,8 11,0
1006,7,1 7 11 14 24 34,8 11 15 16 17 37 +36,1,11,0
1006,8,2 4 7 23 32 38,8 11 15 16 17 37 +36,0,,0
1006,9,1 8 9 14 22 28,8 11 15 16 17 37 +36,1,8,0
1006,10,6 27 28 30 33 38,8 11 15 16 17 37 +36,0,,0
1007,1,17 22 26 32 40 41,8 11 16 19 21 25 +40,0,,0
1007,2,7 12 15 25 29 39,8 11 16 19 21 25 +40,1,25,0
1007,3,5 13 16 25 28 38,8 11 16 19 21 25 +40,2,16 25,0
1007,4,3 4 6 17 37 39,8 11 16 19 21 25 +40,0,,0
1007,5,7 12 15 22 40 45,8 11 16 19 21 25 +40,0,,0
1007,6,5 7 17 26 33 35,8 11 16 19 21 25 +40,0,,0
1007,7,9 18 21 30 38 40,8 11 16 19 21 25 +40,1,21,0
1007,8,2 6 20 23 43 44,8 11 16 19 21 25 +40,0,,0
1007,9,5 10 15 27 35 36,8 11 16 19 21 25 +40,0,,0
1007,10,1 2 4 18 23 25,8 11 16 19 21 25 +40,1,25,0
1008,1,4 7 13 19 26 40,9 11 30 31 41 44 +33,0,,0
1008,2,1 3 10 27 36 41,9 11 30 31 41 44 +33,1,41,0
1008,3,10 20 25 35 36 37,9 11 30 31 41 44 +33,0,,0
1008,4,6 13 15 33 39 40,9 11 30 31 41 44 +33,0,,0
1008,5,7 9 13 21 27 38,9 11 30 31 41 44 +33,1,9,0
1008,6,7 11 21 24 34 35,9 11 30 31 41 44 +33,1,11,0
1008,7,2 9 12 24 33 44,9 11 30 31 41 44 +33,2,9 44,0
1008,8,13 16 19 41 42 44,9 11 30 31 41 44 +33,2,41 44,0
1008,9,6 23 24 26 41 45,9 11 30 31 41 44 +33,1,41,0
1008,10,10 16 17 22 31 39,9 11 30 31 41 44 +33,1,31,0
1009,1,8 16 18 24 25 34,15 23 29 34 40 44 +20,1,34,0
1009,2,18 25 28 29 31 39,15 23 29 34 40 44 +20,1,29,0
1009,3,10 25 28 34 44 45,15 23 29 34 40 44 +20,2,34 44,0
1009,4,4 21 23 29 33 39,15 23 29 34 40 44 +20,2,23 29,0
1009,5,19 24 31 33 42 43,15 23 29 34 40 44 +20,0,,0
1009,6,11 17 26 28 30 35,15 23 29 34 40 44 +20,0,,0
1009,7,11 12 23 31 32 45,15 23 29 34 40 44 +20,1,23,0
1009,8,6 19 24 25 27 42,15 23 29 34 40 44 +20,0,,0
1009,9,1 3 12 15 33 36,15 23 29 34 40 44 +20,1,15,0
1009,10,1 3 10 11 18 42,15 23 29 34 40 44 +20,0,,0
1010,1,2 11 12 21 25 26,9 12 15 25 34 36 +3,2,12 25,0
1010,2,11 21 26 29 32 44,9 12 15 25 34 36 +3,0,,0
1010,3,7 11 20 23 31 45,9 12 15 25 34 36 +3,0,,0
1010,4,3 4 24 36 38 41,9 12 15 25 34 36 +3,1,36,0
1010,5,9 15 16 21 24 26,9 12 15 25 34 36 +3,2,9 15,0
1010,6,2 5 25 37 41 45,9 12 15 25 34 36 +3,1,25,0
1010,7,7 11 13 16 34 38,9 12 15 25 34 36 +3,1,34,0
1010,8,2 17 21 25 34 41,9 12 15 25 34 36 +3,2,25 34,0
1010,9,9 14 26 29 35 37,9 12 15 25 34 36 +3,1,9,0
1010,10,4 5 19 27 33 38,9 12 15 25 34 36 +3,0,,0
1011,1,10 24 25 32 37 40,1 9 12 26 35 38 +42,0,,0
1011,2,3 7 8 24 26 37,1 9 12 26 35 38 +42,1,26,0
1011,3,3 7 13 17 35 45,1 9 12 26 35 38 +42,1,35,0
1011,4,6 24 26 34 37 38,1 9 12 26 35 38 +42,2,26 38,0
1011,5,24 26 29 32 36 42,1 9 12 26 35 38 +42,1,26,0
1011,6,1 7 9 15 29 34,1 9 12 26 35 38 +42,2,1 9,0
1011,7,5 13 16 17 38 41,1 9 12 26 35 38 +42,1,38,0
1011,8,15 21 23 25 30 44,1 9 12 26 35 38 +42,0,,0
1011,9,20 30 33 34 40 41,1 9 12 26 35 38 +42,0,,0
1011,10,15 18 20 21 32 40,1 9 12 26 35 38 +42,0,,0
1012,1,2 20 25 34 38 45,5 11 18 20 35 45 +3,2,20 45,0
1012,2,15 18 19 30 34 40,5 11 18 20 35 45 +3,1,18,0
1012,3,6 9 22 27 30 33,5 11 18 20 35 45 +3,0,,0
1012,4,10 19 20 37 43 44,5 11 18 20 35 45 +3,1,20,0
1012,5,16 21 26 30 32 45,5 11 18 20 35 45 +3,1,45,0
1012,6,2 7 19 23 30 41,5 11 18 20 35 45 +3,0,,0
1012,7,6 8 13 26 40 44,5 11 18 20 35 45 +3,0,,0
1012,8,14 16 25 26 33 42,5 11 18 20 35 45 +3,0,,0
1012,9,7 12 19 24 28 40,5 11 18 20 35 45 +3,0,,0
1012,10,7 15 18 22 29 31,5 11 18 20 35 45 +3,1,18,0
1013,1,3 10 11 29 30 38,21 22 26 34 36 41 +32,0,,0
1013,2,9 17 23 25 34 38,21 22 26 34 36 41 +32,1,34,0
1013,3,9 10 21 33 38 45,21 22 26 34 36 41 +32,1,21,0
1013,4,14 27 31 33 41 44,21 22 26 34 36 41 +32,1,41,0
1013,5,4 21 23 29 32 38,21 22 26 34 36 41 +32,1,21,0
1013,6,10 18 26 29 34 43,21 22 26 34 36 41 +32,2,26 34,0
1013,7,6 11 18 19 28 45,21 22 26 34 36 41 +32,0,,0
1013,8,4 15 17 21 31 43,21 22 26 34 36 41 +32,1,21,0
1013,9,2 9 36 37 42 45,21 22 26 34 36 41 +32,1,36,0
1013,10,12 14 16 24 25 44,21 22 26 34 36 41 +32,0,,0
1014,1,3 4 11 25 39 44,3 11 14 18 26 27 +21,2,3 11,0
1014,2,12 21 24 26 31 40,3 11 14 18 26 27 +21,1,26,0
1014,3,17 27 30 31 33 42,3 11 14 18 26 27 +21,1,27,0
1014,4,17 18 23 24 28 37,3 11 14 18 26 27 +21,1,18,0
1014,5,1 2 5 15 34 40,3 11 14 18 26 27 +21,0,,0
1014,6,4 9 11 25 30 37,3 11 14 18 26 27 +21,1,11,0
1014,7,5 11 24 26 27 45,3 11 14 18 26 27 +21,3,11 26 27,5
1014,8,3 5 14 26 37 41,3 11 14 18 26 27 +21,3,3 14 26,5
1014,9,1 5 15 21 26 29,3 11 14 18 26 27 +21,1,26,0
1014,10,1 3 26 35 39 44,3 11 14 18 26 27 +21,2,3 26,0
1015,1,2 15 22 25 31 34,14 23 31 33 37 40 +44,1,31,0
1015,2,7 13 19 27 30 40,14 23 31 33 37 40 +44,1,40,0
1015,3,5 8 11 27 29 35,14 23 31 33 37 40 +44,0,,0
1015,4,7 11 15 31 36 37,14 23 31 33 37 40 +44,2,31 37,0
1015,5,4 6 8 9 23 26,14 23 31 33 37 40 +44,1,23,0
1015,6,7 9 11 14 36 41,14 23 31 33 37 40 +44,1,14,0
1015,7,13 16 18 29 34 39,14 23 31 33 37 40 +44,0,,0
1015,8,22 24 29 36 42 45,14 23 31 33 37 40 +44,0,,0
1015,9,4 9 12 18 29 35,14 23 31 33 37 40 +44,0,,0
1015,10,11 14 17 35 43 44,14 23 31 33 37 40 +44,1,14,0
1016,1,5 9 13 17 21 45,15 26 28 34 41 42 +44,0,,0
1016,2,2 16 17 31 40 41,15 26 28 34 41 42 +44,1,41,0
1016,3,24 25 26 42 43 45,15 26 28 34 41 42 +44,2,26 42,0
1016,4,5 11 19 20 38 40,15 26 28 34 41 42 +44,0,,0
1016,5,7 8 11 16 36 42,15 26 28 34 41 42 +44,1,42,0
1016,6,6 14 24 28 31 38,15 26 28 34 41 42 +44,1,28,0
1016,7,1 33 35 36 42 44,15 26 28 34 41 42 +44,1,42,0
1016,8,4 16 30 32 41 45,15 26 28 34 41 42 +44,1,41,0
1016,9,21 31 32 33 38 44,15 26 28 34 41 42 +44,0,,0
1016,10,2 6 8 16 31 37,15 26 28 34 41 42 +44,0,,0
1017,1,7 9 26 33 34 41,12 18 22 23 30 34 +32,1,34,0
1017,2,1 14 18 22 35 36,12 18 22 23 30 34 +32,2,18 22,0
1017,3,8 18 19 23 30 41,12 18 22 23 30 34 +32,3,18 23 30,5
1017,4,15 24 27 36 40 42,12 18 22 23 30 34 +32,0,,0
1017,5,3 9 17 22 25 29,12 18 22 23 30 34 +32,1,22,0
1017,6,3 17 18 20 23 24,12 18 22 23 30 34 +32,2,18 23,0
1017,7,7 17 19 26 32 41,12 18 22 23 30 34 +32,0,,0
1017,8,5 9 16 18 34 41,12 18 22 23 30 34 +32,2,18 34,0
1017,9,4 5 12 21 27 42,12 18 22 23 30 34 +32,1,12,0
1017,10,11 14 23 33 38 45,12 18 22 23 30 34 +32,1,23,0
1018,1,3 5 7 11 34 44,3 19 21 25 37 45 +35,1,3,0
1018,2,5 10 12 27 39 41,3 19 21 25 37 45 +35,0,,0
1018,3,3 4 11 12 13 24,3 19 21 25 37 45 +35,1,3,0
1018,4,8 9 25 34 37 45,3 19 21 25 37 45 +35,3,25 37 45,5
1018,5,6 20 22 28 29 30,3 19 21 25 37 45 +35,0,,0
1018,6,27 28 31 32 36 39,3 19 21 25 37 45 +35,0,,0
1018,7,1 11 16 22 26 33,3 19 21 25 37 45 +35,0,,0
1018,8,22 25 27 28 35 42,3 19 21 25 37 45 +35,1,25,0
1018,9,12 13 27 33 42 43,3 19 21 25 37 45 +35,0,,0
1018,10,6 7 9 13 37 40,3 19 21 25 37 45 +35,1,37,0
1019,1,1 4 6 21 23 45,1 4 13 17 34 39 +6,2,1 4,0
1019,2,3 14 34 35 37 43,1 4 13 17 34 39 +6,1,34,0
1019,3,2 9 14 15 27 43,1 4 13 17 34 39 +6,0,,0
1019,4,18 23 24 32 37 40,1 4 13 17 34 39 +6,0,,0
1019,5,1 3 6 15 26 36,1 4 13 17 34 39 +6,1,1,0
1019,6,18 21 26 28 29 43,1 4 13 17 34 39 +6,0,,0
1019,7,3 5 23 26 30 37,1 4 13 17 34 39 +6,0,,0
1019,8,12 18 22 33 36 44,1 4 13 17 34 39 +6,0,,0
1019,9,8 12 23 27 41 44,1 4 13 17 34 39 +6,0,,0
1019,10,1 16 22 27 28 41,1 4 13 17 34 39 +6,1,1,0
1020,1,7 20 23 35 42 45,12 27 29 38 41 45 +6,1,45,0
1020,2,1 3 22 23 29 41,12 27 29 38 41 45 +6,2,29 41,0
1020,3,8 14 16 18 42 45,12 27 29 38 41 45 +6,1,45,0
1020,4,5 12 17 32 38 44,12 27 29 38 41 45 +6,2,12 38,0
1020,5,10 12 19 21 24 33,12 27 29 38 41 45 +6,1,12,0
1020,6,2 9 18 20 38 43,12 27 29 38 41 45 +6,1,38,0
1020,7,2 4 5 21 34 44,12 27 29 38 41 45 +6,0,,0
1020,8,7 15 16 20 23 44,12 27 29 38 41 45 +6,0,,0
1020,9,8 13 20 37 38 40,12 27 29 38 41 45 +6,1,38,0
1020,10,2 6 29 36 38 39,12 27 29 38 41 45 +6,2,29 38,0
1021,1,4 9 31 36 37 41,12 15 17 24 29 45 +16,0,,0
1021,2,2 9 18 25 42 43,12 15 17 24 29 45 +16,0,,0
1021,3,3 8 9 22 35 39,12 15 17 24 29 45 +16,0,,0
1021,4,1 15 21 22 31 43,12 15 17 24 29 45 +16,1,15,0
1021,5,3 14 19 21 37 42,12 15 17 24 29 45 +16,0,,0
1021,6,15 25 28 34 35 39,12 15 17 24 29 45 +16,1,15,0
1021,7,12 21 28 29 36 39,12 15 17 24 29 45 +16,2,12 29,0
1021,8,9 25 32 37 42 43,12 15 17 24 29 45 +16,0,,0
1021,9,2 7 19 24 33 43,12 15 17 24 29 45 +16,1,24,0
1021,10,1 8 11 25 27 33,12 15 17 24 29 45 +16,0,,0
1022,1,13 23 30 39 40 45,5 6 11 29 42 45 +28,1,45,0
1022,2,3 13 19 21 30 37,5 6 11 29 42 45 +28,0,,0
1022,3,9 11 18 32 36 43,5 6 11 29 42 45 +28,1,11,0
1022,4,9 26 29 32 34 40,5 6 11 29 42 45 +28,1,29,0
1022,5,21 22 23 24 27 37,5 6 11 29 42 45 +28,0,,0
1022,6,4 17 19 30 33 42,5 6 11 29 42 45 +28,1,42,0
1022,7,5 9 17 19 32 45,5 6 11 29 42 45 +28,2,5 45,0
1022,8,1 6 19 25 28 39,5 6 11 29 42 45 +28,1,6,0
1022,9,2 9 20 24 28 36,5 6 11 29 42 45 +28,0,,0
1022,10,2 7 8 10 25 35,5 6 11 29 42 45 +28,0,,0
1023,1,17 18 19 24 37 41,10 14 16 18 29 35 +25,1,18,0
1023,2,1 2 10 12 26 30,10 14 16 18 29 35 +25,1,10,0
1023,3,7 11 23 27 28 32,10 14 16 18 29 35 +25,0,,0
1023,4,1 28 29 38 39 43,10 14 16 18 29 35 +25,1,29,0
1023,5,2 29 33 40 42 44,10 14 16 18 29 35 +25,1,29,0
1023,6,1 24 25 27 41 44,10 14 16 18 29 35 +25,0,,0
1023,7,2 13 23 26 36 43,10 14 16 18 29 35 +25,0,,0
1023,8,5 6 13 30 35 41,10 14 16 18 29 35 +25,1,35,0
1023,9,28 31 33 34 39 41,10 14 16 18 29 35 +25,0,,0
1023,10,10 17 20 27 38 43,10 14 16 18 29 35 +25,1,10,0
1024,1,5 26 28 31 37 42,9 18 20 22 38 44 +10,0,,0
1024,2,2 7 15 18 35 44,9 18 20 22 38 44 +10,2,18 44,0
1024,3,4 23 32 33 36 39,9 18 20 22 38 44 +10,0,,0
1024,4,3 11 20 23 29 39,9 18 20 22 38 44 +10,1,20,0
1024,5,10 11 18 20 38 45,9 18 20 22 38 44 +10,3,18 20 38,5
1024,6,8 9 10 14 25 37,9 18 20 22 38 44 +10,1,9,0
1024,7,2 6 19 24 28 33,9 18 20 22 38 44 +10,0,,0
1024,8,21 23 24 26 38 44,9 18 20 22 38 44 +10,2,38 44,0
1024,9,2 3 14 24 32 39,9 18 20 22 38 44 +10,0,,0
1024,10,1 8 10 23 41 45,9 18 20 22 38 44 +10,0,,0
1025,1,8 16 20 22 33 40,8 9 20 25 29 33 +7,3,8 20 33,5
1025,2,2 5 15 24 36 44,8 9 20 25 29 33 +7,0,,0
1025,3,16 17 24 37 38 40,8 9 20 25 29 33 +7,0,,0
1025,4,3 8 17 24 29 43,8 9 20 25 29 33 +7,2,8 29,0
1025,5,2 6 8 14 19 20,8 9 20 25 29 33 +7,2,8 20,0
1025,6,7 11 13 32 33 44,8 9 20 25 29 33 +7,1,33,0
1025,7,3 5 7 34 36 42,8 9 20 25 29 33 +7,0,,0
1025,8,4 15 19 23 24 25,8 9 20 25 29 33 +7,1,25,0
1025,9,1 6 9 15 40 44,8 9 20 25 29 33 +7,1,9,0
1025,10,1 6 22 23 35 43,8 9 20 25 29 33 +7,0,,0
1026,1,10 11 27 35 42 45,5 12 13 31 32 41 +34,0,,0
1026,2,3 13 21 26 28 38,5 12 13 31 32 41 +34,1,13,0
1026,3,4 11 19 31 35 37,5 12 13 31 32 41 +34,1,31,0
1026,4,1 9 14 20 24 40,5 12 13 31 32 41 +34,0,,0
1026,5,16 17 21 25 28 39,5 12 13 31 32 41 +34,0,,0
1026,6,3 22 30 31 35 42,5 12 13 31 32 41 +34,1,31,0
1026,7,7 8 10 14 23 34,5 12 13 31 32 41 +34,0,,0
1026,8,4 11 21 28 35 43,5 12 13 31 32 41 +34,0,,0
1026,9,8 18 25 36 38 43,5 12 13 31 32 41 +34,0,,0
1026,10,4 14 16 17 20 22,5 12 13 31 32 41 +34,0,,0
1027,1,14 22 24 25 35 38,14 16 27 35 39 45 +5,2,14 35,0
1027,2,1 4 5 18 35 43,14 16 27 35 39 45 +5,1,35,0
1027,3,3 6 13 16 21 33,14 16 27 35 39 45 +5,1,16,0
1027,4,6 33 37 38 40 44,14 16 27 35 39 45 +5,0,,0
1027,5,4 16 17 22 34 37,14 16 27 35 39 45 +5,1,16,0
1027,6,27 28 29 33 34 38,14 16 27 35 39 45 +5,1,27,0
1027,7,8 24 30 35 43 44,14 16 27 35 39 45 +5,1,35,0
1027,8,2 12 18 33 36 45,14 16 27 35 39 45 +5,1,45,0
1027,9,4 7 10 28 42 44,14 16 27 35 39 45 +5,0,,0
1027,10,6 23 25 26 33 42,14 16 27 35 39 45 +5,0,,0
1028,1,9 12 15 30 31 39,5 7 12 13 18 35 +23,1,12,0
1028,2,4 17 20 29 33 43,5 7 12 13 18 35 +23,0,,0
1028,3,2 10 14 22 29 39,5 7 12 13 18 35 +23,0,,0
1028,4,2 9 26 31 44 45,5 7 12 13 18 35 +23,0,,0
1028,5,5 10 20 24 28 44,5 7 12 13 18 35 +23,1,5,0
1028,6,8 17 28 34 36 44,5 7 12 13 18 35 +23,0,,0
1028,7,2 4 5 12 26 38,5 7 12 13 18 35 +23,2,5 12,0
1028,8,6 22 23 39 43 45,5 7 12 13 18 35 +23,0,,0
1028,9,18 24 26 27 35 43,5 7 12 13 18 35 +23,2,18 35,0
1028,10,10 15 18 30 37 38,5 7 12 13 18 35 +23,1,18,0
1029,1,3 10 20 30 38 39,12 30 32 37 39 41 +24,2,30 39,0
1029,2,2 8 12 27 34 37,12 30 32 37 39 41 +24,2,12 37,0
1029,3,9 10 19 20 24 39,12 30 32 37 39 41 +24,1,39,0
1029,4,2 9 16 19 21 42,12 30 32 37 39 41 +24,0,,0
1029,5,1 5 10 18 38 42,12 30 32 37 39 41 +24,0,,0
1029,6,11 27 37 39 44 45,12 30 32 37 39 41 +24,2,37 39,0
1029,7,14 27 34 35 37 38,12 30 32 37 39 41 +24,1,37,0
1029,8,5 10 11 15 18 37,12 30 32 37 39 41 +24,1,37,0
1029,9,14 24 37 40 42 44,12 30 32 37 39 41 +24,1,37,0
1029,10,23 29 30 39 42 43,12 30 32 37 39 41 +24,2,30 39,0
1030,1,2 4 8 12 33 41,2 5 11 17 24 29 +9,1,2,0
1030,2,2 3 27 38 41 43,2 5 11 17 24 29 +9,1,2,0
1030,3,14 21 27 28 33 37,2 5 11 17 24 29 +9,0,,0
1030,4,7 8 9 38 39 42,2 5 11 17 24 29 +9,0,,0
1030,5,25 27 29 34 40 43,2 5 11 17 24 29 +9,1,29,0
1030,6,11 13 16 39 41 44,2 5 11 17 24 29 +9,1,11,0
1030,7,5 11 12 22 24 41,2 5 11 17 24 29 +9,3,5 11 24,5
1030,8,6 29 31 32 36 44,2 5 11 17 24 29 +9,1,29,0
1030,9,3 6 13 22 31 33,2 5 11 17 24 29 +9,0,,0
1030,10,1 13 17 27 30 38,2 5 11 17 24 29 +9,1,17,0
1031,1,18 26 27 29 37 42,6 7 22 32 35 36 +19,0,,0
1031,2,7 21 23 25 26 41,6 7 22 32 35 36 +19,1,7,0
1031,3,1 11 12 16 18 22,6 7 22 32 35 36 +19,1,22,0
1031,4,1 6 21 30 37 43,6 7 22 32 35 36 +19,1,6,0
1031,5,5 7 14 15 24 45,6 7 22 32 35 36 +19,1,7,0
1031,6,4 10 25 40 42 44,6 7 22 32 35 36 +19,0,,0
1031,7,4 8 11 30 42 45,6 7 22 32 35 36 +19,0,,0
1031,8,4 7 12 36 38 40,6 7 22 32 35 36 +19,2,7 36,0
1031,9,14 15 20 24 34 41,6 7 22 32 35 36 +19,0,,0
1031,10,7 15 20 31 35 42,6 7 22 32 35 36 +19,2,7 35,0
1032,1,9 11 32 36 40 44,1 6 12 19 36 42 +28,1,36,0
1032,2,9 20 23 30 38 43,1 6 12 19 36 42 +28,0,,0
1032,3,1 11 18 24 32 37,1 6 12 19 36 42 +28,1,1,0
1032,4,1 2 10 15 30 35,1 6 12 19 36 42 +28,1,1,0
1032,5,8 9 23 25 31 32,1 6 12 19 36 42 +28,0,,0
1032,6,21 29 34 37 38 40,1 6 12 19 36 42 +28,0,,0
1032,7,2 4 20 34 35 45,1 6 12 19 36 42 +28,0,,0
1032,8,2 5 10 15 31 40,1 6 12 19 36 42 +28,0,,0
1032,9,1 8 11 22 29 42,1 6 12 19 36 42 +28,2,1 42,0
1032,10,9 10 16 31 40 42,1 6 12 19 36 42 +28,1,42,0
1033,1,13 14 18 30 43 45,3 11 15 20 35 44 +10,0,,0
1033,2,1 2 10 20 38 40,3 11 15 20 35 44 +10,1,20,0
1033,3,12 13 26 31 37 41,3 11 15 20 35 44 +10,0,,0
1033,4,13 14 15 27 38 39,3 11 15 20 35 44 +10,1,15,0
1033,5,5 8 30 32 33 35,3 11 15 20 35 44 +10,1,35,0
1033,6,8 26 27 29 34 39,3 11 15 20 35 44 +10,0,,0
1033,7,13 27 33 35 39 44,3 11 15 20 35 44 +10,2,35 44,0
1033,8,4 11 17 18 24 40,3 11 15 20 35 44 +10,1,11,0
1033,9,2 21 27 34 38 42,3 11 15 20 35 44 +10,0,,0
1033,10,2 3 12 20 29 39,3 11 15 20 35 44 +10,2,3 20,0
1034,1,2 5 9 17 34 39,26 31 32 33 38 40 +11,0,,0
1034,2,9 15 27 35 37 42,26 31 32 33 38 40 +11,0,,0
1034,3,13 22 23 33 35 40,26 31 32 33 38 40 +11,2,33 40,0
1034,4,4 16 17 31 38 45,26 31 32 33 38 40 +11,2,31 38,0
1034,5,3 9 22 27 38 45,26 31 32 33 38 40 +11,1,38,0
1034,6,6 13 35 38 40 41,26 31 32 33 38 40 +11,2,38 40,0
1034,7,7 16 21 24 26 33,26 31 32 33 38 40 +11,2,26 33,0
1034,8,6 20 31 34 38 44,26 31 32 33 38 40 +11,2,31 38,0
1034,9,1 14 35 41 42 45,26 31 32 33 38 40 +11,0,,0
1034,10,2 4 7 13 21 28,26 31 32 33 38 40 +11,0,,0
1035,1,9 17 31 33 34 40,9 14 34 35 41 42 +2,2,9 34,0
1035,2,9 13 20 21 31 35,9 14 34 35 41 42 +2,2,9 35,0
1035,3,4 10 23 26 28 31,9 14 34 35 41 42 +2,0,,0
1035,4,13 16 19 35 37 38,9 14 34 35 41 42 +2,1,35,0
1035,5,15 18 19 38 40 41,9 14 34 35 41 42 +2,1,41,0
1035,6,2 6 9 20 25 39,9 14 34 35 41 42 +2,1,9,0
1035,7,4 5 15 17 28 43,9 14 34 35 41 42 +2,0,,0
1035,8,4 12 23 27 36 43,9 14 34 35 41 42 +2,0,,0
1035,9,9 10 14 15 22 42,9 14 34 35 41 42 +2,3,9 14 42,5
1035,10,9 15 23 34 37 40,9 14 34 35 41 42 +2,2,9 34,0
1036,1,3 15 27 31 34 42,2 5 22 32 34 45 +39,1,34,0
1036,2,12 15 17 21 25 36,2 5 22 32 34 45 +39,0,,0
1036,3,1 9 35 37 39 45,2 5 22 32 34 45 +39,1,45,0
1036,4,9 11 19 20 21 23,2 5 22 32 34 45 +39,0,,0
1036,5,3 16 17 23 36 41,2 5 22 32 34 45 +39,0,,0
1036,6,2 4 21 26 34 40,2 5 22 32 34 45 +39,2,2 34,0
1036,7,9 15 27 31 35 41,2 5 22 32 34 45 +39,0,,0
1036,8,7 11 21 33 36 38,2 5 22 32 34 45 +39,0,,0
1036,9,6 8 14 31 37 39,2 5 22 32 34 45 +39,0,,0
1036,10,2 6 22 30 41 45,2 5 22 32 34 45 +39,3,2 22 45,5
1037,1,3 7 9 20 30 33,2 14 15 22 27 33 +31,1,33,0
1037,2,24 27 32 33 34 41,2 14 15 22 27 33 +31,2,27 33,0
1037,3,2 4 6 9 10 31,2 14 15 22 27 33 +31,1,2,0
1037,4,6 17 23 25 33 36,2 14 15 22 27 33 +31,1,33,0
1037,5,5 17 32 33 39 40,2 14 15 22 27 33 +31,1,33,0
1037,6,7 11 16 31 36 44,2 14 15 22 27 33 +31,0,,0
1037,7,2 31 39 40 43 44,2 14 15 22 27 33 +31,1,2,0
1037,8,12 15 23 25 31 39,2 14 15 22 27 33 +31,1,15,0
1037,9,5 11 21 22 37 42,2 14 15 22 27 33 +31,1,22,0
1037,10,1 3 16 27 35 45,2 14 15 22 27 33 +31,1,27,0
1038,1,14 25 27 33 39 41,7 16 24 27 37 44 +2,1,27,0
1038,2,2 9 21 30 34 40,7 16 24 27 37 44 +2,0,,0
1038,3,1 6 22 31 38 42,7 16 24 27 37 44 +2,0,,0
1038,4,9 11 13 19 32 40,7 16 24 27 37 44 +2,0,,0
1038,5,6 15 20 28 29 37,7 16 24 27 37 44 +2,1,37,0
1038,6,12 14 19 22 29 43,7 16 24 27 37 44 +2,0,,0
1038,7,1 18 20 27 30 32,7 16 24 27 37 44 +2,1,27,0
1038,8,1 9 11 20 27 44,7 16 24 27 37 44 +2,2,27 44,0
1038,9,11 14 18 24 27 33,7 16 24 27 37 44 +2,2,24 27,0
1038,10,11 15 22 32 37 42,7 16 24 27 37 44 +2,1,37,0
1039,1,3 11 12 23 25 31,2 3 6 19 36 39 +26,1,3,0
1039,2,6 15 16 19 26 44,2 3 6 19 36 39 +26,2,6 19,0
1039,3,6 8 18 23 26 29,2 3 6 19 36 39 +26,1,6,0
1039,4,7 8 12 28 32 37,2 3 6 19 36 39 +26,0,,0
1039,5,1 8 15 21 22 33,2 3 6 19 36 39 +26,0,,0
1039,6,7 10 12 19 24 33,2 3 6 19 36 39 +26,1,19,0
1039,7,4 12 15 18 24 25,2 3 6 19 36 39 +26,0,,0
1039,8,8 16 20 21 26 34,2 3 6 19 36 39 +26,0,,0
1039,9,1 8 9 23 34 45,2 3 6 19 36 39 +26,0,,0
1039,10,1 7 18 19 28 43,2 3 6 19 36 39 +26,1,19,0
1040,1,6 13 19 24 29 33,8 16 26 29 31 36 +11,1,29,0
1040,2,5 16 20 26 32 35,8 16 26 29 31 36 +11,2,16 26,0
1040,3,5 23 24 29 32 42,8 16 26 29 31 36 +11,1,29,0
1040,4,19 22 23 32 35 41,8 16 26 29 31 36 +11,0,,0
1040,5,3 6 9 25 26 36,8 16 26 29 31 36 +11,2,26 36,0
1040,6,6 8 14 16 28 36,8 16 26 29 31 36 +11,3,8 16 36,5
1040,7,5 10 11 12 23 25,8 16 26 29 31 36 +11,0,,0
1040,8,7 15 22 24 26 37,8 16 26 29 31 36 +11,1,26,0
1040,9,5 24 27 29 35 37,8 16 26 29 31 36 +11,1,29,0
1040,10,2 10 18 20 23 41,8 16 26 29 31 36 +11,0,,0
1041,1,2 7 12 15 21 40,6 7 9 11 17 18 +45,1,7,0
1041,2,12 16 26 30 40 43,6 7 9 11 17 18 +45,0,,0
1041,3,6 13 18 20 32 44,6 7 9 11 17 18 +45,2,6 18,0
1041,4,4 6 10 18 22 39,6 7 9 11 17 18 +45,2,6 18,0
1041,5,6 11 13 23 39 41,6 7 9 11 17 18 +45,2,6 11,0
1041,6,6 8 15 21 31 32,6 7 9 11 17 18 +45,1,6,0
1041,7,8 12 16 24 28 40,6 7 9 11 17 18 +45,0,,0
1041,8,11 17 18 24 28 35,6 7 9 11 17 18 +45,3,11 17 18,5
1041,9,13 21 34 37 43 45,6 7 9 11 17 18 +45,0,,0
1041,10,19 30 34 39 40 43,6 7 9 11 17 18 +45,0,,0
1042,1,5 21 23 25 32 42,5 14 15 23 34 43 +4,2,5 23,0
1042,2,7 11 14 15 16 38,5 14 15 23 34 43 +4,2,14 15,0
1042,3,5 12 19 21 31 36,5 14 15 23 34 43 +4,1,5,0
1042,4,6 9 15 19 32 33,5 14 15 23 34 43 +4,1,15,0
1042,5,1 8 13 16 26 33,5 14 15 23 34 43 +4,0,,0
1042,6,8 17 18 23 28 33,5 14 15 23 34 43 +4,1,23,0
1042,7,6 14 20 23 28 45,5 14 15 23 34 43 +4,2,14 23,0
1042,8,3 9 26 33 39 45,5 14 15 23 34 43 +4,0,,0
1042,9,2 7 22 30 34 38,5 14 15 23 34 43 +4,1,34,0
1042,10,15 25 28 29 38 39,5 14 15 23 34 43 +4,1,15,0
1043,1,1 5 12 21 22 38,3 5 12 22 26 31 +19,3,5 12 22,5
1043,2,5 9 15 22 30 36,3 5 12 22 26 31 +19,2,5 22,0
1043,3,2 5 22 30 37 44,3 5 12 22 26 31 +19,2,5 22,0
1043,4,10 22 26 33 42 43,3 5 12 22 26 31 +19,2,22 26,0
1043,5,2 17 20 25 26 40,3 5 12 22 26 31 +19,1,26,0
1043,6,2 8 16 28 30 33,3 5 12 22 26 31 +19,0,,0
1043,7,7 12 17 34 35 38,3 5 12 22 26 31 +19,1,12,0
1043,8,3 4 14 22 31 44,3 5 12 22 26 31 +19,3,3 22 31,5
1043,9,3 4 11 25 29 42,3 5 12 22 26 31 +19,1,3,0
1043,10,7 11 15 23 29 38,3 5 12 22 26 31 +19,0,,0
1044,1,16 24 27 29 30 37,12 17 20 26 28 36 +4,0,,0
1044,2,9 10 33 35 36 39,12 17 20 26 28 36 +4,1,36,0
1044,3,9 16 29 33 36 37,12 17 20 26 28 36 +4,1,36,0
1044,4,7 11 13 27 31 33,12 17 20 26 28 36 +4,0,,0
1044,5,2 3 21 24 26 41,12 17 20 26 28 36 +4,1,26,0
1044,6,10 19 33 36 38 43,12 17 20 26 28 36 +4,1,36,0
1044,7,7 20 28 38 44 45,12 17 20 26 28 36 +4,2,20 28,0
1044,8,17 22 31 39 42 43,12 17 20 26 28 36 +4,1,17,0
1044,9,2 10 15 25 30 35,12 17 20 26 28 36 +4,0,,0
1044,10,3 7 21 22 30 35,12 17 20 26 28 36 +4,0,,0
1045,1,5 17 19 33 34 38,6 14 15 19 21 41 +37,1,19,0
1045,2,8 10 21 25 28 35,6 14 15 19 21 41 +37,1,21,0
1045,3,3 7 21 23 26 29,6 14 15 19 21 41 +37,1,21,0
1045,4,3 9 14 22 24 31,6 14 15 19 21 41 +37,1,14,0
1045,5,9 26 34 37 40 42,6 14 15 19 21 41 +37,0,,0
1045,6,2 6 10 11 15 26,6 14 15 19 21 41 +37,2,6 15,0
1045,7,24 28 29 38 41 43,6 14 15 19 21 41 +37,1,41,0
1045,8,18 27 30 32 36 41,6 14 15 19 21 41 +37,1,41,0
1045,9,4 6 11 12 16 35,6 14 15 19 21 41 +37,1,6,0
1045,10,2 3 4 7 12 23,6 14 15 19 21 41 +37,0,,0
1046,1,3 18 25 26 43 45,7 16 25 29 35 36 +28,1,25,0
1046,2,5 27 29 36 40 45,7 16 25 29 35 36 +28,2,29 36,0
1046,3,6 15 29 37 39 45,7 16 25 29 35 36 +28,1,29,0
1046,4,6 30 31 36 41 45,7 16 25 29 35 36 +28,1,36,0
1046,5,4 9 12 22 24 38,7 16 25 29 35 36 +28,0,,0
1046,6,14 19 21 35 42 44,7 16 25 29 35 36 +28,1,35,0
1046,7,10 20 36 37 39 42,7 16 25 29 35 36 +28,1,36,0
1046,8,1 10 13 21 29 34,7 16 25 29 35 36 +28,1,29,0
1046,9,14 21 26 30 31 33,7 16 25 29 35 36 +28,0,,0
1046,10,1 3 11 29 34 37,7 16 25 29 35 36 +28,1,29,0
1047,1,14 17 24 27 29 30,2 20 33 40 42 44 +32,0,,0
1047,2,10 13 24 26 33 40,2 20 33 40 42 44 +32,2,33 40,0
1047,3,18 22 23 27 29 44,2 20 33 40 42 44 +32,1,44,0
1047,4,15 24 31 36 43 45,2 20 33 40 42 44 +32,0,,0
1047,5,11 17 22 23 30 37,2 20 33 40 42 44 +32,0,,0
1047,6,7 12 21 35 36 42,2 20 33 40 42 44 +32,1,42,0
1047,7,3 11 19 24 39 40,2 20 33 40 42 44 +32,1,40,0
1047,8,8 11 13 31 39 45,2 20 33 40 42 44 +32,0,,0
1047,9,10 11 12 24 36 40,2 20 33 40 42 44 +32,1,40,0
1047,10,1 15 17 19 39 43,2 20 33 40 42 44 +32,0,,0
1048,1,17 19 20 24 33 45,6 12 17 21 32 39 +30,1,17,0
1048,2,4 7 14 21 34 44,6 12 17 21 32 39 +30,1,21,0
1048,3,4 12 21 29 35 36,6 12 17 21 32 39 +30,2,12 21,0
1048,4,3 9 15 40 41 45,6 12 17 21 32 39 +30,0,,0
1048,5,12 20 21 27 28 41,6 12 17 21 32 39 +30,2,12 21,0
1048,6,2 3 6 13 19 26,6 12 17 21 32 39 +30,1,6,0
1048,7,9 11 12 21 24 30,6 12 17 21 32 39 +30,2,12 21,0
1048,8,17 18 19 22 26 34,6 12 17 21 32 39 +30,1,17,0
1048,9,9 18 24 30 41 42,6 12 17 21 32 39 +30,0,,0
1048,10,9 15 16 23 24 26,6 12 17 21 32 39 +30,0,,0
1049,1,6 9 14 21 22 28,3 5 13 20 21 37 +17,1,21,0
1049,2,8 11 25 27 34 40,3 5 13 20 21 37 +17,0,,0
1049,3,4 25 32 37 40 41,3 5 13 20 21 37 +17,1,37,0
1049,4,7 11 16 20 23 35,3 5 13 20 21 37 +17,1,20,0
1049,5,4 7 15 21 24 37,3 5 13 20 21 37 +17,2,21 37,0
1049,6,7 17 21 27 39 41,3 5 13 20 21 37 +17,1,21,0
1049,7,8 19 22 29 38 40,3 5 13 20 21 37 +17,0,,0
1049,8,4 8 26 29 31 34,3 5 13 20 21 37 +17,0,,0
1049,9,2 11 20 26 36 39,3 5 13 20 21 37 +17,1,20,0
1049,10,8 10 15 19 28 40,3 5 13 20 21 37 +17,0,,0
1050,1,2 10 13 17 32 35,6 12 31 35 38 43 +17,1,35,0
1050,2,3 14 19 26 41 42,6 12 31 35 38 43 +17,0,,0
1050,3,6 7 11 21 28 43,6 12 31 35 38 43 +17,2,6 43,0
1050,4,2 19 22 25 26 43,6 12 31 35 38 43 +17,1,43,0
1050,5,4 8 16 18 33 44,6 12 31 35 38 43 +17,0,,0
1050,6,8 13 17 18 41 42,6 12 31 35 38 43 +17,0,,0
1050,7,11 26 30 34 41 43,6 12 31 35 38 43 +17,1,43,0
1050,8,13 18 19 25 26 31,6 12 31 35 38 43 +17,1,31,0
1050,9,6 8 12 24 39 43,6 12 31 35 38 43 +17,3,6 12 43,5
1050,10,19 23 30 33 38 44,6 12 31 35 38 43 +17,1,38,0
1051,1,5 19 27 29 38 45,21 26 30 32 33 35 +44,0,,0
1051,2,8 28 38 42 43 44,21 26 30 32 33 35 +44,0,,0
1051,3,5 13 20 25 26 27,21 26 30 32 33 35 +44,1,26,0
1051,4,12 15 24 26 29 43,21 26 30 32 33 35 +44,1,26,0
1051,5,11 19 20 33 41 43,21 26 30 32 33 35 +44,1,33,0
1051,6,19 24 35 36 37 44,21 26 30 32 33 35 +44,1,35,0
1051,7,8 18 21 28 38 44,21 26 30 32 33 35 +44,1,21,0
1051,8,1 11 14 17 28 31,21 26 30 32 33 35 +44,0,,0
1051,9,10 17 22 33 40 44,21 26 30 32 33 35 +44,1,33,0
1051,10,5 8 10 16 19 28,21 26 30 32 33 35 +44,0,,0
1052,1,2 14 15 37 39 43,5 17 26 27 35 38 +1,0,,0
1052,2,6 9 12 24 25 39,5 17 26 27 35 38 +1,0,,0
1052,3,2 10 12 37 41 42,5 17 26 27 35 38 +1,0,,0
1052,4,3 4 14 22 25 32,5 17 26 27 35 38 +1,0,,0
1052,5,7 20 24 25 31 40,5 17 26 27 35 38 +1,0,,0
1052,6,1 9 16 19 22 26,5 17 26 27 35 38 +1,1,26,0
1052,7,8 18 29 31 39 42,5 17 26 27 35 38 +1,0,,0
1052,8,4 16 20 37 38 45,5 17 26 27 35 38 +1,1,38,0
1052,9,16 23 26 34 36 45,5 17 26 27 35 38 +1,1,26,0
1052,10,3 24 25 26 35 43,5 17 26 27 35 38 +1,2,26 35,0
1053,1,6 17 20 22 25 28,22 26 29 30 34 45 +15,1,22,0
1053,2,3 9 10 12 22 23,22 26 29 30 34 45 +15,1,22,0
1053,3,4 15 16 18 20 28,22 26 29 30 34 45 +15,0,,0
1053,4,15 16 23 24 27 43,22 26 29 30 34 45 +15,0,,0
1053,5,8 20 23 25 29 36,22 26 29 30 34 45 +15,1,29,0
1053,6,2 6 27 29 32 42,22 26 29 30 34 45 +15,1,29,0
1053,7,20 21 23 24 26 38,22 26 29 30 34 45 +15,1,26,0
1053,8,5 15 18 26 40 42,22 26 29 30 34 45 +15,1,26,0
1053,9,1 3 5 18 21 38,22 26 29 30 34 45 +15,0,,0
1053,10,4 12 15 29 34 37,22 26 29 30 34 45 +15,2,29 34,0
1054,1,1 8 28 37 38 42,14 19 27 28 30 45 +33,1,28,0
1054,2,12 18 25 30 40 42,14 19 27 28 30 45 +33,1,30,0
1054,3,8 11 12 15 29 30,14 19 27 28 30 45 +33,1,30,0
1054,4,8 13 14 29 35 44,14 19 27 28 30 45 +33,1,14,0
1054,5,3 12 16 18 40 41,14 19 27 28 30 45 +33,0,,0
1054,6,8 15 20 35 37 45,14 19 27 28 30 45 +33,1,45,0
1054,7,5 9 15 19 30 38,14 19 27 28 30 45 +33,2,19 30,0
1054,8,1 4 21 22 23 25,14 19 27 28 30 45 +33,0,,0
1054,9,8 9 19 21 33 35,14 19 27 28 30 45 +33,1,19,0
1054,10,10 16 28 29 38 40,14 19 27 28 30 45 +33,1,28,0
1055,1,12 20 24 28 31 42,4 7 12 14 22 33 +31,1,12,0
1055,2,5 12 16 28 37 40,4 7 12 14 22 33 +31,1,12,0
1055,3,4 15 26 27 30 31,4 7 12 14 22 33 +31,1,4,0
1055,4,5 6 20 25 27 43,4 7 12 14 22 33 +31,0,,0
1055,5,1 5 7 15 27 37,4 7 12 14 22 33 +31,1,7,0
1055,6,3 7 11 32 39 41,4 7 12 14 22 33 +31,1,7,0
1055,7,9 19 20 28 30 42,4 7 12 14 22 33 +31,0,,0
1055,8,4 22 27 33 35 40,4 7 12 14 22 33 +31,3,4 22 33,5
1055,9,8 15 18 34 42 43,4 7 12 14 22 33 +31,0,,0
1055,10,5 20 32 35 41 42,4 7 12 14 22 33 +31,0,,0
1056,1,11 15 19 39 41 44,13 20 24 32 36 45 +29,0,,0
1056,2,8 10 11 12 17 25,13 20 24 32 36 45 +29,0,,0
1056,3,11 16 33 34 38 43,13 20 24 32 36 45 +29,0,,0
1056,4,8 9 11 23 30 44,13 20 24 32 36 45 +29,0,,0
1056,5,12 18 23 28 38 39,13 20 24 32 36 45 +29,0,,0
1056,6,6 9 11 35 36 44,13 20 24 32 36 45 +29,1,36,0
1056,7,18 24 25 27 34 35,13 20 24 32 36 45 +29,1,24,0
1056,8,5 11 19 27 34 35,13 20 24 32 36 45 +29,0,,0
1056,9,19 22 28 36 42 43,13 20 24 32 36 45 +29,1,36,0
1056,10,2 19 27 29 31 38,13 20 24 32 36 45 +29,0,,0
1057,1,3 10 20 25 28 39,8 13 19 27 40 45 +12,0,,0
1057,2,9 10 14 31 34 36,8 13 19 27 40 45 +12,0,,0
1057,3,18 19 23 34 35 45,8 13 19 27 40 45 +12,2,19 45,0
1057,4,6 12 31 32 37 43,8 13 19 27 40 45 +12,0,,0
1057,5,2 17 19 20 34 44,8 13 19 27 40 45 +12,1,19,0
1057,6,7 27 31 38 39 45,8 13 19 27 40 45 +12,2,27 45,0
1057,7,3 19 36 37 38 41,8 13 19 27 40 45 +12,1,19,0
1057,8,2 11 12 29 36 37,8 13 19 27 40 45 +12,0,,0
1057,9,7 27 31 34 35 36,8 13 19 27 40 45 +12,1,27,0
1057,10,14 15 18 23 29 42,8 13 19 27 40 45 +12,0,,0
1058,1,28 35 40 41 44 45,11 23 25 30 32 40 +42,1,40,0
1058,2,3 10 13 36 37 45,11 23 25 30 32 40 +42,0,,0
1058,3,2 15 30 31 41 44,11 23 25 30 32 40 +42,1,30,0
1058,4,4 13 16 25 33 45,11 23 25 30 32 40 +42,1,25,0
1058,5,1 6 24 38 41 44,11 23 25 30 32 40 +42,0,,0
1058,6,5 8 35 38 42 44,11 23 25 30 32 40 +42,0,,0
1058,7,14 17 21 31 34 40,11 23 25 30 32 40 +42,1,40,0
1058,8,16 22 26 27 32 44,11 23 25 30 32 40 +42,1,32,0
1058,9,2 5 6 31 37 39,11 23 25 30 32 40 +42,0,,0
1058,10,9 11 33 40 41 44,11 23 25 30 32 40 +42,2,11 40,0
1059,1,15 16 31 40 43 45,7 10 22 25 34 40 +27,1,40,0
1059,2,1 3 6 10 17 24,7 10 22 25 34 40 +27,1,10,0
1059,3,7 13 15 19 20 32,7 10 22 25 34 40 +27,1,7,0
1059,4,2 4 10 22 23 24,7 10 22 25 34 40 +27,2,10 22,0
1059,5,3 10 13 16 18 42,7 10 22 25 34 40 +27,1,10,0
1059,6,3 4 5 11 16 43,7 10 22 25 34 40 +27,0,,0
1059,7,4 5 12 13 27 32,7 10 22 25 34 40 +27,0,,0
1059,8,14 16 30 32 36 37,7 10 22 25 34 40 +27,0,,0
1059,9,2 3 10 16 32 42,7 10 22 25 34 40 +27,1,10,0
1059,10,9 15 20 21 24 37,7 10 22 25 34 40 +27,0,,0
1060,1,15 19 30 31 32 44,3 10 24 33 38 45 +36,0,,0
1060,2,17 20 22 35 38 42,3 10 24 33 38 45 +36,1,38,0
1060,3,10 11 24 32 37 42,3 10 24 33 38 45 +36,2,10 24,0
1060,4,1 21 26 30 39 45,3 10 24 33 38 45 +36,1,45,0
1060,5,9 22 24 33 34 37,3 10 24 33 38 45 +36,2,24 33,0
1060,6,15 17 19 30 38 39,3 10 24 33 38 45 +36,1,38,0
1060,7,4 10 12 14 36 37,3 10 24 33 38 45 +36,1,10,0
1060,8,8 9 15 31 34 45,3 10 24 33 38 45 +36,1,45,0
1060,9,5 7 19 21 25 27,3 10 24 33 38 45 +36,0,,0
1060,10,6 9 13 36 38 39,3 10 24 33 38 45 +36,1,38,0
1061,1,7 16 18 21 30 43,4 24 27 35 37 45 +15,0,,0
1061,2,17 18 20 24 25 32,4 24 27 35 37 45 +15,1,24,0
1061,3,1 11 13 19 35 36,4 24 27 35 37 45 +15,1,35,0
1061,4,1 3 5 14 22 23,4 24 27 35 37 45 +15,0,,0
1061,5,9 10 15 37 40 45,4 24 27 35 37 45 +15,2,37 45,0
1061,6,13 15 18 24 26 43,4 24 27 35 37 45 +15,1,24,0
1061,7,7 18 28 33 34 45,4 24 27 35 37 45 +15,1,45,0
1061,8,10 12 18 20 29 38,4 24 27 35 37 45 +15,0,,0
1061,9,1 6 12 18 29 30,4 24 27 35 37 45 +15,0,,0
1061,10,9 27 29 30 41 44,4 24 27 35 37 45 +15,1,27,0
1062,1,5 7 38 43 44 45,20 31 32 40 41 45 +12,1,45,0
1062,2,11 27 28 36 37 42,20 31 32 40 41 45 +12,0,,0
1062,3,13 16 26 38 43 44,20 31 32 40 41 45 +12,0,,0
1062,4,9 11 26 31 33 45,20 31 32 40 41 45 +12,2,31 45,0
1062,5,1 2 5 7 25 29,20 31 32 40 41 45 +12,0,,0
1062,6,2 3 18 19 28 42,20 31 32 40 41 45 +12,0,,0
1062,7,5 11 20 21 28 45,20 31 32 40 41 45 +12,2,20 45,0
1062,8,18 19 20 22 24 43,20 31 32 40 41 45 +12,1,20,0
1062,9,3 13 18 20 25 38,20 31 32 40 41 45 +12,1,20,0
1062,10,10 16 21 24 26 42,20 31 32 40 41 45 +12,0,,0
1063,1,12 21 23 26 29 44,3 6 22 23 24 38 +30,1,23,0
1063,2,14 15 17 32 34 37,3 6 22 23 24 38 +30,0,,0
1063,3,3 13 21 26 27 30,3 6 22 23 24 38 +30,1,3,0
1063,4,1 8 12 15 31 32,3 6 22 23 24 38 +30,0,,0
1063,5,8 9 17 25 42 44,3 6 22 23 24 38 +30,0,,0
1063,6,1 11 17 19 25 33,3 6 22 23 24 38 +30,0,,0
1063,7,2 11 17 25 30 45,3 6 22 23 24 38 +30,0,,0
1063,8,4 5 6 23 27 36,3 6 22 23 24 38 +30,2,6 23,0
1063,9,8 17 26 33 37 45,3 6 22 23 24 38 +30,0,,0
1063,10,5 14 19 22 24 31,3 6 22 23 24 38 +30,2,22 24,0
1064,1,8 11 14 23 32 41,3 6 9 18 22 35 +14,0,,0
1064,2,3 6 17 32 36 42,3 6 9 18 22 35 +14,2,3 6,0
1064,3,1 5 28 32 40 41,3 6 9 18 22 35 +14,0,,0
1064,4,9 13 21 34 40 44,3 6 9 18 22 35 +14,1,9,0
1064,5,3 5 11 18 37 43,3 6 9 18 22 35 +14,2,3 18,0
1064,6,22 24 33 34 39 42,3 6 9 18 22 35 +14,1,22,0
1064,7,9 13 27 32 34 42,3 6 9 18 22 35 +14,1,9,0
1064,8,9 10 13 16 20 26,3 6 9 18 22 35 +14,1,9,0
1064,9,8 12 23 31 40 41,3 6 9 18 22 35 +14,0,,0
1064,10,7 11 12 31 36 45,3 6 9 18 22 35 +14,0,,0
1065,1,3 21 32 37 39 44,3 18 19 23 32 45 +24,2,3 32,0
1065,2,9 23 26 29 35 39,3 18 19 23 32 45 +24,1,23,0
1065,3,7 12 16 40 42 43,3 18 19 23 32 45 +24,0,,0
1065,4,2 7 11 24 34 38,3 18 19 23 32 45 +24,0,,0
1065,5,6 7 20 30 36 38,3 18 19 23 32 45 +24,0,,0
1065,6,1 11 23 27 33 43,3 18 19 23 32 45 +24,1,23,0
1065,7,3 25 29 40 43 44,3 18 19 23 32 45 +24,1,3,0
1065,8,1 10 19 24 39 43,3 18 19 23 32 45 +24,1,19,0
1065,9,1 4 14 23 36 38,3 18 19 23 32 45 +24,1,23,0
1065,10,1 6 14 16 18 45,3 18 19 23 32 45 +24,2,18 45,0
1066,1,4 14 17 24 27 29,6 11 16 19 21 32 +45,0,,0
1066,2,2 16 28 32 34 37,6 11 16 19 21 32 +45,2,16 32,0
1066,3,12 16 17 19 27 44,6 11 16 19 21 32 +45,2,16 19,0
1066,4,10 19 26 31 35 41,6 11 16 19 21 32 +45,1,19,0
1066,5,1 10 12 17 33 43,6 11 16 19 21 32 +45,0,,0
1066,6,6 13 14 18 28 37,6 11 16 19 21 32 +45,1,6,0
1066,7,2 7 11 12 16 44,6 11 16 19 21 32 +45,2,11 16,0
1066,8,6 11 12 35 40 43,6 11 16 19 21 32 +45,2,6 11,0
1066,9,2 16 19 36 40 41,6 11 16 19 21 32 +45,2,16 19,0
1066,10,3 15 26 27 33 42,6 11 16 19 21 32 +45,0,,0
1067,1,14 24 27 33 37 40,7 10 19 23 28 33 +18,1,33,0
1067,2,11 19 21 29 39 42,7 10 19 23 28 33 +18,1,19,0
1067,3,8 20 22 36 42 43,7 10 19 23 28 33 +18,0,,0
1067,4,2 3 7 20 33 42,7 10 19 23 28 33 +18,2,7 33,0
1067,5,8 19 22 23 33 36,7 10 19 23 28 33 +18,3,19 23 33,5
1067,6,9 10 14 39 43 44,7 10 19 23 28 33 +18,1,10,0
1067,7,6 9 20 28 33 45,7 10 19 23 28 33 +18,2,28 33,0
1067,8,17 22 31 33 39 44,7 10 19 23 28 33 +18,1,33,0
1067,9,2 6 14 27 35 42,7 10 19 23 28 33 +18,0,,0
1067,10,1 9 23 28 39 42,7 10 19 23 28 33 +18,2,23 28,0
1068,1,3 10 14 18 27 39,4 7 19 26 33 35 +3,0,,0
1068,2,1 4 5 11 12 37,4 7 19 26 33 35 +3,1,4,0
1068,3,1 2 6 26 42 45,4 7 19 26 33 35 +3,1,26,0
1068,4,5 11 23 35 37 43,4 7 19 26 33 35 +3,1,35,0
1068,5,14 17 20 25 32 39,4 7 19 26 33 35 +3,0,,0
1068,6,3 16 23 28 35 43,4 7 19 26 33 35 +3,1,35,0
1068,7,2 12 14 15 35 44,4 7 19 26 33 35 +3,1,35,0
1068,8,10 13 24 32 34 36,4 7 19 26 33 35 +3,0,,0
1068,9,1 3 4 5 15 42,4 7 19 26 33 35 +3,1,4,0
1068,10,8 9 11 26 28 40,4 7 19 26 33 35 +3,1,26,0
1069,1,14 21 34 37 38 45,1 10 18 22 28 31 +44,0,,0
1069,2,4 7 17 25 29 35,1 10 18 22 28 31 +44,0,,0
1069,3,5 14 15 25 27 39,1 10 18 22 28 31 +44,0,,0
1069,4,9 32 34 35 37 39,1 10 18 22 28 31 +44,0,,0
1069,5,6 12 17 24 33 45,1 10 18 22 28 31 +44,0,,0
1069,6,1 6 17 19 23 38,1 10 18 22 28 31 +44,1,1,0
1069,7,4 7 11 17 32 44,1 10 18 22 28 31 +44,0,,0
1069,8,2 5 20 21 32 45,1 10 18 22 28 31 +44,0,,0
1069,9,7 15 20 26 37 44,1 10 18 22 28 31 +44,0,,0
1069,10,2 9 10 13 26 42,1 10 18 22 28 31 +44,1,10,0
1070,1,4 6 12 13 30 40,3 6 14 22 30 41 +36,2,6 30,0
1070,2,4 6 16 29 30 32,3 6 14 22 30 41 +36,2,6 30,0
1070,3,9 19 26 31 38 39,3 6 14 22 30 41 +36,0,,0
1070,4,3 12 21 30 33 37,3 6 14 22 30 41 +36,2,3 30,0
1070,5,1 7 16 20 21 23,3 6 14 22 30 41 +36,0,,0
1070,6,1 15 25 28 33 38,3 6 14 22 30 41 +36,0,,0
1070,7,1 2 4 20 23 28,3 6 14 22 30 41 +36,0,,0
1070,8,3 4 12 13 21 27,3 6 14 22 30 41 +36,1,3,0
1070,9,1 14 17 24 36 41,3 6 14 22 30 41 +36,2,14 41,0
1070,10,2 11 13 17 36 41,3 6 14 22 30 41 +36,1,41,0
1071,1,8 9 14 15 39 41,1 2 11 21 30 35 +39,0,,0
1071,2,4 14 16 17 29 36,1 2 11 21 30 35 +39,0,,0
1071,3,6 12 15 36 37 40,1 2 11 21 30 35 +39,0,,0
1071,4,4 21 25 35 40 42,1 2 11 21 30 35 +39,2,21 35,0
1071,5,6 17 34 39 40 41,1 2 11 21 30 35 +39,0,,0
1071,6,2 5 6 9 13 14,1 2 11 21 30 35 +39,1,2,0
1071,7,6 7 17 20 25 27,1 2 11 21 30 35 +39,0,,0
1071,8,4 8 14 16 25 32,1 2 11 21 30 35 +39,0,,0
1071,9,1 10 16 19 38 40,1 2 11 21 30 35 +39,1,1,0
1071,10,6 9 14 24 30 34,1 2 11 21 30 35 +39,1,30,0
1072,1,22 28 34 37 38 45,16 18 20 23 32 43 +27,0,,0
1072,2,2 7 20 22 27 28,16 18 20 23 32 43 +27,1,20,0
1072,3,2 6 10 21 36 44,16 18 20 23 32 43 +27,0,,0
1072,4,7 8 17 20 27 43,16 18 20 23 32 43 +27,2,20 43,0
1072,5,25 29 35 39 40 44,16 18 20 23 32 43 +27,0,,0
1072,6,11 28 31 35 41 44,16 18 20 23 32 43 +27,0,,0
1072,7,9 25 34 35 41 45,16 18 20 23 32 43 +27,0,,0
1072,8,4 9 11 14 36 44,16 18 20 23 32 43 +27,0,,0
1072,9,12 13 17 32 37 40,16 18 20 23 32 43 +27,1,32,0
1072,10,3 4 11 13 20 37,16 18 20 23 32 43 +27,1,20,0
1073,1,10 26 31 32 34 38,6 18 28 30 32 38 +15,2,32 38,0
1073,2,13 15 20 31 43 45,6 18 28 30 32 38 +15,0,,0
1073,3,5 8 23 34 40 45,6 18 28 30 32 38 +15,0,,0
1073,4,1 2 3 10 14 42,6 18 28 30 32 38 +15,0,,0
1073,5,2 4 8 20 33 43,6 18 28 30 32 38 +15,0,,0
1073,6,4 14 15 20 32 44,6 18 28 30 32 38 +15,1,32,0
1073,7,4 6 20 21 28 43,6 18 28 30 32 38 +15,2,6 28,0
1073,8,7 8 25 28 29 44,6 18 28 30 32 38 +15,1,28,0
1073,9,8 16 33 38 40 44,6 18 28 30 32 38 +15,1,38,0
1073,10,1 4 6 16 24 37,6 18 28 30 32 38 +15,1,6,0
1074,1,1 4 7 10 21 26,1 6 20 27 28 41 +15,1,1,0
1074,2,2 17 20 23 26 35,1 6 20 27 28 41 +15,1,20,0
1074,3,7 15 17 20 28 39,1 6 20 27 28 41 +15,2,20 28,0
1074,4,1 11 28 31 39 44,1 6 20 27 28 41 +15,2,1 28,0
1074,5,8 17 20 33 41 45,1 6 20 27 28 41 +15,2,20 41,0
1074,6,12 14 15 16 29 40,1 6 20 27 28 41 +15,0,,0
1074,7,4 9 20 25 30 34,1 6 20 27 28 41 +15,1,20,0
1074,8,1 3 4 9 19 37,1 6 20 27 28 41 +15,1,1,0
1074,9,3 13 14 17 20 32,1 6 20 27 28 41 +15,1,20,0
1074,10,1 12 27 28 30 40,1 6 20 27 28 41 +15,3,1 27 28,5
1075,1,5 19 20 22 28 30,1 23 24 35 44 45 +10,0,,0
1075,2,14 18 24 29 37 39,1 23 24 35 44 45 +10,1,24,0
1075,3,5 6 20 24 29 34,1 23 24 35 44 45 +10,1,24,0
1075,4,1 5 21 26 30 42,1 23 24 35 44 45 +10,1,1,0
1075,5,1 19 31 36 41 45,1 23 24 35 44 45 +10,2,1 45,0
1075,6,6 9 15 31 44 45,1 23 24 35 44 45 +10,2,44 45,0
1075,7,8 9 10 12 16 44,1 23 24 35 44 45 +10,1,44,0
1075,8,4 7 25 30 32 36,1 23 24 35 44 45 +10,0,,0
1075,9,4 28 35 40 43 45,1 23 24 35 44 45 +10,2,35 45,0
1075,10,1 5 12 31 32 35,1 23 24 35 44 45 +10,2,1 35,0
1076,1,1 3 14 15 16 22,3 7 9 33 36 37 +10,1,3,0
1076,2,12 14 16 25 31 37,3 7 9 33 36 37 +10,1,37,0
1076,3,7 18 23 26 29 45,3 7 9 33 36 37 +10,1,7,0
1076,4,1 6 19 24 33 45,3 7 9 33 36 37 +10,1,33,0
1076,5,18 26 35 37 40 42,3 7 9 33 36 37 +10,1,37,0
1076,6,3 5 20 28 29 40,3 7 9 33 36 37 +10,1,3,0
1076,7,7 12 26 33 40 42,3 7 9 33 36 37 +10,2,7 33,0
1076,8,11 15 22 28 34 35,3 7 9 33 36 37 +10,0,,0
1076,9,2 12 15 16 25 39,3 7 9 33 36 37 +10,0,,0
1076,10,2 17 31 35 40 43,3 7 9 33 36 37 +10,0,,0
1077,1,17 20 24 25 26 33,4 8 17 30 40 43 +34,1,17,0
1077,2,16 17 20 27 38 43,4 8 17 30 40 43 +34,2,17 43,0
1077,3,2 11 14 22 25 34,4 8 17 30 40 43 +34,0,,0
1077,4,1 12 22 26 30 45,4 8 17 30 40 43 +34,1,30,0
1077,5,7 20 29 33 35 45,4 8 17 30 40 43 +34,0,,0
1077,6,8 12 22 28 35 40,4 8 17 30 40 43 +34,2,8 40,0
1077,7,11 16 30 33 43 45,4 8 17 30 40 43 +34,2,30 43,0
1077,8,15 17 34 40 41 43,4 8 17 30 40 43 +34,3,17 40 43,5
1077,9,14 15 17 27 34 45,4 8 17 30 40 43 +34,1,17,0
1077,10,2 11 17 25 27 30,4 8 17 30 40 43 +34,2,17 30,0
1078,1,1 8 10 20 26 38,6 10 11 14 36 38 +43,2,10 38,0
1078,2,8 11 26 27 32 34,6 10 11 14 36 38 +43,1,11,0
1078,3,9 13 24 26 33 38,6 10 11 14 36 38 +43,1,38,0
1078,4,9 13 24 38 39 43,6 10 11 14 36 38 +43,1,38,0
1078,5,1 11 29 33 34 42,6 10 11 14 36 38 +43,1,11,0
1078,6,1 7 11 34 38 43,6 10 11 14 36 38 +43,2,11 38,0
1078,7,7 12 18 23 30 33,6 10 11 14 36 38 +43,0,,0
1078,8,1 6 9 24 32 42,6 10 11 14 36 38 +43,1,6,0
1078,9,4 8 10 21 34 44,6 10 11 14 36 38 +43,1,10,0
1078,10,2 11 17 29 31 37,6 10 11 14 36 38 +43,1,11,0
1079,1,3 5 12 13 17 24,4 8 18 24 37 45 +6,1,24,0
1079,2,13 22 28 29 41 44,4 8 18 24 37 45 +6,0,,0
1079,3,2 4 25 30 33 41,4 8 18 24 37 45 +6,1,4,0
1079,4,3 6 20 37 38 39,4 8 18 24 37 45 +6,1,37,0
1079,5,6 10 12 30 33 44,4 8 18 24 37 45 +6,0,,0
1079,6,2 3 18 21 32 35,4 8 18 24 37 45 +6,1,18,0
1079,7,7 8 16 17 28 38,4 8 18 24 37 45 +6,1,8,0
1079,8,8 11 17 28 29 37,4 8 18 24 37 45 +6,2,8 37,0
1079,9,14 21 27 29 37 40,4 8 18 24 37 45 +6,1,37,0
1079,10,6 13 18 28 31 39,4 8 18 24 37 45 +6,1,18,0
1080,1,4 17 20 21 27 42,13 16 23 31 36 44 +38,0,,0
1080,2,1 6 11 17 30 41,13 16 23 31 36 44 +38,0,,0
1080,3,9 17 25 29 36 44,13 16 23 31 36 44 +38,2,36 44,0
1080,4,13 18 20 26 35 36,13 16 23 31 36 44 +38,2,13 36,0
1080,5,8 11 15 16 20 34,13 16 23 31 36 44 +38,1,16,0
1080,6,2 4 16 18 30 45,13 16 23 31 36 44 +38,1,16,0
1080,7,4 16 17 20 30 41,13 16 23 31 36 44 +38,1,16,0
1080,8,5 19 21 33 44 45,13 16 23 31 36 44 +38,1,44,0
1080,9,1 18 19 35 38 45,13 16 23 31 36 44 +38,0,,0
1080,10,10 26 31 33 35 39,13 16 23 31 36 44 +38,1,31,0
1081,1,1 6 10 14 26 29,1 9 16 23 24 38 +17,1,1,0
1081,2,2 8 12 31 39 44,1 9 16 23 24 38 +17,0,,0
1081,3,6 11 12 22 26 40,1 9 16 23 24 38 +17,0,,0
1081,4,22 24 26 27 34 36,1 9 16 23 24 38 +17,1,24,0
1081,5,10 15 23 27 35 37,1 9 16 23 24 38 +17,1,23,0
1081,6,12 15 16 25 28 39,1 9 16 23 24 38 +17,1,16,0
1081,7,4 9 19 24 26 42,1 9 16 23 24 38 +17,2,9 24,0
1081,8,10 11 18 19 24 30,1 9 16 23 24 38 +17,1,24,0
1081,9,1 9 22 30 31 39,1 9 16 23 24 38 +17,2,1 9,0
1081,10,3 21 22 36 37 45,1 9 16 23 24 38 +17,0,,0
1082,1,3 8 10 34 39 45,21 26 27 32 34 42 +31,1,34,0
1082,2,6 7 10 13 17 45,21 26 27 32 34 42 +31,0,,0
1082,3,5 10 19 20 39 42,21 26 27 32 34 42 +31,1,42,0
1082,4,5 10 30 32 38 41,21 26 27 32 34 42 +31,1,32,0
1082,5,18 29 31 40 41 44,21 26 27 32 34 42 +31,0,,0
1082,6,8 12 22 31 39 45,21 26 27 32 34 42 +31,0,,0
1082,7,11 19 25 29 31 45,21 26 27 32 34 42 +31,0,,0
1082,8,18 22 23 24 27 34,21 26 27 32 34 42 +31,2,27 34,0
1082,9,1 7 9 15 21 23,21 26 27 32 34 42 +31,1,21,0
1082,10,5 20 21 27 43 45,21 26 27 32 34 42 +31,2,21 27,0
1083,1,4 10 21 22 39 44,3 7 14 15 22 38 +17,1,22,0
1083,2,3 4 13 30 31 37,3 7 14 15 22 38 +17,1,3,0
1083,3,10 14 22 23 38 43,3 7 14 15 22 38 +17,3,14 22 38,5
1083,4,4 7 25 26 38 42,3 7 14 15 22 38 +17,2,7 38,0
1083,5,11 21 34 35 36 38,3 7 14 15 22 38 +17,1,38,0
1083,6,2 8 14 18 21 38,3 7 14 15 22 38 +17,2,14 38,0
1083,7,6 10 12 31 34 36,3 7 14 15 22 38 +17,0,,0
1083,8,3 7 21 27 33 45,3 7 14 15 22 38 +17,2,3 7,0
1083,9,7 20 24 27 31 33,3 7 14 15 22 38 +17,1,7,0
1083,10,9 11 17 20 28 37,3 7 14 15 22 38 +17,0,,0
1084,1,4 5 17 30 36 43,8 12 13 29 33 42 +5,0,,0
1084,2,13 17 19 26 36 42,8 12 13 29 33 42 +5,2,13 42,0
1084,3,4 7 15 22 39 44,8 12 13 29 33 42 +5,0,,0
1084,4,15 21 30 35 38 45,8 12 13 29 33 42 +5,0,,0
1084,5,2 5 12 17 18 45,8 12 13 29 33 42 +5,1,12,0
1084,6,2 9 10 18 20 40,8 12 13 29 33 42 +5,0,,0
1084,7,12 14 23 29 34 44,8 12 13 29 33 42 +5,2,12 29,0
1084,8,8 26 27 42 43 45,8 12 13 29 33 42 +5,2,8 42,0
1084,9,13 28 30 41 43 44,8 12 13 29 33 42 +5,1,13,0
1084,10,5 24 30 34 37 38,8 12 13 29 33 42 +5,0,,0
1085,1,3 6 7 9 21 23,4 7 17 18 38 44 +36,1,7,0
1085,2,2 6 18 35 43 44,4 7 17 18 38 44 +36,2,18 44,0
1085,3,11 26 31 37 41 42,4 7 17 18 38 44 +36,0,,0
1085,4,1 13 14 17 26 33,4 7 17 18 38 44 +36,1,17,0
1085,5,2 4 8 13 14 26,4 7 17 18 38 44 +36,1,4,0
1085,6,8 9 12 25 41 42,4 7 17 18 38 44 +36,0,,0
1085,7,4 8 14 32 40 42,4 7 17 18 38 44 +36,1,4,0
1085,8,17 22 26 27 31 44,4 7 17 18 38 44 +36,2,17 44,0
1085,9,12 18 32 33 34 39,4 7 17 18 38 44 +36,1,18,0
1085,10,10 18 20 21 37 39,4 7 17 18 38 44 +36,1,18,0
1086,1,20 29 36 38 40 43,11 16 25 27 35 36 +37,1,36,0
1086,2,1 5 10 17 26 37,11 16 25 27 35 36 +37,0,,0
1086,3,18 31 34 40 41 44,11 16 25 27 35 36 +37,0,,0
1086,4,7 25 29 33 34 43,11 16 25 27 35 36 +37,1,25,0
1086,5,6 20 22 24 35 41,11 16 25 27 35 36 +37,1,35,0
1086,6,2 7 13 23 29 31,11 16 25 27 35 36 +37,0,,0
1086,7,1 9 10 14 22 36,11 16 25 27 35 36 +37,1,36,0
1086,8,2 4 7 13 26 36,11 16 25 27 35 36 +37,1,36,0
1086,9,7 8 17 33 34 38,11 16 25 27 35 36 +37,0,,0
1086,10,1 19 20 24 28 35,11 16 25 27 35 36 +37,1,35,0
1087,1,10 14 18 28 35 37,13 14 18 21 34 44 +16,2,14 18,0
1087,2,5 27 28 33 36 45,13 14 18 21 34 44 +16,0,,0
1087,3,8 22 30 32 36 40,13 14 18 21 34 44 +16,0,,0
1087,4,18 19 28 32 34 42,13 14 18 21 34 44 +16,2,18 34,0
1087,5,12 17 21 27 30 41,13 14 18 21 34 44 +16,1,21,0
1087,6,3 23 26 37 38 43,13 14 18 21 34 44 +16,0,,0
1087,7,1 3 5 16 19 36,13 14 18 21 34 44 +16,0,,0
1087,8,3 5 14 34 37 43,13 14 18 21 34 44 +16,2,14 34,0
1087,9,2 16 18 23 29 30,13 14 18 21 34 44 +16,1,18,0
1087,10,2 14 22 31 39 40,13 14 18 21 34 44 +16,1,14,0
1088,1,7 12 14 28 36 41,11 21 22 30 39 44 +31,0,,0
1088,2,9 14 19 31 34 37,11 21 22 30 39 44 +31,0,,0
1088,3,5 29 36 37 41 43,11 21 22 30 39 44 +31,0,,0
1088,4,3 17 26 33 34 36,11 21 22 30 39 44 +31,0,,0
1088,5,1 14 19 20 35 39,11 21 22 30 39 44 +31,1,39,0
1088,6,12 17 19 29 33 40,11 21 22 30 39 44 +31,0,,0
1088,7,10 12 22 25 29 38,11 21 22 30 39 44 +31,1,22,0
1088,8,6 22 32 39 41 43,11 21 22 30 39 44 +31,2,22 39,0
1088,9,19 22 31 34 37 44,11 21 22 30 39 44 +31,2,22 44,0
1088,10,9 20 26 32 33 44,11 21 22 30 39 44 +31,1,44,0
1089,1,4 15 16 18 26 36,4 18 31 37 42 43 +40,2,4 18,0
1089,2,4 9 18 21 40 41,4 18 31 37 42 43 +40,2,4 18,0
1089,3,1 24 29 33 38 41,4 18 31 37 42 43 +40,0,,0
1089,4,22 24 26 27 29 38,4 18 31 37 42 43 +40,0,,0
1089,5,8 17 19 27 37 38,4 18 31 37 42 43 +40,1,37,0
1089,6,1 9 13 18 31 32,4 18 31 37 42 43 +40,2,18 31,0
1089,7,6 15 16 17 18 34,4 18 31 37 42 43 +40,1,18,0
1089,8,1 4 5 18 29 37,4 18 31 37 42 43 +40,3,4 18 37,5
1089,9,11 14 25 37 38 39,4 18 31 37 42 43 +40,1,37,0
1089,10,2 17 18 23 39 40,4 18 31 37 42 43 +40,1,18,0
1090,1,2 18 19 31 33 41,12 19 21 29 40 45 +1,1,19,0
1090,2,1 28 30 32 39 41,12 19 21 29 40 45 +1,0,,0
1090,3,13 14 19 21 27 39,12 19 21 29 40 45 +1,2,19 21,0
1090,4,21 22 23 27 41 44,12 19 21 29 40 45 +1,1,21,0
1090,5,2 14 22 29 33 35,12 19 21 29 40 45 +1,1,29,0
1090,6,9 22 27 29 35 40,12 19 21 29 40 45 +1,2,29 40,0
1090,7,8 20 25 32 36 45,12 19 21 29 40 45 +1,1,45,0
1090,8,5 7 20 21 25 35,12 19 21 29 40 45 +1,1,21,0
1090,9,5 16 17 20 24 25,12 19 21 29 40 45 +1,0,,0
1090,10,5 8 9 15 22 36,12 19 21 29 40 45 +1,0,,0
1091,1,1 7 30 32 39 43,6 20 23 24 28 30 +44,1,30,0
1091,2,2 6 9 27 31 42,6 20 23 24 28 30 +44,1,6,0
1091,3,8 14 22 36 41 45,6 20 23 24 28 30 +44,0,,0
1091,4,15 21 22 27 32 37,6 20 23 24 28 30 +44,0,,0
1091,5,19 25 32 36 41 44,6 20 23 24 28 30 +44,0,,0
1091,6,3 5 10 11 12 40,6 20 23 24 28 30 +44,0,,0
1091,7,10 12 18 21 24 40,6 20 23 24 28 30 +44,1,24,0
1091,8,1 6 7 9 18 20,6 20 23 24 28 30 +44,2,6 20,0
1091,9,10 11 27 35 42 45,6 20 23 24 28 30 +44,0,,0
1091,10,9 10 16 17 25 44,6 20 23 24 28 30 +44,0,,0
1092,1,8 9 13 14 37 40,7 18 19 26 33 45 +37,0,,0
1092,2,7 21 27 30 34 40,7 18 19 26 33 45 +37,1,7,0
1092,3,2 7 14 26 29 41,7 18 19 26 33 45 +37,2,7 26,0
1092,4,10 13 14 35 41 43,7 18 19 26 33 45 +37,0,,0
1092,5,8 12 15 30 32 43,7 18 19 26 33 45 +37,0,,0
1092,6,9 13 16 25 33 42,7 18 19 26 33 45 +37,1,33,0
1092,7,2 7 15 18 31 44,7 18 19 26 33 45 +37,2,7 18,0
1092,8,5 22 27 34 36 40,7 18 19 26 33 45 +37,0,,0
1092,9,9 12 16 18 21 26,7 18 19 26 33 45 +37,2,18 26,0
1092,10,1 10 23 26 39 45,7 18 19 26 33 45 +37,2,26 45,0
1093,1,1 3 15 19 39 45,10 17 22 30 35 43 +44,0,,0
1093,2,4 6 9 33 36 39,10 17 22 30 35 43 +44,0,,0
1093,3,16 18 20 21 28 30,10 17 22 30 35 43 +44,1,30,0
1093,4,3 4 9 22 30 35,10 17 22 30 35 43 +44,3,22 30 35,5
1093,5,6 26 37 38 43 44,10 17 22 30 35 43 +44,1,43,0
1093,6,1 7 11 13 24 42,10 17 22 30 35 43 +44,0,,0
1093,7,9 13 15 33 34 38,10 17 22 30 35 43 +44,0,,0
1093,8,2 17 24 25 37 38,10 17 22 30 35 43 +44,1,17,0
1093,9,1 6 23 31 43 44,10 17 22 30 35 43 +44,1,43,0
1093,10,1 16 20 26 40 44,10 17 22 30 35 43 +44,0,,0
1094,1,12 15 24 29 36 39,6 7 15 22 26 40 +41,1,15,0
1094,2,2 9 11 22 23 44,6 7 15 22 26 40 +41,1,22,0
1094,3,1 5 16 31 32 41,6 7 15 22 26 40 +41,0,,0
1094,4,7 15 17 26 32 42,6 7 15 22 26 40 +41,3,7 15 26,5
1094,5,1 9 13 14 24 26,6 7 15 22 26 40 +41,1,26,0
1094,6,11 22 29 30 34 39,6 7 15 22 26 40 +41,1,22,0
1094,7,12 13 19 23 32 33,6 7 15 22 26 40 +41,0,,0
1094,8,3 5 9 14 22 41,6 7 15 22 26 40 +41,1,22,0
1094,9,1 8 10 24 29 38,6 7 15 22 26 40 +41,0,,0
1094,10,4 8 24 26 28 36,6 7 15 22 26 40 +41,1,26,0
1095,1,22 26 30 33 43 45,8 14 28 29 34 40 +12,0,,0
1095,2,8 9 12 13 17 37,8 14 28 29 34 40 +12,1,8,0
1095,3,10 22 23 24 41 43,8 14 28 29 34 40 +12,0,,0
1095,4,17 19 20 21 25 29,8 14 28 29 34 40 +12,1,29,0
1095,5,1 2 10 12 20 22,8 14 28 29 34 40 +12,0,,0
1095,6,14 24 25 28 33 34,8 14 28 29 34 40 +12,3,14 28 34,5
1095,7,10 21 26 32 41 43,8 14 28 29 34 40 +12,0,,0
1095,8,6 7 21 23 31 39,8 14 28 29 34 40 +12,0,,0
1095,9,6 10 12 25 32 44,8 14 28 29 34 40 +12,0,,0
1095,10,4 5 13 26 38 41,8 14 28 29 34 40 +12,0,,0
1096,1,8 25 26 34 35 36,1 12 16 19 23 43 +34,0,,0
1096,2,1 5 10 17 24 41,1 12 16 19 23 43 +34,1,1,0
1096,3,5 10 13 20 34 38,1 12 16 19 23 43 +34,0,,0
1096,4,2 3 5 21 32 41,1 12 16 19 23 43 +34,0,,0
1096,5,5 6 7 32 33 43,1 12 16 19 23 43 +34,1,43,0
1096,6,5 9 11 12 37 45,1 12 16 19 23 43 +34,1,12,0
1096,7,12 13 36 39 40 44,1 12 16 19 23 43 +34,1,12,0
1096,8,3 7 9 18 19 34,1 12 16 19 23 43 +34,1,19,0
1096,9,2 6 15 17 21 28,1 12 16 19 23 43 +34,0,,0
1096,10,1 20 32 33 37 44,1 12 16 19 23 43 +34,1,1,0
1097,1,2 5 6 15 31 34,14 33 34 35 37 40 +4,1,34,0
1097,2,6 9 11 34 39 40,14 33 34 35 37 40 +4,2,34 40,0
1097,3,6 9 20 21 26 29,14 33 34 35 37 40 +4,0,,0
1097,4,3 9 27 31 34 37,14 33 34 35 37 40 +4,2,34 37,0
1097,5,11 16 32 34 35 41,14 33 34 35 37 40 +4,2,34 35,0
1097,6,4 5 15 28 33 37,14 33 34 35 37 40 +4,2,33 37,0
1097,7,9 11 19 23 25 36,14 33 34 35 37 40 +4,0,,0
1097,8,4 5 6 17 25 34,14 33 34 35 37 40 +4,1,34,0
1097,9,5 13 16 17 34 38,14 33 34 35 37 40 +4,1,34,0
1097,10,6 14 22 27 29 39,14 33 34 35 37 40 +4,1,14,0
1098,1,3 7 9 21 22 27,12 16 21 24 41 43 +15,1,21,0
1098,2,8 10 22 30 33 37,12 16 21 24 41 43 +15,0,,0
1098,3,3 9 18 24 25 41,12 16 21 24 41 43 +15,2,24 41,0
1098,4,7 17 21 23 27 37,12 16 21 24 41 43 +15,1,21,0
1098,5,1 2 5 27 36 40,12 16 21 24 41 43 +15,0,,0
1098,6,3 10 19 28 32 38,12 16 21 24 41 43 +15,0,,0
1098,7,14 25 26 39 40 41,12 16 21 24 41 43 +15,1,41,0
1098,8,3 22 29 30 31 35,12 16 21 24 41 43 +15,0,,0
1098,9,7 11 12 20 22 24,12 16 21 24 41 43 +15,2,12 24,0
1098,10,9 23 25 28 41 44,12 16 21 24 41 43 +15,1,41,0
1099,1,4 9 25 30 34 40,3 20 28 38 40 43 +4,1,40,0
1099,2,3 20 26 27 30 38,3 20 28 38 40 43 +4,3,3 20 38,5
1099,3,6 19 21 26 38 43,3 20 28 38 40 43 +4,2,38 43,0
1099,4,4 20 21 35 41 44,3 20 28 38 40 43 +4,1,20,0
1099,5,2 12 17 27 29 45,3 20 28 38 40 43 +4,0,,0
1099,6,1 16 18 22 24 39,3 20 28 38 40 43 +4,0,,0
1099,7,14 24 27 29 32 45,3 20 28 38 40 43 +4,0,,0
1099,8,5 8 11 14 20 30,3 20 28 38 40 43 +4,1,20,0
1099,9,2 3 5 23 35 38,3 20 28 38 40 43 +4,2,3 38,0
1099,10,13 20 32 35 39 44,3 20 28 38 40 43 +4,1,20,0
1100,1,23 24 27 29 44 45,17 26 29 30 31 43 +12,1,29,0
1100,2,6 19 31 37 38 45,17 26 29 30 31 43 +12,1,31,0
1100,3,4 6 10 20 26 34,17 26 29 30 31 43 +12,1,26,0
1100,4,13 15 22 29 35 41,17 26 29 30 31 43 +12,1,29,0
1100,5,12 13 16 22 34 44,17 26 29 30 31 43 +12,0,,0
1100,6,2 15 28 37 38 39,17 26 29 30 31 43 +12,0,,0
1100,7,6 7 20 23 39 43,17 26 29 30 31 43 +12,1,43,0
1100,8,7 10 13 24 32 42,17 26 29 30 31 43 +12,0,,0
1100,9,7 23 28 33 37 38,17 26 29 30 31 43 +12,0,,0
1100,10,1 5 7 18 31 32,17 26 29 30 31 43 +12,1,31,0
1101,1,15 16 31 37 39 45,6 7 13 28 36 42 +41,0,,0
1101,2,3 9 13 17 19 43,6 7 13 28 36 42 +41,1,13,0
1101,3,6 12 14 29 38 43,6 7 13 28 36 42 +41,1,6,0
1101,4,10 11 20 26 40 43,6 7 13 28 36 42 +41,0,,0
1101,5,5 10 20 21 24 39,6 7 13 28 36 42 +41,0,,0
1101,6,6 10 11 18 31 37,6 7 13 28 36 42 +41,1,6,0
1101,7,3 10 28 31 38 43,6 7 13 28 36 42 +41,1,28,0
1101,8,9 17 20 33 34 38,6 7 13 28 36 42 +41,0,,0
1101,9,3 7 33 36 43 44,6 7 13 28 36 42 +41,2,7 36,0
1101,10,5 6 16 17 19 41,6 7 13 28 36 42 +41,1,6,0
1102,1,3 13 23 26 28 38,13 14 22 26 37 38 +20,3,13 26 38,5
1102,2,4 5 6 10 22 40,13 14 22 26 37 38 +20,1,22,0
1102,3,19 25 27 28 34 42,13 14 22 26 37 38 +20,0,,0
1102,4,2 14 19 37 42 43,13 14 22 26 37 38 +20,2,14 37,0
1102,5,7 12 31 39 41 45,13 14 22 26 37 38 +20,0,,0
1102,6,8 22 25 27 42 44,13 14 22 26 37 38 +20,1,22,0
1102,7,1 3 12 25 35 36,13 14 22 26 37 38 +20,0,,0
1102,8,3 5 10 13 23 44,13 14 22 26 37 38 +20,1,13,0
1102,9,3 11 22 34 39 42,13 14 22 26 37 38 +20,1,22,0
1102,10,1 4 6 8 16 17,13 14 22 26 37 38 +20,0,,0
1103,1,3 6 18 31 44 45,10 12 29 31 40 44 +2,2,31 44,0
1103,2,7 13 25 29 33 44,10 12 29 31 40 44 +2,2,29 44,0
1103,3,2 4 12 13 25 41,10 12 29 31 40 44 +2,1,12,0
1103,4,4 6 15 25 28 39,10 12 29 31 40 44 +2,0,,0
1103,5,11 24 28 43 44 45,10 12 29 31 40 44 +2,1,44,0
1103,6,10 11 30 34 37 38,10 12 29 31 40 44 +2,1,10,0
1103,7,4 9 28 29 34 44,10 12 29 31 40 44 +2,2,29 44,0
1103,8,1 2 5 13 35 36,10 12 29 31 40 44 +2,0,,0
1103,9,2 4 17 29 41 45,10 12 29 31 40 44 +2,1,29,0
1103,10,4 8 12 33 34 44,10 12 29 31 40 44 +2,2,12 44,0
1104,1,4 7 14 20 21 44,1 7 21 30 35 38 +2,2,7 21,0
1104,2,3 7 11 29 32 37,1 7 21 30 35 38 +2,1,7,0
1104,3,2 8 12 33 39 41,1 7 21 30 35 38 +2,0,,0
1104,4,6 12 18 19 23 28,1 7 21 30 35 38 +2,0,,0
1104,5,5 15 18 21 34 36,1 7 21 30 35 38 +2,1,21,0
1104,6,2 8 15 30 33 34,1 7 21 30 35 38 +2,1,30,0
1104,7,1 12 15 16 17 21,1 7 21 30 35 38 +2,2,1 21,0
1104,8,6 18 24 25 26 45,1 7 21 30 35 38 +2,0,,0
1104,9,6 15 17 23 41 45,1 7 21 30 35 38 +2,0,,0
1104,10,12 17 26 29 33 41,1 7 21 30 35 38 +2,0,,0
1105,1,2 11 13 14 17 24,6 16 34 37 39 40 +11,0,,0
1105,2,6 8 20 21 25 37,6 16 34 37 39 40 +11,2,6 37,0
1105,3,2 12 14 28 30 37,6 16 34 37 39 40 +11,1,37,0
1105,4,2 10 21 28 33 43,6 16 34 37 39 40 +11,0,,0
1105,5,5 12 25 37 41 43,6 16 34 37 39 40 +11,1,37,0
1105,6,10 13 23 36 44 45,6 16 34 37 39 40 +11,0,,0
1105,7,4 7 31 36 39 45,6 16 34 37 39 40 +11,1,39,0
1105,8,3 27 37 39 41 43,6 16 34 37 39 40 +11,2,37 39,0
1105,9,4 10 15 23 27 29,6 16 34 37 39 40 +11,0,,0
1105,10,6 9 24 27 37 42,6 16 34 37 39 40 +11,2,6 37,0
1106,1,15 16 18 23 26 34,1 3 4 29 42 45 +36,0,,0
1106,2,4 6 21 32 35 43,1 3 4 29 42 45 +36,1,4,0
1106,3,2 10 20 26 36 43,1 3 4 29 42 45 +36,0,,0
1106,4,4 6 14 19 22 45,1 3 4 29 42 45 +36,2,4 45,0
1106,5,5 8 9 21 36 38,1 3 4 29 42 45 +36,0,,0
1106,6,6 24 30 35 40 44,1 3 4 29 42 45 +36,0,,0
1106,7,2 9 14 40 42 45,1 3 4 29 42 45 +36,2,42 45,0
1106,8,17 30 41 43 44 45,1 3 4 29 42 45 +36,1,45,0
1106,9,5 11 13 14 16 33,1 3 4 29 42 45 +36,0,,0
1106,10,2 4 9 12 37 45,1 3 4 29 42 45 +36,2,4 45,0
1107,1,4 9 16 18 31 37,6 14 30 31 40 41 +29,1,31,0
1107,2,1 3 4 20 30 40,6 14 30 31 40 41 +29,2,30 40,0
1107,3,1 5 13 14 22 42,6 14 30 31 40 41 +29,1,14,0
1107,4,7 10 15 27 31 36,6 14 30 31 40 41 +29,1,31,0
1107,5,1 2 15 29 44 45,6 14 30 31 40 41 +29,0,,0
1107,6,1 22 23 24 34 39,6 14 30 31 40 41 +29,0,,0
1107,7,13 14 19 24 33 35,6 14 30 31 40 41 +29,1,14,0
1107,8,2 22 29 33 43 45,6 14 30 31 40 41 +29,0,,0
1107,9,8 13 21 25 35 38,6 14 30 31 40 41 +29,0,,0
1107,10,9 15 16 19 20 23,6 14 30 31 40 41 +29,0,,0
1108,1,5 16 27 28 29 40,7 19 26 37 39 44 +27,0,,0
1108,2,5 27 31 36 40 45,7 19 26 37 39 44 +27,0,,0
1108,3,15 18 20 24 35 38,7 19 26 37 39 44 +27,0,,0
1108,4,6 7 20 38 39 42,7 19 26 37 39 44 +27,2,7 39,0
1108,5,4 10 19 22 26 38,7 19 26 37 39 44 +27,2,19 26,0
1108,6,11 16 17 22 31 45,7 19 26 37 39 44 +27,0,,0
1108,7,3 7 12 17 36 44,7 19 26 37 39 44 +27,2,7 44,0
1108,8,2 5 17 21 22 23,7 19 26 37 39 44 +27,0,,0
1108,9,8 21 27 30 34 35,7 19 26 37 39 44 +27,0,,0
1108,10,1 17 30 34 35 41,7 19 26 37 39 44 +27,0,,0
1109,1,4 22 26 27 29 43,10 12 13 19 33 40 +2,0,,0
1109,2,2 14 16 19 31 45,10 12 13 19 33 40 +2,1,19,0
1109,3,4 12 14 19 25 32,10 12 13 19 33 40 +2,2,12 19,0
1109,4,9 12 18 27 31 39,10 12 13 19 33 40 +2,1,12,0
1109,5,16 17 24 25 41 44,10 12 13 19 33 40 +2,0,,0
1109,6,1 4 10 17 34 38,10 12 13 19 33 40 +2,1,10,0
1109,7,9 19 21 28 39 40,10 12 13 19 33 40 +2,2,19 40,0
1109,8,3 4 12 28 35 38,10 12 13 19 33 40 +2,1,12,0
1109,9,15 18 32 40 42 44,10 12 13 19 33 40 +2,1,40,0
1109,10,4 8 28 30 33 35,10 12 13 19 33 40 +2,1,33,0
1110,1,1 2 15 22 23 32,3 7 11 20 22 41 +24,1,22,0
1110,2,5 24 26 34 42 44,3 7 11 20 22 41 +24,0,,0
1110,3,8 16 23 32 33 42,3 7 11 20 22 41 +24,0,,0
1110,4,6 14 17 36 37 42,3 7 11 20 22 41 +24,0,,0
1110,5,5 9 19 29 34 45,3 7 11 20 22 41 +24,0,,0
1110,6,10 35 39 40 42 45,3 7 11 20 22 41 +24,0,,0
1110,7,1 5 6 22 26 45,3 7 11 20 22 41 +24,1,22,0
1110,8,10 18 20 34 39 42,3 7 11 20 22 41 +24,1,20,0
1110,9,8 17 22 35 40 42,3 7 11 20 22 41 +24,1,22,0
1110,10,2 4 15 18 19 25,3 7 11 20 22 41 +24,0,,0
1111,1,4 7 13 17 41 44,3 13 30 33 43 45 +4,1,13,0
1111,2,2 7 12 36 41 43,3 13 30 33 43 45 +4,1,43,0
1111,3,5 6 12 19 33 40,3 13 30 33 43 45 +4,1,33,0
1111,4,4 9 10 33 37 40,3 13 30 33 43 45 +4,1,33,0
1111,5,13 21 24 28 29 31,3 13 30 33 43 45 +4,1,13,0
1111,6,10 13 19 21 33 43,3 13 30 33 43 45 +4,3,13 33 43,5
1111,7,8 13 19 30 35 41,3 13 30 33 43 45 +4,2,13 30,0
1111,8,31 32 33 35 38 43,3 13 30 33 43 45 +4,2,33 43,0
1111,9,3 20 21 25 38 42,3 13 30 33 43 45 +4,1,3,0
1111,10,9 12 14 30 35 36,3 13 30 33 43 45 +4,1,30,0
1112,1,15 18 33 35 38 45,16 20 26 36 42 44 +24,0,,0
1112,2,10 11 18 20 30 38,16 20 26 36 42 44 +24,1,20,0
1112,3,2 13 23 24 26 44,16 20 26 36 42 44 +24,2,26 44,0
1112,4,6 7 11 12 34 38,16 20 26 36 42 44 +24,0,,0
1112,5,9 15 19 21 22 33,16 20 26 36 42 44 +24,0,,0
1112,6,11 19 38 39 44 45,16 20 26 36 42 44 +24,1,44,0
1112,7,6 10 29 34 38 45,16 20 26 36 42 44 +24,0,,0
1112,8,20 25 32 34 35 44,16 20 26 36 42 44 +24,2,20 44,0
1112,9,2 3 5 30 31 33,16 20 26 36 42 44 +24,0,,0
1112,10,5 6 10 31 40 43,16 20 26 36 42 44 +24,0,,0
1113,1,8 12 17 19 29 39,11 13 20 21 32 44 +8,0,,0
1113,2,14 18 24 25 39 43,11 13 20 21 32 44 +8,0,,0
1113,3,2 3 4 5 23 29,11 13 20 21 32 44 +8,0,,0
1113,4,1 12 22 23 35 37,11 13 20 21 32 44 +8,0,,0
1113,5,13 17 20 26 35 36,11 13 20 21 32 44 +8,2,13 20,0
1113,6,13 18 22 33 44 45,11 13 20 21 32 44 +8,2,13 44,0
1113,7,7 22 23 30 32 43,11 13 20 21 32 44 +8,1,32,0
1113,8,1 14 16 20 22 27,11 13 20 21 32 44 +8,1,20,0
1113,9,11 17 23 31 35 43,11 13 20 21 32 44 +8,1,11,0
1113,10,4 14 27 34 37 45,11 13 20 21 32 44 +8,0,,0
1114,1,2 11 26 28 29 31,10 16 19 32 33 38 +3,0,,0
1114,2,9 11 23 29 36 38,10 16 19 32 33 38 +3,1,38,0
1114,3,21 22 25 32 33 41,10 16 19 32 33 38 +3,2,32 33,0
1114,4,4 7 14 26 28 45,10 16 19 32 33 38 +3,0,,0
1114,5,3 6 14 27 38 43,10 16 19 32 33 38 +3,1,38,0
1114,6,6 12 18 21 28 32,10 16 19 32 33 38 +3,1,32,0
1114,7,11 26 33 40 41 44,10 16 19 32 33 38 +3,1,33,0
1114,8,1 3 4 33 39 44,10 16 19 32 33 38 +3,1,33,0
1114,9,9 17 20 30 31 37,10 16 19 32 33 38 +3,0,,0
1114,10,4 5 8 9 32 34,10 16 19 32 33 38 +3,1,32,0
1115,1,1 5 6 9 15 41,7 12 23 32 34 36 +8,0,,0
1115,2,3 6 11 28 40 41,7 12 23 32 34 36 +8,0,,0
1115,3,5 11 21 33 35 38,7 12 23 32 34 36 +8,0,,0
1115,4,1 6 11 13 19 45,7 12 23 32 34 36 +8,0,,0
1115,5,4 11 13 14 35 37,7 12 23 32 34 36 +8,0,,0
1115,6,9 10 14 23 31 43,7 12 23 32 34 36 +8,1,23,0
1115,7,7 9 36 37 41 45,7 12 23 32 34 36 +8,2,7 36,0
1115,8,4 6 18 35 36 44,7 12 23 32 34 36 +8,1,36,0
1115,9,3 5 12 14 16 26,7 12 23 32 34 36 +8,1,12,0
1115,10,3 6 15 24 28 29,7 12 23 32 34 36 +8,0,,0
1116,1,7 8 9 24 37 43,15 16 17 25 30 31 +32,0,,0
1116,2,13 16 20 24 31 41,15 16 17 25 30 31 +32,2,16 31,0
1116,3,8 10 36 38 40 45,15 16 17 25 30 31 +32,0,,0
1116,4,8 16 18 24 32 34,15 16 17 25 30 31 +32,1,16,0
1116,5,8 9 30 41 42 45,15 16 17 25 30 31 +32,1,30,0
1116,6,1 3 8 18 25 41,15 16 17 25 30 31 +32,1,25,0
1116,7,2 5 24 31 32 36,15 16 17 25 30 31 +32,1,31,0
1116,8,3 20 25 32 40 42,15 16 17 25 30 31 +32,1,25,0
1116,9,1 5 16 20 23 33,15 16 17 25 30 31 +32,1,16,0
1116,10,17 21 31 36 37 39,15 16 17 25 30 31 +32,2,17 31,0
1117,1,5 11 15 17 33 45,3 4 9 30 33 36 +7,1,33,0
1117,2,9 15 21 23 27 30,3 4 9 30 33 36 +7,2,9 30,0
1117,3,4 9 29 36 41 44,3 4 9 30 33 36 +7,3,4 9 36,5
1117,4,8 10 15 18 28 30,3 4 9 30 33 36 +7,1,30,0
1117,5,4 10 12 23 25 28,3 4 9 30 33 36 +7,1,4,0
1117,6,8 15 24 27 37 43,3 4 9 30 33 36 +7,0,,0
1117,7,3 5 8 20 25 38,3 4 9 30 33 36 +7,1,3,0
1117,8,2 9 20 21 37 40,3 4 9 30 33 36 +7,1,9,0
1117,9,2 3 15 29 32 39,3 4 9 30 33 36 +7,1,3,0
1117,10,6 19 21 23 24 36,3 4 9 30 33 36 +7,1,36,0
1118,1,4 15 18 26 44 45,11 13 14 15 16 45 +3,2,15 45,0
1118,2,4 6 29 32 37 45,11 13 14 15 16 45 +3,1,45,0
1118,3,3 7 12 15 18 29,11 13 14 15 16 45 +3,1,15,0
1118,4,5 15 22 24 30 33,11 13 14 15 16 45 +3,1,15,0
1118,5,12 19 30 37 42 43,11 13 14 15 16 45 +3,0,,0
1118,6,20 21 31 32 39 43,11 13 14 15 16 45 +3,0,,0
1118,7,2 13 34 35 37 41,11 13 14 15 16 45 +3,1,13,0
1118,8,3 10 23 25 40 43,11 13 14 15 16 45 +3,0,,0
1118,9,14 16 24 29 34 37,11 13 14 15 16 45 +3,2,14 16,0
1118,10,3 7 15 25 27 37,11 13 14 15 16 45 +3,1,15,0
1119,1,1 4 13 16 30 44,1 9 12 13 20 45 +3,2,1 13,0
1119,2,1 5 8 23 38 42,1 9 12 13 20 45 +3,1,1,0
1119,3,3 13 15 21 24 39,1 9 12 13 20 45 +3,1,13,0
1119,4,9 13 19 30 39 40,1 9 12 13 20 45 +3,2,9 13,0
1119,5,1 2 7 8 22 31,1 9 12 13 20 45 +3,1,1,0
1119,6,7 10 20 41 43 45,1 9 12 13 20 45 +3,2,20 45,0
1119,7,8 16 21 27 29 36,1 9 12 13 20 45 +3,0,,0
1119,8,2 3 21 24 39 42,1 9 12 13 20 45 +3,0,,0
1119,9,2 14 20 24 32 44,1 9 12 13 20 45 +3,1,20,0
1119,10,9 17 21 25 32 40,1 9 12 13 20 45 +3,1,9,0
1120,1,11 16 23 32 39 42,2 19 26 31 38 41 +34,0,,0
1120,2,10 21 23 32 36 41,2 19 26 31 38 41 +34,1,41,0
1120,3,8 11 18 26 33 40,2 19 26 31 38 41 +34,1,26,0
1120,4,12 13 17 34 37 40,2 19 26 31 38 41 +34,0,,0
1120,5,4 15 28 39 41 45,2 19 26 31 38 41 +34,1,41,0
1120,6,1 6 8 21 30 40,2 19 26 31 38 41 +34,0,,0
1120,7,8 12 15 16 28 33,2 19 26 31 38 41 +34,0,,0
1120,8,3 13 19 21 28 29,2 19 26 31 38 41 +34,1,19,0
1120,9,3 7 24 30 37 43,2 19 26 31 38 41 +34,0,,0
1120,10,4 20 27 29 35 40,2 19 26 31 38 41 +34,0,,0
1121,1,4 10 18 36 37 44,6 24 31 32 38 44 +8,1,44,0
1121,2,11 12 13 20 29 36,6 24 31 32 38 44 +8,0,,0
1121,3,17 23 27 29 35 36,6 24 31 32 38 44 +8,0,,0
1121,4,6 12 13 20 27 42,6 24 31 32 38 44 +8,1,6,0
1121,5,6 10 20 24 34 35,6 24 31 32 38 44 +8,2,6 24,0
1121,6,7 12 19 22 38 40,6 24 31 32 38 44 +8,1,38,0
1121,7,1 2 25 26 27 28,6 24 31 32 38 44 +8,0,,0
1121,8,4 28 30 32 40 45,6 24 31 32 38 44 +8,1,32,0
1121,9,16 19 34 38 42 45,6 24 31 32 38 44 +8,1,38,0
1121,10,1 2 4 17 29 30,6 24 31 32 38 44 +8,0,,0
1122,1,2 5 6 19 22 38,3 6 21 30 34 35 +22,1,6,0
1122,2,9 12 21 32 33 34,3 6 21 30 34 35 +22,2,21 34,0
1122,3,2 13 21 34 35 39,3 6 21 30 34 35 +22,3,21 34 35,5
1122,4,11 17 23 30 33 43,3 6 21 30 34 35 +22,1,30,0
1122,5,3 4 11 23 29 31,3 6 21 30 34 35 +22,1,3,0
1122,6,6 11 23 24 25 45,3 6 21 30 34 35 +22,1,6,0
1122,7,22 26 29 34 39 40,3 6 21 30 34 35 +22,1,34,0
1122,8,6 20 21 32 39 40,3 6 21 30 34 35 +22,2,6 21,0
1122,9,16 23 27 29 36 44,3 6 21 30 34 35 +22,0,,0
1122,10,3 4 14 16 20 29,3 6 21 30 34 35 +22,1,3,0
1123,1,2 7 8 27 34 41,13 19 21 24 34 35 +26,1,34,0
1123,2,2 15 27 34 36 40,13 19 21 24 34 35 +26,1,34,0
1123,3,4 15 16 21 30 31,13 19 21 24 34 35 +26,1,21,0
1123,4,11 14 20 22 28 31,13 19 21 24 34 35 +26,0,,0
1123,5,11 15 27 38 39 40,13 19 21 24 34 35 +26,0,,0
1123,6,6 7 11 25 33 43,13 19 21 24 34 35 +26,0,,0
1123,7,11 21 27 28 30 32,13 19 21 24 34 35 +26,1,21,0
1123,8,1 17 20 23 27 38,13 19 21 24 34 35 +26,0,,0
1123,9,3 7 22 31 42 45,13 19 21 24 34 35 +26,0,,0
1123,10,3 7 13 18 19 40,13 19 21 24 34 35 +26,2,13 19,0
1124,1,20 29 35 41 44 45,3 8 17 30 33 34 +28,0,,0
1124,2,4 8 22 32 37 45,3 8 17 30 33 34 +28,1,8,0
1124,3,2 3 14 20 25 34,3 8 17 30 33 34 +28,2,3 34,0
1124,4,1 22 24 30 38 40,3 8 17 30 33 34 +28,1,30,0
1124,5,19 20 24 27 41 45,3 8 17 30 33 34 +28,0,,0
1124,6,3 10 16 24 27 30,3 8 17 30 33 34 +28,2,3 30,0
1124,7,1 6 7 18 35 42,3 8 17 30 33 34 +28,0,,0
1124,8,5 14 27 29 37 43,3 8 17 30 33 34 +28,0,,0
1124,9,8 17 25 34 38 40,3 8 17 30 33 34 +28,3,8 17 34,5
1124,10,7 8 10 13 18 45,3 8 17 30 33 34 +28,1,8,0
1125,1,2 4 10 20 37 39,6 14 25 33 40 44 +30,0,,0
1125,2,6 15 19 21 22 32,6 14 25 33 40 44 +30,1,6,0
1125,3,2 17 19 22 37 41,6 14 25 33 40 44 +30,0,,0
1125,4,6 8 24 34 40 41,6 14 25 33 40 44 +30,2,6 40,0
1125,5,4 16 19 22 31 41,6 14 25 33 40 44 +30,0,,0
1125,6,19 27 31 32 34 43,6 14 25 33 40 44 +30,0,,0
1125,7,4 10 34 35 36 41,6 14 25 33 40 44 +30,0,,0
1125,8,12 16 27 28 31 42,6 14 25 33 40 44 +30,0,,0
1125,9,12 13 14 29 33 36,6 14 25 33 40 44 +30,2,14 33,0
1125,10,7 20 26 38 40 43,6 14 25 33 40 44 +30,1,40,0
1126,1,10 27 33 37 44 45,4 5 9 11 37 40 +7,1,37,0
1126,2,10 12 21 27 28 41,4 5 9 11 37 40 +7,0,,0
1126,3,5 10 18 21 36 45,4 5 9 11 37 40 +7,1,5,0
1126,4,16 24 28 33 36 45,4 5 9 11 37 40 +7,0,,0
1126,5,4 5 6 26 39 42,4 5 9 11 37 40 +7,2,4 5,0
1126,6,10 17 21 22 29 39,4 5 9 11 37 40 +7,0,,0
1126,7,7 17 19 25 27 37,4 5 9 11 37 40 +7,1,37,0
1126,8,5 9 13 42 43 44,4 5 9 11 37 40 +7,2,5 9,0
1126,9,6 16 20 26 28 35,4 5 9 11 37 40 +7,0,,0
1126,10,10 15 16 28 44 45,4 5 9 11 37 40 +7,0,,0
1127,1,3 6 11 27 28 41,10 15 24 30 31 37 +32,0,,0
1127,2,4 5 22 29 33 39,10 15 24 30 31 37 +32,0,,0
1127,3,11 15 19 26 39 40,10 15 24 30 31 37 +32,1,15,0
1127,4,3 9 21 33 40 45,10 15 24 30 31 37 +32,0,,0
1127,5,1 7 9 17 42 45,10 15 24 30 31 37 +32,0,,0
1127,6,11 12 15 16 19 31,10 15 24 30 31 37 +32,2,15 31,0
1127,7,1 2 5 10 13 22,10 15 24 30 31 37 +32,1,10,0
1127,8,5 9 16 17 24 34,10 15 24 30 31 37 +32,1,24,0
1127,9,1 15 26 37 40 41,10 15 24 30 31 37 +32,2,15 37,0
1127,10,2 21 23 32 37 40,10 15 24 30 31 37 +32,1,37,0
1128,1,7 16 17 19 27 37,1 5 8 16 28 33 +45,1,16,0
1128,2,11 15 18 19 36 41,1 5 8 16 28 33 +45,0,,0
1128,3,1 6 28 30 38 42,1 5 8 16 28 33 +45,2,1 28,0
1128,4,7 10 21 23 30 39,1 5 8 16 28 33 +45,0,,0
1128,5,4 16 18 33 39 43,1 5 8 16 28 33 +45,2,16 33,0
1128,6,11 14 23 32 38 45,1 5 8 16 28 33 +45,0,,0
1128,7,27 28 32 35 40 42,1 5 8 16 28 33 +45,1,28,0
1128,8,1 3 5 30 36 37,1 5 8 16 28 33 +45,2,1 5,0
1128,9,1 2 3 9 33 41,1 5 8 16 28 33 +45,2,1 33,0
1128,10,3 7 11 24 29 44,1 5 8 16 28 33 +45,0,,0
1129,1,4 15 18 27 37 44,5 10 11 17 28 34 +22,0,,0
1129,2,7 16 21 25 35 42,5 10 11 17 28 34 +22,0,,0
1129,3,1 2 9 18 27 31,5 10 11 17 28 34 +22,0,,0
1129,4,4 9 26 36 37 39,5 10 11 17 28 34 +22,0,,0
1129,5,1 7 19 24 38 39,5 10 11 17 28 34 +22,0,,0
1129,6,10 17 20 25 29 35,5 10 11 17 28 34 +22,2,10 17,0
1129,7,11 29 31 32 36 37,5 10 11 17 28 34 +22,1,11,0
1129,8,1 12 16 19 30 39,5 10 11 17 28 34 +22,0,,0
1129,9,5 12 17 25 40 43,5 10 11 17 28 34 +22,2,5 17,0
1129,10,3 13 17 18 35 44,5 10 11 17 28 34 +22,1,17,0
1130,1,4 21 28 31 34 36,15 19 21 25 27 28 +40,2,21 28,0
1130,2,9 22 23 27 33 39,15 19 21 25 27 28 +40,1,27,0
1130,3,4 20 22 30 31 42,15 19 21 25 27 28 +40,0,,0
1130,4,15 19 32 36 38 43,15 19 21 25 27 28 +40,2,15 19,0
1130,5,4 9 30 31 39 45,15 19 21 25 27 28 +40,0,,0
1130,6,2 9 10 24 34 43,15 19 21 25 27 28 +40,0,,0
1130,7,3 19 21 35 36 41,15 19 21 25 27 28 +40,2,19 21,0
1130,8,6 13 17 18 34 42,15 19 21 25 27 28 +40,0,,0
1130,9,7 19 24 36 41 45,15 19 21 25 27 28 +40,1,19,0
1130,10,4 13 15 22 30 37,15 19 21 25 27 28 +40,1,15,0
1131,1,8 25 26 38 41 44,1 2 6 14 27 38 +33,1,38,0
1131,2,1 6 7 20 37 43,1 2 6 14 27 38 +33,2,1 6,0
1131,3,9 12 20 21 27 29,1 2 6 14 27 38 +33,1,27,0
1131,4,12 19 30 35 41 43,1 2 6 14 27 38 +33,0,,0
1131,5,1 2 26 31 32 43,1 2 6 14 27 38 +33,2,1 2,0
1131,6,6 24 29 33 37 44,1 2 6 14 27 38 +33,1,6,0
1131,7,12 18 23 27 33 44,1 2 6 14 27 38 +33,1,27,0
1131,8,22 27 29 36 43 44,1 2 6 14 27 38 +33,1,27,0
1131,9,13 18 34 39 41 43,1 2 6 14 27 38 +33,0,,0
1131,10,8 9 14 21 40 45,1 2 6 14 27 38 +33,1,14,0
1132,1,1 5 20 27 37 40,6 7 19 28 34 41 +5,0,,0
1132,2,5 6 16 30 31 32,6 7 19 28 34 41 +5,1,6,0
1132,3,7 12 26 34 40 45,6 7 19 28 34 41 +5,2,7 34,0
1132,4,3 5 11 15 29 37,6 7 19 28 34 41 +5,0,,0
1132,5,3 4 28 29 30 33,6 7 19 28 34 41 +5,1,28,0
1132,6,2 12 14 29 35 39,6 7 19 28 34 41 +5,0,,0
1132,7,1 7 24 25 31 40,6 7 19 28 34 41 +5,1,7,0
1132,8,3 5 6 28 36 38,6 7 19 28 34 41 +5,2,6 28,0
1132,9,2 3 34 36 41 44,6 7 19 28 34 41 +5,2,34 41,0
1132,10,4 12 14 28 30 35,6 7 19 28 34 41 +5,1,28,0
1133,1,7 16 19 25 37 42,13 14 20 28 29 34 +23,0,,0
1133,2,7 8 12 16 25 36,13 14 20 28 29 34 +23,0,,0
1133,3,2 10 15 35 36 40,13 14 20 28 29 34 +23,0,,0
1133,4,6 9 29 37 40 41,13 14 20 28 29 34 +23,1,29,0
1133,5,7 18 30 34 36 44,13 14 20 28 29 34 +23,1,34,0
1133,6,3 8 21 22 29 45,13 14 20 28 29 34 +23,1,29,0
1133,7,10 15 19 34 38 43,13 14 20 28 29 34 +23,1,34,0
1133,8,12 26 31 34 36 38,13 14 20 28 29 34 +23,1,34,0
1133,9,10 16 22 32 33 42,13 14 20 28 29 34 +23,0,,0
1133,10,6 9 11 15 26 33,13 14 20 28 29 34 +23,0,,0
1134,1,11 17 19 30 36 39,3 7 9 13 19 24 +23,1,19,0
1134,2,1 2 8 12 16 43,3 7 9 13 19 24 +23,0,,0
1134,3,6 9 19 27 39 44,3 7 9 13 19 24 +23,2,9 19,0
1134,4,2 16 34 37 40 44,3 7 9 13 19 24 +23,0,,0
1134,5,14 16 18 26 40 45,3 7 9 13 19 24 +23,0,,0
1134,6,14 16 24 30 34 35,3 7 9 13 19 24 +23,1,24,0
1134,7,21 34 35 37 43 44,3 7 9 13 19 24 +23,0,,0
1134,8,3 11 15 21 29 35,3 7 9 13 19 24 +23,1,3,0
1134,9,2 17 21 30 41 45,3 7 9 13 19 24 +23,0,,0
1134,10,3 19 28 34 35 38,3 7 9 13 19 24 +23,2,3 19,0
1135,1,3 29 39 41 43 45,1 6 13 19 21 33 +4,0,,0
1135,2,4 7 8 24 31 40,1 6 13 19 21 33 +4,0,,0
1135,3,4 14 20 21 26 43,1 6 13 19 21 33 +4,1,21,0
1135,4,5 7 10 21 41 43,1 6 13 19 21 33 +4,1,21,0
1135,5,6 24 25 27 31 34,1 6 13 19 21 33 +4,1,6,0
1135,6,9 15 17 21 36 45,1 6 13 19 21 33 +4,1,21,0
1135,7,10 30 32 37 41 43,1 6 13 19 21 33 +4,0,,0
1135,8,20 23 26 27 33 37,1 6 13 19 21 33 +4,1,33,0
1135,9,8 17 18 19 37 43,1 6 13 19 21 33 +4,1,19,0
1135,10,6 24 25 28 30 42,1 6 13 19 21 33 +4,1,6,0
1136,1,3 5 14 24 36 38,21 33 35 38 42 44 +1,1,38,0
1136,2,13 17 20 24 32 43,21 33 35 38 42 44 +1,0,,0
1136,3,5 8 9 29 37 41,21 33 35 38 42 44 +1,0,,0
1136,4,5 7 21 33 36 40,21 33 35 38 42 44 +1,2,21 33,0
1136,5,5 8 11 15 21 40,21 33 35 38 42 44 +1,1,21,0
1136,6,13 19 28 30 40 41,21 33 35 38 42 44 +1,0,,0
1136,7,4 10 13 15 28 30,21 33 35 38 42 44 +1,0,,0
1136,8,6 7 10 14 20 21,21 33 35 38 42 44 +1,1,21,0
1136,9,2 4 10 21 42 43,21 33 35 38 42 44 +1,2,21 42,0
1136,10,9 12 28 30 32 37,21 33 35 38 42 44 +1,0,,0
1137,1,5 10 18 23 36 41,4 9 12 15 33 45 +26,0,,0
1137,2,6 10 11 20 33 34,4 9 12 15 33 45 +26,1,33,0
1137,3,18 30 32 38 42 44,4 9 12 15 33 45 +26,0,,0
1137,4,5 6 10 17 19 38,4 9 12 15 33 45 +26,0,,0
1137,5,4 6 15 16 17 34,4 9 12 15 33 45 +26,2,4 15,0
1137,6,7 11 18 19 30 39,4 9 12 15 33 45 +26,0,,0
1137,7,2 7 26 37 43 44,4 9 12 15 33 45 +26,0,,0
1137,8,1 17 19 26 36 45,4 9 12 15 33 45 +26,1,45,0
1137,9,20 27 30 40 44 45,4 9 12 15 33 45 +26,1,45,0
1137,10,19 23 33 35 39 43,4 9 12 15 33 45 +26,1,33,0
1138,1,8 14 21 23 39 45,14 16 19 20 29 34 +35,1,14,0
1138,2,3 4 16 21 29 43,14 16 19 20 29 34 +35,2,16 29,0
1138,3,8 9 12 35 38 45,14 16 19 20 29 34 +35,0,,0
1138,4,10 14 18 22 27 41,14 16 19 20 29 34 +35,1,14,0
1138,5,14 20 22 26 37 39,14 16 19 20 29 34 +35,2,14 20,0
1138,6,1 2 17 20 31 33,14 16 19 20 29 34 +35,1,20,0
1138,7,4 21 23 37 41 44,14 16 19 20 29 34 +35,0,,0
1138,8,4 6 13 17 36 43,14 16 19 20 29 34 +35,0,,0
1138,9,9 11 16 24 38 45,14 16 19 20 29 34 +35,1,16,0
1138,10,12 24 25 35 37 44,14 16 19 20 29 34 +35,0,,0
1139,1,1 8 14 15 32 38,5 12 15 30 37 40 +18,1,15,0
1139,2,10 14 16 18 26 41,5 12 15 30 37 40 +18,0,,0
1139,3,7 23 36 37 42 45,5 12 15 30 37 40 +18,1,37,0
1139,4,4 8 10 19 30 32,5 12 15 30 37 40 +18,1,30,0
1139,5,2 6 9 19 33 35,5 12 15 30 37 40 +18,0,,0
1139,6,17 21 24 29 30 45,5 12 15 30 37 40 +18,1,30,0
1139,7,12 13 26 31 35 44,5 12 15 30 37 40 +18,1,12,0
1139,8,6 14 31 39 42 44,5 12 15 30 37 40 +18,0,,0
1139,9,8 13 19 24 26 34,5 12 15 30 37 40 +18,0,,0
1139,10,4 8 15 28 33 37,5 12 15 30 37 40 +18,2,15 37,0
1140,1,7 24 26 35 44 45,7 10 22 29 31 38 +15,1,7,0
1140,2,10 22 34 39 41 45,7 10 22 29 31 38 +15,2,10 22,0
1140,3,17 18 29 32 36 45,7 10 22 29 31 38 +15,1,29,0
1140,4,1 4 7 25 29 42,7 10 22 29 31 38 +15,2,7 29,0
1140,5,3 5 15 28 40 42,7 10 22 29 31 38 +15,0,,0
1140,6,3 5 10 25 29 34,7 10 22 29 31 38 +15,2,10 29,0
1140,7,8 13 15 37 38 40,7 10 22 29 31 38 +15,1,38,0
1140,8,2 13 15 21 24 32,7 10 22 29 31 38 +15,0,,0
1140,9,12 21 28 29 36 41,7 10 22 29 31 38 +15,1,29,0
1140,10,1 3 4 16 17 26,7 10 22 29 31 38 +15,0,,0
1141,1,11 24 37 43 44 45,7 11 12 21 26 35 +20,1,11,0
1141,2,1 6 29 36 41 45,7 11 12 21 26 35 +20,0,,0
1141,3,3 12 21 29 39 44,7 11 12 21 26 35 +20,2,12 21,0
1141,4,2 4 10 25 26 34,7 11 12 21 26 35 +20,1,26,0
1141,5,12 14 21 22 28 33,7 11 12 21 26 35 +20,2,12 21,0
1141,6,2 9 11 13 32 35,7 11 12 21 26 35 +20,2,11 35,0
1141,7,2 4 11 12 22 36,7 11 12 21 26 35 +20,2,11 12,0
1141,8,4 6 22 28 31 41,7 11 12 21 26 35 +20,0,,0
1141,9,1 11 17 19 27 34,7 11 12 21 26 35 +20,1,11,0
1141,10,1 14 23 27 30 36,7 11 12 21 26 35 +20,0,,0
1142,1,12 21 27 33 36 41,2 8 28 30 37 41 +22,1,41,0
1142,2,5 7 11 21 26 31,2 8 28 30 37 41 +22,0,,0
1142,3,6 21 41 42 43 45,2 8 28 30 37 41 +22,1,41,0
1142,4,7 10 16 21 23 30,2 8 28 30 37 41 +22,1,30,0
1142,5,3 22 25 27 36 40,2 8 28 30 37 41 +22,0,,0
1142,6,3 4 13 18 25 40,2 8 28 30 37 41 +22,0,,0
1142,7,2 11 13 14 35 43,2 8 28 30 37 41 +22,1,2,0
1142,8,1 20 29 39 40 43,2 8 28 30 37 41 +22,0,,0
1142,9,13 17 30 33 43 45,2 8 28 30 37 41 +22,1,30,0
1142,10,8 9 36 37 40 44,2 8 28 30 37 41 +22,2,8 37,0
1143,1,2 9 11 16 26 27,10 16 17 27 28 36 +6,2,16 27,0
1143,2,14 17 18 27 34 39,10 16 17 27 28 36 +6,2,17 27,0
1143,3,7 8 24 30 33 44,10 16 17 27 28 36 +6,0,,0
1143,4,9 18 29 30 34 37,10 16 17 27 28 36 +6,0,,0
1143,5,5 10 20 35 36 40,10 16 17 27 28 36 +6,2,10 36,0
1143,6,6 10 27 30 35 40,10 16 17 27 28 36 +6,2,10 27,0
1143,7,4 13 22 31 33 40,10 16 17 27 28 36 +6,0,,0
1143,8,20 34 38 42 43 45,10 16 17 27 28 36 +6,0,,0
1143,9,11 17 25 27 28 34,10 16 17 27 28 36 +6,3,17 27 28,5
1143,10,13 17 29 41 43 44,10 16 17 27 28 36 +6,1,17,0
1144,1,1 8 25 27 31 40,3 4 12 15 26 34 +6,0,,0
1144,2,11 14 28 35 39 45,3 4 12 15 26 34 +6,0,,0
1144,3,5 22 24 32 34 44,3 4 12 15 26 34 +6,1,34,0
1144,4,12 29 36 38 43 45,3 4 12 15 26 34 +6,1,12,0
1144,5,11 18 25 29 30 35,3 4 12 15 26 34 +6,0,,0
1144,6,4 23 41 42 43 44,3 4 12 15 26 34 +6,1,4,0
1144,7,10 21 23 31 32 36,3 4 12 15 26 34 +6,0,,0
1144,8,13 14 18 23 37 43,3 4 12 15 26 34 +6,0,,0
1144,9,9 17 21 38 39 40,3 4 12 15 26 34 +6,0,,0
1144,10,1 12 14 17 22 26,3 4 12 15 26 34 +6,2,12 26,0
1145,1,9 11 17 24 38 39,2 11 31 33 37 44 +32,1,11,0
1145,2,16 21 33 35 40 45,2 11 31 33 37 44 +32,1,33,0
1145,3,1 2 26 34 40 44,2 11 31 33 37 44 +32,2,2 44,0
1145,4,2 16 19 22 30 44,2 11 31 33 37 44 +32,2,2 44,0
1145,5,2 7 9 22 23 25,2 11 31 33 37 44 +32,1,2,0
1145,6,8 14 16 21 28 38,2 11 31 33 37 44 +32,0,,0
1145,7,14 15 20 30 31 34,2 11 31 33 37 44 +32,1,31,0
1145,8,4 12 21 23 28 35,2 11 31 33 37 44 +32,0,,0
1145,9,6 11 14 16 17 41,2 11 31 33 37 44 +32,1,11,0
1145,10,1 5 11 12 35 38,2 11 31 33 37 44 +32,1,11,0
1146,1,12 14 15 24 25 34,6 11 17 19 40 43 +28,0,,0
1146,2,3 9 22 30 38 39,6 11 17 19 40 43 +28,0,,0
1146,3,13 17 19 22 30 43,6 11 17 19 40 43 +28,3,17 19 43,5
1146,4,7 19 22 24 31 41,6 11 17 19 40 43 +28,1,19,0
1146,5,1 6 15 17 19 27,6 11 17 19 40 43 +28,3,6 17 19,5
1146,6,11 12 23 26 38 42,6 11 17 19 40 43 +28,1,11,0
1146,7,3 5 32 33 36 44,6 11 17 19 40 43 +28,0,,0
1146,8,1 14 17 21 35 42,6 11 17 19 40 43 +28,1,17,0
1146,9,11 15 16 22 25 42,6 11 17 19 40 43 +28,1,11,0
1146,10,2 9 13 14 27 36,6 11 17 19 40 43 +28,0,,0
1147,1,2 6 12 14 16 21,7 11 24 26 27 37 +32,0,,0
1147,2,5 8 12 19 27 41,7 11 24 26 27 37 +32,1,27,0
1147,3,13 14 34 35 39 45,7 11 24 26 27 37 +32,0,,0
1147,4,6 14 16 19 26 29,7 11 24 26 27 37 +32,1,26,0
1147,5,2 12 16 20 43 45,7 11 24 26 27 37 +32,0,,0
1147,6,6 22 24 25 26 29,7 11 24 26 27 37 +32,2,24 26,0
1147,7,5 11 21 31 33 40,7 11 24 26 27 37 +32,1,11,0
1147,8,2 6 7 12 15 43,7 11 24 26 27 37 +32,1,7,0
1147,9,10 11 26 29 37 40,7 11 24 26 27 37 +32,3,11 26 37,5
1147,10,8 30 36 42 43 44,7 11 24 26 27 37 +32,0,,0
1148,1,8 22 23 24 25 30,3 6 13 15 16 22 +32,1,22,0
1148,2,1 9 26 29 36 39,3 6 13 15 16 22 +32,0,,0
1148,3,2 4 7 13 26 41,3 6 13 15 16 22 +32,1,13,0
1148,4,11 20 25 29 39 44,3 6 13 15 16 22 +32,0,,0
1148,5,4 11 21 38 42 44,3 6 13 15 16 22 +32,0,,0
1148,6,2 13 15 22 30 42,3 6 13 15 16 22 +32,3,13 15 22,5
1148,7,4 10 14 30 32 45,3 6 13 15 16 22 +32,0,,0
1148,8,9 15 26 36 38 39,3 6 13 15 16 22 +32,1,15,0
1148,9,13 15 23 34 37 44,3 6 13 15 16 22 +32,2,13 15,0
1148,10,16 18 23 30 36 44,3 6 13 15 16 22 +32,1,16,0
1149,1,2 5 15 27 32 36,8 15 19 21 32 36 +38,3,15 32 36,5
1149,2,4 15 19 20 22 45,8 15 19 21 32 36 +38,2,15 19,0
1149,3,6 8 13 17 26 45,8 15 19 21 32 36 +38,1,8,0
1149,4,4 7 9 20 42 43,8 15 19 21 32 36 +38,0,,0
1149,5,1 13 26 30 38 41,8 15 19 21 32 36 +38,0,,0
1149,6,19 26 32 36 41 42,8 15 19 21 32 36 +38,3,19 32 36,5
1149,7,8 9 10 23 37 44,8 15 19 21 32 36 +38,1,8,0
1149,8,1 4 10 13 24 27,8 15 19 21 32 36 +38,0,,0
1149,9,2 5 18 28 30 32,8 15 19 21 32 36 +38,1,32,0
1149,10,14 17 29 35 39 40,8 15 19 21 32 36 +38,0,,0
1150,1,6 8 31 32 33 34,8 9 18 35 39 45 +25,1,8,0
1150,2,11 14 16 18 28 33,8 9 18 35 39 45 +25,1,18,0
1150,3,1 2 11 26 28 34,8 9 18 35 39 45 +25,0,,0
1150,4,21 22 26 35 44 45,8 9 18 35 39 45 +25,2,35 45,0
1150,5,4 9 24 30 32 36,8 9 18 35 39 45 +25,1,9,0
1150,6,5 7 10 23 26 43,8 9 18 35 39 45 +25,0,,0
1150,7,7 12 17 21 33 40,8 9 18 35 39 45 +25,0,,0
1150,8,2 3 8 11 13 41,8 9 18 35 39 45 +25,1,8,0
1150,9,7 23 25 29 35 36,8 9 18 35 39 45 +25,1,35,0
1150,10,2 6 24 34 36 38,8 9 18 35 39 45 +25,0,,0
1151,1,35 36 37 38 40 45,2 3 9 15 27 29 +8,0,,0
1151,2,2 15 18 24 25 39,2 3 9 15 27 29 +8,2,2 15,0
1151,3,5 15 28 30 38 42,2 3 9 15 27 29 +8,1,15,0
1151,4,2 22 33 36 37 43,2 3 9 15 27 29 +8,1,2,0
1151,5,12 16 22 30 34 40,2 3 9 15 27 29 +8,0,,0
1151,6,14 23 30 33 42 44,2 3 9 15 27 29 +8,0,,0
1151,7,16 17 29 34 36 37,2 3 9 15 27 29 +8,1,29,0
1151,8,11 12 13 14 24 25,2 3 9 15 27 29 +8,0,,0
1151,9,4 11 20 23 26 29,2 3 9 15 27 29 +8,1,29,0
1151,10,13 19 26 31 32 35,2 3 9 15 27 29 +8,0,,0
1152,1,1 2 15 23 27 32,30 31 32 35 36 37 +5,1,32,0
1152,2,6 7 19 25 33 36,30 31 32 35 36 37 +5,1,36,0
1152,3,7 8 23 24 33 45,30 31 32 35 36 37 +5,0,,0
1152,4,3 7 22 35 37 38,30 31 32 35 36 37 +5,2,35 37,0
1152,5,5 9 11 16 32 35,30 31 32 35 36 37 +5,2,32 35,0
1152,6,1 7 22 24 30 42,30 31 32 35 36 37 +5,1,30,0
1152,7,6 11 27 31 37 42,30 31 32 35 36 37 +5,2,31 37,0
1152,8,2 3 5 24 30 44,30 31 32 35 36 37 +5,1,30,0
1152,9,8 13 25 26 31 36,30 31 32 35 36 37 +5,2,31 36,0
1152,10,3 16 20 33 39 42,30 31 32 35 36 37 +5,0,,0
1153,1,4 8 22 33 43 44,1 9 10 13 35 44 +5,1,44,0
1153,2,2 17 23 28 38 43,1 9 10 13 35 44 +5,0,,0
1153,3,5 14 24 33 37 38,1 9 10 13 35 44 +5,0,,0
1153,4,6 8 12 18 22 43,1 9 10 13 35 44 +5,0,,0
1153,5,3 15 22 35 38 43,1 9 10 13 35 44 +5,1,35,0
1153,6,4 19 25 36 41 45,1 9 10 13 35 44 +5,0,,0
1153,7,4 14 36 37 39 43,1 9 10 13 35 44 +5,0,,0
1153,8,1 11 22 28 37 42,1 9 10 13 35 44 +5,1,1,0
1153,9,1 7 15 31 33 37,1 9 10 13 35 44 +5,1,1,0
1153,10,7 14 17 27 28 34,1 9 10 13 35 44 +5,0,,0
1154,1,4 5 7 20 31 34,4 8 22 26 32 38 +27,1,4,0
1154,2,3 7 24 32 35 43,4 8 22 26 32 38 +27,1,32,0
1154,3,15 25 28 42 43 44,4 8 22 26 32 38 +27,0,,0
1154,4,5 19 31 32 34 42,4 8 22 26 32 38 +27,1,32,0
1154,5,3 20 25 29 40 45,4 8 22 26 32 38 +27,0,,0
1154,6,5 17 18 27 29 32,4 8 22 26 32 38 +27,1,32,0
1154,7,12 17 24 27 29 44,4 8 22 26 32 38 +27,0,,0
1154,8,4 11 20 24 32 41,4 8 22 26 32 38 +27,2,4 32,0
1154,9,7 19 24 29 32 37,4 8 22 26 32 38 +27,1,32,0
1154,10,17 20 25 29 33 45,4 8 22 26 32 38 +27,0,,0
1155,1,19 27 33 36 38 39,10 16 19 27 37 38 +13,3,19 27 38,5
1155,2,7 11 21 22 24 26,10 16 19 27 37 38 +13,0,,0
1155,3,5 6 15 25 28 32,10 16 19 27 37 38 +13,0,,0
1155,4,3 11 24 28 32 42,10 16 19 27 37 38 +13,0,,0
1155,5,1 5 14 21 26 31,10 16 19 27 37 38 +13,0,,0
1155,6,3 26 27 32 34 39,10 16 19 27 37 38 +13,1,27,0
1155,7,4 17 22 29 32 35,10 16 19 27 37 38 +13,0,,0
1155,8,15 24 25 30 41 42,10 16 19 27 37 38 +13,0,,0
1155,9,6 12 19 40 41 45,10 16 19 27 37 38 +13,1,19,0
1155,10,6 34 38 41 42 44,10 16 19 27 37 38 +13,1,38,0
1156,1,7 8 10 25 36 37,30 31 34 39 41 45 +7,0,,0
1156,2,1 4 8 19 21 30,30 31 34 39 41 45 +7,1,30,0
1156,3,10 12 20 26 27 33,30 31 34 39 41 45 +7,0,,0
1156,4,3 16 22 28 40 42,30 31 34 39 41 45 +7,0,,0
1156,5,2 5 13 18 24 34,30 31 34 39 41 45 +7,1,34,0
1156,6,2 11 29 37 43 44,30 31 34 39 41 45 +7,0,,0
1156,7,9 12 20 29 31 41,30 31 34 39 41 45 +7,2,31 41,0
1156,8,11 17 19 27 33 37,30 31 34 39 41 45 +7,0,,0
1156,9,5 8 25 31 32 44,30 31 34 39 41 45 +7,1,31,0
1156,10,5 14 16 22 26 30,30 31 34 39 41 45 +7,1,30,0
1157,1,2 4 27 34 37 45,5 7 12 20 25 26 +28,0,,0
1157,2,8 23 24 30 40 44,5 7 12 20 25 26 +28,0,,0
1157,3,3 18 34 36 38 44,5 7 12 20 25 26 +28,0,,0
1157,4,1 16 27 31 35 40,5 7 12 20 25 26 +28,0,,0
1157,5,8 9 17 39 44 45,5 7 12 20 25 26 +28,0,,0
1157,6,15 18 30 32 37 41,5 7 12 20 25 26 +28,0,,0
1157,7,3 7 11 16 26 34,5 7 12 20 25 26 +28,2,7 26,0
1157,8,29 34 38 39 44 45,5 7 12 20 25 26 +28,0,,0
1157,9,15 17 26 32 38 44,5 7 12 20 25 26 +28,1,26,0
1157,10,15 20 22 26 30 32,5 7 12 20 25 26 +28,2,20 26,0
1158,1,2 11 22 30 39 42,21 25 27 32 37 38 +20,0,,0
1158,2,2 4 10 12 16 45,21 25 27 32 37 38 +20,0,,0
1158,3,6 10 20 29 31 32,21 25 27 32 37 38 +20,1,32,0
1158,4,10 12 21 32 37 38,21 25 27 32 37 38 +20,4,21 32 37 38,4
1158,5,2 16 25 33 41 44,21 25 27 32 37 38 +20,1,25,0
1158,6,5 6 20 24 26 36,21 25 27 32 37 38 +20,0,,0
1158,7,2 6 13 16 24 40,21 25 27 32 37 38 +20,0,,0
1158,8,9 28 29 31 33 44,21 25 27 32 37 38 +20,0,,0
1158,9,12 15 20 24 31 39,21 25 27 32 37 38 +20,0,,0
1158,10,1 2 16 18 28 44,21 25 27 32 37 38 +20,0,,0
1159,1,12 15 30 31 34 44,3 9 27 28 38 39 +7,0,,0
1159,2,9 10 11 16 32 45,3 9 27 28 38 39 +7,1,9,0
1159,3,14 21 25 30 41 45,3 9 27 28 38 39 +7,0,,0
1159,4,1 2 13 17 26 37,3 9 27 28 38 39 +7,0,,0
1159,5,7 10 12 26 32 37,3 9 27 28 38 39 +7,0,,0
1159,6,2 3 5 11 16 32,3 9 27 28 38 39 +7,1,3,0
1159,7,15 17 19 26 33 42,3 9 27 28 38 39 +7,0,,0
1159,8,6 12 29 38 42 43,3 9 27 28 38 39 +7,1,38,0
1159,9,2 6 20 22 27 31,3 9 27 28 38 39 +7,1,27,0
1159,10,3 9 16 20 29 40,3 9 27 28 38 39 +7,2,3 9,0
1160,1,18 19 30 31 38 42,7 13 18 36 39 45 +19,1,18,0
1160,2,10 18 23 31 36 39,7 13 18 36 39 45 +19,3,18 36 39,5
1160,3,12 19 21 28 34 42,7 13 18 36 39 45 +19,0,,0
1160,4,1 5 9 12 15 35,7 13 18 36 39 45 +19,0,,0
1160,5,5 8 25 28 29 40,7 13 18 36 39 45 +19,0,,0
1160,6,8 31 37 38 39 42,7 13 18 36 39 45 +19,1,39,0
1160,7,1 6 7 13 14 39,7 13 18 36 39 45 +19,3,7 13 39,5
1160,8,4 11 12 23 35 40,7 13 18 36 39 45 +19,0,,0
1160,9,9 15 16 17 25 29,7 13 18 36 39 45 +19,0,,0
1160,10,11 26 35 39 40 42,7 13 18 36 39 45 +19,1,39,0
1161,1,6 23 26 29 31 40,2 12 20 24 34 42 +37,0,,0
1161,2,4 12 13 19 32 42,2 12 20 24 34 42 +37,2,12 42,0
1161,3,7 8 14 20 26 35,2 12 20 24 34 42 +37,1,20,0
1161,4,8 14 32 33 39 44,2 12 20 24 34 42 +37,0,,0
1161,5,8 14 28 35 42 45,2 12 20 24 34 42 +37,1,42,0
1161,6,2 14 17 20 41 44,2 12 20 24 34 42 +37,2,2 20,0
1161,7,2 19 20 28 29 32,2 12 20 24 34 42 +37,2,2 20,0
1161,8,1 3 6 28 30 45,2 12 20 24 34 42 +37,0,,0
1161,9,3 11 18 27 38 42,2 12 20 24 34 42 +37,1,42,0
1161,10,10 12 15 16 37 43,2 12 20 24 34 42 +37,1,12,0
1162,1,15 21 24 26 40 42,20 21 22 25 28 29 +6,1,21,0
1162,2,1 21 36 39 40 44,20 21 22 25 28 29 +6,1,21,0
1162,3,3 8 34 35 39 44,20 21 22 25 28 29 +6,0,,0
1162,4,3 15 21 32 35 44,20 21 22 25 28 29 +6,1,21,0
1162,5,14 19 24 37 43 45,20 21 22 25 28 29 +6,0,,0
1162,6,1 3 20 22 24 31,20 21 22 25 28 29 +6,2,20 22,0
1162,7,1 17 18 29 37 39,20 21 22 25 28 29 +6,1,29,0
1162,8,5 13 16 25 36 37,20 21 22 25 28 29 +6,1,25,0
1162,9,9 16 22 25 30 42,20 21 22 25 28 29 +6,2,22 25,0
1162,10,18 22 29 30 32 37,20 21 22 25 28 29 +6,2,22 29,0
1163,1,3 14 29 31 37 39,2 13 15 16 33 43 +4,0,,0
1163,2,1 5 7 11 15 21,2 13 15 16 33 43 +4,1,15,0
1163,3,3 8 10 21 37 45,2 13 15 16 33 43 +4,0,,0
1163,4,19 22 27 28 31 32,2 13 15 16 33 43 +4,0,,0
1163,5,1 7 17 37 39 45,2 13 15 16 33 43 +4,0,,0
1163,6,1 2 4 7 10 35,2 13 15 16 33 43 +4,1,2,0
1163,7,4 6 11 12 29 35,2 13 15 16 33 43 +4,0,,0
1163,8,11 27 34 38 39 40,2 13 15 16 33 43 +4,0,,0
1163,9,3 25 27 29 38 41,2 13 15 16 33 43 +4,0,,0
1163,10,10 18 23 31 34 40,2 13 15 16 33 43 +4,0,,0
1164,1,3 7 28 31 42 43,17 18 23 25 38 39 +22,0,,0
1164,2,12 13 17 21 25 39,17 18 23 25 38 39 +22,3,17 25 39,5
1164,3,11 14 18 24 34 44,17 18 23 25 38 39 +22,1,18,0
1164,4,1 10 13 15 25 31,17 18 23 25 38 39 +22,1,25,0
1164,5,8 12 26 39 41 44,17 18 23 25 38 39 +22,1,39,0
1164,6,8 11 15 23 33 39,17 18 23 25 38 39 +22,2,23 39,0
1164,7,4 8 19 23 36 38,17 18 23 25 38 39 +22,2,23 38,0
1164,8,9 14 17 24 25 43,17 18 23 25 38 39 +22,2,17 25,0
1164,9,1 2 9 20 29 36,17 18 23 25 38 39 +22,0,,0
1164,10,4 8 10 24 34 36,17 18 23 25 38 39 +22,0,,0
1165,1,10 19 23 34 36 45,6 7 27 29 38 45 +17,1,45,0
1165,2,9 14 16 25 40 44,6 7 27 29 38 45 +17,0,,0
1165,3,10 13 17 26 33 34,6 7 27 29 38 45 +17,0,,0
1165,4,2 8 13 33 40 41,6 7 27 29 38 45 +17,0,,0
1165,5,1 12 21 27 28 30,6 7 27 29 38 45 +17,1,27,0
1165,6,4 11 15 18 38 42,6 7 27 29 38 45 +17,1,38,0
1165,7,7 23 33 36 38 41,6 7 27 29 38 45 +17,2,7 38,0
1165,8,2 13 26 30 38 43,6 7 27 29 38 45 +17,1,38,0
1165,9,7 11 12 34 35 37,6 7 27 29 38 45 +17,1,7,0
1165,10,28 30 38 40 41 44,6 7 27 29 38 45 +17,1,38,0
1166,1,3 4 7 10 18 23,14 23 25 27 29 42 +16,1,23,0
1166,2,3 8 11 31 33 43,14 23 25 27 29 42 +16,0,,0
1166,3,11 30 34 37 40 42,14 23 25 27 29 42 +16,1,42,0
1166,4,8 13 17 36 38 40,14 23 25 27 29 42 +16,0,,0
1166,5,5 11 27 28 31 41,14 23 25 27 29 42 +16,1,27,0
1166,6,2 3 17 29 36 39,14 23 25 27 29 42 +16,1,29,0
1166,7,5 14 36 37 41 45,14 23 25 27 29 42 +16,1,14,0
1166,8,8 9 18 19 21 41,14 23 25 27 29 42 +16,0,,0
1166,9,1 3 12 23 38 39,14 23 25 27 29 42 +16,1,23,0
1166,10,2 16 19 20 27 29,14 23 25 27 29 42 +16,2,27 29,0
1167,1,9 20 23 24 28 43,8 23 31 35 39 40 +24,1,23,0
1167,2,4 14 32 33 37 38,8 23 31 35 39 40 +24,0,,0
1167,3,6 12 16 36 42 43,8 23 31 35 39 40 +24,0,,0
1167,4,15 23 29 35 36 37,8 23 31 35 39 40 +24,2,23 35,0
1167,5,13 15 20 26 30 33,8 23 31 35 39 40 +24,0,,0
1167,6,14 17 20 23 25 28,8 23 31 35 39 40 +24,1,23,0
1167,7,5 16 29 31 40 41,8 23 31 35 39 40 +24,2,31 40,0
1167,8,4 13 21 27 30 32,8 23 31 35 39 40 +24,0,,0
1167,9,9 12 18 33 39 42,8 23 31 35 39 40 +24,1,39,0
1167,10,10 14 17 34 38 42,8 23 31 35 39 40 +24,0,,0
1168,1,9 10 14 15 23 28,9 21 24 30 33 37 +29,1,9,0
1168,2,4 20 21 23 27 40,9 21 24 30 33 37 +29,1,21,0
1168,3,5 8 11 17 27 28,9 21 24 30 33 37 +29,0,,0
1168,4,8 9 13 30 42 45,9 21 24 30 33 37 +29,2,9 30,0
1168,5,2 4 25 29 41 42,9 21 24 30 33 37 +29,0,,0
1168,6,15 16 18 21 27 35,9 21 24 30 33 37 +29,1,21,0
1168,7,3 11 15 17 26 28,9 21 24 30 33 37 +29,0,,0
1168,8,1 16 17 35 40 41,9 21 24 30 33 37 +29,0,,0
1168,9,7 18 21 34 35 45,9 21 24 30 33 37 +29,1,21,0
1168,10,1 12 17 26 37 44,9 21 24 30 33 37 +29,1,37,0
1169,1,1 2 30 33 36 37,5 12 24 26 39 42 +20,0,,0
1169,2,3 16 17 18 28 35,5 12 24 26 39 42 +20,0,,0
1169,3,1 4 13 26 37 41,5 12 24 26 39 42 +20,1,26,0
1169,4,2 10 21 27 31 40,5 12 24 26 39 42 +20,0,,0
1169,5,2 4 22 23 36 38,5 12 24 26 39 42 +20,0,,0
1169,6,4 9 15 23 33 36,5 12 24 26 39 42 +20,0,,0
1169,7,3 8 9 30 35 44,5 12 24 26 39 42 +20,0,,0
1169,8,3 6 17 31 38 41,5 12 24 26 39 42 +20,0,,0
1169,9,7 9 14 21 40 41,5 12 24 26 39 42 +20,0,,0
1169,10,1 11 12 24 40 43,5 12 24 26 39 42 +20,2,12 24,0
1170,1,4 9 28 36 39 42,3 13 28 34 38 42 +25,2,28 42,0
1170,2,10 13 26 32 37 38,3 13 28 34 38 42 +25,2,13 38,0
1170,3,1 11 15 26 34 35,3 13 28 34 38 42 +25,1,34,0
1170,4,8 23 29 30 32 43,3 13 28 34 38 42 +25,0,,0
1170,5,2 3 21 25 26 28,3 13 28 34 38 42 +25,2,3 28,0
1170,6,7 13 15 16 33 44,3 13 28 34 38 42 +25,1,13,0
1170,7,1 9 20 23 25 33,3 13 28 34 38 42 +25,0,,0
1170,8,1 10 28 29 40 43,3 13 28 34 38 42 +25,1,28,0
1170,9,9 10 14 19 33 40,3 13 28 34 38 42 +25,0,,0
1170,10,1 3 7 16 33 35,3 13 28 34 38 42 +25,1,3,0
